fieldbeat_task_id,fieldbeat_task_date,client_key,client_rut,client_name,task_type,task_state,technician_names,equipment_internal_ids,linked_zendesk_ticket_id,zendesk_join_status,used_parts_count,matched_used_parts_count,placeholder_used_parts_count,unmatched_used_parts_count,ambiguous_used_parts_count,review_required_used_parts_count,dolibarr_refs,dolibarr_product_ids,used_part_numbers,used_part_names,part_match_statuses,part_match_methods,report_quality_status
943,2021-01-29T11:30:00.000Z,FIELD_BEAT_CLIENT|70377400-8|FUNDACION ARTURO LOPEZ PEREZ,70377400-8,FUNDACION ARTURO LOPEZ PEREZ,REQUERIMIENTO DEL CLIENTE,FINISHED,acorbea,APOTECA-CHEMO,,NO_TICKET_REPORTED,0,0,0,0,0,0,,,,,,,NO_USED_PARTS
944,2021-01-29T11:30:00.000Z,FIELD_BEAT_CLIENT|70377400-8|FUNDACION ARTURO LOPEZ PEREZ,70377400-8,FUNDACION ARTURO LOPEZ PEREZ,CORRECTIVA PROGRAMADA,FINISHED,acorbea,APOTECA-CHEMO,,NO_TICKET_REPORTED,0,0,0,0,0,0,,,,,,,NO_USED_PARTS
951,2021-01-25T11:30:00.000Z,FIELD_BEAT_CLIENT|76.746.730-3|CLÍNICA SANATORIO ALEMÁN (ONCORAD),76.746.730-3,CLÍNICA SANATORIO ALEMÁN (ONCORAD),CORRECTIVA NO PROGRAMADA,FINISHED,ebecker,,,NO_TICKET_REPORTED,1,1,0,0,0,1,107043,11724,"107043-11
107771-11","Computador TCS HP 5810 RP5
DVD instalación y Servicio Oncentra TCS",MATCHED,REF_LIKE,REVIEW_REQUIRED
952,2021-02-05T19:30:00.000Z,FIELD_BEAT_CLIENT|61.606.500-9|HOSPITAL CARLOS VAN BUREN (SSVSA),61.606.500-9,HOSPITAL CARLOS VAN BUREN (SSVSA),CORRECTIVA PROGRAMADA,FINISHED,jecheverria,,,NO_TICKET_REPORTED,1,0,1,0,0,1,,,SN,NA,PLACEHOLDER_VALUE,PLACEHOLDER_REJECTED,HAS_PLACEHOLDERS
953,2021-02-03T11:30:00.000Z,FIELD_BEAT_CLIENT|76.746.730-3|CLÍNICA SANATORIO ALEMÁN (ONCORAD),76.746.730-3,CLÍNICA SANATORIO ALEMÁN (ONCORAD),CORRECTIVA NO PROGRAMADA,FINISHED,ebecker,,,NO_TICKET_REPORTED,6,4,0,2,0,2,1007545|1010495|45133327662|4513332766303F,11569|11570|11571|11567,1007545|451333326854|1010495|45133327662|4513332766303F|155579,"MLC reflector spares kit|Mout, mirror (mylar)|Camera mirror assemb|Beam Splitter mirror|proyector mirror Assy|Lens Ricoh FL-Bc1218A",MATCHED|NO_MATCH,REF_EXACT|NONE,HAS_UNMATCHED_PARTS
954,2021-02-07T19:30:00.000Z,FIELD_BEAT_CLIENT|61.607.901-8|SERVICIO DE SALUD DE MAGALLANES,61.607.901-8,SERVICIO DE SALUD DE MAGALLANES,PREVENTIVA PROGRAMADA,FINISHED,raguila,,,NO_TICKET_REPORTED,1,0,0,1,0,1,,,"motores: 451333264430
tornillo: 8113024 2521_01",03 motores y 01 tornillo.,NO_MATCH,NONE,HAS_UNMATCHED_PARTS
955,2021-02-09T17:30:00.000Z,FIELD_BEAT_CLIENT|61.607.901-8|SERVICIO DE SALUD DE MAGALLANES,61.607.901-8,SERVICIO DE SALUD DE MAGALLANES,CORRECTIVA PROGRAMADA,FINISHED,raguila,,,NO_TICKET_REPORTED,1,0,0,1,0,1,,,1347987,pcb motor drive,NO_MATCH,NONE,HAS_UNMATCHED_PARTS
956,2021-02-10T11:30:00.000Z,FIELD_BEAT_CLIENT|76.746.730-3|CLÍNICA SANATORIO ALEMÁN (ONCORAD),76.746.730-3,CLÍNICA SANATORIO ALEMÁN (ONCORAD),CORRECTIVA NO PROGRAMADA,FINISHED,ebecker,,,NO_TICKET_REPORTED,1,0,0,1,0,1,,,No hay,No hay,NO_MATCH,NONE,HAS_UNMATCHED_PARTS
957,2021-02-10T11:00:00.000Z,FIELD_BEAT_CLIENT|81.698.900-0|UC CHRISTUS - CECA,81.698.900-0,UC CHRISTUS - CECA,CORRECTIVA NO PROGRAMADA,FINISHED,acorbea,Linac-153935,,NO_TICKET_REPORTED,1,1,0,0,0,1,1017632_usado,11872,1017632,"pcb assy, camera CCU",MATCHED,REF_LIKE,REVIEW_REQUIRED
958,2021-02-11T11:40:00.000Z,FIELD_BEAT_CLIENT|70377400-8|FUNDACION ARTURO LOPEZ PEREZ,70377400-8,FUNDACION ARTURO LOPEZ PEREZ,CORRECTIVA NO PROGRAMADA,FINISHED,rguapache,LINAC-153038,,NO_TICKET_REPORTED,0,0,0,0,0,0,,,,,,,NO_USED_PARTS
959,2021-02-12T06:00:00.000Z,FIELD_BEAT_CLIENT|70377400-8|FUNDACION ARTURO LOPEZ PEREZ,70377400-8,FUNDACION ARTURO LOPEZ PEREZ,INSTALACION - INTEGRACION,ARCHIVED,,,,NO_TICKET_REPORTED,0,0,0,0,0,0,,,,,,,NO_USED_PARTS
960,2021-02-12T18:00:00.000Z,FIELD_BEAT_CLIENT|70377400-8|FUNDACION ARTURO LOPEZ PEREZ,70377400-8,FUNDACION ARTURO LOPEZ PEREZ,CORRECTIVA PROGRAMADA,FINISHED,jecheverria,APOTECA-PS,,NO_TICKET_REPORTED,1,0,1,0,0,1,,,NA,NA,PLACEHOLDER_VALUE,PLACEHOLDER_REJECTED,HAS_PLACEHOLDERS
961,2021-02-13T11:30:00.000Z,FIELD_BEAT_CLIENT|81.698.900-0|UC CHRISTUS - CECA,81.698.900-0,UC CHRISTUS - CECA,PREVENTIVA PROGRAMADA,FINISHED,acorbea,Linac-153935,,NO_TICKET_REPORTED,0,0,0,0,0,0,,,,,,,NO_USED_PARTS
98,2018-11-12T20:00:00.000Z,FIELD_BEAT_CLIENT|61.606.500-9|HOSPITAL CARLOS VAN BUREN (SSVSA),61.606.500-9,HOSPITAL CARLOS VAN BUREN (SSVSA),PRUEBAS DE ACEPTACION,SCHEDULED,,,,NO_TICKET_REPORTED,0,0,0,0,0,0,,,,,,,NO_USED_PARTS
96,2018-11-08T10:00:00.000Z,FIELD_BEAT_CLIENT|81.698.900-0|UC CHRISTUS - CECA,81.698.900-0,UC CHRISTUS - CECA,CORRECTIVA PROGRAMADA,FINISHED,jecheverria,Linac-153935,,NO_TICKET_REPORTED,1,0,1,0,0,1,,,s/n,no hay,PLACEHOLDER_VALUE,PLACEHOLDER_REJECTED,HAS_PLACEHOLDERS
94,2018-11-06T11:00:40.513Z,FIELD_BEAT_CLIENT|76.746.730-3|CLÍNICA SANATORIO ALEMÁN (ONCORAD),76.746.730-3,CLÍNICA SANATORIO ALEMÁN (ONCORAD),CORRECTIVA PROGRAMADA,FINISHED,mreyes,Linac-201110,,NO_TICKET_REPORTED,1,0,0,1,0,1,,,1018268,FRU MOTOR BRUSH SET (ELECTROCRAFT).,NO_MATCH,NONE,HAS_UNMATCHED_PARTS
92,2018-11-05T12:30:56.143Z,FIELD_BEAT_CLIENT|70377400-8|FUNDACION ARTURO LOPEZ PEREZ,70377400-8,FUNDACION ARTURO LOPEZ PEREZ,CORRECTIVA NO PROGRAMADA,FINISHED,jecheverria,153038,,NO_TICKET_REPORTED,1,0,1,0,0,1,,,sin numero,no hay,PLACEHOLDER_VALUE,PLACEHOLDER_REJECTED,HAS_PLACEHOLDERS
90,2018-10-30T14:00:01.725Z,FIELD_BEAT_CLIENT|61.606.500-9|HOSPITAL CARLOS VAN BUREN (SSVSA),61.606.500-9,HOSPITAL CARLOS VAN BUREN (SSVSA),CORRECTIVA PROGRAMADA,FINISHED,mreyes,Linac-154325,,NO_TICKET_REPORTED,1,0,0,1,0,1,,,No hay.,Brocha y aspiradora.,NO_MATCH,NONE,HAS_UNMATCHED_PARTS
89,2018-10-29T19:43:38.843Z,FIELD_BEAT_CLIENT||ACME,,ACME,CORRECTIVA NO PROGRAMADA,SCHEDULED,,153038,,NO_TICKET_REPORTED,1,0,0,1,0,1,,,No hay,No hay,NO_MATCH,NONE,HAS_UNMATCHED_PARTS
87,2018-10-27T16:53:00.000Z,FIELD_BEAT_CLIENT||UC CHRISTUS - CECA,,UC CHRISTUS - CECA,CORRECTIVA PROGRAMADA,FINISHED,scarcamo,,,NO_TICKET_REPORTED,1,1,0,0,0,1,1016474_usado,11873,1016474,1 Freno DLG,MATCHED,REF_LIKE,REVIEW_REQUIRED
85,2018-10-25T13:00:46.822Z,FIELD_BEAT_CLIENT|76.105.383-3|TORRE MÉDICA - RANCAGUA,76.105.383-3,TORRE MÉDICA - RANCAGUA,CORRECTIVA PROGRAMADA,FINISHED,jecheverria,Linac-105277,,NO_TICKET_REPORTED,1,0,1,0,0,1,,,N/A,N/C,PLACEHOLDER_VALUE,PLACEHOLDER_REJECTED,HAS_PLACEHOLDERS
83,2018-10-24T11:43:00.000Z,FIELD_BEAT_CLIENT||FUNDACION ARTURO LOPEZ PEREZ,,FUNDACION ARTURO LOPEZ PEREZ,CORRECTIVA PROGRAMADA,FINISHED,scarcamo,Linac-153038,,NO_TICKET_REPORTED,0,0,0,0,0,0,,,,,,,NO_USED_PARTS
81,2018-10-23T14:30:20.166Z,FIELD_BEAT_CLIENT|81.698.900-0|UC CHRISTUS - CECA,81.698.900-0,UC CHRISTUS - CECA,CORRECTIVA NO PROGRAMADA,FINISHED,scarcamo,Linac-153935,,NO_TICKET_REPORTED,1,0,1,0,0,1,,,,DLG PCB  SN 1538489 / 1 Tornillo-Nuez-Motor Agility Banco Y2,PLACEHOLDER_VALUE,PLACEHOLDER_REJECTED,HAS_PLACEHOLDERS
8,2018-08-21T12:17:08.389Z,FIELD_BEAT_CLIENT|76089058-8|EYG MEDICAL SYSTEMS LTDA.,76089058-8,EYG MEDICAL SYSTEMS LTDA.,PREVENTIVA PROGRAMADA,FINISHED,mreyes,2286,,NO_TICKET_REPORTED,1,0,0,1,0,1,,,no hay,no hay,NO_MATCH,NONE,HAS_UNMATCHED_PARTS
78,2018-10-20T11:30:00.000Z,FIELD_BEAT_CLIENT||UC CHRISTUS - CECA,,UC CHRISTUS - CECA,CORRECTIVA PROGRAMADA,FINISHED,mreyes,,,NO_TICKET_REPORTED,1,1,0,0,0,0,45133308530,11007,45133308530,Magnetron MG6370E.  Serie 18088055,MATCHED,REF_EXACT,OK
76,2018-10-18T10:20:54.188Z,FIELD_BEAT_CLIENT|70377400-8|FUNDACION ARTURO LOPEZ PEREZ,70377400-8,FUNDACION ARTURO LOPEZ PEREZ,CORRECTIVA NO PROGRAMADA,FINISHED,jecheverria,153038,,NO_TICKET_REPORTED,1,0,1,0,0,1,,,,Fusible de retardo de 10 amp.,PLACEHOLDER_VALUE,PLACEHOLDER_REJECTED,HAS_PLACEHOLDERS
74,2018-10-10T14:00:00.000Z,FIELD_BEAT_CLIENT|61.606.500-9|HOSPITAL CARLOS VAN BUREN (SSVSA),61.606.500-9,HOSPITAL CARLOS VAN BUREN (SSVSA),CORRECTIVA PROGRAMADA,FINISHED,mreyes,Linac-154325,,NO_TICKET_REPORTED,1,0,1,0,0,1,,,Sin numero,Conector Rs,PLACEHOLDER_VALUE,PLACEHOLDER_REJECTED,HAS_PLACEHOLDERS
72,2018-10-12T20:00:00.000Z,FIELD_BEAT_CLIENT|96.770.100-9|CLINICA ALEMANA DE SANTIAGO,96.770.100-9,CLINICA ALEMANA DE SANTIAGO,CORRECTIVA PROGRAMADA,FINISHED,mreyes,Linac-151673,,NO_TICKET_REPORTED,1,0,0,1,0,1,,,No hay,No hay,NO_MATCH,NONE,HAS_UNMATCHED_PARTS
70,2018-10-26T12:00:00.000Z,FIELD_BEAT_CLIENT|96.606.750-0|CLÍNICA ALEMANA DE TEMUCO,96.606.750-0,CLÍNICA ALEMANA DE TEMUCO,PREVENTIVA PROGRAMADA,FINISHED,mreyes,Linac-201073,,NO_TICKET_REPORTED,1,1,0,0,0,0,923931518204,11448,9239 315 18204,"Ampolleta PHILLIPS 13,8V50W.  GX5.3.    N/P. 13289.",MATCHED,REF_NORMALIZED_EXACT,OK
69,2018-10-09T16:00:00.000Z,FIELD_BEAT_CLIENT|61.606.500-9|HOSPITAL CARLOS VAN BUREN (SSVSA),61.606.500-9,HOSPITAL CARLOS VAN BUREN (SSVSA),ASISTENCIA REMOTA,FINISHED,scarcamo,TPS-HCVB,,NO_TICKET_REPORTED,0,0,0,0,0,0,,,,,,,NO_USED_PARTS
67,2018-10-05T13:45:00.000Z,FIELD_BEAT_CLIENT|96.757.430-9|INRAD,96.757.430-9,INRAD,CORRECTIVA PROGRAMADA,FINISHED,mreyes,Linac-201172,,NO_TICKET_REPORTED,1,0,0,1,0,1,,,No hay.,No hay.,NO_MATCH,NONE,HAS_UNMATCHED_PARTS
65,2018-10-02T21:00:00.000Z,FIELD_BEAT_CLIENT|61.606.500-9|HOSPITAL CARLOS VAN BUREN (SSVSA),61.606.500-9,HOSPITAL CARLOS VAN BUREN (SSVSA),CORRECTIVA PROGRAMADA,SCHEDULED,,,,NO_TICKET_REPORTED,0,0,0,0,0,0,,,,,,,NO_USED_PARTS
63,2018-10-10T19:30:00.000Z,FIELD_BEAT_CLIENT|70377400-8|FUNDACION ARTURO LOPEZ PEREZ,70377400-8,FUNDACION ARTURO LOPEZ PEREZ,PREVENTIVA PROGRAMADA,FINISHED,mreyes,153038,,NO_TICKET_REPORTED,1,1,0,0,0,0,1026565,11028,1026565,Temp Controller NSerie 900658090004,MATCHED,REF_EXACT,OK
61,2018-09-28T14:45:00.000Z,FIELD_BEAT_CLIENT|96.770.100-9|CLINICA ALEMANA DE SANTIAGO,96.770.100-9,CLINICA ALEMANA DE SANTIAGO,ASISTENCIA REMOTA,FINISHED,rcammalleri,Linac-152171,,NO_TICKET_REPORTED,1,0,1,0,0,1,,,N/A,N/A,PLACEHOLDER_VALUE,PLACEHOLDER_REJECTED,HAS_PLACEHOLDERS
6,2018-08-21T11:47:57.173Z,FIELD_BEAT_CLIENT|76089058-8|EYG MEDICAL SYSTEMS LTDA.,76089058-8,EYG MEDICAL SYSTEMS LTDA.,CORRECTIVA NO PROGRAMADA,FINISHED,rcammalleri,2286,,NO_TICKET_REPORTED,1,0,0,1,0,1,,,None,None,NO_MATCH,NONE,HAS_UNMATCHED_PARTS
58,2018-09-25T10:30:43.481Z,FIELD_BEAT_CLIENT|70377400-8|FUNDACION ARTURO LOPEZ PEREZ,70377400-8,FUNDACION ARTURO LOPEZ PEREZ,CORRECTIVA PROGRAMADA,FINISHED,scarcamo,153038,,NO_TICKET_REPORTED,0,0,0,0,0,0,,,,,,,NO_USED_PARTS
56,2018-09-20T12:00:00.000Z,FIELD_BEAT_CLIENT|61.606.500-9|HOSPITAL CARLOS VAN BUREN (SSVSA),61.606.500-9,HOSPITAL CARLOS VAN BUREN (SSVSA),CORRECTIVA PROGRAMADA,SCHEDULED,,Linac-154325,,NO_TICKET_REPORTED,1,0,0,1,0,1,,,No hay,No hay,NO_MATCH,NONE,HAS_UNMATCHED_PARTS
54,2018-09-24T10:50:00.000Z,FIELD_BEAT_CLIENT|81.698.900-0|UC CHRISTUS - CECA,81.698.900-0,UC CHRISTUS - CECA,CORRECTIVA NO PROGRAMADA,FINISHED,rcammalleri,,,NO_TICKET_REPORTED,1,1,0,0,0,0,821321900352,11061,8213-219-00352,Fuse 10A - 250V,MATCHED,REF_NORMALIZED_EXACT,OK
52,2018-09-20T18:00:00.000Z,FIELD_BEAT_CLIENT|96.770.100-9|CLINICA ALEMANA DE SANTIAGO,96.770.100-9,CLINICA ALEMANA DE SANTIAGO,ASISTENCIA REMOTA,FINISHED,scarcamo,,,NO_TICKET_REPORTED,0,0,0,0,0,0,,,,,,,NO_USED_PARTS
50,2018-11-24T11:00:00.000Z,FIELD_BEAT_CLIENT|70377400-8|FUNDACION ARTURO LOPEZ PEREZ,70377400-8,FUNDACION ARTURO LOPEZ PEREZ,INSTALACION - INTEGRACION,FINISHED,rcammalleri,TPS-FALP,,NO_TICKET_REPORTED,2,2,0,0,0,1,653950|669324-B21,11296|11303,653950-001|669324-B21,Disco HP 146GB 15K 6G SFF DÍAS x1|Memoria HP 8GB PC3-12600 DDR3 ECC x64,MATCHED,REF_LIKE|REF_EXACT,REVIEW_REQUIRED
49,2018-12-18T11:00:00.000Z,FIELD_BEAT_CLIENT|70377400-8|FUNDACION ARTURO LOPEZ PEREZ,70377400-8,FUNDACION ARTURO LOPEZ PEREZ,PREVENTIVA PROGRAMADA,SCHEDULED,,LIAC-FALP,,NO_TICKET_REPORTED,0,0,0,0,0,0,,,,,,,NO_USED_PARTS
47,2018-09-28T19:00:00.000Z,FIELD_BEAT_CLIENT|96.770.100-9|CLINICA ALEMANA DE SANTIAGO,96.770.100-9,CLINICA ALEMANA DE SANTIAGO,CORRECTIVA PROGRAMADA,SCHEDULED,,Linac-151673,,NO_TICKET_REPORTED,0,0,0,0,0,0,,,,,,,NO_USED_PARTS
45,2018-11-16T19:00:00.000Z,FIELD_BEAT_CLIENT|61.607.901-8|SERVICIO DE SALUD DE MAGALLANES,61.607.901-8,SERVICIO DE SALUD DE MAGALLANES,CORRECTIVA PROGRAMADA,FINISHED,raguila,Linac-152280,,NO_TICKET_REPORTED,1,1,0,0,0,1,45133327662,11571,"4514 332 6854
4513 332 7662
4513 332 7662
4513 316 4412","Mirror Assembly
Beam Spitter Mirror Assy
Beam Spitter Mirror
Fine Pot 20K",MATCHED,REF_LIKE,REVIEW_REQUIRED
43,2018-09-20T22:30:00.000Z,FIELD_BEAT_CLIENT|70377400-8|FUNDACION ARTURO LOPEZ PEREZ,70377400-8,FUNDACION ARTURO LOPEZ PEREZ,CORRECTIVA PROGRAMADA,FINISHED,scarcamo,153038,,NO_TICKET_REPORTED,0,0,0,0,0,0,,,,,,,NO_USED_PARTS
41,2018-09-11T11:51:00.000Z,FIELD_BEAT_CLIENT|70377400-8|FUNDACION ARTURO LOPEZ PEREZ,70377400-8,FUNDACION ARTURO LOPEZ PEREZ,ASISTENCIA REMOTA,FINISHED,scarcamo,,,NO_TICKET_REPORTED,1,0,1,0,0,1,,,,Sesión Webex,PLACEHOLDER_VALUE,PLACEHOLDER_REJECTED,HAS_PLACEHOLDERS
4,2018-08-21T11:46:50.653Z,FIELD_BEAT_CLIENT|76089058-8|EYG MEDICAL SYSTEMS LTDA.,76089058-8,EYG MEDICAL SYSTEMS LTDA.,CORRECTIVA PROGRAMADA,FINISHED,mreyes,2286,,NO_TICKET_REPORTED,1,0,0,1,0,1,,,cafe 2335689,Escobas huaipe,NO_MATCH,NONE,HAS_UNMATCHED_PARTS
38,2018-09-04T19:00:00.000Z,FIELD_BEAT_CLIENT|61.606.500-9|HOSPITAL CARLOS VAN BUREN (SSVSA),61.606.500-9,HOSPITAL CARLOS VAN BUREN (SSVSA),CORRECTIVA NO PROGRAMADA,FINISHED,rcammalleri,TPS-HCVB,,NO_TICKET_REPORTED,1,0,1,0,0,1,,,N/A,N/A,PLACEHOLDER_VALUE,PLACEHOLDER_REJECTED,HAS_PLACEHOLDERS
36,2018-09-07T16:00:00.000Z,FIELD_BEAT_CLIENT|96.770.100-9|CLINICA ALEMANA DE SANTIAGO,96.770.100-9,CLINICA ALEMANA DE SANTIAGO,PREVENTIVA PROGRAMADA,FINISHED,mreyes,Linac-151673,,NO_TICKET_REPORTED,1,0,0,1,0,1,,,No hay.,Grasa. WD40. Paños de limpieza.,NO_MATCH,NONE,HAS_UNMATCHED_PARTS
34,2018-09-04T15:00:21.247Z,FIELD_BEAT_CLIENT|96.770.100-9|CLINICA ALEMANA DE SANTIAGO,96.770.100-9,CLINICA ALEMANA DE SANTIAGO,CORRECTIVA PROGRAMADA,FINISHED,rcammalleri,Linac-152171,,NO_TICKET_REPORTED,1,0,0,1,0,1,,,none,none,NO_MATCH,NONE,HAS_UNMATCHED_PARTS
32,2018-09-01T11:00:00.000Z,FIELD_BEAT_CLIENT|70377400-8|FUNDACION ARTURO LOPEZ PEREZ,70377400-8,FUNDACION ARTURO LOPEZ PEREZ,CORRECTIVA PROGRAMADA,FINISHED,rcammalleri,TPS-FALP|OIS-FALP,,NO_TICKET_REPORTED,2,0,0,2,0,2,,,647907-B21|C7975A,HP 4GB 2RX8 PC3L-10600E MEMORY MODULE (1X4GB)|HPE Ultrium LTO-5 3TB RW Data Tape,NO_MATCH,NONE,HAS_UNMATCHED_PARTS
30,2018-09-05T12:30:00.000Z,FIELD_BEAT_CLIENT|61.605.000-1|INSTITUTO DE SALUD PUBLICA (ISP),61.605.000-1,INSTITUTO DE SALUD PUBLICA (ISP),PREVENTIVA PROGRAMADA,FINISHED,jecheverria,PANASONIC-ISP,,NO_TICKET_REPORTED,1,0,0,1,0,1,,,no hay,insumos WD40 y Limpia contacto y elementos de limpieza de optica.,NO_MATCH,NONE,HAS_UNMATCHED_PARTS
99,2018-11-09T13:00:00.000Z,FIELD_BEAT_CLIENT|96.757.430-9|INRAD,96.757.430-9,INRAD,PREVENTIVA PROGRAMADA,FINISHED,mreyes,Linac-201172,,NO_TICKET_REPORTED,1,0,0,1,0,1,,,No hay.,"Grasa EP2, aceite liviano y paños limpieza.",NO_MATCH,NONE,HAS_UNMATCHED_PARTS
97,2018-11-09T21:30:23.034Z,FIELD_BEAT_CLIENT|70377400-8|FUNDACION ARTURO LOPEZ PEREZ,70377400-8,FUNDACION ARTURO LOPEZ PEREZ,CORRECTIVA PROGRAMADA,FINISHED,scarcamo,153038,,NO_TICKET_REPORTED,0,0,0,0,0,0,,,,,,,NO_USED_PARTS
95,2018-11-06T12:00:00.000Z,FIELD_BEAT_CLIENT|96.757.430-9|INRAD,96.757.430-9,INRAD,CORRECTIVA PROGRAMADA,FINISHED,jecheverria,Linac-201172,,NO_TICKET_REPORTED,1,1,0,0,0,0,45133318864,10981,4513 331 8864,Potenciometro Check,MATCHED,REF_NORMALIZED_EXACT,OK
93,2018-11-06T11:30:43.294Z,FIELD_BEAT_CLIENT|76.746.730-3|CLÍNICA SANATORIO ALEMÁN (ONCORAD),76.746.730-3,CLÍNICA SANATORIO ALEMÁN (ONCORAD),PREVENTIVA PROGRAMADA,FINISHED,mreyes,Linac-201110,,NO_TICKET_REPORTED,1,0,0,1,0,1,,,No hay.,"Limpiacontacto, paños de limpieza y grasa EP2.",NO_MATCH,NONE,HAS_UNMATCHED_PARTS
91,2018-10-30T22:15:48.869Z,FIELD_BEAT_CLIENT|70377400-8|FUNDACION ARTURO LOPEZ PEREZ,70377400-8,FUNDACION ARTURO LOPEZ PEREZ,CORRECTIVA PROGRAMADA,FINISHED,jecheverria,153038,,NO_TICKET_REPORTED,0,0,0,0,0,0,,,,,,,NO_USED_PARTS
9,2018-08-21T15:45:37.976Z,FIELD_BEAT_CLIENT|76089058-8|EYG MEDICAL SYSTEMS LTDA.,76089058-8,EYG MEDICAL SYSTEMS LTDA.,CORRECTIVA PROGRAMADA,FINISHED,mreyes,2286,,NO_TICKET_REPORTED,1,0,0,1,0,1,,,No hay,No hay,NO_MATCH,NONE,HAS_UNMATCHED_PARTS
88,2018-10-29T14:25:18.838Z,FIELD_BEAT_CLIENT|76.746.730-3|CLÍNICA SANATORIO ALEMÁN (ONCORAD),76.746.730-3,CLÍNICA SANATORIO ALEMÁN (ONCORAD),CORRECTIVA NO PROGRAMADA,FINISHED,mreyes,Linac-201110,,NO_TICKET_REPORTED,1,0,0,1,0,1,,,No hay.,No hay.,NO_MATCH,NONE,HAS_UNMATCHED_PARTS
86,2018-10-25T20:47:00.000Z,FIELD_BEAT_CLIENT||FUNDACION ARTURO LOPEZ PEREZ,,FUNDACION ARTURO LOPEZ PEREZ,ASISTENCIA REMOTA,FINISHED,scarcamo,,,NO_TICKET_REPORTED,0,0,0,0,0,0,,,,,,,NO_USED_PARTS
84,2018-10-24T20:15:53.923Z,FIELD_BEAT_CLIENT|96.770.100-9|CLINICA ALEMANA DE SANTIAGO,96.770.100-9,CLINICA ALEMANA DE SANTIAGO,CORRECTIVA PROGRAMADA,FINISHED,jecheverria,Linac-151673,,NO_TICKET_REPORTED,1,1,0,0,0,0,1505720,10393,1505720,PCB Detector Control Board (DCB),MATCHED,REF_EXACT,OK
82,2018-10-23T20:30:09.505Z,FIELD_BEAT_CLIENT|81.698.900-0|UC CHRISTUS - CECA,81.698.900-0,UC CHRISTUS - CECA,CORRECTIVA NO PROGRAMADA,FINISHED,scarcamo,Linac-153935,,NO_TICKET_REPORTED,1,0,1,0,0,1,,,,4 Nueces-Tornillos-Motor,PLACEHOLDER_VALUE,PLACEHOLDER_REJECTED,HAS_PLACEHOLDERS
80,2018-10-22T18:00:04.334Z,FIELD_BEAT_CLIENT|81.698.900-0|UC CHRISTUS - CECA,81.698.900-0,UC CHRISTUS - CECA,CORRECTIVA NO PROGRAMADA,FINISHED,mreyes,Linac-153935,,NO_TICKET_REPORTED,1,0,0,1,0,1,,,No hay.,No hay.,NO_MATCH,NONE,HAS_UNMATCHED_PARTS
79,2018-10-22T15:30:00.000Z,FIELD_BEAT_CLIENT||CLINICA ALEMANA DE SANTIAGO,,CLINICA ALEMANA DE SANTIAGO,CORRECTIVA NO PROGRAMADA,FINISHED,jecheverria,Linac-151673,,NO_TICKET_REPORTED,1,0,1,0,0,1,,,N/A,no hay,PLACEHOLDER_VALUE,PLACEHOLDER_REJECTED,HAS_PLACEHOLDERS
77,2018-10-18T15:00:50.247Z,FIELD_BEAT_CLIENT|96.770.100-9|CLINICA ALEMANA DE SANTIAGO,96.770.100-9,CLINICA ALEMANA DE SANTIAGO,CORRECTIVA PROGRAMADA,FINISHED,mreyes,Linac-151673,,NO_TICKET_REPORTED,1,0,0,1,0,1,,,No hay,No hay,NO_MATCH,NONE,HAS_UNMATCHED_PARTS
75,2018-10-17T10:30:00.000Z,FIELD_BEAT_CLIENT|70377400-8|FUNDACION ARTURO LOPEZ PEREZ,70377400-8,FUNDACION ARTURO LOPEZ PEREZ,CORRECTIVA NO PROGRAMADA,FINISHED,jecheverria,153038,,NO_TICKET_REPORTED,1,0,1,0,0,1,,,no aplica,no aplica,PLACEHOLDER_VALUE,PLACEHOLDER_REJECTED,HAS_PLACEHOLDERS
73,2018-10-13T14:00:00.000Z,FIELD_BEAT_CLIENT|70377400-8|FUNDACION ARTURO LOPEZ PEREZ,70377400-8,FUNDACION ARTURO LOPEZ PEREZ,PREVENTIVA PROGRAMADA,FINISHED,rcammalleri,OIS-FALP,,NO_TICKET_REPORTED,1,0,1,0,0,1,,,N/A,N/A,PLACEHOLDER_VALUE,PLACEHOLDER_REJECTED,HAS_PLACEHOLDERS
71,2018-11-24T11:00:00.000Z,FIELD_BEAT_CLIENT|81.698.900-0|UC CHRISTUS - CECA,81.698.900-0,UC CHRISTUS - CECA,PREVENTIVA PROGRAMADA,SCHEDULED,,Linac-153935,,NO_TICKET_REPORTED,0,0,0,0,0,0,,,,,,,NO_USED_PARTS
7,2018-08-21T11:48:30.998Z,FIELD_BEAT_CLIENT|76089058-8|EYG MEDICAL SYSTEMS LTDA.,76089058-8,EYG MEDICAL SYSTEMS LTDA.,CORRECTIVA NO PROGRAMADA,FINISHED,scarcamo,2286,,NO_TICKET_REPORTED,1,0,0,1,0,1,,,100000001,barros luco,NO_MATCH,NONE,HAS_UNMATCHED_PARTS
68,2018-10-09T11:00:10.316Z,FIELD_BEAT_CLIENT|61.606.500-9|HOSPITAL CARLOS VAN BUREN (SSVSA),61.606.500-9,HOSPITAL CARLOS VAN BUREN (SSVSA),CORRECTIVA NO PROGRAMADA,FINISHED,jecheverria,Linac-154325,,NO_TICKET_REPORTED,1,0,0,1,0,1,,,T21321900352,fusible de retardo 10 amp.,NO_MATCH,NONE,HAS_UNMATCHED_PARTS
66,2018-10-03T21:30:00.000Z,FIELD_BEAT_CLIENT|70377400-8|FUNDACION ARTURO LOPEZ PEREZ,70377400-8,FUNDACION ARTURO LOPEZ PEREZ,PREVENTIVA PROGRAMADA,FINISHED,scarcamo,Linac-153038,,NO_TICKET_REPORTED,1,0,0,1,0,1,,,1526647,DLG PCB,NO_MATCH,NONE,HAS_UNMATCHED_PARTS
64,2018-10-02T12:00:00.000Z,FIELD_BEAT_CLIENT|61.606.500-9|HOSPITAL CARLOS VAN BUREN (SSVSA),61.606.500-9,HOSPITAL CARLOS VAN BUREN (SSVSA),CORRECTIVA PROGRAMADA,FINISHED,mreyes,Linac-154325,,NO_TICKET_REPORTED,1,0,0,1,0,1,,,No hay.,No hay.,NO_MATCH,NONE,HAS_UNMATCHED_PARTS
62,2018-10-03T22:00:00.000Z,FIELD_BEAT_CLIENT|70377400-8|FUNDACION ARTURO LOPEZ PEREZ,70377400-8,FUNDACION ARTURO LOPEZ PEREZ,PREVENTIVA PROGRAMADA,SCHEDULED,,,,NO_TICKET_REPORTED,0,0,0,0,0,0,,,,,,,NO_USED_PARTS
60,2018-09-28T11:40:00.000Z,FIELD_BEAT_CLIENT|70377400-8|FUNDACION ARTURO LOPEZ PEREZ,70377400-8,FUNDACION ARTURO LOPEZ PEREZ,ASISTENCIA REMOTA,FINISHED,rcammalleri,OIS-FALP,,NO_TICKET_REPORTED,1,0,1,0,0,1,,,N/A,N/A,PLACEHOLDER_VALUE,PLACEHOLDER_REJECTED,HAS_PLACEHOLDERS
59,2018-09-26T10:00:00.000Z,FIELD_BEAT_CLIENT|70377400-8|FUNDACION ARTURO LOPEZ PEREZ,70377400-8,FUNDACION ARTURO LOPEZ PEREZ,CORRECTIVA PROGRAMADA,FINISHED,scarcamo,Linac-153038,,NO_TICKET_REPORTED,0,0,0,0,0,0,,,,,,,NO_USED_PARTS
57,2018-09-20T12:00:00.000Z,FIELD_BEAT_CLIENT|61.606.500-9|HOSPITAL CARLOS VAN BUREN (SSVSA),61.606.500-9,HOSPITAL CARLOS VAN BUREN (SSVSA),CORRECTIVA PROGRAMADA,FINISHED,mreyes,Linac-154325,,NO_TICKET_REPORTED,1,0,0,1,0,1,,,No hay.,No hay.,NO_MATCH,NONE,HAS_UNMATCHED_PARTS
55,2018-09-24T10:00:00.000Z,FIELD_BEAT_CLIENT|70377400-8|FUNDACION ARTURO LOPEZ PEREZ,70377400-8,FUNDACION ARTURO LOPEZ PEREZ,CORRECTIVA PROGRAMADA,FINISHED,scarcamo,Linac-153038,,NO_TICKET_REPORTED,0,0,0,0,0,0,,,,,,,NO_USED_PARTS
53,2018-09-21T15:00:00.000Z,FIELD_BEAT_CLIENT|96.770.100-9|CLINICA ALEMANA DE SANTIAGO,96.770.100-9,CLINICA ALEMANA DE SANTIAGO,CORRECTIVA PROGRAMADA,FINISHED,scarcamo,Linac-151673,,NO_TICKET_REPORTED,0,0,0,0,0,0,,,,,,,NO_USED_PARTS
51,2018-10-06T11:00:00.000Z,FIELD_BEAT_CLIENT|61.606.500-9|HOSPITAL CARLOS VAN BUREN (SSVSA),61.606.500-9,HOSPITAL CARLOS VAN BUREN (SSVSA),PRUEBAS DE ACEPTACION,FINISHED,scarcamo,Linac-154325,,NO_TICKET_REPORTED,0,0,0,0,0,0,,,,,,,NO_USED_PARTS
5,2018-08-21T11:47:27.236Z,FIELD_BEAT_CLIENT|76089058-8|EYG MEDICAL SYSTEMS LTDA.,76089058-8,EYG MEDICAL SYSTEMS LTDA.,CORRECTIVA PROGRAMADA,SCHEDULED,,2286,,NO_TICKET_REPORTED,0,0,0,0,0,0,,,,,,,NO_USED_PARTS
48,2018-10-19T21:00:00.000Z,FIELD_BEAT_CLIENT|81.698.900-0|UC CHRISTUS - CECA,81.698.900-0,UC CHRISTUS - CECA,PREVENTIVA PROGRAMADA,FINISHED,jecheverria,Linac-153935,,NO_TICKET_REPORTED,1,0,1,0,0,1,,,SN,N/C,PLACEHOLDER_VALUE,PLACEHOLDER_REJECTED,HAS_PLACEHOLDERS
46,2018-09-28T19:00:00.000Z,FIELD_BEAT_CLIENT|96.770.100-9|CLINICA ALEMANA DE SANTIAGO,96.770.100-9,CLINICA ALEMANA DE SANTIAGO,CORRECTIVA PROGRAMADA,FINISHED,mreyes,Linac-152171,,NO_TICKET_REPORTED,1,1,0,0,0,0,1023530,10389,1023530,Arm control board.,MATCHED,REF_EXACT,OK
44,2018-09-20T22:30:00.000Z,FIELD_BEAT_CLIENT|70377400-8|FUNDACION ARTURO LOPEZ PEREZ,70377400-8,FUNDACION ARTURO LOPEZ PEREZ,CORRECTIVA PROGRAMADA,SCHEDULED,,153038,,NO_TICKET_REPORTED,0,0,0,0,0,0,,,,,,,NO_USED_PARTS
42,2018-09-13T13:00:39.648Z,FIELD_BEAT_CLIENT|61.606.500-9|HOSPITAL CARLOS VAN BUREN (SSVSA),61.606.500-9,HOSPITAL CARLOS VAN BUREN (SSVSA),INSTALACION - INTEGRACION,FINISHED,rcammalleri,OIS-HCVB,,NO_TICKET_REPORTED,1,0,1,0,0,1,,,N/A,N/A,PLACEHOLDER_VALUE,PLACEHOLDER_REJECTED,HAS_PLACEHOLDERS
40,2018-09-06T12:30:00.000Z,FIELD_BEAT_CLIENT|70377400-8|FUNDACION ARTURO LOPEZ PEREZ,70377400-8,FUNDACION ARTURO LOPEZ PEREZ,ASISTENCIA REMOTA,FINISHED,rcammalleri,,,NO_TICKET_REPORTED,1,0,1,0,0,1,,,N/A,N/A,PLACEHOLDER_VALUE,PLACEHOLDER_REJECTED,HAS_PLACEHOLDERS
39,2018-09-05T21:52:00.000Z,FIELD_BEAT_CLIENT|70377400-8|FUNDACION ARTURO LOPEZ PEREZ,70377400-8,FUNDACION ARTURO LOPEZ PEREZ,CORRECTIVA NO PROGRAMADA,FINISHED,jecheverria,,,NO_TICKET_REPORTED,1,1,0,0,0,1,1006737_usado,12071,1006737,PCB SIB,MATCHED,REF_LIKE,REVIEW_REQUIRED
37,2018-09-05T15:30:00.000Z,FIELD_BEAT_CLIENT|96.770.100-9|CLINICA ALEMANA DE SANTIAGO,96.770.100-9,CLINICA ALEMANA DE SANTIAGO,CORRECTIVA NO PROGRAMADA,SCHEDULED,,Linac-151673,,NO_TICKET_REPORTED,0,0,0,0,0,0,,,,,,,NO_USED_PARTS
35,2018-09-04T17:50:26.966Z,FIELD_BEAT_CLIENT|96.757.430-9|INRAD,96.757.430-9,INRAD,CORRECTIVA NO PROGRAMADA,FINISHED,mreyes,Linac-201172,,NO_TICKET_REPORTED,1,0,0,1,0,1,,,No hay.,No Hay.,NO_MATCH,NONE,HAS_UNMATCHED_PARTS
33,2018-09-02T17:00:00.000Z,FIELD_BEAT_CLIENT|61.606.500-9|HOSPITAL CARLOS VAN BUREN (SSVSA),61.606.500-9,HOSPITAL CARLOS VAN BUREN (SSVSA),CORRECTIVA PROGRAMADA,FINISHED,mreyes,Linac-154325,,NO_TICKET_REPORTED,1,1,0,0,0,0,821321900352,11061,821321900352,"Fuse 10A 32 Vac, time delay, glass cartridge 32mm x 6,3 mm (FS32E).",MATCHED,REF_EXACT,OK
31,2018-08-31T22:00:02.052Z,FIELD_BEAT_CLIENT|70377400-8|FUNDACION ARTURO LOPEZ PEREZ,70377400-8,FUNDACION ARTURO LOPEZ PEREZ,CORRECTIVA PROGRAMADA,SCHEDULED,,TPS-FALP,,NO_TICKET_REPORTED,0,0,0,0,0,0,,,,,,,NO_USED_PARTS
3,2018-08-21T11:45:45.534Z,FIELD_BEAT_CLIENT|76089058-8|EYG MEDICAL SYSTEMS LTDA.,76089058-8,EYG MEDICAL SYSTEMS LTDA.,CORRECTIVA NO PROGRAMADA,SCHEDULED,,2286,,NO_TICKET_REPORTED,0,0,0,0,0,0,,,,,,,NO_USED_PARTS
29,2018-08-30T11:30:08.752Z,FIELD_BEAT_CLIENT|61.606.500-9|HOSPITAL CARLOS VAN BUREN (SSVSA),61.606.500-9,HOSPITAL CARLOS VAN BUREN (SSVSA),PREVENTIVA PROGRAMADA,FINISHED,mreyes,OIS-HCVB|TPS-HCVB,,NO_TICKET_REPORTED,1,0,0,1,0,1,,,No hay,"Amarras plásticas.
Enchufes machos.
Huincha aisladora.",NO_MATCH,NONE,HAS_UNMATCHED_PARTS
27,2018-08-31T19:30:00.000Z,FIELD_BEAT_CLIENT|96.770.100-9|CLINICA ALEMANA DE SANTIAGO,96.770.100-9,CLINICA ALEMANA DE SANTIAGO,CORRECTIVA PROGRAMADA,SCHEDULED,,Linac-151673,,NO_TICKET_REPORTED,0,0,0,0,0,0,,,,,,,NO_USED_PARTS
25,2018-08-25T12:30:00.000Z,FIELD_BEAT_CLIENT|70377400-8|FUNDACION ARTURO LOPEZ PEREZ,70377400-8,FUNDACION ARTURO LOPEZ PEREZ,CORRECTIVA PROGRAMADA,FINISHED,rcammalleri,TPS-FALP|OIS-FALP,,NO_TICKET_REPORTED,0,0,0,0,0,0,,,,,,,NO_USED_PARTS
23,2018-08-23T21:00:00.000Z,FIELD_BEAT_CLIENT||Test,,Test,ASISTENCIA REMOTA,FINISHED,rcammalleri,,,NO_TICKET_REPORTED,1,0,0,1,0,1,,,None,None,NO_MATCH,NONE,HAS_UNMATCHED_PARTS
222,2019-03-07T20:00:10.652Z,FIELD_BEAT_CLIENT|76.746.730-3|CLÍNICA SANATORIO ALEMÁN (ONCORAD),76.746.730-3,CLÍNICA SANATORIO ALEMÁN (ONCORAD),CORRECTIVA NO PROGRAMADA,FINISHED,mreyes,Linac-201110,,NO_TICKET_REPORTED,1,0,0,1,0,1,,,"Relay sin numero.

Magnetron MG5193","Relay de 24 Vdc.

Magnetron e2V Teledyne  Número serie 18351056C",NO_MATCH,NONE,HAS_UNMATCHED_PARTS
220,2019-03-06T17:30:23.079Z,FIELD_BEAT_CLIENT|79.560.900-8|RADIO NUCLEAR,79.560.900-8,RADIO NUCLEAR,CORRECTIVA NO PROGRAMADA,FINISHED,jecheverria,Linac-151238,,NO_TICKET_REPORTED,1,0,1,0,0,1,,,---,N/C,PLACEHOLDER_VALUE,PLACEHOLDER_REJECTED,HAS_PLACEHOLDERS
219,2019-03-04T12:00:00.000Z,FIELD_BEAT_CLIENT|76.746.730-3|CLÍNICA SANATORIO ALEMÁN (ONCORAD),76.746.730-3,CLÍNICA SANATORIO ALEMÁN (ONCORAD),PREVENTIVA PROGRAMADA,FINISHED,glopez,HDR_10806,,NO_TICKET_REPORTED,0,0,0,0,0,0,,,,,,,NO_USED_PARTS
217,2019-03-05T18:45:00.000Z,FIELD_BEAT_CLIENT||SERVICIO DE SALUD DE MAGALLANES,,SERVICIO DE SALUD DE MAGALLANES,CORRECTIVA PROGRAMADA,FINISHED,raguila,Linac-152280,,NO_TICKET_REPORTED,1,0,1,0,0,1,,,,Ampolleta Halogen 12V / 75w,PLACEHOLDER_VALUE,PLACEHOLDER_REJECTED,HAS_PLACEHOLDERS
215,2019-03-04T10:30:07.680Z,FIELD_BEAT_CLIENT|61.606.500-9|HOSPITAL CARLOS VAN BUREN (SSVSA),61.606.500-9,HOSPITAL CARLOS VAN BUREN (SSVSA),CORRECTIVA NO PROGRAMADA,FINISHED,mreyes,Linac-154325,,NO_TICKET_REPORTED,1,0,0,1,0,1,,,No hay.,No hay,NO_MATCH,NONE,HAS_UNMATCHED_PARTS
213,2019-03-02T10:50:31.788Z,FIELD_BEAT_CLIENT|70377400-8|FUNDACION ARTURO LOPEZ PEREZ,70377400-8,FUNDACION ARTURO LOPEZ PEREZ,CORRECTIVA PROGRAMADA,FINISHED,glopez,Linac-153038,,NO_TICKET_REPORTED,1,0,1,0,0,1,,,no aplica,no hay,PLACEHOLDER_VALUE,PLACEHOLDER_REJECTED,HAS_PLACEHOLDERS
211,2019-02-25T19:50:00.000Z,FIELD_BEAT_CLIENT|76.746.730-3|CLÍNICA SANATORIO ALEMÁN (ONCORAD),76.746.730-3,CLÍNICA SANATORIO ALEMÁN (ONCORAD),CORRECTIVA NO PROGRAMADA,FINISHED,mreyes,Linac-201110,,NO_TICKET_REPORTED,1,1,0,0,0,0,923931518204,11448,9239 315 18204,Projector halogen bulb,MATCHED,REF_NORMALIZED_EXACT,OK
21,2018-08-23T20:26:48.361Z,FIELD_BEAT_CLIENT|76089058-8|EYG MEDICAL SYSTEMS LTDA.,76089058-8,EYG MEDICAL SYSTEMS LTDA.,ASISTENCIA REMOTA,FINISHED,mreyes,2286,,NO_TICKET_REPORTED,1,0,0,1,0,1,,,no hsy,no hsy,NO_MATCH,NONE,HAS_UNMATCHED_PARTS
207,2019-02-22T12:00:33.155Z,FIELD_BEAT_CLIENT|70377400-8|FUNDACION ARTURO LOPEZ PEREZ,70377400-8,FUNDACION ARTURO LOPEZ PEREZ,PREVENTIVA PROGRAMADA,FINISHED,scarcamo,TPS-FALP,,NO_TICKET_REPORTED,0,0,0,0,0,0,,,,,,,NO_USED_PARTS
205,2019-02-22T16:00:00.000Z,FIELD_BEAT_CLIENT|96.770.100-9|CLINICA ALEMANA DE SANTIAGO,96.770.100-9,CLINICA ALEMANA DE SANTIAGO,PREVENTIVA PROGRAMADA,FINISHED,mreyes,Linac-152171,,NO_TICKET_REPORTED,1,1,0,0,0,0,45133165177,10716,45133165177,"Thyratron e2v. CX1154L  Teledyne

S/N 39855",MATCHED,REF_EXACT,OK
203,2019-02-18T12:00:00.000Z,FIELD_BEAT_CLIENT|96.770.100-9|CLINICA ALEMANA DE SANTIAGO,96.770.100-9,CLINICA ALEMANA DE SANTIAGO,CORRECTIVA NO PROGRAMADA,FINISHED,mreyes,Linac-152171,,NO_TICKET_REPORTED,1,0,0,1,0,1,,,No hay.,No Hay.,NO_MATCH,NONE,HAS_UNMATCHED_PARTS
201,2019-02-14T13:00:00.000Z,FIELD_BEAT_CLIENT|79.560.900-8|RADIO NUCLEAR,79.560.900-8,RADIO NUCLEAR,CORRECTIVA NO PROGRAMADA,FINISHED,scarcamo,Linac-151238,,NO_TICKET_REPORTED,0,0,0,0,0,0,,,,,,,NO_USED_PARTS
20,2018-08-23T20:13:19.975Z,FIELD_BEAT_CLIENT|76089058-8|EYG MEDICAL SYSTEMS LTDA.,76089058-8,EYG MEDICAL SYSTEMS LTDA.,PREVENTIVA PROGRAMADA,FINISHED,mreyes,2286,,NO_TICKET_REPORTED,0,0,0,0,0,0,,,,,,,NO_USED_PARTS
199,2019-02-11T13:30:00.000Z,FIELD_BEAT_CLIENT|76.105.383-3|TORRE MÉDICA - RANCAGUA,76.105.383-3,TORRE MÉDICA - RANCAGUA,CORRECTIVA PROGRAMADA,FINISHED,mreyes,Linac-105277,,NO_TICKET_REPORTED,1,1,0,0,0,0,1018874,11757,1018874,Diode SI 1N416CM-D023,MATCHED,REF_EXACT,OK
197,2019-02-08T20:00:38.497Z,FIELD_BEAT_CLIENT|81.698.900-0|UC CHRISTUS - CECA,81.698.900-0,UC CHRISTUS - CECA,PREVENTIVA PROGRAMADA,FINISHED,jecheverria,Linac-153935,,NO_TICKET_REPORTED,1,0,0,0,1,1,,,45133502668 / 1024939 01,resorte y ventilador,AMBIGUOUS_MATCH,REF_LIKE,HAS_AMBIGUOUS_PARTS
195,2019-02-07T19:30:00.000Z,FIELD_BEAT_CLIENT|96.770.100-9|CLINICA ALEMANA DE SANTIAGO,96.770.100-9,CLINICA ALEMANA DE SANTIAGO,CORRECTIVA PROGRAMADA,FINISHED,jecheverria,Linac-152171,,NO_TICKET_REPORTED,1,0,1,0,0,1,,,,aceite multisuso,PLACEHOLDER_VALUE,PLACEHOLDER_REJECTED,HAS_PLACEHOLDERS
193,2019-02-02T12:00:00.000Z,FIELD_BEAT_CLIENT||HOSPITAL CARLOS VAN BUREN (SSVSA),,HOSPITAL CARLOS VAN BUREN (SSVSA),CORRECTIVA PROGRAMADA,FINISHED,scarcamo,Linac-154325,,NO_TICKET_REPORTED,0,0,0,0,0,0,,,,,,,NO_USED_PARTS
191,2019-01-29T18:35:28.324Z,FIELD_BEAT_CLIENT||ACME,,ACME,CORRECTIVA PROGRAMADA,FINISHED,glopez,153038,,NO_TICKET_REPORTED,0,0,0,0,0,0,,,,,,,NO_USED_PARTS
19,2018-08-23T18:25:41.972Z,FIELD_BEAT_CLIENT|76089058-8|EYG MEDICAL SYSTEMS LTDA.,76089058-8,EYG MEDICAL SYSTEMS LTDA.,PREVENTIVA PROGRAMADA,SCHEDULED,,2286,,NO_TICKET_REPORTED,0,0,0,0,0,0,,,,,,,NO_USED_PARTS
188,2019-01-28T17:56:00.000Z,FIELD_BEAT_CLIENT||ACME,,ACME,PREVENTIVA PROGRAMADA,FINISHED,scarcamo,153038,,NO_TICKET_REPORTED,0,0,0,0,0,0,,,,,,,NO_USED_PARTS
186,2019-01-28T15:26:00.000Z,FIELD_BEAT_CLIENT||ACME,,ACME,CORRECTIVA PROGRAMADA,SCHEDULED,,153038,,NO_TICKET_REPORTED,0,0,0,0,0,0,,,,,,,NO_USED_PARTS
184,2019-01-25T17:00:00.000Z,FIELD_BEAT_CLIENT||SERVICIO DE SALUD DE MAGALLANES,,SERVICIO DE SALUD DE MAGALLANES,CORRECTIVA PROGRAMADA,FINISHED,jecheverria,Linac-152280,,NO_TICKET_REPORTED,1,0,0,1,0,1,,,4515 330 48000,GUN ASSY,NO_MATCH,NONE,HAS_UNMATCHED_PARTS
182,2019-01-24T16:00:01.044Z,FIELD_BEAT_CLIENT|96.770.100-9|CLINICA ALEMANA DE SANTIAGO,96.770.100-9,CLINICA ALEMANA DE SANTIAGO,CORRECTIVA PROGRAMADA,FINISHED,mreyes,Linac-152171,,NO_TICKET_REPORTED,1,0,0,1,0,1,,,4513 331 17858,FRU ISO ROTATION,NO_MATCH,NONE,HAS_UNMATCHED_PARTS
180,2019-01-18T18:15:00.000Z,FIELD_BEAT_CLIENT|61.606.500-9|HOSPITAL CARLOS VAN BUREN (SSVSA),61.606.500-9,HOSPITAL CARLOS VAN BUREN (SSVSA),CORRECTIVA PROGRAMADA,FINISHED,mreyes,Linac-154325,,NO_TICKET_REPORTED,1,1,0,0,0,0,1017392,11552,1017392,Kit arm actuator,MATCHED,REF_EXACT,OK
179,2019-01-18T16:00:00.000Z,FIELD_BEAT_CLIENT||CLINICA ALEMANA DE SANTIAGO,,CLINICA ALEMANA DE SANTIAGO,CORRECTIVA PROGRAMADA,FINISHED,scarcamo,Linac-151673,,NO_TICKET_REPORTED,1,1,0,0,0,0,1023530,10389,1023530,Arm Control Board - IviewGT,MATCHED,REF_EXACT,OK
177,2019-01-16T18:00:00.000Z,FIELD_BEAT_CLIENT||SERVICIO DE SALUD DE MAGALLANES,,SERVICIO DE SALUD DE MAGALLANES,CORRECTIVA PROGRAMADA,FINISHED,raguila,SIM-HCM,,NO_TICKET_REPORTED,1,0,0,1,0,1,,,S/N 91951712,Thales TH 7195 B,NO_MATCH,NONE,HAS_UNMATCHED_PARTS
175,2019-01-14T20:00:00.000Z,FIELD_BEAT_CLIENT|61.606.500-9|HOSPITAL CARLOS VAN BUREN (SSVSA),61.606.500-9,HOSPITAL CARLOS VAN BUREN (SSVSA),CORRECTIVA NO PROGRAMADA,FINISHED,mreyes,Linac-154325,,NO_TICKET_REPORTED,1,0,0,1,0,1,,,No hay.,No hay.,NO_MATCH,NONE,HAS_UNMATCHED_PARTS
173,2019-01-14T21:28:00.000Z,FIELD_BEAT_CLIENT||RADIO NUCLEAR,,RADIO NUCLEAR,ASISTENCIA REMOTA,SCHEDULED,,Linac-151238,,NO_TICKET_REPORTED,0,0,0,0,0,0,,,,,,,NO_USED_PARTS
171,2019-01-13T18:00:35.895Z,FIELD_BEAT_CLIENT|61.606.500-9|HOSPITAL CARLOS VAN BUREN (SSVSA),61.606.500-9,HOSPITAL CARLOS VAN BUREN (SSVSA),CORRECTIVA NO PROGRAMADA,FINISHED,mreyes,Linac-154325,,NO_TICKET_REPORTED,1,1,0,0,0,0,821321900352,11061,8213 219 00352,Fusible FS 32 V. 10 AMP.,MATCHED,REF_NORMALIZED_EXACT,OK
17,2018-08-24T11:30:00.000Z,FIELD_BEAT_CLIENT|70377400-8|FUNDACION ARTURO LOPEZ PEREZ,70377400-8,FUNDACION ARTURO LOPEZ PEREZ,CORRECTIVA PROGRAMADA,FINISHED,mreyes,153038,,NO_TICKET_REPORTED,3,2,0,1,0,2,45133304100|1515098,11839|10374,1000095641/7|451333041000Y|1515098.,Service Slitless Flight|Drift Tube|Ionic Pum,NO_MATCH|MATCHED,NONE|REF_LIKE|REF_NORMALIZED_EXACT,HAS_UNMATCHED_PARTS
168,2019-01-09T11:40:00.000Z,FIELD_BEAT_CLIENT|61.606.500-9|HOSPITAL CARLOS VAN BUREN (SSVSA),61.606.500-9,HOSPITAL CARLOS VAN BUREN (SSVSA),CORRECTIVA NO PROGRAMADA,FINISHED,rcammalleri,OIS-HCVB,,NO_TICKET_REPORTED,1,0,1,0,0,1,,,N/A,N/A,PLACEHOLDER_VALUE,PLACEHOLDER_REJECTED,HAS_PLACEHOLDERS
166,2019-01-08T20:00:10.883Z,FIELD_BEAT_CLIENT|79.560.900-8|RADIO NUCLEAR,79.560.900-8,RADIO NUCLEAR,CORRECTIVA NO PROGRAMADA,FINISHED,jecheverria,Linac-151238,,NO_TICKET_REPORTED,1,0,1,0,0,1,,,sn,NC,PLACEHOLDER_VALUE,PLACEHOLDER_REJECTED,HAS_PLACEHOLDERS
164,2019-01-10T15:00:00.000Z,FIELD_BEAT_CLIENT|96.606.750-0|CLÍNICA ALEMANA DE TEMUCO,96.606.750-0,CLÍNICA ALEMANA DE TEMUCO,CORRECTIVA PROGRAMADA,SCHEDULED,,Linac-201073,,NO_TICKET_REPORTED,1,0,1,0,0,1,,,,Gun Filament PSU,PLACEHOLDER_VALUE,PLACEHOLDER_REJECTED,HAS_PLACEHOLDERS
162,2019-01-08T09:50:52.608Z,FIELD_BEAT_CLIENT|70377400-8|FUNDACION ARTURO LOPEZ PEREZ,70377400-8,FUNDACION ARTURO LOPEZ PEREZ,CORRECTIVA PROGRAMADA,FINISHED,jecheverria,153038,,NO_TICKET_REPORTED,1,0,1,0,0,1,,,SN,NC,PLACEHOLDER_VALUE,PLACEHOLDER_REJECTED,HAS_PLACEHOLDERS
160,2019-01-04T20:00:00.000Z,FIELD_BEAT_CLIENT||UC CHRISTUS - CECA,,UC CHRISTUS - CECA,ASISTENCIA REMOTA,FINISHED,scarcamo,Linac-153935,,NO_TICKET_REPORTED,0,0,0,0,0,0,,,,,,,NO_USED_PARTS
159,2019-01-04T20:45:00.000Z,FIELD_BEAT_CLIENT||HOSPITAL CARLOS VAN BUREN (SSVSA),,HOSPITAL CARLOS VAN BUREN (SSVSA),ASISTENCIA REMOTA,FINISHED,scarcamo,Linac-154325,,NO_TICKET_REPORTED,0,0,0,0,0,0,,,,,,,NO_USED_PARTS
157,2018-12-27T12:30:00.000Z,FIELD_BEAT_CLIENT||HOSPITAL CARLOS VAN BUREN (SSVSA),,HOSPITAL CARLOS VAN BUREN (SSVSA),CORRECTIVA PROGRAMADA,FINISHED,rcammalleri,OIS-HCVB,,NO_TICKET_REPORTED,1,0,1,0,0,1,,,N/A,N/A,PLACEHOLDER_VALUE,PLACEHOLDER_REJECTED,HAS_PLACEHOLDERS
155,2019-01-03T12:36:00.000Z,FIELD_BEAT_CLIENT||TORRE MÉDICA - RANCAGUA,,TORRE MÉDICA - RANCAGUA,CORRECTIVA NO PROGRAMADA,FINISHED,mreyes,,,NO_TICKET_REPORTED,1,0,0,1,0,1,,,No hay,No hay,NO_MATCH,NONE,HAS_UNMATCHED_PARTS
153,2018-12-28T13:00:00.000Z,FIELD_BEAT_CLIENT||FUNDACION ARTURO LOPEZ PEREZ,,FUNDACION ARTURO LOPEZ PEREZ,ASISTENCIA REMOTA,FINISHED,scarcamo,,,NO_TICKET_REPORTED,0,0,0,0,0,0,,,,,,,NO_USED_PARTS
151,2018-12-26T11:30:00.000Z,FIELD_BEAT_CLIENT||FUNDACION ARTURO LOPEZ PEREZ,,FUNDACION ARTURO LOPEZ PEREZ,CORRECTIVA NO PROGRAMADA,FINISHED,scarcamo,Linac-153038,,NO_TICKET_REPORTED,0,0,0,0,0,0,,,,,,,NO_USED_PARTS
15,2018-08-21T13:14:02.054Z,FIELD_BEAT_CLIENT|76089058-8|EYG MEDICAL SYSTEMS LTDA.,76089058-8,EYG MEDICAL SYSTEMS LTDA.,CORRECTIVA NO PROGRAMADA,FINISHED,mreyes,2286,,NO_TICKET_REPORTED,1,0,0,1,0,1,,,2456,hhhh,NO_MATCH,NONE,HAS_UNMATCHED_PARTS
148,2018-12-13T18:00:00.000Z,FIELD_BEAT_CLIENT|96.606.750-0|CLÍNICA ALEMANA DE TEMUCO,96.606.750-0,CLÍNICA ALEMANA DE TEMUCO,CORRECTIVA NO PROGRAMADA,FINISHED,mreyes,Linac-201073,,NO_TICKET_REPORTED,1,0,0,1,0,1,,,No hay.,No hay.,NO_MATCH,NONE,HAS_UNMATCHED_PARTS
146,2018-12-14T21:00:00.000Z,FIELD_BEAT_CLIENT|70377400-8|FUNDACION ARTURO LOPEZ PEREZ,70377400-8,FUNDACION ARTURO LOPEZ PEREZ,PREVENTIVA PROGRAMADA,FINISHED,jecheverria,153038,,NO_TICKET_REPORTED,1,0,1,0,0,1,,,sin numero,lwd 40. grasa EP2,PLACEHOLDER_VALUE,PLACEHOLDER_REJECTED,HAS_PLACEHOLDERS
144,2018-12-11T15:30:00.000Z,FIELD_BEAT_CLIENT||HOSPITAL CARLOS VAN BUREN (SSVSA),,HOSPITAL CARLOS VAN BUREN (SSVSA),CORRECTIVA NO PROGRAMADA,FINISHED,jecheverria,,,NO_TICKET_REPORTED,1,0,1,0,0,1,,,sin numero,Grasa EP2. Lubricante WD40,PLACEHOLDER_VALUE,PLACEHOLDER_REJECTED,HAS_PLACEHOLDERS
142,2018-12-10T19:05:00.000Z,FIELD_BEAT_CLIENT||SERVICIO DE SALUD DE MAGALLANES,,SERVICIO DE SALUD DE MAGALLANES,CORRECTIVA NO PROGRAMADA,FINISHED,raguila,,,NO_TICKET_REPORTED,1,0,1,0,0,1,,,SN,N/C,PLACEHOLDER_VALUE,PLACEHOLDER_REJECTED,HAS_PLACEHOLDERS
140,2018-12-10T16:30:00.000Z,FIELD_BEAT_CLIENT||UC CHRISTUS - CECA,,UC CHRISTUS - CECA,CORRECTIVA NO PROGRAMADA,SCHEDULED,,,,NO_TICKET_REPORTED,0,0,0,0,0,0,,,,,,,NO_USED_PARTS
28,2018-09-01T12:00:00.000Z,FIELD_BEAT_CLIENT|96.770.100-9|CLINICA ALEMANA DE SANTIAGO,96.770.100-9,CLINICA ALEMANA DE SANTIAGO,CORRECTIVA PROGRAMADA,FINISHED,scarcamo,Linac-151673,,NO_TICKET_REPORTED,0,0,0,0,0,0,,,,,,,NO_USED_PARTS
26,2018-08-31T15:30:00.000Z,FIELD_BEAT_CLIENT|96.770.100-9|CLINICA ALEMANA DE SANTIAGO,96.770.100-9,CLINICA ALEMANA DE SANTIAGO,PREVENTIVA PROGRAMADA,FINISHED,mreyes,Linac-152171,,NO_TICKET_REPORTED,1,0,0,1,0,1,,,No hay.,Grasa EP2. Aceite liviano. WD40.,NO_MATCH,NONE,HAS_UNMATCHED_PARTS
24,2018-08-25T12:30:00.000Z,FIELD_BEAT_CLIENT|70377400-8|FUNDACION ARTURO LOPEZ PEREZ,70377400-8,FUNDACION ARTURO LOPEZ PEREZ,CORRECTIVA PROGRAMADA,FINISHED,rcammalleri,TPS-FALP|OIS-FALP,,NO_TICKET_REPORTED,0,0,0,0,0,0,,,,,,,NO_USED_PARTS
226,2019-03-08T10:30:05.817Z,FIELD_BEAT_CLIENT|70377400-8|FUNDACION ARTURO LOPEZ PEREZ,70377400-8,FUNDACION ARTURO LOPEZ PEREZ,CORRECTIVA NO PROGRAMADA,FINISHED,jecheverria,Linac-153038,,NO_TICKET_REPORTED,1,0,1,0,0,1,,,NC,NC,PLACEHOLDER_VALUE,PLACEHOLDER_REJECTED,HAS_PLACEHOLDERS
221,2019-03-07T14:15:00.000Z,FIELD_BEAT_CLIENT||INRAD,,INRAD,CORRECTIVA NO PROGRAMADA,FINISHED,glopez,,,NO_TICKET_REPORTED,0,0,0,0,0,0,,,,,,,NO_USED_PARTS
22,2018-08-23T18:45:25.213Z,FIELD_BEAT_CLIENT|70377400-8|FUNDACION ARTURO LOPEZ PEREZ,70377400-8,FUNDACION ARTURO LOPEZ PEREZ,ASISTENCIA REMOTA,FINISHED,scarcamo,TPS-FALP,,NO_TICKET_REPORTED,0,0,0,0,0,0,,,,,,,NO_USED_PARTS
218,2019-03-06T11:36:00.000Z,FIELD_BEAT_CLIENT||FUNDACION ARTURO LOPEZ PEREZ,,FUNDACION ARTURO LOPEZ PEREZ,CORRECTIVA PROGRAMADA,FINISHED,mreyes,,,NO_TICKET_REPORTED,1,0,0,1,0,1,,,1501062,Pcb logical control unit,NO_MATCH,NONE,HAS_UNMATCHED_PARTS
216,2019-03-04T11:15:00.000Z,FIELD_BEAT_CLIENT||SERVICIO DE SALUD DE MAGALLANES,,SERVICIO DE SALUD DE MAGALLANES,CORRECTIVA NO PROGRAMADA,FINISHED,raguila,,,NO_TICKET_REPORTED,1,0,1,0,0,1,,,,"Luz alternativa de 12v.
Fusible de 250 v/ 8A.",PLACEHOLDER_VALUE,PLACEHOLDER_REJECTED,HAS_PLACEHOLDERS
214,2019-03-02T16:15:00.000Z,FIELD_BEAT_CLIENT||SERVICIO DE SALUD DE MAGALLANES,,SERVICIO DE SALUD DE MAGALLANES,CORRECTIVA NO PROGRAMADA,FINISHED,raguila,Linac-152280,,NO_TICKET_REPORTED,0,0,0,0,0,0,,,,,,,NO_USED_PARTS
212,2019-02-25T09:40:00.000Z,FIELD_BEAT_CLIENT|70377400-8|FUNDACION ARTURO LOPEZ PEREZ,70377400-8,FUNDACION ARTURO LOPEZ PEREZ,CORRECTIVA PROGRAMADA,FINISHED,scarcamo,Linac-153038,,NO_TICKET_REPORTED,1,0,0,1,0,1,,,45133904974,PCB2 Thumbwheel Table User Interface Side A,NO_MATCH,NONE,HAS_UNMATCHED_PARTS
210,2019-02-25T11:00:45.676Z,FIELD_BEAT_CLIENT|61.606.500-9|HOSPITAL CARLOS VAN BUREN (SSVSA),61.606.500-9,HOSPITAL CARLOS VAN BUREN (SSVSA),CORRECTIVA NO PROGRAMADA,FINISHED,glopez,Linac-154325,,NO_TICKET_REPORTED,1,1,0,0,0,0,821321900352,11061,821321900352,fusible de retardo 10 A,MATCHED,REF_EXACT,OK
208,2019-02-21T12:00:00.000Z,FIELD_BEAT_CLIENT|76.105.383-3|TORRE MÉDICA - RANCAGUA,76.105.383-3,TORRE MÉDICA - RANCAGUA,CORRECTIVA PROGRAMADA,FINISHED,mreyes,Linac-105277,,NO_TICKET_REPORTED,1,0,1,0,0,1,,,,Assembly usados,PLACEHOLDER_VALUE,PLACEHOLDER_REJECTED,HAS_PLACEHOLDERS
206,2019-02-23T11:30:00.000Z,FIELD_BEAT_CLIENT|70377400-8|FUNDACION ARTURO LOPEZ PEREZ,70377400-8,FUNDACION ARTURO LOPEZ PEREZ,PREVENTIVA PROGRAMADA,FINISHED,scarcamo,Linac-153038,,NO_TICKET_REPORTED,0,0,0,0,0,0,,,,,,,NO_USED_PARTS
204,2019-02-18T15:00:46.074Z,FIELD_BEAT_CLIENT|61.607.901-8|SERVICIO DE SALUD DE MAGALLANES,61.607.901-8,SERVICIO DE SALUD DE MAGALLANES,PREVENTIVA PROGRAMADA,FINISHED,glopez,Linac-152280,,NO_TICKET_REPORTED,1,0,0,1,0,1,,,no hay,no hay,NO_MATCH,NONE,HAS_UNMATCHED_PARTS
202,2019-02-15T13:00:00.413Z,FIELD_BEAT_CLIENT|79.560.900-8|RADIO NUCLEAR,79.560.900-8,RADIO NUCLEAR,CORRECTIVA NO PROGRAMADA,FINISHED,mreyes,Linac-151238,,NO_TICKET_REPORTED,1,0,0,1,0,1,,,No hay.,No hay.,NO_MATCH,NONE,HAS_UNMATCHED_PARTS
200,2019-02-16T11:30:00.000Z,FIELD_BEAT_CLIENT|61.606.500-9|HOSPITAL CARLOS VAN BUREN (SSVSA),61.606.500-9,HOSPITAL CARLOS VAN BUREN (SSVSA),INSTALACION - INTEGRACION,FINISHED,mreyes,Linac-154325,,NO_TICKET_REPORTED,1,0,1,0,0,1,,,,"Un extensor USB. 
Un extensor VGA + USB.  
Dos mouse  Genius. 
Dos teclados Genius.  
Un concentrador USB.  
Un soporte de monitor.  
Un monitor 22"" Hp.  
Dos cables red Cat5,  30 metros.",PLACEHOLDER_VALUE,PLACEHOLDER_REJECTED,HAS_PLACEHOLDERS
2,2018-08-20T21:55:44.633Z,FIELD_BEAT_CLIENT|76089058-8|EYG MEDICAL SYSTEMS LTDA.,76089058-8,EYG MEDICAL SYSTEMS LTDA.,CORRECTIVA PROGRAMADA,SCHEDULED,,2286,,NO_TICKET_REPORTED,0,0,0,0,0,0,,,,,,,NO_USED_PARTS
198,2019-02-12T16:30:55.811Z,FIELD_BEAT_CLIENT|96.770.100-9|CLINICA ALEMANA DE SANTIAGO,96.770.100-9,CLINICA ALEMANA DE SANTIAGO,CORRECTIVA NO PROGRAMADA,FINISHED,scarcamo,Linac-152171,,NO_TICKET_REPORTED,1,1,0,0,0,1,1016474_usado,11873,1016474,2 Unidades - DLG Brake,MATCHED,REF_LIKE,REVIEW_REQUIRED
196,2019-02-07T19:30:39.260Z,FIELD_BEAT_CLIENT|96.770.100-9|CLINICA ALEMANA DE SANTIAGO,96.770.100-9,CLINICA ALEMANA DE SANTIAGO,CORRECTIVA PROGRAMADA,FINISHED,scarcamo,Linac-151673,,NO_TICKET_REPORTED,0,0,0,0,0,0,,,,,,,NO_USED_PARTS
194,2019-02-05T11:00:00.000Z,FIELD_BEAT_CLIENT|76.105.383-3|TORRE MÉDICA - RANCAGUA,76.105.383-3,TORRE MÉDICA - RANCAGUA,CORRECTIVA PROGRAMADA,FINISHED,jecheverria,Linac-105277,,NO_TICKET_REPORTED,1,0,1,0,0,1,,,,Bomba Turbo,PLACEHOLDER_VALUE,PLACEHOLDER_REJECTED,HAS_PLACEHOLDERS
192,2019-01-29T23:00:00.000Z,FIELD_BEAT_CLIENT||FUNDACION ARTURO LOPEZ PEREZ,,FUNDACION ARTURO LOPEZ PEREZ,CORRECTIVA NO PROGRAMADA,FINISHED,scarcamo,Linac-153038,,NO_TICKET_REPORTED,3,2,0,1,0,1,1516753|45133165177,10793|10716,1516753|160406|45133165177,Tarjeta Electrónica Tiratrón Pulser|Tarjeta Electrónica Generadora de Pulsos PPG|Válvula Electrónica de Alta Tensión - Tiratrón,MATCHED|NO_MATCH,REF_EXACT|NONE,HAS_UNMATCHED_PARTS
190,2019-01-29T10:30:02.659Z,FIELD_BEAT_CLIENT|61.606.500-9|HOSPITAL CARLOS VAN BUREN (SSVSA),61.606.500-9,HOSPITAL CARLOS VAN BUREN (SSVSA),CORRECTIVA NO PROGRAMADA,FINISHED,jecheverria,Linac-154325,,NO_TICKET_REPORTED,1,0,1,0,0,1,,,NC,sin repuesto,PLACEHOLDER_VALUE,PLACEHOLDER_REJECTED,HAS_PLACEHOLDERS
189,2019-01-29T10:00:14.163Z,FIELD_BEAT_CLIENT|61.606.500-9|HOSPITAL CARLOS VAN BUREN (SSVSA),61.606.500-9,HOSPITAL CARLOS VAN BUREN (SSVSA),CORRECTIVA PROGRAMADA,FINISHED,jecheverria,Linac-154325,,NO_TICKET_REPORTED,1,0,1,0,0,1,,,NC,Sin repuesto,PLACEHOLDER_VALUE,PLACEHOLDER_REJECTED,HAS_PLACEHOLDERS
187,2019-01-28T17:27:00.000Z,FIELD_BEAT_CLIENT||ACME,,ACME,PREVENTIVA PROGRAMADA,SCHEDULED,,153038,,NO_TICKET_REPORTED,0,0,0,0,0,0,,,,,,,NO_USED_PARTS
185,2019-01-26T16:55:00.000Z,FIELD_BEAT_CLIENT||SERVICIO DE SALUD DE MAGALLANES,,SERVICIO DE SALUD DE MAGALLANES,CORRECTIVA NO PROGRAMADA,FINISHED,jecheverria,,,NO_TICKET_REPORTED,1,1,0,0,0,1,8113024252101J,10325,01 OF ELK2 / 8113 024 252101j,motor 01of  ELK2 / Tornillo,MATCHED,REF_LIKE,REVIEW_REQUIRED
183,2019-01-25T17:04:00.000Z,FIELD_BEAT_CLIENT||CLINICA ALEMANA DE SANTIAGO,,CLINICA ALEMANA DE SANTIAGO,CORRECTIVA PROGRAMADA,FINISHED,scarcamo,Linac-152171,,NO_TICKET_REPORTED,0,0,0,0,0,0,,,,,,,NO_USED_PARTS
181,2019-01-22T19:50:00.000Z,FIELD_BEAT_CLIENT|70377400-8|FUNDACION ARTURO LOPEZ PEREZ,70377400-8,FUNDACION ARTURO LOPEZ PEREZ,CORRECTIVA NO PROGRAMADA,FINISHED,rcammalleri,TPS-FALP,,NO_TICKET_REPORTED,1,0,1,0,0,1,,,N/A,N/A,PLACEHOLDER_VALUE,PLACEHOLDER_REJECTED,HAS_PLACEHOLDERS
18,2018-08-24T13:30:00.000Z,FIELD_BEAT_CLIENT|70377400-8|FUNDACION ARTURO LOPEZ PEREZ,70377400-8,FUNDACION ARTURO LOPEZ PEREZ,PREVENTIVA PROGRAMADA,FINISHED,mreyes,153038,,NO_TICKET_REPORTED,1,0,0,1,0,1,,,No hay,- Grasa Ep2  - Paños de limpieza. - WD40. - Alcohol isopropilico.,NO_MATCH,NONE,HAS_UNMATCHED_PARTS
178,2019-01-16T14:30:53.297Z,FIELD_BEAT_CLIENT|76.746.730-3|CLÍNICA SANATORIO ALEMÁN (ONCORAD),76.746.730-3,CLÍNICA SANATORIO ALEMÁN (ONCORAD),CORRECTIVA NO PROGRAMADA,FINISHED,mreyes,Linac-201110,,NO_TICKET_REPORTED,1,1,0,0,0,0,923931518204,11448,9239 315 18204,Ampolleta PHILLIPS,MATCHED,REF_NORMALIZED_EXACT,OK
176,2019-01-13T17:30:00.000Z,FIELD_BEAT_CLIENT|70377400-8|FUNDACION ARTURO LOPEZ PEREZ,70377400-8,FUNDACION ARTURO LOPEZ PEREZ,CORRECTIVA NO PROGRAMADA,FINISHED,glopez,153038,,NO_TICKET_REPORTED,1,1,0,0,0,0,821321900352,11061,8213 219 00352,fusible FS 32 V. 10 Amp,MATCHED,REF_NORMALIZED_EXACT,OK
174,2019-01-15T11:30:00.000Z,FIELD_BEAT_CLIENT|81.698.900-0|UC CHRISTUS - CECA,81.698.900-0,UC CHRISTUS - CECA,CORRECTIVA NO PROGRAMADA,FINISHED,scarcamo,Linac-153935,,NO_TICKET_REPORTED,1,1,0,0,0,0,1517657,10701,1517657,Leaf Motor Drive Board de Banco Y12,MATCHED,REF_EXACT,OK
172,2018-12-29T18:00:35.517Z,FIELD_BEAT_CLIENT|61.606.500-9|HOSPITAL CARLOS VAN BUREN (SSVSA),61.606.500-9,HOSPITAL CARLOS VAN BUREN (SSVSA),INSTALACION - INTEGRACION,FINISHED,rcammalleri,OIS-HCVB,,NO_TICKET_REPORTED,1,0,1,0,0,1,,,N/A,N/A,PLACEHOLDER_VALUE,PLACEHOLDER_REJECTED,HAS_PLACEHOLDERS
170,2019-01-13T17:30:00.000Z,FIELD_BEAT_CLIENT|70377400-8|FUNDACION ARTURO LOPEZ PEREZ,70377400-8,FUNDACION ARTURO LOPEZ PEREZ,CORRECTIVA NO PROGRAMADA,SCHEDULED,,153038,,NO_TICKET_REPORTED,1,1,0,0,0,0,821321900352,11061,8213 219 00352,fusible FS 32 V. 10 Amp,MATCHED,REF_NORMALIZED_EXACT,OK
169,2019-01-10T15:00:00.000Z,FIELD_BEAT_CLIENT|96.606.750-0|CLÍNICA ALEMANA DE TEMUCO,96.606.750-0,CLÍNICA ALEMANA DE TEMUCO,CORRECTIVA PROGRAMADA,FINISHED,mreyes,Linac-201073,,NO_TICKET_REPORTED,1,0,0,1,0,1,,,"1509981

Numero Serie 150998117084.",Gun Filament Power Supply.,NO_MATCH,NONE,HAS_UNMATCHED_PARTS
167,2019-01-09T16:30:40.973Z,FIELD_BEAT_CLIENT|81.698.900-0|UC CHRISTUS - CECA,81.698.900-0,UC CHRISTUS - CECA,CORRECTIVA NO PROGRAMADA,FINISHED,scarcamo,Linac-153935,,NO_TICKET_REPORTED,1,0,0,1,0,1,,,CX1154L,Válvula Electrónica Tiratrón marca Elekta Nro de Serie 38884 (nueva),NO_MATCH,NONE,HAS_UNMATCHED_PARTS
165,2019-01-08T13:00:00.000Z,FIELD_BEAT_CLIENT||FUNDACION ARTURO LOPEZ PEREZ,,FUNDACION ARTURO LOPEZ PEREZ,ASISTENCIA REMOTA,FINISHED,scarcamo,TPS-FALP,,NO_TICKET_REPORTED,0,0,0,0,0,0,,,,,,,NO_USED_PARTS
163,2019-01-11T16:00:00.000Z,FIELD_BEAT_CLIENT|61.606.500-9|HOSPITAL CARLOS VAN BUREN (SSVSA),61.606.500-9,HOSPITAL CARLOS VAN BUREN (SSVSA),PREVENTIVA PROGRAMADA,FINISHED,jecheverria,Linac-154325,,NO_TICKET_REPORTED,1,0,1,0,0,1,,,sn,nc,PLACEHOLDER_VALUE,PLACEHOLDER_REJECTED,HAS_PLACEHOLDERS
161,2019-01-05T11:00:00.000Z,FIELD_BEAT_CLIENT||FUNDACION ARTURO LOPEZ PEREZ,,FUNDACION ARTURO LOPEZ PEREZ,CORRECTIVA PROGRAMADA,FINISHED,scarcamo,TPS-FALP,,NO_TICKET_REPORTED,1,0,1,0,0,1,,,,"1 HD 146 gb HP para Servidor Proliant 653950-001
2 UPSs Eaton y APC",PLACEHOLDER_VALUE,PLACEHOLDER_REJECTED,HAS_PLACEHOLDERS
16,2018-08-22T11:30:11.222Z,FIELD_BEAT_CLIENT|70377400-8|FUNDACION ARTURO LOPEZ PEREZ,70377400-8,FUNDACION ARTURO LOPEZ PEREZ,CORRECTIVA PROGRAMADA,FINISHED,rcammalleri,TPS-FALP,,NO_TICKET_REPORTED,1,0,0,1,0,1,,,none,none,NO_MATCH,NONE,HAS_UNMATCHED_PARTS
158,2018-12-26T12:00:00.000Z,FIELD_BEAT_CLIENT||INRAD,,INRAD,CORRECTIVA NO PROGRAMADA,FINISHED,rcammalleri,TPS-INRAD,,NO_TICKET_REPORTED,1,0,1,0,0,1,,,N/A,N/A,PLACEHOLDER_VALUE,PLACEHOLDER_REJECTED,HAS_PLACEHOLDERS
156,2018-11-27T12:30:00.000Z,FIELD_BEAT_CLIENT||HOSPITAL CARLOS VAN BUREN (SSVSA),,HOSPITAL CARLOS VAN BUREN (SSVSA),CORRECTIVA PROGRAMADA,ARCHIVED,,OIS-HCVB,,NO_TICKET_REPORTED,0,0,0,0,0,0,,,,,,,NO_USED_PARTS
154,2018-12-30T13:00:00.000Z,FIELD_BEAT_CLIENT||FUNDACION ARTURO LOPEZ PEREZ,,FUNDACION ARTURO LOPEZ PEREZ,CORRECTIVA NO PROGRAMADA,FINISHED,scarcamo,,,NO_TICKET_REPORTED,0,0,0,0,0,0,,,,,,,NO_USED_PARTS
152,2018-12-27T10:01:00.000Z,FIELD_BEAT_CLIENT||FUNDACION ARTURO LOPEZ PEREZ,,FUNDACION ARTURO LOPEZ PEREZ,CORRECTIVA PROGRAMADA,FINISHED,scarcamo,Linac-153038,,NO_TICKET_REPORTED,1,0,0,0,1,1,,,1510260,KV Panel Detector,AMBIGUOUS_MATCH,REF_LIKE,HAS_AMBIGUOUS_PARTS
150,2018-12-20T12:00:00.000Z,FIELD_BEAT_CLIENT|61.605.000-1|INSTITUTO DE SALUD PUBLICA (ISP),61.605.000-1,INSTITUTO DE SALUD PUBLICA (ISP),PREVENTIVA PROGRAMADA,FINISHED,jecheverria,PANASONIC-ISP,,NO_TICKET_REPORTED,1,0,1,0,0,1,,,sin numero,wd40 . limpia contacto . paños de limpieza,PLACEHOLDER_VALUE,PLACEHOLDER_REJECTED,HAS_PLACEHOLDERS
149,2018-12-15T13:00:46.951Z,FIELD_BEAT_CLIENT|70377400-8|FUNDACION ARTURO LOPEZ PEREZ,70377400-8,FUNDACION ARTURO LOPEZ PEREZ,PREVENTIVA PROGRAMADA,FINISHED,rcammalleri,OIS-FALP|TPS-FALP,,NO_TICKET_REPORTED,1,1,0,0,0,1,653950,11296,653950-001,Disco HP 146GB 15K 6G SSF SAS HDD,MATCHED,REF_LIKE,REVIEW_REQUIRED
147,2018-12-11T21:00:00.000Z,FIELD_BEAT_CLIENT|81.698.900-0|UC CHRISTUS - CECA,81.698.900-0,UC CHRISTUS - CECA,ASISTENCIA REMOTA,FINISHED,rcammalleri,TPS-UC,,NO_TICKET_REPORTED,1,0,1,0,0,1,,,N/A,N/A,PLACEHOLDER_VALUE,PLACEHOLDER_REJECTED,HAS_PLACEHOLDERS
145,2018-12-12T21:00:06.041Z,FIELD_BEAT_CLIENT|76.746.730-3|CLÍNICA SANATORIO ALEMÁN (ONCORAD),76.746.730-3,CLÍNICA SANATORIO ALEMÁN (ONCORAD),CORRECTIVA PROGRAMADA,FINISHED,mreyes,OIS-ONCORAD,,NO_TICKET_REPORTED,1,0,0,1,0,1,,,1509981. ISS 02.   S/N 150998117091,Gun Filament Power Supply,NO_MATCH,NONE,HAS_UNMATCHED_PARTS
143,2018-12-10T18:00:00.000Z,FIELD_BEAT_CLIENT||FUNDACION ARTURO LOPEZ PEREZ,,FUNDACION ARTURO LOPEZ PEREZ,CORRECTIVA NO PROGRAMADA,FINISHED,scarcamo,Linac-153038,,NO_TICKET_REPORTED,0,0,0,0,0,0,,,,,,,NO_USED_PARTS
141,2018-12-10T16:30:00.000Z,FIELD_BEAT_CLIENT||UC CHRISTUS - CECA,,UC CHRISTUS - CECA,CORRECTIVA NO PROGRAMADA,FINISHED,jecheverria,Linac-153935,,NO_TICKET_REPORTED,1,0,1,0,0,1,,,sn,no hay,PLACEHOLDER_VALUE,PLACEHOLDER_REJECTED,HAS_PLACEHOLDERS
14,2018-08-21T15:30:42.765Z,FIELD_BEAT_CLIENT|76089058-8|EYG MEDICAL SYSTEMS LTDA.,76089058-8,EYG MEDICAL SYSTEMS LTDA.,CORRECTIVA PROGRAMADA,SCHEDULED,,2286,,NO_TICKET_REPORTED,0,0,0,0,0,0,,,,,,,NO_USED_PARTS
139,2018-12-10T14:00:04.392Z,FIELD_BEAT_CLIENT|96.770.100-9|CLINICA ALEMANA DE SANTIAGO,96.770.100-9,CLINICA ALEMANA DE SANTIAGO,CORRECTIVA NO PROGRAMADA,FINISHED,mreyes,Linac-151673,,NO_TICKET_REPORTED,1,0,0,1,0,1,,,No hay.,No hay.,NO_MATCH,NONE,HAS_UNMATCHED_PARTS
137,2018-12-10T11:50:00.000Z,FIELD_BEAT_CLIENT||UC CHRISTUS - CECA,,UC CHRISTUS - CECA,CORRECTIVA NO PROGRAMADA,FINISHED,scarcamo,Linac-153935,,NO_TICKET_REPORTED,0,0,0,0,0,0,,,,,,,NO_USED_PARTS
135,2018-12-07T22:30:06.548Z,FIELD_BEAT_CLIENT|70377400-8|FUNDACION ARTURO LOPEZ PEREZ,70377400-8,FUNDACION ARTURO LOPEZ PEREZ,CORRECTIVA PROGRAMADA,FINISHED,mreyes,153038,,NO_TICKET_REPORTED,1,1,0,0,0,0,1014474,11677,1014474,Cable asst Sw1/Sw2 to Sk13A7,MATCHED,REF_EXACT,OK
133,2018-12-05T14:00:55.718Z,FIELD_BEAT_CLIENT|70377400-8|FUNDACION ARTURO LOPEZ PEREZ,70377400-8,FUNDACION ARTURO LOPEZ PEREZ,CORRECTIVA NO PROGRAMADA,FINISHED,scarcamo,153038,,NO_TICKET_REPORTED,0,0,0,0,0,0,,,,,,,NO_USED_PARTS
131,2018-12-04T13:40:24.087Z,FIELD_BEAT_CLIENT|70377400-8|FUNDACION ARTURO LOPEZ PEREZ,70377400-8,FUNDACION ARTURO LOPEZ PEREZ,CORRECTIVA NO PROGRAMADA,FINISHED,jecheverria,153038,,NO_TICKET_REPORTED,1,0,1,0,0,1,,,SN,NO HAY,PLACEHOLDER_VALUE,PLACEHOLDER_REJECTED,HAS_PLACEHOLDERS
13,2018-08-21T13:10:54.742Z,FIELD_BEAT_CLIENT|76089058-8|EYG MEDICAL SYSTEMS LTDA.,76089058-8,EYG MEDICAL SYSTEMS LTDA.,CORRECTIVA NO PROGRAMADA,FINISHED,scarcamo,2286,,NO_TICKET_REPORTED,0,0,0,0,0,0,,,,,,,NO_USED_PARTS
128,2018-12-03T12:00:00.000Z,FIELD_BEAT_CLIENT|70377400-8|FUNDACION ARTURO LOPEZ PEREZ,70377400-8,FUNDACION ARTURO LOPEZ PEREZ,CORRECTIVA NO PROGRAMADA,FINISHED,jecheverria,153038,,NO_TICKET_REPORTED,1,0,1,0,0,1,,,SN,N/C,PLACEHOLDER_VALUE,PLACEHOLDER_REJECTED,HAS_PLACEHOLDERS
126,2018-12-01T11:30:00.000Z,FIELD_BEAT_CLIENT||SERVICIO DE SALUD DE MAGALLANES,,SERVICIO DE SALUD DE MAGALLANES,ASISTENCIA REMOTA,SCHEDULED,,Linac-152280,,NO_TICKET_REPORTED,0,0,0,0,0,0,,,,,,,NO_USED_PARTS
124,2018-12-14T20:00:00.000Z,FIELD_BEAT_CLIENT|70377400-8|FUNDACION ARTURO LOPEZ PEREZ,70377400-8,FUNDACION ARTURO LOPEZ PEREZ,PREVENTIVA PROGRAMADA,SCHEDULED,,153038,,NO_TICKET_REPORTED,0,0,0,0,0,0,,,,,,,NO_USED_PARTS
122,2018-11-30T20:45:52.254Z,FIELD_BEAT_CLIENT|70377400-8|FUNDACION ARTURO LOPEZ PEREZ,70377400-8,FUNDACION ARTURO LOPEZ PEREZ,CORRECTIVA NO PROGRAMADA,FINISHED,mreyes,153038,,NO_TICKET_REPORTED,1,0,0,1,0,1,,,No hay.,No hay.,NO_MATCH,NONE,HAS_UNMATCHED_PARTS
120,2018-11-27T13:30:47.769Z,FIELD_BEAT_CLIENT|70377400-8|FUNDACION ARTURO LOPEZ PEREZ,70377400-8,FUNDACION ARTURO LOPEZ PEREZ,CORRECTIVA NO PROGRAMADA,FINISHED,jecheverria,153038,,NO_TICKET_REPORTED,1,0,0,1,0,1,,,modelo 5295001R001,Fuente de Bonbas de Vacio,NO_MATCH,NONE,HAS_UNMATCHED_PARTS
119,2018-11-27T15:00:59.486Z,FIELD_BEAT_CLIENT|76.105.383-3|TORRE MÉDICA - RANCAGUA,76.105.383-3,TORRE MÉDICA - RANCAGUA,CORRECTIVA NO PROGRAMADA,FINISHED,mreyes,Linac-105277,,NO_TICKET_REPORTED,1,0,0,1,0,1,,,Transistores C3907,"Fusible 2Amp. 250V.

4 transistores de potencia.",NO_MATCH,NONE,HAS_UNMATCHED_PARTS
117,2018-11-24T11:00:21.123Z,FIELD_BEAT_CLIENT|70377400-8|FUNDACION ARTURO LOPEZ PEREZ,70377400-8,FUNDACION ARTURO LOPEZ PEREZ,CORRECTIVA PROGRAMADA,FINISHED,scarcamo,153038,,NO_TICKET_REPORTED,0,0,0,0,0,0,,,,,,,NO_USED_PARTS
115,2018-11-21T17:45:00.000Z,FIELD_BEAT_CLIENT||CLINICA ALEMANA DE SANTIAGO,,CLINICA ALEMANA DE SANTIAGO,ASISTENCIA REMOTA,FINISHED,scarcamo,Linac-152171,,NO_TICKET_REPORTED,0,0,0,0,0,0,,,,,,,NO_USED_PARTS
113,2018-11-19T20:00:00.000Z,FIELD_BEAT_CLIENT||UC CHRISTUS - CECA,,UC CHRISTUS - CECA,ASISTENCIA REMOTA,FINISHED,scarcamo,,,NO_TICKET_REPORTED,0,0,0,0,0,0,,,,,,,NO_USED_PARTS
111,2018-11-19T19:00:28.293Z,FIELD_BEAT_CLIENT|76.746.730-3|CLÍNICA SANATORIO ALEMÁN (ONCORAD),76.746.730-3,CLÍNICA SANATORIO ALEMÁN (ONCORAD),CORRECTIVA PROGRAMADA,FINISHED,mreyes,Linac-201110,,NO_TICKET_REPORTED,1,0,0,1,0,1,,,No hay.,No hay.,NO_MATCH,NONE,HAS_UNMATCHED_PARTS
11,2018-08-21T13:09:55.878Z,FIELD_BEAT_CLIENT|76089058-8|EYG MEDICAL SYSTEMS LTDA.,76089058-8,EYG MEDICAL SYSTEMS LTDA.,CORRECTIVA PROGRAMADA,SCHEDULED,,2286,,NO_TICKET_REPORTED,0,0,0,0,0,0,,,,,,,NO_USED_PARTS
108,2018-11-16T09:30:57.103Z,FIELD_BEAT_CLIENT|70377400-8|FUNDACION ARTURO LOPEZ PEREZ,70377400-8,FUNDACION ARTURO LOPEZ PEREZ,CORRECTIVA PROGRAMADA,FINISHED,rcammalleri,153038,,NO_TICKET_REPORTED,1,0,0,1,0,1,,,1500954,Tarjeta Controladora de Voltaje,NO_MATCH,NONE,HAS_UNMATCHED_PARTS
106,2018-11-14T12:00:00.000Z,FIELD_BEAT_CLIENT||INRAD,,INRAD,ASISTENCIA REMOTA,FINISHED,scarcamo,,,NO_TICKET_REPORTED,0,0,0,0,0,0,,,,,,,NO_USED_PARTS
104,2018-11-13T12:30:00.000Z,FIELD_BEAT_CLIENT||INRAD,,INRAD,ASISTENCIA REMOTA,FINISHED,scarcamo,,,NO_TICKET_REPORTED,0,0,0,0,0,0,,,,,,,NO_USED_PARTS
102,2018-11-14T20:30:00.000Z,FIELD_BEAT_CLIENT|81.698.900-0|UC CHRISTUS - CECA,81.698.900-0,UC CHRISTUS - CECA,CORRECTIVA PROGRAMADA,FINISHED,jecheverria,Linac-153935,,NO_TICKET_REPORTED,1,0,1,0,0,1,,,sin numero,sin repuesto,PLACEHOLDER_VALUE,PLACEHOLDER_REJECTED,HAS_PLACEHOLDERS
100,2018-11-13T20:00:00.000Z,FIELD_BEAT_CLIENT|61.606.500-9|HOSPITAL CARLOS VAN BUREN (SSVSA),61.606.500-9,HOSPITAL CARLOS VAN BUREN (SSVSA),PREVENTIVA PROGRAMADA,FINISHED,jecheverria,Linac-154325,,NO_TICKET_REPORTED,1,1,0,0,0,0,03-999-1204,11995,03-999-1204,Calibration Tool SN: 2016030911,MATCHED,REF_EXACT,OK
1,2018-08-20T23:30:02.916Z,FIELD_BEAT_CLIENT||ACME,,ACME,CORRECTIVA NO PROGRAMADA,FINISHED,jecheverria,153038,,NO_TICKET_REPORTED,0,0,0,0,0,0,,,,,,,NO_USED_PARTS
138,2018-12-10T15:00:16.007Z,FIELD_BEAT_CLIENT|96.770.100-9|CLINICA ALEMANA DE SANTIAGO,96.770.100-9,CLINICA ALEMANA DE SANTIAGO,INSTALACION - INTEGRACION,FINISHED,rcammalleri,TPS-CAS,,NO_TICKET_REPORTED,1,0,1,0,0,1,,,N/A,N/A,PLACEHOLDER_VALUE,PLACEHOLDER_REJECTED,HAS_PLACEHOLDERS
136,2018-12-10T11:50:00.000Z,FIELD_BEAT_CLIENT||UC CHRISTUS - CECA,,UC CHRISTUS - CECA,,SCHEDULED,,,,NO_TICKET_REPORTED,0,0,0,0,0,0,,,,,,,NO_USED_PARTS
134,2018-12-05T17:45:17.104Z,FIELD_BEAT_CLIENT|81.698.900-0|UC CHRISTUS - CECA,81.698.900-0,UC CHRISTUS - CECA,CORRECTIVA NO PROGRAMADA,FINISHED,rcammalleri,TPS-UC,,NO_TICKET_REPORTED,1,0,1,0,0,1,,,N/A,N/A,PLACEHOLDER_VALUE,PLACEHOLDER_REJECTED,HAS_PLACEHOLDERS
132,2018-12-05T10:00:53.602Z,FIELD_BEAT_CLIENT|70377400-8|FUNDACION ARTURO LOPEZ PEREZ,70377400-8,FUNDACION ARTURO LOPEZ PEREZ,CORRECTIVA PROGRAMADA,FINISHED,jecheverria,153038,,NO_TICKET_REPORTED,1,0,1,0,0,1,,,sn,no hay,PLACEHOLDER_VALUE,PLACEHOLDER_REJECTED,HAS_PLACEHOLDERS
130,2018-12-03T13:00:01.512Z,FIELD_BEAT_CLIENT|70377400-8|FUNDACION ARTURO LOPEZ PEREZ,70377400-8,FUNDACION ARTURO LOPEZ PEREZ,CORRECTIVA NO PROGRAMADA,FINISHED,mreyes,153038,,NO_TICKET_REPORTED,1,0,0,1,0,1,,,No hay,No hay,NO_MATCH,NONE,HAS_UNMATCHED_PARTS
129,2018-12-01T11:30:00.000Z,FIELD_BEAT_CLIENT||SERVICIO DE SALUD DE MAGALLANES,,SERVICIO DE SALUD DE MAGALLANES,ASISTENCIA REMOTA,FINISHED,raguila,Linac-152280,,NO_TICKET_REPORTED,1,0,0,1,0,1,,,no.,no se utilizaron.,NO_MATCH,NONE,HAS_UNMATCHED_PARTS
127,2018-11-30T19:15:00.000Z,FIELD_BEAT_CLIENT|70377400-8|FUNDACION ARTURO LOPEZ PEREZ,70377400-8,FUNDACION ARTURO LOPEZ PEREZ,CORRECTIVA NO PROGRAMADA,FINISHED,rcammalleri,TPS-FALP,,NO_TICKET_REPORTED,1,0,1,0,0,1,,,N/A,N/A,PLACEHOLDER_VALUE,PLACEHOLDER_REJECTED,HAS_PLACEHOLDERS
125,2018-12-14T18:00:00.000Z,FIELD_BEAT_CLIENT|61.607.901-8|SERVICIO DE SALUD DE MAGALLANES,61.607.901-8,SERVICIO DE SALUD DE MAGALLANES,PREVENTIVA PROGRAMADA,FINISHED,raguila,Linac-152280,,NO_TICKET_REPORTED,1,0,1,0,0,1,,,S/N,NC,PLACEHOLDER_VALUE,PLACEHOLDER_REJECTED,HAS_PLACEHOLDERS
123,2018-12-14T19:00:00.000Z,FIELD_BEAT_CLIENT|81.698.900-0|UC CHRISTUS - CECA,81.698.900-0,UC CHRISTUS - CECA,PREVENTIVA PROGRAMADA,FINISHED,scarcamo,Linac-153935,,NO_TICKET_REPORTED,0,0,0,0,0,0,,,,,,,NO_USED_PARTS
121,2018-11-28T18:30:00.000Z,FIELD_BEAT_CLIENT|61.606.500-9|HOSPITAL CARLOS VAN BUREN (SSVSA),61.606.500-9,HOSPITAL CARLOS VAN BUREN (SSVSA),CORRECTIVA PROGRAMADA,FINISHED,mreyes,Linac-154325,,NO_TICKET_REPORTED,1,0,0,1,0,1,,,No hay.,Wd40. Paños de limpieza.,NO_MATCH,NONE,HAS_UNMATCHED_PARTS
12,2018-08-21T13:10:13.791Z,FIELD_BEAT_CLIENT|76089058-8|EYG MEDICAL SYSTEMS LTDA.,76089058-8,EYG MEDICAL SYSTEMS LTDA.,CORRECTIVA NO PROGRAMADA,FINISHED,rcammalleri,2286,,NO_TICKET_REPORTED,1,0,0,1,0,1,,,HN-M101MBB/Z4,HDD Samsung 1TB,NO_MATCH,NONE,HAS_UNMATCHED_PARTS
118,2018-11-26T11:00:30.575Z,FIELD_BEAT_CLIENT|70377400-8|FUNDACION ARTURO LOPEZ PEREZ,70377400-8,FUNDACION ARTURO LOPEZ PEREZ,CORRECTIVA NO PROGRAMADA,FINISHED,rcammalleri,TPS-FALP,,NO_TICKET_REPORTED,1,0,1,0,0,1,,,N/A,N/A,PLACEHOLDER_VALUE,PLACEHOLDER_REJECTED,HAS_PLACEHOLDERS
116,2018-11-23T22:30:00.000Z,FIELD_BEAT_CLIENT|70377400-8|FUNDACION ARTURO LOPEZ PEREZ,70377400-8,FUNDACION ARTURO LOPEZ PEREZ,CORRECTIVA PROGRAMADA,FINISHED,jecheverria,153038,,NO_TICKET_REPORTED,1,1,0,0,0,0,1502613,10994,1502613,Laser ODI,MATCHED,REF_EXACT,OK
114,2018-11-20T13:00:59.827Z,FIELD_BEAT_CLIENT|96.770.100-9|CLINICA ALEMANA DE SANTIAGO,96.770.100-9,CLINICA ALEMANA DE SANTIAGO,CORRECTIVA PROGRAMADA,FINISHED,rcammalleri,TPS-CAS,,NO_TICKET_REPORTED,1,0,1,0,0,1,,,N/A,N/A,PLACEHOLDER_VALUE,PLACEHOLDER_REJECTED,HAS_PLACEHOLDERS
112,2018-11-19T11:30:48.003Z,FIELD_BEAT_CLIENT|61.606.500-9|HOSPITAL CARLOS VAN BUREN (SSVSA),61.606.500-9,HOSPITAL CARLOS VAN BUREN (SSVSA),CORRECTIVA PROGRAMADA,FINISHED,jecheverria,Linac-154325,,NO_TICKET_REPORTED,1,0,1,0,0,1,,,SN,fusible.de 10.amp.,PLACEHOLDER_VALUE,PLACEHOLDER_REJECTED,HAS_PLACEHOLDERS
110,2018-11-16T17:30:19.008Z,FIELD_BEAT_CLIENT|61.606.500-9|HOSPITAL CARLOS VAN BUREN (SSVSA),61.606.500-9,HOSPITAL CARLOS VAN BUREN (SSVSA),CORRECTIVA PROGRAMADA,FINISHED,mreyes,Linac-154325,,NO_TICKET_REPORTED,1,0,0,1,0,1,,,No hay,No hay.,NO_MATCH,NONE,HAS_UNMATCHED_PARTS
109,2018-11-16T16:30:00.000Z,FIELD_BEAT_CLIENT||CLINICA ALEMANA DE SANTIAGO,,CLINICA ALEMANA DE SANTIAGO,CORRECTIVA NO PROGRAMADA,FINISHED,scarcamo,Linac-151673,,NO_TICKET_REPORTED,0,0,0,0,0,0,,,,,,,NO_USED_PARTS
107,2018-11-15T15:30:23.862Z,FIELD_BEAT_CLIENT|70377400-8|FUNDACION ARTURO LOPEZ PEREZ,70377400-8,FUNDACION ARTURO LOPEZ PEREZ,CORRECTIVA PROGRAMADA,FINISHED,rcammalleri,TPS-FALP,,NO_TICKET_REPORTED,1,0,1,0,0,1,,,N/A,N/A,PLACEHOLDER_VALUE,PLACEHOLDER_REJECTED,HAS_PLACEHOLDERS
105,2018-11-13T21:00:00.000Z,FIELD_BEAT_CLIENT||UC CHRISTUS - CECA,,UC CHRISTUS - CECA,ASISTENCIA REMOTA,FINISHED,scarcamo,,,NO_TICKET_REPORTED,0,0,0,0,0,0,,,,,,,NO_USED_PARTS
103,2018-11-14T23:30:20.297Z,FIELD_BEAT_CLIENT|70377400-8|FUNDACION ARTURO LOPEZ PEREZ,70377400-8,FUNDACION ARTURO LOPEZ PEREZ,CORRECTIVA PROGRAMADA,FINISHED,scarcamo,153038,,NO_TICKET_REPORTED,0,0,0,0,0,0,,,,,,,NO_USED_PARTS
101,2018-11-13T11:00:23.689Z,FIELD_BEAT_CLIENT|76.105.383-3|TORRE MÉDICA - RANCAGUA,76.105.383-3,TORRE MÉDICA - RANCAGUA,CORRECTIVA PROGRAMADA,FINISHED,jecheverria,Linac-105277,,NO_TICKET_REPORTED,1,0,0,1,0,1,,,Varta 3.6 vdc 150mAh,Bateria LCD Dose,NO_MATCH,NONE,HAS_UNMATCHED_PARTS
10,2018-08-21T13:07:16.772Z,FIELD_BEAT_CLIENT|76089058-8|EYG MEDICAL SYSTEMS LTDA.,76089058-8,EYG MEDICAL SYSTEMS LTDA.,CORRECTIVA PROGRAMADA,SCHEDULED,,2286,,NO_TICKET_REPORTED,0,0,0,0,0,0,,,,,,,NO_USED_PARTS
223,2019-03-09T11:00:00.000Z,FIELD_BEAT_CLIENT|61.606.500-9|HOSPITAL CARLOS VAN BUREN (SSVSA),61.606.500-9,HOSPITAL CARLOS VAN BUREN (SSVSA),CORRECTIVA PROGRAMADA,FINISHED,jecheverria,Linac-154325,,NO_TICKET_REPORTED,1,0,1,0,0,1,,,nc,nc,PLACEHOLDER_VALUE,PLACEHOLDER_REJECTED,HAS_PLACEHOLDERS
224,2019-03-08T20:00:10.881Z,FIELD_BEAT_CLIENT|81.698.900-0|UC CHRISTUS - CECA,81.698.900-0,UC CHRISTUS - CECA,CORRECTIVA PROGRAMADA,FINISHED,glopez,Linac-153935,,NO_TICKET_REPORTED,1,1,0,0,0,0,1510260R,10703,1510260R,KV Detector Panel,MATCHED,REF_EXACT,OK
229,2019-03-08T21:30:00.000Z,FIELD_BEAT_CLIENT||SERVICIO DE SALUD DE MAGALLANES,,SERVICIO DE SALUD DE MAGALLANES,PREVENTIVA PROGRAMADA,FINISHED,raguila,,,NO_TICKET_REPORTED,1,0,1,0,0,1,,,sn,nc,PLACEHOLDER_VALUE,PLACEHOLDER_REJECTED,HAS_PLACEHOLDERS
230,2019-03-11T12:10:18.063Z,FIELD_BEAT_CLIENT|70377400-8|FUNDACION ARTURO LOPEZ PEREZ,70377400-8,FUNDACION ARTURO LOPEZ PEREZ,CORRECTIVA NO PROGRAMADA,FINISHED,jecheverria,Linac-153038,,NO_TICKET_REPORTED,1,1,0,0,0,0,45133308790,10970,4513 330 8790,Transformador del Gun,MATCHED,REF_NORMALIZED_EXACT,OK
227,2019-03-09T02:00:00.000Z,FIELD_BEAT_CLIENT||CLÍNICA SANATORIO ALEMÁN (ONCORAD),,CLÍNICA SANATORIO ALEMÁN (ONCORAD),CORRECTIVA NO PROGRAMADA,SCHEDULED,,Linac-201110,,NO_TICKET_REPORTED,0,0,0,0,0,0,,,,,,,NO_USED_PARTS
233,2019-03-13T15:50:09.131Z,FIELD_BEAT_CLIENT|79.560.900-8|RADIO NUCLEAR,79.560.900-8,RADIO NUCLEAR,CORRECTIVA NO PROGRAMADA,FINISHED,jecheverria,Linac-151238,,NO_TICKET_REPORTED,1,0,1,0,0,1,,,NC,NC,PLACEHOLDER_VALUE,PLACEHOLDER_REJECTED,HAS_PLACEHOLDERS
234,2019-03-14T20:30:00.000Z,FIELD_BEAT_CLIENT||UC CHRISTUS - CECA,,UC CHRISTUS - CECA,CORRECTIVA PROGRAMADA,FINISHED,glopez,Linac-153935,,NO_TICKET_REPORTED,1,1,0,0,0,0,1502613,10994,1502613,laser ODI lamp,MATCHED,REF_EXACT,OK
228,2019-03-08T17:00:00.000Z,FIELD_BEAT_CLIENT||SERVICIO DE SALUD DE MAGALLANES,,SERVICIO DE SALUD DE MAGALLANES,PREVENTIVA PROGRAMADA,FINISHED,raguila,,,NO_TICKET_REPORTED,1,0,1,0,0,1,,,sn,nc,PLACEHOLDER_VALUE,PLACEHOLDER_REJECTED,HAS_PLACEHOLDERS
232,2019-03-09T03:25:00.000Z,FIELD_BEAT_CLIENT|76.746.730-3|CLÍNICA SANATORIO ALEMÁN (ONCORAD),76.746.730-3,CLÍNICA SANATORIO ALEMÁN (ONCORAD),CORRECTIVA NO PROGRAMADA,FINISHED,mreyes,Linac-201110,,NO_TICKET_REPORTED,1,0,0,1,0,1,,,No hay.,Fusible 3 Amperes,NO_MATCH,NONE,HAS_UNMATCHED_PARTS
209,2019-02-21T18:00:00.000Z,FIELD_BEAT_CLIENT|76.105.383-3|TORRE MÉDICA - RANCAGUA,76.105.383-3,TORRE MÉDICA - RANCAGUA,CORRECTIVA NO PROGRAMADA,FINISHED,mreyes,Linac-105277,,NO_TICKET_REPORTED,1,1,0,0,0,0,1007897,10784,1007897,"Spare Kit, cathode filament carrier assy.",MATCHED,REF_EXACT,OK
225,2019-03-09T11:30:00.000Z,FIELD_BEAT_CLIENT|81.698.900-0|UC CHRISTUS - CECA,81.698.900-0,UC CHRISTUS - CECA,CORRECTIVA PROGRAMADA,FINISHED,glopez,Linac-153935,,NO_TICKET_REPORTED,1,1,0,0,0,0,1510260R,10703,1510260R,KV Detector Panel (XVI),MATCHED,REF_EXACT,OK
240,2019-03-21T17:00:00.000Z,FIELD_BEAT_CLIENT||FUNDACION ARTURO LOPEZ PEREZ,,FUNDACION ARTURO LOPEZ PEREZ,CORRECTIVA NO PROGRAMADA,FINISHED,jecheverria,,,NO_TICKET_REPORTED,1,0,1,0,0,1,,,NC,NC,PLACEHOLDER_VALUE,PLACEHOLDER_REJECTED,HAS_PLACEHOLDERS
242,2019-03-24T15:02:00.000Z,FIELD_BEAT_CLIENT||HOSPITAL CARLOS VAN BUREN (SSVSA),,HOSPITAL CARLOS VAN BUREN (SSVSA),CORRECTIVA PROGRAMADA,FINISHED,mreyes,Linac-154325,,NO_TICKET_REPORTED,1,0,0,1,0,1,,,No hay.,No hay.,NO_MATCH,NONE,HAS_UNMATCHED_PARTS
243,2019-03-23T12:00:00.000Z,FIELD_BEAT_CLIENT||HOSPITAL CARLOS VAN BUREN (SSVSA),,HOSPITAL CARLOS VAN BUREN (SSVSA),CORRECTIVA PROGRAMADA,FINISHED,scarcamo,Linac-154325,,NO_TICKET_REPORTED,0,0,0,0,0,0,,,,,,,NO_USED_PARTS
245,2019-03-27T11:30:35.128Z,FIELD_BEAT_CLIENT|96.770.100-9|CLINICA ALEMANA DE SANTIAGO,96.770.100-9,CLINICA ALEMANA DE SANTIAGO,CORRECTIVA NO PROGRAMADA,FINISHED,jecheverria,Linac-152171,,NO_TICKET_REPORTED,1,1,0,0,0,0,4513316484002R,11977,4513316484002R,Fusible de 10 amp,MATCHED,REF_EXACT,OK
235,2019-03-16T11:00:00.000Z,FIELD_BEAT_CLIENT|70377400-8|FUNDACION ARTURO LOPEZ PEREZ,70377400-8,FUNDACION ARTURO LOPEZ PEREZ,CORRECTIVA PROGRAMADA,FINISHED,jecheverria,Linac-153038,,NO_TICKET_REPORTED,1,1,0,0,0,0,1016476,10913,1016476,4 Motores agility,MATCHED,REF_EXACT,OK
236,2019-03-15T22:00:15.672Z,FIELD_BEAT_CLIENT|76.746.730-3|CLÍNICA SANATORIO ALEMÁN (ONCORAD),76.746.730-3,CLÍNICA SANATORIO ALEMÁN (ONCORAD),CORRECTIVA PROGRAMADA,FINISHED,glopez,Linac-201110,,NO_TICKET_REPORTED,2,1,0,0,1,1,1502964,10892,1502964|45133326854,Kit de luz de campo LED|mylar,MATCHED|AMBIGUOUS_MATCH,REF_EXACT|REF_LIKE,HAS_AMBIGUOUS_PARTS
237,2019-03-19T17:00:00.000Z,FIELD_BEAT_CLIENT||FUNDACION ARTURO LOPEZ PEREZ,,FUNDACION ARTURO LOPEZ PEREZ,CORRECTIVA NO PROGRAMADA,SCHEDULED,,Linac-153038,,NO_TICKET_REPORTED,0,0,0,0,0,0,,,,,,,NO_USED_PARTS
239,2019-03-20T23:01:00.000Z,FIELD_BEAT_CLIENT||FUNDACION ARTURO LOPEZ PEREZ,,FUNDACION ARTURO LOPEZ PEREZ,CORRECTIVA NO PROGRAMADA,FINISHED,jecheverria,,,NO_TICKET_REPORTED,1,0,1,0,0,1,,,NC,NC,PLACEHOLDER_VALUE,PLACEHOLDER_REJECTED,HAS_PLACEHOLDERS
241,2019-03-19T18:10:00.000Z,FIELD_BEAT_CLIENT||FUNDACION ARTURO LOPEZ PEREZ,,FUNDACION ARTURO LOPEZ PEREZ,CORRECTIVA NO PROGRAMADA,FINISHED,jecheverria,,,NO_TICKET_REPORTED,1,0,1,0,0,1,,,,Fuente de Poder Bonbas Ionicas,PLACEHOLDER_VALUE,PLACEHOLDER_REJECTED,HAS_PLACEHOLDERS
238,2019-03-18T20:00:00.000Z,FIELD_BEAT_CLIENT||HOSPITAL CARLOS VAN BUREN (SSVSA),,HOSPITAL CARLOS VAN BUREN (SSVSA),ASISTENCIA REMOTA,FINISHED,scarcamo,Linac-154325,,NO_TICKET_REPORTED,0,0,0,0,0,0,,,,,,,NO_USED_PARTS
244,2019-03-21T19:30:00.000Z,FIELD_BEAT_CLIENT||HOSPITAL CARLOS VAN BUREN (SSVSA),,HOSPITAL CARLOS VAN BUREN (SSVSA),CORRECTIVA PROGRAMADA,FINISHED,scarcamo,Linac-154325,,NO_TICKET_REPORTED,0,0,0,0,0,0,,,,,,,NO_USED_PARTS
246,2019-03-27T16:00:15.401Z,FIELD_BEAT_CLIENT|70377400-8|FUNDACION ARTURO LOPEZ PEREZ,70377400-8,FUNDACION ARTURO LOPEZ PEREZ,PREVENTIVA PROGRAMADA,FINISHED,jecheverria,APOTECA-CHEMO,,NO_TICKET_REPORTED,1,0,1,0,0,1,,,NC,"Alcohol toallas de.limpieza espuma de.limpieza, buzos de limpieza.",PLACEHOLDER_VALUE,PLACEHOLDER_REJECTED,HAS_PLACEHOLDERS
248,2019-03-29T15:00:00.000Z,FIELD_BEAT_CLIENT|96.606.750-0|CLÍNICA ALEMANA DE TEMUCO,96.606.750-0,CLÍNICA ALEMANA DE TEMUCO,PREVENTIVA PROGRAMADA,FINISHED,mreyes,Linac-201073,,NO_TICKET_REPORTED,1,0,0,1,0,1,,,No hay.,No hay.,NO_MATCH,NONE,HAS_UNMATCHED_PARTS
249,2019-03-29T20:30:00.000Z,FIELD_BEAT_CLIENT||CLINICA ALEMANA DE SANTIAGO,,CLINICA ALEMANA DE SANTIAGO,PREVENTIVA PROGRAMADA,FINISHED,scarcamo,Linac-151673,,NO_TICKET_REPORTED,0,0,0,0,0,0,,,,,,,NO_USED_PARTS
251,2019-04-02T15:30:00.000Z,FIELD_BEAT_CLIENT||FUNDACION ARTURO LOPEZ PEREZ,,FUNDACION ARTURO LOPEZ PEREZ,CORRECTIVA NO PROGRAMADA,SCHEDULED,,Linac-153038,,NO_TICKET_REPORTED,0,0,0,0,0,0,,,,,,,NO_USED_PARTS
253,2019-03-29T20:30:00.000Z,FIELD_BEAT_CLIENT||CLINICA ALEMANA DE SANTIAGO,,CLINICA ALEMANA DE SANTIAGO,PREVENTIVA PROGRAMADA,FINISHED,scarcamo,Linac-151673,,NO_TICKET_REPORTED,0,0,0,0,0,0,,,,,,,NO_USED_PARTS
254,2019-04-05T16:00:00.000Z,FIELD_BEAT_CLIENT||CLINICA ALEMANA DE SANTIAGO,,CLINICA ALEMANA DE SANTIAGO,CORRECTIVA PROGRAMADA,FINISHED,jecheverria,Linac-152171,,NO_TICKET_REPORTED,1,0,0,1,0,1,,,12P754WZ058,Valvula motora circuito interno de agua,NO_MATCH,NONE,HAS_UNMATCHED_PARTS
256,2019-04-05T20:45:00.000Z,FIELD_BEAT_CLIENT||UC CHRISTUS - CECA,,UC CHRISTUS - CECA,PREVENTIVA PROGRAMADA,FINISHED,jecheverria,,,NO_TICKET_REPORTED,1,0,1,0,0,1,,,nc,nc,PLACEHOLDER_VALUE,PLACEHOLDER_REJECTED,HAS_PLACEHOLDERS
247,2019-03-28T12:00:45.265Z,FIELD_BEAT_CLIENT|70377400-8|FUNDACION ARTURO LOPEZ PEREZ,70377400-8,FUNDACION ARTURO LOPEZ PEREZ,PUESTA EN MARCHA,FINISHED,jecheverria,APOTECA-CHEMO,,NO_TICKET_REPORTED,1,0,1,0,0,1,,,N/C,N/C,PLACEHOLDER_VALUE,PLACEHOLDER_REJECTED,HAS_PLACEHOLDERS
250,2019-03-29T18:00:00.000Z,FIELD_BEAT_CLIENT||INRAD,,INRAD,CORRECTIVA NO PROGRAMADA,FINISHED,scarcamo,Linac-201172,,NO_TICKET_REPORTED,1,0,0,1,0,1,,,13289,Ampolleta Halogena 13.8v 50W,NO_MATCH,NONE,HAS_UNMATCHED_PARTS
252,2019-04-02T15:30:00.000Z,FIELD_BEAT_CLIENT||FUNDACION ARTURO LOPEZ PEREZ,,FUNDACION ARTURO LOPEZ PEREZ,CORRECTIVA NO PROGRAMADA,FINISHED,scarcamo,Linac-153038,,NO_TICKET_REPORTED,5,4,0,1,0,1,1010848|1507089|45133501070|1018559,11037|11644|10566|10724,1010848|1507089|45133501070|1018559|1538489,Espejo Mylar|PCB Router|Pendant - Handheld Controller|4 Ventiladores para Bancos de Láminas.|Diaphragms PCB,MATCHED|NO_MATCH,REF_EXACT|NONE,HAS_UNMATCHED_PARTS
255,2019-04-05T17:00:00.000Z,FIELD_BEAT_CLIENT||CLÍNICA SANATORIO ALEMÁN (ONCORAD),,CLÍNICA SANATORIO ALEMÁN (ONCORAD),PREVENTIVA PROGRAMADA,FINISHED,mreyes,,,NO_TICKET_REPORTED,1,0,0,1,0,1,,,No hay,Grasa EP2,NO_MATCH,NONE,HAS_UNMATCHED_PARTS
258,2019-04-08T11:00:00.000Z,FIELD_BEAT_CLIENT||CLINICA ALEMANA DE SANTIAGO,,CLINICA ALEMANA DE SANTIAGO,CORRECTIVA PROGRAMADA,FINISHED,scarcamo,OIS-CAS,,NO_TICKET_REPORTED,0,0,0,0,0,0,,,,,,,NO_USED_PARTS
260,2019-04-08T21:00:12.157Z,FIELD_BEAT_CLIENT|61.606.500-9|HOSPITAL CARLOS VAN BUREN (SSVSA),61.606.500-9,HOSPITAL CARLOS VAN BUREN (SSVSA),CORRECTIVA PROGRAMADA,FINISHED,mreyes,Linac-154325|TPS-HCVB|OIS-HCVB,,NO_TICKET_REPORTED,1,0,0,1,0,1,,,No hay.,No hay.,NO_MATCH,NONE,HAS_UNMATCHED_PARTS
267,2019-04-13T12:30:00.000Z,FIELD_BEAT_CLIENT|70377400-8|FUNDACION ARTURO LOPEZ PEREZ,70377400-8,FUNDACION ARTURO LOPEZ PEREZ,CORRECTIVA PROGRAMADA,FINISHED,mreyes,Linac-153038,,NO_TICKET_REPORTED,1,0,0,1,0,1,,,No hay.,No hay.,NO_MATCH,NONE,HAS_UNMATCHED_PARTS
268,2019-04-13T19:30:00.000Z,FIELD_BEAT_CLIENT||FUNDACION ARTURO LOPEZ PEREZ,,FUNDACION ARTURO LOPEZ PEREZ,CORRECTIVA PROGRAMADA,FINISHED,mreyes,,,NO_TICKET_REPORTED,1,0,0,1,0,1,,,No hay.,No hay,NO_MATCH,NONE,HAS_UNMATCHED_PARTS
257,2019-04-06T10:30:00.000Z,FIELD_BEAT_CLIENT||FUNDACION ARTURO LOPEZ PEREZ,,FUNDACION ARTURO LOPEZ PEREZ,CORRECTIVA PROGRAMADA,FINISHED,scarcamo,Linac-153038,,NO_TICKET_REPORTED,1,1,0,0,0,0,R1510260,11815,R1510260,Panel XVI,MATCHED,REF_EXACT,OK
259,2019-04-08T10:30:40.143Z,FIELD_BEAT_CLIENT|61.606.500-9|HOSPITAL CARLOS VAN BUREN (SSVSA),61.606.500-9,HOSPITAL CARLOS VAN BUREN (SSVSA),CORRECTIVA PROGRAMADA,FINISHED,mreyes,Linac-154325,,NO_TICKET_REPORTED,1,1,0,0,0,1,45133305658_usado,11864,4513 330 5658,Multiplex Terminal Unit (MTU).  N/S 2115995,MATCHED,REF_LIKE,REVIEW_REQUIRED
261,2019-04-08T11:00:00.000Z,FIELD_BEAT_CLIENT||FUNDACION ARTURO LOPEZ PEREZ,,FUNDACION ARTURO LOPEZ PEREZ,CORRECTIVA NO PROGRAMADA,FINISHED,scarcamo,Linac-153038,,NO_TICKET_REPORTED,0,0,0,0,0,0,,,,,,,NO_USED_PARTS
263,2019-04-08T12:30:00.000Z,FIELD_BEAT_CLIENT||INRAD,,INRAD,ASISTENCIA REMOTA,FINISHED,scarcamo,OIS-INRAD,,NO_TICKET_REPORTED,0,0,0,0,0,0,,,,,,,NO_USED_PARTS
264,2019-04-09T19:50:00.000Z,FIELD_BEAT_CLIENT||UC CHRISTUS - CECA,,UC CHRISTUS - CECA,CORRECTIVA NO PROGRAMADA,FINISHED,mreyes,Linac-153935,,NO_TICKET_REPORTED,1,0,0,1,0,1,,,No hay.,No hay.,NO_MATCH,NONE,HAS_UNMATCHED_PARTS
265,2019-04-10T13:30:05.338Z,FIELD_BEAT_CLIENT|61.606.500-9|HOSPITAL CARLOS VAN BUREN (SSVSA),61.606.500-9,HOSPITAL CARLOS VAN BUREN (SSVSA),CORRECTIVA NO PROGRAMADA,FINISHED,jecheverria,Linac-154325,,NO_TICKET_REPORTED,1,1,0,0,0,0,821321900352,11061,821321900352,Fusible 10 amp.,MATCHED,REF_EXACT,OK
266,2019-04-12T19:00:42.452Z,FIELD_BEAT_CLIENT|96.770.100-9|CLINICA ALEMANA DE SANTIAGO,96.770.100-9,CLINICA ALEMANA DE SANTIAGO,CORRECTIVA PROGRAMADA,FINISHED,jecheverria,Linac-151673,,NO_TICKET_REPORTED,1,1,0,0,0,1,1016474_usado,11873,1016474,Frenos de DLG,MATCHED,REF_LIKE,REVIEW_REQUIRED
269,2019-04-15T23:00:00.000Z,FIELD_BEAT_CLIENT||UC CHRISTUS - CECA,,UC CHRISTUS - CECA,CORRECTIVA PROGRAMADA,FINISHED,glopez,,,NO_TICKET_REPORTED,1,0,0,1,0,1,,,no hay,no hay,NO_MATCH,NONE,HAS_UNMATCHED_PARTS
270,2019-04-23T14:00:02.585Z,FIELD_BEAT_CLIENT|70377400-8|FUNDACION ARTURO LOPEZ PEREZ,70377400-8,FUNDACION ARTURO LOPEZ PEREZ,,ARCHIVED,,APOTECA-CHEMO,,NO_TICKET_REPORTED,0,0,0,0,0,0,,,,,,,NO_USED_PARTS
272,2019-04-26T21:00:00.000Z,FIELD_BEAT_CLIENT|81.698.900-0|UC CHRISTUS - CECA,81.698.900-0,UC CHRISTUS - CECA,CORRECTIVA PROGRAMADA,FINISHED,scarcamo,Linac-153935,,NO_TICKET_REPORTED,0,0,0,0,0,0,,,,,,,NO_USED_PARTS
273,2019-04-24T15:35:00.000Z,FIELD_BEAT_CLIENT||SERVICIO DE SALUD DE MAGALLANES,,SERVICIO DE SALUD DE MAGALLANES,CORRECTIVA NO PROGRAMADA,FINISHED,raguila,,,NO_TICKET_REPORTED,1,0,1,0,0,1,,,n/c,n/c,PLACEHOLDER_VALUE,PLACEHOLDER_REJECTED,HAS_PLACEHOLDERS
274,2019-04-29T11:50:00.000Z,FIELD_BEAT_CLIENT||SERVICIO DE SALUD DE MAGALLANES,,SERVICIO DE SALUD DE MAGALLANES,CORRECTIVA NO PROGRAMADA,SCHEDULED,,,,NO_TICKET_REPORTED,1,0,1,0,0,1,,,N/C,N/C,PLACEHOLDER_VALUE,PLACEHOLDER_REJECTED,HAS_PLACEHOLDERS
276,2019-05-06T11:10:00.000Z,FIELD_BEAT_CLIENT||CLINICA ALEMANA DE SANTIAGO,,CLINICA ALEMANA DE SANTIAGO,ASISTENCIA REMOTA,FINISHED,scarcamo,Linac-151673,,NO_TICKET_REPORTED,0,0,0,0,0,0,,,,,,,NO_USED_PARTS
277,2019-05-09T18:00:00.000Z,FIELD_BEAT_CLIENT|70377400-8|FUNDACION ARTURO LOPEZ PEREZ,70377400-8,FUNDACION ARTURO LOPEZ PEREZ,CORRECTIVA PROGRAMADA,FINISHED,mreyes,,,NO_TICKET_REPORTED,1,0,0,1,0,1,,,No hay,No hay,NO_MATCH,NONE,HAS_UNMATCHED_PARTS
278,2019-05-09T17:25:00.000Z,FIELD_BEAT_CLIENT|70377400-8|FUNDACION ARTURO LOPEZ PEREZ,70377400-8,FUNDACION ARTURO LOPEZ PEREZ,CORRECTIVA NO PROGRAMADA,ARCHIVED,,,,NO_TICKET_REPORTED,0,0,0,0,0,0,,,,,,,NO_USED_PARTS
279,2019-05-10T21:15:31.382Z,FIELD_BEAT_CLIENT|81.698.900-0|UC CHRISTUS - CECA,81.698.900-0,UC CHRISTUS - CECA,PREVENTIVA PROGRAMADA,FINISHED,glopez,Linac-153935,,NO_TICKET_REPORTED,1,0,0,1,0,1,,,no hay,no hay,NO_MATCH,NONE,HAS_UNMATCHED_PARTS
280,2019-05-14T16:15:00.000Z,FIELD_BEAT_CLIENT||CLINICA ALEMANA DE SANTIAGO,,CLINICA ALEMANA DE SANTIAGO,CORRECTIVA PROGRAMADA,FINISHED,scarcamo,Linac-151673,,NO_TICKET_REPORTED,0,0,0,0,0,0,,,,,,,NO_USED_PARTS
281,2019-05-14T17:58:00.000Z,FIELD_BEAT_CLIENT||CLINICA ALEMANA DE SANTIAGO,,CLINICA ALEMANA DE SANTIAGO,CORRECTIVA PROGRAMADA,FINISHED,scarcamo,OIS-CAS,,NO_TICKET_REPORTED,0,0,0,0,0,0,,,,,,,NO_USED_PARTS
282,2019-05-17T22:00:00.000Z,FIELD_BEAT_CLIENT|70377400-8|FUNDACION ARTURO LOPEZ PEREZ,70377400-8,FUNDACION ARTURO LOPEZ PEREZ,CORRECTIVA PROGRAMADA,FINISHED,mreyes,LINAC-153038,,NO_TICKET_REPORTED,1,1,0,0,0,1,1014204,10952,"Ion Chamber. 1014204-08

SIB. 1006737","Ion Chamber. Serie 07181000106B40-8

Signal Input Board PCB. Serie 2488895.",MATCHED,REF_LIKE,REVIEW_REQUIRED
283,2019-05-18T12:30:00.000Z,FIELD_BEAT_CLIENT|70377400-8|FUNDACION ARTURO LOPEZ PEREZ,70377400-8,FUNDACION ARTURO LOPEZ PEREZ,CORRECTIVA PROGRAMADA,FINISHED,scarcamo,LINAC-153038,,NO_TICKET_REPORTED,0,0,0,0,0,0,,,,,,,NO_USED_PARTS
284,2019-05-15T13:37:04.891Z,FIELD_BEAT_CLIENT||ACME,,ACME,CORRECTIVA PROGRAMADA,SCHEDULED,,153038,,NO_TICKET_REPORTED,1,0,0,1,0,1,,,no hay,no hay,NO_MATCH,NONE,HAS_UNMATCHED_PARTS
271,2019-04-25T14:00:58.390Z,FIELD_BEAT_CLIENT|70377400-8|FUNDACION ARTURO LOPEZ PEREZ,70377400-8,FUNDACION ARTURO LOPEZ PEREZ,,FINISHED,jecheverria,APOTECA-CHEMO,,NO_TICKET_REPORTED,1,0,1,0,0,1,,,nc,nc,PLACEHOLDER_VALUE,PLACEHOLDER_REJECTED,HAS_PLACEHOLDERS
275,2019-04-29T11:50:00.000Z,FIELD_BEAT_CLIENT||SERVICIO DE SALUD DE MAGALLANES,,SERVICIO DE SALUD DE MAGALLANES,CORRECTIVA NO PROGRAMADA,FINISHED,raguila,,,NO_TICKET_REPORTED,1,0,1,0,0,1,,,N/C,N/C,PLACEHOLDER_VALUE,PLACEHOLDER_REJECTED,HAS_PLACEHOLDERS
285,2019-05-15T13:48:37.411Z,FIELD_BEAT_CLIENT||ACME,,ACME,CORRECTIVA PROGRAMADA,SCHEDULED,,153038,,NO_TICKET_REPORTED,0,0,0,0,0,0,,,,,,,NO_USED_PARTS
286,2019-05-15T15:00:20.866Z,FIELD_BEAT_CLIENT|61.606.500-9|HOSPITAL CARLOS VAN BUREN (SSVSA),61.606.500-9,HOSPITAL CARLOS VAN BUREN (SSVSA),CORRECTIVA NO PROGRAMADA,FINISHED,mreyes,Linac-154325,,NO_TICKET_REPORTED,1,0,0,1,0,1,,,No hay.,No hay.,NO_MATCH,NONE,HAS_UNMATCHED_PARTS
287,2019-05-17T21:00:00.000Z,FIELD_BEAT_CLIENT|81.698.900-0|UC CHRISTUS - CECA,81.698.900-0,UC CHRISTUS - CECA,CORRECTIVA PROGRAMADA,FINISHED,glopez,Linac-153935,,NO_TICKET_REPORTED,2,1,0,1,0,2,1016472_usado,11874,1538489|1016472,PCB diaphragm drive|diaphragm brake x 2 unidades,NO_MATCH|MATCHED,NONE|REF_LIKE,HAS_UNMATCHED_PARTS
288,2019-05-20T22:00:52.391Z,FIELD_BEAT_CLIENT|70377400-8|FUNDACION ARTURO LOPEZ PEREZ,70377400-8,FUNDACION ARTURO LOPEZ PEREZ,CORRECTIVA PROGRAMADA,FINISHED,rcammalleri,TPS-FALP,,NO_TICKET_REPORTED,1,0,1,0,0,1,,,N/A,N/A,PLACEHOLDER_VALUE,PLACEHOLDER_REJECTED,HAS_PLACEHOLDERS
289,2019-05-16T16:30:00.000Z,FIELD_BEAT_CLIENT||SERVICIO DE SALUD DE MAGALLANES,,SERVICIO DE SALUD DE MAGALLANES,PREVENTIVA PROGRAMADA,FINISHED,raguila,,,NO_TICKET_REPORTED,1,0,1,0,0,1,,,N/C,"Low voltaje halogen lamp marca Philips de 13,8 V - 50W",PLACEHOLDER_VALUE,PLACEHOLDER_REJECTED,HAS_PLACEHOLDERS
290,2019-05-24T14:40:00.000Z,FIELD_BEAT_CLIENT||SERVICIO DE SALUD DE MAGALLANES,,SERVICIO DE SALUD DE MAGALLANES,CORRECTIVA NO PROGRAMADA,FINISHED,raguila,,,NO_TICKET_REPORTED,1,0,1,0,0,1,,,N/C,N/C,PLACEHOLDER_VALUE,PLACEHOLDER_REJECTED,HAS_PLACEHOLDERS
291,2019-05-27T11:00:00.000Z,FIELD_BEAT_CLIENT||HOSPITAL CARLOS VAN BUREN (SSVSA),,HOSPITAL CARLOS VAN BUREN (SSVSA),CORRECTIVA PROGRAMADA,FINISHED,mreyes,,,NO_TICKET_REPORTED,1,1,0,0,0,0,821321900352,11061,821321900352,Fusible 10 Amperes 32V con retardo.,MATCHED,REF_EXACT,OK
292,2019-05-28T14:00:00.000Z,FIELD_BEAT_CLIENT|61.605.000-1|INSTITUTO DE SALUD PUBLICA (ISP),61.605.000-1,INSTITUTO DE SALUD PUBLICA (ISP),PREVENTIVA PROGRAMADA,FINISHED,mreyes,PANASONIC-ISP,,NO_TICKET_REPORTED,1,0,0,1,0,1,,,No hay.,"Alcohol Isopropilico.

Paños de limpieza.",NO_MATCH,NONE,HAS_UNMATCHED_PARTS
293,2019-05-30T12:10:00.000Z,FIELD_BEAT_CLIENT|70377400-8|FUNDACION ARTURO LOPEZ PEREZ,70377400-8,FUNDACION ARTURO LOPEZ PEREZ,CORRECTIVA NO PROGRAMADA,FINISHED,mreyes,,,NO_TICKET_REPORTED,1,0,0,1,0,1,,,5295001R001,Ipcu 2 ch  positive,NO_MATCH,NONE,HAS_UNMATCHED_PARTS
304,2019-06-19T20:00:00.000Z,FIELD_BEAT_CLIENT|61.607.901-8|SERVICIO DE SALUD DE MAGALLANES,61.607.901-8,SERVICIO DE SALUD DE MAGALLANES,PREVENTIVA PROGRAMADA,FINISHED,raguila,SIM-HCM,,NO_TICKET_REPORTED,1,0,1,0,0,1,,,,N/C,PLACEHOLDER_VALUE,PLACEHOLDER_REJECTED,HAS_PLACEHOLDERS
305,2019-06-21T17:00:00.000Z,FIELD_BEAT_CLIENT|61.606.500-9|HOSPITAL CARLOS VAN BUREN (SSVSA),61.606.500-9,HOSPITAL CARLOS VAN BUREN (SSVSA),PREVENTIVA PROGRAMADA,FINISHED,mreyes,Linac-154325,,NO_TICKET_REPORTED,1,0,1,0,0,1,,,Sin número,"Grasa Ep2.  
Limpia contacto. 
Paños de limpieza.  
Alcohol isopropilico.",PLACEHOLDER_VALUE,PLACEHOLDER_REJECTED,HAS_PLACEHOLDERS
306,2019-06-21T15:00:00.000Z,FIELD_BEAT_CLIENT|96.770.100-9|CLINICA ALEMANA DE SANTIAGO,96.770.100-9,CLINICA ALEMANA DE SANTIAGO,PREVENTIVA PROGRAMADA,SCHEDULED,,Linac-152171,,NO_TICKET_REPORTED,0,0,0,0,0,0,,,,,,,NO_USED_PARTS
308,2019-07-05T20:00:00.000Z,FIELD_BEAT_CLIENT|61.607.901-8|SERVICIO DE SALUD DE MAGALLANES,61.607.901-8,SERVICIO DE SALUD DE MAGALLANES,PREVENTIVA PROGRAMADA,FINISHED,raguila,Linac-152280,,NO_TICKET_REPORTED,2,1,1,0,0,2,1020850,11004,N/C|1020850 serial nro.2109688,"Grasa Multiuso EP-2,alcohol isopropilico, wd-40, limpia contacto, paños de limpieza.|Programmed PCB (PPG)",PLACEHOLDER_VALUE|MATCHED,PLACEHOLDER_REJECTED|REF_LIKE,HAS_PLACEHOLDERS
309,2019-07-05T14:00:00.000Z,FIELD_BEAT_CLIENT|96.606.750-0|CLÍNICA ALEMANA DE TEMUCO,96.606.750-0,CLÍNICA ALEMANA DE TEMUCO,PREVENTIVA PROGRAMADA,FINISHED,mreyes,Linac-201073,,NO_TICKET_REPORTED,1,0,0,1,0,1,,,No hay.,Grasa.  WD40.  Aceite de máquina.,NO_MATCH,NONE,HAS_UNMATCHED_PARTS
310,2019-07-26T21:00:00.000Z,FIELD_BEAT_CLIENT|96.770.100-9|CLINICA ALEMANA DE SANTIAGO,96.770.100-9,CLINICA ALEMANA DE SANTIAGO,PREVENTIVA PROGRAMADA,FINISHED,rguapache,Linac-151673,,NO_TICKET_REPORTED,0,0,0,0,0,0,,,,,,,NO_USED_PARTS
312,2019-06-12T15:30:25.140Z,FIELD_BEAT_CLIENT|70377400-8|FUNDACION ARTURO LOPEZ PEREZ,70377400-8,FUNDACION ARTURO LOPEZ PEREZ,CORRECTIVA NO PROGRAMADA,FINISHED,scarcamo,LINAC-153038,,NO_TICKET_REPORTED,1,1,0,0,0,0,1016476,10913,1016476,"2 x Kit Tornillo, Motor y Nuez de Lámina Agility",MATCHED,REF_EXACT,OK
313,2019-06-13T12:00:45.530Z,FIELD_BEAT_CLIENT|81.698.900-0|UC CHRISTUS - CECA,81.698.900-0,UC CHRISTUS - CECA,CORRECTIVA NO PROGRAMADA,FINISHED,scarcamo,Linac-153935,,NO_TICKET_REPORTED,3,2,0,1,0,1,1016476|1507089,10913|11644,1516940|1016476|1507089,2 x Leaf Motor Drive Module PCB|4 x Kit Tornillo Nuez y Motor|Router PCB,NO_MATCH|MATCHED,NONE|REF_EXACT,HAS_UNMATCHED_PARTS
314,2019-06-14T23:20:00.000Z,FIELD_BEAT_CLIENT||UC CHRISTUS - CECA,,UC CHRISTUS - CECA,CORRECTIVA NO PROGRAMADA,FINISHED,glopez,,,NO_TICKET_REPORTED,0,0,0,0,0,0,,,,,,,NO_USED_PARTS
315,2019-06-14T22:30:00.000Z,FIELD_BEAT_CLIENT|70377400-8|FUNDACION ARTURO LOPEZ PEREZ,70377400-8,FUNDACION ARTURO LOPEZ PEREZ,PREVENTIVA PROGRAMADA,FINISHED,scarcamo,,,NO_TICKET_REPORTED,0,0,0,0,0,0,,,,,,,NO_USED_PARTS
320,2019-06-14T12:10:00.000Z,FIELD_BEAT_CLIENT||SERVICIO DE SALUD DE MAGALLANES,,SERVICIO DE SALUD DE MAGALLANES,CORRECTIVA NO PROGRAMADA,FINISHED,raguila,,,NO_TICKET_REPORTED,1,0,0,1,0,1,,,45133308710,Fuente de Poder,NO_MATCH,NONE,HAS_UNMATCHED_PARTS
321,2019-06-23T18:17:00.000Z,FIELD_BEAT_CLIENT||ACME,,ACME,CORRECTIVA PROGRAMADA,SCHEDULED,,153038,,NO_TICKET_REPORTED,0,0,0,0,0,0,,,,,,,NO_USED_PARTS
323,2019-06-21T15:00:00.000Z,FIELD_BEAT_CLIENT||CLINICA ALEMANA DE SANTIAGO,,CLINICA ALEMANA DE SANTIAGO,CORRECTIVA PROGRAMADA,FINISHED,scarcamo,Linac-152171,,NO_TICKET_REPORTED,1,1,0,0,0,0,45133304800,10375,4513 330 4800,Electron Gun Assy,MATCHED,REF_NORMALIZED_EXACT,OK
294,2019-05-15T13:00:00.000Z,FIELD_BEAT_CLIENT||CLÍNICA SANATORIO ALEMÁN (ONCORAD),,CLÍNICA SANATORIO ALEMÁN (ONCORAD),ASISTENCIA REMOTA,FINISHED,mreyes,,,NO_TICKET_REPORTED,1,0,0,1,0,1,,,No hay.,No hay.,NO_MATCH,NONE,HAS_UNMATCHED_PARTS
295,2019-05-22T12:00:00.000Z,FIELD_BEAT_CLIENT||CLÍNICA SANATORIO ALEMÁN (ONCORAD),,CLÍNICA SANATORIO ALEMÁN (ONCORAD),ASISTENCIA REMOTA,FINISHED,mreyes,,,NO_TICKET_REPORTED,1,0,0,1,0,1,,,No hay.,No hay.,NO_MATCH,NONE,HAS_UNMATCHED_PARTS
296,2019-05-30T11:45:47.808Z,FIELD_BEAT_CLIENT|70377400-8|FUNDACION ARTURO LOPEZ PEREZ,70377400-8,FUNDACION ARTURO LOPEZ PEREZ,CORRECTIVA NO PROGRAMADA,FINISHED,rcammalleri,TPS-FALP,,NO_TICKET_REPORTED,1,0,1,0,0,1,,,N/A,N/A,PLACEHOLDER_VALUE,PLACEHOLDER_REJECTED,HAS_PLACEHOLDERS
297,2019-06-03T19:00:00.000Z,FIELD_BEAT_CLIENT||Instituto Nacional del Cáncer (INC),,Instituto Nacional del Cáncer (INC),REQUERIMIENTO DEL CLIENTE,FINISHED,scarcamo,,,NO_TICKET_REPORTED,0,0,0,0,0,0,,,,,,,NO_USED_PARTS
298,2019-06-03T18:20:11.537Z,FIELD_BEAT_CLIENT|61.608.404-6|Instituto Nacional del Cáncer (INC),61.608.404-6,Instituto Nacional del Cáncer (INC),CORRECTIVA PROGRAMADA,SCHEDULED,,,,NO_TICKET_REPORTED,0,0,0,0,0,0,,,,,,,NO_USED_PARTS
301,2019-06-07T17:00:10.197Z,FIELD_BEAT_CLIENT|61.606.500-9|HOSPITAL CARLOS VAN BUREN (SSVSA),61.606.500-9,HOSPITAL CARLOS VAN BUREN (SSVSA),REQUERIMIENTO DEL CLIENTE,FINISHED,mreyes,OIS-HCVB,,NO_TICKET_REPORTED,1,0,0,1,0,1,,,No hay,"Repiza metálica de 60 x 23,5 Cm

Pack teclado y mouse. Marca Ultra.

Tornillos rosca. 

Tarugos de volcanita. 

Amarras plásticas.",NO_MATCH,NONE,HAS_UNMATCHED_PARTS
302,2019-06-07T23:00:03.653Z,FIELD_BEAT_CLIENT|70377400-8|FUNDACION ARTURO LOPEZ PEREZ,70377400-8,FUNDACION ARTURO LOPEZ PEREZ,CORRECTIVA PROGRAMADA,FINISHED,glopez,LINAC-153038,,NO_TICKET_REPORTED,1,0,0,1,0,1,,,no hay,no hay,NO_MATCH,NONE,HAS_UNMATCHED_PARTS
303,2019-06-14T22:00:00.000Z,FIELD_BEAT_CLIENT|70377400-8|FUNDACION ARTURO LOPEZ PEREZ,70377400-8,FUNDACION ARTURO LOPEZ PEREZ,PREVENTIVA PROGRAMADA,SCHEDULED,,LINAC-153038,,NO_TICKET_REPORTED,0,0,0,0,0,0,,,,,,,NO_USED_PARTS
307,2019-07-05T21:00:00.000Z,FIELD_BEAT_CLIENT|81.698.900-0|UC CHRISTUS - CECA,81.698.900-0,UC CHRISTUS - CECA,PREVENTIVA PROGRAMADA,FINISHED,glopez,Linac-153935,,NO_TICKET_REPORTED,1,0,1,0,0,1,,,,2 filtros de agua,PLACEHOLDER_VALUE,PLACEHOLDER_REJECTED,HAS_PLACEHOLDERS
311,2019-07-26T17:00:00.000Z,FIELD_BEAT_CLIENT|61.606.500-9|HOSPITAL CARLOS VAN BUREN (SSVSA),61.606.500-9,HOSPITAL CARLOS VAN BUREN (SSVSA),PREVENTIVA PROGRAMADA,FINISHED,mreyes,Linac-154325,,NO_TICKET_REPORTED,1,0,0,1,0,1,,,101674,"2 Nr. Kit spares, DLG Brake.",NO_MATCH,NONE,HAS_UNMATCHED_PARTS
316,2019-06-18T21:30:00.000Z,FIELD_BEAT_CLIENT|70377400-8|FUNDACION ARTURO LOPEZ PEREZ,70377400-8,FUNDACION ARTURO LOPEZ PEREZ,CORRECTIVA PROGRAMADA,FINISHED,scarcamo,,,NO_TICKET_REPORTED,0,0,0,0,0,0,,,,,,,NO_USED_PARTS
317,2019-06-12T20:30:00.000Z,FIELD_BEAT_CLIENT||SERVICIO DE SALUD DE MAGALLANES,,SERVICIO DE SALUD DE MAGALLANES,PREVENTIVA PROGRAMADA,FINISHED,raguila,,,NO_TICKET_REPORTED,2,2,0,0,0,0,4513332644304F|8113024252101J,10304|10325,4513332644304F|8113024252101J,01 Motor Assembly|01 Lead Screw Assembly,MATCHED,REF_EXACT,OK
318,2019-06-18T20:00:00.000Z,FIELD_BEAT_CLIENT|76.746.730-3|CLÍNICA SANATORIO ALEMÁN (ONCORAD),76.746.730-3,CLÍNICA SANATORIO ALEMÁN (ONCORAD),CORRECTIVA NO PROGRAMADA,FINISHED,mreyes,Linac-201110,,NO_TICKET_REPORTED,1,0,0,1,0,1,,,No hay.,No hay.,NO_MATCH,NONE,HAS_UNMATCHED_PARTS
319,2019-06-19T14:15:06.356Z,FIELD_BEAT_CLIENT|79.560.900-8|RADIO NUCLEAR,79.560.900-8,RADIO NUCLEAR,CORRECTIVA NO PROGRAMADA,ARCHIVED,,Linac-151238,,NO_TICKET_REPORTED,0,0,0,0,0,0,,,,,,,NO_USED_PARTS
322,2019-06-23T18:19:00.000Z,FIELD_BEAT_CLIENT||ACME,,ACME,,SCHEDULED,,153038,,NO_TICKET_REPORTED,0,0,0,0,0,0,,,,,,,NO_USED_PARTS
327,2019-07-05T17:00:00.000Z,FIELD_BEAT_CLIENT|61.606.901-2|HOSPITAL REGIONAL DE TALCA,61.606.901-2,HOSPITAL REGIONAL DE TALCA,PREVENTIVA PROGRAMADA,SCHEDULED,,LAP-Laser_HRT,,NO_TICKET_REPORTED,0,0,0,0,0,0,,,,,,,NO_USED_PARTS
329,2019-07-01T13:00:00.000Z,FIELD_BEAT_CLIENT|70377400-8|FUNDACION ARTURO LOPEZ PEREZ,70377400-8,FUNDACION ARTURO LOPEZ PEREZ,REQUERIMIENTO DEL CLIENTE,FINISHED,rcammalleri,APOTECA-CHEMO,,NO_TICKET_REPORTED,1,0,1,0,0,1,,,N/A,N/A,PLACEHOLDER_VALUE,PLACEHOLDER_REJECTED,HAS_PLACEHOLDERS
331,2019-07-05T17:00:00.000Z,FIELD_BEAT_CLIENT||HOSPITAL REGIONAL DE TALCA,,HOSPITAL REGIONAL DE TALCA,PREVENTIVA PROGRAMADA,FINISHED,scarcamo,LAP-Laser_HRT,,NO_TICKET_REPORTED,0,0,0,0,0,0,,,,,,,NO_USED_PARTS
332,2019-07-05T18:00:00.000Z,FIELD_BEAT_CLIENT||SERVICIO DE SALUD DE MAGALLANES,,SERVICIO DE SALUD DE MAGALLANES,PREVENTIVA PROGRAMADA,FINISHED,raguila,,,NO_TICKET_REPORTED,1,0,0,1,0,1,,,1015459,Tarjeta electrónica Linac Interface Board (LIB),NO_MATCH,NONE,HAS_UNMATCHED_PARTS
333,2019-07-10T01:00:00.000Z,FIELD_BEAT_CLIENT|70377400-8|FUNDACION ARTURO LOPEZ PEREZ,70377400-8,FUNDACION ARTURO LOPEZ PEREZ,CORRECTIVA PROGRAMADA,FINISHED,scarcamo,,,NO_TICKET_REPORTED,1,1,0,0,0,1,SAT-A3004-10,12080,at-a3004,Filament Driver,MATCHED,REF_LIKE,REVIEW_REQUIRED
334,2019-07-10T22:00:00.000Z,FIELD_BEAT_CLIENT||CLINICA ALEMANA DE SANTIAGO,,CLINICA ALEMANA DE SANTIAGO,CORRECTIVA NO PROGRAMADA,FINISHED,scarcamo,Linac-152171,,NO_TICKET_REPORTED,0,0,0,0,0,0,,,,,,,NO_USED_PARTS
335,2019-07-11T14:00:52.136Z,FIELD_BEAT_CLIENT|76.105.383-3|TORRE MÉDICA - RANCAGUA,76.105.383-3,TORRE MÉDICA - RANCAGUA,CORRECTIVA PROGRAMADA,FINISHED,jecheverria,Linac-105277,,NO_TICKET_REPORTED,1,0,1,0,0,1,,,SN,N/C,PLACEHOLDER_VALUE,PLACEHOLDER_REJECTED,HAS_PLACEHOLDERS
336,2019-07-11T14:00:25.916Z,FIELD_BEAT_CLIENT|96.770.100-9|CLINICA ALEMANA DE SANTIAGO,96.770.100-9,CLINICA ALEMANA DE SANTIAGO,CORRECTIVA PROGRAMADA,FINISHED,rcammalleri,Linac-152171,,NO_TICKET_REPORTED,1,1,0,0,0,0,1022096,10775,1022096,FAN ASSY 70X70X15MM,MATCHED,REF_EXACT,OK
337,2019-07-12T14:00:32.690Z,FIELD_BEAT_CLIENT|96.757.430-9|INRAD,96.757.430-9,INRAD,CORRECTIVA PROGRAMADA,FINISHED,jecheverria,Linac-201172,,NO_TICKET_REPORTED,1,0,1,0,0,1,,,NC,"Wd-40 ; grasa multiuso, alcohol isopropilico, limpia contacto, paños de limpieza.",PLACEHOLDER_VALUE,PLACEHOLDER_REJECTED,HAS_PLACEHOLDERS
338,2019-07-12T22:00:00.000Z,FIELD_BEAT_CLIENT||HOSPITAL CARLOS VAN BUREN (SSVSA),,HOSPITAL CARLOS VAN BUREN (SSVSA),CORRECTIVA PROGRAMADA,FINISHED,scarcamo,Linac-154325,,NO_TICKET_REPORTED,0,0,0,0,0,0,,,,,,,NO_USED_PARTS
344,2019-07-22T13:17:00.000Z,FIELD_BEAT_CLIENT|70377400-8|FUNDACION ARTURO LOPEZ PEREZ,70377400-8,FUNDACION ARTURO LOPEZ PEREZ,CORRECTIVA PROGRAMADA,SCHEDULED,,,,NO_TICKET_REPORTED,0,0,0,0,0,0,,,,,,,NO_USED_PARTS
324,2019-06-26T13:00:00.000Z,FIELD_BEAT_CLIENT|70377400-8|FUNDACION ARTURO LOPEZ PEREZ,70377400-8,FUNDACION ARTURO LOPEZ PEREZ,REQUERIMIENTO DEL CLIENTE,FINISHED,rcammalleri,,,NO_TICKET_REPORTED,1,0,1,0,0,1,,,N/A,N/A,PLACEHOLDER_VALUE,PLACEHOLDER_REJECTED,HAS_PLACEHOLDERS
325,2019-06-28T15:48:00.000Z,FIELD_BEAT_CLIENT||TORRE MÉDICA - RANCAGUA,,TORRE MÉDICA - RANCAGUA,CORRECTIVA PROGRAMADA,FINISHED,mreyes,,,NO_TICKET_REPORTED,1,0,0,1,0,1,,,No hay,No hay.,NO_MATCH,NONE,HAS_UNMATCHED_PARTS
326,2019-06-28T15:40:00.000Z,FIELD_BEAT_CLIENT||SERVICIO DE SALUD DE MAGALLANES,,SERVICIO DE SALUD DE MAGALLANES,PREVENTIVA PROGRAMADA,FINISHED,raguila,,,NO_TICKET_REPORTED,2,2,0,0,0,0,4513332644304F|8113024252101J,10304|10325,4513332644304F|8113024252101J,01 motor Assembly|01 leadscrew assy,MATCHED,REF_EXACT,OK
328,2019-07-03T23:45:00.000Z,FIELD_BEAT_CLIENT|70377400-8|FUNDACION ARTURO LOPEZ PEREZ,70377400-8,FUNDACION ARTURO LOPEZ PEREZ,CORRECTIVA NO PROGRAMADA,FINISHED,jecheverria,LINAC-153038,,NO_TICKET_REPORTED,1,0,1,0,0,1,,,NC,NC,PLACEHOLDER_VALUE,PLACEHOLDER_REJECTED,HAS_PLACEHOLDERS
330,2019-07-04T18:00:00.000Z,FIELD_BEAT_CLIENT|70377400-8|FUNDACION ARTURO LOPEZ PEREZ,70377400-8,FUNDACION ARTURO LOPEZ PEREZ,CORRECTIVA NO PROGRAMADA,SCHEDULED,,LINAC-153038,,NO_TICKET_REPORTED,0,0,0,0,0,0,,,,,,,NO_USED_PARTS
339,2019-07-17T23:00:00.000Z,FIELD_BEAT_CLIENT||HOSPITAL CARLOS VAN BUREN (SSVSA),,HOSPITAL CARLOS VAN BUREN (SSVSA),CORRECTIVA PROGRAMADA,FINISHED,jecheverria,Linac-154325,,NO_TICKET_REPORTED,1,0,0,1,0,1,,,153848,"PCB ASSY, DLG AND DIAPHRAGM DRIVE",NO_MATCH,NONE,HAS_UNMATCHED_PARTS
340,2019-07-18T13:00:00.000Z,FIELD_BEAT_CLIENT|70377400-8|FUNDACION ARTURO LOPEZ PEREZ,70377400-8,FUNDACION ARTURO LOPEZ PEREZ,ASISTENCIA REMOTA,FINISHED,jecheverria,,,NO_TICKET_REPORTED,1,0,1,0,0,1,,,SN,NC,PLACEHOLDER_VALUE,PLACEHOLDER_REJECTED,HAS_PLACEHOLDERS
341,2019-07-19T20:00:00.000Z,FIELD_BEAT_CLIENT|70377400-8|FUNDACION ARTURO LOPEZ PEREZ,70377400-8,FUNDACION ARTURO LOPEZ PEREZ,REQUERIMIENTO DEL CLIENTE,FINISHED,scarcamo,,,NO_TICKET_REPORTED,0,0,0,0,0,0,,,,,,,NO_USED_PARTS
342,2019-07-17T12:30:00.000Z,FIELD_BEAT_CLIENT||CLÍNICA SANATORIO ALEMÁN (ONCORAD),,CLÍNICA SANATORIO ALEMÁN (ONCORAD),ASISTENCIA REMOTA,FINISHED,mreyes,,,NO_TICKET_REPORTED,1,0,0,1,0,1,,,No hay.,No hay.,NO_MATCH,NONE,HAS_UNMATCHED_PARTS
343,2019-07-22T13:16:00.000Z,FIELD_BEAT_CLIENT|70377400-8|FUNDACION ARTURO LOPEZ PEREZ,70377400-8,FUNDACION ARTURO LOPEZ PEREZ,,SCHEDULED,,,,NO_TICKET_REPORTED,0,0,0,0,0,0,,,,,,,NO_USED_PARTS
345,2019-07-20T12:00:00.000Z,FIELD_BEAT_CLIENT|70377400-8|FUNDACION ARTURO LOPEZ PEREZ,70377400-8,FUNDACION ARTURO LOPEZ PEREZ,CORRECTIVA PROGRAMADA,FINISHED,scarcamo,,,NO_TICKET_REPORTED,1,1,0,0,0,0,1510261,11553,1510261,Panel MV,MATCHED,REF_EXACT,OK
346,2019-07-23T13:00:00.803Z,FIELD_BEAT_CLIENT|70377400-8|FUNDACION ARTURO LOPEZ PEREZ,70377400-8,FUNDACION ARTURO LOPEZ PEREZ,CORRECTIVA NO PROGRAMADA,FINISHED,jecheverria,LINAC-153038,,NO_TICKET_REPORTED,1,0,1,0,0,1,,,,FUSIBLE DE 10 AMP. 250 Volts,PLACEHOLDER_VALUE,PLACEHOLDER_REJECTED,HAS_PLACEHOLDERS
351,2019-07-25T15:45:00.000Z,FIELD_BEAT_CLIENT|70377400-8|FUNDACION ARTURO LOPEZ PEREZ,70377400-8,FUNDACION ARTURO LOPEZ PEREZ,PREVENTIVA NO PROGRAMADA,FINISHED,mreyes,,,NO_TICKET_REPORTED,1,0,0,1,0,1,,,No hay.,No hay.,NO_MATCH,NONE,HAS_UNMATCHED_PARTS
354,2019-07-29T17:48:00.000Z,FIELD_BEAT_CLIENT||CLINICA ALEMANA DE SANTIAGO,,CLINICA ALEMANA DE SANTIAGO,CORRECTIVA PROGRAMADA,FINISHED,scarcamo,Linac-151673,,NO_TICKET_REPORTED,0,0,0,0,0,0,,,,,,,NO_USED_PARTS
355,2019-07-29T16:30:00.000Z,FIELD_BEAT_CLIENT||CLINICA ALEMANA DE SANTIAGO,,CLINICA ALEMANA DE SANTIAGO,CORRECTIVA PROGRAMADA,FINISHED,rcammalleri,TPS-CAS,,NO_TICKET_REPORTED,1,0,1,0,0,1,,,N/A,N/A,PLACEHOLDER_VALUE,PLACEHOLDER_REJECTED,HAS_PLACEHOLDERS
356,2019-07-30T13:00:00.000Z,FIELD_BEAT_CLIENT||RADIO NUCLEAR,,RADIO NUCLEAR,CORRECTIVA PROGRAMADA,FINISHED,mreyes,Linac-151238,,NO_TICKET_REPORTED,1,0,0,0,1,1,,,"Lead 8113024252101J. 
Motor 4513332644304F.","Motor Assy.
Lead Screw Assemly.",AMBIGUOUS_MATCH,REF_LIKE,HAS_AMBIGUOUS_PARTS
357,2019-08-02T14:00:00.000Z,FIELD_BEAT_CLIENT||CLÍNICA SANATORIO ALEMÁN (ONCORAD),,CLÍNICA SANATORIO ALEMÁN (ONCORAD),PREVENTIVA PROGRAMADA,FINISHED,mreyes,Linac-201110,,NO_TICKET_REPORTED,1,0,1,0,0,1,,,Sin número.,"2 Nr. Baterías UPS proporcionadas por clínica.  CJ12-7,2.",PLACEHOLDER_VALUE,PLACEHOLDER_REJECTED,HAS_PLACEHOLDERS
358,2019-08-01T15:30:54.983Z,FIELD_BEAT_CLIENT||RADIO NUCLEAR,,RADIO NUCLEAR,CORRECTIVA PROGRAMADA,FINISHED,acorbea,Linac-151238,,NO_TICKET_REPORTED,0,0,0,0,0,0,,,,,,,NO_USED_PARTS
362,2019-08-01T15:20:00.000Z,FIELD_BEAT_CLIENT||HOSPITAL CARLOS VAN BUREN (SSVSA),,HOSPITAL CARLOS VAN BUREN (SSVSA),CORRECTIVA NO PROGRAMADA,FINISHED,scarcamo,Linac-154325,,NO_TICKET_REPORTED,1,0,1,0,0,1,,,,Grasa Especial para Agility,PLACEHOLDER_VALUE,PLACEHOLDER_REJECTED,HAS_PLACEHOLDERS
364,2019-08-05T16:46:28.209Z,FIELD_BEAT_CLIENT||ACME,,ACME,CORRECTIVA NO PROGRAMADA,SCHEDULED,,153038,,NO_TICKET_REPORTED,0,0,0,0,0,0,,,,,,,NO_USED_PARTS
369,2019-08-07T21:00:00.000Z,FIELD_BEAT_CLIENT|70377400-8|FUNDACION ARTURO LOPEZ PEREZ,70377400-8,FUNDACION ARTURO LOPEZ PEREZ,CORRECTIVA PROGRAMADA,FINISHED,scarcamo,,,NO_TICKET_REPORTED,0,0,0,0,0,0,,,,,,,NO_USED_PARTS
347,2019-07-22T12:30:00.000Z,FIELD_BEAT_CLIENT||HOSPITAL CARLOS VAN BUREN (SSVSA),,HOSPITAL CARLOS VAN BUREN (SSVSA),ASISTENCIA REMOTA,FINISHED,rcammalleri,TPS-HCVB,,NO_TICKET_REPORTED,1,0,1,0,0,1,,,N/A,N/A,PLACEHOLDER_VALUE,PLACEHOLDER_REJECTED,HAS_PLACEHOLDERS
348,2019-07-23T13:30:00.000Z,FIELD_BEAT_CLIENT||CLINICA ALEMANA DE SANTIAGO,,CLINICA ALEMANA DE SANTIAGO,ASISTENCIA REMOTA,FINISHED,rcammalleri,OIS-CAS,,NO_TICKET_REPORTED,1,0,1,0,0,1,,,N/A,N/A,PLACEHOLDER_VALUE,PLACEHOLDER_REJECTED,HAS_PLACEHOLDERS
349,2019-07-22T17:00:00.000Z,FIELD_BEAT_CLIENT|96.757.430-9|INRAD,96.757.430-9,INRAD,INSTALACION - INTEGRACION,FINISHED,glopez,HDR-FT00056,,NO_TICKET_REPORTED,1,0,1,0,0,1,,,N/A,N/A,PLACEHOLDER_VALUE,PLACEHOLDER_REJECTED,HAS_PLACEHOLDERS
350,2019-07-25T15:45:00.000Z,FIELD_BEAT_CLIENT|70377400-8|FUNDACION ARTURO LOPEZ PEREZ,70377400-8,FUNDACION ARTURO LOPEZ PEREZ,REQUERIMIENTO DEL CLIENTE,SCHEDULED,,,,NO_TICKET_REPORTED,0,0,0,0,0,0,,,,,,,NO_USED_PARTS
352,2019-07-27T12:00:00.000Z,FIELD_BEAT_CLIENT|70377400-8|FUNDACION ARTURO LOPEZ PEREZ,70377400-8,FUNDACION ARTURO LOPEZ PEREZ,CORRECTIVA PROGRAMADA,FINISHED,scarcamo,,,NO_TICKET_REPORTED,1,0,1,0,0,1,,,,Generador 400 v para XVI,PLACEHOLDER_VALUE,PLACEHOLDER_REJECTED,HAS_PLACEHOLDERS
353,2019-07-30T02:08:00.000Z,FIELD_BEAT_CLIENT|70377400-8|FUNDACION ARTURO LOPEZ PEREZ,70377400-8,FUNDACION ARTURO LOPEZ PEREZ,CORRECTIVA PROGRAMADA,SCHEDULED,,,,NO_TICKET_REPORTED,0,0,0,0,0,0,,,,,,,NO_USED_PARTS
359,2019-08-02T12:00:00.000Z,FIELD_BEAT_CLIENT||CLINICA ALEMANA DE SANTIAGO,,CLINICA ALEMANA DE SANTIAGO,CORRECTIVA NO PROGRAMADA,FINISHED,rcammalleri,Linac-152171,,NO_TICKET_REPORTED,1,0,1,0,0,1,,,,Fuse 32V 10A,PLACEHOLDER_VALUE,PLACEHOLDER_REJECTED,HAS_PLACEHOLDERS
360,2019-08-02T12:30:00.000Z,FIELD_BEAT_CLIENT||CLÍNICA SANATORIO ALEMÁN (ONCORAD),,CLÍNICA SANATORIO ALEMÁN (ONCORAD),CORRECTIVA NO PROGRAMADA,FINISHED,mreyes,Linac-201110,,NO_TICKET_REPORTED,1,0,0,1,0,1,,,55.32.9.024.0040.,Relay Finder 24 Vdc. (proporcionado por clinica),NO_MATCH,NONE,HAS_UNMATCHED_PARTS
361,2019-08-05T14:00:32.780Z,FIELD_BEAT_CLIENT|70377400-8|FUNDACION ARTURO LOPEZ PEREZ,70377400-8,FUNDACION ARTURO LOPEZ PEREZ,REQUERIMIENTO DEL CLIENTE,FINISHED,rcammalleri,APOTECA-CHEMO,,NO_TICKET_REPORTED,1,0,1,0,0,1,,,N/A,N/A,PLACEHOLDER_VALUE,PLACEHOLDER_REJECTED,HAS_PLACEHOLDERS
363,2019-08-05T16:00:50.140Z,FIELD_BEAT_CLIENT||ACME,,ACME,CORRECTIVA PROGRAMADA,SCHEDULED,,153038,,NO_TICKET_REPORTED,0,0,0,0,0,0,,,,,,,NO_USED_PARTS
365,2019-08-06T12:00:00.000Z,FIELD_BEAT_CLIENT||UC CHRISTUS - CECA,,UC CHRISTUS - CECA,CORRECTIVA NO PROGRAMADA,FINISHED,glopez,,,NO_TICKET_REPORTED,0,0,0,0,0,0,,,,,,,NO_USED_PARTS
366,2019-05-31T19:30:00.000Z,FIELD_BEAT_CLIENT||HOSPITAL CARLOS VAN BUREN (SSVSA),,HOSPITAL CARLOS VAN BUREN (SSVSA),CORRECTIVA PROGRAMADA,FINISHED,scarcamo,Linac-154325,,NO_TICKET_REPORTED,2,2,0,0,0,0,1500998|1010848,10769|11037,1500998|1010848,Projector Led Assy Led|Espejo Mylar,MATCHED,REF_EXACT,OK
367,2019-08-06T14:30:00.000Z,FIELD_BEAT_CLIENT||RADIO NUCLEAR,,RADIO NUCLEAR,CORRECTIVA NO PROGRAMADA,FINISHED,glopez,,,NO_TICKET_REPORTED,0,0,0,0,0,0,,,,,,,NO_USED_PARTS
368,2019-08-10T12:00:00.000Z,FIELD_BEAT_CLIENT||UC CHRISTUS - CECA,,UC CHRISTUS - CECA,PREVENTIVA PROGRAMADA,SCHEDULED,,Linac-153935,,NO_TICKET_REPORTED,0,0,0,0,0,0,,,,,,,NO_USED_PARTS
370,2019-08-08T12:43:00.000Z,FIELD_BEAT_CLIENT|70377400-8|FUNDACION ARTURO LOPEZ PEREZ,70377400-8,FUNDACION ARTURO LOPEZ PEREZ,CORRECTIVA PROGRAMADA,SCHEDULED,,,,NO_TICKET_REPORTED,0,0,0,0,0,0,,,,,,,NO_USED_PARTS
374,2019-08-13T04:00:00.000Z,FIELD_BEAT_CLIENT||HOSPITAL CARLOS VAN BUREN (SSVSA),,HOSPITAL CARLOS VAN BUREN (SSVSA),CORRECTIVA PROGRAMADA,FINISHED,glopez,TPS-HCVB,,NO_TICKET_REPORTED,0,0,0,0,0,0,,,,,,,NO_USED_PARTS
375,2019-08-14T15:30:00.000Z,FIELD_BEAT_CLIENT|70377400-8|FUNDACION ARTURO LOPEZ PEREZ,70377400-8,FUNDACION ARTURO LOPEZ PEREZ,CORRECTIVA NO PROGRAMADA,FINISHED,mreyes,,,NO_TICKET_REPORTED,1,0,0,1,0,1,,,No hay.,No hay.,NO_MATCH,NONE,HAS_UNMATCHED_PARTS
376,2019-08-14T16:00:00.000Z,FIELD_BEAT_CLIENT||CLINICA ALEMANA DE SANTIAGO,,CLINICA ALEMANA DE SANTIAGO,CORRECTIVA PROGRAMADA,FINISHED,scarcamo,Linac-151673,,NO_TICKET_REPORTED,0,0,0,0,0,0,,,,,,,NO_USED_PARTS
377,2019-08-14T17:30:00.000Z,FIELD_BEAT_CLIENT||CLINICA ALEMANA DE SANTIAGO,,CLINICA ALEMANA DE SANTIAGO,CORRECTIVA PROGRAMADA,FINISHED,scarcamo,Linac-152171,,NO_TICKET_REPORTED,1,1,0,0,0,0,1516727,18,1516727,Beam Mu Dose Module,MATCHED,REF_EXACT,OK
378,2019-08-14T20:30:00.000Z,FIELD_BEAT_CLIENT|70377400-8|FUNDACION ARTURO LOPEZ PEREZ,70377400-8,FUNDACION ARTURO LOPEZ PEREZ,CORRECTIVA NO PROGRAMADA,FINISHED,mreyes,,,NO_TICKET_REPORTED,1,1,0,0,0,0,1016478,10946,1016478,1Nr. Leaf key spares long.,MATCHED,REF_EXACT,OK
379,2019-08-20T15:20:04.800Z,FIELD_BEAT_CLIENT|70377400-8|FUNDACION ARTURO LOPEZ PEREZ,70377400-8,FUNDACION ARTURO LOPEZ PEREZ,CORRECTIVA NO PROGRAMADA,FINISHED,rguapache,LINAC-153038,,NO_TICKET_REPORTED,0,0,0,0,0,0,,,,,,,NO_USED_PARTS
380,2019-08-23T23:30:55.304Z,FIELD_BEAT_CLIENT|70377400-8|FUNDACION ARTURO LOPEZ PEREZ,70377400-8,FUNDACION ARTURO LOPEZ PEREZ,PREVENTIVA PROGRAMADA,FINISHED,glopez,LINAC-153038,,NO_TICKET_REPORTED,1,0,0,1,0,1,,,No,No,NO_MATCH,NONE,HAS_UNMATCHED_PARTS
381,2019-08-24T12:30:00.000Z,FIELD_BEAT_CLIENT|70377400-8|FUNDACION ARTURO LOPEZ PEREZ,70377400-8,FUNDACION ARTURO LOPEZ PEREZ,PREVENTIVA PROGRAMADA,FINISHED,mreyes,LINAC-153038,,NO_TICKET_REPORTED,1,0,0,1,0,1,,,THK AFB-LF+70,Grasa de propósito general.,NO_MATCH,NONE,HAS_UNMATCHED_PARTS
382,2019-08-22T18:00:00.000Z,FIELD_BEAT_CLIENT||CLINICA ALEMANA DE SANTIAGO,,CLINICA ALEMANA DE SANTIAGO,CORRECTIVA PROGRAMADA,FINISHED,scarcamo,Linac-151673,,NO_TICKET_REPORTED,1,0,1,0,0,1,,,,Gun and Filament Assembly,PLACEHOLDER_VALUE,PLACEHOLDER_REJECTED,HAS_PLACEHOLDERS
383,2019-08-24T12:00:00.000Z,FIELD_BEAT_CLIENT||CLINICA ALEMANA DE SANTIAGO,,CLINICA ALEMANA DE SANTIAGO,CORRECTIVA PROGRAMADA,FINISHED,scarcamo,Linac-151673,,NO_TICKET_REPORTED,1,0,1,0,0,1,,,,"Kit de FCO, Grasa, Cotones.",PLACEHOLDER_VALUE,PLACEHOLDER_REJECTED,HAS_PLACEHOLDERS
384,2019-08-26T11:30:00.000Z,FIELD_BEAT_CLIENT||HOSPITAL CARLOS VAN BUREN (SSVSA),,HOSPITAL CARLOS VAN BUREN (SSVSA),CORRECTIVA PROGRAMADA,FINISHED,jecheverria,Linac-154325,,NO_TICKET_REPORTED,1,0,0,1,0,1,,,1500954,"PCB controladora de Telemetro "" VOLTAGE REGULATOR PCB ASSY""",NO_MATCH,NONE,HAS_UNMATCHED_PARTS
385,2019-08-27T14:00:41.279Z,FIELD_BEAT_CLIENT||TORRE MÉDICA - RANCAGUA,,TORRE MÉDICA - RANCAGUA,CORRECTIVA PROGRAMADA,FINISHED,mreyes,Linac-105277,,NO_TICKET_REPORTED,1,0,0,1,0,1,,,No hay.,No hay.,NO_MATCH,NONE,HAS_UNMATCHED_PARTS
386,2019-08-27T14:00:57.721Z,FIELD_BEAT_CLIENT||TORRE MÉDICA - RANCAGUA,,TORRE MÉDICA - RANCAGUA,CORRECTIVA PROGRAMADA,FINISHED,mreyes,Linac-105277,,NO_TICKET_REPORTED,1,1,0,0,0,0,45133315188,10956,45133315188,"2Nr. Strut, gas modified.",MATCHED,REF_EXACT,OK
387,2019-08-27T16:20:00.000Z,FIELD_BEAT_CLIENT||CLINICA ALEMANA DE SANTIAGO,,CLINICA ALEMANA DE SANTIAGO,CORRECTIVA PROGRAMADA,FINISHED,glopez,Linac-151673,,NO_TICKET_REPORTED,0,0,0,0,0,0,,,,,,,NO_USED_PARTS
388,2019-08-27T13:09:00.000Z,FIELD_BEAT_CLIENT||TORRE MÉDICA - RANCAGUA,,TORRE MÉDICA - RANCAGUA,CORRECTIVA PROGRAMADA,SCHEDULED,,,,NO_TICKET_REPORTED,1,0,0,1,0,1,,,No hay.,No hay.,NO_MATCH,NONE,HAS_UNMATCHED_PARTS
390,2019-08-08T17:31:00.000Z,FIELD_BEAT_CLIENT||INRAD,,INRAD,CORRECTIVA NO PROGRAMADA,FINISHED,mreyes,,,NO_TICKET_REPORTED,1,0,0,1,0,1,,,No hay.,No hay.,NO_MATCH,NONE,HAS_UNMATCHED_PARTS
391,2019-08-28T12:00:00.000Z,FIELD_BEAT_CLIENT|70377400-8|FUNDACION ARTURO LOPEZ PEREZ,70377400-8,FUNDACION ARTURO LOPEZ PEREZ,CORRECTIVA NO PROGRAMADA,FINISHED,rcammalleri,APOTECA-CHEMO,,NO_TICKET_REPORTED,1,0,1,0,0,1,,,N/A,N/A,PLACEHOLDER_VALUE,PLACEHOLDER_REJECTED,HAS_PLACEHOLDERS
392,2019-08-27T12:00:00.000Z,FIELD_BEAT_CLIENT|70377400-8|FUNDACION ARTURO LOPEZ PEREZ,70377400-8,FUNDACION ARTURO LOPEZ PEREZ,REQUERIMIENTO DEL CLIENTE,FINISHED,rcammalleri,APOTECA-CHEMO,,NO_TICKET_REPORTED,1,0,1,0,0,1,,,N/A,N/A,PLACEHOLDER_VALUE,PLACEHOLDER_REJECTED,HAS_PLACEHOLDERS
393,2019-09-02T13:00:53.668Z,FIELD_BEAT_CLIENT||CLÍNICA ALEMANA DE TEMUCO,,CLÍNICA ALEMANA DE TEMUCO,CORRECTIVA NO PROGRAMADA,FINISHED,mreyes,Linac-201073,,NO_TICKET_REPORTED,1,0,0,1,0,1,,,RG8U,Cable coaxial,NO_MATCH,NONE,HAS_UNMATCHED_PARTS
394,2019-09-03T20:26:00.000Z,FIELD_BEAT_CLIENT|70377400-8|FUNDACION ARTURO LOPEZ PEREZ,70377400-8,FUNDACION ARTURO LOPEZ PEREZ,ASISTENCIA REMOTA,FINISHED,rcammalleri,APOTECA-CHEMO,,NO_TICKET_REPORTED,1,0,1,0,0,1,,,N/A,N/A,PLACEHOLDER_VALUE,PLACEHOLDER_REJECTED,HAS_PLACEHOLDERS
371,2019-08-08T16:45:56.786Z,FIELD_BEAT_CLIENT||INRAD,,INRAD,CORRECTIVA PROGRAMADA,FINISHED,mreyes,Linac-201172,,NO_TICKET_REPORTED,1,0,0,1,0,1,,,No hay.,Golilla segers.,NO_MATCH,NONE,HAS_UNMATCHED_PARTS
372,2019-08-10T12:30:00.000Z,FIELD_BEAT_CLIENT||UC CHRISTUS - CECA,,UC CHRISTUS - CECA,PREVENTIVA PROGRAMADA,FINISHED,scarcamo,Linac-153935,,NO_TICKET_REPORTED,0,0,0,0,0,0,,,,,,,NO_USED_PARTS
373,2019-08-09T14:00:00.000Z,FIELD_BEAT_CLIENT||HOSPITAL CARLOS VAN BUREN (SSVSA),,HOSPITAL CARLOS VAN BUREN (SSVSA),REQUERIMIENTO DEL CLIENTE,ARCHIVED,,TPS-HCVB,,NO_TICKET_REPORTED,0,0,0,0,0,0,,,,,,,NO_USED_PARTS
389,2019-08-27T20:00:00.000Z,FIELD_BEAT_CLIENT||TORRE MÉDICA - RANCAGUA,,TORRE MÉDICA - RANCAGUA,CORRECTIVA PROGRAMADA,FINISHED,mreyes,Linac-105277,,NO_TICKET_REPORTED,1,0,0,1,0,1,,,No hay.,No hay.,NO_MATCH,NONE,HAS_UNMATCHED_PARTS
395,2019-09-04T22:58:00.000Z,FIELD_BEAT_CLIENT|70377400-8|FUNDACION ARTURO LOPEZ PEREZ,70377400-8,FUNDACION ARTURO LOPEZ PEREZ,CORRECTIVA NO PROGRAMADA,FINISHED,rguapache,,,NO_TICKET_REPORTED,0,0,0,0,0,0,,,,,,,NO_USED_PARTS
396,2019-09-06T23:30:49.101Z,FIELD_BEAT_CLIENT||HOSPITAL CARLOS VAN BUREN (SSVSA),,HOSPITAL CARLOS VAN BUREN (SSVSA),PREVENTIVA PROGRAMADA,FINISHED,jecheverria,Linac-154325,,NO_TICKET_REPORTED,1,0,1,0,0,1,,,sin numero,"paños de limpieza , pinceles suaves",PLACEHOLDER_VALUE,PLACEHOLDER_REJECTED,HAS_PLACEHOLDERS
397,2019-09-10T12:00:00.000Z,FIELD_BEAT_CLIENT||RADIO NUCLEAR,,RADIO NUCLEAR,CORRECTIVA PROGRAMADA,ARCHIVED,,Linac-151238,,NO_TICKET_REPORTED,0,0,0,0,0,0,,,,,,,NO_USED_PARTS
398,2019-09-11T14:17:37.970Z,FIELD_BEAT_CLIENT||ACME,,ACME,PREVENTIVA PROGRAMADA,SCHEDULED,,153038,,NO_TICKET_REPORTED,0,0,0,0,0,0,,,,,,,NO_USED_PARTS
401,2019-09-11T15:00:00.000Z,FIELD_BEAT_CLIENT||CLINICA ALEMANA DE SANTIAGO,,CLINICA ALEMANA DE SANTIAGO,CORRECTIVA NO PROGRAMADA,FINISHED,rguapache,Linac-151673,,NO_TICKET_REPORTED,0,0,0,0,0,0,,,,,,,NO_USED_PARTS
402,2019-09-11T17:20:25.992Z,FIELD_BEAT_CLIENT|70377400-8|FUNDACION ARTURO LOPEZ PEREZ,70377400-8,FUNDACION ARTURO LOPEZ PEREZ,CORRECTIVA NO PROGRAMADA,FINISHED,jecheverria,LINAC-153038,,NO_TICKET_REPORTED,1,0,1,0,0,1,,,SN,No aplica,PLACEHOLDER_VALUE,PLACEHOLDER_REJECTED,HAS_PLACEHOLDERS
403,2019-09-12T11:00:18.559Z,FIELD_BEAT_CLIENT|70377400-8|FUNDACION ARTURO LOPEZ PEREZ,70377400-8,FUNDACION ARTURO LOPEZ PEREZ,CORRECTIVA PROGRAMADA,FINISHED,rcammalleri,APOTECA-CHEMO,,NO_TICKET_REPORTED,1,0,1,0,0,1,,,N/A,N/A,PLACEHOLDER_VALUE,PLACEHOLDER_REJECTED,HAS_PLACEHOLDERS
404,2019-09-11T15:15:00.000Z,FIELD_BEAT_CLIENT||HOSPITAL CARLOS VAN BUREN (SSVSA),,HOSPITAL CARLOS VAN BUREN (SSVSA),CORRECTIVA NO PROGRAMADA,FINISHED,jecheverria,Linac-154325,,NO_TICKET_REPORTED,1,0,1,0,0,1,,,SN,teclado HP y mouse,PLACEHOLDER_VALUE,PLACEHOLDER_REJECTED,HAS_PLACEHOLDERS
405,2019-09-13T13:19:00.000Z,FIELD_BEAT_CLIENT||CLÍNICA SANATORIO ALEMÁN (ONCORAD),,CLÍNICA SANATORIO ALEMÁN (ONCORAD),CORRECTIVA NO PROGRAMADA,FINISHED,mreyes,,,NO_TICKET_REPORTED,1,0,0,1,0,1,,,No hay.,Golilla segers,NO_MATCH,NONE,HAS_UNMATCHED_PARTS
406,2019-09-13T10:21:00.000Z,FIELD_BEAT_CLIENT||CLÍNICA SANATORIO ALEMÁN (ONCORAD),,CLÍNICA SANATORIO ALEMÁN (ONCORAD),CORRECTIVA NO PROGRAMADA,FINISHED,mreyes,,,NO_TICKET_REPORTED,1,0,0,1,0,1,,,No hay.,No hay.,NO_MATCH,NONE,HAS_UNMATCHED_PARTS
407,2019-09-13T21:00:00.000Z,FIELD_BEAT_CLIENT|70377400-8|FUNDACION ARTURO LOPEZ PEREZ,70377400-8,FUNDACION ARTURO LOPEZ PEREZ,CORRECTIVA NO PROGRAMADA,FINISHED,rcammalleri,,,NO_TICKET_REPORTED,1,0,0,1,0,1,,,ZN11E9RZ,Disco Duro Seagates 1TB Barracuda,NO_MATCH,NONE,HAS_UNMATCHED_PARTS
408,2019-09-16T11:30:00.000Z,FIELD_BEAT_CLIENT|70377400-8|FUNDACION ARTURO LOPEZ PEREZ,70377400-8,FUNDACION ARTURO LOPEZ PEREZ,CORRECTIVA PROGRAMADA,FINISHED,rcammalleri,APOTECA-CHEMO,,NO_TICKET_REPORTED,1,0,1,0,0,1,,,N/A,N/A,PLACEHOLDER_VALUE,PLACEHOLDER_REJECTED,HAS_PLACEHOLDERS
409,2019-09-17T17:30:00.000Z,FIELD_BEAT_CLIENT|70377400-8|FUNDACION ARTURO LOPEZ PEREZ,70377400-8,FUNDACION ARTURO LOPEZ PEREZ,CORRECTIVA NO PROGRAMADA,FINISHED,rguapache,,,NO_TICKET_REPORTED,0,0,0,0,0,0,,,,,,,NO_USED_PARTS
410,2019-09-17T15:30:00.000Z,FIELD_BEAT_CLIENT||HOSPITAL CARLOS VAN BUREN (SSVSA),,HOSPITAL CARLOS VAN BUREN (SSVSA),REQUERIMIENTO DEL CLIENTE,FINISHED,jecheverria,,,NO_TICKET_REPORTED,1,0,1,0,0,1,,,SN,NO APLICA,PLACEHOLDER_VALUE,PLACEHOLDER_REJECTED,HAS_PLACEHOLDERS
411,2019-09-28T12:00:00.000Z,FIELD_BEAT_CLIENT|61.606.500-9|HOSPITAL CARLOS VAN BUREN (SSVSA),61.606.500-9,HOSPITAL CARLOS VAN BUREN (SSVSA),CORRECTIVA PROGRAMADA,FINISHED,mreyes,Linac-154325,,NO_TICKET_REPORTED,1,0,0,1,0,1,,,No hay.,No hay.,NO_MATCH,NONE,HAS_UNMATCHED_PARTS
412,2019-10-05T11:00:00.000Z,FIELD_BEAT_CLIENT|81.698.900-0|UC CHRISTUS - CECA,81.698.900-0,UC CHRISTUS - CECA,PREVENTIVA PROGRAMADA,FINISHED,rguapache,Linac-153935,,NO_TICKET_REPORTED,0,0,0,0,0,0,,,,,,,NO_USED_PARTS
413,2019-09-25T16:30:00.000Z,FIELD_BEAT_CLIENT|70377400-8|FUNDACION ARTURO LOPEZ PEREZ,70377400-8,FUNDACION ARTURO LOPEZ PEREZ,CORRECTIVA NO PROGRAMADA,FINISHED,rcammalleri,APOTECA-CHEMO,,NO_TICKET_REPORTED,1,0,1,0,0,1,,,N/A,N/A,PLACEHOLDER_VALUE,PLACEHOLDER_REJECTED,HAS_PLACEHOLDERS
414,2019-09-30T11:00:00.000Z,FIELD_BEAT_CLIENT|70377400-8|FUNDACION ARTURO LOPEZ PEREZ,70377400-8,FUNDACION ARTURO LOPEZ PEREZ,REQUERIMIENTO DEL CLIENTE,FINISHED,jecheverria,APOTECA-CHEMO,,NO_TICKET_REPORTED,1,0,1,0,0,1,,,SN,No aplica,PLACEHOLDER_VALUE,PLACEHOLDER_REJECTED,HAS_PLACEHOLDERS
415,2019-09-30T15:00:00.000Z,FIELD_BEAT_CLIENT|70377400-8|FUNDACION ARTURO LOPEZ PEREZ,70377400-8,FUNDACION ARTURO LOPEZ PEREZ,PREVENTIVA PROGRAMADA,FINISHED,mreyes,LIAC-FALP,,NO_TICKET_REPORTED,1,0,0,1,0,1,,,No hay.,No hay.,NO_MATCH,NONE,HAS_UNMATCHED_PARTS
416,2019-09-27T21:00:14.592Z,FIELD_BEAT_CLIENT|70377400-8|FUNDACION ARTURO LOPEZ PEREZ,70377400-8,FUNDACION ARTURO LOPEZ PEREZ,CORRECTIVA PROGRAMADA,FINISHED,rguapache,LINAC-153038,,NO_TICKET_REPORTED,0,0,0,0,0,0,,,,,,,NO_USED_PARTS
417,2019-09-30T11:10:00.000Z,FIELD_BEAT_CLIENT||CLÍNICA SANATORIO ALEMÁN (ONCORAD),,CLÍNICA SANATORIO ALEMÁN (ONCORAD),ASISTENCIA REMOTA,FINISHED,mreyes,,,NO_TICKET_REPORTED,1,0,0,1,0,1,,,No hay.,No hay.,NO_MATCH,NONE,HAS_UNMATCHED_PARTS
418,2019-09-30T10:50:00.000Z,FIELD_BEAT_CLIENT||SERVICIO DE SALUD DE MAGALLANES,,SERVICIO DE SALUD DE MAGALLANES,CORRECTIVA NO PROGRAMADA,FINISHED,raguila,,,NO_TICKET_REPORTED,1,0,0,1,0,1,,,S/S,Halogen Optic Lamp 12V-75W,NO_MATCH,NONE,HAS_UNMATCHED_PARTS
419,2019-09-30T17:15:00.000Z,FIELD_BEAT_CLIENT|81.698.900-0|UC CHRISTUS - CECA,81.698.900-0,UC CHRISTUS - CECA,CORRECTIVA NO PROGRAMADA,FINISHED,glopez,Linac-153935,,NO_TICKET_REPORTED,1,0,0,1,0,1,,,A3004-10.   N/S S1522 PRP,PCB Filament Drive.,NO_MATCH,NONE,HAS_UNMATCHED_PARTS
399,2019-09-11T15:00:00.000Z,FIELD_BEAT_CLIENT||CLINICA ALEMANA DE SANTIAGO,,CLINICA ALEMANA DE SANTIAGO,REQUERIMIENTO DEL CLIENTE,SCHEDULED,,Linac-151673,,NO_TICKET_REPORTED,0,0,0,0,0,0,,,,,,,NO_USED_PARTS
420,2019-10-02T12:00:00.000Z,FIELD_BEAT_CLIENT||TORRE MÉDICA - RANCAGUA,,TORRE MÉDICA - RANCAGUA,CORRECTIVA PROGRAMADA,FINISHED,mreyes,,,NO_TICKET_REPORTED,1,0,0,1,0,1,,,No hay.,"Puente de diodos KBPC5010. 
Transistores Phillips BU508V. 
Fusibles 2A 250V.",NO_MATCH,NONE,HAS_UNMATCHED_PARTS
421,2019-10-04T22:30:00.000Z,FIELD_BEAT_CLIENT|70377400-8|FUNDACION ARTURO LOPEZ PEREZ,70377400-8,FUNDACION ARTURO LOPEZ PEREZ,PREVENTIVA PROGRAMADA,FINISHED,jecheverria,LINAC-153038,,NO_TICKET_REPORTED,1,0,0,1,0,1,,,No hay,"Aceite de lubricación.

Limpia contactos.

Paño de limpieza.

Grasa EP2.",NO_MATCH,NONE,HAS_UNMATCHED_PARTS
422,2019-10-04T20:00:00.000Z,FIELD_BEAT_CLIENT||CLINICA ALEMANA DE SANTIAGO,,CLINICA ALEMANA DE SANTIAGO,REQUERIMIENTO DEL CLIENTE,FINISHED,acorbea,Linac-152171,,NO_TICKET_REPORTED,2,0,2,0,0,2,,,,cable UTP cat 5 - 100 metros|Sistema de extensión USB cat 5,PLACEHOLDER_VALUE,PLACEHOLDER_REJECTED,HAS_PLACEHOLDERS
423,2019-10-07T09:30:00.000Z,FIELD_BEAT_CLIENT||HOSPITAL CARLOS VAN BUREN (SSVSA),,HOSPITAL CARLOS VAN BUREN (SSVSA),CORRECTIVA PROGRAMADA,FINISHED,mreyes,,,NO_TICKET_REPORTED,1,1,0,0,0,1,821321900352,11061,T 821321900352,Fuse 32 x 6.  10A,MATCHED,REF_LIKE,REVIEW_REQUIRED
424,2019-10-07T15:30:27.625Z,FIELD_BEAT_CLIENT|70377400-8|FUNDACION ARTURO LOPEZ PEREZ,70377400-8,FUNDACION ARTURO LOPEZ PEREZ,CORRECTIVA NO PROGRAMADA,FINISHED,rguapache,LINAC-153038,,NO_TICKET_REPORTED,0,0,0,0,0,0,,,,,,,NO_USED_PARTS
425,2019-10-07T22:00:00.000Z,FIELD_BEAT_CLIENT||HOSPITAL CARLOS VAN BUREN (SSVSA),,HOSPITAL CARLOS VAN BUREN (SSVSA),CORRECTIVA PROGRAMADA,FINISHED,mreyes,,,NO_TICKET_REPORTED,1,0,0,1,0,1,,,No hay.,No hay.,NO_MATCH,NONE,HAS_UNMATCHED_PARTS
426,2019-10-09T11:00:00.000Z,FIELD_BEAT_CLIENT|70377400-8|FUNDACION ARTURO LOPEZ PEREZ,70377400-8,FUNDACION ARTURO LOPEZ PEREZ,REQUERIMIENTO DEL CLIENTE,FINISHED,rcammalleri,APOTECA-CHEMO,,NO_TICKET_REPORTED,0,0,0,0,0,0,,,,,,,NO_USED_PARTS
427,2019-10-09T15:30:00.000Z,FIELD_BEAT_CLIENT|70377400-8|FUNDACION ARTURO LOPEZ PEREZ,70377400-8,FUNDACION ARTURO LOPEZ PEREZ,ASISTENCIA REMOTA,SCHEDULED,,APOTECA-CHEMO,,NO_TICKET_REPORTED,0,0,0,0,0,0,,,,,,,NO_USED_PARTS
428,2019-10-09T15:30:00.000Z,FIELD_BEAT_CLIENT|70377400-8|FUNDACION ARTURO LOPEZ PEREZ,70377400-8,FUNDACION ARTURO LOPEZ PEREZ,ASISTENCIA REMOTA,FINISHED,jecheverria,APOTECA-CHEMO,,NO_TICKET_REPORTED,1,0,1,0,0,1,,,NA,NA,PLACEHOLDER_VALUE,PLACEHOLDER_REJECTED,HAS_PLACEHOLDERS
429,2019-10-14T11:00:00.000Z,FIELD_BEAT_CLIENT||SERVICIO DE SALUD DE MAGALLANES,,SERVICIO DE SALUD DE MAGALLANES,CORRECTIVA NO PROGRAMADA,FINISHED,raguila,,,NO_TICKET_REPORTED,1,1,0,0,0,1,821321900352,11061,"T 821321900352
Y 821321900350","Fuse 32V/10A
Fuse 250V/500mA",MATCHED,REF_LIKE,REVIEW_REQUIRED
430,2019-10-14T11:00:00.000Z,FIELD_BEAT_CLIENT|70377400-8|FUNDACION ARTURO LOPEZ PEREZ,70377400-8,FUNDACION ARTURO LOPEZ PEREZ,CORRECTIVA NO PROGRAMADA,SCHEDULED,,,,NO_TICKET_REPORTED,0,0,0,0,0,0,,,,,,,NO_USED_PARTS
432,2019-10-15T22:30:00.000Z,FIELD_BEAT_CLIENT||HOSPITAL CARLOS VAN BUREN (SSVSA),,HOSPITAL CARLOS VAN BUREN (SSVSA),ASISTENCIA REMOTA,FINISHED,rguapache,Linac-154325,,NO_TICKET_REPORTED,0,0,0,0,0,0,,,,,,,NO_USED_PARTS
433,2019-10-16T11:30:00.000Z,FIELD_BEAT_CLIENT||CLINICA ALEMANA DE SANTIAGO,,CLINICA ALEMANA DE SANTIAGO,CORRECTIVA NO PROGRAMADA,FINISHED,mreyes,Linac-151673,,NO_TICKET_REPORTED,1,0,0,1,0,1,,,32V10A,Fusible retardo 10A,NO_MATCH,NONE,HAS_UNMATCHED_PARTS
434,2019-10-14T23:37:00.000Z,FIELD_BEAT_CLIENT||CLÍNICA SANATORIO ALEMÁN (ONCORAD),,CLÍNICA SANATORIO ALEMÁN (ONCORAD),ASISTENCIA REMOTA,FINISHED,mreyes,Linac-201110,,NO_TICKET_REPORTED,1,0,0,1,0,1,,,No hay.,No hay.,NO_MATCH,NONE,HAS_UNMATCHED_PARTS
435,2019-10-15T01:00:00.000Z,FIELD_BEAT_CLIENT||CLÍNICA SANATORIO ALEMÁN (ONCORAD),,CLÍNICA SANATORIO ALEMÁN (ONCORAD),ASISTENCIA REMOTA,FINISHED,mreyes,Linac-201110,,NO_TICKET_REPORTED,1,0,0,1,0,1,,,465111028,OSRAM Lamp 48870 WFL ES,NO_MATCH,NONE,HAS_UNMATCHED_PARTS
436,2019-10-17T15:00:25.144Z,FIELD_BEAT_CLIENT|70377400-8|FUNDACION ARTURO LOPEZ PEREZ,70377400-8,FUNDACION ARTURO LOPEZ PEREZ,CORRECTIVA NO PROGRAMADA,FINISHED,rguapache,LINAC-153038,,NO_TICKET_REPORTED,0,0,0,0,0,0,,,,,,,NO_USED_PARTS
437,2019-10-16T15:00:00.000Z,FIELD_BEAT_CLIENT||CLÍNICA SANATORIO ALEMÁN (ONCORAD),,CLÍNICA SANATORIO ALEMÁN (ONCORAD),CORRECTIVA NO PROGRAMADA,FINISHED,rcammalleri,TPS-ONCORAD,,NO_TICKET_REPORTED,1,0,0,1,0,1,,,WD10EZEX,Disco Duro Western digital 1TB,NO_MATCH,NONE,HAS_UNMATCHED_PARTS
438,2019-10-19T13:30:00.000Z,FIELD_BEAT_CLIENT|61.606.500-9|HOSPITAL CARLOS VAN BUREN (SSVSA),61.606.500-9,HOSPITAL CARLOS VAN BUREN (SSVSA),CORRECTIVA PROGRAMADA,FINISHED,glopez,Linac-154325,,NO_TICKET_REPORTED,0,0,0,0,0,0,,,,,,,NO_USED_PARTS
439,2019-10-21T14:15:00.000Z,FIELD_BEAT_CLIENT|70377400-8|FUNDACION ARTURO LOPEZ PEREZ,70377400-8,FUNDACION ARTURO LOPEZ PEREZ,REQUERIMIENTO DEL CLIENTE,FINISHED,rcammalleri,APOTECA-CHEMO,,NO_TICKET_REPORTED,0,0,0,0,0,0,,,,,,,NO_USED_PARTS
440,2019-10-18T17:00:00.000Z,FIELD_BEAT_CLIENT||SERVICIO DE SALUD DE MAGALLANES,,SERVICIO DE SALUD DE MAGALLANES,PREVENTIVA PROGRAMADA,FINISHED,raguila,,,NO_TICKET_REPORTED,7,5,0,1,1,5,45133165177|1015493|1502964|45133327647|4513316442301M,10716|12045|10892|12247|10312,CX 1154L 45133165177|1015493|1502964|4513332764704c|45133164423|45133326275|10 Litros,Thyratron.|Expansión  pressure Vessel|Spare kit Led Field lamp|Fan Sub Assy|Filtre Element|Screen Assembly|Agua Bidestilada,MATCHED|AMBIGUOUS_MATCH|NO_MATCH,REF_LIKE|REF_EXACT|NONE,HAS_AMBIGUOUS_PARTS
441,2019-10-23T11:15:00.000Z,FIELD_BEAT_CLIENT||CLÍNICA SANATORIO ALEMÁN (ONCORAD),,CLÍNICA SANATORIO ALEMÁN (ONCORAD),ASISTENCIA REMOTA,SCHEDULED,,,,NO_TICKET_REPORTED,0,0,0,0,0,0,,,,,,,NO_USED_PARTS
443,2019-10-25T18:00:00.000Z,FIELD_BEAT_CLIENT||CLÍNICA SANATORIO ALEMÁN (ONCORAD),,CLÍNICA SANATORIO ALEMÁN (ONCORAD),ASISTENCIA REMOTA,FINISHED,mreyes,,,NO_TICKET_REPORTED,1,0,0,1,0,1,,,No hay.,No hay.,NO_MATCH,NONE,HAS_UNMATCHED_PARTS
444,2019-10-28T12:10:00.000Z,FIELD_BEAT_CLIENT||CLÍNICA SANATORIO ALEMÁN (ONCORAD),,CLÍNICA SANATORIO ALEMÁN (ONCORAD),ASISTENCIA REMOTA,FINISHED,mreyes,,,NO_TICKET_REPORTED,1,0,0,1,0,1,,,No hay.,No hay.,NO_MATCH,NONE,HAS_UNMATCHED_PARTS
445,2019-10-29T12:00:18.093Z,FIELD_BEAT_CLIENT|70377400-8|FUNDACION ARTURO LOPEZ PEREZ,70377400-8,FUNDACION ARTURO LOPEZ PEREZ,REQUERIMIENTO DEL CLIENTE,FINISHED,rguapache,OIS-FALP,,NO_TICKET_REPORTED,0,0,0,0,0,0,,,,,,,NO_USED_PARTS
431,2019-10-14T11:00:00.000Z,FIELD_BEAT_CLIENT|70377400-8|FUNDACION ARTURO LOPEZ PEREZ,70377400-8,FUNDACION ARTURO LOPEZ PEREZ,CORRECTIVA NO PROGRAMADA,FINISHED,rguapache,,,NO_TICKET_REPORTED,1,0,0,1,0,1,,,533-3541,LM2594HVN,NO_MATCH,NONE,HAS_UNMATCHED_PARTS
442,2019-10-23T11:15:00.000Z,FIELD_BEAT_CLIENT||CLÍNICA SANATORIO ALEMÁN (ONCORAD),,CLÍNICA SANATORIO ALEMÁN (ONCORAD),ASISTENCIA REMOTA,FINISHED,mreyes,,,NO_TICKET_REPORTED,1,0,0,1,0,1,,,No hay.,No hay.,NO_MATCH,NONE,HAS_UNMATCHED_PARTS
446,2019-10-30T13:00:00.000Z,FIELD_BEAT_CLIENT||CLINICA ALEMANA DE SANTIAGO,,CLINICA ALEMANA DE SANTIAGO,CORRECTIVA NO PROGRAMADA,FINISHED,rcammalleri,Linac-152171,,NO_TICKET_REPORTED,0,0,0,0,0,0,,,,,,,NO_USED_PARTS
447,2019-11-30T17:15:00.000Z,FIELD_BEAT_CLIENT||SERVICIO DE SALUD DE MAGALLANES,,SERVICIO DE SALUD DE MAGALLANES,CORRECTIVA PROGRAMADA,FINISHED,raguila,,,NO_TICKET_REPORTED,0,0,0,0,0,0,,,,,,,NO_USED_PARTS
448,2019-11-04T16:00:11.789Z,FIELD_BEAT_CLIENT|96.770.100-9|CLINICA ALEMANA DE SANTIAGO,96.770.100-9,CLINICA ALEMANA DE SANTIAGO,ASISTENCIA REMOTA,FINISHED,rguapache,Linac-151673,,NO_TICKET_REPORTED,0,0,0,0,0,0,,,,,,,NO_USED_PARTS
449,2019-11-04T14:00:27.540Z,FIELD_BEAT_CLIENT|76.105.383-3|TORRE MÉDICA - RANCAGUA,76.105.383-3,TORRE MÉDICA - RANCAGUA,CORRECTIVA NO PROGRAMADA,FINISHED,jecheverria,Linac-105277,,NO_TICKET_REPORTED,1,0,0,1,0,1,,,F8915,"4 Transistores de potencia BU508V F8915, SELLO DE CAÑERÍAS, teflón",NO_MATCH,NONE,HAS_UNMATCHED_PARTS
450,2019-10-22T21:00:00.000Z,FIELD_BEAT_CLIENT|61.606.500-9|HOSPITAL CARLOS VAN BUREN (SSVSA),61.606.500-9,HOSPITAL CARLOS VAN BUREN (SSVSA),CORRECTIVA PROGRAMADA,FINISHED,mreyes,Linac-154325,,NO_TICKET_REPORTED,1,1,0,0,0,0,45133411788,11049,45133411788,Longitudinal brake assembly,MATCHED,REF_EXACT,OK
451,2019-11-06T20:30:00.000Z,FIELD_BEAT_CLIENT|81.698.900-0|UC CHRISTUS - CECA,81.698.900-0,UC CHRISTUS - CECA,CORRECTIVA NO PROGRAMADA,FINISHED,rguapache,Linac-153935,,NO_TICKET_REPORTED,3,1,2,0,0,2,1517657,10701,1517657,Leaf Motor|2 PCB Leaf Motor Drive|3 Nueces,PLACEHOLDER_VALUE|MATCHED,PLACEHOLDER_REJECTED|REF_EXACT,HAS_PLACEHOLDERS
452,2019-11-06T10:45:00.000Z,FIELD_BEAT_CLIENT|96.770.100-9|CLINICA ALEMANA DE SANTIAGO,96.770.100-9,CLINICA ALEMANA DE SANTIAGO,CORRECTIVA NO PROGRAMADA,FINISHED,glopez,Linac-152171,,NO_TICKET_REPORTED,1,0,1,0,0,1,,,N/A,Disco duro de Sequencer Mosaiq,PLACEHOLDER_VALUE,PLACEHOLDER_REJECTED,HAS_PLACEHOLDERS
453,2019-11-07T16:30:50.487Z,FIELD_BEAT_CLIENT|70377400-8|FUNDACION ARTURO LOPEZ PEREZ,70377400-8,FUNDACION ARTURO LOPEZ PEREZ,CORRECTIVA PROGRAMADA,FINISHED,rguapache,LAP-Dorado_C01,,NO_TICKET_REPORTED,0,0,0,0,0,0,,,,,,,NO_USED_PARTS
454,2019-11-06T13:00:00.000Z,FIELD_BEAT_CLIENT|70377400-8|FUNDACION ARTURO LOPEZ PEREZ,70377400-8,FUNDACION ARTURO LOPEZ PEREZ,CORRECTIVA NO PROGRAMADA,FINISHED,jecheverria,APOTECA-CHEMO,,NO_TICKET_REPORTED,1,0,1,0,0,1,,,NC,espera de repuesto,PLACEHOLDER_VALUE,PLACEHOLDER_REJECTED,HAS_PLACEHOLDERS
455,2019-11-07T13:00:00.000Z,FIELD_BEAT_CLIENT|96.770.100-9|CLINICA ALEMANA DE SANTIAGO,96.770.100-9,CLINICA ALEMANA DE SANTIAGO,CORRECTIVA NO PROGRAMADA,FINISHED,rcammalleri,Linac-151673,,NO_TICKET_REPORTED,0,0,0,0,0,0,,,,,,,NO_USED_PARTS
456,2019-11-08T15:00:27.075Z,FIELD_BEAT_CLIENT|96.770.100-9|CLINICA ALEMANA DE SANTIAGO,96.770.100-9,CLINICA ALEMANA DE SANTIAGO,PREVENTIVA PROGRAMADA,FINISHED,acorbea,Linac-152171,,NO_TICKET_REPORTED,1,0,0,1,0,1,,,1538489,"PCB assy, DLG and Diaphragm drive",NO_MATCH,NONE,HAS_UNMATCHED_PARTS
457,2019-11-08T13:00:00.000Z,FIELD_BEAT_CLIENT||CLÍNICA ALEMANA DE TEMUCO,,CLÍNICA ALEMANA DE TEMUCO,PREVENTIVA PROGRAMADA,FINISHED,mreyes,,,NO_TICKET_REPORTED,1,0,0,1,0,1,,,No hay.,Grasa EP2. Paños de limoieza.,NO_MATCH,NONE,HAS_UNMATCHED_PARTS
458,2019-11-09T11:30:00.000Z,FIELD_BEAT_CLIENT|61.606.500-9|HOSPITAL CARLOS VAN BUREN (SSVSA),61.606.500-9,HOSPITAL CARLOS VAN BUREN (SSVSA),CORRECTIVA PROGRAMADA,FINISHED,rguapache,Linac-154325,,NO_TICKET_REPORTED,0,0,0,0,0,0,,,,,,,NO_USED_PARTS
459,2019-11-11T11:15:18.498Z,FIELD_BEAT_CLIENT|81.698.900-0|UC CHRISTUS - CECA,81.698.900-0,UC CHRISTUS - CECA,CORRECTIVA NO PROGRAMADA,FINISHED,jecheverria,Linac-153935,,NO_TICKET_REPORTED,1,0,1,0,0,1,,,NC,NC,PLACEHOLDER_VALUE,PLACEHOLDER_REJECTED,HAS_PLACEHOLDERS
460,2019-11-11T16:25:00.000Z,FIELD_BEAT_CLIENT||CLÍNICA SANATORIO ALEMÁN (ONCORAD),,CLÍNICA SANATORIO ALEMÁN (ONCORAD),CORRECTIVA PROGRAMADA,FINISHED,mreyes,,,NO_TICKET_REPORTED,1,0,0,1,0,1,,,No hay.,No hay.,NO_MATCH,NONE,HAS_UNMATCHED_PARTS
461,2019-11-11T20:56:00.000Z,FIELD_BEAT_CLIENT||CLÍNICA SANATORIO ALEMÁN (ONCORAD),,CLÍNICA SANATORIO ALEMÁN (ONCORAD),CORRECTIVA NO PROGRAMADA,FINISHED,mreyes,,,NO_TICKET_REPORTED,1,0,0,1,0,1,,,No hay.,No hay.,NO_MATCH,NONE,HAS_UNMATCHED_PARTS
462,2019-11-12T18:30:10.016Z,FIELD_BEAT_CLIENT|79.560.900-8|RADIO NUCLEAR,79.560.900-8,RADIO NUCLEAR,CORRECTIVA NO PROGRAMADA,FINISHED,acorbea,Linac-151238,,NO_TICKET_REPORTED,1,1,0,0,0,1,1015076,10957,"-262285518838
-1015076","-DRIVE BELT
-CABLE RETRACTIL SK2",MATCHED,REF_LIKE,REVIEW_REQUIRED
464,2019-11-13T20:00:09.719Z,FIELD_BEAT_CLIENT|81.698.900-0|UC CHRISTUS - CECA,81.698.900-0,UC CHRISTUS - CECA,CORRECTIVA PROGRAMADA,FINISHED,rguapache,Linac-153935,,NO_TICKET_REPORTED,0,0,0,0,0,0,,,,,,,NO_USED_PARTS
465,2019-11-13T21:00:53.398Z,FIELD_BEAT_CLIENT|70377400-8|FUNDACION ARTURO LOPEZ PEREZ,70377400-8,FUNDACION ARTURO LOPEZ PEREZ,CORRECTIVA PROGRAMADA,FINISHED,rguapache,LINAC-153038,,NO_TICKET_REPORTED,0,0,0,0,0,0,,,,,,,NO_USED_PARTS
466,2019-11-15T17:00:00.000Z,FIELD_BEAT_CLIENT||SERVICIO DE SALUD DE MAGALLANES,,SERVICIO DE SALUD DE MAGALLANES,PREVENTIVA PROGRAMADA,FINISHED,raguila,,,NO_TICKET_REPORTED,1,0,1,0,0,1,,,N/C,"Grasa EP-2, wd-40, limpia contacto, paños de limpieza, alcohol isopropilico.",PLACEHOLDER_VALUE,PLACEHOLDER_REJECTED,HAS_PLACEHOLDERS
467,2019-11-18T10:30:00.000Z,FIELD_BEAT_CLIENT|81.698.900-0|UC CHRISTUS - CECA,81.698.900-0,UC CHRISTUS - CECA,CORRECTIVA PROGRAMADA,FINISHED,jecheverria,Linac-153935,,NO_TICKET_REPORTED,1,0,1,0,0,1,,,SN,NC,PLACEHOLDER_VALUE,PLACEHOLDER_REJECTED,HAS_PLACEHOLDERS
468,2019-11-19T12:00:35.675Z,FIELD_BEAT_CLIENT|70377400-8|FUNDACION ARTURO LOPEZ PEREZ,70377400-8,FUNDACION ARTURO LOPEZ PEREZ,PREVENTIVA PROGRAMADA,FINISHED,rcammalleri,APOTECA-CHEMO,,NO_TICKET_REPORTED,1,0,1,0,0,1,,,N/A,N/A,PLACEHOLDER_VALUE,PLACEHOLDER_REJECTED,HAS_PLACEHOLDERS
469,2019-11-15T12:00:00.000Z,FIELD_BEAT_CLIENT|70377400-8|FUNDACION ARTURO LOPEZ PEREZ,70377400-8,FUNDACION ARTURO LOPEZ PEREZ,CORRECTIVA PROGRAMADA,FINISHED,rcammalleri,APOTECA-CHEMO,,NO_TICKET_REPORTED,1,1,0,0,0,0,2231762,12311,2231762,Balanza Metler Toledo 6002,MATCHED,REF_EXACT,OK
470,2019-11-20T21:00:00.000Z,FIELD_BEAT_CLIENT|81.698.900-0|UC CHRISTUS - CECA,81.698.900-0,UC CHRISTUS - CECA,CORRECTIVA PROGRAMADA,FINISHED,rguapache,Linac-153935,,NO_TICKET_REPORTED,0,0,0,0,0,0,,,,,,,NO_USED_PARTS
463,2019-11-12T09:30:00.000Z,FIELD_BEAT_CLIENT|70377400-8|FUNDACION ARTURO LOPEZ PEREZ,70377400-8,FUNDACION ARTURO LOPEZ PEREZ,CORRECTIVA PROGRAMADA,FINISHED,rguapache,LINAC-153038,,NO_TICKET_REPORTED,0,0,0,0,0,0,,,,,,,NO_USED_PARTS
471,2019-11-22T18:55:00.000Z,FIELD_BEAT_CLIENT||UC CHRISTUS - CECA,,UC CHRISTUS - CECA,CORRECTIVA NO PROGRAMADA,SCHEDULED,,,,NO_TICKET_REPORTED,0,0,0,0,0,0,,,,,,,NO_USED_PARTS
480,2019-11-26T16:06:00.000Z,FIELD_BEAT_CLIENT||CLÍNICA SANATORIO ALEMÁN (ONCORAD),,CLÍNICA SANATORIO ALEMÁN (ONCORAD),CORRECTIVA PROGRAMADA,FINISHED,mreyes,,,NO_TICKET_REPORTED,1,0,0,1,0,1,,,"55.32.9.024. 004 Rele Aux. serie ""55"" 2P. 10 A.  Bob 24 Vdc.",Relay Finder,NO_MATCH,NONE,HAS_UNMATCHED_PARTS
481,2019-11-26T16:06:00.000Z,FIELD_BEAT_CLIENT||CLÍNICA SANATORIO ALEMÁN (ONCORAD),,CLÍNICA SANATORIO ALEMÁN (ONCORAD),ASISTENCIA REMOTA,FINISHED,mreyes,Linac-201110,,NO_TICKET_REPORTED,1,0,0,1,0,1,,,55.32.9.024.0040,3 Relayes Finder 24 Vdc.,NO_MATCH,NONE,HAS_UNMATCHED_PARTS
485,2019-12-02T15:48:00.000Z,FIELD_BEAT_CLIENT||CLÍNICA SANATORIO ALEMÁN (ONCORAD),,CLÍNICA SANATORIO ALEMÁN (ONCORAD),ASISTENCIA REMOTA,FINISHED,mreyes,,,NO_TICKET_REPORTED,1,0,0,1,0,1,,,No hay.,No hay.,NO_MATCH,NONE,HAS_UNMATCHED_PARTS
486,2019-12-04T12:30:15.105Z,FIELD_BEAT_CLIENT|70377400-8|FUNDACION ARTURO LOPEZ PEREZ,70377400-8,FUNDACION ARTURO LOPEZ PEREZ,CORRECTIVA NO PROGRAMADA,FINISHED,glopez,HDR-FT07026,,NO_TICKET_REPORTED,0,0,0,0,0,0,,,,,,,NO_USED_PARTS
487,2019-12-05T12:45:00.000Z,FIELD_BEAT_CLIENT||HOSPITAL CARLOS VAN BUREN (SSVSA),,HOSPITAL CARLOS VAN BUREN (SSVSA),CORRECTIVA NO PROGRAMADA,SCHEDULED,,,,NO_TICKET_REPORTED,0,0,0,0,0,0,,,,,,,NO_USED_PARTS
494,2019-12-05T18:00:00.000Z,FIELD_BEAT_CLIENT||CLÍNICA SANATORIO ALEMÁN (ONCORAD),,CLÍNICA SANATORIO ALEMÁN (ONCORAD),CORRECTIVA PROGRAMADA,SCHEDULED,,,,NO_TICKET_REPORTED,1,0,0,1,0,1,,,No hay.,No hay.,NO_MATCH,NONE,HAS_UNMATCHED_PARTS
496,2019-12-05T11:30:00.000Z,FIELD_BEAT_CLIENT||CLÍNICA SANATORIO ALEMÁN (ONCORAD),,CLÍNICA SANATORIO ALEMÁN (ONCORAD),CORRECTIVA PROGRAMADA,SCHEDULED,,,,NO_TICKET_REPORTED,3,3,0,0,0,1,BJ4853.222.02|BJ4853.223.02|4513316442101T,11072|11073|10986,BJ4853.222.02|BJ4853.223.02.|45133164421.,"Cable assy  SK25E.|Cable assy SK25F.|Potentiometer,  20K, 10 turns.",MATCHED,REF_EXACT|REF_NORMALIZED_EXACT|REF_LIKE,REVIEW_REQUIRED
472,2019-11-22T18:50:00.000Z,FIELD_BEAT_CLIENT||UC CHRISTUS - CECA,,UC CHRISTUS - CECA,CORRECTIVA NO PROGRAMADA,FINISHED,acorbea,,,NO_TICKET_REPORTED,0,0,0,0,0,0,,,,,,,NO_USED_PARTS
473,2019-11-24T11:15:00.000Z,FIELD_BEAT_CLIENT||UC CHRISTUS - CECA,,UC CHRISTUS - CECA,ASISTENCIA REMOTA,FINISHED,rguapache,,,NO_TICKET_REPORTED,0,0,0,0,0,0,,,,,,,NO_USED_PARTS
474,2019-11-25T21:00:45.036Z,FIELD_BEAT_CLIENT|70377400-8|FUNDACION ARTURO LOPEZ PEREZ,70377400-8,FUNDACION ARTURO LOPEZ PEREZ,CORRECTIVA PROGRAMADA,ARCHIVED,,LINAC-153038,,NO_TICKET_REPORTED,0,0,0,0,0,0,,,,,,,NO_USED_PARTS
475,2019-11-22T21:00:00.000Z,FIELD_BEAT_CLIENT|96.770.100-9|CLINICA ALEMANA DE SANTIAGO,96.770.100-9,CLINICA ALEMANA DE SANTIAGO,PREVENTIVA PROGRAMADA,FINISHED,acorbea,Linac-151673,,NO_TICKET_REPORTED,0,0,0,0,0,0,,,,,,,NO_USED_PARTS
476,2019-11-22T13:00:00.000Z,FIELD_BEAT_CLIENT||TORRE MÉDICA - RANCAGUA,,TORRE MÉDICA - RANCAGUA,CORRECTIVA PROGRAMADA,FINISHED,mreyes,,,NO_TICKET_REPORTED,1,0,0,1,0,1,,,No hay.,No hay.,NO_MATCH,NONE,HAS_UNMATCHED_PARTS
477,2019-11-25T20:00:00.000Z,FIELD_BEAT_CLIENT||HOSPITAL CARLOS VAN BUREN (SSVSA),,HOSPITAL CARLOS VAN BUREN (SSVSA),CORRECTIVA NO PROGRAMADA,FINISHED,mreyes,,,NO_TICKET_REPORTED,1,0,0,1,0,1,,,No hay.,Limpia contactos.,NO_MATCH,NONE,HAS_UNMATCHED_PARTS
478,2019-11-21T12:00:00.000Z,FIELD_BEAT_CLIENT|70377400-8|FUNDACION ARTURO LOPEZ PEREZ,70377400-8,FUNDACION ARTURO LOPEZ PEREZ,CORRECTIVA PROGRAMADA,FINISHED,rcammalleri,APOTECA-CHEMO,,NO_TICKET_REPORTED,1,0,1,0,0,1,,,N/A,N/A,PLACEHOLDER_VALUE,PLACEHOLDER_REJECTED,HAS_PLACEHOLDERS
479,2019-11-26T22:00:00.000Z,FIELD_BEAT_CLIENT|81.698.900-0|UC CHRISTUS - CECA,81.698.900-0,UC CHRISTUS - CECA,CORRECTIVA PROGRAMADA,FINISHED,acorbea,Linac-153935,,NO_TICKET_REPORTED,0,0,0,0,0,0,,,,,,,NO_USED_PARTS
482,2019-11-30T16:00:00.000Z,FIELD_BEAT_CLIENT||UC CHRISTUS - CECA,,UC CHRISTUS - CECA,CORRECTIVA NO PROGRAMADA,FINISHED,rguapache,,,NO_TICKET_REPORTED,0,0,0,0,0,0,,,,,,,NO_USED_PARTS
483,2019-12-02T11:30:00.000Z,FIELD_BEAT_CLIENT||UC CHRISTUS - CECA,,UC CHRISTUS - CECA,CORRECTIVA NO PROGRAMADA,FINISHED,rcammalleri,OIS-UC,,NO_TICKET_REPORTED,1,0,1,0,0,1,,,N/A,N/A,PLACEHOLDER_VALUE,PLACEHOLDER_REJECTED,HAS_PLACEHOLDERS
484,2019-12-02T14:30:17.164Z,FIELD_BEAT_CLIENT|70377400-8|FUNDACION ARTURO LOPEZ PEREZ,70377400-8,FUNDACION ARTURO LOPEZ PEREZ,CORRECTIVA PROGRAMADA,FINISHED,glopez,HDR-FT07026,,NO_TICKET_REPORTED,0,0,0,0,0,0,,,,,,,NO_USED_PARTS
488,2019-12-05T12:45:00.000Z,FIELD_BEAT_CLIENT||HOSPITAL CARLOS VAN BUREN (SSVSA),,HOSPITAL CARLOS VAN BUREN (SSVSA),CORRECTIVA NO PROGRAMADA,FINISHED,rguapache,,,NO_TICKET_REPORTED,1,0,1,0,0,1,,,,fusible,PLACEHOLDER_VALUE,PLACEHOLDER_REJECTED,HAS_PLACEHOLDERS
489,2019-12-06T18:00:05.034Z,FIELD_BEAT_CLIENT|96.770.100-9|CLINICA ALEMANA DE SANTIAGO,96.770.100-9,CLINICA ALEMANA DE SANTIAGO,CORRECTIVA PROGRAMADA,ARCHIVED,,TPS-CAS,,NO_TICKET_REPORTED,0,0,0,0,0,0,,,,,,,NO_USED_PARTS
490,2019-12-06T20:00:05.914Z,FIELD_BEAT_CLIENT|81.698.900-0|UC CHRISTUS - CECA,81.698.900-0,UC CHRISTUS - CECA,CORRECTIVA PROGRAMADA,FINISHED,rguapache,Linac-153935,,NO_TICKET_REPORTED,1,0,0,1,0,1,,,1500954,"Z-Laser voltage regulator, PCB Assy",NO_MATCH,NONE,HAS_UNMATCHED_PARTS
491,2019-12-06T22:00:06.022Z,FIELD_BEAT_CLIENT|70377400-8|FUNDACION ARTURO LOPEZ PEREZ,70377400-8,FUNDACION ARTURO LOPEZ PEREZ,CORRECTIVA PROGRAMADA,FINISHED,jecheverria,LINAC-153038,,NO_TICKET_REPORTED,1,1,0,0,0,0,45133304800,10375,4513 330 4800,Gun assy,MATCHED,REF_NORMALIZED_EXACT,OK
492,2019-12-06T18:45:01.421Z,FIELD_BEAT_CLIENT|96.770.100-9|CLINICA ALEMANA DE SANTIAGO,96.770.100-9,CLINICA ALEMANA DE SANTIAGO,PREVENTIVA PROGRAMADA,FINISHED,acorbea,Linac-152171,,NO_TICKET_REPORTED,0,0,0,0,0,0,,,,,,,NO_USED_PARTS
493,2019-12-05T11:30:00.000Z,FIELD_BEAT_CLIENT||CLÍNICA SANATORIO ALEMÁN (ONCORAD),,CLÍNICA SANATORIO ALEMÁN (ONCORAD),CORRECTIVA PROGRAMADA,SCHEDULED,,,,NO_TICKET_REPORTED,0,0,0,0,0,0,,,,,,,NO_USED_PARTS
495,2019-12-06T17:00:00.000Z,FIELD_BEAT_CLIENT||CLÍNICA SANATORIO ALEMÁN (ONCORAD),,CLÍNICA SANATORIO ALEMÁN (ONCORAD),PREVENTIVA PROGRAMADA,SCHEDULED,,,,NO_TICKET_REPORTED,1,0,0,1,0,1,,,No hay.,"WD40, limpia contactos y grasa EP2",NO_MATCH,NONE,HAS_UNMATCHED_PARTS
497,2019-12-06T19:02:00.000Z,FIELD_BEAT_CLIENT||CLÍNICA SANATORIO ALEMÁN (ONCORAD),,CLÍNICA SANATORIO ALEMÁN (ONCORAD),PUESTA EN MARCHA,SCHEDULED,,,,NO_TICKET_REPORTED,1,0,0,1,0,1,,,No hay.,No hay.,NO_MATCH,NONE,HAS_UNMATCHED_PARTS
499,2019-12-10T12:00:00.000Z,FIELD_BEAT_CLIENT||CLINICA ALEMANA DE SANTIAGO,,CLINICA ALEMANA DE SANTIAGO,CORRECTIVA NO PROGRAMADA,FINISHED,glopez,Linac-152171,,NO_TICKET_REPORTED,0,0,0,0,0,0,,,,,,,NO_USED_PARTS
500,2019-12-11T00:56:00.000Z,FIELD_BEAT_CLIENT||ACME,,ACME,ASISTENCIA REMOTA,SCHEDULED,,,,NO_TICKET_REPORTED,1,0,0,1,0,1,,,uuy,jj,NO_MATCH,NONE,HAS_UNMATCHED_PARTS
502,2019-12-05T18:00:00.000Z,FIELD_BEAT_CLIENT||CLÍNICA SANATORIO ALEMÁN (ONCORAD),,CLÍNICA SANATORIO ALEMÁN (ONCORAD),CORRECTIVA PROGRAMADA,FINISHED,mreyes,Linac-201110,,NO_TICKET_REPORTED,1,0,0,1,0,1,,,No hay.,No hay.,NO_MATCH,NONE,HAS_UNMATCHED_PARTS
504,2019-12-05T11:30:00.000Z,FIELD_BEAT_CLIENT||CLÍNICA SANATORIO ALEMÁN (ONCORAD),,CLÍNICA SANATORIO ALEMÁN (ONCORAD),CORRECTIVA PROGRAMADA,FINISHED,mreyes,Linac-201110,,NO_TICKET_REPORTED,3,3,0,0,0,1,BJ4853.222.02|BJ4853.223.02|4513316442101T,11072|11073|10986,BJ4853.222.02|BJ4853.223.02.|45133164421.,"Cable Assy SK25E.|Cable Assy SK25F.|Potentiomete, 20K, 10 Turns.",MATCHED,REF_EXACT|REF_NORMALIZED_EXACT|REF_LIKE,REVIEW_REQUIRED
505,2019-12-06T19:02:00.000Z,FIELD_BEAT_CLIENT||CLÍNICA SANATORIO ALEMÁN (ONCORAD),,CLÍNICA SANATORIO ALEMÁN (ONCORAD),PUESTA EN MARCHA,FINISHED,mreyes,Linac-201110,,NO_TICKET_REPORTED,1,0,0,1,0,1,,,No hay.,No hay.,NO_MATCH,NONE,HAS_UNMATCHED_PARTS
506,2019-12-12T12:03:00.000Z,FIELD_BEAT_CLIENT||CLINICA ALEMANA DE SANTIAGO,,CLINICA ALEMANA DE SANTIAGO,CORRECTIVA NO PROGRAMADA,FINISHED,mreyes,Linac-151673,,NO_TICKET_REPORTED,1,0,0,1,0,1,,,No hay.,No hay.,NO_MATCH,NONE,HAS_UNMATCHED_PARTS
507,2019-12-14T11:00:35.775Z,FIELD_BEAT_CLIENT|70377400-8|FUNDACION ARTURO LOPEZ PEREZ,70377400-8,FUNDACION ARTURO LOPEZ PEREZ,CORRECTIVA PROGRAMADA,FINISHED,rguapache,LINAC-153038,,NO_TICKET_REPORTED,1,0,1,0,0,1,,,,Cable de potenciómetros laterales SK5,PLACEHOLDER_VALUE,PLACEHOLDER_REJECTED,HAS_PLACEHOLDERS
508,2019-12-16T16:30:00.000Z,FIELD_BEAT_CLIENT|70377400-8|FUNDACION ARTURO LOPEZ PEREZ,70377400-8,FUNDACION ARTURO LOPEZ PEREZ,CORRECTIVA NO PROGRAMADA,FINISHED,rcammalleri,APOTECA-CHEMO,,NO_TICKET_REPORTED,1,0,1,0,0,1,,,N/A,N/A,PLACEHOLDER_VALUE,PLACEHOLDER_REJECTED,HAS_PLACEHOLDERS
509,2019-12-17T11:26:00.000Z,FIELD_BEAT_CLIENT|70377400-8|FUNDACION ARTURO LOPEZ PEREZ,70377400-8,FUNDACION ARTURO LOPEZ PEREZ,CORRECTIVA NO PROGRAMADA,FINISHED,jecheverria,LINAC-153038,,NO_TICKET_REPORTED,1,0,1,0,0,1,,,,"2 NR PCB leaf motor drive 
2 NR kit de motor leaf.",PLACEHOLDER_VALUE,PLACEHOLDER_REJECTED,HAS_PLACEHOLDERS
510,2019-12-12T12:00:00.000Z,FIELD_BEAT_CLIENT|96.770.100-9|CLINICA ALEMANA DE SANTIAGO,96.770.100-9,CLINICA ALEMANA DE SANTIAGO,CORRECTIVA NO PROGRAMADA,ARCHIVED,,Linac-151673,,NO_TICKET_REPORTED,0,0,0,0,0,0,,,,,,,NO_USED_PARTS
520,2019-12-24T11:57:00.000Z,FIELD_BEAT_CLIENT|70377400-8|FUNDACION ARTURO LOPEZ PEREZ,70377400-8,FUNDACION ARTURO LOPEZ PEREZ,CORRECTIVA NO PROGRAMADA,SCHEDULED,,,,NO_TICKET_REPORTED,0,0,0,0,0,0,,,,,,,NO_USED_PARTS
521,2019-12-24T12:05:18.090Z,FIELD_BEAT_CLIENT|70377400-8|FUNDACION ARTURO LOPEZ PEREZ,70377400-8,FUNDACION ARTURO LOPEZ PEREZ,CORRECTIVA NO PROGRAMADA,SCHEDULED,,APOTECA-CHEMO,,NO_TICKET_REPORTED,1,0,1,0,0,1,,,N/A,N/A,PLACEHOLDER_VALUE,PLACEHOLDER_REJECTED,HAS_PLACEHOLDERS
498,2019-12-07T12:00:00.000Z,FIELD_BEAT_CLIENT|96.770.100-9|CLINICA ALEMANA DE SANTIAGO,96.770.100-9,CLINICA ALEMANA DE SANTIAGO,CORRECTIVA PROGRAMADA,FINISHED,acorbea,Linac-152171,,NO_TICKET_REPORTED,0,0,0,0,0,0,,,,,,,NO_USED_PARTS
501,2019-12-11T11:01:00.000Z,FIELD_BEAT_CLIENT||ACME,,ACME,ASISTENCIA REMOTA,SCHEDULED,,153038,,NO_TICKET_REPORTED,0,0,0,0,0,0,,,,,,,NO_USED_PARTS
503,2019-12-06T17:00:00.000Z,FIELD_BEAT_CLIENT||CLÍNICA SANATORIO ALEMÁN (ONCORAD),,CLÍNICA SANATORIO ALEMÁN (ONCORAD),PREVENTIVA PROGRAMADA,FINISHED,mreyes,Linac-201110,,NO_TICKET_REPORTED,1,0,0,1,0,1,,,No hay.,"WD40, limpia contactos y grasa EP2.",NO_MATCH,NONE,HAS_UNMATCHED_PARTS
511,2019-12-18T10:15:00.000Z,FIELD_BEAT_CLIENT||UC CHRISTUS - CECA,,UC CHRISTUS - CECA,CORRECTIVA NO PROGRAMADA,FINISHED,jecheverria,,,NO_TICKET_REPORTED,1,0,1,0,0,1,,,,fusible de retardo de 250 VAC 10 Amp.,PLACEHOLDER_VALUE,PLACEHOLDER_REJECTED,HAS_PLACEHOLDERS
512,2019-12-18T14:45:00.000Z,FIELD_BEAT_CLIENT||CLINICA ALEMANA DE SANTIAGO,,CLINICA ALEMANA DE SANTIAGO,CORRECTIVA NO PROGRAMADA,FINISHED,rguapache,Linac-151673,,NO_TICKET_REPORTED,0,0,0,0,0,0,,,,,,,NO_USED_PARTS
513,2019-12-18T13:39:00.000Z,FIELD_BEAT_CLIENT||CLÍNICA SANATORIO ALEMÁN (ONCORAD),,CLÍNICA SANATORIO ALEMÁN (ONCORAD),CORRECTIVA PROGRAMADA,FINISHED,mreyes,Linac-201110,,NO_TICKET_REPORTED,1,0,0,1,0,1,,,"1532434  Iss. 01
","Vacuum pump PSU.

S/N 153243417003.
",NO_MATCH,NONE,HAS_UNMATCHED_PARTS
514,2019-12-18T17:00:00.000Z,FIELD_BEAT_CLIENT||CLÍNICA SANATORIO ALEMÁN (ONCORAD),,CLÍNICA SANATORIO ALEMÁN (ONCORAD),CORRECTIVA PROGRAMADA,FINISHED,mreyes,Linac-201110,,NO_TICKET_REPORTED,1,0,0,1,0,1,,,No hay.,No hay.,NO_MATCH,NONE,HAS_UNMATCHED_PARTS
515,2019-12-19T00:47:00.000Z,FIELD_BEAT_CLIENT||CLÍNICA ALEMANA DE TEMUCO,,CLÍNICA ALEMANA DE TEMUCO,CORRECTIVA PROGRAMADA,FINISHED,mreyes,Linac-201073,,NO_TICKET_REPORTED,1,0,0,1,0,1,,,No hay.,No hay.,NO_MATCH,NONE,HAS_UNMATCHED_PARTS
516,2019-12-19T21:37:00.000Z,FIELD_BEAT_CLIENT||CLÍNICA ALEMANA DE TEMUCO,,CLÍNICA ALEMANA DE TEMUCO,CORRECTIVA PROGRAMADA,FINISHED,mreyes,Linac-201073,,NO_TICKET_REPORTED,1,0,0,1,0,1,,,1532432.,Gun filament PSU. N/S 153243219020.,NO_MATCH,NONE,HAS_UNMATCHED_PARTS
517,2019-12-20T14:30:00.000Z,FIELD_BEAT_CLIENT|70377400-8|FUNDACION ARTURO LOPEZ PEREZ,70377400-8,FUNDACION ARTURO LOPEZ PEREZ,ASISTENCIA REMOTA,FINISHED,rcammalleri,APOTECA-CHEMO,,NO_TICKET_REPORTED,1,0,1,0,0,1,,,N/A,N/A,PLACEHOLDER_VALUE,PLACEHOLDER_REJECTED,HAS_PLACEHOLDERS
518,2019-12-20T20:00:00.617Z,FIELD_BEAT_CLIENT|81.698.900-0|UC CHRISTUS - CECA,81.698.900-0,UC CHRISTUS - CECA,PREVENTIVA PROGRAMADA,FINISHED,jecheverria,Linac-153935,,NO_TICKET_REPORTED,1,0,1,0,0,1,,,NA,NA,PLACEHOLDER_VALUE,PLACEHOLDER_REJECTED,HAS_PLACEHOLDERS
519,2019-12-24T11:57:00.000Z,FIELD_BEAT_CLIENT|70377400-8|FUNDACION ARTURO LOPEZ PEREZ,70377400-8,FUNDACION ARTURO LOPEZ PEREZ,CORRECTIVA NO PROGRAMADA,SCHEDULED,,,,NO_TICKET_REPORTED,0,0,0,0,0,0,,,,,,,NO_USED_PARTS
527,2019-12-26T10:40:00.000Z,FIELD_BEAT_CLIENT|70377400-8|FUNDACION ARTURO LOPEZ PEREZ,70377400-8,FUNDACION ARTURO LOPEZ PEREZ,CORRECTIVA PROGRAMADA,FINISHED,jecheverria,,,NO_TICKET_REPORTED,1,0,1,0,0,1,,,NA,NA,PLACEHOLDER_VALUE,PLACEHOLDER_REJECTED,HAS_PLACEHOLDERS
528,2019-12-26T10:46:00.000Z,FIELD_BEAT_CLIENT|70377400-8|FUNDACION ARTURO LOPEZ PEREZ,70377400-8,FUNDACION ARTURO LOPEZ PEREZ,CORRECTIVA NO PROGRAMADA,FINISHED,jecheverria,,,NO_TICKET_REPORTED,1,0,1,0,0,1,,,NA,NA,PLACEHOLDER_VALUE,PLACEHOLDER_REJECTED,HAS_PLACEHOLDERS
529,2019-12-21T17:00:00.000Z,FIELD_BEAT_CLIENT||UC CHRISTUS - CECA,,UC CHRISTUS - CECA,ASISTENCIA REMOTA,FINISHED,jecheverria,Linac-153935,,NO_TICKET_REPORTED,1,0,1,0,0,1,,,NA,NA,PLACEHOLDER_VALUE,PLACEHOLDER_REJECTED,HAS_PLACEHOLDERS
530,2019-12-26T12:00:00.000Z,FIELD_BEAT_CLIENT||SERVICIO DE SALUD DE MAGALLANES,,SERVICIO DE SALUD DE MAGALLANES,PREVENTIVA PROGRAMADA,FINISHED,raguila,,,NO_TICKET_REPORTED,1,0,1,0,0,1,,,S/N,N/C,PLACEHOLDER_VALUE,PLACEHOLDER_REJECTED,HAS_PLACEHOLDERS
531,2019-12-27T09:00:00.000Z,FIELD_BEAT_CLIENT|70377400-8|FUNDACION ARTURO LOPEZ PEREZ,70377400-8,FUNDACION ARTURO LOPEZ PEREZ,PREVENTIVA PROGRAMADA,SCHEDULED,,,,NO_TICKET_REPORTED,0,0,0,0,0,0,,,,,,,NO_USED_PARTS
534,2019-12-23T10:00:00.000Z,FIELD_BEAT_CLIENT||CLINICA ALEMANA DE SANTIAGO,,CLINICA ALEMANA DE SANTIAGO,INSTALACION - INTEGRACION,FINISHED,scarcamo,Linac-152171,,NO_TICKET_REPORTED,2,0,2,0,0,2,,,sin numero,Fuente de Poder KVM|Fuse 32 mm FS76A,PLACEHOLDER_VALUE,PLACEHOLDER_REJECTED,HAS_PLACEHOLDERS
535,2019-12-27T13:00:00.000Z,FIELD_BEAT_CLIENT|70377400-8|FUNDACION ARTURO LOPEZ PEREZ,70377400-8,FUNDACION ARTURO LOPEZ PEREZ,CORRECTIVA NO PROGRAMADA,FINISHED,rcammalleri,APOTECA-CHEMO,,NO_TICKET_REPORTED,1,0,1,0,0,1,,,N/A,N/A,PLACEHOLDER_VALUE,PLACEHOLDER_REJECTED,HAS_PLACEHOLDERS
536,2019-12-30T11:30:00.000Z,FIELD_BEAT_CLIENT|70377400-8|FUNDACION ARTURO LOPEZ PEREZ,70377400-8,FUNDACION ARTURO LOPEZ PEREZ,CORRECTIVA PROGRAMADA,FINISHED,rcammalleri,APOTECA-CHEMO,,NO_TICKET_REPORTED,1,0,1,0,0,1,,,N/A,N/A,PLACEHOLDER_VALUE,PLACEHOLDER_REJECTED,HAS_PLACEHOLDERS
537,2020-01-03T10:15:00.000Z,FIELD_BEAT_CLIENT|70377400-8|FUNDACION ARTURO LOPEZ PEREZ,70377400-8,FUNDACION ARTURO LOPEZ PEREZ,CORRECTIVA NO PROGRAMADA,ARCHIVED,,,,NO_TICKET_REPORTED,0,0,0,0,0,0,,,,,,,NO_USED_PARTS
538,2020-01-03T10:15:00.000Z,FIELD_BEAT_CLIENT|70377400-8|FUNDACION ARTURO LOPEZ PEREZ,70377400-8,FUNDACION ARTURO LOPEZ PEREZ,CORRECTIVA NO PROGRAMADA,FINISHED,jecheverria,,,NO_TICKET_REPORTED,1,0,1,0,0,1,,,NA,NA,PLACEHOLDER_VALUE,PLACEHOLDER_REJECTED,HAS_PLACEHOLDERS
539,2020-01-07T10:30:43.258Z,FIELD_BEAT_CLIENT|70377400-8|FUNDACION ARTURO LOPEZ PEREZ,70377400-8,FUNDACION ARTURO LOPEZ PEREZ,CORRECTIVA NO PROGRAMADA,FINISHED,rguapache,LINAC-153038,,NO_TICKET_REPORTED,1,0,1,0,0,1,,,,Leaf Motor,PLACEHOLDER_VALUE,PLACEHOLDER_REJECTED,HAS_PLACEHOLDERS
540,2020-01-07T12:30:41.563Z,FIELD_BEAT_CLIENT|79.560.900-8|RADIO NUCLEAR,79.560.900-8,RADIO NUCLEAR,CORRECTIVA PROGRAMADA,FINISHED,jecheverria,Linac-151238,,NO_TICKET_REPORTED,1,1,0,0,0,0,45133308243_01,11246,45133308243 01,cable de alta tension Bomba ionica,MATCHED,REF_NORMALIZED_EXACT,OK
541,2020-01-07T13:00:00.000Z,FIELD_BEAT_CLIENT||TORRE MÉDICA - RANCAGUA,,TORRE MÉDICA - RANCAGUA,CORRECTIVA PROGRAMADA,FINISHED,mreyes,Linac-105277,,NO_TICKET_REPORTED,2,0,0,2,0,2,,,4513 390 2234.|KBC 5008 (50 Amp.),PCB Driver 33B.|Puente rectificador.,NO_MATCH,NONE,HAS_UNMATCHED_PARTS
542,2020-01-08T15:00:02.234Z,FIELD_BEAT_CLIENT|79.560.900-8|RADIO NUCLEAR,79.560.900-8,RADIO NUCLEAR,CORRECTIVA PROGRAMADA,FINISHED,jecheverria,Linac-151238,,NO_TICKET_REPORTED,1,0,1,0,0,1,,,NA,NA,PLACEHOLDER_VALUE,PLACEHOLDER_REJECTED,HAS_PLACEHOLDERS
543,2020-01-09T10:45:37.516Z,FIELD_BEAT_CLIENT|61.606.500-9|HOSPITAL CARLOS VAN BUREN (SSVSA),61.606.500-9,HOSPITAL CARLOS VAN BUREN (SSVSA),CORRECTIVA NO PROGRAMADA,FINISHED,jecheverria,Linac-154325,,NO_TICKET_REPORTED,1,0,1,0,0,1,,,SN,FUSIBLE DE RETARDO 10 AMP. 250 VAC.,PLACEHOLDER_VALUE,PLACEHOLDER_REJECTED,HAS_PLACEHOLDERS
546,2020-01-10T17:45:48.788Z,FIELD_BEAT_CLIENT|61.606.500-9|HOSPITAL CARLOS VAN BUREN (SSVSA),61.606.500-9,HOSPITAL CARLOS VAN BUREN (SSVSA),PREVENTIVA PROGRAMADA,FINISHED,jecheverria,Linac-154325,,NO_TICKET_REPORTED,1,0,1,0,0,1,,,NA,NA,PLACEHOLDER_VALUE,PLACEHOLDER_REJECTED,HAS_PLACEHOLDERS
547,2020-01-13T10:00:15.803Z,FIELD_BEAT_CLIENT|70377400-8|FUNDACION ARTURO LOPEZ PEREZ,70377400-8,FUNDACION ARTURO LOPEZ PEREZ,CORRECTIVA PROGRAMADA,FINISHED,jecheverria,LINAC-153038,,NO_TICKET_REPORTED,1,0,0,1,0,1,,,1015229,nueces cortas de laminas,NO_MATCH,NONE,HAS_UNMATCHED_PARTS
549,2020-01-14T23:30:00.000Z,FIELD_BEAT_CLIENT||UC CHRISTUS - CECA,,UC CHRISTUS - CECA,ASISTENCIA REMOTA,FINISHED,rguapache,,,NO_TICKET_REPORTED,0,0,0,0,0,0,,,,,,,NO_USED_PARTS
522,2019-12-24T12:09:39.537Z,FIELD_BEAT_CLIENT|61.606.500-9|HOSPITAL CARLOS VAN BUREN (SSVSA),61.606.500-9,HOSPITAL CARLOS VAN BUREN (SSVSA),CORRECTIVA NO PROGRAMADA,FINISHED,scarcamo,LAP-LASER-HCVB,,NO_TICKET_REPORTED,0,0,0,0,0,0,,,,,,,NO_USED_PARTS
523,2019-12-24T13:08:00.000Z,FIELD_BEAT_CLIENT|70377400-8|FUNDACION ARTURO LOPEZ PEREZ,70377400-8,FUNDACION ARTURO LOPEZ PEREZ,REQUERIMIENTO DEL CLIENTE,SCHEDULED,,,,NO_TICKET_REPORTED,0,0,0,0,0,0,,,,,,,NO_USED_PARTS
524,2019-12-24T13:14:00.000Z,FIELD_BEAT_CLIENT|70377400-8|FUNDACION ARTURO LOPEZ PEREZ,70377400-8,FUNDACION ARTURO LOPEZ PEREZ,REQUERIMIENTO DEL CLIENTE,FINISHED,rguapache,,,NO_TICKET_REPORTED,4,0,0,4,0,4,,,SN: 040104285|SN: 002148-002|SN: 002148-001|SN: 029488-019,Laser Sagital|Laser Fijo lado B|Laser Fijo lado A|Control de Mando de Laser,NO_MATCH,NONE,HAS_UNMATCHED_PARTS
525,2019-12-23T12:15:00.000Z,FIELD_BEAT_CLIENT|70377400-8|FUNDACION ARTURO LOPEZ PEREZ,70377400-8,FUNDACION ARTURO LOPEZ PEREZ,ASISTENCIA REMOTA,FINISHED,rcammalleri,APOTECA-CHEMO,,NO_TICKET_REPORTED,1,0,1,0,0,1,,,N/A,N/A,PLACEHOLDER_VALUE,PLACEHOLDER_REJECTED,HAS_PLACEHOLDERS
526,2019-12-26T10:30:00.000Z,FIELD_BEAT_CLIENT|70377400-8|FUNDACION ARTURO LOPEZ PEREZ,70377400-8,FUNDACION ARTURO LOPEZ PEREZ,,ARCHIVED,,,,NO_TICKET_REPORTED,0,0,0,0,0,0,,,,,,,NO_USED_PARTS
532,2019-12-27T09:00:00.000Z,FIELD_BEAT_CLIENT|70377400-8|FUNDACION ARTURO LOPEZ PEREZ,70377400-8,FUNDACION ARTURO LOPEZ PEREZ,PREVENTIVA PROGRAMADA,FINISHED,scarcamo,LINAC-153038,,NO_TICKET_REPORTED,0,0,0,0,0,0,,,,,,,NO_USED_PARTS
533,2019-12-23T10:00:00.000Z,FIELD_BEAT_CLIENT||CLINICA ALEMANA DE SANTIAGO,,CLINICA ALEMANA DE SANTIAGO,INSTALACION - INTEGRACION,FINISHED,scarcamo,Linac-151673,,NO_TICKET_REPORTED,0,0,0,0,0,0,,,,,,,NO_USED_PARTS
550,2020-01-15T19:00:37.523Z,FIELD_BEAT_CLIENT|70377400-8|FUNDACION ARTURO LOPEZ PEREZ,70377400-8,FUNDACION ARTURO LOPEZ PEREZ,CORRECTIVA NO PROGRAMADA,FINISHED,acorbea,LINAC-153038,,NO_TICKET_REPORTED,0,0,0,0,0,0,,,,,,,NO_USED_PARTS
551,2020-01-15T19:00:00.000Z,FIELD_BEAT_CLIENT||CLINICA ALEMANA DE SANTIAGO,,CLINICA ALEMANA DE SANTIAGO,CORRECTIVA PROGRAMADA,FINISHED,scarcamo,Linac-152171,,NO_TICKET_REPORTED,0,0,0,0,0,0,,,,,,,NO_USED_PARTS
554,2020-01-18T11:00:00.000Z,FIELD_BEAT_CLIENT|70377400-8|FUNDACION ARTURO LOPEZ PEREZ,70377400-8,FUNDACION ARTURO LOPEZ PEREZ,PREVENTIVA PROGRAMADA,FINISHED,mreyes,,,NO_TICKET_REPORTED,2,2,0,0,0,0,1517657|1534958,10701|11034,1517657.|1534958.,"PCB Drive motors.|Kit, spares leaf motor.",MATCHED,REF_NORMALIZED_EXACT,OK
555,2020-01-18T15:00:00.000Z,FIELD_BEAT_CLIENT|70377400-8|FUNDACION ARTURO LOPEZ PEREZ,70377400-8,FUNDACION ARTURO LOPEZ PEREZ,CORRECTIVA PROGRAMADA,FINISHED,mreyes,,,NO_TICKET_REPORTED,1,0,0,1,0,1,,,No hay.,No hay.,NO_MATCH,NONE,HAS_UNMATCHED_PARTS
556,2020-01-20T17:30:00.000Z,FIELD_BEAT_CLIENT||UC CHRISTUS - CECA,,UC CHRISTUS - CECA,CORRECTIVA PROGRAMADA,FINISHED,scarcamo,OIS-UC,,NO_TICKET_REPORTED,1,0,1,0,0,1,,,,Unidad de Cinta LTO 6 HPE,PLACEHOLDER_VALUE,PLACEHOLDER_REJECTED,HAS_PLACEHOLDERS
557,2020-01-20T20:00:00.000Z,FIELD_BEAT_CLIENT||CLÍNICA ALEMANA DE TEMUCO,,CLÍNICA ALEMANA DE TEMUCO,ASISTENCIA REMOTA,FINISHED,rcammalleri,OIS-CAT,,NO_TICKET_REPORTED,1,0,1,0,0,1,,,N/A,N/A,PLACEHOLDER_VALUE,PLACEHOLDER_REJECTED,HAS_PLACEHOLDERS
558,2020-01-23T16:00:00.000Z,FIELD_BEAT_CLIENT|70377400-8|FUNDACION ARTURO LOPEZ PEREZ,70377400-8,FUNDACION ARTURO LOPEZ PEREZ,CORRECTIVA NO PROGRAMADA,FINISHED,jecheverria,,,NO_TICKET_REPORTED,1,0,1,0,0,1,,,NA,NA,PLACEHOLDER_VALUE,PLACEHOLDER_REJECTED,HAS_PLACEHOLDERS
559,2020-01-23T15:00:00.000Z,FIELD_BEAT_CLIENT||CLÍNICA SANATORIO ALEMÁN (ONCORAD),,CLÍNICA SANATORIO ALEMÁN (ONCORAD),CORRECTIVA PROGRAMADA,FINISHED,mreyes,,,NO_TICKET_REPORTED,1,1,0,0,0,0,1008587,11122,1008587,MLC Electrónic Assy.,MATCHED,REF_EXACT,OK
560,2020-01-24T19:00:34.342Z,FIELD_BEAT_CLIENT|61.606.500-9|HOSPITAL CARLOS VAN BUREN (SSVSA),61.606.500-9,HOSPITAL CARLOS VAN BUREN (SSVSA),PREVENTIVA PROGRAMADA,FINISHED,jecheverria,Linac-154325,,NO_TICKET_REPORTED,1,0,1,0,0,1,,,SN,"Agua Bidestilada, 2 filtros de agua",PLACEHOLDER_VALUE,PLACEHOLDER_REJECTED,HAS_PLACEHOLDERS
561,2020-01-25T11:45:21.442Z,FIELD_BEAT_CLIENT|70377400-8|FUNDACION ARTURO LOPEZ PEREZ,70377400-8,FUNDACION ARTURO LOPEZ PEREZ,PREVENTIVA PROGRAMADA,FINISHED,glopez,LINAC-153038,,NO_TICKET_REPORTED,0,0,0,0,0,0,,,,,,,NO_USED_PARTS
562,2020-01-27T14:43:00.000Z,FIELD_BEAT_CLIENT||CLÍNICA SANATORIO ALEMÁN (ONCORAD),,CLÍNICA SANATORIO ALEMÁN (ONCORAD),CORRECTIVA NO PROGRAMADA,FINISHED,mreyes,,,NO_TICKET_REPORTED,1,0,0,1,0,1,,,No hay.,No hay.,NO_MATCH,NONE,HAS_UNMATCHED_PARTS
563,2020-01-27T14:45:00.000Z,FIELD_BEAT_CLIENT||CLÍNICA SANATORIO ALEMÁN (ONCORAD),,CLÍNICA SANATORIO ALEMÁN (ONCORAD),ASISTENCIA REMOTA,FINISHED,mreyes,,,NO_TICKET_REPORTED,1,0,0,1,0,1,,,No hay.,No hay.,NO_MATCH,NONE,HAS_UNMATCHED_PARTS
564,2020-01-27T11:30:00.000Z,FIELD_BEAT_CLIENT|70377400-8|FUNDACION ARTURO LOPEZ PEREZ,70377400-8,FUNDACION ARTURO LOPEZ PEREZ,CORRECTIVA PROGRAMADA,FINISHED,scarcamo,,,NO_TICKET_REPORTED,0,0,0,0,0,0,,,,,,,NO_USED_PARTS
565,2020-01-27T16:30:00.000Z,FIELD_BEAT_CLIENT||INRAD,,INRAD,ASISTENCIA REMOTA,FINISHED,rcammalleri,OIS-INRAD,,NO_TICKET_REPORTED,1,0,1,0,0,1,,,N/A,N/A,PLACEHOLDER_VALUE,PLACEHOLDER_REJECTED,HAS_PLACEHOLDERS
566,2020-01-27T14:00:00.000Z,FIELD_BEAT_CLIENT|70377400-8|FUNDACION ARTURO LOPEZ PEREZ,70377400-8,FUNDACION ARTURO LOPEZ PEREZ,REQUERIMIENTO DEL CLIENTE,FINISHED,rcammalleri,OIS-FALP,,NO_TICKET_REPORTED,0,0,0,0,0,0,,,,,,,NO_USED_PARTS
567,2020-01-28T10:50:00.000Z,FIELD_BEAT_CLIENT||CLINICA ALEMANA DE SANTIAGO,,CLINICA ALEMANA DE SANTIAGO,CORRECTIVA NO PROGRAMADA,FINISHED,glopez,Linac-151673,,NO_TICKET_REPORTED,1,0,1,0,0,1,,,,Fusible,PLACEHOLDER_VALUE,PLACEHOLDER_REJECTED,HAS_PLACEHOLDERS
568,2020-01-28T12:30:00.000Z,FIELD_BEAT_CLIENT||CLINICA ALEMANA DE SANTIAGO,,CLINICA ALEMANA DE SANTIAGO,CORRECTIVA NO PROGRAMADA,FINISHED,scarcamo,OIS-CAS,,NO_TICKET_REPORTED,0,0,0,0,0,0,,,,,,,NO_USED_PARTS
570,2020-01-28T14:30:21.512Z,FIELD_BEAT_CLIENT|70377400-8|FUNDACION ARTURO LOPEZ PEREZ,70377400-8,FUNDACION ARTURO LOPEZ PEREZ,CORRECTIVA PROGRAMADA,FINISHED,glopez,HDR-FT07026,,NO_TICKET_REPORTED,0,0,0,0,0,0,,,,,,,NO_USED_PARTS
571,2020-01-29T11:40:00.000Z,FIELD_BEAT_CLIENT|70377400-8|FUNDACION ARTURO LOPEZ PEREZ,70377400-8,FUNDACION ARTURO LOPEZ PEREZ,REQUERIMIENTO DEL CLIENTE,FINISHED,jecheverria,,,NO_TICKET_REPORTED,1,0,1,0,0,1,,,SN,N/A,PLACEHOLDER_VALUE,PLACEHOLDER_REJECTED,HAS_PLACEHOLDERS
572,2020-01-29T13:00:00.000Z,FIELD_BEAT_CLIENT|70377400-8|FUNDACION ARTURO LOPEZ PEREZ,70377400-8,FUNDACION ARTURO LOPEZ PEREZ,CORRECTIVA PROGRAMADA,FINISHED,rcammalleri,APOTECA-CHEMO,,NO_TICKET_REPORTED,1,0,1,0,0,1,,,N/A,N/A,PLACEHOLDER_VALUE,PLACEHOLDER_REJECTED,HAS_PLACEHOLDERS
573,2020-01-30T13:50:00.000Z,FIELD_BEAT_CLIENT||CLÍNICA SANATORIO ALEMÁN (ONCORAD),,CLÍNICA SANATORIO ALEMÁN (ONCORAD),CORRECTIVA NO PROGRAMADA,FINISHED,mreyes,,,NO_TICKET_REPORTED,1,0,0,1,0,1,,,No hay.,No hay.,NO_MATCH,NONE,HAS_UNMATCHED_PARTS
574,2020-01-31T22:30:59.504Z,FIELD_BEAT_CLIENT|70377400-8|FUNDACION ARTURO LOPEZ PEREZ,70377400-8,FUNDACION ARTURO LOPEZ PEREZ,CORRECTIVA NO PROGRAMADA,FINISHED,acorbea,LINAC-153038,,NO_TICKET_REPORTED,0,0,0,0,0,0,,,,,,,NO_USED_PARTS
575,2020-02-01T14:13:12.614Z,FIELD_BEAT_CLIENT||CLÍNICA SANATORIO ALEMÁN (ONCORAD),,CLÍNICA SANATORIO ALEMÁN (ONCORAD),REQUERIMIENTO DEL CLIENTE,ARCHIVED,,Linac-201110,,NO_TICKET_REPORTED,0,0,0,0,0,0,,,,,,,NO_USED_PARTS
576,2020-02-01T14:13:00.000Z,FIELD_BEAT_CLIENT||CLÍNICA SANATORIO ALEMÁN (ONCORAD),,CLÍNICA SANATORIO ALEMÁN (ONCORAD),REQUERIMIENTO DEL CLIENTE,FINISHED,mreyes,Linac-201110,,NO_TICKET_REPORTED,1,0,0,1,0,1,,,677,bbb,NO_MATCH,NONE,HAS_UNMATCHED_PARTS
577,2020-02-03T10:34:00.000Z,FIELD_BEAT_CLIENT|70377400-8|FUNDACION ARTURO LOPEZ PEREZ,70377400-8,FUNDACION ARTURO LOPEZ PEREZ,CORRECTIVA NO PROGRAMADA,FINISHED,glopez,LINAC-153038,,NO_TICKET_REPORTED,1,0,1,0,0,1,,,,Fusible de 10 A,PLACEHOLDER_VALUE,PLACEHOLDER_REJECTED,HAS_PLACEHOLDERS
578,2020-02-03T11:30:00.000Z,FIELD_BEAT_CLIENT|70377400-8|FUNDACION ARTURO LOPEZ PEREZ,70377400-8,FUNDACION ARTURO LOPEZ PEREZ,CORRECTIVA NO PROGRAMADA,FINISHED,jecheverria,,,NO_TICKET_REPORTED,1,0,1,0,0,1,,,NA,NA,PLACEHOLDER_VALUE,PLACEHOLDER_REJECTED,HAS_PLACEHOLDERS
579,2020-02-06T12:05:13.397Z,FIELD_BEAT_CLIENT|81.698.900-0|UC CHRISTUS - CECA,81.698.900-0,UC CHRISTUS - CECA,CORRECTIVA PROGRAMADA,FINISHED,jecheverria,Linac-153935,,NO_TICKET_REPORTED,1,0,1,0,0,1,,,SN,NA,PLACEHOLDER_VALUE,PLACEHOLDER_REJECTED,HAS_PLACEHOLDERS
584,2020-02-15T11:30:00.000Z,FIELD_BEAT_CLIENT|81.698.900-0|UC CHRISTUS - CECA,81.698.900-0,UC CHRISTUS - CECA,CORRECTIVA PROGRAMADA,FINISHED,scarcamo,Linac-153935,,NO_TICKET_REPORTED,0,0,0,0,0,0,,,,,,,NO_USED_PARTS
585,2020-02-11T16:30:38.224Z,FIELD_BEAT_CLIENT|76.746.730-3|CLÍNICA SANATORIO ALEMÁN (ONCORAD),76.746.730-3,CLÍNICA SANATORIO ALEMÁN (ONCORAD),ASISTENCIA REMOTA,FINISHED,jecheverria,Linac-201110,,NO_TICKET_REPORTED,1,0,1,0,0,1,,,SN,NA,PLACEHOLDER_VALUE,PLACEHOLDER_REJECTED,HAS_PLACEHOLDERS
586,2020-02-11T18:00:40.015Z,FIELD_BEAT_CLIENT|76.746.730-3|CLÍNICA SANATORIO ALEMÁN (ONCORAD),76.746.730-3,CLÍNICA SANATORIO ALEMÁN (ONCORAD),ASISTENCIA REMOTA,FINISHED,jecheverria,Linac-201110,,NO_TICKET_REPORTED,1,0,1,0,0,1,,,SN,NA,PLACEHOLDER_VALUE,PLACEHOLDER_REJECTED,HAS_PLACEHOLDERS
587,2020-02-11T23:00:53.448Z,FIELD_BEAT_CLIENT|81.698.900-0|UC CHRISTUS - CECA,81.698.900-0,UC CHRISTUS - CECA,ASISTENCIA REMOTA,FINISHED,rguapache,Linac-153935,,NO_TICKET_REPORTED,0,0,0,0,0,0,,,,,,,NO_USED_PARTS
588,2020-02-12T19:00:00.000Z,FIELD_BEAT_CLIENT|76.746.730-3|CLÍNICA SANATORIO ALEMÁN (ONCORAD),76.746.730-3,CLÍNICA SANATORIO ALEMÁN (ONCORAD),CORRECTIVA NO PROGRAMADA,FINISHED,rguapache,Linac-201110,,NO_TICKET_REPORTED,0,0,0,0,0,0,,,,,,,NO_USED_PARTS
589,2020-02-13T15:00:00.000Z,FIELD_BEAT_CLIENT|70377400-8|FUNDACION ARTURO LOPEZ PEREZ,70377400-8,FUNDACION ARTURO LOPEZ PEREZ,CORRECTIVA PROGRAMADA,FINISHED,jecheverria,APOTECA-CHEMO,,NO_TICKET_REPORTED,1,0,1,0,0,1,,,SN,NA,PLACEHOLDER_VALUE,PLACEHOLDER_REJECTED,HAS_PLACEHOLDERS
599,2020-02-22T11:30:00.000Z,FIELD_BEAT_CLIENT|70377400-8|FUNDACION ARTURO LOPEZ PEREZ,70377400-8,FUNDACION ARTURO LOPEZ PEREZ,CORRECTIVA PROGRAMADA,FINISHED,scarcamo,,,NO_TICKET_REPORTED,2,2,0,0,0,2,1500445|1016474_usado,10253|11873,1500445 02|1016474,DLG PCB|Frenos DLG x2,MATCHED,REF_LIKE,REVIEW_REQUIRED
600,2020-02-24T14:00:00.000Z,FIELD_BEAT_CLIENT||INRAD,,INRAD,CORRECTIVA PROGRAMADA,FINISHED,mreyes,Linac-201172,,NO_TICKET_REPORTED,1,0,0,1,0,1,,,No hay.,No hay,NO_MATCH,NONE,HAS_UNMATCHED_PARTS
601,2020-02-26T15:00:00.000Z,FIELD_BEAT_CLIENT||CLÍNICA ALEMANA DE TEMUCO,,CLÍNICA ALEMANA DE TEMUCO,CORRECTIVA PROGRAMADA,FINISHED,mreyes,Linac-201073,,NO_TICKET_REPORTED,1,0,0,1,0,1,,,No hay,No hay.,NO_MATCH,NONE,HAS_UNMATCHED_PARTS
602,2020-02-26T15:10:00.000Z,FIELD_BEAT_CLIENT||CLÍNICA ALEMANA DE TEMUCO,,CLÍNICA ALEMANA DE TEMUCO,CORRECTIVA PROGRAMADA,FINISHED,mreyes,Linac-201073,,NO_TICKET_REPORTED,1,0,0,1,0,1,,,No hay.,No hay.,NO_MATCH,NONE,HAS_UNMATCHED_PARTS
580,2020-02-07T11:30:00.000Z,FIELD_BEAT_CLIENT||CLÍNICA ALEMANA DE TEMUCO,,CLÍNICA ALEMANA DE TEMUCO,ASISTENCIA REMOTA,FINISHED,jecheverria,,,NO_TICKET_REPORTED,1,0,1,0,0,1,,,SN,NA,PLACEHOLDER_VALUE,PLACEHOLDER_REJECTED,HAS_PLACEHOLDERS
581,2020-02-07T13:15:00.000Z,FIELD_BEAT_CLIENT||CLÍNICA ALEMANA DE TEMUCO,,CLÍNICA ALEMANA DE TEMUCO,ASISTENCIA REMOTA,FINISHED,jecheverria,,,NO_TICKET_REPORTED,1,0,1,0,0,1,,,SN,NA,PLACEHOLDER_VALUE,PLACEHOLDER_REJECTED,HAS_PLACEHOLDERS
582,2020-02-07T15:00:00.000Z,FIELD_BEAT_CLIENT||CLINICA ALEMANA DE SANTIAGO,,CLINICA ALEMANA DE SANTIAGO,CORRECTIVA PROGRAMADA,FINISHED,acorbea,Linac-151673,,NO_TICKET_REPORTED,0,0,0,0,0,0,,,,,,,NO_USED_PARTS
583,2020-02-14T17:00:00.000Z,FIELD_BEAT_CLIENT|81.698.900-0|UC CHRISTUS - CECA,81.698.900-0,UC CHRISTUS - CECA,CORRECTIVA PROGRAMADA,FINISHED,scarcamo,Linac-153935,,NO_TICKET_REPORTED,3,0,3,0,0,3,,,,Freno DLG Y2|Espejo Mylar|Ensamble Cañon,PLACEHOLDER_VALUE,PLACEHOLDER_REJECTED,HAS_PLACEHOLDERS
590,2020-02-17T12:45:00.000Z,FIELD_BEAT_CLIENT||HOSPITAL CARLOS VAN BUREN (SSVSA),,HOSPITAL CARLOS VAN BUREN (SSVSA),CORRECTIVA NO PROGRAMADA,FINISHED,rguapache,Linac-154325,,NO_TICKET_REPORTED,1,0,1,0,0,1,,,,Fusible de 10Amp,PLACEHOLDER_VALUE,PLACEHOLDER_REJECTED,HAS_PLACEHOLDERS
591,2020-02-18T11:00:30.177Z,FIELD_BEAT_CLIENT|70377400-8|FUNDACION ARTURO LOPEZ PEREZ,70377400-8,FUNDACION ARTURO LOPEZ PEREZ,CORRECTIVA NO PROGRAMADA,FINISHED,rcammalleri,APOTECA-CHEMO,,NO_TICKET_REPORTED,0,0,0,0,0,0,,,,,,,NO_USED_PARTS
592,2020-02-18T11:00:00.000Z,FIELD_BEAT_CLIENT|70377400-8|FUNDACION ARTURO LOPEZ PEREZ,70377400-8,FUNDACION ARTURO LOPEZ PEREZ,REQUERIMIENTO DEL CLIENTE,FINISHED,rcammalleri,APOTECA-CHEMO,,NO_TICKET_REPORTED,0,0,0,0,0,0,,,,,,,NO_USED_PARTS
593,2020-02-18T11:00:00.000Z,FIELD_BEAT_CLIENT|70377400-8|FUNDACION ARTURO LOPEZ PEREZ,70377400-8,FUNDACION ARTURO LOPEZ PEREZ,CORRECTIVA PROGRAMADA,FINISHED,rcammalleri,APOTECA-CHEMO,,NO_TICKET_REPORTED,1,0,1,0,0,1,,,N/A,Tapete de identificación de viales,PLACEHOLDER_VALUE,PLACEHOLDER_REJECTED,HAS_PLACEHOLDERS
594,2020-02-19T12:03:00.000Z,FIELD_BEAT_CLIENT||ACME,,ACME,ASISTENCIA REMOTA,FINISHED,scarcamo,153038,,NO_TICKET_REPORTED,0,0,0,0,0,0,,,,,,,NO_USED_PARTS
595,2020-02-20T13:00:35.788Z,FIELD_BEAT_CLIENT|70377400-8|FUNDACION ARTURO LOPEZ PEREZ,70377400-8,FUNDACION ARTURO LOPEZ PEREZ,CORRECTIVA PROGRAMADA,FINISHED,glopez,LIAC-FALP,,NO_TICKET_REPORTED,0,0,0,0,0,0,,,,,,,NO_USED_PARTS
596,2020-02-21T17:00:59.793Z,FIELD_BEAT_CLIENT|96.770.100-9|CLINICA ALEMANA DE SANTIAGO,96.770.100-9,CLINICA ALEMANA DE SANTIAGO,PREVENTIVA PROGRAMADA,FINISHED,rguapache,Linac-152171,,NO_TICKET_REPORTED,0,0,0,0,0,0,,,,,,,NO_USED_PARTS
597,2020-02-20T12:45:00.000Z,FIELD_BEAT_CLIENT||CLÍNICA SANATORIO ALEMÁN (ONCORAD),,CLÍNICA SANATORIO ALEMÁN (ONCORAD),CORRECTIVA PROGRAMADA,FINISHED,mreyes,Linac-201110,,NO_TICKET_REPORTED,1,0,0,1,0,1,,,No hay.,No hay.,NO_MATCH,NONE,HAS_UNMATCHED_PARTS
598,2020-02-21T17:30:00.000Z,FIELD_BEAT_CLIENT||CLINICA ALEMANA DE SANTIAGO,,CLINICA ALEMANA DE SANTIAGO,CORRECTIVA PROGRAMADA,ARCHIVED,,Linac-151673,,NO_TICKET_REPORTED,0,0,0,0,0,0,,,,,,,NO_USED_PARTS
603,2020-02-28T12:30:00.000Z,FIELD_BEAT_CLIENT|70377400-8|FUNDACION ARTURO LOPEZ PEREZ,70377400-8,FUNDACION ARTURO LOPEZ PEREZ,PREVENTIVA PROGRAMADA,FINISHED,rcammalleri,APOTECA-CHEMO,,NO_TICKET_REPORTED,0,0,0,0,0,0,,,,,,,NO_USED_PARTS
604,2020-02-26T23:30:00.000Z,FIELD_BEAT_CLIENT|70377400-8|FUNDACION ARTURO LOPEZ PEREZ,70377400-8,FUNDACION ARTURO LOPEZ PEREZ,CORRECTIVA NO PROGRAMADA,FINISHED,rguapache,LINAC-153038,,NO_TICKET_REPORTED,1,0,0,1,0,1,,,1018121,Motor de movimiento vertical de camilla,NO_MATCH,NONE,HAS_UNMATCHED_PARTS
605,2020-02-29T18:00:00.000Z,FIELD_BEAT_CLIENT|70377400-8|FUNDACION ARTURO LOPEZ PEREZ,70377400-8,FUNDACION ARTURO LOPEZ PEREZ,CORRECTIVA NO PROGRAMADA,FINISHED,mreyes,LINAC-153038,,NO_TICKET_REPORTED,1,0,1,0,0,1,,,No tiene,"Acido EDTA, tetrasodico.",PLACEHOLDER_VALUE,PLACEHOLDER_REJECTED,HAS_PLACEHOLDERS
606,2020-03-06T11:00:00.000Z,FIELD_BEAT_CLIENT||UC CHRISTUS - CECA,,UC CHRISTUS - CECA,CORRECTIVA NO PROGRAMADA,FINISHED,rguapache,OIS-UC,,NO_TICKET_REPORTED,0,0,0,0,0,0,,,,,,,NO_USED_PARTS
607,2020-03-07T11:00:40.552Z,FIELD_BEAT_CLIENT|81.698.900-0|UC CHRISTUS - CECA,81.698.900-0,UC CHRISTUS - CECA,CORRECTIVA PROGRAMADA,FINISHED,acorbea,Linac-153935,,NO_TICKET_REPORTED,0,0,0,0,0,0,,,,,,,NO_USED_PARTS
608,2020-03-07T11:00:00.000Z,FIELD_BEAT_CLIENT|61.606.500-9|HOSPITAL CARLOS VAN BUREN (SSVSA),61.606.500-9,HOSPITAL CARLOS VAN BUREN (SSVSA),CORRECTIVA PROGRAMADA,FINISHED,jecheverria,Linac-154325,,NO_TICKET_REPORTED,2,0,1,1,0,2,,,SN|45133904984,NA|PCB SIDE B mesa precise,PLACEHOLDER_VALUE|NO_MATCH,PLACEHOLDER_REJECTED|NONE,HAS_UNMATCHED_PARTS
609,2020-03-09T15:00:00.000Z,FIELD_BEAT_CLIENT|70377400-8|FUNDACION ARTURO LOPEZ PEREZ,70377400-8,FUNDACION ARTURO LOPEZ PEREZ,REQUERIMIENTO DEL CLIENTE,FINISHED,rcammalleri,APOTECA-CHEMO,,NO_TICKET_REPORTED,1,1,0,0,0,0,420017,11126,420017,Smart Clamp Fresenius Freeflex,MATCHED,REF_EXACT,OK
610,2020-03-14T11:30:00.000Z,FIELD_BEAT_CLIENT|70377400-8|FUNDACION ARTURO LOPEZ PEREZ,70377400-8,FUNDACION ARTURO LOPEZ PEREZ,PREVENTIVA PROGRAMADA,FINISHED,scarcamo,LINAC-153038,,NO_TICKET_REPORTED,1,0,1,0,0,1,,,,3 kit de tornillos motores nueces de agility,PLACEHOLDER_VALUE,PLACEHOLDER_REJECTED,HAS_PLACEHOLDERS
614,2020-03-20T19:00:00.000Z,FIELD_BEAT_CLIENT|81.698.900-0|UC CHRISTUS - CECA,81.698.900-0,UC CHRISTUS - CECA,PREVENTIVA PROGRAMADA,ARCHIVED,,OIS-UC|TPS-UC,,NO_TICKET_REPORTED,0,0,0,0,0,0,,,,,,,NO_USED_PARTS
615,2020-03-20T19:00:00.000Z,FIELD_BEAT_CLIENT|61.606.500-9|HOSPITAL CARLOS VAN BUREN (SSVSA),61.606.500-9,HOSPITAL CARLOS VAN BUREN (SSVSA),PREVENTIVA PROGRAMADA,ARCHIVED,,Linac-154325,,NO_TICKET_REPORTED,1,1,0,0,0,0,1007288,10721,1007288,PCB DCB,MATCHED,REF_EXACT,OK
611,2020-03-13T21:00:00.000Z,FIELD_BEAT_CLIENT|96.770.100-9|CLINICA ALEMANA DE SANTIAGO,96.770.100-9,CLINICA ALEMANA DE SANTIAGO,PREVENTIVA PROGRAMADA,FINISHED,rguapache,Linac-151673,,NO_TICKET_REPORTED,0,0,0,0,0,0,,,,,,,NO_USED_PARTS
612,2020-03-13T17:00:00.000Z,FIELD_BEAT_CLIENT|61.607.901-8|SERVICIO DE SALUD DE MAGALLANES,61.607.901-8,SERVICIO DE SALUD DE MAGALLANES,PREVENTIVA PROGRAMADA,FINISHED,raguila,Linac-152280,,NO_TICKET_REPORTED,1,0,1,0,0,1,,,N/C,"KVM, teclado, Mouse, cable Cat5 con conector rj45.",PLACEHOLDER_VALUE,PLACEHOLDER_REJECTED,HAS_PLACEHOLDERS
613,2020-03-20T17:00:00.000Z,FIELD_BEAT_CLIENT|96.606.750-0|CLÍNICA ALEMANA DE TEMUCO,96.606.750-0,CLÍNICA ALEMANA DE TEMUCO,PREVENTIVA PROGRAMADA,ARCHIVED,,Linac-201073,,NO_TICKET_REPORTED,0,0,0,0,0,0,,,,,,,NO_USED_PARTS
616,2020-03-12T17:05:00.000Z,FIELD_BEAT_CLIENT||CLINICA ALEMANA DE SANTIAGO,,CLINICA ALEMANA DE SANTIAGO,CORRECTIVA NO PROGRAMADA,FINISHED,scarcamo,Linac-151673,,NO_TICKET_REPORTED,0,0,0,0,0,0,,,,,,,NO_USED_PARTS
617,2020-03-17T17:55:00.000Z,FIELD_BEAT_CLIENT||ACME,,ACME,CORRECTIVA NO PROGRAMADA,FINISHED,scarcamo,153038,,NO_TICKET_REPORTED,0,0,0,0,0,0,,,,,,,NO_USED_PARTS
618,2020-03-18T11:45:32.690Z,FIELD_BEAT_CLIENT|76.105.383-3|TORRE MÉDICA - RANCAGUA,76.105.383-3,TORRE MÉDICA - RANCAGUA,ASISTENCIA REMOTA,FINISHED,mreyes,Linac-105277,,NO_TICKET_REPORTED,1,0,0,1,0,1,,,No hay.,No hay.,NO_MATCH,NONE,HAS_UNMATCHED_PARTS
619,2020-03-18T13:00:31.190Z,FIELD_BEAT_CLIENT|79.560.900-8|RADIO NUCLEAR,79.560.900-8,RADIO NUCLEAR,CORRECTIVA NO PROGRAMADA,FINISHED,acorbea,Linac-151238,,NO_TICKET_REPORTED,0,0,0,0,0,0,,,,,,,NO_USED_PARTS
620,2020-03-21T12:10:00.000Z,FIELD_BEAT_CLIENT||HOSPITAL CARLOS VAN BUREN (SSVSA),,HOSPITAL CARLOS VAN BUREN (SSVSA),ASISTENCIA REMOTA,FINISHED,jecheverria,,,NO_TICKET_REPORTED,1,0,1,0,0,1,,,SN,N/A,PLACEHOLDER_VALUE,PLACEHOLDER_REJECTED,HAS_PLACEHOLDERS
621,2020-03-21T13:00:00.000Z,FIELD_BEAT_CLIENT|70377400-8|FUNDACION ARTURO LOPEZ PEREZ,70377400-8,FUNDACION ARTURO LOPEZ PEREZ,CORRECTIVA PROGRAMADA,FINISHED,scarcamo,,,NO_TICKET_REPORTED,0,0,0,0,0,0,,,,,,,NO_USED_PARTS
623,2020-03-22T22:15:17.977Z,FIELD_BEAT_CLIENT|70377400-8|FUNDACION ARTURO LOPEZ PEREZ,70377400-8,FUNDACION ARTURO LOPEZ PEREZ,PREVENTIVA PROGRAMADA,FINISHED,glopez,LINAC-153038,,NO_TICKET_REPORTED,0,0,0,0,0,0,,,,,,,NO_USED_PARTS
624,2020-03-24T12:00:00.000Z,FIELD_BEAT_CLIENT|76.746.730-3|CLÍNICA SANATORIO ALEMÁN (ONCORAD),76.746.730-3,CLÍNICA SANATORIO ALEMÁN (ONCORAD),CORRECTIVA PROGRAMADA,FINISHED,glopez,HDR_10806,,NO_TICKET_REPORTED,1,0,1,0,0,1,,,,Fuente iridio,PLACEHOLDER_VALUE,PLACEHOLDER_REJECTED,HAS_PLACEHOLDERS
625,2020-03-22T01:00:00.000Z,FIELD_BEAT_CLIENT|70377400-8|FUNDACION ARTURO LOPEZ PEREZ,70377400-8,FUNDACION ARTURO LOPEZ PEREZ,ASISTENCIA REMOTA,FINISHED,rcammalleri,TPS-FALP|OIS-FALP,,NO_TICKET_REPORTED,0,0,0,0,0,0,,,,,,,NO_USED_PARTS
626,2020-03-23T18:15:00.000Z,FIELD_BEAT_CLIENT||SERVICIO DE SALUD DE MAGALLANES,,SERVICIO DE SALUD DE MAGALLANES,CORRECTIVA NO PROGRAMADA,FINISHED,raguila,,,NO_TICKET_REPORTED,1,0,1,0,0,1,,,N/A,N/A,PLACEHOLDER_VALUE,PLACEHOLDER_REJECTED,HAS_PLACEHOLDERS
627,2020-03-20T21:03:00.000Z,FIELD_BEAT_CLIENT||HOSPITAL CARLOS VAN BUREN (SSVSA),,HOSPITAL CARLOS VAN BUREN (SSVSA),PREVENTIVA PROGRAMADA,FINISHED,mreyes,Linac-154325,,NO_TICKET_REPORTED,1,0,0,1,0,1,,,No hay.,No hay.,NO_MATCH,NONE,HAS_UNMATCHED_PARTS
628,2020-03-26T10:20:00.000Z,FIELD_BEAT_CLIENT||UC CHRISTUS - CECA,,UC CHRISTUS - CECA,CORRECTIVA NO PROGRAMADA,FINISHED,scarcamo,Linac-153935,,NO_TICKET_REPORTED,2,1,0,1,0,1,1016476,10913,1538489|1016476,DLg PCB Drive|2 conjuntos de Tornillo Nuez y Motor de Agility,NO_MATCH|MATCHED,NONE|REF_EXACT,HAS_UNMATCHED_PARTS
633,2020-03-31T19:30:49.260Z,FIELD_BEAT_CLIENT|81.698.900-0|UC CHRISTUS - CECA,81.698.900-0,UC CHRISTUS - CECA,CORRECTIVA NO PROGRAMADA,FINISHED,rcammalleri,TPS-UC,,NO_TICKET_REPORTED,1,0,0,1,0,1,,,4B1915P25633,UPS APC 959VA,NO_MATCH,NONE,HAS_UNMATCHED_PARTS
634,2020-03-30T18:00:00.000Z,FIELD_BEAT_CLIENT||CLÍNICA SANATORIO ALEMÁN (ONCORAD),,CLÍNICA SANATORIO ALEMÁN (ONCORAD),CORRECTIVA PROGRAMADA,SCHEDULED,,Linac-201110,,NO_TICKET_REPORTED,0,0,0,0,0,0,,,,,,,NO_USED_PARTS
635,2020-03-30T18:00:00.000Z,FIELD_BEAT_CLIENT||CLÍNICA SANATORIO ALEMÁN (ONCORAD),,CLÍNICA SANATORIO ALEMÁN (ONCORAD),CORRECTIVA PROGRAMADA,FINISHED,jecheverria,,,NO_TICKET_REPORTED,1,0,0,0,1,1,,,"1533604-01
1511833-02
1511606-01","Transformador de pulso
cable de Alta tension de modulador
resistencia Transformador de pulso.",AMBIGUOUS_MATCH,REF_LIKE,HAS_AMBIGUOUS_PARTS
636,2020-04-03T12:30:00.000Z,FIELD_BEAT_CLIENT||CLINICA ALEMANA DE SANTIAGO,,CLINICA ALEMANA DE SANTIAGO,ASISTENCIA REMOTA,FINISHED,rguapache,Linac-151673,,NO_TICKET_REPORTED,0,0,0,0,0,0,,,,,,,NO_USED_PARTS
637,2020-04-04T12:00:00.000Z,FIELD_BEAT_CLIENT||UC CHRISTUS - CECA,,UC CHRISTUS - CECA,PREVENTIVA PROGRAMADA,FINISHED,scarcamo,TPS-UC|OIS-UC,,NO_TICKET_REPORTED,1,1,0,0,0,1,SKM_300_GB_128D,12018,300gb,Disco Duro HP,MATCHED,REF_LIKE,REVIEW_REQUIRED
638,2020-04-04T17:41:00.000Z,FIELD_BEAT_CLIENT||UC CHRISTUS - CECA,,UC CHRISTUS - CECA,CORRECTIVA PROGRAMADA,FINISHED,scarcamo,Linac-153935,,NO_TICKET_REPORTED,0,0,0,0,0,0,,,,,,,NO_USED_PARTS
639,2020-04-05T13:34:00.000Z,FIELD_BEAT_CLIENT||CLINICA ALEMANA DE SANTIAGO,,CLINICA ALEMANA DE SANTIAGO,CORRECTIVA PROGRAMADA,FINISHED,scarcamo,Linac-152171|TPS-CAS|Linac-151673,,NO_TICKET_REPORTED,0,0,0,0,0,0,,,,,,,NO_USED_PARTS
640,2020-04-05T12:30:00.000Z,FIELD_BEAT_CLIENT||HOSPITAL CARLOS VAN BUREN (SSVSA),,HOSPITAL CARLOS VAN BUREN (SSVSA),CORRECTIVA PROGRAMADA,FINISHED,jecheverria,,,NO_TICKET_REPORTED,0,0,0,0,0,0,,,,,,,NO_USED_PARTS
641,2020-03-16T12:30:00.000Z,FIELD_BEAT_CLIENT|70377400-8|FUNDACION ARTURO LOPEZ PEREZ,70377400-8,FUNDACION ARTURO LOPEZ PEREZ,CORRECTIVA PROGRAMADA,ARCHIVED,,,,NO_TICKET_REPORTED,0,0,0,0,0,0,,,,,,,NO_USED_PARTS
643,2020-04-17T21:29:00.000Z,FIELD_BEAT_CLIENT|70377400-8|FUNDACION ARTURO LOPEZ PEREZ,70377400-8,FUNDACION ARTURO LOPEZ PEREZ,CORRECTIVA PROGRAMADA,FINISHED,scarcamo,LINAC-153038,,NO_TICKET_REPORTED,1,0,0,1,0,1,,,Laser ODI KIt,1502613,NO_MATCH,NONE,HAS_UNMATCHED_PARTS
644,2020-04-18T12:00:00.000Z,FIELD_BEAT_CLIENT|81.698.900-0|UC CHRISTUS - CECA,81.698.900-0,UC CHRISTUS - CECA,PREVENTIVA PROGRAMADA,FINISHED,acorbea,Linac-153935,,NO_TICKET_REPORTED,2,2,0,0,0,1,1018265_proveedor_local|45133302802,11961|10997,1018265|45133302802,"Fru Z MTR brush Set|Motor Assembly, Panc (cantidad 2)",MATCHED,REF_LIKE|REF_EXACT,REVIEW_REQUIRED
645,2020-04-17T13:30:00.000Z,FIELD_BEAT_CLIENT||HOSPITAL CARLOS VAN BUREN (SSVSA),,HOSPITAL CARLOS VAN BUREN (SSVSA),CORRECTIVA PROGRAMADA,FINISHED,jecheverria,,,NO_TICKET_REPORTED,1,1,0,0,0,1,45133304800,10375,4513 330 4800 serie 2676,Gun Assy,MATCHED,REF_LIKE,REVIEW_REQUIRED
646,2020-04-20T14:00:00.000Z,FIELD_BEAT_CLIENT||INRAD,,INRAD,ASISTENCIA REMOTA,FINISHED,rcammalleri,TPS-INRAD|OIS-INRAD,,NO_TICKET_REPORTED,1,0,1,0,0,1,,,N/A,N/A,PLACEHOLDER_VALUE,PLACEHOLDER_REJECTED,HAS_PLACEHOLDERS
647,2020-04-20T18:00:00.000Z,FIELD_BEAT_CLIENT|70377400-8|FUNDACION ARTURO LOPEZ PEREZ,70377400-8,FUNDACION ARTURO LOPEZ PEREZ,ASISTENCIA REMOTA,FINISHED,rcammalleri,APOTECA-CHEMO,,NO_TICKET_REPORTED,1,0,1,0,0,1,,,N/A,N/A,PLACEHOLDER_VALUE,PLACEHOLDER_REJECTED,HAS_PLACEHOLDERS
648,2020-04-23T12:00:22.726Z,FIELD_BEAT_CLIENT|70377400-8|FUNDACION ARTURO LOPEZ PEREZ,70377400-8,FUNDACION ARTURO LOPEZ PEREZ,CORRECTIVA NO PROGRAMADA,FINISHED,rguapache,LINAC-153038,,NO_TICKET_REPORTED,1,1,0,0,0,0,1534958,11034,1534958,kit Spares Leaf motor,MATCHED,REF_EXACT,OK
649,2020-04-22T18:00:00.000Z,FIELD_BEAT_CLIENT|70377400-8|FUNDACION ARTURO LOPEZ PEREZ,70377400-8,FUNDACION ARTURO LOPEZ PEREZ,CORRECTIVA PROGRAMADA,FINISHED,acorbea,LAP-Dorado_C01,,NO_TICKET_REPORTED,0,0,0,0,0,0,,,,,,,NO_USED_PARTS
650,2020-04-28T23:30:00.000Z,FIELD_BEAT_CLIENT|81.698.900-0|UC CHRISTUS - CECA,81.698.900-0,UC CHRISTUS - CECA,CORRECTIVA PROGRAMADA,FINISHED,acorbea,Linac-153935,,NO_TICKET_REPORTED,1,1,0,0,0,0,1502613,10994,1502613,"mod kit, láser odi lamp",MATCHED,REF_EXACT,OK
651,2020-05-04T19:00:00.000Z,FIELD_BEAT_CLIENT||RADIO NUCLEAR,,RADIO NUCLEAR,CORRECTIVA PROGRAMADA,FINISHED,acorbea,,,NO_TICKET_REPORTED,1,1,0,0,0,1,1502964,10892,1502964 (repuesto de cliente),repuesto de CLIENTE,MATCHED,REF_LIKE,REVIEW_REQUIRED
629,2020-03-31T12:10:00.000Z,FIELD_BEAT_CLIENT||CLINICA ALEMANA DE SANTIAGO,,CLINICA ALEMANA DE SANTIAGO,CORRECTIVA NO PROGRAMADA,FINISHED,acorbea,Linac-151673,,NO_TICKET_REPORTED,0,0,0,0,0,0,,,,,,,NO_USED_PARTS
630,2020-03-31T12:35:59.975Z,FIELD_BEAT_CLIENT||CLINICA ALEMANA DE SANTIAGO,,CLINICA ALEMANA DE SANTIAGO,CORRECTIVA NO PROGRAMADA,ARCHIVED,,Linac-151673,,NO_TICKET_REPORTED,0,0,0,0,0,0,,,,,,,NO_USED_PARTS
631,2020-03-31T12:36:00.000Z,FIELD_BEAT_CLIENT||CLINICA ALEMANA DE SANTIAGO,,CLINICA ALEMANA DE SANTIAGO,CORRECTIVA NO PROGRAMADA,FINISHED,acorbea,Linac-151673,,NO_TICKET_REPORTED,0,0,0,0,0,0,,,,,,,NO_USED_PARTS
632,2020-03-31T12:54:00.000Z,FIELD_BEAT_CLIENT||CLINICA ALEMANA DE SANTIAGO,,CLINICA ALEMANA DE SANTIAGO,CORRECTIVA NO PROGRAMADA,ARCHIVED,,Linac-151673,,NO_TICKET_REPORTED,0,0,0,0,0,0,,,,,,,NO_USED_PARTS
642,2020-03-16T11:30:00.000Z,FIELD_BEAT_CLIENT|70377400-8|FUNDACION ARTURO LOPEZ PEREZ,70377400-8,FUNDACION ARTURO LOPEZ PEREZ,CORRECTIVA PROGRAMADA,FINISHED,mreyes,LIAC-FALP,,NO_TICKET_REPORTED,1,0,0,1,0,1,,,No hay.,No hay.,NO_MATCH,NONE,HAS_UNMATCHED_PARTS
652,2020-05-07T14:00:16.334Z,FIELD_BEAT_CLIENT|81.698.900-0|UC CHRISTUS - CECA,81.698.900-0,UC CHRISTUS - CECA,CORRECTIVA NO PROGRAMADA,FINISHED,rguapache,Linac-153935,,NO_TICKET_REPORTED,0,0,0,0,0,0,,,,,,,NO_USED_PARTS
653,2020-04-22T19:30:00.000Z,FIELD_BEAT_CLIENT|79.560.900-8|RADIO NUCLEAR,79.560.900-8,RADIO NUCLEAR,CORRECTIVA NO PROGRAMADA,FINISHED,mreyes,Linac-151238,,NO_TICKET_REPORTED,1,1,0,0,0,0,1502964,10892,1502964,Kit led,MATCHED,REF_EXACT,OK
670,2020-05-27T12:30:00.000Z,FIELD_BEAT_CLIENT|70377400-8|FUNDACION ARTURO LOPEZ PEREZ,70377400-8,FUNDACION ARTURO LOPEZ PEREZ,PREVENTIVA PROGRAMADA,FINISHED,rcammalleri,APOTECA-CHEMO,,NO_TICKET_REPORTED,4,2,2,0,0,2,2327189|2466801,11193|11245,N/A|2327189|2466801,Tapete de identificación viales|6 Lámparas UV|Base soporte jeringa 50ml|cable espiral robot,PLACEHOLDER_VALUE|MATCHED,PLACEHOLDER_REJECTED|REF_EXACT,HAS_PLACEHOLDERS
671,2020-06-03T12:30:00.000Z,FIELD_BEAT_CLIENT|70377400-8|FUNDACION ARTURO LOPEZ PEREZ,70377400-8,FUNDACION ARTURO LOPEZ PEREZ,PREVENTIVA PROGRAMADA,FINISHED,rcammalleri,APOTECA-CHEMO,,NO_TICKET_REPORTED,2,1,0,1,0,1,019149,11225,130144|019149,Canister filter bag|Canister Filter,NO_MATCH|MATCHED,NONE|REF_EXACT,HAS_UNMATCHED_PARTS
672,2020-06-04T12:05:00.000Z,FIELD_BEAT_CLIENT||SERVICIO DE SALUD DE MAGALLANES,,SERVICIO DE SALUD DE MAGALLANES,CORRECTIVA NO PROGRAMADA,FINISHED,raguila,,,NO_TICKET_REPORTED,1,1,0,0,0,0,821321900352,11061,821321900352,Fusible 32V-10A,MATCHED,REF_EXACT,OK
673,2020-06-05T18:00:13.450Z,FIELD_BEAT_CLIENT|96.770.100-9|CLINICA ALEMANA DE SANTIAGO,96.770.100-9,CLINICA ALEMANA DE SANTIAGO,CORRECTIVA PROGRAMADA,FINISHED,rguapache,Linac-151673,,NO_TICKET_REPORTED,1,0,1,0,0,1,,,,Baterías x2,PLACEHOLDER_VALUE,PLACEHOLDER_REJECTED,HAS_PLACEHOLDERS
674,2020-06-05T21:00:00.000Z,FIELD_BEAT_CLIENT||UC CHRISTUS - CECA,,UC CHRISTUS - CECA,PREVENTIVA PROGRAMADA,FINISHED,scarcamo,Linac-153935,,NO_TICKET_REPORTED,0,0,0,0,0,0,,,,,,,NO_USED_PARTS
675,2020-06-06T12:30:29.434Z,FIELD_BEAT_CLIENT|70377400-8|FUNDACION ARTURO LOPEZ PEREZ,70377400-8,FUNDACION ARTURO LOPEZ PEREZ,CORRECTIVA PROGRAMADA,FINISHED,rguapache,LINAC-153038,,NO_TICKET_REPORTED,1,1,0,0,0,0,1517657,10701,1517657,"PCB Assy, Leaf motor drive",MATCHED,REF_EXACT,OK
676,2020-06-07T20:00:00.000Z,FIELD_BEAT_CLIENT|70377400-8|FUNDACION ARTURO LOPEZ PEREZ,70377400-8,FUNDACION ARTURO LOPEZ PEREZ,CORRECTIVA NO PROGRAMADA,FINISHED,glopez,,,NO_TICKET_REPORTED,1,0,1,0,0,1,,,,Fusible 20A,PLACEHOLDER_VALUE,PLACEHOLDER_REJECTED,HAS_PLACEHOLDERS
677,2020-06-08T13:40:00.000Z,FIELD_BEAT_CLIENT||HOSPITAL CARLOS VAN BUREN (SSVSA),,HOSPITAL CARLOS VAN BUREN (SSVSA),CORRECTIVA NO PROGRAMADA,FINISHED,mreyes,Linac-154325,,NO_TICKET_REPORTED,1,0,0,1,0,1,,,1021026,"Assy, Ruby.",NO_MATCH,NONE,HAS_UNMATCHED_PARTS
678,2020-06-09T14:00:07.155Z,FIELD_BEAT_CLIENT|76.105.383-3|TORRE MÉDICA - RANCAGUA,76.105.383-3,TORRE MÉDICA - RANCAGUA,CORRECTIVA NO PROGRAMADA,FINISHED,rguapache,Linac-105277,,NO_TICKET_REPORTED,0,0,0,0,0,0,,,,,,,NO_USED_PARTS
654,2020-05-08T12:30:00.000Z,FIELD_BEAT_CLIENT|96.757.430-9|INRAD,96.757.430-9,INRAD,PREVENTIVA PROGRAMADA,FINISHED,mreyes,Linac-201172,,NO_TICKET_REPORTED,1,0,0,1,0,1,,,BJ5948.168. (1026469),Dose board.,NO_MATCH,NONE,HAS_UNMATCHED_PARTS
655,2020-05-16T12:30:00.000Z,FIELD_BEAT_CLIENT|70377400-8|FUNDACION ARTURO LOPEZ PEREZ,70377400-8,FUNDACION ARTURO LOPEZ PEREZ,PREVENTIVA PROGRAMADA,FINISHED,scarcamo,LINAC-153038,,NO_TICKET_REPORTED,1,0,0,1,0,1,,,1534598,Kit de leaf motor,NO_MATCH,NONE,HAS_UNMATCHED_PARTS
656,2020-05-16T12:30:00.000Z,FIELD_BEAT_CLIENT|70377400-8|FUNDACION ARTURO LOPEZ PEREZ,70377400-8,FUNDACION ARTURO LOPEZ PEREZ,PREVENTIVA PROGRAMADA,FINISHED,glopez,TPS-FALP,,NO_TICKET_REPORTED,0,0,0,0,0,0,,,,,,,NO_USED_PARTS
657,2020-05-16T12:00:00.000Z,FIELD_BEAT_CLIENT||UC CHRISTUS - CECA,,UC CHRISTUS - CECA,CORRECTIVA PROGRAMADA,FINISHED,rguapache,Linac-153935,,NO_TICKET_REPORTED,1,1,0,0,0,1,45133904894,12325,4513390489402,"PCB1, SIDE A, ASSEMBLY",MATCHED,REF_LIKE,REVIEW_REQUIRED
658,2020-05-16T21:00:00.000Z,FIELD_BEAT_CLIENT||HOSPITAL CARLOS VAN BUREN (SSVSA),,HOSPITAL CARLOS VAN BUREN (SSVSA),CORRECTIVA PROGRAMADA,FINISHED,jecheverria,,,NO_TICKET_REPORTED,1,1,0,0,0,1,1007288,10721,1007288 serie: 2308926,Detector Control Board,MATCHED,REF_LIKE,REVIEW_REQUIRED
659,2020-05-15T16:00:00.000Z,FIELD_BEAT_CLIENT||HOSPITAL CARLOS VAN BUREN (SSVSA),,HOSPITAL CARLOS VAN BUREN (SSVSA),CORRECTIVA PROGRAMADA,FINISHED,mreyes,Linac-154325,,NO_TICKET_REPORTED,1,0,0,1,0,1,,,No hay.,No hay.,NO_MATCH,NONE,HAS_UNMATCHED_PARTS
660,2020-05-19T12:30:00.000Z,FIELD_BEAT_CLIENT||UC CHRISTUS - CECA,,UC CHRISTUS - CECA,CORRECTIVA NO PROGRAMADA,FINISHED,rguapache,Linac-153935,,NO_TICKET_REPORTED,0,0,0,0,0,0,,,,,,,NO_USED_PARTS
661,2020-05-20T20:40:50.467Z,FIELD_BEAT_CLIENT||ACME,,ACME,ASISTENCIA REMOTA,SCHEDULED,,,,NO_TICKET_REPORTED,0,0,0,0,0,0,,,,,,,NO_USED_PARTS
662,2020-05-21T12:30:00.000Z,FIELD_BEAT_CLIENT||HOSPITAL CARLOS VAN BUREN (SSVSA),,HOSPITAL CARLOS VAN BUREN (SSVSA),CORRECTIVA PROGRAMADA,FINISHED,mreyes,Linac-154325,,NO_TICKET_REPORTED,1,0,0,1,0,1,,,No hay.,No hay.,NO_MATCH,NONE,HAS_UNMATCHED_PARTS
663,2020-05-26T12:31:00.000Z,FIELD_BEAT_CLIENT||CLÍNICA ALEMANA DE TEMUCO,,CLÍNICA ALEMANA DE TEMUCO,CORRECTIVA PROGRAMADA,FINISHED,mreyes,Linac-201073,,NO_TICKET_REPORTED,1,0,0,1,0,1,,,No hay,Cable coaxial de RF,NO_MATCH,NONE,HAS_UNMATCHED_PARTS
664,2020-05-27T12:30:00.000Z,FIELD_BEAT_CLIENT||CLINICA ALEMANA DE SANTIAGO,,CLINICA ALEMANA DE SANTIAGO,CORRECTIVA NO PROGRAMADA,FINISHED,glopez,Linac-151673,,NO_TICKET_REPORTED,0,0,0,0,0,0,,,,,,,NO_USED_PARTS
665,2020-05-29T17:30:00.000Z,FIELD_BEAT_CLIENT||SERVICIO DE SALUD DE MAGALLANES,,SERVICIO DE SALUD DE MAGALLANES,CORRECTIVA PROGRAMADA,FINISHED,raguila,,,NO_TICKET_REPORTED,1,0,1,0,0,1,,,N/C,N/C,PLACEHOLDER_VALUE,PLACEHOLDER_REJECTED,HAS_PLACEHOLDERS
666,2020-06-01T13:00:25.214Z,FIELD_BEAT_CLIENT|81.698.900-0|UC CHRISTUS - CECA,81.698.900-0,UC CHRISTUS - CECA,CORRECTIVA NO PROGRAMADA,FINISHED,rguapache,Linac-153935,,NO_TICKET_REPORTED,0,0,0,0,0,0,,,,,,,NO_USED_PARTS
667,2020-04-16T15:43:00.000Z,FIELD_BEAT_CLIENT||CLÍNICA SANATORIO ALEMÁN (ONCORAD),,CLÍNICA SANATORIO ALEMÁN (ONCORAD),CORRECTIVA PROGRAMADA,FINISHED,mreyes,Linac-201110,,NO_TICKET_REPORTED,1,1,0,0,0,1,BJ6219.002.02,11311,BJ6219.002,Arm Cable-B,MATCHED,REF_LIKE,REVIEW_REQUIRED
668,2020-04-14T01:03:00.000Z,FIELD_BEAT_CLIENT||CLÍNICA SANATORIO ALEMÁN (ONCORAD),,CLÍNICA SANATORIO ALEMÁN (ONCORAD),CORRECTIVA NO PROGRAMADA,FINISHED,mreyes,Linac-201110,,NO_TICKET_REPORTED,1,1,0,0,0,0,4714501006,11282,4714501006.,Thyratron CX1551.,MATCHED,REF_NORMALIZED_EXACT,OK
669,2020-05-11T17:42:00.000Z,FIELD_BEAT_CLIENT||HOSPITAL CARLOS VAN BUREN (SSVSA),,HOSPITAL CARLOS VAN BUREN (SSVSA),CORRECTIVA PROGRAMADA,FINISHED,jecheverria,,,NO_TICKET_REPORTED,1,1,0,0,0,0,1007288,10721,1007288,PCB KV DCB,MATCHED,REF_EXACT,OK
679,2020-06-09T23:50:40.906Z,FIELD_BEAT_CLIENT|70377400-8|FUNDACION ARTURO LOPEZ PEREZ,70377400-8,FUNDACION ARTURO LOPEZ PEREZ,CORRECTIVA PROGRAMADA,FINISHED,acorbea,LINAC-153038,,NO_TICKET_REPORTED,0,0,0,0,0,0,,,,,,,NO_USED_PARTS
680,2020-06-09T23:50:40.906Z,FIELD_BEAT_CLIENT|70377400-8|FUNDACION ARTURO LOPEZ PEREZ,70377400-8,FUNDACION ARTURO LOPEZ PEREZ,CORRECTIVA PROGRAMADA,ARCHIVED,,LINAC-153038,,NO_TICKET_REPORTED,0,0,0,0,0,0,,,,,,,NO_USED_PARTS
683,2020-06-10T19:15:00.000Z,FIELD_BEAT_CLIENT|70377400-8|FUNDACION ARTURO LOPEZ PEREZ,70377400-8,FUNDACION ARTURO LOPEZ PEREZ,,FINISHED,acorbea,APOTECA-CHEMO,,NO_TICKET_REPORTED,0,0,0,0,0,0,,,,,,,NO_USED_PARTS
684,2020-06-15T12:51:00.000Z,FIELD_BEAT_CLIENT||CLÍNICA SANATORIO ALEMÁN (ONCORAD),,CLÍNICA SANATORIO ALEMÁN (ONCORAD),CORRECTIVA NO PROGRAMADA,FINISHED,mreyes,Linac-201110,,NO_TICKET_REPORTED,1,0,0,1,0,1,,,No hay.,No hay.,NO_MATCH,NONE,HAS_UNMATCHED_PARTS
685,2020-06-12T12:30:00.000Z,FIELD_BEAT_CLIENT|70377400-8|FUNDACION ARTURO LOPEZ PEREZ,70377400-8,FUNDACION ARTURO LOPEZ PEREZ,CORRECTIVA PROGRAMADA,FINISHED,rcammalleri,APOTECA-CHEMO,,NO_TICKET_REPORTED,1,0,1,0,0,1,,,,Base de soporte jeringa 50ml,PLACEHOLDER_VALUE,PLACEHOLDER_REJECTED,HAS_PLACEHOLDERS
686,2020-06-12T20:30:00.000Z,FIELD_BEAT_CLIENT|70377400-8|FUNDACION ARTURO LOPEZ PEREZ,70377400-8,FUNDACION ARTURO LOPEZ PEREZ,CORRECTIVA NO PROGRAMADA,FINISHED,rcammalleri,APOTECA-CHEMO,,NO_TICKET_REPORTED,1,0,0,1,0,1,,,B625655182,Balanza Metler Toledo WM6002,NO_MATCH,NONE,HAS_UNMATCHED_PARTS
687,2020-06-15T12:45:00.000Z,FIELD_BEAT_CLIENT|70377400-8|FUNDACION ARTURO LOPEZ PEREZ,70377400-8,FUNDACION ARTURO LOPEZ PEREZ,CORRECTIVA PROGRAMADA,FINISHED,rcammalleri,APOTECA-CHEMO,,NO_TICKET_REPORTED,0,0,0,0,0,0,,,,,,,NO_USED_PARTS
688,2020-06-16T15:40:50.594Z,FIELD_BEAT_CLIENT|79.560.900-8|RADIO NUCLEAR,79.560.900-8,RADIO NUCLEAR,CORRECTIVA NO PROGRAMADA,FINISHED,rguapache,Linac-151238,,NO_TICKET_REPORTED,1,1,0,0,0,0,262285518838K,10836,262285518838K,Drive Belts,MATCHED,REF_EXACT,OK
689,2020-06-16T13:00:00.000Z,FIELD_BEAT_CLIENT|70377400-8|FUNDACION ARTURO LOPEZ PEREZ,70377400-8,FUNDACION ARTURO LOPEZ PEREZ,INSTALACION - INTEGRACION,FINISHED,rcammalleri,APOTECA-PS|APOTECA-CHEMO,,NO_TICKET_REPORTED,0,0,0,0,0,0,,,,,,,NO_USED_PARTS
690,2020-06-16T21:00:36.253Z,FIELD_BEAT_CLIENT|81.698.900-0|UC CHRISTUS - CECA,81.698.900-0,UC CHRISTUS - CECA,ASISTENCIA REMOTA,FINISHED,rguapache,Linac-153935,,NO_TICKET_REPORTED,0,0,0,0,0,0,,,,,,,NO_USED_PARTS
691,2020-06-16T22:09:00.000Z,FIELD_BEAT_CLIENT||ACME,,ACME,,ARCHIVED,,153038,,NO_TICKET_REPORTED,0,0,0,0,0,0,,,,,,,NO_USED_PARTS
692,2020-06-17T12:30:00.000Z,FIELD_BEAT_CLIENT||CLÍNICA SANATORIO ALEMÁN (ONCORAD),,CLÍNICA SANATORIO ALEMÁN (ONCORAD),ASISTENCIA REMOTA,FINISHED,scarcamo,TPS-ONCORAD,,NO_TICKET_REPORTED,0,0,0,0,0,0,,,,,,,NO_USED_PARTS
693,2020-06-17T13:00:00.000Z,FIELD_BEAT_CLIENT|70377400-8|FUNDACION ARTURO LOPEZ PEREZ,70377400-8,FUNDACION ARTURO LOPEZ PEREZ,INSTALACION - INTEGRACION,FINISHED,rcammalleri,APOTECA-PS,,NO_TICKET_REPORTED,0,0,0,0,0,0,,,,,,,NO_USED_PARTS
694,2020-06-19T13:00:24.115Z,FIELD_BEAT_CLIENT|96.770.100-9|CLINICA ALEMANA DE SANTIAGO,96.770.100-9,CLINICA ALEMANA DE SANTIAGO,PREVENTIVA PROGRAMADA,FINISHED,rguapache,Linac-152171,,NO_TICKET_REPORTED,0,0,0,0,0,0,,,,,,,NO_USED_PARTS
695,2020-06-19T13:09:00.000Z,FIELD_BEAT_CLIENT||CLÍNICA SANATORIO ALEMÁN (ONCORAD),,CLÍNICA SANATORIO ALEMÁN (ONCORAD),ASISTENCIA REMOTA,FINISHED,mreyes,Linac-201110,,NO_TICKET_REPORTED,1,0,0,1,0,1,,,No hay.,No hay.,NO_MATCH,NONE,HAS_UNMATCHED_PARTS
696,2020-06-20T13:00:00.000Z,FIELD_BEAT_CLIENT||UC CHRISTUS - CECA,,UC CHRISTUS - CECA,CORRECTIVA PROGRAMADA,FINISHED,scarcamo,Linac-153935,,NO_TICKET_REPORTED,0,0,0,0,0,0,,,,,,,NO_USED_PARTS
697,2020-06-22T14:30:00.000Z,FIELD_BEAT_CLIENT||TORRE MÉDICA - RANCAGUA,,TORRE MÉDICA - RANCAGUA,ASISTENCIA REMOTA,FINISHED,mreyes,Linac-105277,,NO_TICKET_REPORTED,1,0,0,1,0,1,,,No hay.,No hay.,NO_MATCH,NONE,HAS_UNMATCHED_PARTS
698,2020-06-25T14:18:00.000Z,FIELD_BEAT_CLIENT||TORRE MÉDICA - RANCAGUA,,TORRE MÉDICA - RANCAGUA,CORRECTIVA NO PROGRAMADA,FINISHED,acorbea,Linac-105277,,NO_TICKET_REPORTED,0,0,0,0,0,0,,,,,,,NO_USED_PARTS
699,2020-06-24T16:00:00.000Z,FIELD_BEAT_CLIENT||TORRE MÉDICA - RANCAGUA,,TORRE MÉDICA - RANCAGUA,ASISTENCIA REMOTA,FINISHED,mreyes,Linac-105277,,NO_TICKET_REPORTED,1,0,0,1,0,1,,,No hay.,No hay.,NO_MATCH,NONE,HAS_UNMATCHED_PARTS
700,2020-06-26T11:50:00.000Z,FIELD_BEAT_CLIENT||CLINICA ALEMANA DE SANTIAGO,,CLINICA ALEMANA DE SANTIAGO,CORRECTIVA NO PROGRAMADA,FINISHED,rguapache,Linac-151673,,NO_TICKET_REPORTED,0,0,0,0,0,0,,,,,,,NO_USED_PARTS
701,2020-06-30T12:25:00.000Z,FIELD_BEAT_CLIENT||SERVICIO DE SALUD DE MAGALLANES,,SERVICIO DE SALUD DE MAGALLANES,CORRECTIVA NO PROGRAMADA,FINISHED,raguila,,,NO_TICKET_REPORTED,1,0,1,0,0,1,,,N/C,N/C,PLACEHOLDER_VALUE,PLACEHOLDER_REJECTED,HAS_PLACEHOLDERS
702,2020-06-30T12:30:27.213Z,FIELD_BEAT_CLIENT|79.560.900-8|RADIO NUCLEAR,79.560.900-8,RADIO NUCLEAR,CORRECTIVA PROGRAMADA,FINISHED,rguapache,Linac-151238,,NO_TICKET_REPORTED,0,0,0,0,0,0,,,,,,,NO_USED_PARTS
703,2020-06-30T18:00:00.000Z,FIELD_BEAT_CLIENT||SERVICIO DE SALUD DE MAGALLANES,,SERVICIO DE SALUD DE MAGALLANES,CORRECTIVA PROGRAMADA,FINISHED,raguila,,,NO_TICKET_REPORTED,1,0,1,0,0,1,,,N/C,N/C,PLACEHOLDER_VALUE,PLACEHOLDER_REJECTED,HAS_PLACEHOLDERS
704,2020-07-01T14:00:20.279Z,FIELD_BEAT_CLIENT|76.105.383-3|TORRE MÉDICA - RANCAGUA,76.105.383-3,TORRE MÉDICA - RANCAGUA,CORRECTIVA NO PROGRAMADA,FINISHED,acorbea,Linac-105277,,NO_TICKET_REPORTED,0,0,0,0,0,0,,,,,,,NO_USED_PARTS
705,2020-06-30T16:05:00.000Z,FIELD_BEAT_CLIENT||TORRE MÉDICA - RANCAGUA,,TORRE MÉDICA - RANCAGUA,ASISTENCIA REMOTA,FINISHED,mreyes,Linac-105277,,NO_TICKET_REPORTED,1,0,0,1,0,1,,,No hay.,No hay.,NO_MATCH,NONE,HAS_UNMATCHED_PARTS
707,2020-07-03T18:00:00.000Z,FIELD_BEAT_CLIENT||SERVICIO DE SALUD DE MAGALLANES,,SERVICIO DE SALUD DE MAGALLANES,PREVENTIVA PROGRAMADA,FINISHED,raguila,,,NO_TICKET_REPORTED,1,0,1,0,0,1,,,N/C,"Se utiliza Grasa EP2, limpia Contacto.",PLACEHOLDER_VALUE,PLACEHOLDER_REJECTED,HAS_PLACEHOLDERS
708,2020-07-07T12:30:00.000Z,FIELD_BEAT_CLIENT||CLINICA ALEMANA DE SANTIAGO,,CLINICA ALEMANA DE SANTIAGO,CORRECTIVA NO PROGRAMADA,FINISHED,rguapache,Linac-151673,,NO_TICKET_REPORTED,0,0,0,0,0,0,,,,,,,NO_USED_PARTS
709,2020-07-08T13:00:00.000Z,FIELD_BEAT_CLIENT|70377400-8|FUNDACION ARTURO LOPEZ PEREZ,70377400-8,FUNDACION ARTURO LOPEZ PEREZ,CORRECTIVA PROGRAMADA,FINISHED,rcammalleri,APOTECA-CHEMO,,NO_TICKET_REPORTED,1,0,1,0,0,1,,,N/A,Soporte de Jeringa 50ml,PLACEHOLDER_VALUE,PLACEHOLDER_REJECTED,HAS_PLACEHOLDERS
710,2020-07-10T12:58:10.921Z,FIELD_BEAT_CLIENT|96.770.100-9|CLINICA ALEMANA DE SANTIAGO,96.770.100-9,CLINICA ALEMANA DE SANTIAGO,PREVENTIVA PROGRAMADA,FINISHED,rguapache,Linac-151673,,NO_TICKET_REPORTED,0,0,0,0,0,0,,,,,,,NO_USED_PARTS
711,2020-07-10T19:00:00.000Z,FIELD_BEAT_CLIENT||SERVICIO DE SALUD DE MAGALLANES,,SERVICIO DE SALUD DE MAGALLANES,CORRECTIVA PROGRAMADA,FINISHED,raguila,,,NO_TICKET_REPORTED,1,0,1,0,0,1,,,N/C,N/C,PLACEHOLDER_VALUE,PLACEHOLDER_REJECTED,HAS_PLACEHOLDERS
712,2020-07-11T12:30:00.000Z,FIELD_BEAT_CLIENT|70377400-8|FUNDACION ARTURO LOPEZ PEREZ,70377400-8,FUNDACION ARTURO LOPEZ PEREZ,PREVENTIVA PROGRAMADA,ARCHIVED,,,,NO_TICKET_REPORTED,0,0,0,0,0,0,,,,,,,NO_USED_PARTS
725,2020-07-20T22:10:00.000Z,FIELD_BEAT_CLIENT||UC CHRISTUS - CECA,,UC CHRISTUS - CECA,,ARCHIVED,,Linac-153935,,NO_TICKET_REPORTED,0,0,0,0,0,0,,,,,,,NO_USED_PARTS
706,2020-07-02T11:37:00.000Z,FIELD_BEAT_CLIENT||HOSPITAL CARLOS VAN BUREN (SSVSA),,HOSPITAL CARLOS VAN BUREN (SSVSA),CORRECTIVA NO PROGRAMADA,FINISHED,jecheverria,,,NO_TICKET_REPORTED,1,0,1,0,0,1,,,SN,Fusible de retardo 10 Amperes,PLACEHOLDER_VALUE,PLACEHOLDER_REJECTED,HAS_PLACEHOLDERS
713,2020-07-11T12:30:00.000Z,FIELD_BEAT_CLIENT|70377400-8|FUNDACION ARTURO LOPEZ PEREZ,70377400-8,FUNDACION ARTURO LOPEZ PEREZ,PREVENTIVA PROGRAMADA,FINISHED,acorbea,,,NO_TICKET_REPORTED,1,1,0,0,0,0,1531145,11145,1531145,"Assy, Fan 70x70x15mm",MATCHED,REF_EXACT,OK
714,2020-07-13T16:25:00.000Z,FIELD_BEAT_CLIENT||CLINICA ALEMANA DE SANTIAGO,,CLINICA ALEMANA DE SANTIAGO,CORRECTIVA NO PROGRAMADA,FINISHED,rguapache,Linac-151673,,NO_TICKET_REPORTED,0,0,0,0,0,0,,,,,,,NO_USED_PARTS
715,2020-07-14T17:25:00.000Z,FIELD_BEAT_CLIENT||HOSPITAL CARLOS VAN BUREN (SSVSA),,HOSPITAL CARLOS VAN BUREN (SSVSA),CORRECTIVA NO PROGRAMADA,FINISHED,mreyes,Linac-154325,,NO_TICKET_REPORTED,2,2,0,0,0,0,1525500|1534958,11033|11034,1525500.|1534958.,Assy Rubí|Leaf motor spare kit.,MATCHED,REF_NORMALIZED_EXACT,OK
716,2020-07-14T15:00:00.000Z,FIELD_BEAT_CLIENT||CLINICA ALEMANA DE SANTIAGO,,CLINICA ALEMANA DE SANTIAGO,CORRECTIVA NO PROGRAMADA,FINISHED,acorbea,Linac-151673,,NO_TICKET_REPORTED,0,0,0,0,0,0,,,,,,,NO_USED_PARTS
717,2020-07-15T14:00:00.000Z,FIELD_BEAT_CLIENT||TORRE MÉDICA - RANCAGUA,,TORRE MÉDICA - RANCAGUA,CORRECTIVA PROGRAMADA,FINISHED,rguapache,Linac-105277,,NO_TICKET_REPORTED,0,0,0,0,0,0,,,,,,,NO_USED_PARTS
718,2020-07-15T18:30:00.000Z,FIELD_BEAT_CLIENT||SERVICIO DE SALUD DE MAGALLANES,,SERVICIO DE SALUD DE MAGALLANES,CORRECTIVA PROGRAMADA,FINISHED,raguila,,,NO_TICKET_REPORTED,1,0,1,0,0,1,,,N/C,N/C,PLACEHOLDER_VALUE,PLACEHOLDER_REJECTED,HAS_PLACEHOLDERS
719,2020-07-17T14:30:00.000Z,FIELD_BEAT_CLIENT|70377400-8|FUNDACION ARTURO LOPEZ PEREZ,70377400-8,FUNDACION ARTURO LOPEZ PEREZ,CORRECTIVA NO PROGRAMADA,FINISHED,scarcamo,LINAC-153038,,NO_TICKET_REPORTED,0,0,0,0,0,0,,,,,,,NO_USED_PARTS
720,2020-07-17T19:23:00.000Z,FIELD_BEAT_CLIENT||UC CHRISTUS - CECA,,UC CHRISTUS - CECA,CORRECTIVA PROGRAMADA,FINISHED,acorbea,,,NO_TICKET_REPORTED,0,0,0,0,0,0,,,,,,,NO_USED_PARTS
721,2020-07-17T12:30:00.000Z,FIELD_BEAT_CLIENT||INRAD,,INRAD,CORRECTIVA PROGRAMADA,FINISHED,mreyes,Linac-201172,,NO_TICKET_REPORTED,1,0,0,1,0,1,,,BJ5590.002.,Ion Chamber. Numero de serie CHA0544.,NO_MATCH,NONE,HAS_UNMATCHED_PARTS
722,2020-07-18T13:00:00.000Z,FIELD_BEAT_CLIENT|70377400-8|FUNDACION ARTURO LOPEZ PEREZ,70377400-8,FUNDACION ARTURO LOPEZ PEREZ,CORRECTIVA PROGRAMADA,FINISHED,scarcamo,LINAC-153038,,NO_TICKET_REPORTED,1,1,0,0,0,0,1511862,10121,1511862,AI12 PCB,MATCHED,REF_EXACT,OK
723,2020-07-20T11:15:00.000Z,FIELD_BEAT_CLIENT||CLINICA ALEMANA DE SANTIAGO,,CLINICA ALEMANA DE SANTIAGO,CORRECTIVA PROGRAMADA,FINISHED,acorbea,Linac-152171,,NO_TICKET_REPORTED,0,0,0,0,0,0,,,,,,,NO_USED_PARTS
724,2020-03-20T16:00:00.000Z,FIELD_BEAT_CLIENT||CLÍNICA ALEMANA DE TEMUCO,,CLÍNICA ALEMANA DE TEMUCO,PREVENTIVA PROGRAMADA,FINISHED,mreyes,Linac-201073,,NO_TICKET_REPORTED,1,0,0,1,0,1,,,No hay.,Wd-40.  Grasa Ep2.  Limpia contactos.,NO_MATCH,NONE,HAS_UNMATCHED_PARTS
726,2020-07-20T22:17:00.000Z,FIELD_BEAT_CLIENT||UC CHRISTUS - CECA,,UC CHRISTUS - CECA,CORRECTIVA NO PROGRAMADA,FINISHED,rguapache,Linac-153935,,NO_TICKET_REPORTED,0,0,0,0,0,0,,,,,,,NO_USED_PARTS
727,2020-07-21T12:20:00.000Z,FIELD_BEAT_CLIENT||UC CHRISTUS - CECA,,UC CHRISTUS - CECA,CORRECTIVA NO PROGRAMADA,FINISHED,acorbea,Linac-153935,,NO_TICKET_REPORTED,0,0,0,0,0,0,,,,,,,NO_USED_PARTS
728,2020-07-22T18:30:00.000Z,FIELD_BEAT_CLIENT||SERVICIO DE SALUD DE MAGALLANES,,SERVICIO DE SALUD DE MAGALLANES,CORRECTIVA PROGRAMADA,FINISHED,raguila,,,NO_TICKET_REPORTED,1,0,1,0,0,1,,,N/C,N/C,PLACEHOLDER_VALUE,PLACEHOLDER_REJECTED,HAS_PLACEHOLDERS
729,2020-07-23T11:48:00.000Z,FIELD_BEAT_CLIENT||TORRE MÉDICA - RANCAGUA,,TORRE MÉDICA - RANCAGUA,CORRECTIVA PROGRAMADA,FINISHED,rguapache,Linac-105277,,NO_TICKET_REPORTED,0,0,0,0,0,0,,,,,,,NO_USED_PARTS
730,2020-07-23T12:00:00.000Z,FIELD_BEAT_CLIENT|70377400-8|FUNDACION ARTURO LOPEZ PEREZ,70377400-8,FUNDACION ARTURO LOPEZ PEREZ,INSTALACION - INTEGRACION,FINISHED,rcammalleri,APOTECA-PS,,NO_TICKET_REPORTED,0,0,0,0,0,0,,,,,,,NO_USED_PARTS
735,2020-07-24T12:30:00.000Z,FIELD_BEAT_CLIENT||CLÍNICA ALEMANA DE TEMUCO,,CLÍNICA ALEMANA DE TEMUCO,PREVENTIVA PROGRAMADA,FINISHED,mreyes,Linac-201073,,NO_TICKET_REPORTED,1,0,0,1,0,1,,,No hay.,"Grasa EP2, limpiacontactos y paños de limpieza.",NO_MATCH,NONE,HAS_UNMATCHED_PARTS
736,2020-07-30T12:30:00.000Z,FIELD_BEAT_CLIENT|70377400-8|FUNDACION ARTURO LOPEZ PEREZ,70377400-8,FUNDACION ARTURO LOPEZ PEREZ,PRUEBAS DE ACEPTACION,FINISHED,rcammalleri,APOTECA-PS,,NO_TICKET_REPORTED,0,0,0,0,0,0,,,,,,,NO_USED_PARTS
737,2020-08-03T17:00:00.000Z,FIELD_BEAT_CLIENT||TORRE MÉDICA - RANCAGUA,,TORRE MÉDICA - RANCAGUA,ASISTENCIA REMOTA,FINISHED,rguapache,Linac-105277,,NO_TICKET_REPORTED,0,0,0,0,0,0,,,,,,,NO_USED_PARTS
738,2020-08-06T16:00:00.000Z,FIELD_BEAT_CLIENT|70377400-8|FUNDACION ARTURO LOPEZ PEREZ,70377400-8,FUNDACION ARTURO LOPEZ PEREZ,CORRECTIVA NO PROGRAMADA,FINISHED,acorbea,,,NO_TICKET_REPORTED,0,0,0,0,0,0,,,,,,,NO_USED_PARTS
739,2020-08-07T16:30:00.000Z,FIELD_BEAT_CLIENT||INRAD,,INRAD,CORRECTIVA PROGRAMADA,FINISHED,rguapache,Linac-201172,,NO_TICKET_REPORTED,0,0,0,0,0,0,,,,,,,NO_USED_PARTS
740,2020-08-07T19:00:00.000Z,FIELD_BEAT_CLIENT|70377400-8|FUNDACION ARTURO LOPEZ PEREZ,70377400-8,FUNDACION ARTURO LOPEZ PEREZ,CORRECTIVA PROGRAMADA,FINISHED,rcammalleri,,,NO_TICKET_REPORTED,0,0,0,0,0,0,,,,,,,NO_USED_PARTS
741,2020-08-08T12:30:00.000Z,FIELD_BEAT_CLIENT|70377400-8|FUNDACION ARTURO LOPEZ PEREZ,70377400-8,FUNDACION ARTURO LOPEZ PEREZ,CORRECTIVA PROGRAMADA,FINISHED,scarcamo,,,NO_TICKET_REPORTED,2,2,0,0,0,0,45133317840|45133317881,11162|11606,45133317840|45133317881,Check / Coarse Pot and Cable 2 Unidades|Fine Pot and Cable,MATCHED,REF_EXACT,OK
742,2020-08-08T23:45:00.000Z,FIELD_BEAT_CLIENT|70377400-8|FUNDACION ARTURO LOPEZ PEREZ,70377400-8,FUNDACION ARTURO LOPEZ PEREZ,CORRECTIVA PROGRAMADA,FINISHED,acorbea,LINAC-153038,,NO_TICKET_REPORTED,2,0,0,1,1,2,,,45133411850|45133411848,cable PL9|cable Sk7A,AMBIGUOUS_MATCH|NO_MATCH,REF_LIKE|NONE,HAS_AMBIGUOUS_PARTS
743,2020-07-31T13:01:00.000Z,FIELD_BEAT_CLIENT||CLÍNICA SANATORIO ALEMÁN (ONCORAD),,CLÍNICA SANATORIO ALEMÁN (ONCORAD),CORRECTIVA NO PROGRAMADA,FINISHED,mreyes,Linac-201110,,NO_TICKET_REPORTED,2,1,0,1,0,1,4714201102,11286,4714201102.|Cable sustituto.,Magnetròn MG5193.|_ Cable de HT.,MATCHED|NO_MATCH,REF_NORMALIZED_EXACT|NONE,HAS_UNMATCHED_PARTS
744,2020-08-04T12:50:00.000Z,FIELD_BEAT_CLIENT||CLÍNICA SANATORIO ALEMÁN (ONCORAD),,CLÍNICA SANATORIO ALEMÁN (ONCORAD),CORRECTIVA NO PROGRAMADA,FINISHED,mreyes,Linac-201110,,NO_TICKET_REPORTED,5,4,0,0,1,2,4513332766303F|45133327662|1010495|1007545,11567|11571|11570|11569,45133326854.|45133327663.|45133327662.|1010495.|1007545.,Mirror assembly (Mylar).|Projector mirror.|Beam splitter mirror.|Camera mirror|Dos reflectores láminas Y1-1 y Y2-1.,AMBIGUOUS_MATCH|MATCHED,REF_LIKE|REF_NORMALIZED_EXACT,HAS_AMBIGUOUS_PARTS
745,2020-08-10T12:30:00.000Z,FIELD_BEAT_CLIENT||CLINICA ALEMANA DE SANTIAGO,,CLINICA ALEMANA DE SANTIAGO,CORRECTIVA NO PROGRAMADA,FINISHED,rguapache,Linac-151673,,NO_TICKET_REPORTED,0,0,0,0,0,0,,,,,,,NO_USED_PARTS
746,2020-08-07T12:00:00.000Z,FIELD_BEAT_CLIENT||SERVICIO DE SALUD DE MAGALLANES,,SERVICIO DE SALUD DE MAGALLANES,CORRECTIVA NO PROGRAMADA,FINISHED,raguila,,,NO_TICKET_REPORTED,1,0,1,0,0,1,,,N/C,Ampolleta  Halogena 12v 75w,PLACEHOLDER_VALUE,PLACEHOLDER_REJECTED,HAS_PLACEHOLDERS
731,2020-07-24T19:00:00.000Z,FIELD_BEAT_CLIENT||HOSPITAL CARLOS VAN BUREN (SSVSA),,HOSPITAL CARLOS VAN BUREN (SSVSA),PREVENTIVA PROGRAMADA,FINISHED,rcammalleri,OIS-HCVB|TPS-HCVB,,NO_TICKET_REPORTED,1,0,1,0,0,1,,,N/A,N/A,PLACEHOLDER_VALUE,PLACEHOLDER_REJECTED,HAS_PLACEHOLDERS
732,2020-07-24T20:00:00.000Z,FIELD_BEAT_CLIENT|81.698.900-0|UC CHRISTUS - CECA,81.698.900-0,UC CHRISTUS - CECA,CORRECTIVA PROGRAMADA,FINISHED,scarcamo,OIS-UC,,NO_TICKET_REPORTED,1,1,0,0,0,0,C7976A,11307,C7976A,Kit de Cintas LTO6,MATCHED,REF_EXACT,OK
733,2020-07-24T16:30:00.000Z,FIELD_BEAT_CLIENT||HOSPITAL CARLOS VAN BUREN (SSVSA),,HOSPITAL CARLOS VAN BUREN (SSVSA),PREVENTIVA PROGRAMADA,FINISHED,mreyes,Linac-154325,,NO_TICKET_REPORTED,1,0,0,1,0,1,,,No hay.,"Grasa, limpia contactos, WD40.",NO_MATCH,NONE,HAS_UNMATCHED_PARTS
734,2020-07-24T12:30:00.000Z,FIELD_BEAT_CLIENT||CLÍNICA ALEMANA DE TEMUCO,,CLÍNICA ALEMANA DE TEMUCO,PREVENTIVA PROGRAMADA,ARCHIVED,,Linac-201073,,NO_TICKET_REPORTED,0,0,0,0,0,0,,,,,,,NO_USED_PARTS
747,2020-08-10T17:30:00.000Z,FIELD_BEAT_CLIENT||INRAD,,INRAD,CORRECTIVA NO PROGRAMADA,FINISHED,acorbea,,,NO_TICKET_REPORTED,0,0,0,0,0,0,,,,,,,NO_USED_PARTS
748,2020-08-10T22:30:00.000Z,FIELD_BEAT_CLIENT|70377400-8|FUNDACION ARTURO LOPEZ PEREZ,70377400-8,FUNDACION ARTURO LOPEZ PEREZ,CORRECTIVA PROGRAMADA,FINISHED,scarcamo,LINAC-153038,,NO_TICKET_REPORTED,0,0,0,0,0,0,,,,,,,NO_USED_PARTS
749,2020-08-11T00:30:00.000Z,FIELD_BEAT_CLIENT||CLÍNICA ALEMANA DE TEMUCO,,CLÍNICA ALEMANA DE TEMUCO,ASISTENCIA REMOTA,FINISHED,mreyes,Linac-201073,,NO_TICKET_REPORTED,1,0,0,1,0,1,,,No hay.,No hay.,NO_MATCH,NONE,HAS_UNMATCHED_PARTS
750,2020-08-10T18:42:00.000Z,FIELD_BEAT_CLIENT||CLÍNICA SANATORIO ALEMÁN (ONCORAD),,CLÍNICA SANATORIO ALEMÁN (ONCORAD),CORRECTIVA NO PROGRAMADA,FINISHED,mreyes,Linac-201110,,NO_TICKET_REPORTED,1,0,0,1,0,1,,,No hay.,"Limpia contactos, WD40 y paños de limpieza.",NO_MATCH,NONE,HAS_UNMATCHED_PARTS
751,2020-08-11T21:17:00.000Z,FIELD_BEAT_CLIENT||UC CHRISTUS - CECA,,UC CHRISTUS - CECA,INSTALACION - INTEGRACION,FINISHED,acorbea,,,NO_TICKET_REPORTED,0,0,0,0,0,0,,,,,,,NO_USED_PARTS
752,2020-08-12T21:30:00.000Z,FIELD_BEAT_CLIENT|70377400-8|FUNDACION ARTURO LOPEZ PEREZ,70377400-8,FUNDACION ARTURO LOPEZ PEREZ,CORRECTIVA NO PROGRAMADA,FINISHED,scarcamo,LINAC-153038,,NO_TICKET_REPORTED,1,1,0,0,0,1,45133502026_usado,12138,45133502026,X RAY TUBE Assembly,MATCHED,REF_LIKE,REVIEW_REQUIRED
753,2020-08-14T13:29:00.000Z,FIELD_BEAT_CLIENT||CLINICA ALEMANA DE SANTIAGO,,CLINICA ALEMANA DE SANTIAGO,PREVENTIVA PROGRAMADA,FINISHED,acorbea,Linac-152171,,NO_TICKET_REPORTED,0,0,0,0,0,0,,,,,,,NO_USED_PARTS
754,2020-08-13T18:00:00.000Z,FIELD_BEAT_CLIENT||SERVICIO DE SALUD DE MAGALLANES,,SERVICIO DE SALUD DE MAGALLANES,INSTALACION - INTEGRACION,FINISHED,raguila,,,NO_TICKET_REPORTED,1,0,0,1,0,1,,,244120001143,Gabinete Iview MK-6,NO_MATCH,NONE,HAS_UNMATCHED_PARTS
759,2020-08-20T13:30:00.000Z,FIELD_BEAT_CLIENT||CLINICA ALEMANA DE SANTIAGO,,CLINICA ALEMANA DE SANTIAGO,CORRECTIVA NO PROGRAMADA,FINISHED,acorbea,Linac-151673,,NO_TICKET_REPORTED,0,0,0,0,0,0,,,,,,,NO_USED_PARTS
760,2020-08-22T13:00:00.000Z,FIELD_BEAT_CLIENT||UC CHRISTUS - CECA,,UC CHRISTUS - CECA,PREVENTIVA PROGRAMADA,FINISHED,acorbea,,,NO_TICKET_REPORTED,0,0,0,0,0,0,,,,,,,NO_USED_PARTS
761,2020-08-22T12:30:00.000Z,FIELD_BEAT_CLIENT|70377400-8|FUNDACION ARTURO LOPEZ PEREZ,70377400-8,FUNDACION ARTURO LOPEZ PEREZ,CORRECTIVA PROGRAMADA,FINISHED,scarcamo,LINAC-153038,,NO_TICKET_REPORTED,0,0,0,0,0,0,,,,,,,NO_USED_PARTS
762,2020-08-22T12:15:00.000Z,FIELD_BEAT_CLIENT||CLÍNICA SANATORIO ALEMÁN (ONCORAD),,CLÍNICA SANATORIO ALEMÁN (ONCORAD),PREVENTIVA PROGRAMADA,FINISHED,glopez,,,NO_TICKET_REPORTED,0,0,0,0,0,0,,,,,,,NO_USED_PARTS
763,2020-08-24T17:00:00.000Z,FIELD_BEAT_CLIENT||CLÍNICA SANATORIO ALEMÁN (ONCORAD),,CLÍNICA SANATORIO ALEMÁN (ONCORAD),CORRECTIVA NO PROGRAMADA,FINISHED,ebecker,Linac-201110,,NO_TICKET_REPORTED,1,0,0,1,0,1,,,No hay,Ampolleta halógena 12 V / 75 W.,NO_MATCH,NONE,HAS_UNMATCHED_PARTS
764,2020-08-24T12:30:00.000Z,FIELD_BEAT_CLIENT||HOSPITAL CARLOS VAN BUREN (SSVSA),,HOSPITAL CARLOS VAN BUREN (SSVSA),CORRECTIVA NO PROGRAMADA,FINISHED,mreyes,Linac-154325,,NO_TICKET_REPORTED,1,1,0,0,0,0,821321900352,11061,821321900352,"Fusible de retardo,  10 Amp. 32 Vac. (FS32E)",MATCHED,REF_EXACT,OK
765,2020-08-25T17:00:00.000Z,FIELD_BEAT_CLIENT|70377400-8|FUNDACION ARTURO LOPEZ PEREZ,70377400-8,FUNDACION ARTURO LOPEZ PEREZ,PREVENTIVA PROGRAMADA,FINISHED,acorbea,APOTECA-CHEMO,,NO_TICKET_REPORTED,0,0,0,0,0,0,,,,,,,NO_USED_PARTS
766,2020-08-26T20:00:00.000Z,FIELD_BEAT_CLIENT||HOSPITAL CARLOS VAN BUREN (SSVSA),,HOSPITAL CARLOS VAN BUREN (SSVSA),CORRECTIVA PROGRAMADA,FINISHED,jecheverria,TPS-HCVB,,NO_TICKET_REPORTED,0,0,0,0,0,0,,,,,,,NO_USED_PARTS
767,2020-08-27T16:00:00.000Z,FIELD_BEAT_CLIENT||CLÍNICA ALEMANA DE TEMUCO,,CLÍNICA ALEMANA DE TEMUCO,CORRECTIVA PROGRAMADA,FINISHED,ebecker,Linac-201073,,NO_TICKET_REPORTED,1,0,0,1,0,1,,,no hay,na hay,NO_MATCH,NONE,HAS_UNMATCHED_PARTS
768,2020-08-24T12:30:00.000Z,FIELD_BEAT_CLIENT|70377400-8|FUNDACION ARTURO LOPEZ PEREZ,70377400-8,FUNDACION ARTURO LOPEZ PEREZ,CORRECTIVA NO PROGRAMADA,FINISHED,acorbea,LINAC-153038,,NO_TICKET_REPORTED,1,1,0,0,0,1,1519103,11588,1519103_Rev02,Dosimetry Board A Programmed,MATCHED,REF_LIKE,REVIEW_REQUIRED
769,2020-08-29T12:30:00.000Z,FIELD_BEAT_CLIENT||UC CHRISTUS - CECA,,UC CHRISTUS - CECA,CORRECTIVA PROGRAMADA,FINISHED,scarcamo,Linac-153935,,NO_TICKET_REPORTED,1,0,1,0,0,1,,,,2 Filtros de Agua 5 micrones Elekta,PLACEHOLDER_VALUE,PLACEHOLDER_REJECTED,HAS_PLACEHOLDERS
770,2020-08-21T22:21:00.000Z,FIELD_BEAT_CLIENT|70377400-8|FUNDACION ARTURO LOPEZ PEREZ,70377400-8,FUNDACION ARTURO LOPEZ PEREZ,CORRECTIVA PROGRAMADA,FINISHED,mreyes,,,NO_TICKET_REPORTED,1,0,0,1,0,1,,,No hay.,No hay.,NO_MATCH,NONE,HAS_UNMATCHED_PARTS
771,2020-08-29T12:30:00.000Z,FIELD_BEAT_CLIENT|70377400-8|FUNDACION ARTURO LOPEZ PEREZ,70377400-8,FUNDACION ARTURO LOPEZ PEREZ,CORRECTIVA PROGRAMADA,FINISHED,acorbea,LINAC-153038,,NO_TICKET_REPORTED,1,1,0,0,0,0,45133304326,10458,45133304326,Output Windows Serie 1000109300,MATCHED,REF_EXACT,OK
772,2020-09-01T21:20:00.000Z,FIELD_BEAT_CLIENT||CLINICA ALEMANA DE SANTIAGO,,CLINICA ALEMANA DE SANTIAGO,CORRECTIVA NO PROGRAMADA,FINISHED,rguapache,Linac-151673,,NO_TICKET_REPORTED,0,0,0,0,0,0,,,,,,,NO_USED_PARTS
773,2020-09-02T18:00:00.000Z,FIELD_BEAT_CLIENT||UC CHRISTUS - CECA,,UC CHRISTUS - CECA,CORRECTIVA NO PROGRAMADA,FINISHED,acorbea,Linac-153935,,NO_TICKET_REPORTED,0,0,0,0,0,0,,,,,,,NO_USED_PARTS
774,2020-09-03T17:18:00.000Z,FIELD_BEAT_CLIENT||INRAD,,INRAD,CORRECTIVA NO PROGRAMADA,FINISHED,rguapache,Linac-201172,,NO_TICKET_REPORTED,1,1,0,0,0,0,1535987,11480,1535987,tarjeta Dose Board,MATCHED,REF_EXACT,OK
775,2020-08-31T14:30:00.000Z,FIELD_BEAT_CLIENT||INRAD,,INRAD,ASISTENCIA REMOTA,FINISHED,rcammalleri,TPS-INRAD,,NO_TICKET_REPORTED,1,0,1,0,0,1,,,N/A,N/A,PLACEHOLDER_VALUE,PLACEHOLDER_REJECTED,HAS_PLACEHOLDERS
776,2020-08-31T17:00:00.000Z,FIELD_BEAT_CLIENT|70377400-8|FUNDACION ARTURO LOPEZ PEREZ,70377400-8,FUNDACION ARTURO LOPEZ PEREZ,CORRECTIVA NO PROGRAMADA,ARCHIVED,,LINAC-153038,,NO_TICKET_REPORTED,0,0,0,0,0,0,,,,,,,NO_USED_PARTS
778,2020-09-03T14:30:00.000Z,FIELD_BEAT_CLIENT|70377400-8|FUNDACION ARTURO LOPEZ PEREZ,70377400-8,FUNDACION ARTURO LOPEZ PEREZ,PREVENTIVA PROGRAMADA,FINISHED,rcammalleri,APOTECA-CHEMO,,NO_TICKET_REPORTED,1,0,1,0,0,1,,,N/A,N/A,PLACEHOLDER_VALUE,PLACEHOLDER_REJECTED,HAS_PLACEHOLDERS
779,2020-09-05T14:00:44.379Z,FIELD_BEAT_CLIENT|96.770.100-9|CLINICA ALEMANA DE SANTIAGO,96.770.100-9,CLINICA ALEMANA DE SANTIAGO,CORRECTIVA NO PROGRAMADA,FINISHED,acorbea,Linac-151673,,NO_TICKET_REPORTED,2,2,0,0,0,0,1534958,11034,1534958,"kit, spare, leaf MO|Kit, Soares, leaf MO",MATCHED,REF_EXACT,OK
780,2020-09-05T19:00:32.925Z,FIELD_BEAT_CLIENT|96.770.100-9|CLINICA ALEMANA DE SANTIAGO,96.770.100-9,CLINICA ALEMANA DE SANTIAGO,CORRECTIVA PROGRAMADA,FINISHED,acorbea,Linac-151673|Linac-152171,,NO_TICKET_REPORTED,0,0,0,0,0,0,,,,,,,NO_USED_PARTS
755,2020-08-17T20:50:53.527Z,FIELD_BEAT_CLIENT|76089058-8|EYG MEDICAL SYSTEMS LTDA.,76089058-8,EYG MEDICAL SYSTEMS LTDA.,CORRECTIVA NO PROGRAMADA,FINISHED,ebecker,2286,,NO_TICKET_REPORTED,0,0,0,0,0,0,,,,,,,NO_USED_PARTS
756,2020-08-19T18:05:00.000Z,FIELD_BEAT_CLIENT||CLINICA ALEMANA DE SANTIAGO,,CLINICA ALEMANA DE SANTIAGO,CORRECTIVA PROGRAMADA,FINISHED,glopez,Linac-152171,,NO_TICKET_REPORTED,1,0,1,0,0,1,,,,Ampolleta ODI,PLACEHOLDER_VALUE,PLACEHOLDER_REJECTED,HAS_PLACEHOLDERS
757,2020-08-19T21:56:00.000Z,FIELD_BEAT_CLIENT|70377400-8|FUNDACION ARTURO LOPEZ PEREZ,70377400-8,FUNDACION ARTURO LOPEZ PEREZ,CORRECTIVA NO PROGRAMADA,FINISHED,rguapache,LINAC-153038,,NO_TICKET_REPORTED,0,0,0,0,0,0,,,,,,,NO_USED_PARTS
758,2020-08-20T13:30:00.000Z,FIELD_BEAT_CLIENT||CLINICA ALEMANA DE SANTIAGO,,CLINICA ALEMANA DE SANTIAGO,CORRECTIVA NO PROGRAMADA,ARCHIVED,,Linac-151673,,NO_TICKET_REPORTED,0,0,0,0,0,0,,,,,,,NO_USED_PARTS
777,2020-09-02T14:10:00.000Z,FIELD_BEAT_CLIENT|70377400-8|FUNDACION ARTURO LOPEZ PEREZ,70377400-8,FUNDACION ARTURO LOPEZ PEREZ,CORRECTIVA NO PROGRAMADA,ARCHIVED,,LINAC-153038,,NO_TICKET_REPORTED,0,0,0,0,0,0,,,,,,,NO_USED_PARTS
781,2020-09-05T12:00:00.000Z,FIELD_BEAT_CLIENT|70377400-8|FUNDACION ARTURO LOPEZ PEREZ,70377400-8,FUNDACION ARTURO LOPEZ PEREZ,CORRECTIVA PROGRAMADA,ARCHIVED,,,,NO_TICKET_REPORTED,0,0,0,0,0,0,,,,,,,NO_USED_PARTS
783,2020-09-07T23:00:00.000Z,FIELD_BEAT_CLIENT||UC CHRISTUS - CECA,,UC CHRISTUS - CECA,CORRECTIVA PROGRAMADA,FINISHED,acorbea,Linac-153935|OIS-UC|TPS-UC,,NO_TICKET_REPORTED,0,0,0,0,0,0,,,,,,,NO_USED_PARTS
784,2020-09-08T10:30:00.000Z,FIELD_BEAT_CLIENT||CLINICA ALEMANA DE SANTIAGO,,CLINICA ALEMANA DE SANTIAGO,CORRECTIVA NO PROGRAMADA,FINISHED,acorbea,Linac-151673,,NO_TICKET_REPORTED,0,0,0,0,0,0,,,,,,,NO_USED_PARTS
785,2020-09-08T23:20:00.000Z,FIELD_BEAT_CLIENT|70377400-8|FUNDACION ARTURO LOPEZ PEREZ,70377400-8,FUNDACION ARTURO LOPEZ PEREZ,CORRECTIVA NO PROGRAMADA,FINISHED,acorbea,LINAC-153038,,NO_TICKET_REPORTED,1,1,0,0,0,1,1501074,11487,1501074 Rev. 02,"PCB ASSEMBLY, DOSIMETRY B",MATCHED,REF_LIKE,REVIEW_REQUIRED
786,2020-09-09T12:00:00.000Z,FIELD_BEAT_CLIENT|70377400-8|FUNDACION ARTURO LOPEZ PEREZ,70377400-8,FUNDACION ARTURO LOPEZ PEREZ,REQUERIMIENTO DEL CLIENTE,FINISHED,rcammalleri,APOTECA-PS,,NO_TICKET_REPORTED,1,0,1,0,0,1,,,N/A,N/A,PLACEHOLDER_VALUE,PLACEHOLDER_REJECTED,HAS_PLACEHOLDERS
787,2020-09-09T16:10:00.000Z,FIELD_BEAT_CLIENT||CLINICA ALEMANA DE SANTIAGO,,CLINICA ALEMANA DE SANTIAGO,CORRECTIVA NO PROGRAMADA,FINISHED,acorbea,Linac-151673,,NO_TICKET_REPORTED,0,0,0,0,0,0,,,,,,,NO_USED_PARTS
788,2020-09-10T21:00:00.000Z,FIELD_BEAT_CLIENT||CLINICA ALEMANA DE SANTIAGO,,CLINICA ALEMANA DE SANTIAGO,CORRECTIVA NO PROGRAMADA,FINISHED,acorbea,Linac-152171,,NO_TICKET_REPORTED,0,0,0,0,0,0,,,,,,,NO_USED_PARTS
789,2020-09-10T19:00:00.000Z,FIELD_BEAT_CLIENT||CLINICA ALEMANA DE SANTIAGO,,CLINICA ALEMANA DE SANTIAGO,CORRECTIVA NO PROGRAMADA,FINISHED,acorbea,Linac-151673,,NO_TICKET_REPORTED,2,2,0,0,0,0,451362610003J|1541718,10998|11595,451362610003J|1541718,"(cantidad=2) BELT, TIMING, S/SIDED|(Cantidad=2)Fru, Pancake Motor Assembly",MATCHED,REF_EXACT,OK
790,2020-09-10T18:30:00.000Z,FIELD_BEAT_CLIENT||HOSPITAL CARLOS VAN BUREN (SSVSA),,HOSPITAL CARLOS VAN BUREN (SSVSA),CORRECTIVA NO PROGRAMADA,FINISHED,jecheverria,,,NO_TICKET_REPORTED,1,0,1,0,0,1,,,NA,NA,PLACEHOLDER_VALUE,PLACEHOLDER_REJECTED,HAS_PLACEHOLDERS
791,2020-09-11T10:30:00.000Z,FIELD_BEAT_CLIENT|70377400-8|FUNDACION ARTURO LOPEZ PEREZ,70377400-8,FUNDACION ARTURO LOPEZ PEREZ,CORRECTIVA NO PROGRAMADA,FINISHED,mreyes,LINAC-153038,,NO_TICKET_REPORTED,1,1,0,0,0,0,1534958,11034,1534958,1 Nr Leaf Motor Spares Kit.,MATCHED,REF_EXACT,OK
792,2020-09-12T11:29:00.000Z,FIELD_BEAT_CLIENT|70377400-8|FUNDACION ARTURO LOPEZ PEREZ,70377400-8,FUNDACION ARTURO LOPEZ PEREZ,PREVENTIVA PROGRAMADA,FINISHED,scarcamo,LINAC-153038,,NO_TICKET_REPORTED,3,3,0,0,0,0,1517657|1022096|1016476,10701|10775|10913,1517657|1022096|1016476,1 Pc  leaf motor drive Y2|Fan Assy 70x70|4 kit leaf motor,MATCHED,REF_EXACT,OK
793,2020-09-14T16:00:00.000Z,FIELD_BEAT_CLIENT|70377400-8|FUNDACION ARTURO LOPEZ PEREZ,70377400-8,FUNDACION ARTURO LOPEZ PEREZ,CORRECTIVA PROGRAMADA,FINISHED,rcammalleri,APOTECA-PS,,NO_TICKET_REPORTED,0,0,0,0,0,0,,,,,,,NO_USED_PARTS
794,2020-09-15T17:50:00.000Z,FIELD_BEAT_CLIENT||CLINICA ALEMANA DE SANTIAGO,,CLINICA ALEMANA DE SANTIAGO,CORRECTIVA NO PROGRAMADA,FINISHED,rguapache,Linac-151673,,NO_TICKET_REPORTED,0,0,0,0,0,0,,,,,,,NO_USED_PARTS
795,2020-09-15T17:51:00.000Z,FIELD_BEAT_CLIENT||CLINICA ALEMANA DE SANTIAGO,,CLINICA ALEMANA DE SANTIAGO,CORRECTIVA NO PROGRAMADA,FINISHED,rguapache,Linac-152171,,NO_TICKET_REPORTED,0,0,0,0,0,0,,,,,,,NO_USED_PARTS
796,2020-09-15T22:45:00.000Z,FIELD_BEAT_CLIENT|70377400-8|FUNDACION ARTURO LOPEZ PEREZ,70377400-8,FUNDACION ARTURO LOPEZ PEREZ,CORRECTIVA NO PROGRAMADA,FINISHED,acorbea,LINAC-153038,,NO_TICKET_REPORTED,1,0,0,1,0,1,,,1527044,"programmed PCB assy, Router",NO_MATCH,NONE,HAS_UNMATCHED_PARTS
797,2020-09-16T13:00:00.000Z,FIELD_BEAT_CLIENT|70377400-8|FUNDACION ARTURO LOPEZ PEREZ,70377400-8,FUNDACION ARTURO LOPEZ PEREZ,CORRECTIVA PROGRAMADA,FINISHED,acorbea,APOTECA-CHEMO,,NO_TICKET_REPORTED,0,0,0,0,0,0,,,,,,,NO_USED_PARTS
798,2020-09-22T22:30:00.000Z,FIELD_BEAT_CLIENT|70377400-8|FUNDACION ARTURO LOPEZ PEREZ,70377400-8,FUNDACION ARTURO LOPEZ PEREZ,CORRECTIVA PROGRAMADA,FINISHED,scarcamo,LINAC-153038,,NO_TICKET_REPORTED,1,0,0,1,0,1,,,1016850,MLC Camera Cable,NO_MATCH,NONE,HAS_UNMATCHED_PARTS
799,2020-09-25T11:30:00.000Z,FIELD_BEAT_CLIENT|70377400-8|FUNDACION ARTURO LOPEZ PEREZ,70377400-8,FUNDACION ARTURO LOPEZ PEREZ,REQUERIMIENTO DEL CLIENTE,FINISHED,rcammalleri,APOTECA-CHEMO,,NO_TICKET_REPORTED,0,0,0,0,0,0,,,,,,,NO_USED_PARTS
800,2020-09-28T11:30:00.000Z,FIELD_BEAT_CLIENT||SERVICIO DE SALUD DE MAGALLANES,,SERVICIO DE SALUD DE MAGALLANES,,FINISHED,raguila,,,NO_TICKET_REPORTED,1,0,1,0,0,1,,,N/C,N/C,PLACEHOLDER_VALUE,PLACEHOLDER_REJECTED,HAS_PLACEHOLDERS
801,2020-09-28T19:30:00.000Z,FIELD_BEAT_CLIENT||CLINICA ALEMANA DE SANTIAGO,,CLINICA ALEMANA DE SANTIAGO,CORRECTIVA NO PROGRAMADA,FINISHED,acorbea,Linac-152171,,NO_TICKET_REPORTED,0,0,0,0,0,0,,,,,,,NO_USED_PARTS
802,2020-09-28T11:40:00.000Z,FIELD_BEAT_CLIENT||CLÍNICA ALEMANA DE TEMUCO,,CLÍNICA ALEMANA DE TEMUCO,CORRECTIVA PROGRAMADA,FINISHED,ebecker,Linac-201073,,NO_TICKET_REPORTED,1,0,0,1,0,1,,,Sin número de parte,Soldadura de estaño y componente Wulf,NO_MATCH,NONE,HAS_UNMATCHED_PARTS
803,2020-09-29T13:00:00.000Z,FIELD_BEAT_CLIENT||TORRE MÉDICA - RANCAGUA,,TORRE MÉDICA - RANCAGUA,CORRECTIVA PROGRAMADA,FINISHED,rguapache,Linac-105277,,NO_TICKET_REPORTED,1,0,0,1,0,1,,,45133302156,gearbox,NO_MATCH,NONE,HAS_UNMATCHED_PARTS
804,2020-09-30T12:57:00.000Z,FIELD_BEAT_CLIENT||CLINICA ALEMANA DE SANTIAGO,,CLINICA ALEMANA DE SANTIAGO,CORRECTIVA NO PROGRAMADA,FINISHED,rguapache,Linac-152171,,NO_TICKET_REPORTED,1,0,1,0,0,1,,,,fusible de 10A/32vp,PLACEHOLDER_VALUE,PLACEHOLDER_REJECTED,HAS_PLACEHOLDERS
782,2020-09-05T12:00:00.000Z,FIELD_BEAT_CLIENT|70377400-8|FUNDACION ARTURO LOPEZ PEREZ,70377400-8,FUNDACION ARTURO LOPEZ PEREZ,CORRECTIVA PROGRAMADA,FINISHED,mreyes,,,NO_TICKET_REPORTED,1,0,0,1,0,1,,,No hay.,No hay.,NO_MATCH,NONE,HAS_UNMATCHED_PARTS
805,2020-09-30T11:00:00.000Z,FIELD_BEAT_CLIENT|70377400-8|FUNDACION ARTURO LOPEZ PEREZ,70377400-8,FUNDACION ARTURO LOPEZ PEREZ,INSTALACION - INTEGRACION,FINISHED,rcammalleri,APOTECA-PS,,NO_TICKET_REPORTED,0,0,0,0,0,0,,,,,,,NO_USED_PARTS
806,2020-09-30T12:00:00.000Z,FIELD_BEAT_CLIENT|70377400-8|FUNDACION ARTURO LOPEZ PEREZ,70377400-8,FUNDACION ARTURO LOPEZ PEREZ,,FINISHED,rcammalleri,APOTECA-PS,,NO_TICKET_REPORTED,0,0,0,0,0,0,,,,,,,NO_USED_PARTS
807,2020-09-30T12:00:00.000Z,FIELD_BEAT_CLIENT|70377400-8|FUNDACION ARTURO LOPEZ PEREZ,70377400-8,FUNDACION ARTURO LOPEZ PEREZ,REQUERIMIENTO DEL CLIENTE,FINISHED,rcammalleri,APOTECA-PS,,NO_TICKET_REPORTED,0,0,0,0,0,0,,,,,,,NO_USED_PARTS
808,2020-10-01T16:01:00.000Z,FIELD_BEAT_CLIENT||CLINICA ALEMANA DE SANTIAGO,,CLINICA ALEMANA DE SANTIAGO,CORRECTIVA NO PROGRAMADA,FINISHED,rguapache,Linac-152171,,NO_TICKET_REPORTED,0,0,0,0,0,0,,,,,,,NO_USED_PARTS
809,2020-10-02T11:30:00.000Z,FIELD_BEAT_CLIENT|70377400-8|FUNDACION ARTURO LOPEZ PEREZ,70377400-8,FUNDACION ARTURO LOPEZ PEREZ,CORRECTIVA NO PROGRAMADA,FINISHED,jecheverria,APOTECA-CHEMO,,NO_TICKET_REPORTED,0,0,0,0,0,0,,,,,,,NO_USED_PARTS
810,2020-10-07T10:40:00.000Z,FIELD_BEAT_CLIENT|70377400-8|FUNDACION ARTURO LOPEZ PEREZ,70377400-8,FUNDACION ARTURO LOPEZ PEREZ,CORRECTIVA NO PROGRAMADA,FINISHED,acorbea,LINAC-153038,,NO_TICKET_REPORTED,1,1,0,0,0,0,1016518,11006,1016518,Detector Panel PSU (XRD -EPS),MATCHED,REF_EXACT,OK
811,2020-10-07T11:30:00.000Z,FIELD_BEAT_CLIENT||SERVICIO DE SALUD DE MAGALLANES,,SERVICIO DE SALUD DE MAGALLANES,CORRECTIVA NO PROGRAMADA,FINISHED,raguila,,,NO_TICKET_REPORTED,1,0,1,0,0,1,,,N/C,N/C,PLACEHOLDER_VALUE,PLACEHOLDER_REJECTED,HAS_PLACEHOLDERS
812,2020-10-08T13:00:00.000Z,FIELD_BEAT_CLIENT||CLINICA ALEMANA DE SANTIAGO,,CLINICA ALEMANA DE SANTIAGO,CORRECTIVA NO PROGRAMADA,FINISHED,rguapache,Linac-151673,,NO_TICKET_REPORTED,0,0,0,0,0,0,,,,,,,NO_USED_PARTS
813,2020-10-08T20:30:00.000Z,FIELD_BEAT_CLIENT||CLINICA ALEMANA DE SANTIAGO,,CLINICA ALEMANA DE SANTIAGO,CORRECTIVA NO PROGRAMADA,FINISHED,rguapache,Linac-151673,,NO_TICKET_REPORTED,1,0,0,1,0,1,,,1517618,control FKP,NO_MATCH,NONE,HAS_UNMATCHED_PARTS
814,2020-10-09T16:00:00.000Z,FIELD_BEAT_CLIENT|70377400-8|FUNDACION ARTURO LOPEZ PEREZ,70377400-8,FUNDACION ARTURO LOPEZ PEREZ,REQUERIMIENTO DEL CLIENTE,FINISHED,rcammalleri,APOTECA-CHEMO,,NO_TICKET_REPORTED,0,0,0,0,0,0,,,,,,,NO_USED_PARTS
815,2020-10-11T13:00:00.000Z,FIELD_BEAT_CLIENT||SERVICIO DE SALUD DE MAGALLANES,,SERVICIO DE SALUD DE MAGALLANES,PUESTA EN MARCHA,FINISHED,raguila,Linac-152280,,NO_TICKET_REPORTED,1,0,1,0,0,1,,,N/C,N/C,PLACEHOLDER_VALUE,PLACEHOLDER_REJECTED,HAS_PLACEHOLDERS
816,2020-10-12T11:00:00.000Z,FIELD_BEAT_CLIENT|70377400-8|FUNDACION ARTURO LOPEZ PEREZ,70377400-8,FUNDACION ARTURO LOPEZ PEREZ,,ARCHIVED,,LINAC-153038,,NO_TICKET_REPORTED,0,0,0,0,0,0,,,,,,,NO_USED_PARTS
817,2020-10-12T11:00:00.000Z,FIELD_BEAT_CLIENT|70377400-8|FUNDACION ARTURO LOPEZ PEREZ,70377400-8,FUNDACION ARTURO LOPEZ PEREZ,CORRECTIVA PROGRAMADA,FINISHED,rguapache,LINAC-153038,,NO_TICKET_REPORTED,0,0,0,0,0,0,,,,,,,NO_USED_PARTS
818,2020-10-13T16:25:00.000Z,FIELD_BEAT_CLIENT||INRAD,,INRAD,CORRECTIVA NO PROGRAMADA,FINISHED,mreyes,Linac-201172,,NO_TICKET_REPORTED,1,0,0,1,0,1,,,No hay.,No hay.,NO_MATCH,NONE,HAS_UNMATCHED_PARTS
819,2020-10-14T19:45:00.000Z,FIELD_BEAT_CLIENT||CLINICA ALEMANA DE SANTIAGO,,CLINICA ALEMANA DE SANTIAGO,CORRECTIVA NO PROGRAMADA,FINISHED,acorbea,Linac-151673,,NO_TICKET_REPORTED,0,0,0,0,0,0,,,,,,,NO_USED_PARTS
820,2020-10-14T18:00:00.000Z,FIELD_BEAT_CLIENT|61.607.901-8|SERVICIO DE SALUD DE MAGALLANES,61.607.901-8,SERVICIO DE SALUD DE MAGALLANES,PUESTA EN MARCHA,FINISHED,raguila,OIS-HCM,,NO_TICKET_REPORTED,1,0,0,1,0,1,,,"zQeXBE,H8):Te'46ghjk2(Exzx8cvbnmqq2]","No Corresponde, sólo caracterización de Nva. Licencia y configuraciones del especialista.",NO_MATCH,NONE,HAS_UNMATCHED_PARTS
821,2020-10-16T10:45:00.000Z,FIELD_BEAT_CLIENT||HOSPITAL CARLOS VAN BUREN (SSVSA),,HOSPITAL CARLOS VAN BUREN (SSVSA),CORRECTIVA NO PROGRAMADA,FINISHED,jecheverria,,,NO_TICKET_REPORTED,1,1,0,0,0,1,1006737_usado,12071,1006737,SIB PCB,MATCHED,REF_LIKE,REVIEW_REQUIRED
822,2020-10-16T15:00:00.000Z,FIELD_BEAT_CLIENT||Mantención Simulador Huestis HCM,,Mantención Simulador Huestis HCM,PREVENTIVA PROGRAMADA,FINISHED,raguila,,,NO_TICKET_REPORTED,1,0,1,0,0,1,,,N/C,N/C,PLACEHOLDER_VALUE,PLACEHOLDER_REJECTED,HAS_PLACEHOLDERS
823,2020-10-17T11:30:00.000Z,FIELD_BEAT_CLIENT||UC CHRISTUS - CECA,,UC CHRISTUS - CECA,CORRECTIVA PROGRAMADA,FINISHED,acorbea,Linac-153935,,NO_TICKET_REPORTED,0,0,0,0,0,0,,,,,,,NO_USED_PARTS
824,2020-10-16T13:30:00.000Z,FIELD_BEAT_CLIENT||CLINICA ALEMANA DE SANTIAGO,,CLINICA ALEMANA DE SANTIAGO,CORRECTIVA PROGRAMADA,FINISHED,rguapache,Linac-152171,,NO_TICKET_REPORTED,1,1,0,0,0,1,45133308530,11007,PN  4513 330 8530,Magnetron e2V MG6370E.  Número de serie  18388765.,MATCHED,REF_LIKE,REVIEW_REQUIRED
825,2020-10-23T09:30:00.000Z,FIELD_BEAT_CLIENT|70377400-8|FUNDACION ARTURO LOPEZ PEREZ,70377400-8,FUNDACION ARTURO LOPEZ PEREZ,CORRECTIVA NO PROGRAMADA,FINISHED,scarcamo,LINAC-153038,,NO_TICKET_REPORTED,1,0,1,0,0,1,,,,Fusible 10A,PLACEHOLDER_VALUE,PLACEHOLDER_REJECTED,HAS_PLACEHOLDERS
826,2020-10-23T17:45:00.000Z,FIELD_BEAT_CLIENT||INRAD,,INRAD,CORRECTIVA PROGRAMADA,FINISHED,rguapache,Linac-201172,,NO_TICKET_REPORTED,1,1,0,0,0,0,1535987,11480,1535987,"FRU, DOSE BOARD",MATCHED,REF_EXACT,OK
827,2020-10-24T11:30:00.000Z,FIELD_BEAT_CLIENT|70377400-8|FUNDACION ARTURO LOPEZ PEREZ,70377400-8,FUNDACION ARTURO LOPEZ PEREZ,CORRECTIVA PROGRAMADA,FINISHED,rguapache,LINAC-153038,,NO_TICKET_REPORTED,1,0,0,1,0,1,,,1538489,"PCB ASSY, DLG AND DIAPHRAGM DRIVE",NO_MATCH,NONE,HAS_UNMATCHED_PARTS
828,2020-10-24T11:00:00.000Z,FIELD_BEAT_CLIENT||HOSPITAL CARLOS VAN BUREN (SSVSA),,HOSPITAL CARLOS VAN BUREN (SSVSA),CORRECTIVA PROGRAMADA,FINISHED,jecheverria,,,NO_TICKET_REPORTED,1,0,0,1,0,1,,,1516728 vs 02,BMDM - DVD Update de FCO IGUIDE,NO_MATCH,NONE,HAS_UNMATCHED_PARTS
829,2020-10-26T08:21:00.000Z,FIELD_BEAT_CLIENT||HOSPITAL CARLOS VAN BUREN (SSVSA),,HOSPITAL CARLOS VAN BUREN (SSVSA),CORRECTIVA NO PROGRAMADA,FINISHED,jecheverria,,,NO_TICKET_REPORTED,1,0,1,0,0,1,,,NA,NA,PLACEHOLDER_VALUE,PLACEHOLDER_REJECTED,HAS_PLACEHOLDERS
830,2020-10-27T18:00:00.000Z,FIELD_BEAT_CLIENT|70377400-8|FUNDACION ARTURO LOPEZ PEREZ,70377400-8,FUNDACION ARTURO LOPEZ PEREZ,REQUERIMIENTO DEL CLIENTE,FINISHED,rcammalleri,APOTECA-PS,,NO_TICKET_REPORTED,0,0,0,0,0,0,,,,,,,NO_USED_PARTS
831,2020-10-27T20:30:00.000Z,FIELD_BEAT_CLIENT|70377400-8|FUNDACION ARTURO LOPEZ PEREZ,70377400-8,FUNDACION ARTURO LOPEZ PEREZ,CORRECTIVA PROGRAMADA,FINISHED,rcammalleri,APOTECA-PS,,NO_TICKET_REPORTED,0,0,0,0,0,0,,,,,,,NO_USED_PARTS
832,2020-10-27T16:15:00.000Z,FIELD_BEAT_CLIENT||HOSPITAL CARLOS VAN BUREN (SSVSA),,HOSPITAL CARLOS VAN BUREN (SSVSA),CORRECTIVA NO PROGRAMADA,FINISHED,jecheverria,,,NO_TICKET_REPORTED,1,0,1,0,0,1,,,NA,NA,PLACEHOLDER_VALUE,PLACEHOLDER_REJECTED,HAS_PLACEHOLDERS
833,2020-10-30T12:00:00.000Z,FIELD_BEAT_CLIENT||RADIO NUCLEAR,,RADIO NUCLEAR,CORRECTIVA NO PROGRAMADA,FINISHED,rguapache,Linac-151238,,NO_TICKET_REPORTED,1,0,1,0,0,1,,,,fusible 10 A  32 V pp,PLACEHOLDER_VALUE,PLACEHOLDER_REJECTED,HAS_PLACEHOLDERS
834,2020-10-30T15:52:00.000Z,FIELD_BEAT_CLIENT||ACME,,ACME,,FINISHED,scarcamo,,,NO_TICKET_REPORTED,0,0,0,0,0,0,,,,,,,NO_USED_PARTS
835,2020-10-30T16:02:00.000Z,FIELD_BEAT_CLIENT||ACME,,ACME,,FINISHED,scarcamo,,,NO_TICKET_REPORTED,0,0,0,0,0,0,,,,,,,NO_USED_PARTS
836,2020-10-30T15:30:00.000Z,FIELD_BEAT_CLIENT||CLINICA ALEMANA DE SANTIAGO,,CLINICA ALEMANA DE SANTIAGO,REQUERIMIENTO DEL CLIENTE,FINISHED,rguapache,Linac-152171,,NO_TICKET_REPORTED,0,0,0,0,0,0,,,,,,,NO_USED_PARTS
837,2020-10-30T18:40:00.000Z,FIELD_BEAT_CLIENT||SERVICIO DE SALUD DE MAGALLANES,,SERVICIO DE SALUD DE MAGALLANES,PREVENTIVA PROGRAMADA,FINISHED,raguila,Linac-152280,,NO_TICKET_REPORTED,1,0,1,0,0,1,,,N/C,N/C,PLACEHOLDER_VALUE,PLACEHOLDER_REJECTED,HAS_PLACEHOLDERS
838,2020-11-04T10:30:00.000Z,FIELD_BEAT_CLIENT||HOSPITAL CARLOS VAN BUREN (SSVSA),,HOSPITAL CARLOS VAN BUREN (SSVSA),REQUERIMIENTO DEL CLIENTE,FINISHED,rguapache,Linac-154325,,NO_TICKET_REPORTED,0,0,0,0,0,0,,,,,,,NO_USED_PARTS
839,2020-11-05T16:00:00.000Z,FIELD_BEAT_CLIENT||UC CHRISTUS - CECA,,UC CHRISTUS - CECA,INSTALACION - INTEGRACION,FINISHED,rcammalleri,TPS-UC,,NO_TICKET_REPORTED,0,0,0,0,0,0,,,,,,,NO_USED_PARTS
840,2020-11-05T08:40:00.000Z,FIELD_BEAT_CLIENT|70377400-8|FUNDACION ARTURO LOPEZ PEREZ,70377400-8,FUNDACION ARTURO LOPEZ PEREZ,CORRECTIVA NO PROGRAMADA,FINISHED,rguapache,LINAC-153038,,NO_TICKET_REPORTED,1,1,0,0,0,0,1016476,10913,1016476,"kit, Soares leaf motor",MATCHED,REF_EXACT,OK
841,2020-11-06T11:30:00.000Z,FIELD_BEAT_CLIENT|70377400-8|FUNDACION ARTURO LOPEZ PEREZ,70377400-8,FUNDACION ARTURO LOPEZ PEREZ,CORRECTIVA NO PROGRAMADA,FINISHED,acorbea,LINAC-153038,,NO_TICKET_REPORTED,1,1,0,0,0,1,1006737_usado,12071,1006737,PCB Assy Sib,MATCHED,REF_LIKE,REVIEW_REQUIRED
842,2020-11-06T11:30:00.000Z,FIELD_BEAT_CLIENT|70377400-8|FUNDACION ARTURO LOPEZ PEREZ,70377400-8,FUNDACION ARTURO LOPEZ PEREZ,CORRECTIVA PROGRAMADA,FINISHED,rcammalleri,APOTECA-CHEMO,,NO_TICKET_REPORTED,0,0,0,0,0,0,,,,,,,NO_USED_PARTS
843,2020-11-07T11:30:00.000Z,FIELD_BEAT_CLIENT|70377400-8|FUNDACION ARTURO LOPEZ PEREZ,70377400-8,FUNDACION ARTURO LOPEZ PEREZ,PREVENTIVA PROGRAMADA,ARCHIVED,,LINAC-153038,,NO_TICKET_REPORTED,0,0,0,0,0,0,,,,,,,NO_USED_PARTS
844,2020-11-07T11:30:00.000Z,FIELD_BEAT_CLIENT|70377400-8|FUNDACION ARTURO LOPEZ PEREZ,70377400-8,FUNDACION ARTURO LOPEZ PEREZ,PREVENTIVA PROGRAMADA,FINISHED,acorbea,LINAC-153038,,NO_TICKET_REPORTED,0,0,0,0,0,0,,,,,,,NO_USED_PARTS
845,2020-11-06T17:00:00.000Z,FIELD_BEAT_CLIENT||SERVICIO DE SALUD DE MAGALLANES,,SERVICIO DE SALUD DE MAGALLANES,PREVENTIVA PROGRAMADA,FINISHED,raguila,,,NO_TICKET_REPORTED,1,0,1,0,0,1,,,N/C,N/C,PLACEHOLDER_VALUE,PLACEHOLDER_REJECTED,HAS_PLACEHOLDERS
846,2020-11-09T15:30:00.000Z,FIELD_BEAT_CLIENT|70377400-8|FUNDACION ARTURO LOPEZ PEREZ,70377400-8,FUNDACION ARTURO LOPEZ PEREZ,CORRECTIVA PROGRAMADA,FINISHED,rcammalleri,APOTECA-CHEMO,,NO_TICKET_REPORTED,0,0,0,0,0,0,,,,,,,NO_USED_PARTS
847,2020-11-09T15:30:00.000Z,FIELD_BEAT_CLIENT|70377400-8|FUNDACION ARTURO LOPEZ PEREZ,70377400-8,FUNDACION ARTURO LOPEZ PEREZ,CORRECTIVA PROGRAMADA,ARCHIVED,,APOTECA-CHEMO,,NO_TICKET_REPORTED,0,0,0,0,0,0,,,,,,,NO_USED_PARTS
848,2020-11-09T15:30:00.000Z,FIELD_BEAT_CLIENT|70377400-8|FUNDACION ARTURO LOPEZ PEREZ,70377400-8,FUNDACION ARTURO LOPEZ PEREZ,CORRECTIVA PROGRAMADA,ARCHIVED,,APOTECA-CHEMO,,NO_TICKET_REPORTED,0,0,0,0,0,0,,,,,,,NO_USED_PARTS
849,2020-11-09T15:30:00.000Z,FIELD_BEAT_CLIENT|70377400-8|FUNDACION ARTURO LOPEZ PEREZ,70377400-8,FUNDACION ARTURO LOPEZ PEREZ,CORRECTIVA PROGRAMADA,ARCHIVED,,APOTECA-CHEMO,,NO_TICKET_REPORTED,0,0,0,0,0,0,,,,,,,NO_USED_PARTS
850,2020-11-09T15:30:00.000Z,FIELD_BEAT_CLIENT|70377400-8|FUNDACION ARTURO LOPEZ PEREZ,70377400-8,FUNDACION ARTURO LOPEZ PEREZ,CORRECTIVA PROGRAMADA,ARCHIVED,,APOTECA-CHEMO,,NO_TICKET_REPORTED,0,0,0,0,0,0,,,,,,,NO_USED_PARTS
851,2020-11-12T22:00:00.000Z,FIELD_BEAT_CLIENT||UC CHRISTUS - CECA,,UC CHRISTUS - CECA,REQUERIMIENTO DEL CLIENTE,FINISHED,rguapache,Linac-153935,,NO_TICKET_REPORTED,0,0,0,0,0,0,,,,,,,NO_USED_PARTS
852,2020-11-13T10:35:00.000Z,FIELD_BEAT_CLIENT||HOSPITAL CARLOS VAN BUREN (SSVSA),,HOSPITAL CARLOS VAN BUREN (SSVSA),CORRECTIVA NO PROGRAMADA,FINISHED,jecheverria,,,NO_TICKET_REPORTED,1,0,1,0,0,1,,,SN,fusible de 10 amp,PLACEHOLDER_VALUE,PLACEHOLDER_REJECTED,HAS_PLACEHOLDERS
853,2020-11-13T04:30:00.000Z,FIELD_BEAT_CLIENT||INRAD,,INRAD,CORRECTIVA NO PROGRAMADA,FINISHED,rguapache,Linac-201172,,NO_TICKET_REPORTED,0,0,0,0,0,0,,,,,,,NO_USED_PARTS
854,2020-11-14T12:10:00.000Z,FIELD_BEAT_CLIENT||HOSPITAL CARLOS VAN BUREN (SSVSA),,HOSPITAL CARLOS VAN BUREN (SSVSA),ASISTENCIA REMOTA,FINISHED,jecheverria,,,NO_TICKET_REPORTED,1,0,1,0,0,1,,,SN,NA,PLACEHOLDER_VALUE,PLACEHOLDER_REJECTED,HAS_PLACEHOLDERS
878,2020-11-27T13:00:00.000Z,FIELD_BEAT_CLIENT|76.746.730-3|CLÍNICA SANATORIO ALEMÁN (ONCORAD),76.746.730-3,CLÍNICA SANATORIO ALEMÁN (ONCORAD),CORRECTIVA PROGRAMADA,ARCHIVED,,,,NO_TICKET_REPORTED,0,0,0,0,0,0,,,,,,,NO_USED_PARTS
879,2020-11-12T12:00:00.000Z,FIELD_BEAT_CLIENT|96.770.100-9|CLINICA ALEMANA DE SANTIAGO,96.770.100-9,CLINICA ALEMANA DE SANTIAGO,PUESTA EN MARCHA,FINISHED,scarcamo,,,NO_TICKET_REPORTED,0,0,0,0,0,0,,,,,,,NO_USED_PARTS
855,2020-11-16T09:41:00.000Z,FIELD_BEAT_CLIENT|70377400-8|FUNDACION ARTURO LOPEZ PEREZ,70377400-8,FUNDACION ARTURO LOPEZ PEREZ,CORRECTIVA NO PROGRAMADA,FINISHED,rguapache,LINAC-153038,,NO_TICKET_REPORTED,1,0,0,1,0,1,,,1010461,Cab Assy,NO_MATCH,NONE,HAS_UNMATCHED_PARTS
856,2020-11-16T11:15:00.000Z,FIELD_BEAT_CLIENT||INRAD,,INRAD,CORRECTIVA NO PROGRAMADA,FINISHED,rguapache,Linac-201172,,NO_TICKET_REPORTED,0,0,0,0,0,0,,,,,,,NO_USED_PARTS
857,2020-11-17T15:00:00.000Z,FIELD_BEAT_CLIENT|76.746.730-3|CLÍNICA SANATORIO ALEMÁN (ONCORAD),76.746.730-3,CLÍNICA SANATORIO ALEMÁN (ONCORAD),CORRECTIVA NO PROGRAMADA,FINISHED,ebecker,,,NO_TICKET_REPORTED,1,0,0,1,0,1,,,sin número de parte,Seguro Zagers de 10 mm,NO_MATCH,NONE,HAS_UNMATCHED_PARTS
858,2020-11-19T14:50:00.000Z,FIELD_BEAT_CLIENT||CLINICA ALEMANA DE SANTIAGO,,CLINICA ALEMANA DE SANTIAGO,CORRECTIVA NO PROGRAMADA,FINISHED,acorbea,Linac-151673,,NO_TICKET_REPORTED,1,1,0,0,0,0,1010848,11037,1010848,"Mirror Assembly, opt",MATCHED,REF_EXACT,OK
859,2020-11-19T15:15:00.000Z,FIELD_BEAT_CLIENT|96.757.430-9|INRAD,96.757.430-9,INRAD,CORRECTIVA PROGRAMADA,FINISHED,rguapache,Linac-201172,,NO_TICKET_REPORTED,1,1,0,0,0,0,BJ9100.009,11173,BJ9100.009,"Fru, Ion Chamber",MATCHED,REF_EXACT,OK
860,2020-11-19T16:00:00.000Z,FIELD_BEAT_CLIENT|70377400-8|FUNDACION ARTURO LOPEZ PEREZ,70377400-8,FUNDACION ARTURO LOPEZ PEREZ,INSTALACION - INTEGRACION,FINISHED,rcammalleri,APOTECA-PS,,NO_TICKET_REPORTED,0,0,0,0,0,0,,,,,,,NO_USED_PARTS
861,2020-11-19T15:30:00.000Z,FIELD_BEAT_CLIENT|70377400-8|FUNDACION ARTURO LOPEZ PEREZ,70377400-8,FUNDACION ARTURO LOPEZ PEREZ,,ON_ROUTE,jecheverria,APOTECA-CHEMO,,NO_TICKET_REPORTED,0,0,0,0,0,0,,,,,,,NO_USED_PARTS
862,2020-11-19T15:30:00.000Z,FIELD_BEAT_CLIENT|70377400-8|FUNDACION ARTURO LOPEZ PEREZ,70377400-8,FUNDACION ARTURO LOPEZ PEREZ,CORRECTIVA PROGRAMADA,FINISHED,jecheverria,,,NO_TICKET_REPORTED,1,0,1,0,0,1,,,SN,NA,PLACEHOLDER_VALUE,PLACEHOLDER_REJECTED,HAS_PLACEHOLDERS
863,2020-11-21T12:00:00.000Z,FIELD_BEAT_CLIENT|81.698.900-0|UC CHRISTUS - CECA,81.698.900-0,UC CHRISTUS - CECA,CORRECTIVA PROGRAMADA,FINISHED,rguapache,,,NO_TICKET_REPORTED,1,0,1,0,0,1,,,,HDD para NSS,PLACEHOLDER_VALUE,PLACEHOLDER_REJECTED,HAS_PLACEHOLDERS
864,2020-11-21T12:00:00.000Z,FIELD_BEAT_CLIENT||UC CHRISTUS - CECA,,UC CHRISTUS - CECA,CORRECTIVA PROGRAMADA,FINISHED,acorbea,Linac-153935,,NO_TICKET_REPORTED,2,1,0,1,0,2,749796-001,11305,P01366-B21|749796,"HPE 96W Smart storege battery|HPE SMART ARRAY, adtive raid on",NO_MATCH|MATCHED,NONE|REF_LIKE,HAS_UNMATCHED_PARTS
865,2020-11-21T11:30:00.000Z,FIELD_BEAT_CLIENT|70377400-8|FUNDACION ARTURO LOPEZ PEREZ,70377400-8,FUNDACION ARTURO LOPEZ PEREZ,CORRECTIVA PROGRAMADA,FINISHED,scarcamo,LINAC-153038,,NO_TICKET_REPORTED,1,0,0,1,0,1,,,4513 331 8950,Freno X Longitudinal de camilla,NO_MATCH,NONE,HAS_UNMATCHED_PARTS
866,2020-11-21T15:15:00.000Z,FIELD_BEAT_CLIENT|61.606.500-9|HOSPITAL CARLOS VAN BUREN (SSVSA),61.606.500-9,HOSPITAL CARLOS VAN BUREN (SSVSA),ASISTENCIA REMOTA,FINISHED,jecheverria,,,NO_TICKET_REPORTED,1,0,1,0,0,1,,,SN,NA,PLACEHOLDER_VALUE,PLACEHOLDER_REJECTED,HAS_PLACEHOLDERS
867,2020-11-23T17:31:00.000Z,FIELD_BEAT_CLIENT|61.607.901-8|SERVICIO DE SALUD DE MAGALLANES,61.607.901-8,SERVICIO DE SALUD DE MAGALLANES,REQUERIMIENTO DEL CLIENTE,FINISHED,raguila,,,NO_TICKET_REPORTED,1,0,1,0,0,1,,,N/C,"Caja black box (02)
cables de conexiones  (02)
Monitor 22"" (01)
Teclado (01)
Mouse (01)",PLACEHOLDER_VALUE,PLACEHOLDER_REJECTED,HAS_PLACEHOLDERS
868,2020-11-26T11:30:00.000Z,FIELD_BEAT_CLIENT|96.606.750-0|CLÍNICA ALEMANA DE TEMUCO,96.606.750-0,CLÍNICA ALEMANA DE TEMUCO,CORRECTIVA PROGRAMADA,FINISHED,ebecker,Linac-201073,,NO_TICKET_REPORTED,1,0,0,0,1,1,,,"BJ5989.051
4392401101
3627401103","95 mm Flexible RF
R.F. Seal 6268
O-ring 101x75 FPM",AMBIGUOUS_MATCH,REF_LIKE,HAS_AMBIGUOUS_PARTS
869,2020-11-26T16:00:00.000Z,FIELD_BEAT_CLIENT|70377400-8|FUNDACION ARTURO LOPEZ PEREZ,70377400-8,FUNDACION ARTURO LOPEZ PEREZ,INSTALACION - INTEGRACION,FINISHED,rcammalleri,APOTECA-PS,,NO_TICKET_REPORTED,0,0,0,0,0,0,,,,,,,NO_USED_PARTS
870,2020-11-28T11:00:00.000Z,FIELD_BEAT_CLIENT|61.606.500-9|HOSPITAL CARLOS VAN BUREN (SSVSA),61.606.500-9,HOSPITAL CARLOS VAN BUREN (SSVSA),CORRECTIVA PROGRAMADA,FINISHED,jecheverria,,,NO_TICKET_REPORTED,1,0,1,0,0,1,,,SN,NA,PLACEHOLDER_VALUE,PLACEHOLDER_REJECTED,HAS_PLACEHOLDERS
871,2020-11-28T12:00:00.000Z,FIELD_BEAT_CLIENT|81.698.900-0|UC CHRISTUS - CECA,81.698.900-0,UC CHRISTUS - CECA,CORRECTIVA PROGRAMADA,FINISHED,rguapache,Linac-153935,,NO_TICKET_REPORTED,2,1,0,1,0,1,4513341185001U,11682,45133412203 issue 01|4513341185001U,"Sk19 - sk13A - sk3(A,B,C,D)|Cable  Assy, Pl9 to S",NO_MATCH|MATCHED,NONE|REF_EXACT,HAS_UNMATCHED_PARTS
872,2020-11-29T13:30:00.000Z,FIELD_BEAT_CLIENT|96.770.100-9|CLINICA ALEMANA DE SANTIAGO,96.770.100-9,CLINICA ALEMANA DE SANTIAGO,CORRECTIVA NO PROGRAMADA,FINISHED,scarcamo,Linac-151673,,NO_TICKET_REPORTED,1,0,1,0,0,1,,,,Fusible 10A Thyratron Supply,PLACEHOLDER_VALUE,PLACEHOLDER_REJECTED,HAS_PLACEHOLDERS
873,2020-11-30T12:15:00.000Z,FIELD_BEAT_CLIENT|96.770.100-9|CLINICA ALEMANA DE SANTIAGO,96.770.100-9,CLINICA ALEMANA DE SANTIAGO,,ARCHIVED,,Linac-151673,,NO_TICKET_REPORTED,0,0,0,0,0,0,,,,,,,NO_USED_PARTS
874,2020-11-20T15:29:00.000Z,FIELD_BEAT_CLIENT|96.770.100-9|CLINICA ALEMANA DE SANTIAGO,96.770.100-9,CLINICA ALEMANA DE SANTIAGO,PREVENTIVA PROGRAMADA,FINISHED,mreyes,Linac-151673,,NO_TICKET_REPORTED,1,1,0,0,0,0,45133304800,10375,45133304800,Electron Gun.  Número de serie 0247768.,MATCHED,REF_EXACT,OK
875,2020-11-21T15:50:00.000Z,FIELD_BEAT_CLIENT|96.770.100-9|CLINICA ALEMANA DE SANTIAGO,96.770.100-9,CLINICA ALEMANA DE SANTIAGO,CORRECTIVA PROGRAMADA,FINISHED,mreyes,Linac-151673,,NO_TICKET_REPORTED,1,0,0,1,0,1,,,2322 661 53211,Thermistor PTC TH1,NO_MATCH,NONE,HAS_UNMATCHED_PARTS
876,2020-11-27T18:31:00.000Z,FIELD_BEAT_CLIENT|96.770.100-9|CLINICA ALEMANA DE SANTIAGO,96.770.100-9,CLINICA ALEMANA DE SANTIAGO,PREVENTIVA PROGRAMADA,FINISHED,mreyes,Linac-151673,,NO_TICKET_REPORTED,1,0,0,1,0,1,,,No hay.,No hay.,NO_MATCH,NONE,HAS_UNMATCHED_PARTS
877,2020-11-26T13:00:00.000Z,FIELD_BEAT_CLIENT|76.746.730-3|CLÍNICA SANATORIO ALEMÁN (ONCORAD),76.746.730-3,CLÍNICA SANATORIO ALEMÁN (ONCORAD),CORRECTIVA NO PROGRAMADA,ARCHIVED,,,,NO_TICKET_REPORTED,0,0,0,0,0,0,,,,,,,NO_USED_PARTS
880,2020-12-04T11:30:00.000Z,FIELD_BEAT_CLIENT|70377400-8|FUNDACION ARTURO LOPEZ PEREZ,70377400-8,FUNDACION ARTURO LOPEZ PEREZ,PREVENTIVA PROGRAMADA,FINISHED,rcammalleri,APOTECA-CHEMO,,NO_TICKET_REPORTED,1,0,1,0,0,1,,,,Contenedor depósito de líquido de sueros,PLACEHOLDER_VALUE,PLACEHOLDER_REJECTED,HAS_PLACEHOLDERS
881,2020-12-04T11:00:00.000Z,FIELD_BEAT_CLIENT|76.746.730-3|CLÍNICA SANATORIO ALEMÁN (ONCORAD),76.746.730-3,CLÍNICA SANATORIO ALEMÁN (ONCORAD),PREVENTIVA PROGRAMADA,ARCHIVED,,,,NO_TICKET_REPORTED,0,0,0,0,0,0,,,,,,,NO_USED_PARTS
893,2020-12-11T16:30:00.000Z,FIELD_BEAT_CLIENT|70377400-8|FUNDACION ARTURO LOPEZ PEREZ,70377400-8,FUNDACION ARTURO LOPEZ PEREZ,PREVENTIVA PROGRAMADA,ARCHIVED,,,,NO_TICKET_REPORTED,0,0,0,0,0,0,,,,,,,NO_USED_PARTS
895,2020-12-11T22:28:00.000Z,FIELD_BEAT_CLIENT|81.698.900-0|UC CHRISTUS - CECA,81.698.900-0,UC CHRISTUS - CECA,CORRECTIVA NO PROGRAMADA,FINISHED,rguapache,Linac-153935,,NO_TICKET_REPORTED,0,0,0,0,0,0,,,,,,,NO_USED_PARTS
896,2020-12-12T20:00:00.000Z,FIELD_BEAT_CLIENT|70377400-8|FUNDACION ARTURO LOPEZ PEREZ,70377400-8,FUNDACION ARTURO LOPEZ PEREZ,CORRECTIVA PROGRAMADA,FINISHED,acorbea,LINAC-153038,,NO_TICKET_REPORTED,0,0,0,0,0,0,,,,,,,NO_USED_PARTS
897,2020-12-11T21:20:00.000Z,FIELD_BEAT_CLIENT|61.606.500-9|HOSPITAL CARLOS VAN BUREN (SSVSA),61.606.500-9,HOSPITAL CARLOS VAN BUREN (SSVSA),CORRECTIVA PROGRAMADA,FINISHED,jecheverria,,,NO_TICKET_REPORTED,1,0,0,1,0,1,,,1538489 REv 02,PCB Video XVI y PCB DLG's,NO_MATCH,NONE,HAS_UNMATCHED_PARTS
898,2020-12-15T11:00:00.000Z,FIELD_BEAT_CLIENT|70377400-8|FUNDACION ARTURO LOPEZ PEREZ,70377400-8,FUNDACION ARTURO LOPEZ PEREZ,CORRECTIVA NO PROGRAMADA,FINISHED,acorbea,,,NO_TICKET_REPORTED,0,0,0,0,0,0,,,,,,,NO_USED_PARTS
899,2020-12-16T18:00:00.000Z,FIELD_BEAT_CLIENT|70377400-8|FUNDACION ARTURO LOPEZ PEREZ,70377400-8,FUNDACION ARTURO LOPEZ PEREZ,CORRECTIVA NO PROGRAMADA,FINISHED,rcammalleri,APOTECA-PS,,NO_TICKET_REPORTED,0,0,0,0,0,0,,,,,,,NO_USED_PARTS
900,2020-12-18T21:00:00.000Z,FIELD_BEAT_CLIENT||CLINICA ALEMANA DE SANTIAGO,,CLINICA ALEMANA DE SANTIAGO,CORRECTIVA PROGRAMADA,FINISHED,acorbea,Linac-151673,,NO_TICKET_REPORTED,2,2,0,0,0,1,4513316442301M|1022595,10312|11805,45133164423|1022595,2 unidades Water filter|2 Way Water Valve Replacement mod kit,MATCHED,REF_LIKE|REF_EXACT,REVIEW_REQUIRED
901,2020-12-19T11:30:00.000Z,FIELD_BEAT_CLIENT|70377400-8|FUNDACION ARTURO LOPEZ PEREZ,70377400-8,FUNDACION ARTURO LOPEZ PEREZ,CORRECTIVA PROGRAMADA,ARCHIVED,,LINAC-153038,,NO_TICKET_REPORTED,0,0,0,0,0,0,,,,,,,NO_USED_PARTS
902,2020-12-19T11:30:00.000Z,FIELD_BEAT_CLIENT|70377400-8|FUNDACION ARTURO LOPEZ PEREZ,70377400-8,FUNDACION ARTURO LOPEZ PEREZ,CORRECTIVA PROGRAMADA,FINISHED,scarcamo,LINAC-153038,,NO_TICKET_REPORTED,3,3,0,0,0,2,1016474_usado|1534958|1016472_usado,11873|11034|11874,1016474|1534958|1016472,2x DLG Brake Spare|10 x Kit leaf motor screw and nut|2x Diaphragms Brake Spare,MATCHED,REF_LIKE|REF_EXACT,REVIEW_REQUIRED
903,2020-12-21T10:00:00.000Z,FIELD_BEAT_CLIENT|70377400-8|FUNDACION ARTURO LOPEZ PEREZ,70377400-8,FUNDACION ARTURO LOPEZ PEREZ,CORRECTIVA NO PROGRAMADA,FINISHED,acorbea,LINAC-153038,,NO_TICKET_REPORTED,1,0,1,0,0,1,,,,Fusible 10A 250V,PLACEHOLDER_VALUE,PLACEHOLDER_REJECTED,HAS_PLACEHOLDERS
904,2020-12-16T19:00:00.000Z,FIELD_BEAT_CLIENT|76.746.730-3|CLÍNICA SANATORIO ALEMÁN (ONCORAD),76.746.730-3,CLÍNICA SANATORIO ALEMÁN (ONCORAD),CORRECTIVA NO PROGRAMADA,FINISHED,ebecker,,,NO_TICKET_REPORTED,1,0,0,0,1,1,,,"P/N 1015075
P/N 1015076
P/N 8113024252101J","01 cinta SK25AA
01 cints SK25BB
01 leadscrew assembly",AMBIGUOUS_MATCH,REF_LIKE,HAS_AMBIGUOUS_PARTS
882,2020-12-04T11:00:00.000Z,FIELD_BEAT_CLIENT|76.746.730-3|CLÍNICA SANATORIO ALEMÁN (ONCORAD),76.746.730-3,CLÍNICA SANATORIO ALEMÁN (ONCORAD),PREVENTIVA PROGRAMADA,FINISHED,ebecker,,,NO_TICKET_REPORTED,1,0,0,1,0,1,,,Sin número de parte,Sin repuesto,NO_MATCH,NONE,HAS_UNMATCHED_PARTS
883,2020-11-27T13:00:00.000Z,FIELD_BEAT_CLIENT|76.746.730-3|CLÍNICA SANATORIO ALEMÁN (ONCORAD),76.746.730-3,CLÍNICA SANATORIO ALEMÁN (ONCORAD),CORRECTIVA PROGRAMADA,FINISHED,ebecker,,,NO_TICKET_REPORTED,1,0,0,0,1,1,,,"45133909025
4513332644304F","02 Motor Driver Board
06 Motor Assembly",AMBIGUOUS_MATCH,REF_LIKE,HAS_AMBIGUOUS_PARTS
884,2020-12-04T20:00:00.000Z,FIELD_BEAT_CLIENT|81.698.900-0|UC CHRISTUS - CECA,81.698.900-0,UC CHRISTUS - CECA,PREVENTIVA PROGRAMADA,FINISHED,rguapache,Linac-153935,,NO_TICKET_REPORTED,1,1,0,0,0,0,45133502668,10704,45133502668,Spring,MATCHED,REF_EXACT,OK
885,2020-12-05T12:00:00.000Z,FIELD_BEAT_CLIENT|81.698.900-0|UC CHRISTUS - CECA,81.698.900-0,UC CHRISTUS - CECA,CORRECTIVA PROGRAMADA,FINISHED,rguapache,Linac-153935,,NO_TICKET_REPORTED,1,0,0,1,0,1,,,S/P.N.,Cable PL5,NO_MATCH,NONE,HAS_UNMATCHED_PARTS
886,2020-12-05T11:00:00.000Z,FIELD_BEAT_CLIENT|70377400-8|FUNDACION ARTURO LOPEZ PEREZ,70377400-8,FUNDACION ARTURO LOPEZ PEREZ,CORRECTIVA PROGRAMADA,FINISHED,scarcamo,LINAC-153038,,NO_TICKET_REPORTED,1,1,0,0,0,1,4513341220301G,11693,45133412203,Cable SK19 Touchguard para Panel KV,MATCHED,REF_LIKE,REVIEW_REQUIRED
887,2020-12-07T11:00:00.000Z,FIELD_BEAT_CLIENT|96.770.100-9|CLINICA ALEMANA DE SANTIAGO,96.770.100-9,CLINICA ALEMANA DE SANTIAGO,CORRECTIVA NO PROGRAMADA,FINISHED,acorbea,Linac-152171,,NO_TICKET_REPORTED,1,0,1,0,0,1,,,,fusible 10A 32VP,PLACEHOLDER_VALUE,PLACEHOLDER_REJECTED,HAS_PLACEHOLDERS
888,2020-12-07T15:20:00.000Z,FIELD_BEAT_CLIENT|96.770.100-9|CLINICA ALEMANA DE SANTIAGO,96.770.100-9,CLINICA ALEMANA DE SANTIAGO,CORRECTIVA NO PROGRAMADA,FINISHED,rguapache,Linac-151673,,NO_TICKET_REPORTED,0,0,0,0,0,0,,,,,,,NO_USED_PARTS
889,2020-12-03T21:00:00.000Z,FIELD_BEAT_CLIENT|61.606.500-9|HOSPITAL CARLOS VAN BUREN (SSVSA),61.606.500-9,HOSPITAL CARLOS VAN BUREN (SSVSA),CORRECTIVA NO PROGRAMADA,FINISHED,jecheverria,,,NO_TICKET_REPORTED,1,0,1,0,0,1,,,SN,NA,PLACEHOLDER_VALUE,PLACEHOLDER_REJECTED,HAS_PLACEHOLDERS
890,2020-12-09T20:30:00.000Z,FIELD_BEAT_CLIENT|76.746.730-3|CLÍNICA SANATORIO ALEMÁN (ONCORAD),76.746.730-3,CLÍNICA SANATORIO ALEMÁN (ONCORAD),CORRECTIVA NO PROGRAMADA,FINISHED,ebecker,,,NO_TICKET_REPORTED,1,0,0,1,0,1,,,Sin número de parte,Sin repuesto,NO_MATCH,NONE,HAS_UNMATCHED_PARTS
891,2020-12-11T11:30:00.000Z,FIELD_BEAT_CLIENT|79.560.900-8|RADIO NUCLEAR,79.560.900-8,RADIO NUCLEAR,CORRECTIVA PROGRAMADA,FINISHED,rcammalleri,Linac-151238,,NO_TICKET_REPORTED,1,0,1,0,0,1,,,N/A,N/A,PLACEHOLDER_VALUE,PLACEHOLDER_REJECTED,HAS_PLACEHOLDERS
892,2020-12-11T16:30:00.000Z,FIELD_BEAT_CLIENT|70377400-8|FUNDACION ARTURO LOPEZ PEREZ,70377400-8,FUNDACION ARTURO LOPEZ PEREZ,PREVENTIVA PROGRAMADA,ARCHIVED,,,,NO_TICKET_REPORTED,0,0,0,0,0,0,,,,,,,NO_USED_PARTS
894,2020-12-11T19:45:00.000Z,FIELD_BEAT_CLIENT|76.746.730-3|CLÍNICA SANATORIO ALEMÁN (ONCORAD),76.746.730-3,CLÍNICA SANATORIO ALEMÁN (ONCORAD),CORRECTIVA NO PROGRAMADA,FINISHED,ebecker,,,NO_TICKET_REPORTED,1,0,0,1,0,1,,,NO,No,NO_MATCH,NONE,HAS_UNMATCHED_PARTS
905,2020-12-21T12:21:00.000Z,FIELD_BEAT_CLIENT|96.770.100-9|CLINICA ALEMANA DE SANTIAGO,96.770.100-9,CLINICA ALEMANA DE SANTIAGO,PREVENTIVA PROGRAMADA,FINISHED,rguapache,Linac-151673,,NO_TICKET_REPORTED,0,0,0,0,0,0,,,,,,,NO_USED_PARTS
906,2020-12-22T22:00:00.000Z,FIELD_BEAT_CLIENT|70377400-8|FUNDACION ARTURO LOPEZ PEREZ,70377400-8,FUNDACION ARTURO LOPEZ PEREZ,CORRECTIVA PROGRAMADA,FINISHED,scarcamo,LINAC-153038,,NO_TICKET_REPORTED,1,0,1,0,0,1,,,SN,Integrado IC 5V,PLACEHOLDER_VALUE,PLACEHOLDER_REJECTED,HAS_PLACEHOLDERS
907,2020-12-28T12:00:00.000Z,FIELD_BEAT_CLIENT|96.770.100-9|CLINICA ALEMANA DE SANTIAGO,96.770.100-9,CLINICA ALEMANA DE SANTIAGO,CORRECTIVA NO PROGRAMADA,FINISHED,rguapache,Linac-151673,,NO_TICKET_REPORTED,0,0,0,0,0,0,,,,,,,NO_USED_PARTS
908,2020-12-29T20:00:00.000Z,FIELD_BEAT_CLIENT|81.698.900-0|UC CHRISTUS - CECA,81.698.900-0,UC CHRISTUS - CECA,CORRECTIVA NO PROGRAMADA,FINISHED,rguapache,Linac-153935,,NO_TICKET_REPORTED,1,1,0,0,0,0,1016246,10773,1016246,Assy Leafbank Flex Circuit,MATCHED,REF_EXACT,OK
909,2020-12-30T10:00:00.000Z,FIELD_BEAT_CLIENT|96.770.100-9|CLINICA ALEMANA DE SANTIAGO,96.770.100-9,CLINICA ALEMANA DE SANTIAGO,CORRECTIVA NO PROGRAMADA,FINISHED,rguapache,Linac-151673,,NO_TICKET_REPORTED,0,0,0,0,0,0,,,,,,,NO_USED_PARTS
910,2020-12-30T13:45:00.000Z,FIELD_BEAT_CLIENT|76.746.730-3|CLÍNICA SANATORIO ALEMÁN (ONCORAD),76.746.730-3,CLÍNICA SANATORIO ALEMÁN (ONCORAD),REQUERIMIENTO DEL CLIENTE,FINISHED,ebecker,,,NO_TICKET_REPORTED,1,0,1,0,0,1,,,N/C,N/C,PLACEHOLDER_VALUE,PLACEHOLDER_REJECTED,HAS_PLACEHOLDERS
911,2020-12-31T11:20:00.000Z,FIELD_BEAT_CLIENT|61.606.500-9|HOSPITAL CARLOS VAN BUREN (SSVSA),61.606.500-9,HOSPITAL CARLOS VAN BUREN (SSVSA),CORRECTIVA NO PROGRAMADA,FINISHED,jecheverria,,,NO_TICKET_REPORTED,1,0,1,0,0,1,,,SN,fusible 10 amp. 250Volt,PLACEHOLDER_VALUE,PLACEHOLDER_REJECTED,HAS_PLACEHOLDERS
912,2021-01-05T10:15:00.000Z,FIELD_BEAT_CLIENT|81.698.900-0|UC CHRISTUS - CECA,81.698.900-0,UC CHRISTUS - CECA,CORRECTIVA NO PROGRAMADA,FINISHED,acorbea,Linac-153935,,NO_TICKET_REPORTED,0,0,0,0,0,0,,,,,,,NO_USED_PARTS
913,2021-01-06T12:00:00.000Z,FIELD_BEAT_CLIENT|96.770.100-9|CLINICA ALEMANA DE SANTIAGO,96.770.100-9,CLINICA ALEMANA DE SANTIAGO,INSTALACION - INTEGRACION,FINISHED,rcammalleri,TPS-CAS,,NO_TICKET_REPORTED,0,0,0,0,0,0,,,,,,,NO_USED_PARTS
914,2021-01-07T18:45:00.000Z,FIELD_BEAT_CLIENT|76.746.730-3|CLÍNICA SANATORIO ALEMÁN (ONCORAD),76.746.730-3,CLÍNICA SANATORIO ALEMÁN (ONCORAD),CORRECTIVA NO PROGRAMADA,FINISHED,ebecker,,,NO_TICKET_REPORTED,1,0,1,0,0,1,,,No aplica,Limpia Contacto,PLACEHOLDER_VALUE,PLACEHOLDER_REJECTED,HAS_PLACEHOLDERS
915,2021-01-07T18:30:00.000Z,FIELD_BEAT_CLIENT|96.770.100-9|CLINICA ALEMANA DE SANTIAGO,96.770.100-9,CLINICA ALEMANA DE SANTIAGO,CORRECTIVA PROGRAMADA,FINISHED,rguapache,Linac-151673,,NO_TICKET_REPORTED,0,0,0,0,0,0,,,,,,,NO_USED_PARTS
916,2021-01-08T19:45:00.000Z,FIELD_BEAT_CLIENT||CLINICA ALEMANA DE SANTIAGO,,CLINICA ALEMANA DE SANTIAGO,CORRECTIVA PROGRAMADA,FINISHED,rguapache,Linac-151673,,NO_TICKET_REPORTED,0,0,0,0,0,0,,,,,,,NO_USED_PARTS
917,2021-01-11T10:30:00.000Z,FIELD_BEAT_CLIENT|96.770.100-9|CLINICA ALEMANA DE SANTIAGO,96.770.100-9,CLINICA ALEMANA DE SANTIAGO,CORRECTIVA NO PROGRAMADA,FINISHED,rguapache,Linac-151673,,NO_TICKET_REPORTED,0,0,0,0,0,0,,,,,,,NO_USED_PARTS
918,2021-01-11T12:15:00.000Z,FIELD_BEAT_CLIENT|96.770.100-9|CLINICA ALEMANA DE SANTIAGO,96.770.100-9,CLINICA ALEMANA DE SANTIAGO,CORRECTIVA NO PROGRAMADA,FINISHED,rguapache,Linac-152171,,NO_TICKET_REPORTED,0,0,0,0,0,0,,,,,,,NO_USED_PARTS
919,2021-01-13T11:30:00.000Z,FIELD_BEAT_CLIENT|96.606.750-0|CLÍNICA ALEMANA DE TEMUCO,96.606.750-0,CLÍNICA ALEMANA DE TEMUCO,CORRECTIVA NO PROGRAMADA,FINISHED,ebecker,,,NO_TICKET_REPORTED,1,0,0,1,0,1,,,No hay,No hay,NO_MATCH,NONE,HAS_UNMATCHED_PARTS
920,2021-01-14T23:00:00.000Z,FIELD_BEAT_CLIENT|96.606.750-0|CLÍNICA ALEMANA DE TEMUCO,96.606.750-0,CLÍNICA ALEMANA DE TEMUCO,CORRECTIVA NO PROGRAMADA,FINISHED,ebecker,,,NO_TICKET_REPORTED,1,0,0,1,0,1,,,Sin número de parte,Cable alternativo de HT,NO_MATCH,NONE,HAS_UNMATCHED_PARTS
921,2021-01-15T15:00:00.000Z,FIELD_BEAT_CLIENT|70377400-8|FUNDACION ARTURO LOPEZ PEREZ,70377400-8,FUNDACION ARTURO LOPEZ PEREZ,CORRECTIVA NO PROGRAMADA,FINISHED,rcammalleri,APOTECA-PS,,NO_TICKET_REPORTED,0,0,0,0,0,0,,,,,,,NO_USED_PARTS
922,2021-01-15T16:00:00.000Z,FIELD_BEAT_CLIENT|70377400-8|FUNDACION ARTURO LOPEZ PEREZ,70377400-8,FUNDACION ARTURO LOPEZ PEREZ,CORRECTIVA NO PROGRAMADA,FINISHED,rcammalleri,APOTECA-PS,,NO_TICKET_REPORTED,0,0,0,0,0,0,,,,,,,NO_USED_PARTS
923,2021-01-13T21:00:00.000Z,FIELD_BEAT_CLIENT|96.606.750-0|CLÍNICA ALEMANA DE TEMUCO,96.606.750-0,CLÍNICA ALEMANA DE TEMUCO,CORRECTIVA NO PROGRAMADA,FINISHED,ebecker,,,NO_TICKET_REPORTED,1,0,0,1,0,1,,,No Hay,No Hay,NO_MATCH,NONE,HAS_UNMATCHED_PARTS
924,2021-01-15T23:00:00.000Z,FIELD_BEAT_CLIENT|81.698.900-0|UC CHRISTUS - CECA,81.698.900-0,UC CHRISTUS - CECA,CORRECTIVA PROGRAMADA,FINISHED,acorbea,Linac-153935,,NO_TICKET_REPORTED,1,0,0,1,0,1,,,4513390460,Tarjeta de control de IviewGt,NO_MATCH,NONE,HAS_UNMATCHED_PARTS
925,2021-01-15T23:00:00.000Z,FIELD_BEAT_CLIENT|81.698.900-0|UC CHRISTUS - CECA,81.698.900-0,UC CHRISTUS - CECA,CORRECTIVA NO PROGRAMADA,FINISHED,acorbea,Linac-153935,,NO_TICKET_REPORTED,1,0,0,1,0,1,,,4513390560,Tarjeta dd mando Iviewgt,NO_MATCH,NONE,HAS_UNMATCHED_PARTS
926,2021-01-16T11:00:00.000Z,FIELD_BEAT_CLIENT|70377400-8|FUNDACION ARTURO LOPEZ PEREZ,70377400-8,FUNDACION ARTURO LOPEZ PEREZ,PREVENTIVA PROGRAMADA,FINISHED,scarcamo,LINAC-153038,,NO_TICKET_REPORTED,1,0,0,1,0,1,,,1516657,Lesf Motor Drive PCB,NO_MATCH,NONE,HAS_UNMATCHED_PARTS
927,2021-01-18T11:00:00.000Z,FIELD_BEAT_CLIENT|81.698.900-0|UC CHRISTUS - CECA,81.698.900-0,UC CHRISTUS - CECA,CORRECTIVA NO PROGRAMADA,FINISHED,acorbea,Linac-153935,,NO_TICKET_REPORTED,1,0,0,1,0,1,,,1010460,cable assy,NO_MATCH,NONE,HAS_UNMATCHED_PARTS
928,2021-01-18T12:00:00.000Z,FIELD_BEAT_CLIENT|76.746.730-3|CLÍNICA SANATORIO ALEMÁN (ONCORAD),76.746.730-3,CLÍNICA SANATORIO ALEMÁN (ONCORAD),CORRECTIVA NO PROGRAMADA,FINISHED,ebecker,,,NO_TICKET_REPORTED,1,0,0,1,0,1,,,N/U,N/U,NO_MATCH,NONE,HAS_UNMATCHED_PARTS
929,2021-01-21T12:00:00.000Z,FIELD_BEAT_CLIENT|61.605.000-1|INSTITUTO DE SALUD PUBLICA (ISP),61.605.000-1,INSTITUTO DE SALUD PUBLICA (ISP),PREVENTIVA PROGRAMADA,FINISHED,jecheverria,,,NO_TICKET_REPORTED,1,0,1,0,0,1,,,SN,NA,PLACEHOLDER_VALUE,PLACEHOLDER_REJECTED,HAS_PLACEHOLDERS
930,2021-01-21T11:30:00.000Z,FIELD_BEAT_CLIENT|70377400-8|FUNDACION ARTURO LOPEZ PEREZ,70377400-8,FUNDACION ARTURO LOPEZ PEREZ,CORRECTIVA PROGRAMADA,FINISHED,rcammalleri,APOTECA-CHEMO,,NO_TICKET_REPORTED,0,0,0,0,0,0,,,,,,,NO_USED_PARTS
931,2021-01-21T13:30:00.000Z,FIELD_BEAT_CLIENT|70377400-8|FUNDACION ARTURO LOPEZ PEREZ,70377400-8,FUNDACION ARTURO LOPEZ PEREZ,CORRECTIVA PROGRAMADA,FINISHED,rcammalleri,HDR-FT07026,,NO_TICKET_REPORTED,1,0,1,0,0,1,,,,Bateria Litio CR2032,PLACEHOLDER_VALUE,PLACEHOLDER_REJECTED,HAS_PLACEHOLDERS
932,2021-01-21T18:09:00.000Z,FIELD_BEAT_CLIENT|76089058-8|EYG MEDICAL SYSTEMS LTDA.,76089058-8,EYG MEDICAL SYSTEMS LTDA.,ASISTENCIA REMOTA,FINISHED,scarcamo,2286,,NO_TICKET_REPORTED,0,0,0,0,0,0,,,,,,,NO_USED_PARTS
933,2021-01-22T19:15:00.000Z,FIELD_BEAT_CLIENT|96.770.100-9|CLINICA ALEMANA DE SANTIAGO,96.770.100-9,CLINICA ALEMANA DE SANTIAGO,PREVENTIVA PROGRAMADA,ARCHIVED,,Linac-152171,,NO_TICKET_REPORTED,0,0,0,0,0,0,,,,,,,NO_USED_PARTS
934,2021-01-22T19:15:00.000Z,FIELD_BEAT_CLIENT|96.770.100-9|CLINICA ALEMANA DE SANTIAGO,96.770.100-9,CLINICA ALEMANA DE SANTIAGO,PREVENTIVA PROGRAMADA,FINISHED,scarcamo,Linac-152171,,NO_TICKET_REPORTED,0,0,0,0,0,0,,,,,,,NO_USED_PARTS
935,2021-01-25T13:20:00.000Z,FIELD_BEAT_CLIENT|61.607.901-8|SERVICIO DE SALUD DE MAGALLANES,61.607.901-8,SERVICIO DE SALUD DE MAGALLANES,CORRECTIVA NO PROGRAMADA,FINISHED,raguila,,,NO_TICKET_REPORTED,1,0,1,0,0,1,,,N/C,ampolleta Osram  de 12v 75w,PLACEHOLDER_VALUE,PLACEHOLDER_REJECTED,HAS_PLACEHOLDERS
936,2021-01-26T06:15:00.000Z,FIELD_BEAT_CLIENT|61.607.901-8|SERVICIO DE SALUD DE MAGALLANES,61.607.901-8,SERVICIO DE SALUD DE MAGALLANES,CORRECTIVA NO PROGRAMADA,FINISHED,raguila,,,NO_TICKET_REPORTED,1,0,1,0,0,1,,,N/C,N/C,PLACEHOLDER_VALUE,PLACEHOLDER_REJECTED,HAS_PLACEHOLDERS
937,2021-01-25T13:30:00.000Z,FIELD_BEAT_CLIENT|76.746.730-3|CLÍNICA SANATORIO ALEMÁN (ONCORAD),76.746.730-3,CLÍNICA SANATORIO ALEMÁN (ONCORAD),CORRECTIVA NO PROGRAMADA,FINISHED,ebecker,,,NO_TICKET_REPORTED,1,0,0,1,0,1,,,No utilizado,No utilizado,NO_MATCH,NONE,HAS_UNMATCHED_PARTS
938,2021-01-25T13:30:00.000Z,FIELD_BEAT_CLIENT|76.746.730-3|CLÍNICA SANATORIO ALEMÁN (ONCORAD),76.746.730-3,CLÍNICA SANATORIO ALEMÁN (ONCORAD),CORRECTIVA NO PROGRAMADA,FINISHED,ebecker,,,NO_TICKET_REPORTED,1,0,0,1,0,1,,,No utilizado,No utilizado,NO_MATCH,NONE,HAS_UNMATCHED_PARTS
939,2021-01-26T19:00:00.000Z,FIELD_BEAT_CLIENT|76.746.730-3|CLÍNICA SANATORIO ALEMÁN (ONCORAD),76.746.730-3,CLÍNICA SANATORIO ALEMÁN (ONCORAD),CORRECTIVA NO PROGRAMADA,FINISHED,ebecker,,,NO_TICKET_REPORTED,1,0,0,1,0,1,,,N/ utilizado,N/ utilizado,NO_MATCH,NONE,HAS_UNMATCHED_PARTS
940,2021-01-26T21:45:00.000Z,FIELD_BEAT_CLIENT|70377400-8|FUNDACION ARTURO LOPEZ PEREZ,70377400-8,FUNDACION ARTURO LOPEZ PEREZ,CORRECTIVA NO PROGRAMADA,FINISHED,acorbea,LINAC-153038,,NO_TICKET_REPORTED,1,0,1,0,0,1,,,N/A,N/A,PLACEHOLDER_VALUE,PLACEHOLDER_REJECTED,HAS_PLACEHOLDERS
941,2021-01-27T12:31:00.000Z,FIELD_BEAT_CLIENT|96.757.430-9|INRAD,96.757.430-9,INRAD,CORRECTIVA NO PROGRAMADA,FINISHED,rguapache,Linac-201172,,NO_TICKET_REPORTED,0,0,0,0,0,0,,,,,,,NO_USED_PARTS
942,2021-01-27T12:30:00.000Z,FIELD_BEAT_CLIENT|70377400-8|FUNDACION ARTURO LOPEZ PEREZ,70377400-8,FUNDACION ARTURO LOPEZ PEREZ,CORRECTIVA NO PROGRAMADA,FINISHED,scarcamo,LINAC-153038,,NO_TICKET_REPORTED,1,0,1,0,0,1,,,,Conjunto de Potenciometros de Gantry.,PLACEHOLDER_VALUE,PLACEHOLDER_REJECTED,HAS_PLACEHOLDERS
945,2021-01-30T11:00:00.000Z,FIELD_BEAT_CLIENT|61.606.500-9|HOSPITAL CARLOS VAN BUREN (SSVSA),61.606.500-9,HOSPITAL CARLOS VAN BUREN (SSVSA),CORRECTIVA NO PROGRAMADA,FINISHED,jecheverria,,,NO_TICKET_REPORTED,1,0,1,0,0,1,,,NA,NA,PLACEHOLDER_VALUE,PLACEHOLDER_REJECTED,HAS_PLACEHOLDERS
946,2021-02-02T10:00:00.000Z,FIELD_BEAT_CLIENT|96.770.100-9|CLINICA ALEMANA DE SANTIAGO,96.770.100-9,CLINICA ALEMANA DE SANTIAGO,CORRECTIVA PROGRAMADA,FINISHED,acorbea,Linac-151673,,NO_TICKET_REPORTED,1,0,1,0,0,1,,,,Luz Halogena 12V 75W,PLACEHOLDER_VALUE,PLACEHOLDER_REJECTED,HAS_PLACEHOLDERS
947,2021-02-02T12:15:00.000Z,FIELD_BEAT_CLIENT|61.605.000-1|INSTITUTO DE SALUD PUBLICA (ISP),61.605.000-1,INSTITUTO DE SALUD PUBLICA (ISP),CORRECTIVA PROGRAMADA,FINISHED,jecheverria,PANASONIC-ISP,,NO_TICKET_REPORTED,1,0,1,0,0,1,,,NA,NA,PLACEHOLDER_VALUE,PLACEHOLDER_REJECTED,HAS_PLACEHOLDERS
948,2021-02-02T23:00:00.000Z,FIELD_BEAT_CLIENT|81.698.900-0|UC CHRISTUS - CECA,81.698.900-0,UC CHRISTUS - CECA,CORRECTIVA PROGRAMADA,FINISHED,acorbea,Linac-153935,,NO_TICKET_REPORTED,0,0,0,0,0,0,,,,,,,NO_USED_PARTS
949,2021-01-29T14:30:00.000Z,FIELD_BEAT_CLIENT|61.606.500-9|HOSPITAL CARLOS VAN BUREN (SSVSA),61.606.500-9,HOSPITAL CARLOS VAN BUREN (SSVSA),PREVENTIVA PROGRAMADA,FINISHED,jecheverria,,,NO_TICKET_REPORTED,0,0,0,0,0,0,,,,,,,NO_USED_PARTS
950,2021-02-04T14:00:00.000Z,FIELD_BEAT_CLIENT|96.757.430-9|INRAD,96.757.430-9,INRAD,CORRECTIVA PROGRAMADA,FINISHED,scarcamo,Linac-201172,,NO_TICKET_REPORTED,0,0,0,0,0,0,,,,,,,NO_USED_PARTS
962,2021-02-17T13:00:00.000Z,FIELD_BEAT_CLIENT|96.770.100-9|CLINICA ALEMANA DE SANTIAGO,96.770.100-9,CLINICA ALEMANA DE SANTIAGO,CORRECTIVA NO PROGRAMADA,FINISHED,rguapache,Linac-152171,,NO_TICKET_REPORTED,0,0,0,0,0,0,,,,,,,NO_USED_PARTS
963,2021-02-19T15:32:00.000Z,FIELD_BEAT_CLIENT|96.770.100-9|CLINICA ALEMANA DE SANTIAGO,96.770.100-9,CLINICA ALEMANA DE SANTIAGO,CORRECTIVA PROGRAMADA,FINISHED,rguapache,Linac-152171,,NO_TICKET_REPORTED,0,0,0,0,0,0,,,,,,,NO_USED_PARTS
964,2021-02-22T12:30:00.000Z,FIELD_BEAT_CLIENT|96.770.100-9|CLINICA ALEMANA DE SANTIAGO,96.770.100-9,CLINICA ALEMANA DE SANTIAGO,CORRECTIVA NO PROGRAMADA,FINISHED,acorbea,Linac-152171,,NO_TICKET_REPORTED,1,1,0,0,0,0,1541718,11595,1541718,"2 FRU, Pancake motor assembly",MATCHED,REF_EXACT,OK
965,2021-01-29T14:30:00.000Z,FIELD_BEAT_CLIENT|61.606.500-9|HOSPITAL CARLOS VAN BUREN (SSVSA),61.606.500-9,HOSPITAL CARLOS VAN BUREN (SSVSA),PREVENTIVA PROGRAMADA,FINISHED,jecheverria,,,NO_TICKET_REPORTED,0,0,0,0,0,0,,,,,,,NO_USED_PARTS
966,2021-02-22T14:00:00.000Z,FIELD_BEAT_CLIENT|79.560.900-8|RADIO NUCLEAR,79.560.900-8,RADIO NUCLEAR,CORRECTIVA PROGRAMADA,FINISHED,rcammalleri,Linac-151238,,NO_TICKET_REPORTED,0,0,0,0,0,0,,,,,,,NO_USED_PARTS
967,2021-02-25T06:44:00.000Z,FIELD_BEAT_CLIENT|96.757.430-9|INRAD,96.757.430-9,INRAD,CORRECTIVA NO PROGRAMADA,FINISHED,jecheverria,Linac-201172,,NO_TICKET_REPORTED,1,0,1,0,0,1,,,SN,NA,PLACEHOLDER_VALUE,PLACEHOLDER_REJECTED,HAS_PLACEHOLDERS
968,2021-03-02T19:00:00.000Z,FIELD_BEAT_CLIENT|70377400-8|FUNDACION ARTURO LOPEZ PEREZ,70377400-8,FUNDACION ARTURO LOPEZ PEREZ,INSTALACION - INTEGRACION,FINISHED,rcammalleri,APOTECA-PS,,NO_TICKET_REPORTED,0,0,0,0,0,0,,,,,,,NO_USED_PARTS
969,2021-03-04T13:30:00.000Z,FIELD_BEAT_CLIENT|96.606.750-0|CLÍNICA ALEMANA DE TEMUCO,96.606.750-0,CLÍNICA ALEMANA DE TEMUCO,CORRECTIVA PROGRAMADA,FINISHED,ebecker,,,NO_TICKET_REPORTED,1,0,1,0,0,1,,,N/A,N/A,PLACEHOLDER_VALUE,PLACEHOLDER_REJECTED,HAS_PLACEHOLDERS
970,2021-03-04T21:30:00.000Z,FIELD_BEAT_CLIENT|81.698.900-0|UC CHRISTUS - CECA,81.698.900-0,UC CHRISTUS - CECA,CORRECTIVA PROGRAMADA,FINISHED,acorbea,Linac-153935,,NO_TICKET_REPORTED,1,0,1,0,0,1,,,n/a,n/a,PLACEHOLDER_VALUE,PLACEHOLDER_REJECTED,HAS_PLACEHOLDERS
971,2021-03-04T21:30:00.000Z,FIELD_BEAT_CLIENT|81.698.900-0|UC CHRISTUS - CECA,81.698.900-0,UC CHRISTUS - CECA,REQUERIMIENTO DEL CLIENTE,FINISHED,rcammalleri,OIS-UC,,NO_TICKET_REPORTED,0,0,0,0,0,0,,,,,,,NO_USED_PARTS
972,2021-03-05T10:00:00.000Z,FIELD_BEAT_CLIENT|61.606.500-9|HOSPITAL CARLOS VAN BUREN (SSVSA),61.606.500-9,HOSPITAL CARLOS VAN BUREN (SSVSA),CORRECTIVA PROGRAMADA,FINISHED,mreyes,Linac-154325,,NO_TICKET_REPORTED,1,0,0,1,0,1,,,No hay.,No hay.,NO_MATCH,NONE,HAS_UNMATCHED_PARTS
973,2021-03-05T10:00:00.000Z,FIELD_BEAT_CLIENT|61.606.500-9|HOSPITAL CARLOS VAN BUREN (SSVSA),61.606.500-9,HOSPITAL CARLOS VAN BUREN (SSVSA),CORRECTIVA NO PROGRAMADA,FINISHED,mreyes,Linac-154325,,NO_TICKET_REPORTED,1,1,0,0,0,0,821321900352,11061,821321900352,Fusible de reterardo 10 amperios.,MATCHED,REF_EXACT,OK
974,2021-03-05T11:30:00.000Z,FIELD_BEAT_CLIENT|76.746.730-3|CLÍNICA SANATORIO ALEMÁN (ONCORAD),76.746.730-3,CLÍNICA SANATORIO ALEMÁN (ONCORAD),CORRECTIVA NO PROGRAMADA,FINISHED,ebecker,,,NO_TICKET_REPORTED,1,1,0,0,0,1,1018265_proveedor_local,11961,1018265,FRU Z Motor Brush SET (electrocraft),MATCHED,REF_LIKE,REVIEW_REQUIRED
975,2021-03-09T10:30:00.000Z,FIELD_BEAT_CLIENT|70377400-8|FUNDACION ARTURO LOPEZ PEREZ,70377400-8,FUNDACION ARTURO LOPEZ PEREZ,CORRECTIVA NO PROGRAMADA,FINISHED,rguapache,LINAC-153038,,NO_TICKET_REPORTED,1,0,0,0,1,1,,,45133416574,Microswitch Plunger Assembly,AMBIGUOUS_MATCH,REF_NORMALIZED_EXACT,HAS_AMBIGUOUS_PARTS
976,2021-03-09T13:30:00.000Z,FIELD_BEAT_CLIENT|96.757.430-9|INRAD,96.757.430-9,INRAD,CORRECTIVA NO PROGRAMADA,FINISHED,acorbea,Linac-201172,,NO_TICKET_REPORTED,1,0,1,0,0,1,,,n/a,n/a,PLACEHOLDER_VALUE,PLACEHOLDER_REJECTED,HAS_PLACEHOLDERS
977,2021-03-09T16:00:00.000Z,FIELD_BEAT_CLIENT|70377400-8|FUNDACION ARTURO LOPEZ PEREZ,70377400-8,FUNDACION ARTURO LOPEZ PEREZ,CORRECTIVA NO PROGRAMADA,FINISHED,acorbea,APOTECA-CHEMO,,NO_TICKET_REPORTED,0,0,0,0,0,0,,,,,,,NO_USED_PARTS
979,2021-03-08T18:00:00.000Z,FIELD_BEAT_CLIENT|61.606.500-9|HOSPITAL CARLOS VAN BUREN (SSVSA),61.606.500-9,HOSPITAL CARLOS VAN BUREN (SSVSA),CORRECTIVA NO PROGRAMADA,FINISHED,mreyes,Linac-154325,,NO_TICKET_REPORTED,0,0,0,0,0,0,,,,,,,NO_USED_PARTS
980,2021-03-02T13:00:00.000Z,FIELD_BEAT_CLIENT|76.105.383-3|TORRE MÉDICA - RANCAGUA,76.105.383-3,TORRE MÉDICA - RANCAGUA,CORRECTIVA PROGRAMADA,FINISHED,mreyes,Linac-105277,,NO_TICKET_REPORTED,1,0,0,1,0,1,,,No hay.,No hay.,NO_MATCH,NONE,HAS_UNMATCHED_PARTS
981,2021-03-02T14:50:00.000Z,FIELD_BEAT_CLIENT|76.105.383-3|TORRE MÉDICA - RANCAGUA,76.105.383-3,TORRE MÉDICA - RANCAGUA,CORRECTIVA NO PROGRAMADA,FINISHED,mreyes,Linac-105277,,NO_TICKET_REPORTED,1,0,0,1,0,1,,,No hay.,No hay.,NO_MATCH,NONE,HAS_UNMATCHED_PARTS
982,2021-03-10T10:30:00.000Z,FIELD_BEAT_CLIENT|96.770.100-9|CLINICA ALEMANA DE SANTIAGO,96.770.100-9,CLINICA ALEMANA DE SANTIAGO,CORRECTIVA NO PROGRAMADA,FINISHED,acorbea,Linac-152171,,NO_TICKET_REPORTED,1,0,1,0,0,1,,,N/A,Fuse 10A 32V,PLACEHOLDER_VALUE,PLACEHOLDER_REJECTED,HAS_PLACEHOLDERS
983,2021-03-10T14:30:00.000Z,FIELD_BEAT_CLIENT|96.770.100-9|CLINICA ALEMANA DE SANTIAGO,96.770.100-9,CLINICA ALEMANA DE SANTIAGO,CORRECTIVA NO PROGRAMADA,FINISHED,rguapache,Linac-152171,,NO_TICKET_REPORTED,0,0,0,0,0,0,,,,,,,NO_USED_PARTS
984,2021-03-12T14:00:00.000Z,FIELD_BEAT_CLIENT|70377400-8|FUNDACION ARTURO LOPEZ PEREZ,70377400-8,FUNDACION ARTURO LOPEZ PEREZ,REQUERIMIENTO DEL CLIENTE,FINISHED,rcammalleri,APOTECA-CHEMO,,NO_TICKET_REPORTED,0,0,0,0,0,0,,,,,,,NO_USED_PARTS
985,2020-12-29T11:30:00.000Z,FIELD_BEAT_CLIENT|96.606.750-0|CLÍNICA ALEMANA DE TEMUCO,96.606.750-0,CLÍNICA ALEMANA DE TEMUCO,PREVENTIVA PROGRAMADA,FINISHED,ebecker,Linac-201073,,NO_TICKET_REPORTED,1,0,1,0,0,1,,,N/A,N/A,PLACEHOLDER_VALUE,PLACEHOLDER_REJECTED,HAS_PLACEHOLDERS
986,2021-03-12T11:01:00.000Z,FIELD_BEAT_CLIENT|96.757.430-9|INRAD,96.757.430-9,INRAD,PREVENTIVA PROGRAMADA,FINISHED,mreyes,Linac-201172,,NO_TICKET_REPORTED,1,0,0,1,0,1,,,No hay.,Grasa EP2,NO_MATCH,NONE,HAS_UNMATCHED_PARTS
987,2021-03-13T12:00:00.000Z,FIELD_BEAT_CLIENT|81.698.900-0|UC CHRISTUS - CECA,81.698.900-0,UC CHRISTUS - CECA,CORRECTIVA PROGRAMADA,FINISHED,acorbea,Linac-153935,,NO_TICKET_REPORTED,0,0,0,0,0,0,,,,,,,NO_USED_PARTS
988,2021-03-13T13:45:00.000Z,FIELD_BEAT_CLIENT|81.698.900-0|UC CHRISTUS - CECA,81.698.900-0,UC CHRISTUS - CECA,CORRECTIVA PROGRAMADA,FINISHED,acorbea,Linac-153935,,NO_TICKET_REPORTED,0,0,0,0,0,0,,,,,,,NO_USED_PARTS
989,2021-03-12T16:30:00.000Z,FIELD_BEAT_CLIENT|96.770.100-9|CLINICA ALEMANA DE SANTIAGO,96.770.100-9,CLINICA ALEMANA DE SANTIAGO,CORRECTIVA PROGRAMADA,FINISHED,acorbea,Linac-152171,,NO_TICKET_REPORTED,1,0,0,0,1,1,,,"water Valve 1022595
Fru XY drive Unit 45133318440","water Valve - 1
Fru XY drive Unit - 1",AMBIGUOUS_MATCH,REF_LIKE,HAS_AMBIGUOUS_PARTS
990,2021-02-27T17:00:00.000Z,FIELD_BEAT_CLIENT|70377400-8|FUNDACION ARTURO LOPEZ PEREZ,70377400-8,FUNDACION ARTURO LOPEZ PEREZ,INSTALACION - INTEGRACION,ARCHIVED,,LIAC-FALP,,NO_TICKET_REPORTED,1,0,0,1,0,1,,,No hay.,"Caja de control desarrollada por empresa, semáforo y switches.",NO_MATCH,NONE,HAS_UNMATCHED_PARTS
991,2021-02-27T17:00:00.000Z,FIELD_BEAT_CLIENT|70377400-8|FUNDACION ARTURO LOPEZ PEREZ,70377400-8,FUNDACION ARTURO LOPEZ PEREZ,INSTALACION - INTEGRACION,FINISHED,mreyes,LIAC-FALP,,NO_TICKET_REPORTED,1,0,0,1,0,1,,,No hay.,"Caja de control desarrollada por empresa,  semáforo  y switches.",NO_MATCH,NONE,HAS_UNMATCHED_PARTS
992,2021-03-16T11:30:00.000Z,FIELD_BEAT_CLIENT|70377400-8|FUNDACION ARTURO LOPEZ PEREZ,70377400-8,FUNDACION ARTURO LOPEZ PEREZ,CORRECTIVA PROGRAMADA,FINISHED,jecheverria,APOTECA-CHEMO,,NO_TICKET_REPORTED,1,1,0,0,0,0,F153053FV,11825,F153053FV,copla FESTO RACOR RAPIDO ROSC.QSL-3/8-12,MATCHED,REF_EXACT,OK
993,2021-03-17T18:30:00.000Z,FIELD_BEAT_CLIENT|79.560.900-8|RADIO NUCLEAR,79.560.900-8,RADIO NUCLEAR,CORRECTIVA PROGRAMADA,FINISHED,rcammalleri,Linac-151238,,NO_TICKET_REPORTED,0,0,0,0,0,0,,,,,,,NO_USED_PARTS
994,2021-03-20T11:00:00.000Z,FIELD_BEAT_CLIENT|96.770.100-9|CLINICA ALEMANA DE SANTIAGO,96.770.100-9,CLINICA ALEMANA DE SANTIAGO,REQUERIMIENTO DEL CLIENTE,FINISHED,scarcamo,,,NO_TICKET_REPORTED,0,0,0,0,0,0,,,,,,,NO_USED_PARTS
995,2021-03-19T11:00:00.000Z,FIELD_BEAT_CLIENT|70377400-8|FUNDACION ARTURO LOPEZ PEREZ,70377400-8,FUNDACION ARTURO LOPEZ PEREZ,CORRECTIVA PROGRAMADA,ARCHIVED,,,,NO_TICKET_REPORTED,0,0,0,0,0,0,,,,,,,NO_USED_PARTS
996,2021-03-19T11:30:00.000Z,FIELD_BEAT_CLIENT|70377400-8|FUNDACION ARTURO LOPEZ PEREZ,70377400-8,FUNDACION ARTURO LOPEZ PEREZ,CORRECTIVA PROGRAMADA,FINISHED,rguapache,LINAC-153038,,NO_TICKET_REPORTED,4,4,0,0,0,1,45133318440|4513316441202U|45133317157|45133304800,11651|10990|11046|10375,45133318440|45133164412|45133317157|45133304800,"Fru XY Drive Unit(1)|Potentiometer, 20k, 1 turn Fine(1)|timing belt 16T5 DL, 1263mm(1)|ELECTRON GUN ASSY      (1)",MATCHED,REF_EXACT|REF_LIKE,REVIEW_REQUIRED
997,2021-03-19T03:00:00.000Z,FIELD_BEAT_CLIENT|96.770.100-9|CLINICA ALEMANA DE SANTIAGO,96.770.100-9,CLINICA ALEMANA DE SANTIAGO,PREVENTIVA PROGRAMADA,ARCHIVED,,Linac-151673,,NO_TICKET_REPORTED,0,0,0,0,0,0,,,,,,,NO_USED_PARTS
998,2021-03-19T15:00:00.000Z,FIELD_BEAT_CLIENT|96.770.100-9|CLINICA ALEMANA DE SANTIAGO,96.770.100-9,CLINICA ALEMANA DE SANTIAGO,PREVENTIVA PROGRAMADA,FINISHED,scarcamo,Linac-151673,,NO_TICKET_REPORTED,0,0,0,0,0,0,,,,,,,NO_USED_PARTS
999,2021-03-24T13:00:00.000Z,FIELD_BEAT_CLIENT|70377400-8|FUNDACION ARTURO LOPEZ PEREZ,70377400-8,FUNDACION ARTURO LOPEZ PEREZ,PUESTA EN MARCHA,FINISHED,acorbea,LINAC-153038,,NO_TICKET_REPORTED,0,0,0,0,0,0,,,,,,,NO_USED_PARTS
1000,2021-03-25T11:30:00.000Z,FIELD_BEAT_CLIENT|70377400-8|FUNDACION ARTURO LOPEZ PEREZ,70377400-8,FUNDACION ARTURO LOPEZ PEREZ,CORRECTIVA NO PROGRAMADA,FINISHED,rguapache,LINAC-153038,,NO_TICKET_REPORTED,0,0,0,0,0,0,,,,,,,NO_USED_PARTS
1001,2021-03-26T13:00:00.000Z,FIELD_BEAT_CLIENT|70377400-8|FUNDACION ARTURO LOPEZ PEREZ,70377400-8,FUNDACION ARTURO LOPEZ PEREZ,CORRECTIVA NO PROGRAMADA,FINISHED,acorbea,LINAC-153038,,NO_TICKET_REPORTED,0,0,0,0,0,0,,,,,,,NO_USED_PARTS
1002,2021-03-26T15:00:00.000Z,FIELD_BEAT_CLIENT|70377400-8|FUNDACION ARTURO LOPEZ PEREZ,70377400-8,FUNDACION ARTURO LOPEZ PEREZ,REQUERIMIENTO DEL CLIENTE,FINISHED,rcammalleri,APOTECA-CHEMO,,NO_TICKET_REPORTED,0,0,0,0,0,0,,,,,,,NO_USED_PARTS
1003,2021-03-26T22:53:00.000Z,FIELD_BEAT_CLIENT|96.757.430-9|INRAD,96.757.430-9,INRAD,,ARCHIVED,,Linac-201172,,NO_TICKET_REPORTED,0,0,0,0,0,0,,,,,,,NO_USED_PARTS
1004,2021-03-26T15:00:00.000Z,FIELD_BEAT_CLIENT|96.757.430-9|INRAD,96.757.430-9,INRAD,CORRECTIVA PROGRAMADA,FINISHED,rguapache,Linac-201172,,NO_TICKET_REPORTED,4,4,0,0,0,0,BJ4853.222.02|1015076|1015075|BJ4853.223.02,11072|10957|10958|11073,BJ4853.222.02|1015076|1015075|BJ4853.223.02,Cable Assy SK25E|Cable Rectractile SK26B|Cable Retractile SK26A|Cable Assy SK25F,MATCHED,REF_EXACT,OK
1005,2021-03-27T12:00:00.000Z,FIELD_BEAT_CLIENT|81.698.900-0|UC CHRISTUS - CECA,81.698.900-0,UC CHRISTUS - CECA,CORRECTIVA PROGRAMADA,FINISHED,acorbea,Linac-153935,,NO_TICKET_REPORTED,1,0,0,1,0,1,,,"1016474
1538489
1527044","kit, spares, dlg bra (2)
pcb assy, dlg and diaphram drive (1)
programmed pcb assy, router (1)",NO_MATCH,NONE,HAS_UNMATCHED_PARTS
1006,2021-03-27T13:01:00.000Z,FIELD_BEAT_CLIENT|61.606.500-9|HOSPITAL CARLOS VAN BUREN (SSVSA),61.606.500-9,HOSPITAL CARLOS VAN BUREN (SSVSA),CORRECTIVA PROGRAMADA,FINISHED,jecheverria,Linac-154325,,NO_TICKET_REPORTED,1,0,1,0,0,1,,,,Kit de bomba Bluephantom,PLACEHOLDER_VALUE,PLACEHOLDER_REJECTED,HAS_PLACEHOLDERS
1007,2021-03-26T17:00:00.000Z,FIELD_BEAT_CLIENT||Mantención Preventiva Anual Linac HCM,,Mantención Preventiva Anual Linac HCM,PREVENTIVA PROGRAMADA,FINISHED,raguila,,,NO_TICKET_REPORTED,1,0,1,0,0,1,,,N/C,N/C,PLACEHOLDER_VALUE,PLACEHOLDER_REJECTED,HAS_PLACEHOLDERS
1008,2021-03-27T11:00:00.000Z,FIELD_BEAT_CLIENT||Control Dosimetrico Linac HCM,,Control Dosimetrico Linac HCM,PREVENTIVA PROGRAMADA,FINISHED,raguila,,,NO_TICKET_REPORTED,1,0,1,0,0,1,,,N/C,N/C,PLACEHOLDER_VALUE,PLACEHOLDER_REJECTED,HAS_PLACEHOLDERS
1009,2021-03-30T17:30:00.000Z,FIELD_BEAT_CLIENT|70377400-8|FUNDACION ARTURO LOPEZ PEREZ,70377400-8,FUNDACION ARTURO LOPEZ PEREZ,CORRECTIVA NO PROGRAMADA,FINISHED,acorbea,LINAC-153038,,NO_TICKET_REPORTED,1,1,0,0,0,1,45133317815_01,11456,45133317815,csk scr m4 (tornillo)  cant 1,MATCHED,REF_LIKE,REVIEW_REQUIRED
1010,2021-03-31T17:48:00.000Z,FIELD_BEAT_CLIENT|70377400-8|FUNDACION ARTURO LOPEZ PEREZ,70377400-8,FUNDACION ARTURO LOPEZ PEREZ,CORRECTIVA PROGRAMADA,FINISHED,rguapache,HDR-FT07026,,NO_TICKET_REPORTED,0,0,0,0,0,0,,,,,,,NO_USED_PARTS
1011,2021-03-31T22:30:00.000Z,FIELD_BEAT_CLIENT|81.698.900-0|UC CHRISTUS - CECA,81.698.900-0,UC CHRISTUS - CECA,CORRECTIVA NO PROGRAMADA,FINISHED,acorbea,Linac-153935,,NO_TICKET_REPORTED,1,1,0,0,0,1,1016472_usado,11874,1016472,"kit, spares, diaphragm brake  cant(2)",MATCHED,REF_LIKE,REVIEW_REQUIRED
1012,2021-04-01T09:00:00.000Z,FIELD_BEAT_CLIENT|70377400-8|FUNDACION ARTURO LOPEZ PEREZ,70377400-8,FUNDACION ARTURO LOPEZ PEREZ,CORRECTIVA PROGRAMADA,FINISHED,rguapache,LINAC-153038,,NO_TICKET_REPORTED,0,0,0,0,0,0,,,,,,,NO_USED_PARTS
1013,2021-03-31T17:00:00.000Z,FIELD_BEAT_CLIENT|70377400-8|FUNDACION ARTURO LOPEZ PEREZ,70377400-8,FUNDACION ARTURO LOPEZ PEREZ,CORRECTIVA PROGRAMADA,FINISHED,rguapache,HDR-FT07026,,NO_TICKET_REPORTED,0,0,0,0,0,0,,,,,,,NO_USED_PARTS
1014,2021-03-31T17:00:00.000Z,FIELD_BEAT_CLIENT|70377400-8|FUNDACION ARTURO LOPEZ PEREZ,70377400-8,FUNDACION ARTURO LOPEZ PEREZ,CORRECTIVA PROGRAMADA,ARCHIVED,,HDR-FT07026,,NO_TICKET_REPORTED,0,0,0,0,0,0,,,,,,,NO_USED_PARTS
1015,2021-04-01T11:30:00.000Z,FIELD_BEAT_CLIENT|70377400-8|FUNDACION ARTURO LOPEZ PEREZ,70377400-8,FUNDACION ARTURO LOPEZ PEREZ,CORRECTIVA PROGRAMADA,CONTINUED,jecheverria,,,NO_TICKET_REPORTED,0,0,0,0,0,0,,,,,,,NO_USED_PARTS
1016,2021-04-05T17:00:00.000Z,FIELD_BEAT_CLIENT|96.757.430-9|INRAD,96.757.430-9,INRAD,CORRECTIVA NO PROGRAMADA,FINISHED,acorbea,Linac-201172,,NO_TICKET_REPORTED,0,0,0,0,0,0,,,,,,,NO_USED_PARTS
1017,2021-04-08T21:00:00.000Z,FIELD_BEAT_CLIENT|76.746.730-3|CLÍNICA SANATORIO ALEMÁN (ONCORAD),76.746.730-3,CLÍNICA SANATORIO ALEMÁN (ONCORAD),CORRECTIVA NO PROGRAMADA,FINISHED,ebecker,Linac-201110,,NO_TICKET_REPORTED,1,0,0,1,0,1,,,1532432,GUN FILAMENT PSU,NO_MATCH,NONE,HAS_UNMATCHED_PARTS
1018,2021-03-12T12:00:00.000Z,FIELD_BEAT_CLIENT|96.606.750-0|CLÍNICA ALEMANA DE TEMUCO,96.606.750-0,CLÍNICA ALEMANA DE TEMUCO,PREVENTIVA PROGRAMADA,FINISHED,ebecker,Linac-201073,,NO_TICKET_REPORTED,1,0,1,0,0,1,,,N/A,N/A,PLACEHOLDER_VALUE,PLACEHOLDER_REJECTED,HAS_PLACEHOLDERS
1019,2021-04-10T12:00:00.000Z,FIELD_BEAT_CLIENT|70377400-8|FUNDACION ARTURO LOPEZ PEREZ,70377400-8,FUNDACION ARTURO LOPEZ PEREZ,CORRECTIVA PROGRAMADA,FINISHED,rguapache,LINAC-153038,,NO_TICKET_REPORTED,0,0,0,0,0,0,,,,,,,NO_USED_PARTS
1020,2021-04-12T13:00:00.000Z,FIELD_BEAT_CLIENT|70377400-8|FUNDACION ARTURO LOPEZ PEREZ,70377400-8,FUNDACION ARTURO LOPEZ PEREZ,CORRECTIVA PROGRAMADA,FINISHED,jecheverria,APOTECA-CHEMO,,NO_TICKET_REPORTED,1,0,1,0,0,1,,,SN,NA,PLACEHOLDER_VALUE,PLACEHOLDER_REJECTED,HAS_PLACEHOLDERS
1021,2021-04-12T20:30:00.000Z,FIELD_BEAT_CLIENT|61.607.901-8|SERVICIO DE SALUD DE MAGALLANES,61.607.901-8,SERVICIO DE SALUD DE MAGALLANES,CORRECTIVA PROGRAMADA,FINISHED,raguila,,,NO_TICKET_REPORTED,1,0,0,1,0,1,,,Reemplazo por uno similar características perneria.,Perno Hex. 5/8 Grado 8,NO_MATCH,NONE,HAS_UNMATCHED_PARTS
1022,2021-04-13T18:00:00.000Z,FIELD_BEAT_CLIENT|61.608.404-6|Instituto Nacional del Cáncer (INC),61.608.404-6,Instituto Nacional del Cáncer (INC),CORRECTIVA NO PROGRAMADA,FINISHED,ccarrasquel,INC-INFINITY01,,NO_TICKET_REPORTED,0,0,0,0,0,0,,,,,,,NO_USED_PARTS
1023,2021-04-15T13:30:00.000Z,FIELD_BEAT_CLIENT|61.605.000-1|INSTITUTO DE SALUD PUBLICA (ISP),61.605.000-1,INSTITUTO DE SALUD PUBLICA (ISP),PREVENTIVA PROGRAMADA,FINISHED,acorbea,PANASONIC-ISP,,NO_TICKET_REPORTED,0,0,0,0,0,0,,,,,,,NO_USED_PARTS
1024,2021-04-14T16:15:00.000Z,FIELD_BEAT_CLIENT|96.770.100-9|CLINICA ALEMANA DE SANTIAGO,96.770.100-9,CLINICA ALEMANA DE SANTIAGO,CORRECTIVA PROGRAMADA,FINISHED,acorbea,Linac-152171|Linac-151673,,NO_TICKET_REPORTED,0,0,0,0,0,0,,,,,,,NO_USED_PARTS
1025,2021-04-16T12:30:00.000Z,FIELD_BEAT_CLIENT|70377400-8|FUNDACION ARTURO LOPEZ PEREZ,70377400-8,FUNDACION ARTURO LOPEZ PEREZ,CORRECTIVA NO PROGRAMADA,FINISHED,acorbea,LINAC-153038,,NO_TICKET_REPORTED,1,1,0,0,0,0,R1510260,11815,R1510260,Panel de XVi,MATCHED,REF_EXACT,OK
1026,2021-04-17T13:00:00.000Z,FIELD_BEAT_CLIENT|81.698.900-0|UC CHRISTUS - CECA,81.698.900-0,UC CHRISTUS - CECA,CORRECTIVA PROGRAMADA,FINISHED,ccarrasquel,Linac-153935,,NO_TICKET_REPORTED,0,0,0,0,0,0,,,,,,,NO_USED_PARTS
1027,2021-04-19T14:50:00.000Z,FIELD_BEAT_CLIENT|61.605.000-1|INSTITUTO DE SALUD PUBLICA (ISP),61.605.000-1,INSTITUTO DE SALUD PUBLICA (ISP),CORRECTIVA NO PROGRAMADA,FINISHED,acorbea,PANASONIC-ISP,,NO_TICKET_REPORTED,0,0,0,0,0,0,,,,,,,NO_USED_PARTS
1028,2021-04-19T22:36:00.000Z,FIELD_BEAT_CLIENT|81.698.900-0|UC CHRISTUS - CECA,81.698.900-0,UC CHRISTUS - CECA,CORRECTIVA NO PROGRAMADA,FINISHED,rguapache,Linac-153935,,NO_TICKET_REPORTED,0,0,0,0,0,0,,,,,,,NO_USED_PARTS
1029,2021-04-20T13:00:00.000Z,FIELD_BEAT_CLIENT|70377400-8|FUNDACION ARTURO LOPEZ PEREZ,70377400-8,FUNDACION ARTURO LOPEZ PEREZ,CORRECTIVA PROGRAMADA,FINISHED,rcammalleri,APOTECA-CHEMO,,NO_TICKET_REPORTED,1,1,0,0,0,0,128345,12310,128345,Motor de identificación de viales,MATCHED,REF_EXACT,OK
1030,2021-04-21T20:30:00.000Z,FIELD_BEAT_CLIENT|96.770.100-9|CLINICA ALEMANA DE SANTIAGO,96.770.100-9,CLINICA ALEMANA DE SANTIAGO,CORRECTIVA NO PROGRAMADA,FINISHED,rguapache,Linac-151673,,NO_TICKET_REPORTED,0,0,0,0,0,0,,,,,,,NO_USED_PARTS
1032,2021-04-23T17:00:22.428Z,FIELD_BEAT_CLIENT|61.606.500-9|HOSPITAL CARLOS VAN BUREN (SSVSA),61.606.500-9,HOSPITAL CARLOS VAN BUREN (SSVSA),PREVENTIVA PROGRAMADA,FINISHED,jecheverria,Linac-154325,,NO_TICKET_REPORTED,1,0,1,0,0,1,,,,frenos de diafragmas,PLACEHOLDER_VALUE,PLACEHOLDER_REJECTED,HAS_PLACEHOLDERS
1033,2021-04-24T13:00:00.000Z,FIELD_BEAT_CLIENT|96.770.100-9|CLINICA ALEMANA DE SANTIAGO,96.770.100-9,CLINICA ALEMANA DE SANTIAGO,CORRECTIVA PROGRAMADA,FINISHED,rguapache,,,NO_TICKET_REPORTED,0,0,0,0,0,0,,,,,,,NO_USED_PARTS
1034,2021-04-24T12:30:00.000Z,FIELD_BEAT_CLIENT|70377400-8|FUNDACION ARTURO LOPEZ PEREZ,70377400-8,FUNDACION ARTURO LOPEZ PEREZ,CORRECTIVA PROGRAMADA,FINISHED,scarcamo,LINAC-153038,,NO_TICKET_REPORTED,0,0,0,0,0,0,,,,,,,NO_USED_PARTS
1035,2021-04-26T21:30:00.000Z,FIELD_BEAT_CLIENT|96.770.100-9|CLINICA ALEMANA DE SANTIAGO,96.770.100-9,CLINICA ALEMANA DE SANTIAGO,CORRECTIVA NO PROGRAMADA,FINISHED,rguapache,Linac-152171,,NO_TICKET_REPORTED,0,0,0,0,0,0,,,,,,,NO_USED_PARTS
1036,2021-04-26T22:00:00.000Z,FIELD_BEAT_CLIENT|96.770.100-9|CLINICA ALEMANA DE SANTIAGO,96.770.100-9,CLINICA ALEMANA DE SANTIAGO,CORRECTIVA NO PROGRAMADA,FINISHED,rguapache,Linac-151673,,NO_TICKET_REPORTED,0,0,0,0,0,0,,,,,,,NO_USED_PARTS
1037,2021-04-27T12:30:00.000Z,FIELD_BEAT_CLIENT|70377400-8|FUNDACION ARTURO LOPEZ PEREZ,70377400-8,FUNDACION ARTURO LOPEZ PEREZ,REQUERIMIENTO DEL CLIENTE,FINISHED,rcammalleri,APOTECA-PS,,NO_TICKET_REPORTED,0,0,0,0,0,0,,,,,,,NO_USED_PARTS
1038,2021-04-26T22:00:00.000Z,FIELD_BEAT_CLIENT|76.746.730-3|CLÍNICA SANATORIO ALEMÁN (ONCORAD),76.746.730-3,CLÍNICA SANATORIO ALEMÁN (ONCORAD),CORRECTIVA NO PROGRAMADA,FINISHED,ebecker,Linac-201110,,NO_TICKET_REPORTED,1,0,1,0,0,1,,,N/A,N/A,PLACEHOLDER_VALUE,PLACEHOLDER_REJECTED,HAS_PLACEHOLDERS
1039,2021-04-29T11:45:00.000Z,FIELD_BEAT_CLIENT|61.606.500-9|HOSPITAL CARLOS VAN BUREN (SSVSA),61.606.500-9,HOSPITAL CARLOS VAN BUREN (SSVSA),ASISTENCIA REMOTA,FINISHED,jecheverria,Linac-154325,,NO_TICKET_REPORTED,1,0,1,0,0,1,,,NA,NA,PLACEHOLDER_VALUE,PLACEHOLDER_REJECTED,HAS_PLACEHOLDERS
1040,2021-04-29T18:00:00.000Z,FIELD_BEAT_CLIENT|76.746.730-3|CLÍNICA SANATORIO ALEMÁN (ONCORAD),76.746.730-3,CLÍNICA SANATORIO ALEMÁN (ONCORAD),PREVENTIVA PROGRAMADA,FINISHED,ebecker,Linac-201110,,NO_TICKET_REPORTED,1,0,1,0,0,1,,,N/A,N/A,PLACEHOLDER_VALUE,PLACEHOLDER_REJECTED,HAS_PLACEHOLDERS
1041,2021-05-03T12:30:00.000Z,FIELD_BEAT_CLIENT|96.757.430-9|INRAD,96.757.430-9,INRAD,CORRECTIVA NO PROGRAMADA,ARCHIVED,,Linac-201172,,NO_TICKET_REPORTED,0,0,0,0,0,0,,,,,,,NO_USED_PARTS
1042,2021-05-03T16:47:00.000Z,FIELD_BEAT_CLIENT|96.770.100-9|CLINICA ALEMANA DE SANTIAGO,96.770.100-9,CLINICA ALEMANA DE SANTIAGO,CORRECTIVA NO PROGRAMADA,FINISHED,rguapache,Linac-152171,,NO_TICKET_REPORTED,0,0,0,0,0,0,,,,,,,NO_USED_PARTS
1043,2021-05-03T15:50:00.000Z,FIELD_BEAT_CLIENT|70377400-8|FUNDACION ARTURO LOPEZ PEREZ,70377400-8,FUNDACION ARTURO LOPEZ PEREZ,CORRECTIVA NO PROGRAMADA,STARTED,jecheverria,LINAC-153038,,NO_TICKET_REPORTED,0,0,0,0,0,0,,,,,,,NO_USED_PARTS
1044,2021-05-04T12:30:00.000Z,FIELD_BEAT_CLIENT|70377400-8|FUNDACION ARTURO LOPEZ PEREZ,70377400-8,FUNDACION ARTURO LOPEZ PEREZ,,FINISHED,acorbea,LINAC-153038,,NO_TICKET_REPORTED,0,0,0,0,0,0,,,,,,,NO_USED_PARTS
1045,2021-05-04T12:30:00.000Z,FIELD_BEAT_CLIENT|96.757.430-9|INRAD,96.757.430-9,INRAD,CORRECTIVA PROGRAMADA,ARCHIVED,,,,NO_TICKET_REPORTED,0,0,0,0,0,0,,,,,,,NO_USED_PARTS
1046,2021-05-04T12:29:00.000Z,FIELD_BEAT_CLIENT|96.757.430-9|INRAD,96.757.430-9,INRAD,CORRECTIVA PROGRAMADA,ARCHIVED,,,,NO_TICKET_REPORTED,0,0,0,0,0,0,,,,,,,NO_USED_PARTS
1047,2021-05-04T12:29:00.000Z,FIELD_BEAT_CLIENT|96.757.430-9|INRAD,96.757.430-9,INRAD,CORRECTIVA PROGRAMADA,ARCHIVED,,,,NO_TICKET_REPORTED,0,0,0,0,0,0,,,,,,,NO_USED_PARTS
1048,2021-05-04T12:30:00.000Z,FIELD_BEAT_CLIENT|96.757.430-9|INRAD,96.757.430-9,INRAD,CORRECTIVA PROGRAMADA,FINISHED,mreyes,Linac-201172,,NO_TICKET_REPORTED,1,0,0,1,0,1,,,No hay.,No hay.,NO_MATCH,NONE,HAS_UNMATCHED_PARTS
1049,2021-05-04T12:30:00.000Z,FIELD_BEAT_CLIENT|96.757.430-9|INRAD,96.757.430-9,INRAD,CORRECTIVA PROGRAMADA,ARCHIVED,,Linac-201172,,NO_TICKET_REPORTED,0,0,0,0,0,0,,,,,,,NO_USED_PARTS
1050,2021-05-04T12:30:00.000Z,FIELD_BEAT_CLIENT|96.757.430-9|INRAD,96.757.430-9,INRAD,CORRECTIVA PROGRAMADA,FINISHED,mreyes,Linac-201172,,NO_TICKET_REPORTED,1,1,0,0,0,0,923931518204,11448,9239 315 18204,Projector halogen bulb,MATCHED,REF_NORMALIZED_EXACT,OK
1051,2021-05-04T12:30:00.000Z,FIELD_BEAT_CLIENT|96.757.430-9|INRAD,96.757.430-9,INRAD,CORRECTIVA PROGRAMADA,FINISHED,mreyes,Linac-201172,,NO_TICKET_REPORTED,1,1,0,0,0,0,BJ6219.001.02,11310,BJ6219.001.02,Arm brake cable-A.,MATCHED,REF_EXACT,OK
1052,2021-05-04T12:30:00.000Z,FIELD_BEAT_CLIENT|96.757.430-9|INRAD,96.757.430-9,INRAD,CORRECTIVA PROGRAMADA,FINISHED,mreyes,Linac-201172,,NO_TICKET_REPORTED,1,0,0,1,0,1,,,No hay.,No hay,NO_MATCH,NONE,HAS_UNMATCHED_PARTS
1053,2021-05-03T11:00:00.000Z,FIELD_BEAT_CLIENT|70377400-8|FUNDACION ARTURO LOPEZ PEREZ,70377400-8,FUNDACION ARTURO LOPEZ PEREZ,CORRECTIVA PROGRAMADA,ARCHIVED,,LINAC-153038,,NO_TICKET_REPORTED,0,0,0,0,0,0,,,,,,,NO_USED_PARTS
1054,2021-05-07T12:29:00.000Z,FIELD_BEAT_CLIENT|81.698.900-0|UC CHRISTUS - CECA,81.698.900-0,UC CHRISTUS - CECA,CORRECTIVA PROGRAMADA,FINISHED,jecheverria,Linac-153935,,NO_TICKET_REPORTED,1,0,0,1,0,1,,,MG6070E SERIE: 21051168,Magnetron,NO_MATCH,NONE,HAS_UNMATCHED_PARTS
1055,2021-05-07T11:00:00.000Z,FIELD_BEAT_CLIENT|81.698.900-0|UC CHRISTUS - CECA,81.698.900-0,UC CHRISTUS - CECA,PREVENTIVA PROGRAMADA,FINISHED,ccarrasquel,Linac-153935,,NO_TICKET_REPORTED,1,1,0,0,0,1,4513316442301M,10312,45133164423,filter element (x2),MATCHED,REF_LIKE,REVIEW_REQUIRED
1056,2021-05-11T18:00:00.000Z,FIELD_BEAT_CLIENT|79.560.900-8|RADIO NUCLEAR,79.560.900-8,RADIO NUCLEAR,CORRECTIVA PROGRAMADA,FINISHED,acorbea,Linac-151238,,NO_TICKET_REPORTED,0,0,0,0,0,0,,,,,,,NO_USED_PARTS
1057,2021-05-11T20:30:00.000Z,FIELD_BEAT_CLIENT|96.770.100-9|CLINICA ALEMANA DE SANTIAGO,96.770.100-9,CLINICA ALEMANA DE SANTIAGO,CORRECTIVA PROGRAMADA,FINISHED,rguapache,Linac-151673,,NO_TICKET_REPORTED,0,0,0,0,0,0,,,,,,,NO_USED_PARTS
1058,2021-05-12T12:00:00.000Z,FIELD_BEAT_CLIENT|96.770.100-9|CLINICA ALEMANA DE SANTIAGO,96.770.100-9,CLINICA ALEMANA DE SANTIAGO,CORRECTIVA NO PROGRAMADA,FINISHED,rguapache,Linac-152171,,NO_TICKET_REPORTED,1,0,1,0,0,1,,,,Fusible 10A/32Vp,PLACEHOLDER_VALUE,PLACEHOLDER_REJECTED,HAS_PLACEHOLDERS
1059,2021-05-14T16:00:00.000Z,FIELD_BEAT_CLIENT|96.770.100-9|CLINICA ALEMANA DE SANTIAGO,96.770.100-9,CLINICA ALEMANA DE SANTIAGO,CORRECTIVA NO PROGRAMADA,FINISHED,acorbea,Linac-151673,,NO_TICKET_REPORTED,0,0,0,0,0,0,,,,,,,NO_USED_PARTS
1060,2021-05-14T16:00:00.000Z,FIELD_BEAT_CLIENT|96.770.100-9|CLINICA ALEMANA DE SANTIAGO,96.770.100-9,CLINICA ALEMANA DE SANTIAGO,CORRECTIVA NO PROGRAMADA,ARCHIVED,,Linac-151673,,NO_TICKET_REPORTED,0,0,0,0,0,0,,,,,,,NO_USED_PARTS
1061,2021-05-14T23:00:00.000Z,FIELD_BEAT_CLIENT|81.698.900-0|UC CHRISTUS - CECA,81.698.900-0,UC CHRISTUS - CECA,ASISTENCIA REMOTA,FINISHED,rguapache,Linac-153935,,NO_TICKET_REPORTED,0,0,0,0,0,0,,,,,,,NO_USED_PARTS
1062,2021-05-17T13:30:00.000Z,FIELD_BEAT_CLIENT|96.770.100-9|CLINICA ALEMANA DE SANTIAGO,96.770.100-9,CLINICA ALEMANA DE SANTIAGO,REQUERIMIENTO DEL CLIENTE,ARCHIVED,,,,NO_TICKET_REPORTED,0,0,0,0,0,0,,,,,,,NO_USED_PARTS
1063,2021-05-17T13:30:00.000Z,FIELD_BEAT_CLIENT|96.770.100-9|CLINICA ALEMANA DE SANTIAGO,96.770.100-9,CLINICA ALEMANA DE SANTIAGO,PUESTA EN MARCHA,FINISHED,rguapache,,,NO_TICKET_REPORTED,0,0,0,0,0,0,,,,,,,NO_USED_PARTS
1064,2021-05-14T21:00:00.000Z,FIELD_BEAT_CLIENT|61.607.901-8|SERVICIO DE SALUD DE MAGALLANES,61.607.901-8,SERVICIO DE SALUD DE MAGALLANES,CORRECTIVA NO PROGRAMADA,FINISHED,raguila,,,NO_TICKET_REPORTED,1,0,0,1,0,1,,,"81130242521
45133326443","leadscrew Assy
motor assembly",NO_MATCH,NONE,HAS_UNMATCHED_PARTS
1065,2021-05-18T20:30:00.000Z,FIELD_BEAT_CLIENT|61.607.901-8|SERVICIO DE SALUD DE MAGALLANES,61.607.901-8,SERVICIO DE SALUD DE MAGALLANES,CORRECTIVA NO PROGRAMADA,FINISHED,raguila,,,NO_TICKET_REPORTED,1,0,0,1,0,1,,,"45133326443
81130242521","motor assembly
leadscrew assy",NO_MATCH,NONE,HAS_UNMATCHED_PARTS
1066,2021-05-20T11:45:00.000Z,FIELD_BEAT_CLIENT|96.770.100-9|CLINICA ALEMANA DE SANTIAGO,96.770.100-9,CLINICA ALEMANA DE SANTIAGO,CORRECTIVA NO PROGRAMADA,FINISHED,acorbea,Linac-152171,,NO_TICKET_REPORTED,0,0,0,0,0,0,,,,,,,NO_USED_PARTS
1067,2021-05-20T09:00:00.000Z,FIELD_BEAT_CLIENT|81.698.900-0|UC CHRISTUS - CECA,81.698.900-0,UC CHRISTUS - CECA,CORRECTIVA PROGRAMADA,FINISHED,rguapache,OIS-UC,,NO_TICKET_REPORTED,1,0,0,1,0,1,,,XD12038A2HS,4 Ventiladores de 220V/50Hz,NO_MATCH,NONE,HAS_UNMATCHED_PARTS
1068,2021-05-20T21:30:00.000Z,FIELD_BEAT_CLIENT|76.746.730-3|CLÍNICA SANATORIO ALEMÁN (ONCORAD),76.746.730-3,CLÍNICA SANATORIO ALEMÁN (ONCORAD),CORRECTIVA NO PROGRAMADA,FINISHED,ebecker,Linac-201110,,NO_TICKET_REPORTED,1,0,1,0,0,1,,,N/A,N/A,PLACEHOLDER_VALUE,PLACEHOLDER_REJECTED,HAS_PLACEHOLDERS
1069,2021-05-25T00:00:00.000Z,FIELD_BEAT_CLIENT|81.698.900-0|UC CHRISTUS - CECA,81.698.900-0,UC CHRISTUS - CECA,CORRECTIVA NO PROGRAMADA,FINISHED,rguapache,Linac-153935,,NO_TICKET_REPORTED,0,0,0,0,0,0,,,,,,,NO_USED_PARTS
1070,2021-05-25T11:00:00.000Z,FIELD_BEAT_CLIENT|96.770.100-9|CLINICA ALEMANA DE SANTIAGO,96.770.100-9,CLINICA ALEMANA DE SANTIAGO,CORRECTIVA PROGRAMADA,FINISHED,scarcamo,,,NO_TICKET_REPORTED,0,0,0,0,0,0,,,,,,,NO_USED_PARTS
1071,2021-05-25T11:00:00.000Z,FIELD_BEAT_CLIENT|96.770.100-9|CLINICA ALEMANA DE SANTIAGO,96.770.100-9,CLINICA ALEMANA DE SANTIAGO,CORRECTIVA PROGRAMADA,ARCHIVED,,,,NO_TICKET_REPORTED,0,0,0,0,0,0,,,,,,,NO_USED_PARTS
1072,2021-05-28T12:25:00.000Z,FIELD_BEAT_CLIENT|96.770.100-9|CLINICA ALEMANA DE SANTIAGO,96.770.100-9,CLINICA ALEMANA DE SANTIAGO,CORRECTIVA NO PROGRAMADA,FINISHED,acorbea,Linac-151673,,NO_TICKET_REPORTED,0,0,0,0,0,0,,,,,,,NO_USED_PARTS
1073,2021-05-29T12:30:00.000Z,FIELD_BEAT_CLIENT|81.698.900-0|UC CHRISTUS - CECA,81.698.900-0,UC CHRISTUS - CECA,CORRECTIVA PROGRAMADA,FINISHED,scarcamo,Linac-153935,,NO_TICKET_REPORTED,1,1,0,0,0,1,1021309___1564281,10764,1021309,Wedge PCB,MATCHED,REF_LIKE,REVIEW_REQUIRED
1074,2021-05-31T12:00:00.000Z,FIELD_BEAT_CLIENT|96.770.100-9|CLINICA ALEMANA DE SANTIAGO,96.770.100-9,CLINICA ALEMANA DE SANTIAGO,CORRECTIVA NO PROGRAMADA,FINISHED,rguapache,Linac-151673,,NO_TICKET_REPORTED,0,0,0,0,0,0,,,,,,,NO_USED_PARTS
1075,2021-05-26T13:00:00.000Z,FIELD_BEAT_CLIENT|70377400-8|FUNDACION ARTURO LOPEZ PEREZ,70377400-8,FUNDACION ARTURO LOPEZ PEREZ,PREVENTIVA PROGRAMADA,FINISHED,rcammalleri,APOTECA-CHEMO,,NO_TICKET_REPORTED,2,0,2,0,0,2,,,,Filtro principal Canister|Filtro de bomba succión de sueros,PLACEHOLDER_VALUE,PLACEHOLDER_REJECTED,HAS_PLACEHOLDERS
1076,2021-05-28T13:00:00.000Z,FIELD_BEAT_CLIENT|70377400-8|FUNDACION ARTURO LOPEZ PEREZ,70377400-8,FUNDACION ARTURO LOPEZ PEREZ,PREVENTIVA PROGRAMADA,FINISHED,rcammalleri,APOTECA-CHEMO,,NO_TICKET_REPORTED,0,0,0,0,0,0,,,,,,,NO_USED_PARTS
1077,2021-05-31T13:00:00.000Z,FIELD_BEAT_CLIENT|70377400-8|FUNDACION ARTURO LOPEZ PEREZ,70377400-8,FUNDACION ARTURO LOPEZ PEREZ,CORRECTIVA PROGRAMADA,FINISHED,rcammalleri,APOTECA-CHEMO,,NO_TICKET_REPORTED,1,0,0,1,0,1,,,31800000643,Filtro superior DUG B SP 519 H14,NO_MATCH,NONE,HAS_UNMATCHED_PARTS
1078,2021-05-21T04:00:00.000Z,FIELD_BEAT_CLIENT|70377400-8|FUNDACION ARTURO LOPEZ PEREZ,70377400-8,FUNDACION ARTURO LOPEZ PEREZ,PREVENTIVA PROGRAMADA,FINISHED,rguapache,LINAC-153038,,NO_TICKET_REPORTED,4,4,0,0,0,0,1541653|1515098|45133400146|1538261,11855|10374|11837|11854,1541653|1515098|45133400146|1538261,"Drift tube assembly , FRU viton|Gun. Ion pum Spare|Slittless flight tube, service spare kit|FRU Kit, Flight tube drive asssy",MATCHED,REF_EXACT,OK
1079,2021-06-02T12:00:00.000Z,FIELD_BEAT_CLIENT|70377400-8|FUNDACION ARTURO LOPEZ PEREZ,70377400-8,FUNDACION ARTURO LOPEZ PEREZ,CORRECTIVA NO PROGRAMADA,FINISHED,acorbea,LINAC-153038,,NO_TICKET_REPORTED,0,0,0,0,0,0,,,,,,,NO_USED_PARTS
1080,2021-06-02T19:00:00.000Z,FIELD_BEAT_CLIENT|70377400-8|FUNDACION ARTURO LOPEZ PEREZ,70377400-8,FUNDACION ARTURO LOPEZ PEREZ,CORRECTIVA NO PROGRAMADA,FINISHED,acorbea,,,NO_TICKET_REPORTED,0,0,0,0,0,0,,,,,,,NO_USED_PARTS
1081,2021-06-03T13:20:00.000Z,FIELD_BEAT_CLIENT|81.698.900-0|UC CHRISTUS - CECA,81.698.900-0,UC CHRISTUS - CECA,CORRECTIVA NO PROGRAMADA,FINISHED,rguapache,Linac-153935,,NO_TICKET_REPORTED,0,0,0,0,0,0,,,,,,,NO_USED_PARTS
1082,2021-06-04T18:30:00.000Z,FIELD_BEAT_CLIENT|81.698.900-0|UC CHRISTUS - CECA,81.698.900-0,UC CHRISTUS - CECA,CORRECTIVA NO PROGRAMADA,FINISHED,ccarrasquel,Linac-153935,,NO_TICKET_REPORTED,1,1,0,0,0,0,1534958,11034,1534958,kit motor,MATCHED,REF_EXACT,OK
1083,2021-06-05T18:00:00.000Z,FIELD_BEAT_CLIENT|81.698.900-0|UC CHRISTUS - CECA,81.698.900-0,UC CHRISTUS - CECA,CORRECTIVA NO PROGRAMADA,FINISHED,acorbea,Linac-153935,,NO_TICKET_REPORTED,0,0,0,0,0,0,,,,,,,NO_USED_PARTS
1084,2021-06-04T12:15:00.000Z,FIELD_BEAT_CLIENT|61.607.901-8|SERVICIO DE SALUD DE MAGALLANES,61.607.901-8,SERVICIO DE SALUD DE MAGALLANES,CORRECTIVA NO PROGRAMADA,FINISHED,raguila,,,NO_TICKET_REPORTED,1,0,1,0,0,1,,,N/C,N/C,PLACEHOLDER_VALUE,PLACEHOLDER_REJECTED,HAS_PLACEHOLDERS
1085,2021-06-07T19:00:00.000Z,FIELD_BEAT_CLIENT|61.605.000-1|INSTITUTO DE SALUD PUBLICA (ISP),61.605.000-1,INSTITUTO DE SALUD PUBLICA (ISP),CORRECTIVA NO PROGRAMADA,FINISHED,acorbea,PANASONIC-ISP,,NO_TICKET_REPORTED,0,0,0,0,0,0,,,,,,,NO_USED_PARTS
1086,2021-06-08T18:00:00.000Z,FIELD_BEAT_CLIENT|81.698.900-0|UC CHRISTUS - CECA,81.698.900-0,UC CHRISTUS - CECA,CORRECTIVA NO PROGRAMADA,FINISHED,rguapache,Linac-153935,,NO_TICKET_REPORTED,1,0,1,0,0,1,,,,Nuez,PLACEHOLDER_VALUE,PLACEHOLDER_REJECTED,HAS_PLACEHOLDERS
1087,2021-06-08T20:11:00.000Z,FIELD_BEAT_CLIENT|81.698.900-0|UC CHRISTUS - CECA,81.698.900-0,UC CHRISTUS - CECA,CORRECTIVA NO PROGRAMADA,FINISHED,rguapache,Linac-153935,,NO_TICKET_REPORTED,1,1,0,0,0,0,1534958,11034,1534958,"(8) Kit, Spares, Leaf Motors",MATCHED,REF_EXACT,OK
1088,2021-06-10T21:46:19.701Z,FIELD_BEAT_CLIENT||ACME,,ACME,CORRECTIVA NO PROGRAMADA,FINISHED,glopez,,,NO_TICKET_REPORTED,0,0,0,0,0,0,,,,,,,NO_USED_PARTS
1089,2021-06-11T19:57:25.392Z,FIELD_BEAT_CLIENT||ACME,,ACME,CORRECTIVA NO PROGRAMADA,FINISHED,glopez,,,NO_TICKET_REPORTED,0,0,0,0,0,0,,,,,,,NO_USED_PARTS
1090,2021-06-11T20:07:43.544Z,FIELD_BEAT_CLIENT||ACME,,ACME,CORRECTIVA PROGRAMADA,FINISHED,glopez,,,NO_TICKET_REPORTED,1,0,0,1,0,1,,,22222,Repuesto 1,NO_MATCH,NONE,HAS_UNMATCHED_PARTS
1091,2021-06-11T18:00:00.000Z,FIELD_BEAT_CLIENT|70377400-8|FUNDACION ARTURO LOPEZ PEREZ,70377400-8,FUNDACION ARTURO LOPEZ PEREZ,,FINISHED,rcammalleri,APOTECA-CHEMO,,NO_TICKET_REPORTED,0,0,0,0,0,0,,,,,,,NO_USED_PARTS
1092,2021-06-11T18:00:00.000Z,FIELD_BEAT_CLIENT|70377400-8|FUNDACION ARTURO LOPEZ PEREZ,70377400-8,FUNDACION ARTURO LOPEZ PEREZ,REQUERIMIENTO DEL CLIENTE,FINISHED,rcammalleri,APOTECA-CHEMO,,NO_TICKET_REPORTED,0,0,0,0,0,0,,,,,,,NO_USED_PARTS
1093,2021-06-12T14:25:33.727Z,FIELD_BEAT_CLIENT||ACME,,ACME,CORRECTIVA NO PROGRAMADA,FINISHED,glopez,,,NO_TICKET_REPORTED,1,0,0,1,0,1,,,Sin part number,Insumo,NO_MATCH,NONE,HAS_UNMATCHED_PARTS
1094,2021-06-12T14:45:04.816Z,FIELD_BEAT_CLIENT||ACME,,ACME,CORRECTIVA PROGRAMADA,FINISHED,glopez,,,NO_TICKET_REPORTED,1,0,1,0,0,1,,,No aplica,Insumo,PLACEHOLDER_VALUE,PLACEHOLDER_REJECTED,HAS_PLACEHOLDERS
1095,2021-06-11T12:15:00.000Z,FIELD_BEAT_CLIENT|61.607.901-8|SERVICIO DE SALUD DE MAGALLANES,61.607.901-8,SERVICIO DE SALUD DE MAGALLANES,CORRECTIVA NO PROGRAMADA,FINISHED,raguila,,,NO_TICKET_REPORTED,1,0,1,0,0,1,,,n/c,n/C,PLACEHOLDER_VALUE,PLACEHOLDER_REJECTED,HAS_PLACEHOLDERS
1096,2021-06-11T18:30:00.000Z,FIELD_BEAT_CLIENT|61.607.901-8|SERVICIO DE SALUD DE MAGALLANES,61.607.901-8,SERVICIO DE SALUD DE MAGALLANES,CORRECTIVA PROGRAMADA,FINISHED,raguila,,,NO_TICKET_REPORTED,1,0,1,0,0,1,,,N/C,N/C,PLACEHOLDER_VALUE,PLACEHOLDER_REJECTED,HAS_PLACEHOLDERS
1098,2021-06-16T11:30:00.000Z,FIELD_BEAT_CLIENT|96.770.100-9|CLINICA ALEMANA DE SANTIAGO,96.770.100-9,CLINICA ALEMANA DE SANTIAGO,CORRECTIVA NO PROGRAMADA,FINISHED,rguapache,Linac-152171,,NO_TICKET_REPORTED,0,0,0,0,0,0,,,,,,,NO_USED_PARTS
1099,2021-06-19T13:00:00.000Z,FIELD_BEAT_CLIENT|81.698.900-0|UC CHRISTUS - CECA,81.698.900-0,UC CHRISTUS - CECA,CORRECTIVA PROGRAMADA,FINISHED,rguapache,Linac-153935,,NO_TICKET_REPORTED,2,1,0,1,0,2,1500443_02,11164,1533330|1500443,"Fru, Z motor brush Set|LED PCB Rev. 2",NO_MATCH|MATCHED,NONE|REF_LIKE,HAS_UNMATCHED_PARTS
1100,2021-06-19T12:30:00.000Z,FIELD_BEAT_CLIENT|70377400-8|FUNDACION ARTURO LOPEZ PEREZ,70377400-8,FUNDACION ARTURO LOPEZ PEREZ,CORRECTIVA PROGRAMADA,FINISHED,scarcamo,LINAC-153038,,NO_TICKET_REPORTED,1,0,1,0,0,1,,,,"2 x Panqueques, 1 Kit telemetro, 1 DLG PCB, 1 DIE RHB",PLACEHOLDER_VALUE,PLACEHOLDER_REJECTED,HAS_PLACEHOLDERS
1101,2021-06-22T11:30:00.000Z,FIELD_BEAT_CLIENT|96.770.100-9|CLINICA ALEMANA DE SANTIAGO,96.770.100-9,CLINICA ALEMANA DE SANTIAGO,CORRECTIVA NO PROGRAMADA,FINISHED,rguapache,Linac-151673,,NO_TICKET_REPORTED,0,0,0,0,0,0,,,,,,,NO_USED_PARTS
1102,2021-06-22T11:50:00.000Z,FIELD_BEAT_CLIENT|96.770.100-9|CLINICA ALEMANA DE SANTIAGO,96.770.100-9,CLINICA ALEMANA DE SANTIAGO,CORRECTIVA NO PROGRAMADA,FINISHED,rguapache,Linac-152171,,NO_TICKET_REPORTED,0,0,0,0,0,0,,,,,,,NO_USED_PARTS
1103,2021-06-22T16:30:00.000Z,FIELD_BEAT_CLIENT|96.770.100-9|CLINICA ALEMANA DE SANTIAGO,96.770.100-9,CLINICA ALEMANA DE SANTIAGO,CORRECTIVA NO PROGRAMADA,FINISHED,rguapache,Linac-151673,,NO_TICKET_REPORTED,1,0,1,0,0,1,,,,Monitor ViewSonic,PLACEHOLDER_VALUE,PLACEHOLDER_REJECTED,HAS_PLACEHOLDERS
1104,2021-06-23T21:30:00.000Z,FIELD_BEAT_CLIENT|81.698.900-0|UC CHRISTUS - CECA,81.698.900-0,UC CHRISTUS - CECA,CORRECTIVA NO PROGRAMADA,FINISHED,rguapache,Linac-153935,,NO_TICKET_REPORTED,1,0,0,1,0,1,,,1538489,"PCB assy, DLG and Diaphragm Drive",NO_MATCH,NONE,HAS_UNMATCHED_PARTS
1105,2021-06-24T11:30:00.000Z,FIELD_BEAT_CLIENT|76.746.730-3|CLÍNICA SANATORIO ALEMÁN (ONCORAD),76.746.730-3,CLÍNICA SANATORIO ALEMÁN (ONCORAD),CORRECTIVA NO PROGRAMADA,FINISHED,ebecker,Linac-201110,,NO_TICKET_REPORTED,1,0,1,0,0,1,,,N/A,N/A,PLACEHOLDER_VALUE,PLACEHOLDER_REJECTED,HAS_PLACEHOLDERS
1106,2021-06-25T15:00:00.000Z,FIELD_BEAT_CLIENT|96.757.430-9|INRAD,96.757.430-9,INRAD,CORRECTIVA PROGRAMADA,FINISHED,mreyes,Linac-201172,,NO_TICKET_REPORTED,1,1,0,0,0,0,BJ4853.228.01,11851,BJ4853.228.01,Cable X30B-X43,MATCHED,REF_EXACT,OK
1107,2021-06-29T14:00:00.000Z,FIELD_BEAT_CLIENT|70377400-8|FUNDACION ARTURO LOPEZ PEREZ,70377400-8,FUNDACION ARTURO LOPEZ PEREZ,CORRECTIVA NO PROGRAMADA,FINISHED,rcammalleri,APOTECA-CHEMO,,NO_TICKET_REPORTED,0,0,0,0,0,0,,,,,,,NO_USED_PARTS
1108,2021-06-29T13:00:00.000Z,FIELD_BEAT_CLIENT|61.606.500-9|HOSPITAL CARLOS VAN BUREN (SSVSA),61.606.500-9,HOSPITAL CARLOS VAN BUREN (SSVSA),CORRECTIVA NO PROGRAMADA,FINISHED,mreyes,Linac-154325,,NO_TICKET_REPORTED,1,1,0,0,0,0,45133904034,10399,45133904034,PCB Assy motor therm,MATCHED,REF_EXACT,OK
1109,2021-06-30T13:30:00.000Z,FIELD_BEAT_CLIENT|76.105.383-3|TORRE MÉDICA - RANCAGUA,76.105.383-3,TORRE MÉDICA - RANCAGUA,CORRECTIVA PROGRAMADA,FINISHED,rguapache,Linac-105277,,NO_TICKET_REPORTED,0,0,0,0,0,0,,,,,,,NO_USED_PARTS
1110,2021-07-02T01:05:00.000Z,FIELD_BEAT_CLIENT|70377400-8|FUNDACION ARTURO LOPEZ PEREZ,70377400-8,FUNDACION ARTURO LOPEZ PEREZ,,ARCHIVED,,LINAC-153038,,NO_TICKET_REPORTED,0,0,0,0,0,0,,,,,,,NO_USED_PARTS
1111,2021-07-01T12:30:00.000Z,FIELD_BEAT_CLIENT|70377400-8|FUNDACION ARTURO LOPEZ PEREZ,70377400-8,FUNDACION ARTURO LOPEZ PEREZ,CORRECTIVA PROGRAMADA,FINISHED,ccarrasquel,LINAC-153038,,NO_TICKET_REPORTED,1,1,0,0,0,0,1014474,11677,1014474,cable assy sw1/sw2,MATCHED,REF_EXACT,OK
1112,2021-07-02T15:00:00.000Z,FIELD_BEAT_CLIENT|70377400-8|FUNDACION ARTURO LOPEZ PEREZ,70377400-8,FUNDACION ARTURO LOPEZ PEREZ,CORRECTIVA PROGRAMADA,FINISHED,rcammalleri,APOTECA-CHEMO,,NO_TICKET_REPORTED,0,0,0,0,0,0,,,,,,,NO_USED_PARTS
1113,2021-07-02T18:00:00.000Z,FIELD_BEAT_CLIENT|70377400-8|FUNDACION ARTURO LOPEZ PEREZ,70377400-8,FUNDACION ARTURO LOPEZ PEREZ,REQUERIMIENTO DEL CLIENTE,FINISHED,rcammalleri,APOTECA-CHEMO,,NO_TICKET_REPORTED,1,0,1,0,0,1,,,,Tapete antiresbalante de identificación,PLACEHOLDER_VALUE,PLACEHOLDER_REJECTED,HAS_PLACEHOLDERS
1114,2021-07-03T22:32:00.000Z,FIELD_BEAT_CLIENT|61.606.500-9|HOSPITAL CARLOS VAN BUREN (SSVSA),61.606.500-9,HOSPITAL CARLOS VAN BUREN (SSVSA),CORRECTIVA PROGRAMADA,FINISHED,jecheverria,,,NO_TICKET_REPORTED,0,0,0,0,0,0,,,,,,,NO_USED_PARTS
1115,2021-07-06T16:00:00.000Z,FIELD_BEAT_CLIENT|96.770.100-9|CLINICA ALEMANA DE SANTIAGO,96.770.100-9,CLINICA ALEMANA DE SANTIAGO,CORRECTIVA NO PROGRAMADA,ARCHIVED,,Linac-152171,,NO_TICKET_REPORTED,0,0,0,0,0,0,,,,,,,NO_USED_PARTS
1116,2021-07-06T16:00:00.000Z,FIELD_BEAT_CLIENT|96.770.100-9|CLINICA ALEMANA DE SANTIAGO,96.770.100-9,CLINICA ALEMANA DE SANTIAGO,CORRECTIVA NO PROGRAMADA,FINISHED,acorbea,Linac-152171,,NO_TICKET_REPORTED,0,0,0,0,0,0,,,,,,,NO_USED_PARTS
1117,2021-07-06T18:12:10.650Z,FIELD_BEAT_CLIENT||ACME,,ACME,CORRECTIVA NO PROGRAMADA,ARCHIVED,,,,NO_TICKET_REPORTED,0,0,0,0,0,0,,,,,,,NO_USED_PARTS
1118,2021-07-09T19:30:00.000Z,FIELD_BEAT_CLIENT|61.607.901-8|SERVICIO DE SALUD DE MAGALLANES,61.607.901-8,SERVICIO DE SALUD DE MAGALLANES,PREVENTIVA PROGRAMADA,FINISHED,raguila,,,NO_TICKET_REPORTED,1,0,1,0,0,1,,,N/C,"Grasa EP-2, limpia contacto, wd-40",PLACEHOLDER_VALUE,PLACEHOLDER_REJECTED,HAS_PLACEHOLDERS
1119,2021-07-12T11:30:00.000Z,FIELD_BEAT_CLIENT|96.770.100-9|CLINICA ALEMANA DE SANTIAGO,96.770.100-9,CLINICA ALEMANA DE SANTIAGO,,ARCHIVED,,Linac-151673,,NO_TICKET_REPORTED,0,0,0,0,0,0,,,,,,,NO_USED_PARTS
1120,2021-07-12T11:30:00.000Z,FIELD_BEAT_CLIENT|96.770.100-9|CLINICA ALEMANA DE SANTIAGO,96.770.100-9,CLINICA ALEMANA DE SANTIAGO,CORRECTIVA NO PROGRAMADA,FINISHED,rguapache,Linac-151673,,NO_TICKET_REPORTED,0,0,0,0,0,0,,,,,,,NO_USED_PARTS
1121,2021-07-02T14:00:00.000Z,FIELD_BEAT_CLIENT|76.105.383-3|TORRE MÉDICA - RANCAGUA,76.105.383-3,TORRE MÉDICA - RANCAGUA,CORRECTIVA PROGRAMADA,ARCHIVED,,Linac-105277,,NO_TICKET_REPORTED,1,0,0,1,0,1,,,No hsy,No hay,NO_MATCH,NONE,HAS_UNMATCHED_PARTS
1122,2021-07-02T14:00:00.000Z,FIELD_BEAT_CLIENT|76.105.383-3|TORRE MÉDICA - RANCAGUA,76.105.383-3,TORRE MÉDICA - RANCAGUA,CORRECTIVA PROGRAMADA,FINISHED,mreyes,Linac-105277,,NO_TICKET_REPORTED,1,0,0,1,0,1,,,No hay,No hay,NO_MATCH,NONE,HAS_UNMATCHED_PARTS
1123,2021-07-15T13:30:00.000Z,FIELD_BEAT_CLIENT|61.605.000-1|INSTITUTO DE SALUD PUBLICA (ISP),61.605.000-1,INSTITUTO DE SALUD PUBLICA (ISP),CORRECTIVA PROGRAMADA,ARCHIVED,,PANASONIC-ISP,,NO_TICKET_REPORTED,0,0,0,0,0,0,,,,,,,NO_USED_PARTS
1124,2021-07-15T13:30:00.000Z,FIELD_BEAT_CLIENT|61.605.000-1|INSTITUTO DE SALUD PUBLICA (ISP),61.605.000-1,INSTITUTO DE SALUD PUBLICA (ISP),PREVENTIVA PROGRAMADA,FINISHED,acorbea,PANASONIC-ISP,,NO_TICKET_REPORTED,0,0,0,0,0,0,,,,,,,NO_USED_PARTS
1125,2021-07-15T13:30:00.000Z,FIELD_BEAT_CLIENT|61.605.000-1|INSTITUTO DE SALUD PUBLICA (ISP),61.605.000-1,INSTITUTO DE SALUD PUBLICA (ISP),PREVENTIVA PROGRAMADA,FINISHED,acorbea,PANASONIC-ISP,,NO_TICKET_REPORTED,0,0,0,0,0,0,,,,,,,NO_USED_PARTS
1126,2021-05-17T19:50:00.000Z,FIELD_BEAT_CLIENT|61.606.500-9|HOSPITAL CARLOS VAN BUREN (SSVSA),61.606.500-9,HOSPITAL CARLOS VAN BUREN (SSVSA),CORRECTIVA NO PROGRAMADA,FINISHED,jecheverria,,,NO_TICKET_REPORTED,1,0,0,0,1,1,,,"1006860
1538361
45133400146","Dos Bombas Ionicas
Un Drift Tube 
un Fly Tube
sellos de Drift Tube",AMBIGUOUS_MATCH,REF_LIKE,HAS_AMBIGUOUS_PARTS
1127,2021-07-19T11:30:00.000Z,FIELD_BEAT_CLIENT|96.770.100-9|CLINICA ALEMANA DE SANTIAGO,96.770.100-9,CLINICA ALEMANA DE SANTIAGO,CORRECTIVA NO PROGRAMADA,FINISHED,varenas,Linac-151673,,NO_TICKET_REPORTED,1,1,0,0,0,1,1006737_usado,12071,1006737,pcb sib,MATCHED,REF_LIKE,REVIEW_REQUIRED
1128,2021-07-22T16:00:00.000Z,FIELD_BEAT_CLIENT|96.770.100-9|CLINICA ALEMANA DE SANTIAGO,96.770.100-9,CLINICA ALEMANA DE SANTIAGO,CORRECTIVA NO PROGRAMADA,FINISHED,rguapache,Linac-152171,,NO_TICKET_REPORTED,0,0,0,0,0,0,,,,,,,NO_USED_PARTS
1129,2021-07-22T22:30:00.000Z,FIELD_BEAT_CLIENT|70377400-8|FUNDACION ARTURO LOPEZ PEREZ,70377400-8,FUNDACION ARTURO LOPEZ PEREZ,REQUERIMIENTO DEL CLIENTE,FINISHED,rguapache,LINAC-153038,,NO_TICKET_REPORTED,0,0,0,0,0,0,,,,,,,NO_USED_PARTS
1130,2021-07-13T12:30:00.000Z,FIELD_BEAT_CLIENT|96.606.750-0|CLÍNICA ALEMANA DE TEMUCO,96.606.750-0,CLÍNICA ALEMANA DE TEMUCO,CORRECTIVA NO PROGRAMADA,FINISHED,ebecker,Linac-201073,,NO_TICKET_REPORTED,1,0,0,0,1,1,,,"45133354085
1008461
45133908044
1015459
1013485","Mother board
Control Processor PCB
Serial link Isolation PCB
Linac Interface PCB
Cable Sata",AMBIGUOUS_MATCH,REF_LIKE,HAS_AMBIGUOUS_PARTS
1131,2021-07-23T13:00:00.000Z,FIELD_BEAT_CLIENT|96.606.750-0|CLÍNICA ALEMANA DE TEMUCO,96.606.750-0,CLÍNICA ALEMANA DE TEMUCO,PREVENTIVA PROGRAMADA,FINISHED,ebecker,Linac-201073,,NO_TICKET_REPORTED,1,0,1,0,0,1,,,N/A,N/A,PLACEHOLDER_VALUE,PLACEHOLDER_REJECTED,HAS_PLACEHOLDERS
1132,2021-07-24T12:15:00.000Z,FIELD_BEAT_CLIENT|70377400-8|FUNDACION ARTURO LOPEZ PEREZ,70377400-8,FUNDACION ARTURO LOPEZ PEREZ,CORRECTIVA NO PROGRAMADA,FINISHED,acorbea,LINAC-153038,,NO_TICKET_REPORTED,2,2,0,0,0,1,1016474_usado|1534958,11873|11034,1016474|1534958,2 dlg brake|Leaf Motor,MATCHED,REF_LIKE|REF_EXACT,REVIEW_REQUIRED
1133,2021-07-24T12:00:00.000Z,FIELD_BEAT_CLIENT|81.698.900-0|UC CHRISTUS - CECA,81.698.900-0,UC CHRISTUS - CECA,CORRECTIVA PROGRAMADA,FINISHED,rguapache,Linac-153935,,NO_TICKET_REPORTED,6,3,0,2,1,3,1016641|1018559|1531145,10762|10724|11145,1016641|1015075 / 1015076|1018559|CR2032|1023830|1531145,"ASSY, ACCESORY PCB & BRACKET|(2) CABLE RETRACTILE SK25A Y SK25B|(2) ASSY, BRACKET & FAN|(2) Pilas|Assembly, 160MLC PSU, UR SOLUTION|ASSY, FAN 70X70X15MM",MATCHED|AMBIGUOUS_MATCH|NO_MATCH,REF_EXACT|REF_LIKE|NONE,HAS_AMBIGUOUS_PARTS
1134,2021-07-26T13:17:52.964Z,FIELD_BEAT_CLIENT||ACME,,ACME,CORRECTIVA PROGRAMADA,ARCHIVED,,,,NO_TICKET_REPORTED,0,0,0,0,0,0,,,,,,,NO_USED_PARTS
1135,2021-07-26T13:32:14.236Z,FIELD_BEAT_CLIENT||ACME,,ACME,ASISTENCIA REMOTA,ARCHIVED,,,,NO_TICKET_REPORTED,0,0,0,0,0,0,,,,,,,NO_USED_PARTS
1136,2021-07-26T13:35:38.403Z,FIELD_BEAT_CLIENT||ACME,,ACME,ASISTENCIA REMOTA,ARCHIVED,,,,NO_TICKET_REPORTED,0,0,0,0,0,0,,,,,,,NO_USED_PARTS
1137,2021-07-26T13:38:54.971Z,FIELD_BEAT_CLIENT||ACME,,ACME,ASISTENCIA REMOTA,ARCHIVED,,,,NO_TICKET_REPORTED,0,0,0,0,0,0,,,,,,,NO_USED_PARTS
1138,2021-07-29T11:30:00.000Z,FIELD_BEAT_CLIENT|96.770.100-9|CLINICA ALEMANA DE SANTIAGO,96.770.100-9,CLINICA ALEMANA DE SANTIAGO,CORRECTIVA PROGRAMADA,FINISHED,ccarrasquel,Linac-151673,,NO_TICKET_REPORTED,0,0,0,0,0,0,,,,,,,NO_USED_PARTS
1139,2021-07-29T14:12:00.000Z,FIELD_BEAT_CLIENT|76.105.383-3|TORRE MÉDICA - RANCAGUA,76.105.383-3,TORRE MÉDICA - RANCAGUA,,FINISHED,acorbea,Linac-105277,,NO_TICKET_REPORTED,0,0,0,0,0,0,,,,,,,NO_USED_PARTS
1140,2021-07-29T01:00:00.000Z,FIELD_BEAT_CLIENT|81.698.900-0|UC CHRISTUS - CECA,81.698.900-0,UC CHRISTUS - CECA,CORRECTIVA NO PROGRAMADA,FINISHED,rguapache,Linac-153935,,NO_TICKET_REPORTED,0,0,0,0,0,0,,,,,,,NO_USED_PARTS
1141,2021-07-31T13:00:00.000Z,FIELD_BEAT_CLIENT|70377400-8|FUNDACION ARTURO LOPEZ PEREZ,70377400-8,FUNDACION ARTURO LOPEZ PEREZ,CORRECTIVA PROGRAMADA,FINISHED,rguapache,LINAC-153038,,NO_TICKET_REPORTED,3,2,0,1,0,2,45133307890|1016474_usado,10423|11873,45133307890|EL469506|1016474,IPCU|Framegrabber for Iview|(2) DLG Brake,MATCHED|NO_MATCH,REF_EXACT|NONE|REF_LIKE,HAS_UNMATCHED_PARTS
1142,2021-08-02T13:45:00.000Z,FIELD_BEAT_CLIENT|96.757.430-9|INRAD,96.757.430-9,INRAD,CORRECTIVA PROGRAMADA,FINISHED,jecheverria,,,NO_TICKET_REPORTED,1,0,1,0,0,1,,,NA,NA,PLACEHOLDER_VALUE,PLACEHOLDER_REJECTED,HAS_PLACEHOLDERS
1143,2021-08-02T14:00:00.000Z,FIELD_BEAT_CLIENT|76.746.730-3|CLÍNICA SANATORIO ALEMÁN (ONCORAD),76.746.730-3,CLÍNICA SANATORIO ALEMÁN (ONCORAD),CORRECTIVA NO PROGRAMADA,FINISHED,ebecker,Linac-201110,,NO_TICKET_REPORTED,1,1,0,0,0,1,4513316441202U,10990,45133164412,Potenciómetro single turn 66575-ZUP-203,MATCHED,REF_LIKE,REVIEW_REQUIRED
1144,2021-08-03T19:30:00.000Z,FIELD_BEAT_CLIENT|70377400-8|FUNDACION ARTURO LOPEZ PEREZ,70377400-8,FUNDACION ARTURO LOPEZ PEREZ,CORRECTIVA NO PROGRAMADA,FINISHED,ccarrasquel,LINAC-153038,,NO_TICKET_REPORTED,0,0,0,0,0,0,,,,,,,NO_USED_PARTS
1145,2021-08-05T16:25:00.000Z,FIELD_BEAT_CLIENT|61.608.404-6|Instituto Nacional del Cáncer (INC),61.608.404-6,Instituto Nacional del Cáncer (INC),ASISTENCIA REMOTA,FINISHED,ccarrasquel,INC-INFINITY01,,NO_TICKET_REPORTED,0,0,0,0,0,0,,,,,,,NO_USED_PARTS
1146,2021-08-05T16:40:00.000Z,FIELD_BEAT_CLIENT|61.608.404-6|Instituto Nacional del Cáncer (INC),61.608.404-6,Instituto Nacional del Cáncer (INC),CORRECTIVA PROGRAMADA,FINISHED,ccarrasquel,LAP-Laser-INC,,NO_TICKET_REPORTED,1,0,0,1,0,1,,,numero de parte del repuesto,nombre del repuesto usado,NO_MATCH,NONE,HAS_UNMATCHED_PARTS
1147,2021-08-05T19:00:00.000Z,FIELD_BEAT_CLIENT|70377400-8|FUNDACION ARTURO LOPEZ PEREZ,70377400-8,FUNDACION ARTURO LOPEZ PEREZ,CORRECTIVA NO PROGRAMADA,FINISHED,acorbea,LINAC-153038,,NO_TICKET_REPORTED,0,0,0,0,0,0,,,,,,,NO_USED_PARTS
1148,2021-08-05T19:00:00.000Z,FIELD_BEAT_CLIENT|70377400-8|FUNDACION ARTURO LOPEZ PEREZ,70377400-8,FUNDACION ARTURO LOPEZ PEREZ,CORRECTIVA NO PROGRAMADA,ARCHIVED,,LINAC-153038,,NO_TICKET_REPORTED,0,0,0,0,0,0,,,,,,,NO_USED_PARTS
1149,2021-08-06T11:00:00.000Z,FIELD_BEAT_CLIENT|96.770.100-9|CLINICA ALEMANA DE SANTIAGO,96.770.100-9,CLINICA ALEMANA DE SANTIAGO,CORRECTIVA PROGRAMADA,FINISHED,rguapache,Linac-151673,,NO_TICKET_REPORTED,1,1,0,0,0,0,1014474,11677,1014474,CABLE ASSY SW1/SW2,MATCHED,REF_EXACT,OK
1150,2021-08-06T12:00:00.000Z,FIELD_BEAT_CLIENT|96.770.100-9|CLINICA ALEMANA DE SANTIAGO,96.770.100-9,CLINICA ALEMANA DE SANTIAGO,CORRECTIVA NO PROGRAMADA,FINISHED,rguapache,Linac-152171,,NO_TICKET_REPORTED,0,0,0,0,0,0,,,,,,,NO_USED_PARTS
1151,2021-08-06T12:47:00.000Z,FIELD_BEAT_CLIENT|96.770.100-9|CLINICA ALEMANA DE SANTIAGO,96.770.100-9,CLINICA ALEMANA DE SANTIAGO,REQUERIMIENTO DEL CLIENTE,FINISHED,varenas,,,NO_TICKET_REPORTED,0,0,0,0,0,0,,,,,,,NO_USED_PARTS
1152,2021-08-06T21:00:05.083Z,FIELD_BEAT_CLIENT|96.770.100-9|CLINICA ALEMANA DE SANTIAGO,96.770.100-9,CLINICA ALEMANA DE SANTIAGO,PREVENTIVA PROGRAMADA,ARCHIVED,,Linac-151673,,NO_TICKET_REPORTED,0,0,0,0,0,0,,,,,,,NO_USED_PARTS
1153,2021-08-06T17:00:32.889Z,FIELD_BEAT_CLIENT|61.606.500-9|HOSPITAL CARLOS VAN BUREN (SSVSA),61.606.500-9,HOSPITAL CARLOS VAN BUREN (SSVSA),PREVENTIVA PROGRAMADA,FINISHED,jecheverria,Linac-154325,,NO_TICKET_REPORTED,1,1,0,0,0,0,1502613,10994,1502613,telemetro laser,MATCHED,REF_EXACT,OK
1154,2021-08-07T12:30:00.000Z,FIELD_BEAT_CLIENT|81.698.900-0|UC CHRISTUS - CECA,81.698.900-0,UC CHRISTUS - CECA,PREVENTIVA PROGRAMADA,FINISHED,ccarrasquel,Linac-153935,,NO_TICKET_REPORTED,0,0,0,0,0,0,,,,,,,NO_USED_PARTS
1155,2021-08-06T15:00:00.000Z,FIELD_BEAT_CLIENT|96.770.100-9|CLINICA ALEMANA DE SANTIAGO,96.770.100-9,CLINICA ALEMANA DE SANTIAGO,CORRECTIVA NO PROGRAMADA,FINISHED,acorbea,Linac-152171,,NO_TICKET_REPORTED,0,0,0,0,0,0,,,,,,,NO_USED_PARTS
1156,2021-08-06T14:00:00.000Z,FIELD_BEAT_CLIENT|96.770.100-9|CLINICA ALEMANA DE SANTIAGO,96.770.100-9,CLINICA ALEMANA DE SANTIAGO,CORRECTIVA NO PROGRAMADA,ARCHIVED,,Linac-151673,,NO_TICKET_REPORTED,0,0,0,0,0,0,,,,,,,NO_USED_PARTS
1157,2021-08-06T14:00:00.000Z,FIELD_BEAT_CLIENT|96.770.100-9|CLINICA ALEMANA DE SANTIAGO,96.770.100-9,CLINICA ALEMANA DE SANTIAGO,CORRECTIVA NO PROGRAMADA,FINISHED,rguapache,Linac-151673,,NO_TICKET_REPORTED,0,0,0,0,0,0,,,,,,,NO_USED_PARTS
1158,2021-08-06T17:15:00.000Z,FIELD_BEAT_CLIENT|61.606.500-9|HOSPITAL CARLOS VAN BUREN (SSVSA),61.606.500-9,HOSPITAL CARLOS VAN BUREN (SSVSA),PREVENTIVA PROGRAMADA,FINISHED,mreyes,Linac-154325,,NO_TICKET_REPORTED,1,0,0,1,0,1,,,No hay,"Grasa EP2, aceite liviano.",NO_MATCH,NONE,HAS_UNMATCHED_PARTS
1159,2021-08-06T21:00:00.000Z,FIELD_BEAT_CLIENT|61.606.500-9|HOSPITAL CARLOS VAN BUREN (SSVSA),61.606.500-9,HOSPITAL CARLOS VAN BUREN (SSVSA),REQUERIMIENTO DEL CLIENTE,FINISHED,mreyes,Linac-154325,,NO_TICKET_REPORTED,1,0,1,0,0,1,,,,"Grasa EP2, paños de limpieza.",PLACEHOLDER_VALUE,PLACEHOLDER_REJECTED,HAS_PLACEHOLDERS
1160,2021-08-03T15:00:00.000Z,FIELD_BEAT_CLIENT|76.105.383-3|TORRE MÉDICA - RANCAGUA,76.105.383-3,TORRE MÉDICA - RANCAGUA,CORRECTIVA PROGRAMADA,ON_ROUTE,mreyes,Linac-105277,,NO_TICKET_REPORTED,0,0,0,0,0,0,,,,,,,NO_USED_PARTS
1161,2021-08-03T15:00:00.000Z,FIELD_BEAT_CLIENT|76.105.383-3|TORRE MÉDICA - RANCAGUA,76.105.383-3,TORRE MÉDICA - RANCAGUA,CORRECTIVA PROGRAMADA,FINISHED,mreyes,Linac-105277,,NO_TICKET_REPORTED,1,1,0,0,0,1,1018874,11757,Diode 1018874.,2 diodos de Rf. Thyratron usada.   PCB SIB usada.,MATCHED,REF_LIKE,REVIEW_REQUIRED
1162,2021-08-10T21:00:00.000Z,FIELD_BEAT_CLIENT|70377400-8|FUNDACION ARTURO LOPEZ PEREZ,70377400-8,FUNDACION ARTURO LOPEZ PEREZ,CORRECTIVA NO PROGRAMADA,FINISHED,acorbea,LINAC-153038,,NO_TICKET_REPORTED,0,0,0,0,0,0,,,,,,,NO_USED_PARTS
1163,2021-08-09T16:00:00.000Z,FIELD_BEAT_CLIENT|76.105.383-3|TORRE MÉDICA - RANCAGUA,76.105.383-3,TORRE MÉDICA - RANCAGUA,CORRECTIVA NO PROGRAMADA,FINISHED,mreyes,Linac-105277,,NO_TICKET_REPORTED,1,0,0,1,0,1,,,MG6363.,Magnetron usado.,NO_MATCH,NONE,HAS_UNMATCHED_PARTS
1164,2021-08-11T20:09:00.000Z,FIELD_BEAT_CLIENT|79.560.900-8|RADIO NUCLEAR,79.560.900-8,RADIO NUCLEAR,CORRECTIVA PROGRAMADA,FINISHED,ccarrasquel,Linac-151238,,NO_TICKET_REPORTED,0,0,0,0,0,0,,,,,,,NO_USED_PARTS
1165,2021-08-13T14:00:00.000Z,FIELD_BEAT_CLIENT|61.608.404-6|Instituto Nacional del Cáncer (INC),61.608.404-6,Instituto Nacional del Cáncer (INC),PREVENTIVA PROGRAMADA,FINISHED,scarcamo,INC-INFINITY01,,NO_TICKET_REPORTED,0,0,0,0,0,0,,,,,,,NO_USED_PARTS
1166,2021-08-13T21:15:00.000Z,FIELD_BEAT_CLIENT|96.770.100-9|CLINICA ALEMANA DE SANTIAGO,96.770.100-9,CLINICA ALEMANA DE SANTIAGO,PREVENTIVA PROGRAMADA,FINISHED,acorbea,Linac-151673,,NO_TICKET_REPORTED,0,0,0,0,0,0,,,,,,,NO_USED_PARTS
1167,2021-08-13T12:30:00.000Z,FIELD_BEAT_CLIENT|70377400-8|FUNDACION ARTURO LOPEZ PEREZ,70377400-8,FUNDACION ARTURO LOPEZ PEREZ,CORRECTIVA PROGRAMADA,FINISHED,rcammalleri,APOTECA-CHEMO,,NO_TICKET_REPORTED,1,1,0,0,0,0,128284,11849,128284,Cable Profibus de Motor Jeringa,MATCHED,REF_EXACT,OK
1168,2021-08-17T19:30:00.000Z,FIELD_BEAT_CLIENT|79.560.900-8|RADIO NUCLEAR,79.560.900-8,RADIO NUCLEAR,CORRECTIVA NO PROGRAMADA,FINISHED,rguapache,Linac-151238,,NO_TICKET_REPORTED,0,0,0,0,0,0,,,,,,,NO_USED_PARTS
1169,2021-08-18T21:00:00.000Z,FIELD_BEAT_CLIENT|96.770.100-9|CLINICA ALEMANA DE SANTIAGO,96.770.100-9,CLINICA ALEMANA DE SANTIAGO,CORRECTIVA PROGRAMADA,FINISHED,acorbea,Linac-152171|Linac-151673,,NO_TICKET_REPORTED,2,1,0,1,0,2,1016474_usado,11873,1538489|1016474,"Sur: Pcb assy, dlg and diaphragm drive cant 1|Nor: Kit, spares, dlg brake cant:2",NO_MATCH|MATCHED,NONE|REF_LIKE,HAS_UNMATCHED_PARTS
1170,2021-08-21T12:30:00.000Z,FIELD_BEAT_CLIENT|81.698.900-0|UC CHRISTUS - CECA,81.698.900-0,UC CHRISTUS - CECA,CORRECTIVA PROGRAMADA,FINISHED,rguapache,Linac-153935,,NO_TICKET_REPORTED,2,1,0,1,0,2,1016474_usado,11873,1016474|1020890,(2) DLG Brakes|Motor Drive PSU Assy,MATCHED|NO_MATCH,REF_LIKE|NONE,HAS_UNMATCHED_PARTS
1171,2021-08-26T14:00:00.000Z,FIELD_BEAT_CLIENT|96.757.430-9|INRAD,96.757.430-9,INRAD,CORRECTIVA PROGRAMADA,FINISHED,ccarrasquel,Linac-201172,,NO_TICKET_REPORTED,0,0,0,0,0,0,,,,,,,NO_USED_PARTS
1172,2021-08-27T12:30:00.000Z,FIELD_BEAT_CLIENT|70377400-8|FUNDACION ARTURO LOPEZ PEREZ,70377400-8,FUNDACION ARTURO LOPEZ PEREZ,CORRECTIVA PROGRAMADA,FINISHED,rcammalleri,APOTECA-CHEMO,,NO_TICKET_REPORTED,0,0,0,0,0,0,,,,,,,NO_USED_PARTS
1173,2021-08-27T23:00:00.000Z,FIELD_BEAT_CLIENT|70377400-8|FUNDACION ARTURO LOPEZ PEREZ,70377400-8,FUNDACION ARTURO LOPEZ PEREZ,CORRECTIVA PROGRAMADA,FINISHED,rguapache,LINAC-153038,,NO_TICKET_REPORTED,2,0,2,0,0,2,,,,"(1) Diaphragms Brake|(2) Leaf Motor, Kit",PLACEHOLDER_VALUE,PLACEHOLDER_REJECTED,HAS_PLACEHOLDERS
1174,2021-09-01T11:00:00.000Z,FIELD_BEAT_CLIENT|61.608.404-6|Instituto Nacional del Cáncer (INC),61.608.404-6,Instituto Nacional del Cáncer (INC),INSTALACION - INTEGRACION,FINISHED,varenas,INC-INFINITY01,,NO_TICKET_REPORTED,1,0,1,0,0,1,,,,kits upgrade monaco 5.51.10,PLACEHOLDER_VALUE,PLACEHOLDER_REJECTED,HAS_PLACEHOLDERS
1175,2021-09-01T11:00:00.000Z,FIELD_BEAT_CLIENT|61.608.404-6|Instituto Nacional del Cáncer (INC),61.608.404-6,Instituto Nacional del Cáncer (INC),INSTALACION - INTEGRACION,ARCHIVED,,INC-INFINITY01,,NO_TICKET_REPORTED,0,0,0,0,0,0,,,,,,,NO_USED_PARTS
1176,2021-09-01T11:00:00.000Z,FIELD_BEAT_CLIENT|61.608.404-6|Instituto Nacional del Cáncer (INC),61.608.404-6,Instituto Nacional del Cáncer (INC),INSTALACION - INTEGRACION,FINISHED,rcammalleri,INC-INFINITY01,,NO_TICKET_REPORTED,1,0,1,0,0,1,,,N/A,Mónaco 5.51.10 upgrade kit,PLACEHOLDER_VALUE,PLACEHOLDER_REJECTED,HAS_PLACEHOLDERS
1177,2021-09-02T14:30:00.000Z,FIELD_BEAT_CLIENT|76.746.730-3|CLÍNICA SANATORIO ALEMÁN (ONCORAD),76.746.730-3,CLÍNICA SANATORIO ALEMÁN (ONCORAD),CORRECTIVA NO PROGRAMADA,FINISHED,ebecker,Linac-201110,,NO_TICKET_REPORTED,1,0,0,1,0,1,,,S/N Parte.,CARBONES PARA MOTOR,NO_MATCH,NONE,HAS_UNMATCHED_PARTS
1178,2021-09-03T14:00:00.000Z,FIELD_BEAT_CLIENT|61.608.404-6|Instituto Nacional del Cáncer (INC),61.608.404-6,Instituto Nacional del Cáncer (INC),PREVENTIVA PROGRAMADA,FINISHED,mreyes,INC-INFINITY01,,NO_TICKET_REPORTED,1,0,0,1,0,1,,,No hay,"Grasa EP2, Paños de limpieza.",NO_MATCH,NONE,HAS_UNMATCHED_PARTS
1179,2021-09-03T21:00:00.000Z,FIELD_BEAT_CLIENT|96.770.100-9|CLINICA ALEMANA DE SANTIAGO,96.770.100-9,CLINICA ALEMANA DE SANTIAGO,CORRECTIVA PROGRAMADA,FINISHED,scarcamo,Linac-152171|Linac-151673,,NO_TICKET_REPORTED,1,0,0,1,0,1,,,1540453,BMDM Upgrade KIT,NO_MATCH,NONE,HAS_UNMATCHED_PARTS
1181,2021-09-03T15:00:00.000Z,FIELD_BEAT_CLIENT|61.607.901-8|SERVICIO DE SALUD DE MAGALLANES,61.607.901-8,SERVICIO DE SALUD DE MAGALLANES,PREVENTIVA PROGRAMADA,FINISHED,raguila,,,NO_TICKET_REPORTED,1,0,0,0,1,1,,,"4513 332 6475
4513 332 644304
1015075
1015076
81130242521
4513 331 7881
4513 331 8864
4513 331 6442301","nut: 04
motor assembly: 04
cable retráctil sk26A: 01
cable retráctil sk26B: 01
tornillo leadscrew: 04
pot fine: 02
pot checo and coarse: 08
filtro de Agua: 02
grasa EP2
wd-40
Aire comprimido.",AMBIGUOUS_MATCH,REF_LIKE,HAS_AMBIGUOUS_PARTS
1182,2021-09-06T15:30:00.000Z,FIELD_BEAT_CLIENT|61.607.901-8|SERVICIO DE SALUD DE MAGALLANES,61.607.901-8,SERVICIO DE SALUD DE MAGALLANES,CORRECTIVA NO PROGRAMADA,FINISHED,raguila,,,NO_TICKET_REPORTED,1,0,1,0,0,1,,,N/C,N/C,PLACEHOLDER_VALUE,PLACEHOLDER_REJECTED,HAS_PLACEHOLDERS
1183,2021-09-07T20:00:00.000Z,FIELD_BEAT_CLIENT|76.746.730-3|CLÍNICA SANATORIO ALEMÁN (ONCORAD),76.746.730-3,CLÍNICA SANATORIO ALEMÁN (ONCORAD),CORRECTIVA NO PROGRAMADA,FINISHED,ebecker,Linac-201110,,NO_TICKET_REPORTED,1,0,0,1,0,1,,,No,No,NO_MATCH,NONE,HAS_UNMATCHED_PARTS
1184,2021-09-08T12:00:00.000Z,FIELD_BEAT_CLIENT|70377400-8|FUNDACION ARTURO LOPEZ PEREZ,70377400-8,FUNDACION ARTURO LOPEZ PEREZ,PREVENTIVA PROGRAMADA,FINISHED,mreyes,,,NO_TICKET_REPORTED,1,0,0,1,0,1,,,No hay,Grasa Ep2.,NO_MATCH,NONE,HAS_UNMATCHED_PARTS
1185,2021-09-09T19:45:00.000Z,FIELD_BEAT_CLIENT|96.770.100-9|CLINICA ALEMANA DE SANTIAGO,96.770.100-9,CLINICA ALEMANA DE SANTIAGO,CORRECTIVA NO PROGRAMADA,FINISHED,rguapache,Linac-151673,,NO_TICKET_REPORTED,0,0,0,0,0,0,,,,,,,NO_USED_PARTS
1186,2021-09-09T13:30:00.000Z,FIELD_BEAT_CLIENT|79.560.900-8|RADIO NUCLEAR,79.560.900-8,RADIO NUCLEAR,CORRECTIVA NO PROGRAMADA,FINISHED,varenas,Linac-151238,,NO_TICKET_REPORTED,1,0,1,0,0,1,,,,Disco duro,PLACEHOLDER_VALUE,PLACEHOLDER_REJECTED,HAS_PLACEHOLDERS
1187,2021-09-10T17:00:00.000Z,FIELD_BEAT_CLIENT|70377400-8|FUNDACION ARTURO LOPEZ PEREZ,70377400-8,FUNDACION ARTURO LOPEZ PEREZ,REQUERIMIENTO DEL CLIENTE,FINISHED,rcammalleri,APOTECA-CHEMO,,NO_TICKET_REPORTED,0,0,0,0,0,0,,,,,,,NO_USED_PARTS
1188,2021-09-10T17:00:00.000Z,FIELD_BEAT_CLIENT|70377400-8|FUNDACION ARTURO LOPEZ PEREZ,70377400-8,FUNDACION ARTURO LOPEZ PEREZ,CORRECTIVA PROGRAMADA,FINISHED,rcammalleri,APOTECA-CHEMO,,NO_TICKET_REPORTED,1,0,1,0,0,1,,,,Soporte de Jeringa 50ml,PLACEHOLDER_VALUE,PLACEHOLDER_REJECTED,HAS_PLACEHOLDERS
1189,2021-09-13T15:00:00.000Z,FIELD_BEAT_CLIENT|96.757.430-9|INRAD,96.757.430-9,INRAD,CORRECTIVA PROGRAMADA,FINISHED,rguapache,Linac-201172,,NO_TICKET_REPORTED,1,1,0,0,0,0,1532627,11681,1532627,FRU GUN FILAMENT PSU,MATCHED,REF_EXACT,OK
1190,2021-09-14T00:00:00.000Z,FIELD_BEAT_CLIENT|70377400-8|FUNDACION ARTURO LOPEZ PEREZ,70377400-8,FUNDACION ARTURO LOPEZ PEREZ,ASISTENCIA REMOTA,FINISHED,rguapache,LINAC-153038,,NO_TICKET_REPORTED,0,0,0,0,0,0,,,,,,,NO_USED_PARTS
1191,2021-09-13T10:11:00.000Z,FIELD_BEAT_CLIENT|61.608.404-6|Instituto Nacional del Cáncer (INC),61.608.404-6,Instituto Nacional del Cáncer (INC),CORRECTIVA NO PROGRAMADA,FINISHED,ccarrasquel,INC-INFINITY01,,NO_TICKET_REPORTED,1,1,0,0,0,1,1006737_usado,12071,1006737,PCB ASSY SIB,MATCHED,REF_LIKE,REVIEW_REQUIRED
1192,2021-09-15T20:30:00.000Z,FIELD_BEAT_CLIENT|70377400-8|FUNDACION ARTURO LOPEZ PEREZ,70377400-8,FUNDACION ARTURO LOPEZ PEREZ,ASISTENCIA REMOTA,FINISHED,rguapache,LINAC-153038,,NO_TICKET_REPORTED,0,0,0,0,0,0,,,,,,,NO_USED_PARTS
1193,2021-09-21T10:45:00.000Z,FIELD_BEAT_CLIENT|96.770.100-9|CLINICA ALEMANA DE SANTIAGO,96.770.100-9,CLINICA ALEMANA DE SANTIAGO,CORRECTIVA PROGRAMADA,FINISHED,jecheverria,Linac-152171,,NO_TICKET_REPORTED,1,0,1,0,0,1,,,SN,fusible D2 10A/320/ NR2 Diodos de Poder,PLACEHOLDER_VALUE,PLACEHOLDER_REJECTED,HAS_PLACEHOLDERS
1194,2021-09-21T18:40:00.000Z,FIELD_BEAT_CLIENT|79.560.900-8|RADIO NUCLEAR,79.560.900-8,RADIO NUCLEAR,CORRECTIVA NO PROGRAMADA,FINISHED,ccarrasquel,Linac-151238,,NO_TICKET_REPORTED,0,0,0,0,0,0,,,,,,,NO_USED_PARTS
1195,2021-09-22T10:15:00.000Z,FIELD_BEAT_CLIENT|96.770.100-9|CLINICA ALEMANA DE SANTIAGO,96.770.100-9,CLINICA ALEMANA DE SANTIAGO,CORRECTIVA NO PROGRAMADA,FINISHED,rguapache,Linac-151673,,NO_TICKET_REPORTED,0,0,0,0,0,0,,,,,,,NO_USED_PARTS
1196,2021-09-22T19:30:00.000Z,FIELD_BEAT_CLIENT|96.770.100-9|CLINICA ALEMANA DE SANTIAGO,96.770.100-9,CLINICA ALEMANA DE SANTIAGO,ASISTENCIA REMOTA,FINISHED,rguapache,Linac-151673,,NO_TICKET_REPORTED,0,0,0,0,0,0,,,,,,,NO_USED_PARTS
1197,2021-09-24T12:00:00.000Z,FIELD_BEAT_CLIENT||CLÍNICA LAS CONDES,,CLÍNICA LAS CONDES,PRUEBAS DE ACEPTACION,FINISHED,acorbea,,,NO_TICKET_REPORTED,1,0,1,0,0,1,,,N/A,N/A,PLACEHOLDER_VALUE,PLACEHOLDER_REJECTED,HAS_PLACEHOLDERS
1198,2021-09-24T15:16:00.000Z,FIELD_BEAT_CLIENT||CLÍNICA LAS CONDES,,CLÍNICA LAS CONDES,PRUEBAS DE ACEPTACION,ARCHIVED,,,,NO_TICKET_REPORTED,0,0,0,0,0,0,,,,,,,NO_USED_PARTS
1199,2021-09-24T12:30:00.000Z,FIELD_BEAT_CLIENT||CLÍNICA LAS CONDES,,CLÍNICA LAS CONDES,PRUEBAS DE ACEPTACION,FINISHED,acorbea,,,NO_TICKET_REPORTED,1,0,1,0,0,1,,,N/A,N/A,PLACEHOLDER_VALUE,PLACEHOLDER_REJECTED,HAS_PLACEHOLDERS
1200,2021-09-24T20:30:00.000Z,FIELD_BEAT_CLIENT|70377400-8|FUNDACION ARTURO LOPEZ PEREZ,70377400-8,FUNDACION ARTURO LOPEZ PEREZ,PREVENTIVA PROGRAMADA,FINISHED,ccarrasquel,LINAC-153038,,NO_TICKET_REPORTED,1,1,0,0,0,0,1540383,11733,1540383,"spare kit, BMDM update",MATCHED,REF_EXACT,OK
1201,2021-09-25T12:00:00.000Z,FIELD_BEAT_CLIENT|70377400-8|FUNDACION ARTURO LOPEZ PEREZ,70377400-8,FUNDACION ARTURO LOPEZ PEREZ,CORRECTIVA PROGRAMADA,FINISHED,ccarrasquel,,,NO_TICKET_REPORTED,2,2,0,0,0,0,1541718|45133302611,11595|10996,1541718|45133302611,Motor Panqueque|(2) Gear Box,MATCHED,REF_EXACT,OK
1202,2021-09-28T13:00:00.000Z,FIELD_BEAT_CLIENT|70377400-8|FUNDACION ARTURO LOPEZ PEREZ,70377400-8,FUNDACION ARTURO LOPEZ PEREZ,CORRECTIVA NO PROGRAMADA,FINISHED,acorbea,APOTECA-CHEMO,,NO_TICKET_REPORTED,1,0,1,0,0,1,,,n/a,n/a,PLACEHOLDER_VALUE,PLACEHOLDER_REJECTED,HAS_PLACEHOLDERS
1203,2021-09-28T13:00:00.000Z,FIELD_BEAT_CLIENT|61.606.500-9|HOSPITAL CARLOS VAN BUREN (SSVSA),61.606.500-9,HOSPITAL CARLOS VAN BUREN (SSVSA),INSTALACION - INTEGRACION,FINISHED,varenas,TPS-HCVB,,NO_TICKET_REPORTED,1,0,1,0,0,1,,,,kits upgrade monaco,PLACEHOLDER_VALUE,PLACEHOLDER_REJECTED,HAS_PLACEHOLDERS
1204,2021-09-29T13:27:00.000Z,FIELD_BEAT_CLIENT|81.698.900-0|UC CHRISTUS - CECA,81.698.900-0,UC CHRISTUS - CECA,ASISTENCIA REMOTA,FINISHED,rguapache,Linac-153935,,NO_TICKET_REPORTED,0,0,0,0,0,0,,,,,,,NO_USED_PARTS
1205,2021-09-29T18:10:00.000Z,FIELD_BEAT_CLIENT|70377400-8|FUNDACION ARTURO LOPEZ PEREZ,70377400-8,FUNDACION ARTURO LOPEZ PEREZ,CORRECTIVA NO PROGRAMADA,FINISHED,ccarrasquel,LINAC-153038,,NO_TICKET_REPORTED,0,0,0,0,0,0,,,,,,,NO_USED_PARTS
1206,2021-09-29T18:00:00.000Z,FIELD_BEAT_CLIENT|70377400-8|FUNDACION ARTURO LOPEZ PEREZ,70377400-8,FUNDACION ARTURO LOPEZ PEREZ,CORRECTIVA PROGRAMADA,FINISHED,mreyes,LINAC-153038,,NO_TICKET_REPORTED,1,0,0,1,0,1,,,No hay,No hay,NO_MATCH,NONE,HAS_UNMATCHED_PARTS
1207,2021-09-29T18:00:00.000Z,FIELD_BEAT_CLIENT|70377400-8|FUNDACION ARTURO LOPEZ PEREZ,70377400-8,FUNDACION ARTURO LOPEZ PEREZ,CORRECTIVA PROGRAMADA,FINISHED,mreyes,LINAC-153038,,NO_TICKET_REPORTED,1,0,0,1,0,1,,,13101900,"PCB ASSY, WEDGE CONTROL",NO_MATCH,NONE,HAS_UNMATCHED_PARTS
1208,2021-09-29T18:10:00.000Z,FIELD_BEAT_CLIENT|70377400-8|FUNDACION ARTURO LOPEZ PEREZ,70377400-8,FUNDACION ARTURO LOPEZ PEREZ,CORRECTIVA NO PROGRAMADA,FINISHED,ccarrasquel,LINAC-153038,,NO_TICKET_REPORTED,0,0,0,0,0,0,,,,,,,NO_USED_PARTS
1209,2021-09-30T10:10:00.000Z,FIELD_BEAT_CLIENT|96.770.100-9|CLINICA ALEMANA DE SANTIAGO,96.770.100-9,CLINICA ALEMANA DE SANTIAGO,CORRECTIVA NO PROGRAMADA,FINISHED,rguapache,Linac-152171,,NO_TICKET_REPORTED,0,0,0,0,0,0,,,,,,,NO_USED_PARTS
1210,2021-09-28T13:30:00.000Z,FIELD_BEAT_CLIENT|61.606.500-9|HOSPITAL CARLOS VAN BUREN (SSVSA),61.606.500-9,HOSPITAL CARLOS VAN BUREN (SSVSA),PREVENTIVA PROGRAMADA,FINISHED,varenas,,,NO_TICKET_REPORTED,1,0,1,0,0,1,,,,elementos de limpieza en sitio,PLACEHOLDER_VALUE,PLACEHOLDER_REJECTED,HAS_PLACEHOLDERS
1211,2021-10-01T11:30:00.000Z,FIELD_BEAT_CLIENT|76.746.730-3|CLÍNICA SANATORIO ALEMÁN (ONCORAD),76.746.730-3,CLÍNICA SANATORIO ALEMÁN (ONCORAD),PREVENTIVA PROGRAMADA,FINISHED,ebecker,Linac-201110,,NO_TICKET_REPORTED,1,0,1,0,0,1,,,N/A,N/A,PLACEHOLDER_VALUE,PLACEHOLDER_REJECTED,HAS_PLACEHOLDERS
1212,2021-09-30T11:30:00.000Z,FIELD_BEAT_CLIENT|81.698.900-0|UC CHRISTUS - CECA,81.698.900-0,UC CHRISTUS - CECA,CORRECTIVA PROGRAMADA,FINISHED,mreyes,Linac-153935,,NO_TICKET_REPORTED,1,1,0,0,0,0,45133304800,10375,45133304800,Electron gun subassembly.,MATCHED,REF_EXACT,OK
1214,2021-10-02T12:00:00.000Z,FIELD_BEAT_CLIENT|81.698.900-0|UC CHRISTUS - CECA,81.698.900-0,UC CHRISTUS - CECA,CORRECTIVA PROGRAMADA,FINISHED,ccarrasquel,Linac-153935,,NO_TICKET_REPORTED,1,0,0,1,0,1,,,1527044,"programmed pcb assy, router",NO_MATCH,NONE,HAS_UNMATCHED_PARTS
1215,2021-10-03T14:00:00.000Z,FIELD_BEAT_CLIENT|81.698.900-0|UC CHRISTUS - CECA,81.698.900-0,UC CHRISTUS - CECA,ASISTENCIA REMOTA,FINISHED,rguapache,Linac-153935,,NO_TICKET_REPORTED,1,1,0,0,0,1,1006737_usado,12071,1006737,SIB PCB,MATCHED,REF_LIKE,REVIEW_REQUIRED
1216,2021-10-01T07:00:00.000Z,FIELD_BEAT_CLIENT|70377400-8|FUNDACION ARTURO LOPEZ PEREZ,70377400-8,FUNDACION ARTURO LOPEZ PEREZ,CORRECTIVA PROGRAMADA,FINISHED,ccarrasquel,LINAC-153038,,NO_TICKET_REPORTED,1,0,0,0,1,1,,,1510260,panel XVI,AMBIGUOUS_MATCH,REF_LIKE,HAS_AMBIGUOUS_PARTS
1217,2021-10-04T10:00:00.000Z,FIELD_BEAT_CLIENT|96.770.100-9|CLINICA ALEMANA DE SANTIAGO,96.770.100-9,CLINICA ALEMANA DE SANTIAGO,CORRECTIVA NO PROGRAMADA,FINISHED,rguapache,Linac-152171,,NO_TICKET_REPORTED,0,0,0,0,0,0,,,,,,,NO_USED_PARTS
1218,2021-10-07T10:00:00.000Z,FIELD_BEAT_CLIENT|96.770.100-9|CLINICA ALEMANA DE SANTIAGO,96.770.100-9,CLINICA ALEMANA DE SANTIAGO,CORRECTIVA NO PROGRAMADA,FINISHED,rguapache,Linac-152171,,NO_TICKET_REPORTED,0,0,0,0,0,0,,,,,,,NO_USED_PARTS
1219,2021-10-05T20:00:00.000Z,FIELD_BEAT_CLIENT|61.606.500-9|HOSPITAL CARLOS VAN BUREN (SSVSA),61.606.500-9,HOSPITAL CARLOS VAN BUREN (SSVSA),CORRECTIVA PROGRAMADA,FINISHED,mreyes,Linac-154325,,NO_TICKET_REPORTED,1,0,0,1,0,1,,,No hay.,No hay.,NO_MATCH,NONE,HAS_UNMATCHED_PARTS
1220,2021-10-08T12:00:00.000Z,FIELD_BEAT_CLIENT|70377400-8|FUNDACION ARTURO LOPEZ PEREZ,70377400-8,FUNDACION ARTURO LOPEZ PEREZ,CORRECTIVA NO PROGRAMADA,FINISHED,rcammalleri,APOTECA-CHEMO,,NO_TICKET_REPORTED,0,0,0,0,0,0,,,,,,,NO_USED_PARTS
1221,2021-10-08T13:00:00.000Z,FIELD_BEAT_CLIENT|61.608.404-6|Instituto Nacional del Cáncer (INC),61.608.404-6,Instituto Nacional del Cáncer (INC),PREVENTIVA PROGRAMADA,FINISHED,ccarrasquel,INC-INFINITY01,,NO_TICKET_REPORTED,0,0,0,0,0,0,,,,,,,NO_USED_PARTS
1222,2021-10-08T13:53:00.000Z,FIELD_BEAT_CLIENT|61.606.500-9|HOSPITAL CARLOS VAN BUREN (SSVSA),61.606.500-9,HOSPITAL CARLOS VAN BUREN (SSVSA),CORRECTIVA NO PROGRAMADA,FINISHED,jecheverria,,,NO_TICKET_REPORTED,1,0,1,0,0,1,,,SN,baterias de 12 VDC,PLACEHOLDER_VALUE,PLACEHOLDER_REJECTED,HAS_PLACEHOLDERS
1223,2021-10-08T10:30:00.000Z,FIELD_BEAT_CLIENT|81.698.900-0|UC CHRISTUS - CECA,81.698.900-0,UC CHRISTUS - CECA,CORRECTIVA NO PROGRAMADA,FINISHED,rguapache,Linac-153935,,NO_TICKET_REPORTED,1,1,0,0,0,1,1017632_usado,11872,1017632,CCU PCB,MATCHED,REF_LIKE,REVIEW_REQUIRED
1224,2021-10-08T20:01:00.000Z,FIELD_BEAT_CLIENT|61.606.500-9|HOSPITAL CARLOS VAN BUREN (SSVSA),61.606.500-9,HOSPITAL CARLOS VAN BUREN (SSVSA),CORRECTIVA NO PROGRAMADA,FINISHED,jecheverria,,,NO_TICKET_REPORTED,1,0,1,0,0,1,,,SN,"fusible 0,5 amp.",PLACEHOLDER_VALUE,PLACEHOLDER_REJECTED,HAS_PLACEHOLDERS
1225,2021-10-12T10:30:00.000Z,FIELD_BEAT_CLIENT|96.770.100-9|CLINICA ALEMANA DE SANTIAGO,96.770.100-9,CLINICA ALEMANA DE SANTIAGO,CORRECTIVA NO PROGRAMADA,FINISHED,rguapache,Linac-152171,,NO_TICKET_REPORTED,0,0,0,0,0,0,,,,,,,NO_USED_PARTS
1226,2021-10-12T14:30:00.000Z,FIELD_BEAT_CLIENT|96.770.100-9|CLINICA ALEMANA DE SANTIAGO,96.770.100-9,CLINICA ALEMANA DE SANTIAGO,CORRECTIVA NO PROGRAMADA,FINISHED,rguapache,Linac-152171,,NO_TICKET_REPORTED,1,1,0,0,0,1,1017632_usado,11872,1017632,CCU PCB,MATCHED,REF_LIKE,REVIEW_REQUIRED
1227,2021-10-12T12:30:00.000Z,FIELD_BEAT_CLIENT|61.606.500-9|HOSPITAL CARLOS VAN BUREN (SSVSA),61.606.500-9,HOSPITAL CARLOS VAN BUREN (SSVSA),CORRECTIVA NO PROGRAMADA,FINISHED,jecheverria,,,NO_TICKET_REPORTED,1,0,1,0,0,1,,,NA,NA,PLACEHOLDER_VALUE,PLACEHOLDER_REJECTED,HAS_PLACEHOLDERS
1228,2021-10-15T16:20:00.000Z,FIELD_BEAT_CLIENT|79.560.900-8|RADIO NUCLEAR,79.560.900-8,RADIO NUCLEAR,CORRECTIVA PROGRAMADA,FINISHED,acorbea,Linac-151238,,NO_TICKET_REPORTED,0,0,0,0,0,0,,,,,,,NO_USED_PARTS
1229,2021-10-14T20:00:00.000Z,FIELD_BEAT_CLIENT|61.606.500-9|HOSPITAL CARLOS VAN BUREN (SSVSA),61.606.500-9,HOSPITAL CARLOS VAN BUREN (SSVSA),CORRECTIVA PROGRAMADA,FINISHED,jecheverria,,,NO_TICKET_REPORTED,1,0,1,0,0,1,,,NA,NA,PLACEHOLDER_VALUE,PLACEHOLDER_REJECTED,HAS_PLACEHOLDERS
1230,2021-10-14T21:15:00.000Z,FIELD_BEAT_CLIENT|61.606.500-9|HOSPITAL CARLOS VAN BUREN (SSVSA),61.606.500-9,HOSPITAL CARLOS VAN BUREN (SSVSA),CORRECTIVA PROGRAMADA,FINISHED,jecheverria,,,NO_TICKET_REPORTED,1,0,1,0,0,1,,,NA,NA,PLACEHOLDER_VALUE,PLACEHOLDER_REJECTED,HAS_PLACEHOLDERS
1231,2021-10-14T22:11:00.000Z,FIELD_BEAT_CLIENT|61.606.500-9|HOSPITAL CARLOS VAN BUREN (SSVSA),61.606.500-9,HOSPITAL CARLOS VAN BUREN (SSVSA),CORRECTIVA PROGRAMADA,FINISHED,jecheverria,,,NO_TICKET_REPORTED,1,0,1,0,0,1,,,NA,NA,PLACEHOLDER_VALUE,PLACEHOLDER_REJECTED,HAS_PLACEHOLDERS
1232,2021-10-16T04:00:00.000Z,FIELD_BEAT_CLIENT|61.606.500-9|HOSPITAL CARLOS VAN BUREN (SSVSA),61.606.500-9,HOSPITAL CARLOS VAN BUREN (SSVSA),CORRECTIVA NO PROGRAMADA,FINISHED,rguapache,Linac-154325,,NO_TICKET_REPORTED,0,0,0,0,0,0,,,,,,,NO_USED_PARTS
1233,2021-10-21T10:00:00.000Z,FIELD_BEAT_CLIENT|96.770.100-9|CLINICA ALEMANA DE SANTIAGO,96.770.100-9,CLINICA ALEMANA DE SANTIAGO,CORRECTIVA NO PROGRAMADA,FINISHED,rguapache,Linac-152171,,NO_TICKET_REPORTED,1,1,0,0,0,1,1017632_usado,11872,1017632,CCU PCB,MATCHED,REF_LIKE,REVIEW_REQUIRED
1234,2021-10-20T11:30:00.000Z,FIELD_BEAT_CLIENT|61.606.500-9|HOSPITAL CARLOS VAN BUREN (SSVSA),61.606.500-9,HOSPITAL CARLOS VAN BUREN (SSVSA),CORRECTIVA NO PROGRAMADA,FINISHED,mreyes,Linac-154325,,NO_TICKET_REPORTED,1,0,0,1,0,1,,,No hay.,No hay.,NO_MATCH,NONE,HAS_UNMATCHED_PARTS
1235,2021-10-21T12:30:00.000Z,FIELD_BEAT_CLIENT|61.605.000-1|INSTITUTO DE SALUD PUBLICA (ISP),61.605.000-1,INSTITUTO DE SALUD PUBLICA (ISP),PREVENTIVA PROGRAMADA,FINISHED,acorbea,PANASONIC-ISP,,NO_TICKET_REPORTED,1,0,1,0,0,1,,,n/A,Halógeno lamp 8V 50W,PLACEHOLDER_VALUE,PLACEHOLDER_REJECTED,HAS_PLACEHOLDERS
1236,2021-10-28T17:00:00.000Z,FIELD_BEAT_CLIENT|96.757.430-9|INRAD,96.757.430-9,INRAD,CORRECTIVA NO PROGRAMADA,FINISHED,ccarrasquel,,,NO_TICKET_REPORTED,0,0,0,0,0,0,,,,,,,NO_USED_PARTS
1237,2021-10-29T10:30:00.000Z,FIELD_BEAT_CLIENT|81.698.900-0|UC CHRISTUS - CECA,81.698.900-0,UC CHRISTUS - CECA,,ARCHIVED,,Linac-153935,,NO_TICKET_REPORTED,0,0,0,0,0,0,,,,,,,NO_USED_PARTS
1238,2021-10-29T10:30:00.000Z,FIELD_BEAT_CLIENT|81.698.900-0|UC CHRISTUS - CECA,81.698.900-0,UC CHRISTUS - CECA,CORRECTIVA PROGRAMADA,FINISHED,rguapache,Linac-153935,,NO_TICKET_REPORTED,1,0,0,1,0,1,,,1538489,"PCB Assy, DLG and Diaphragm Drive",NO_MATCH,NONE,HAS_UNMATCHED_PARTS
1239,2021-11-02T15:00:00.000Z,FIELD_BEAT_CLIENT|76.746.730-3|CLÍNICA SANATORIO ALEMÁN (ONCORAD),76.746.730-3,CLÍNICA SANATORIO ALEMÁN (ONCORAD),CORRECTIVA NO PROGRAMADA,FINISHED,ebecker,Linac-201110,,NO_TICKET_REPORTED,1,0,1,0,0,1,,,N/A,N/A,PLACEHOLDER_VALUE,PLACEHOLDER_REJECTED,HAS_PLACEHOLDERS
1240,2021-11-02T18:30:00.000Z,FIELD_BEAT_CLIENT|79.560.900-8|RADIO NUCLEAR,79.560.900-8,RADIO NUCLEAR,ASISTENCIA REMOTA,FINISHED,varenas,Linac-151238,,NO_TICKET_REPORTED,0,0,0,0,0,0,,,,,,,NO_USED_PARTS
1241,2021-11-02T11:30:00.000Z,FIELD_BEAT_CLIENT|61.606.500-9|HOSPITAL CARLOS VAN BUREN (SSVSA),61.606.500-9,HOSPITAL CARLOS VAN BUREN (SSVSA),CORRECTIVA NO PROGRAMADA,FINISHED,mreyes,Linac-154325,,NO_TICKET_REPORTED,1,0,0,1,0,1,,,No hay.,No hay.,NO_MATCH,NONE,HAS_UNMATCHED_PARTS
1242,2021-10-26T20:30:00.000Z,FIELD_BEAT_CLIENT|61.606.500-9|HOSPITAL CARLOS VAN BUREN (SSVSA),61.606.500-9,HOSPITAL CARLOS VAN BUREN (SSVSA),CORRECTIVA PROGRAMADA,FINISHED,jecheverria,,,NO_TICKET_REPORTED,1,0,1,0,0,1,,,NA,Cintas de respaldo Nr 8,PLACEHOLDER_VALUE,PLACEHOLDER_REJECTED,HAS_PLACEHOLDERS
1243,2021-11-02T19:00:00.000Z,FIELD_BEAT_CLIENT|79.560.900-8|RADIO NUCLEAR,79.560.900-8,RADIO NUCLEAR,CORRECTIVA PROGRAMADA,FINISHED,acorbea,Linac-151238,,NO_TICKET_REPORTED,0,0,0,0,0,0,,,,,,,NO_USED_PARTS
1244,2021-10-26T21:30:00.000Z,FIELD_BEAT_CLIENT|61.606.500-9|HOSPITAL CARLOS VAN BUREN (SSVSA),61.606.500-9,HOSPITAL CARLOS VAN BUREN (SSVSA),CORRECTIVA PROGRAMADA,FINISHED,jecheverria,,,NO_TICKET_REPORTED,1,0,1,0,0,1,,,NA,NA,PLACEHOLDER_VALUE,PLACEHOLDER_REJECTED,HAS_PLACEHOLDERS
1245,2021-10-26T22:30:00.000Z,FIELD_BEAT_CLIENT|61.606.500-9|HOSPITAL CARLOS VAN BUREN (SSVSA),61.606.500-9,HOSPITAL CARLOS VAN BUREN (SSVSA),CORRECTIVA PROGRAMADA,FINISHED,jecheverria,,,NO_TICKET_REPORTED,1,1,0,0,0,0,1527814,11929,1527814,Fuente de Poder bombas Ionicas IPCU CTRL ELEKTA,MATCHED,REF_EXACT,OK
1246,2021-11-03T10:00:00.000Z,FIELD_BEAT_CLIENT|70377400-8|FUNDACION ARTURO LOPEZ PEREZ,70377400-8,FUNDACION ARTURO LOPEZ PEREZ,CORRECTIVA NO PROGRAMADA,FINISHED,rguapache,LINAC-153038,,NO_TICKET_REPORTED,1,0,1,0,0,1,,,,Fusible 10A/32Vp,PLACEHOLDER_VALUE,PLACEHOLDER_REJECTED,HAS_PLACEHOLDERS
1247,2021-11-05T10:30:00.000Z,FIELD_BEAT_CLIENT|81.698.900-0|UC CHRISTUS - CECA,81.698.900-0,UC CHRISTUS - CECA,CORRECTIVA NO PROGRAMADA,FINISHED,rguapache,Linac-153935,,NO_TICKET_REPORTED,1,0,1,0,0,1,,,,Fusible de 10A/32Vp,PLACEHOLDER_VALUE,PLACEHOLDER_REJECTED,HAS_PLACEHOLDERS
1248,2021-11-05T13:00:00.000Z,FIELD_BEAT_CLIENT|61.608.404-6|Instituto Nacional del Cáncer (INC),61.608.404-6,Instituto Nacional del Cáncer (INC),CORRECTIVA PROGRAMADA,FINISHED,ccarrasquel,INC-INFINITY01,,NO_TICKET_REPORTED,1,1,0,0,0,0,1536393,12037,1536393,emergency down drive module,MATCHED,REF_EXACT,OK
1249,2021-11-05T13:00:00.000Z,FIELD_BEAT_CLIENT|61.608.404-6|Instituto Nacional del Cáncer (INC),61.608.404-6,Instituto Nacional del Cáncer (INC),INSTALACION - INTEGRACION,FINISHED,varenas,INC-INFINITY01,,NO_TICKET_REPORTED,1,0,1,0,0,1,,,,Servidor Direct Storage y LTO de cinta,PLACEHOLDER_VALUE,PLACEHOLDER_REJECTED,HAS_PLACEHOLDERS
1250,2021-11-12T19:30:00.000Z,FIELD_BEAT_CLIENT|70377400-8|FUNDACION ARTURO LOPEZ PEREZ,70377400-8,FUNDACION ARTURO LOPEZ PEREZ,CORRECTIVA PROGRAMADA,FINISHED,acorbea,LAP-Dorado_C01,150655,LINKED_TO_MISSING_OR_RESTRICTED_ZENDESK,1,0,1,0,0,1,,,n/a,n/a,PLACEHOLDER_VALUE,PLACEHOLDER_REJECTED,HAS_PLACEHOLDERS
1251,2021-11-13T12:00:00.000Z,FIELD_BEAT_CLIENT|70377400-8|FUNDACION ARTURO LOPEZ PEREZ,70377400-8,FUNDACION ARTURO LOPEZ PEREZ,PREVENTIVA PROGRAMADA,FINISHED,acorbea,LINAC-153038,949395,LINKED_TO_MISSING_OR_RESTRICTED_ZENDESK,0,0,0,0,0,0,,,,,,,NO_USED_PARTS
1252,2021-11-13T14:53:00.000Z,FIELD_BEAT_CLIENT|81.698.900-0|UC CHRISTUS - CECA,81.698.900-0,UC CHRISTUS - CECA,CORRECTIVA PROGRAMADA,FINISHED,ccarrasquel,Linac-153935,719418,LINKED_TO_MISSING_OR_RESTRICTED_ZENDESK,1,1,0,0,0,1,1010925_usado,12034,1010925,"screen assy, head   (crosswire)",MATCHED,REF_LIKE,REVIEW_REQUIRED
1253,2021-11-12T17:00:00.000Z,FIELD_BEAT_CLIENT|61.607.901-8|SERVICIO DE SALUD DE MAGALLANES,61.607.901-8,SERVICIO DE SALUD DE MAGALLANES,PREVENTIVA PROGRAMADA,FINISHED,raguila,,,NO_TICKET_REPORTED,1,0,1,0,0,1,,,N/C,"Limpia contacto, wd-40, grasa EP-2",PLACEHOLDER_VALUE,PLACEHOLDER_REJECTED,HAS_PLACEHOLDERS
1254,2021-10-29T17:30:00.000Z,FIELD_BEAT_CLIENT|61.607.901-8|SERVICIO DE SALUD DE MAGALLANES,61.607.901-8,SERVICIO DE SALUD DE MAGALLANES,ASISTENCIA REMOTA,FINISHED,raguila,,,NO_TICKET_REPORTED,1,0,1,0,0,1,,,n/c,kitsch upgrade monaco 5.51.10,PLACEHOLDER_VALUE,PLACEHOLDER_REJECTED,HAS_PLACEHOLDERS
1255,2021-10-27T20:30:00.000Z,FIELD_BEAT_CLIENT|96.757.430-9|INRAD,96.757.430-9,INRAD,CORRECTIVA PROGRAMADA,FINISHED,rguapache,Linac-201172,465221,LINKED_TO_MISSING_OR_RESTRICTED_ZENDESK,2,2,0,0,0,2,1511693|1519710,11489|11574,1511693 02|1519710 01,FRU CHARGING HIGH VOLTAGE CAB|FRU FIR HT CABLE,MATCHED,REF_LIKE,REVIEW_REQUIRED
1256,2021-11-15T18:30:00.000Z,FIELD_BEAT_CLIENT|81.698.900-0|UC CHRISTUS - CECA,81.698.900-0,UC CHRISTUS - CECA,CORRECTIVA NO PROGRAMADA,FINISHED,rcammalleri,TPS-UC,914336,LINKED_TO_MISSING_OR_RESTRICTED_ZENDESK,0,0,0,0,0,0,,,,,,,NO_USED_PARTS
1257,2021-11-16T20:30:00.000Z,FIELD_BEAT_CLIENT|79.560.900-8|RADIO NUCLEAR,79.560.900-8,RADIO NUCLEAR,CORRECTIVA NO PROGRAMADA,FINISHED,acorbea,Linac-151238,843013,LINKED_TO_MISSING_OR_RESTRICTED_ZENDESK,0,0,0,0,0,0,,,,,,,NO_USED_PARTS
1258,2021-11-17T13:45:00.000Z,FIELD_BEAT_CLIENT|61.605.000-1|INSTITUTO DE SALUD PUBLICA (ISP),61.605.000-1,INSTITUTO DE SALUD PUBLICA (ISP),CORRECTIVA PROGRAMADA,FINISHED,acorbea,PANASONIC-ISP,190572,LINKED_TO_MISSING_OR_RESTRICTED_ZENDESK,0,0,0,0,0,0,,,,,,,NO_USED_PARTS
1259,2021-11-17T16:56:00.000Z,FIELD_BEAT_CLIENT|79.560.900-8|RADIO NUCLEAR,79.560.900-8,RADIO NUCLEAR,CORRECTIVA PROGRAMADA,FINISHED,acorbea,Linac-151238,99999,LINKED_TO_MISSING_OR_RESTRICTED_ZENDESK,0,0,0,0,0,0,,,,,,,NO_USED_PARTS
1260,2021-11-17T18:30:00.000Z,FIELD_BEAT_CLIENT|79.560.900-8|RADIO NUCLEAR,79.560.900-8,RADIO NUCLEAR,CORRECTIVA NO PROGRAMADA,FINISHED,acorbea,Linac-151238,99999,LINKED_TO_MISSING_OR_RESTRICTED_ZENDESK,0,0,0,0,0,0,,,,,,,NO_USED_PARTS
1261,2021-11-17T05:05:00.000Z,FIELD_BEAT_CLIENT|61.608.404-6|Instituto Nacional del Cáncer (INC),61.608.404-6,Instituto Nacional del Cáncer (INC),CORRECTIVA PROGRAMADA,FINISHED,ccarrasquel,INC-INFINITY01,549574,LINKED_TO_MISSING_OR_RESTRICTED_ZENDESK,3,3,0,0,0,0,45133298035|45133308790|351372100645P,11128|10970|12010,45133298035|45133308790|351372100645P,cable modulator/gun|transformer gun|resistor 330R +/- 5%,MATCHED,REF_EXACT,OK
1262,2021-11-18T19:00:00.000Z,FIELD_BEAT_CLIENT|76.746.730-3|CLÍNICA SANATORIO ALEMÁN (ONCORAD),76.746.730-3,CLÍNICA SANATORIO ALEMÁN (ONCORAD),CORRECTIVA NO PROGRAMADA,FINISHED,ebecker,Linac-201110,,NO_TICKET_REPORTED,1,0,0,1,0,1,,,1011035,Motor Z Precise Table,NO_MATCH,NONE,HAS_UNMATCHED_PARTS
1263,2021-11-19T11:30:00.000Z,FIELD_BEAT_CLIENT|70377400-8|FUNDACION ARTURO LOPEZ PEREZ,70377400-8,FUNDACION ARTURO LOPEZ PEREZ,REQUERIMIENTO DEL CLIENTE,FINISHED,rcammalleri,APOTECA-CHEMO,,NO_TICKET_REPORTED,0,0,0,0,0,0,,,,,,,NO_USED_PARTS
1264,2021-11-19T13:16:00.000Z,FIELD_BEAT_CLIENT|96.606.750-0|CLÍNICA ALEMANA DE TEMUCO,96.606.750-0,CLÍNICA ALEMANA DE TEMUCO,PREVENTIVA PROGRAMADA,FINISHED,ebecker,Linac-201073,,NO_TICKET_REPORTED,1,0,1,0,0,1,,,N/A,N/A,PLACEHOLDER_VALUE,PLACEHOLDER_REJECTED,HAS_PLACEHOLDERS
1265,2021-11-19T11:30:00.000Z,FIELD_BEAT_CLIENT|70377400-8|FUNDACION ARTURO LOPEZ PEREZ,70377400-8,FUNDACION ARTURO LOPEZ PEREZ,PREVENTIVA PROGRAMADA,FINISHED,rcammalleri,APOTECA-CHEMO,,NO_TICKET_REPORTED,0,0,0,0,0,0,,,,,,,NO_USED_PARTS
1266,2021-11-19T12:00:00.000Z,FIELD_BEAT_CLIENT|96.757.430-9|INRAD,96.757.430-9,INRAD,REQUERIMIENTO DEL CLIENTE,FINISHED,varenas,,,NO_TICKET_REPORTED,0,0,0,0,0,0,,,,,,,NO_USED_PARTS
1267,2021-11-19T11:30:00.000Z,FIELD_BEAT_CLIENT|96.757.430-9|INRAD,96.757.430-9,INRAD,PREVENTIVA PROGRAMADA,FINISHED,mreyes,Linac-201172,,NO_TICKET_REPORTED,1,0,0,1,0,1,,,No hay.,"Grasa EP2, aceite liviano y paños de limpieza",NO_MATCH,NONE,HAS_UNMATCHED_PARTS
1268,2021-11-20T12:00:00.000Z,FIELD_BEAT_CLIENT|81.698.900-0|UC CHRISTUS - CECA,81.698.900-0,UC CHRISTUS - CECA,CORRECTIVA PROGRAMADA,FINISHED,ccarrasquel,Linac-153935,240899,LINKED_TO_MISSING_OR_RESTRICTED_ZENDESK,0,0,0,0,0,0,,,,,,,NO_USED_PARTS
1269,2021-11-20T11:30:00.000Z,FIELD_BEAT_CLIENT|70377400-8|FUNDACION ARTURO LOPEZ PEREZ,70377400-8,FUNDACION ARTURO LOPEZ PEREZ,CORRECTIVA PROGRAMADA,FINISHED,rguapache,LINAC-153038,434875,LINKED_TO_MISSING_OR_RESTRICTED_ZENDESK,3,2,0,1,0,3,451362610002L|45133411846,11043|11694,45133411940|451362610002|4513341184601H,"Long (upper) roller-blind assembly (1)|Longitudinal drive belt  (2)|cable assy, pl5 to S  (1)",NO_MATCH|MATCHED,NONE|REF_LIKE,HAS_UNMATCHED_PARTS
1270,2021-11-22T11:47:00.000Z,FIELD_BEAT_CLIENT|96.757.430-9|INRAD,96.757.430-9,INRAD,CORRECTIVA PROGRAMADA,FINISHED,ccarrasquel,,992701,LINKED_TO_MISSING_OR_RESTRICTED_ZENDESK,0,0,0,0,0,0,,,,,,,NO_USED_PARTS
1271,2021-11-23T17:57:00.000Z,FIELD_BEAT_CLIENT|81.698.900-0|UC CHRISTUS - CECA,81.698.900-0,UC CHRISTUS - CECA,CORRECTIVA NO PROGRAMADA,FINISHED,ccarrasquel,Linac-153935,100033,LINKED_TO_MISSING_OR_RESTRICTED_ZENDESK,1,1,0,0,0,0,1534958,11034,1534958,kit motor spares,MATCHED,REF_EXACT,OK
1272,2021-11-24T16:15:00.000Z,FIELD_BEAT_CLIENT|79.560.900-8|RADIO NUCLEAR,79.560.900-8,RADIO NUCLEAR,CORRECTIVA NO PROGRAMADA,FINISHED,rcammalleri,Linac-151238,211406,LINKED_TO_MISSING_OR_RESTRICTED_ZENDESK,0,0,0,0,0,0,,,,,,,NO_USED_PARTS
1273,2021-11-25T14:00:00.000Z,FIELD_BEAT_CLIENT|76.746.730-3|CLÍNICA SANATORIO ALEMÁN (ONCORAD),76.746.730-3,CLÍNICA SANATORIO ALEMÁN (ONCORAD),CORRECTIVA NO PROGRAMADA,ARCHIVED,,Linac-201110,,NO_TICKET_REPORTED,0,0,0,0,0,0,,,,,,,NO_USED_PARTS
1274,2021-11-25T14:00:00.000Z,FIELD_BEAT_CLIENT|76.746.730-3|CLÍNICA SANATORIO ALEMÁN (ONCORAD),76.746.730-3,CLÍNICA SANATORIO ALEMÁN (ONCORAD),CORRECTIVA NO PROGRAMADA,FINISHED,ebecker,Linac-201110,,NO_TICKET_REPORTED,1,0,1,0,0,1,,,N/A,N/A,PLACEHOLDER_VALUE,PLACEHOLDER_REJECTED,HAS_PLACEHOLDERS
1275,2021-11-25T16:51:00.000Z,FIELD_BEAT_CLIENT|79.560.900-8|RADIO NUCLEAR,79.560.900-8,RADIO NUCLEAR,PREVENTIVA PROGRAMADA,FINISHED,acorbea,Linac-151238,475970,LINKED_TO_MISSING_OR_RESTRICTED_ZENDESK,1,0,1,0,0,1,,,n/a,"Grasa Ep2
Limpia contactos",PLACEHOLDER_VALUE,PLACEHOLDER_REJECTED,HAS_PLACEHOLDERS
1276,2021-11-26T13:00:00.000Z,FIELD_BEAT_CLIENT|79.560.900-8|RADIO NUCLEAR,79.560.900-8,RADIO NUCLEAR,CORRECTIVA NO PROGRAMADA,FINISHED,rguapache,Linac-151238,580583,LINKED_TO_MISSING_OR_RESTRICTED_ZENDESK,0,0,0,0,0,0,,,,,,,NO_USED_PARTS
1277,2021-11-26T16:03:00.000Z,FIELD_BEAT_CLIENT|96.770.100-9|CLINICA ALEMANA DE SANTIAGO,96.770.100-9,CLINICA ALEMANA DE SANTIAGO,ASISTENCIA REMOTA,FINISHED,rguapache,Linac-151673,657405,LINKED_TO_MISSING_OR_RESTRICTED_ZENDESK,0,0,0,0,0,0,,,,,,,NO_USED_PARTS
1278,2021-11-27T12:00:00.000Z,FIELD_BEAT_CLIENT|81.698.900-0|UC CHRISTUS - CECA,81.698.900-0,UC CHRISTUS - CECA,CORRECTIVA PROGRAMADA,FINISHED,rcammalleri,Linac-153935,595389,LINKED_TO_MISSING_OR_RESTRICTED_ZENDESK,0,0,0,0,0,0,,,,,,,NO_USED_PARTS
1279,2021-11-30T02:45:00.000Z,FIELD_BEAT_CLIENT|81.698.900-0|UC CHRISTUS - CECA,81.698.900-0,UC CHRISTUS - CECA,CORRECTIVA PROGRAMADA,FINISHED,ccarrasquel,Linac-153935,626188,LINKED_TO_MISSING_OR_RESTRICTED_ZENDESK,0,0,0,0,0,0,,,,,,,NO_USED_PARTS
1280,2021-11-30T17:00:00.000Z,FIELD_BEAT_CLIENT|70377400-8|FUNDACION ARTURO LOPEZ PEREZ,70377400-8,FUNDACION ARTURO LOPEZ PEREZ,REQUERIMIENTO DEL CLIENTE,FINISHED,rcammalleri,APOTECA-CHEMO|APOTECA-PS,,NO_TICKET_REPORTED,0,0,0,0,0,0,,,,,,,NO_USED_PARTS
1281,2021-12-01T11:00:00.000Z,FIELD_BEAT_CLIENT|96.770.100-9|CLINICA ALEMANA DE SANTIAGO,96.770.100-9,CLINICA ALEMANA DE SANTIAGO,CORRECTIVA NO PROGRAMADA,FINISHED,rguapache,Linac-152171,564323,LINKED_TO_MISSING_OR_RESTRICTED_ZENDESK,2,1,0,1,0,2,1017632_usado,11872,1527044|1017632,"Programmed PCB assy, router|PCB assy, camera CCU",NO_MATCH|MATCHED,NONE|REF_LIKE,HAS_UNMATCHED_PARTS
1282,2021-11-25T23:00:00.000Z,FIELD_BEAT_CLIENT|61.606.500-9|HOSPITAL CARLOS VAN BUREN (SSVSA),61.606.500-9,HOSPITAL CARLOS VAN BUREN (SSVSA),CORRECTIVA PROGRAMADA,FINISHED,jecheverria,,,NO_TICKET_REPORTED,1,1,0,0,0,0,45133304800,10375,45133304800,Gun Assy,MATCHED,REF_EXACT,OK
1283,2021-11-26T19:34:00.000Z,FIELD_BEAT_CLIENT|61.606.500-9|HOSPITAL CARLOS VAN BUREN (SSVSA),61.606.500-9,HOSPITAL CARLOS VAN BUREN (SSVSA),CORRECTIVA PROGRAMADA,FINISHED,jecheverria,,808668,LINKED_TO_MISSING_OR_RESTRICTED_ZENDESK,1,1,0,0,0,0,1502613,10994,1502613,Telemetro Laser,MATCHED,REF_EXACT,OK
1284,2021-11-26T19:53:00.000Z,FIELD_BEAT_CLIENT|61.606.500-9|HOSPITAL CARLOS VAN BUREN (SSVSA),61.606.500-9,HOSPITAL CARLOS VAN BUREN (SSVSA),CORRECTIVA PROGRAMADA,FINISHED,jecheverria,,532379,LINKED_TO_MISSING_OR_RESTRICTED_ZENDESK,1,0,1,0,0,1,,,NA,NA,PLACEHOLDER_VALUE,PLACEHOLDER_REJECTED,HAS_PLACEHOLDERS
1285,2021-12-03T00:00:00.000Z,FIELD_BEAT_CLIENT|70377400-8|FUNDACION ARTURO LOPEZ PEREZ,70377400-8,FUNDACION ARTURO LOPEZ PEREZ,CORRECTIVA NO PROGRAMADA,FINISHED,rguapache,LINAC-153038,674531,LINKED_TO_MISSING_OR_RESTRICTED_ZENDESK,0,0,0,0,0,0,,,,,,,NO_USED_PARTS
1286,2021-12-03T11:30:00.000Z,FIELD_BEAT_CLIENT|76.746.730-3|CLÍNICA SANATORIO ALEMÁN (ONCORAD),76.746.730-3,CLÍNICA SANATORIO ALEMÁN (ONCORAD),PREVENTIVA PROGRAMADA,FINISHED,ebecker,Linac-201110,,NO_TICKET_REPORTED,1,0,1,0,0,1,,,N/A,N/A,PLACEHOLDER_VALUE,PLACEHOLDER_REJECTED,HAS_PLACEHOLDERS
1287,2021-12-03T20:31:00.000Z,FIELD_BEAT_CLIENT|96.770.100-9|CLINICA ALEMANA DE SANTIAGO,96.770.100-9,CLINICA ALEMANA DE SANTIAGO,PREVENTIVA PROGRAMADA,FINISHED,ccarrasquel,Linac-151673,315212,LINKED_TO_MISSING_OR_RESTRICTED_ZENDESK,1,1,0,0,0,0,1531852,10372,1531852,FRU XY Drive Unit,MATCHED,REF_EXACT,OK
1288,2021-12-04T17:51:00.000Z,FIELD_BEAT_CLIENT|81.698.900-0|UC CHRISTUS - CECA,81.698.900-0,UC CHRISTUS - CECA,CORRECTIVA PROGRAMADA,FINISHED,ccarrasquel,Linac-153935,240899,LINKED_TO_MISSING_OR_RESTRICTED_ZENDESK,0,0,0,0,0,0,,,,,,,NO_USED_PARTS
1289,2021-12-05T00:02:00.000Z,FIELD_BEAT_CLIENT|70377400-8|FUNDACION ARTURO LOPEZ PEREZ,70377400-8,FUNDACION ARTURO LOPEZ PEREZ,,ARCHIVED,,LINAC-153038,,NO_TICKET_REPORTED,0,0,0,0,0,0,,,,,,,NO_USED_PARTS
1290,2021-12-05T00:08:00.000Z,FIELD_BEAT_CLIENT|70377400-8|FUNDACION ARTURO LOPEZ PEREZ,70377400-8,FUNDACION ARTURO LOPEZ PEREZ,CORRECTIVA PROGRAMADA,FINISHED,ccarrasquel,LINAC-153038,674531,LINKED_TO_MISSING_OR_RESTRICTED_ZENDESK,1,1,0,0,0,0,45133302802,10997,45133302802,"motor assembly, pancake",MATCHED,REF_EXACT,OK
1291,2021-12-05T01:32:00.000Z,FIELD_BEAT_CLIENT|96.770.100-9|CLINICA ALEMANA DE SANTIAGO,96.770.100-9,CLINICA ALEMANA DE SANTIAGO,CORRECTIVA PROGRAMADA,FINISHED,ccarrasquel,Linac-151673,159610,LINKED_TO_MISSING_OR_RESTRICTED_ZENDESK,0,0,0,0,0,0,,,,,,,NO_USED_PARTS
1292,2021-12-06T12:00:00.000Z,FIELD_BEAT_CLIENT|70377400-8|FUNDACION ARTURO LOPEZ PEREZ,70377400-8,FUNDACION ARTURO LOPEZ PEREZ,CORRECTIVA NO PROGRAMADA,FINISHED,rcammalleri,,,NO_TICKET_REPORTED,0,0,0,0,0,0,,,,,,,NO_USED_PARTS
1293,2021-12-07T10:00:00.000Z,FIELD_BEAT_CLIENT|61.606.500-9|HOSPITAL CARLOS VAN BUREN (SSVSA),61.606.500-9,HOSPITAL CARLOS VAN BUREN (SSVSA),CORRECTIVA PROGRAMADA,FINISHED,jecheverria,,000000000,LINKED_TO_MISSING_OR_RESTRICTED_ZENDESK,1,1,0,0,0,1,1006737_usado,12071,1006737,SERVO INPUT BOARD (SIB),MATCHED,REF_LIKE,REVIEW_REQUIRED
1294,2021-12-07T15:15:00.000Z,FIELD_BEAT_CLIENT|96.770.100-9|CLINICA ALEMANA DE SANTIAGO,96.770.100-9,CLINICA ALEMANA DE SANTIAGO,REQUERIMIENTO DEL CLIENTE,FINISHED,varenas,,,NO_TICKET_REPORTED,0,0,0,0,0,0,,,,,,,NO_USED_PARTS
1295,2021-12-07T13:30:00.000Z,FIELD_BEAT_CLIENT|76.746.730-3|CLÍNICA SANATORIO ALEMÁN (ONCORAD),76.746.730-3,CLÍNICA SANATORIO ALEMÁN (ONCORAD),CORRECTIVA NO PROGRAMADA,FINISHED,ebecker,Linac-201110,,NO_TICKET_REPORTED,1,0,1,0,0,1,,,N/A,N/A,PLACEHOLDER_VALUE,PLACEHOLDER_REJECTED,HAS_PLACEHOLDERS
1296,2021-12-07T18:30:00.000Z,FIELD_BEAT_CLIENT|70377400-8|FUNDACION ARTURO LOPEZ PEREZ,70377400-8,FUNDACION ARTURO LOPEZ PEREZ,CORRECTIVA NO PROGRAMADA,FINISHED,rcammalleri,APOTECA-PS,,NO_TICKET_REPORTED,0,0,0,0,0,0,,,,,,,NO_USED_PARTS
1297,2021-12-07T19:00:00.000Z,FIELD_BEAT_CLIENT|70377400-8|FUNDACION ARTURO LOPEZ PEREZ,70377400-8,FUNDACION ARTURO LOPEZ PEREZ,REQUERIMIENTO DEL CLIENTE,FINISHED,rcammalleri,APOTECA-CHEMO,,NO_TICKET_REPORTED,0,0,0,0,0,0,,,,,,,NO_USED_PARTS
1298,2021-12-07T22:53:00.000Z,FIELD_BEAT_CLIENT|70377400-8|FUNDACION ARTURO LOPEZ PEREZ,70377400-8,FUNDACION ARTURO LOPEZ PEREZ,REQUERIMIENTO DEL CLIENTE,FINISHED,ccarrasquel,LINAC-153038,487058,LINKED_TO_MISSING_OR_RESTRICTED_ZENDESK,0,0,0,0,0,0,,,,,,,NO_USED_PARTS
1299,2021-12-09T01:29:00.000Z,FIELD_BEAT_CLIENT|70377400-8|FUNDACION ARTURO LOPEZ PEREZ,70377400-8,FUNDACION ARTURO LOPEZ PEREZ,CORRECTIVA PROGRAMADA,FINISHED,ccarrasquel,LINAC-153038,487085,LINKED_TO_MISSING_OR_RESTRICTED_ZENDESK,0,0,0,0,0,0,,,,,,,NO_USED_PARTS
1300,2021-12-09T15:50:00.000Z,FIELD_BEAT_CLIENT|96.757.430-9|INRAD,96.757.430-9,INRAD,CORRECTIVA NO PROGRAMADA,FINISHED,ccarrasquel,Linac-201172,864151,LINKED_TO_MISSING_OR_RESTRICTED_ZENDESK,0,0,0,0,0,0,,,,,,,NO_USED_PARTS
1301,2021-12-10T13:38:00.000Z,FIELD_BEAT_CLIENT|61.608.404-6|Instituto Nacional del Cáncer (INC),61.608.404-6,Instituto Nacional del Cáncer (INC),CORRECTIVA PROGRAMADA,FINISHED,ccarrasquel,INC-INFINITY01,599574,LINKED_TO_MISSING_OR_RESTRICTED_ZENDESK,1,1,0,0,0,0,1511862,10121,1511862,"PCB ASSY, AI12 BIT, PROGRAMMED",MATCHED,REF_EXACT,OK
1302,2021-12-09T19:30:00.000Z,FIELD_BEAT_CLIENT|76.746.730-3|CLÍNICA SANATORIO ALEMÁN (ONCORAD),76.746.730-3,CLÍNICA SANATORIO ALEMÁN (ONCORAD),CORRECTIVA NO PROGRAMADA,FINISHED,ebecker,Linac-201110,,NO_TICKET_REPORTED,1,0,1,0,0,1,,,N/A,N/A,PLACEHOLDER_VALUE,PLACEHOLDER_REJECTED,HAS_PLACEHOLDERS
1303,2021-12-10T15:00:00.000Z,FIELD_BEAT_CLIENT|96.770.100-9|CLINICA ALEMANA DE SANTIAGO,96.770.100-9,CLINICA ALEMANA DE SANTIAGO,REQUERIMIENTO DEL CLIENTE,FINISHED,varenas,,,NO_TICKET_REPORTED,0,0,0,0,0,0,,,,,,,NO_USED_PARTS
1304,2021-12-10T11:30:00.000Z,FIELD_BEAT_CLIENT|70377400-8|FUNDACION ARTURO LOPEZ PEREZ,70377400-8,FUNDACION ARTURO LOPEZ PEREZ,CORRECTIVA PROGRAMADA,FINISHED,rcammalleri,APOTECA-CHEMO,,NO_TICKET_REPORTED,0,0,0,0,0,0,,,,,,,NO_USED_PARTS
1305,2021-12-15T00:30:00.000Z,FIELD_BEAT_CLIENT|81.698.900-0|UC CHRISTUS - CECA,81.698.900-0,UC CHRISTUS - CECA,ASISTENCIA REMOTA,FINISHED,rguapache,Linac-153935,84769,LINKED_TO_MISSING_OR_RESTRICTED_ZENDESK,0,0,0,0,0,0,,,,,,,NO_USED_PARTS
1306,2021-12-15T14:12:00.000Z,FIELD_BEAT_CLIENT|81.698.900-0|UC CHRISTUS - CECA,81.698.900-0,UC CHRISTUS - CECA,CORRECTIVA PROGRAMADA,FINISHED,ccarrasquel,Linac-153935,274725,LINKED_TO_MISSING_OR_RESTRICTED_ZENDESK,1,1,0,0,0,0,03-999-1290,12067,03-999-1290,"Hexa POD, Handheld Controller",MATCHED,REF_EXACT,OK
1307,2021-12-15T14:35:00.000Z,FIELD_BEAT_CLIENT|61.605.000-1|INSTITUTO DE SALUD PUBLICA (ISP),61.605.000-1,INSTITUTO DE SALUD PUBLICA (ISP),REQUERIMIENTO DEL CLIENTE,FINISHED,jecheverria,,00000,LINKED_TO_MISSING_OR_RESTRICTED_ZENDESK,1,0,0,1,0,1,,,64607 EFM,NR 2 LAMPARAS HALOGENO 8V 50 W OSRAM,NO_MATCH,NONE,HAS_UNMATCHED_PARTS
1308,2021-12-16T15:46:00.000Z,FIELD_BEAT_CLIENT|96.770.100-9|CLINICA ALEMANA DE SANTIAGO,96.770.100-9,CLINICA ALEMANA DE SANTIAGO,CORRECTIVA PROGRAMADA,FINISHED,ccarrasquel,Linac-151673,545781,LINKED_TO_MISSING_OR_RESTRICTED_ZENDESK,0,0,0,0,0,0,,,,,,,NO_USED_PARTS
1309,2021-12-16T20:00:00.000Z,FIELD_BEAT_CLIENT|70377400-8|FUNDACION ARTURO LOPEZ PEREZ,70377400-8,FUNDACION ARTURO LOPEZ PEREZ,REQUERIMIENTO DEL CLIENTE,FINISHED,rcammalleri,APOTECA-PS,,NO_TICKET_REPORTED,0,0,0,0,0,0,,,,,,,NO_USED_PARTS
1310,2021-12-17T16:22:00.000Z,FIELD_BEAT_CLIENT|96.770.100-9|CLINICA ALEMANA DE SANTIAGO,96.770.100-9,CLINICA ALEMANA DE SANTIAGO,CORRECTIVA PROGRAMADA,FINISHED,ccarrasquel,Linac-151673,877450,LINKED_TO_MISSING_OR_RESTRICTED_ZENDESK,0,0,0,0,0,0,,,,,,,NO_USED_PARTS
1311,2021-12-18T15:24:00.000Z,FIELD_BEAT_CLIENT|61.606.500-9|HOSPITAL CARLOS VAN BUREN (SSVSA),61.606.500-9,HOSPITAL CARLOS VAN BUREN (SSVSA),PREVENTIVA PROGRAMADA,FINISHED,jecheverria,,507391,LINKED_TO_MISSING_OR_RESTRICTED_ZENDESK,1,0,1,0,0,1,,,NA,NA,PLACEHOLDER_VALUE,PLACEHOLDER_REJECTED,HAS_PLACEHOLDERS
1312,2021-12-18T15:41:00.000Z,FIELD_BEAT_CLIENT|61.606.500-9|HOSPITAL CARLOS VAN BUREN (SSVSA),61.606.500-9,HOSPITAL CARLOS VAN BUREN (SSVSA),PREVENTIVA PROGRAMADA,FINISHED,jecheverria,,290214,LINKED_TO_MISSING_OR_RESTRICTED_ZENDESK,1,0,1,0,0,1,,,NA,NA,PLACEHOLDER_VALUE,PLACEHOLDER_REJECTED,HAS_PLACEHOLDERS
1313,2021-12-21T19:10:00.000Z,FIELD_BEAT_CLIENT|96.770.100-9|CLINICA ALEMANA DE SANTIAGO,96.770.100-9,CLINICA ALEMANA DE SANTIAGO,CORRECTIVA PROGRAMADA,FINISHED,ccarrasquel,Linac-152171,414010,LINKED_TO_MISSING_OR_RESTRICTED_ZENDESK,0,0,0,0,0,0,,,,,,,NO_USED_PARTS
1314,2021-12-21T20:30:00.000Z,FIELD_BEAT_CLIENT|70377400-8|FUNDACION ARTURO LOPEZ PEREZ,70377400-8,FUNDACION ARTURO LOPEZ PEREZ,CORRECTIVA PROGRAMADA,FINISHED,acorbea,LINAC-153038,285305,LINKED_TO_MISSING_OR_RESTRICTED_ZENDESK,1,1,0,0,0,0,1502738,11107,1502738,"Fru, thumbwheels pwb",MATCHED,REF_EXACT,OK
1315,2021-12-23T14:05:00.000Z,FIELD_BEAT_CLIENT|79.560.900-8|RADIO NUCLEAR,79.560.900-8,RADIO NUCLEAR,CORRECTIVA PROGRAMADA,FINISHED,ccarrasquel,Linac-151238,911108,LINKED_TO_MISSING_OR_RESTRICTED_ZENDESK,0,0,0,0,0,0,,,,,,,NO_USED_PARTS
1316,2021-12-23T12:00:00.000Z,FIELD_BEAT_CLIENT|96.770.100-9|CLINICA ALEMANA DE SANTIAGO,96.770.100-9,CLINICA ALEMANA DE SANTIAGO,CORRECTIVA PROGRAMADA,FINISHED,rcammalleri,TPS-CAS,167765,LINKED_TO_MISSING_OR_RESTRICTED_ZENDESK,0,0,0,0,0,0,,,,,,,NO_USED_PARTS
1317,2021-12-23T22:30:00.000Z,FIELD_BEAT_CLIENT|70377400-8|FUNDACION ARTURO LOPEZ PEREZ,70377400-8,FUNDACION ARTURO LOPEZ PEREZ,CORRECTIVA NO PROGRAMADA,FINISHED,acorbea,LINAC-153038,285305,LINKED_TO_MISSING_OR_RESTRICTED_ZENDESK,1,1,0,0,0,0,1502740,11554,1502740,"fru, thumbwheel side B",MATCHED,REF_EXACT,OK
1318,2021-12-24T12:00:00.000Z,FIELD_BEAT_CLIENT|81.698.900-0|UC CHRISTUS - CECA,81.698.900-0,UC CHRISTUS - CECA,CORRECTIVA NO PROGRAMADA,FINISHED,rguapache,Linac-153935,903028,LINKED_TO_MISSING_OR_RESTRICTED_ZENDESK,0,0,0,0,0,0,,,,,,,NO_USED_PARTS
1319,2021-12-26T16:02:00.000Z,FIELD_BEAT_CLIENT|70377400-8|FUNDACION ARTURO LOPEZ PEREZ,70377400-8,FUNDACION ARTURO LOPEZ PEREZ,CORRECTIVA PROGRAMADA,FINISHED,ccarrasquel,LINAC-153038,,NO_TICKET_REPORTED,0,0,0,0,0,0,,,,,,,NO_USED_PARTS
1320,2021-12-27T13:06:00.000Z,FIELD_BEAT_CLIENT|81.698.900-0|UC CHRISTUS - CECA,81.698.900-0,UC CHRISTUS - CECA,CORRECTIVA PROGRAMADA,FINISHED,ccarrasquel,Linac-153935,,NO_TICKET_REPORTED,0,0,0,0,0,0,,,,,,,NO_USED_PARTS
1321,2021-12-27T13:00:00.000Z,FIELD_BEAT_CLIENT|61.606.500-9|HOSPITAL CARLOS VAN BUREN (SSVSA),61.606.500-9,HOSPITAL CARLOS VAN BUREN (SSVSA),CORRECTIVA NO PROGRAMADA,FINISHED,jecheverria,,,NO_TICKET_REPORTED,1,0,1,0,0,1,,,SN,NA,PLACEHOLDER_VALUE,PLACEHOLDER_REJECTED,HAS_PLACEHOLDERS
1322,2021-12-28T11:45:00.000Z,FIELD_BEAT_CLIENT|70377400-8|FUNDACION ARTURO LOPEZ PEREZ,70377400-8,FUNDACION ARTURO LOPEZ PEREZ,CORRECTIVA NO PROGRAMADA,FINISHED,acorbea,LINAC-153038,368560,LINKED_TO_MISSING_OR_RESTRICTED_ZENDESK,1,0,0,0,1,1,,,1547237,"kit, luminus proj assy and pcb led control",AMBIGUOUS_MATCH,REF_LIKE,HAS_AMBIGUOUS_PARTS
1323,2021-12-30T13:19:00.000Z,FIELD_BEAT_CLIENT|79.560.900-8|RADIO NUCLEAR,79.560.900-8,RADIO NUCLEAR,CORRECTIVA PROGRAMADA,FINISHED,ccarrasquel,Linac-151238,886290,LINKED_TO_MISSING_OR_RESTRICTED_ZENDESK,0,0,0,0,0,0,,,,,,,NO_USED_PARTS
1324,2021-12-30T19:00:00.000Z,FIELD_BEAT_CLIENT|70377400-8|FUNDACION ARTURO LOPEZ PEREZ,70377400-8,FUNDACION ARTURO LOPEZ PEREZ,CORRECTIVA PROGRAMADA,FINISHED,ccarrasquel,LINAC-153038,479892,LINKED_TO_MISSING_OR_RESTRICTED_ZENDESK,1,1,0,0,0,0,1502613,10994,1502613,"Mod Kit, Laser ODI Lamp",MATCHED,REF_EXACT,OK
1325,2021-12-30T22:45:00.000Z,FIELD_BEAT_CLIENT|70377400-8|FUNDACION ARTURO LOPEZ PEREZ,70377400-8,FUNDACION ARTURO LOPEZ PEREZ,CORRECTIVA NO PROGRAMADA,FINISHED,acorbea,LINAC-153038,595495,LINKED_TO_MISSING_OR_RESTRICTED_ZENDESK,0,0,0,0,0,0,,,,,,,NO_USED_PARTS
1326,2022-01-04T11:00:00.000Z,FIELD_BEAT_CLIENT|96.770.100-9|CLINICA ALEMANA DE SANTIAGO,96.770.100-9,CLINICA ALEMANA DE SANTIAGO,CORRECTIVA NO PROGRAMADA,FINISHED,rguapache,Linac-152171,244427,LINKED_TO_MISSING_OR_RESTRICTED_ZENDESK,0,0,0,0,0,0,,,,,,,NO_USED_PARTS
1327,2022-01-07T17:00:00.000Z,FIELD_BEAT_CLIENT|70377400-8|FUNDACION ARTURO LOPEZ PEREZ,70377400-8,FUNDACION ARTURO LOPEZ PEREZ,REQUERIMIENTO DEL CLIENTE,FINISHED,rcammalleri,APOTECA-CHEMO,,NO_TICKET_REPORTED,0,0,0,0,0,0,,,,,,,NO_USED_PARTS
1328,2022-01-10T15:49:00.000Z,FIELD_BEAT_CLIENT|61.608.404-6|Instituto Nacional del Cáncer (INC),61.608.404-6,Instituto Nacional del Cáncer (INC),CORRECTIVA PROGRAMADA,FINISHED,ccarrasquel,INC-INFINITY01,321375,LINKED_TO_MISSING_OR_RESTRICTED_ZENDESK,0,0,0,0,0,0,,,,,,,NO_USED_PARTS
1329,2022-01-12T15:53:00.000Z,FIELD_BEAT_CLIENT|76.105.383-3|TORRE MÉDICA - RANCAGUA,76.105.383-3,TORRE MÉDICA - RANCAGUA,PREVENTIVA PROGRAMADA,FINISHED,ccarrasquel,Linac-105277,,NO_TICKET_REPORTED,0,0,0,0,0,0,,,,,,,NO_USED_PARTS
1330,2022-01-13T19:47:00.000Z,FIELD_BEAT_CLIENT|96.757.430-9|INRAD,96.757.430-9,INRAD,CORRECTIVA PROGRAMADA,FINISHED,ccarrasquel,Linac-201172,864151,LINKED_TO_MISSING_OR_RESTRICTED_ZENDESK,1,1,0,0,0,0,1050661,11379,1050661,detector cable A (C),MATCHED,REF_EXACT,OK
1331,2022-01-15T11:30:00.000Z,FIELD_BEAT_CLIENT|81.698.900-0|UC CHRISTUS - CECA,81.698.900-0,UC CHRISTUS - CECA,CORRECTIVA PROGRAMADA,FINISHED,acorbea,Linac-153935,326756,LINKED_TO_MISSING_OR_RESTRICTED_ZENDESK,1,0,1,0,0,1,,,n/a,n/a,PLACEHOLDER_VALUE,PLACEHOLDER_REJECTED,HAS_PLACEHOLDERS
1332,2022-01-15T12:00:00.000Z,FIELD_BEAT_CLIENT|61.606.500-9|HOSPITAL CARLOS VAN BUREN (SSVSA),61.606.500-9,HOSPITAL CARLOS VAN BUREN (SSVSA),CORRECTIVA PROGRAMADA,FINISHED,jecheverria,TPS-HCVB,375731,LINKED_TO_MISSING_OR_RESTRICTED_ZENDESK,1,0,1,0,0,1,,,NA,UPS AP,PLACEHOLDER_VALUE,PLACEHOLDER_REJECTED,HAS_PLACEHOLDERS
1333,2022-01-15T14:35:00.000Z,FIELD_BEAT_CLIENT|61.606.500-9|HOSPITAL CARLOS VAN BUREN (SSVSA),61.606.500-9,HOSPITAL CARLOS VAN BUREN (SSVSA),CORRECTIVA PROGRAMADA,FINISHED,jecheverria,,686250,LINKED_TO_MISSING_OR_RESTRICTED_ZENDESK,1,0,1,0,0,1,,,NA,NA,PLACEHOLDER_VALUE,PLACEHOLDER_REJECTED,HAS_PLACEHOLDERS
1334,2022-01-17T11:30:00.000Z,FIELD_BEAT_CLIENT|70377400-8|FUNDACION ARTURO LOPEZ PEREZ,70377400-8,FUNDACION ARTURO LOPEZ PEREZ,CORRECTIVA PROGRAMADA,ARCHIVED,glopez,LINAC-153038,,NO_TICKET_REPORTED,0,0,0,0,0,0,,,,,,,NO_USED_PARTS
1335,2022-01-05T15:00:00.000Z,FIELD_BEAT_CLIENT|70377400-8|FUNDACION ARTURO LOPEZ PEREZ,70377400-8,FUNDACION ARTURO LOPEZ PEREZ,CORRECTIVA PROGRAMADA,FINISHED,rguapache,LINAC-153038,553258,LINKED_TO_MISSING_OR_RESTRICTED_ZENDESK,1,1,0,0,0,0,1527814,11929,1527814,Ion Pump IPCU,MATCHED,REF_EXACT,OK
1336,2022-01-06T11:30:00.000Z,FIELD_BEAT_CLIENT|70377400-8|FUNDACION ARTURO LOPEZ PEREZ,70377400-8,FUNDACION ARTURO LOPEZ PEREZ,CORRECTIVA PROGRAMADA,FINISHED,rguapache,LINAC-153038,508853,LINKED_TO_MISSING_OR_RESTRICTED_ZENDESK,2,2,0,0,0,1,1006737_usado|1022473,12071|11983,1006737|1022473,SIB PCB|Bending Magnet Assembly Repair Kit,MATCHED,REF_LIKE|REF_EXACT,REVIEW_REQUIRED
1337,2022-01-10T11:30:00.000Z,FIELD_BEAT_CLIENT|70377400-8|FUNDACION ARTURO LOPEZ PEREZ,70377400-8,FUNDACION ARTURO LOPEZ PEREZ,CORRECTIVA PROGRAMADA,FINISHED,rguapache,LINAC-153038,,NO_TICKET_REPORTED,0,0,0,0,0,0,,,,,,,NO_USED_PARTS
1338,2022-01-12T00:00:00.000Z,FIELD_BEAT_CLIENT|70377400-8|FUNDACION ARTURO LOPEZ PEREZ,70377400-8,FUNDACION ARTURO LOPEZ PEREZ,CORRECTIVA NO PROGRAMADA,FINISHED,rguapache,LINAC-153038,508853,LINKED_TO_MISSING_OR_RESTRICTED_ZENDESK,2,1,0,1,0,1,1024939,10776,1538489|1024939,Diaphragm/DLG PCB|Assy 40x40x10mm LED Projector FAN Heatsink,NO_MATCH|MATCHED,NONE|REF_EXACT,HAS_UNMATCHED_PARTS
1339,2022-01-13T02:10:00.000Z,FIELD_BEAT_CLIENT|70377400-8|FUNDACION ARTURO LOPEZ PEREZ,70377400-8,FUNDACION ARTURO LOPEZ PEREZ,CORRECTIVA NO PROGRAMADA,FINISHED,rguapache,LINAC-153038,815543,LINKED_TO_MISSING_OR_RESTRICTED_ZENDESK,0,0,0,0,0,0,,,,,,,NO_USED_PARTS
1340,2022-01-14T20:47:00.000Z,FIELD_BEAT_CLIENT|70377400-8|FUNDACION ARTURO LOPEZ PEREZ,70377400-8,FUNDACION ARTURO LOPEZ PEREZ,CORRECTIVA NO PROGRAMADA,FINISHED,rguapache,LINAC-153038,,NO_TICKET_REPORTED,1,1,0,0,0,0,45133304800,10375,45133304800,Electrón Gun Assy,MATCHED,REF_EXACT,OK
1341,2022-01-14T15:00:00.000Z,FIELD_BEAT_CLIENT|70377400-8|FUNDACION ARTURO LOPEZ PEREZ,70377400-8,FUNDACION ARTURO LOPEZ PEREZ,PREVENTIVA PROGRAMADA,FINISHED,rguapache,LINAC-153038,,NO_TICKET_REPORTED,0,0,0,0,0,0,,,,,,,NO_USED_PARTS
1342,2022-01-17T10:30:00.000Z,FIELD_BEAT_CLIENT|70377400-8|FUNDACION ARTURO LOPEZ PEREZ,70377400-8,FUNDACION ARTURO LOPEZ PEREZ,CORRECTIVA PROGRAMADA,FINISHED,rguapache,LINAC-153038,346122,LINKED_TO_MISSING_OR_RESTRICTED_ZENDESK,0,0,0,0,0,0,,,,,,,NO_USED_PARTS
1343,2021-09-11T11:30:00.000Z,FIELD_BEAT_CLIENT|70377400-8|FUNDACION ARTURO LOPEZ PEREZ,70377400-8,FUNDACION ARTURO LOPEZ PEREZ,PREVENTIVA PROGRAMADA,FINISHED,rguapache,LINAC-153038,,NO_TICKET_REPORTED,0,0,0,0,0,0,,,,,,,NO_USED_PARTS
1344,2022-01-17T22:20:00.000Z,FIELD_BEAT_CLIENT|81.698.900-0|UC CHRISTUS - CECA,81.698.900-0,UC CHRISTUS - CECA,CORRECTIVA NO PROGRAMADA,FINISHED,rguapache,Linac-153935,844191,LINKED_TO_MISSING_OR_RESTRICTED_ZENDESK,1,1,0,0,0,0,1534958,11034,1534958,"Kit, spares leaf motor",MATCHED,REF_EXACT,OK
1345,2022-01-18T18:46:00.000Z,FIELD_BEAT_CLIENT|70377400-8|FUNDACION ARTURO LOPEZ PEREZ,70377400-8,FUNDACION ARTURO LOPEZ PEREZ,CORRECTIVA PROGRAMADA,FINISHED,rguapache,LINAC-153038,720356,LINKED_TO_MISSING_OR_RESTRICTED_ZENDESK,0,0,0,0,0,0,,,,,,,NO_USED_PARTS
1346,2022-01-19T13:00:00.000Z,FIELD_BEAT_CLIENT|61.608.404-6|Instituto Nacional del Cáncer (INC),61.608.404-6,Instituto Nacional del Cáncer (INC),INSTALACION - INTEGRACION,FINISHED,rcammalleri,INC-INFINITY01,0000,LINKED_TO_MISSING_OR_RESTRICTED_ZENDESK,0,0,0,0,0,0,,,,,,,NO_USED_PARTS
1347,2022-01-19T20:00:00.000Z,FIELD_BEAT_CLIENT|79.560.900-8|RADIO NUCLEAR,79.560.900-8,RADIO NUCLEAR,CORRECTIVA NO PROGRAMADA,FINISHED,acorbea,Linac-151238,903908,LINKED_TO_MISSING_OR_RESTRICTED_ZENDESK,1,0,1,0,0,1,,,n/a,n/a,PLACEHOLDER_VALUE,PLACEHOLDER_REJECTED,HAS_PLACEHOLDERS
1348,2022-01-20T11:30:00.000Z,FIELD_BEAT_CLIENT|81.698.900-0|UC CHRISTUS - CECA,81.698.900-0,UC CHRISTUS - CECA,INSTALACION - INTEGRACION,FINISHED,rcammalleri,TPS-UC,0000,LINKED_TO_MISSING_OR_RESTRICTED_ZENDESK,0,0,0,0,0,0,,,,,,,NO_USED_PARTS
1349,2022-01-21T12:10:00.000Z,FIELD_BEAT_CLIENT|61.608.404-6|Instituto Nacional del Cáncer (INC),61.608.404-6,Instituto Nacional del Cáncer (INC),CORRECTIVA PROGRAMADA,FINISHED,ccarrasquel,INC-INFINITY01,983006,LINKED_TO_MISSING_OR_RESTRICTED_ZENDESK,0,0,0,0,0,0,,,,,,,NO_USED_PARTS
1350,2022-01-21T12:00:00.000Z,FIELD_BEAT_CLIENT|70377400-8|FUNDACION ARTURO LOPEZ PEREZ,70377400-8,FUNDACION ARTURO LOPEZ PEREZ,CORRECTIVA NO PROGRAMADA,FINISHED,rcammalleri,APOTECA-PS,,NO_TICKET_REPORTED,0,0,0,0,0,0,,,,,,,NO_USED_PARTS
1351,2021-10-22T19:30:00.000Z,FIELD_BEAT_CLIENT|96.770.100-9|CLINICA ALEMANA DE SANTIAGO,96.770.100-9,CLINICA ALEMANA DE SANTIAGO,PREVENTIVA PROGRAMADA,FINISHED,rguapache,Linac-152171,,NO_TICKET_REPORTED,0,0,0,0,0,0,,,,,,,NO_USED_PARTS
1352,2022-01-21T17:30:00.000Z,FIELD_BEAT_CLIENT|61.606.500-9|HOSPITAL CARLOS VAN BUREN (SSVSA),61.606.500-9,HOSPITAL CARLOS VAN BUREN (SSVSA),PREVENTIVA PROGRAMADA,FINISHED,jecheverria,,,NO_TICKET_REPORTED,0,0,0,0,0,0,,,,,,,NO_USED_PARTS
1353,2022-01-24T11:30:00.000Z,FIELD_BEAT_CLIENT|70377400-8|FUNDACION ARTURO LOPEZ PEREZ,70377400-8,FUNDACION ARTURO LOPEZ PEREZ,CORRECTIVA NO PROGRAMADA,FINISHED,rguapache,LINAC-153038,487085,LINKED_TO_MISSING_OR_RESTRICTED_ZENDESK,0,0,0,0,0,0,,,,,,,NO_USED_PARTS
1354,2022-01-24T16:31:00.000Z,FIELD_BEAT_CLIENT|79.560.900-8|RADIO NUCLEAR,79.560.900-8,RADIO NUCLEAR,CORRECTIVA PROGRAMADA,FINISHED,ccarrasquel,Linac-151238,355432,LINKED_TO_MISSING_OR_RESTRICTED_ZENDESK,0,0,0,0,0,0,,,,,,,NO_USED_PARTS
1355,2022-01-24T18:00:00.000Z,FIELD_BEAT_CLIENT|70377400-8|FUNDACION ARTURO LOPEZ PEREZ,70377400-8,FUNDACION ARTURO LOPEZ PEREZ,CORRECTIVA PROGRAMADA,FINISHED,rcammalleri,APOTECA-CHEMO,,NO_TICKET_REPORTED,0,0,0,0,0,0,,,,,,,NO_USED_PARTS
1356,2022-01-25T02:47:00.000Z,FIELD_BEAT_CLIENT|81.698.900-0|UC CHRISTUS - CECA,81.698.900-0,UC CHRISTUS - CECA,CORRECTIVA PROGRAMADA,FINISHED,ccarrasquel,Linac-153935,988322,LINKED_TO_MISSING_OR_RESTRICTED_ZENDESK,0,0,0,0,0,0,,,,,,,NO_USED_PARTS
1357,2022-01-27T15:00:00.000Z,FIELD_BEAT_CLIENT|96.770.100-9|CLINICA ALEMANA DE SANTIAGO,96.770.100-9,CLINICA ALEMANA DE SANTIAGO,REQUERIMIENTO DEL CLIENTE,FINISHED,varenas,Linac-152171|Linac-151673,359310,LINKED_TO_MISSING_OR_RESTRICTED_ZENDESK,0,0,0,0,0,0,,,,,,,NO_USED_PARTS
1358,2022-01-27T20:00:00.000Z,FIELD_BEAT_CLIENT|70377400-8|FUNDACION ARTURO LOPEZ PEREZ,70377400-8,FUNDACION ARTURO LOPEZ PEREZ,CORRECTIVA PROGRAMADA,FINISHED,rguapache,LINAC-153038,481510,LINKED_TO_MISSING_OR_RESTRICTED_ZENDESK,1,0,0,1,0,1,,,1038684 01,"PCB ASSY, BACKPLANE",NO_MATCH,NONE,HAS_UNMATCHED_PARTS
1359,2022-01-27T20:00:00.000Z,FIELD_BEAT_CLIENT|61.608.404-6|Instituto Nacional del Cáncer (INC),61.608.404-6,Instituto Nacional del Cáncer (INC),INSTALACION - INTEGRACION,FINISHED,varenas,INC-INFINITY01,333928,LINKED_TO_MISSING_OR_RESTRICTED_ZENDESK,0,0,0,0,0,0,,,,,,,NO_USED_PARTS
1360,2022-01-28T17:00:00.000Z,FIELD_BEAT_CLIENT|61.607.901-8|SERVICIO DE SALUD DE MAGALLANES,61.607.901-8,SERVICIO DE SALUD DE MAGALLANES,CORRECTIVA PROGRAMADA,FINISHED,raguila,,,NO_TICKET_REPORTED,1,0,0,0,1,1,,,"4513 332 6590
10104958
4513 332 7663
4513 332 7662
4513 332 6443
81130242521","01 cámara lens
01 cámara mirror
01 proyector mirror
01 bean Spitzer mirror
01 motor assembly (lámina 17) 
01 tornillo leadscrew (lámina 17)
kit de limpieza para optica
grasa Ep2",AMBIGUOUS_MATCH,REF_LIKE,HAS_AMBIGUOUS_PARTS
1361,2022-02-02T19:00:00.000Z,FIELD_BEAT_CLIENT|76.746.730-3|CLÍNICA SANATORIO ALEMÁN (ONCORAD),76.746.730-3,CLÍNICA SANATORIO ALEMÁN (ONCORAD),CORRECTIVA NO PROGRAMADA,FINISHED,ebecker,Linac-201110,,NO_TICKET_REPORTED,1,0,1,0,0,1,,,N/A,N/A,PLACEHOLDER_VALUE,PLACEHOLDER_REJECTED,HAS_PLACEHOLDERS
1362,2022-01-29T12:30:00.000Z,FIELD_BEAT_CLIENT|61.606.500-9|HOSPITAL CARLOS VAN BUREN (SSVSA),61.606.500-9,HOSPITAL CARLOS VAN BUREN (SSVSA),PREVENTIVA PROGRAMADA,FINISHED,aecheverria,Linac-154325,0000,LINKED_TO_MISSING_OR_RESTRICTED_ZENDESK,0,0,0,0,0,0,,,,,,,NO_USED_PARTS
1363,2022-02-04T13:00:00.000Z,FIELD_BEAT_CLIENT|61.608.404-6|Instituto Nacional del Cáncer (INC),61.608.404-6,Instituto Nacional del Cáncer (INC),PREVENTIVA PROGRAMADA,FINISHED,rguapache,INC-INFINITY01,318046,LINKED_TO_MISSING_OR_RESTRICTED_ZENDESK,1,0,0,1,0,1,,,1538489,"DLG, PCB",NO_MATCH,NONE,HAS_UNMATCHED_PARTS
1364,2022-02-03T11:30:00.000Z,FIELD_BEAT_CLIENT|61.606.500-9|HOSPITAL CARLOS VAN BUREN (SSVSA),61.606.500-9,HOSPITAL CARLOS VAN BUREN (SSVSA),CORRECTIVA PROGRAMADA,FINISHED,varenas,Linac-154325,20001502053,LINKED_TO_MISSING_OR_RESTRICTED_ZENDESK,1,0,1,0,0,1,,,,kits upgrade nss e integrity,PLACEHOLDER_VALUE,PLACEHOLDER_REJECTED,HAS_PLACEHOLDERS
1365,2022-02-07T10:30:00.000Z,FIELD_BEAT_CLIENT|96.770.100-9|CLINICA ALEMANA DE SANTIAGO,96.770.100-9,CLINICA ALEMANA DE SANTIAGO,CORRECTIVA NO PROGRAMADA,FINISHED,rguapache,Linac-151673,,NO_TICKET_REPORTED,0,0,0,0,0,0,,,,,,,NO_USED_PARTS
1366,2022-02-07T20:00:00.000Z,FIELD_BEAT_CLIENT|96.770.100-9|CLINICA ALEMANA DE SANTIAGO,96.770.100-9,CLINICA ALEMANA DE SANTIAGO,CORRECTIVA NO PROGRAMADA,PAUSED,acorbea,Linac-152171|Linac-151673,,NO_TICKET_REPORTED,0,0,0,0,0,0,,,,,,,NO_USED_PARTS
1367,2022-02-07T21:00:00.000Z,FIELD_BEAT_CLIENT|70377400-8|FUNDACION ARTURO LOPEZ PEREZ,70377400-8,FUNDACION ARTURO LOPEZ PEREZ,CORRECTIVA NO PROGRAMADA,FINISHED,rcammalleri,APOTECA-CHEMO,,NO_TICKET_REPORTED,0,0,0,0,0,0,,,,,,,NO_USED_PARTS
1368,2022-02-03T11:30:00.000Z,FIELD_BEAT_CLIENT|61.606.500-9|HOSPITAL CARLOS VAN BUREN (SSVSA),61.606.500-9,HOSPITAL CARLOS VAN BUREN (SSVSA),CORRECTIVA PROGRAMADA,FINISHED,jecheverria,,117327,LINKED_TO_MISSING_OR_RESTRICTED_ZENDESK,1,1,0,0,0,0,1515098,10374,1515098,bomba Ionica,MATCHED,REF_EXACT,OK
1369,2022-02-07T18:25:00.000Z,FIELD_BEAT_CLIENT|61.606.500-9|HOSPITAL CARLOS VAN BUREN (SSVSA),61.606.500-9,HOSPITAL CARLOS VAN BUREN (SSVSA),CORRECTIVA NO PROGRAMADA,FINISHED,jecheverria,,779906,LINKED_TO_MISSING_OR_RESTRICTED_ZENDESK,1,0,0,1,0,1,,,4513317881,Potenciometros camilla Lado A,NO_MATCH,NONE,HAS_UNMATCHED_PARTS
1370,2022-02-07T20:14:00.000Z,FIELD_BEAT_CLIENT|96.770.100-9|CLINICA ALEMANA DE SANTIAGO,96.770.100-9,CLINICA ALEMANA DE SANTIAGO,CORRECTIVA NO PROGRAMADA,FINISHED,acorbea,Linac-152171|Linac-151673,9999,LINKED_TO_MISSING_OR_RESTRICTED_ZENDESK,0,0,0,0,0,0,,,,,,,NO_USED_PARTS
1371,2022-02-08T21:15:00.000Z,FIELD_BEAT_CLIENT|70377400-8|FUNDACION ARTURO LOPEZ PEREZ,70377400-8,FUNDACION ARTURO LOPEZ PEREZ,CORRECTIVA NO PROGRAMADA,FINISHED,rguapache,LINAC-153038,148260,LINKED_TO_MISSING_OR_RESTRICTED_ZENDESK,1,0,0,1,0,1,,,1534959,"Kit, spares, Leaf motor",NO_MATCH,NONE,HAS_UNMATCHED_PARTS
1372,2022-02-08T20:30:00.000Z,FIELD_BEAT_CLIENT|81.698.900-0|UC CHRISTUS - CECA,81.698.900-0,UC CHRISTUS - CECA,CORRECTIVA NO PROGRAMADA,FINISHED,acorbea,Linac-153935,517136,LINKED_TO_MISSING_OR_RESTRICTED_ZENDESK,1,0,0,1,0,1,,,Mirror Assembly,1010848,NO_MATCH,NONE,HAS_UNMATCHED_PARTS
1373,2022-02-11T11:30:00.000Z,FIELD_BEAT_CLIENT|79.560.900-8|RADIO NUCLEAR,79.560.900-8,RADIO NUCLEAR,CORRECTIVA PROGRAMADA,FINISHED,acorbea,Linac-151238,830821,LINKED_TO_MISSING_OR_RESTRICTED_ZENDESK,0,0,0,0,0,0,,,,,,,NO_USED_PARTS
1374,2022-02-11T12:00:00.000Z,FIELD_BEAT_CLIENT|79.560.900-8|RADIO NUCLEAR,79.560.900-8,RADIO NUCLEAR,CORRECTIVA PROGRAMADA,FINISHED,rcammalleri,Linac-151238,540711,LINKED_TO_MISSING_OR_RESTRICTED_ZENDESK,0,0,0,0,0,0,,,,,,,NO_USED_PARTS
1375,2022-02-11T14:00:00.000Z,FIELD_BEAT_CLIENT|61.608.404-6|Instituto Nacional del Cáncer (INC),61.608.404-6,Instituto Nacional del Cáncer (INC),REQUERIMIENTO DEL CLIENTE,FINISHED,rcammalleri,INC-INFINITY01,425664,LINKED_TO_MISSING_OR_RESTRICTED_ZENDESK,0,0,0,0,0,0,,,,,,,NO_USED_PARTS
1376,2022-02-12T12:00:00.000Z,FIELD_BEAT_CLIENT|81.698.900-0|UC CHRISTUS - CECA,81.698.900-0,UC CHRISTUS - CECA,PREVENTIVA PROGRAMADA,FINISHED,acorbea,Linac-153935,665447,LINKED_TO_MISSING_OR_RESTRICTED_ZENDESK,1,0,1,0,0,1,,,,"Grasa Ep2
Limpia Contacto
Aire Comprimido",PLACEHOLDER_VALUE,PLACEHOLDER_REJECTED,HAS_PLACEHOLDERS
1377,2022-02-14T10:30:00.000Z,FIELD_BEAT_CLIENT|61.608.404-6|Instituto Nacional del Cáncer (INC),61.608.404-6,Instituto Nacional del Cáncer (INC),CORRECTIVA NO PROGRAMADA,ARCHIVED,,INC-INFINITY01,,NO_TICKET_REPORTED,0,0,0,0,0,0,,,,,,,NO_USED_PARTS
1378,2022-02-14T10:30:00.000Z,FIELD_BEAT_CLIENT|61.608.404-6|Instituto Nacional del Cáncer (INC),61.608.404-6,Instituto Nacional del Cáncer (INC),CORRECTIVA NO PROGRAMADA,FINISHED,rguapache,INC-INFINITY01,636193,LINKED_TO_MISSING_OR_RESTRICTED_ZENDESK,0,0,0,0,0,0,,,,,,,NO_USED_PARTS
1379,2022-02-16T11:30:00.000Z,FIELD_BEAT_CLIENT|61.608.404-6|Instituto Nacional del Cáncer (INC),61.608.404-6,Instituto Nacional del Cáncer (INC),CORRECTIVA NO PROGRAMADA,FINISHED,rguapache,INC-INFINITY01,,NO_TICKET_REPORTED,0,0,0,0,0,0,,,,,,,NO_USED_PARTS
1380,2022-02-17T08:00:00.000Z,FIELD_BEAT_CLIENT|61.608.404-6|Instituto Nacional del Cáncer (INC),61.608.404-6,Instituto Nacional del Cáncer (INC),CORRECTIVA NO PROGRAMADA,FINISHED,rguapache,INC-INFINITY01,172278,LINKED_TO_MISSING_OR_RESTRICTED_ZENDESK,0,0,0,0,0,0,,,,,,,NO_USED_PARTS
1381,2022-02-21T12:04:00.000Z,FIELD_BEAT_CLIENT|96.770.100-9|CLINICA ALEMANA DE SANTIAGO,96.770.100-9,CLINICA ALEMANA DE SANTIAGO,CORRECTIVA NO PROGRAMADA,FINISHED,ccarrasquel,Linac-152171|Linac-151673,648368,LINKED_TO_MISSING_OR_RESTRICTED_ZENDESK,0,0,0,0,0,0,,,,,,,NO_USED_PARTS
1382,2022-02-21T12:30:00.000Z,FIELD_BEAT_CLIENT|79.560.900-8|RADIO NUCLEAR,79.560.900-8,RADIO NUCLEAR,CORRECTIVA NO PROGRAMADA,FINISHED,acorbea,Linac-151238,937899,LINKED_TO_MISSING_OR_RESTRICTED_ZENDESK,0,0,0,0,0,0,,,,,,,NO_USED_PARTS
1383,2022-02-21T16:30:00.000Z,FIELD_BEAT_CLIENT||ACME,,ACME,CORRECTIVA NO PROGRAMADA,FINISHED,mreyes,,,NO_TICKET_REPORTED,1,0,0,1,0,1,,,no hsy,no hay,NO_MATCH,NONE,HAS_UNMATCHED_PARTS
1384,2022-02-21T18:15:00.000Z,FIELD_BEAT_CLIENT|61.606.500-9|HOSPITAL CARLOS VAN BUREN (SSVSA),61.606.500-9,HOSPITAL CARLOS VAN BUREN (SSVSA),REQUERIMIENTO DEL CLIENTE,FINISHED,jecheverria,,,NO_TICKET_REPORTED,1,0,1,0,0,1,,,NA,NA,PLACEHOLDER_VALUE,PLACEHOLDER_REJECTED,HAS_PLACEHOLDERS
1385,2022-02-18T18:45:00.000Z,FIELD_BEAT_CLIENT|96.770.100-9|CLINICA ALEMANA DE SANTIAGO,96.770.100-9,CLINICA ALEMANA DE SANTIAGO,PREVENTIVA PROGRAMADA,FINISHED,jecheverria,Linac-152171,704250,LINKED_TO_MISSING_OR_RESTRICTED_ZENDESK,1,0,1,0,0,1,,,,Filtros de agua circuito interno,PLACEHOLDER_VALUE,PLACEHOLDER_REJECTED,HAS_PLACEHOLDERS
1386,2022-02-22T12:57:00.000Z,FIELD_BEAT_CLIENT|61.608.404-6|Instituto Nacional del Cáncer (INC),61.608.404-6,Instituto Nacional del Cáncer (INC),CORRECTIVA NO PROGRAMADA,FINISHED,ccarrasquel,INC-INFINITY01,399764,LINKED_TO_MISSING_OR_RESTRICTED_ZENDESK,0,0,0,0,0,0,,,,,,,NO_USED_PARTS
1387,2021-09-08T16:54:00.000Z,FIELD_BEAT_CLIENT|70377400-8|FUNDACION ARTURO LOPEZ PEREZ,70377400-8,FUNDACION ARTURO LOPEZ PEREZ,PREVENTIVA PROGRAMADA,FINISHED,rguapache,LINAC-153038,,NO_TICKET_REPORTED,0,0,0,0,0,0,,,,,,,NO_USED_PARTS
1388,2021-10-16T12:00:00.000Z,FIELD_BEAT_CLIENT|70377400-8|FUNDACION ARTURO LOPEZ PEREZ,70377400-8,FUNDACION ARTURO LOPEZ PEREZ,PREVENTIVA PROGRAMADA,FINISHED,rguapache,LINAC-153038,,NO_TICKET_REPORTED,0,0,0,0,0,0,,,,,,,NO_USED_PARTS
1389,2022-02-23T12:45:00.000Z,FIELD_BEAT_CLIENT|61.608.404-6|Instituto Nacional del Cáncer (INC),61.608.404-6,Instituto Nacional del Cáncer (INC),CORRECTIVA NO PROGRAMADA,FINISHED,ccarrasquel,INC-INFINITY01,793073,LINKED_TO_MISSING_OR_RESTRICTED_ZENDESK,0,0,0,0,0,0,,,,,,,NO_USED_PARTS
1390,2022-02-22T19:15:00.000Z,FIELD_BEAT_CLIENT|61.607.901-8|SERVICIO DE SALUD DE MAGALLANES,61.607.901-8,SERVICIO DE SALUD DE MAGALLANES,CORRECTIVA NO PROGRAMADA,FINISHED,raguila,,,NO_TICKET_REPORTED,1,1,0,0,0,0,45133909025,10944,4513 390 9025,tarjeta electrónica motor drive,MATCHED,REF_NORMALIZED_EXACT,OK
1391,2022-02-11T11:30:00.000Z,FIELD_BEAT_CLIENT|61.607.901-8|SERVICIO DE SALUD DE MAGALLANES,61.607.901-8,SERVICIO DE SALUD DE MAGALLANES,CORRECTIVA NO PROGRAMADA,FINISHED,raguila,,,NO_TICKET_REPORTED,1,0,1,0,0,1,,,N/C,fusible de 32V-10A,PLACEHOLDER_VALUE,PLACEHOLDER_REJECTED,HAS_PLACEHOLDERS
1392,2022-02-25T17:00:00.000Z,FIELD_BEAT_CLIENT|70377400-8|FUNDACION ARTURO LOPEZ PEREZ,70377400-8,FUNDACION ARTURO LOPEZ PEREZ,PRUEBAS DE ACEPTACION,FINISHED,acorbea,LINAC-153038,9999,LINKED_TO_MISSING_OR_RESTRICTED_ZENDESK,1,0,1,0,0,1,,,,"1- Panel Xvi (nueva generación)
2- Generador XRays
3- Mk6
4- 2 baterias para UPS EIM
5- Tarjeta PCB microsiwtch dd movimiento longitudinal XVi
6- motor movimiento longitudinal XVi
7- freno movimiento longitudinal XVi",PLACEHOLDER_VALUE,PLACEHOLDER_REJECTED,HAS_PLACEHOLDERS
1393,2022-01-14T15:00:00.000Z,FIELD_BEAT_CLIENT|70377400-8|FUNDACION ARTURO LOPEZ PEREZ,70377400-8,FUNDACION ARTURO LOPEZ PEREZ,PREVENTIVA PROGRAMADA,FINISHED,rguapache,LINAC-153038,,NO_TICKET_REPORTED,0,0,0,0,0,0,,,,,,,NO_USED_PARTS
1394,2022-03-02T21:40:00.000Z,FIELD_BEAT_CLIENT|70377400-8|FUNDACION ARTURO LOPEZ PEREZ,70377400-8,FUNDACION ARTURO LOPEZ PEREZ,CORRECTIVA NO PROGRAMADA,FINISHED,ccarrasquel,LINAC-153038,767638,LINKED_TO_MISSING_OR_RESTRICTED_ZENDESK,0,0,0,0,0,0,,,,,,,NO_USED_PARTS
1395,2022-03-02T21:30:00.000Z,FIELD_BEAT_CLIENT|76.746.730-3|CLÍNICA SANATORIO ALEMÁN (ONCORAD),76.746.730-3,CLÍNICA SANATORIO ALEMÁN (ONCORAD),CORRECTIVA NO PROGRAMADA,FINISHED,ebecker,Linac-201110,,NO_TICKET_REPORTED,1,0,1,0,0,1,,,N/A,N/A,PLACEHOLDER_VALUE,PLACEHOLDER_REJECTED,HAS_PLACEHOLDERS
1396,2022-03-03T15:20:00.000Z,FIELD_BEAT_CLIENT|96.770.100-9|CLINICA ALEMANA DE SANTIAGO,96.770.100-9,CLINICA ALEMANA DE SANTIAGO,CORRECTIVA NO PROGRAMADA,FINISHED,acorbea,Linac-152171,9999,LINKED_TO_MISSING_OR_RESTRICTED_ZENDESK,0,0,0,0,0,0,,,,,,,NO_USED_PARTS
1397,2022-03-04T11:30:00.000Z,FIELD_BEAT_CLIENT|79.560.900-8|RADIO NUCLEAR,79.560.900-8,RADIO NUCLEAR,CORRECTIVA PROGRAMADA,FINISHED,acorbea,Linac-151238,9999,LINKED_TO_MISSING_OR_RESTRICTED_ZENDESK,1,0,0,1,0,1,,,thyratron de clínica,N/A tipo (CX1154L) Serial number: 42100,NO_MATCH,NONE,HAS_UNMATCHED_PARTS
1398,2022-03-04T18:30:00.000Z,FIELD_BEAT_CLIENT|96.770.100-9|CLINICA ALEMANA DE SANTIAGO,96.770.100-9,CLINICA ALEMANA DE SANTIAGO,CORRECTIVA PROGRAMADA,FINISHED,acorbea,Linac-152171,704250,LINKED_TO_MISSING_OR_RESTRICTED_ZENDESK,1,0,0,1,0,1,,,1531851,1u Fru XY drive (motor lateral de camilla),NO_MATCH,NONE,HAS_UNMATCHED_PARTS
1399,2022-03-07T11:30:00.000Z,FIELD_BEAT_CLIENT|79.560.900-8|RADIO NUCLEAR,79.560.900-8,RADIO NUCLEAR,CORRECTIVA PROGRAMADA,FINISHED,mreyes,Linac-151238,937899,LINKED_TO_MISSING_OR_RESTRICTED_ZENDESK,1,0,0,1,0,1,,,No hay.,No hay.,NO_MATCH,NONE,HAS_UNMATCHED_PARTS
1400,2022-03-08T14:19:00.000Z,FIELD_BEAT_CLIENT|70377400-8|FUNDACION ARTURO LOPEZ PEREZ,70377400-8,FUNDACION ARTURO LOPEZ PEREZ,CORRECTIVA NO PROGRAMADA,FINISHED,ccarrasquel,LINAC-153038,964324,LINKED_TO_MISSING_OR_RESTRICTED_ZENDESK,1,0,0,0,1,1,,,45133416574,tarjeta micro swich,AMBIGUOUS_MATCH,REF_NORMALIZED_EXACT,HAS_AMBIGUOUS_PARTS
1401,2022-03-11T01:04:00.000Z,FIELD_BEAT_CLIENT|70377400-8|FUNDACION ARTURO LOPEZ PEREZ,70377400-8,FUNDACION ARTURO LOPEZ PEREZ,PREVENTIVA PROGRAMADA,FINISHED,ccarrasquel,LINAC-153038,749449,LINKED_TO_MISSING_OR_RESTRICTED_ZENDESK,1,1,0,0,0,0,1531848,12092,1531848,FRU X Driver (D Shape),MATCHED,REF_EXACT,OK
1402,2022-03-11T14:05:00.000Z,FIELD_BEAT_CLIENT|79.560.900-8|RADIO NUCLEAR,79.560.900-8,RADIO NUCLEAR,CORRECTIVA PROGRAMADA,FINISHED,ccarrasquel,Linac-151238,605236,LINKED_TO_MISSING_OR_RESTRICTED_ZENDESK,0,0,0,0,0,0,,,,,,,NO_USED_PARTS
1403,2022-03-11T18:51:00.000Z,FIELD_BEAT_CLIENT|96.770.100-9|CLINICA ALEMANA DE SANTIAGO,96.770.100-9,CLINICA ALEMANA DE SANTIAGO,CORRECTIVA PROGRAMADA,FINISHED,ccarrasquel,Linac-151673,555555,LINKED_TO_MISSING_OR_RESTRICTED_ZENDESK,0,0,0,0,0,0,,,,,,,NO_USED_PARTS
1404,2022-03-15T09:00:00.000Z,FIELD_BEAT_CLIENT|81.698.900-0|UC CHRISTUS - CECA,81.698.900-0,UC CHRISTUS - CECA,CORRECTIVA NO PROGRAMADA,FINISHED,acorbea,Linac-153935,9999,LINKED_TO_MISSING_OR_RESTRICTED_ZENDESK,0,0,0,0,0,0,,,,,,,NO_USED_PARTS
1405,2022-03-16T03:07:00.000Z,FIELD_BEAT_CLIENT|81.698.900-0|UC CHRISTUS - CECA,81.698.900-0,UC CHRISTUS - CECA,CORRECTIVA NO PROGRAMADA,FINISHED,ccarrasquel,Linac-153935,777777,LINKED_TO_MISSING_OR_RESTRICTED_ZENDESK,0,0,0,0,0,0,,,,,,,NO_USED_PARTS
1406,2022-03-16T16:29:00.000Z,FIELD_BEAT_CLIENT|81.698.900-0|UC CHRISTUS - CECA,81.698.900-0,UC CHRISTUS - CECA,CORRECTIVA NO PROGRAMADA,FINISHED,ccarrasquel,Linac-153935,777777,LINKED_TO_MISSING_OR_RESTRICTED_ZENDESK,0,0,0,0,0,0,,,,,,,NO_USED_PARTS
1407,2022-03-16T18:15:00.000Z,FIELD_BEAT_CLIENT|70377400-8|FUNDACION ARTURO LOPEZ PEREZ,70377400-8,FUNDACION ARTURO LOPEZ PEREZ,CORRECTIVA PROGRAMADA,FINISHED,acorbea,APOTECA-CHEMO,140955,LINKED_TO_MISSING_OR_RESTRICTED_ZENDESK,0,0,0,0,0,0,,,,,,,NO_USED_PARTS
1408,2022-03-16T11:30:00.000Z,FIELD_BEAT_CLIENT|70377400-8|FUNDACION ARTURO LOPEZ PEREZ,70377400-8,FUNDACION ARTURO LOPEZ PEREZ,CORRECTIVA NO PROGRAMADA,FINISHED,rguapache,LINAC-153038,,NO_TICKET_REPORTED,1,1,0,0,0,0,1534958,11034,1534958,"Kit, spares Leaf motor",MATCHED,REF_EXACT,OK
1409,2022-03-17T13:00:00.000Z,FIELD_BEAT_CLIENT|61.606.500-9|HOSPITAL CARLOS VAN BUREN (SSVSA),61.606.500-9,HOSPITAL CARLOS VAN BUREN (SSVSA),CORRECTIVA NO PROGRAMADA,SCHEDULED,,,,NO_TICKET_REPORTED,0,0,0,0,0,0,,,,,,,NO_USED_PARTS
1410,2022-03-17T12:00:00.000Z,FIELD_BEAT_CLIENT|61.606.500-9|HOSPITAL CARLOS VAN BUREN (SSVSA),61.606.500-9,HOSPITAL CARLOS VAN BUREN (SSVSA),CORRECTIVA NO PROGRAMADA,FINISHED,aecheverria,,0202,LINKED_TO_MISSING_OR_RESTRICTED_ZENDESK,0,0,0,0,0,0,,,,,,,NO_USED_PARTS
1411,2022-03-17T16:11:00.000Z,FIELD_BEAT_CLIENT|70377400-8|FUNDACION ARTURO LOPEZ PEREZ,70377400-8,FUNDACION ARTURO LOPEZ PEREZ,CORRECTIVA NO PROGRAMADA,FINISHED,ccarrasquel,LINAC-153038,442987,LINKED_TO_MISSING_OR_RESTRICTED_ZENDESK,0,0,0,0,0,0,,,,,,,NO_USED_PARTS
1412,2022-03-08T00:30:00.000Z,FIELD_BEAT_CLIENT|61.606.500-9|HOSPITAL CARLOS VAN BUREN (SSVSA),61.606.500-9,HOSPITAL CARLOS VAN BUREN (SSVSA),CORRECTIVA NO PROGRAMADA,FINISHED,rguapache,Linac-154325,,NO_TICKET_REPORTED,0,0,0,0,0,0,,,,,,,NO_USED_PARTS
1413,2022-03-17T01:40:00.000Z,FIELD_BEAT_CLIENT|70377400-8|FUNDACION ARTURO LOPEZ PEREZ,70377400-8,FUNDACION ARTURO LOPEZ PEREZ,CORRECTIVA NO PROGRAMADA,FINISHED,rguapache,LINAC-153038,,NO_TICKET_REPORTED,1,0,0,1,0,1,,,S/PN,Graphite Nut,NO_MATCH,NONE,HAS_UNMATCHED_PARTS
1414,2022-03-16T21:31:00.000Z,FIELD_BEAT_CLIENT|61.606.500-9|HOSPITAL CARLOS VAN BUREN (SSVSA),61.606.500-9,HOSPITAL CARLOS VAN BUREN (SSVSA),CORRECTIVA PROGRAMADA,FINISHED,mreyes,Linac-154325,286087,LINKED_TO_MISSING_OR_RESTRICTED_ZENDESK,1,0,0,1,0,1,,,No hay,No hay,NO_MATCH,NONE,HAS_UNMATCHED_PARTS
1415,2022-03-16T12:00:00.000Z,FIELD_BEAT_CLIENT|81.698.900-0|UC CHRISTUS - CECA,81.698.900-0,UC CHRISTUS - CECA,INSTALACION - INTEGRACION,FINISHED,rcammalleri,TPS-UC,0000,LINKED_TO_MISSING_OR_RESTRICTED_ZENDESK,0,0,0,0,0,0,,,,,,,NO_USED_PARTS
1416,2022-03-22T12:55:00.000Z,FIELD_BEAT_CLIENT|61.608.404-6|Instituto Nacional del Cáncer (INC),61.608.404-6,Instituto Nacional del Cáncer (INC),CORRECTIVA NO PROGRAMADA,FINISHED,ccarrasquel,INC-INFINITY01,630070,LINKED_TO_MISSING_OR_RESTRICTED_ZENDESK,0,0,0,0,0,0,,,,,,,NO_USED_PARTS
1417,2022-03-24T22:28:00.000Z,FIELD_BEAT_CLIENT|96.770.100-9|CLINICA ALEMANA DE SANTIAGO,96.770.100-9,CLINICA ALEMANA DE SANTIAGO,CORRECTIVA NO PROGRAMADA,FINISHED,ccarrasquel,Linac-152171,,NO_TICKET_REPORTED,0,0,0,0,0,0,,,,,,,NO_USED_PARTS
1418,2022-03-24T23:30:00.000Z,FIELD_BEAT_CLIENT|70377400-8|FUNDACION ARTURO LOPEZ PEREZ,70377400-8,FUNDACION ARTURO LOPEZ PEREZ,CORRECTIVA PROGRAMADA,FINISHED,rguapache,LINAC-153038,341997,LINKED_TO_MISSING_OR_RESTRICTED_ZENDESK,0,0,0,0,0,0,,,,,,,NO_USED_PARTS
1419,2022-03-25T18:00:00.000Z,FIELD_BEAT_CLIENT|70377400-8|FUNDACION ARTURO LOPEZ PEREZ,70377400-8,FUNDACION ARTURO LOPEZ PEREZ,CORRECTIVA PROGRAMADA,FINISHED,rcammalleri,APOTECA-CHEMO,,NO_TICKET_REPORTED,0,0,0,0,0,0,,,,,,,NO_USED_PARTS
1420,2022-03-26T11:30:00.000Z,FIELD_BEAT_CLIENT|81.698.900-0|UC CHRISTUS - CECA,81.698.900-0,UC CHRISTUS - CECA,CORRECTIVA PROGRAMADA,FINISHED,rguapache,Linac-153935,824734,LINKED_TO_MISSING_OR_RESTRICTED_ZENDESK,0,0,0,0,0,0,,,,,,,NO_USED_PARTS
1421,2022-03-25T17:00:00.000Z,FIELD_BEAT_CLIENT|61.607.901-8|SERVICIO DE SALUD DE MAGALLANES,61.607.901-8,SERVICIO DE SALUD DE MAGALLANES,PREVENTIVA PROGRAMADA,FINISHED,raguila,,,NO_TICKET_REPORTED,1,1,0,0,0,1,45133317881,11606,"4513 331 6442
4513 331 6442
4513 331 7881","01 Potenciómetro Coarse
01 Potenciometro Check
01 Potenciometro Fine
Grasa EP2
limpia contactos 
aire comprimido 
amarras plásticas",MATCHED,REF_LIKE,REVIEW_REQUIRED
1422,2022-03-28T12:00:00.000Z,FIELD_BEAT_CLIENT|79.560.900-8|RADIO NUCLEAR,79.560.900-8,RADIO NUCLEAR,CORRECTIVA PROGRAMADA,FINISHED,mreyes,Linac-151238,706651,LINKED_TO_MISSING_OR_RESTRICTED_ZENDESK,1,1,0,0,0,1,45133904654,12095,4513 390 4654 Iss. 02,"PCB Leaf motor drive, reparada por cliente.",MATCHED,REF_LIKE,REVIEW_REQUIRED
1423,2022-03-28T16:59:00.000Z,FIELD_BEAT_CLIENT|61.605.000-1|INSTITUTO DE SALUD PUBLICA (ISP),61.605.000-1,INSTITUTO DE SALUD PUBLICA (ISP),PREVENTIVA PROGRAMADA,FINISHED,aecheverria,PANASONIC-ISP,0203,LINKED_TO_MISSING_OR_RESTRICTED_ZENDESK,1,0,1,0,0,1,,,N/A,N/A,PLACEHOLDER_VALUE,PLACEHOLDER_REJECTED,HAS_PLACEHOLDERS
1424,2022-04-01T17:11:00.000Z,FIELD_BEAT_CLIENT|61.608.404-6|Instituto Nacional del Cáncer (INC),61.608.404-6,Instituto Nacional del Cáncer (INC),CORRECTIVA PROGRAMADA,FINISHED,ccarrasquel,INC-INFINITY01,777777,LINKED_TO_MISSING_OR_RESTRICTED_ZENDESK,2,2,0,0,0,0,1024939|1502613,10776|10994,1024939|1502613,"Así, 40x40x10mm Fan|Mod Kit, Laser ODI Lamp",MATCHED,REF_EXACT,OK
1425,2022-04-01T17:01:00.000Z,FIELD_BEAT_CLIENT|61.606.500-9|HOSPITAL CARLOS VAN BUREN (SSVSA),61.606.500-9,HOSPITAL CARLOS VAN BUREN (SSVSA),CORRECTIVA PROGRAMADA,FINISHED,mreyes,Linac-154325,,NO_TICKET_REPORTED,1,0,0,1,0,1,,,No hay.,No hay.,NO_MATCH,NONE,HAS_UNMATCHED_PARTS
1426,2022-04-03T13:00:00.000Z,FIELD_BEAT_CLIENT|70377400-8|FUNDACION ARTURO LOPEZ PEREZ,70377400-8,FUNDACION ARTURO LOPEZ PEREZ,REQUERIMIENTO DEL CLIENTE,FINISHED,rcammalleri,OIS-FALP|TPS-FALP|LINAC-153038,368933,LINKED_TO_MISSING_OR_RESTRICTED_ZENDESK,0,0,0,0,0,0,,,,,,,NO_USED_PARTS
1427,2022-04-04T22:00:00.000Z,FIELD_BEAT_CLIENT|70377400-8|FUNDACION ARTURO LOPEZ PEREZ,70377400-8,FUNDACION ARTURO LOPEZ PEREZ,CORRECTIVA PROGRAMADA,FINISHED,acorbea,HDR-FT07026,368933,LINKED_TO_MISSING_OR_RESTRICTED_ZENDESK,0,0,0,0,0,0,,,,,,,NO_USED_PARTS
1428,2022-04-05T21:31:00.000Z,FIELD_BEAT_CLIENT|96.770.100-9|CLINICA ALEMANA DE SANTIAGO,96.770.100-9,CLINICA ALEMANA DE SANTIAGO,CORRECTIVA NO PROGRAMADA,FINISHED,ccarrasquel,Linac-151673,777777,LINKED_TO_MISSING_OR_RESTRICTED_ZENDESK,1,0,0,1,0,1,,,rectifier module PCB,45133904214,NO_MATCH,NONE,HAS_UNMATCHED_PARTS
1429,2022-04-06T13:35:00.000Z,FIELD_BEAT_CLIENT|61.608.404-6|Instituto Nacional del Cáncer (INC),61.608.404-6,Instituto Nacional del Cáncer (INC),CORRECTIVA NO PROGRAMADA,FINISHED,ccarrasquel,INC-INFINITY01,722542,LINKED_TO_MISSING_OR_RESTRICTED_ZENDESK,0,0,0,0,0,0,,,,,,,NO_USED_PARTS
1430,2022-04-06T22:00:00.000Z,FIELD_BEAT_CLIENT||CLÍNICA LAS CONDES,,CLÍNICA LAS CONDES,CORRECTIVA PROGRAMADA,FINISHED,acorbea,,792066,LINKED_TO_MISSING_OR_RESTRICTED_ZENDESK,1,1,0,0,0,0,45133318457,11011,45133318457,FRU EIM ltu pcb,MATCHED,REF_EXACT,OK
1431,2022-04-08T14:55:00.000Z,FIELD_BEAT_CLIENT|61.606.500-9|HOSPITAL CARLOS VAN BUREN (SSVSA),61.606.500-9,HOSPITAL CARLOS VAN BUREN (SSVSA),CORRECTIVA NO PROGRAMADA,FINISHED,ccarrasquel,Linac-154325,777777,LINKED_TO_MISSING_OR_RESTRICTED_ZENDESK,1,0,1,0,0,1,,,,fusible  10A / 32V,PLACEHOLDER_VALUE,PLACEHOLDER_REJECTED,HAS_PLACEHOLDERS
1432,2022-04-01T11:30:00.000Z,FIELD_BEAT_CLIENT|70377400-8|FUNDACION ARTURO LOPEZ PEREZ,70377400-8,FUNDACION ARTURO LOPEZ PEREZ,PREVENTIVA PROGRAMADA,FINISHED,rcammalleri,APOTECA-CHEMO,,NO_TICKET_REPORTED,4,0,4,0,0,4,,,,6 Lámparas UV|Balanza Metler Toledo|Bomba de extracción sueros|Tapate de identificación,PLACEHOLDER_VALUE,PLACEHOLDER_REJECTED,HAS_PLACEHOLDERS
1433,2022-04-08T12:30:00.000Z,FIELD_BEAT_CLIENT|70377400-8|FUNDACION ARTURO LOPEZ PEREZ,70377400-8,FUNDACION ARTURO LOPEZ PEREZ,PREVENTIVA PROGRAMADA,FINISHED,rcammalleri,APOTECA-CHEMO,,NO_TICKET_REPORTED,3,0,3,0,0,3,,,,1 Filtro 520|1 Filtro Canister|4 Filtros 519,PLACEHOLDER_VALUE,PLACEHOLDER_REJECTED,HAS_PLACEHOLDERS
1434,2022-04-08T12:15:00.000Z,FIELD_BEAT_CLIENT|76.746.730-3|CLÍNICA SANATORIO ALEMÁN (ONCORAD),76.746.730-3,CLÍNICA SANATORIO ALEMÁN (ONCORAD),PREVENTIVA PROGRAMADA,FINISHED,ebecker,Linac-201110,,NO_TICKET_REPORTED,1,0,1,0,0,1,,,N/A,N/A,PLACEHOLDER_VALUE,PLACEHOLDER_REJECTED,HAS_PLACEHOLDERS
1435,2022-04-11T15:20:00.000Z,FIELD_BEAT_CLIENT|79.560.900-8|RADIO NUCLEAR,79.560.900-8,RADIO NUCLEAR,CORRECTIVA PROGRAMADA,FINISHED,ccarrasquel,Linac-151238,824052,LINKED_TO_MISSING_OR_RESTRICTED_ZENDESK,0,0,0,0,0,0,,,,,,,NO_USED_PARTS
1436,2022-04-13T18:27:00.000Z,FIELD_BEAT_CLIENT|61.606.500-9|HOSPITAL CARLOS VAN BUREN (SSVSA),61.606.500-9,HOSPITAL CARLOS VAN BUREN (SSVSA),CORRECTIVA NO PROGRAMADA,FINISHED,aecheverria,TPS-HCVB,100002,LINKED_TO_MISSING_OR_RESTRICTED_ZENDESK,1,0,0,1,0,1,,,AS2106193185 / AS2106193161,2 NR UPS 1Kva 230v,NO_MATCH,NONE,HAS_UNMATCHED_PARTS
1437,2022-04-13T23:30:00.000Z,FIELD_BEAT_CLIENT|61.608.404-6|Instituto Nacional del Cáncer (INC),61.608.404-6,Instituto Nacional del Cáncer (INC),CORRECTIVA PROGRAMADA,FINISHED,ccarrasquel,INC-INFINITY01,758188,LINKED_TO_MISSING_OR_RESTRICTED_ZENDESK,1,1,0,0,0,1,1016474_usado,11873,1016474,"kit, Spares, DLG Brake (dos unidades)",MATCHED,REF_LIKE,REVIEW_REQUIRED
1438,2022-04-13T23:37:00.000Z,FIELD_BEAT_CLIENT|61.608.404-6|Instituto Nacional del Cáncer (INC),61.608.404-6,Instituto Nacional del Cáncer (INC),CORRECTIVA NO PROGRAMADA,FINISHED,ccarrasquel,INC-INFINITY01,415273,LINKED_TO_MISSING_OR_RESTRICTED_ZENDESK,1,1,0,0,0,0,1010848,11037,1010848,mirror assembly optics,MATCHED,REF_EXACT,OK
1439,2022-04-14T12:30:00.000Z,FIELD_BEAT_CLIENT|79.560.900-8|RADIO NUCLEAR,79.560.900-8,RADIO NUCLEAR,CORRECTIVA PROGRAMADA,FINISHED,acorbea,Linac-151238,488370,LINKED_TO_MISSING_OR_RESTRICTED_ZENDESK,0,0,0,0,0,0,,,,,,,NO_USED_PARTS
1440,2022-04-11T15:00:00.000Z,FIELD_BEAT_CLIENT|76.105.383-3|TORRE MÉDICA - RANCAGUA,76.105.383-3,TORRE MÉDICA - RANCAGUA,CORRECTIVA PROGRAMADA,FINISHED,mreyes,Linac-105277,,NO_TICKET_REPORTED,1,0,0,1,0,1,,,No hay.,No hay.,NO_MATCH,NONE,HAS_UNMATCHED_PARTS
1441,2022-04-18T22:50:00.000Z,FIELD_BEAT_CLIENT|70377400-8|FUNDACION ARTURO LOPEZ PEREZ,70377400-8,FUNDACION ARTURO LOPEZ PEREZ,CORRECTIVA PROGRAMADA,FINISHED,rguapache,LINAC-153038,,NO_TICKET_REPORTED,1,0,1,0,0,1,,,,PCB2 Assembly Side A and B,PLACEHOLDER_VALUE,PLACEHOLDER_REJECTED,HAS_PLACEHOLDERS
1442,2022-04-19T16:39:00.000Z,FIELD_BEAT_CLIENT|76.105.383-3|TORRE MÉDICA - RANCAGUA,76.105.383-3,TORRE MÉDICA - RANCAGUA,,ARCHIVED,,Linac-105157,,NO_TICKET_REPORTED,0,0,0,0,0,0,,,,,,,NO_USED_PARTS
1443,2022-04-19T14:00:00.000Z,FIELD_BEAT_CLIENT|81.698.900-0|UC CHRISTUS - CECA,81.698.900-0,UC CHRISTUS - CECA,INSTALACION - INTEGRACION,FINISHED,varenas,,0,LINKED_TO_MISSING_OR_RESTRICTED_ZENDESK,1,0,1,0,0,1,,,,isos Mónaco 6,PLACEHOLDER_VALUE,PLACEHOLDER_REJECTED,HAS_PLACEHOLDERS
1444,2022-04-20T12:30:00.000Z,FIELD_BEAT_CLIENT||CLÍNICA LAS CONDES,,CLÍNICA LAS CONDES,CORRECTIVA PROGRAMADA,FINISHED,acorbea,,563156,LINKED_TO_MISSING_OR_RESTRICTED_ZENDESK,0,0,0,0,0,0,,,,,,,NO_USED_PARTS
1445,2022-04-20T21:30:00.000Z,FIELD_BEAT_CLIENT|81.698.900-0|UC CHRISTUS - CECA,81.698.900-0,UC CHRISTUS - CECA,CORRECTIVA NO PROGRAMADA,FINISHED,ccarrasquel,Linac-153935,320254,LINKED_TO_MISSING_OR_RESTRICTED_ZENDESK,0,0,0,0,0,0,,,,,,,NO_USED_PARTS
1446,2022-04-22T14:00:00.000Z,FIELD_BEAT_CLIENT|70377400-8|FUNDACION ARTURO LOPEZ PEREZ,70377400-8,FUNDACION ARTURO LOPEZ PEREZ,PRUEBAS DE ACEPTACION,FINISHED,acorbea,APOTECA-CHEMO,9999,LINKED_TO_MISSING_OR_RESTRICTED_ZENDESK,0,0,0,0,0,0,,,,,,,NO_USED_PARTS
1447,2022-04-22T16:25:00.000Z,FIELD_BEAT_CLIENT|70377400-8|FUNDACION ARTURO LOPEZ PEREZ,70377400-8,FUNDACION ARTURO LOPEZ PEREZ,CORRECTIVA NO PROGRAMADA,FINISHED,acorbea,LINAC-153038,212275,LINKED_TO_MISSING_OR_RESTRICTED_ZENDESK,0,0,0,0,0,0,,,,,,,NO_USED_PARTS
1448,2022-04-22T13:30:00.000Z,FIELD_BEAT_CLIENT|61.606.500-9|HOSPITAL CARLOS VAN BUREN (SSVSA),61.606.500-9,HOSPITAL CARLOS VAN BUREN (SSVSA),CORRECTIVA PROGRAMADA,FINISHED,varenas,,0001,LINKED_TO_MISSING_OR_RESTRICTED_ZENDESK,0,0,0,0,0,0,,,,,,,NO_USED_PARTS
1449,2022-04-22T22:55:00.000Z,FIELD_BEAT_CLIENT|70377400-8|FUNDACION ARTURO LOPEZ PEREZ,70377400-8,FUNDACION ARTURO LOPEZ PEREZ,CORRECTIVA NO PROGRAMADA,FINISHED,rguapache,LINAC-153038,458280,LINKED_TO_MISSING_OR_RESTRICTED_ZENDESK,1,1,0,0,0,0,1534958,11034,1534958,"(2) Kit, separes Leaf motor",MATCHED,REF_EXACT,OK
1450,2022-04-23T16:00:00.000Z,FIELD_BEAT_CLIENT|61.606.500-9|HOSPITAL CARLOS VAN BUREN (SSVSA),61.606.500-9,HOSPITAL CARLOS VAN BUREN (SSVSA),PREVENTIVA PROGRAMADA,FINISHED,aecheverria,Linac-154325,928747,LINKED_TO_MISSING_OR_RESTRICTED_ZENDESK,1,0,1,0,0,1,,,N/A,N/A,PLACEHOLDER_VALUE,PLACEHOLDER_REJECTED,HAS_PLACEHOLDERS
1451,2022-04-25T16:04:00.000Z,FIELD_BEAT_CLIENT|79.560.900-8|RADIO NUCLEAR,79.560.900-8,RADIO NUCLEAR,CORRECTIVA NO PROGRAMADA,FINISHED,ccarrasquel,Linac-151238,116702,LINKED_TO_MISSING_OR_RESTRICTED_ZENDESK,0,0,0,0,0,0,,,,,,,NO_USED_PARTS
1452,2022-04-26T17:05:00.000Z,FIELD_BEAT_CLIENT|70377400-8|FUNDACION ARTURO LOPEZ PEREZ,70377400-8,FUNDACION ARTURO LOPEZ PEREZ,CORRECTIVA PROGRAMADA,FINISHED,aecheverria,,,NO_TICKET_REPORTED,1,0,1,0,0,1,,,N/A,"Rodillo
Base de cuchilla",PLACEHOLDER_VALUE,PLACEHOLDER_REJECTED,HAS_PLACEHOLDERS
1453,2022-04-26T17:42:00.000Z,FIELD_BEAT_CLIENT|70377400-8|FUNDACION ARTURO LOPEZ PEREZ,70377400-8,FUNDACION ARTURO LOPEZ PEREZ,CORRECTIVA NO PROGRAMADA,FINISHED,ccarrasquel,LINAC-153038,392899,LINKED_TO_MISSING_OR_RESTRICTED_ZENDESK,0,0,0,0,0,0,,,,,,,NO_USED_PARTS
1454,2022-04-27T13:00:00.000Z,FIELD_BEAT_CLIENT|70377400-8|FUNDACION ARTURO LOPEZ PEREZ,70377400-8,FUNDACION ARTURO LOPEZ PEREZ,REQUERIMIENTO DEL CLIENTE,FINISHED,rcammalleri,APOTECA-PS,,NO_TICKET_REPORTED,0,0,0,0,0,0,,,,,,,NO_USED_PARTS
1455,2022-04-27T15:02:00.000Z,FIELD_BEAT_CLIENT|70377400-8|FUNDACION ARTURO LOPEZ PEREZ,70377400-8,FUNDACION ARTURO LOPEZ PEREZ,CORRECTIVA NO PROGRAMADA,FINISHED,rguapache,LINAC-153038,392899,LINKED_TO_MISSING_OR_RESTRICTED_ZENDESK,0,0,0,0,0,0,,,,,,,NO_USED_PARTS
1456,2022-04-27T14:00:00.000Z,FIELD_BEAT_CLIENT||CLÍNICA LAS CONDES,,CLÍNICA LAS CONDES,PREVENTIVA PROGRAMADA,FINISHED,mreyes,,,NO_TICKET_REPORTED,1,0,0,1,0,1,,,No hay.,No hay.,NO_MATCH,NONE,HAS_UNMATCHED_PARTS
1457,2022-04-27T15:16:00.000Z,FIELD_BEAT_CLIENT|79.560.900-8|RADIO NUCLEAR,79.560.900-8,RADIO NUCLEAR,CORRECTIVA PROGRAMADA,ARCHIVED,,Linac-151238,116702,LINKED_TO_MISSING_OR_RESTRICTED_ZENDESK,1,1,0,0,0,1,45133903544_Iss.04,10935,4513 390 3544,SIB PCB,MATCHED,REF_LIKE,REVIEW_REQUIRED
1458,2022-04-27T15:33:00.000Z,FIELD_BEAT_CLIENT|79.560.900-8|RADIO NUCLEAR,79.560.900-8,RADIO NUCLEAR,CORRECTIVA PROGRAMADA,FINISHED,ccarrasquel,Linac-151238,116702,LINKED_TO_MISSING_OR_RESTRICTED_ZENDESK,1,1,0,0,0,1,45133903544_Iss.04,10935,4513 390 3544,SIB PCB,MATCHED,REF_LIKE,REVIEW_REQUIRED
1459,2022-04-27T20:00:00.000Z,FIELD_BEAT_CLIENT|81.698.900-0|UC CHRISTUS - CECA,81.698.900-0,UC CHRISTUS - CECA,CORRECTIVA NO PROGRAMADA,FINISHED,acorbea,Linac-153935,9999,LINKED_TO_MISSING_OR_RESTRICTED_ZENDESK,1,1,0,0,0,0,1534958,11034,1534958,"kit, sapres, leaf motor cantidad 1",MATCHED,REF_EXACT,OK
1460,2022-04-29T12:30:00.000Z,FIELD_BEAT_CLIENT|76.746.730-3|CLÍNICA SANATORIO ALEMÁN (ONCORAD),76.746.730-3,CLÍNICA SANATORIO ALEMÁN (ONCORAD),INSTALACION - INTEGRACION,SENT,ebecker,HDR_10806,,NO_TICKET_REPORTED,0,0,0,0,0,0,,,,,,,NO_USED_PARTS
1461,2022-04-22T18:51:00.000Z,FIELD_BEAT_CLIENT|96.770.100-9|CLINICA ALEMANA DE SANTIAGO,96.770.100-9,CLINICA ALEMANA DE SANTIAGO,CORRECTIVA PROGRAMADA,FINISHED,acorbea,Linac-152171,9999,LINKED_TO_MISSING_OR_RESTRICTED_ZENDESK,1,1,0,0,0,0,45133304800,10375,45133304800,electron Gun Assy cantidad 1,MATCHED,REF_EXACT,OK
1462,2022-04-29T12:30:00.000Z,FIELD_BEAT_CLIENT|76.746.730-3|CLÍNICA SANATORIO ALEMÁN (ONCORAD),76.746.730-3,CLÍNICA SANATORIO ALEMÁN (ONCORAD),INSTALACION - INTEGRACION,ARCHIVED,,HDR_10806,,NO_TICKET_REPORTED,0,0,0,0,0,0,,,,,,,NO_USED_PARTS
1463,2022-04-29T19:54:00.000Z,FIELD_BEAT_CLIENT|61.606.500-9|HOSPITAL CARLOS VAN BUREN (SSVSA),61.606.500-9,HOSPITAL CARLOS VAN BUREN (SSVSA),CORRECTIVA PROGRAMADA,FINISHED,jecheverria,,436271,LINKED_TO_MISSING_OR_RESTRICTED_ZENDESK,1,0,1,0,0,1,,,NA,NR 04 RUEDAS 125/35,PLACEHOLDER_VALUE,PLACEHOLDER_REJECTED,HAS_PLACEHOLDERS
1464,2022-04-29T20:00:00.000Z,FIELD_BEAT_CLIENT|70377400-8|FUNDACION ARTURO LOPEZ PEREZ,70377400-8,FUNDACION ARTURO LOPEZ PEREZ,CORRECTIVA NO PROGRAMADA,FINISHED,rcammalleri,APOTECA-PS,,NO_TICKET_REPORTED,1,0,1,0,0,1,,,N/A,Módulo térmico de impresión,PLACEHOLDER_VALUE,PLACEHOLDER_REJECTED,HAS_PLACEHOLDERS
1465,2022-04-29T21:00:00.000Z,FIELD_BEAT_CLIENT|61.606.500-9|HOSPITAL CARLOS VAN BUREN (SSVSA),61.606.500-9,HOSPITAL CARLOS VAN BUREN (SSVSA),PREVENTIVA PROGRAMADA,FINISHED,aecheverria,Linac-154325,563550,LINKED_TO_MISSING_OR_RESTRICTED_ZENDESK,1,0,1,0,0,1,,,N/A,"Insumos:  grasa EP2
                   W40",PLACEHOLDER_VALUE,PLACEHOLDER_REJECTED,HAS_PLACEHOLDERS
1466,2022-04-29T21:00:00.000Z,FIELD_BEAT_CLIENT|61.606.500-9|HOSPITAL CARLOS VAN BUREN (SSVSA),61.606.500-9,HOSPITAL CARLOS VAN BUREN (SSVSA),PREVENTIVA PROGRAMADA,SENT,aecheverria,Linac-154325,,NO_TICKET_REPORTED,0,0,0,0,0,0,,,,,,,NO_USED_PARTS
1467,2022-05-05T12:30:00.000Z,FIELD_BEAT_CLIENT|61.608.404-6|Instituto Nacional del Cáncer (INC),61.608.404-6,Instituto Nacional del Cáncer (INC),CORRECTIVA PROGRAMADA,SCHEDULED,,,,NO_TICKET_REPORTED,0,0,0,0,0,0,,,,,,,NO_USED_PARTS
1468,2022-05-05T12:30:00.000Z,FIELD_BEAT_CLIENT|61.608.404-6|Instituto Nacional del Cáncer (INC),61.608.404-6,Instituto Nacional del Cáncer (INC),INSTALACION - INTEGRACION,FINISHED,varenas,INC-INFINITY01,120359,LINKED_TO_MISSING_OR_RESTRICTED_ZENDESK,1,0,1,0,0,1,,,,isos Mónaco 6,PLACEHOLDER_VALUE,PLACEHOLDER_REJECTED,HAS_PLACEHOLDERS
1469,2022-05-05T21:51:00.000Z,FIELD_BEAT_CLIENT|61.608.404-6|Instituto Nacional del Cáncer (INC),61.608.404-6,Instituto Nacional del Cáncer (INC),CORRECTIVA PROGRAMADA,FINISHED,ccarrasquel,INC-INFINITY01,453949,LINKED_TO_MISSING_OR_RESTRICTED_ZENDESK,0,0,0,0,0,0,,,,,,,NO_USED_PARTS
1470,2022-05-06T21:58:00.000Z,FIELD_BEAT_CLIENT|93.930.000-7|CLÍNICA LAS CONDES,93.930.000-7,CLÍNICA LAS CONDES,PREVENTIVA PROGRAMADA,FINISHED,ccarrasquel,,727363,LINKED_TO_MISSING_OR_RESTRICTED_ZENDESK,0,0,0,0,0,0,,,,,,,NO_USED_PARTS
1471,2022-05-09T13:03:00.000Z,FIELD_BEAT_CLIENT|61.608.404-6|Instituto Nacional del Cáncer (INC),61.608.404-6,Instituto Nacional del Cáncer (INC),CORRECTIVA NO PROGRAMADA,FINISHED,ccarrasquel,INC-INFINITY01,494002,LINKED_TO_MISSING_OR_RESTRICTED_ZENDESK,0,0,0,0,0,0,,,,,,,NO_USED_PARTS
1472,2022-05-09T16:15:00.000Z,FIELD_BEAT_CLIENT|96.770.100-9|CLINICA ALEMANA DE SANTIAGO,96.770.100-9,CLINICA ALEMANA DE SANTIAGO,CORRECTIVA PROGRAMADA,FINISHED,aecheverria,Linac-151673,010101,LINKED_TO_MISSING_OR_RESTRICTED_ZENDESK,1,1,0,0,0,1,1016474_usado,11873,1016474,DLG brake Cant: 2,MATCHED,REF_LIKE,REVIEW_REQUIRED
1473,2022-05-10T16:20:00.000Z,FIELD_BEAT_CLIENT|96.770.100-9|CLINICA ALEMANA DE SANTIAGO,96.770.100-9,CLINICA ALEMANA DE SANTIAGO,CORRECTIVA PROGRAMADA,FINISHED,aecheverria,Linac-151673,524622,LINKED_TO_MISSING_OR_RESTRICTED_ZENDESK,2,1,0,1,0,1,1534958,11034,1534958|1538489,Leaf motor|DLG AND DIAPHRAGM PCB,MATCHED|NO_MATCH,REF_EXACT|NONE,HAS_UNMATCHED_PARTS
1474,2022-05-12T23:27:00.000Z,FIELD_BEAT_CLIENT|70377400-8|FUNDACION ARTURO LOPEZ PEREZ,70377400-8,FUNDACION ARTURO LOPEZ PEREZ,CORRECTIVA PROGRAMADA,FINISHED,rguapache,LINAC-153038,138414,LINKED_TO_MISSING_OR_RESTRICTED_ZENDESK,0,0,0,0,0,0,,,,,,,NO_USED_PARTS
1475,2022-05-13T17:00:00.000Z,FIELD_BEAT_CLIENT|93.930.000-7|CLÍNICA LAS CONDES,93.930.000-7,CLÍNICA LAS CONDES,CORRECTIVA PROGRAMADA,FINISHED,rguapache,,730927,LINKED_TO_MISSING_OR_RESTRICTED_ZENDESK,1,1,0,0,0,0,1538685,12099,1538685,FRU power supply assembly,MATCHED,REF_EXACT,OK
1476,2022-05-13T19:00:00.000Z,FIELD_BEAT_CLIENT|70377400-8|FUNDACION ARTURO LOPEZ PEREZ,70377400-8,FUNDACION ARTURO LOPEZ PEREZ,REQUERIMIENTO DEL CLIENTE,FINISHED,rcammalleri,APOTECA-CHEMO,,NO_TICKET_REPORTED,0,0,0,0,0,0,,,,,,,NO_USED_PARTS
1477,2022-05-14T13:59:00.000Z,FIELD_BEAT_CLIENT|70377400-8|FUNDACION ARTURO LOPEZ PEREZ,70377400-8,FUNDACION ARTURO LOPEZ PEREZ,PREVENTIVA PROGRAMADA,FINISHED,ccarrasquel,LINAC-153038,444321,LINKED_TO_MISSING_OR_RESTRICTED_ZENDESK,0,0,0,0,0,0,,,,,,,NO_USED_PARTS
1478,2022-05-16T13:00:00.000Z,FIELD_BEAT_CLIENT|93.930.000-7|CLÍNICA LAS CONDES,93.930.000-7,CLÍNICA LAS CONDES,CORRECTIVA PROGRAMADA,SCHEDULED,,,,NO_TICKET_REPORTED,0,0,0,0,0,0,,,,,,,NO_USED_PARTS
1479,2022-05-16T13:00:00.000Z,FIELD_BEAT_CLIENT|93.930.000-7|CLÍNICA LAS CONDES,93.930.000-7,CLÍNICA LAS CONDES,REQUERIMIENTO DEL CLIENTE,FINISHED,varenas,,868583,LINKED_TO_MISSING_OR_RESTRICTED_ZENDESK,0,0,0,0,0,0,,,,,,,NO_USED_PARTS
1480,2022-05-16T14:04:00.000Z,FIELD_BEAT_CLIENT|61.606.500-9|HOSPITAL CARLOS VAN BUREN (SSVSA),61.606.500-9,HOSPITAL CARLOS VAN BUREN (SSVSA),CORRECTIVA NO PROGRAMADA,FINISHED,jecheverria,,,NO_TICKET_REPORTED,1,0,1,0,0,1,,,NA,NA,PLACEHOLDER_VALUE,PLACEHOLDER_REJECTED,HAS_PLACEHOLDERS
1481,2022-05-17T15:00:00.000Z,FIELD_BEAT_CLIENT|93.930.000-7|CLÍNICA LAS CONDES,93.930.000-7,CLÍNICA LAS CONDES,CORRECTIVA NO PROGRAMADA,FINISHED,varenas,,234528,LINKED_TO_MISSING_OR_RESTRICTED_ZENDESK,0,0,0,0,0,0,,,,,,,NO_USED_PARTS
1482,2022-04-29T21:00:00.000Z,FIELD_BEAT_CLIENT||,,,CORRECTIVA PROGRAMADA,ASSIGNED,,,,NO_TICKET_REPORTED,0,0,0,0,0,0,,,,,,,NO_USED_PARTS
1483,2022-05-20T18:30:00.000Z,FIELD_BEAT_CLIENT|76.746.730-3|CLÍNICA SANATORIO ALEMÁN (ONCORAD),76.746.730-3,CLÍNICA SANATORIO ALEMÁN (ONCORAD),CORRECTIVA PROGRAMADA,FINISHED,glopez,HDR_10806,,NO_TICKET_REPORTED,1,0,1,0,0,1,,,,Baterías,PLACEHOLDER_VALUE,PLACEHOLDER_REJECTED,HAS_PLACEHOLDERS
1484,2022-05-20T22:30:00.000Z,FIELD_BEAT_CLIENT|70377400-8|FUNDACION ARTURO LOPEZ PEREZ,70377400-8,FUNDACION ARTURO LOPEZ PEREZ,CORRECTIVA PROGRAMADA,FINISHED,acorbea,LINAC-153038,863393,LINKED_TO_MISSING_OR_RESTRICTED_ZENDESK,0,0,0,0,0,0,,,,,,,NO_USED_PARTS
1485,2022-05-24T16:06:00.000Z,FIELD_BEAT_CLIENT|96.770.100-9|CLINICA ALEMANA DE SANTIAGO,96.770.100-9,CLINICA ALEMANA DE SANTIAGO,CORRECTIVA NO PROGRAMADA,FINISHED,aecheverria,Linac-151673,0101,LINKED_TO_MISSING_OR_RESTRICTED_ZENDESK,1,0,1,0,0,1,,,N/A,N/A,PLACEHOLDER_VALUE,PLACEHOLDER_REJECTED,HAS_PLACEHOLDERS
1486,2022-05-24T13:00:00.000Z,FIELD_BEAT_CLIENT|79.560.900-8|RADIO NUCLEAR,79.560.900-8,RADIO NUCLEAR,CORRECTIVA PROGRAMADA,FINISHED,varenas,Linac-151238,583766,LINKED_TO_MISSING_OR_RESTRICTED_ZENDESK,1,0,1,0,0,1,,,,iso windows xp,PLACEHOLDER_VALUE,PLACEHOLDER_REJECTED,HAS_PLACEHOLDERS
1487,2022-05-24T21:30:00.000Z,FIELD_BEAT_CLIENT|79.560.900-8|RADIO NUCLEAR,79.560.900-8,RADIO NUCLEAR,CORRECTIVA NO PROGRAMADA,FINISHED,acorbea,Linac-151238,9999,LINKED_TO_MISSING_OR_RESTRICTED_ZENDESK,0,0,0,0,0,0,,,,,,,NO_USED_PARTS
1488,2022-05-24T09:00:00.000Z,FIELD_BEAT_CLIENT|70377400-8|FUNDACION ARTURO LOPEZ PEREZ,70377400-8,FUNDACION ARTURO LOPEZ PEREZ,PREVENTIVA PROGRAMADA,FINISHED,rguapache,LINAC-153038,825460,LINKED_TO_MISSING_OR_RESTRICTED_ZENDESK,0,0,0,0,0,0,,,,,,,NO_USED_PARTS
1489,2022-05-25T13:04:00.000Z,FIELD_BEAT_CLIENT|61.608.404-6|Instituto Nacional del Cáncer (INC),61.608.404-6,Instituto Nacional del Cáncer (INC),CORRECTIVA NO PROGRAMADA,STARTED,ccarrasquel,INC-INFINITY01,,NO_TICKET_REPORTED,0,0,0,0,0,0,,,,,,,NO_USED_PARTS
1490,2022-05-25T13:06:00.000Z,FIELD_BEAT_CLIENT|61.608.404-6|Instituto Nacional del Cáncer (INC),61.608.404-6,Instituto Nacional del Cáncer (INC),CORRECTIVA NO PROGRAMADA,FINISHED,ccarrasquel,INC-INFINITY01,439533,LINKED_TO_MISSING_OR_RESTRICTED_ZENDESK,0,0,0,0,0,0,,,,,,,NO_USED_PARTS
1491,2022-05-25T14:45:00.000Z,FIELD_BEAT_CLIENT|96.770.100-9|CLINICA ALEMANA DE SANTIAGO,96.770.100-9,CLINICA ALEMANA DE SANTIAGO,CORRECTIVA NO PROGRAMADA,FINISHED,aecheverria,Linac-151673,0101,LINKED_TO_MISSING_OR_RESTRICTED_ZENDESK,1,0,1,0,0,1,,,N/A,N/A,PLACEHOLDER_VALUE,PLACEHOLDER_REJECTED,HAS_PLACEHOLDERS
1492,2022-05-25T13:30:00.000Z,FIELD_BEAT_CLIENT|61.608.404-6|Instituto Nacional del Cáncer (INC),61.608.404-6,Instituto Nacional del Cáncer (INC),CORRECTIVA PROGRAMADA,FINISHED,varenas,INC-INFINITY01,900438,LINKED_TO_MISSING_OR_RESTRICTED_ZENDESK,1,0,1,0,0,1,,,,iso Mónaco 6,PLACEHOLDER_VALUE,PLACEHOLDER_REJECTED,HAS_PLACEHOLDERS
1493,2022-05-25T17:17:00.000Z,FIELD_BEAT_CLIENT|70377400-8|FUNDACION ARTURO LOPEZ PEREZ,70377400-8,FUNDACION ARTURO LOPEZ PEREZ,,ARCHIVED,,LINAC-153038,,NO_TICKET_REPORTED,0,0,0,0,0,0,,,,,,,NO_USED_PARTS
1494,2022-05-25T17:18:00.000Z,FIELD_BEAT_CLIENT|70377400-8|FUNDACION ARTURO LOPEZ PEREZ,70377400-8,FUNDACION ARTURO LOPEZ PEREZ,CORRECTIVA NO PROGRAMADA,FINISHED,rguapache,LINAC-153038,883541,LINKED_TO_MISSING_OR_RESTRICTED_ZENDESK,0,0,0,0,0,0,,,,,,,NO_USED_PARTS
1495,2022-05-26T12:00:00.000Z,FIELD_BEAT_CLIENT|61.607.901-8|SERVICIO DE SALUD DE MAGALLANES,61.607.901-8,SERVICIO DE SALUD DE MAGALLANES,CORRECTIVA NO PROGRAMADA,FINISHED,raguila,,,NO_TICKET_REPORTED,1,0,1,0,0,1,,,n/c,ampolleta de 12v,PLACEHOLDER_VALUE,PLACEHOLDER_REJECTED,HAS_PLACEHOLDERS
1496,2022-05-26T16:30:00.000Z,FIELD_BEAT_CLIENT|96.770.100-9|CLINICA ALEMANA DE SANTIAGO,96.770.100-9,CLINICA ALEMANA DE SANTIAGO,CORRECTIVA NO PROGRAMADA,FINISHED,aecheverria,Linac-151673,293312,LINKED_TO_MISSING_OR_RESTRICTED_ZENDESK,1,0,1,0,0,1,,,N/A,Microswicht Enable de camilla,PLACEHOLDER_VALUE,PLACEHOLDER_REJECTED,HAS_PLACEHOLDERS
1497,2022-05-30T20:00:00.000Z,FIELD_BEAT_CLIENT|81.698.900-0|UC CHRISTUS - CECA,81.698.900-0,UC CHRISTUS - CECA,CORRECTIVA PROGRAMADA,FINISHED,varenas,Linac-153935,755004,LINKED_TO_MISSING_OR_RESTRICTED_ZENDESK,0,0,0,0,0,0,,,,,,,NO_USED_PARTS
1498,2022-05-31T20:30:00.000Z,FIELD_BEAT_CLIENT|70377400-8|FUNDACION ARTURO LOPEZ PEREZ,70377400-8,FUNDACION ARTURO LOPEZ PEREZ,CORRECTIVA PROGRAMADA,FINISHED,rguapache,LINAC-153038,339909,LINKED_TO_MISSING_OR_RESTRICTED_ZENDESK,1,1,0,0,0,1,1016472_usado,11874,1016472,"2 Kit spares, Diaphragms brake",MATCHED,REF_LIKE,REVIEW_REQUIRED
1499,2022-06-01T20:00:00.000Z,FIELD_BEAT_CLIENT|93.930.000-7|CLÍNICA LAS CONDES,93.930.000-7,CLÍNICA LAS CONDES,CORRECTIVA PROGRAMADA,FINISHED,rguapache,,417278,LINKED_TO_MISSING_OR_RESTRICTED_ZENDESK,1,0,0,1,0,1,,,1537080,"FRU, EIM Logic Control",NO_MATCH,NONE,HAS_UNMATCHED_PARTS
1500,2022-06-02T02:05:00.000Z,FIELD_BEAT_CLIENT|81.698.900-0|UC CHRISTUS - CECA,81.698.900-0,UC CHRISTUS - CECA,CORRECTIVA NO PROGRAMADA,FINISHED,ccarrasquel,Linac-153935,993911,LINKED_TO_MISSING_OR_RESTRICTED_ZENDESK,0,0,0,0,0,0,,,,,,,NO_USED_PARTS
1501,2022-06-02T12:30:00.000Z,FIELD_BEAT_CLIENT|96.770.100-9|CLINICA ALEMANA DE SANTIAGO,96.770.100-9,CLINICA ALEMANA DE SANTIAGO,CORRECTIVA NO PROGRAMADA,FINISHED,aecheverria,Linac-152171,867282,LINKED_TO_MISSING_OR_RESTRICTED_ZENDESK,1,0,1,0,0,1,,,N/A,N/A,PLACEHOLDER_VALUE,PLACEHOLDER_REJECTED,HAS_PLACEHOLDERS
1502,2022-06-02T20:30:00.000Z,FIELD_BEAT_CLIENT|96.770.100-9|CLINICA ALEMANA DE SANTIAGO,96.770.100-9,CLINICA ALEMANA DE SANTIAGO,CORRECTIVA PROGRAMADA,FINISHED,acorbea,Linac-151673,844620,LINKED_TO_MISSING_OR_RESTRICTED_ZENDESK,0,0,0,0,0,0,,,,,,,NO_USED_PARTS
1503,2022-06-03T18:49:00.000Z,FIELD_BEAT_CLIENT|61.606.500-9|HOSPITAL CARLOS VAN BUREN (SSVSA),61.606.500-9,HOSPITAL CARLOS VAN BUREN (SSVSA),CORRECTIVA NO PROGRAMADA,ARCHIVED,,,,NO_TICKET_REPORTED,0,0,0,0,0,0,,,,,,,NO_USED_PARTS
1504,2022-06-02T20:45:00.000Z,FIELD_BEAT_CLIENT|61.606.500-9|HOSPITAL CARLOS VAN BUREN (SSVSA),61.606.500-9,HOSPITAL CARLOS VAN BUREN (SSVSA),CORRECTIVA PROGRAMADA,FINISHED,aecheverria,Linac-154325,654641,LINKED_TO_MISSING_OR_RESTRICTED_ZENDESK,1,0,1,0,0,1,,,N/A,N/A,PLACEHOLDER_VALUE,PLACEHOLDER_REJECTED,HAS_PLACEHOLDERS
1505,2022-06-03T21:43:00.000Z,FIELD_BEAT_CLIENT|61.608.404-6|Instituto Nacional del Cáncer (INC),61.608.404-6,Instituto Nacional del Cáncer (INC),PREVENTIVA PROGRAMADA,FINISHED,ccarrasquel,INC-INFINITY01,549574,LINKED_TO_MISSING_OR_RESTRICTED_ZENDESK,2,2,0,0,0,0,45133308530|1549816,11007|10416,45133308530|1549816,magnetron|LOWARA PUMP FRU,MATCHED,REF_EXACT,OK
1506,2022-06-06T11:35:00.000Z,FIELD_BEAT_CLIENT|96.770.100-9|CLINICA ALEMANA DE SANTIAGO,96.770.100-9,CLINICA ALEMANA DE SANTIAGO,CORRECTIVA PROGRAMADA,FINISHED,acorbea,Linac-151673,844620,LINKED_TO_MISSING_OR_RESTRICTED_ZENDESK,1,0,0,1,0,1,,,1556292,"kit spare, dlg brake      cantidad 2",NO_MATCH,NONE,HAS_UNMATCHED_PARTS
1507,2022-05-30T13:42:00.000Z,FIELD_BEAT_CLIENT|79.560.900-8|RADIO NUCLEAR,79.560.900-8,RADIO NUCLEAR,CORRECTIVA PROGRAMADA,FINISHED,mreyes,Linac-151238,,NO_TICKET_REPORTED,1,0,0,1,0,1,,,No hay.,No hay,NO_MATCH,NONE,HAS_UNMATCHED_PARTS
1508,2022-06-08T23:00:00.000Z,FIELD_BEAT_CLIENT|70377400-8|FUNDACION ARTURO LOPEZ PEREZ,70377400-8,FUNDACION ARTURO LOPEZ PEREZ,CORRECTIVA PROGRAMADA,FINISHED,acorbea,LINAC-153038,808492,LINKED_TO_MISSING_OR_RESTRICTED_ZENDESK,0,0,0,0,0,0,,,,,,,NO_USED_PARTS
1509,2022-06-09T20:45:00.000Z,FIELD_BEAT_CLIENT|79.560.900-8|RADIO NUCLEAR,79.560.900-8,RADIO NUCLEAR,CORRECTIVA PROGRAMADA,FINISHED,acorbea,Linac-151238,162775,LINKED_TO_MISSING_OR_RESTRICTED_ZENDESK,0,0,0,0,0,0,,,,,,,NO_USED_PARTS
1510,2022-06-09T18:00:00.000Z,FIELD_BEAT_CLIENT|79.560.900-8|RADIO NUCLEAR,79.560.900-8,RADIO NUCLEAR,CORRECTIVA PROGRAMADA,FINISHED,acorbea,Linac-151238,4445992,LINKED_TO_MISSING_OR_RESTRICTED_ZENDESK,0,0,0,0,0,0,,,,,,,NO_USED_PARTS
1511,2022-06-11T12:30:00.000Z,FIELD_BEAT_CLIENT|70377400-8|FUNDACION ARTURO LOPEZ PEREZ,70377400-8,FUNDACION ARTURO LOPEZ PEREZ,CORRECTIVA NO PROGRAMADA,FINISHED,rguapache,LINAC-153038,588386,LINKED_TO_MISSING_OR_RESTRICTED_ZENDESK,1,0,1,0,0,1,,,,Fusible de 10A/32Vp,PLACEHOLDER_VALUE,PLACEHOLDER_REJECTED,HAS_PLACEHOLDERS
1512,2022-06-13T09:55:00.000Z,FIELD_BEAT_CLIENT|70377400-8|FUNDACION ARTURO LOPEZ PEREZ,70377400-8,FUNDACION ARTURO LOPEZ PEREZ,CORRECTIVA NO PROGRAMADA,FINISHED,rguapache,LINAC-153038,466517,LINKED_TO_MISSING_OR_RESTRICTED_ZENDESK,0,0,0,0,0,0,,,,,,,NO_USED_PARTS
1513,2022-06-15T14:30:00.000Z,FIELD_BEAT_CLIENT|96.770.100-9|CLINICA ALEMANA DE SANTIAGO,96.770.100-9,CLINICA ALEMANA DE SANTIAGO,CORRECTIVA NO PROGRAMADA,FINISHED,acorbea,Linac-152171,720301,LINKED_TO_MISSING_OR_RESTRICTED_ZENDESK,0,0,0,0,0,0,,,,,,,NO_USED_PARTS
1514,2022-06-16T18:35:00.000Z,FIELD_BEAT_CLIENT|61.605.000-1|INSTITUTO DE SALUD PUBLICA (ISP),61.605.000-1,INSTITUTO DE SALUD PUBLICA (ISP),PREVENTIVA PROGRAMADA,FINISHED,aecheverria,PANASONIC-ISP,0101,LINKED_TO_MISSING_OR_RESTRICTED_ZENDESK,1,0,1,0,0,1,,,N/A,N/A,PLACEHOLDER_VALUE,PLACEHOLDER_REJECTED,HAS_PLACEHOLDERS
1515,2022-06-16T18:00:00.000Z,FIELD_BEAT_CLIENT|61.605.000-1|INSTITUTO DE SALUD PUBLICA (ISP),61.605.000-1,INSTITUTO DE SALUD PUBLICA (ISP),PREVENTIVA PROGRAMADA,ARCHIVED,,PANASONIC-ISP,,NO_TICKET_REPORTED,0,0,0,0,0,0,,,,,,,NO_USED_PARTS
1516,2022-06-17T20:45:00.000Z,FIELD_BEAT_CLIENT|96.770.100-9|CLINICA ALEMANA DE SANTIAGO,96.770.100-9,CLINICA ALEMANA DE SANTIAGO,CORRECTIVA PROGRAMADA,FINISHED,acorbea,Linac-152171,9999,LINKED_TO_MISSING_OR_RESTRICTED_ZENDESK,1,1,0,0,0,0,1527814,11929,1527814,Ion Pump PSU    cant 1,MATCHED,REF_EXACT,OK
1517,2022-06-17T06:30:00.000Z,FIELD_BEAT_CLIENT|81.698.900-0|UC CHRISTUS - CECA,81.698.900-0,UC CHRISTUS - CECA,CORRECTIVA NO PROGRAMADA,ARCHIVED,,Linac-153935,520423,LINKED_TO_MISSING_OR_RESTRICTED_ZENDESK,1,0,0,1,0,1,,,CF25HA-1,Obturador de Camara de Video (FUJIFILM),NO_MATCH,NONE,HAS_UNMATCHED_PARTS
1518,2022-06-20T14:20:00.000Z,FIELD_BEAT_CLIENT|93.930.000-7|CLÍNICA LAS CONDES,93.930.000-7,CLÍNICA LAS CONDES,CORRECTIVA NO PROGRAMADA,FINISHED,acorbea,,837172,LINKED_TO_MISSING_OR_RESTRICTED_ZENDESK,0,0,0,0,0,0,,,,,,,NO_USED_PARTS
1519,2022-06-20T16:17:00.000Z,FIELD_BEAT_CLIENT|70377400-8|FUNDACION ARTURO LOPEZ PEREZ,70377400-8,FUNDACION ARTURO LOPEZ PEREZ,,ARCHIVED,,APOTECA-PS,,NO_TICKET_REPORTED,0,0,0,0,0,0,,,,,,,NO_USED_PARTS
1520,2022-06-20T16:20:00.000Z,FIELD_BEAT_CLIENT|70377400-8|FUNDACION ARTURO LOPEZ PEREZ,70377400-8,FUNDACION ARTURO LOPEZ PEREZ,REQUERIMIENTO DEL CLIENTE,FINISHED,jecheverria,APOTECA-PS,,NO_TICKET_REPORTED,1,0,1,0,0,1,,,NA,NA,PLACEHOLDER_VALUE,PLACEHOLDER_REJECTED,HAS_PLACEHOLDERS
1521,2022-06-17T06:30:00.000Z,FIELD_BEAT_CLIENT|81.698.900-0|UC CHRISTUS - CECA,81.698.900-0,UC CHRISTUS - CECA,CORRECTIVA NO PROGRAMADA,FINISHED,glopez,Linac-153935,520423,LINKED_TO_MISSING_OR_RESTRICTED_ZENDESK,1,0,0,1,0,1,,,CF25HA-1,Obturador de cámara de video (Fujifilm),NO_MATCH,NONE,HAS_UNMATCHED_PARTS
1522,2022-06-18T13:00:00.000Z,FIELD_BEAT_CLIENT|76.746.730-3|CLÍNICA SANATORIO ALEMÁN (ONCORAD),76.746.730-3,CLÍNICA SANATORIO ALEMÁN (ONCORAD),CORRECTIVA NO PROGRAMADA,FINISHED,ebecker,Linac-201110,,NO_TICKET_REPORTED,1,1,0,0,0,1,1006059,11172,"P/N BJ7099.001
P/N 1006059","02 Ion Chamber
02 BMEI Dose Board",MATCHED,REF_LIKE,REVIEW_REQUIRED
1523,2022-06-24T15:00:00.000Z,FIELD_BEAT_CLIENT|81.698.900-0|UC CHRISTUS - CECA,81.698.900-0,UC CHRISTUS - CECA,CORRECTIVA PROGRAMADA,FINISHED,varenas,TPS-UC,335280,LINKED_TO_MISSING_OR_RESTRICTED_ZENDESK,0,0,0,0,0,0,,,,,,,NO_USED_PARTS
1524,2022-06-28T12:30:00.000Z,FIELD_BEAT_CLIENT|70377400-8|FUNDACION ARTURO LOPEZ PEREZ,70377400-8,FUNDACION ARTURO LOPEZ PEREZ,REQUERIMIENTO DEL CLIENTE,FINISHED,rcammalleri,APOTECA-CHEMO,,NO_TICKET_REPORTED,0,0,0,0,0,0,,,,,,,NO_USED_PARTS
1525,2022-06-28T21:10:00.000Z,FIELD_BEAT_CLIENT|96.757.430-9|INRAD,96.757.430-9,INRAD,CORRECTIVA PROGRAMADA,FINISHED,ccarrasquel,Linac-201172,919979,LINKED_TO_MISSING_OR_RESTRICTED_ZENDESK,0,0,0,0,0,0,,,,,,,NO_USED_PARTS
1526,2022-06-29T10:45:00.000Z,FIELD_BEAT_CLIENT|61.606.500-9|HOSPITAL CARLOS VAN BUREN (SSVSA),61.606.500-9,HOSPITAL CARLOS VAN BUREN (SSVSA),CORRECTIVA PROGRAMADA,FINISHED,aecheverria,,0101,LINKED_TO_MISSING_OR_RESTRICTED_ZENDESK,3,2,0,0,1,1,1534958|1517657,11034|10701,1534958|1538|1517657,Kit leaf motor Cant: 2|PCB DLG motor drive|PCB leaf motor drive Cant: 2 NR,MATCHED|AMBIGUOUS_MATCH,REF_EXACT|REF_LIKE,HAS_AMBIGUOUS_PARTS
1527,2022-06-16T18:00:00.000Z,FIELD_BEAT_CLIENT|96.757.430-9|INRAD,96.757.430-9,INRAD,ASISTENCIA REMOTA,FINISHED,rcammalleri,TPS-INRAD,983998,LINKED_TO_MISSING_OR_RESTRICTED_ZENDESK,0,0,0,0,0,0,,,,,,,NO_USED_PARTS
1528,2022-06-30T17:19:00.000Z,FIELD_BEAT_CLIENT|61.608.404-6|Instituto Nacional del Cáncer (INC),61.608.404-6,Instituto Nacional del Cáncer (INC),CORRECTIVA NO PROGRAMADA,FINISHED,ccarrasquel,INC-INFINITY01,777777,LINKED_TO_MISSING_OR_RESTRICTED_ZENDESK,3,2,0,1,0,2,1017632_usado|1010848,11872|11037,1017632|1527044|1010848,PCB Assy Camers CCU|Programmed PCB Assy ROUTER|mirror asaembly opt,MATCHED|NO_MATCH,REF_LIKE|NONE|REF_EXACT,HAS_UNMATCHED_PARTS
1529,2022-07-01T13:30:00.000Z,FIELD_BEAT_CLIENT|81.698.900-0|UC CHRISTUS - CECA,81.698.900-0,UC CHRISTUS - CECA,CORRECTIVA PROGRAMADA,FINISHED,varenas,OIS-UC,494456,LINKED_TO_MISSING_OR_RESTRICTED_ZENDESK,0,0,0,0,0,0,,,,,,,NO_USED_PARTS
1530,2022-07-01T18:00:00.000Z,FIELD_BEAT_CLIENT|96.757.430-9|INRAD,96.757.430-9,INRAD,CORRECTIVA PROGRAMADA,FINISHED,acorbea,Linac-201172,137421,LINKED_TO_MISSING_OR_RESTRICTED_ZENDESK,0,0,0,0,0,0,,,,,,,NO_USED_PARTS
1531,2022-07-01T22:00:00.000Z,FIELD_BEAT_CLIENT|81.698.900-0|UC CHRISTUS - CECA,81.698.900-0,UC CHRISTUS - CECA,CORRECTIVA NO PROGRAMADA,FINISHED,acorbea,Linac-153935,9999,LINKED_TO_MISSING_OR_RESTRICTED_ZENDESK,0,0,0,0,0,0,,,,,,,NO_USED_PARTS
1532,2022-07-04T11:45:00.000Z,FIELD_BEAT_CLIENT|70377400-8|FUNDACION ARTURO LOPEZ PEREZ,70377400-8,FUNDACION ARTURO LOPEZ PEREZ,CORRECTIVA NO PROGRAMADA,FINISHED,rguapache,LINAC-153038,414306,LINKED_TO_MISSING_OR_RESTRICTED_ZENDESK,0,0,0,0,0,0,,,,,,,NO_USED_PARTS
1533,2022-07-04T13:00:00.000Z,FIELD_BEAT_CLIENT|81.698.900-0|UC CHRISTUS - CECA,81.698.900-0,UC CHRISTUS - CECA,CORRECTIVA NO PROGRAMADA,FINISHED,rguapache,Linac-153935,,NO_TICKET_REPORTED,0,0,0,0,0,0,,,,,,,NO_USED_PARTS
1534,2022-07-06T23:45:00.000Z,FIELD_BEAT_CLIENT|81.698.900-0|UC CHRISTUS - CECA,81.698.900-0,UC CHRISTUS - CECA,CORRECTIVA PROGRAMADA,FINISHED,acorbea,Linac-153935,242713,LINKED_TO_MISSING_OR_RESTRICTED_ZENDESK,0,0,0,0,0,0,,,,,,,NO_USED_PARTS
1535,2022-07-07T13:40:00.000Z,FIELD_BEAT_CLIENT|79.560.900-8|RADIO NUCLEAR,79.560.900-8,RADIO NUCLEAR,CORRECTIVA NO PROGRAMADA,FINISHED,acorbea,Linac-151238,477000,LINKED_TO_MISSING_OR_RESTRICTED_ZENDESK,0,0,0,0,0,0,,,,,,,NO_USED_PARTS
1536,2022-07-07T05:17:00.000Z,FIELD_BEAT_CLIENT|96.757.430-9|INRAD,96.757.430-9,INRAD,CORRECTIVA NO PROGRAMADA,FINISHED,mreyes,Linac-201172,,NO_TICKET_REPORTED,1,0,0,1,0,1,,,No hay,No hay,NO_MATCH,NONE,HAS_UNMATCHED_PARTS
1537,2022-07-08T00:00:00.000Z,FIELD_BEAT_CLIENT|81.698.900-0|UC CHRISTUS - CECA,81.698.900-0,UC CHRISTUS - CECA,CORRECTIVA PROGRAMADA,FINISHED,rguapache,Linac-153935,242713,LINKED_TO_MISSING_OR_RESTRICTED_ZENDESK,0,0,0,0,0,0,,,,,,,NO_USED_PARTS
1538,2022-07-08T16:30:00.000Z,FIELD_BEAT_CLIENT|61.606.500-9|HOSPITAL CARLOS VAN BUREN (SSVSA),61.606.500-9,HOSPITAL CARLOS VAN BUREN (SSVSA),CORRECTIVA PROGRAMADA,FINISHED,jecheverria,Linac-154325,591426,LINKED_TO_MISSING_OR_RESTRICTED_ZENDESK,1,0,1,0,0,1,,,N/A,N/A,PLACEHOLDER_VALUE,PLACEHOLDER_REJECTED,HAS_PLACEHOLDERS
1539,2022-07-09T00:00:00.000Z,FIELD_BEAT_CLIENT|81.698.900-0|UC CHRISTUS - CECA,81.698.900-0,UC CHRISTUS - CECA,CORRECTIVA PROGRAMADA,FINISHED,rguapache,Linac-153935,134319,LINKED_TO_MISSING_OR_RESTRICTED_ZENDESK,0,0,0,0,0,0,,,,,,,NO_USED_PARTS
1540,2022-07-08T20:00:00.000Z,FIELD_BEAT_CLIENT|61.607.901-8|SERVICIO DE SALUD DE MAGALLANES,61.607.901-8,SERVICIO DE SALUD DE MAGALLANES,PREVENTIVA PROGRAMADA,FINISHED,raguila,,,NO_TICKET_REPORTED,1,0,1,0,0,1,,,N/C,"grasa ep-2, wd-40, limpia contactos, sprau de aire comprimido.",PLACEHOLDER_VALUE,PLACEHOLDER_REJECTED,HAS_PLACEHOLDERS
1541,2022-07-11T14:30:00.000Z,FIELD_BEAT_CLIENT|93.930.000-7|CLÍNICA LAS CONDES,93.930.000-7,CLÍNICA LAS CONDES,CORRECTIVA NO PROGRAMADA,FINISHED,acorbea,,478766,LINKED_TO_MISSING_OR_RESTRICTED_ZENDESK,0,0,0,0,0,0,,,,,,,NO_USED_PARTS
1542,2022-07-13T21:30:00.000Z,FIELD_BEAT_CLIENT|76.746.730-3|CLÍNICA SANATORIO ALEMÁN (ONCORAD),76.746.730-3,CLÍNICA SANATORIO ALEMÁN (ONCORAD),CORRECTIVA NO PROGRAMADA,FINISHED,ebecker,Linac-201110,,NO_TICKET_REPORTED,1,0,1,0,0,1,,,N/A,N/A,PLACEHOLDER_VALUE,PLACEHOLDER_REJECTED,HAS_PLACEHOLDERS
1543,2022-07-15T18:57:00.000Z,FIELD_BEAT_CLIENT|61.606.500-9|HOSPITAL CARLOS VAN BUREN (SSVSA),61.606.500-9,HOSPITAL CARLOS VAN BUREN (SSVSA),PREVENTIVA PROGRAMADA,FINISHED,jecheverria,,392327,LINKED_TO_MISSING_OR_RESTRICTED_ZENDESK,1,0,1,0,0,1,,,NA,NA,PLACEHOLDER_VALUE,PLACEHOLDER_REJECTED,HAS_PLACEHOLDERS
1544,2022-07-15T20:30:00.000Z,FIELD_BEAT_CLIENT|70377400-8|FUNDACION ARTURO LOPEZ PEREZ,70377400-8,FUNDACION ARTURO LOPEZ PEREZ,CORRECTIVA PROGRAMADA,FINISHED,acorbea,LINAC-153038,201212,LINKED_TO_MISSING_OR_RESTRICTED_ZENDESK,3,3,0,0,0,0,1534958|1535807|45133317850,11034|11525|11249,1534958|1535807|45133317850,"kik, spare, leaf motor cantidad 1|Mod Kit, Transformer, cantidad 1|Fru pwb 812, 825A cantidad 2",MATCHED,REF_EXACT,OK
1545,2022-07-14T21:30:00.000Z,FIELD_BEAT_CLIENT|61.608.404-6|Instituto Nacional del Cáncer (INC),61.608.404-6,Instituto Nacional del Cáncer (INC),CORRECTIVA PROGRAMADA,FINISHED,ccarrasquel,INC-INFINITY01,777777,LINKED_TO_MISSING_OR_RESTRICTED_ZENDESK,2,2,0,0,0,1,1006737_usado|45133165177,12071|10716,1006737|45133165177,SIB PCB|thyratron,MATCHED,REF_LIKE|REF_EXACT,REVIEW_REQUIRED
1546,2022-07-19T11:00:00.000Z,FIELD_BEAT_CLIENT|70377400-8|FUNDACION ARTURO LOPEZ PEREZ,70377400-8,FUNDACION ARTURO LOPEZ PEREZ,CORRECTIVA NO PROGRAMADA,FINISHED,rcammalleri,APOTECA-CHEMO,,NO_TICKET_REPORTED,0,0,0,0,0,0,,,,,,,NO_USED_PARTS
1547,2022-07-20T00:03:00.000Z,FIELD_BEAT_CLIENT|61.608.404-6|Instituto Nacional del Cáncer (INC),61.608.404-6,Instituto Nacional del Cáncer (INC),CORRECTIVA PROGRAMADA,FINISHED,ccarrasquel,INC-INFINITY01,777777,LINKED_TO_MISSING_OR_RESTRICTED_ZENDESK,0,0,0,0,0,0,,,,,,,NO_USED_PARTS
1548,2022-07-21T18:00:00.000Z,FIELD_BEAT_CLIENT|76.746.730-3|CLÍNICA SANATORIO ALEMÁN (ONCORAD),76.746.730-3,CLÍNICA SANATORIO ALEMÁN (ONCORAD),CORRECTIVA NO PROGRAMADA,FINISHED,ebecker,Linac-201110,,NO_TICKET_REPORTED,1,0,1,0,0,1,,,N/A,N/A,PLACEHOLDER_VALUE,PLACEHOLDER_REJECTED,HAS_PLACEHOLDERS
1549,2022-07-22T20:40:00.000Z,FIELD_BEAT_CLIENT|96.770.100-9|CLINICA ALEMANA DE SANTIAGO,96.770.100-9,CLINICA ALEMANA DE SANTIAGO,CORRECTIVA PROGRAMADA,FINISHED,acorbea,Linac-151673,9999,LINKED_TO_MISSING_OR_RESTRICTED_ZENDESK,1,0,1,0,0,1,,,n/a,Grasa Ep2,PLACEHOLDER_VALUE,PLACEHOLDER_REJECTED,HAS_PLACEHOLDERS
1550,2022-07-22T18:00:00.000Z,FIELD_BEAT_CLIENT|81.698.900-0|UC CHRISTUS - CECA,81.698.900-0,UC CHRISTUS - CECA,INSTALACION - INTEGRACION,FINISHED,rcammalleri,OIS-UC,120365,LINKED_TO_MISSING_OR_RESTRICTED_ZENDESK,0,0,0,0,0,0,,,,,,,NO_USED_PARTS
1551,2022-07-25T12:00:00.000Z,FIELD_BEAT_CLIENT|70377400-8|FUNDACION ARTURO LOPEZ PEREZ,70377400-8,FUNDACION ARTURO LOPEZ PEREZ,CORRECTIVA PROGRAMADA,FINISHED,rcammalleri,APOTECA-CHEMO,,NO_TICKET_REPORTED,2,0,2,0,0,2,,,,Pasta de pulir vidrio|Pegamento Loctite vidrio,PLACEHOLDER_VALUE,PLACEHOLDER_REJECTED,HAS_PLACEHOLDERS
1552,2022-07-25T13:50:00.000Z,FIELD_BEAT_CLIENT|81.698.900-0|UC CHRISTUS - CECA,81.698.900-0,UC CHRISTUS - CECA,CORRECTIVA NO PROGRAMADA,FINISHED,acorbea,Linac-153935,152475,LINKED_TO_MISSING_OR_RESTRICTED_ZENDESK,1,0,0,1,0,1,,,1584,"Kit, motor lámina",NO_MATCH,NONE,HAS_UNMATCHED_PARTS
1553,2022-07-27T17:30:00.000Z,FIELD_BEAT_CLIENT|79.560.900-8|RADIO NUCLEAR,79.560.900-8,RADIO NUCLEAR,CORRECTIVA NO PROGRAMADA,FINISHED,acorbea,Linac-151238,650855,LINKED_TO_MISSING_OR_RESTRICTED_ZENDESK,0,0,0,0,0,0,,,,,,,NO_USED_PARTS
1554,2022-07-28T21:00:00.000Z,FIELD_BEAT_CLIENT|70377400-8|FUNDACION ARTURO LOPEZ PEREZ,70377400-8,FUNDACION ARTURO LOPEZ PEREZ,CORRECTIVA PROGRAMADA,FINISHED,acorbea,LINAC-153038,130783,LINKED_TO_MISSING_OR_RESTRICTED_ZENDESK,0,0,0,0,0,0,,,,,,,NO_USED_PARTS
1555,2022-07-29T12:00:00.000Z,FIELD_BEAT_CLIENT|61.608.404-6|Instituto Nacional del Cáncer (INC),61.608.404-6,Instituto Nacional del Cáncer (INC),CORRECTIVA PROGRAMADA,FINISHED,ccarrasquel,INC-INFINITY01,968806,LINKED_TO_MISSING_OR_RESTRICTED_ZENDESK,1,1,0,0,0,0,1505856,12120,1505856,KV generation,MATCHED,REF_EXACT,OK
1556,2022-07-28T14:30:00.000Z,FIELD_BEAT_CLIENT|76.105.383-3|TORRE MÉDICA - RANCAGUA,76.105.383-3,TORRE MÉDICA - RANCAGUA,CORRECTIVA NO PROGRAMADA,FINISHED,jecheverria,,0000,LINKED_TO_MISSING_OR_RESTRICTED_ZENDESK,1,0,1,0,0,1,,,NA,NA,PLACEHOLDER_VALUE,PLACEHOLDER_REJECTED,HAS_PLACEHOLDERS
1557,2022-08-01T19:00:00.000Z,FIELD_BEAT_CLIENT|61.606.500-9|HOSPITAL CARLOS VAN BUREN (SSVSA),61.606.500-9,HOSPITAL CARLOS VAN BUREN (SSVSA),CORRECTIVA NO PROGRAMADA,FINISHED,aecheverria,Linac-154325,0101,LINKED_TO_MISSING_OR_RESTRICTED_ZENDESK,1,0,1,0,0,1,,,N/A,N/A,PLACEHOLDER_VALUE,PLACEHOLDER_REJECTED,HAS_PLACEHOLDERS
1558,2022-08-03T16:26:58.731Z,FIELD_BEAT_CLIENT||ACME,,ACME,PREVENTIVA PROGRAMADA,ARCHIVED,,,,NO_TICKET_REPORTED,0,0,0,0,0,0,,,,,,,NO_USED_PARTS
1559,2022-08-03T16:27:54.374Z,FIELD_BEAT_CLIENT|61.606.500-9|ACME,61.606.500-9,ACME,PREVENTIVA PROGRAMADA,ARCHIVED,,153038,,NO_TICKET_REPORTED,0,0,0,0,0,0,,,,,,,NO_USED_PARTS
1560,2022-08-03T16:28:23.857Z,FIELD_BEAT_CLIENT|61.606.500-9|ACME,61.606.500-9,ACME,PREVENTIVA PROGRAMADA,FINISHED,glopez,153038,5555,LINKED_TO_MISSING_OR_RESTRICTED_ZENDESK,0,0,0,0,0,0,,,,,,,NO_USED_PARTS
1561,2022-08-03T16:15:00.000Z,FIELD_BEAT_CLIENT|96.770.100-9|CLINICA ALEMANA DE SANTIAGO,96.770.100-9,CLINICA ALEMANA DE SANTIAGO,CORRECTIVA PROGRAMADA,FINISHED,acorbea,Linac-151673,9999,LINKED_TO_MISSING_OR_RESTRICTED_ZENDESK,0,0,0,0,0,0,,,,,,,NO_USED_PARTS
1562,2022-08-02T22:40:00.000Z,FIELD_BEAT_CLIENT|61.608.404-6|Instituto Nacional del Cáncer (INC),61.608.404-6,Instituto Nacional del Cáncer (INC),CORRECTIVA PROGRAMADA,FINISHED,ccarrasquel,INC-INFINITY01,777777,LINKED_TO_MISSING_OR_RESTRICTED_ZENDESK,2,1,0,1,0,2,1018265_proveedor_local,11961,1538489|1018265,"PCB assy, DLG and DIAPHRAGM Drive|FRU Z motor brush set",NO_MATCH|MATCHED,NONE|REF_LIKE,HAS_UNMATCHED_PARTS
1563,2022-08-03T22:00:00.000Z,FIELD_BEAT_CLIENT|61.606.500-9|HOSPITAL CARLOS VAN BUREN (SSVSA),61.606.500-9,HOSPITAL CARLOS VAN BUREN (SSVSA),CORRECTIVA PROGRAMADA,ARCHIVED,,Linac-154325,,NO_TICKET_REPORTED,0,0,0,0,0,0,,,,,,,NO_USED_PARTS
1564,2022-08-03T22:00:00.000Z,FIELD_BEAT_CLIENT|61.606.500-9|HOSPITAL CARLOS VAN BUREN (SSVSA),61.606.500-9,HOSPITAL CARLOS VAN BUREN (SSVSA),CORRECTIVA PROGRAMADA,FINISHED,aecheverria,Linac-154325,330260,LINKED_TO_MISSING_OR_RESTRICTED_ZENDESK,1,0,1,0,0,1,,,N/A,Hub USB 4 puertos,PLACEHOLDER_VALUE,PLACEHOLDER_REJECTED,HAS_PLACEHOLDERS
1565,2022-08-04T21:25:00.000Z,FIELD_BEAT_CLIENT|81.698.900-0|UC CHRISTUS - CECA,81.698.900-0,UC CHRISTUS - CECA,CORRECTIVA NO PROGRAMADA,FINISHED,glopez,Linac-153935,9999999,LINKED_TO_MISSING_OR_RESTRICTED_ZENDESK,0,0,0,0,0,0,,,,,,,NO_USED_PARTS
1566,2022-08-05T11:41:00.000Z,FIELD_BEAT_CLIENT|61.607.901-8|SERVICIO DE SALUD DE MAGALLANES,61.607.901-8,SERVICIO DE SALUD DE MAGALLANES,CORRECTIVA NO PROGRAMADA,FINISHED,rguapache,Linac-152280,,NO_TICKET_REPORTED,0,0,0,0,0,0,,,,,,,NO_USED_PARTS
1567,2022-08-05T12:30:00.000Z,FIELD_BEAT_CLIENT|93.930.000-7|CLÍNICA LAS CONDES,93.930.000-7,CLÍNICA LAS CONDES,CORRECTIVA NO PROGRAMADA,FINISHED,acorbea,,736046,LINKED_TO_MISSING_OR_RESTRICTED_ZENDESK,1,1,0,0,0,0,1022378,11627,1022378,"diode assembly, fru cantidad 1",MATCHED,REF_EXACT,OK
1568,2022-08-05T15:56:00.000Z,FIELD_BEAT_CLIENT||ACME,,ACME,CORRECTIVA NO PROGRAMADA,FINISHED,acorbea,,555,LINKED_TO_MISSING_OR_RESTRICTED_ZENDESK,0,0,0,0,0,0,,,,,,,NO_USED_PARTS
1569,2022-08-05T23:25:00.000Z,FIELD_BEAT_CLIENT|81.698.900-0|UC CHRISTUS - CECA,81.698.900-0,UC CHRISTUS - CECA,CORRECTIVA NO PROGRAMADA,FINISHED,rguapache,Linac-153935,,NO_TICKET_REPORTED,0,0,0,0,0,0,,,,,,,NO_USED_PARTS
1570,2022-08-08T12:30:00.000Z,FIELD_BEAT_CLIENT|81.698.900-0|UC CHRISTUS - CECA,81.698.900-0,UC CHRISTUS - CECA,,SENT,rguapache,Linac-153935,,NO_TICKET_REPORTED,0,0,0,0,0,0,,,,,,,NO_USED_PARTS
1571,2022-08-08T12:30:00.000Z,FIELD_BEAT_CLIENT|81.698.900-0|UC CHRISTUS - CECA,81.698.900-0,UC CHRISTUS - CECA,CORRECTIVA NO PROGRAMADA,FINISHED,rguapache,Linac-153935,,NO_TICKET_REPORTED,0,0,0,0,0,0,,,,,,,NO_USED_PARTS
1572,2022-08-08T12:30:00.000Z,FIELD_BEAT_CLIENT|70377400-8|FUNDACION ARTURO LOPEZ PEREZ,70377400-8,FUNDACION ARTURO LOPEZ PEREZ,CORRECTIVA PROGRAMADA,FINISHED,rcammalleri,APOTECA-CHEMO,,NO_TICKET_REPORTED,1,0,1,0,0,1,,,na,na,PLACEHOLDER_VALUE,PLACEHOLDER_REJECTED,HAS_PLACEHOLDERS
1573,2022-08-08T17:30:00.000Z,FIELD_BEAT_CLIENT|81.698.900-0|UC CHRISTUS - CECA,81.698.900-0,UC CHRISTUS - CECA,CORRECTIVA NO PROGRAMADA,FINISHED,rguapache,Linac-153935,,NO_TICKET_REPORTED,3,3,0,0,0,0,1018559|1549816|1517657,10724|10416|10701,1018559|1549816|1517657,"(2) FAN dobles para PCB Motor Drive|Bomba de Agua LOWARA|PCB Assy, Leaf Motor Drive",MATCHED,REF_EXACT,OK
1574,2022-08-08T19:00:00.000Z,FIELD_BEAT_CLIENT|81.698.900-0|UC CHRISTUS - SCA,81.698.900-0,UC CHRISTUS - SCA,CORRECTIVA PROGRAMADA,FINISHED,aecheverria,Linac-109256,,NO_TICKET_REPORTED,1,0,1,0,0,1,,,N/A,N/A,PLACEHOLDER_VALUE,PLACEHOLDER_REJECTED,HAS_PLACEHOLDERS
1575,2022-08-09T03:02:00.000Z,FIELD_BEAT_CLIENT|81.698.900-0|UC CHRISTUS - CECA,81.698.900-0,UC CHRISTUS - CECA,PREVENTIVA PROGRAMADA,FINISHED,rguapache,Linac-153935,,NO_TICKET_REPORTED,2,1,0,1,0,1,1026565,11028,1026565|1556292,"Temperature Controler|(2) Kit DLG, Brakes",MATCHED|NO_MATCH,REF_EXACT|NONE,HAS_UNMATCHED_PARTS
1576,2022-08-10T14:02:00.000Z,FIELD_BEAT_CLIENT|81.698.900-0|UC CHRISTUS - CECA,81.698.900-0,UC CHRISTUS - CECA,CORRECTIVA NO PROGRAMADA,FINISHED,rguapache,Linac-153935,,NO_TICKET_REPORTED,0,0,0,0,0,0,,,,,,,NO_USED_PARTS
1577,2022-08-12T12:30:00.000Z,FIELD_BEAT_CLIENT|76.746.730-3|CLÍNICA SANATORIO ALEMÁN (ONCORAD),76.746.730-3,CLÍNICA SANATORIO ALEMÁN (ONCORAD),PREVENTIVA PROGRAMADA,FINISHED,ebecker,Linac-201110,,NO_TICKET_REPORTED,1,0,1,0,0,1,,,N/A,N/A,PLACEHOLDER_VALUE,PLACEHOLDER_REJECTED,HAS_PLACEHOLDERS
1578,2022-08-12T12:30:00.000Z,FIELD_BEAT_CLIENT|76.746.730-3|CLÍNICA SANATORIO ALEMÁN (ONCORAD),76.746.730-3,CLÍNICA SANATORIO ALEMÁN (ONCORAD),CORRECTIVA NO PROGRAMADA,FINISHED,ebecker,HDR_10806,,NO_TICKET_REPORTED,1,0,1,0,0,1,,,N/A,N/A,PLACEHOLDER_VALUE,PLACEHOLDER_REJECTED,HAS_PLACEHOLDERS
1579,2022-08-12T19:00:00.000Z,FIELD_BEAT_CLIENT|70377400-8|FUNDACION ARTURO LOPEZ PEREZ,70377400-8,FUNDACION ARTURO LOPEZ PEREZ,CORRECTIVA PROGRAMADA,FINISHED,rguapache,LINAC-153038,727739,LINKED_TO_MISSING_OR_RESTRICTED_ZENDESK,4,4,0,0,0,2,1549509_FCO|1514986|1539233_FCO|1511862,12055|10131|11143|10121,1549509|1514986|1539233|1511862,"mod kit integrity R4.0.0|Diaphragm PCB|software medi kit, NSS 4.0|(4) AI12 PCB",MATCHED,REF_LIKE|REF_EXACT,REVIEW_REQUIRED
1580,2022-08-12T19:00:00.000Z,FIELD_BEAT_CLIENT|61.607.901-8|SERVICIO DE SALUD DE MAGALLANES,61.607.901-8,SERVICIO DE SALUD DE MAGALLANES,CORRECTIVA PROGRAMADA,FINISHED,raguila,,,NO_TICKET_REPORTED,1,0,0,1,0,1,,,"451333264430
8113024_2521","01- motor assembly
01- leadscrew Assy",NO_MATCH,NONE,HAS_UNMATCHED_PARTS
1581,2022-08-16T21:39:00.000Z,FIELD_BEAT_CLIENT|81.698.900-0|UC CHRISTUS - CECA,81.698.900-0,UC CHRISTUS - CECA,CORRECTIVA NO PROGRAMADA,FINISHED,rguapache,Linac-153935,,NO_TICKET_REPORTED,1,0,0,1,0,1,,,45133412013,Detector Sync,NO_MATCH,NONE,HAS_UNMATCHED_PARTS
1582,2022-08-17T15:00:00.000Z,FIELD_BEAT_CLIENT|70377400-8|FUNDACION ARTURO LOPEZ PEREZ,70377400-8,FUNDACION ARTURO LOPEZ PEREZ,ASISTENCIA REMOTA,FINISHED,rguapache,LINAC-153038,672716,LINKED_TO_MISSING_OR_RESTRICTED_ZENDESK,0,0,0,0,0,0,,,,,,,NO_USED_PARTS
1583,2022-08-17T17:00:00.000Z,FIELD_BEAT_CLIENT|70377400-8|FUNDACION ARTURO LOPEZ PEREZ,70377400-8,FUNDACION ARTURO LOPEZ PEREZ,CORRECTIVA NO PROGRAMADA,FINISHED,rguapache,LINAC-153038,621172,LINKED_TO_MISSING_OR_RESTRICTED_ZENDESK,1,1,0,0,0,0,1016518,11006,1016518,Detector Panel PSU (XRD- EPS),MATCHED,REF_EXACT,OK
1584,2022-08-19T13:30:00.000Z,FIELD_BEAT_CLIENT|81.698.900-0|UC CHRISTUS - SCA,81.698.900-0,UC CHRISTUS - SCA,REQUERIMIENTO DEL CLIENTE,FINISHED,acorbea,,,NO_TICKET_REPORTED,0,0,0,0,0,0,,,,,,,NO_USED_PARTS
1585,2022-08-20T22:57:00.000Z,FIELD_BEAT_CLIENT|61.608.404-6|Instituto Nacional del Cáncer (INC),61.608.404-6,Instituto Nacional del Cáncer (INC),CORRECTIVA PROGRAMADA,FINISHED,ccarrasquel,INC-INFINITY01,777777,LINKED_TO_MISSING_OR_RESTRICTED_ZENDESK,0,0,0,0,0,0,,,,,,,NO_USED_PARTS
1586,2022-08-22T13:30:00.000Z,FIELD_BEAT_CLIENT|81.698.900-0|UC CHRISTUS - SCA,81.698.900-0,UC CHRISTUS - SCA,INSTALACION - INTEGRACION,FINISHED,varenas,Linac-109256,0001,LINKED_TO_MISSING_OR_RESTRICTED_ZENDESK,1,0,1,0,0,1,,,,barcode e impresoras,PLACEHOLDER_VALUE,PLACEHOLDER_REJECTED,HAS_PLACEHOLDERS
1587,2022-08-23T13:30:00.000Z,FIELD_BEAT_CLIENT|81.698.900-0|UC CHRISTUS - SCA,81.698.900-0,UC CHRISTUS - SCA,REQUERIMIENTO DEL CLIENTE,FINISHED,acorbea,Linac-109256,,NO_TICKET_REPORTED,0,0,0,0,0,0,,,,,,,NO_USED_PARTS
1588,2022-08-23T22:30:00.000Z,FIELD_BEAT_CLIENT|70377400-8|FUNDACION ARTURO LOPEZ PEREZ,70377400-8,FUNDACION ARTURO LOPEZ PEREZ,CORRECTIVA PROGRAMADA,FINISHED,rguapache,LINAC-153038,906153,LINKED_TO_MISSING_OR_RESTRICTED_ZENDESK,1,0,0,1,0,1,,,101672,"Kit, spares Diaphragms Brakes (r)",NO_MATCH,NONE,HAS_UNMATCHED_PARTS
1589,2022-08-24T13:15:00.000Z,FIELD_BEAT_CLIENT|96.757.430-9|INRAD,96.757.430-9,INRAD,CORRECTIVA PROGRAMADA,FINISHED,acorbea,Linac-201172,,NO_TICKET_REPORTED,0,0,0,0,0,0,,,,,,,NO_USED_PARTS
1590,2022-08-24T21:30:00.000Z,FIELD_BEAT_CLIENT|61.606.500-9|HOSPITAL CARLOS VAN BUREN (SSVSA),61.606.500-9,HOSPITAL CARLOS VAN BUREN (SSVSA),CORRECTIVA PROGRAMADA,FINISHED,aecheverria,,950403,LINKED_TO_MISSING_OR_RESTRICTED_ZENDESK,1,0,1,0,0,1,,,N/A,N/A,PLACEHOLDER_VALUE,PLACEHOLDER_REJECTED,HAS_PLACEHOLDERS
1591,2022-08-25T12:30:00.000Z,FIELD_BEAT_CLIENT|70377400-8|FUNDACION ARTURO LOPEZ PEREZ,70377400-8,FUNDACION ARTURO LOPEZ PEREZ,CORRECTIVA NO PROGRAMADA,FINISHED,rcammalleri,APOTECA-CHEMO,,NO_TICKET_REPORTED,0,0,0,0,0,0,,,,,,,NO_USED_PARTS
1592,2022-08-25T14:00:00.000Z,FIELD_BEAT_CLIENT|96.757.430-9|INRAD,96.757.430-9,INRAD,CORRECTIVA PROGRAMADA,FINISHED,acorbea,Linac-201172,,NO_TICKET_REPORTED,1,1,0,0,0,1,1018265_proveedor_local,11961,1018265,Fru Z mtr brush set,MATCHED,REF_LIKE,REVIEW_REQUIRED
1593,2022-08-25T22:00:00.000Z,FIELD_BEAT_CLIENT|70377400-8|FUNDACION ARTURO LOPEZ PEREZ,70377400-8,FUNDACION ARTURO LOPEZ PEREZ,CORRECTIVA PROGRAMADA,FINISHED,rguapache,LINAC-153038,,NO_TICKET_REPORTED,0,0,0,0,0,0,,,,,,,NO_USED_PARTS
1594,2022-08-26T16:30:00.000Z,FIELD_BEAT_CLIENT|81.698.900-0|UC CHRISTUS - SCA,81.698.900-0,UC CHRISTUS - SCA,CORRECTIVA PROGRAMADA,FINISHED,acorbea,Linac-109256,,NO_TICKET_REPORTED,0,0,0,0,0,0,,,,,,,NO_USED_PARTS
1595,2022-08-26T19:17:23.677Z,FIELD_BEAT_CLIENT|61.606.500-9|ACME,61.606.500-9,ACME,CORRECTIVA PROGRAMADA,ARCHIVED,,153038,,NO_TICKET_REPORTED,0,0,0,0,0,0,,,,,,,NO_USED_PARTS
1596,2022-08-26T20:00:00.000Z,FIELD_BEAT_CLIENT|93.930.000-7|CLÍNICA LAS CONDES,93.930.000-7,CLÍNICA LAS CONDES,REQUERIMIENTO DEL CLIENTE,FINISHED,acorbea,,9999,LINKED_TO_MISSING_OR_RESTRICTED_ZENDESK,0,0,0,0,0,0,,,,,,,NO_USED_PARTS
1597,2022-08-27T13:00:00.000Z,FIELD_BEAT_CLIENT|93.930.000-7|CLÍNICA LAS CONDES,93.930.000-7,CLÍNICA LAS CONDES,PUESTA EN MARCHA,FINISHED,acorbea,,9999,LINKED_TO_MISSING_OR_RESTRICTED_ZENDESK,1,0,1,0,0,1,,,n/a,CCTV,PLACEHOLDER_VALUE,PLACEHOLDER_REJECTED,HAS_PLACEHOLDERS
1598,2022-08-29T13:30:00.000Z,FIELD_BEAT_CLIENT|81.698.900-0|UC CHRISTUS - SCA,81.698.900-0,UC CHRISTUS - SCA,REQUERIMIENTO DEL CLIENTE,FINISHED,aecheverria,Linac-109256,0101,LINKED_TO_MISSING_OR_RESTRICTED_ZENDESK,1,0,1,0,0,1,,,N/A,N/A,PLACEHOLDER_VALUE,PLACEHOLDER_REJECTED,HAS_PLACEHOLDERS
1599,2022-08-29T20:00:00.000Z,FIELD_BEAT_CLIENT|81.698.900-0|UC CHRISTUS - SCA,81.698.900-0,UC CHRISTUS - SCA,CORRECTIVA PROGRAMADA,ON_ROUTE,rguapache,Linac-109256,,NO_TICKET_REPORTED,0,0,0,0,0,0,,,,,,,NO_USED_PARTS
1600,2022-08-29T20:00:00.000Z,FIELD_BEAT_CLIENT|81.698.900-0|UC CHRISTUS - SCA,81.698.900-0,UC CHRISTUS - SCA,ASISTENCIA REMOTA,FINISHED,rguapache,Linac-109256,,NO_TICKET_REPORTED,0,0,0,0,0,0,,,,,,,NO_USED_PARTS
1601,2022-08-30T13:30:00.000Z,FIELD_BEAT_CLIENT|81.698.900-0|UC CHRISTUS - SCA,81.698.900-0,UC CHRISTUS - SCA,REQUERIMIENTO DEL CLIENTE,FINISHED,aecheverria,Linac-109256,0101,LINKED_TO_MISSING_OR_RESTRICTED_ZENDESK,1,0,1,0,0,1,,,N/A,N/A,PLACEHOLDER_VALUE,PLACEHOLDER_REJECTED,HAS_PLACEHOLDERS
1602,2022-08-30T14:30:00.000Z,FIELD_BEAT_CLIENT|93.930.000-7|CLÍNICA LAS CONDES,93.930.000-7,CLÍNICA LAS CONDES,CORRECTIVA NO PROGRAMADA,FINISHED,acorbea,,,NO_TICKET_REPORTED,1,0,0,1,0,1,,,1556292,"kit, spares, dlg brakes    cant =2",NO_MATCH,NONE,HAS_UNMATCHED_PARTS
1603,2022-08-31T12:30:00.000Z,FIELD_BEAT_CLIENT|81.698.900-0|UC CHRISTUS - CECA,81.698.900-0,UC CHRISTUS - CECA,CORRECTIVA NO PROGRAMADA,FINISHED,rguapache,Linac-153935,,NO_TICKET_REPORTED,0,0,0,0,0,0,,,,,,,NO_USED_PARTS
1604,2022-08-31T13:30:00.000Z,FIELD_BEAT_CLIENT|81.698.900-0|UC CHRISTUS - SCA,81.698.900-0,UC CHRISTUS - SCA,REQUERIMIENTO DEL CLIENTE,FINISHED,aecheverria,Linac-109256,0101,LINKED_TO_MISSING_OR_RESTRICTED_ZENDESK,1,0,1,0,0,1,,,N/A,N/A,PLACEHOLDER_VALUE,PLACEHOLDER_REJECTED,HAS_PLACEHOLDERS
1605,2022-08-31T17:00:00.000Z,FIELD_BEAT_CLIENT|96.770.100-9|CLINICA ALEMANA DE SANTIAGO,96.770.100-9,CLINICA ALEMANA DE SANTIAGO,CORRECTIVA NO PROGRAMADA,FINISHED,acorbea,Linac-152171,9999,LINKED_TO_MISSING_OR_RESTRICTED_ZENDESK,0,0,0,0,0,0,,,,,,,NO_USED_PARTS
1606,2022-09-01T13:30:00.000Z,FIELD_BEAT_CLIENT|81.698.900-0|UC CHRISTUS - SCA,81.698.900-0,UC CHRISTUS - SCA,REQUERIMIENTO DEL CLIENTE,FINISHED,aecheverria,Linac-109256,0101,LINKED_TO_MISSING_OR_RESTRICTED_ZENDESK,1,0,1,0,0,1,,,N/A,N/A,PLACEHOLDER_VALUE,PLACEHOLDER_REJECTED,HAS_PLACEHOLDERS
1607,2022-09-01T21:00:00.000Z,FIELD_BEAT_CLIENT|61.606.500-9|HOSPITAL CARLOS VAN BUREN (SSVSA),61.606.500-9,HOSPITAL CARLOS VAN BUREN (SSVSA),REQUERIMIENTO DEL CLIENTE,FINISHED,aecheverria,Linac-154325,677843,LINKED_TO_MISSING_OR_RESTRICTED_ZENDESK,1,0,1,0,0,1,,,N/A,N/A,PLACEHOLDER_VALUE,PLACEHOLDER_REJECTED,HAS_PLACEHOLDERS
1608,2022-09-02T13:30:00.000Z,FIELD_BEAT_CLIENT|81.698.900-0|UC CHRISTUS - SCA,81.698.900-0,UC CHRISTUS - SCA,REQUERIMIENTO DEL CLIENTE,FINISHED,aecheverria,Linac-109256,0101,LINKED_TO_MISSING_OR_RESTRICTED_ZENDESK,1,0,1,0,0,1,,,N/A,N/A,PLACEHOLDER_VALUE,PLACEHOLDER_REJECTED,HAS_PLACEHOLDERS
1609,2022-09-02T19:00:00.000Z,FIELD_BEAT_CLIENT|96.770.100-9|CLINICA ALEMANA DE SANTIAGO,96.770.100-9,CLINICA ALEMANA DE SANTIAGO,CORRECTIVA PROGRAMADA,FINISHED,rcammalleri,TPS-CAS,531163,LINKED_TO_MISSING_OR_RESTRICTED_ZENDESK,0,0,0,0,0,0,,,,,,,NO_USED_PARTS
1610,2022-09-05T19:30:00.000Z,FIELD_BEAT_CLIENT|96.757.430-9|INRAD,96.757.430-9,INRAD,CORRECTIVA NO PROGRAMADA,FINISHED,aecheverria,Linac-201172,346827,LINKED_TO_MISSING_OR_RESTRICTED_ZENDESK,1,0,0,1,0,1,,,13289,Ampolleta halógeno,NO_MATCH,NONE,HAS_UNMATCHED_PARTS
1611,2022-09-07T23:58:00.000Z,FIELD_BEAT_CLIENT|61.608.404-6|Instituto Nacional del Cáncer (INC),61.608.404-6,Instituto Nacional del Cáncer (INC),CORRECTIVA PROGRAMADA,FINISHED,ccarrasquel,INC-INFINITY01,777777,LINKED_TO_MISSING_OR_RESTRICTED_ZENDESK,2,1,0,1,0,1,45133304800,10375,1018599|45133304800,lmd fan and bracket (cantidad =2)|electrón gun assy (cantidad 1),NO_MATCH|MATCHED,NONE|REF_EXACT,HAS_UNMATCHED_PARTS
1612,2022-09-08T21:30:00.000Z,FIELD_BEAT_CLIENT|70377400-8|FUNDACION ARTURO LOPEZ PEREZ,70377400-8,FUNDACION ARTURO LOPEZ PEREZ,CORRECTIVA PROGRAMADA,FINISHED,acorbea,LINAC-153038,661775,LINKED_TO_MISSING_OR_RESTRICTED_ZENDESK,1,1,0,0,0,0,1502613,10994,1502613,"mod kit, laser odi lamp - cant =1",MATCHED,REF_EXACT,OK
1613,2022-09-09T21:30:00.000Z,FIELD_BEAT_CLIENT|61.608.404-6|Instituto Nacional del Cáncer (INC),61.608.404-6,Instituto Nacional del Cáncer (INC),CORRECTIVA PROGRAMADA,FINISHED,ccarrasquel,INC-INFINITY01,777777,LINKED_TO_MISSING_OR_RESTRICTED_ZENDESK,2,0,0,2,0,2,,,1527044|1538489,"programmed pcb assy, router|PCB assy, DLG and DIAFRAGM drive (cantidad 2)",NO_MATCH,NONE,HAS_UNMATCHED_PARTS
1614,2022-09-09T21:00:00.000Z,FIELD_BEAT_CLIENT|96.770.100-9|CLINICA ALEMANA DE SANTIAGO,96.770.100-9,CLINICA ALEMANA DE SANTIAGO,CORRECTIVA PROGRAMADA,FINISHED,acorbea,Linac-152171|Linac-151673,9999,LINKED_TO_MISSING_OR_RESTRICTED_ZENDESK,0,0,0,0,0,0,,,,,,,NO_USED_PARTS
1615,2022-09-09T23:00:00.000Z,FIELD_BEAT_CLIENT|76.089.058-8|EYG MEDICAL SYSTEMS LTDA.,76.089.058-8,EYG MEDICAL SYSTEMS LTDA.,CORRECTIVA PROGRAMADA,FINISHED,acorbea,2286,5,LINKED_TO_MISSING_OR_RESTRICTED_ZENDESK,0,0,0,0,0,0,,,,,,,NO_USED_PARTS
1616,2022-09-12T11:20:00.000Z,FIELD_BEAT_CLIENT|93.930.000-7|CLÍNICA LAS CONDES,93.930.000-7,CLÍNICA LAS CONDES,CORRECTIVA PROGRAMADA,FINISHED,varenas,,11540,LINKED_TO_MISSING_OR_RESTRICTED_ZENDESK,0,0,0,0,0,0,,,,,,,NO_USED_PARTS
1617,2022-09-12T22:00:00.000Z,FIELD_BEAT_CLIENT|81.698.900-0|UC CHRISTUS - CECA,81.698.900-0,UC CHRISTUS - CECA,CORRECTIVA NO PROGRAMADA,FINISHED,acorbea,Linac-153935,9999,LINKED_TO_MISSING_OR_RESTRICTED_ZENDESK,1,1,0,0,0,1,1018265_proveedor_local,11961,1018265,Fru Z motor brush set ( electrocraft) cant=1,MATCHED,REF_LIKE,REVIEW_REQUIRED
1618,2022-09-14T11:30:00.000Z,FIELD_BEAT_CLIENT|61.608.404-6|Instituto Nacional del Cáncer (INC),61.608.404-6,Instituto Nacional del Cáncer (INC),CORRECTIVA NO PROGRAMADA,FINISHED,rguapache,INC-INFINITY01,574768,LINKED_TO_MISSING_OR_RESTRICTED_ZENDESK,0,0,0,0,0,0,,,,,,,NO_USED_PARTS
1619,2022-09-09T23:22:00.000Z,FIELD_BEAT_CLIENT|70377400-8|FUNDACION ARTURO LOPEZ PEREZ,70377400-8,FUNDACION ARTURO LOPEZ PEREZ,,SENT,rguapache,LINAC-153038,,NO_TICKET_REPORTED,0,0,0,0,0,0,,,,,,,NO_USED_PARTS
1620,2022-09-09T11:00:00.000Z,FIELD_BEAT_CLIENT|70377400-8|FUNDACION ARTURO LOPEZ PEREZ,70377400-8,FUNDACION ARTURO LOPEZ PEREZ,CORRECTIVA NO PROGRAMADA,FINISHED,acorbea,LINAC-153038,,NO_TICKET_REPORTED,2,2,0,0,0,0,45133308530|45133165177,11007|10716,45133308530|45133165177,new fast tune magnetron - número de serie:17337594|thyratron número de serie :39631,MATCHED,REF_EXACT,OK
1621,2022-09-15T00:30:00.000Z,FIELD_BEAT_CLIENT|81.698.900-0|UC CHRISTUS - CECA,81.698.900-0,UC CHRISTUS - CECA,CORRECTIVA NO PROGRAMADA,FINISHED,acorbea,Linac-153935,451216,LINKED_TO_MISSING_OR_RESTRICTED_ZENDESK,0,0,0,0,0,0,,,,,,,NO_USED_PARTS
1622,2022-09-15T10:21:00.000Z,FIELD_BEAT_CLIENT|61.606.500-9|HOSPITAL CARLOS VAN BUREN (SSVSA),61.606.500-9,HOSPITAL CARLOS VAN BUREN (SSVSA),,FINISHED,aecheverria,Linac-154325,0101,LINKED_TO_MISSING_OR_RESTRICTED_ZENDESK,1,0,1,0,0,1,,,N/A,N/A,PLACEHOLDER_VALUE,PLACEHOLDER_REJECTED,HAS_PLACEHOLDERS
1623,2022-09-15T11:30:00.000Z,FIELD_BEAT_CLIENT|76.746.730-3|CLÍNICA SANATORIO ALEMÁN (ONCORAD),76.746.730-3,CLÍNICA SANATORIO ALEMÁN (ONCORAD),PREVENTIVA PROGRAMADA,FINISHED,glopez,HDR_10806,,NO_TICKET_REPORTED,1,0,1,0,0,1,,,,Fuente de Ir-192,PLACEHOLDER_VALUE,PLACEHOLDER_REJECTED,HAS_PLACEHOLDERS
1624,2022-09-15T22:30:00.000Z,FIELD_BEAT_CLIENT|70377400-8|FUNDACION ARTURO LOPEZ PEREZ,70377400-8,FUNDACION ARTURO LOPEZ PEREZ,PREVENTIVA PROGRAMADA,FINISHED,acorbea,LINAC-153038,,NO_TICKET_REPORTED,0,0,0,0,0,0,,,,,,,NO_USED_PARTS
1625,2022-09-15T22:30:00.000Z,FIELD_BEAT_CLIENT|70377400-8|FUNDACION ARTURO LOPEZ PEREZ,70377400-8,FUNDACION ARTURO LOPEZ PEREZ,PREVENTIVA PROGRAMADA,FINISHED,acorbea,LINAC-153038,,NO_TICKET_REPORTED,0,0,0,0,0,0,,,,,,,NO_USED_PARTS
1626,2022-09-16T00:30:00.000Z,FIELD_BEAT_CLIENT|81.698.900-0|UC CHRISTUS - CECA,81.698.900-0,UC CHRISTUS - CECA,CORRECTIVA NO PROGRAMADA,FINISHED,rguapache,Linac-153935,,NO_TICKET_REPORTED,1,0,0,1,0,1,,,1535958,Motor de Kit Leaf Spare,NO_MATCH,NONE,HAS_UNMATCHED_PARTS
1627,2022-09-20T18:55:00.000Z,FIELD_BEAT_CLIENT|61.608.404-6|Instituto Nacional del Cáncer (INC),61.608.404-6,Instituto Nacional del Cáncer (INC),CORRECTIVA NO PROGRAMADA,FINISHED,ccarrasquel,INC-INFINITY01,222061,LINKED_TO_MISSING_OR_RESTRICTED_ZENDESK,0,0,0,0,0,0,,,,,,,NO_USED_PARTS
1628,2022-09-21T18:25:00.000Z,FIELD_BEAT_CLIENT|61.608.404-6|Instituto Nacional del Cáncer (INC),61.608.404-6,Instituto Nacional del Cáncer (INC),CORRECTIVA NO PROGRAMADA,FINISHED,ccarrasquel,INC-INFINITY01,697208,LINKED_TO_MISSING_OR_RESTRICTED_ZENDESK,0,0,0,0,0,0,,,,,,,NO_USED_PARTS
1629,2022-09-21T18:00:00.000Z,FIELD_BEAT_CLIENT|93.930.000-7|CLÍNICA LAS CONDES,93.930.000-7,CLÍNICA LAS CONDES,CORRECTIVA PROGRAMADA,FINISHED,acorbea,,166809,LINKED_TO_MISSING_OR_RESTRICTED_ZENDESK,0,0,0,0,0,0,,,,,,,NO_USED_PARTS
1630,2022-09-22T14:34:00.000Z,FIELD_BEAT_CLIENT|81.698.900-0|UC CHRISTUS - CECA,81.698.900-0,UC CHRISTUS - CECA,,ARCHIVED,,Linac-153935,,NO_TICKET_REPORTED,0,0,0,0,0,0,,,,,,,NO_USED_PARTS
1631,2022-09-22T12:30:00.000Z,FIELD_BEAT_CLIENT|81.698.900-0|UC CHRISTUS - CECA,81.698.900-0,UC CHRISTUS - CECA,CORRECTIVA NO PROGRAMADA,FINISHED,rguapache,Linac-153935,312736,LINKED_TO_MISSING_OR_RESTRICTED_ZENDESK,2,1,1,0,0,1,1514986,10131,1514986,Breaker CB9 Schneider D2|Assy Diaphragms and DLG PCB,PLACEHOLDER_VALUE|MATCHED,PLACEHOLDER_REJECTED|REF_EXACT,HAS_PLACEHOLDERS
1632,2022-09-21T19:00:00.000Z,FIELD_BEAT_CLIENT|76.746.730-3|CLÍNICA SANATORIO ALEMÁN (ONCORAD),76.746.730-3,CLÍNICA SANATORIO ALEMÁN (ONCORAD),CORRECTIVA NO PROGRAMADA,FINISHED,ebecker,Linac-201110,,NO_TICKET_REPORTED,1,0,0,1,0,1,,,BJ5948.071,TARJETA DCMD-3,NO_MATCH,NONE,HAS_UNMATCHED_PARTS
1633,2022-09-22T17:20:00.000Z,FIELD_BEAT_CLIENT|61.605.000-1|INSTITUTO DE SALUD PUBLICA (ISP),61.605.000-1,INSTITUTO DE SALUD PUBLICA (ISP),PREVENTIVA PROGRAMADA,FINISHED,acorbea,PANASONIC-ISP,9999,LINKED_TO_MISSING_OR_RESTRICTED_ZENDESK,1,0,1,0,0,1,,,,"Aire comprimido
limpia contacto
wd40",PLACEHOLDER_VALUE,PLACEHOLDER_REJECTED,HAS_PLACEHOLDERS
1634,2022-09-22T23:16:00.000Z,FIELD_BEAT_CLIENT|61.608.404-6|Instituto Nacional del Cáncer (INC),61.608.404-6,Instituto Nacional del Cáncer (INC),CORRECTIVA NO PROGRAMADA,FINISHED,ccarrasquel,INC-INFINITY01,777777,LINKED_TO_MISSING_OR_RESTRICTED_ZENDESK,0,0,0,0,0,0,,,,,,,NO_USED_PARTS
1635,2022-09-23T11:30:00.000Z,FIELD_BEAT_CLIENT|70377400-8|FUNDACION ARTURO LOPEZ PEREZ,70377400-8,FUNDACION ARTURO LOPEZ PEREZ,REQUERIMIENTO DEL CLIENTE,FINISHED,rcammalleri,APOTECA-CHEMO,,NO_TICKET_REPORTED,0,0,0,0,0,0,,,,,,,NO_USED_PARTS
1636,2022-09-23T14:00:00.000Z,FIELD_BEAT_CLIENT|93.930.000-7|CLÍNICA LAS CONDES,93.930.000-7,CLÍNICA LAS CONDES,CORRECTIVA NO PROGRAMADA,FINISHED,acorbea,,639161,LINKED_TO_MISSING_OR_RESTRICTED_ZENDESK,0,0,0,0,0,0,,,,,,,NO_USED_PARTS
1637,2022-09-23T21:00:00.000Z,FIELD_BEAT_CLIENT|70377400-8|FUNDACION ARTURO LOPEZ PEREZ,70377400-8,FUNDACION ARTURO LOPEZ PEREZ,CORRECTIVA NO PROGRAMADA,FINISHED,acorbea,LINAC-153038,575784,LINKED_TO_MISSING_OR_RESTRICTED_ZENDESK,1,1,0,0,0,0,1534958,11034,1534958,"kit, spares, leaf motor cantidad = 1",MATCHED,REF_EXACT,OK
1638,2022-09-24T00:04:00.000Z,FIELD_BEAT_CLIENT|61.608.404-6|Instituto Nacional del Cáncer (INC),61.608.404-6,Instituto Nacional del Cáncer (INC),CORRECTIVA NO PROGRAMADA,FINISHED,ccarrasquel,INC-INFINITY01,777777,LINKED_TO_MISSING_OR_RESTRICTED_ZENDESK,0,0,0,0,0,0,,,,,,,NO_USED_PARTS
1639,2022-09-24T13:30:00.000Z,FIELD_BEAT_CLIENT|76.089.058-8|EYG MEDICAL SYSTEMS LTDA.,76.089.058-8,EYG MEDICAL SYSTEMS LTDA.,CORRECTIVA NO PROGRAMADA,FINISHED,acorbea,2286,333,LINKED_TO_ACCESSIBLE_ZENDESK,0,0,0,0,0,0,,,,,,,NO_USED_PARTS
1640,2022-09-26T18:00:00.000Z,FIELD_BEAT_CLIENT|93.930.000-7|CLÍNICA LAS CONDES,93.930.000-7,CLÍNICA LAS CONDES,CORRECTIVA PROGRAMADA,FINISHED,acorbea,,620100,LINKED_TO_MISSING_OR_RESTRICTED_ZENDESK,1,1,0,0,0,1,45133318450,11019,4513331845003,fru stop motor switch.    cantidad=2,MATCHED,REF_LIKE,REVIEW_REQUIRED
1641,2022-09-28T12:24:00.000Z,FIELD_BEAT_CLIENT|61.608.404-6|Instituto Nacional del Cáncer (INC),61.608.404-6,Instituto Nacional del Cáncer (INC),CORRECTIVA NO PROGRAMADA,FINISHED,ccarrasquel,INC-INFINITY01,326647,LINKED_TO_MISSING_OR_RESTRICTED_ZENDESK,0,0,0,0,0,0,,,,,,,NO_USED_PARTS
1642,2022-09-28T12:30:00.000Z,FIELD_BEAT_CLIENT|61.605.000-1|INSTITUTO DE SALUD PUBLICA (ISP),61.605.000-1,INSTITUTO DE SALUD PUBLICA (ISP),CORRECTIVA PROGRAMADA,FINISHED,acorbea,,9999,LINKED_TO_MISSING_OR_RESTRICTED_ZENDESK,1,0,1,0,0,1,,,,vidrio protector - proveededor local,PLACEHOLDER_VALUE,PLACEHOLDER_REJECTED,HAS_PLACEHOLDERS
1643,2022-09-28T22:19:00.000Z,FIELD_BEAT_CLIENT|76.089.058-8|EYG MEDICAL SYSTEMS LTDA.,76.089.058-8,EYG MEDICAL SYSTEMS LTDA.,CORRECTIVA NO PROGRAMADA,FINISHED,acorbea,2286,,NO_TICKET_REPORTED,0,0,0,0,0,0,,,,,,,NO_USED_PARTS
1644,2022-09-29T11:30:00.000Z,FIELD_BEAT_CLIENT|70377400-8|FUNDACION ARTURO LOPEZ PEREZ,70377400-8,FUNDACION ARTURO LOPEZ PEREZ,CORRECTIVA NO PROGRAMADA,FINISHED,rcammalleri,APOTECA-CHEMO,,NO_TICKET_REPORTED,0,0,0,0,0,0,,,,,,,NO_USED_PARTS
1645,2022-09-29T10:01:00.000Z,FIELD_BEAT_CLIENT|61.606.500-9|HOSPITAL CARLOS VAN BUREN (SSVSA),61.606.500-9,HOSPITAL CARLOS VAN BUREN (SSVSA),CORRECTIVA PROGRAMADA,FINISHED,jecheverria,,536165,LINKED_TO_MISSING_OR_RESTRICTED_ZENDESK,1,0,1,0,0,1,,,SN,NA,PLACEHOLDER_VALUE,PLACEHOLDER_REJECTED,HAS_PLACEHOLDERS
1646,2022-09-29T14:00:00.000Z,FIELD_BEAT_CLIENT|96.770.100-9|CLINICA ALEMANA DE SANTIAGO,96.770.100-9,CLINICA ALEMANA DE SANTIAGO,CORRECTIVA NO PROGRAMADA,FINISHED,acorbea,Linac-151673,9999,LINKED_TO_MISSING_OR_RESTRICTED_ZENDESK,0,0,0,0,0,0,,,,,,,NO_USED_PARTS
1647,2022-09-28T15:00:00.000Z,FIELD_BEAT_CLIENT|76.746.730-3|CLÍNICA SANATORIO ALEMÁN (ONCORAD),76.746.730-3,CLÍNICA SANATORIO ALEMÁN (ONCORAD),CORRECTIVA NO PROGRAMADA,FINISHED,ebecker,Linac-201110,,NO_TICKET_REPORTED,1,0,0,1,0,1,,,"6064.008 
Serie N: EB 077",Magnetron Tuning Drive Assembly,NO_MATCH,NONE,HAS_UNMATCHED_PARTS
1648,2022-09-29T19:30:00.000Z,FIELD_BEAT_CLIENT|93.930.000-7|CLÍNICA LAS CONDES,93.930.000-7,CLÍNICA LAS CONDES,CORRECTIVA PROGRAMADA,FINISHED,acorbea,,129036,LINKED_TO_MISSING_OR_RESTRICTED_ZENDESK,0,0,0,0,0,0,,,,,,,NO_USED_PARTS
1649,2022-09-30T13:00:00.000Z,FIELD_BEAT_CLIENT|96.757.430-9|INRAD,96.757.430-9,INRAD,CORRECTIVA NO PROGRAMADA,FINISHED,acorbea,Linac-201172,224161,LINKED_TO_MISSING_OR_RESTRICTED_ZENDESK,1,0,1,0,0,1,,,,micro switch de touchguard,PLACEHOLDER_VALUE,PLACEHOLDER_REJECTED,HAS_PLACEHOLDERS
1650,2022-09-30T18:00:00.000Z,FIELD_BEAT_CLIENT|81.698.900-0|UC CHRISTUS - SCA,81.698.900-0,UC CHRISTUS - SCA,CORRECTIVA NO PROGRAMADA,FINISHED,rguapache,,,NO_TICKET_REPORTED,0,0,0,0,0,0,,,,,,,NO_USED_PARTS
1651,2022-10-01T18:30:00.000Z,FIELD_BEAT_CLIENT|81.698.900-0|UC CHRISTUS - CECA,81.698.900-0,UC CHRISTUS - CECA,CORRECTIVA NO PROGRAMADA,FINISHED,rguapache,Linac-153935,,NO_TICKET_REPORTED,0,0,0,0,0,0,,,,,,,NO_USED_PARTS
1652,2022-10-03T11:30:00.000Z,FIELD_BEAT_CLIENT|81.698.900-0|UC CHRISTUS - CECA,81.698.900-0,UC CHRISTUS - CECA,CORRECTIVA PROGRAMADA,FINISHED,rguapache,Linac-153935,,NO_TICKET_REPORTED,2,2,0,0,0,0,1517657|1534958,10701|11034,1517657|1534958,PCB assy leaf motor drive|kit spares leaf motor,MATCHED,REF_EXACT,OK
1653,2022-10-03T16:11:00.000Z,FIELD_BEAT_CLIENT|61.608.404-6|Instituto Nacional del Cáncer (INC),61.608.404-6,Instituto Nacional del Cáncer (INC),CORRECTIVA PROGRAMADA,PAUSED,ccarrasquel,INC-INFINITY01,,NO_TICKET_REPORTED,0,0,0,0,0,0,,,,,,,NO_USED_PARTS
1654,2022-09-29T19:30:00.000Z,FIELD_BEAT_CLIENT|93.930.000-7|CLÍNICA LAS CONDES,93.930.000-7,CLÍNICA LAS CONDES,CORRECTIVA PROGRAMADA,FINISHED,acorbea,,129036,LINKED_TO_MISSING_OR_RESTRICTED_ZENDESK,0,0,0,0,0,0,,,,,,,NO_USED_PARTS
1655,2022-10-05T13:12:00.000Z,FIELD_BEAT_CLIENT|70377400-8|FUNDACION ARTURO LOPEZ PEREZ,70377400-8,FUNDACION ARTURO LOPEZ PEREZ,CORRECTIVA NO PROGRAMADA,FINISHED,acorbea,APOTECA-CHEMO,888917,LINKED_TO_MISSING_OR_RESTRICTED_ZENDESK,0,0,0,0,0,0,,,,,,,NO_USED_PARTS
1656,2022-10-05T15:30:00.000Z,FIELD_BEAT_CLIENT|81.698.900-0|UC CHRISTUS - CECA,81.698.900-0,UC CHRISTUS - CECA,REQUERIMIENTO DEL CLIENTE,FINISHED,rguapache,Linac-153935,,NO_TICKET_REPORTED,0,0,0,0,0,0,,,,,,,NO_USED_PARTS
1657,2022-10-05T20:00:00.000Z,FIELD_BEAT_CLIENT|81.698.900-0|UC CHRISTUS - SCA,81.698.900-0,UC CHRISTUS - SCA,CORRECTIVA PROGRAMADA,FINISHED,acorbea,Linac-109256,804518,LINKED_TO_MISSING_OR_RESTRICTED_ZENDESK,0,0,0,0,0,0,,,,,,,NO_USED_PARTS
1658,2022-10-07T22:24:00.000Z,FIELD_BEAT_CLIENT|61.608.404-6|Instituto Nacional del Cáncer (INC),61.608.404-6,Instituto Nacional del Cáncer (INC),PREVENTIVA PROGRAMADA,FINISHED,ccarrasquel,INC-INFINITY01,777777,LINKED_TO_MISSING_OR_RESTRICTED_ZENDESK,0,0,0,0,0,0,,,,,,,NO_USED_PARTS
1659,2022-10-11T12:30:00.000Z,FIELD_BEAT_CLIENT|61.606.500-9|HOSPITAL CARLOS VAN BUREN (SSVSA),61.606.500-9,HOSPITAL CARLOS VAN BUREN (SSVSA),CORRECTIVA NO PROGRAMADA,FINISHED,aecheverria,Linac-154325,0101,LINKED_TO_MISSING_OR_RESTRICTED_ZENDESK,1,0,1,0,0,1,,,N/A,N/A,PLACEHOLDER_VALUE,PLACEHOLDER_REJECTED,HAS_PLACEHOLDERS
1660,2022-10-11T21:30:00.000Z,FIELD_BEAT_CLIENT|61.606.500-9|HOSPITAL CARLOS VAN BUREN (SSVSA),61.606.500-9,HOSPITAL CARLOS VAN BUREN (SSVSA),CORRECTIVA NO PROGRAMADA,FINISHED,aecheverria,Linac-154325,0101,LINKED_TO_MISSING_OR_RESTRICTED_ZENDESK,1,1,0,0,0,0,1010848,11037,1010848,"Mirror Assembly, OPT.  Cant: 1",MATCHED,REF_EXACT,OK
1661,2022-10-11T11:30:00.000Z,FIELD_BEAT_CLIENT|70377400-8|FUNDACION ARTURO LOPEZ PEREZ,70377400-8,FUNDACION ARTURO LOPEZ PEREZ,CORRECTIVA PROGRAMADA,FINISHED,rcammalleri,APOTECA-CHEMO,,NO_TICKET_REPORTED,2,0,0,1,1,2,,,0000|2178574,Copla Festo|Termo Radiador,AMBIGUOUS_MATCH|NO_MATCH,REF_LIKE|NONE,HAS_AMBIGUOUS_PARTS
1662,2022-10-12T17:30:00.000Z,FIELD_BEAT_CLIENT|93.930.000-7|CLÍNICA LAS CONDES,93.930.000-7,CLÍNICA LAS CONDES,PREVENTIVA PROGRAMADA,FINISHED,rguapache,,,NO_TICKET_REPORTED,1,1,0,0,0,0,1018559,10724,1018559,(2) LMD Fan and braket,MATCHED,REF_EXACT,OK
1663,2022-10-12T17:32:00.000Z,FIELD_BEAT_CLIENT|93.930.000-7|CLÍNICA LAS CONDES,93.930.000-7,CLÍNICA LAS CONDES,PREVENTIVA PROGRAMADA,FINISHED,rguapache,,,NO_TICKET_REPORTED,0,0,0,0,0,0,,,,,,,NO_USED_PARTS
1664,2022-10-13T11:50:00.000Z,FIELD_BEAT_CLIENT|81.698.900-0|UC CHRISTUS - SCA,81.698.900-0,UC CHRISTUS - SCA,CORRECTIVA PROGRAMADA,STARTED,rguapache,Linac-109256,,NO_TICKET_REPORTED,0,0,0,0,0,0,,,,,,,NO_USED_PARTS
1665,2022-10-13T11:50:00.000Z,FIELD_BEAT_CLIENT|81.698.900-0|UC CHRISTUS - SCA,81.698.900-0,UC CHRISTUS - SCA,ASISTENCIA REMOTA,FINISHED,rguapache,Linac-109256,,NO_TICKET_REPORTED,0,0,0,0,0,0,,,,,,,NO_USED_PARTS
1666,2022-10-13T17:27:00.000Z,FIELD_BEAT_CLIENT|81.698.900-0|UC CHRISTUS - SCA,81.698.900-0,UC CHRISTUS - SCA,CORRECTIVA PROGRAMADA,ARCHIVED,,Linac-109256,,NO_TICKET_REPORTED,0,0,0,0,0,0,,,,,,,NO_USED_PARTS
1667,2022-10-13T17:40:00.000Z,FIELD_BEAT_CLIENT|81.698.900-0|UC CHRISTUS - SCA,81.698.900-0,UC CHRISTUS - SCA,CORRECTIVA PROGRAMADA,FINISHED,ccarrasquel,Linac-109256,292917,LINKED_TO_MISSING_OR_RESTRICTED_ZENDESK,1,0,1,0,0,1,,,,"pantalla de 24 pulgadas, marca View Sonic",PLACEHOLDER_VALUE,PLACEHOLDER_REJECTED,HAS_PLACEHOLDERS
1668,2022-10-15T16:30:00.000Z,FIELD_BEAT_CLIENT|70377400-8|FUNDACION ARTURO LOPEZ PEREZ,70377400-8,FUNDACION ARTURO LOPEZ PEREZ,CORRECTIVA NO PROGRAMADA,FINISHED,rguapache,LINAC-153038,386771,LINKED_TO_MISSING_OR_RESTRICTED_ZENDESK,0,0,0,0,0,0,,,,,,,NO_USED_PARTS
1669,2022-10-16T16:00:00.000Z,FIELD_BEAT_CLIENT|70377400-8|FUNDACION ARTURO LOPEZ PEREZ,70377400-8,FUNDACION ARTURO LOPEZ PEREZ,CORRECTIVA NO PROGRAMADA,FINISHED,acorbea,LINAC-153038,596438,LINKED_TO_MISSING_OR_RESTRICTED_ZENDESK,3,1,0,2,0,2,1024939,10776,1538489|1024939|1527044,"pcb assy, dlg and diaphragm drive cant 1|assy, 40x40x10mm Fan cant 1|programmed pcb assy, router cant 1",NO_MATCH|MATCHED,NONE|REF_EXACT,HAS_UNMATCHED_PARTS
1670,2022-10-17T11:30:00.000Z,FIELD_BEAT_CLIENT|70377400-8|FUNDACION ARTURO LOPEZ PEREZ,70377400-8,FUNDACION ARTURO LOPEZ PEREZ,PREVENTIVA PROGRAMADA,FINISHED,rcammalleri,APOTECA-CHEMO,,NO_TICKET_REPORTED,0,0,0,0,0,0,,,,,,,NO_USED_PARTS
1671,2022-10-17T13:00:00.000Z,FIELD_BEAT_CLIENT|70377400-8|FUNDACION ARTURO LOPEZ PEREZ,70377400-8,FUNDACION ARTURO LOPEZ PEREZ,CORRECTIVA NO PROGRAMADA,FINISHED,rguapache,LINAC-153038,386771,LINKED_TO_MISSING_OR_RESTRICTED_ZENDESK,1,1,0,0,0,1,1018265_proveedor_local,11961,1018265,FRU Z MOTOR BRUSH SET,MATCHED,REF_LIKE,REVIEW_REQUIRED
1672,2022-10-14T11:00:00.000Z,FIELD_BEAT_CLIENT|96.770.100-9|CLINICA ALEMANA DE SANTIAGO,96.770.100-9,CLINICA ALEMANA DE SANTIAGO,CORRECTIVA NO PROGRAMADA,FINISHED,acorbea,Linac-151673,692161,LINKED_TO_MISSING_OR_RESTRICTED_ZENDESK,2,2,0,0,0,0,1522567|1515098,12044|10374,1522567|1515098,RF output windows cant=1|ion pump spare cant =2,MATCHED,REF_EXACT,OK
1673,2022-10-20T12:33:00.000Z,FIELD_BEAT_CLIENT|81.698.900-0|UC CHRISTUS - CECA,81.698.900-0,UC CHRISTUS - CECA,CORRECTIVA PROGRAMADA,ARCHIVED,,Linac-153935,,NO_TICKET_REPORTED,0,0,0,0,0,0,,,,,,,NO_USED_PARTS
1674,2022-10-20T15:20:00.000Z,FIELD_BEAT_CLIENT|61.608.404-6|Instituto Nacional del Cáncer (INC),61.608.404-6,Instituto Nacional del Cáncer (INC),CORRECTIVA NO PROGRAMADA,FINISHED,ccarrasquel,INC-INFINITY01,475039,LINKED_TO_MISSING_OR_RESTRICTED_ZENDESK,0,0,0,0,0,0,,,,,,,NO_USED_PARTS
1675,2022-10-20T23:00:00.000Z,FIELD_BEAT_CLIENT|70377400-8|FUNDACION ARTURO LOPEZ PEREZ,70377400-8,FUNDACION ARTURO LOPEZ PEREZ,CORRECTIVA PROGRAMADA,FINISHED,rguapache,LINAC-153038,596438,LINKED_TO_MISSING_OR_RESTRICTED_ZENDESK,1,0,0,1,0,1,,,1538489,"PCB Assy, DLG and Diaphrams Drive",NO_MATCH,NONE,HAS_UNMATCHED_PARTS
1676,2022-10-21T11:30:00.000Z,FIELD_BEAT_CLIENT|70377400-8|FUNDACION ARTURO LOPEZ PEREZ,70377400-8,FUNDACION ARTURO LOPEZ PEREZ,REQUERIMIENTO DEL CLIENTE,SCHEDULED,,APOTECA-CHEMO,,NO_TICKET_REPORTED,0,0,0,0,0,0,,,,,,,NO_USED_PARTS
1677,2022-10-21T11:30:00.000Z,FIELD_BEAT_CLIENT|70377400-8|FUNDACION ARTURO LOPEZ PEREZ,70377400-8,FUNDACION ARTURO LOPEZ PEREZ,REQUERIMIENTO DEL CLIENTE,FINISHED,rcammalleri,APOTECA-CHEMO,,NO_TICKET_REPORTED,0,0,0,0,0,0,,,,,,,NO_USED_PARTS
1678,2022-10-21T19:00:00.000Z,FIELD_BEAT_CLIENT|96.770.100-9|CLINICA ALEMANA DE SANTIAGO,96.770.100-9,CLINICA ALEMANA DE SANTIAGO,CORRECTIVA PROGRAMADA,FINISHED,acorbea,Linac-152171,9999,LINKED_TO_MISSING_OR_RESTRICTED_ZENDESK,1,0,1,0,0,1,,,,"grasa ep2
wd40
alcohol
paños de limpieza",PLACEHOLDER_VALUE,PLACEHOLDER_REJECTED,HAS_PLACEHOLDERS
1679,2022-10-21T21:35:00.000Z,FIELD_BEAT_CLIENT|96.770.100-9|CLINICA ALEMANA DE SANTIAGO,96.770.100-9,CLINICA ALEMANA DE SANTIAGO,PREVENTIVA PROGRAMADA,FINISHED,acorbea,Linac-152171,9999,LINKED_TO_MISSING_OR_RESTRICTED_ZENDESK,0,0,0,0,0,0,,,,,,,NO_USED_PARTS
1680,2022-10-22T12:30:00.000Z,FIELD_BEAT_CLIENT|70377400-8|FUNDACION ARTURO LOPEZ PEREZ,70377400-8,FUNDACION ARTURO LOPEZ PEREZ,CORRECTIVA PROGRAMADA,FINISHED,varenas,TPS-FALP,650403,LINKED_TO_MISSING_OR_RESTRICTED_ZENDESK,1,0,1,0,0,1,,,,disco hdd rtp99,PLACEHOLDER_VALUE,PLACEHOLDER_REJECTED,HAS_PLACEHOLDERS
1681,2022-10-24T12:18:00.000Z,FIELD_BEAT_CLIENT|61.608.404-6|Instituto Nacional del Cáncer (INC),61.608.404-6,Instituto Nacional del Cáncer (INC),CORRECTIVA NO PROGRAMADA,FINISHED,ccarrasquel,INC-INFINITY01,475039,LINKED_TO_MISSING_OR_RESTRICTED_ZENDESK,3,2,1,0,0,1,1505146|1546731,10203|12016,1505146|1546731,pcb assembly citb|fusible 5 amp/ 250 vol|contactor 24 vol 50 Hz 50 amp (con A),MATCHED|PLACEHOLDER_VALUE,REF_EXACT|PLACEHOLDER_REJECTED,HAS_PLACEHOLDERS
1682,2022-10-24T12:36:00.000Z,FIELD_BEAT_CLIENT|61.608.404-6|Instituto Nacional del Cáncer (INC),61.608.404-6,Instituto Nacional del Cáncer (INC),CORRECTIVA NO PROGRAMADA,FINISHED,ccarrasquel,INC-INFINITY01,599484,LINKED_TO_MISSING_OR_RESTRICTED_ZENDESK,0,0,0,0,0,0,,,,,,,NO_USED_PARTS
1683,2022-10-25T19:30:00.000Z,FIELD_BEAT_CLIENT|70377400-8|FUNDACION ARTURO LOPEZ PEREZ,70377400-8,FUNDACION ARTURO LOPEZ PEREZ,CORRECTIVA NO PROGRAMADA,FINISHED,rguapache,LINAC-153038,,NO_TICKET_REPORTED,2,1,0,1,0,1,1556287,12261,1556287|1538489,"(2) Kit spares, Diaphrams Brake|DLG/Diaphrams Drive PCB",MATCHED|NO_MATCH,REF_EXACT|NONE,HAS_UNMATCHED_PARTS
1684,2022-10-27T00:30:00.000Z,FIELD_BEAT_CLIENT|70377400-8|FUNDACION ARTURO LOPEZ PEREZ,70377400-8,FUNDACION ARTURO LOPEZ PEREZ,CORRECTIVA NO PROGRAMADA,FINISHED,rguapache,LINAC-153038,,NO_TICKET_REPORTED,0,0,0,0,0,0,,,,,,,NO_USED_PARTS
1685,2022-10-27T16:43:03.538Z,FIELD_BEAT_CLIENT|81.698.900-0|UC CHRISTUS - CECA,81.698.900-0,UC CHRISTUS - CECA,REQUERIMIENTO DEL CLIENTE,ARCHIVED,,Linac-153935,,NO_TICKET_REPORTED,0,0,0,0,0,0,,,,,,,NO_USED_PARTS
1686,2022-10-27T12:00:00.000Z,FIELD_BEAT_CLIENT|81.698.900-0|UC CHRISTUS - CECA,81.698.900-0,UC CHRISTUS - CECA,CORRECTIVA PROGRAMADA,FINISHED,rguapache,Linac-153935,,NO_TICKET_REPORTED,0,0,0,0,0,0,,,,,,,NO_USED_PARTS
1687,2022-10-27T12:00:00.000Z,FIELD_BEAT_CLIENT|81.698.900-0|UC CHRISTUS - CECA,81.698.900-0,UC CHRISTUS - CECA,,ARCHIVED,,Linac-153935,,NO_TICKET_REPORTED,0,0,0,0,0,0,,,,,,,NO_USED_PARTS
1688,2022-10-27T15:00:00.000Z,FIELD_BEAT_CLIENT|81.698.900-0|UC CHRISTUS - CECA,81.698.900-0,UC CHRISTUS - CECA,CORRECTIVA PROGRAMADA,FINISHED,rguapache,,,NO_TICKET_REPORTED,1,0,1,0,0,1,,,,"Monitor LG 27""",PLACEHOLDER_VALUE,PLACEHOLDER_REJECTED,HAS_PLACEHOLDERS
1689,2022-10-27T13:00:00.000Z,FIELD_BEAT_CLIENT|81.698.900-0|UC CHRISTUS - CECA,81.698.900-0,UC CHRISTUS - CECA,REQUERIMIENTO DEL CLIENTE,FINISHED,rguapache,Linac-153935,,NO_TICKET_REPORTED,1,0,1,0,0,1,,,,(2) Tornillos Allen,PLACEHOLDER_VALUE,PLACEHOLDER_REJECTED,HAS_PLACEHOLDERS
1690,2022-10-27T12:00:00.000Z,FIELD_BEAT_CLIENT|81.698.900-0|UC CHRISTUS - CECA,81.698.900-0,UC CHRISTUS - CECA,REQUERIMIENTO DEL CLIENTE,FINISHED,rguapache,Linac-153935,,NO_TICKET_REPORTED,0,0,0,0,0,0,,,,,,,NO_USED_PARTS
1691,2022-10-28T14:39:00.000Z,FIELD_BEAT_CLIENT|96.757.430-9|INRAD,96.757.430-9,INRAD,CORRECTIVA PROGRAMADA,FINISHED,ccarrasquel,Linac-201172,236942,LINKED_TO_MISSING_OR_RESTRICTED_ZENDESK,1,0,1,0,0,1,,,,piola lado A del panel iView,PLACEHOLDER_VALUE,PLACEHOLDER_REJECTED,HAS_PLACEHOLDERS
1692,2022-10-28T20:00:00.000Z,FIELD_BEAT_CLIENT|70377400-8|FUNDACION ARTURO LOPEZ PEREZ,70377400-8,FUNDACION ARTURO LOPEZ PEREZ,,FINISHED,rcammalleri,APOTECA-PS,,NO_TICKET_REPORTED,0,0,0,0,0,0,,,,,,,NO_USED_PARTS
1693,2022-10-28T20:30:00.000Z,FIELD_BEAT_CLIENT|70377400-8|FUNDACION ARTURO LOPEZ PEREZ,70377400-8,FUNDACION ARTURO LOPEZ PEREZ,REQUERIMIENTO DEL CLIENTE,FINISHED,rcammalleri,APOTECA-PS,,NO_TICKET_REPORTED,0,0,0,0,0,0,,,,,,,NO_USED_PARTS
1694,2022-10-28T12:30:00.000Z,FIELD_BEAT_CLIENT|70377400-8|FUNDACION ARTURO LOPEZ PEREZ,70377400-8,FUNDACION ARTURO LOPEZ PEREZ,,ARCHIVED,,LINAC-153038,,NO_TICKET_REPORTED,0,0,0,0,0,0,,,,,,,NO_USED_PARTS
1695,2022-11-02T11:30:00.000Z,FIELD_BEAT_CLIENT|70377400-8|FUNDACION ARTURO LOPEZ PEREZ,70377400-8,FUNDACION ARTURO LOPEZ PEREZ,CORRECTIVA NO PROGRAMADA,FINISHED,rguapache,LINAC-153038,,NO_TICKET_REPORTED,0,0,0,0,0,0,,,,,,,NO_USED_PARTS
1698,2022-10-28T12:30:00.000Z,FIELD_BEAT_CLIENT|70377400-8|FUNDACION ARTURO LOPEZ PEREZ,70377400-8,FUNDACION ARTURO LOPEZ PEREZ,CORRECTIVA PROGRAMADA,FINISHED,rguapache,LINAC-153038,,NO_TICKET_REPORTED,4,2,0,1,1,2,1534191|1534195,11018|11022,1547237|1534191|1534195|1538489,"Kit, Luminus Proj Assy an PCB|PCB 2, Side A, Assembly|PCB 2, Side B, Assembly|PCB Assy, DLG and Diaphragms Drive",AMBIGUOUS_MATCH|MATCHED|NO_MATCH,REF_LIKE|REF_EXACT|NONE,HAS_AMBIGUOUS_PARTS
1699,2022-11-02T21:30:00.000Z,FIELD_BEAT_CLIENT|70377400-8|FUNDACION ARTURO LOPEZ PEREZ,70377400-8,FUNDACION ARTURO LOPEZ PEREZ,CORRECTIVA PROGRAMADA,FINISHED,rguapache,LINAC-153038,,NO_TICKET_REPORTED,1,1,0,0,0,0,1501074,11487,1501074,"PCB Assembly, Dosimetry B",MATCHED,REF_EXACT,OK
1701,2022-11-02T11:00:00.000Z,FIELD_BEAT_CLIENT|61.606.500-9|HOSPITAL CARLOS VAN BUREN (SSVSA),61.606.500-9,HOSPITAL CARLOS VAN BUREN (SSVSA),CORRECTIVA NO PROGRAMADA,ON_ROUTE,mreyes,Linac-154325,,NO_TICKET_REPORTED,0,0,0,0,0,0,,,,,,,NO_USED_PARTS
1702,2022-11-03T11:30:00.000Z,FIELD_BEAT_CLIENT|81.698.900-0|UC CHRISTUS - CECA,81.698.900-0,UC CHRISTUS - CECA,CORRECTIVA PROGRAMADA,FINISHED,varenas,OIS-UC,235361,LINKED_TO_MISSING_OR_RESTRICTED_ZENDESK,0,0,0,0,0,0,,,,,,,NO_USED_PARTS
1703,2022-11-03T11:30:00.000Z,FIELD_BEAT_CLIENT|81.698.900-0|UC CHRISTUS - CECA,81.698.900-0,UC CHRISTUS - CECA,CORRECTIVA PROGRAMADA,ARCHIVED,,OIS-UC,,NO_TICKET_REPORTED,0,0,0,0,0,0,,,,,,,NO_USED_PARTS
1704,2022-10-26T20:30:00.000Z,FIELD_BEAT_CLIENT|96.770.100-9|CLINICA ALEMANA DE SANTIAGO,96.770.100-9,CLINICA ALEMANA DE SANTIAGO,CORRECTIVA PROGRAMADA,FINISHED,acorbea,Linac-152171|Linac-151673,236644,LINKED_TO_MISSING_OR_RESTRICTED_ZENDESK,1,1,0,0,0,0,1016984,10906,1016984,Iso Rotation brake,MATCHED,REF_EXACT,OK
1705,2022-11-03T12:15:00.000Z,FIELD_BEAT_CLIENT|96.770.100-9|CLINICA ALEMANA DE SANTIAGO,96.770.100-9,CLINICA ALEMANA DE SANTIAGO,CORRECTIVA NO PROGRAMADA,FINISHED,acorbea,Linac-152171,9999,LINKED_TO_MISSING_OR_RESTRICTED_ZENDESK,0,0,0,0,0,0,,,,,,,NO_USED_PARTS
1706,2022-11-05T11:00:00.000Z,FIELD_BEAT_CLIENT|70377400-8|FUNDACION ARTURO LOPEZ PEREZ,70377400-8,FUNDACION ARTURO LOPEZ PEREZ,CORRECTIVA PROGRAMADA,FINISHED,rguapache,LINAC-153038,,NO_TICKET_REPORTED,1,1,0,0,0,0,45133903384,11003,45133903384,"PCB Assembly, Auxiliar",MATCHED,REF_EXACT,OK
1707,2022-11-05T09:00:00.000Z,FIELD_BEAT_CLIENT|70377400-8|FUNDACION ARTURO LOPEZ PEREZ,70377400-8,FUNDACION ARTURO LOPEZ PEREZ,CORRECTIVA NO PROGRAMADA,FINISHED,rguapache,LINAC-153038,,NO_TICKET_REPORTED,1,1,0,0,0,0,1502613,10994,1502613,"MOD KIT, LASER ODI LAMP",MATCHED,REF_EXACT,OK
1708,2022-11-05T09:00:00.000Z,FIELD_BEAT_CLIENT|70377400-8|FUNDACION ARTURO LOPEZ PEREZ,70377400-8,FUNDACION ARTURO LOPEZ PEREZ,CORRECTIVA NO PROGRAMADA,ARCHIVED,,LINAC-153038,,NO_TICKET_REPORTED,0,0,0,0,0,0,,,,,,,NO_USED_PARTS
1709,2022-11-07T14:00:00.000Z,FIELD_BEAT_CLIENT|81.698.900-0|UC CHRISTUS - SCA,81.698.900-0,UC CHRISTUS - SCA,CORRECTIVA PROGRAMADA,FINISHED,acorbea,Linac-109256,523761,LINKED_TO_MISSING_OR_RESTRICTED_ZENDESK,1,0,1,0,0,1,,,,"grasa ep2
wd40
paños de microfibra",PLACEHOLDER_VALUE,PLACEHOLDER_REJECTED,HAS_PLACEHOLDERS
1710,2022-11-08T10:30:00.000Z,FIELD_BEAT_CLIENT|96.770.100-9|CLINICA ALEMANA DE SANTIAGO,96.770.100-9,CLINICA ALEMANA DE SANTIAGO,CORRECTIVA NO PROGRAMADA,FINISHED,acorbea,Linac-151673,9999,LINKED_TO_MISSING_OR_RESTRICTED_ZENDESK,0,0,0,0,0,0,,,,,,,NO_USED_PARTS
1711,2022-11-09T11:30:00.000Z,FIELD_BEAT_CLIENT|70377400-8|FUNDACION ARTURO LOPEZ PEREZ,70377400-8,FUNDACION ARTURO LOPEZ PEREZ,CORRECTIVA NO PROGRAMADA,FINISHED,rcammalleri,APOTECA-CHEMO,,NO_TICKET_REPORTED,0,0,0,0,0,0,,,,,,,NO_USED_PARTS
1712,2022-11-09T21:30:00.000Z,FIELD_BEAT_CLIENT|81.698.900-0|UC CHRISTUS - SCA,81.698.900-0,UC CHRISTUS - SCA,ASISTENCIA REMOTA,FINISHED,rguapache,Linac-109256,,NO_TICKET_REPORTED,0,0,0,0,0,0,,,,,,,NO_USED_PARTS
1713,2022-11-09T21:30:00.000Z,FIELD_BEAT_CLIENT|81.698.900-0|UC CHRISTUS - SCA,81.698.900-0,UC CHRISTUS - SCA,ASISTENCIA REMOTA,SENT,rguapache,Linac-109256,,NO_TICKET_REPORTED,0,0,0,0,0,0,,,,,,,NO_USED_PARTS
1714,2022-11-10T12:00:00.000Z,FIELD_BEAT_CLIENT|81.698.900-0|UC CHRISTUS - SCA,81.698.900-0,UC CHRISTUS - SCA,CORRECTIVA PROGRAMADA,FINISHED,acorbea,Linac-109256,879223,LINKED_TO_MISSING_OR_RESTRICTED_ZENDESK,0,0,0,0,0,0,,,,,,,NO_USED_PARTS
1715,2022-11-10T16:16:00.000Z,FIELD_BEAT_CLIENT|61.606.500-9|ACME,61.606.500-9,ACME,ASISTENCIA REMOTA,FINISHED,ccarrasquel,153038,777777,LINKED_TO_MISSING_OR_RESTRICTED_ZENDESK,0,0,0,0,0,0,,,,,,,NO_USED_PARTS
1716,2022-11-10T16:16:00.000Z,FIELD_BEAT_CLIENT|61.606.500-9|ACME,61.606.500-9,ACME,ASISTENCIA REMOTA,FINISHED,ccarrasquel,153038,777777,LINKED_TO_MISSING_OR_RESTRICTED_ZENDESK,0,0,0,0,0,0,,,,,,,NO_USED_PARTS
1717,2022-11-11T11:30:00.000Z,FIELD_BEAT_CLIENT|93.930.000-7|CLÍNICA LAS CONDES,93.930.000-7,CLÍNICA LAS CONDES,CORRECTIVA NO PROGRAMADA,FINISHED,acorbea,,9999,LINKED_TO_MISSING_OR_RESTRICTED_ZENDESK,0,0,0,0,0,0,,,,,,,NO_USED_PARTS
1718,2022-11-11T11:30:00.000Z,FIELD_BEAT_CLIENT|76.746.730-3|CLÍNICA SANATORIO ALEMÁN (ONCORAD),76.746.730-3,CLÍNICA SANATORIO ALEMÁN (ONCORAD),PREVENTIVA PROGRAMADA,FINISHED,ebecker,Linac-201110,,NO_TICKET_REPORTED,1,0,1,0,0,1,,,N/A,N/A,PLACEHOLDER_VALUE,PLACEHOLDER_REJECTED,HAS_PLACEHOLDERS
1719,2022-11-10T15:00:00.000Z,FIELD_BEAT_CLIENT|76.746.730-3|CLÍNICA SANATORIO ALEMÁN (ONCORAD),76.746.730-3,CLÍNICA SANATORIO ALEMÁN (ONCORAD),CORRECTIVA PROGRAMADA,FINISHED,ebecker,Linac-201110,,NO_TICKET_REPORTED,1,0,0,1,0,1,,,"1511326
s/n EB247",Magnetron Tuning Drive Assy,NO_MATCH,NONE,HAS_UNMATCHED_PARTS
1720,2022-11-11T21:00:00.000Z,FIELD_BEAT_CLIENT|76.746.730-3|CLÍNICA SANATORIO ALEMÁN (ONCORAD),76.746.730-3,CLÍNICA SANATORIO ALEMÁN (ONCORAD),CORRECTIVA PROGRAMADA,FINISHED,ebecker,Linac-201110,,NO_TICKET_REPORTED,1,1,0,0,0,1,1020469,12257,"1020469
series 5122020 - 5217363",Dose Board,MATCHED,REF_LIKE,REVIEW_REQUIRED
1721,2022-11-10T15:00:00.000Z,FIELD_BEAT_CLIENT|76.746.730-3|CLÍNICA SANATORIO ALEMÁN (ONCORAD),76.746.730-3,CLÍNICA SANATORIO ALEMÁN (ONCORAD),CORRECTIVA PROGRAMADA,FINISHED,ebecker,Linac-201110,,NO_TICKET_REPORTED,1,0,0,1,0,1,,,"BJ 5590.002
series:
CHA0731
CHA0750",Ion Chamber,NO_MATCH,NONE,HAS_UNMATCHED_PARTS
1722,2022-11-10T15:00:00.000Z,FIELD_BEAT_CLIENT|76.746.730-3|CLÍNICA SANATORIO ALEMÁN (ONCORAD),76.746.730-3,CLÍNICA SANATORIO ALEMÁN (ONCORAD),CORRECTIVA PROGRAMADA,FINISHED,ebecker,Linac-201110,,NO_TICKET_REPORTED,1,1,0,0,0,0,1511693,11489,1511693,Charging High Voltage Cab,MATCHED,REF_EXACT,OK
1723,2022-11-11T21:35:00.000Z,FIELD_BEAT_CLIENT|76.746.730-3|CLÍNICA SANATORIO ALEMÁN (ONCORAD),76.746.730-3,CLÍNICA SANATORIO ALEMÁN (ONCORAD),CORRECTIVA PROGRAMADA,FINISHED,ebecker,Linac-201110,,NO_TICKET_REPORTED,1,0,1,0,0,1,,,N/A,N/A,PLACEHOLDER_VALUE,PLACEHOLDER_REJECTED,HAS_PLACEHOLDERS
1724,2022-11-14T11:39:00.000Z,FIELD_BEAT_CLIENT|61.608.404-6|Instituto Nacional del Cáncer (INC),61.608.404-6,Instituto Nacional del Cáncer (INC),CORRECTIVA PROGRAMADA,FINISHED,ccarrasquel,INC-INFINITY01,777777,LINKED_TO_MISSING_OR_RESTRICTED_ZENDESK,1,1,0,0,0,0,1024129,10908,1024129,agility pixel calibration,MATCHED,REF_EXACT,OK
1725,2022-11-11T19:00:00.000Z,FIELD_BEAT_CLIENT|61.607.901-8|SERVICIO DE SALUD DE MAGALLANES,61.607.901-8,SERVICIO DE SALUD DE MAGALLANES,PREVENTIVA PROGRAMADA,FINISHED,raguila,,,NO_TICKET_REPORTED,1,0,1,0,0,1,,,N/C,"wd-40, spray de aire comprimido. grasa ep-2, limpia contactos",PLACEHOLDER_VALUE,PLACEHOLDER_REJECTED,HAS_PLACEHOLDERS
1726,2022-11-16T15:39:00.000Z,FIELD_BEAT_CLIENT|61.606.500-9|ACME,61.606.500-9,ACME,CORRECTIVA NO PROGRAMADA,ARCHIVED,,153038,,NO_TICKET_REPORTED,0,0,0,0,0,0,,,,,,,NO_USED_PARTS
1727,2022-11-16T18:30:00.000Z,FIELD_BEAT_CLIENT|81.698.900-0|UC CHRISTUS - CECA,81.698.900-0,UC CHRISTUS - CECA,CORRECTIVA NO PROGRAMADA,FINISHED,rguapache,Linac-153935,,NO_TICKET_REPORTED,0,0,0,0,0,0,,,,,,,NO_USED_PARTS
1728,2022-11-16T13:00:00.000Z,FIELD_BEAT_CLIENT|61.606.500-9|HOSPITAL CARLOS VAN BUREN (SSVSA),61.606.500-9,HOSPITAL CARLOS VAN BUREN (SSVSA),CORRECTIVA NO PROGRAMADA,FINISHED,aecheverria,Linac-154325,0101,LINKED_TO_MISSING_OR_RESTRICTED_ZENDESK,2,1,0,1,0,1,1541718,11595,45136261003J|1541718,Belt timing s/sided Cant: 02|Pancake Motor Cant: 02,NO_MATCH|MATCHED,NONE|REF_EXACT,HAS_UNMATCHED_PARTS
1729,2022-10-12T13:00:00.000Z,FIELD_BEAT_CLIENT|61.606.500-9|HOSPITAL CARLOS VAN BUREN (SSVSA),61.606.500-9,HOSPITAL CARLOS VAN BUREN (SSVSA),CORRECTIVA NO PROGRAMADA,FINISHED,aecheverria,Linac-154325,0101,LINKED_TO_MISSING_OR_RESTRICTED_ZENDESK,1,0,1,0,0,1,,,N/A,N/A,PLACEHOLDER_VALUE,PLACEHOLDER_REJECTED,HAS_PLACEHOLDERS
1730,2022-11-17T11:30:00.000Z,FIELD_BEAT_CLIENT|70377400-8|FUNDACION ARTURO LOPEZ PEREZ,70377400-8,FUNDACION ARTURO LOPEZ PEREZ,CORRECTIVA NO PROGRAMADA,FINISHED,rcammalleri,APOTECA-PS,,NO_TICKET_REPORTED,1,0,0,1,0,1,,,P1094996,Módulo de Corte de etiquetas,NO_MATCH,NONE,HAS_UNMATCHED_PARTS
1731,2022-11-18T11:30:00.000Z,FIELD_BEAT_CLIENT|76.746.730-3|CLÍNICA SANATORIO ALEMÁN (ONCORAD),76.746.730-3,CLÍNICA SANATORIO ALEMÁN (ONCORAD),CORRECTIVA NO PROGRAMADA,FINISHED,ebecker,Linac-201110,,NO_TICKET_REPORTED,1,0,1,0,0,1,,,N/A,N/A,PLACEHOLDER_VALUE,PLACEHOLDER_REJECTED,HAS_PLACEHOLDERS
1732,2022-11-18T11:00:00.000Z,FIELD_BEAT_CLIENT|96.770.100-9|CLINICA ALEMANA DE SANTIAGO,96.770.100-9,CLINICA ALEMANA DE SANTIAGO,CORRECTIVA NO PROGRAMADA,FINISHED,acorbea,Linac-152171,814601,LINKED_TO_MISSING_OR_RESTRICTED_ZENDESK,0,0,0,0,0,0,,,,,,,NO_USED_PARTS
1733,2022-11-18T10:30:00.000Z,FIELD_BEAT_CLIENT|70377400-8|FUNDACION ARTURO LOPEZ PEREZ,70377400-8,FUNDACION ARTURO LOPEZ PEREZ,CORRECTIVA NO PROGRAMADA,FINISHED,rguapache,LINAC-153038,,NO_TICKET_REPORTED,0,0,0,0,0,0,,,,,,,NO_USED_PARTS
1734,2022-11-18T20:45:00.000Z,FIELD_BEAT_CLIENT|96.770.100-9|CLINICA ALEMANA DE SANTIAGO,96.770.100-9,CLINICA ALEMANA DE SANTIAGO,PREVENTIVA PROGRAMADA,FINISHED,acorbea,Linac-151673,9999,LINKED_TO_MISSING_OR_RESTRICTED_ZENDESK,1,0,1,0,0,1,,,,"Grasa ep2
wd40
aceite lubricante triflow
paños",PLACEHOLDER_VALUE,PLACEHOLDER_REJECTED,HAS_PLACEHOLDERS
1735,2022-11-18T20:46:00.000Z,FIELD_BEAT_CLIENT|96.770.100-9|CLINICA ALEMANA DE SANTIAGO,96.770.100-9,CLINICA ALEMANA DE SANTIAGO,PREVENTIVA PROGRAMADA,FINISHED,acorbea,Linac-151673,9999,LINKED_TO_MISSING_OR_RESTRICTED_ZENDESK,0,0,0,0,0,0,,,,,,,NO_USED_PARTS
1736,2022-11-18T18:00:00.000Z,FIELD_BEAT_CLIENT|70377400-8|FUNDACION ARTURO LOPEZ PEREZ,70377400-8,FUNDACION ARTURO LOPEZ PEREZ,REQUERIMIENTO DEL CLIENTE,FINISHED,rcammalleri,APOTECA-CHEMO,,NO_TICKET_REPORTED,0,0,0,0,0,0,,,,,,,NO_USED_PARTS
1737,2022-11-18T21:30:00.000Z,FIELD_BEAT_CLIENT|70377400-8|FUNDACION ARTURO LOPEZ PEREZ,70377400-8,FUNDACION ARTURO LOPEZ PEREZ,CORRECTIVA PROGRAMADA,FINISHED,rguapache,LINAC-153038,,NO_TICKET_REPORTED,1,1,0,0,0,0,1022378,11627,1022378,"DIODE ASSEMBLY, FRU",MATCHED,REF_EXACT,OK
1738,2022-11-15T13:00:00.000Z,FIELD_BEAT_CLIENT|96.757.430-9|INRAD,96.757.430-9,INRAD,PREVENTIVA PROGRAMADA,FINISHED,glopez,HDR-FT00056,0,LINKED_TO_MISSING_OR_RESTRICTED_ZENDESK,0,0,0,0,0,0,,,,,,,NO_USED_PARTS
1739,2022-11-18T17:08:00.000Z,FIELD_BEAT_CLIENT|61.606.500-9|HOSPITAL CARLOS VAN BUREN (SSVSA),61.606.500-9,HOSPITAL CARLOS VAN BUREN (SSVSA),PREVENTIVA PROGRAMADA,FINISHED,jecheverria,,,NO_TICKET_REPORTED,0,0,0,0,0,0,,,,,,,NO_USED_PARTS
1740,2022-11-18T19:13:00.000Z,FIELD_BEAT_CLIENT|61.606.500-9|HOSPITAL CARLOS VAN BUREN (SSVSA),61.606.500-9,HOSPITAL CARLOS VAN BUREN (SSVSA),,FINISHED,jecheverria,,,NO_TICKET_REPORTED,0,0,0,0,0,0,,,,,,,NO_USED_PARTS
1741,2022-11-18T17:29:00.000Z,FIELD_BEAT_CLIENT|61.606.500-9|HOSPITAL CARLOS VAN BUREN (SSVSA),61.606.500-9,HOSPITAL CARLOS VAN BUREN (SSVSA),CORRECTIVA PROGRAMADA,FINISHED,jecheverria,,0000,LINKED_TO_MISSING_OR_RESTRICTED_ZENDESK,1,1,0,0,0,1,45133411846,11694,45133411846/45133412203,"cable touchguard , cable lateral pots",MATCHED,REF_LIKE,REVIEW_REQUIRED
1742,2022-11-22T10:32:00.000Z,FIELD_BEAT_CLIENT|61.606.500-9|HOSPITAL CARLOS VAN BUREN (SSVSA),61.606.500-9,HOSPITAL CARLOS VAN BUREN (SSVSA),CORRECTIVA NO PROGRAMADA,FINISHED,jecheverria,,0000,LINKED_TO_MISSING_OR_RESTRICTED_ZENDESK,1,0,1,0,0,1,,,Na,NA,PLACEHOLDER_VALUE,PLACEHOLDER_REJECTED,HAS_PLACEHOLDERS
1743,2022-11-23T12:50:00.000Z,FIELD_BEAT_CLIENT|70377400-8|FUNDACION ARTURO LOPEZ PEREZ,70377400-8,FUNDACION ARTURO LOPEZ PEREZ,PREVENTIVA PROGRAMADA,ARCHIVED,,LINAC-153038,,NO_TICKET_REPORTED,0,0,0,0,0,0,,,,,,,NO_USED_PARTS
1744,2022-11-24T19:30:00.000Z,FIELD_BEAT_CLIENT|76.746.730-3|CLÍNICA SANATORIO ALEMÁN (ONCORAD),76.746.730-3,CLÍNICA SANATORIO ALEMÁN (ONCORAD),CORRECTIVA NO PROGRAMADA,FINISHED,ebecker,Linac-201110,,NO_TICKET_REPORTED,1,0,1,0,0,1,,,N/A,N/A,PLACEHOLDER_VALUE,PLACEHOLDER_REJECTED,HAS_PLACEHOLDERS
1745,2022-11-26T11:30:00.000Z,FIELD_BEAT_CLIENT|70377400-8|FUNDACION ARTURO LOPEZ PEREZ,70377400-8,FUNDACION ARTURO LOPEZ PEREZ,PREVENTIVA PROGRAMADA,FINISHED,rguapache,LINAC-153038,,NO_TICKET_REPORTED,2,2,0,0,0,0,1534958|1016478,11034|10946,1534958|1016478,"(4) Kit, Leaf Spare Motor|(1) Kit, Spares, Moduled",MATCHED,REF_EXACT,OK
1746,2022-11-28T20:30:00.000Z,FIELD_BEAT_CLIENT|81.698.900-0|UC CHRISTUS - SCA,81.698.900-0,UC CHRISTUS - SCA,CORRECTIVA PROGRAMADA,FINISHED,rguapache,Linac-109256,,NO_TICKET_REPORTED,0,0,0,0,0,0,,,,,,,NO_USED_PARTS
1747,2022-11-28T10:01:00.000Z,FIELD_BEAT_CLIENT|61.606.500-9|HOSPITAL CARLOS VAN BUREN (SSVSA),61.606.500-9,HOSPITAL CARLOS VAN BUREN (SSVSA),ASISTENCIA REMOTA,FINISHED,jecheverria,,0000,LINKED_TO_MISSING_OR_RESTRICTED_ZENDESK,1,0,1,0,0,1,,,NA,NA,PLACEHOLDER_VALUE,PLACEHOLDER_REJECTED,HAS_PLACEHOLDERS
1748,2022-11-29T09:45:00.000Z,FIELD_BEAT_CLIENT|61.606.500-9|HOSPITAL CARLOS VAN BUREN (SSVSA),61.606.500-9,HOSPITAL CARLOS VAN BUREN (SSVSA),CORRECTIVA NO PROGRAMADA,FINISHED,jecheverria,,0000,LINKED_TO_MISSING_OR_RESTRICTED_ZENDESK,1,0,1,0,0,1,,,NA,NS,PLACEHOLDER_VALUE,PLACEHOLDER_REJECTED,HAS_PLACEHOLDERS
1749,2022-11-29T11:01:00.000Z,FIELD_BEAT_CLIENT|61.606.500-9|HOSPITAL CARLOS VAN BUREN (SSVSA),61.606.500-9,HOSPITAL CARLOS VAN BUREN (SSVSA),CORRECTIVA NO PROGRAMADA,FINISHED,jecheverria,,0000,LINKED_TO_MISSING_OR_RESTRICTED_ZENDESK,1,0,1,0,0,1,,,NA,NA,PLACEHOLDER_VALUE,PLACEHOLDER_REJECTED,HAS_PLACEHOLDERS
1750,2022-12-01T10:30:00.000Z,FIELD_BEAT_CLIENT|70377400-8|FUNDACION ARTURO LOPEZ PEREZ,70377400-8,FUNDACION ARTURO LOPEZ PEREZ,CORRECTIVA NO PROGRAMADA,FINISHED,rguapache,LINAC-153038,,NO_TICKET_REPORTED,1,1,0,0,0,0,1534958,11034,1534958,Leaf Motor,MATCHED,REF_EXACT,OK
1751,2022-11-28T10:30:00.000Z,FIELD_BEAT_CLIENT|61.607.901-8|SERVICIO DE SALUD DE MAGALLANES,61.607.901-8,SERVICIO DE SALUD DE MAGALLANES,CORRECTIVA NO PROGRAMADA,FINISHED,raguila,,307865,LINKED_TO_MISSING_OR_RESTRICTED_ZENDESK,1,0,1,0,0,1,,,,Fusible de 32V/10 A,PLACEHOLDER_VALUE,PLACEHOLDER_REJECTED,HAS_PLACEHOLDERS
1752,2022-12-02T10:30:00.000Z,FIELD_BEAT_CLIENT|61.608.404-6|Instituto Nacional del Cáncer (INC),61.608.404-6,Instituto Nacional del Cáncer (INC),PREVENTIVA PROGRAMADA,FINISHED,ccarrasquel,INC-INFINITY01,777777,LINKED_TO_MISSING_OR_RESTRICTED_ZENDESK,0,0,0,0,0,0,,,,,,,NO_USED_PARTS
1753,2022-12-02T18:20:00.000Z,FIELD_BEAT_CLIENT|70377400-8|FUNDACION ARTURO LOPEZ PEREZ,70377400-8,FUNDACION ARTURO LOPEZ PEREZ,,ARCHIVED,,APOTECA-CHEMO,,NO_TICKET_REPORTED,0,0,0,0,0,0,,,,,,,NO_USED_PARTS
1754,2022-12-02T12:29:00.000Z,FIELD_BEAT_CLIENT|70377400-8|FUNDACION ARTURO LOPEZ PEREZ,70377400-8,FUNDACION ARTURO LOPEZ PEREZ,REQUERIMIENTO DEL CLIENTE,FINISHED,jecheverria,APOTECA-CHEMO,0000,LINKED_TO_MISSING_OR_RESTRICTED_ZENDESK,1,0,1,0,0,1,,,NA,NA,PLACEHOLDER_VALUE,PLACEHOLDER_REJECTED,HAS_PLACEHOLDERS
1755,2022-12-05T11:00:00.000Z,FIELD_BEAT_CLIENT|81.698.900-0|UC CHRISTUS - SCA,81.698.900-0,UC CHRISTUS - SCA,CORRECTIVA NO PROGRAMADA,FINISHED,mreyes,Linac-109256,,NO_TICKET_REPORTED,1,0,0,1,0,1,,,No hay.,No hay.,NO_MATCH,NONE,HAS_UNMATCHED_PARTS
1756,2022-12-05T10:45:00.000Z,FIELD_BEAT_CLIENT|81.698.900-0|UC CHRISTUS - CECA,81.698.900-0,UC CHRISTUS - CECA,CORRECTIVA NO PROGRAMADA,FINISHED,jecheverria,,0000,LINKED_TO_MISSING_OR_RESTRICTED_ZENDESK,1,0,1,0,0,1,,,NA,NA,PLACEHOLDER_VALUE,PLACEHOLDER_REJECTED,HAS_PLACEHOLDERS
1757,2022-12-01T03:00:00.000Z,FIELD_BEAT_CLIENT|70377400-8|FUNDACION ARTURO LOPEZ PEREZ,70377400-8,FUNDACION ARTURO LOPEZ PEREZ,PREVENTIVA PROGRAMADA,FINISHED,glopez,HDR-FT07026,0000,LINKED_TO_MISSING_OR_RESTRICTED_ZENDESK,1,0,1,0,0,1,,,,baterías de unidad TDU del Flexitron,PLACEHOLDER_VALUE,PLACEHOLDER_REJECTED,HAS_PLACEHOLDERS
1758,2022-12-07T19:45:00.000Z,FIELD_BEAT_CLIENT|81.698.900-0|UC CHRISTUS - CECA,81.698.900-0,UC CHRISTUS - CECA,CORRECTIVA PROGRAMADA,FINISHED,ccarrasquel,Linac-153935,409561,LINKED_TO_MISSING_OR_RESTRICTED_ZENDESK,0,0,0,0,0,0,,,,,,,NO_USED_PARTS
1759,2022-12-07T15:00:00.000Z,FIELD_BEAT_CLIENT|76.746.730-3|CLÍNICA SANATORIO ALEMÁN (ONCORAD),76.746.730-3,CLÍNICA SANATORIO ALEMÁN (ONCORAD),CORRECTIVA NO PROGRAMADA,FINISHED,ebecker,Linac-201110,,NO_TICKET_REPORTED,1,1,0,0,0,0,1535987,11480,1535987,1 NR Dose Board,MATCHED,REF_EXACT,OK
1760,2022-12-07T20:30:00.000Z,FIELD_BEAT_CLIENT|76.746.730-3|CLÍNICA SANATORIO ALEMÁN (ONCORAD),76.746.730-3,CLÍNICA SANATORIO ALEMÁN (ONCORAD),CORRECTIVA NO PROGRAMADA,FINISHED,ebecker,Linac-201110,,NO_TICKET_REPORTED,1,1,0,0,0,1,4513316442101T,10986,4513 316 4421,"1 NR Potenciometro 20 K, 10 turns",MATCHED,REF_LIKE,REVIEW_REQUIRED
1761,2022-12-09T17:00:00.000Z,FIELD_BEAT_CLIENT|70377400-8|FUNDACION ARTURO LOPEZ PEREZ,70377400-8,FUNDACION ARTURO LOPEZ PEREZ,PREVENTIVA PROGRAMADA,FINISHED,rcammalleri,APOTECA-PS,,NO_TICKET_REPORTED,0,0,0,0,0,0,,,,,,,NO_USED_PARTS
1762,2022-12-09T17:00:00.000Z,FIELD_BEAT_CLIENT|70377400-8|FUNDACION ARTURO LOPEZ PEREZ,70377400-8,FUNDACION ARTURO LOPEZ PEREZ,PREVENTIVA PROGRAMADA,FINISHED,rcammalleri,APOTECA-PS,,NO_TICKET_REPORTED,0,0,0,0,0,0,,,,,,,NO_USED_PARTS
1763,2022-12-12T13:29:00.000Z,FIELD_BEAT_CLIENT|61.608.404-6|Instituto Nacional del Cáncer (INC),61.608.404-6,Instituto Nacional del Cáncer (INC),CORRECTIVA NO PROGRAMADA,FINISHED,jecheverria,,0000,LINKED_TO_MISSING_OR_RESTRICTED_ZENDESK,1,0,1,0,0,1,,,NA,NA,PLACEHOLDER_VALUE,PLACEHOLDER_REJECTED,HAS_PLACEHOLDERS
1764,2022-12-13T17:15:00.000Z,FIELD_BEAT_CLIENT|96.757.430-9|INRAD,96.757.430-9,INRAD,CORRECTIVA NO PROGRAMADA,FINISHED,mreyes,Linac-201172,883797,LINKED_TO_MISSING_OR_RESTRICTED_ZENDESK,1,0,0,1,0,1,,,No hay.,No hay,NO_MATCH,NONE,HAS_UNMATCHED_PARTS
1765,2022-12-15T11:45:00.000Z,FIELD_BEAT_CLIENT|93.930.000-7|CLÍNICA LAS CONDES,93.930.000-7,CLÍNICA LAS CONDES,CORRECTIVA PROGRAMADA,STARTED,mreyes,,,NO_TICKET_REPORTED,0,0,0,0,0,0,,,,,,,NO_USED_PARTS
1766,2022-12-15T11:54:00.000Z,FIELD_BEAT_CLIENT|93.930.000-7|CLÍNICA LAS CONDES,93.930.000-7,CLÍNICA LAS CONDES,CORRECTIVA PROGRAMADA,STARTED,mreyes,,,NO_TICKET_REPORTED,0,0,0,0,0,0,,,,,,,NO_USED_PARTS
1767,2022-12-14T11:00:00.000Z,FIELD_BEAT_CLIENT|61.607.901-8|SERVICIO DE SALUD DE MAGALLANES,61.607.901-8,SERVICIO DE SALUD DE MAGALLANES,CORRECTIVA NO PROGRAMADA,FINISHED,raguila,,444689,LINKED_TO_MISSING_OR_RESTRICTED_ZENDESK,1,0,0,1,0,1,,,451333165177,Thyratron,NO_MATCH,NONE,HAS_UNMATCHED_PARTS
1768,2022-12-15T12:00:00.000Z,FIELD_BEAT_CLIENT|96.770.100-9|CLINICA ALEMANA DE SANTIAGO,96.770.100-9,CLINICA ALEMANA DE SANTIAGO,CORRECTIVA NO PROGRAMADA,FINISHED,jecheverria,Linac-152171,0000,LINKED_TO_MISSING_OR_RESTRICTED_ZENDESK,1,1,0,0,0,0,1010848,11037,1010848,MYLAR,MATCHED,REF_EXACT,OK
1769,2022-12-15T12:00:00.000Z,FIELD_BEAT_CLIENT|76.746.730-3|CLÍNICA SANATORIO ALEMÁN (ONCORAD),76.746.730-3,CLÍNICA SANATORIO ALEMÁN (ONCORAD),CORRECTIVA NO PROGRAMADA,FINISHED,ebecker,Linac-201110,,NO_TICKET_REPORTED,1,0,1,0,0,1,,,N/A,N/A,PLACEHOLDER_VALUE,PLACEHOLDER_REJECTED,HAS_PLACEHOLDERS
1770,2022-12-16T11:30:00.000Z,FIELD_BEAT_CLIENT|81.698.900-0|UC CHRISTUS - SCA,81.698.900-0,UC CHRISTUS - SCA,CORRECTIVA PROGRAMADA,FINISHED,acorbea,Linac-109256,287369,LINKED_TO_MISSING_OR_RESTRICTED_ZENDESK,0,0,0,0,0,0,,,,,,,NO_USED_PARTS
1771,2022-11-30T16:26:00.000Z,FIELD_BEAT_CLIENT|96.770.100-9|CLINICA ALEMANA DE SANTIAGO,96.770.100-9,CLINICA ALEMANA DE SANTIAGO,CORRECTIVA PROGRAMADA,FINISHED,acorbea,Linac-152171|Linac-151673,456444,LINKED_TO_MISSING_OR_RESTRICTED_ZENDESK,0,0,0,0,0,0,,,,,,,NO_USED_PARTS
1772,2022-12-20T12:00:00.000Z,FIELD_BEAT_CLIENT|96.770.100-9|CLINICA ALEMANA DE SANTIAGO,96.770.100-9,CLINICA ALEMANA DE SANTIAGO,CORRECTIVA NO PROGRAMADA,FINISHED,acorbea,Linac-151673,793080,LINKED_TO_MISSING_OR_RESTRICTED_ZENDESK,0,0,0,0,0,0,,,,,,,NO_USED_PARTS
1773,2022-12-20T17:00:00.000Z,FIELD_BEAT_CLIENT|70377400-8|FUNDACION ARTURO LOPEZ PEREZ,70377400-8,FUNDACION ARTURO LOPEZ PEREZ,CORRECTIVA NO PROGRAMADA,FINISHED,rguapache,LINAC-153038,,NO_TICKET_REPORTED,2,1,0,1,0,1,1010848,11037,1010848|1556292,"Mylard Mirror Assembly|(2) Kit, Spares, DLG Brake",MATCHED|NO_MATCH,REF_EXACT|NONE,HAS_UNMATCHED_PARTS
1774,2022-11-30T18:00:00.000Z,FIELD_BEAT_CLIENT|61.606.500-9|HOSPITAL CARLOS VAN BUREN (SSVSA),61.606.500-9,HOSPITAL CARLOS VAN BUREN (SSVSA),CORRECTIVA PROGRAMADA,FINISHED,mreyes,Linac-154325,904418,LINKED_TO_MISSING_OR_RESTRICTED_ZENDESK,3,2,0,1,0,2,1538094|45133502026_usado,12137|12138,SAT-53418049.|1538094.|45133502026.,"Power Supply.|Control Board, Kv GEN, SHFR400.|X Ray tube.",NO_MATCH|MATCHED,NONE|REF_NORMALIZED_EXACT|REF_LIKE,HAS_UNMATCHED_PARTS
1775,2022-12-19T19:30:00.000Z,FIELD_BEAT_CLIENT|61.606.500-9|HOSPITAL CARLOS VAN BUREN (SSVSA),61.606.500-9,HOSPITAL CARLOS VAN BUREN (SSVSA),CORRECTIVA PROGRAMADA,FINISHED,mreyes,Linac-154325,,NO_TICKET_REPORTED,1,0,0,1,0,1,,,No hay.,No hay.,NO_MATCH,NONE,HAS_UNMATCHED_PARTS
1776,2022-12-22T12:30:00.000Z,FIELD_BEAT_CLIENT|70377400-8|FUNDACION ARTURO LOPEZ PEREZ,70377400-8,FUNDACION ARTURO LOPEZ PEREZ,CORRECTIVA NO PROGRAMADA,FINISHED,rguapache,LINAC-153038,,NO_TICKET_REPORTED,0,0,0,0,0,0,,,,,,,NO_USED_PARTS
1777,2022-12-23T11:00:00.000Z,FIELD_BEAT_CLIENT|76.746.730-3|CLÍNICA SANATORIO ALEMÁN (ONCORAD),76.746.730-3,CLÍNICA SANATORIO ALEMÁN (ONCORAD),CORRECTIVA NO PROGRAMADA,FINISHED,ebecker,HDR_10806,,NO_TICKET_REPORTED,1,0,1,0,0,1,,,N/A,N/A,PLACEHOLDER_VALUE,PLACEHOLDER_REJECTED,HAS_PLACEHOLDERS
1778,2022-12-26T20:00:00.000Z,FIELD_BEAT_CLIENT|96.770.100-9|CLINICA ALEMANA DE SANTIAGO,96.770.100-9,CLINICA ALEMANA DE SANTIAGO,CORRECTIVA PROGRAMADA,FINISHED,acorbea,Linac-152171,9999,LINKED_TO_MISSING_OR_RESTRICTED_ZENDESK,0,0,0,0,0,0,,,,,,,NO_USED_PARTS
1779,2022-04-11T14:00:00.000Z,FIELD_BEAT_CLIENT|76.105.383-3|TORRE MÉDICA - RANCAGUA,76.105.383-3,TORRE MÉDICA - RANCAGUA,CORRECTIVA PROGRAMADA,FINISHED,mreyes,Linac-105157,,NO_TICKET_REPORTED,1,1,0,0,0,0,45133308034,12128,45133308034,Magnetròn usado MG6363.,MATCHED,REF_EXACT,OK
1780,2022-12-26T13:00:00.000Z,FIELD_BEAT_CLIENT|81.698.900-0|UC CHRISTUS - CECA,81.698.900-0,UC CHRISTUS - CECA,INSTALACION - INTEGRACION,FINISHED,varenas,TPS-UC,00001,LINKED_TO_MISSING_OR_RESTRICTED_ZENDESK,1,0,1,0,0,1,,,,kits de instalación Mónaco,PLACEHOLDER_VALUE,PLACEHOLDER_REJECTED,HAS_PLACEHOLDERS
1781,2022-12-28T14:00:00.000Z,FIELD_BEAT_CLIENT|79.560.900-8|RADIO NUCLEAR,79.560.900-8,RADIO NUCLEAR,ASISTENCIA REMOTA,FINISHED,rcammalleri,,000000,LINKED_TO_MISSING_OR_RESTRICTED_ZENDESK,0,0,0,0,0,0,,,,,,,NO_USED_PARTS
1782,2022-12-29T00:00:00.000Z,FIELD_BEAT_CLIENT|81.698.900-0|UC CHRISTUS - CECA,81.698.900-0,UC CHRISTUS - CECA,CORRECTIVA PROGRAMADA,FINISHED,rguapache,Linac-153935,,NO_TICKET_REPORTED,0,0,0,0,0,0,,,,,,,NO_USED_PARTS
1783,2022-12-29T11:27:00.000Z,FIELD_BEAT_CLIENT|70377400-8|FUNDACION ARTURO LOPEZ PEREZ,70377400-8,FUNDACION ARTURO LOPEZ PEREZ,REQUERIMIENTO DEL CLIENTE,FINISHED,jecheverria,APOTECA-PS,428746,LINKED_TO_MISSING_OR_RESTRICTED_ZENDESK,1,0,1,0,0,1,,,NA,NA,PLACEHOLDER_VALUE,PLACEHOLDER_REJECTED,HAS_PLACEHOLDERS
1784,2022-12-28T23:00:00.000Z,FIELD_BEAT_CLIENT|76.746.730-3|CLÍNICA SANATORIO ALEMÁN (ONCORAD),76.746.730-3,CLÍNICA SANATORIO ALEMÁN (ONCORAD),ASISTENCIA REMOTA,FINISHED,varenas,HDR_10806,136342,LINKED_TO_MISSING_OR_RESTRICTED_ZENDESK,1,0,1,0,0,1,,,,acronis,PLACEHOLDER_VALUE,PLACEHOLDER_REJECTED,HAS_PLACEHOLDERS
1785,2022-12-29T13:00:00.000Z,FIELD_BEAT_CLIENT|70377400-8|FUNDACION ARTURO LOPEZ PEREZ,70377400-8,FUNDACION ARTURO LOPEZ PEREZ,REQUERIMIENTO DEL CLIENTE,FINISHED,rcammalleri,OIS-FALP,942847,LINKED_TO_MISSING_OR_RESTRICTED_ZENDESK,0,0,0,0,0,0,,,,,,,NO_USED_PARTS
1786,2022-12-29T13:00:00.000Z,FIELD_BEAT_CLIENT|76.746.730-3|CLÍNICA SANATORIO ALEMÁN (ONCORAD),76.746.730-3,CLÍNICA SANATORIO ALEMÁN (ONCORAD),CORRECTIVA NO PROGRAMADA,FINISHED,ebecker,HDR_10806,,NO_TICKET_REPORTED,1,0,1,0,0,1,,,N/A,N/A,PLACEHOLDER_VALUE,PLACEHOLDER_REJECTED,HAS_PLACEHOLDERS
1787,2022-12-30T15:50:00.000Z,FIELD_BEAT_CLIENT|81.698.900-0|UC CHRISTUS - CECA,81.698.900-0,UC CHRISTUS - CECA,CORRECTIVA NO PROGRAMADA,FINISHED,rguapache,Linac-153935,,NO_TICKET_REPORTED,1,1,0,0,0,0,1534958,11034,1534958,Leaf Motor,MATCHED,REF_EXACT,OK
1788,2023-01-03T20:00:00.000Z,FIELD_BEAT_CLIENT|61.606.500-9|HOSPITAL CARLOS VAN BUREN (SSVSA),61.606.500-9,HOSPITAL CARLOS VAN BUREN (SSVSA),CORRECTIVA NO PROGRAMADA,FINISHED,jecheverria,Linac-154325,000,LINKED_TO_MISSING_OR_RESTRICTED_ZENDESK,1,0,1,0,0,1,,,NA,NA,PLACEHOLDER_VALUE,PLACEHOLDER_REJECTED,HAS_PLACEHOLDERS
1789,2023-01-04T13:30:00.000Z,FIELD_BEAT_CLIENT|93.930.000-7|CLÍNICA LAS CONDES,93.930.000-7,CLÍNICA LAS CONDES,INSTALACION - INTEGRACION,FINISHED,varenas,CLC-2,0001,LINKED_TO_MISSING_OR_RESTRICTED_ZENDESK,0,0,0,0,0,0,,,,,,,NO_USED_PARTS
1790,2023-01-04T23:00:00.000Z,FIELD_BEAT_CLIENT|81.698.900-0|UC CHRISTUS - CECA,81.698.900-0,UC CHRISTUS - CECA,CORRECTIVA PROGRAMADA,FINISHED,rguapache,Linac-153935,,NO_TICKET_REPORTED,0,0,0,0,0,0,,,,,,,NO_USED_PARTS
1791,2023-01-05T11:40:00.000Z,FIELD_BEAT_CLIENT|81.698.900-0|UC CHRISTUS - CECA,81.698.900-0,UC CHRISTUS - CECA,CORRECTIVA NO PROGRAMADA,FINISHED,rguapache,Linac-153935,,NO_TICKET_REPORTED,0,0,0,0,0,0,,,,,,,NO_USED_PARTS
1792,2023-01-05T18:25:00.000Z,FIELD_BEAT_CLIENT|81.698.900-0|UC CHRISTUS - CECA,81.698.900-0,UC CHRISTUS - CECA,INSTALACION - INTEGRACION,FINISHED,varenas,TPS-UC,0001,LINKED_TO_MISSING_OR_RESTRICTED_ZENDESK,0,0,0,0,0,0,,,,,,,NO_USED_PARTS
1793,2023-01-06T12:00:00.000Z,FIELD_BEAT_CLIENT|96.770.100-9|CLINICA ALEMANA DE SANTIAGO,96.770.100-9,CLINICA ALEMANA DE SANTIAGO,INSTALACION - INTEGRACION,FINISHED,varenas,TPS-CAS,642619,LINKED_TO_MISSING_OR_RESTRICTED_ZENDESK,1,0,1,0,0,1,,,,isos Mónaco 6.1.1,PLACEHOLDER_VALUE,PLACEHOLDER_REJECTED,HAS_PLACEHOLDERS
1794,2023-01-07T00:30:00.000Z,FIELD_BEAT_CLIENT|81.698.900-0|UC CHRISTUS - CECA,81.698.900-0,UC CHRISTUS - CECA,CORRECTIVA PROGRAMADA,FINISHED,rguapache,Linac-153935,,NO_TICKET_REPORTED,1,1,0,0,0,0,1517657,10701,1517657,"PCB Assy, Leaf Motor Drive",MATCHED,REF_EXACT,OK
1795,2023-01-09T14:42:00.000Z,FIELD_BEAT_CLIENT|81.698.900-0|UC CHRISTUS - CECA,81.698.900-0,UC CHRISTUS - CECA,CORRECTIVA NO PROGRAMADA,FINISHED,ccarrasquel,Linac-153935,777777,LINKED_TO_MISSING_OR_RESTRICTED_ZENDESK,1,1,0,0,0,0,1534958,11034,1534958,"kit, spares, leaf",MATCHED,REF_EXACT,OK
1796,2023-01-09T14:50:00.000Z,FIELD_BEAT_CLIENT|70377400-8|FUNDACION ARTURO LOPEZ PEREZ,70377400-8,FUNDACION ARTURO LOPEZ PEREZ,REQUERIMIENTO DEL CLIENTE,FINISHED,jecheverria,APOTECA-CHEMO|APOTECA-PS,391499,LINKED_TO_MISSING_OR_RESTRICTED_ZENDESK,1,0,1,0,0,1,,,NA,NA,PLACEHOLDER_VALUE,PLACEHOLDER_REJECTED,HAS_PLACEHOLDERS
1797,2023-01-10T01:19:00.000Z,FIELD_BEAT_CLIENT|81.698.900-0|UC CHRISTUS - CECA,81.698.900-0,UC CHRISTUS - CECA,CORRECTIVA PROGRAMADA,FINISHED,ccarrasquel,Linac-153935,856787,LINKED_TO_MISSING_OR_RESTRICTED_ZENDESK,0,0,0,0,0,0,,,,,,,NO_USED_PARTS
1798,2023-01-10T15:30:00.000Z,FIELD_BEAT_CLIENT|70377400-8|FUNDACION ARTURO LOPEZ PEREZ,70377400-8,FUNDACION ARTURO LOPEZ PEREZ,CORRECTIVA PROGRAMADA,FINISHED,rguapache,LINAC-153038,,NO_TICKET_REPORTED,1,1,0,0,0,1,45133502026_usado,12138,45133502026,"Assembly, Xray Tube",MATCHED,REF_LIKE,REVIEW_REQUIRED
1799,2023-01-11T20:48:00.000Z,FIELD_BEAT_CLIENT|70377400-8|FUNDACION ARTURO LOPEZ PEREZ,70377400-8,FUNDACION ARTURO LOPEZ PEREZ,CORRECTIVA NO PROGRAMADA,FINISHED,ccarrasquel,LINAC-153038,777777,LINKED_TO_MISSING_OR_RESTRICTED_ZENDESK,1,1,0,0,0,0,45133318520,10950,45133318520,FRU SWITCH PWB SIDE,MATCHED,REF_EXACT,OK
1800,2023-01-12T12:34:46.400Z,FIELD_BEAT_CLIENT|76.746.730-3|CLÍNICA SANATORIO ALEMÁN (ONCORAD),76.746.730-3,CLÍNICA SANATORIO ALEMÁN (ONCORAD),CORRECTIVA NO PROGRAMADA,ARCHIVED,,Linac-201110,,NO_TICKET_REPORTED,0,0,0,0,0,0,,,,,,,NO_USED_PARTS
1801,2023-01-12T12:35:00.000Z,FIELD_BEAT_CLIENT|76.746.730-3|CLÍNICA SANATORIO ALEMÁN (ONCORAD),76.746.730-3,CLÍNICA SANATORIO ALEMÁN (ONCORAD),CORRECTIVA NO PROGRAMADA,FINISHED,mreyes,Linac-201110,260481,LINKED_TO_MISSING_OR_RESTRICTED_ZENDESK,1,0,0,1,0,1,,,No hay.,No hay.,NO_MATCH,NONE,HAS_UNMATCHED_PARTS
1802,2023-01-12T14:11:00.000Z,FIELD_BEAT_CLIENT|81.698.900-0|UC CHRISTUS - CECA,81.698.900-0,UC CHRISTUS - CECA,CORRECTIVA PROGRAMADA,FINISHED,aecheverria,,837833,LINKED_TO_MISSING_OR_RESTRICTED_ZENDESK,1,0,1,0,0,1,,,N/A,N/A,PLACEHOLDER_VALUE,PLACEHOLDER_REJECTED,HAS_PLACEHOLDERS
1803,2023-01-12T18:32:00.000Z,FIELD_BEAT_CLIENT|76.746.730-3|CLÍNICA SANATORIO ALEMÁN (ONCORAD),76.746.730-3,CLÍNICA SANATORIO ALEMÁN (ONCORAD),CORRECTIVA NO PROGRAMADA,FINISHED,mreyes,Linac-201110,323448,LINKED_TO_MISSING_OR_RESTRICTED_ZENDESK,1,0,0,1,0,1,,,no hay,Fusible rápido miniatura 4 amperes,NO_MATCH,NONE,HAS_UNMATCHED_PARTS
1804,2023-01-04T20:30:00.000Z,FIELD_BEAT_CLIENT|96.770.100-9|CLINICA ALEMANA DE SANTIAGO,96.770.100-9,CLINICA ALEMANA DE SANTIAGO,CORRECTIVA NO PROGRAMADA,FINISHED,acorbea,Linac-152171,893689,LINKED_TO_MISSING_OR_RESTRICTED_ZENDESK,1,0,0,0,1,1,,,"1541653
1515098
45133304800

psu (1023830 - 1525429)","drift tube assembly cant 1
ion pump                    cant 1
electro gun assy.      cant 1
sellos de cobre.        cant 4
assembly,160 mlc psu.  cant 1",AMBIGUOUS_MATCH,REF_LIKE,HAS_AMBIGUOUS_PARTS
1805,2023-01-18T22:50:00.000Z,FIELD_BEAT_CLIENT|81.698.900-0|UC CHRISTUS - SCA,81.698.900-0,UC CHRISTUS - SCA,ASISTENCIA REMOTA,FINISHED,rguapache,Linac-109256,,NO_TICKET_REPORTED,0,0,0,0,0,0,,,,,,,NO_USED_PARTS
1806,2023-01-19T11:56:00.000Z,FIELD_BEAT_CLIENT|96.770.100-9|CLINICA ALEMANA DE SANTIAGO,96.770.100-9,CLINICA ALEMANA DE SANTIAGO,CORRECTIVA NO PROGRAMADA,FINISHED,aecheverria,Linac-151673,0101,LINKED_TO_MISSING_OR_RESTRICTED_ZENDESK,1,0,1,0,0,1,,,N/A,N/A,PLACEHOLDER_VALUE,PLACEHOLDER_REJECTED,HAS_PLACEHOLDERS
1807,2023-01-20T20:23:00.000Z,FIELD_BEAT_CLIENT|61.608.404-6|Instituto Nacional del Cáncer (INC),61.608.404-6,Instituto Nacional del Cáncer (INC),CORRECTIVA PROGRAMADA,FINISHED,ccarrasquel,INC-INFINITY01,777777,LINKED_TO_MISSING_OR_RESTRICTED_ZENDESK,0,0,0,0,0,0,,,,,,,NO_USED_PARTS
1808,2023-01-20T16:00:00.000Z,FIELD_BEAT_CLIENT|61.606.500-9|HOSPITAL CARLOS VAN BUREN (SSVSA),61.606.500-9,HOSPITAL CARLOS VAN BUREN (SSVSA),PREVENTIVA PROGRAMADA,FINISHED,jecheverria,Linac-154325,0000,LINKED_TO_MISSING_OR_RESTRICTED_ZENDESK,1,0,1,0,0,1,,,NA,NA,PLACEHOLDER_VALUE,PLACEHOLDER_REJECTED,HAS_PLACEHOLDERS
1809,2023-01-20T22:03:00.000Z,FIELD_BEAT_CLIENT|61.606.500-9|HOSPITAL CARLOS VAN BUREN (SSVSA),61.606.500-9,HOSPITAL CARLOS VAN BUREN (SSVSA),CORRECTIVA PROGRAMADA,FINISHED,aecheverria,,916830,LINKED_TO_MISSING_OR_RESTRICTED_ZENDESK,1,0,1,0,0,1,,,N/A,Cable extensores 4.5 m Cant: 2,PLACEHOLDER_VALUE,PLACEHOLDER_REJECTED,HAS_PLACEHOLDERS
1810,2023-01-20T22:17:00.000Z,FIELD_BEAT_CLIENT|61.606.500-9|HOSPITAL CARLOS VAN BUREN (SSVSA),61.606.500-9,HOSPITAL CARLOS VAN BUREN (SSVSA),CORRECTIVA PROGRAMADA,FINISHED,aecheverria,,0101,LINKED_TO_MISSING_OR_RESTRICTED_ZENDESK,2,2,0,0,0,0,1504866|1024545,12143|11812,1504866|1024545,FRU SKT840B - SKT850E|User Interface Side B,MATCHED,REF_EXACT,OK
1811,2023-01-23T11:30:00.000Z,FIELD_BEAT_CLIENT|81.698.900-0|UC CHRISTUS - SCA,81.698.900-0,UC CHRISTUS - SCA,,ARCHIVED,,Linac-109256,,NO_TICKET_REPORTED,0,0,0,0,0,0,,,,,,,NO_USED_PARTS
1812,2023-01-23T11:30:00.000Z,FIELD_BEAT_CLIENT|81.698.900-0|UC CHRISTUS - SCA,81.698.900-0,UC CHRISTUS - SCA,CORRECTIVA NO PROGRAMADA,FINISHED,rguapache,,,NO_TICKET_REPORTED,0,0,0,0,0,0,,,,,,,NO_USED_PARTS
1813,2023-01-23T12:00:00.000Z,FIELD_BEAT_CLIENT|70377400-8|FUNDACION ARTURO LOPEZ PEREZ,70377400-8,FUNDACION ARTURO LOPEZ PEREZ,REQUERIMIENTO DEL CLIENTE,FINISHED,rcammalleri,APOTECA-PS,,NO_TICKET_REPORTED,0,0,0,0,0,0,,,,,,,NO_USED_PARTS
1814,2023-01-23T13:00:00.000Z,FIELD_BEAT_CLIENT|70377400-8|FUNDACION ARTURO LOPEZ PEREZ,70377400-8,FUNDACION ARTURO LOPEZ PEREZ,CORRECTIVA NO PROGRAMADA,FINISHED,rcammalleri,APOTECA-CHEMO,,NO_TICKET_REPORTED,0,0,0,0,0,0,,,,,,,NO_USED_PARTS
1815,2023-01-23T10:30:00.000Z,FIELD_BEAT_CLIENT|96.770.100-9|CLINICA ALEMANA DE SANTIAGO,96.770.100-9,CLINICA ALEMANA DE SANTIAGO,CORRECTIVA PROGRAMADA,FINISHED,acorbea,Linac-152171,513749,LINKED_TO_MISSING_OR_RESTRICTED_ZENDESK,0,0,0,0,0,0,,,,,,,NO_USED_PARTS
1816,2023-01-24T10:30:00.000Z,FIELD_BEAT_CLIENT|81.698.900-0|UC CHRISTUS - CECA,81.698.900-0,UC CHRISTUS - CECA,,ARCHIVED,,Linac-153935,,NO_TICKET_REPORTED,0,0,0,0,0,0,,,,,,,NO_USED_PARTS
1817,2023-01-24T10:30:00.000Z,FIELD_BEAT_CLIENT|81.698.900-0|UC CHRISTUS - CECA,81.698.900-0,UC CHRISTUS - CECA,ASISTENCIA REMOTA,FINISHED,rguapache,Linac-153935,,NO_TICKET_REPORTED,0,0,0,0,0,0,,,,,,,NO_USED_PARTS
1818,2023-01-25T11:30:00.000Z,FIELD_BEAT_CLIENT|93.930.000-7|CLÍNICA LAS CONDES,93.930.000-7,CLÍNICA LAS CONDES,CORRECTIVA PROGRAMADA,FINISHED,acorbea,CLC-1,9999,LINKED_TO_MISSING_OR_RESTRICTED_ZENDESK,1,1,0,0,0,0,1024939,10776,1024939,"assy,40x40x10 mm fan cant 1",MATCHED,REF_EXACT,OK
1819,2023-01-25T18:45:00.000Z,FIELD_BEAT_CLIENT|79.560.900-8|RADIO NUCLEAR,79.560.900-8,RADIO NUCLEAR,ASISTENCIA REMOTA,FINISHED,varenas,Linac-151238,00001,LINKED_TO_MISSING_OR_RESTRICTED_ZENDESK,0,0,0,0,0,0,,,,,,,NO_USED_PARTS
1820,2023-01-25T22:44:00.000Z,FIELD_BEAT_CLIENT|70377400-8|FUNDACION ARTURO LOPEZ PEREZ,70377400-8,FUNDACION ARTURO LOPEZ PEREZ,CORRECTIVA NO PROGRAMADA,FINISHED,rguapache,LINAC-153038,,NO_TICKET_REPORTED,1,0,0,1,0,1,,,100880440,"voltage regulador, PCB assy",NO_MATCH,NONE,HAS_UNMATCHED_PARTS
1821,2023-01-27T19:03:00.000Z,FIELD_BEAT_CLIENT|70377400-8|FUNDACION ARTURO LOPEZ PEREZ,70377400-8,FUNDACION ARTURO LOPEZ PEREZ,CORRECTIVA NO PROGRAMADA,FINISHED,jecheverria,APOTECA-CHEMO,,NO_TICKET_REPORTED,1,0,1,0,0,1,,,NA,NA,PLACEHOLDER_VALUE,PLACEHOLDER_REJECTED,HAS_PLACEHOLDERS
1822,2023-01-28T12:00:00.000Z,FIELD_BEAT_CLIENT|61.606.500-9|HOSPITAL CARLOS VAN BUREN (SSVSA),61.606.500-9,HOSPITAL CARLOS VAN BUREN (SSVSA),PREVENTIVA PROGRAMADA,FINISHED,jecheverria,Linac-154325,0000,LINKED_TO_MISSING_OR_RESTRICTED_ZENDESK,1,0,1,0,0,1,,,NA,NA,PLACEHOLDER_VALUE,PLACEHOLDER_REJECTED,HAS_PLACEHOLDERS
1823,2023-01-27T22:00:00.000Z,FIELD_BEAT_CLIENT|81.698.900-0|UC CHRISTUS - CECA,81.698.900-0,UC CHRISTUS - CECA,CORRECTIVA PROGRAMADA,FINISHED,rguapache,Linac-153935,,NO_TICKET_REPORTED,1,0,0,1,0,1,,,1526644,"PCB Assy, Wedge Control",NO_MATCH,NONE,HAS_UNMATCHED_PARTS
1824,2023-01-31T20:00:00.000Z,FIELD_BEAT_CLIENT|70377400-8|FUNDACION ARTURO LOPEZ PEREZ,70377400-8,FUNDACION ARTURO LOPEZ PEREZ,CORRECTIVA NO PROGRAMADA,FINISHED,rguapache,LINAC-153038,,NO_TICKET_REPORTED,2,2,0,0,0,1,1006737_usado|1014204,12071|10952,1006737|1014204,PCB Assy SIB|Ion Chember Assembly s/n: 07201000163175-2,MATCHED,REF_LIKE|REF_EXACT,REVIEW_REQUIRED
1825,2023-02-02T12:29:00.000Z,FIELD_BEAT_CLIENT|70377400-8|FUNDACION ARTURO LOPEZ PEREZ,70377400-8,FUNDACION ARTURO LOPEZ PEREZ,CORRECTIVA PROGRAMADA,FINISHED,acorbea,LINAC-153038,158251,LINKED_TO_MISSING_OR_RESTRICTED_ZENDESK,1,1,0,0,0,1,1006737_usado,12071,1006737,Pcb Sib,MATCHED,REF_LIKE,REVIEW_REQUIRED
1826,2023-02-02T12:00:00.000Z,FIELD_BEAT_CLIENT|70377400-8|FUNDACION ARTURO LOPEZ PEREZ,70377400-8,FUNDACION ARTURO LOPEZ PEREZ,CORRECTIVA NO PROGRAMADA,FINISHED,rcammalleri,APOTECA-CHEMO,,NO_TICKET_REPORTED,0,0,0,0,0,0,,,,,,,NO_USED_PARTS
1827,2023-02-02T19:00:00.000Z,FIELD_BEAT_CLIENT|61.607.901-8|SERVICIO DE SALUD DE MAGALLANES,61.607.901-8,SERVICIO DE SALUD DE MAGALLANES,CORRECTIVA NO PROGRAMADA,FINISHED,raguila,,,NO_TICKET_REPORTED,1,0,0,1,0,1,,,"45133326443
81130242521","MotorAssenbly
Leadscrew Assy",NO_MATCH,NONE,HAS_UNMATCHED_PARTS
1828,2023-02-03T11:00:00.000Z,FIELD_BEAT_CLIENT|61.608.404-6|Instituto Nacional del Cáncer (INC),61.608.404-6,Instituto Nacional del Cáncer (INC),PREVENTIVA PROGRAMADA,FINISHED,ccarrasquel,INC-INFINITY01,777777,LINKED_TO_MISSING_OR_RESTRICTED_ZENDESK,3,1,0,2,0,2,1551103,12147,1500954|1542467|1551103,"voltage regulador, pcb assy.|PCB ASSY, LED Control|mod kit/03 disc spring",NO_MATCH|MATCHED,NONE|REF_EXACT,HAS_UNMATCHED_PARTS
1829,2023-02-03T13:30:00.000Z,FIELD_BEAT_CLIENT|96.770.100-9|CLINICA ALEMANA DE SANTIAGO,96.770.100-9,CLINICA ALEMANA DE SANTIAGO,CORRECTIVA NO PROGRAMADA,FINISHED,acorbea,Linac-152171,9999,LINKED_TO_MISSING_OR_RESTRICTED_ZENDESK,0,0,0,0,0,0,,,,,,,NO_USED_PARTS
1830,2023-02-03T20:30:00.000Z,FIELD_BEAT_CLIENT|70377400-8|FUNDACION ARTURO LOPEZ PEREZ,70377400-8,FUNDACION ARTURO LOPEZ PEREZ,PREVENTIVA PROGRAMADA,SENT,rguapache,LINAC-153038,,NO_TICKET_REPORTED,0,0,0,0,0,0,,,,,,,NO_USED_PARTS
1831,2023-02-03T20:30:00.000Z,FIELD_BEAT_CLIENT|70377400-8|FUNDACION ARTURO LOPEZ PEREZ,70377400-8,FUNDACION ARTURO LOPEZ PEREZ,PREVENTIVA PROGRAMADA,STARTED,rguapache,LINAC-153038,,NO_TICKET_REPORTED,0,0,0,0,0,0,,,,,,,NO_USED_PARTS
1832,2023-02-03T20:30:00.000Z,FIELD_BEAT_CLIENT|70377400-8|FUNDACION ARTURO LOPEZ PEREZ,70377400-8,FUNDACION ARTURO LOPEZ PEREZ,PREVENTIVA PROGRAMADA,ARCHIVED,,LINAC-153038,,NO_TICKET_REPORTED,0,0,0,0,0,0,,,,,,,NO_USED_PARTS
1833,2023-02-03T20:30:17.368Z,FIELD_BEAT_CLIENT|70377400-8|FUNDACION ARTURO LOPEZ PEREZ,70377400-8,FUNDACION ARTURO LOPEZ PEREZ,PREVENTIVA PROGRAMADA,FINISHED,rguapache,LINAC-153038,,NO_TICKET_REPORTED,0,0,0,0,0,0,,,,,,,NO_USED_PARTS
1834,2023-02-06T12:00:00.000Z,FIELD_BEAT_CLIENT|70377400-8|FUNDACION ARTURO LOPEZ PEREZ,70377400-8,FUNDACION ARTURO LOPEZ PEREZ,CORRECTIVA PROGRAMADA,FINISHED,rcammalleri,APOTECA-CHEMO,,NO_TICKET_REPORTED,0,0,0,0,0,0,,,,,,,NO_USED_PARTS
1835,2023-02-06T11:30:06.395Z,FIELD_BEAT_CLIENT|81.698.900-0|UC CHRISTUS - SCA,81.698.900-0,UC CHRISTUS - SCA,PREVENTIVA PROGRAMADA,FINISHED,acorbea,,,NO_TICKET_REPORTED,1,0,1,0,0,1,,,,"grasa ep2
paños
alchool
wd40
amarras plásticas",PLACEHOLDER_VALUE,PLACEHOLDER_REJECTED,HAS_PLACEHOLDERS
1836,2023-02-06T11:30:23.254Z,FIELD_BEAT_CLIENT|81.698.900-0|UC CHRISTUS - SCA,81.698.900-0,UC CHRISTUS - SCA,PREVENTIVA PROGRAMADA,FINISHED,acorbea,Linac-109256,,NO_TICKET_REPORTED,1,0,1,0,0,1,,,,"grasa ep2
paños microfibras
wd40
amarras plásticas",PLACEHOLDER_VALUE,PLACEHOLDER_REJECTED,HAS_PLACEHOLDERS
1837,2023-02-09T19:30:00.000Z,FIELD_BEAT_CLIENT|70377400-8|FUNDACION ARTURO LOPEZ PEREZ,70377400-8,FUNDACION ARTURO LOPEZ PEREZ,CORRECTIVA NO PROGRAMADA,FINISHED,rguapache,LINAC-153038,,NO_TICKET_REPORTED,0,0,0,0,0,0,,,,,,,NO_USED_PARTS
1838,2023-02-10T20:30:00.000Z,FIELD_BEAT_CLIENT|81.698.900-0|UC CHRISTUS - CECA,81.698.900-0,UC CHRISTUS - CECA,PREVENTIVA PROGRAMADA,SENT,rguapache,Linac-153935,,NO_TICKET_REPORTED,0,0,0,0,0,0,,,,,,,NO_USED_PARTS
1839,2023-02-10T20:30:12.725Z,FIELD_BEAT_CLIENT|81.698.900-0|UC CHRISTUS - CECA,81.698.900-0,UC CHRISTUS - CECA,PREVENTIVA PROGRAMADA,FINISHED,rguapache,Linac-153935,,NO_TICKET_REPORTED,0,0,0,0,0,0,,,,,,,NO_USED_PARTS
1840,2023-02-10T20:30:33.642Z,FIELD_BEAT_CLIENT|81.698.900-0|UC CHRISTUS - CECA,81.698.900-0,UC CHRISTUS - CECA,PREVENTIVA PROGRAMADA,FINISHED,rguapache,Linac-153935,,NO_TICKET_REPORTED,0,0,0,0,0,0,,,,,,,NO_USED_PARTS
1841,2023-02-13T21:30:00.000Z,FIELD_BEAT_CLIENT|81.698.900-0|UC CHRISTUS - SCA,81.698.900-0,UC CHRISTUS - SCA,ASISTENCIA REMOTA,FINISHED,acorbea,Linac-109256,9999,LINKED_TO_MISSING_OR_RESTRICTED_ZENDESK,0,0,0,0,0,0,,,,,,,NO_USED_PARTS
1842,2023-02-15T17:59:48.580Z,FIELD_BEAT_CLIENT|61.606.500-9|ACME,61.606.500-9,ACME,INSTALACION - INTEGRACION,FINISHED,rguapache,RT-2062DS,555,LINKED_TO_MISSING_OR_RESTRICTED_ZENDESK,0,0,0,0,0,0,,,,,,,NO_USED_PARTS
1843,2023-02-16T12:00:00.000Z,FIELD_BEAT_CLIENT|81.698.900-0|UC CHRISTUS - CECA,81.698.900-0,UC CHRISTUS - CECA,CORRECTIVA NO PROGRAMADA,FINISHED,rguapache,Linac-153935,,NO_TICKET_REPORTED,0,0,0,0,0,0,,,,,,,NO_USED_PARTS
1844,2023-02-16T22:00:00.000Z,FIELD_BEAT_CLIENT|81.698.900-0|UC CHRISTUS - CECA,81.698.900-0,UC CHRISTUS - CECA,CORRECTIVA NO PROGRAMADA,FINISHED,rguapache,Linac-153935,,NO_TICKET_REPORTED,0,0,0,0,0,0,,,,,,,NO_USED_PARTS
1845,2023-02-16T20:00:00.000Z,FIELD_BEAT_CLIENT|70377400-8|FUNDACION ARTURO LOPEZ PEREZ,70377400-8,FUNDACION ARTURO LOPEZ PEREZ,CORRECTIVA PROGRAMADA,FINISHED,rguapache,LINAC-153038,,NO_TICKET_REPORTED,1,1,0,0,0,0,45133407315,10611,45133407315,"Monitor de 19"" TFT monitor NEC",MATCHED,REF_EXACT,OK
1846,2023-02-17T15:05:00.000Z,FIELD_BEAT_CLIENT|70377400-8|FUNDACION ARTURO LOPEZ PEREZ,70377400-8,FUNDACION ARTURO LOPEZ PEREZ,,FINISHED,jecheverria,APOTECA-CHEMO,,NO_TICKET_REPORTED,1,0,1,0,0,1,,,NA,NA,PLACEHOLDER_VALUE,PLACEHOLDER_REJECTED,HAS_PLACEHOLDERS
1847,2023-02-17T20:00:00.000Z,FIELD_BEAT_CLIENT|96.770.100-9|CLINICA ALEMANA DE SANTIAGO,96.770.100-9,CLINICA ALEMANA DE SANTIAGO,PREVENTIVA PROGRAMADA,PAUSED,acorbea,Linac-152171,,NO_TICKET_REPORTED,0,0,0,0,0,0,,,,,,,NO_USED_PARTS
1848,2023-02-17T20:00:00.000Z,FIELD_BEAT_CLIENT|96.770.100-9|CLINICA ALEMANA DE SANTIAGO,96.770.100-9,CLINICA ALEMANA DE SANTIAGO,PREVENTIVA PROGRAMADA,FINISHED,acorbea,Linac-152171,,NO_TICKET_REPORTED,1,0,1,0,0,1,,,,"grasa ep2
paños microfibras
wd40
aciete lubricante triflow",PLACEHOLDER_VALUE,PLACEHOLDER_REJECTED,HAS_PLACEHOLDERS
1849,2023-02-18T12:00:00.000Z,FIELD_BEAT_CLIENT|96.770.100-9|CLINICA ALEMANA DE SANTIAGO,96.770.100-9,CLINICA ALEMANA DE SANTIAGO,PREVENTIVA PROGRAMADA,FINISHED,acorbea,Linac-152171,,NO_TICKET_REPORTED,0,0,0,0,0,0,,,,,,,NO_USED_PARTS
1850,2023-02-20T11:45:00.000Z,FIELD_BEAT_CLIENT|70377400-8|FUNDACION ARTURO LOPEZ PEREZ,70377400-8,FUNDACION ARTURO LOPEZ PEREZ,,ARCHIVED,,APOTECA-CHEMO,,NO_TICKET_REPORTED,0,0,0,0,0,0,,,,,,,NO_USED_PARTS
1851,2023-02-20T11:45:00.000Z,FIELD_BEAT_CLIENT|70377400-8|FUNDACION ARTURO LOPEZ PEREZ,70377400-8,FUNDACION ARTURO LOPEZ PEREZ,CORRECTIVA NO PROGRAMADA,FINISHED,jecheverria,APOTECA-CHEMO,,NO_TICKET_REPORTED,1,0,1,0,0,1,,,NA,NA,PLACEHOLDER_VALUE,PLACEHOLDER_REJECTED,HAS_PLACEHOLDERS
1852,2023-02-21T22:00:00.000Z,FIELD_BEAT_CLIENT|70377400-8|FUNDACION ARTURO LOPEZ PEREZ,70377400-8,FUNDACION ARTURO LOPEZ PEREZ,CORRECTIVA PROGRAMADA,FINISHED,rguapache,LINAC-153038,,NO_TICKET_REPORTED,0,0,0,0,0,0,,,,,,,NO_USED_PARTS
1853,2023-02-22T11:30:00.000Z,FIELD_BEAT_CLIENT||SERVICIO DE SALUD DE MAGALLANES,,SERVICIO DE SALUD DE MAGALLANES,,FINISHED,ccarrasquel,,777777,LINKED_TO_MISSING_OR_RESTRICTED_ZENDESK,0,0,0,0,0,0,,,,,,,NO_USED_PARTS
1854,2023-02-22T13:52:00.000Z,FIELD_BEAT_CLIENT|61.607.901-8|SERVICIO DE SALUD DE MAGALLANES,61.607.901-8,SERVICIO DE SALUD DE MAGALLANES,PUESTA EN MARCHA,ARCHIVED,,,,NO_TICKET_REPORTED,0,0,0,0,0,0,,,,,,,NO_USED_PARTS
1855,2023-02-22T18:30:00.000Z,FIELD_BEAT_CLIENT|81.698.900-0|UC CHRISTUS - CECA,81.698.900-0,UC CHRISTUS - CECA,CORRECTIVA PROGRAMADA,FINISHED,mreyes,Linac-153935,534360,LINKED_TO_MISSING_OR_RESTRICTED_ZENDESK,1,1,0,0,0,1,1018265_proveedor_local,11961,1018265,Fru Z Motor Brush,MATCHED,REF_LIKE,REVIEW_REQUIRED
1856,2023-02-22T22:27:00.000Z,FIELD_BEAT_CLIENT|70377400-8|FUNDACION ARTURO LOPEZ PEREZ,70377400-8,FUNDACION ARTURO LOPEZ PEREZ,,ARCHIVED,,LINAC-153038,,NO_TICKET_REPORTED,0,0,0,0,0,0,,,,,,,NO_USED_PARTS
1857,2023-02-22T21:30:00.000Z,FIELD_BEAT_CLIENT|70377400-8|FUNDACION ARTURO LOPEZ PEREZ,70377400-8,FUNDACION ARTURO LOPEZ PEREZ,CORRECTIVA PROGRAMADA,FINISHED,rguapache,LINAC-153038,,NO_TICKET_REPORTED,0,0,0,0,0,0,,,,,,,NO_USED_PARTS
1858,2023-02-15T12:00:00.000Z,FIELD_BEAT_CLIENT|76.746.730-3|CLÍNICA SANATORIO ALEMÁN (ONCORAD),76.746.730-3,CLÍNICA SANATORIO ALEMÁN (ONCORAD),CORRECTIVA NO PROGRAMADA,FINISHED,ebecker,Linac-201110,,NO_TICKET_REPORTED,1,0,0,0,1,1,,,"45133317849
45133317850
1016984
45133317902
45133317840
45133318462
45133318485
45133318486
45133318488","PCB Interconnect PCB 811
PCB Interconnect PCB 812
ISO Rotation Brake
Fine potentiometer
Check and coarse potentiometer 2 NR
Power supply EIM
Base to EIM cable SKT810A-PL801A
Base to EIM cable SKT810B-PL801B
Base to EIM cable SKT810E-PL801E",AMBIGUOUS_MATCH,REF_LIKE,HAS_AMBIGUOUS_PARTS
1859,2023-02-24T18:30:00.000Z,FIELD_BEAT_CLIENT|81.698.900-0|UC CHRISTUS - SCA,81.698.900-0,UC CHRISTUS - SCA,CORRECTIVA PROGRAMADA,FINISHED,acorbea,Linac-109256,866043,LINKED_TO_MISSING_OR_RESTRICTED_ZENDESK,0,0,0,0,0,0,,,,,,,NO_USED_PARTS
1860,2023-02-27T09:30:00.000Z,FIELD_BEAT_CLIENT|70377400-8|FUNDACION ARTURO LOPEZ PEREZ,70377400-8,FUNDACION ARTURO LOPEZ PEREZ,CORRECTIVA NO PROGRAMADA,FINISHED,rguapache,LINAC-153038,,NO_TICKET_REPORTED,6,6,0,0,0,0,261308039505J|45133304800|1527814|1513849|1024939|1515098,11748|10375|11929|11642|10776|10374,261308039505J|45133304800|1527814|1513849|1024939|1515098,"Flightube Orings|ElectronGun Assy|PSU Ion Pump|Sapare Kit, RF Input|Assy, 40x40x10 Fan|Ion Pump Spare",MATCHED,REF_EXACT,OK
1861,2023-02-28T15:24:00.000Z,FIELD_BEAT_CLIENT|93.930.000-7|CLÍNICA LAS CONDES,93.930.000-7,CLÍNICA LAS CONDES,CORRECTIVA PROGRAMADA,FINISHED,acorbea,CLC-2,596917,LINKED_TO_MISSING_OR_RESTRICTED_ZENDESK,0,0,0,0,0,0,,,,,,,NO_USED_PARTS
1862,2023-03-01T11:30:00.000Z,FIELD_BEAT_CLIENT|61.608.404-6|Instituto Nacional del Cáncer (INC),61.608.404-6,Instituto Nacional del Cáncer (INC),CORRECTIVA PROGRAMADA,FINISHED,acorbea,INC-INFINITY01,387287,LINKED_TO_MISSING_OR_RESTRICTED_ZENDESK,0,0,0,0,0,0,,,,,,,NO_USED_PARTS
1863,2023-03-01T13:20:00.000Z,FIELD_BEAT_CLIENT|81.698.900-0|UC CHRISTUS - SCA,81.698.900-0,UC CHRISTUS - SCA,CORRECTIVA NO PROGRAMADA,FINISHED,acorbea,Linac-109256,,NO_TICKET_REPORTED,0,0,0,0,0,0,,,,,,,NO_USED_PARTS
1864,2023-03-03T18:00:00.000Z,FIELD_BEAT_CLIENT|70377400-8|FUNDACION ARTURO LOPEZ PEREZ,70377400-8,FUNDACION ARTURO LOPEZ PEREZ,REQUERIMIENTO DEL CLIENTE,FINISHED,rcammalleri,APOTECA-CHEMO,,NO_TICKET_REPORTED,0,0,0,0,0,0,,,,,,,NO_USED_PARTS
1865,2023-03-03T18:00:00.000Z,FIELD_BEAT_CLIENT|70377400-8|FUNDACION ARTURO LOPEZ PEREZ,70377400-8,FUNDACION ARTURO LOPEZ PEREZ,REQUERIMIENTO DEL CLIENTE,FINISHED,rcammalleri,APOTECA-CHEMO,,NO_TICKET_REPORTED,0,0,0,0,0,0,,,,,,,NO_USED_PARTS
1866,2023-03-03T18:00:00.000Z,FIELD_BEAT_CLIENT|70377400-8|FUNDACION ARTURO LOPEZ PEREZ,70377400-8,FUNDACION ARTURO LOPEZ PEREZ,CORRECTIVA PROGRAMADA,FINISHED,rcammalleri,APOTECA-CHEMO,,NO_TICKET_REPORTED,0,0,0,0,0,0,,,,,,,NO_USED_PARTS
1867,2023-03-08T19:00:00.000Z,FIELD_BEAT_CLIENT|70377400-8|FUNDACION ARTURO LOPEZ PEREZ,70377400-8,FUNDACION ARTURO LOPEZ PEREZ,CORRECTIVA PROGRAMADA,FINISHED,rguapache,LINAC-153038,,NO_TICKET_REPORTED,0,0,0,0,0,0,,,,,,,NO_USED_PARTS
1868,2023-03-09T11:30:00.000Z,FIELD_BEAT_CLIENT|70377400-8|FUNDACION ARTURO LOPEZ PEREZ,70377400-8,FUNDACION ARTURO LOPEZ PEREZ,INSTALACION - INTEGRACION,FINISHED,rcammalleri,APOTECA-CHEMO,,NO_TICKET_REPORTED,2,0,2,0,0,2,,,,Kit conversión Viaflex|Clamp Viaflex,PLACEHOLDER_VALUE,PLACEHOLDER_REJECTED,HAS_PLACEHOLDERS
1869,2023-03-10T13:00:00.000Z,FIELD_BEAT_CLIENT|70377400-8|FUNDACION ARTURO LOPEZ PEREZ,70377400-8,FUNDACION ARTURO LOPEZ PEREZ,,FINISHED,rcammalleri,APOTECA-CHEMO,,NO_TICKET_REPORTED,0,0,0,0,0,0,,,,,,,NO_USED_PARTS
1870,2023-03-10T13:00:00.000Z,FIELD_BEAT_CLIENT|70377400-8|FUNDACION ARTURO LOPEZ PEREZ,70377400-8,FUNDACION ARTURO LOPEZ PEREZ,REQUERIMIENTO DEL CLIENTE,FINISHED,rcammalleri,APOTECA-CHEMO,,NO_TICKET_REPORTED,0,0,0,0,0,0,,,,,,,NO_USED_PARTS
1871,2023-03-10T20:00:00.000Z,FIELD_BEAT_CLIENT|96.770.100-9|CLINICA ALEMANA DE SANTIAGO,96.770.100-9,CLINICA ALEMANA DE SANTIAGO,PREVENTIVA PROGRAMADA,PAUSED,acorbea,Linac-151673,,NO_TICKET_REPORTED,0,0,0,0,0,0,,,,,,,NO_USED_PARTS
1872,2023-03-10T20:30:06.213Z,FIELD_BEAT_CLIENT|96.770.100-9|CLINICA ALEMANA DE SANTIAGO,96.770.100-9,CLINICA ALEMANA DE SANTIAGO,PREVENTIVA PROGRAMADA,FINISHED,acorbea,Linac-151673,9999,LINKED_TO_MISSING_OR_RESTRICTED_ZENDESK,1,0,1,0,0,1,,,,"grasa ep2
aire comprimido
paños",PLACEHOLDER_VALUE,PLACEHOLDER_REJECTED,HAS_PLACEHOLDERS
1873,2023-03-10T20:30:36.986Z,FIELD_BEAT_CLIENT|96.770.100-9|CLINICA ALEMANA DE SANTIAGO,96.770.100-9,CLINICA ALEMANA DE SANTIAGO,PREVENTIVA PROGRAMADA,FINISHED,acorbea,Linac-151673,9999,LINKED_TO_MISSING_OR_RESTRICTED_ZENDESK,1,0,1,0,0,1,,,,"grasa ep2
aire comprimido
paños microfibras",PLACEHOLDER_VALUE,PLACEHOLDER_REJECTED,HAS_PLACEHOLDERS
1874,2023-03-10T18:00:00.000Z,FIELD_BEAT_CLIENT|81.698.900-0|UC CHRISTUS - SCA,81.698.900-0,UC CHRISTUS - SCA,CORRECTIVA PROGRAMADA,FINISHED,aecheverria,,154919,LINKED_TO_MISSING_OR_RESTRICTED_ZENDESK,1,0,1,0,0,1,,,N/A,N/A,PLACEHOLDER_VALUE,PLACEHOLDER_REJECTED,HAS_PLACEHOLDERS
1875,2023-03-13T11:44:00.000Z,FIELD_BEAT_CLIENT|70377400-8|FUNDACION ARTURO LOPEZ PEREZ,70377400-8,FUNDACION ARTURO LOPEZ PEREZ,CORRECTIVA NO PROGRAMADA,FINISHED,rguapache,LINAC-153038,0000,LINKED_TO_MISSING_OR_RESTRICTED_ZENDESK,0,0,0,0,0,0,,,,,,,NO_USED_PARTS
1876,2023-03-13T17:00:25.931Z,FIELD_BEAT_CLIENT|70377400-8|FUNDACION ARTURO LOPEZ PEREZ,70377400-8,FUNDACION ARTURO LOPEZ PEREZ,CORRECTIVA PROGRAMADA,FINISHED,glopez,HDR-FT07026,165181,LINKED_TO_MISSING_OR_RESTRICTED_ZENDESK,0,0,0,0,0,0,,,,,,,NO_USED_PARTS
1877,2023-03-13T21:05:00.000Z,FIELD_BEAT_CLIENT|81.698.900-0|UC CHRISTUS - CECA,81.698.900-0,UC CHRISTUS - CECA,CORRECTIVA NO PROGRAMADA,FINISHED,rguapache,Linac-153935,,NO_TICKET_REPORTED,0,0,0,0,0,0,,,,,,,NO_USED_PARTS
1878,2023-03-16T18:37:00.000Z,FIELD_BEAT_CLIENT|76.105.383-3|TORRE MÉDICA - RANCAGUA,76.105.383-3,TORRE MÉDICA - RANCAGUA,CORRECTIVA PROGRAMADA,FINISHED,ccarrasquel,,777777,LINKED_TO_MISSING_OR_RESTRICTED_ZENDESK,0,0,0,0,0,0,,,,,,,NO_USED_PARTS
1879,2023-03-16T18:37:00.000Z,FIELD_BEAT_CLIENT|76.105.383-3|TORRE MÉDICA - RANCAGUA,76.105.383-3,TORRE MÉDICA - RANCAGUA,CORRECTIVA PROGRAMADA,FINISHED,ccarrasquel,,777777,LINKED_TO_MISSING_OR_RESTRICTED_ZENDESK,0,0,0,0,0,0,,,,,,,NO_USED_PARTS
1880,2023-03-16T20:00:00.000Z,FIELD_BEAT_CLIENT|70377400-8|FUNDACION ARTURO LOPEZ PEREZ,70377400-8,FUNDACION ARTURO LOPEZ PEREZ,CORRECTIVA PROGRAMADA,FINISHED,rguapache,LINAC-153038,,NO_TICKET_REPORTED,0,0,0,0,0,0,,,,,,,NO_USED_PARTS
1881,2023-03-17T19:30:00.000Z,FIELD_BEAT_CLIENT|70377400-8|FUNDACION ARTURO LOPEZ PEREZ,70377400-8,FUNDACION ARTURO LOPEZ PEREZ,PREVENTIVA PROGRAMADA,ARCHIVED,,LINAC-153038,,NO_TICKET_REPORTED,0,0,0,0,0,0,,,,,,,NO_USED_PARTS
1882,2023-03-17T19:30:13.485Z,FIELD_BEAT_CLIENT|70377400-8|FUNDACION ARTURO LOPEZ PEREZ,70377400-8,FUNDACION ARTURO LOPEZ PEREZ,PREVENTIVA PROGRAMADA,FINISHED,rguapache,LINAC-153038,566974,LINKED_TO_MISSING_OR_RESTRICTED_ZENDESK,0,0,0,0,0,0,,,,,,,NO_USED_PARTS
1883,2023-03-17T19:33:00.000Z,FIELD_BEAT_CLIENT|81.698.900-0|UC CHRISTUS - CECA,81.698.900-0,UC CHRISTUS - CECA,CORRECTIVA PROGRAMADA,FINISHED,ccarrasquel,Linac-153935,777777,LINKED_TO_MISSING_OR_RESTRICTED_ZENDESK,2,2,0,0,0,0,4513330223101R|45133304800,12149|10375,4513330223101R|45133304800,Gauge Pressure|Electron GUN Assy,MATCHED,REF_EXACT,OK
1884,2023-03-20T10:40:00.000Z,FIELD_BEAT_CLIENT|70377400-8|FUNDACION ARTURO LOPEZ PEREZ,70377400-8,FUNDACION ARTURO LOPEZ PEREZ,ASISTENCIA REMOTA,FINISHED,rguapache,LINAC-153038,,NO_TICKET_REPORTED,0,0,0,0,0,0,,,,,,,NO_USED_PARTS
1885,2023-03-22T19:20:00.000Z,FIELD_BEAT_CLIENT|61.605.000-1|INSTITUTO DE SALUD PUBLICA (ISP),61.605.000-1,INSTITUTO DE SALUD PUBLICA (ISP),PREVENTIVA PROGRAMADA,FINISHED,aecheverria,PANASONIC-ISP,0101,LINKED_TO_MISSING_OR_RESTRICTED_ZENDESK,1,0,1,0,0,1,,,N/A,Protection Glass for Panasonic UD-716 Reader,PLACEHOLDER_VALUE,PLACEHOLDER_REJECTED,HAS_PLACEHOLDERS
1886,2023-03-22T19:31:00.000Z,FIELD_BEAT_CLIENT|61.605.000-1|INSTITUTO DE SALUD PUBLICA (ISP),61.605.000-1,INSTITUTO DE SALUD PUBLICA (ISP),PREVENTIVA PROGRAMADA,ARCHIVED,,PANASONIC-ISP,,NO_TICKET_REPORTED,0,0,0,0,0,0,,,,,,,NO_USED_PARTS
1887,2023-03-22T19:30:00.000Z,FIELD_BEAT_CLIENT|70377400-8|FUNDACION ARTURO LOPEZ PEREZ,70377400-8,FUNDACION ARTURO LOPEZ PEREZ,CORRECTIVA PROGRAMADA,FINISHED,rguapache,LINAC-153038,,NO_TICKET_REPORTED,0,0,0,0,0,0,,,,,,,NO_USED_PARTS
1888,2023-03-22T23:13:00.000Z,FIELD_BEAT_CLIENT|61.606.500-9|ACME,61.606.500-9,ACME,PREVENTIVA PROGRAMADA,FINISHED,acorbea,153038,54,LINKED_TO_ACCESSIBLE_ZENDESK,0,0,0,0,0,0,,,,,,,NO_USED_PARTS
1889,2023-03-23T11:12:00.000Z,FIELD_BEAT_CLIENT|61.605.000-1|INSTITUTO DE SALUD PUBLICA (ISP),61.605.000-1,INSTITUTO DE SALUD PUBLICA (ISP),PREVENTIVA PROGRAMADA,ARCHIVED,,PANASONIC-ISP,,NO_TICKET_REPORTED,0,0,0,0,0,0,,,,,,,NO_USED_PARTS
1890,2023-03-23T11:16:00.000Z,FIELD_BEAT_CLIENT|61.606.500-9|ACME,61.606.500-9,ACME,,STARTED,glopez,,,NO_TICKET_REPORTED,0,0,0,0,0,0,,,,,,,NO_USED_PARTS
1891,2023-03-23T17:03:00.000Z,FIELD_BEAT_CLIENT|61.606.500-9|ACME,61.606.500-9,ACME,PREVENTIVA PROGRAMADA,FINISHED,acorbea,153038,45,LINKED_TO_MISSING_OR_RESTRICTED_ZENDESK,0,0,0,0,0,0,,,,,,,NO_USED_PARTS
1892,2023-03-23T17:07:00.000Z,FIELD_BEAT_CLIENT|61.606.500-9|ACME,61.606.500-9,ACME,PREVENTIVA PROGRAMADA,FINISHED,acorbea,153038,,NO_TICKET_REPORTED,0,0,0,0,0,0,,,,,,,NO_USED_PARTS
1893,2023-03-23T17:08:00.000Z,FIELD_BEAT_CLIENT|61.606.500-9|ACME,61.606.500-9,ACME,PREVENTIVA PROGRAMADA,FINISHED,acorbea,153038,45,LINKED_TO_MISSING_OR_RESTRICTED_ZENDESK,0,0,0,0,0,0,,,,,,,NO_USED_PARTS
1894,2023-03-23T15:00:00.000Z,FIELD_BEAT_CLIENT|61.606.500-9|HOSPITAL CARLOS VAN BUREN (SSVSA),61.606.500-9,HOSPITAL CARLOS VAN BUREN (SSVSA),CORRECTIVA NO PROGRAMADA,FINISHED,jecheverria,Linac-154325,0000,LINKED_TO_MISSING_OR_RESTRICTED_ZENDESK,1,0,1,0,0,1,,,NA,NA,PLACEHOLDER_VALUE,PLACEHOLDER_REJECTED,HAS_PLACEHOLDERS
1895,2023-03-23T23:03:00.000Z,FIELD_BEAT_CLIENT|81.698.900-0|UC CHRISTUS - SCA,81.698.900-0,UC CHRISTUS - SCA,CORRECTIVA PROGRAMADA,FINISHED,acorbea,Linac-109256,693481,LINKED_TO_MISSING_OR_RESTRICTED_ZENDESK,1,0,0,1,0,1,,,"assy, 40x40x10mm fan",1024939,NO_MATCH,NONE,HAS_UNMATCHED_PARTS
1896,2023-03-24T19:27:48.090Z,FIELD_BEAT_CLIENT|76.746.730-3|CLÍNICA SANATORIO ALEMÁN (ONCORAD),76.746.730-3,CLÍNICA SANATORIO ALEMÁN (ONCORAD),INSTALACION - INTEGRACION,FINISHED,glopez,HDR_10806,,NO_TICKET_REPORTED,0,0,0,0,0,0,,,,,,,NO_USED_PARTS
1897,2023-03-24T18:00:00.000Z,FIELD_BEAT_CLIENT|70377400-8|FUNDACION ARTURO LOPEZ PEREZ,70377400-8,FUNDACION ARTURO LOPEZ PEREZ,CORRECTIVA PROGRAMADA,FINISHED,rcammalleri,APOTECA-CHEMO,,NO_TICKET_REPORTED,0,0,0,0,0,0,,,,,,,NO_USED_PARTS
1898,2023-03-24T18:00:00.000Z,FIELD_BEAT_CLIENT|70377400-8|FUNDACION ARTURO LOPEZ PEREZ,70377400-8,FUNDACION ARTURO LOPEZ PEREZ,REQUERIMIENTO DEL CLIENTE,FINISHED,rcammalleri,APOTECA-CHEMO,,NO_TICKET_REPORTED,0,0,0,0,0,0,,,,,,,NO_USED_PARTS
1899,2023-03-25T11:30:00.000Z,FIELD_BEAT_CLIENT|70377400-8|FUNDACION ARTURO LOPEZ PEREZ,70377400-8,FUNDACION ARTURO LOPEZ PEREZ,CORRECTIVA PROGRAMADA,FINISHED,rguapache,LINAC-153038,,NO_TICKET_REPORTED,0,0,0,0,0,0,,,,,,,NO_USED_PARTS
1900,2023-03-27T13:27:00.000Z,FIELD_BEAT_CLIENT|70377400-8|FUNDACION ARTURO LOPEZ PEREZ,70377400-8,FUNDACION ARTURO LOPEZ PEREZ,CORRECTIVA PROGRAMADA,FINISHED,ccarrasquel,LINAC-153038,777777,LINKED_TO_MISSING_OR_RESTRICTED_ZENDESK,0,0,0,0,0,0,,,,,,,NO_USED_PARTS
1901,2023-03-23T16:00:00.000Z,FIELD_BEAT_CLIENT|76.746.730-3|CLÍNICA SANATORIO ALEMÁN (ONCORAD),76.746.730-3,CLÍNICA SANATORIO ALEMÁN (ONCORAD),CORRECTIVA PROGRAMADA,FINISHED,ebecker,Linac-201110,,NO_TICKET_REPORTED,1,1,0,0,0,0,4714201102,11286,4714201102,"Magnetron MG5193 
S/N 22390742G",MATCHED,REF_EXACT,OK
1902,2023-03-29T13:00:00.000Z,FIELD_BEAT_CLIENT|96.757.430-9|INRAD,96.757.430-9,INRAD,PREVENTIVA PROGRAMADA,FINISHED,acorbea,Linac-201172,9999,LINKED_TO_MISSING_OR_RESTRICTED_ZENDESK,1,0,0,1,0,1,,,ambos repuestos de clínica,"pcb leaf motor drive
motor",NO_MATCH,NONE,HAS_UNMATCHED_PARTS
1903,2023-03-28T19:10:00.000Z,FIELD_BEAT_CLIENT|61.607.901-8|SERVICIO DE SALUD DE MAGALLANES,61.607.901-8,SERVICIO DE SALUD DE MAGALLANES,CORRECTIVA NO PROGRAMADA,FINISHED,raguila,,455697,LINKED_TO_MISSING_OR_RESTRICTED_ZENDESK,1,1,0,0,0,1,4513332644304F,10304,45133326443,Motor Assembly,MATCHED,REF_LIKE,REVIEW_REQUIRED
1904,2023-03-24T16:00:00.000Z,FIELD_BEAT_CLIENT|76.746.730-3|CLÍNICA SANATORIO ALEMÁN (ONCORAD),76.746.730-3,CLÍNICA SANATORIO ALEMÁN (ONCORAD),PREVENTIVA PROGRAMADA,ARCHIVED,,Linac-201110,,NO_TICKET_REPORTED,0,0,0,0,0,0,,,,,,,NO_USED_PARTS
1905,2023-03-24T16:00:00.000Z,FIELD_BEAT_CLIENT|76.746.730-3|CLÍNICA SANATORIO ALEMÁN (ONCORAD),76.746.730-3,CLÍNICA SANATORIO ALEMÁN (ONCORAD),PREVENTIVA PROGRAMADA,FINISHED,ebecker,Linac-201110,,NO_TICKET_REPORTED,1,0,1,0,0,1,,,N/A,N/A,PLACEHOLDER_VALUE,PLACEHOLDER_REJECTED,HAS_PLACEHOLDERS
1906,2023-03-30T09:30:01.974Z,FIELD_BEAT_CLIENT|61.606.500-9|HOSPITAL CARLOS VAN BUREN (SSVSA),61.606.500-9,HOSPITAL CARLOS VAN BUREN (SSVSA),CORRECTIVA NO PROGRAMADA,FINISHED,jecheverria,Linac-154325,603295,LINKED_TO_MISSING_OR_RESTRICTED_ZENDESK,1,0,0,0,1,1,,,00000,Freno lateral de camilla,AMBIGUOUS_MATCH,REF_LIKE,HAS_AMBIGUOUS_PARTS
1907,2023-03-31T12:01:00.000Z,FIELD_BEAT_CLIENT|93.930.000-7|CLÍNICA LAS CONDES,93.930.000-7,CLÍNICA LAS CONDES,CORRECTIVA PROGRAMADA,FINISHED,mreyes,CLC-2,544858,LINKED_TO_MISSING_OR_RESTRICTED_ZENDESK,1,0,0,1,0,1,,,No hay,No hay,NO_MATCH,NONE,HAS_UNMATCHED_PARTS
1908,2023-03-31T20:06:00.000Z,FIELD_BEAT_CLIENT|96.770.100-9|CLINICA ALEMANA DE SANTIAGO,96.770.100-9,CLINICA ALEMANA DE SANTIAGO,CORRECTIVA PROGRAMADA,FINISHED,varenas,Linac-152171|Linac-151673,001,LINKED_TO_MISSING_OR_RESTRICTED_ZENDESK,0,0,0,0,0,0,,,,,,,NO_USED_PARTS
1909,2023-04-03T18:32:00.000Z,FIELD_BEAT_CLIENT|61.608.404-6|Instituto Nacional del Cáncer (INC),61.608.404-6,Instituto Nacional del Cáncer (INC),CORRECTIVA PROGRAMADA,FINISHED,ccarrasquel,INC-INFINITY01,506915,LINKED_TO_MISSING_OR_RESTRICTED_ZENDESK,0,0,0,0,0,0,,,,,,,NO_USED_PARTS
1910,2023-04-04T18:00:00.000Z,FIELD_BEAT_CLIENT|93.930.000-7|CLÍNICA LAS CONDES,93.930.000-7,CLÍNICA LAS CONDES,CORRECTIVA PROGRAMADA,FINISHED,acorbea,CLC-1,985059,LINKED_TO_MISSING_OR_RESTRICTED_ZENDESK,2,0,0,2,0,2,,,1556292|1538489,"kit spares DLG brake cantidad =2|pcb assy, dlg and diaphragm drive cantidad =1",NO_MATCH,NONE,HAS_UNMATCHED_PARTS
1911,2023-03-30T20:00:00.000Z,FIELD_BEAT_CLIENT|61.607.901-8|SERVICIO DE SALUD DE MAGALLANES,61.607.901-8,SERVICIO DE SALUD DE MAGALLANES,CORRECTIVA PROGRAMADA,FINISHED,raguila,,,NO_TICKET_REPORTED,1,0,0,0,1,1,,,"1511862
1533657
1535807","06 tarjetas AI-12
01 mod kit integrity R4.0.0 con patch 4.0.4
01 mod kit Transformador T2 thyratron y thermistor",AMBIGUOUS_MATCH,REF_LIKE,HAS_AMBIGUOUS_PARTS
1912,2023-04-05T20:15:00.000Z,FIELD_BEAT_CLIENT|81.698.900-0|UC CHRISTUS - CECA,81.698.900-0,UC CHRISTUS - CECA,CORRECTIVA NO PROGRAMADA,FINISHED,rguapache,Linac-153935,,NO_TICKET_REPORTED,1,0,0,1,0,1,,,1018121,FRU Z Drive,NO_MATCH,NONE,HAS_UNMATCHED_PARTS
1913,2023-04-05T10:00:00.000Z,FIELD_BEAT_CLIENT|70377400-8|FUNDACION ARTURO LOPEZ PEREZ,70377400-8,FUNDACION ARTURO LOPEZ PEREZ,CORRECTIVA NO PROGRAMADA,FINISHED,acorbea,LINAC-153038,910599,LINKED_TO_MISSING_OR_RESTRICTED_ZENDESK,1,0,0,0,1,1,,,"1511862
1005032
1005033
4513330757703L","pcb assy, ai12 bit cant =2
signal condition RHCA-A cant=1
signal condition RHCA-B cant=1
cable assembly cant=2",AMBIGUOUS_MATCH,REF_LIKE,HAS_AMBIGUOUS_PARTS
1914,2023-04-10T12:00:17.805Z,FIELD_BEAT_CLIENT|70377400-8|FUNDACION ARTURO LOPEZ PEREZ,70377400-8,FUNDACION ARTURO LOPEZ PEREZ,CORRECTIVA NO PROGRAMADA,FINISHED,rguapache,LINAC-153038,,NO_TICKET_REPORTED,0,0,0,0,0,0,,,,,,,NO_USED_PARTS
1915,2023-04-10T14:24:00.000Z,FIELD_BEAT_CLIENT|81.698.900-0|UC CHRISTUS - CECA,81.698.900-0,UC CHRISTUS - CECA,CORRECTIVA NO PROGRAMADA,FINISHED,ccarrasquel,Linac-153935,234313,LINKED_TO_MISSING_OR_RESTRICTED_ZENDESK,0,0,0,0,0,0,,,,,,,NO_USED_PARTS
1916,2023-04-10T22:00:00.000Z,FIELD_BEAT_CLIENT|70377400-8|FUNDACION ARTURO LOPEZ PEREZ,70377400-8,FUNDACION ARTURO LOPEZ PEREZ,CORRECTIVA PROGRAMADA,FINISHED,rguapache,LINAC-153038,,NO_TICKET_REPORTED,0,0,0,0,0,0,,,,,,,NO_USED_PARTS
1917,2023-04-04T13:00:00.000Z,FIELD_BEAT_CLIENT|76.105.383-3|TORRE MÉDICA - RANCAGUA,76.105.383-3,TORRE MÉDICA - RANCAGUA,CORRECTIVA NO PROGRAMADA,ARCHIVED,,,,NO_TICKET_REPORTED,0,0,0,0,0,0,,,,,,,NO_USED_PARTS
1918,2023-04-04T04:00:00.000Z,FIELD_BEAT_CLIENT|76.105.383-3|TORRE MÉDICA - RANCAGUA,76.105.383-3,TORRE MÉDICA - RANCAGUA,CORRECTIVA NO PROGRAMADA,FINISHED,jecheverria,Linac-105157,0000,LINKED_TO_MISSING_OR_RESTRICTED_ZENDESK,1,0,1,0,0,1,,,NA,NA,PLACEHOLDER_VALUE,PLACEHOLDER_REJECTED,HAS_PLACEHOLDERS
1919,2023-04-05T13:00:00.000Z,FIELD_BEAT_CLIENT|76.105.383-3|TORRE MÉDICA - RANCAGUA,76.105.383-3,TORRE MÉDICA - RANCAGUA,CORRECTIVA NO PROGRAMADA,FINISHED,jecheverria,Linac-105157,0000,LINKED_TO_MISSING_OR_RESTRICTED_ZENDESK,1,0,1,0,0,1,,,NA,NA,PLACEHOLDER_VALUE,PLACEHOLDER_REJECTED,HAS_PLACEHOLDERS
1920,2023-04-11T16:10:00.000Z,FIELD_BEAT_CLIENT|81.698.900-0|UC CHRISTUS - CECA,81.698.900-0,UC CHRISTUS - CECA,CORRECTIVA NO PROGRAMADA,FINISHED,acorbea,Linac-153935,9999,LINKED_TO_MISSING_OR_RESTRICTED_ZENDESK,0,0,0,0,0,0,,,,,,,NO_USED_PARTS
1921,2023-04-11T21:00:00.000Z,FIELD_BEAT_CLIENT|70377400-8|FUNDACION ARTURO LOPEZ PEREZ,70377400-8,FUNDACION ARTURO LOPEZ PEREZ,CORRECTIVA PROGRAMADA,FINISHED,rguapache,LINAC-153038,,NO_TICKET_REPORTED,0,0,0,0,0,0,,,,,,,NO_USED_PARTS
1922,2023-04-12T14:31:00.000Z,FIELD_BEAT_CLIENT|81.698.900-0|UC CHRISTUS - CECA,81.698.900-0,UC CHRISTUS - CECA,CORRECTIVA NO PROGRAMADA,FINISHED,aecheverria,Linac-153935,568581,LINKED_TO_MISSING_OR_RESTRICTED_ZENDESK,1,0,1,0,0,1,,,N/A,N/A,PLACEHOLDER_VALUE,PLACEHOLDER_REJECTED,HAS_PLACEHOLDERS
1923,2023-04-12T23:00:00.000Z,FIELD_BEAT_CLIENT|70377400-8|FUNDACION ARTURO LOPEZ PEREZ,70377400-8,FUNDACION ARTURO LOPEZ PEREZ,CORRECTIVA PROGRAMADA,FINISHED,rguapache,LINAC-153038,,NO_TICKET_REPORTED,0,0,0,0,0,0,,,,,,,NO_USED_PARTS
1924,2023-04-13T12:30:00.000Z,FIELD_BEAT_CLIENT|76.105.383-3|TORRE MÉDICA - RANCAGUA,76.105.383-3,TORRE MÉDICA - RANCAGUA,CORRECTIVA NO PROGRAMADA,FINISHED,jecheverria,Linac-105157,0000,LINKED_TO_MISSING_OR_RESTRICTED_ZENDESK,1,0,1,0,0,1,,,NA,NA,PLACEHOLDER_VALUE,PLACEHOLDER_REJECTED,HAS_PLACEHOLDERS
1925,2023-04-13T20:00:00.000Z,FIELD_BEAT_CLIENT|93.930.000-7|CLÍNICA LAS CONDES,93.930.000-7,CLÍNICA LAS CONDES,CORRECTIVA PROGRAMADA,FINISHED,acorbea,CLC-1,370556,LINKED_TO_MISSING_OR_RESTRICTED_ZENDESK,0,0,0,0,0,0,,,,,,,NO_USED_PARTS
1926,2023-04-14T00:00:00.000Z,FIELD_BEAT_CLIENT|81.698.900-0|UC CHRISTUS - CECA,81.698.900-0,UC CHRISTUS - CECA,CORRECTIVA PROGRAMADA,FINISHED,rguapache,Linac-153935,,NO_TICKET_REPORTED,0,0,0,0,0,0,,,,,,,NO_USED_PARTS
1927,2023-04-14T18:02:00.000Z,FIELD_BEAT_CLIENT|61.608.404-6|Instituto Nacional del Cáncer (INC),61.608.404-6,Instituto Nacional del Cáncer (INC),PREVENTIVA PROGRAMADA,FINISHED,ccarrasquel,INC-INFINITY01,777777,LINKED_TO_MISSING_OR_RESTRICTED_ZENDESK,1,0,1,0,0,1,,,,"lubricante W40, limpiador de contacto electrónico, paños de limpieza, lubricante mecánico, amarras plásticas, filtro de agua de 5 micra del chiller",PLACEHOLDER_VALUE,PLACEHOLDER_REJECTED,HAS_PLACEHOLDERS
1928,2023-04-14T18:04:00.000Z,FIELD_BEAT_CLIENT|61.608.404-6|Instituto Nacional del Cáncer (INC),61.608.404-6,Instituto Nacional del Cáncer (INC),PREVENTIVA PROGRAMADA,FINISHED,ccarrasquel,INC-INFINITY01,777777,LINKED_TO_MISSING_OR_RESTRICTED_ZENDESK,2,1,1,0,0,2,1018265_proveedor_local,11961,1018265,"FRU Z motor Brush set|grasa EP2, lubricante W40, limpia contacto, amarras plásticas, lubricante en aceite, paños de limpieza.",MATCHED|PLACEHOLDER_VALUE,REF_LIKE|PLACEHOLDER_REJECTED,HAS_PLACEHOLDERS
1929,2023-04-14T23:44:00.000Z,FIELD_BEAT_CLIENT|61.606.500-9|HOSPITAL CARLOS VAN BUREN (SSVSA),61.606.500-9,HOSPITAL CARLOS VAN BUREN (SSVSA),CORRECTIVA NO PROGRAMADA,FINISHED,jecheverria,,225444,LINKED_TO_MISSING_OR_RESTRICTED_ZENDESK,1,0,1,0,0,1,,,SN,PCB TELEMETRO,PLACEHOLDER_VALUE,PLACEHOLDER_REJECTED,HAS_PLACEHOLDERS
1930,2023-04-14T23:54:00.000Z,FIELD_BEAT_CLIENT|61.606.500-9|HOSPITAL CARLOS VAN BUREN (SSVSA),61.606.500-9,HOSPITAL CARLOS VAN BUREN (SSVSA),CORRECTIVA NO PROGRAMADA,FINISHED,jecheverria,,0000,LINKED_TO_MISSING_OR_RESTRICTED_ZENDESK,1,0,0,1,0,1,,,1556292,2 NR frenos de Dlg's,NO_MATCH,NONE,HAS_UNMATCHED_PARTS
1931,2023-04-14T18:00:00.000Z,FIELD_BEAT_CLIENT|61.607.901-8|SERVICIO DE SALUD DE MAGALLANES,61.607.901-8,SERVICIO DE SALUD DE MAGALLANES,CORRECTIVA PROGRAMADA,FINISHED,raguila,,,NO_TICKET_REPORTED,1,0,1,0,0,1,,,,"grasa ep2, wd-40",PLACEHOLDER_VALUE,PLACEHOLDER_REJECTED,HAS_PLACEHOLDERS
1932,2023-04-17T13:00:00.000Z,FIELD_BEAT_CLIENT|61.608.404-6|Instituto Nacional del Cáncer (INC),61.608.404-6,Instituto Nacional del Cáncer (INC),INSTALACION - INTEGRACION,FINISHED,varenas,,123178,LINKED_TO_MISSING_OR_RESTRICTED_ZENDESK,1,0,1,0,0,1,,,,kits de Mónaco 6.1.2,PLACEHOLDER_VALUE,PLACEHOLDER_REJECTED,HAS_PLACEHOLDERS
1933,2023-04-18T23:00:00.000Z,FIELD_BEAT_CLIENT|70377400-8|FUNDACION ARTURO LOPEZ PEREZ,70377400-8,FUNDACION ARTURO LOPEZ PEREZ,CORRECTIVA PROGRAMADA,FINISHED,rguapache,LINAC-153038,,NO_TICKET_REPORTED,0,0,0,0,0,0,,,,,,,NO_USED_PARTS
1935,2023-04-18T22:30:00.000Z,FIELD_BEAT_CLIENT|61.606.500-9|HOSPITAL CARLOS VAN BUREN (SSVSA),61.606.500-9,HOSPITAL CARLOS VAN BUREN (SSVSA),CORRECTIVA NO PROGRAMADA,FINISHED,aecheverria,Linac-154325,0101,LINKED_TO_MISSING_OR_RESTRICTED_ZENDESK,1,1,0,0,0,0,1534191,11018,1534191,"PCB 2 SIDE A, Assembly.   Cant: 1",MATCHED,REF_EXACT,OK
1936,2023-04-20T15:30:00.000Z,FIELD_BEAT_CLIENT|70377400-8|FUNDACION ARTURO LOPEZ PEREZ,70377400-8,FUNDACION ARTURO LOPEZ PEREZ,CORRECTIVA PROGRAMADA,FINISHED,rcammalleri,APOTECA-PS,,NO_TICKET_REPORTED,1,0,0,1,0,1,,,P1094996,Modulo de corte Zebra Printer,NO_MATCH,NONE,HAS_UNMATCHED_PARTS
1937,2023-04-20T14:15:00.000Z,FIELD_BEAT_CLIENT|76.746.730-3|CLÍNICA SANATORIO ALEMÁN (ONCORAD),76.746.730-3,CLÍNICA SANATORIO ALEMÁN (ONCORAD),CORRECTIVA NO PROGRAMADA,FINISHED,ebecker,Linac-201110,,NO_TICKET_REPORTED,1,0,1,0,0,1,,,N/A,N/A,PLACEHOLDER_VALUE,PLACEHOLDER_REJECTED,HAS_PLACEHOLDERS
1938,2023-04-20T19:45:00.000Z,FIELD_BEAT_CLIENT|81.698.900-0|UC CHRISTUS - SCA,81.698.900-0,UC CHRISTUS - SCA,CORRECTIVA PROGRAMADA,FINISHED,acorbea,Linac-109256,577218,LINKED_TO_MISSING_OR_RESTRICTED_ZENDESK,0,0,0,0,0,0,,,,,,,NO_USED_PARTS
1939,2023-04-21T11:45:00.000Z,FIELD_BEAT_CLIENT|70377400-8|FUNDACION ARTURO LOPEZ PEREZ,70377400-8,FUNDACION ARTURO LOPEZ PEREZ,CORRECTIVA NO PROGRAMADA,FINISHED,acorbea,LINAC-153038,399072,LINKED_TO_MISSING_OR_RESTRICTED_ZENDESK,0,0,0,0,0,0,,,,,,,NO_USED_PARTS
1940,2023-04-21T18:57:00.000Z,FIELD_BEAT_CLIENT|93.930.000-7|CLÍNICA LAS CONDES,93.930.000-7,CLÍNICA LAS CONDES,PREVENTIVA PROGRAMADA,FINISHED,ccarrasquel,CLC-1,777777,LINKED_TO_MISSING_OR_RESTRICTED_ZENDESK,0,0,0,0,0,0,,,,,,,NO_USED_PARTS
1941,2023-04-21T19:21:00.000Z,FIELD_BEAT_CLIENT|93.930.000-7|CLÍNICA LAS CONDES,93.930.000-7,CLÍNICA LAS CONDES,PREVENTIVA PROGRAMADA,FINISHED,ccarrasquel,CLC-1,777777,LINKED_TO_MISSING_OR_RESTRICTED_ZENDESK,1,0,1,0,0,1,,,,"paños de limpieza, aceites lubricantes, amarras plásticas",PLACEHOLDER_VALUE,PLACEHOLDER_REJECTED,HAS_PLACEHOLDERS
1942,2023-04-21T12:30:00.000Z,FIELD_BEAT_CLIENT|76.746.730-3|CLÍNICA SANATORIO ALEMÁN (ONCORAD),76.746.730-3,CLÍNICA SANATORIO ALEMÁN (ONCORAD),PREVENTIVA PROGRAMADA,FINISHED,ebecker,Linac-201110,,NO_TICKET_REPORTED,1,0,1,0,0,1,,,N/A,N/A,PLACEHOLDER_VALUE,PLACEHOLDER_REJECTED,HAS_PLACEHOLDERS
1943,2023-04-21T12:30:00.000Z,FIELD_BEAT_CLIENT|76.746.730-3|CLÍNICA SANATORIO ALEMÁN (ONCORAD),76.746.730-3,CLÍNICA SANATORIO ALEMÁN (ONCORAD),CORRECTIVA PROGRAMADA,FINISHED,ebecker,HDR_10806,,NO_TICKET_REPORTED,1,1,0,0,0,0,106931-00,12171,106931-00,0pto Interface Board,MATCHED,REF_EXACT,OK
1944,2023-04-21T18:00:00.000Z,FIELD_BEAT_CLIENT|61.606.500-9|HOSPITAL CARLOS VAN BUREN (SSVSA),61.606.500-9,HOSPITAL CARLOS VAN BUREN (SSVSA),CORRECTIVA PROGRAMADA,FINISHED,jecheverria,Linac-154325,436837,LINKED_TO_MISSING_OR_RESTRICTED_ZENDESK,1,0,1,0,0,1,,,NA,Cable señales y alimentacion de movimientos  mesa,PLACEHOLDER_VALUE,PLACEHOLDER_REJECTED,HAS_PLACEHOLDERS
1945,2023-04-21T18:00:00.000Z,FIELD_BEAT_CLIENT|61.606.500-9|HOSPITAL CARLOS VAN BUREN (SSVSA),61.606.500-9,HOSPITAL CARLOS VAN BUREN (SSVSA),CORRECTIVA PROGRAMADA,ARCHIVED,,Linac-154325,,NO_TICKET_REPORTED,0,0,0,0,0,0,,,,,,,NO_USED_PARTS
1946,2023-04-21T18:00:00.000Z,FIELD_BEAT_CLIENT|61.606.500-9|HOSPITAL CARLOS VAN BUREN (SSVSA),61.606.500-9,HOSPITAL CARLOS VAN BUREN (SSVSA),CORRECTIVA PROGRAMADA,ARCHIVED,,,,NO_TICKET_REPORTED,0,0,0,0,0,0,,,,,,,NO_USED_PARTS
1947,2023-04-24T15:00:00.000Z,FIELD_BEAT_CLIENT|93.930.000-7|CLÍNICA LAS CONDES,93.930.000-7,CLÍNICA LAS CONDES,PREVENTIVA PROGRAMADA,FINISHED,acorbea,CLC-2,,NO_TICKET_REPORTED,1,0,1,0,0,1,,,,"grasa ep2
wd40
paños multifibra",PLACEHOLDER_VALUE,PLACEHOLDER_REJECTED,HAS_PLACEHOLDERS
1948,2023-04-25T11:01:00.000Z,FIELD_BEAT_CLIENT|70377400-8|FUNDACION ARTURO LOPEZ PEREZ,70377400-8,FUNDACION ARTURO LOPEZ PEREZ,CORRECTIVA PROGRAMADA,FINISHED,jecheverria,APOTECA-CHEMO,305630,LINKED_TO_MISSING_OR_RESTRICTED_ZENDESK,1,0,1,0,0,1,,,NA,NA,PLACEHOLDER_VALUE,PLACEHOLDER_REJECTED,HAS_PLACEHOLDERS
1949,2023-04-24T12:37:00.000Z,FIELD_BEAT_CLIENT|61.606.500-9|HOSPITAL CARLOS VAN BUREN (SSVSA),61.606.500-9,HOSPITAL CARLOS VAN BUREN (SSVSA),CORRECTIVA NO PROGRAMADA,FINISHED,jecheverria,Linac-154325,0000,LINKED_TO_MISSING_OR_RESTRICTED_ZENDESK,1,0,1,0,0,1,,,NA,NA,PLACEHOLDER_VALUE,PLACEHOLDER_REJECTED,HAS_PLACEHOLDERS
1950,2023-04-25T20:30:00.000Z,FIELD_BEAT_CLIENT|96.770.100-9|CLINICA ALEMANA DE SANTIAGO,96.770.100-9,CLINICA ALEMANA DE SANTIAGO,CORRECTIVA PROGRAMADA,FINISHED,acorbea,Linac-152171|Linac-151673,9999,LINKED_TO_MISSING_OR_RESTRICTED_ZENDESK,0,0,0,0,0,0,,,,,,,NO_USED_PARTS
1951,2023-04-24T18:00:00.000Z,FIELD_BEAT_CLIENT|93.930.000-7|CLÍNICA LAS CONDES,93.930.000-7,CLÍNICA LAS CONDES,PREVENTIVA PROGRAMADA,FINISHED,acorbea,CLC-2,,NO_TICKET_REPORTED,1,0,1,0,0,1,,,,"grasa ep2
wd40
aceite triflow
paños multifibra",PLACEHOLDER_VALUE,PLACEHOLDER_REJECTED,HAS_PLACEHOLDERS
1952,2023-04-24T14:30:00.000Z,FIELD_BEAT_CLIENT|93.930.000-7|CLÍNICA LAS CONDES,93.930.000-7,CLÍNICA LAS CONDES,CORRECTIVA PROGRAMADA,FINISHED,acorbea,CLC-2,356875,LINKED_TO_MISSING_OR_RESTRICTED_ZENDESK,0,0,0,0,0,0,,,,,,,NO_USED_PARTS
1953,2023-04-27T18:45:00.000Z,FIELD_BEAT_CLIENT|93.930.000-7|CLÍNICA LAS CONDES,93.930.000-7,CLÍNICA LAS CONDES,CORRECTIVA PROGRAMADA,ARCHIVED,,CLC-2,,NO_TICKET_REPORTED,0,0,0,0,0,0,,,,,,,NO_USED_PARTS
1954,2023-04-28T11:00:00.000Z,FIELD_BEAT_CLIENT|61.606.500-9|HOSPITAL CARLOS VAN BUREN (SSVSA),61.606.500-9,HOSPITAL CARLOS VAN BUREN (SSVSA),CORRECTIVA PROGRAMADA,FINISHED,jecheverria,OIS-HCVB,720791,LINKED_TO_MISSING_OR_RESTRICTED_ZENDESK,1,0,1,0,0,1,,,SN,UNIDAD DE CINTA,PLACEHOLDER_VALUE,PLACEHOLDER_REJECTED,HAS_PLACEHOLDERS
1955,2023-04-28T18:00:00.000Z,FIELD_BEAT_CLIENT|76.746.730-3|CLÍNICA SANATORIO ALEMÁN (ONCORAD),76.746.730-3,CLÍNICA SANATORIO ALEMÁN (ONCORAD),CORRECTIVA NO PROGRAMADA,FINISHED,ebecker,Linac-201110,,NO_TICKET_REPORTED,1,0,1,0,0,1,,,N/A,N/A,PLACEHOLDER_VALUE,PLACEHOLDER_REJECTED,HAS_PLACEHOLDERS
1956,2023-04-27T18:30:00.000Z,FIELD_BEAT_CLIENT|93.930.000-7|CLÍNICA LAS CONDES,93.930.000-7,CLÍNICA LAS CONDES,CORRECTIVA PROGRAMADA,FINISHED,acorbea,CLC-2,502288,LINKED_TO_MISSING_OR_RESTRICTED_ZENDESK,0,0,0,0,0,0,,,,,,,NO_USED_PARTS
1957,2023-04-25T17:00:00.000Z,FIELD_BEAT_CLIENT|96.757.430-9|INRAD,96.757.430-9,INRAD,PREVENTIVA PROGRAMADA,FINISHED,glopez,HDR-FT00056,752135,LINKED_TO_MISSING_OR_RESTRICTED_ZENDESK,0,0,0,0,0,0,,,,,,,NO_USED_PARTS
1958,2023-04-25T17:00:00.000Z,FIELD_BEAT_CLIENT|96.757.430-9|INRAD,96.757.430-9,INRAD,PREVENTIVA PROGRAMADA,FINISHED,glopez,HDR-FT00056,752135,LINKED_TO_MISSING_OR_RESTRICTED_ZENDESK,0,0,0,0,0,0,,,,,,,NO_USED_PARTS
1959,2023-05-02T23:30:00.000Z,FIELD_BEAT_CLIENT|70377400-8|FUNDACION ARTURO LOPEZ PEREZ,70377400-8,FUNDACION ARTURO LOPEZ PEREZ,CORRECTIVA NO PROGRAMADA,FINISHED,glopez,HDR-FT07026,00000,LINKED_TO_MISSING_OR_RESTRICTED_ZENDESK,1,0,1,0,0,1,,,,fusibles,PLACEHOLDER_VALUE,PLACEHOLDER_REJECTED,HAS_PLACEHOLDERS
1961,2023-05-03T21:30:00.000Z,FIELD_BEAT_CLIENT|96.770.100-9|CLINICA ALEMANA DE SANTIAGO,96.770.100-9,CLINICA ALEMANA DE SANTIAGO,CORRECTIVA PROGRAMADA,FINISHED,acorbea,Linac-152171,764750,LINKED_TO_MISSING_OR_RESTRICTED_ZENDESK,0,0,0,0,0,0,,,,,,,NO_USED_PARTS
1962,2023-05-04T15:30:00.000Z,FIELD_BEAT_CLIENT|70377400-8|FUNDACION ARTURO LOPEZ PEREZ,70377400-8,FUNDACION ARTURO LOPEZ PEREZ,CORRECTIVA NO PROGRAMADA,FINISHED,rguapache,LINAC-153038,,NO_TICKET_REPORTED,1,0,1,0,0,1,,,,Leaf Motor,PLACEHOLDER_VALUE,PLACEHOLDER_REJECTED,HAS_PLACEHOLDERS
1963,2023-05-04T14:30:00.000Z,FIELD_BEAT_CLIENT|93.930.000-7|CLÍNICA LAS CONDES,93.930.000-7,CLÍNICA LAS CONDES,CORRECTIVA PROGRAMADA,FINISHED,acorbea,CLC-2,292755,LINKED_TO_MISSING_OR_RESTRICTED_ZENDESK,0,0,0,0,0,0,,,,,,,NO_USED_PARTS
1964,2023-05-08T14:00:52.519Z,FIELD_BEAT_CLIENT|76.105.383-3|TORRE MÉDICA - RANCAGUA,76.105.383-3,TORRE MÉDICA - RANCAGUA,CORRECTIVA PROGRAMADA,FINISHED,jecheverria,Linac-105157,0000,LINKED_TO_MISSING_OR_RESTRICTED_ZENDESK,1,0,0,0,1,1,,,0000,PCB alimentacion filamento magnetron,AMBIGUOUS_MATCH,REF_LIKE,HAS_AMBIGUOUS_PARTS
1965,2023-05-08T20:58:00.000Z,FIELD_BEAT_CLIENT|70.377.400-8|FUNDACION ARTURO LOPEZ PEREZ,70.377.400-8,FUNDACION ARTURO LOPEZ PEREZ,CORRECTIVA PROGRAMADA,FINISHED,aecheverria,,,NO_TICKET_REPORTED,1,0,1,0,0,1,,,N/A,N/A,PLACEHOLDER_VALUE,PLACEHOLDER_REJECTED,HAS_PLACEHOLDERS
1966,2023-05-08T19:30:00.000Z,FIELD_BEAT_CLIENT|81.698.900-0|UC CHRISTUS - SCA,81.698.900-0,UC CHRISTUS - SCA,REQUERIMIENTO DEL CLIENTE,FINISHED,varenas,Linac-109256,533300,LINKED_TO_MISSING_OR_RESTRICTED_ZENDESK,0,0,0,0,0,0,,,,,,,NO_USED_PARTS
1967,2023-05-08T19:30:00.000Z,FIELD_BEAT_CLIENT|81.698.900-0|UC CHRISTUS - SCA,81.698.900-0,UC CHRISTUS - SCA,CORRECTIVA PROGRAMADA,FINISHED,acorbea,Linac-109256,577218,LINKED_TO_MISSING_OR_RESTRICTED_ZENDESK,0,0,0,0,0,0,,,,,,,NO_USED_PARTS
1968,2023-05-05T11:00:00.000Z,FIELD_BEAT_CLIENT|70377400-8|FUNDACION ARTURO LOPEZ PEREZ,70377400-8,FUNDACION ARTURO LOPEZ PEREZ,CORRECTIVA NO PROGRAMADA,FINISHED,rguapache,LINAC-153038,,NO_TICKET_REPORTED,6,3,0,3,0,4,1517657|1016478|1534583,10701|10946|12265,1527044|1556292|1538489|1517657|1016478|153458,"Programmed PCB ASSY  cant 1|Kit, Spares, DLG Brake  cant 2|PCB assy, DLG & Diaph  cant 1|PCB assy, Leaf Motor  cant 3|Kit, Spares moulded keys  cant 1|Kit, Spares, Leaf Motor  cant 4",NO_MATCH|MATCHED,NONE|REF_EXACT|REF_LIKE,HAS_UNMATCHED_PARTS
1969,2023-05-10T18:00:00.000Z,FIELD_BEAT_CLIENT|93.930.000-7|CLÍNICA LAS CONDES,93.930.000-7,CLÍNICA LAS CONDES,CORRECTIVA PROGRAMADA,FINISHED,acorbea,CLC-2,9999,LINKED_TO_MISSING_OR_RESTRICTED_ZENDESK,0,0,0,0,0,0,,,,,,,NO_USED_PARTS
1970,2023-05-11T12:30:00.000Z,FIELD_BEAT_CLIENT|70377400-8|FUNDACION ARTURO LOPEZ PEREZ,70377400-8,FUNDACION ARTURO LOPEZ PEREZ,CORRECTIVA PROGRAMADA,FINISHED,acorbea,APOTECA-CHEMO,,NO_TICKET_REPORTED,1,1,0,0,0,0,2279013,11223,2279013,pistola lectora,MATCHED,REF_EXACT,OK
1971,2023-05-11T19:30:00.000Z,FIELD_BEAT_CLIENT|81.698.900-0|UC CHRISTUS - CECA,81.698.900-0,UC CHRISTUS - CECA,INSTALACION - INTEGRACION,FINISHED,rguapache,Linac-153935,,NO_TICKET_REPORTED,1,1,0,0,0,0,03-999-1141,11993,03-999-1141,iGUIDE Reference Frame Clamp Modification,MATCHED,REF_EXACT,OK
1972,2023-05-11T23:30:00.000Z,FIELD_BEAT_CLIENT|96.770.100-9|CLINICA ALEMANA DE SANTIAGO,96.770.100-9,CLINICA ALEMANA DE SANTIAGO,CORRECTIVA PROGRAMADA,FINISHED,acorbea,Linac-152171|Linac-151673,9999,LINKED_TO_MISSING_OR_RESTRICTED_ZENDESK,1,1,0,0,0,1,1006737_usado,12071,1006737,pcb sib,MATCHED,REF_LIKE,REVIEW_REQUIRED
1973,2023-05-11T13:00:00.000Z,FIELD_BEAT_CLIENT|70377400-8|FUNDACION ARTURO LOPEZ PEREZ,70377400-8,FUNDACION ARTURO LOPEZ PEREZ,PREVENTIVA PROGRAMADA,FINISHED,rcammalleri,APOTECA-CHEMO,,NO_TICKET_REPORTED,2,0,2,0,0,2,,,N/A,Lámparas UV (6 unidades)|Pin guía para bomba succión,PLACEHOLDER_VALUE,PLACEHOLDER_REJECTED,HAS_PLACEHOLDERS
1974,2023-05-12T13:00:00.000Z,FIELD_BEAT_CLIENT|70377400-8|FUNDACION ARTURO LOPEZ PEREZ,70377400-8,FUNDACION ARTURO LOPEZ PEREZ,PREVENTIVA PROGRAMADA,FINISHED,rcammalleri,APOTECA-CHEMO,,NO_TICKET_REPORTED,0,0,0,0,0,0,,,,,,,NO_USED_PARTS
1975,2023-05-12T18:00:00.000Z,FIELD_BEAT_CLIENT|61.606.500-9|HOSPITAL CARLOS VAN BUREN (SSVSA),61.606.500-9,HOSPITAL CARLOS VAN BUREN (SSVSA),CORRECTIVA PROGRAMADA,FINISHED,jecheverria,Linac-154325,601281,LINKED_TO_MISSING_OR_RESTRICTED_ZENDESK,1,0,1,0,0,1,,,.......,PC FUJITSU  Y PCB INTERLOCK POWER BOX HEXAPOD,PLACEHOLDER_VALUE,PLACEHOLDER_REJECTED,HAS_PLACEHOLDERS
1976,2023-05-13T12:00:00.000Z,FIELD_BEAT_CLIENT|70377400-8|FUNDACION ARTURO LOPEZ PEREZ,70377400-8,FUNDACION ARTURO LOPEZ PEREZ,CORRECTIVA PROGRAMADA,FINISHED,rguapache,LINAC-153038,,NO_TICKET_REPORTED,2,2,0,0,0,1,45133411846|4513341185001U,11694|11682,4513341184601H|4513341185001U,Cable Assy PL5|Cable Assy PL9,MATCHED,REF_LIKE|REF_EXACT,REVIEW_REQUIRED
1977,2023-05-15T12:00:00.000Z,FIELD_BEAT_CLIENT|70377400-8|FUNDACION ARTURO LOPEZ PEREZ,70377400-8,FUNDACION ARTURO LOPEZ PEREZ,CORRECTIVA NO PROGRAMADA,FINISHED,rguapache,LINAC-153038,,NO_TICKET_REPORTED,0,0,0,0,0,0,,,,,,,NO_USED_PARTS
1978,2023-05-15T16:00:00.000Z,FIELD_BEAT_CLIENT|70377400-8|FUNDACION ARTURO LOPEZ PEREZ,70377400-8,FUNDACION ARTURO LOPEZ PEREZ,INSTALACION - INTEGRACION,FINISHED,rcammalleri,APOTECA-PS,,NO_TICKET_REPORTED,1,0,0,1,0,1,,,ZD6A143-32EL02EZ,Impresora Zebra ZD621,NO_MATCH,NONE,HAS_UNMATCHED_PARTS
1979,2023-05-15T14:00:37.500Z,FIELD_BEAT_CLIENT|76.105.383-3|TORRE MÉDICA - RANCAGUA,76.105.383-3,TORRE MÉDICA - RANCAGUA,CORRECTIVA PROGRAMADA,FINISHED,jecheverria,Linac-105157,0000,LINKED_TO_MISSING_OR_RESTRICTED_ZENDESK,1,0,1,0,0,1,,,NA,NA,PLACEHOLDER_VALUE,PLACEHOLDER_REJECTED,HAS_PLACEHOLDERS
1980,2023-05-15T18:00:00.000Z,FIELD_BEAT_CLIENT|70377400-8|FUNDACION ARTURO LOPEZ PEREZ,70377400-8,FUNDACION ARTURO LOPEZ PEREZ,CORRECTIVA PROGRAMADA,FINISHED,rcammalleri,APOTECA-PS,,NO_TICKET_REPORTED,1,0,1,0,0,1,,,N/A,Modulo térmico ZD620,PLACEHOLDER_VALUE,PLACEHOLDER_REJECTED,HAS_PLACEHOLDERS
1981,2023-05-17T07:00:00.000Z,FIELD_BEAT_CLIENT|81.698.900-0|UC CHRISTUS - SCA,81.698.900-0,UC CHRISTUS - SCA,CORRECTIVA PROGRAMADA,FINISHED,varenas,Linac-109256,5911410869292,LINKED_TO_MISSING_OR_RESTRICTED_ZENDESK,0,0,0,0,0,0,,,,,,,NO_USED_PARTS
1982,2023-05-17T19:00:00.000Z,FIELD_BEAT_CLIENT|81.698.900-0|UC CHRISTUS - SCA,81.698.900-0,UC CHRISTUS - SCA,CORRECTIVA PROGRAMADA,FINISHED,rguapache,Linac-109256,,NO_TICKET_REPORTED,1,0,0,1,0,1,,,1527044,"Programmed PCB Assy, Router",NO_MATCH,NONE,HAS_UNMATCHED_PARTS
1983,2023-05-17T19:05:00.000Z,FIELD_BEAT_CLIENT|70377400-8|FUNDACION ARTURO LOPEZ PEREZ,70377400-8,FUNDACION ARTURO LOPEZ PEREZ,CORRECTIVA NO PROGRAMADA,FINISHED,jecheverria,,439377,LINKED_TO_MISSING_OR_RESTRICTED_ZENDESK,1,1,0,0,0,0,1534958,11034,1534958,MOTOR NUEZ Y TORNILLO,MATCHED,REF_EXACT,OK
1984,2023-05-17T23:00:00.000Z,FIELD_BEAT_CLIENT|76.746.730-3|CLÍNICA SANATORIO ALEMÁN (ONCORAD),76.746.730-3,CLÍNICA SANATORIO ALEMÁN (ONCORAD),CORRECTIVA NO PROGRAMADA,FINISHED,ebecker,HDR_10806,,NO_TICKET_REPORTED,1,0,1,0,0,1,,,N/A,N/A,PLACEHOLDER_VALUE,PLACEHOLDER_REJECTED,HAS_PLACEHOLDERS
1985,2023-05-19T01:00:00.000Z,FIELD_BEAT_CLIENT|93.930.000-7|CLÍNICA LAS CONDES,93.930.000-7,CLÍNICA LAS CONDES,CORRECTIVA PROGRAMADA,STARTED,mreyes,CLC-2,,NO_TICKET_REPORTED,0,0,0,0,0,0,,,,,,,NO_USED_PARTS
1986,2023-05-18T13:00:00.000Z,FIELD_BEAT_CLIENT|93.930.000-7|CLÍNICA LAS CONDES,93.930.000-7,CLÍNICA LAS CONDES,CORRECTIVA PROGRAMADA,FINISHED,mreyes,CLC-2,,NO_TICKET_REPORTED,1,0,0,1,0,1,,,No hay,No hay,NO_MATCH,NONE,HAS_UNMATCHED_PARTS
1987,2023-05-18T17:41:00.000Z,FIELD_BEAT_CLIENT|61.608.404-6|Instituto Nacional del Cáncer (INC),61.608.404-6,Instituto Nacional del Cáncer (INC),CORRECTIVA PROGRAMADA,FINISHED,ccarrasquel,INC-INFINITY01,777777,LINKED_TO_MISSING_OR_RESTRICTED_ZENDESK,0,0,0,0,0,0,,,,,,,NO_USED_PARTS
1988,2023-05-19T13:00:00.000Z,FIELD_BEAT_CLIENT|76.746.730-3|CLÍNICA SANATORIO ALEMÁN (ONCORAD),76.746.730-3,CLÍNICA SANATORIO ALEMÁN (ONCORAD),CORRECTIVA NO PROGRAMADA,FINISHED,ebecker,HDR_10806,,NO_TICKET_REPORTED,1,0,1,0,0,1,,,N/A,N/A,PLACEHOLDER_VALUE,PLACEHOLDER_REJECTED,HAS_PLACEHOLDERS
1989,2023-05-22T14:15:00.000Z,FIELD_BEAT_CLIENT|81.698.900-0|UC CHRISTUS - SCA,81.698.900-0,UC CHRISTUS - SCA,CORRECTIVA NO PROGRAMADA,FINISHED,rguapache,Linac-109256,,NO_TICKET_REPORTED,1,0,0,1,0,1,,,1538489,"PCB Assy, DLG/Diaphragms (2)",NO_MATCH,NONE,HAS_UNMATCHED_PARTS
1990,2023-05-22T20:25:00.000Z,FIELD_BEAT_CLIENT|96.770.100-9|CLINICA ALEMANA DE SANTIAGO,96.770.100-9,CLINICA ALEMANA DE SANTIAGO,CORRECTIVA PROGRAMADA,FINISHED,mreyes,Linac-152171,,NO_TICKET_REPORTED,1,0,0,1,0,1,,,No hay.,No hay.,NO_MATCH,NONE,HAS_UNMATCHED_PARTS
1991,2023-05-22T19:15:00.000Z,FIELD_BEAT_CLIENT|81.698.900-0|UC CHRISTUS - SCA,81.698.900-0,UC CHRISTUS - SCA,CORRECTIVA PROGRAMADA,FINISHED,rguapache,Linac-109256,,NO_TICKET_REPORTED,1,0,0,1,0,1,,,1527044,Router PCB,NO_MATCH,NONE,HAS_UNMATCHED_PARTS
1992,2023-05-23T19:48:00.000Z,FIELD_BEAT_CLIENT|61.608.404-6|Instituto Nacional del Cáncer (INC),61.608.404-6,Instituto Nacional del Cáncer (INC),CORRECTIVA NO PROGRAMADA,FINISHED,ccarrasquel,INC-INFINITY01,407168,LINKED_TO_MISSING_OR_RESTRICTED_ZENDESK,0,0,0,0,0,0,,,,,,,NO_USED_PARTS
1993,2023-05-22T16:00:00.000Z,FIELD_BEAT_CLIENT|76.746.730-3|CLÍNICA SANATORIO ALEMÁN (ONCORAD),76.746.730-3,CLÍNICA SANATORIO ALEMÁN (ONCORAD),CORRECTIVA NO PROGRAMADA,FINISHED,ebecker,HDR_10806,,NO_TICKET_REPORTED,1,0,1,0,0,1,,,N/A,N/A,PLACEHOLDER_VALUE,PLACEHOLDER_REJECTED,HAS_PLACEHOLDERS
1994,2023-05-19T16:00:00.000Z,FIELD_BEAT_CLIENT|96.770.100-9|CLINICA ALEMANA DE SANTIAGO,96.770.100-9,CLINICA ALEMANA DE SANTIAGO,CORRECTIVA PROGRAMADA,ARCHIVED,,Linac-152171,,NO_TICKET_REPORTED,0,0,0,0,0,0,,,,,,,NO_USED_PARTS
1995,2023-05-24T16:00:00.000Z,FIELD_BEAT_CLIENT|96.770.100-9|CLINICA ALEMANA DE SANTIAGO,96.770.100-9,CLINICA ALEMANA DE SANTIAGO,CORRECTIVA PROGRAMADA,FINISHED,rguapache,Linac-151673,,NO_TICKET_REPORTED,1,0,0,1,0,1,,,355370,Gun Filament,NO_MATCH,NONE,HAS_UNMATCHED_PARTS
1996,2023-05-25T00:00:00.000Z,FIELD_BEAT_CLIENT|81.698.900-0|UC CHRISTUS - CECA,81.698.900-0,UC CHRISTUS - CECA,CORRECTIVA PROGRAMADA,FINISHED,rguapache,Linac-153935,,NO_TICKET_REPORTED,0,0,0,0,0,0,,,,,,,NO_USED_PARTS
1997,2023-05-26T11:30:00.000Z,FIELD_BEAT_CLIENT|61.607.901-8|SERVICIO DE SALUD DE MAGALLANES,61.607.901-8,SERVICIO DE SALUD DE MAGALLANES,CORRECTIVA NO PROGRAMADA,FINISHED,raguila,,,NO_TICKET_REPORTED,1,0,0,1,0,1,,,no hay,no hay,NO_MATCH,NONE,HAS_UNMATCHED_PARTS
1998,2023-05-26T18:35:00.000Z,FIELD_BEAT_CLIENT|61.607.901-8|SERVICIO DE SALUD DE MAGALLANES,61.607.901-8,SERVICIO DE SALUD DE MAGALLANES,CORRECTIVA PROGRAMADA,FINISHED,raguila,,,NO_TICKET_REPORTED,1,0,0,1,0,1,,,no,no,NO_MATCH,NONE,HAS_UNMATCHED_PARTS
1999,2023-05-26T21:30:00.000Z,FIELD_BEAT_CLIENT|61.606.500-9|HOSPITAL CARLOS VAN BUREN (SSVSA),61.606.500-9,HOSPITAL CARLOS VAN BUREN (SSVSA),CORRECTIVA NO PROGRAMADA,FINISHED,jecheverria,Linac-154325,0000,LINKED_TO_MISSING_OR_RESTRICTED_ZENDESK,1,0,1,0,0,1,,,NA,NA,PLACEHOLDER_VALUE,PLACEHOLDER_REJECTED,HAS_PLACEHOLDERS
2000,2023-05-25T12:30:00.000Z,FIELD_BEAT_CLIENT|76.746.730-3|CLÍNICA SANATORIO ALEMÁN (ONCORAD),76.746.730-3,CLÍNICA SANATORIO ALEMÁN (ONCORAD),REQUERIMIENTO DEL CLIENTE,FINISHED,ebecker,Linac-201110,,NO_TICKET_REPORTED,1,0,1,0,0,1,,,N/A,N/A,PLACEHOLDER_VALUE,PLACEHOLDER_REJECTED,HAS_PLACEHOLDERS
2001,2023-05-30T11:30:00.000Z,FIELD_BEAT_CLIENT|96.770.100-9|CLINICA ALEMANA DE SANTIAGO,96.770.100-9,CLINICA ALEMANA DE SANTIAGO,CORRECTIVA PROGRAMADA,FINISHED,mreyes,Linac-152171,,NO_TICKET_REPORTED,1,0,0,1,0,1,,,No hay.,No hay.,NO_MATCH,NONE,HAS_UNMATCHED_PARTS
2002,2023-05-30T14:20:10.901Z,FIELD_BEAT_CLIENT|81.698.900-0|UC CHRISTUS - SCA,81.698.900-0,UC CHRISTUS - SCA,CORRECTIVA NO PROGRAMADA,FINISHED,jecheverria,Linac-109256,535606,LINKED_TO_MISSING_OR_RESTRICTED_ZENDESK,1,0,1,0,0,1,,,NA,NO Hay,PLACEHOLDER_VALUE,PLACEHOLDER_REJECTED,HAS_PLACEHOLDERS
2003,2023-05-26T12:30:00.000Z,FIELD_BEAT_CLIENT|76.746.730-3|RADIO ONCOLOGÍA DEL SUR,76.746.730-3,RADIO ONCOLOGÍA DEL SUR,PREVENTIVA PROGRAMADA,FINISHED,ebecker,Linac-156187,,NO_TICKET_REPORTED,1,0,1,0,0,1,,,N/A,N/A,PLACEHOLDER_VALUE,PLACEHOLDER_REJECTED,HAS_PLACEHOLDERS
2004,2023-06-02T14:32:00.000Z,FIELD_BEAT_CLIENT|61.608.404-6|Instituto Nacional del Cáncer (INC),61.608.404-6,Instituto Nacional del Cáncer (INC),PREVENTIVA PROGRAMADA,FINISHED,ccarrasquel,INC-INFINITY01,777777,LINKED_TO_MISSING_OR_RESTRICTED_ZENDESK,1,0,1,0,0,1,,,,"paños de limpieza, W40,",PLACEHOLDER_VALUE,PLACEHOLDER_REJECTED,HAS_PLACEHOLDERS
2005,2023-06-02T19:02:00.000Z,FIELD_BEAT_CLIENT|61.608.404-6|Instituto Nacional del Cáncer (INC),61.608.404-6,Instituto Nacional del Cáncer (INC),CORRECTIVA PROGRAMADA,FINISHED,ccarrasquel,INC-INFINITY01,777777,LINKED_TO_MISSING_OR_RESTRICTED_ZENDESK,0,0,0,0,0,0,,,,,,,NO_USED_PARTS
2006,2023-06-02T23:00:00.000Z,FIELD_BEAT_CLIENT|81.698.900-0|UC CHRISTUS - CECA,81.698.900-0,UC CHRISTUS - CECA,CORRECTIVA PROGRAMADA,FINISHED,acorbea,Linac-153935,132133,LINKED_TO_MISSING_OR_RESTRICTED_ZENDESK,0,0,0,0,0,0,,,,,,,NO_USED_PARTS
2007,2023-06-02T22:00:00.000Z,FIELD_BEAT_CLIENT|61.606.500-9|HOSPITAL CARLOS VAN BUREN (SSVSA),61.606.500-9,HOSPITAL CARLOS VAN BUREN (SSVSA),CORRECTIVA PROGRAMADA,FINISHED,jecheverria,Linac-154325,450927,LINKED_TO_MISSING_OR_RESTRICTED_ZENDESK,1,0,0,1,0,1,,,1015403,vessel,NO_MATCH,NONE,HAS_UNMATCHED_PARTS
2008,2023-06-03T13:30:00.000Z,FIELD_BEAT_CLIENT|61.606.500-9|HOSPITAL CARLOS VAN BUREN (SSVSA),61.606.500-9,HOSPITAL CARLOS VAN BUREN (SSVSA),CORRECTIVA PROGRAMADA,SENT,jecheverria,Linac-154325,,NO_TICKET_REPORTED,0,0,0,0,0,0,,,,,,,NO_USED_PARTS
2009,2023-06-03T13:30:00.000Z,FIELD_BEAT_CLIENT|61.606.500-9|HOSPITAL CARLOS VAN BUREN (SSVSA),61.606.500-9,HOSPITAL CARLOS VAN BUREN (SSVSA),CORRECTIVA PROGRAMADA,FINISHED,jecheverria,Linac-154325,452861,LINKED_TO_MISSING_OR_RESTRICTED_ZENDESK,1,0,1,0,0,1,,,NA,NA,PLACEHOLDER_VALUE,PLACEHOLDER_REJECTED,HAS_PLACEHOLDERS
2010,2023-06-05T12:45:00.000Z,FIELD_BEAT_CLIENT|70377400-8|FUNDACION ARTURO LOPEZ PEREZ,70377400-8,FUNDACION ARTURO LOPEZ PEREZ,CORRECTIVA PROGRAMADA,FINISHED,jecheverria,APOTECA-CHEMO,,NO_TICKET_REPORTED,1,0,1,0,0,1,,,NA,NA,PLACEHOLDER_VALUE,PLACEHOLDER_REJECTED,HAS_PLACEHOLDERS
2011,2023-06-08T12:30:00.000Z,FIELD_BEAT_CLIENT|76.105.383-3|TORRE MÉDICA - RANCAGUA,76.105.383-3,TORRE MÉDICA - RANCAGUA,CORRECTIVA NO PROGRAMADA,FINISHED,jecheverria,Linac-105157,0000,LINKED_TO_MISSING_OR_RESTRICTED_ZENDESK,1,0,1,0,0,1,,,NA,Na,PLACEHOLDER_VALUE,PLACEHOLDER_REJECTED,HAS_PLACEHOLDERS
2012,2023-06-12T14:18:00.000Z,FIELD_BEAT_CLIENT|61.608.404-6|Instituto Nacional del Cáncer (INC),61.608.404-6,Instituto Nacional del Cáncer (INC),CORRECTIVA PROGRAMADA,FINISHED,ccarrasquel,INC-INFINITY01,798676,LINKED_TO_MISSING_OR_RESTRICTED_ZENDESK,0,0,0,0,0,0,,,,,,,NO_USED_PARTS
2013,2023-06-12T21:00:00.000Z,FIELD_BEAT_CLIENT|96.770.100-9|CLINICA ALEMANA DE SANTIAGO,96.770.100-9,CLINICA ALEMANA DE SANTIAGO,CORRECTIVA PROGRAMADA,FINISHED,acorbea,Linac-151673,503067,LINKED_TO_MISSING_OR_RESTRICTED_ZENDESK,0,0,0,0,0,0,,,,,,,NO_USED_PARTS
2014,2023-06-13T13:30:00.000Z,FIELD_BEAT_CLIENT|93.930.000-7|CLÍNICA LAS CONDES,93.930.000-7,CLÍNICA LAS CONDES,CORRECTIVA NO PROGRAMADA,FINISHED,acorbea,CLC-1,691983,LINKED_TO_MISSING_OR_RESTRICTED_ZENDESK,1,0,1,0,0,1,,,n/a,n/a,PLACEHOLDER_VALUE,PLACEHOLDER_REJECTED,HAS_PLACEHOLDERS
2015,2023-06-13T19:29:00.000Z,FIELD_BEAT_CLIENT|81.698.900-0|UC CHRISTUS - SCA,81.698.900-0,UC CHRISTUS - SCA,CORRECTIVA PROGRAMADA,ARCHIVED,,,,NO_TICKET_REPORTED,0,0,0,0,0,0,,,,,,,NO_USED_PARTS
2016,2023-06-13T19:30:00.000Z,FIELD_BEAT_CLIENT|81.698.900-0|UC CHRISTUS - SCA,81.698.900-0,UC CHRISTUS - SCA,CORRECTIVA PROGRAMADA,FINISHED,jecheverria,,529099,LINKED_TO_MISSING_OR_RESTRICTED_ZENDESK,1,0,1,0,0,1,,,NA,FUSIBLE 8 AM,PLACEHOLDER_VALUE,PLACEHOLDER_REJECTED,HAS_PLACEHOLDERS
2017,2023-06-16T10:30:00.000Z,FIELD_BEAT_CLIENT|61.606.500-9|HOSPITAL CARLOS VAN BUREN (SSVSA),61.606.500-9,HOSPITAL CARLOS VAN BUREN (SSVSA),CORRECTIVA PROGRAMADA,FINISHED,jecheverria,Linac-154325,526627,LINKED_TO_MISSING_OR_RESTRICTED_ZENDESK,1,1,0,0,0,1,1006737_usado,12071,1006737,SIB PCB,MATCHED,REF_LIKE,REVIEW_REQUIRED
2018,2023-06-16T20:30:00.000Z,FIELD_BEAT_CLIENT|96.770.100-9|CLINICA ALEMANA DE SANTIAGO,96.770.100-9,CLINICA ALEMANA DE SANTIAGO,PREVENTIVA PROGRAMADA,FINISHED,acorbea,Linac-152171,,NO_TICKET_REPORTED,1,0,1,0,0,1,,,,"grasa ep2
wd40
paños
alcohol",PLACEHOLDER_VALUE,PLACEHOLDER_REJECTED,HAS_PLACEHOLDERS
2020,2023-06-16T23:30:38.801Z,FIELD_BEAT_CLIENT|96.770.100-9|CLINICA ALEMANA DE SANTIAGO,96.770.100-9,CLINICA ALEMANA DE SANTIAGO,PREVENTIVA PROGRAMADA,FINISHED,acorbea,Linac-152171,,NO_TICKET_REPORTED,1,0,1,0,0,1,,,,"paños
wd40
grasa ep2
multimetro",PLACEHOLDER_VALUE,PLACEHOLDER_REJECTED,HAS_PLACEHOLDERS
2021,2023-06-19T17:00:00.000Z,FIELD_BEAT_CLIENT|81.698.900-0|UC CHRISTUS - SCA,81.698.900-0,UC CHRISTUS - SCA,CORRECTIVA PROGRAMADA,FINISHED,acorbea,Linac-109256,789203,LINKED_TO_MISSING_OR_RESTRICTED_ZENDESK,0,0,0,0,0,0,,,,,,,NO_USED_PARTS
2022,2023-06-19T21:15:00.000Z,FIELD_BEAT_CLIENT|96.770.100-9|CLINICA ALEMANA DE SANTIAGO,96.770.100-9,CLINICA ALEMANA DE SANTIAGO,CORRECTIVA PROGRAMADA,FINISHED,acorbea,Linac-152171,,NO_TICKET_REPORTED,0,0,0,0,0,0,,,,,,,NO_USED_PARTS
2023,2023-06-20T13:30:00.000Z,FIELD_BEAT_CLIENT|76.105.383-3|TORRE MÉDICA - RANCAGUA,76.105.383-3,TORRE MÉDICA - RANCAGUA,CORRECTIVA NO PROGRAMADA,FINISHED,jecheverria,Linac-105157,0000,LINKED_TO_MISSING_OR_RESTRICTED_ZENDESK,1,0,1,0,0,1,,,NA,NA,PLACEHOLDER_VALUE,PLACEHOLDER_REJECTED,HAS_PLACEHOLDERS
2024,2023-05-12T16:00:00.000Z,FIELD_BEAT_CLIENT|70377400-8|FUNDACION ARTURO LOPEZ PEREZ,70377400-8,FUNDACION ARTURO LOPEZ PEREZ,PREVENTIVA PROGRAMADA,FINISHED,rguapache,LINAC-153038,,NO_TICKET_REPORTED,1,1,0,0,0,0,4513316442301M,10312,4513316442301M,Water Filter Element 5 Micron (2),MATCHED,REF_EXACT,OK
2025,2023-05-27T13:00:00.000Z,FIELD_BEAT_CLIENT|70377400-8|FUNDACION ARTURO LOPEZ PEREZ,70377400-8,FUNDACION ARTURO LOPEZ PEREZ,CORRECTIVA PROGRAMADA,FINISHED,rguapache,LINAC-153038,,NO_TICKET_REPORTED,11,11,0,0,0,0,1534958|1534908|1011030|R1510261|1010848|1557545|1010260|1538261|1515098|45133304800|1016478,11034|12185|11035|12186|11037|12192|10176|11854|10374|10375|10946,1534958|1534908|1011030|R1510261|1010848|1557545|1010260|1538261|1515098|45133304800|1016478,"Leaf Motor spares kit (50)|Y1 TGT Drive Module Main Assembly|Lens, Collimator|Detector, Xrdm 1640|Mirror Assembly, optics (Agility)|Camera, DX9|Mirror, Beam Spliter|Fru kit, flight tube assembly|Ion Pump - Spare|Electron Gun Assy|Kit, Spares, Moulded (03)",MATCHED,REF_EXACT,OK
2026,2023-06-16T14:00:00.000Z,FIELD_BEAT_CLIENT|70377400-8|FUNDACION ARTURO LOPEZ PEREZ,70377400-8,FUNDACION ARTURO LOPEZ PEREZ,CORRECTIVA PROGRAMADA,FINISHED,rguapache,LINAC-153038,,NO_TICKET_REPORTED,0,0,0,0,0,0,,,,,,,NO_USED_PARTS
2027,2023-06-20T21:29:00.000Z,FIELD_BEAT_CLIENT|81.698.900-0|UC CHRISTUS - SCA,81.698.900-0,UC CHRISTUS - SCA,CORRECTIVA PROGRAMADA,FINISHED,ccarrasquel,,555067,LINKED_TO_MISSING_OR_RESTRICTED_ZENDESK,2,2,0,0,0,0,1018559|1014474,10724|11677,1018559|1014474,fans assy|cable assy SW1 SW2,MATCHED,REF_EXACT,OK
2028,2023-06-22T13:32:00.000Z,FIELD_BEAT_CLIENT|61.608.404-6|Instituto Nacional del Cáncer (INC),61.608.404-6,Instituto Nacional del Cáncer (INC),CORRECTIVA NO PROGRAMADA,FINISHED,ccarrasquel,INC-INFINITY01,777777,LINKED_TO_MISSING_OR_RESTRICTED_ZENDESK,0,0,0,0,0,0,,,,,,,NO_USED_PARTS
2029,2023-06-22T13:40:00.000Z,FIELD_BEAT_CLIENT|76.089.058-8|EYG MEDICAL SYSTEMS LTDA.,76.089.058-8,EYG MEDICAL SYSTEMS LTDA.,CORRECTIVA PROGRAMADA,FINISHED,acorbea,2286,,NO_TICKET_REPORTED,0,0,0,0,0,0,,,,,,,NO_USED_PARTS
2030,2023-06-22T13:59:00.000Z,FIELD_BEAT_CLIENT|76.089.058-8|EYG MEDICAL SYSTEMS LTDA.,76.089.058-8,EYG MEDICAL SYSTEMS LTDA.,CORRECTIVA PROGRAMADA,FINISHED,acorbea,2286,,NO_TICKET_REPORTED,0,0,0,0,0,0,,,,,,,NO_USED_PARTS
2031,2023-06-22T14:20:00.000Z,FIELD_BEAT_CLIENT|70377400-8|FUNDACION ARTURO LOPEZ PEREZ,70377400-8,FUNDACION ARTURO LOPEZ PEREZ,REQUERIMIENTO DEL CLIENTE,FINISHED,jecheverria,APOTECA-CHEMO,,NO_TICKET_REPORTED,1,0,1,0,0,1,,,NA,NA,PLACEHOLDER_VALUE,PLACEHOLDER_REJECTED,HAS_PLACEHOLDERS
2032,2023-06-23T12:30:00.000Z,FIELD_BEAT_CLIENT|70377400-8|FUNDACION ARTURO LOPEZ PEREZ,70377400-8,FUNDACION ARTURO LOPEZ PEREZ,CORRECTIVA PROGRAMADA,FINISHED,rcammalleri,APOTECA-PS,,NO_TICKET_REPORTED,0,0,0,0,0,0,,,,,,,NO_USED_PARTS
2033,2023-06-23T13:30:00.000Z,FIELD_BEAT_CLIENT|70377400-8|FUNDACION ARTURO LOPEZ PEREZ,70377400-8,FUNDACION ARTURO LOPEZ PEREZ,CORRECTIVA PROGRAMADA,FINISHED,rcammalleri,APOTECA-CHEMO,,NO_TICKET_REPORTED,0,0,0,0,0,0,,,,,,,NO_USED_PARTS
2034,2023-06-23T20:00:00.000Z,FIELD_BEAT_CLIENT|61.607.901-8|SERVICIO DE SALUD DE MAGALLANES,61.607.901-8,SERVICIO DE SALUD DE MAGALLANES,INSTALACION - INTEGRACION,FINISHED,raguila,,7777,LINKED_TO_MISSING_OR_RESTRICTED_ZENDESK,0,0,0,0,0,0,,,,,,,NO_USED_PARTS
2035,2023-06-27T14:30:00.000Z,FIELD_BEAT_CLIENT|96.770.100-9|CLINICA ALEMANA DE SANTIAGO,96.770.100-9,CLINICA ALEMANA DE SANTIAGO,CORRECTIVA NO PROGRAMADA,FINISHED,acorbea,Linac-151673,,NO_TICKET_REPORTED,1,0,1,0,0,1,,,,nuez de motor,PLACEHOLDER_VALUE,PLACEHOLDER_REJECTED,HAS_PLACEHOLDERS
2036,2023-06-27T17:47:00.000Z,FIELD_BEAT_CLIENT|70377400-8|FUNDACION ARTURO LOPEZ PEREZ,70377400-8,FUNDACION ARTURO LOPEZ PEREZ,CORRECTIVA PROGRAMADA,FINISHED,rguapache,LINAC-153038,,NO_TICKET_REPORTED,0,0,0,0,0,0,,,,,,,NO_USED_PARTS
2037,2023-06-29T14:00:00.000Z,FIELD_BEAT_CLIENT|70377400-8|FUNDACION ARTURO LOPEZ PEREZ,70377400-8,FUNDACION ARTURO LOPEZ PEREZ,CORRECTIVA NO PROGRAMADA,FINISHED,rguapache,LINAC-153038,,NO_TICKET_REPORTED,1,1,0,0,0,0,1534958,11034,1534958,"Kit, Spares Leaf Motor",MATCHED,REF_EXACT,OK
2038,2023-06-29T20:42:02.146Z,FIELD_BEAT_CLIENT|76.746.730-3|RADIO ONCOLOGÍA DEL SUR,76.746.730-3,RADIO ONCOLOGÍA DEL SUR,PREVENTIVA PROGRAMADA,ARCHIVED,,Linac-156187,,NO_TICKET_REPORTED,0,0,0,0,0,0,,,,,,,NO_USED_PARTS
2039,2023-06-29T21:00:00.000Z,FIELD_BEAT_CLIENT|96.757.430-9|INRAD,96.757.430-9,INRAD,CORRECTIVA PROGRAMADA,FINISHED,ccarrasquel,Linac-201172,886981,LINKED_TO_MISSING_OR_RESTRICTED_ZENDESK,0,0,0,0,0,0,,,,,,,NO_USED_PARTS
2040,2023-06-29T19:00:00.000Z,FIELD_BEAT_CLIENT|76.746.730-3|RADIO ONCOLOGÍA DEL SUR,76.746.730-3,RADIO ONCOLOGÍA DEL SUR,CORRECTIVA NO PROGRAMADA,FINISHED,ebecker,Linac-156187,,NO_TICKET_REPORTED,1,0,1,0,0,1,,,N/A,N/A,PLACEHOLDER_VALUE,PLACEHOLDER_REJECTED,HAS_PLACEHOLDERS
2041,2023-06-30T21:00:00.000Z,FIELD_BEAT_CLIENT|96.770.100-9|CLINICA ALEMANA DE SANTIAGO,96.770.100-9,CLINICA ALEMANA DE SANTIAGO,CORRECTIVA PROGRAMADA,FINISHED,acorbea,Linac-152171,,NO_TICKET_REPORTED,2,2,0,0,0,0,451362610003J|1541718,10998|11595,451362610003J|1541718,"belt, timing, s/sided cant=2|fru, pancake motor assembly cant=2",MATCHED,REF_EXACT,OK
2042,2023-06-30T23:00:00.000Z,FIELD_BEAT_CLIENT|96.770.100-9|CLINICA ALEMANA DE SANTIAGO,96.770.100-9,CLINICA ALEMANA DE SANTIAGO,CORRECTIVA PROGRAMADA,FINISHED,acorbea,Linac-152171|Linac-151673,,NO_TICKET_REPORTED,1,1,0,0,0,0,1551103,12147,1551103,"mod kit, disc spring cant=2",MATCHED,REF_EXACT,OK
2043,2023-07-03T12:30:00.000Z,FIELD_BEAT_CLIENT|70377400-8|FUNDACION ARTURO LOPEZ PEREZ,70377400-8,FUNDACION ARTURO LOPEZ PEREZ,REQUERIMIENTO DEL CLIENTE,FINISHED,rcammalleri,APOTECA-CHEMO,,NO_TICKET_REPORTED,0,0,0,0,0,0,,,,,,,NO_USED_PARTS
2044,2023-07-03T16:15:00.000Z,FIELD_BEAT_CLIENT|96.770.100-9|CLINICA ALEMANA DE SANTIAGO,96.770.100-9,CLINICA ALEMANA DE SANTIAGO,CORRECTIVA NO PROGRAMADA,FINISHED,acorbea,Linac-152171,,NO_TICKET_REPORTED,1,1,0,0,0,0,45133501070,10566,45133501070,hand held controller,MATCHED,REF_EXACT,OK
2045,2023-07-03T19:12:00.000Z,FIELD_BEAT_CLIENT|81.698.900-0|UC CHRISTUS - SCA,81.698.900-0,UC CHRISTUS - SCA,CORRECTIVA PROGRAMADA,FINISHED,ccarrasquel,Linac-109256,622075,LINKED_TO_MISSING_OR_RESTRICTED_ZENDESK,0,0,0,0,0,0,,,,,,,NO_USED_PARTS
2046,2023-07-06T22:00:00.000Z,FIELD_BEAT_CLIENT|96.770.100-9|CLINICA ALEMANA DE SANTIAGO,96.770.100-9,CLINICA ALEMANA DE SANTIAGO,CORRECTIVA PROGRAMADA,FINISHED,acorbea,Linac-151673,761642,LINKED_TO_MISSING_OR_RESTRICTED_ZENDESK,1,0,0,0,1,1,,,"1534191
1534195","Fru pcb, side A cant=1
Fru pcb, side B cant =2",AMBIGUOUS_MATCH,REF_LIKE,HAS_AMBIGUOUS_PARTS
2047,2023-07-07T19:15:00.000Z,FIELD_BEAT_CLIENT|61.607.901-8|SERVICIO DE SALUD DE MAGALLANES,61.607.901-8,SERVICIO DE SALUD DE MAGALLANES,PREVENTIVA PROGRAMADA,FINISHED,raguila,,,NO_TICKET_REPORTED,1,0,1,0,0,1,,,n/c,"grasa ep-2
wd-40
aire comprimido 
limpia contacto",PLACEHOLDER_VALUE,PLACEHOLDER_REJECTED,HAS_PLACEHOLDERS
2048,2023-07-08T14:30:00.000Z,FIELD_BEAT_CLIENT|70377400-8|FUNDACION ARTURO LOPEZ PEREZ,70377400-8,FUNDACION ARTURO LOPEZ PEREZ,CORRECTIVA PROGRAMADA,FINISHED,rguapache,LINAC-153038,,NO_TICKET_REPORTED,0,0,0,0,0,0,,,,,,,NO_USED_PARTS
2049,2023-07-10T23:20:00.000Z,FIELD_BEAT_CLIENT|61.608.404-6|Instituto Nacional del Cáncer (INC),61.608.404-6,Instituto Nacional del Cáncer (INC),CORRECTIVA NO PROGRAMADA,FINISHED,ccarrasquel,INC-INFINITY01,777777,LINKED_TO_MISSING_OR_RESTRICTED_ZENDESK,0,0,0,0,0,0,,,,,,,NO_USED_PARTS
2050,2023-07-11T14:27:00.000Z,FIELD_BEAT_CLIENT|61.608.404-6|Instituto Nacional del Cáncer (INC),61.608.404-6,Instituto Nacional del Cáncer (INC),CORRECTIVA NO PROGRAMADA,FINISHED,ccarrasquel,INC-INFINITY01,777777,LINKED_TO_MISSING_OR_RESTRICTED_ZENDESK,3,2,0,1,0,1,1010848|1507972,11037|11308,1010848|1507972|1556292,"Mirror Assembly|Voltaje Regulator PCB|kit, spares, DLG brake (X2)",MATCHED|NO_MATCH,REF_EXACT|NONE,HAS_UNMATCHED_PARTS
2051,2023-07-12T14:30:00.000Z,FIELD_BEAT_CLIENT|61.605.000-1|INSTITUTO DE SALUD PUBLICA (ISP),61.605.000-1,INSTITUTO DE SALUD PUBLICA (ISP),CORRECTIVA PROGRAMADA,FINISHED,acorbea,PANASONIC-ISP,9999,LINKED_TO_MISSING_OR_RESTRICTED_ZENDESK,1,0,1,0,0,1,,,,filtro,PLACEHOLDER_VALUE,PLACEHOLDER_REJECTED,HAS_PLACEHOLDERS
2052,2023-07-13T00:22:00.000Z,FIELD_BEAT_CLIENT|70377400-8|FUNDACION ARTURO LOPEZ PEREZ,70377400-8,FUNDACION ARTURO LOPEZ PEREZ,ASISTENCIA REMOTA,FINISHED,rguapache,LINAC-153038,,NO_TICKET_REPORTED,0,0,0,0,0,0,,,,,,,NO_USED_PARTS
2053,2023-06-28T14:16:00.000Z,FIELD_BEAT_CLIENT|93.930.000-7|CLÍNICA LAS CONDES,93.930.000-7,CLÍNICA LAS CONDES,CORRECTIVA PROGRAMADA,FINISHED,acorbea,CLC-2,9999,LINKED_TO_MISSING_OR_RESTRICTED_ZENDESK,1,1,0,0,0,0,1023530,10389,1023530,arm control board,MATCHED,REF_EXACT,OK
2054,2023-07-15T16:39:00.000Z,FIELD_BEAT_CLIENT|70377400-8|FUNDACION ARTURO LOPEZ PEREZ,70377400-8,FUNDACION ARTURO LOPEZ PEREZ,PREVENTIVA PROGRAMADA,FINISHED,ccarrasquel,LINAC-153038,,NO_TICKET_REPORTED,2,2,0,0,0,0,1500998|1502613,10769|10994,1500998|1502613,LED Projector|Láser ODI Spare KIT,MATCHED,REF_EXACT,OK
2055,2023-07-15T13:00:00.000Z,FIELD_BEAT_CLIENT|70377400-8|FUNDACION ARTURO LOPEZ PEREZ,70377400-8,FUNDACION ARTURO LOPEZ PEREZ,CORRECTIVA PROGRAMADA,FINISHED,acorbea,LINAC-153038,9999,LINKED_TO_MISSING_OR_RESTRICTED_ZENDESK,1,1,0,0,0,0,1551103,12147,1551103,"mod kit, disc spring",MATCHED,REF_EXACT,OK
2056,2023-07-05T21:00:00.000Z,FIELD_BEAT_CLIENT|76.746.730-3|CLÍNICA SANATORIO ALEMÁN (ONCORAD),76.746.730-3,CLÍNICA SANATORIO ALEMÁN (ONCORAD),CORRECTIVA NO PROGRAMADA,FINISHED,ebecker,HDR_10806,,NO_TICKET_REPORTED,1,1,0,0,0,0,080140,12197,080140,FIBER OPTIC FOR INDEXER,MATCHED,REF_EXACT,OK
2057,2023-07-05T21:00:00.000Z,FIELD_BEAT_CLIENT|76.746.730-3|CLÍNICA SANATORIO ALEMÁN (ONCORAD),76.746.730-3,CLÍNICA SANATORIO ALEMÁN (ONCORAD),CORRECTIVA NO PROGRAMADA,FINISHED,ebecker,HDR_10806,,NO_TICKET_REPORTED,1,1,0,0,0,0,080140,12197,080140,FIBER OPTIC FOR INDEXER,MATCHED,REF_EXACT,OK
2058,2023-07-20T19:45:00.000Z,FIELD_BEAT_CLIENT|61.606.500-9|HOSPITAL CARLOS VAN BUREN (SSVSA),61.606.500-9,HOSPITAL CARLOS VAN BUREN (SSVSA),CORRECTIVA NO PROGRAMADA,FINISHED,aecheverria,Linac-154325,914690,LINKED_TO_MISSING_OR_RESTRICTED_ZENDESK,1,0,1,0,0,1,,,N/A,N/A,PLACEHOLDER_VALUE,PLACEHOLDER_REJECTED,HAS_PLACEHOLDERS
2059,2023-07-21T14:30:00.000Z,FIELD_BEAT_CLIENT|93.930.000-7|CLÍNICA LAS CONDES,93.930.000-7,CLÍNICA LAS CONDES,CORRECTIVA PROGRAMADA,FINISHED,acorbea,CLC-2,9999,LINKED_TO_MISSING_OR_RESTRICTED_ZENDESK,2,2,0,0,0,0,1512130|1008517,10122|11592,1512130|1008517,"pcb, assy, relay out|programmed assy, MTU",MATCHED,REF_EXACT,OK
2060,2023-07-21T20:00:00.000Z,FIELD_BEAT_CLIENT|76.746.730-3|CLÍNICA SANATORIO ALEMÁN (ONCORAD),76.746.730-3,CLÍNICA SANATORIO ALEMÁN (ONCORAD),CORRECTIVA NO PROGRAMADA,FINISHED,ebecker,Linac-201110,,NO_TICKET_REPORTED,1,0,1,0,0,1,,,N/A,N/A,PLACEHOLDER_VALUE,PLACEHOLDER_REJECTED,HAS_PLACEHOLDERS
2061,2023-07-22T12:00:00.000Z,FIELD_BEAT_CLIENT|96.770.100-9|CLINICA ALEMANA DE SANTIAGO,96.770.100-9,CLINICA ALEMANA DE SANTIAGO,CORRECTIVA PROGRAMADA,FINISHED,acorbea,Linac-152171,9999,LINKED_TO_MISSING_OR_RESTRICTED_ZENDESK,0,0,0,0,0,0,,,,,,,NO_USED_PARTS
2063,2023-07-22T12:45:57.195Z,FIELD_BEAT_CLIENT|96.770.100-9|CLINICA ALEMANA DE SANTIAGO,96.770.100-9,CLINICA ALEMANA DE SANTIAGO,PREVENTIVA PROGRAMADA,FINISHED,acorbea,Linac-151673,,NO_TICKET_REPORTED,1,0,1,0,0,1,,,,"grasa ep2
wd40
paños multifibras
alcohol",PLACEHOLDER_VALUE,PLACEHOLDER_REJECTED,HAS_PLACEHOLDERS
2065,2023-07-24T13:03:00.000Z,FIELD_BEAT_CLIENT|81.698.900-0|UC CHRISTUS - CECA,81.698.900-0,UC CHRISTUS - CECA,CORRECTIVA PROGRAMADA,ARCHIVED,,Linac-153935,,NO_TICKET_REPORTED,0,0,0,0,0,0,,,,,,,NO_USED_PARTS
2066,2023-07-22T13:00:00.000Z,FIELD_BEAT_CLIENT|81.698.900-0|UC CHRISTUS - CECA,81.698.900-0,UC CHRISTUS - CECA,CORRECTIVA PROGRAMADA,FINISHED,rguapache,Linac-153935,,NO_TICKET_REPORTED,2,1,0,0,1,2,45133411846,11694,45133411850|4513341184601H,"Cable Assy, PL9 to SK9|Cable Assy, PL5 to SK5A",AMBIGUOUS_MATCH|MATCHED,REF_LIKE,HAS_AMBIGUOUS_PARTS
2067,2023-07-21T11:30:00.000Z,FIELD_BEAT_CLIENT|61.607.901-8|SERVICIO DE SALUD DE MAGALLANES,61.607.901-8,SERVICIO DE SALUD DE MAGALLANES,CORRECTIVA NO PROGRAMADA,FINISHED,raguila,,,NO_TICKET_REPORTED,1,0,1,0,0,1,,,N/C,N/C,PLACEHOLDER_VALUE,PLACEHOLDER_REJECTED,HAS_PLACEHOLDERS
2068,2023-07-24T11:30:00.000Z,FIELD_BEAT_CLIENT|61.607.901-8|SERVICIO DE SALUD DE MAGALLANES,61.607.901-8,SERVICIO DE SALUD DE MAGALLANES,CORRECTIVA NO PROGRAMADA,FINISHED,raguila,,,NO_TICKET_REPORTED,1,0,1,0,0,1,,,N/C,N/C,PLACEHOLDER_VALUE,PLACEHOLDER_REJECTED,HAS_PLACEHOLDERS
2069,2023-07-26T11:45:00.000Z,FIELD_BEAT_CLIENT|96.770.100-9|CLINICA ALEMANA DE SANTIAGO,96.770.100-9,CLINICA ALEMANA DE SANTIAGO,CORRECTIVA NO PROGRAMADA,FINISHED,acorbea,Linac-152171,9999,LINKED_TO_MISSING_OR_RESTRICTED_ZENDESK,0,0,0,0,0,0,,,,,,,NO_USED_PARTS
2070,2023-07-26T11:30:00.000Z,FIELD_BEAT_CLIENT|70377400-8|FUNDACION ARTURO LOPEZ PEREZ,70377400-8,FUNDACION ARTURO LOPEZ PEREZ,CORRECTIVA NO PROGRAMADA,FINISHED,rguapache,LINAC-153038,,NO_TICKET_REPORTED,0,0,0,0,0,0,,,,,,,NO_USED_PARTS
2071,2023-07-28T20:24:00.000Z,FIELD_BEAT_CLIENT|61.606.500-9|HOSPITAL CARLOS VAN BUREN (SSVSA),61.606.500-9,HOSPITAL CARLOS VAN BUREN (SSVSA),PREVENTIVA PROGRAMADA,FINISHED,aecheverria,Linac-154325,0101,LINKED_TO_MISSING_OR_RESTRICTED_ZENDESK,2,2,0,0,0,1,821321900352|4513316442301M,11061|10312,821321900352|45133164423,Fuse 10 A 32 VAC|Filter element Cant: 2,MATCHED,REF_EXACT|REF_LIKE,REVIEW_REQUIRED
2072,2023-07-28T20:30:00.000Z,FIELD_BEAT_CLIENT|81.698.900-0|UC CHRISTUS - SCA,81.698.900-0,UC CHRISTUS - SCA,CORRECTIVA PROGRAMADA,FINISHED,acorbea,Linac-109256,746842,LINKED_TO_MISSING_OR_RESTRICTED_ZENDESK,1,0,1,0,0,1,,,,pedir a elekta,PLACEHOLDER_VALUE,PLACEHOLDER_REJECTED,HAS_PLACEHOLDERS
2073,2023-07-28T21:15:00.000Z,FIELD_BEAT_CLIENT|81.698.900-0|UC CHRISTUS - SCA,81.698.900-0,UC CHRISTUS - SCA,CORRECTIVA PROGRAMADA,FINISHED,acorbea,Linac-109256,178099,LINKED_TO_MISSING_OR_RESTRICTED_ZENDESK,0,0,0,0,0,0,,,,,,,NO_USED_PARTS
2074,2023-07-28T20:00:00.000Z,FIELD_BEAT_CLIENT|76.746.730-3|CLÍNICA SANATORIO ALEMÁN (ONCORAD),76.746.730-3,CLÍNICA SANATORIO ALEMÁN (ONCORAD),CORRECTIVA PROGRAMADA,FINISHED,ebecker,HDR_10806,,NO_TICKET_REPORTED,1,0,1,0,0,1,,,N/A,N/A,PLACEHOLDER_VALUE,PLACEHOLDER_REJECTED,HAS_PLACEHOLDERS
2075,2023-07-28T12:30:00.000Z,FIELD_BEAT_CLIENT|76.746.730-3|CLÍNICA SANATORIO ALEMÁN (ONCORAD),76.746.730-3,CLÍNICA SANATORIO ALEMÁN (ONCORAD),PREVENTIVA PROGRAMADA,FINISHED,ebecker,Linac-201110,,NO_TICKET_REPORTED,1,0,0,1,0,1,,,"45133326854
3501H-BYL-203L","Mout Mirror 
potenciometro check 10 turns",NO_MATCH,NONE,HAS_UNMATCHED_PARTS
2076,2023-07-29T13:00:00.000Z,FIELD_BEAT_CLIENT|70377400-8|FUNDACION ARTURO LOPEZ PEREZ,70377400-8,FUNDACION ARTURO LOPEZ PEREZ,,ARCHIVED,,LINAC-153038,,NO_TICKET_REPORTED,0,0,0,0,0,0,,,,,,,NO_USED_PARTS
2077,2023-07-29T13:00:00.000Z,FIELD_BEAT_CLIENT|70377400-8|FUNDACION ARTURO LOPEZ PEREZ,70377400-8,FUNDACION ARTURO LOPEZ PEREZ,CORRECTIVA PROGRAMADA,FINISHED,rguapache,LINAC-153038,,NO_TICKET_REPORTED,0,0,0,0,0,0,,,,,,,NO_USED_PARTS
2078,2023-07-31T18:00:00.000Z,FIELD_BEAT_CLIENT|93.930.000-7|CLÍNICA LAS CONDES,93.930.000-7,CLÍNICA LAS CONDES,CORRECTIVA PROGRAMADA,FINISHED,acorbea,CLC-1,674658,LINKED_TO_MISSING_OR_RESTRICTED_ZENDESK,1,1,0,0,0,0,1504218,12202,1504218,medical ethernet iso,MATCHED,REF_EXACT,OK
2079,2023-08-01T11:15:00.000Z,FIELD_BEAT_CLIENT|96.770.100-9|CLINICA ALEMANA DE SANTIAGO,96.770.100-9,CLINICA ALEMANA DE SANTIAGO,CORRECTIVA NO PROGRAMADA,FINISHED,acorbea,Linac-152171,9999,LINKED_TO_MISSING_OR_RESTRICTED_ZENDESK,0,0,0,0,0,0,,,,,,,NO_USED_PARTS
2080,2023-08-01T16:10:00.000Z,FIELD_BEAT_CLIENT|70377400-8|FUNDACION ARTURO LOPEZ PEREZ,70377400-8,FUNDACION ARTURO LOPEZ PEREZ,CORRECTIVA PROGRAMADA,FINISHED,acorbea,LINAC-153038,9999,LINKED_TO_MISSING_OR_RESTRICTED_ZENDESK,1,1,0,0,0,0,1531145,11145,1531145,"assy, fan 70x70x15mm",MATCHED,REF_EXACT,OK
2081,2023-08-01T23:22:00.000Z,FIELD_BEAT_CLIENT|61.608.404-6|Instituto Nacional del Cáncer (INC),61.608.404-6,Instituto Nacional del Cáncer (INC),CORRECTIVA PROGRAMADA,FINISHED,ccarrasquel,INC-INFINITY01,468508,LINKED_TO_MISSING_OR_RESTRICTED_ZENDESK,0,0,0,0,0,0,,,,,,,NO_USED_PARTS
2082,2023-08-02T11:45:00.000Z,FIELD_BEAT_CLIENT|96.770.100-9|CLINICA ALEMANA DE SANTIAGO,96.770.100-9,CLINICA ALEMANA DE SANTIAGO,CORRECTIVA NO PROGRAMADA,FINISHED,acorbea,Linac-152171,,NO_TICKET_REPORTED,0,0,0,0,0,0,,,,,,,NO_USED_PARTS
2083,2023-08-02T20:00:00.000Z,FIELD_BEAT_CLIENT|61.606.500-9|HOSPITAL CARLOS VAN BUREN (SSVSA),61.606.500-9,HOSPITAL CARLOS VAN BUREN (SSVSA),CORRECTIVA PROGRAMADA,FINISHED,aecheverria,Linac-154325,0101,LINKED_TO_MISSING_OR_RESTRICTED_ZENDESK,1,0,0,1,0,1,,,1543958,Leaf Mo.  Cant: 2,NO_MATCH,NONE,HAS_UNMATCHED_PARTS
2084,2023-08-02T23:37:00.000Z,FIELD_BEAT_CLIENT|61.608.404-6|Instituto Nacional del Cáncer (INC),61.608.404-6,Instituto Nacional del Cáncer (INC),CORRECTIVA NO PROGRAMADA,FINISHED,ccarrasquel,INC-INFINITY01,,NO_TICKET_REPORTED,0,0,0,0,0,0,,,,,,,NO_USED_PARTS
2085,2023-08-03T13:15:00.000Z,FIELD_BEAT_CLIENT|96.757.430-9|INRAD,96.757.430-9,INRAD,CORRECTIVA NO PROGRAMADA,FINISHED,rguapache,Linac-201172,,NO_TICKET_REPORTED,0,0,0,0,0,0,,,,,,,NO_USED_PARTS
2086,2023-08-03T19:19:00.000Z,FIELD_BEAT_CLIENT|61.608.404-6|Instituto Nacional del Cáncer (INC),61.608.404-6,Instituto Nacional del Cáncer (INC),PREVENTIVA PROGRAMADA,FINISHED,ccarrasquel,INC-INFINITY01,,NO_TICKET_REPORTED,3,1,2,0,0,2,4513316442301M,10312,4513316442301M,"Filter Element 5 Micron|aire comprimido (vacio), limpia contacto, W40 (vacio), aceite trifolio (vacio)|cambio de filtro para chiller",MATCHED|PLACEHOLDER_VALUE,REF_EXACT|PLACEHOLDER_REJECTED,HAS_PLACEHOLDERS
2087,2023-08-03T19:00:00.000Z,FIELD_BEAT_CLIENT|61.606.500-9|HOSPITAL CARLOS VAN BUREN (SSVSA),61.606.500-9,HOSPITAL CARLOS VAN BUREN (SSVSA),CORRECTIVA NO PROGRAMADA,FINISHED,aecheverria,,529724,LINKED_TO_MISSING_OR_RESTRICTED_ZENDESK,1,1,0,0,0,0,45133165177,10716,45133165177,Thyatron Cant: 1,MATCHED,REF_EXACT,OK
2088,2023-08-04T12:00:00.000Z,FIELD_BEAT_CLIENT|81.698.900-0|UC CHRISTUS - SCA,81.698.900-0,UC CHRISTUS - SCA,CORRECTIVA PROGRAMADA,FINISHED,acorbea,Linac-109256,743842,LINKED_TO_MISSING_OR_RESTRICTED_ZENDESK,1,0,0,0,1,1,,,"45133502026
1502613
1505891
1538094","x-rays tube
laser ODI spares kit
spec, sfhr400, kv gen
control board, kv gen",AMBIGUOUS_MATCH,REF_LIKE,HAS_AMBIGUOUS_PARTS
2089,2023-08-05T01:39:00.000Z,FIELD_BEAT_CLIENT|61.606.500-9|HOSPITAL CARLOS VAN BUREN (SSVSA),61.606.500-9,HOSPITAL CARLOS VAN BUREN (SSVSA),PREVENTIVA PROGRAMADA,FINISHED,aecheverria,Linac-154325,0101,LINKED_TO_MISSING_OR_RESTRICTED_ZENDESK,1,1,0,0,0,0,1535807,11525,1535807,"Mod kit, Transformer thyratron T2 and NTC thermistor",MATCHED,REF_EXACT,OK
2090,2023-08-07T16:44:00.000Z,FIELD_BEAT_CLIENT|70.377.400-8|FUNDACION ARTURO LOPEZ PEREZ,70.377.400-8,FUNDACION ARTURO LOPEZ PEREZ,CORRECTIVA NO PROGRAMADA,ARCHIVED,,,,NO_TICKET_REPORTED,0,0,0,0,0,0,,,,,,,NO_USED_PARTS
2091,2023-08-08T20:30:00.000Z,FIELD_BEAT_CLIENT|96.770.100-9|CLINICA ALEMANA DE SANTIAGO,96.770.100-9,CLINICA ALEMANA DE SANTIAGO,CORRECTIVA PROGRAMADA,FINISHED,acorbea,Linac-152171,633009,LINKED_TO_MISSING_OR_RESTRICTED_ZENDESK,0,0,0,0,0,0,,,,,,,NO_USED_PARTS
2092,2023-08-09T18:16:00.000Z,FIELD_BEAT_CLIENT|61.608.404-6|Instituto Nacional del Cáncer (INC),61.608.404-6,Instituto Nacional del Cáncer (INC),CORRECTIVA NO PROGRAMADA,FINISHED,ccarrasquel,INC-INFINITY01,468508,LINKED_TO_MISSING_OR_RESTRICTED_ZENDESK,5,4,0,1,0,1,1019597|1015075|1523707|1015076,10973|10958|12000|10957,1019597|1015075|1523707|1527044|1015076,"pci frame grabber|cable retractile|pci lib|programmed pcb assy, router",MATCHED|NO_MATCH,REF_EXACT|NONE,HAS_UNMATCHED_PARTS
2093,2023-08-09T19:30:00.000Z,FIELD_BEAT_CLIENT|61.606.500-9|HOSPITAL CARLOS VAN BUREN (SSVSA),61.606.500-9,HOSPITAL CARLOS VAN BUREN (SSVSA),,FINISHED,aecheverria,Linac-154325,127990,LINKED_TO_MISSING_OR_RESTRICTED_ZENDESK,1,0,1,0,0,1,,,N/A,N/A,PLACEHOLDER_VALUE,PLACEHOLDER_REJECTED,HAS_PLACEHOLDERS
2094,2023-08-09T20:48:00.000Z,FIELD_BEAT_CLIENT|61.606.500-9|HOSPITAL CARLOS VAN BUREN (SSVSA),61.606.500-9,HOSPITAL CARLOS VAN BUREN (SSVSA),,FINISHED,aecheverria,Linac-154325,0101,LINKED_TO_MISSING_OR_RESTRICTED_ZENDESK,2,0,2,0,0,2,,,N/A,Isolator 300 W|Isolator 600 W,PLACEHOLDER_VALUE,PLACEHOLDER_REJECTED,HAS_PLACEHOLDERS
2095,2023-08-09T21:00:00.000Z,FIELD_BEAT_CLIENT|81.698.900-0|UC CHRISTUS - CECA,81.698.900-0,UC CHRISTUS - CECA,CORRECTIVA PROGRAMADA,FINISHED,acorbea,Linac-109374,888306,LINKED_TO_MISSING_OR_RESTRICTED_ZENDESK,0,0,0,0,0,0,,,,,,,NO_USED_PARTS
2096,2023-08-11T00:52:00.000Z,FIELD_BEAT_CLIENT|81.698.900-0|UC CHRISTUS - SCA,81.698.900-0,UC CHRISTUS - SCA,PREVENTIVA PROGRAMADA,FINISHED,ccarrasquel,Linac-109256,,NO_TICKET_REPORTED,1,1,0,0,0,1,1018265_proveedor_local,11961,1018265,FRU Z Motor Brush  Set,MATCHED,REF_LIKE,REVIEW_REQUIRED
2097,2023-08-04T13:00:00.000Z,FIELD_BEAT_CLIENT|81.698.900-0|UC CHRISTUS - SCA,81.698.900-0,UC CHRISTUS - SCA,PREVENTIVA PROGRAMADA,ARCHIVED,,Linac-109256,,NO_TICKET_REPORTED,0,0,0,0,0,0,,,,,,,NO_USED_PARTS
2098,2023-08-04T13:00:00.000Z,FIELD_BEAT_CLIENT|81.698.900-0|UC CHRISTUS - SCA,81.698.900-0,UC CHRISTUS - SCA,PREVENTIVA PROGRAMADA,FINISHED,acorbea,Linac-109256,,NO_TICKET_REPORTED,1,1,0,0,0,0,4513316442301M,10312,4513316442301M,water filter cant 2,MATCHED,REF_EXACT,OK
2099,2023-08-16T23:00:00.000Z,FIELD_BEAT_CLIENT|70377400-8|FUNDACION ARTURO LOPEZ PEREZ,70377400-8,FUNDACION ARTURO LOPEZ PEREZ,CORRECTIVA PROGRAMADA,FINISHED,rguapache,LINAC-153038,,NO_TICKET_REPORTED,0,0,0,0,0,0,,,,,,,NO_USED_PARTS
2100,2023-08-17T12:30:00.000Z,FIELD_BEAT_CLIENT|70377400-8|FUNDACION ARTURO LOPEZ PEREZ,70377400-8,FUNDACION ARTURO LOPEZ PEREZ,REQUERIMIENTO DEL CLIENTE,FINISHED,rcammalleri,APOTECA-CHEMO,,NO_TICKET_REPORTED,0,0,0,0,0,0,,,,,,,NO_USED_PARTS
2101,2023-08-17T17:31:00.000Z,FIELD_BEAT_CLIENT|81.698.900-0|UC CHRISTUS - CECA,81.698.900-0,UC CHRISTUS - CECA,CORRECTIVA PROGRAMADA,ARCHIVED,,Linac-109374,,NO_TICKET_REPORTED,0,0,0,0,0,0,,,,,,,NO_USED_PARTS
2102,2023-08-17T12:30:00.000Z,FIELD_BEAT_CLIENT|70377400-8|FUNDACION ARTURO LOPEZ PEREZ,70377400-8,FUNDACION ARTURO LOPEZ PEREZ,PREVENTIVA PROGRAMADA,FINISHED,rcammalleri,APOTECA-PS,,NO_TICKET_REPORTED,0,0,0,0,0,0,,,,,,,NO_USED_PARTS
2103,2023-08-17T14:00:00.000Z,FIELD_BEAT_CLIENT|81.698.900-0|UC CHRISTUS - CECA,81.698.900-0,UC CHRISTUS - CECA,CORRECTIVA PROGRAMADA,FINISHED,rguapache,Linac-109374,,NO_TICKET_REPORTED,1,0,0,1,0,1,,,45133411940,Roller Superior,NO_MATCH,NONE,HAS_UNMATCHED_PARTS
2104,2023-08-17T18:00:00.000Z,FIELD_BEAT_CLIENT|61.605.000-1|INSTITUTO DE SALUD PUBLICA (ISP),61.605.000-1,INSTITUTO DE SALUD PUBLICA (ISP),CORRECTIVA PROGRAMADA,FINISHED,acorbea,PANASONIC-ISP,968564,LINKED_TO_MISSING_OR_RESTRICTED_ZENDESK,0,0,0,0,0,0,,,,,,,NO_USED_PARTS
2105,2023-08-08T11:30:00.000Z,FIELD_BEAT_CLIENT|61.607.901-8|SERVICIO DE SALUD DE MAGALLANES,61.607.901-8,SERVICIO DE SALUD DE MAGALLANES,CORRECTIVA NO PROGRAMADA,FINISHED,raguila,,,NO_TICKET_REPORTED,1,0,1,0,0,1,,,N/C,N/C,PLACEHOLDER_VALUE,PLACEHOLDER_REJECTED,HAS_PLACEHOLDERS
2106,2023-08-19T13:00:00.000Z,FIELD_BEAT_CLIENT|61.607.901-8|SERVICIO DE SALUD DE MAGALLANES,61.607.901-8,SERVICIO DE SALUD DE MAGALLANES,CORRECTIVA PROGRAMADA,FINISHED,raguila,,,NO_TICKET_REPORTED,1,0,1,0,0,1,,,N/C,N/C,PLACEHOLDER_VALUE,PLACEHOLDER_REJECTED,HAS_PLACEHOLDERS
2107,2023-08-22T08:00:00.000Z,FIELD_BEAT_CLIENT|81.698.900-0|UC CHRISTUS - CECA,81.698.900-0,UC CHRISTUS - CECA,CORRECTIVA PROGRAMADA,FINISHED,rguapache,Linac-109374,,NO_TICKET_REPORTED,1,0,1,0,0,1,,,,6 mtrs de cable CAT5,PLACEHOLDER_VALUE,PLACEHOLDER_REJECTED,HAS_PLACEHOLDERS
2108,2023-08-21T14:07:00.000Z,FIELD_BEAT_CLIENT|61.606.500-9|HOSPITAL CARLOS VAN BUREN (SSVSA),61.606.500-9,HOSPITAL CARLOS VAN BUREN (SSVSA),CORRECTIVA PROGRAMADA,FINISHED,acorbea,Linac-154325,914690,LINKED_TO_MISSING_OR_RESTRICTED_ZENDESK,1,1,0,0,0,0,1027687,12201,1027687,detector imaging panel (ap),MATCHED,REF_EXACT,OK
2109,2023-08-22T05:00:00.000Z,FIELD_BEAT_CLIENT|61.606.500-9|HOSPITAL CARLOS VAN BUREN (SSVSA),61.606.500-9,HOSPITAL CARLOS VAN BUREN (SSVSA),CORRECTIVA PROGRAMADA,FINISHED,aecheverria,Linac-154325,716324,LINKED_TO_MISSING_OR_RESTRICTED_ZENDESK,1,0,1,0,0,1,,,N/A,N/A,PLACEHOLDER_VALUE,PLACEHOLDER_REJECTED,HAS_PLACEHOLDERS
2110,2023-08-25T13:00:00.000Z,FIELD_BEAT_CLIENT|81.698.900-0|UC CHRISTUS - CECA,81.698.900-0,UC CHRISTUS - CECA,PREVENTIVA PROGRAMADA,FINISHED,rguapache,Linac-153935,,NO_TICKET_REPORTED,7,6,0,0,1,1,1509604|1564298|1556287|4513316442301M|1507972|1018559,12152|11039|12261|10312|11308|10724,1509604|1564298|1547237|1556287|4513316442301M|1507972|1018559,"Kit,  Spares, Horiz Adjuster|(02) PCB Assy, DLG, Diaphragms|Kit, Luminus Proj Assy and PCB, Assy Led Control|(02) Kit, spares, Diaphragms Brake|(02) Water Filter|Voltage regulator pcb Assy|(02) Assy, Bracket & Fan",MATCHED|AMBIGUOUS_MATCH,REF_EXACT|REF_LIKE,HAS_AMBIGUOUS_PARTS
2111,2023-08-25T18:00:00.000Z,FIELD_BEAT_CLIENT|81.698.900-0|UC CHRISTUS - CECA,81.698.900-0,UC CHRISTUS - CECA,PREVENTIVA PROGRAMADA,FINISHED,rguapache,Linac-153935,,NO_TICKET_REPORTED,0,0,0,0,0,0,,,,,,,NO_USED_PARTS
2112,2023-08-25T18:00:00.000Z,FIELD_BEAT_CLIENT|81.698.900-0|UC CHRISTUS - CECA,81.698.900-0,UC CHRISTUS - CECA,PREVENTIVA PROGRAMADA,FINISHED,rguapache,Linac-153935,,NO_TICKET_REPORTED,0,0,0,0,0,0,,,,,,,NO_USED_PARTS
2113,2023-08-24T19:00:00.000Z,FIELD_BEAT_CLIENT|81.698.900-0|UC CHRISTUS - CECA,81.698.900-0,UC CHRISTUS - CECA,CORRECTIVA PROGRAMADA,FINISHED,acorbea,Linac-153935,568581,LINKED_TO_MISSING_OR_RESTRICTED_ZENDESK,1,1,0,0,0,1,45133502026_usado,12138,45133502026,"assembly, xrays tube",MATCHED,REF_LIKE,REVIEW_REQUIRED
2114,2023-08-26T13:00:00.000Z,FIELD_BEAT_CLIENT|61.607.901-8|SERVICIO DE SALUD DE MAGALLANES,61.607.901-8,SERVICIO DE SALUD DE MAGALLANES,CORRECTIVA PROGRAMADA,FINISHED,raguila,,,NO_TICKET_REPORTED,1,0,1,0,0,1,,,N/C,N/C,PLACEHOLDER_VALUE,PLACEHOLDER_REJECTED,HAS_PLACEHOLDERS
2115,2023-08-28T12:30:00.000Z,FIELD_BEAT_CLIENT|70377400-8|FUNDACION ARTURO LOPEZ PEREZ,70377400-8,FUNDACION ARTURO LOPEZ PEREZ,CORRECTIVA PROGRAMADA,PAUSED,acorbea,APOTECA-PS,,NO_TICKET_REPORTED,0,0,0,0,0,0,,,,,,,NO_USED_PARTS
2116,2023-08-28T12:30:00.000Z,FIELD_BEAT_CLIENT|70377400-8|FUNDACION ARTURO LOPEZ PEREZ,70377400-8,FUNDACION ARTURO LOPEZ PEREZ,CORRECTIVA PROGRAMADA,FINISHED,acorbea,APOTECA-PS,,NO_TICKET_REPORTED,0,0,0,0,0,0,,,,,,,NO_USED_PARTS
2117,2023-08-28T14:20:00.000Z,FIELD_BEAT_CLIENT|70.377.400-8|FUNDACION ARTURO LOPEZ PEREZ,70.377.400-8,FUNDACION ARTURO LOPEZ PEREZ,CORRECTIVA PROGRAMADA,FINISHED,aecheverria,,,NO_TICKET_REPORTED,1,0,1,0,0,1,,,N/A,N/A,PLACEHOLDER_VALUE,PLACEHOLDER_REJECTED,HAS_PLACEHOLDERS
2118,2023-08-29T19:30:00.000Z,FIELD_BEAT_CLIENT|81.698.900-0|UC CHRISTUS - SCA,81.698.900-0,UC CHRISTUS - SCA,CORRECTIVA PROGRAMADA,FINISHED,rguapache,Linac-109256,,NO_TICKET_REPORTED,0,0,0,0,0,0,,,,,,,NO_USED_PARTS
2119,2023-08-29T20:00:00.000Z,FIELD_BEAT_CLIENT|93.930.000-7|CLÍNICA LAS CONDES,93.930.000-7,CLÍNICA LAS CONDES,CORRECTIVA PROGRAMADA,FINISHED,acorbea,CLC-1,129036,LINKED_TO_MISSING_OR_RESTRICTED_ZENDESK,0,0,0,0,0,0,,,,,,,NO_USED_PARTS
2120,2023-08-30T18:15:00.000Z,FIELD_BEAT_CLIENT|81.698.900-0|UC CHRISTUS - SCA,81.698.900-0,UC CHRISTUS - SCA,ASISTENCIA REMOTA,FINISHED,rguapache,Linac-109256,,NO_TICKET_REPORTED,0,0,0,0,0,0,,,,,,,NO_USED_PARTS
2121,2023-08-30T20:05:00.000Z,FIELD_BEAT_CLIENT|81.698.900-0|UC CHRISTUS - CECA,81.698.900-0,UC CHRISTUS - CECA,CORRECTIVA NO PROGRAMADA,FINISHED,ccarrasquel,Linac-153935,191139,LINKED_TO_MISSING_OR_RESTRICTED_ZENDESK,0,0,0,0,0,0,,,,,,,NO_USED_PARTS
2122,2023-08-30T17:30:00.000Z,FIELD_BEAT_CLIENT|81.698.900-0|UC CHRISTUS - CECA,81.698.900-0,UC CHRISTUS - CECA,CORRECTIVA NO PROGRAMADA,FINISHED,acorbea,Linac-153935,115048,LINKED_TO_MISSING_OR_RESTRICTED_ZENDESK,1,1,0,0,0,0,45133165177,10716,45133165177,"thyratron, hydtogen",MATCHED,REF_EXACT,OK
2123,2023-08-30T20:30:00.000Z,FIELD_BEAT_CLIENT|61.608.404-6|Instituto Nacional del Cáncer (INC),61.608.404-6,Instituto Nacional del Cáncer (INC),CORRECTIVA NO PROGRAMADA,FINISHED,rguapache,INC-INFINITY01,,NO_TICKET_REPORTED,1,1,0,0,0,1,1018265_proveedor_local,11961,1018265,FRU Z MOTOR BRUSH SET (Electrocraft),MATCHED,REF_LIKE,REVIEW_REQUIRED
2124,2023-08-31T18:00:00.000Z,FIELD_BEAT_CLIENT|96.757.430-9|INRAD,96.757.430-9,INRAD,CORRECTIVA PROGRAMADA,FINISHED,varenas,Linac-201172,432011,LINKED_TO_MISSING_OR_RESTRICTED_ZENDESK,0,0,0,0,0,0,,,,,,,NO_USED_PARTS
2125,2023-09-01T20:00:00.000Z,FIELD_BEAT_CLIENT|81.698.900-0|UC CHRISTUS - SCA,81.698.900-0,UC CHRISTUS - SCA,CORRECTIVA PROGRAMADA,FINISHED,rguapache,Linac-109256,,NO_TICKET_REPORTED,1,1,0,0,0,0,1018559,10724,1018559,"(02) Assy, Bracket & Fan",MATCHED,REF_EXACT,OK
2126,2023-09-01T21:00:00.000Z,FIELD_BEAT_CLIENT|96.770.100-9|CLINICA ALEMANA DE SANTIAGO,96.770.100-9,CLINICA ALEMANA DE SANTIAGO,CORRECTIVA PROGRAMADA,FINISHED,acorbea,Linac-152171|Linac-151673,,NO_TICKET_REPORTED,0,0,0,0,0,0,,,,,,,NO_USED_PARTS
2127,2023-09-02T13:00:00.000Z,FIELD_BEAT_CLIENT|70377400-8|FUNDACION ARTURO LOPEZ PEREZ,70377400-8,FUNDACION ARTURO LOPEZ PEREZ,CORRECTIVA PROGRAMADA,FINISHED,rguapache,LINAC-153038,,NO_TICKET_REPORTED,1,1,0,0,0,0,1527814,11929,1527814,"IPCU, PSU Ion Pump",MATCHED,REF_EXACT,OK
2128,2023-09-04T10:39:00.000Z,FIELD_BEAT_CLIENT|81.698.900-0|UC CHRISTUS - SCA,81.698.900-0,UC CHRISTUS - SCA,CORRECTIVA NO PROGRAMADA,FINISHED,rguapache,Linac-109256,,NO_TICKET_REPORTED,0,0,0,0,0,0,,,,,,,NO_USED_PARTS
2129,2023-09-04T12:28:00.000Z,FIELD_BEAT_CLIENT|70.377.400-8|FUNDACION ARTURO LOPEZ PEREZ,70.377.400-8,FUNDACION ARTURO LOPEZ PEREZ,CORRECTIVA PROGRAMADA,FINISHED,aecheverria,,,NO_TICKET_REPORTED,1,0,1,0,0,1,,,N/A,Térmico impresora Zebra,PLACEHOLDER_VALUE,PLACEHOLDER_REJECTED,HAS_PLACEHOLDERS
2130,2023-09-04T11:30:00.000Z,FIELD_BEAT_CLIENT|70377400-8|FUNDACION ARTURO LOPEZ PEREZ,70377400-8,FUNDACION ARTURO LOPEZ PEREZ,REQUERIMIENTO DEL CLIENTE,FINISHED,rcammalleri,APOTECA-CHEMO,,NO_TICKET_REPORTED,0,0,0,0,0,0,,,,,,,NO_USED_PARTS
2131,2023-09-04T19:30:00.000Z,FIELD_BEAT_CLIENT|81.698.900-0|UC CHRISTUS - SCA,81.698.900-0,UC CHRISTUS - SCA,CORRECTIVA PROGRAMADA,FINISHED,rguapache,Linac-109256,,NO_TICKET_REPORTED,0,0,0,0,0,0,,,,,,,NO_USED_PARTS
2132,2023-09-05T16:10:00.000Z,FIELD_BEAT_CLIENT|70377400-8|FUNDACION ARTURO LOPEZ PEREZ,70377400-8,FUNDACION ARTURO LOPEZ PEREZ,CORRECTIVA NO PROGRAMADA,FINISHED,rguapache,LINAC-153038,,NO_TICKET_REPORTED,0,0,0,0,0,0,,,,,,,NO_USED_PARTS
2133,2023-09-08T11:54:00.000Z,FIELD_BEAT_CLIENT|61.606.500-9|HOSPITAL CARLOS VAN BUREN (SSVSA),61.606.500-9,HOSPITAL CARLOS VAN BUREN (SSVSA),CORRECTIVA NO PROGRAMADA,FINISHED,aecheverria,Linac-154325,0101,LINKED_TO_MISSING_OR_RESTRICTED_ZENDESK,1,1,0,0,0,0,1534958,11034,1534958,Kit Spare Leaf MO  Cant: 1,MATCHED,REF_EXACT,OK
2134,2023-09-08T19:30:00.000Z,FIELD_BEAT_CLIENT|61.606.500-9|HOSPITAL CARLOS VAN BUREN (SSVSA),61.606.500-9,HOSPITAL CARLOS VAN BUREN (SSVSA),CORRECTIVA PROGRAMADA,FINISHED,aecheverria,,0101,LINKED_TO_MISSING_OR_RESTRICTED_ZENDESK,2,2,0,0,0,0,1556287|1564298,12261|11039,1556287|1564298,KIT SPARES DIAPHRAGM BRAKE Cant: 2|PCB DLG and DIAPHRAGM,MATCHED,REF_EXACT,OK
2135,2023-09-08T19:30:00.000Z,FIELD_BEAT_CLIENT|61.606.500-9|HOSPITAL CARLOS VAN BUREN (SSVSA),61.606.500-9,HOSPITAL CARLOS VAN BUREN (SSVSA),CORRECTIVA PROGRAMADA,FINISHED,aecheverria,Linac-154325,823784,LINKED_TO_MISSING_OR_RESTRICTED_ZENDESK,1,1,0,0,0,0,1024183,12209,1024183,Water Pump,MATCHED,REF_EXACT,OK
2136,2023-09-07T15:00:00.000Z,FIELD_BEAT_CLIENT|70.377.400-8|FUNDACION ARTURO LOPEZ PEREZ,70.377.400-8,FUNDACION ARTURO LOPEZ PEREZ,ASISTENCIA REMOTA,STARTED,aecheverria,,,NO_TICKET_REPORTED,0,0,0,0,0,0,,,,,,,NO_USED_PARTS
2137,2023-09-11T14:40:00.000Z,FIELD_BEAT_CLIENT|96.770.100-9|CLINICA ALEMANA DE SANTIAGO,96.770.100-9,CLINICA ALEMANA DE SANTIAGO,CORRECTIVA NO PROGRAMADA,FINISHED,acorbea,Linac-152171,,NO_TICKET_REPORTED,0,0,0,0,0,0,,,,,,,NO_USED_PARTS
2138,2023-09-11T17:34:00.000Z,FIELD_BEAT_CLIENT|93.930.000-7|CLÍNICA LAS CONDES,93.930.000-7,CLÍNICA LAS CONDES,CORRECTIVA NO PROGRAMADA,FINISHED,acorbea,CLC-1,,NO_TICKET_REPORTED,0,0,0,0,0,0,,,,,,,NO_USED_PARTS
2139,2023-09-12T18:00:00.000Z,FIELD_BEAT_CLIENT|81.698.900-0|UC CHRISTUS - SCA,81.698.900-0,UC CHRISTUS - SCA,CORRECTIVA PROGRAMADA,FINISHED,acorbea,Linac-109256,758700,LINKED_TO_MISSING_OR_RESTRICTED_ZENDESK,0,0,0,0,0,0,,,,,,,NO_USED_PARTS
2140,2023-09-12T20:50:00.000Z,FIELD_BEAT_CLIENT|81.698.900-0|UC CHRISTUS - CECA,81.698.900-0,UC CHRISTUS - CECA,CORRECTIVA NO PROGRAMADA,FINISHED,rguapache,Linac-153935,,NO_TICKET_REPORTED,1,0,1,0,0,1,,,,Cable DVI 5mts,PLACEHOLDER_VALUE,PLACEHOLDER_REJECTED,HAS_PLACEHOLDERS
2141,2023-09-13T19:14:00.000Z,FIELD_BEAT_CLIENT|96.770.100-9|CLINICA ALEMANA DE SANTIAGO,96.770.100-9,CLINICA ALEMANA DE SANTIAGO,CORRECTIVA NO PROGRAMADA,FINISHED,ccarrasquel,Linac-152171,,NO_TICKET_REPORTED,1,1,0,0,0,0,1016518,11006,1016518,detector panel PSU,MATCHED,REF_EXACT,OK
2142,2023-09-13T11:30:00.000Z,FIELD_BEAT_CLIENT|76.746.730-3|CLÍNICA SANATORIO ALEMÁN (ONCORAD),76.746.730-3,CLÍNICA SANATORIO ALEMÁN (ONCORAD),PREVENTIVA PROGRAMADA,FINISHED,ebecker,HDR_10806,,NO_TICKET_REPORTED,1,0,1,0,0,1,,,N/A,Fuente de Iridium 192,PLACEHOLDER_VALUE,PLACEHOLDER_REJECTED,HAS_PLACEHOLDERS
2143,2023-09-15T13:30:00.000Z,FIELD_BEAT_CLIENT|61.608.404-6|Instituto Nacional del Cáncer (INC),61.608.404-6,Instituto Nacional del Cáncer (INC),CORRECTIVA NO PROGRAMADA,FINISHED,ccarrasquel,INC-INFINITY01,777777,LINKED_TO_MISSING_OR_RESTRICTED_ZENDESK,1,1,0,0,0,0,1517657,10701,1517657,"PCB ASSY, LEAF MOTOR DRIVE",MATCHED,REF_EXACT,OK
2144,2023-09-20T11:00:00.000Z,FIELD_BEAT_CLIENT|70377400-8|FUNDACION ARTURO LOPEZ PEREZ,70377400-8,FUNDACION ARTURO LOPEZ PEREZ,CORRECTIVA NO PROGRAMADA,FINISHED,acorbea,LINAC-153038,,NO_TICKET_REPORTED,0,0,0,0,0,0,,,,,,,NO_USED_PARTS
2145,2023-09-22T19:00:00.000Z,FIELD_BEAT_CLIENT|96.770.100-9|CLINICA ALEMANA DE SANTIAGO,96.770.100-9,CLINICA ALEMANA DE SANTIAGO,PREVENTIVA PROGRAMADA,FINISHED,acorbea,Linac-152171,,NO_TICKET_REPORTED,1,0,1,0,0,1,,,,"Alcohol
Wd40
aceite lubricante triflow
grasa Ep2
paños microfibras
aceite de caja mécanica",PLACEHOLDER_VALUE,PLACEHOLDER_REJECTED,HAS_PLACEHOLDERS
2146,2023-09-22T19:00:00.000Z,FIELD_BEAT_CLIENT|96.770.100-9|CLINICA ALEMANA DE SANTIAGO,96.770.100-9,CLINICA ALEMANA DE SANTIAGO,PREVENTIVA PROGRAMADA,FINISHED,acorbea,Linac-152171,,NO_TICKET_REPORTED,1,1,0,0,0,0,4513316442301M,10312,4513316442301M,"water filter. cant = 2
wd40
aceite triflow
grasa ep2",MATCHED,REF_EXACT,OK
2147,2023-09-23T10:15:00.000Z,FIELD_BEAT_CLIENT|70377400-8|FUNDACION ARTURO LOPEZ PEREZ,70377400-8,FUNDACION ARTURO LOPEZ PEREZ,CORRECTIVA PROGRAMADA,FINISHED,rguapache,LINAC-153038,,NO_TICKET_REPORTED,1,0,1,0,0,1,,,,(05) nueces cortas,PLACEHOLDER_VALUE,PLACEHOLDER_REJECTED,HAS_PLACEHOLDERS
2148,2023-09-25T12:00:00.000Z,FIELD_BEAT_CLIENT|76.746.730-3|CLÍNICA SANATORIO ALEMÁN (ONCORAD),76.746.730-3,CLÍNICA SANATORIO ALEMÁN (ONCORAD),CORRECTIVA NO PROGRAMADA,FINISHED,ebecker,Linac-201110,,NO_TICKET_REPORTED,1,0,1,0,0,1,,,N/A,N/A,PLACEHOLDER_VALUE,PLACEHOLDER_REJECTED,HAS_PLACEHOLDERS
2149,2023-09-27T11:00:00.000Z,FIELD_BEAT_CLIENT|93.930.000-7|CLÍNICA LAS CONDES,93.930.000-7,CLÍNICA LAS CONDES,CORRECTIVA PROGRAMADA,FINISHED,acorbea,CLC-1,,NO_TICKET_REPORTED,1,0,1,0,0,1,,,,Tarjeta PCB de telemetro,PLACEHOLDER_VALUE,PLACEHOLDER_REJECTED,HAS_PLACEHOLDERS
2150,2023-09-27T17:45:00.000Z,FIELD_BEAT_CLIENT|61.605.000-1|INSTITUTO DE SALUD PUBLICA (ISP),61.605.000-1,INSTITUTO DE SALUD PUBLICA (ISP),PREVENTIVA PROGRAMADA,FINISHED,acorbea,PANASONIC-ISP,107185,LINKED_TO_MISSING_OR_RESTRICTED_ZENDESK,1,0,1,0,0,1,,,,"paños microfibras
alcohol
wd40
aceite lubricante
spray especial para sistema óptico",PLACEHOLDER_VALUE,PLACEHOLDER_REJECTED,HAS_PLACEHOLDERS
2151,2023-09-29T16:18:00.000Z,FIELD_BEAT_CLIENT|61.608.404-6|Instituto Nacional del Cáncer (INC),61.608.404-6,Instituto Nacional del Cáncer (INC),CORRECTIVA PROGRAMADA,FINISHED,ccarrasquel,INC-INFINITY01,,NO_TICKET_REPORTED,2,2,0,0,0,0,1502613|45133304800,10994|10375,1502613|4513 330 4800,"mod kit, láser odi lamp|electron gun assy",MATCHED,REF_EXACT|REF_NORMALIZED_EXACT,OK
2152,2023-09-29T21:30:00.000Z,FIELD_BEAT_CLIENT|70377400-8|FUNDACION ARTURO LOPEZ PEREZ,70377400-8,FUNDACION ARTURO LOPEZ PEREZ,CORRECTIVA PROGRAMADA,FINISHED,rguapache,LINAC-153038,,NO_TICKET_REPORTED,1,0,0,1,0,1,,,1500954,Voltage Regulator PCB Assy,NO_MATCH,NONE,HAS_UNMATCHED_PARTS
2153,2023-09-29T18:00:00.000Z,FIELD_BEAT_CLIENT|96.770.100-9|CLINICA ALEMANA DE SANTIAGO,96.770.100-9,CLINICA ALEMANA DE SANTIAGO,CORRECTIVA PROGRAMADA,FINISHED,acorbea,Linac-152171,,NO_TICKET_REPORTED,1,1,0,0,0,0,45133304800,10375,45133304800,electron gun assy,MATCHED,REF_EXACT,OK
2154,2023-10-02T13:00:00.000Z,FIELD_BEAT_CLIENT|93.930.000-7|CLÍNICA LAS CONDES,93.930.000-7,CLÍNICA LAS CONDES,PREVENTIVA PROGRAMADA,FINISHED,aecheverria,CLC-1,,NO_TICKET_REPORTED,1,0,1,0,0,1,,,N/A,"Lubricante W40
Paños de fibra sin residuos
Aire comprimido",PLACEHOLDER_VALUE,PLACEHOLDER_REJECTED,HAS_PLACEHOLDERS
2155,2023-10-02T15:30:00.000Z,FIELD_BEAT_CLIENT|93.930.000-7|CLÍNICA LAS CONDES,93.930.000-7,CLÍNICA LAS CONDES,PREVENTIVA PROGRAMADA,FINISHED,acorbea,CLC-1,,NO_TICKET_REPORTED,1,0,1,0,0,1,,,,"Grasa ep2
wd40
alcohol
triflow
paños",PLACEHOLDER_VALUE,PLACEHOLDER_REJECTED,HAS_PLACEHOLDERS
2156,2023-10-03T12:15:00.000Z,FIELD_BEAT_CLIENT|70.377.400-8|FUNDACION ARTURO LOPEZ PEREZ,70.377.400-8,FUNDACION ARTURO LOPEZ PEREZ,CORRECTIVA NO PROGRAMADA,FINISHED,aecheverria,,,NO_TICKET_REPORTED,1,0,1,0,0,1,,,N/A,N/A,PLACEHOLDER_VALUE,PLACEHOLDER_REJECTED,HAS_PLACEHOLDERS
2157,2023-10-03T20:18:00.000Z,FIELD_BEAT_CLIENT|96.757.430-9|INRAD,96.757.430-9,INRAD,CORRECTIVA PROGRAMADA,FINISHED,ccarrasquel,Linac-201172,816664,LINKED_TO_MISSING_OR_RESTRICTED_ZENDESK,0,0,0,0,0,0,,,,,,,NO_USED_PARTS
2158,2023-09-25T19:00:00.000Z,FIELD_BEAT_CLIENT|81.698.900-0|UC CHRISTUS - CECA,81.698.900-0,UC CHRISTUS - CECA,CORRECTIVA NO PROGRAMADA,FINISHED,rguapache,Linac-153935,,NO_TICKET_REPORTED,1,1,0,0,0,0,1515098,10374,1515098,IonPump (lado target),MATCHED,REF_EXACT,OK
2159,2023-10-04T20:00:00.000Z,FIELD_BEAT_CLIENT|81.698.900-0|UC CHRISTUS - CECA,81.698.900-0,UC CHRISTUS - CECA,CORRECTIVA PROGRAMADA,FINISHED,acorbea,Linac-109374,888306,LINKED_TO_MISSING_OR_RESTRICTED_ZENDESK,0,0,0,0,0,0,,,,,,,NO_USED_PARTS
2160,2023-10-05T18:30:00.000Z,FIELD_BEAT_CLIENT|81.698.900-0|UC CHRISTUS - SCA,81.698.900-0,UC CHRISTUS - SCA,CORRECTIVA PROGRAMADA,FINISHED,acorbea,Linac-109256,9999,LINKED_TO_MISSING_OR_RESTRICTED_ZENDESK,0,0,0,0,0,0,,,,,,,NO_USED_PARTS
2161,2023-10-06T11:45:00.000Z,FIELD_BEAT_CLIENT|70377400-8|FUNDACION ARTURO LOPEZ PEREZ,70377400-8,FUNDACION ARTURO LOPEZ PEREZ,CORRECTIVA PROGRAMADA,FINISHED,acorbea,APOTECA-CHEMO,,NO_TICKET_REPORTED,1,0,1,0,0,1,,,,loctite,PLACEHOLDER_VALUE,PLACEHOLDER_REJECTED,HAS_PLACEHOLDERS
2162,2023-10-06T14:06:00.000Z,FIELD_BEAT_CLIENT|61.608.404-6|Instituto Nacional del Cáncer (INC),61.608.404-6,Instituto Nacional del Cáncer (INC),CORRECTIVA PROGRAMADA,FINISHED,ccarrasquel,INC-INFINITY01,,NO_TICKET_REPORTED,4,1,0,3,0,3,1564298,11039,1564298|1527044|1526644|1556292,"pcb assy, DLG and Diaphragm  drive|programmed pcb assy, router|pcb assy, Wedge control|kit spare DLG brake (2 unidades)",MATCHED|NO_MATCH,REF_EXACT|NONE,HAS_UNMATCHED_PARTS
2163,2023-10-06T19:45:00.000Z,FIELD_BEAT_CLIENT|96.770.100-9|CLINICA ALEMANA DE SANTIAGO,96.770.100-9,CLINICA ALEMANA DE SANTIAGO,CORRECTIVA PROGRAMADA,FINISHED,acorbea,Linac-152171|Linac-151673,,NO_TICKET_REPORTED,2,2,0,0,0,0,1515098|1564298,10374|11039,1515098|1564298,ion pump - spare|pcb dlg/diafragmas cant 1,MATCHED,REF_EXACT,OK
2164,2023-10-10T14:02:00.000Z,FIELD_BEAT_CLIENT|96.770.100-9|CLINICA ALEMANA DE SANTIAGO,96.770.100-9,CLINICA ALEMANA DE SANTIAGO,CORRECTIVA NO PROGRAMADA,FINISHED,aecheverria,Linac-151673,,NO_TICKET_REPORTED,1,0,1,0,0,1,,,N/A,N/A,PLACEHOLDER_VALUE,PLACEHOLDER_REJECTED,HAS_PLACEHOLDERS
2165,2023-10-12T14:00:00.000Z,FIELD_BEAT_CLIENT|76.105.383-3|TORRE MÉDICA - RANCAGUA,76.105.383-3,TORRE MÉDICA - RANCAGUA,CORRECTIVA PROGRAMADA,FINISHED,rguapache,Linac-105157,,NO_TICKET_REPORTED,0,0,0,0,0,0,,,,,,,NO_USED_PARTS
2166,2023-10-13T18:00:00.000Z,FIELD_BEAT_CLIENT|70377400-8|FUNDACION ARTURO LOPEZ PEREZ,70377400-8,FUNDACION ARTURO LOPEZ PEREZ,CORRECTIVA PROGRAMADA,FINISHED,rcammalleri,APOTECA-CHEMO,,NO_TICKET_REPORTED,0,0,0,0,0,0,,,,,,,NO_USED_PARTS
2167,2023-10-17T18:00:00.000Z,FIELD_BEAT_CLIENT|81.698.900-0|UC CHRISTUS - SCA,81.698.900-0,UC CHRISTUS - SCA,CORRECTIVA PROGRAMADA,FINISHED,acorbea,Linac-109256,,NO_TICKET_REPORTED,1,0,1,0,0,1,,,n/a,n/a,PLACEHOLDER_VALUE,PLACEHOLDER_REJECTED,HAS_PLACEHOLDERS
2168,2023-10-19T13:18:00.000Z,FIELD_BEAT_CLIENT|61.608.404-6|Instituto Nacional del Cáncer (INC),61.608.404-6,Instituto Nacional del Cáncer (INC),CORRECTIVA PROGRAMADA,FINISHED,ccarrasquel,INC-INFINITY01,381608,LINKED_TO_MISSING_OR_RESTRICTED_ZENDESK,0,0,0,0,0,0,,,,,,,NO_USED_PARTS
2169,2023-10-19T15:42:00.000Z,FIELD_BEAT_CLIENT|61.608.404-6|Instituto Nacional del Cáncer (INC),61.608.404-6,Instituto Nacional del Cáncer (INC),CORRECTIVA PROGRAMADA,FINISHED,ccarrasquel,INC-INFINITY01,240610,LINKED_TO_MISSING_OR_RESTRICTED_ZENDESK,1,1,0,0,0,0,1534958,11034,1534958,"kit, spares, leaf motor",MATCHED,REF_EXACT,OK
2170,2023-10-20T11:30:00.000Z,FIELD_BEAT_CLIENT|76.746.730-3|CLÍNICA SANATORIO ALEMÁN (ONCORAD),76.746.730-3,CLÍNICA SANATORIO ALEMÁN (ONCORAD),REQUERIMIENTO DEL CLIENTE,FINISHED,ebecker,Linac-201110,,NO_TICKET_REPORTED,1,0,0,0,1,1,,,"45133317849
45133317850
1016984
45133318485
45133318486
45133318488
45133318487
45133318489","PCB 811 INTERCONNECT LADO B
PCB 812 INTERCONNECT LADO A
ISO ROTATION BRAKE
CABLE SKT 810A-PL801A
CABLE SKT 810B-PL801B
CABLE SKT 810E-PL801E
CABLE SKT 810C-PL802C
CABLE SKT 810F-PL802F",AMBIGUOUS_MATCH,REF_LIKE,HAS_AMBIGUOUS_PARTS
2171,2023-10-24T13:25:00.000Z,FIELD_BEAT_CLIENT||FUNDACION ARTURO LOPEZ PEREZ,,FUNDACION ARTURO LOPEZ PEREZ,INSTALACION - INTEGRACION,FINISHED,rcammalleri,,,NO_TICKET_REPORTED,1,1,0,0,0,0,2246067,11190,2246067,Printer SII Smart Label Printer 650,MATCHED,REF_EXACT,OK
2172,2023-10-24T10:30:00.000Z,FIELD_BEAT_CLIENT|70377400-8|FUNDACION ARTURO LOPEZ PEREZ,70377400-8,FUNDACION ARTURO LOPEZ PEREZ,CORRECTIVA NO PROGRAMADA,FINISHED,rguapache,LINAC-153038,,NO_TICKET_REPORTED,0,0,0,0,0,0,,,,,,,NO_USED_PARTS
2173,2023-10-20T16:30:00.000Z,FIELD_BEAT_CLIENT|61.606.500-9|HOSPITAL CARLOS VAN BUREN (SSVSA),61.606.500-9,HOSPITAL CARLOS VAN BUREN (SSVSA),CORRECTIVA PROGRAMADA,FINISHED,acorbea,Linac-154325,303706,LINKED_TO_MISSING_OR_RESTRICTED_ZENDESK,2,1,0,0,1,1,1502613,10994,"1502613|4513341185001U
4513341184601U",Laser ODI Spares Kit|cable PL9 y PL5,MATCHED|AMBIGUOUS_MATCH,REF_EXACT|REF_LIKE,HAS_AMBIGUOUS_PARTS
2174,2023-10-25T10:30:00.000Z,FIELD_BEAT_CLIENT|61.606.500-9|HOSPITAL CARLOS VAN BUREN (SSVSA),61.606.500-9,HOSPITAL CARLOS VAN BUREN (SSVSA),CORRECTIVA NO PROGRAMADA,FINISHED,rguapache,Linac-154325,,NO_TICKET_REPORTED,1,1,0,0,0,0,4513316442101T,10986,4513316442101T,"Potentiometer 20K, 10T",MATCHED,REF_EXACT,OK
2175,2023-10-25T20:44:00.000Z,FIELD_BEAT_CLIENT|76.105.383-3|TORRE MÉDICA - RANCAGUA,76.105.383-3,TORRE MÉDICA - RANCAGUA,,ARCHIVED,,Linac-105157,,NO_TICKET_REPORTED,0,0,0,0,0,0,,,,,,,NO_USED_PARTS
2176,2023-10-25T21:04:00.000Z,FIELD_BEAT_CLIENT|76.105.383-3|TORRE MÉDICA - RANCAGUA,76.105.383-3,TORRE MÉDICA - RANCAGUA,CORRECTIVA PROGRAMADA,FINISHED,ccarrasquel,Linac-105157,,NO_TICKET_REPORTED,0,0,0,0,0,0,,,,,,,NO_USED_PARTS
2177,2023-10-25T23:00:00.000Z,FIELD_BEAT_CLIENT|81.698.900-0|UC CHRISTUS - CECA,81.698.900-0,UC CHRISTUS - CECA,CORRECTIVA PROGRAMADA,FINISHED,rguapache,Linac-153935,,NO_TICKET_REPORTED,0,0,0,0,0,0,,,,,,,NO_USED_PARTS
2178,2023-10-26T11:30:00.000Z,FIELD_BEAT_CLIENT|70377400-8|FUNDACION ARTURO LOPEZ PEREZ,70377400-8,FUNDACION ARTURO LOPEZ PEREZ,CORRECTIVA PROGRAMADA,FINISHED,rcammalleri,APOTECA-CHEMO,,NO_TICKET_REPORTED,0,0,0,0,0,0,,,,,,,NO_USED_PARTS
2179,2023-10-26T15:30:00.000Z,FIELD_BEAT_CLIENT|76.105.383-3|TORRE MÉDICA - RANCAGUA,76.105.383-3,TORRE MÉDICA - RANCAGUA,CORRECTIVA PROGRAMADA,FINISHED,rguapache,Linac-105157,,NO_TICKET_REPORTED,0,0,0,0,0,0,,,,,,,NO_USED_PARTS
2180,2023-10-30T14:50:00.000Z,FIELD_BEAT_CLIENT|96.757.430-9|INRAD,96.757.430-9,INRAD,CORRECTIVA NO PROGRAMADA,FINISHED,mreyes,,,NO_TICKET_REPORTED,1,0,0,1,0,1,,,No hay.,No hay.,NO_MATCH,NONE,HAS_UNMATCHED_PARTS
2181,2023-10-31T13:01:00.000Z,FIELD_BEAT_CLIENT|76.105.383-3|TORRE MÉDICA - RANCAGUA,76.105.383-3,TORRE MÉDICA - RANCAGUA,CORRECTIVA PROGRAMADA,STARTED,mreyes,Linac-105277,,NO_TICKET_REPORTED,0,0,0,0,0,0,,,,,,,NO_USED_PARTS
2182,2023-10-31T17:41:00.000Z,FIELD_BEAT_CLIENT|76.105.383-3|TORRE MÉDICA - RANCAGUA,76.105.383-3,TORRE MÉDICA - RANCAGUA,CORRECTIVA PROGRAMADA,FINISHED,mreyes,Linac-105157,,NO_TICKET_REPORTED,1,0,0,1,0,1,,,No hay,No hay,NO_MATCH,NONE,HAS_UNMATCHED_PARTS
2183,2023-10-31T19:00:00.000Z,FIELD_BEAT_CLIENT|93.930.000-7|CLÍNICA LAS CONDES,93.930.000-7,CLÍNICA LAS CONDES,CORRECTIVA PROGRAMADA,FINISHED,acorbea,CLC-1,561750,LINKED_TO_MISSING_OR_RESTRICTED_ZENDESK,1,0,1,0,0,1,,,n/a,n/a,PLACEHOLDER_VALUE,PLACEHOLDER_REJECTED,HAS_PLACEHOLDERS
2184,2023-10-31T20:30:00.000Z,FIELD_BEAT_CLIENT|96.757.430-9|INRAD,96.757.430-9,INRAD,CORRECTIVA PROGRAMADA,FINISHED,ccarrasquel,Linac-201172,998343,LINKED_TO_MISSING_OR_RESTRICTED_ZENDESK,0,0,0,0,0,0,,,,,,,NO_USED_PARTS
2185,2023-11-02T16:00:00.000Z,FIELD_BEAT_CLIENT|81.698.900-0|UC CHRISTUS - CECA,81.698.900-0,UC CHRISTUS - CECA,CORRECTIVA NO PROGRAMADA,FINISHED,acorbea,Linac-109374,905198,LINKED_TO_MISSING_OR_RESTRICTED_ZENDESK,1,0,1,0,0,1,,,,"potenciometro coarse
potenciometro fine",PLACEHOLDER_VALUE,PLACEHOLDER_REJECTED,HAS_PLACEHOLDERS
2186,2023-11-03T19:00:00.000Z,FIELD_BEAT_CLIENT|81.698.900-0|UC CHRISTUS - SCA,81.698.900-0,UC CHRISTUS - SCA,CORRECTIVA PROGRAMADA,FINISHED,acorbea,Linac-109256,885291,LINKED_TO_MISSING_OR_RESTRICTED_ZENDESK,0,0,0,0,0,0,,,,,,,NO_USED_PARTS
2187,2023-09-15T18:00:00.000Z,FIELD_BEAT_CLIENT|70377400-8|FUNDACION ARTURO LOPEZ PEREZ,70377400-8,FUNDACION ARTURO LOPEZ PEREZ,CORRECTIVA PROGRAMADA,FINISHED,rguapache,LINAC-153038,,NO_TICKET_REPORTED,0,0,0,0,0,0,,,,,,,NO_USED_PARTS
2188,2023-09-15T18:00:00.000Z,FIELD_BEAT_CLIENT|70377400-8|FUNDACION ARTURO LOPEZ PEREZ,70377400-8,FUNDACION ARTURO LOPEZ PEREZ,PREVENTIVA PROGRAMADA,FINISHED,rguapache,LINAC-153038,,NO_TICKET_REPORTED,0,0,0,0,0,0,,,,,,,NO_USED_PARTS
2189,2023-11-10T18:00:00.000Z,FIELD_BEAT_CLIENT|70377400-8|FUNDACION ARTURO LOPEZ PEREZ,70377400-8,FUNDACION ARTURO LOPEZ PEREZ,PREVENTIVA PROGRAMADA,FINISHED,rguapache,LINAC-153038,,NO_TICKET_REPORTED,0,0,0,0,0,0,,,,,,,NO_USED_PARTS
2190,2023-10-30T13:00:00.000Z,FIELD_BEAT_CLIENT|70377400-8|FUNDACION ARTURO LOPEZ PEREZ,70377400-8,FUNDACION ARTURO LOPEZ PEREZ,CORRECTIVA PROGRAMADA,FINISHED,rguapache,LINAC-153038,,NO_TICKET_REPORTED,4,4,0,0,0,0,45133304800|1024939|1515098|45133165177,10375|10776|10374|10716,45133304800|1024939|1515098|45133165177,"Electron Gun Assy|Assy 40x40x10mm Led Projector Fan, Heatsink|Ion Pump Spare|Thyratron e2V CX1154L",MATCHED,REF_EXACT,OK
2191,2023-11-07T16:48:00.000Z,FIELD_BEAT_CLIENT|61.608.404-6|Instituto Nacional del Cáncer (INC),61.608.404-6,Instituto Nacional del Cáncer (INC),CORRECTIVA PROGRAMADA,FINISHED,ccarrasquel,INC-INFINITY01,381608,LINKED_TO_MISSING_OR_RESTRICTED_ZENDESK,1,0,0,0,1,1,,,1553878,Z motor abd Brake,AMBIGUOUS_MATCH,REF_LIKE,HAS_AMBIGUOUS_PARTS
2192,2023-11-07T16:55:00.000Z,FIELD_BEAT_CLIENT|61.608.404-6|Instituto Nacional del Cáncer (INC),61.608.404-6,Instituto Nacional del Cáncer (INC),CORRECTIVA PROGRAMADA,FINISHED,ccarrasquel,INC-INFINITY01,163167,LINKED_TO_MISSING_OR_RESTRICTED_ZENDESK,0,0,0,0,0,0,,,,,,,NO_USED_PARTS
2193,2023-11-08T11:57:00.000Z,FIELD_BEAT_CLIENT|70377400-8|FUNDACION ARTURO LOPEZ PEREZ,70377400-8,FUNDACION ARTURO LOPEZ PEREZ,CORRECTIVA PROGRAMADA,FINISHED,ccarrasquel,LINAC-153038,670601,LINKED_TO_MISSING_OR_RESTRICTED_ZENDESK,0,0,0,0,0,0,,,,,,,NO_USED_PARTS
2194,2023-11-10T11:30:00.000Z,FIELD_BEAT_CLIENT|76.746.730-3|CLÍNICA SANATORIO ALEMÁN (ONCORAD),76.746.730-3,CLÍNICA SANATORIO ALEMÁN (ONCORAD),PREVENTIVA PROGRAMADA,FINISHED,ebecker,Linac-201110,,NO_TICKET_REPORTED,1,0,1,0,0,1,,,N/A,N/A,PLACEHOLDER_VALUE,PLACEHOLDER_REJECTED,HAS_PLACEHOLDERS
2195,2023-11-10T19:00:00.000Z,FIELD_BEAT_CLIENT|70377400-8|FUNDACION ARTURO LOPEZ PEREZ,70377400-8,FUNDACION ARTURO LOPEZ PEREZ,REQUERIMIENTO DEL CLIENTE,FINISHED,rcammalleri,APOTECA-PS,,NO_TICKET_REPORTED,0,0,0,0,0,0,,,,,,,NO_USED_PARTS
2196,2023-11-10T11:30:00.000Z,FIELD_BEAT_CLIENT|81.698.900-0|UC CHRISTUS - CECA,81.698.900-0,UC CHRISTUS - CECA,PREVENTIVA PROGRAMADA,FINISHED,rguapache,Linac-109374,,NO_TICKET_REPORTED,0,0,0,0,0,0,,,,,,,NO_USED_PARTS
2197,2023-11-09T19:00:00.000Z,FIELD_BEAT_CLIENT|81.698.900-0|UC CHRISTUS - CECA,81.698.900-0,UC CHRISTUS - CECA,CORRECTIVA PROGRAMADA,FINISHED,acorbea,Linac-109374,888306,LINKED_TO_MISSING_OR_RESTRICTED_ZENDESK,2,2,0,0,0,0,1509023|1509024,12216|12212,1509023|1509024,"cable assembly, area 60 to area 70|cable assy, Area 60 to plgipi",MATCHED,REF_EXACT,OK
2198,2023-11-10T18:15:00.000Z,FIELD_BEAT_CLIENT|61.607.901-8|SERVICIO DE SALUD DE MAGALLANES,61.607.901-8,SERVICIO DE SALUD DE MAGALLANES,PREVENTIVA PROGRAMADA,FINISHED,raguila,,,NO_TICKET_REPORTED,1,0,1,0,0,1,,,N/C,N/C,PLACEHOLDER_VALUE,PLACEHOLDER_REJECTED,HAS_PLACEHOLDERS
2199,2023-11-07T15:30:00.000Z,FIELD_BEAT_CLIENT|76.746.730-3|RADIO ONCOLOGÍA DEL SUR,76.746.730-3,RADIO ONCOLOGÍA DEL SUR,REQUERIMIENTO DEL CLIENTE,FINISHED,ebecker,Linac-156187,,NO_TICKET_REPORTED,1,0,1,0,0,1,,,N/A,N/A,PLACEHOLDER_VALUE,PLACEHOLDER_REJECTED,HAS_PLACEHOLDERS
2200,2023-11-13T13:22:00.000Z,FIELD_BEAT_CLIENT|96.757.430-9|INRAD,96.757.430-9,INRAD,CORRECTIVA PROGRAMADA,FINISHED,ccarrasquel,Linac-201172,808156,LINKED_TO_MISSING_OR_RESTRICTED_ZENDESK,0,0,0,0,0,0,,,,,,,NO_USED_PARTS
2201,2023-11-13T11:30:00.000Z,FIELD_BEAT_CLIENT|70377400-8|FUNDACION ARTURO LOPEZ PEREZ,70377400-8,FUNDACION ARTURO LOPEZ PEREZ,PREVENTIVA PROGRAMADA,FINISHED,rcammalleri,APOTECA-CHEMO,,NO_TICKET_REPORTED,1,0,1,0,0,1,,,,Tapete de identificación viales,PLACEHOLDER_VALUE,PLACEHOLDER_REJECTED,HAS_PLACEHOLDERS
2202,2023-11-08T11:30:00.000Z,FIELD_BEAT_CLIENT|76.746.730-3|RADIO ONCOLOGÍA DEL SUR,76.746.730-3,RADIO ONCOLOGÍA DEL SUR,PREVENTIVA PROGRAMADA,FINISHED,ebecker,Linac-156187,,NO_TICKET_REPORTED,1,0,1,0,0,1,,,N/A,N/A,PLACEHOLDER_VALUE,PLACEHOLDER_REJECTED,HAS_PLACEHOLDERS
2203,2023-11-15T13:40:00.000Z,FIELD_BEAT_CLIENT|61.606.500-9|ACME,61.606.500-9,ACME,PREVENTIVA PROGRAMADA,FINISHED,rguapache,153038,,NO_TICKET_REPORTED,3,0,0,3,0,3,,,26786|3678|256774,jfkgkgkf|bfjkfkf|jfifkfof,NO_MATCH,NONE,HAS_UNMATCHED_PARTS
2204,2023-11-15T13:58:00.000Z,FIELD_BEAT_CLIENT|61.606.500-9|ACME,61.606.500-9,ACME,PREVENTIVA PROGRAMADA,ARCHIVED,,153038,,NO_TICKET_REPORTED,0,0,0,0,0,0,,,,,,,NO_USED_PARTS
2205,2023-11-14T18:30:00.000Z,FIELD_BEAT_CLIENT|76.746.730-3|CLÍNICA SANATORIO ALEMÁN (ONCORAD),76.746.730-3,CLÍNICA SANATORIO ALEMÁN (ONCORAD),CORRECTIVA NO PROGRAMADA,FINISHED,ebecker,Linac-201110,560333,LINKED_TO_MISSING_OR_RESTRICTED_ZENDESK,1,0,1,0,0,1,,,N/A,N/A,PLACEHOLDER_VALUE,PLACEHOLDER_REJECTED,HAS_PLACEHOLDERS
2206,2023-11-17T17:33:00.000Z,FIELD_BEAT_CLIENT|61.606.500-9|HOSPITAL CARLOS VAN BUREN (SSVSA),61.606.500-9,HOSPITAL CARLOS VAN BUREN (SSVSA),PREVENTIVA PROGRAMADA,FINISHED,ccarrasquel,Linac-154325,,NO_TICKET_REPORTED,0,0,0,0,0,0,,,,,,,NO_USED_PARTS
2207,2023-11-17T18:17:00.000Z,FIELD_BEAT_CLIENT|61.606.500-9|ACME,61.606.500-9,ACME,PREVENTIVA PROGRAMADA,ARCHIVED,,153038,,NO_TICKET_REPORTED,0,0,0,0,0,0,,,,,,,NO_USED_PARTS
2208,2023-11-17T19:45:00.654Z,FIELD_BEAT_CLIENT|96.770.100-9|CLINICA ALEMANA DE SANTIAGO,96.770.100-9,CLINICA ALEMANA DE SANTIAGO,PREVENTIVA PROGRAMADA,FINISHED,acorbea,Linac-151673,,NO_TICKET_REPORTED,1,0,1,0,0,1,,,,"paños microfibras
alcohol 70%
wd40
aceite triflow",PLACEHOLDER_VALUE,PLACEHOLDER_REJECTED,HAS_PLACEHOLDERS
2210,2023-11-17T19:45:27.222Z,FIELD_BEAT_CLIENT|96.770.100-9|CLINICA ALEMANA DE SANTIAGO,96.770.100-9,CLINICA ALEMANA DE SANTIAGO,PREVENTIVA PROGRAMADA,FINISHED,acorbea,Linac-151673,,NO_TICKET_REPORTED,1,0,1,0,0,1,,,,"paños microfibras
wd40
aceite triflow
aceite para caja de motor
alcohol 70%
baterias 12V cant 2",PLACEHOLDER_VALUE,PLACEHOLDER_REJECTED,HAS_PLACEHOLDERS
2211,2023-11-18T02:58:00.000Z,FIELD_BEAT_CLIENT|61.606.500-9|HOSPITAL CARLOS VAN BUREN (SSVSA),61.606.500-9,HOSPITAL CARLOS VAN BUREN (SSVSA),CORRECTIVA PROGRAMADA,FINISHED,ccarrasquel,Linac-154325,,NO_TICKET_REPORTED,0,0,0,0,0,0,,,,,,,NO_USED_PARTS
2212,2023-11-20T14:18:00.000Z,FIELD_BEAT_CLIENT|70377400-8|FUNDACION ARTURO LOPEZ PEREZ,70377400-8,FUNDACION ARTURO LOPEZ PEREZ,CORRECTIVA NO PROGRAMADA,FINISHED,rguapache,LINAC-153038,,NO_TICKET_REPORTED,0,0,0,0,0,0,,,,,,,NO_USED_PARTS
2213,2023-11-20T17:11:00.000Z,FIELD_BEAT_CLIENT|96.757.430-9|INRAD,96.757.430-9,INRAD,CORRECTIVA PROGRAMADA,FINISHED,ccarrasquel,Linac-201172,210522,LINKED_TO_MISSING_OR_RESTRICTED_ZENDESK,0,0,0,0,0,0,,,,,,,NO_USED_PARTS
2214,2023-11-22T18:30:00.000Z,FIELD_BEAT_CLIENT|96.770.100-9|CLINICA ALEMANA DE SANTIAGO,96.770.100-9,CLINICA ALEMANA DE SANTIAGO,CORRECTIVA PROGRAMADA,FINISHED,acorbea,Linac-152171,593101,LINKED_TO_MISSING_OR_RESTRICTED_ZENDESK,1,0,1,0,0,1,,,,panel Xvi,PLACEHOLDER_VALUE,PLACEHOLDER_REJECTED,HAS_PLACEHOLDERS
2215,2023-11-20T17:00:00.000Z,FIELD_BEAT_CLIENT|96.757.430-9|INRAD,96.757.430-9,INRAD,CORRECTIVA PROGRAMADA,FINISHED,mcaballero,Linac-201172,210522,LINKED_TO_MISSING_OR_RESTRICTED_ZENDESK,0,0,0,0,0,0,,,,,,,NO_USED_PARTS
2216,2023-11-24T14:00:00.000Z,FIELD_BEAT_CLIENT|81.698.900-0|UC CHRISTUS - SCA,81.698.900-0,UC CHRISTUS - SCA,CORRECTIVA PROGRAMADA,FINISHED,acorbea,Linac-109256,252179,LINKED_TO_MISSING_OR_RESTRICTED_ZENDESK,1,1,0,0,0,0,45133412189,12211,45133412189,"lever assembly
spares linear actuator",MATCHED,REF_EXACT,OK
2217,2023-11-20T17:00:00.000Z,FIELD_BEAT_CLIENT|70377400-8|FUNDACION ARTURO LOPEZ PEREZ,70377400-8,FUNDACION ARTURO LOPEZ PEREZ,CORRECTIVA PROGRAMADA,FINISHED,acorbea,LINAC-153038,566921,LINKED_TO_MISSING_OR_RESTRICTED_ZENDESK,1,1,0,0,0,1,45133305658_usado,11864,45133305658,Multiplex Terminal Unit (MTU) - Cantidad 2,MATCHED,REF_LIKE,REVIEW_REQUIRED
2218,2023-11-28T12:11:00.000Z,FIELD_BEAT_CLIENT|61.608.404-6|Instituto Nacional del Cáncer (INC),61.608.404-6,Instituto Nacional del Cáncer (INC),CORRECTIVA PROGRAMADA,FINISHED,ccarrasquel,INC-INFINITY01,775465,LINKED_TO_MISSING_OR_RESTRICTED_ZENDESK,0,0,0,0,0,0,,,,,,,NO_USED_PARTS
2219,2023-12-01T12:30:00.000Z,FIELD_BEAT_CLIENT|70377400-8|FUNDACION ARTURO LOPEZ PEREZ,70377400-8,FUNDACION ARTURO LOPEZ PEREZ,PREVENTIVA PROGRAMADA,FINISHED,rcammalleri,APOTECA-CHEMO,,NO_TICKET_REPORTED,2,1,0,1,0,1,T00010988-01-NR2,11900,T00010988-01-NR2|T00010986-01-L1,Soporte Jeringa 20ml|Soporte Jeringa 5ml,MATCHED|NO_MATCH,REF_EXACT|NONE,HAS_UNMATCHED_PARTS
2220,2023-12-01T17:00:00.000Z,FIELD_BEAT_CLIENT|81.698.900-0|UC CHRISTUS - SCA,81.698.900-0,UC CHRISTUS - SCA,CORRECTIVA PROGRAMADA,FINISHED,rguapache,Linac-109256,,NO_TICKET_REPORTED,0,0,0,0,0,0,,,,,,,NO_USED_PARTS
2221,2023-12-01T23:10:00.000Z,FIELD_BEAT_CLIENT|61.608.404-6|Instituto Nacional del Cáncer (INC),61.608.404-6,Instituto Nacional del Cáncer (INC),PREVENTIVA PROGRAMADA,FINISHED,ccarrasquel,INC-INFINITY01,,NO_TICKET_REPORTED,1,0,1,0,0,1,,,,"W40, paños de limpiezas, limpia contacto, etc",PLACEHOLDER_VALUE,PLACEHOLDER_REJECTED,HAS_PLACEHOLDERS
2222,2023-12-04T22:33:00.000Z,FIELD_BEAT_CLIENT|70377400-8|FUNDACION ARTURO LOPEZ PEREZ,70377400-8,FUNDACION ARTURO LOPEZ PEREZ,CORRECTIVA NO PROGRAMADA,FINISHED,rguapache,LINAC-153038,,NO_TICKET_REPORTED,0,0,0,0,0,0,,,,,,,NO_USED_PARTS
2223,2023-12-07T22:00:00.000Z,FIELD_BEAT_CLIENT|70377400-8|FUNDACION ARTURO LOPEZ PEREZ,70377400-8,FUNDACION ARTURO LOPEZ PEREZ,CORRECTIVA PROGRAMADA,FINISHED,acorbea,LINAC-153038,998584,LINKED_TO_MISSING_OR_RESTRICTED_ZENDESK,0,0,0,0,0,0,,,,,,,NO_USED_PARTS
2224,2023-12-11T11:15:00.000Z,FIELD_BEAT_CLIENT|61.608.404-6|Instituto Nacional del Cáncer (INC),61.608.404-6,Instituto Nacional del Cáncer (INC),CORRECTIVA PROGRAMADA,FINISHED,ccarrasquel,INC-INFINITY01,301318,LINKED_TO_MISSING_OR_RESTRICTED_ZENDESK,0,0,0,0,0,0,,,,,,,NO_USED_PARTS
2225,2023-12-12T03:00:00.000Z,FIELD_BEAT_CLIENT|70377400-8|FUNDACION ARTURO LOPEZ PEREZ,70377400-8,FUNDACION ARTURO LOPEZ PEREZ,PREVENTIVA PROGRAMADA,FINISHED,rguapache,HDR-FT07026,,NO_TICKET_REPORTED,0,0,0,0,0,0,,,,,,,NO_USED_PARTS
2226,2023-12-18T12:17:00.000Z,FIELD_BEAT_CLIENT|96.770.100-9|CLINICA ALEMANA DE SANTIAGO,96.770.100-9,CLINICA ALEMANA DE SANTIAGO,CORRECTIVA NO PROGRAMADA,FINISHED,ccarrasquel,Linac-151673,,NO_TICKET_REPORTED,0,0,0,0,0,0,,,,,,,NO_USED_PARTS
2227,2023-12-18T10:30:00.000Z,FIELD_BEAT_CLIENT|81.698.900-0|UC CHRISTUS - SCA,81.698.900-0,UC CHRISTUS - SCA,CORRECTIVA NO PROGRAMADA,FINISHED,rguapache,Linac-109256,,NO_TICKET_REPORTED,0,0,0,0,0,0,,,,,,,NO_USED_PARTS
2228,2023-12-18T11:30:00.000Z,FIELD_BEAT_CLIENT|70377400-8|FUNDACION ARTURO LOPEZ PEREZ,70377400-8,FUNDACION ARTURO LOPEZ PEREZ,REQUERIMIENTO DEL CLIENTE,FINISHED,acorbea,APOTECA-PS|APOTECA-CHEMO,,NO_TICKET_REPORTED,0,0,0,0,0,0,,,,,,,NO_USED_PARTS
2229,2023-12-18T15:59:00.000Z,FIELD_BEAT_CLIENT|70377400-8|FUNDACION ARTURO LOPEZ PEREZ,70377400-8,FUNDACION ARTURO LOPEZ PEREZ,REQUERIMIENTO DEL CLIENTE,FINISHED,rcammalleri,APOTECA-CHEMO,,NO_TICKET_REPORTED,1,0,0,1,0,1,,,1234567890,Sensor viales,NO_MATCH,NONE,HAS_UNMATCHED_PARTS
2230,2023-12-18T16:11:00.000Z,FIELD_BEAT_CLIENT|61.606.500-9|ACME,61.606.500-9,ACME,CORRECTIVA NO PROGRAMADA,FINISHED,rcammalleri,153038,125896,LINKED_TO_MISSING_OR_RESTRICTED_ZENDESK,1,0,0,1,0,1,,,123456,Repuesto,NO_MATCH,NONE,HAS_UNMATCHED_PARTS
2231,2023-12-19T18:50:00.000Z,FIELD_BEAT_CLIENT|81.698.900-0|UC CHRISTUS - SCA,81.698.900-0,UC CHRISTUS - SCA,CORRECTIVA PROGRAMADA,FINISHED,rguapache,,,NO_TICKET_REPORTED,0,0,0,0,0,0,,,,,,,NO_USED_PARTS
2232,2023-12-23T00:11:00.000Z,FIELD_BEAT_CLIENT|61.606.500-9|HOSPITAL CARLOS VAN BUREN (SSVSA),61.606.500-9,HOSPITAL CARLOS VAN BUREN (SSVSA),CORRECTIVA NO PROGRAMADA,FINISHED,jecheverria,,737478,LINKED_TO_MISSING_OR_RESTRICTED_ZENDESK,1,0,1,0,0,1,,,SN,Tarjeta control ODI,PLACEHOLDER_VALUE,PLACEHOLDER_REJECTED,HAS_PLACEHOLDERS
2233,2023-12-26T14:49:00.000Z,FIELD_BEAT_CLIENT|81.698.900-0|UC CHRISTUS - CECA,81.698.900-0,UC CHRISTUS - CECA,ASISTENCIA REMOTA,FINISHED,rguapache,Linac-109374,,NO_TICKET_REPORTED,0,0,0,0,0,0,,,,,,,NO_USED_PARTS
2234,2023-12-27T12:19:00.000Z,FIELD_BEAT_CLIENT|70377400-8|FUNDACION ARTURO LOPEZ PEREZ,70377400-8,FUNDACION ARTURO LOPEZ PEREZ,REQUERIMIENTO DEL CLIENTE,FINISHED,jecheverria,APOTECA-PS,,NO_TICKET_REPORTED,1,0,1,0,0,1,,,SN,Rodillo impresora,PLACEHOLDER_VALUE,PLACEHOLDER_REJECTED,HAS_PLACEHOLDERS
2235,2023-12-27T12:30:00.000Z,FIELD_BEAT_CLIENT|70377400-8|FUNDACION ARTURO LOPEZ PEREZ,70377400-8,FUNDACION ARTURO LOPEZ PEREZ,CORRECTIVA NO PROGRAMADA,ARCHIVED,,APOTECA-CHEMO,,NO_TICKET_REPORTED,0,0,0,0,0,0,,,,,,,NO_USED_PARTS
2236,2023-12-27T12:01:00.000Z,FIELD_BEAT_CLIENT|70377400-8|FUNDACION ARTURO LOPEZ PEREZ,70377400-8,FUNDACION ARTURO LOPEZ PEREZ,CORRECTIVA NO PROGRAMADA,ARCHIVED,,APOTECA-CHEMO,,NO_TICKET_REPORTED,0,0,0,0,0,0,,,,,,,NO_USED_PARTS
2237,2023-12-27T13:11:00.000Z,FIELD_BEAT_CLIENT|70377400-8|FUNDACION ARTURO LOPEZ PEREZ,70377400-8,FUNDACION ARTURO LOPEZ PEREZ,CORRECTIVA NO PROGRAMADA,FINISHED,jecheverria,APOTECA-CHEMO,979673,LINKED_TO_MISSING_OR_RESTRICTED_ZENDESK,1,0,1,0,0,1,,,NA,no hay,PLACEHOLDER_VALUE,PLACEHOLDER_REJECTED,HAS_PLACEHOLDERS
2238,2023-12-28T16:12:00.000Z,FIELD_BEAT_CLIENT|81.698.900-0|UC CHRISTUS - CECA,81.698.900-0,UC CHRISTUS - CECA,CORRECTIVA PROGRAMADA,FINISHED,ccarrasquel,Linac-153935,,NO_TICKET_REPORTED,0,0,0,0,0,0,,,,,,,NO_USED_PARTS
2239,2023-12-28T16:20:00.000Z,FIELD_BEAT_CLIENT|70377400-8|FUNDACION ARTURO LOPEZ PEREZ,70377400-8,FUNDACION ARTURO LOPEZ PEREZ,CORRECTIVA NO PROGRAMADA,FINISHED,acorbea,LINAC-153038,,NO_TICKET_REPORTED,0,0,0,0,0,0,,,,,,,NO_USED_PARTS
2240,2023-12-28T23:25:00.000Z,FIELD_BEAT_CLIENT|70377400-8|FUNDACION ARTURO LOPEZ PEREZ,70377400-8,FUNDACION ARTURO LOPEZ PEREZ,CORRECTIVA PROGRAMADA,FINISHED,acorbea,LINAC-153038,183512,LINKED_TO_MISSING_OR_RESTRICTED_ZENDESK,1,1,0,0,0,0,1519103,11588,1519103,pcb dose A,MATCHED,REF_EXACT,OK
2241,2024-01-02T10:50:00.000Z,FIELD_BEAT_CLIENT|96.770.100-9|CLINICA ALEMANA DE SANTIAGO,96.770.100-9,CLINICA ALEMANA DE SANTIAGO,CORRECTIVA NO PROGRAMADA,FINISHED,acorbea,Linac-151673,,NO_TICKET_REPORTED,1,1,0,0,0,0,45133165177,10716,45133165177,"Thyratron, hydrogen",MATCHED,REF_EXACT,OK
2242,2024-01-02T15:37:00.000Z,FIELD_BEAT_CLIENT|61.606.500-9|HOSPITAL CARLOS VAN BUREN (SSVSA),61.606.500-9,HOSPITAL CARLOS VAN BUREN (SSVSA),CORRECTIVA NO PROGRAMADA,FINISHED,rguapache,Linac-154325,,NO_TICKET_REPORTED,1,1,0,0,0,0,1534958,11034,1534958,"(03) Kit, Spare, Leaf Motor",MATCHED,REF_EXACT,OK
2243,2023-12-12T16:00:00.000Z,FIELD_BEAT_CLIENT|70377400-8|FUNDACION ARTURO LOPEZ PEREZ,70377400-8,FUNDACION ARTURO LOPEZ PEREZ,PREVENTIVA PROGRAMADA,ARCHIVED,,HDR-FT07026,,NO_TICKET_REPORTED,0,0,0,0,0,0,,,,,,,NO_USED_PARTS
2244,2024-01-03T11:30:00.000Z,FIELD_BEAT_CLIENT|61.606.500-9|HOSPITAL CARLOS VAN BUREN (SSVSA),61.606.500-9,HOSPITAL CARLOS VAN BUREN (SSVSA),CORRECTIVA NO PROGRAMADA,FINISHED,jecheverria,,,NO_TICKET_REPORTED,1,0,1,0,0,1,,,SN,potenciometros,PLACEHOLDER_VALUE,PLACEHOLDER_REJECTED,HAS_PLACEHOLDERS
2245,2024-01-04T20:00:00.000Z,FIELD_BEAT_CLIENT|81.698.900-0|UC CHRISTUS - SCA,81.698.900-0,UC CHRISTUS - SCA,CORRECTIVA PROGRAMADA,FINISHED,acorbea,Linac-109256,257565,LINKED_TO_MISSING_OR_RESTRICTED_ZENDESK,0,0,0,0,0,0,,,,,,,NO_USED_PARTS
2246,2024-01-05T21:00:00.000Z,FIELD_BEAT_CLIENT|70377400-8|FUNDACION ARTURO LOPEZ PEREZ,70377400-8,FUNDACION ARTURO LOPEZ PEREZ,CORRECTIVA PROGRAMADA,FINISHED,rguapache,LINAC-153038,,NO_TICKET_REPORTED,2,2,0,0,0,0,1007099|4513341220301G,11641|11693,1007099|4513341220301G,"Longitudinal PCB limit switch assembly|CABLE, T-GUARD AND LAT MOTOR",MATCHED,REF_EXACT,OK
2247,2024-01-06T12:00:00.000Z,FIELD_BEAT_CLIENT|70377400-8|FUNDACION ARTURO LOPEZ PEREZ,70377400-8,FUNDACION ARTURO LOPEZ PEREZ,CORRECTIVA PROGRAMADA,FINISHED,rguapache,LINAC-153038,,NO_TICKET_REPORTED,1,1,0,0,0,0,1027687,12201,1027687,Detector imaging panel (AP),MATCHED,REF_EXACT,OK
2248,2024-01-08T16:30:00.000Z,FIELD_BEAT_CLIENT|76.746.730-3|CLÍNICA SANATORIO ALEMÁN (ONCORAD),76.746.730-3,CLÍNICA SANATORIO ALEMÁN (ONCORAD),CORRECTIVA NO PROGRAMADA,FINISHED,ebecker,Linac-201110,989244,LINKED_TO_MISSING_OR_RESTRICTED_ZENDESK,1,0,1,0,0,1,,,N/A,N/A,PLACEHOLDER_VALUE,PLACEHOLDER_REJECTED,HAS_PLACEHOLDERS
2249,2024-01-10T14:00:00.000Z,FIELD_BEAT_CLIENT|96.770.100-9|CLINICA ALEMANA DE SANTIAGO,96.770.100-9,CLINICA ALEMANA DE SANTIAGO,CORRECTIVA NO PROGRAMADA,FINISHED,acorbea,Linac-151673,,NO_TICKET_REPORTED,1,0,1,0,0,1,,,,"potenciometros coarse y check
movimiento lateral",PLACEHOLDER_VALUE,PLACEHOLDER_REJECTED,HAS_PLACEHOLDERS
2250,2024-01-11T19:55:00.000Z,FIELD_BEAT_CLIENT|81.698.900-0|UC CHRISTUS - CECA,81.698.900-0,UC CHRISTUS - CECA,CORRECTIVA PROGRAMADA,FINISHED,acorbea,Linac-153935|Linac-109374,914691,LINKED_TO_MISSING_OR_RESTRICTED_ZENDESK,0,0,0,0,0,0,,,,,,,NO_USED_PARTS
2251,2024-01-12T19:00:00.000Z,FIELD_BEAT_CLIENT|76.746.730-3|CLÍNICA SANATORIO ALEMÁN (ONCORAD),76.746.730-3,CLÍNICA SANATORIO ALEMÁN (ONCORAD),CORRECTIVA PROGRAMADA,FINISHED,ebecker,Linac-201110,,NO_TICKET_REPORTED,1,1,0,0,0,1,1018265_proveedor_local,11961,1018265,FRU Z MOTOR BRUSH SET,MATCHED,REF_LIKE,REVIEW_REQUIRED
2252,2024-01-12T17:30:00.000Z,FIELD_BEAT_CLIENT|76.746.730-3|CLÍNICA SANATORIO ALEMÁN (ONCORAD),76.746.730-3,CLÍNICA SANATORIO ALEMÁN (ONCORAD),CORRECTIVA NO PROGRAMADA,FINISHED,ebecker,Linac-201110,,NO_TICKET_REPORTED,1,0,1,0,0,1,,,,"GUN PSU
MAGNETRON TUNNING DRIVE ASSY",PLACEHOLDER_VALUE,PLACEHOLDER_REJECTED,HAS_PLACEHOLDERS
2253,2024-01-12T17:30:00.000Z,FIELD_BEAT_CLIENT|61.606.500-9|HOSPITAL CARLOS VAN BUREN (SSVSA),61.606.500-9,HOSPITAL CARLOS VAN BUREN (SSVSA),CORRECTIVA PROGRAMADA,FINISHED,jecheverria,,,NO_TICKET_REPORTED,1,1,0,0,0,0,1013865,12221,1013865,PCB ASSY DECODE,MATCHED,REF_EXACT,OK
2254,2024-01-12T16:45:00.000Z,FIELD_BEAT_CLIENT|61.606.500-9|HOSPITAL CARLOS VAN BUREN (SSVSA),61.606.500-9,HOSPITAL CARLOS VAN BUREN (SSVSA),CORRECTIVA PROGRAMADA,FINISHED,jecheverria,,823784,LINKED_TO_MISSING_OR_RESTRICTED_ZENDESK,1,0,1,0,0,1,,,S/N,BOMBA CIRCUITO INTERNO DEL.LINAC,PLACEHOLDER_VALUE,PLACEHOLDER_REJECTED,HAS_PLACEHOLDERS
2255,2024-01-13T12:00:00.000Z,FIELD_BEAT_CLIENT|70377400-8|FUNDACION ARTURO LOPEZ PEREZ,70377400-8,FUNDACION ARTURO LOPEZ PEREZ,PREVENTIVA PROGRAMADA,ARCHIVED,,LINAC-153038,,NO_TICKET_REPORTED,0,0,0,0,0,0,,,,,,,NO_USED_PARTS
2256,2024-01-13T12:46:00.000Z,FIELD_BEAT_CLIENT|70377400-8|FUNDACION ARTURO LOPEZ PEREZ,70377400-8,FUNDACION ARTURO LOPEZ PEREZ,PREVENTIVA PROGRAMADA,FINISHED,rguapache,LINAC-153038,,NO_TICKET_REPORTED,1,1,0,0,0,0,1564298,11039,1564298,"PCB Assy, DLG and Diaphragm",MATCHED,REF_EXACT,OK
2257,2024-01-16T17:30:00.000Z,FIELD_BEAT_CLIENT|61.608.404-6|Instituto Nacional del Cáncer (INC),61.608.404-6,Instituto Nacional del Cáncer (INC),CORRECTIVA NO PROGRAMADA,FINISHED,acorbea,INC-INFINITY01,859491,LINKED_TO_MISSING_OR_RESTRICTED_ZENDESK,1,1,0,0,0,0,1534958,11034,1534958,"kir, spare, leaf motor cantidad 2",MATCHED,REF_EXACT,OK
2258,2024-01-17T15:30:00.000Z,FIELD_BEAT_CLIENT|81.698.900-0|UC CHRISTUS - SCA,81.698.900-0,UC CHRISTUS - SCA,CORRECTIVA PROGRAMADA,FINISHED,rguapache,Linac-109256,,NO_TICKET_REPORTED,0,0,0,0,0,0,,,,,,,NO_USED_PARTS
2259,2024-01-18T18:30:00.000Z,FIELD_BEAT_CLIENT|81.698.900-0|UC CHRISTUS - CECA,81.698.900-0,UC CHRISTUS - CECA,CORRECTIVA PROGRAMADA,FINISHED,rguapache,Linac-153935,,NO_TICKET_REPORTED,1,1,0,0,0,0,4513341220301G,11693,4513341220301G,"Cable, T - Guard and L",MATCHED,REF_EXACT,OK
2260,2024-01-18T20:15:00.000Z,FIELD_BEAT_CLIENT|70377400-8|FUNDACION ARTURO LOPEZ PEREZ,70377400-8,FUNDACION ARTURO LOPEZ PEREZ,CORRECTIVA PROGRAMADA,FINISHED,acorbea,LINAC-153038,,NO_TICKET_REPORTED,0,0,0,0,0,0,,,,,,,NO_USED_PARTS
2261,2024-01-19T12:00:00.000Z,FIELD_BEAT_CLIENT|81.698.900-0|UC CHRISTUS - SCA,81.698.900-0,UC CHRISTUS - SCA,CORRECTIVA PROGRAMADA,FINISHED,acorbea,Linac-109256,9999,LINKED_TO_MISSING_OR_RESTRICTED_ZENDESK,2,2,0,0,0,0,1027687|1500613,12201|12226,1027687|1500613,xrd 1642 ap3 kv panel|x-ray window assy,MATCHED,REF_EXACT,OK
2262,2024-01-22T15:21:00.000Z,FIELD_BEAT_CLIENT|61.608.404-6|Instituto Nacional del Cáncer (INC),61.608.404-6,Instituto Nacional del Cáncer (INC),CORRECTIVA PROGRAMADA,FINISHED,ccarrasquel,INC-INFINITY01,477229,LINKED_TO_MISSING_OR_RESTRICTED_ZENDESK,0,0,0,0,0,0,,,,,,,NO_USED_PARTS
2263,2024-01-22T20:00:00.000Z,FIELD_BEAT_CLIENT|61.608.404-6|Instituto Nacional del Cáncer (INC),61.608.404-6,Instituto Nacional del Cáncer (INC),CORRECTIVA PROGRAMADA,FINISHED,ccarrasquel,INC-INFINITY01,454944,LINKED_TO_MISSING_OR_RESTRICTED_ZENDESK,1,1,0,0,0,0,1534958,11034,1534958,"KIT, spares, leaf motor",MATCHED,REF_EXACT,OK
2264,2024-01-23T20:31:00.000Z,FIELD_BEAT_CLIENT|96.770.100-9|CLINICA ALEMANA DE SANTIAGO,96.770.100-9,CLINICA ALEMANA DE SANTIAGO,PREVENTIVA PROGRAMADA,FINISHED,ccarrasquel,Linac-151673,,NO_TICKET_REPORTED,0,0,0,0,0,0,,,,,,,NO_USED_PARTS
2265,2024-01-24T12:00:00.000Z,FIELD_BEAT_CLIENT|61.606.500-9|HOSPITAL CARLOS VAN BUREN (SSVSA),61.606.500-9,HOSPITAL CARLOS VAN BUREN (SSVSA),PREVENTIVA PROGRAMADA,ARCHIVED,,Linac-154325,,NO_TICKET_REPORTED,0,0,0,0,0,0,,,,,,,NO_USED_PARTS
2266,2024-01-24T12:00:00.000Z,FIELD_BEAT_CLIENT|61.606.500-9|HOSPITAL CARLOS VAN BUREN (SSVSA),61.606.500-9,HOSPITAL CARLOS VAN BUREN (SSVSA),PREVENTIVA PROGRAMADA,STARTED,rguapache,Linac-154325,,NO_TICKET_REPORTED,0,0,0,0,0,0,,,,,,,NO_USED_PARTS
2267,2024-01-24T12:40:00.000Z,FIELD_BEAT_CLIENT|61.606.500-9|HOSPITAL CARLOS VAN BUREN (SSVSA),61.606.500-9,HOSPITAL CARLOS VAN BUREN (SSVSA),PREVENTIVA PROGRAMADA,CONTINUED,rguapache,Linac-154325,,NO_TICKET_REPORTED,0,0,0,0,0,0,,,,,,,NO_USED_PARTS
2268,2024-01-24T15:05:00.000Z,FIELD_BEAT_CLIENT|70377400-8|FUNDACION ARTURO LOPEZ PEREZ,70377400-8,FUNDACION ARTURO LOPEZ PEREZ,CORRECTIVA NO PROGRAMADA,ARCHIVED,,APOTECA-CHEMO,,NO_TICKET_REPORTED,0,0,0,0,0,0,,,,,,,NO_USED_PARTS
2269,2024-01-24T15:06:00.000Z,FIELD_BEAT_CLIENT|70377400-8|FUNDACION ARTURO LOPEZ PEREZ,70377400-8,FUNDACION ARTURO LOPEZ PEREZ,CORRECTIVA NO PROGRAMADA,FINISHED,acorbea,APOTECA-CHEMO,448046,LINKED_TO_MISSING_OR_RESTRICTED_ZENDESK,0,0,0,0,0,0,,,,,,,NO_USED_PARTS
2270,2024-01-24T18:01:00.000Z,FIELD_BEAT_CLIENT|61.608.404-6|Instituto Nacional del Cáncer (INC),61.608.404-6,Instituto Nacional del Cáncer (INC),CORRECTIVA NO PROGRAMADA,FINISHED,acorbea,INC-INFINITY01,522766,LINKED_TO_MISSING_OR_RESTRICTED_ZENDESK,1,1,0,0,0,0,1534958,11034,1534958,"kit, spares, leaf motor",MATCHED,REF_EXACT,OK
2271,2024-01-25T19:00:00.000Z,FIELD_BEAT_CLIENT|81.698.900-0|UC CHRISTUS - CECA,81.698.900-0,UC CHRISTUS - CECA,CORRECTIVA NO PROGRAMADA,FINISHED,acorbea,Linac-109374,151048,LINKED_TO_MISSING_OR_RESTRICTED_ZENDESK,1,0,0,0,1,1,,,"1531858
1531855
1531854","fru Z mov. coarse pot
fru Z mov. check pot
fru Z mov. fine pot",AMBIGUOUS_MATCH,REF_LIKE,HAS_AMBIGUOUS_PARTS
2272,2024-01-26T18:00:00.000Z,FIELD_BEAT_CLIENT|70377400-8|FUNDACION ARTURO LOPEZ PEREZ,70377400-8,FUNDACION ARTURO LOPEZ PEREZ,PREVENTIVA PROGRAMADA,FINISHED,rcammalleri,APOTECA-CHEMO,,NO_TICKET_REPORTED,1,0,1,0,0,1,,,N/A,N/A,PLACEHOLDER_VALUE,PLACEHOLDER_REJECTED,HAS_PLACEHOLDERS
2273,2024-01-27T12:00:00.000Z,FIELD_BEAT_CLIENT|61.606.500-9|HOSPITAL CARLOS VAN BUREN (SSVSA),61.606.500-9,HOSPITAL CARLOS VAN BUREN (SSVSA),ASISTENCIA REMOTA,FINISHED,jecheverria,,,NO_TICKET_REPORTED,1,0,1,0,0,1,,,SN,NA,PLACEHOLDER_VALUE,PLACEHOLDER_REJECTED,HAS_PLACEHOLDERS
2274,2024-01-29T10:30:00.000Z,FIELD_BEAT_CLIENT|70377400-8|FUNDACION ARTURO LOPEZ PEREZ,70377400-8,FUNDACION ARTURO LOPEZ PEREZ,ASISTENCIA REMOTA,FINISHED,rguapache,LINAC-153038,,NO_TICKET_REPORTED,0,0,0,0,0,0,,,,,,,NO_USED_PARTS
2275,2024-01-29T11:30:00.000Z,FIELD_BEAT_CLIENT|70377400-8|FUNDACION ARTURO LOPEZ PEREZ,70377400-8,FUNDACION ARTURO LOPEZ PEREZ,CORRECTIVA PROGRAMADA,FINISHED,acorbea,APOTECA-CHEMO,,NO_TICKET_REPORTED,0,0,0,0,0,0,,,,,,,NO_USED_PARTS
2276,2024-01-29T12:30:00.000Z,FIELD_BEAT_CLIENT|81.698.900-0|UC CHRISTUS - CECA,81.698.900-0,UC CHRISTUS - CECA,CORRECTIVA NO PROGRAMADA,FINISHED,acorbea,Linac-153935,,NO_TICKET_REPORTED,1,1,0,0,0,0,1014204,10952,1014204,ion chamber assembly,MATCHED,REF_EXACT,OK
2277,2024-01-29T21:36:00.000Z,FIELD_BEAT_CLIENT|70377400-8|FUNDACION ARTURO LOPEZ PEREZ,70377400-8,FUNDACION ARTURO LOPEZ PEREZ,CORRECTIVA PROGRAMADA,FINISHED,ccarrasquel,LINAC-153038,813919,LINKED_TO_MISSING_OR_RESTRICTED_ZENDESK,1,0,0,1,0,1,,,Hand Held Controller,1009089,NO_MATCH,NONE,HAS_UNMATCHED_PARTS
2278,2024-01-30T17:30:00.000Z,FIELD_BEAT_CLIENT|70377400-8|FUNDACION ARTURO LOPEZ PEREZ,70377400-8,FUNDACION ARTURO LOPEZ PEREZ,CORRECTIVA NO PROGRAMADA,FINISHED,rguapache,LINAC-153038,,NO_TICKET_REPORTED,0,0,0,0,0,0,,,,,,,NO_USED_PARTS
2279,2024-01-25T12:03:00.000Z,FIELD_BEAT_CLIENT|76.746.730-3|CLÍNICA SANATORIO ALEMÁN (ONCORAD),76.746.730-3,CLÍNICA SANATORIO ALEMÁN (ONCORAD),CORRECTIVA NO PROGRAMADA,FINISHED,ebecker,Linac-201110,,NO_TICKET_REPORTED,1,0,1,0,0,1,,,N/A,Cable de HT reutilizado,PLACEHOLDER_VALUE,PLACEHOLDER_REJECTED,HAS_PLACEHOLDERS
2280,2024-01-31T20:00:00.000Z,FIELD_BEAT_CLIENT|96.770.100-9|CLINICA ALEMANA DE SANTIAGO,96.770.100-9,CLINICA ALEMANA DE SANTIAGO,CORRECTIVA PROGRAMADA,FINISHED,acorbea,Linac-152171,375568,LINKED_TO_MISSING_OR_RESTRICTED_ZENDESK,1,0,1,0,0,1,,,,baterias 12V cant=2,PLACEHOLDER_VALUE,PLACEHOLDER_REJECTED,HAS_PLACEHOLDERS
2281,2024-01-25T18:30:00.000Z,FIELD_BEAT_CLIENT|76.746.730-3|CLÍNICA SANATORIO ALEMÁN (ONCORAD),76.746.730-3,CLÍNICA SANATORIO ALEMÁN (ONCORAD),CORRECTIVA NO PROGRAMADA,FINISHED,ebecker,Linac-201110,582497,LINKED_TO_MISSING_OR_RESTRICTED_ZENDESK,1,0,1,0,0,1,,,N/A,Cable de alta no original,PLACEHOLDER_VALUE,PLACEHOLDER_REJECTED,HAS_PLACEHOLDERS
2282,2024-02-01T16:24:00.000Z,FIELD_BEAT_CLIENT|96.757.430-9|INRAD,96.757.430-9,INRAD,CORRECTIVA PROGRAMADA,FINISHED,ccarrasquel,Linac-201172,246753,LINKED_TO_MISSING_OR_RESTRICTED_ZENDESK,0,0,0,0,0,0,,,,,,,NO_USED_PARTS
2283,2024-02-01T19:30:00.000Z,FIELD_BEAT_CLIENT|81.698.900-0|UC CHRISTUS - SCA,81.698.900-0,UC CHRISTUS - SCA,CORRECTIVA PROGRAMADA,FINISHED,acorbea,Linac-109256,9999,LINKED_TO_MISSING_OR_RESTRICTED_ZENDESK,0,0,0,0,0,0,,,,,,,NO_USED_PARTS
2284,2024-02-02T10:00:00.000Z,FIELD_BEAT_CLIENT|61.606.500-9|HOSPITAL CARLOS VAN BUREN (SSVSA),61.606.500-9,HOSPITAL CARLOS VAN BUREN (SSVSA),PREVENTIVA PROGRAMADA,FINISHED,jecheverria,,823784,LINKED_TO_MISSING_OR_RESTRICTED_ZENDESK,1,0,1,0,0,1,,,NA,NA,PLACEHOLDER_VALUE,PLACEHOLDER_REJECTED,HAS_PLACEHOLDERS
2285,2024-02-05T17:00:00.000Z,FIELD_BEAT_CLIENT|61.608.404-6|Instituto Nacional del Cáncer (INC),61.608.404-6,Instituto Nacional del Cáncer (INC),CORRECTIVA NO PROGRAMADA,FINISHED,mabreu,INC-INFINITY01,,NO_TICKET_REPORTED,1,1,0,0,0,0,1534958,11034,1534958,Kit Spare leaf Motor,MATCHED,REF_EXACT,OK
2286,2024-02-05T19:00:00.000Z,FIELD_BEAT_CLIENT|81.698.900-0|UC CHRISTUS - CECA,81.698.900-0,UC CHRISTUS - CECA,CORRECTIVA PROGRAMADA,FINISHED,mabreu,Linac-109374,,NO_TICKET_REPORTED,0,0,0,0,0,0,,,,,,,NO_USED_PARTS
2287,2024-02-05T19:34:00.000Z,FIELD_BEAT_CLIENT|70377400-8|FUNDACION ARTURO LOPEZ PEREZ,70377400-8,FUNDACION ARTURO LOPEZ PEREZ,PUESTA EN MARCHA,FINISHED,adiaz,APOTECA-CHEMO,,NO_TICKET_REPORTED,1,0,1,0,0,1,,,N/A,N/A,PLACEHOLDER_VALUE,PLACEHOLDER_REJECTED,HAS_PLACEHOLDERS
2288,2024-02-05T20:00:00.000Z,FIELD_BEAT_CLIENT|96.770.100-9|CLINICA ALEMANA DE SANTIAGO,96.770.100-9,CLINICA ALEMANA DE SANTIAGO,CORRECTIVA PROGRAMADA,FINISHED,acorbea,Linac-151673,142719,LINKED_TO_MISSING_OR_RESTRICTED_ZENDESK,0,0,0,0,0,0,,,,,,,NO_USED_PARTS
2289,2024-02-06T16:30:00.000Z,FIELD_BEAT_CLIENT|70377400-8|FUNDACION ARTURO LOPEZ PEREZ,70377400-8,FUNDACION ARTURO LOPEZ PEREZ,CORRECTIVA NO PROGRAMADA,ARCHIVED,,APOTECA-CHEMO,,NO_TICKET_REPORTED,0,0,0,0,0,0,,,,,,,NO_USED_PARTS
2290,2024-02-06T16:30:00.000Z,FIELD_BEAT_CLIENT|70377400-8|FUNDACION ARTURO LOPEZ PEREZ,70377400-8,FUNDACION ARTURO LOPEZ PEREZ,CORRECTIVA NO PROGRAMADA,FINISHED,adiaz,APOTECA-CHEMO,,NO_TICKET_REPORTED,1,0,1,0,0,1,,,N/A,N/A,PLACEHOLDER_VALUE,PLACEHOLDER_REJECTED,HAS_PLACEHOLDERS
2291,2024-02-06T20:15:00.000Z,FIELD_BEAT_CLIENT|61.606.500-9|ACME,61.606.500-9,ACME,REQUERIMIENTO DEL CLIENTE,FINISHED,acorbea,RT-2062DS,,NO_TICKET_REPORTED,1,0,1,0,0,1,,,na,na,PLACEHOLDER_VALUE,PLACEHOLDER_REJECTED,HAS_PLACEHOLDERS
2292,2024-02-06T21:15:00.000Z,FIELD_BEAT_CLIENT|61.608.404-6|Instituto Nacional del Cáncer (INC),61.608.404-6,Instituto Nacional del Cáncer (INC),CORRECTIVA NO PROGRAMADA,FINISHED,mabreu,INC-INFINITY01,936823,LINKED_TO_MISSING_OR_RESTRICTED_ZENDESK,1,1,0,0,0,0,1534958,11034,1534958,"Kit Spares, Leaf Motor",MATCHED,REF_EXACT,OK
2293,2024-02-07T16:49:00.000Z,FIELD_BEAT_CLIENT|61.606.500-9|ACME,61.606.500-9,ACME,CORRECTIVA NO PROGRAMADA,FINISHED,acorbea,153038,,NO_TICKET_REPORTED,1,0,0,1,0,1,,,2222,sib pcb,NO_MATCH,NONE,HAS_UNMATCHED_PARTS
2294,2024-02-07T18:15:00.000Z,FIELD_BEAT_CLIENT|96.757.430-9|INRAD,96.757.430-9,INRAD,CORRECTIVA PROGRAMADA,FINISHED,rguapache,Linac-201172,,NO_TICKET_REPORTED,0,0,0,0,0,0,,,,,,,NO_USED_PARTS
2295,2024-02-07T20:00:00.000Z,FIELD_BEAT_CLIENT|81.698.900-0|UC CHRISTUS - CECA,81.698.900-0,UC CHRISTUS - CECA,CORRECTIVA PROGRAMADA,FINISHED,mabreu,Linac-153935,719390,LINKED_TO_MISSING_OR_RESTRICTED_ZENDESK,0,0,0,0,0,0,,,,,,,NO_USED_PARTS
2296,2024-02-05T11:30:00.000Z,FIELD_BEAT_CLIENT|61.605.000-1|INSTITUTO DE SALUD PUBLICA (ISP),61.605.000-1,INSTITUTO DE SALUD PUBLICA (ISP),PREVENTIVA PROGRAMADA,FINISHED,jecheverria,PANASONIC-ISP,,NO_TICKET_REPORTED,1,0,1,0,0,1,,,NA,Aire comprimido -corones de limpieza,PLACEHOLDER_VALUE,PLACEHOLDER_REJECTED,HAS_PLACEHOLDERS
2297,2024-02-09T11:00:00.000Z,FIELD_BEAT_CLIENT|81.698.900-0|UC CHRISTUS - SCA,81.698.900-0,UC CHRISTUS - SCA,PREVENTIVA PROGRAMADA,SENT,mabreu,Linac-109256,,NO_TICKET_REPORTED,0,0,0,0,0,0,,,,,,,NO_USED_PARTS
2298,2024-02-09T11:00:00.000Z,FIELD_BEAT_CLIENT|81.698.900-0|UC CHRISTUS - SCA,81.698.900-0,UC CHRISTUS - SCA,PREVENTIVA PROGRAMADA,SENT,mabreu,Linac-109256,,NO_TICKET_REPORTED,0,0,0,0,0,0,,,,,,,NO_USED_PARTS
2299,2024-02-09T11:00:00.000Z,FIELD_BEAT_CLIENT|81.698.900-0|UC CHRISTUS - SCA,81.698.900-0,UC CHRISTUS - SCA,PREVENTIVA PROGRAMADA,FINISHED,mabreu,Linac-109256,,NO_TICKET_REPORTED,0,0,0,0,0,0,,,,,,,NO_USED_PARTS
2300,2024-02-09T11:00:00.000Z,FIELD_BEAT_CLIENT|81.698.900-0|UC CHRISTUS - SCA,81.698.900-0,UC CHRISTUS - SCA,PREVENTIVA PROGRAMADA,FINISHED,mabreu,Linac-109256,,NO_TICKET_REPORTED,0,0,0,0,0,0,,,,,,,NO_USED_PARTS
2301,2024-02-09T14:00:00.000Z,FIELD_BEAT_CLIENT|61.608.404-6|Instituto Nacional del Cáncer (INC),61.608.404-6,Instituto Nacional del Cáncer (INC),CORRECTIVA NO PROGRAMADA,ARCHIVED,,INC-INFINITY01,,NO_TICKET_REPORTED,0,0,0,0,0,0,,,,,,,NO_USED_PARTS
2302,2024-02-09T14:00:00.000Z,FIELD_BEAT_CLIENT|61.608.404-6|Instituto Nacional del Cáncer (INC),61.608.404-6,Instituto Nacional del Cáncer (INC),CORRECTIVA NO PROGRAMADA,FINISHED,mabreu,INC-INFINITY01,,NO_TICKET_REPORTED,0,0,0,0,0,0,,,,,,,NO_USED_PARTS
2303,2024-02-09T11:00:00.000Z,FIELD_BEAT_CLIENT|81.698.900-0|UC CHRISTUS - SCA,81.698.900-0,UC CHRISTUS - SCA,CORRECTIVA PROGRAMADA,FINISHED,mabreu,Linac-109256,,NO_TICKET_REPORTED,1,1,0,0,0,0,45133304800,10375,45133304800,Electrón Gun Haz,MATCHED,REF_EXACT,OK
2304,2024-02-12T18:05:00.000Z,FIELD_BEAT_CLIENT|61.606.500-9|HOSPITAL CARLOS VAN BUREN (SSVSA),61.606.500-9,HOSPITAL CARLOS VAN BUREN (SSVSA),CORRECTIVA NO PROGRAMADA,FINISHED,jecheverria,Linac-154325,,NO_TICKET_REPORTED,1,1,0,0,0,0,1016476,10913,1016476,Kit motor MLC,MATCHED,REF_EXACT,OK
2305,2024-01-25T11:30:00.000Z,FIELD_BEAT_CLIENT|61.606.500-9|HOSPITAL CARLOS VAN BUREN (SSVSA),61.606.500-9,HOSPITAL CARLOS VAN BUREN (SSVSA),PREVENTIVA PROGRAMADA,FINISHED,rguapache,Linac-154325,,NO_TICKET_REPORTED,1,1,0,0,0,0,4513316442301M,10312,4513316442301M,Water Filter Element 5Micron,MATCHED,REF_EXACT,OK
2306,2024-01-22T03:00:00.000Z,FIELD_BEAT_CLIENT|61.606.500-9|HOSPITAL CARLOS VAN BUREN (SSVSA),61.606.500-9,HOSPITAL CARLOS VAN BUREN (SSVSA),CORRECTIVA PROGRAMADA,FINISHED,rguapache,Linac-154325,,NO_TICKET_REPORTED,6,6,0,0,0,0,1016476|1541744|1515098|1538261|45133304800|1564298,10913|11817|10374|11854|10375|11039,1016476|1541744|1515098|1538261|45133304800|1564298,"Leaf Motor Spares Kit|FRU Kit, Hand Held Controller|Ion Pump Spare|(30) FRU Kit. Flight tube Drive|Electron Gun Assy|Diaphragm/DLG PCB",MATCHED,REF_EXACT,OK
2307,2024-02-15T14:05:00.000Z,FIELD_BEAT_CLIENT|61.606.500-9|ACME,61.606.500-9,ACME,CORRECTIVA PROGRAMADA,ARCHIVED,,153038,,NO_TICKET_REPORTED,0,0,0,0,0,0,,,,,,,NO_USED_PARTS
2309,2024-02-15T14:05:00.000Z,FIELD_BEAT_CLIENT|61.606.500-9|ACME,61.606.500-9,ACME,CORRECTIVA PROGRAMADA,ARCHIVED,,153038,,NO_TICKET_REPORTED,0,0,0,0,0,0,,,,,,,NO_USED_PARTS
2308,2024-02-15T14:05:00.000Z,FIELD_BEAT_CLIENT|61.606.500-9|ACME,61.606.500-9,ACME,CORRECTIVA PROGRAMADA,SENT,acorbea,153038,,NO_TICKET_REPORTED,0,0,0,0,0,0,,,,,,,NO_USED_PARTS
2310,2024-02-15T14:14:00.000Z,FIELD_BEAT_CLIENT|61.606.500-9|ACME,61.606.500-9,ACME,CORRECTIVA PROGRAMADA,ARCHIVED,,153038,,NO_TICKET_REPORTED,0,0,0,0,0,0,,,,,,,NO_USED_PARTS
2311,2024-02-15T14:50:00.000Z,FIELD_BEAT_CLIENT|61.606.500-9|ACME,61.606.500-9,ACME,CORRECTIVA PROGRAMADA,ARCHIVED,,153038,,NO_TICKET_REPORTED,0,0,0,0,0,0,,,,,,,NO_USED_PARTS
2312,2024-02-15T15:00:00.000Z,FIELD_BEAT_CLIENT|61.606.500-9|ACME,61.606.500-9,ACME,CORRECTIVA PROGRAMADA,FINISHED,acorbea,153038,,NO_TICKET_REPORTED,2,2,0,0,0,0,1564298|1534958,11039|11034,1564298|1534958,"pcb assy, dlg, diaphragm|kit, spares, leaf",MATCHED,REF_EXACT,OK
2313,2024-02-15T15:28:00.000Z,FIELD_BEAT_CLIENT|61.606.500-9|ACME,61.606.500-9,ACME,CORRECTIVA NO PROGRAMADA,FINISHED,ssalice,153038,555,LINKED_TO_MISSING_OR_RESTRICTED_ZENDESK,0,0,0,0,0,0,,,,,,,NO_USED_PARTS
2314,2024-02-15T18:30:00.000Z,FIELD_BEAT_CLIENT|81.698.900-0|UC CHRISTUS - CECA,81.698.900-0,UC CHRISTUS - CECA,CORRECTIVA NO PROGRAMADA,FINISHED,rcammalleri,TPS-UC,362745,LINKED_TO_MISSING_OR_RESTRICTED_ZENDESK,1,0,1,0,0,1,,,,N/A,PLACEHOLDER_VALUE,PLACEHOLDER_REJECTED,HAS_PLACEHOLDERS
2315,2024-02-15T07:30:00.000Z,FIELD_BEAT_CLIENT|81.698.900-0|UC CHRISTUS - SCA,81.698.900-0,UC CHRISTUS - SCA,CORRECTIVA NO PROGRAMADA,FINISHED,mabreu,Linac-109256,,NO_TICKET_REPORTED,1,0,0,1,0,1,,,No,No,NO_MATCH,NONE,HAS_UNMATCHED_PARTS
2316,2024-02-16T15:00:00.000Z,FIELD_BEAT_CLIENT|81.698.900-0|UC CHRISTUS - CECA,81.698.900-0,UC CHRISTUS - CECA,ASISTENCIA REMOTA,FINISHED,mabreu,Linac-153935,,NO_TICKET_REPORTED,0,0,0,0,0,0,,,,,,,NO_USED_PARTS
2317,2024-02-16T17:00:00.000Z,FIELD_BEAT_CLIENT|61.608.404-6|Instituto Nacional del Cáncer (INC),61.608.404-6,Instituto Nacional del Cáncer (INC),CORRECTIVA NO PROGRAMADA,FINISHED,mabreu,INC-INFINITY01,,NO_TICKET_REPORTED,1,1,0,0,0,0,1534958,11034,1534958,"kit Spares, leaf motor",MATCHED,REF_EXACT,OK
2318,2024-02-16T19:00:00.000Z,FIELD_BEAT_CLIENT|96.770.100-9|CLINICA ALEMANA DE SANTIAGO,96.770.100-9,CLINICA ALEMANA DE SANTIAGO,PREVENTIVA PROGRAMADA,FINISHED,acorbea,Linac-152171,,NO_TICKET_REPORTED,1,1,0,0,0,0,4513316442301M,10312,4513316442301M,water filter,MATCHED,REF_EXACT,OK
2319,2024-02-16T19:50:00.000Z,FIELD_BEAT_CLIENT|61.606.500-9|HOSPITAL CARLOS VAN BUREN (SSVSA),61.606.500-9,HOSPITAL CARLOS VAN BUREN (SSVSA),CORRECTIVA PROGRAMADA,FINISHED,jecheverria,Linac-154325,281588,LINKED_TO_MISSING_OR_RESTRICTED_ZENDESK,1,0,1,0,0,1,,,SN,NA,PLACEHOLDER_VALUE,PLACEHOLDER_REJECTED,HAS_PLACEHOLDERS
2320,2024-02-16T22:55:00.000Z,FIELD_BEAT_CLIENT|96.770.100-9|CLINICA ALEMANA DE SANTIAGO,96.770.100-9,CLINICA ALEMANA DE SANTIAGO,CORRECTIVA PROGRAMADA,FINISHED,acorbea,Linac-152171,,NO_TICKET_REPORTED,1,0,1,0,0,1,,,,KVM D-link,PLACEHOLDER_VALUE,PLACEHOLDER_REJECTED,HAS_PLACEHOLDERS
2321,2024-02-16T19:00:00.000Z,FIELD_BEAT_CLIENT|96.770.100-9|CLINICA ALEMANA DE SANTIAGO,96.770.100-9,CLINICA ALEMANA DE SANTIAGO,PREVENTIVA PROGRAMADA,FINISHED,acorbea,Linac-152171,,NO_TICKET_REPORTED,1,0,1,0,0,1,,,,"grasa ep2
wd40
paños multifibras

reponer wd40 para CAS",PLACEHOLDER_VALUE,PLACEHOLDER_REJECTED,HAS_PLACEHOLDERS
2322,2024-02-19T21:14:00.000Z,FIELD_BEAT_CLIENT|81.698.900-0|UC CHRISTUS - CECA,81.698.900-0,UC CHRISTUS - CECA,CORRECTIVA NO PROGRAMADA,FINISHED,rguapache,Linac-109374,,NO_TICKET_REPORTED,0,0,0,0,0,0,,,,,,,NO_USED_PARTS
2323,2024-02-20T17:31:00.000Z,FIELD_BEAT_CLIENT|61.608.404-6|Instituto Nacional del Cáncer (INC),61.608.404-6,Instituto Nacional del Cáncer (INC),CORRECTIVA PROGRAMADA,FINISHED,ccarrasquel,INC-INFINITY01,,NO_TICKET_REPORTED,1,1,0,0,0,0,1534958,11034,1534958,"ki, spares, leaf motor",MATCHED,REF_EXACT,OK
2324,2024-02-19T15:00:00.000Z,FIELD_BEAT_CLIENT|81.698.900-0|UC CHRISTUS - CECA,81.698.900-0,UC CHRISTUS - CECA,ASISTENCIA REMOTA,FINISHED,mabreu,Linac-109374,,NO_TICKET_REPORTED,1,0,0,1,0,1,,,no,no,NO_MATCH,NONE,HAS_UNMATCHED_PARTS
2325,2024-02-19T18:00:00.000Z,FIELD_BEAT_CLIENT|93.930.000-7|CLÍNICA LAS CONDES,93.930.000-7,CLÍNICA LAS CONDES,CORRECTIVA PROGRAMADA,FINISHED,acorbea,CLC-2,,NO_TICKET_REPORTED,1,1,0,0,0,0,1509023,12216,1509023,"cable assembly, area 60 to 16",MATCHED,REF_EXACT,OK
2326,2024-02-20T20:00:00.000Z,FIELD_BEAT_CLIENT|81.698.900-0|UC CHRISTUS - SCA,81.698.900-0,UC CHRISTUS - SCA,CORRECTIVA PROGRAMADA,FINISHED,rguapache,Linac-109256,,NO_TICKET_REPORTED,0,0,0,0,0,0,,,,,,,NO_USED_PARTS
2327,2024-02-20T21:00:00.000Z,FIELD_BEAT_CLIENT|61.606.500-9|HOSPITAL CARLOS VAN BUREN (SSVSA),61.606.500-9,HOSPITAL CARLOS VAN BUREN (SSVSA),CORRECTIVA NO PROGRAMADA,FINISHED,jecheverria,Linac-154325,,NO_TICKET_REPORTED,1,1,0,0,0,0,1016476,10913,1016476,Kit de motor leaf,MATCHED,REF_EXACT,OK
2328,2024-02-21T19:30:00.000Z,FIELD_BEAT_CLIENT|96.770.100-9|CLINICA ALEMANA DE SANTIAGO,96.770.100-9,CLINICA ALEMANA DE SANTIAGO,CORRECTIVA PROGRAMADA,FINISHED,acorbea,Linac-151673,,NO_TICKET_REPORTED,2,2,0,0,0,0,1564298|1556287,11039|12261,1564298|1556287,"pcb assy, dlg and diaphragm|kit, spare, diaphrag",MATCHED,REF_EXACT,OK
2329,2024-02-22T15:37:00.000Z,FIELD_BEAT_CLIENT|61.608.404-6|Instituto Nacional del Cáncer (INC),61.608.404-6,Instituto Nacional del Cáncer (INC),PREVENTIVA PROGRAMADA,FINISHED,ccarrasquel,INC-INFINITY01,,NO_TICKET_REPORTED,0,0,0,0,0,0,,,,,,,NO_USED_PARTS
2330,2024-02-22T17:50:00.000Z,FIELD_BEAT_CLIENT|93.930.000-7|CLÍNICA LAS CONDES,93.930.000-7,CLÍNICA LAS CONDES,CORRECTIVA NO PROGRAMADA,FINISHED,acorbea,CLC-2,,NO_TICKET_REPORTED,1,0,1,0,0,1,,,,fusible 3.15A,PLACEHOLDER_VALUE,PLACEHOLDER_REJECTED,HAS_PLACEHOLDERS
2331,2024-02-22T19:00:00.000Z,FIELD_BEAT_CLIENT|96.757.430-9|INRAD,96.757.430-9,INRAD,ASISTENCIA REMOTA,FINISHED,rguapache,Linac-201172,,NO_TICKET_REPORTED,0,0,0,0,0,0,,,,,,,NO_USED_PARTS
2332,2024-02-23T12:00:00.000Z,FIELD_BEAT_CLIENT|81.698.900-0|UC CHRISTUS - CECA,81.698.900-0,UC CHRISTUS - CECA,PREVENTIVA PROGRAMADA,FINISHED,rguapache,Linac-153935,,NO_TICKET_REPORTED,2,2,0,0,0,0,1508955|1011030,11555|11035,1508955|1011030,"Camera Lens/ Assy|lens, collimator",MATCHED,REF_EXACT,OK
2333,2024-02-23T17:00:00.000Z,FIELD_BEAT_CLIENT|81.698.900-0|UC CHRISTUS - CECA,81.698.900-0,UC CHRISTUS - CECA,PREVENTIVA PROGRAMADA,FINISHED,rguapache,Linac-153935,,NO_TICKET_REPORTED,0,0,0,0,0,0,,,,,,,NO_USED_PARTS
2334,2024-02-23T20:43:00.000Z,FIELD_BEAT_CLIENT|96.757.430-9|INRAD,96.757.430-9,INRAD,CORRECTIVA PROGRAMADA,FINISHED,jecheverria,Linac-201172,,NO_TICKET_REPORTED,0,0,0,0,0,0,,,,,,,NO_USED_PARTS
2335,2024-02-23T12:00:00.000Z,FIELD_BEAT_CLIENT|96.757.430-9|INRAD,96.757.430-9,INRAD,CORRECTIVA PROGRAMADA,FINISHED,jecheverria,Linac-201172,,NO_TICKET_REPORTED,1,0,1,0,0,1,,,SN,"Grasa EP2, ACEITE 220",PLACEHOLDER_VALUE,PLACEHOLDER_REJECTED,HAS_PLACEHOLDERS
2337,2024-02-26T11:30:00.000Z,FIELD_BEAT_CLIENT|70.377.400-8|FUNDACION ARTURO LOPEZ PEREZ,70.377.400-8,FUNDACION ARTURO LOPEZ PEREZ,CORRECTIVA PROGRAMADA,FINISHED,adiaz,,,NO_TICKET_REPORTED,0,0,0,0,0,0,,,,,,,NO_USED_PARTS
2338,2024-02-27T14:00:00.000Z,FIELD_BEAT_CLIENT|96.770.100-9|CLINICA ALEMANA DE SANTIAGO,96.770.100-9,CLINICA ALEMANA DE SANTIAGO,PREVENTIVA PROGRAMADA,FINISHED,ccarrasquel,Linac-151673,,NO_TICKET_REPORTED,0,0,0,0,0,0,,,,,,,NO_USED_PARTS
2339,2024-02-27T12:15:00.000Z,FIELD_BEAT_CLIENT|93.930.000-7|CLÍNICA LAS CONDES,93.930.000-7,CLÍNICA LAS CONDES,CORRECTIVA PROGRAMADA,FINISHED,acorbea,CLC-1,868853,LINKED_TO_MISSING_OR_RESTRICTED_ZENDESK,2,2,0,0,0,0,1548845|1502613,10615|10994,1548845|1502613,"Assembly, Xray tube varex|Spares Kit, distance meter",MATCHED,REF_EXACT,OK
2340,2024-02-28T12:15:00.000Z,FIELD_BEAT_CLIENT|93.930.000-7|CLÍNICA LAS CONDES,93.930.000-7,CLÍNICA LAS CONDES,CORRECTIVA PROGRAMADA,FINISHED,acorbea,CLC-2,,NO_TICKET_REPORTED,1,1,0,0,0,0,1018559,10724,1018559,LMD fan and bracket,MATCHED,REF_EXACT,OK
2341,2024-02-28T19:30:00.000Z,FIELD_BEAT_CLIENT|81.698.900-0|UC CHRISTUS - CECA,81.698.900-0,UC CHRISTUS - CECA,CORRECTIVA NO PROGRAMADA,FINISHED,acorbea,Linac-109374,,NO_TICKET_REPORTED,1,0,1,0,0,1,,,,n/a,PLACEHOLDER_VALUE,PLACEHOLDER_REJECTED,HAS_PLACEHOLDERS
2342,2024-02-29T11:24:00.000Z,FIELD_BEAT_CLIENT|81.698.900-0|UC CHRISTUS - CECA,81.698.900-0,UC CHRISTUS - CECA,CORRECTIVA PROGRAMADA,FINISHED,rguapache,Linac-109374,,NO_TICKET_REPORTED,0,0,0,0,0,0,,,,,,,NO_USED_PARTS
2343,2024-03-01T15:50:00.000Z,FIELD_BEAT_CLIENT|81.698.900-0|UC CHRISTUS - SCA,81.698.900-0,UC CHRISTUS - SCA,ASISTENCIA REMOTA,FINISHED,acorbea,Linac-109256,,NO_TICKET_REPORTED,0,0,0,0,0,0,,,,,,,NO_USED_PARTS
2344,2024-03-01T15:50:00.000Z,FIELD_BEAT_CLIENT|81.698.900-0|UC CHRISTUS - SCA,81.698.900-0,UC CHRISTUS - SCA,ASISTENCIA REMOTA,ARCHIVED,,Linac-109256,,NO_TICKET_REPORTED,0,0,0,0,0,0,,,,,,,NO_USED_PARTS
2346,2024-03-01T15:50:00.000Z,FIELD_BEAT_CLIENT|81.698.900-0|UC CHRISTUS - SCA,81.698.900-0,UC CHRISTUS - SCA,ASISTENCIA REMOTA,ARCHIVED,,Linac-109256,,NO_TICKET_REPORTED,0,0,0,0,0,0,,,,,,,NO_USED_PARTS
2347,2024-03-01T15:50:00.000Z,FIELD_BEAT_CLIENT|81.698.900-0|UC CHRISTUS - SCA,81.698.900-0,UC CHRISTUS - SCA,ASISTENCIA REMOTA,ARCHIVED,,Linac-109256,,NO_TICKET_REPORTED,0,0,0,0,0,0,,,,,,,NO_USED_PARTS
5288,2024-03-04T21:00:00.000Z,FIELD_BEAT_CLIENT|81.698.900-0|UC CHRISTUS - CECA,81.698.900-0,UC CHRISTUS - CECA,CORRECTIVA PROGRAMADA,FINISHED,rguapache,Linac-153935,,NO_TICKET_REPORTED,0,0,0,0,0,0,,,,,,,NO_USED_PARTS
5289,2024-03-04T21:00:00.000Z,FIELD_BEAT_CLIENT|81.698.900-0|UC CHRISTUS - CECA,81.698.900-0,UC CHRISTUS - CECA,CORRECTIVA PROGRAMADA,ARCHIVED,,Linac-153935,,NO_TICKET_REPORTED,0,0,0,0,0,0,,,,,,,NO_USED_PARTS
5290,2024-03-01T13:00:00.000Z,FIELD_BEAT_CLIENT|76.746.730-3|CLÍNICA SANATORIO ALEMÁN (ONCORAD),76.746.730-3,CLÍNICA SANATORIO ALEMÁN (ONCORAD),CORRECTIVA PROGRAMADA,FINISHED,ebecker,Linac-201110,709670,LINKED_TO_MISSING_OR_RESTRICTED_ZENDESK,1,0,0,1,0,1,,,BJ3324.003,Guía de Onda,NO_MATCH,NONE,HAS_UNMATCHED_PARTS
5291,2024-03-05T11:00:00.000Z,FIELD_BEAT_CLIENT|76.746.730-3|CLÍNICA SANATORIO ALEMÁN (ONCORAD),76.746.730-3,CLÍNICA SANATORIO ALEMÁN (ONCORAD),CORRECTIVA PROGRAMADA,FINISHED,ebecker,Linac-201110,603315,LINKED_TO_MISSING_OR_RESTRICTED_ZENDESK,1,1,0,0,0,0,1532627,11681,1532627,FRU GUN FILAMENT PSU,MATCHED,REF_EXACT,OK
5292,2024-03-06T18:12:00.000Z,FIELD_BEAT_CLIENT|61.606.500-9|ACME,61.606.500-9,ACME,REQUERIMIENTO DEL CLIENTE,FINISHED,acorbea,153038,,NO_TICKET_REPORTED,0,0,0,0,0,0,,,,,,,NO_USED_PARTS
2348,2024-03-06T20:00:00.000Z,FIELD_BEAT_CLIENT|81.698.900-0|UC CHRISTUS - CECA,81.698.900-0,UC CHRISTUS - CECA,CORRECTIVA PROGRAMADA,FINISHED,acorbea,Linac-153935,48,LINKED_TO_ACCESSIBLE_ZENDESK,1,0,1,0,0,1,,,,N/A,PLACEHOLDER_VALUE,PLACEHOLDER_REJECTED,HAS_PLACEHOLDERS
2349,2024-03-07T11:38:00.000Z,FIELD_BEAT_CLIENT|61.606.500-9|HOSPITAL CARLOS VAN BUREN (SSVSA),61.606.500-9,HOSPITAL CARLOS VAN BUREN (SSVSA),CORRECTIVA NO PROGRAMADA,FINISHED,jecheverria,,177629,LINKED_TO_MISSING_OR_RESTRICTED_ZENDESK,1,0,1,0,0,1,,,SN,NO HAY,PLACEHOLDER_VALUE,PLACEHOLDER_REJECTED,HAS_PLACEHOLDERS
2350,2024-03-04T13:00:00.000Z,FIELD_BEAT_CLIENT|76.746.730-3|CLÍNICA SANATORIO ALEMÁN (ONCORAD),76.746.730-3,CLÍNICA SANATORIO ALEMÁN (ONCORAD),CORRECTIVA PROGRAMADA,FINISHED,ebecker,Linac-201110,603315,LINKED_TO_MISSING_OR_RESTRICTED_ZENDESK,1,1,0,0,0,0,1532627,11681,1532627,FRU GUN FILAMENT PSU,MATCHED,REF_EXACT,OK
2351,2024-03-06T11:30:00.000Z,FIELD_BEAT_CLIENT|76.746.730-3|CLÍNICA SANATORIO ALEMÁN (ONCORAD),76.746.730-3,CLÍNICA SANATORIO ALEMÁN (ONCORAD),PREVENTIVA PROGRAMADA,FINISHED,ebecker,Linac-201110,,NO_TICKET_REPORTED,1,0,1,0,0,1,,,N/A,N/A,PLACEHOLDER_VALUE,PLACEHOLDER_REJECTED,HAS_PLACEHOLDERS
2352,2024-03-07T21:00:00.000Z,FIELD_BEAT_CLIENT|61.606.500-9|HOSPITAL CARLOS VAN BUREN (SSVSA),61.606.500-9,HOSPITAL CARLOS VAN BUREN (SSVSA),CORRECTIVA PROGRAMADA,FINISHED,jecheverria,Linac-154325,904316,LINKED_TO_MISSING_OR_RESTRICTED_ZENDESK,1,1,0,0,0,0,1527814,11929,1527814,Ion pump PSU (IPCU),MATCHED,REF_EXACT,OK
2353,2024-03-08T14:44:00.000Z,FIELD_BEAT_CLIENT||ACME,,ACME,PREVENTIVA PROGRAMADA,ARCHIVED,,,,NO_TICKET_REPORTED,0,0,0,0,0,0,,,,,,,NO_USED_PARTS
2354,2024-03-08T17:14:00.000Z,FIELD_BEAT_CLIENT|81.698.900-0|UC CHRISTUS - CECA,81.698.900-0,UC CHRISTUS - CECA,REQUERIMIENTO DEL CLIENTE,FINISHED,rguapache,Linac-109374,42,LINKED_TO_MISSING_OR_RESTRICTED_ZENDESK,0,0,0,0,0,0,,,,,,,NO_USED_PARTS
2355,2024-03-08T18:50:00.000Z,FIELD_BEAT_CLIENT|96.770.100-9|CLINICA ALEMANA DE SANTIAGO,96.770.100-9,CLINICA ALEMANA DE SANTIAGO,PREVENTIVA PROGRAMADA,FINISHED,acorbea,Linac-151673,,NO_TICKET_REPORTED,1,1,0,0,0,0,1564298,11039,1564298,PCB dlg/diaphragm drive,MATCHED,REF_EXACT,OK
2356,2024-03-08T23:00:00.000Z,FIELD_BEAT_CLIENT|96.770.100-9|CLINICA ALEMANA DE SANTIAGO,96.770.100-9,CLINICA ALEMANA DE SANTIAGO,PREVENTIVA PROGRAMADA,FINISHED,acorbea,Linac-151673,,NO_TICKET_REPORTED,1,0,1,0,0,1,,,,n/a,PLACEHOLDER_VALUE,PLACEHOLDER_REJECTED,HAS_PLACEHOLDERS
2357,2024-03-12T10:00:00.000Z,FIELD_BEAT_CLIENT|70377400-8|FUNDACION ARTURO LOPEZ PEREZ,70377400-8,FUNDACION ARTURO LOPEZ PEREZ,CORRECTIVA NO PROGRAMADA,FINISHED,rguapache,LINAC-153038,,NO_TICKET_REPORTED,1,1,0,0,0,1,1017632_usado,11872,1017632,"PCB Assy, Camera CCU",MATCHED,REF_LIKE,REVIEW_REQUIRED
2358,2024-03-12T22:00:00.000Z,FIELD_BEAT_CLIENT|81.698.900-0|UC CHRISTUS - CECA,81.698.900-0,UC CHRISTUS - CECA,ASISTENCIA REMOTA,FINISHED,acorbea,Linac-109374,57,LINKED_TO_ACCESSIBLE_ZENDESK,1,0,1,0,0,1,,,,n/a,PLACEHOLDER_VALUE,PLACEHOLDER_REJECTED,HAS_PLACEHOLDERS
2359,2024-03-13T12:00:00.000Z,FIELD_BEAT_CLIENT|93.930.000-7|CLÍNICA LAS CONDES,93.930.000-7,CLÍNICA LAS CONDES,CORRECTIVA PROGRAMADA,FINISHED,acorbea,CLC-1,256105,LINKED_TO_MISSING_OR_RESTRICTED_ZENDESK,1,0,1,0,0,1,,,,n/a,PLACEHOLDER_VALUE,PLACEHOLDER_REJECTED,HAS_PLACEHOLDERS
2360,2024-03-14T15:50:00.000Z,FIELD_BEAT_CLIENT|61.608.404-6|Instituto Nacional del Cáncer (INC),61.608.404-6,Instituto Nacional del Cáncer (INC),CORRECTIVA PROGRAMADA,FINISHED,ccarrasquel,INC-INFINITY01,,NO_TICKET_REPORTED,1,1,0,0,0,0,1018559,10724,1018559,LMD fan and bracket,MATCHED,REF_EXACT,OK
2361,2024-03-14T15:30:00.000Z,FIELD_BEAT_CLIENT|96.770.100-9|CLINICA ALEMANA DE SANTIAGO,96.770.100-9,CLINICA ALEMANA DE SANTIAGO,CORRECTIVA PROGRAMADA,FINISHED,acorbea,Linac-152171,,NO_TICKET_REPORTED,1,0,1,0,0,1,,,,"ampolleta, foto en adjunto",PLACEHOLDER_VALUE,PLACEHOLDER_REJECTED,HAS_PLACEHOLDERS
2362,2024-03-14T11:30:00.000Z,FIELD_BEAT_CLIENT|76.746.730-3|CLÍNICA SANATORIO ALEMÁN (ONCORAD),76.746.730-3,CLÍNICA SANATORIO ALEMÁN (ONCORAD),CORRECTIVA NO PROGRAMADA,FINISHED,ebecker,Linac-201110,,NO_TICKET_REPORTED,1,0,1,0,0,1,,,N/A,N/A,PLACEHOLDER_VALUE,PLACEHOLDER_REJECTED,HAS_PLACEHOLDERS
2363,2024-03-14T21:00:00.000Z,FIELD_BEAT_CLIENT|81.698.900-0|UC CHRISTUS - SCA,81.698.900-0,UC CHRISTUS - SCA,ASISTENCIA REMOTA,FINISHED,acorbea,Linac-109256,,NO_TICKET_REPORTED,1,0,1,0,0,1,,,n/a,n/a,PLACEHOLDER_VALUE,PLACEHOLDER_REJECTED,HAS_PLACEHOLDERS
2364,2024-03-14T21:00:00.000Z,FIELD_BEAT_CLIENT|81.698.900-0|UC CHRISTUS - SCA,81.698.900-0,UC CHRISTUS - SCA,ASISTENCIA REMOTA,ARCHIVED,,Linac-109256,,NO_TICKET_REPORTED,0,0,0,0,0,0,,,,,,,NO_USED_PARTS
2365,2024-03-16T18:42:00.000Z,FIELD_BEAT_CLIENT|70.377.400-8|FUNDACION ARTURO LOPEZ PEREZ,70.377.400-8,FUNDACION ARTURO LOPEZ PEREZ,PREVENTIVA PROGRAMADA,SCHEDULED,,,,NO_TICKET_REPORTED,0,0,0,0,0,0,,,,,,,NO_USED_PARTS
2366,2024-03-16T18:42:00.000Z,FIELD_BEAT_CLIENT|70.377.400-8|FUNDACION ARTURO LOPEZ PEREZ,70.377.400-8,FUNDACION ARTURO LOPEZ PEREZ,PREVENTIVA PROGRAMADA,SCHEDULED,,,,NO_TICKET_REPORTED,0,0,0,0,0,0,,,,,,,NO_USED_PARTS
2367,2024-03-16T18:47:00.000Z,FIELD_BEAT_CLIENT|70.377.400-8|FUNDACION ARTURO LOPEZ PEREZ,70.377.400-8,FUNDACION ARTURO LOPEZ PEREZ,PREVENTIVA PROGRAMADA,ARCHIVED,,,,NO_TICKET_REPORTED,2,1,0,1,0,1,1517657,10701,1521192|1517657,"KIT, TOUCHGUARD MECHANISM ASSEMBLY, M4|PCB ASSY, LEAF MOTOR DRIVE",NO_MATCH|MATCHED,NONE|REF_EXACT,HAS_UNMATCHED_PARTS
2368,2024-03-16T19:13:00.000Z,FIELD_BEAT_CLIENT|70.377.400-8|FUNDACION ARTURO LOPEZ PEREZ,70.377.400-8,FUNDACION ARTURO LOPEZ PEREZ,PREVENTIVA PROGRAMADA,FINISHED,mabreu,,,NO_TICKET_REPORTED,2,2,0,0,0,0,1517657|1521162,10701|12206,1517657|1521162,"PCB ASSY, LEAF MOTOR DRIVE|KIT, TOUCHGUARD MECHANISM ASSEMBLY, mM4",MATCHED,REF_EXACT,OK
2369,2024-03-12T13:00:00.000Z,FIELD_BEAT_CLIENT|79.560.900-8|RADIO NUCLEAR,79.560.900-8,RADIO NUCLEAR,CORRECTIVA NO PROGRAMADA,ARCHIVED,,Linac-151238,,NO_TICKET_REPORTED,0,0,0,0,0,0,,,,,,,NO_USED_PARTS
2370,2024-03-01T20:08:00.000Z,FIELD_BEAT_CLIENT|61.608.404-6|Instituto Nacional del Cáncer (INC),61.608.404-6,Instituto Nacional del Cáncer (INC),REQUERIMIENTO DEL CLIENTE,ARCHIVED,,INC-INFINITY01,,NO_TICKET_REPORTED,0,0,0,0,0,0,,,,,,,NO_USED_PARTS
2371,2024-03-01T20:08:00.000Z,FIELD_BEAT_CLIENT|61.608.404-6|Instituto Nacional del Cáncer (INC),61.608.404-6,Instituto Nacional del Cáncer (INC),REQUERIMIENTO DEL CLIENTE,ARCHIVED,,INC-INFINITY01,,NO_TICKET_REPORTED,0,0,0,0,0,0,,,,,,,NO_USED_PARTS
2372,2024-03-01T20:14:00.000Z,FIELD_BEAT_CLIENT|61.608.404-6|Instituto Nacional del Cáncer (INC),61.608.404-6,Instituto Nacional del Cáncer (INC),CORRECTIVA NO PROGRAMADA,FINISHED,ssalice,INC-INFINITY01,823383,LINKED_TO_MISSING_OR_RESTRICTED_ZENDESK,0,0,0,0,0,0,,,,,,,NO_USED_PARTS
2373,2024-03-01T20:08:00.000Z,FIELD_BEAT_CLIENT|61.608.404-6|Instituto Nacional del Cáncer (INC),61.608.404-6,Instituto Nacional del Cáncer (INC),REQUERIMIENTO DEL CLIENTE,ARCHIVED,,INC-INFINITY01,,NO_TICKET_REPORTED,0,0,0,0,0,0,,,,,,,NO_USED_PARTS
2374,2024-03-20T19:50:00.000Z,FIELD_BEAT_CLIENT|96.757.430-9|INRAD,96.757.430-9,INRAD,CORRECTIVA PROGRAMADA,FINISHED,mabreu,Linac-201172,,NO_TICKET_REPORTED,1,1,0,0,0,1,1018265_proveedor_local,11961,1018265,FRU Z MTR BRUSH SET,MATCHED,REF_LIKE,REVIEW_REQUIRED
2375,2024-03-21T10:00:00.000Z,FIELD_BEAT_CLIENT|70377400-8|FUNDACION ARTURO LOPEZ PEREZ,70377400-8,FUNDACION ARTURO LOPEZ PEREZ,CORRECTIVA NO PROGRAMADA,FINISHED,rguapache,LINAC-153038,,NO_TICKET_REPORTED,2,1,0,1,0,1,4513316442101T,10986,4513316442101T|1556292,"Potenciometro 20K|Kit, Spares, DLG Brake",MATCHED|NO_MATCH,REF_EXACT|NONE,HAS_UNMATCHED_PARTS
2376,2024-03-22T11:30:00.000Z,FIELD_BEAT_CLIENT|70.377.400-8|FUNDACION ARTURO LOPEZ PEREZ,70.377.400-8,FUNDACION ARTURO LOPEZ PEREZ,CORRECTIVA NO PROGRAMADA,FINISHED,adiaz,,,NO_TICKET_REPORTED,0,0,0,0,0,0,,,,,,,NO_USED_PARTS
2377,2024-03-22T10:00:00.000Z,FIELD_BEAT_CLIENT|61.606.500-9|HOSPITAL CARLOS VAN BUREN (SSVSA),61.606.500-9,HOSPITAL CARLOS VAN BUREN (SSVSA),CORRECTIVA NO PROGRAMADA,FINISHED,jecheverria,Linac-154325,,NO_TICKET_REPORTED,1,0,1,0,0,1,,,SN,Chip controlador PCB ODI,PLACEHOLDER_VALUE,PLACEHOLDER_REJECTED,HAS_PLACEHOLDERS
2378,2024-03-22T19:00:00.000Z,FIELD_BEAT_CLIENT|81.698.900-0|UC CHRISTUS - SCA,81.698.900-0,UC CHRISTUS - SCA,CORRECTIVA PROGRAMADA,FINISHED,mabreu,Linac-109256,74,LINKED_TO_ACCESSIBLE_ZENDESK,0,0,0,0,0,0,,,,,,,NO_USED_PARTS
2379,2024-03-22T19:11:00.000Z,FIELD_BEAT_CLIENT|81.698.900-0|UC CHRISTUS - SCA,81.698.900-0,UC CHRISTUS - SCA,CORRECTIVA PROGRAMADA,FINISHED,mabreu,Linac-109256,68,LINKED_TO_MISSING_OR_RESTRICTED_ZENDESK,0,0,0,0,0,0,,,,,,,NO_USED_PARTS
2380,2024-03-21T11:45:00.000Z,FIELD_BEAT_CLIENT|76.746.730-3|CLÍNICA SANATORIO ALEMÁN (ONCORAD),76.746.730-3,CLÍNICA SANATORIO ALEMÁN (ONCORAD),PREVENTIVA PROGRAMADA,FINISHED,glopez,HDR_10806,,NO_TICKET_REPORTED,1,0,0,1,0,1,,,106053,tarjeta SMC,NO_MATCH,NONE,HAS_UNMATCHED_PARTS
2381,2024-03-23T13:07:00.000Z,FIELD_BEAT_CLIENT|81.698.900-0|UC CHRISTUS - SCA,81.698.900-0,UC CHRISTUS - SCA,PREVENTIVA PROGRAMADA,FINISHED,mabreu,Linac-109256,,NO_TICKET_REPORTED,0,0,0,0,0,0,,,,,,,NO_USED_PARTS
2382,2024-03-26T15:12:00.000Z,FIELD_BEAT_CLIENT|61.608.404-6|Instituto Nacional del Cáncer (INC),61.608.404-6,Instituto Nacional del Cáncer (INC),CORRECTIVA NO PROGRAMADA,FINISHED,ccarrasquel,INC-INFINITY01,,NO_TICKET_REPORTED,0,0,0,0,0,0,,,,,,,NO_USED_PARTS
2383,2024-03-26T17:41:00.000Z,FIELD_BEAT_CLIENT|61.608.404-6|Instituto Nacional del Cáncer (INC),61.608.404-6,Instituto Nacional del Cáncer (INC),CORRECTIVA NO PROGRAMADA,FINISHED,ccarrasquel,INC-INFINITY01,,NO_TICKET_REPORTED,0,0,0,0,0,0,,,,,,,NO_USED_PARTS
2384,2024-03-27T20:10:00.000Z,FIELD_BEAT_CLIENT|81.698.900-0|UC CHRISTUS - SCA,81.698.900-0,UC CHRISTUS - SCA,CORRECTIVA PROGRAMADA,FINISHED,acorbea,Linac-109256,45,LINKED_TO_MISSING_OR_RESTRICTED_ZENDESK,1,0,1,0,0,1,,,,n/a,PLACEHOLDER_VALUE,PLACEHOLDER_REJECTED,HAS_PLACEHOLDERS
2385,2024-04-01T11:30:00.000Z,FIELD_BEAT_CLIENT|70377400-8|FUNDACION ARTURO LOPEZ PEREZ,70377400-8,FUNDACION ARTURO LOPEZ PEREZ,CORRECTIVA NO PROGRAMADA,FINISHED,rcammalleri,APOTECA-CHEMO,,NO_TICKET_REPORTED,0,0,0,0,0,0,,,,,,,NO_USED_PARTS
2386,2024-04-01T11:30:00.000Z,FIELD_BEAT_CLIENT|70377400-8|FUNDACION ARTURO LOPEZ PEREZ,70377400-8,FUNDACION ARTURO LOPEZ PEREZ,CORRECTIVA NO PROGRAMADA,ARCHIVED,,APOTECA-CHEMO,,NO_TICKET_REPORTED,0,0,0,0,0,0,,,,,,,NO_USED_PARTS
2387,2024-04-01T11:30:00.000Z,FIELD_BEAT_CLIENT|70377400-8|FUNDACION ARTURO LOPEZ PEREZ,70377400-8,FUNDACION ARTURO LOPEZ PEREZ,REQUERIMIENTO DEL CLIENTE,FINISHED,rcammalleri,APOTECA-CHEMO,,NO_TICKET_REPORTED,0,0,0,0,0,0,,,,,,,NO_USED_PARTS
2388,2024-04-01T11:30:00.000Z,FIELD_BEAT_CLIENT|70377400-8|FUNDACION ARTURO LOPEZ PEREZ,70377400-8,FUNDACION ARTURO LOPEZ PEREZ,CORRECTIVA NO PROGRAMADA,ARCHIVED,,APOTECA-CHEMO,,NO_TICKET_REPORTED,0,0,0,0,0,0,,,,,,,NO_USED_PARTS
2389,2024-04-01T16:30:00.000Z,FIELD_BEAT_CLIENT|81.698.900-0|UC CHRISTUS - CECA,81.698.900-0,UC CHRISTUS - CECA,CORRECTIVA NO PROGRAMADA,FINISHED,acorbea,Linac-153935,90,LINKED_TO_MISSING_OR_RESTRICTED_ZENDESK,1,0,1,0,0,1,,,n/a,n/a,PLACEHOLDER_VALUE,PLACEHOLDER_REJECTED,HAS_PLACEHOLDERS
2390,2024-04-02T17:00:00.000Z,FIELD_BEAT_CLIENT|81.698.900-0|UC CHRISTUS - CECA,81.698.900-0,UC CHRISTUS - CECA,CORRECTIVA PROGRAMADA,FINISHED,acorbea,Linac-153935,45,LINKED_TO_MISSING_OR_RESTRICTED_ZENDESK,1,0,1,0,0,1,,,n/a,n/a,PLACEHOLDER_VALUE,PLACEHOLDER_REJECTED,HAS_PLACEHOLDERS
2391,2024-04-03T17:30:00.000Z,FIELD_BEAT_CLIENT|81.698.900-0|UC CHRISTUS - CECA,81.698.900-0,UC CHRISTUS - CECA,REQUERIMIENTO DEL CLIENTE,FINISHED,acorbea,Linac-109374,,NO_TICKET_REPORTED,1,0,1,0,0,1,,,n/a,n/a,PLACEHOLDER_VALUE,PLACEHOLDER_REJECTED,HAS_PLACEHOLDERS
2392,2024-04-03T22:37:00.000Z,FIELD_BEAT_CLIENT|61.608.404-6|Instituto Nacional del Cáncer (INC),61.608.404-6,Instituto Nacional del Cáncer (INC),CORRECTIVA NO PROGRAMADA,FINISHED,ccarrasquel,INC-INFINITY01,,NO_TICKET_REPORTED,0,0,0,0,0,0,,,,,,,NO_USED_PARTS
2393,2024-04-04T12:00:00.000Z,FIELD_BEAT_CLIENT|81.698.900-0|UC CHRISTUS - SCA,81.698.900-0,UC CHRISTUS - SCA,ASISTENCIA REMOTA,FINISHED,rguapache,Linac-109256,,NO_TICKET_REPORTED,0,0,0,0,0,0,,,,,,,NO_USED_PARTS
2394,2024-04-04T20:15:00.000Z,FIELD_BEAT_CLIENT|81.698.900-0|UC CHRISTUS - SCA,81.698.900-0,UC CHRISTUS - SCA,CORRECTIVA PROGRAMADA,FINISHED,acorbea,Linac-109256,93,LINKED_TO_MISSING_OR_RESTRICTED_ZENDESK,1,1,0,0,0,0,1014474,11677,1014474,Cable assy sw1/sw2,MATCHED,REF_EXACT,OK
2395,2024-04-05T13:30:00.000Z,FIELD_BEAT_CLIENT|61.608.404-6|Instituto Nacional del Cáncer (INC),61.608.404-6,Instituto Nacional del Cáncer (INC),CORRECTIVA PROGRAMADA,FINISHED,rcammalleri,INC-INFINITY01,823383,LINKED_TO_MISSING_OR_RESTRICTED_ZENDESK,1,0,0,1,0,1,,,L13896-001,HP Z2 Ventilador GPU,NO_MATCH,NONE,HAS_UNMATCHED_PARTS
2396,2024-04-05T18:00:00.000Z,FIELD_BEAT_CLIENT|61.608.404-6|Instituto Nacional del Cáncer (INC),61.608.404-6,Instituto Nacional del Cáncer (INC),PREVENTIVA PROGRAMADA,FINISHED,ccarrasquel,INC-INFINITY01,,NO_TICKET_REPORTED,0,0,0,0,0,0,,,,,,,NO_USED_PARTS
2397,2024-04-05T19:35:00.000Z,FIELD_BEAT_CLIENT|61.608.404-6|Instituto Nacional del Cáncer (INC),61.608.404-6,Instituto Nacional del Cáncer (INC),PREVENTIVA PROGRAMADA,FINISHED,ccarrasquel,INC-INFINITY01,,NO_TICKET_REPORTED,0,0,0,0,0,0,,,,,,,NO_USED_PARTS
2398,2024-04-05T19:35:00.000Z,FIELD_BEAT_CLIENT|61.608.404-6|Instituto Nacional del Cáncer (INC),61.608.404-6,Instituto Nacional del Cáncer (INC),PREVENTIVA PROGRAMADA,ARCHIVED,,INC-INFINITY01,,NO_TICKET_REPORTED,0,0,0,0,0,0,,,,,,,NO_USED_PARTS
2399,2024-04-08T10:00:00.000Z,FIELD_BEAT_CLIENT|70377400-8|FUNDACION ARTURO LOPEZ PEREZ,70377400-8,FUNDACION ARTURO LOPEZ PEREZ,CORRECTIVA PROGRAMADA,FINISHED,glopez,HDR-FT07026,,NO_TICKET_REPORTED,0,0,0,0,0,0,,,,,,,NO_USED_PARTS
2400,2024-04-02T12:00:00.000Z,FIELD_BEAT_CLIENT|76.746.730-3|CLÍNICA SANATORIO ALEMÁN (ONCORAD),76.746.730-3,CLÍNICA SANATORIO ALEMÁN (ONCORAD),CORRECTIVA NO PROGRAMADA,FINISHED,ebecker,Linac-201110,,NO_TICKET_REPORTED,1,1,0,0,0,0,45133328445,12248,4513 332 8445,Remote BLD Camera Thermo Electrón (MR),MATCHED,REF_NORMALIZED_EXACT,OK
2401,2024-04-08T22:43:00.000Z,FIELD_BEAT_CLIENT|61.608.404-6|Instituto Nacional del Cáncer (INC),61.608.404-6,Instituto Nacional del Cáncer (INC),CORRECTIVA PROGRAMADA,FINISHED,ccarrasquel,INC-INFINITY01,,NO_TICKET_REPORTED,1,1,0,0,0,0,1565836,10983,1565836,"kit spares, DLG brake",MATCHED,REF_EXACT,OK
2402,2024-04-11T14:05:00.000Z,FIELD_BEAT_CLIENT|96.757.430-9|INRAD,96.757.430-9,INRAD,REQUERIMIENTO DEL CLIENTE,FINISHED,rcammalleri,OIS-INRAD|Linac-201172,97,LINKED_TO_ACCESSIBLE_ZENDESK,0,0,0,0,0,0,,,,,,,NO_USED_PARTS
2403,2024-04-11T16:00:00.000Z,FIELD_BEAT_CLIENT|61.608.404-6|Instituto Nacional del Cáncer (INC),61.608.404-6,Instituto Nacional del Cáncer (INC),REQUERIMIENTO DEL CLIENTE,FINISHED,rcammalleri,INC-INFINITY01,958224,LINKED_TO_MISSING_OR_RESTRICTED_ZENDESK,0,0,0,0,0,0,,,,,,,NO_USED_PARTS
2404,2024-04-11T18:32:00.000Z,FIELD_BEAT_CLIENT|81.698.900-0|UC CHRISTUS - CECA,81.698.900-0,UC CHRISTUS - CECA,CORRECTIVA NO PROGRAMADA,FINISHED,ccarrasquel,Linac-153935,,NO_TICKET_REPORTED,0,0,0,0,0,0,,,,,,,NO_USED_PARTS
2405,2024-04-11T22:11:00.000Z,FIELD_BEAT_CLIENT|61.608.404-6|Instituto Nacional del Cáncer (INC),61.608.404-6,Instituto Nacional del Cáncer (INC),,FINISHED,ccarrasquel,INC-INFINITY01,,NO_TICKET_REPORTED,0,0,0,0,0,0,,,,,,,NO_USED_PARTS
2406,2024-04-12T14:00:00.000Z,FIELD_BEAT_CLIENT|61.606.500-9|HOSPITAL CARLOS VAN BUREN (SSVSA),61.606.500-9,HOSPITAL CARLOS VAN BUREN (SSVSA),CORRECTIVA NO PROGRAMADA,FINISHED,jecheverria,Linac-154325,,NO_TICKET_REPORTED,1,1,0,0,0,0,1517657,10701,1517657,PCB LEAF MOTOR DRIVE,MATCHED,REF_EXACT,OK
2407,2024-04-12T22:55:00.000Z,FIELD_BEAT_CLIENT|81.698.900-0|UC CHRISTUS - CECA,81.698.900-0,UC CHRISTUS - CECA,CORRECTIVA PROGRAMADA,FINISHED,ccarrasquel,Linac-153935,,NO_TICKET_REPORTED,0,0,0,0,0,0,,,,,,,NO_USED_PARTS
2408,2024-04-16T21:30:00.000Z,FIELD_BEAT_CLIENT|81.698.900-0|UC CHRISTUS - SCA,81.698.900-0,UC CHRISTUS - SCA,CORRECTIVA PROGRAMADA,FINISHED,acorbea,Linac-109256,70,LINKED_TO_MISSING_OR_RESTRICTED_ZENDESK,1,0,1,0,0,1,,,n/a,n/a,PLACEHOLDER_VALUE,PLACEHOLDER_REJECTED,HAS_PLACEHOLDERS
2409,2024-04-17T19:00:00.000Z,FIELD_BEAT_CLIENT|96.770.100-9|CLINICA ALEMANA DE SANTIAGO,96.770.100-9,CLINICA ALEMANA DE SANTIAGO,CORRECTIVA NO PROGRAMADA,FINISHED,acorbea,Linac-151673,,NO_TICKET_REPORTED,1,0,1,0,0,1,,,n/a,nuez de agility,PLACEHOLDER_VALUE,PLACEHOLDER_REJECTED,HAS_PLACEHOLDERS
2410,2024-04-18T01:16:00.000Z,FIELD_BEAT_CLIENT|61.608.404-6|Instituto Nacional del Cáncer (INC),61.608.404-6,Instituto Nacional del Cáncer (INC),CORRECTIVA PROGRAMADA,FINISHED,ccarrasquel,INC-INFINITY01,,NO_TICKET_REPORTED,0,0,0,0,0,0,,,,,,,NO_USED_PARTS
2411,2024-04-18T22:30:00.000Z,FIELD_BEAT_CLIENT|61.606.500-9|HOSPITAL CARLOS VAN BUREN (SSVSA),61.606.500-9,HOSPITAL CARLOS VAN BUREN (SSVSA),CORRECTIVA NO PROGRAMADA,FINISHED,jecheverria,Linac-154325,721393,LINKED_TO_MISSING_OR_RESTRICTED_ZENDESK,1,0,1,0,0,1,,,NA,NA,PLACEHOLDER_VALUE,PLACEHOLDER_REJECTED,HAS_PLACEHOLDERS
2412,2024-04-18T23:00:00.000Z,FIELD_BEAT_CLIENT|61.606.500-9|HOSPITAL CARLOS VAN BUREN (SSVSA),61.606.500-9,HOSPITAL CARLOS VAN BUREN (SSVSA),PREVENTIVA PROGRAMADA,FINISHED,jecheverria,Linac-154325,,NO_TICKET_REPORTED,1,1,0,0,0,0,1551103,12147,1551103,Mod kit /03 DISC SPRING,MATCHED,REF_EXACT,OK
2413,2024-04-19T12:30:00.000Z,FIELD_BEAT_CLIENT|70377400-8|FUNDACION ARTURO LOPEZ PEREZ,70377400-8,FUNDACION ARTURO LOPEZ PEREZ,CORRECTIVA NO PROGRAMADA,FINISHED,adiaz,,,NO_TICKET_REPORTED,0,0,0,0,0,0,,,,,,,NO_USED_PARTS
2414,2024-04-19T11:00:00.000Z,FIELD_BEAT_CLIENT|61.606.500-9|HOSPITAL CARLOS VAN BUREN (SSVSA),61.606.500-9,HOSPITAL CARLOS VAN BUREN (SSVSA),ASISTENCIA REMOTA,FINISHED,jecheverria,,,NO_TICKET_REPORTED,1,0,1,0,0,1,,,NO APLICA,NO APLICA,PLACEHOLDER_VALUE,PLACEHOLDER_REJECTED,HAS_PLACEHOLDERS
2415,2024-04-19T13:30:00.000Z,FIELD_BEAT_CLIENT|61.606.500-9|HOSPITAL CARLOS VAN BUREN (SSVSA),61.606.500-9,HOSPITAL CARLOS VAN BUREN (SSVSA),ASISTENCIA REMOTA,FINISHED,jecheverria,Linac-154325,,NO_TICKET_REPORTED,1,0,1,0,0,1,,,no aplica,No aplica,PLACEHOLDER_VALUE,PLACEHOLDER_REJECTED,HAS_PLACEHOLDERS
2416,2024-04-22T11:10:00.000Z,FIELD_BEAT_CLIENT|61.606.500-9|HOSPITAL CARLOS VAN BUREN (SSVSA),61.606.500-9,HOSPITAL CARLOS VAN BUREN (SSVSA),ASISTENCIA REMOTA,FINISHED,jecheverria,Linac-154325,,NO_TICKET_REPORTED,1,0,0,1,0,1,,,NO HAY,No aplica,NO_MATCH,NONE,HAS_UNMATCHED_PARTS
2417,2024-04-22T22:04:00.000Z,FIELD_BEAT_CLIENT|70377400-8|FUNDACION ARTURO LOPEZ PEREZ,70377400-8,FUNDACION ARTURO LOPEZ PEREZ,CORRECTIVA PROGRAMADA,FINISHED,ccarrasquel,LINAC-153038,,NO_TICKET_REPORTED,0,0,0,0,0,0,,,,,,,NO_USED_PARTS
2418,2024-04-23T10:30:00.000Z,FIELD_BEAT_CLIENT|61.606.500-9|HOSPITAL CARLOS VAN BUREN (SSVSA),61.606.500-9,HOSPITAL CARLOS VAN BUREN (SSVSA),CORRECTIVA NO PROGRAMADA,FINISHED,jecheverria,Linac-154325,668704,LINKED_TO_MISSING_OR_RESTRICTED_ZENDESK,1,0,0,1,0,1,,,C065341-00608,PCB CONTROL DE ODI,NO_MATCH,NONE,HAS_UNMATCHED_PARTS
2419,2024-04-23T11:00:00.000Z,FIELD_BEAT_CLIENT|61.606.500-9|HOSPITAL CARLOS VAN BUREN (SSVSA),61.606.500-9,HOSPITAL CARLOS VAN BUREN (SSVSA),CORRECTIVA NO PROGRAMADA,FINISHED,jecheverria,Linac-154325,764386,LINKED_TO_MISSING_OR_RESTRICTED_ZENDESK,1,0,0,1,0,1,,,420,UPS Smart APC,NO_MATCH,NONE,HAS_UNMATCHED_PARTS
2420,2024-04-23T20:30:00.000Z,FIELD_BEAT_CLIENT|81.698.900-0|UC CHRISTUS - SCA,81.698.900-0,UC CHRISTUS - SCA,CORRECTIVA PROGRAMADA,FINISHED,acorbea,Linac-109256,45,LINKED_TO_MISSING_OR_RESTRICTED_ZENDESK,1,1,0,0,0,0,8010-00059-6,12238,8010-00059-6,TPUS AUTOSCAN PROBE,MATCHED,REF_EXACT,OK
2421,2024-04-25T11:30:00.000Z,FIELD_BEAT_CLIENT|96.770.100-9|CLINICA ALEMANA DE SANTIAGO,96.770.100-9,CLINICA ALEMANA DE SANTIAGO,CORRECTIVA NO PROGRAMADA,FINISHED,acorbea,Linac-151673,,NO_TICKET_REPORTED,1,0,1,0,0,1,,,n/a,n/a,PLACEHOLDER_VALUE,PLACEHOLDER_REJECTED,HAS_PLACEHOLDERS
2422,2024-04-26T18:00:00.000Z,FIELD_BEAT_CLIENT|61.606.500-9|HOSPITAL CARLOS VAN BUREN (SSVSA),61.606.500-9,HOSPITAL CARLOS VAN BUREN (SSVSA),PREVENTIVA PROGRAMADA,FINISHED,jecheverria,Linac-154325,,NO_TICKET_REPORTED,1,0,1,0,0,1,,,Na,No hay,PLACEHOLDER_VALUE,PLACEHOLDER_REJECTED,HAS_PLACEHOLDERS
2423,2024-04-26T20:30:00.000Z,FIELD_BEAT_CLIENT|61.606.500-9|HOSPITAL CARLOS VAN BUREN (SSVSA),61.606.500-9,HOSPITAL CARLOS VAN BUREN (SSVSA),PREVENTIVA PROGRAMADA,FINISHED,jecheverria,,,NO_TICKET_REPORTED,1,0,1,0,0,1,,,SN,No hay,PLACEHOLDER_VALUE,PLACEHOLDER_REJECTED,HAS_PLACEHOLDERS
2424,2024-04-27T13:00:00.000Z,FIELD_BEAT_CLIENT|81.698.900-0|UC CHRISTUS - CECA,81.698.900-0,UC CHRISTUS - CECA,PREVENTIVA PROGRAMADA,FINISHED,acorbea,Linac-109374,,NO_TICKET_REPORTED,1,0,1,0,0,1,,,n/a,"Wd40
paños multifibras
aceite lubricante",PLACEHOLDER_VALUE,PLACEHOLDER_REJECTED,HAS_PLACEHOLDERS
2425,2024-04-27T13:49:00.000Z,FIELD_BEAT_CLIENT|81.698.900-0|UC CHRISTUS - CECA,81.698.900-0,UC CHRISTUS - CECA,PREVENTIVA PROGRAMADA,FINISHED,ccarrasquel,Linac-109374,,NO_TICKET_REPORTED,0,0,0,0,0,0,,,,,,,NO_USED_PARTS
2426,2024-04-27T20:00:00.000Z,FIELD_BEAT_CLIENT|81.698.900-0|UC CHRISTUS - CECA,81.698.900-0,UC CHRISTUS - CECA,CORRECTIVA PROGRAMADA,FINISHED,acorbea,Linac-109374,40,LINKED_TO_ACCESSIBLE_ZENDESK,1,0,1,0,0,1,,,n/a,n/a,PLACEHOLDER_VALUE,PLACEHOLDER_REJECTED,HAS_PLACEHOLDERS
2427,2024-04-29T11:30:00.000Z,FIELD_BEAT_CLIENT|70377400-8|FUNDACION ARTURO LOPEZ PEREZ,70377400-8,FUNDACION ARTURO LOPEZ PEREZ,CORRECTIVA NO PROGRAMADA,FINISHED,rguapache,LINAC-153038,,NO_TICKET_REPORTED,0,0,0,0,0,0,,,,,,,NO_USED_PARTS
2428,2024-04-29T12:30:00.000Z,FIELD_BEAT_CLIENT|70377400-8|FUNDACION ARTURO LOPEZ PEREZ,70377400-8,FUNDACION ARTURO LOPEZ PEREZ,REQUERIMIENTO DEL CLIENTE,FINISHED,rcammalleri,APOTECA-CHEMO,,NO_TICKET_REPORTED,0,0,0,0,0,0,,,,,,,NO_USED_PARTS
2429,2024-04-26T13:00:00.000Z,FIELD_BEAT_CLIENT|96.770.100-9|CLINICA ALEMANA DE SANTIAGO,96.770.100-9,CLINICA ALEMANA DE SANTIAGO,INSTALACION - INTEGRACION,FINISHED,ssalice,TPS-CAS,,NO_TICKET_REPORTED,0,0,0,0,0,0,,,,,,,NO_USED_PARTS
2430,2024-04-30T10:30:00.000Z,FIELD_BEAT_CLIENT|61.606.500-9|HOSPITAL CARLOS VAN BUREN (SSVSA),61.606.500-9,HOSPITAL CARLOS VAN BUREN (SSVSA),PREVENTIVA PROGRAMADA,FINISHED,jecheverria,Linac-154325,,NO_TICKET_REPORTED,1,0,0,1,0,1,,,750,UPS APC,NO_MATCH,NONE,HAS_UNMATCHED_PARTS
2431,2024-04-30T11:00:00.000Z,FIELD_BEAT_CLIENT|61.606.500-9|HOSPITAL CARLOS VAN BUREN (SSVSA),61.606.500-9,HOSPITAL CARLOS VAN BUREN (SSVSA),PREVENTIVA PROGRAMADA,FINISHED,jecheverria,Linac-154325,,NO_TICKET_REPORTED,1,0,0,1,0,1,,,C135670,HANDHELD CONTROL HEXAPOD,NO_MATCH,NONE,HAS_UNMATCHED_PARTS
2432,2024-04-30T12:30:00.000Z,FIELD_BEAT_CLIENT|76.746.730-3|CLÍNICA SANATORIO ALEMÁN (ONCORAD),76.746.730-3,CLÍNICA SANATORIO ALEMÁN (ONCORAD),CORRECTIVA NO PROGRAMADA,FINISHED,ebecker,Linac-201110,,NO_TICKET_REPORTED,1,0,1,0,0,1,,,N/A,N/A,PLACEHOLDER_VALUE,PLACEHOLDER_REJECTED,HAS_PLACEHOLDERS
2433,2024-04-30T17:00:00.000Z,FIELD_BEAT_CLIENT|81.698.900-0|UC CHRISTUS - CECA,81.698.900-0,UC CHRISTUS - CECA,CORRECTIVA PROGRAMADA,FINISHED,acorbea,Linac-109374,9999,LINKED_TO_MISSING_OR_RESTRICTED_ZENDESK,1,1,0,0,0,0,1024939,10776,1024939,"assy, 40x40x10mm Fan",MATCHED,REF_EXACT,OK
2434,2024-04-30T18:23:00.000Z,FIELD_BEAT_CLIENT|61.608.404-6|Instituto Nacional del Cáncer (INC),61.608.404-6,Instituto Nacional del Cáncer (INC),CORRECTIVA NO PROGRAMADA,FINISHED,ccarrasquel,INC-INFINITY01,,NO_TICKET_REPORTED,0,0,0,0,0,0,,,,,,,NO_USED_PARTS
2435,2024-04-30T19:39:00.000Z,FIELD_BEAT_CLIENT|61.606.500-9|ACME,61.606.500-9,ACME,Guia de Despacho - Entrega de items o insumos a terceros,FINISHED,acorbea,153038,,NO_TICKET_REPORTED,1,0,0,1,0,1,,,1111,clamps,NO_MATCH,NONE,HAS_UNMATCHED_PARTS
2436,2024-04-30T21:26:00.000Z,FIELD_BEAT_CLIENT|61.606.500-9|ACME,61.606.500-9,ACME,Guia de Despacho - Entrega de items o insumos a terceros,ARCHIVED,,153038,,NO_TICKET_REPORTED,0,0,0,0,0,0,,,,,,,NO_USED_PARTS
2437,2024-05-03T20:00:00.000Z,FIELD_BEAT_CLIENT|61.608.404-6|Instituto Nacional del Cáncer (INC),61.608.404-6,Instituto Nacional del Cáncer (INC),CORRECTIVA PROGRAMADA,FINISHED,ssalice,INC-INFINITY01,394156,LINKED_TO_MISSING_OR_RESTRICTED_ZENDESK,0,0,0,0,0,0,,,,,,,NO_USED_PARTS
2438,2024-05-03T17:00:00.000Z,FIELD_BEAT_CLIENT|70377400-8|FUNDACION ARTURO LOPEZ PEREZ,70377400-8,FUNDACION ARTURO LOPEZ PEREZ,CORRECTIVA PROGRAMADA,FINISHED,acorbea,LINAC-153038,173501,LINKED_TO_MISSING_OR_RESTRICTED_ZENDESK,1,0,1,0,0,1,,,n/a,n/a,PLACEHOLDER_VALUE,PLACEHOLDER_REJECTED,HAS_PLACEHOLDERS
2439,2024-05-07T13:50:00.000Z,FIELD_BEAT_CLIENT|81.698.900-0|UC CHRISTUS - CECA,81.698.900-0,UC CHRISTUS - CECA,REQUERIMIENTO DEL CLIENTE,FINISHED,acorbea,Linac-109374,42,LINKED_TO_MISSING_OR_RESTRICTED_ZENDESK,1,0,1,0,0,1,,,n/a,n/a,PLACEHOLDER_VALUE,PLACEHOLDER_REJECTED,HAS_PLACEHOLDERS
2440,2024-05-07T13:50:00.000Z,FIELD_BEAT_CLIENT|81.698.900-0|UC CHRISTUS - CECA,81.698.900-0,UC CHRISTUS - CECA,REQUERIMIENTO DEL CLIENTE,ARCHIVED,,Linac-109374,,NO_TICKET_REPORTED,0,0,0,0,0,0,,,,,,,NO_USED_PARTS
2441,2024-05-07T12:00:00.000Z,FIELD_BEAT_CLIENT|81.698.900-0|UC CHRISTUS - CECA,81.698.900-0,UC CHRISTUS - CECA,CORRECTIVA PROGRAMADA,FINISHED,acorbea,Linac-109374,38,LINKED_TO_MISSING_OR_RESTRICTED_ZENDESK,1,0,1,0,0,1,,,n/a,n/a,PLACEHOLDER_VALUE,PLACEHOLDER_REJECTED,HAS_PLACEHOLDERS
2442,2024-05-07T13:50:00.000Z,FIELD_BEAT_CLIENT|96.757.430-9|INRAD,96.757.430-9,INRAD,CORRECTIVA NO PROGRAMADA,FINISHED,jecheverria,,144,LINKED_TO_MISSING_OR_RESTRICTED_ZENDESK,1,0,1,0,0,1,,,no aplica,No hay,PLACEHOLDER_VALUE,PLACEHOLDER_REJECTED,HAS_PLACEHOLDERS
2443,2024-05-07T15:53:00.000Z,FIELD_BEAT_CLIENT|61.608.404-6|Instituto Nacional del Cáncer (INC),61.608.404-6,Instituto Nacional del Cáncer (INC),CORRECTIVA NO PROGRAMADA,FINISHED,ccarrasquel,INC-INFINITY01,143,LINKED_TO_MISSING_OR_RESTRICTED_ZENDESK,2,2,0,0,0,0,1534958|1554784,11034|11159,1534958|1554784,"kit, spares, leaf motor|camera cable",MATCHED,REF_EXACT,OK
2444,2024-05-08T15:37:00.000Z,FIELD_BEAT_CLIENT|61.606.500-9|ACME,61.606.500-9,ACME,Guia de Despacho - Entrega de items o insumos a terceros,FINISHED,acorbea,153038,,NO_TICKET_REPORTED,1,0,0,1,0,1,,,5555,,NO_MATCH,NONE,HAS_UNMATCHED_PARTS
2445,2024-05-08T18:19:00.000Z,FIELD_BEAT_CLIENT|70377400-8|FUNDACION ARTURO LOPEZ PEREZ,70377400-8,FUNDACION ARTURO LOPEZ PEREZ,Guia de Despacho - Entrega de items o insumos a terceros,FINISHED,acorbea,APOTECA-CHEMO,,NO_TICKET_REPORTED,1,0,1,0,0,1,,,n/a,,PLACEHOLDER_VALUE,PLACEHOLDER_REJECTED,HAS_PLACEHOLDERS
2446,2024-05-09T12:30:00.000Z,FIELD_BEAT_CLIENT|70377400-8|FUNDACION ARTURO LOPEZ PEREZ,70377400-8,FUNDACION ARTURO LOPEZ PEREZ,PREVENTIVA PROGRAMADA,FINISHED,rcammalleri,APOTECA-CHEMO,,NO_TICKET_REPORTED,5,5,0,0,0,0,128338|2455263|019149|2327189|129530,11194|11937|11225|11193|11198,128338|2455263|019149|2327189|129530,Filtro 519 H14|Filter Bag (Canister)|Filtro Canister|Lámparas UV|Elastic Belt for Air Filter,MATCHED,REF_EXACT,OK
2447,2024-05-10T13:00:00.000Z,FIELD_BEAT_CLIENT|70377400-8|FUNDACION ARTURO LOPEZ PEREZ,70377400-8,FUNDACION ARTURO LOPEZ PEREZ,PREVENTIVA PROGRAMADA,FINISHED,rcammalleri,APOTECA-CHEMO,,NO_TICKET_REPORTED,0,0,0,0,0,0,,,,,,,NO_USED_PARTS
2448,2024-05-09T19:00:00.000Z,FIELD_BEAT_CLIENT|61.606.500-9|HOSPITAL CARLOS VAN BUREN (SSVSA),61.606.500-9,HOSPITAL CARLOS VAN BUREN (SSVSA),CORRECTIVA PROGRAMADA,FINISHED,jecheverria,Linac-154325,133,LINKED_TO_MISSING_OR_RESTRICTED_ZENDESK,1,1,0,0,0,0,1515098,10374,1515098,"Bomba ionica , sello 114 mm cobre",MATCHED,REF_EXACT,OK
2449,2024-05-09T21:30:00.000Z,FIELD_BEAT_CLIENT|61.606.500-9|HOSPITAL CARLOS VAN BUREN (SSVSA),61.606.500-9,HOSPITAL CARLOS VAN BUREN (SSVSA),CORRECTIVA PROGRAMADA,FINISHED,jecheverria,Linac-154325,,NO_TICKET_REPORTED,1,0,1,0,0,1,,,SN,no hay,PLACEHOLDER_VALUE,PLACEHOLDER_REJECTED,HAS_PLACEHOLDERS
2450,2024-05-10T19:45:00.000Z,FIELD_BEAT_CLIENT|81.698.900-0|UC CHRISTUS - CECA,81.698.900-0,UC CHRISTUS - CECA,CORRECTIVA PROGRAMADA,ARCHIVED,,OIS-UC,,NO_TICKET_REPORTED,0,0,0,0,0,0,,,,,,,NO_USED_PARTS
2451,2024-05-10T19:55:00.000Z,FIELD_BEAT_CLIENT|81.698.900-0|UC CHRISTUS - CECA,81.698.900-0,UC CHRISTUS - CECA,REQUERIMIENTO DEL CLIENTE,FINISHED,ssalice,OIS-UC,,NO_TICKET_REPORTED,0,0,0,0,0,0,,,,,,,NO_USED_PARTS
2452,2024-05-10T22:00:00.000Z,FIELD_BEAT_CLIENT|70377400-8|FUNDACION ARTURO LOPEZ PEREZ,70377400-8,FUNDACION ARTURO LOPEZ PEREZ,PREVENTIVA PROGRAMADA,FINISHED,rguapache,LINAC-153038,,NO_TICKET_REPORTED,0,0,0,0,0,0,,,,,,,NO_USED_PARTS
2453,2024-05-10T22:00:00.000Z,FIELD_BEAT_CLIENT|70377400-8|FUNDACION ARTURO LOPEZ PEREZ,70377400-8,FUNDACION ARTURO LOPEZ PEREZ,PREVENTIVA PROGRAMADA,FINISHED,rguapache,LINAC-153038,,NO_TICKET_REPORTED,1,1,0,0,0,1,1018265_proveedor_local,11961,1018265,FRU Z MOTOR BRUSH SET,MATCHED,REF_LIKE,REVIEW_REQUIRED
2454,2024-05-13T12:30:00.000Z,FIELD_BEAT_CLIENT|70.377.400-8|FUNDACION ARTURO LOPEZ PEREZ,70.377.400-8,FUNDACION ARTURO LOPEZ PEREZ,CORRECTIVA PROGRAMADA,FINISHED,adiaz,,,NO_TICKET_REPORTED,0,0,0,0,0,0,,,,,,,NO_USED_PARTS
2455,2024-05-13T20:45:00.000Z,FIELD_BEAT_CLIENT|81.698.900-0|UC CHRISTUS - SCA,81.698.900-0,UC CHRISTUS - SCA,CORRECTIVA PROGRAMADA,FINISHED,acorbea,Linac-109256,128,LINKED_TO_MISSING_OR_RESTRICTED_ZENDESK,1,0,1,0,0,1,,,n/a,n/a,PLACEHOLDER_VALUE,PLACEHOLDER_REJECTED,HAS_PLACEHOLDERS
2458,2024-05-13T21:53:00.000Z,FIELD_BEAT_CLIENT|81.698.900-0|UC CHRISTUS - CECA,81.698.900-0,UC CHRISTUS - CECA,CORRECTIVA NO PROGRAMADA,FINISHED,mabreu,Linac-109374,159,LINKED_TO_MISSING_OR_RESTRICTED_ZENDESK,1,1,0,0,0,0,1534958,11034,1534958,"KIT, SPARES, LEAF MOTOR",MATCHED,REF_EXACT,OK
2459,2024-05-14T19:00:00.000Z,FIELD_BEAT_CLIENT|70.377.400-8|FUNDACION ARTURO LOPEZ PEREZ,70.377.400-8,FUNDACION ARTURO LOPEZ PEREZ,CORRECTIVA NO PROGRAMADA,FINISHED,adiaz,,,NO_TICKET_REPORTED,0,0,0,0,0,0,,,,,,,NO_USED_PARTS
2460,2024-05-14T22:49:00.000Z,FIELD_BEAT_CLIENT|70377400-8|FUNDACION ARTURO LOPEZ PEREZ,70377400-8,FUNDACION ARTURO LOPEZ PEREZ,CORRECTIVA PROGRAMADA,FINISHED,ccarrasquel,LINAC-153038,711824,LINKED_TO_MISSING_OR_RESTRICTED_ZENDESK,1,1,0,0,0,1,1021309___1564281,10764,1564281,"pcb assy, wedge cont",MATCHED,REF_LIKE,REVIEW_REQUIRED
2461,2024-05-14T22:49:00.000Z,FIELD_BEAT_CLIENT|70377400-8|FUNDACION ARTURO LOPEZ PEREZ,70377400-8,FUNDACION ARTURO LOPEZ PEREZ,CORRECTIVA PROGRAMADA,ARCHIVED,,LINAC-153038,,NO_TICKET_REPORTED,0,0,0,0,0,0,,,,,,,NO_USED_PARTS
2462,2024-05-15T18:30:00.000Z,FIELD_BEAT_CLIENT|61.608.404-6|Instituto Nacional del Cáncer (INC),61.608.404-6,Instituto Nacional del Cáncer (INC),REQUERIMIENTO DEL CLIENTE,FINISHED,ssalice,,,NO_TICKET_REPORTED,0,0,0,0,0,0,,,,,,,NO_USED_PARTS
2463,2024-05-16T11:30:00.000Z,FIELD_BEAT_CLIENT|70377400-8|FUNDACION ARTURO LOPEZ PEREZ,70377400-8,FUNDACION ARTURO LOPEZ PEREZ,CORRECTIVA NO PROGRAMADA,FINISHED,rguapache,LINAC-153038,,NO_TICKET_REPORTED,0,0,0,0,0,0,,,,,,,NO_USED_PARTS
2464,2024-05-16T17:50:00.000Z,FIELD_BEAT_CLIENT|81.698.900-0|UC CHRISTUS - CECA,81.698.900-0,UC CHRISTUS - CECA,CORRECTIVA PROGRAMADA,FINISHED,acorbea,Linac-109374,148,LINKED_TO_MISSING_OR_RESTRICTED_ZENDESK,1,0,1,0,0,1,,,n/a,Micro,PLACEHOLDER_VALUE,PLACEHOLDER_REJECTED,HAS_PLACEHOLDERS
2465,2024-05-16T20:00:00.000Z,FIELD_BEAT_CLIENT|70377400-8|FUNDACION ARTURO LOPEZ PEREZ,70377400-8,FUNDACION ARTURO LOPEZ PEREZ,CORRECTIVA PROGRAMADA,FINISHED,rguapache,LINAC-153038,,NO_TICKET_REPORTED,0,0,0,0,0,0,,,,,,,NO_USED_PARTS
2466,2024-05-17T16:31:00.000Z,FIELD_BEAT_CLIENT|81.698.900-0|UC CHRISTUS - SCA,81.698.900-0,UC CHRISTUS - SCA,CORRECTIVA NO PROGRAMADA,FINISHED,mabreu,Linac-109256,168,LINKED_TO_MISSING_OR_RESTRICTED_ZENDESK,3,3,0,0,0,0,45133308244|1024939|1527814,12053|10776|11929,45133308244|1024939|1527814,"CABLE ASSEMBLY|ASSY, 40X40X10MM FAN|PSU, ION PUMP",MATCHED,REF_EXACT,OK
2467,2024-05-17T20:39:00.000Z,FIELD_BEAT_CLIENT|81.698.900-0|UC CHRISTUS - CECA,81.698.900-0,UC CHRISTUS - CECA,CORRECTIVA PROGRAMADA,FINISHED,ccarrasquel,Linac-109374,168,LINKED_TO_MISSING_OR_RESTRICTED_ZENDESK,6,5,0,1,0,1,1011030|1565768|1557545|1565836|1502613,11035|10151|12192|10983|10994,1011030|1527044|1565768|1557545|1565836|1502613,"LENS, COLLIMATOR|programmed pcb assy router|pcb assy camera ccu|CAMERA DX9|kit spare dlg braker|mod kit, láser ODI lámp",MATCHED|NO_MATCH,REF_EXACT|NONE,HAS_UNMATCHED_PARTS
2468,2024-05-17T20:00:00.000Z,FIELD_BEAT_CLIENT|81.698.900-0|UC CHRISTUS - SCA,81.698.900-0,UC CHRISTUS - SCA,CORRECTIVA NO PROGRAMADA,FINISHED,acorbea,Linac-109256,170,LINKED_TO_MISSING_OR_RESTRICTED_ZENDESK,1,1,0,0,0,0,1010848,11037,1010848,"mirror assembly, optics (mylar)",MATCHED,REF_EXACT,OK
2469,2024-05-17T21:09:00.000Z,FIELD_BEAT_CLIENT|81.698.900-0|UC CHRISTUS - CECA,81.698.900-0,UC CHRISTUS - CECA,CORRECTIVA NO PROGRAMADA,ARCHIVED,,Linac-153935,,NO_TICKET_REPORTED,0,0,0,0,0,0,,,,,,,NO_USED_PARTS
2470,2024-05-17T21:30:00.000Z,FIELD_BEAT_CLIENT|70377400-8|FUNDACION ARTURO LOPEZ PEREZ,70377400-8,FUNDACION ARTURO LOPEZ PEREZ,CORRECTIVA NO PROGRAMADA,FINISHED,adiaz,,,NO_TICKET_REPORTED,0,0,0,0,0,0,,,,,,,NO_USED_PARTS
2471,2024-05-20T21:00:00.000Z,FIELD_BEAT_CLIENT|70377400-8|FUNDACION ARTURO LOPEZ PEREZ,70377400-8,FUNDACION ARTURO LOPEZ PEREZ,CORRECTIVA NO PROGRAMADA,FINISHED,rguapache,LINAC-153038,,NO_TICKET_REPORTED,0,0,0,0,0,0,,,,,,,NO_USED_PARTS
2472,2024-05-22T15:15:00.000Z,FIELD_BEAT_CLIENT|61.608.404-6|Instituto Nacional del Cáncer (INC),61.608.404-6,Instituto Nacional del Cáncer (INC),CORRECTIVA PROGRAMADA,FINISHED,ccarrasquel,INC-INFINITY01,180,LINKED_TO_MISSING_OR_RESTRICTED_ZENDESK,1,1,0,0,0,0,1517657,10701,1517657,"PCB assy, Leaf Motor Drive",MATCHED,REF_EXACT,OK
2473,2024-05-22T16:42:00.000Z,FIELD_BEAT_CLIENT|96.770.100-9|CLINICA ALEMANA DE SANTIAGO,96.770.100-9,CLINICA ALEMANA DE SANTIAGO,CORRECTIVA NO PROGRAMADA,FINISHED,acorbea,Linac-151673,,NO_TICKET_REPORTED,1,1,0,0,0,0,1534958,11034,1534958,"kit, spares, leaf motor",MATCHED,REF_EXACT,OK
2474,2024-05-22T23:00:00.000Z,FIELD_BEAT_CLIENT|81.698.900-0|UC CHRISTUS - CECA,81.698.900-0,UC CHRISTUS - CECA,CORRECTIVA PROGRAMADA,FINISHED,rguapache,Linac-153935,173,LINKED_TO_MISSING_OR_RESTRICTED_ZENDESK,0,0,0,0,0,0,,,,,,,NO_USED_PARTS
2475,2024-05-22T22:00:00.000Z,FIELD_BEAT_CLIENT|81.698.900-0|UC CHRISTUS - SCA,81.698.900-0,UC CHRISTUS - SCA,CORRECTIVA NO PROGRAMADA,FINISHED,acorbea,Linac-109256,181,LINKED_TO_MISSING_OR_RESTRICTED_ZENDESK,2,2,0,0,0,1,4513316441202U|4513316442101T,10990|10986,45133164412|4513316442101T,"Fine potetiometer, 20k, si gle turno|potentiometer, 20k,10T",MATCHED,REF_LIKE|REF_EXACT,REVIEW_REQUIRED
2476,2024-05-28T22:00:00.000Z,FIELD_BEAT_CLIENT|61.608.404-6|Instituto Nacional del Cáncer (INC),61.608.404-6,Instituto Nacional del Cáncer (INC),CORRECTIVA NO PROGRAMADA,FINISHED,rguapache,INC-INFINITY01,,NO_TICKET_REPORTED,0,0,0,0,0,0,,,,,,,NO_USED_PARTS
2477,2024-05-28T19:15:00.000Z,FIELD_BEAT_CLIENT|81.698.900-0|UC CHRISTUS - SCA,81.698.900-0,UC CHRISTUS - SCA,CORRECTIVA PROGRAMADA,FINISHED,acorbea,Linac-109256,184,LINKED_TO_MISSING_OR_RESTRICTED_ZENDESK,1,1,0,0,0,1,1018265_proveedor_local,11961,1018265,fru z motor brush set (electrocraft),MATCHED,REF_LIKE,REVIEW_REQUIRED
2478,2024-05-29T13:42:00.000Z,FIELD_BEAT_CLIENT|61.606.500-9|HOSPITAL CARLOS VAN BUREN (SSVSA),61.606.500-9,HOSPITAL CARLOS VAN BUREN (SSVSA),CORRECTIVA NO PROGRAMADA,FINISHED,jecheverria,Linac-154325,455550,LINKED_TO_MISSING_OR_RESTRICTED_ZENDESK,1,1,0,0,0,0,1541744,11817,1541744,HAND HELD CONTROLLER,MATCHED,REF_EXACT,OK
2479,2024-05-29T15:15:00.000Z,FIELD_BEAT_CLIENT|70377400-8|FUNDACION ARTURO LOPEZ PEREZ,70377400-8,FUNDACION ARTURO LOPEZ PEREZ,REQUERIMIENTO DEL CLIENTE,FINISHED,rcammalleri,APOTECA-CHEMO,,NO_TICKET_REPORTED,0,0,0,0,0,0,,,,,,,NO_USED_PARTS
2480,2024-05-29T16:30:00.000Z,FIELD_BEAT_CLIENT|81.698.900-0|UC CHRISTUS - CECA,81.698.900-0,UC CHRISTUS - CECA,CORRECTIVA NO PROGRAMADA,FINISHED,rguapache,Linac-153935,,NO_TICKET_REPORTED,0,0,0,0,0,0,,,,,,,NO_USED_PARTS
2481,2024-05-30T18:17:00.000Z,FIELD_BEAT_CLIENT|76.746.730-3|CLÍNICA SANATORIO ALEMÁN (ONCORAD),76.746.730-3,CLÍNICA SANATORIO ALEMÁN (ONCORAD),CORRECTIVA NO PROGRAMADA,FINISHED,ebecker,Linac-201110,,NO_TICKET_REPORTED,1,0,1,0,0,1,,,,N/A,PLACEHOLDER_VALUE,PLACEHOLDER_REJECTED,HAS_PLACEHOLDERS
2482,2024-05-30T21:00:00.000Z,FIELD_BEAT_CLIENT|81.698.900-0|UC CHRISTUS - SCA,81.698.900-0,UC CHRISTUS - SCA,CORRECTIVA PROGRAMADA,FINISHED,acorbea,Linac-109256,181,LINKED_TO_MISSING_OR_RESTRICTED_ZENDESK,1,0,1,0,0,1,,,n/a,n/a,PLACEHOLDER_VALUE,PLACEHOLDER_REJECTED,HAS_PLACEHOLDERS
2483,2024-05-31T00:49:00.000Z,FIELD_BEAT_CLIENT|61.608.404-6|Instituto Nacional del Cáncer (INC),61.608.404-6,Instituto Nacional del Cáncer (INC),CORRECTIVA PROGRAMADA,FINISHED,ccarrasquel,INC-INFINITY01,198,LINKED_TO_MISSING_OR_RESTRICTED_ZENDESK,3,3,0,0,0,1,45133411846|4513341220301G|4513341185001U,11694|11693|11682,4513341184601H|4513341220301G|4513341185001U,"cable assy, PL5 to SK5A|cable T-GUARD and LAT motor|cable assy, PL9 to SK9A 1/2",MATCHED,REF_LIKE|REF_EXACT,REVIEW_REQUIRED
2484,2024-05-31T10:30:00.000Z,FIELD_BEAT_CLIENT|61.606.500-9|HOSPITAL CARLOS VAN BUREN (SSVSA),61.606.500-9,HOSPITAL CARLOS VAN BUREN (SSVSA),CORRECTIVA PROGRAMADA,FINISHED,jecheverria,Linac-154325,,NO_TICKET_REPORTED,1,1,0,0,0,0,45133308730,12139,45133308730,HH RECEIVER UNIT,MATCHED,REF_EXACT,OK
2485,2024-05-31T12:10:00.000Z,FIELD_BEAT_CLIENT|81.698.900-0|UC CHRISTUS - CECA,81.698.900-0,UC CHRISTUS - CECA,CORRECTIVA PROGRAMADA,FINISHED,ccarrasquel,Linac-153935,194,LINKED_TO_MISSING_OR_RESTRICTED_ZENDESK,0,0,0,0,0,0,,,,,,,NO_USED_PARTS
2486,2024-05-31T13:09:00.000Z,FIELD_BEAT_CLIENT|81.698.900-0|UC CHRISTUS - CECA,81.698.900-0,UC CHRISTUS - CECA,CORRECTIVA NO PROGRAMADA,FINISHED,mabreu,Linac-109374,199,LINKED_TO_MISSING_OR_RESTRICTED_ZENDESK,1,1,0,0,0,0,1534958,11034,1534958,"KIT, SPARE, LEAF MOTOR DRIVE",MATCHED,REF_EXACT,OK
2487,2024-05-31T21:30:00.000Z,FIELD_BEAT_CLIENT|81.698.900-0|UC CHRISTUS - CECA,81.698.900-0,UC CHRISTUS - CECA,CORRECTIVA NO PROGRAMADA,FINISHED,rguapache,Linac-153935,,NO_TICKET_REPORTED,1,1,0,0,0,0,1534958,11034,1534958,"Kit, spares, leaf motor",MATCHED,REF_EXACT,OK
2488,2024-05-31T23:20:00.000Z,FIELD_BEAT_CLIENT|81.698.900-0|UC CHRISTUS - SCA,81.698.900-0,UC CHRISTUS - SCA,CORRECTIVA NO PROGRAMADA,FINISHED,mabreu,Linac-109256,202,LINKED_TO_ACCESSIBLE_ZENDESK,0,0,0,0,0,0,,,,,,,NO_USED_PARTS
2489,2024-06-04T16:45:00.000Z,FIELD_BEAT_CLIENT|81.698.900-0|UC CHRISTUS - CECA,81.698.900-0,UC CHRISTUS - CECA,CORRECTIVA PROGRAMADA,ARCHIVED,,Linac-109374,,NO_TICKET_REPORTED,0,0,0,0,0,0,,,,,,,NO_USED_PARTS
2490,2024-06-04T16:45:00.000Z,FIELD_BEAT_CLIENT|81.698.900-0|UC CHRISTUS - CECA,81.698.900-0,UC CHRISTUS - CECA,REQUERIMIENTO DEL CLIENTE,FINISHED,acorbea,Linac-109374,42,LINKED_TO_MISSING_OR_RESTRICTED_ZENDESK,1,0,1,0,0,1,,,n/a,n/a,PLACEHOLDER_VALUE,PLACEHOLDER_REJECTED,HAS_PLACEHOLDERS
2491,2024-06-05T18:27:00.000Z,FIELD_BEAT_CLIENT|81.698.900-0|UC CHRISTUS - CECA,81.698.900-0,UC CHRISTUS - CECA,CORRECTIVA NO PROGRAMADA,FINISHED,mabreu,Linac-153935,194,LINKED_TO_MISSING_OR_RESTRICTED_ZENDESK,1,1,0,0,0,0,45133902974,10837,45133902974,"PCB ASSY, MOVEMENTS ENABLE",MATCHED,REF_EXACT,OK
2492,2024-06-05T23:41:00.000Z,FIELD_BEAT_CLIENT|81.698.900-0|UC CHRISTUS - SCA,81.698.900-0,UC CHRISTUS - SCA,CORRECTIVA NO PROGRAMADA,FINISHED,mabreu,Linac-109256,211,LINKED_TO_MISSING_OR_RESTRICTED_ZENDESK,1,0,1,0,0,1,,,N/A,DIODO IN 5822,PLACEHOLDER_VALUE,PLACEHOLDER_REJECTED,HAS_PLACEHOLDERS
2493,2024-06-06T12:21:00.000Z,FIELD_BEAT_CLIENT|81.698.900-0|UC CHRISTUS - CECA,81.698.900-0,UC CHRISTUS - CECA,CORRECTIVA PROGRAMADA,FINISHED,ccarrasquel,Linac-109374,,NO_TICKET_REPORTED,0,0,0,0,0,0,,,,,,,NO_USED_PARTS
2494,2024-06-06T19:15:00.000Z,FIELD_BEAT_CLIENT|61.608.404-6|Instituto Nacional del Cáncer (INC),61.608.404-6,Instituto Nacional del Cáncer (INC),REQUERIMIENTO DEL CLIENTE,FINISHED,ssalice,,209,LINKED_TO_MISSING_OR_RESTRICTED_ZENDESK,0,0,0,0,0,0,,,,,,,NO_USED_PARTS
2495,2024-06-07T11:00:00.000Z,FIELD_BEAT_CLIENT|81.698.900-0|UC CHRISTUS - SCA,81.698.900-0,UC CHRISTUS - SCA,ASISTENCIA REMOTA,FINISHED,acorbea,Linac-109256,,NO_TICKET_REPORTED,1,0,1,0,0,1,,,n/a,n/a,PLACEHOLDER_VALUE,PLACEHOLDER_REJECTED,HAS_PLACEHOLDERS
2496,2024-06-07T19:30:00.000Z,FIELD_BEAT_CLIENT|81.698.900-0|UC CHRISTUS - SCA,81.698.900-0,UC CHRISTUS - SCA,CORRECTIVA PROGRAMADA,FINISHED,rguapache,Linac-109256,,NO_TICKET_REPORTED,0,0,0,0,0,0,,,,,,,NO_USED_PARTS
2497,2024-06-07T21:52:00.000Z,FIELD_BEAT_CLIENT|61.608.404-6|Instituto Nacional del Cáncer (INC),61.608.404-6,Instituto Nacional del Cáncer (INC),PREVENTIVA PROGRAMADA,FINISHED,ccarrasquel,INC-INFINITY01,,NO_TICKET_REPORTED,1,1,0,0,0,0,4513316442301M,10312,4513316442301M,filter element 5 micra,MATCHED,REF_EXACT,OK
2498,2024-06-07T22:25:00.000Z,FIELD_BEAT_CLIENT|61.608.404-6|Instituto Nacional del Cáncer (INC),61.608.404-6,Instituto Nacional del Cáncer (INC),PREVENTIVA PROGRAMADA,FINISHED,ccarrasquel,INC-INFINITY01,,NO_TICKET_REPORTED,0,0,0,0,0,0,,,,,,,NO_USED_PARTS
2499,2024-06-10T20:10:00.000Z,FIELD_BEAT_CLIENT|81.698.900-0|UC CHRISTUS - CECA,81.698.900-0,UC CHRISTUS - CECA,CORRECTIVA PROGRAMADA,FINISHED,ccarrasquel,,,NO_TICKET_REPORTED,0,0,0,0,0,0,,,,,,,NO_USED_PARTS
2500,2024-06-10T22:00:00.000Z,FIELD_BEAT_CLIENT|81.698.900-0|UC CHRISTUS - CECA,81.698.900-0,UC CHRISTUS - CECA,CORRECTIVA PROGRAMADA,FINISHED,acorbea,Linac-153935,175,LINKED_TO_MISSING_OR_RESTRICTED_ZENDESK,1,1,0,0,0,0,1502613,10994,1502613,"Spares Kit, distance",MATCHED,REF_EXACT,OK
2501,2024-06-10T22:00:00.000Z,FIELD_BEAT_CLIENT|81.698.900-0|UC CHRISTUS - CECA,81.698.900-0,UC CHRISTUS - CECA,CORRECTIVA PROGRAMADA,FINISHED,raguila,Linac-153935,214,LINKED_TO_MISSING_OR_RESTRICTED_ZENDESK,1,0,0,1,0,1,,,no hay,no hay,NO_MATCH,NONE,HAS_UNMATCHED_PARTS
2502,2024-06-07T17:45:00.000Z,FIELD_BEAT_CLIENT|61.606.500-9|HOSPITAL CARLOS VAN BUREN (SSVSA),61.606.500-9,HOSPITAL CARLOS VAN BUREN (SSVSA),CORRECTIVA PROGRAMADA,FINISHED,jecheverria,Linac-154325,,NO_TICKET_REPORTED,1,1,0,0,0,0,1500998,10769,1500998,Led UV AGILITY,MATCHED,REF_EXACT,OK
2503,2024-06-11T22:09:00.000Z,FIELD_BEAT_CLIENT|81.698.900-0|UC CHRISTUS - SCA,81.698.900-0,UC CHRISTUS - SCA,REQUERIMIENTO DEL CLIENTE,FINISHED,acorbea,Linac-109256,,NO_TICKET_REPORTED,1,0,1,0,0,1,,,n/a,n/a,PLACEHOLDER_VALUE,PLACEHOLDER_REJECTED,HAS_PLACEHOLDERS
2504,2024-06-11T23:23:00.000Z,FIELD_BEAT_CLIENT|81.698.900-0|UC CHRISTUS - SCA,81.698.900-0,UC CHRISTUS - SCA,PREVENTIVA PROGRAMADA,FINISHED,mabreu,Linac-109256,210,LINKED_TO_MISSING_OR_RESTRICTED_ZENDESK,0,0,0,0,0,0,,,,,,,NO_USED_PARTS
2505,2024-06-11T20:00:00.000Z,FIELD_BEAT_CLIENT|81.698.900-0|UC CHRISTUS - SCA,81.698.900-0,UC CHRISTUS - SCA,CORRECTIVA PROGRAMADA,FINISHED,raguila,Linac-109256,217,LINKED_TO_MISSING_OR_RESTRICTED_ZENDESK,1,1,0,0,0,0,1541744,11817,1541744,Fru Kit VersaHD HHC,MATCHED,REF_EXACT,OK
2506,2024-06-12T23:01:00.000Z,FIELD_BEAT_CLIENT|61.608.404-6|Instituto Nacional del Cáncer (INC),61.608.404-6,Instituto Nacional del Cáncer (INC),PREVENTIVA PROGRAMADA,FINISHED,ccarrasquel,INC-INFINITY01,,NO_TICKET_REPORTED,0,0,0,0,0,0,,,,,,,NO_USED_PARTS
2507,2024-06-13T12:45:00.000Z,FIELD_BEAT_CLIENT|96.770.100-9|CLINICA ALEMANA DE SANTIAGO,96.770.100-9,CLINICA ALEMANA DE SANTIAGO,CORRECTIVA NO PROGRAMADA,FINISHED,acorbea,Linac-151673,,NO_TICKET_REPORTED,1,1,0,0,0,0,1517657,10701,1517657,"pcb assy, leaf motor drive",MATCHED,REF_EXACT,OK
2508,2024-06-13T14:08:00.000Z,FIELD_BEAT_CLIENT|61.606.500-9|HOSPITAL CARLOS VAN BUREN (SSVSA),61.606.500-9,HOSPITAL CARLOS VAN BUREN (SSVSA),CORRECTIVA NO PROGRAMADA,FINISHED,jecheverria,Linac-154325,223,LINKED_TO_MISSING_OR_RESTRICTED_ZENDESK,1,0,0,1,0,1,,,no hay,No hay,NO_MATCH,NONE,HAS_UNMATCHED_PARTS
2509,2024-06-13T14:28:00.000Z,FIELD_BEAT_CLIENT|61.606.500-9|HOSPITAL CARLOS VAN BUREN (SSVSA),61.606.500-9,HOSPITAL CARLOS VAN BUREN (SSVSA),CORRECTIVA NO PROGRAMADA,FINISHED,jecheverria,Linac-154325,132,LINKED_TO_MISSING_OR_RESTRICTED_ZENDESK,1,0,0,1,0,1,,,no hay,No hay,NO_MATCH,NONE,HAS_UNMATCHED_PARTS
2510,2024-06-14T21:00:00.000Z,FIELD_BEAT_CLIENT|96.770.100-9|CLINICA ALEMANA DE SANTIAGO,96.770.100-9,CLINICA ALEMANA DE SANTIAGO,PREVENTIVA PROGRAMADA,ARCHIVED,,Linac-152171,,NO_TICKET_REPORTED,0,0,0,0,0,0,,,,,,,NO_USED_PARTS
2511,2024-06-14T21:31:58.600Z,FIELD_BEAT_CLIENT|96.770.100-9|CLINICA ALEMANA DE SANTIAGO,96.770.100-9,CLINICA ALEMANA DE SANTIAGO,PREVENTIVA PROGRAMADA,ARCHIVED,,Linac-152171,,NO_TICKET_REPORTED,0,0,0,0,0,0,,,,,,,NO_USED_PARTS
2512,2024-06-14T21:00:00.000Z,FIELD_BEAT_CLIENT|96.770.100-9|CLINICA ALEMANA DE SANTIAGO,96.770.100-9,CLINICA ALEMANA DE SANTIAGO,PREVENTIVA PROGRAMADA,FINISHED,raguila,Linac-152171,,NO_TICKET_REPORTED,1,0,1,0,0,1,,,N/A,N/A,PLACEHOLDER_VALUE,PLACEHOLDER_REJECTED,HAS_PLACEHOLDERS
2513,2024-06-17T17:51:00.000Z,FIELD_BEAT_CLIENT|81.698.900-0|UC CHRISTUS - SCA,81.698.900-0,UC CHRISTUS - SCA,CORRECTIVA NO PROGRAMADA,FINISHED,mabreu,Linac-109256,234,LINKED_TO_MISSING_OR_RESTRICTED_ZENDESK,1,1,0,0,0,0,4513316441202U,10990,4513316441202U,"Potentiometer, 20K, Single",MATCHED,REF_EXACT,OK
2514,2024-06-18T13:46:00.000Z,FIELD_BEAT_CLIENT|61.608.404-6|Instituto Nacional del Cáncer (INC),61.608.404-6,Instituto Nacional del Cáncer (INC),CORRECTIVA PROGRAMADA,FINISHED,ccarrasquel,INC-INFINITY01,238,LINKED_TO_MISSING_OR_RESTRICTED_ZENDESK,0,0,0,0,0,0,,,,,,,NO_USED_PARTS
2515,2024-06-18T13:53:00.000Z,FIELD_BEAT_CLIENT|61.607.901-8|SERVICIO DE SALUD DE MAGALLANES,61.607.901-8,SERVICIO DE SALUD DE MAGALLANES,CORRECTIVA NO PROGRAMADA,ARCHIVED,,Linac-109452,,NO_TICKET_REPORTED,0,0,0,0,0,0,,,,,,,NO_USED_PARTS
2516,2024-06-18T14:10:00.000Z,FIELD_BEAT_CLIENT|61.607.901-8|SERVICIO DE SALUD DE MAGALLANES,61.607.901-8,SERVICIO DE SALUD DE MAGALLANES,CORRECTIVA NO PROGRAMADA,FINISHED,raguila,Linac-109452,236,LINKED_TO_MISSING_OR_RESTRICTED_ZENDESK,1,0,1,0,0,1,,,N/A,N/A,PLACEHOLDER_VALUE,PLACEHOLDER_REJECTED,HAS_PLACEHOLDERS
2517,2024-06-18T22:16:00.000Z,FIELD_BEAT_CLIENT|81.698.900-0|UC CHRISTUS - CECA,81.698.900-0,UC CHRISTUS - CECA,CORRECTIVA PROGRAMADA,FINISHED,ccarrasquel,Linac-109374,227,LINKED_TO_MISSING_OR_RESTRICTED_ZENDESK,1,1,0,0,0,0,1554784,11159,1554784,camera cable,MATCHED,REF_EXACT,OK
2518,2024-06-19T19:42:00.000Z,FIELD_BEAT_CLIENT|81.698.900-0|UC CHRISTUS - CECA,81.698.900-0,UC CHRISTUS - CECA,CORRECTIVA NO PROGRAMADA,FINISHED,mabreu,Linac-109374,227,LINKED_TO_MISSING_OR_RESTRICTED_ZENDESK,2,1,0,1,0,1,1565768,10151,1527044|1565768,"PROGRAMMED PCB ASSY, ROUTE|PCB ASSY, CAM AGILITY",NO_MATCH|MATCHED,NONE|REF_EXACT,HAS_UNMATCHED_PARTS
2519,2024-06-20T00:48:00.000Z,FIELD_BEAT_CLIENT|61.608.404-6|Instituto Nacional del Cáncer (INC),61.608.404-6,Instituto Nacional del Cáncer (INC),CORRECTIVA PROGRAMADA,FINISHED,ccarrasquel,INC-INFINITY01,,NO_TICKET_REPORTED,1,0,0,1,0,1,,,1023531,programed KV ACB,NO_MATCH,NONE,HAS_UNMATCHED_PARTS
2520,2024-06-19T12:30:00.000Z,FIELD_BEAT_CLIENT|Licitación 1057499-21-LR24-HEGC|HOSPITAL EXEQUIEL GONZÁLEZ CORTÉS,Licitación 1057499-21-LR24-HEGC,HOSPITAL EXEQUIEL GONZÁLEZ CORTÉS,PREVENTIVA PROGRAMADA,FINISHED,acorbea,Linac-01,,NO_TICKET_REPORTED,1,0,0,1,0,1,,,completar solo por ingeniero de servicio.,completar solo por ingeniero de servicio.,NO_MATCH,NONE,HAS_UNMATCHED_PARTS
2521,2024-06-19T12:30:00.000Z,FIELD_BEAT_CLIENT|Licitación 1057499-21-LR24-HEGC|HOSPITAL EXEQUIEL GONZÁLEZ CORTÉS,Licitación 1057499-21-LR24-HEGC,HOSPITAL EXEQUIEL GONZÁLEZ CORTÉS,PREVENTIVA PROGRAMADA,ARCHIVED,,Linac-01,,NO_TICKET_REPORTED,0,0,0,0,0,0,,,,,,,NO_USED_PARTS
2522,2024-06-19T12:30:00.000Z,FIELD_BEAT_CLIENT|Licitación 1057499-21-LR24-HEGC|HOSPITAL EXEQUIEL GONZÁLEZ CORTÉS,Licitación 1057499-21-LR24-HEGC,HOSPITAL EXEQUIEL GONZÁLEZ CORTÉS,PREVENTIVA PROGRAMADA,FINISHED,acorbea,Linac-01,,NO_TICKET_REPORTED,1,0,0,1,0,1,,,completar solo por ingeniero de servicio.,completar solo por ingeniero de servicio.,NO_MATCH,NONE,HAS_UNMATCHED_PARTS
2523,2024-06-19T12:30:00.000Z,FIELD_BEAT_CLIENT|Licitación 1057499-21-LR24-HEGC|HOSPITAL EXEQUIEL GONZÁLEZ CORTÉS,Licitación 1057499-21-LR24-HEGC,HOSPITAL EXEQUIEL GONZÁLEZ CORTÉS,PREVENTIVA PROGRAMADA,FINISHED,acorbea,Linac-01,,NO_TICKET_REPORTED,1,0,0,1,0,1,,,completar solo por ingeniero de servicio.,completar solo por ingeniero de servicio.,NO_MATCH,NONE,HAS_UNMATCHED_PARTS
2524,2024-06-19T12:30:00.000Z,FIELD_BEAT_CLIENT|Licitación 1057499-21-LR24-HEGC|HOSPITAL EXEQUIEL GONZÁLEZ CORTÉS,Licitación 1057499-21-LR24-HEGC,HOSPITAL EXEQUIEL GONZÁLEZ CORTÉS,PREVENTIVA PROGRAMADA,FINISHED,acorbea,Linac-01,,NO_TICKET_REPORTED,1,0,0,1,0,1,,,completar solo por ingeniero de servicio.,completar solo por ingeniero de servicio.,NO_MATCH,NONE,HAS_UNMATCHED_PARTS
2525,2024-06-19T12:30:00.000Z,FIELD_BEAT_CLIENT|Licitación 1057499-21-LR24-HEGC|HOSPITAL EXEQUIEL GONZÁLEZ CORTÉS,Licitación 1057499-21-LR24-HEGC,HOSPITAL EXEQUIEL GONZÁLEZ CORTÉS,PREVENTIVA PROGRAMADA,FINISHED,acorbea,Linac-01,,NO_TICKET_REPORTED,1,0,0,1,0,1,,,completar solo por ingeniero de servicio.,completar solo por ingeniero de servicio.,NO_MATCH,NONE,HAS_UNMATCHED_PARTS
2526,2024-06-19T12:30:00.000Z,FIELD_BEAT_CLIENT|Licitación 1057499-21-LR24-HEGC|HOSPITAL EXEQUIEL GONZÁLEZ CORTÉS,Licitación 1057499-21-LR24-HEGC,HOSPITAL EXEQUIEL GONZÁLEZ CORTÉS,CORRECTIVA PROGRAMADA,FINISHED,acorbea,Linac-01,1,LINKED_TO_ACCESSIBLE_ZENDESK,1,0,0,1,0,1,,,completar solo por ingeniero de servicio.,completar solo por ingeniero de servicio.,NO_MATCH,NONE,HAS_UNMATCHED_PARTS
2527,2024-06-24T23:26:00.000Z,FIELD_BEAT_CLIENT|81.698.900-0|UC CHRISTUS - CECA,81.698.900-0,UC CHRISTUS - CECA,CORRECTIVA PROGRAMADA,FINISHED,ccarrasquel,Linac-109374,227,LINKED_TO_MISSING_OR_RESTRICTED_ZENDESK,1,1,0,0,0,0,1564298,11039,1564298,"PCB assy, DLG Diaphragm drive",MATCHED,REF_EXACT,OK
2528,2024-06-25T16:25:00.000Z,FIELD_BEAT_CLIENT|81.698.900-0|UC CHRISTUS - CECA,81.698.900-0,UC CHRISTUS - CECA,CORRECTIVA NO PROGRAMADA,FINISHED,mabreu,Linac-109374,251,LINKED_TO_MISSING_OR_RESTRICTED_ZENDESK,2,2,0,0,0,0,1556287|1564298,12261|11039,1556287|1564298,"KIT, SPARES, DIAPHRAGM BRAKE BATCH|DLG AND DIAPHRAGM DRIVE",MATCHED,REF_EXACT,OK
2529,2024-06-25T19:34:00.000Z,FIELD_BEAT_CLIENT|96.757.430-9|INRAD,96.757.430-9,INRAD,CORRECTIVA NO PROGRAMADA,FINISHED,mabreu,Linac-201172,,NO_TICKET_REPORTED,0,0,0,0,0,0,,,,,,,NO_USED_PARTS
2530,2024-06-25T18:35:00.000Z,FIELD_BEAT_CLIENT|70377400-8|FUNDACION ARTURO LOPEZ PEREZ,70377400-8,FUNDACION ARTURO LOPEZ PEREZ,CORRECTIVA NO PROGRAMADA,FINISHED,adiaz,APOTECA-CHEMO,,NO_TICKET_REPORTED,0,0,0,0,0,0,,,,,,,NO_USED_PARTS
2531,2024-06-25T22:51:00.000Z,FIELD_BEAT_CLIENT|81.698.900-0|UC CHRISTUS - SCA,81.698.900-0,UC CHRISTUS - SCA,CORRECTIVA PROGRAMADA,FINISHED,mabreu,Linac-109256,217,LINKED_TO_MISSING_OR_RESTRICTED_ZENDESK,1,1,0,0,0,0,1549950,12134,1549950,HHC KIT SYBERGY/INFINITY,MATCHED,REF_EXACT,OK
2532,2024-06-25T21:00:00.000Z,FIELD_BEAT_CLIENT|81.698.900-0|UC CHRISTUS - SCA,81.698.900-0,UC CHRISTUS - SCA,CORRECTIVA PROGRAMADA,FINISHED,acorbea,Linac-109256,248,LINKED_TO_MISSING_OR_RESTRICTED_ZENDESK,1,1,0,0,0,0,1546731,12016,1546731,"Contactor, 24v, 50hz, 50A, siemens 3rt CON A",MATCHED,REF_EXACT,OK
2533,2024-06-27T11:00:00.000Z,FIELD_BEAT_CLIENT|96.770.100-9|CLINICA ALEMANA DE SANTIAGO,96.770.100-9,CLINICA ALEMANA DE SANTIAGO,CORRECTIVA NO PROGRAMADA,FINISHED,acorbea,Linac-151673,,NO_TICKET_REPORTED,1,1,0,0,0,0,1564298,11039,1564298,"pcb assy, dlg, diaphragm drive",MATCHED,REF_EXACT,OK
2534,2024-07-01T18:00:00.000Z,FIELD_BEAT_CLIENT|70377400-8|FUNDACION ARTURO LOPEZ PEREZ,70377400-8,FUNDACION ARTURO LOPEZ PEREZ,REQUERIMIENTO DEL CLIENTE,FINISHED,adiaz,,,NO_TICKET_REPORTED,0,0,0,0,0,0,,,,,,,NO_USED_PARTS
2535,2024-07-01T20:21:00.000Z,FIELD_BEAT_CLIENT|81.698.900-0|UC CHRISTUS - CECA,81.698.900-0,UC CHRISTUS - CECA,CORRECTIVA NO PROGRAMADA,FINISHED,mabreu,Linac-109374,,NO_TICKET_REPORTED,1,0,0,1,0,1,,,45133308259,GEARBOX Y BREAKE,NO_MATCH,NONE,HAS_UNMATCHED_PARTS
2536,2024-07-01T20:29:00.000Z,FIELD_BEAT_CLIENT|81.698.900-0|UC CHRISTUS - CECA,81.698.900-0,UC CHRISTUS - CECA,REQUERIMIENTO DEL CLIENTE,FINISHED,ssalice,,262,LINKED_TO_MISSING_OR_RESTRICTED_ZENDESK,0,0,0,0,0,0,,,,,,,NO_USED_PARTS
2537,2024-07-01T21:40:00.000Z,FIELD_BEAT_CLIENT|81.698.900-0|UC CHRISTUS - SCA,81.698.900-0,UC CHRISTUS - SCA,ASISTENCIA REMOTA,FINISHED,acorbea,Linac-109256,258,LINKED_TO_MISSING_OR_RESTRICTED_ZENDESK,1,0,1,0,0,1,,,n/a,n/a,PLACEHOLDER_VALUE,PLACEHOLDER_REJECTED,HAS_PLACEHOLDERS
2538,2024-07-02T01:35:00.000Z,FIELD_BEAT_CLIENT|81.698.900-0|UC CHRISTUS - CECA,81.698.900-0,UC CHRISTUS - CECA,CORRECTIVA NO PROGRAMADA,FINISHED,mabreu,Linac-153935,,NO_TICKET_REPORTED,0,0,0,0,0,0,,,,,,,NO_USED_PARTS
2539,2024-07-02T15:00:00.000Z,FIELD_BEAT_CLIENT|70377400-8|FUNDACION ARTURO LOPEZ PEREZ,70377400-8,FUNDACION ARTURO LOPEZ PEREZ,CORRECTIVA NO PROGRAMADA,FINISHED,acorbea,LINAC-153038,163562,LINKED_TO_MISSING_OR_RESTRICTED_ZENDESK,1,1,0,0,0,0,1568178,10821,1568178,"Programmed, pcb assy,sib",MATCHED,REF_EXACT,OK
2540,2024-07-03T13:52:00.000Z,FIELD_BEAT_CLIENT|81.698.900-0|UC CHRISTUS - CECA,81.698.900-0,UC CHRISTUS - CECA,CORRECTIVA NO PROGRAMADA,FINISHED,mabreu,Linac-109374,,NO_TICKET_REPORTED,0,0,0,0,0,0,,,,,,,NO_USED_PARTS
2541,2024-07-04T15:50:00.000Z,FIELD_BEAT_CLIENT|70377400-8|FUNDACION ARTURO LOPEZ PEREZ,70377400-8,FUNDACION ARTURO LOPEZ PEREZ,CORRECTIVA NO PROGRAMADA,FINISHED,rguapache,HDR-FT07026,,NO_TICKET_REPORTED,0,0,0,0,0,0,,,,,,,NO_USED_PARTS
2542,2024-06-28T12:30:00.000Z,FIELD_BEAT_CLIENT|76.746.730-3|RADIO ONCOLOGÍA DEL SUR,76.746.730-3,RADIO ONCOLOGÍA DEL SUR,PREVENTIVA PROGRAMADA,ARCHIVED,,Linac-156187,,NO_TICKET_REPORTED,0,0,0,0,0,0,,,,,,,NO_USED_PARTS
2543,2024-06-28T12:30:00.000Z,FIELD_BEAT_CLIENT|76.746.730-3|RADIO ONCOLOGÍA DEL SUR,76.746.730-3,RADIO ONCOLOGÍA DEL SUR,PREVENTIVA PROGRAMADA,FINISHED,ebecker,Linac-156187,,NO_TICKET_REPORTED,1,0,1,0,0,1,,,N/A,N/A,PLACEHOLDER_VALUE,PLACEHOLDER_REJECTED,HAS_PLACEHOLDERS
2544,2024-07-04T16:30:00.000Z,FIELD_BEAT_CLIENT|76.746.730-3|CLÍNICA SANATORIO ALEMÁN (ONCORAD),76.746.730-3,CLÍNICA SANATORIO ALEMÁN (ONCORAD),CORRECTIVA PROGRAMADA,FINISHED,ebecker,Linac-201110,264,LINKED_TO_MISSING_OR_RESTRICTED_ZENDESK,1,1,0,0,0,0,1519710,11574,1519710,HT Cable,MATCHED,REF_EXACT,OK
2545,2024-07-04T19:30:00.000Z,FIELD_BEAT_CLIENT|76.746.730-3|CLÍNICA SANATORIO ALEMÁN (ONCORAD),76.746.730-3,CLÍNICA SANATORIO ALEMÁN (ONCORAD),REQUERIMIENTO DEL CLIENTE,FINISHED,ebecker,Linac-201110,265,LINKED_TO_MISSING_OR_RESTRICTED_ZENDESK,1,0,1,0,0,1,,,,N/A,PLACEHOLDER_VALUE,PLACEHOLDER_REJECTED,HAS_PLACEHOLDERS
2546,2024-07-08T12:30:00.000Z,FIELD_BEAT_CLIENT|70377400-8|FUNDACION ARTURO LOPEZ PEREZ,70377400-8,FUNDACION ARTURO LOPEZ PEREZ,REQUERIMIENTO DEL CLIENTE,FINISHED,adiaz,APOTECA-CHEMO,,NO_TICKET_REPORTED,0,0,0,0,0,0,,,,,,,NO_USED_PARTS
2547,2024-07-08T22:00:00.000Z,FIELD_BEAT_CLIENT|61.606.500-9|HOSPITAL CARLOS VAN BUREN (SSVSA),61.606.500-9,HOSPITAL CARLOS VAN BUREN (SSVSA),CORRECTIVA NO PROGRAMADA,FINISHED,jecheverria,Linac-154325,279,LINKED_TO_MISSING_OR_RESTRICTED_ZENDESK,1,0,0,1,0,1,,,no hay,no aplica,NO_MATCH,NONE,HAS_UNMATCHED_PARTS
2548,2024-07-09T21:00:00.000Z,FIELD_BEAT_CLIENT|70377400-8|FUNDACION ARTURO LOPEZ PEREZ,70377400-8,FUNDACION ARTURO LOPEZ PEREZ,CORRECTIVA PROGRAMADA,FINISHED,acorbea,LINAC-153038,,NO_TICKET_REPORTED,1,1,0,0,0,0,1569678,12244,1569678,"solenoid m switch kit, arm assy",MATCHED,REF_EXACT,OK
2549,2024-07-09T21:00:00.000Z,FIELD_BEAT_CLIENT|70.377.400-8|FUNDACION ARTURO LOPEZ PEREZ,70.377.400-8,FUNDACION ARTURO LOPEZ PEREZ,REQUERIMIENTO DEL CLIENTE,FINISHED,ssalice,,,NO_TICKET_REPORTED,0,0,0,0,0,0,,,,,,,NO_USED_PARTS
2550,2024-07-10T12:21:00.000Z,FIELD_BEAT_CLIENT|61.606.500-9|HOSPITAL CARLOS VAN BUREN (SSVSA),61.606.500-9,HOSPITAL CARLOS VAN BUREN (SSVSA),CORRECTIVA NO PROGRAMADA,FINISHED,jecheverria,Linac-154325,,NO_TICKET_REPORTED,1,1,0,0,0,0,1022378,11627,1022378,Assy diode reverse,MATCHED,REF_EXACT,OK
2551,2024-07-10T22:00:00.000Z,FIELD_BEAT_CLIENT|81.698.900-0|UC CHRISTUS - SCA,81.698.900-0,UC CHRISTUS - SCA,CORRECTIVA PROGRAMADA,FINISHED,mabreu,Linac-109256,247,LINKED_TO_MISSING_OR_RESTRICTED_ZENDESK,2,2,0,0,0,0,1505146|1546731,10203|12016,1505146|1546731,CITB|CONTACTOR CON A,MATCHED,REF_EXACT,OK
2552,2024-07-11T14:59:00.000Z,FIELD_BEAT_CLIENT|61.606.500-9|ACME,61.606.500-9,ACME,,ARCHIVED,,RT-2062DS,,NO_TICKET_REPORTED,0,0,0,0,0,0,,,,,,,NO_USED_PARTS
2553,2024-07-11T15:40:00.000Z,FIELD_BEAT_CLIENT|61.608.404-6|Instituto Nacional del Cáncer (INC),61.608.404-6,Instituto Nacional del Cáncer (INC),Guia de Despacho - Entrega de items o insumos a terceros,FINISHED,acorbea,,,NO_TICKET_REPORTED,1,1,0,0,0,1,Qfix-RT-B889KYCF2,10925,RT-B889KYCF2,,MATCHED,REF_LIKE,REVIEW_REQUIRED
2554,2024-07-11T23:25:00.000Z,FIELD_BEAT_CLIENT|81.698.900-0|UC CHRISTUS - CECA,81.698.900-0,UC CHRISTUS - CECA,CORRECTIVA PROGRAMADA,FINISHED,mabreu,Linac-153935,175,LINKED_TO_MISSING_OR_RESTRICTED_ZENDESK,2,2,0,0,0,0,1569678|1502613,12244|10994,1569678|1502613,"SOLENOID MICROSWITCH KIT, ARM ASSEMBLY|MOD KIT, LASER ODI LAMP",MATCHED,REF_EXACT,OK
2555,2024-07-11T21:00:00.000Z,FIELD_BEAT_CLIENT|81.698.900-0|UC CHRISTUS - CECA,81.698.900-0,UC CHRISTUS - CECA,CORRECTIVA PROGRAMADA,FINISHED,acorbea,Linac-109374,172,LINKED_TO_MISSING_OR_RESTRICTED_ZENDESK,1,0,1,0,0,1,,,n/a,n/a,PLACEHOLDER_VALUE,PLACEHOLDER_REJECTED,HAS_PLACEHOLDERS
2556,2024-07-12T15:23:00.000Z,FIELD_BEAT_CLIENT|81.698.900-0|UC CHRISTUS - SCA,81.698.900-0,UC CHRISTUS - SCA,CORRECTIVA PROGRAMADA,FINISHED,mabreu,Linac-109256,288,LINKED_TO_MISSING_OR_RESTRICTED_ZENDESK,1,1,0,0,0,0,1564298,11039,1564298,"PCB ASSY, DLG AND DIAPHRAGM",MATCHED,REF_EXACT,OK
2557,2024-07-15T11:30:00.000Z,FIELD_BEAT_CLIENT|81.698.900-0|UC CHRISTUS - CECA,81.698.900-0,UC CHRISTUS - CECA,CORRECTIVA NO PROGRAMADA,FINISHED,rguapache,Linac-153935,,NO_TICKET_REPORTED,0,0,0,0,0,0,,,,,,,NO_USED_PARTS
2558,2024-07-15T13:00:00.000Z,FIELD_BEAT_CLIENT|61.607.901-8|SERVICIO DE SALUD DE MAGALLANES,61.607.901-8,SERVICIO DE SALUD DE MAGALLANES,CORRECTIVA NO PROGRAMADA,FINISHED,raguila,,297,LINKED_TO_ACCESSIBLE_ZENDESK,1,0,0,1,0,1,,,no hay,no hay,NO_MATCH,NONE,HAS_UNMATCHED_PARTS
2559,2024-07-15T21:00:00.000Z,FIELD_BEAT_CLIENT|96.770.100-9|CLINICA ALEMANA DE SANTIAGO,96.770.100-9,CLINICA ALEMANA DE SANTIAGO,CORRECTIVA PROGRAMADA,FINISHED,acorbea,Linac-151673,,NO_TICKET_REPORTED,1,1,0,0,0,1,45133411846,11694,4513341184601H,"cable assy, pl5 to sk5A",MATCHED,REF_LIKE,REVIEW_REQUIRED
2560,2024-07-15T21:00:00.000Z,FIELD_BEAT_CLIENT|96.770.100-9|CLINICA ALEMANA DE SANTIAGO,96.770.100-9,CLINICA ALEMANA DE SANTIAGO,CORRECTIVA PROGRAMADA,FINISHED,acorbea,Linac-151673|Linac-152171,,NO_TICKET_REPORTED,1,1,0,0,0,0,1569678,12244,1569678,FCO hardware modkit (solenpid microswitch for imaging Arms,MATCHED,REF_EXACT,OK
2561,2024-07-17T14:54:00.000Z,FIELD_BEAT_CLIENT|96.757.430-9|INRAD,96.757.430-9,INRAD,CORRECTIVA NO PROGRAMADA,SCHEDULED,,Linac-201172,,NO_TICKET_REPORTED,0,0,0,0,0,0,,,,,,,NO_USED_PARTS
2562,2024-07-17T14:55:00.000Z,FIELD_BEAT_CLIENT|96.757.430-9|INRAD,96.757.430-9,INRAD,CORRECTIVA NO PROGRAMADA,FINISHED,mabreu,Linac-201172,,NO_TICKET_REPORTED,0,0,0,0,0,0,,,,,,,NO_USED_PARTS
2563,2024-07-17T23:08:00.000Z,FIELD_BEAT_CLIENT|61.608.404-6|Instituto Nacional del Cáncer (INC),61.608.404-6,Instituto Nacional del Cáncer (INC),CORRECTIVA NO PROGRAMADA,FINISHED,mabreu,INC-INFINITY01,,NO_TICKET_REPORTED,0,0,0,0,0,0,,,,,,,NO_USED_PARTS
2564,2024-07-18T20:58:00.000Z,FIELD_BEAT_CLIENT|70377400-8|FUNDACION ARTURO LOPEZ PEREZ,70377400-8,FUNDACION ARTURO LOPEZ PEREZ,PREVENTIVA PROGRAMADA,FINISHED,mabreu,LINAC-153038,301,LINKED_TO_MISSING_OR_RESTRICTED_ZENDESK,1,1,0,0,0,0,1549950,12134,1549950,HHC KIT SYNERGY / INFINITY,MATCHED,REF_EXACT,OK
2565,2024-07-18T21:00:00.000Z,FIELD_BEAT_CLIENT|70377400-8|FUNDACION ARTURO LOPEZ PEREZ,70377400-8,FUNDACION ARTURO LOPEZ PEREZ,INSTALACION - INTEGRACION,FINISHED,adiaz,,,NO_TICKET_REPORTED,0,0,0,0,0,0,,,,,,,NO_USED_PARTS
2566,2024-07-22T14:24:00.000Z,FIELD_BEAT_CLIENT|93.930.000-7|CLÍNICA LAS CONDES,93.930.000-7,CLÍNICA LAS CONDES,REQUERIMIENTO DEL CLIENTE,FINISHED,ssalice,,323,LINKED_TO_MISSING_OR_RESTRICTED_ZENDESK,0,0,0,0,0,0,,,,,,,NO_USED_PARTS
2567,2024-07-22T12:30:00.000Z,FIELD_BEAT_CLIENT|70377400-8|FUNDACION ARTURO LOPEZ PEREZ,70377400-8,FUNDACION ARTURO LOPEZ PEREZ,CORRECTIVA PROGRAMADA,FINISHED,adiaz,APOTECA-CHEMO,,NO_TICKET_REPORTED,0,0,0,0,0,0,,,,,,,NO_USED_PARTS
2568,2024-07-22T20:24:00.000Z,FIELD_BEAT_CLIENT|81.698.900-0|UC CHRISTUS - SCA,81.698.900-0,UC CHRISTUS - SCA,CORRECTIVA NO PROGRAMADA,FINISHED,mabreu,Linac-109256,320,LINKED_TO_MISSING_OR_RESTRICTED_ZENDESK,0,0,0,0,0,0,,,,,,,NO_USED_PARTS
2569,2024-07-23T16:29:00.000Z,FIELD_BEAT_CLIENT|96.770.100-9|CLINICA ALEMANA DE SANTIAGO,96.770.100-9,CLINICA ALEMANA DE SANTIAGO,CORRECTIVA NO PROGRAMADA,FINISHED,mabreu,Linac-151673,,NO_TICKET_REPORTED,1,0,1,0,0,1,,,N/A,Prefiltro Transparente Bomba De reposición Linac,PLACEHOLDER_VALUE,PLACEHOLDER_REJECTED,HAS_PLACEHOLDERS
2570,2024-07-23T23:35:00.000Z,FIELD_BEAT_CLIENT|81.698.900-0|UC CHRISTUS - CECA,81.698.900-0,UC CHRISTUS - CECA,CORRECTIVA PROGRAMADA,FINISHED,mabreu,Linac-153935,299,LINKED_TO_MISSING_OR_RESTRICTED_ZENDESK,1,1,0,0,0,1,1018265_proveedor_local,11961,1018265,FRU Z MOTOR BRUSH SET,MATCHED,REF_LIKE,REVIEW_REQUIRED
2571,2024-07-24T20:27:00.000Z,FIELD_BEAT_CLIENT|61.608.404-6|Instituto Nacional del Cáncer (INC),61.608.404-6,Instituto Nacional del Cáncer (INC),PREVENTIVA PROGRAMADA,FINISHED,mabreu,INC-INFINITY01,327,LINKED_TO_ACCESSIBLE_ZENDESK,1,1,0,0,0,0,1007498,12117,1007498,Potenciómetro Longitudinal - Complete Assembly,MATCHED,REF_EXACT,OK
2572,2024-07-26T02:05:00.000Z,FIELD_BEAT_CLIENT|61.608.404-6|Instituto Nacional del Cáncer (INC),61.608.404-6,Instituto Nacional del Cáncer (INC),CORRECTIVA NO PROGRAMADA,FINISHED,mabreu,INC-INFINITY01,327,LINKED_TO_ACCESSIBLE_ZENDESK,2,2,0,0,0,0,45133411787|1004818,11270|10248,45133411787|1004818,"LONGITUDINAL DRIVER MOTOR AND CLUTCH ASSEMBLY|ARM CONTROL BOARD PCB, KV",MATCHED,REF_EXACT,OK
2573,2024-07-26T17:47:00.000Z,FIELD_BEAT_CLIENT|70377400-8|FUNDACION ARTURO LOPEZ PEREZ,70377400-8,FUNDACION ARTURO LOPEZ PEREZ,CORRECTIVA PROGRAMADA,FINISHED,ccarrasquel,LINAC-153038,348,LINKED_TO_ACCESSIBLE_ZENDESK,1,1,0,0,0,0,1534958,11034,1534958,kit spares leaf motor,MATCHED,REF_EXACT,OK
2574,2024-07-26T23:52:00.000Z,FIELD_BEAT_CLIENT|96.770.100-9|CLINICA ALEMANA DE SANTIAGO,96.770.100-9,CLINICA ALEMANA DE SANTIAGO,PREVENTIVA PROGRAMADA,FINISHED,ccarrasquel,Linac-151673,,NO_TICKET_REPORTED,0,0,0,0,0,0,,,,,,,NO_USED_PARTS
2575,2024-07-29T18:58:00.000Z,FIELD_BEAT_CLIENT|93.930.000-7|CLÍNICA LAS CONDES,93.930.000-7,CLÍNICA LAS CONDES,PREVENTIVA PROGRAMADA,FINISHED,ccarrasquel,CLC-1,,NO_TICKET_REPORTED,0,0,0,0,0,0,,,,,,,NO_USED_PARTS
2576,2024-07-29T19:14:00.000Z,FIELD_BEAT_CLIENT||UC CHRISTUS - SCA,,UC CHRISTUS - SCA,REQUERIMIENTO DEL CLIENTE,FINISHED,ssalice,,353,LINKED_TO_MISSING_OR_RESTRICTED_ZENDESK,0,0,0,0,0,0,,,,,,,NO_USED_PARTS
2577,2024-07-29T21:13:00.000Z,FIELD_BEAT_CLIENT|96.757.430-9|INRAD,96.757.430-9,INRAD,REQUERIMIENTO DEL CLIENTE,FINISHED,ssalice,Linac-201172,350,LINKED_TO_MISSING_OR_RESTRICTED_ZENDESK,0,0,0,0,0,0,,,,,,,NO_USED_PARTS
2578,2024-07-30T23:09:00.000Z,FIELD_BEAT_CLIENT|81.698.900-0|UC CHRISTUS - CECA,81.698.900-0,UC CHRISTUS - CECA,CORRECTIVA PROGRAMADA,FINISHED,mabreu,Linac-109374,249,LINKED_TO_MISSING_OR_RESTRICTED_ZENDESK,1,0,0,1,0,1,,,137533,X-RAY TUBE ASSEMBLY,NO_MATCH,NONE,HAS_UNMATCHED_PARTS
2579,2024-08-01T00:56:00.000Z,FIELD_BEAT_CLIENT|61.608.404-6|Instituto Nacional del Cáncer (INC),61.608.404-6,Instituto Nacional del Cáncer (INC),CORRECTIVA PROGRAMADA,FINISHED,mabreu,INC-INFINITY01,327,LINKED_TO_ACCESSIBLE_ZENDESK,1,1,0,0,0,0,1007099,11641,1007099,ASSEMBLY LIMIT SWITCH,MATCHED,REF_EXACT,OK
2580,2024-08-02T22:12:00.000Z,FIELD_BEAT_CLIENT|81.698.900-0|UC CHRISTUS - CECA,81.698.900-0,UC CHRISTUS - CECA,CORRECTIVA NO PROGRAMADA,FINISHED,mabreu,Linac-153935,,NO_TICKET_REPORTED,1,1,0,0,0,0,1505146,10203,1505146,"PCB ASSEMBLY, CITB",MATCHED,REF_EXACT,OK
2581,2024-08-05T13:50:00.000Z,FIELD_BEAT_CLIENT|96.757.430-9|INRAD,96.757.430-9,INRAD,CORRECTIVA PROGRAMADA,FINISHED,ccarrasquel,Linac-201172,367,LINKED_TO_ACCESSIBLE_ZENDESK,0,0,0,0,0,0,,,,,,,NO_USED_PARTS
2582,2024-08-05T19:41:00.000Z,FIELD_BEAT_CLIENT|81.698.900-0|UC CHRISTUS - CECA,81.698.900-0,UC CHRISTUS - CECA,CORRECTIVA PROGRAMADA,FINISHED,ccarrasquel,Linac-109374,379,LINKED_TO_ACCESSIBLE_ZENDESK,1,1,0,0,0,0,1007099,11641,1007099,assembly limit swich,MATCHED,REF_EXACT,OK
2583,2024-08-06T19:39:00.000Z,FIELD_BEAT_CLIENT|81.698.900-0|UC CHRISTUS - SCA,81.698.900-0,UC CHRISTUS - SCA,REQUERIMIENTO DEL CLIENTE,FINISHED,ssalice,Linac-109256,364,LINKED_TO_MISSING_OR_RESTRICTED_ZENDESK,0,0,0,0,0,0,,,,,,,NO_USED_PARTS
2584,2024-08-06T21:30:00.000Z,FIELD_BEAT_CLIENT|61.608.404-6|Instituto Nacional del Cáncer (INC),61.608.404-6,Instituto Nacional del Cáncer (INC),PREVENTIVA PROGRAMADA,FINISHED,mabreu,INC-INFINITY01,,NO_TICKET_REPORTED,0,0,0,0,0,0,,,,,,,NO_USED_PARTS
2585,2024-08-07T23:39:00.000Z,FIELD_BEAT_CLIENT|81.698.900-0|UC CHRISTUS - SCA,81.698.900-0,UC CHRISTUS - SCA,PREVENTIVA PROGRAMADA,FINISHED,mabreu,Linac-109256,274,LINKED_TO_MISSING_OR_RESTRICTED_ZENDESK,0,0,0,0,0,0,,,,,,,NO_USED_PARTS
2586,2024-08-08T14:43:00.000Z,FIELD_BEAT_CLIENT|81.698.900-0|UC CHRISTUS - CECA,81.698.900-0,UC CHRISTUS - CECA,PREVENTIVA PROGRAMADA,FINISHED,mabreu,Linac-153935,,NO_TICKET_REPORTED,0,0,0,0,0,0,,,,,,,NO_USED_PARTS
2587,2024-08-08T16:06:00.000Z,FIELD_BEAT_CLIENT|70377400-8|FUNDACION ARTURO LOPEZ PEREZ,70377400-8,FUNDACION ARTURO LOPEZ PEREZ,CORRECTIVA PROGRAMADA,FINISHED,ccarrasquel,LINAC-153038,386,LINKED_TO_MISSING_OR_RESTRICTED_ZENDESK,0,0,0,0,0,0,,,,,,,NO_USED_PARTS
2588,2024-08-08T16:00:29.117Z,FIELD_BEAT_CLIENT|61.608.404-6|Instituto Nacional del Cáncer (INC),61.608.404-6,Instituto Nacional del Cáncer (INC),CORRECTIVA NO PROGRAMADA,FINISHED,glopez,INC-INFINITY01,,NO_TICKET_REPORTED,1,1,0,0,0,1,1018265_proveedor_local,11961,1018265,kit carbones de motor Z,MATCHED,REF_LIKE,REVIEW_REQUIRED
2589,2024-08-09T12:30:00.000Z,FIELD_BEAT_CLIENT|70377400-8|FUNDACION ARTURO LOPEZ PEREZ,70377400-8,FUNDACION ARTURO LOPEZ PEREZ,CORRECTIVA PROGRAMADA,FINISHED,adiaz,APOTECA-CHEMO,,NO_TICKET_REPORTED,0,0,0,0,0,0,,,,,,,NO_USED_PARTS
2590,2024-08-09T14:10:00.000Z,FIELD_BEAT_CLIENT|70377400-8|FUNDACION ARTURO LOPEZ PEREZ,70377400-8,FUNDACION ARTURO LOPEZ PEREZ,CORRECTIVA PROGRAMADA,FINISHED,adiaz,,,NO_TICKET_REPORTED,0,0,0,0,0,0,,,,,,,NO_USED_PARTS
2591,2024-08-09T16:50:00.000Z,FIELD_BEAT_CLIENT|96.770.100-9|CLINICA ALEMANA DE SANTIAGO,96.770.100-9,CLINICA ALEMANA DE SANTIAGO,CORRECTIVA NO PROGRAMADA,FINISHED,jecheverria,Linac-151673,,NO_TICKET_REPORTED,1,0,1,0,0,1,,,,No.Hay,PLACEHOLDER_VALUE,PLACEHOLDER_REJECTED,HAS_PLACEHOLDERS
2592,2024-08-09T19:33:00.000Z,FIELD_BEAT_CLIENT|81.698.900-0|UC CHRISTUS - CECA,81.698.900-0,UC CHRISTUS - CECA,CORRECTIVA NO PROGRAMADA,FINISHED,mabreu,Linac-109374,389,LINKED_TO_ACCESSIBLE_ZENDESK,3,3,0,0,0,0,1517657|1534958|1564298,10701|11034|11039,1517657|1534958|1564298,"PCB ASSY, LEAF MOTOR DRIVE|KIT, SPARES, LEAF MOTOR|PCB ASSY, DLG AND DIAPHRAGM DRIVE",MATCHED,REF_EXACT,OK
2593,2024-08-09T19:00:00.000Z,FIELD_BEAT_CLIENT|70377400-8|FUNDACION ARTURO LOPEZ PEREZ,70377400-8,FUNDACION ARTURO LOPEZ PEREZ,PREVENTIVA PROGRAMADA,SCHEDULED,,,,NO_TICKET_REPORTED,0,0,0,0,0,0,,,,,,,NO_USED_PARTS
2594,2024-08-09T19:00:00.000Z,FIELD_BEAT_CLIENT|70377400-8|FUNDACION ARTURO LOPEZ PEREZ,70377400-8,FUNDACION ARTURO LOPEZ PEREZ,PREVENTIVA PROGRAMADA,FINISHED,adiaz,,,NO_TICKET_REPORTED,0,0,0,0,0,0,,,,,,,NO_USED_PARTS
2595,2024-08-12T11:53:00.000Z,FIELD_BEAT_CLIENT|61.606.500-9|HOSPITAL CARLOS VAN BUREN (SSVSA),61.606.500-9,HOSPITAL CARLOS VAN BUREN (SSVSA),PRUEBAS DE ACEPTACION,FINISHED,jecheverria,,,NO_TICKET_REPORTED,1,0,1,0,0,1,,,,NA,PLACEHOLDER_VALUE,PLACEHOLDER_REJECTED,HAS_PLACEHOLDERS
2596,2024-08-09T12:30:00.000Z,FIELD_BEAT_CLIENT|76.746.730-3|CLÍNICA SANATORIO ALEMÁN (ONCORAD),76.746.730-3,CLÍNICA SANATORIO ALEMÁN (ONCORAD),PREVENTIVA PROGRAMADA,FINISHED,ebecker,Linac-201110,,NO_TICKET_REPORTED,1,1,0,0,0,0,45133327647,12247,45133327647,FAN SUB ASSY,MATCHED,REF_EXACT,OK
2597,2024-08-13T21:30:00.000Z,FIELD_BEAT_CLIENT|81.698.900-0|UC CHRISTUS - CECA,81.698.900-0,UC CHRISTUS - CECA,CORRECTIVA NO PROGRAMADA,FINISHED,jecheverria,Linac-153935,,NO_TICKET_REPORTED,1,0,0,0,1,1,,,1534958 _1517657,Kit motor y Pcb leaf motoe Drive,AMBIGUOUS_MATCH,REF_LIKE,HAS_AMBIGUOUS_PARTS
2598,2024-08-13T21:00:00.000Z,FIELD_BEAT_CLIENT|61.607.901-8|SERVICIO DE SALUD DE MAGALLANES,61.607.901-8,SERVICIO DE SALUD DE MAGALLANES,CORRECTIVA PROGRAMADA,FINISHED,raguila,,399,LINKED_TO_ACCESSIBLE_ZENDESK,1,0,0,1,0,1,,,no hay,no hay,NO_MATCH,NONE,HAS_UNMATCHED_PARTS
2599,2024-08-14T21:30:00.000Z,FIELD_BEAT_CLIENT|70377400-8|FUNDACION ARTURO LOPEZ PEREZ,70377400-8,FUNDACION ARTURO LOPEZ PEREZ,,FINISHED,adiaz,APOTECA-CHEMO,,NO_TICKET_REPORTED,0,0,0,0,0,0,,,,,,,NO_USED_PARTS
2600,2024-08-15T00:12:00.000Z,FIELD_BEAT_CLIENT|96.770.100-9|CLINICA ALEMANA DE SANTIAGO,96.770.100-9,CLINICA ALEMANA DE SANTIAGO,CORRECTIVA PROGRAMADA,FINISHED,mabreu,Linac-152171,370,LINKED_TO_ACCESSIBLE_ZENDESK,1,1,0,0,0,0,1015493,12045,1015493,Expansión Vessel,MATCHED,REF_EXACT,OK
2601,2024-08-16T16:18:00.000Z,FIELD_BEAT_CLIENT|81.698.900-0|UC CHRISTUS - CECA,81.698.900-0,UC CHRISTUS - CECA,CORRECTIVA PROGRAMADA,FINISHED,ccarrasquel,Linac-109374,404,LINKED_TO_ACCESSIBLE_ZENDESK,2,1,0,1,0,1,1550513,11029,1550513|1556286,extended imaging module XIM|diaphragm brakes spare kit,MATCHED|NO_MATCH,REF_EXACT|NONE,HAS_UNMATCHED_PARTS
2602,2024-08-16T16:19:00.000Z,FIELD_BEAT_CLIENT|81.698.900-0|UC CHRISTUS - CECA,81.698.900-0,UC CHRISTUS - CECA,CORRECTIVA PROGRAMADA,FINISHED,mabreu,Linac-153935,,NO_TICKET_REPORTED,2,1,0,1,0,1,1527814,11929,1527814|43133304800,"PSU, ION PUMP|ELECTRON GUN ASSY",MATCHED|NO_MATCH,REF_EXACT|NONE,HAS_UNMATCHED_PARTS
2603,2024-08-16T12:30:00.000Z,FIELD_BEAT_CLIENT|96.757.430-9|INRAD,96.757.430-9,INRAD,PREVENTIVA PROGRAMADA,ARCHIVED,,Linac-201172,,NO_TICKET_REPORTED,0,0,0,0,0,0,,,,,,,NO_USED_PARTS
2604,2024-08-16T16:54:00.000Z,FIELD_BEAT_CLIENT|96.757.430-9|INRAD,96.757.430-9,INRAD,,ARCHIVED,,Linac-201172,,NO_TICKET_REPORTED,0,0,0,0,0,0,,,,,,,NO_USED_PARTS
2605,2024-08-16T16:56:00.000Z,FIELD_BEAT_CLIENT|96.757.430-9|INRAD,96.757.430-9,INRAD,PREVENTIVA PROGRAMADA,FINISHED,jecheverria,Linac-201172,,NO_TICKET_REPORTED,0,0,0,0,0,0,,,,,,,NO_USED_PARTS
2606,2024-08-16T22:17:00.000Z,FIELD_BEAT_CLIENT|81.698.900-0|UC CHRISTUS - SCA,81.698.900-0,UC CHRISTUS - SCA,CORRECTIVA PROGRAMADA,FINISHED,ccarrasquel,Linac-109256,405,LINKED_TO_ACCESSIBLE_ZENDESK,0,0,0,0,0,0,,,,,,,NO_USED_PARTS
2607,2024-08-19T22:30:00.000Z,FIELD_BEAT_CLIENT|70377400-8|FUNDACION ARTURO LOPEZ PEREZ,70377400-8,FUNDACION ARTURO LOPEZ PEREZ,CORRECTIVA NO PROGRAMADA,FINISHED,adiaz,APOTECA-CHEMO,,NO_TICKET_REPORTED,0,0,0,0,0,0,,,,,,,NO_USED_PARTS
2608,2024-08-21T13:42:00.000Z,FIELD_BEAT_CLIENT|96.757.430-9|INRAD,96.757.430-9,INRAD,CORRECTIVA PROGRAMADA,FINISHED,ccarrasquel,Linac-201172,415,LINKED_TO_ACCESSIBLE_ZENDESK,0,0,0,0,0,0,,,,,,,NO_USED_PARTS
2609,2024-08-22T13:16:00.000Z,FIELD_BEAT_CLIENT|81.698.900-0|UC CHRISTUS - CECA,81.698.900-0,UC CHRISTUS - CECA,CORRECTIVA NO PROGRAMADA,FINISHED,ccarrasquel,Linac-109374,,NO_TICKET_REPORTED,0,0,0,0,0,0,,,,,,,NO_USED_PARTS
2610,2024-08-22T12:30:00.000Z,FIELD_BEAT_CLIENT|70377400-8|FUNDACION ARTURO LOPEZ PEREZ,70377400-8,FUNDACION ARTURO LOPEZ PEREZ,PREVENTIVA PROGRAMADA,FINISHED,adiaz,,,NO_TICKET_REPORTED,0,0,0,0,0,0,,,,,,,NO_USED_PARTS
2611,2024-08-22T16:30:00.000Z,FIELD_BEAT_CLIENT|70377400-8|FUNDACION ARTURO LOPEZ PEREZ,70377400-8,FUNDACION ARTURO LOPEZ PEREZ,ASISTENCIA REMOTA,FINISHED,jecheverria,APOTECA-CHEMO,,NO_TICKET_REPORTED,1,0,1,0,0,1,,,,No hay,PLACEHOLDER_VALUE,PLACEHOLDER_REJECTED,HAS_PLACEHOLDERS
2612,2024-08-22T18:24:00.000Z,FIELD_BEAT_CLIENT|96.770.100-9|CLINICA ALEMANA DE SANTIAGO,96.770.100-9,CLINICA ALEMANA DE SANTIAGO,CORRECTIVA NO PROGRAMADA,FINISHED,aecheverria,Linac-151673,,NO_TICKET_REPORTED,1,0,1,0,0,1,,,N/A,N/A,PLACEHOLDER_VALUE,PLACEHOLDER_REJECTED,HAS_PLACEHOLDERS
2613,2024-08-09T14:45:00.000Z,FIELD_BEAT_CLIENT|61.606.500-9|HOSPITAL CARLOS VAN BUREN (SSVSA),61.606.500-9,HOSPITAL CARLOS VAN BUREN (SSVSA),CORRECTIVA NO PROGRAMADA,FINISHED,aecheverria,,,NO_TICKET_REPORTED,1,0,1,0,0,1,,,,N/A,PLACEHOLDER_VALUE,PLACEHOLDER_REJECTED,HAS_PLACEHOLDERS
2614,2024-08-23T17:00:00.000Z,FIELD_BEAT_CLIENT|61.606.500-9|HOSPITAL CARLOS VAN BUREN (SSVSA),61.606.500-9,HOSPITAL CARLOS VAN BUREN (SSVSA),PREVENTIVA PROGRAMADA,FINISHED,jecheverria,,,NO_TICKET_REPORTED,1,0,1,0,0,1,,,,NA,PLACEHOLDER_VALUE,PLACEHOLDER_REJECTED,HAS_PLACEHOLDERS
2615,2024-08-23T22:45:00.000Z,FIELD_BEAT_CLIENT|61.608.404-6|Instituto Nacional del Cáncer (INC),61.608.404-6,Instituto Nacional del Cáncer (INC),CORRECTIVA PROGRAMADA,FINISHED,ccarrasquel,INC-INFINITY01,422,LINKED_TO_ACCESSIBLE_ZENDESK,0,0,0,0,0,0,,,,,,,NO_USED_PARTS
2616,2024-08-24T12:31:00.000Z,FIELD_BEAT_CLIENT|81.698.900-0|UC CHRISTUS - SCA,81.698.900-0,UC CHRISTUS - SCA,PREVENTIVA PROGRAMADA,FINISHED,mabreu,Linac-109256,,NO_TICKET_REPORTED,0,0,0,0,0,0,,,,,,,NO_USED_PARTS
2617,2024-08-23T20:00:00.000Z,FIELD_BEAT_CLIENT|61.607.901-8|SERVICIO DE SALUD DE MAGALLANES,61.607.901-8,SERVICIO DE SALUD DE MAGALLANES,PREVENTIVA PROGRAMADA,FINISHED,raguila,,,NO_TICKET_REPORTED,0,0,0,0,0,0,,,,,,,NO_USED_PARTS
2618,2024-08-24T13:35:00.000Z,FIELD_BEAT_CLIENT|81.698.900-0|UC CHRISTUS - SCA,81.698.900-0,UC CHRISTUS - SCA,PREVENTIVA PROGRAMADA,FINISHED,ccarrasquel,Linac-109256,,NO_TICKET_REPORTED,0,0,0,0,0,0,,,,,,,NO_USED_PARTS
2619,2024-08-23T20:00:00.000Z,FIELD_BEAT_CLIENT|61.607.901-8|SERVICIO DE SALUD DE MAGALLANES,61.607.901-8,SERVICIO DE SALUD DE MAGALLANES,PREVENTIVA PROGRAMADA,FINISHED,varenas,OIS-HCM,393,LINKED_TO_ACCESSIBLE_ZENDESK,1,0,1,0,0,1,,,,no aplica,PLACEHOLDER_VALUE,PLACEHOLDER_REJECTED,HAS_PLACEHOLDERS
2620,2024-08-23T17:00:00.000Z,FIELD_BEAT_CLIENT|61.606.500-9|HOSPITAL CARLOS VAN BUREN (SSVSA),61.606.500-9,HOSPITAL CARLOS VAN BUREN (SSVSA),PREVENTIVA PROGRAMADA,FINISHED,jecheverria,Linac-154325,,NO_TICKET_REPORTED,1,0,1,0,0,1,,,,NA,PLACEHOLDER_VALUE,PLACEHOLDER_REJECTED,HAS_PLACEHOLDERS
2621,2024-08-28T00:25:00.000Z,FIELD_BEAT_CLIENT|96.770.100-9|CLINICA ALEMANA DE SANTIAGO,96.770.100-9,CLINICA ALEMANA DE SANTIAGO,CORRECTIVA PROGRAMADA,FINISHED,mabreu,Linac-152171,429,LINKED_TO_ACCESSIBLE_ZENDESK,0,0,0,0,0,0,,,,,,,NO_USED_PARTS
2622,2024-08-29T01:04:00.000Z,FIELD_BEAT_CLIENT|81.698.900-0|UC CHRISTUS - SCA,81.698.900-0,UC CHRISTUS - SCA,CORRECTIVA PROGRAMADA,FINISHED,ccarrasquel,Linac-109256,431,LINKED_TO_ACCESSIBLE_ZENDESK,0,0,0,0,0,0,,,,,,,NO_USED_PARTS
2623,2024-08-29T13:47:00.000Z,FIELD_BEAT_CLIENT|81.698.900-0|UC CHRISTUS - CECA,81.698.900-0,UC CHRISTUS - CECA,CORRECTIVA NO PROGRAMADA,FINISHED,ccarrasquel,Linac-109374,412,LINKED_TO_ACCESSIBLE_ZENDESK,0,0,0,0,0,0,,,,,,,NO_USED_PARTS
2624,2024-08-29T15:16:00.000Z,FIELD_BEAT_CLIENT|70.377.400-8|FUNDACION ARTURO LOPEZ PEREZ,70.377.400-8,FUNDACION ARTURO LOPEZ PEREZ,CORRECTIVA NO PROGRAMADA,FINISHED,aecheverria,,,NO_TICKET_REPORTED,1,0,1,0,0,1,,,,N/A,PLACEHOLDER_VALUE,PLACEHOLDER_REJECTED,HAS_PLACEHOLDERS
2625,2024-08-28T22:00:00.000Z,FIELD_BEAT_CLIENT|61.606.500-9|HOSPITAL CARLOS VAN BUREN (SSVSA),61.606.500-9,HOSPITAL CARLOS VAN BUREN (SSVSA),CORRECTIVA PROGRAMADA,FINISHED,jecheverria,Linac-154325,,NO_TICKET_REPORTED,2,2,0,0,0,0,1541744|1016984,11817|10906,1541744|1016984,Handheld IviewGT|Freno Isorot,MATCHED,REF_EXACT,OK
2626,2024-08-29T20:30:00.000Z,FIELD_BEAT_CLIENT|76.746.730-3|CLÍNICA SANATORIO ALEMÁN (ONCORAD),76.746.730-3,CLÍNICA SANATORIO ALEMÁN (ONCORAD),CORRECTIVA NO PROGRAMADA,FINISHED,ebecker,Linac-201110,,NO_TICKET_REPORTED,1,0,1,0,0,1,,,,N/A,PLACEHOLDER_VALUE,PLACEHOLDER_REJECTED,HAS_PLACEHOLDERS
2627,2024-08-30T00:16:00.000Z,FIELD_BEAT_CLIENT|81.698.900-0|UC CHRISTUS - SCA,81.698.900-0,UC CHRISTUS - SCA,CORRECTIVA PROGRAMADA,FINISHED,mabreu,Linac-109256,431,LINKED_TO_ACCESSIBLE_ZENDESK,1,1,0,0,0,0,45133318990,11161,45133318990,FRU X-BRAKE,MATCHED,REF_EXACT,OK
2628,2024-08-29T16:00:00.000Z,FIELD_BEAT_CLIENT|61.606.500-9|HOSPITAL CARLOS VAN BUREN (SSVSA),61.606.500-9,HOSPITAL CARLOS VAN BUREN (SSVSA),CORRECTIVA NO PROGRAMADA,FINISHED,jecheverria,Linac-154325,,NO_TICKET_REPORTED,0,0,0,0,0,0,,,,,,,NO_USED_PARTS
2629,2024-08-30T16:00:00.000Z,FIELD_BEAT_CLIENT|61.606.500-9|HOSPITAL CARLOS VAN BUREN (SSVSA),61.606.500-9,HOSPITAL CARLOS VAN BUREN (SSVSA),CORRECTIVA PROGRAMADA,FINISHED,jecheverria,Linac-154325,,NO_TICKET_REPORTED,2,2,0,0,0,1,351372100645P|45133308790,12010|10970,351372100645|45133308790,Resistor 340 ohm|Transformador.del gun,MATCHED,REF_LIKE|REF_EXACT,REVIEW_REQUIRED
2630,2024-08-30T19:00:00.000Z,FIELD_BEAT_CLIENT|70377400-8|FUNDACION ARTURO LOPEZ PEREZ,70377400-8,FUNDACION ARTURO LOPEZ PEREZ,CORRECTIVA PROGRAMADA,FINISHED,adiaz,APOTECA-CHEMO,,NO_TICKET_REPORTED,1,0,0,1,0,1,,,02870-NR 1,Manilla area de desechos,NO_MATCH,NONE,HAS_UNMATCHED_PARTS
2631,2024-08-30T21:35:00.000Z,FIELD_BEAT_CLIENT|81.698.900-0|UC CHRISTUS - CECA,81.698.900-0,UC CHRISTUS - CECA,CORRECTIVA PROGRAMADA,ARCHIVED,,Linac-109374,,NO_TICKET_REPORTED,0,0,0,0,0,0,,,,,,,NO_USED_PARTS
2632,2024-08-30T21:36:00.000Z,FIELD_BEAT_CLIENT|81.698.900-0|UC CHRISTUS - CECA,81.698.900-0,UC CHRISTUS - CECA,CORRECTIVA PROGRAMADA,FINISHED,mabreu,Linac-153935,427,LINKED_TO_ACCESSIBLE_ZENDESK,0,0,0,0,0,0,,,,,,,NO_USED_PARTS
2633,2024-08-30T21:46:00.000Z,FIELD_BEAT_CLIENT|81.698.900-0|UC CHRISTUS - CECA,81.698.900-0,UC CHRISTUS - CECA,CORRECTIVA PROGRAMADA,FINISHED,mabreu,Linac-109374,42,LINKED_TO_MISSING_OR_RESTRICTED_ZENDESK,0,0,0,0,0,0,,,,,,,NO_USED_PARTS
2634,2024-08-30T21:47:00.000Z,FIELD_BEAT_CLIENT|81.698.900-0|UC CHRISTUS - CECA,81.698.900-0,UC CHRISTUS - CECA,CORRECTIVA PROGRAMADA,FINISHED,ccarrasquel,Linac-109374,412,LINKED_TO_ACCESSIBLE_ZENDESK,1,1,0,0,0,1,1536279___1525429,10774,1536279,Agility MLC Leafbank PSU,MATCHED,REF_LIKE,REVIEW_REQUIRED
2635,2024-08-30T19:00:00.000Z,FIELD_BEAT_CLIENT|81.698.900-0|UC CHRISTUS - CECA,81.698.900-0,UC CHRISTUS - CECA,REQUERIMIENTO DEL CLIENTE,FINISHED,rcammalleri,OIS-UC,183,LINKED_TO_MISSING_OR_RESTRICTED_ZENDESK,0,0,0,0,0,0,,,,,,,NO_USED_PARTS
2636,2024-09-02T23:00:00.000Z,FIELD_BEAT_CLIENT|61.608.404-6|Instituto Nacional del Cáncer (INC),61.608.404-6,Instituto Nacional del Cáncer (INC),CORRECTIVA NO PROGRAMADA,FINISHED,rcammalleri,INC-INFINITY01,451,LINKED_TO_ACCESSIBLE_ZENDESK,0,0,0,0,0,0,,,,,,,NO_USED_PARTS
2637,2024-09-03T12:03:00.000Z,FIELD_BEAT_CLIENT|81.698.900-0|UC CHRISTUS - CECA,81.698.900-0,UC CHRISTUS - CECA,CORRECTIVA PROGRAMADA,FINISHED,mabreu,Linac-109374,412,LINKED_TO_ACCESSIBLE_ZENDESK,2,1,0,1,0,1,1556287,12261,1518682|1556287,"REV 04 LMDB PCBS AND FAN|KIT, SPARES, DIAPHRAGM BRAKE BATCH NR W0616",NO_MATCH|MATCHED,NONE|REF_EXACT,HAS_UNMATCHED_PARTS
2638,2024-08-29T15:16:00.000Z,FIELD_BEAT_CLIENT|70377400-8|FUNDACION ARTURO LOPEZ PEREZ,70377400-8,FUNDACION ARTURO LOPEZ PEREZ,CORRECTIVA NO PROGRAMADA,FINISHED,aecheverria,LINAC-153038,,NO_TICKET_REPORTED,1,0,1,0,0,1,,,,N/A,PLACEHOLDER_VALUE,PLACEHOLDER_REJECTED,HAS_PLACEHOLDERS
2639,2024-09-03T21:55:00.000Z,FIELD_BEAT_CLIENT|96.770.100-9|CLINICA ALEMANA DE SANTIAGO,96.770.100-9,CLINICA ALEMANA DE SANTIAGO,CORRECTIVA NO PROGRAMADA,FINISHED,mabreu,Linac-152171,,NO_TICKET_REPORTED,0,0,0,0,0,0,,,,,,,NO_USED_PARTS
2640,2024-09-03T17:15:00.000Z,FIELD_BEAT_CLIENT|61.606.500-9|HOSPITAL CARLOS VAN BUREN (SSVSA),61.606.500-9,HOSPITAL CARLOS VAN BUREN (SSVSA),ASISTENCIA REMOTA,FINISHED,jecheverria,Linac-154325,,NO_TICKET_REPORTED,0,0,0,0,0,0,,,,,,,NO_USED_PARTS
2641,2024-09-06T01:52:00.000Z,FIELD_BEAT_CLIENT|70.377.400-8|FUNDACION ARTURO LOPEZ PEREZ,70.377.400-8,FUNDACION ARTURO LOPEZ PEREZ,CORRECTIVA PROGRAMADA,FINISHED,mabreu,,438,LINKED_TO_ACCESSIBLE_ZENDESK,1,1,0,0,0,0,4513316442101T,10986,4513316442101T,"POTENCIOMETER, 20K, 10T",MATCHED,REF_EXACT,OK
2642,2024-09-06T14:00:00.000Z,FIELD_BEAT_CLIENT|70377400-8|FUNDACION ARTURO LOPEZ PEREZ,70377400-8,FUNDACION ARTURO LOPEZ PEREZ,CORRECTIVA NO PROGRAMADA,FINISHED,jecheverria,,,NO_TICKET_REPORTED,0,0,0,0,0,0,,,,,,,NO_USED_PARTS
2643,2024-09-06T23:47:00.000Z,FIELD_BEAT_CLIENT|96.770.100-9|CLINICA ALEMANA DE SANTIAGO,96.770.100-9,CLINICA ALEMANA DE SANTIAGO,CORRECTIVA PROGRAMADA,FINISHED,glopez,Linac-152171,,NO_TICKET_REPORTED,0,0,0,0,0,0,,,,,,,NO_USED_PARTS
2644,2024-09-07T00:17:00.000Z,FIELD_BEAT_CLIENT|81.698.900-0|UC CHRISTUS - SCA,81.698.900-0,UC CHRISTUS - SCA,CORRECTIVA PROGRAMADA,FINISHED,mabreu,Linac-109256,,NO_TICKET_REPORTED,0,0,0,0,0,0,,,,,,,NO_USED_PARTS
2645,2024-09-09T10:00:00.000Z,FIELD_BEAT_CLIENT|70377400-8|FUNDACION ARTURO LOPEZ PEREZ,70377400-8,FUNDACION ARTURO LOPEZ PEREZ,REQUERIMIENTO DEL CLIENTE,FINISHED,rcammalleri,HDR-FT07026|OIS-FALP,456,LINKED_TO_ACCESSIBLE_ZENDESK,0,0,0,0,0,0,,,,,,,NO_USED_PARTS
2646,2024-09-09T13:30:00.000Z,FIELD_BEAT_CLIENT|96.770.100-9|CLINICA ALEMANA DE SANTIAGO,96.770.100-9,CLINICA ALEMANA DE SANTIAGO,CORRECTIVA NO PROGRAMADA,FINISHED,jecheverria,Linac-152171,,NO_TICKET_REPORTED,0,0,0,0,0,0,,,,,,,NO_USED_PARTS
2647,2024-09-09T12:00:00.000Z,FIELD_BEAT_CLIENT|61.607.901-8|SERVICIO DE SALUD DE MAGALLANES,61.607.901-8,SERVICIO DE SALUD DE MAGALLANES,INSTALACION - INTEGRACION,FINISHED,varenas,TPS-HCM,224,LINKED_TO_MISSING_OR_RESTRICTED_ZENDESK,1,0,0,1,0,1,,,MXL2272ZJ0,Nuevo Hardware de Monaco,NO_MATCH,NONE,HAS_UNMATCHED_PARTS
2648,2024-09-09T17:30:00.000Z,FIELD_BEAT_CLIENT|96.757.430-9|INRAD,96.757.430-9,INRAD,REQUERIMIENTO DEL CLIENTE,FINISHED,ssalice,Linac-201172,,NO_TICKET_REPORTED,0,0,0,0,0,0,,,,,,,NO_USED_PARTS
2649,2024-09-10T14:46:00.000Z,FIELD_BEAT_CLIENT|93.930.000-7|CLÍNICA LAS CONDES,93.930.000-7,CLÍNICA LAS CONDES,CORRECTIVA PROGRAMADA,FINISHED,ccarrasquel,CLC-2,468,LINKED_TO_ACCESSIBLE_ZENDESK,0,0,0,0,0,0,,,,,,,NO_USED_PARTS
2650,2024-09-10T14:56:00.000Z,FIELD_BEAT_CLIENT|93.930.000-7|CLÍNICA LAS CONDES,93.930.000-7,CLÍNICA LAS CONDES,CORRECTIVA PROGRAMADA,FINISHED,ccarrasquel,CLC-1,467,LINKED_TO_ACCESSIBLE_ZENDESK,0,0,0,0,0,0,,,,,,,NO_USED_PARTS
2651,2024-09-09T19:00:00.000Z,FIELD_BEAT_CLIENT|96.757.430-9|INRAD,96.757.430-9,INRAD,CORRECTIVA PROGRAMADA,FINISHED,jecheverria,,,NO_TICKET_REPORTED,0,0,0,0,0,0,,,,,,,NO_USED_PARTS
2652,2024-09-10T21:08:00.000Z,FIELD_BEAT_CLIENT|81.698.900-0|UC CHRISTUS - SCA,81.698.900-0,UC CHRISTUS - SCA,CORRECTIVA NO PROGRAMADA,FINISHED,mabreu,Linac-109256,465,LINKED_TO_ACCESSIBLE_ZENDESK,0,0,0,0,0,0,,,,,,,NO_USED_PARTS
2653,2024-09-12T14:32:00.000Z,FIELD_BEAT_CLIENT|93.930.000-7|CLÍNICA LAS CONDES,93.930.000-7,CLÍNICA LAS CONDES,CORRECTIVA PROGRAMADA,FINISHED,mabreu,CLC-1,475,LINKED_TO_MISSING_OR_RESTRICTED_ZENDESK,2,2,0,0,0,2,4513316442101T|4513316441202U,10986|10990,45133164421|45133164412,"POTENCIOMETER 20K|POTENCIOMETER, 20K, SINGLE",MATCHED,REF_LIKE,REVIEW_REQUIRED
2654,2024-09-13T18:44:00.000Z,FIELD_BEAT_CLIENT|93.930.000-7|CLÍNICA LAS CONDES,93.930.000-7,CLÍNICA LAS CONDES,CORRECTIVA NO PROGRAMADA,FINISHED,mabreu,CLC-1,,NO_TICKET_REPORTED,0,0,0,0,0,0,,,,,,,NO_USED_PARTS
2655,2024-09-13T14:30:00.000Z,FIELD_BEAT_CLIENT|70377400-8|FUNDACION ARTURO LOPEZ PEREZ,70377400-8,FUNDACION ARTURO LOPEZ PEREZ,CORRECTIVA PROGRAMADA,FINISHED,adiaz,APOTECA-CHEMO,,NO_TICKET_REPORTED,0,0,0,0,0,0,,,,,,,NO_USED_PARTS
2656,2024-09-13T22:53:00.000Z,FIELD_BEAT_CLIENT|61.608.404-6|Instituto Nacional del Cáncer (INC),61.608.404-6,Instituto Nacional del Cáncer (INC),CORRECTIVA PROGRAMADA,FINISHED,ssalice,,,NO_TICKET_REPORTED,0,0,0,0,0,0,,,,,,,NO_USED_PARTS
2657,2024-09-13T14:25:00.000Z,FIELD_BEAT_CLIENT|96.770.100-9|CLINICA ALEMANA DE SANTIAGO,96.770.100-9,CLINICA ALEMANA DE SANTIAGO,REQUERIMIENTO DEL CLIENTE,FINISHED,mreyes,Linac-151673,,NO_TICKET_REPORTED,1,0,0,1,0,1,,,No hay,No hay,NO_MATCH,NONE,HAS_UNMATCHED_PARTS
2658,2024-09-16T20:19:00.000Z,FIELD_BEAT_CLIENT|96.757.430-9|INRAD,96.757.430-9,INRAD,CORRECTIVA NO PROGRAMADA,FINISHED,mabreu,Linac-201172,463,LINKED_TO_ACCESSIBLE_ZENDESK,2,1,1,0,0,2,4513331845902F,10977,45133318459,"FUSE 10A / 250V|PCB, Z MOTOR DRIVE CONFIGURED (Z-MD)",PLACEHOLDER_VALUE|MATCHED,PLACEHOLDER_REJECTED|REF_LIKE,HAS_PLACEHOLDERS
2659,2024-09-24T17:44:00.000Z,FIELD_BEAT_CLIENT|81.698.900-0|UC CHRISTUS - CECA,81.698.900-0,UC CHRISTUS - CECA,REQUERIMIENTO DEL CLIENTE,FINISHED,ssalice,,491,LINKED_TO_ACCESSIBLE_ZENDESK,0,0,0,0,0,0,,,,,,,NO_USED_PARTS
2660,2024-09-24T10:30:00.000Z,FIELD_BEAT_CLIENT|61.607.901-8|SERVICIO DE SALUD DE MAGALLANES,61.607.901-8,SERVICIO DE SALUD DE MAGALLANES,CORRECTIVA NO PROGRAMADA,FINISHED,raguila,,493,LINKED_TO_ACCESSIBLE_ZENDESK,1,0,1,0,0,1,,,N/C,N/C,PLACEHOLDER_VALUE,PLACEHOLDER_REJECTED,HAS_PLACEHOLDERS
2661,2024-09-25T11:30:00.000Z,FIELD_BEAT_CLIENT|61.607.901-8|SERVICIO DE SALUD DE MAGALLANES,61.607.901-8,SERVICIO DE SALUD DE MAGALLANES,CORRECTIVA NO PROGRAMADA,FINISHED,raguila,,496,LINKED_TO_ACCESSIBLE_ZENDESK,1,0,1,0,0,1,,,N/C,N/C,PLACEHOLDER_VALUE,PLACEHOLDER_REJECTED,HAS_PLACEHOLDERS
2662,2024-09-25T20:35:00.000Z,FIELD_BEAT_CLIENT|81.698.900-0|UC CHRISTUS - SCA,81.698.900-0,UC CHRISTUS - SCA,CORRECTIVA PROGRAMADA,FINISHED,ccarrasquel,Linac-109256,486,LINKED_TO_ACCESSIBLE_ZENDESK,0,0,0,0,0,0,,,,,,,NO_USED_PARTS
2663,2024-09-25T21:00:00.000Z,FIELD_BEAT_CLIENT|81.698.900-0|UC CHRISTUS - SCA,81.698.900-0,UC CHRISTUS - SCA,REQUERIMIENTO DEL CLIENTE,FINISHED,ssalice,,,NO_TICKET_REPORTED,0,0,0,0,0,0,,,,,,,NO_USED_PARTS
2664,2024-09-27T17:40:00.000Z,FIELD_BEAT_CLIENT|70377400-8|FUNDACION ARTURO LOPEZ PEREZ,70377400-8,FUNDACION ARTURO LOPEZ PEREZ,PREVENTIVA PROGRAMADA,FINISHED,mabreu,LINAC-153038,,NO_TICKET_REPORTED,0,0,0,0,0,0,,,,,,,NO_USED_PARTS
2665,2024-09-27T23:00:00.000Z,FIELD_BEAT_CLIENT|96.770.100-9|CLINICA ALEMANA DE SANTIAGO,96.770.100-9,CLINICA ALEMANA DE SANTIAGO,CORRECTIVA PROGRAMADA,FINISHED,ccarrasquel,Linac-152171,,NO_TICKET_REPORTED,0,0,0,0,0,0,,,,,,,NO_USED_PARTS
2666,2024-09-27T23:02:00.000Z,FIELD_BEAT_CLIENT|96.770.100-9|CLINICA ALEMANA DE SANTIAGO,96.770.100-9,CLINICA ALEMANA DE SANTIAGO,PREVENTIVA PROGRAMADA,FINISHED,ccarrasquel,Linac-152171,,NO_TICKET_REPORTED,0,0,0,0,0,0,,,,,,,NO_USED_PARTS
2667,2024-09-30T10:38:00.000Z,FIELD_BEAT_CLIENT|96.770.100-9|CLINICA ALEMANA DE SANTIAGO,96.770.100-9,CLINICA ALEMANA DE SANTIAGO,CORRECTIVA NO PROGRAMADA,FINISHED,aecheverria,Linac-152171,8647,LINKED_TO_ACCESSIBLE_ZENDESK,1,0,1,0,0,1,,,,N/A,PLACEHOLDER_VALUE,PLACEHOLDER_REJECTED,HAS_PLACEHOLDERS
2668,2024-10-01T17:37:00.000Z,FIELD_BEAT_CLIENT|61.608.404-6|Instituto Nacional del Cáncer (INC),61.608.404-6,Instituto Nacional del Cáncer (INC),CORRECTIVA NO PROGRAMADA,FINISHED,mabreu,INC-156473,497,LINKED_TO_ACCESSIBLE_ZENDESK,9,9,0,0,0,2,1516753|351372700256A|1020850|351372406262U|1568178|45133165177|1022378|1018874|1535662,10793|12009|11004|12020|10821|10716|11627|11757|12263,1516753|351372700256|1020850|351372406262|1568178|45133165177|1022378|1018874|1535662,"PCB ASSY, THYRATRON PULSE|THYRISTOR STACK MODULE (SKKT 132/08D, IN 3 POSITIONS)|PROGRAMABLE PULSE GENERATOR, PPG CVDR PCB|FUSE LINK, 25A 250V AC LET (FS13G)|PROGRAMED, PCB ASSY, SIB|THYRATRON, GL1551A|DIODE (SEMIKRON)|DIODE, SI 1N416CM-D023|CONTROL PCB, TYPE A (PCB13 C to G)",MATCHED,REF_EXACT|REF_LIKE,REVIEW_REQUIRED
2669,2024-10-01T20:25:00.000Z,FIELD_BEAT_CLIENT|61.608.404-6|Instituto Nacional del Cáncer (INC),61.608.404-6,Instituto Nacional del Cáncer (INC),CORRECTIVA PROGRAMADA,FINISHED,ccarrasquel,INC-156473,,NO_TICKET_REPORTED,0,0,0,0,0,0,,,,,,,NO_USED_PARTS
2670,2024-10-02T17:57:00.000Z,FIELD_BEAT_CLIENT|76.746.730-3|CLÍNICA SANATORIO ALEMÁN (ONCORAD),76.746.730-3,CLÍNICA SANATORIO ALEMÁN (ONCORAD),CORRECTIVA PROGRAMADA,FINISHED,ebecker,Linac-201110,500,LINKED_TO_MISSING_OR_RESTRICTED_ZENDESK,1,0,1,0,0,1,,,,N/A,PLACEHOLDER_VALUE,PLACEHOLDER_REJECTED,HAS_PLACEHOLDERS
2671,2024-10-02T18:03:00.000Z,FIELD_BEAT_CLIENT|70377400-8|FUNDACION ARTURO LOPEZ PEREZ,70377400-8,FUNDACION ARTURO LOPEZ PEREZ,CORRECTIVA NO PROGRAMADA,FINISHED,aecheverria,LINAC-153038,8652,LINKED_TO_ACCESSIBLE_ZENDESK,1,0,1,0,0,1,,,,N/A,PLACEHOLDER_VALUE,PLACEHOLDER_REJECTED,HAS_PLACEHOLDERS
2672,2024-10-03T18:01:00.000Z,FIELD_BEAT_CLIENT|96.770.100-9|CLINICA ALEMANA DE SANTIAGO,96.770.100-9,CLINICA ALEMANA DE SANTIAGO,CORRECTIVA PROGRAMADA,FINISHED,ccarrasquel,Linac-152171,8649,LINKED_TO_MISSING_OR_RESTRICTED_ZENDESK,0,0,0,0,0,0,,,,,,,NO_USED_PARTS
2673,2024-10-03T18:30:00.000Z,FIELD_BEAT_CLIENT|96.757.430-9|INRAD,96.757.430-9,INRAD,REQUERIMIENTO DEL CLIENTE,FINISHED,ssalice,,495,LINKED_TO_MISSING_OR_RESTRICTED_ZENDESK,0,0,0,0,0,0,,,,,,,NO_USED_PARTS
2674,2024-10-04T14:44:00.000Z,FIELD_BEAT_CLIENT|81.698.900-0|UC CHRISTUS - SCA,81.698.900-0,UC CHRISTUS - SCA,REQUERIMIENTO DEL CLIENTE,FINISHED,ssalice,Linac-109256,8653,LINKED_TO_MISSING_OR_RESTRICTED_ZENDESK,0,0,0,0,0,0,,,,,,,NO_USED_PARTS
2675,2024-10-04T19:42:00.000Z,FIELD_BEAT_CLIENT|81.698.900-0|UC CHRISTUS - CECA,81.698.900-0,UC CHRISTUS - CECA,CORRECTIVA PROGRAMADA,FINISHED,mabreu,Linac-109374,412,LINKED_TO_ACCESSIBLE_ZENDESK,11,8,0,2,1,3,1015075|1547675|1022592|1015076|1532758|1022593|1556287|1505938,10958|10979|12258|10957|11030|12259|12261|10761,1538489|1527044|1015075|1547675|1022592|1015076|45133326854|1532758|1022593|1556287|1505938,"Diaphragm/DLG PCB|Programmed PCB Assy, Router|Cable, retractile, MLC (SK25AA-SK26A)|Screen assy, Head|Cable PL26-C8 to PL26-Q4|Cable, retractile, MLC (SK25BB-SK26B)|Mirror assembly (Mylar)|Diaphragm motor spares kit|Cable PL26-C11 to PL26- K4|Diaphragm brakes spare kit|Diaphragm intermediate PCB",NO_MATCH|MATCHED|AMBIGUOUS_MATCH,NONE|REF_EXACT|REF_LIKE,HAS_AMBIGUOUS_PARTS
2676,2024-10-07T11:30:00.000Z,FIELD_BEAT_CLIENT|70377400-8|FUNDACION ARTURO LOPEZ PEREZ,70377400-8,FUNDACION ARTURO LOPEZ PEREZ,REQUERIMIENTO DEL CLIENTE,FINISHED,adiaz,APOTECA-CHEMO,,NO_TICKET_REPORTED,0,0,0,0,0,0,,,,,,,NO_USED_PARTS
2677,2024-10-07T14:11:00.000Z,FIELD_BEAT_CLIENT|70377400-8|FUNDACION ARTURO LOPEZ PEREZ,70377400-8,FUNDACION ARTURO LOPEZ PEREZ,CORRECTIVA PROGRAMADA,FINISHED,aecheverria,LINAC-153038,446,LINKED_TO_ACCESSIBLE_ZENDESK,1,0,1,0,0,1,,,,paños y lubricante,PLACEHOLDER_VALUE,PLACEHOLDER_REJECTED,HAS_PLACEHOLDERS
2678,2024-10-07T14:23:00.000Z,FIELD_BEAT_CLIENT|96.770.100-9|CLINICA ALEMANA DE SANTIAGO,96.770.100-9,CLINICA ALEMANA DE SANTIAGO,CORRECTIVA PROGRAMADA,FINISHED,ccarrasquel,Linac-152171,8657,LINKED_TO_MISSING_OR_RESTRICTED_ZENDESK,1,1,0,0,0,0,1534958,11034,1534958,"kit, spares leaf motor",MATCHED,REF_EXACT,OK
2679,2024-10-08T14:27:00.000Z,FIELD_BEAT_CLIENT|81.698.900-0|UC CHRISTUS - CECA,81.698.900-0,UC CHRISTUS - CECA,CORRECTIVA NO PROGRAMADA,FINISHED,ccarrasquel,Linac-153935,,NO_TICKET_REPORTED,0,0,0,0,0,0,,,,,,,NO_USED_PARTS
2680,2024-10-10T16:27:00.000Z,FIELD_BEAT_CLIENT|61.608.404-6|Instituto Nacional del Cáncer (INC),61.608.404-6,Instituto Nacional del Cáncer (INC),CORRECTIVA NO PROGRAMADA,FINISHED,ccarrasquel,INC-156473,8666,LINKED_TO_ACCESSIBLE_ZENDESK,0,0,0,0,0,0,,,,,,,NO_USED_PARTS
2681,2024-10-10T19:48:00.000Z,FIELD_BEAT_CLIENT|81.698.900-0|UC CHRISTUS - SCA,81.698.900-0,UC CHRISTUS - SCA,CORRECTIVA PROGRAMADA,FINISHED,mabreu,Linac-109256,8663,LINKED_TO_ACCESSIBLE_ZENDESK,0,0,0,0,0,0,,,,,,,NO_USED_PARTS
2682,2024-10-10T20:00:00.000Z,FIELD_BEAT_CLIENT|81.698.900-0|UC CHRISTUS - SCA,81.698.900-0,UC CHRISTUS - SCA,REQUERIMIENTO DEL CLIENTE,FINISHED,ssalice,,,NO_TICKET_REPORTED,0,0,0,0,0,0,,,,,,,NO_USED_PARTS
2683,2024-10-11T01:26:00.000Z,FIELD_BEAT_CLIENT|96.770.100-9|CLINICA ALEMANA DE SANTIAGO,96.770.100-9,CLINICA ALEMANA DE SANTIAGO,CORRECTIVA PROGRAMADA,FINISHED,ccarrasquel,Linac-152171,,NO_TICKET_REPORTED,0,0,0,0,0,0,,,,,,,NO_USED_PARTS
2684,2024-10-11T13:31:00.000Z,FIELD_BEAT_CLIENT|96.757.430-9|INRAD,96.757.430-9,INRAD,CORRECTIVA NO PROGRAMADA,FINISHED,aecheverria,Linac-201172,8669,LINKED_TO_MISSING_OR_RESTRICTED_ZENDESK,1,0,1,0,0,1,,,,410337 - projection lamp,PLACEHOLDER_VALUE,PLACEHOLDER_REJECTED,HAS_PLACEHOLDERS
2685,2024-10-11T20:47:00.000Z,FIELD_BEAT_CLIENT|81.698.900-0|UC CHRISTUS - SCA,81.698.900-0,UC CHRISTUS - SCA,REQUERIMIENTO DEL CLIENTE,FINISHED,ssalice,,490,LINKED_TO_ACCESSIBLE_ZENDESK,0,0,0,0,0,0,,,,,,,NO_USED_PARTS
2686,2024-10-11T20:58:00.000Z,FIELD_BEAT_CLIENT|61.606.500-9|HOSPITAL CARLOS VAN BUREN (SSVSA),61.606.500-9,HOSPITAL CARLOS VAN BUREN (SSVSA),CORRECTIVA NO PROGRAMADA,FINISHED,jecheverria,,8667,LINKED_TO_ACCESSIBLE_ZENDESK,1,0,1,0,0,1,,,,NA,PLACEHOLDER_VALUE,PLACEHOLDER_REJECTED,HAS_PLACEHOLDERS
2687,2024-10-14T12:30:00.000Z,FIELD_BEAT_CLIENT|76.746.730-3|RADIO ONCOLOGÍA DEL SUR,76.746.730-3,RADIO ONCOLOGÍA DEL SUR,CORRECTIVA NO PROGRAMADA,FINISHED,ebecker,Linac-156187,,NO_TICKET_REPORTED,1,0,1,0,0,1,,,,N/A,PLACEHOLDER_VALUE,PLACEHOLDER_REJECTED,HAS_PLACEHOLDERS
2688,2024-10-15T13:40:00.000Z,FIELD_BEAT_CLIENT|61.608.404-6|Instituto Nacional del Cáncer (INC),61.608.404-6,Instituto Nacional del Cáncer (INC),CORRECTIVA NO PROGRAMADA,FINISHED,mabreu,INC-156473,,NO_TICKET_REPORTED,0,0,0,0,0,0,,,,,,,NO_USED_PARTS
2689,2024-10-15T14:08:00.000Z,FIELD_BEAT_CLIENT|81.698.900-0|UC CHRISTUS - CECA,81.698.900-0,UC CHRISTUS - CECA,CORRECTIVA PROGRAMADA,FINISHED,ccarrasquel,Linac-109374,8673,LINKED_TO_ACCESSIBLE_ZENDESK,0,0,0,0,0,0,,,,,,,NO_USED_PARTS
2690,2024-09-27T17:00:00.000Z,FIELD_BEAT_CLIENT|70377400-8|FUNDACION ARTURO LOPEZ PEREZ,70377400-8,FUNDACION ARTURO LOPEZ PEREZ,PREVENTIVA PROGRAMADA,FINISHED,aecheverria,LINAC-153038,446,LINKED_TO_ACCESSIBLE_ZENDESK,1,0,1,0,0,1,,,,Paños y lubricantes,PLACEHOLDER_VALUE,PLACEHOLDER_REJECTED,HAS_PLACEHOLDERS
2691,2024-10-16T13:19:00.000Z,FIELD_BEAT_CLIENT|61.608.404-6|Instituto Nacional del Cáncer (INC),61.608.404-6,Instituto Nacional del Cáncer (INC),CORRECTIVA PROGRAMADA,FINISHED,ccarrasquel,INC-156473,8678,LINKED_TO_ACCESSIBLE_ZENDESK,1,1,0,0,0,0,1534958,11034,1534958,"kit, spare, leaf motor",MATCHED,REF_EXACT,OK
2692,2024-10-16T15:23:00.000Z,FIELD_BEAT_CLIENT|81.698.900-0|UC CHRISTUS - CECA,81.698.900-0,UC CHRISTUS - CECA,REQUERIMIENTO DEL CLIENTE,FINISHED,ssalice,,,NO_TICKET_REPORTED,0,0,0,0,0,0,,,,,,,NO_USED_PARTS
2693,2024-10-17T09:30:00.000Z,FIELD_BEAT_CLIENT|61.606.500-9|HOSPITAL CARLOS VAN BUREN (SSVSA),61.606.500-9,HOSPITAL CARLOS VAN BUREN (SSVSA),CORRECTIVA NO PROGRAMADA,FINISHED,aecheverria,Linac-154325,8682,LINKED_TO_MISSING_OR_RESTRICTED_ZENDESK,1,0,1,0,0,1,,,,N/A,PLACEHOLDER_VALUE,PLACEHOLDER_REJECTED,HAS_PLACEHOLDERS
2694,2024-10-17T10:22:00.000Z,FIELD_BEAT_CLIENT|61.606.500-9|HOSPITAL CARLOS VAN BUREN (SSVSA),61.606.500-9,HOSPITAL CARLOS VAN BUREN (SSVSA),CORRECTIVA PROGRAMADA,FINISHED,jecheverria,,8667,LINKED_TO_ACCESSIBLE_ZENDESK,1,1,0,0,0,0,1024545,11812,1024545,USER INTERFACE SIDE B FRU,MATCHED,REF_EXACT,OK
2695,2024-10-19T20:30:00.000Z,FIELD_BEAT_CLIENT|96.770.100-9|CLINICA ALEMANA DE SANTIAGO,96.770.100-9,CLINICA ALEMANA DE SANTIAGO,CORRECTIVA PROGRAMADA,FINISHED,mabreu,Linac-152171,8657,LINKED_TO_MISSING_OR_RESTRICTED_ZENDESK,2,2,0,0,0,0,1534014|1534958,11640|11034,1534014|1534958,"KIT, ENHANCED, AGILITY GUIDE LUBRICATION|KIT, SPARES, LEAF MOTOR",MATCHED,REF_EXACT,OK
2696,2024-10-21T12:40:00.000Z,FIELD_BEAT_CLIENT|96.770.100-9|CLINICA ALEMANA DE SANTIAGO,96.770.100-9,CLINICA ALEMANA DE SANTIAGO,CORRECTIVA NO PROGRAMADA,FINISHED,mabreu,Linac-152171,,NO_TICKET_REPORTED,1,1,0,0,0,0,1517657,10701,1517657,"PCB ASSY,  LEAF MOTOR DRIVE",MATCHED,REF_EXACT,OK
2697,2024-10-21T13:57:00.000Z,FIELD_BEAT_CLIENT|81.698.900-0|UC CHRISTUS - CECA,81.698.900-0,UC CHRISTUS - CECA,,FINISHED,ccarrasquel,Linac-153935,8691,LINKED_TO_ACCESSIBLE_ZENDESK,1,1,0,0,0,0,1516727,18,1516727,"kit, beam mu dose module",MATCHED,REF_EXACT,OK
2698,2024-10-23T11:32:00.000Z,FIELD_BEAT_CLIENT|61.606.500-9|HOSPITAL CARLOS VAN BUREN (SSVSA),61.606.500-9,HOSPITAL CARLOS VAN BUREN (SSVSA),CORRECTIVA NO PROGRAMADA,FINISHED,aecheverria,Linac-154325,,NO_TICKET_REPORTED,1,1,0,0,0,1,1018265_proveedor_local,11961,1018265,FRU Z motor brush set,MATCHED,REF_LIKE,REVIEW_REQUIRED
2699,2024-10-25T20:46:00.000Z,FIELD_BEAT_CLIENT|81.698.900-0|UC CHRISTUS - CECA,81.698.900-0,UC CHRISTUS - CECA,CORRECTIVA PROGRAMADA,FINISHED,aecheverria,Linac-109374,,NO_TICKET_REPORTED,1,0,1,0,0,1,,,,N/A,PLACEHOLDER_VALUE,PLACEHOLDER_REJECTED,HAS_PLACEHOLDERS
2700,2024-10-26T12:33:00.000Z,FIELD_BEAT_CLIENT|81.698.900-0|UC CHRISTUS - CECA,81.698.900-0,UC CHRISTUS - CECA,CORRECTIVA PROGRAMADA,FINISHED,mabreu,Linac-109374,,NO_TICKET_REPORTED,0,0,0,0,0,0,,,,,,,NO_USED_PARTS
2701,2024-10-26T13:26:00.000Z,FIELD_BEAT_CLIENT|81.698.900-0|UC CHRISTUS - CECA,81.698.900-0,UC CHRISTUS - CECA,PREVENTIVA PROGRAMADA,FINISHED,ccarrasquel,Linac-109374,,NO_TICKET_REPORTED,0,0,0,0,0,0,,,,,,,NO_USED_PARTS
2702,2024-10-28T10:30:00.000Z,FIELD_BEAT_CLIENT|96.770.100-9|CLINICA ALEMANA DE SANTIAGO,96.770.100-9,CLINICA ALEMANA DE SANTIAGO,REQUERIMIENTO DEL CLIENTE,FINISHED,aecheverria,Linac-152171,,NO_TICKET_REPORTED,1,0,1,0,0,1,,,,N/A,PLACEHOLDER_VALUE,PLACEHOLDER_REJECTED,HAS_PLACEHOLDERS
2703,2024-10-28T11:00:00.000Z,FIELD_BEAT_CLIENT|70377400-8|FUNDACION ARTURO LOPEZ PEREZ,70377400-8,FUNDACION ARTURO LOPEZ PEREZ,REQUERIMIENTO DEL CLIENTE,FINISHED,adiaz,APOTECA-CHEMO,,NO_TICKET_REPORTED,0,0,0,0,0,0,,,,,,,NO_USED_PARTS
2704,2024-10-29T15:07:00.000Z,FIELD_BEAT_CLIENT|81.698.900-0|UC CHRISTUS - CECA,81.698.900-0,UC CHRISTUS - CECA,CORRECTIVA NO PROGRAMADA,FINISHED,mabreu,Linac-109374,,NO_TICKET_REPORTED,1,0,1,0,0,1,,,,Interruptor de último Hombre en mal estado.,PLACEHOLDER_VALUE,PLACEHOLDER_REJECTED,HAS_PLACEHOLDERS
2705,2024-10-29T17:30:00.000Z,FIELD_BEAT_CLIENT|76.746.730-3|CLÍNICA SANATORIO ALEMÁN (ONCORAD),76.746.730-3,CLÍNICA SANATORIO ALEMÁN (ONCORAD),CORRECTIVA PROGRAMADA,FINISHED,ebecker,Linac-201110,8702,LINKED_TO_MISSING_OR_RESTRICTED_ZENDESK,1,0,1,0,0,1,,,,N/A,PLACEHOLDER_VALUE,PLACEHOLDER_REJECTED,HAS_PLACEHOLDERS
2706,2024-10-30T14:56:00.000Z,FIELD_BEAT_CLIENT|81.698.900-0|UC CHRISTUS - CECA,81.698.900-0,UC CHRISTUS - CECA,PREVENTIVA PROGRAMADA,FINISHED,mabreu,Linac-109374,,NO_TICKET_REPORTED,0,0,0,0,0,0,,,,,,,NO_USED_PARTS
2707,2024-10-30T16:38:00.000Z,FIELD_BEAT_CLIENT|76.746.730-3|RADIO ONCOLOGÍA DEL SUR,76.746.730-3,RADIO ONCOLOGÍA DEL SUR,CORRECTIVA NO PROGRAMADA,FINISHED,ebecker,Linac-156187,,NO_TICKET_REPORTED,1,0,1,0,0,1,,,,N/A,PLACEHOLDER_VALUE,PLACEHOLDER_REJECTED,HAS_PLACEHOLDERS
2708,2024-11-04T10:30:00.000Z,FIELD_BEAT_CLIENT|96.770.100-9|CLINICA ALEMANA DE SANTIAGO,96.770.100-9,CLINICA ALEMANA DE SANTIAGO,REQUERIMIENTO DEL CLIENTE,FINISHED,jecheverria,Linac-152171,,NO_TICKET_REPORTED,0,0,0,0,0,0,,,,,,,NO_USED_PARTS
2709,2024-11-04T20:47:00.000Z,FIELD_BEAT_CLIENT|96.770.100-9|CLINICA ALEMANA DE SANTIAGO,96.770.100-9,CLINICA ALEMANA DE SANTIAGO,CORRECTIVA PROGRAMADA,FINISHED,ccarrasquel,Linac-152171,6722,LINKED_TO_MISSING_OR_RESTRICTED_ZENDESK,1,1,0,0,0,0,1534958,11034,1534958,"kit spares, leaf motor",MATCHED,REF_EXACT,OK
2716,2024-11-06T21:31:00.000Z,FIELD_BEAT_CLIENT|70377400-8|FUNDACION ARTURO LOPEZ PEREZ,70377400-8,FUNDACION ARTURO LOPEZ PEREZ,CORRECTIVA PROGRAMADA,FINISHED,ccarrasquel,LINAC-153038,6723,LINKED_TO_MISSING_OR_RESTRICTED_ZENDESK,3,3,0,0,0,0,1564298|1565836|1024939,11039|10983|10776,1564298|1565836|1024939,PCB assy DLG Diaphragm Drive|kit spare DLG brake|assy 40 x 40 x 10 mm fan,MATCHED,REF_EXACT,OK
2717,2024-11-06T19:30:00.000Z,FIELD_BEAT_CLIENT|61.606.500-9|HOSPITAL CARLOS VAN BUREN (SSVSA),61.606.500-9,HOSPITAL CARLOS VAN BUREN (SSVSA),CORRECTIVA NO PROGRAMADA,FINISHED,jecheverria,Linac-154325,,NO_TICKET_REPORTED,0,0,0,0,0,0,,,,,,,NO_USED_PARTS
2718,2024-11-07T11:20:00.000Z,FIELD_BEAT_CLIENT|61.606.500-9|HOSPITAL CARLOS VAN BUREN (SSVSA),61.606.500-9,HOSPITAL CARLOS VAN BUREN (SSVSA),PREVENTIVA PROGRAMADA,FINISHED,jecheverria,Linac-154325,,NO_TICKET_REPORTED,0,0,0,0,0,0,,,,,,,NO_USED_PARTS
2719,2024-11-08T14:30:00.000Z,FIELD_BEAT_CLIENT|70377400-8|FUNDACION ARTURO LOPEZ PEREZ,70377400-8,FUNDACION ARTURO LOPEZ PEREZ,REQUERIMIENTO DEL CLIENTE,FINISHED,adiaz,APOTECA-PS,,NO_TICKET_REPORTED,0,0,0,0,0,0,,,,,,,NO_USED_PARTS
2720,2024-11-09T00:29:00.000Z,FIELD_BEAT_CLIENT|81.698.900-0|UC CHRISTUS - CECA,81.698.900-0,UC CHRISTUS - CECA,CORRECTIVA PROGRAMADA,FINISHED,mabreu,Linac-109374,,NO_TICKET_REPORTED,0,0,0,0,0,0,,,,,,,NO_USED_PARTS
2721,2024-11-11T11:42:00.000Z,FIELD_BEAT_CLIENT|96.770.100-9|CLINICA ALEMANA DE SANTIAGO,96.770.100-9,CLINICA ALEMANA DE SANTIAGO,PREVENTIVA PROGRAMADA,FINISHED,mabreu,Linac-152171,,NO_TICKET_REPORTED,0,0,0,0,0,0,,,,,,,NO_USED_PARTS
2722,2024-11-11T17:09:00.000Z,FIELD_BEAT_CLIENT|81.698.900-0|UC CHRISTUS - CECA,81.698.900-0,UC CHRISTUS - CECA,CORRECTIVA PROGRAMADA,FINISHED,aecheverria,Linac-109374,,NO_TICKET_REPORTED,1,0,1,0,0,1,,,,N/A,PLACEHOLDER_VALUE,PLACEHOLDER_REJECTED,HAS_PLACEHOLDERS
2723,2024-11-13T13:37:00.000Z,FIELD_BEAT_CLIENT|96.757.430-9|INRAD,96.757.430-9,INRAD,CORRECTIVA NO PROGRAMADA,FINISHED,mabreu,Linac-201172,,NO_TICKET_REPORTED,0,0,0,0,0,0,,,,,,,NO_USED_PARTS
2724,2024-11-13T15:11:00.000Z,FIELD_BEAT_CLIENT|76.746.730-3|RADIO ONCOLOGÍA DEL SUR,76.746.730-3,RADIO ONCOLOGÍA DEL SUR,CORRECTIVA PROGRAMADA,FINISHED,mreyes,,0000,LINKED_TO_MISSING_OR_RESTRICTED_ZENDESK,0,0,0,0,0,0,,,,,,,NO_USED_PARTS
2725,2024-11-13T16:15:00.000Z,FIELD_BEAT_CLIENT|76.746.730-3|RADIO ONCOLOGÍA DEL SUR,76.746.730-3,RADIO ONCOLOGÍA DEL SUR,CORRECTIVA NO PROGRAMADA,FINISHED,mreyes,,,NO_TICKET_REPORTED,1,0,0,1,0,1,,,No hay,No hay,NO_MATCH,NONE,HAS_UNMATCHED_PARTS
2726,2024-11-13T18:15:00.000Z,FIELD_BEAT_CLIENT|70377400-8|FUNDACION ARTURO LOPEZ PEREZ,70377400-8,FUNDACION ARTURO LOPEZ PEREZ,PREVENTIVA PROGRAMADA,FINISHED,mabreu,LINAC-153038,,NO_TICKET_REPORTED,0,0,0,0,0,0,,,,,,,NO_USED_PARTS
2727,2024-11-13T18:25:00.000Z,FIELD_BEAT_CLIENT|70377400-8|FUNDACION ARTURO LOPEZ PEREZ,70377400-8,FUNDACION ARTURO LOPEZ PEREZ,CORRECTIVA NO PROGRAMADA,FINISHED,mabreu,LINAC-153038,8742,LINKED_TO_ACCESSIBLE_ZENDESK,0,0,0,0,0,0,,,,,,,NO_USED_PARTS
2728,2024-11-13T20:27:00.000Z,FIELD_BEAT_CLIENT|70377400-8|FUNDACION ARTURO LOPEZ PEREZ,70377400-8,FUNDACION ARTURO LOPEZ PEREZ,CORRECTIVA PROGRAMADA,FINISHED,ccarrasquel,LINAC-153038,8739,LINKED_TO_ACCESSIBLE_ZENDESK,0,0,0,0,0,0,,,,,,,NO_USED_PARTS
2729,2024-11-13T21:46:00.000Z,FIELD_BEAT_CLIENT|61.608.404-6|Instituto Nacional del Cáncer (INC),61.608.404-6,Instituto Nacional del Cáncer (INC),CORRECTIVA PROGRAMADA,FINISHED,ccarrasquel,INC-156473,8749,LINKED_TO_ACCESSIBLE_ZENDESK,0,0,0,0,0,0,,,,,,,NO_USED_PARTS
2730,2024-11-13T19:10:00.000Z,FIELD_BEAT_CLIENT|61.607.901-8|SERVICIO DE SALUD DE MAGALLANES,61.607.901-8,SERVICIO DE SALUD DE MAGALLANES,CORRECTIVA PROGRAMADA,FINISHED,raguila,,8733,LINKED_TO_ACCESSIBLE_ZENDESK,1,0,1,0,0,1,,,no aplica,no aplica,PLACEHOLDER_VALUE,PLACEHOLDER_REJECTED,HAS_PLACEHOLDERS
2731,2024-11-14T21:35:00.000Z,FIELD_BEAT_CLIENT|61.608.404-6|Instituto Nacional del Cáncer (INC),61.608.404-6,Instituto Nacional del Cáncer (INC),CORRECTIVA PROGRAMADA,FINISHED,ccarrasquel,INC-156473,8749,LINKED_TO_ACCESSIBLE_ZENDESK,1,1,0,0,0,0,1014474,11677,1014474,cable assy sw1/sw2 to sk13A7,MATCHED,REF_EXACT,OK
2732,2024-11-15T15:59:00.000Z,FIELD_BEAT_CLIENT|93.930.000-7|CLÍNICA LAS CONDES,93.930.000-7,CLÍNICA LAS CONDES,CORRECTIVA PROGRAMADA,FINISHED,ccarrasquel,CLC-2,8752,LINKED_TO_ACCESSIBLE_ZENDESK,0,0,0,0,0,0,,,,,,,NO_USED_PARTS
2733,2024-11-15T22:56:00.000Z,FIELD_BEAT_CLIENT|61.606.500-9|HOSPITAL CARLOS VAN BUREN (SSVSA),61.606.500-9,HOSPITAL CARLOS VAN BUREN (SSVSA),PREVENTIVA PROGRAMADA,ARCHIVED,,Linac-154325,,NO_TICKET_REPORTED,0,0,0,0,0,0,,,,,,,NO_USED_PARTS
2734,2024-11-15T23:01:00.000Z,FIELD_BEAT_CLIENT|61.606.500-9|HOSPITAL CARLOS VAN BUREN (SSVSA),61.606.500-9,HOSPITAL CARLOS VAN BUREN (SSVSA),PREVENTIVA PROGRAMADA,FINISHED,jecheverria,Linac-154325,,NO_TICKET_REPORTED,0,0,0,0,0,0,,,,,,,NO_USED_PARTS
2735,2024-11-18T10:43:00.000Z,FIELD_BEAT_CLIENT|96.770.100-9|CLINICA ALEMANA DE SANTIAGO,96.770.100-9,CLINICA ALEMANA DE SANTIAGO,REQUERIMIENTO DEL CLIENTE,FINISHED,ccarrasquel,Linac-152171,,NO_TICKET_REPORTED,0,0,0,0,0,0,,,,,,,NO_USED_PARTS
2736,2024-11-18T11:30:00.000Z,FIELD_BEAT_CLIENT|70377400-8|FUNDACION ARTURO LOPEZ PEREZ,70377400-8,FUNDACION ARTURO LOPEZ PEREZ,CORRECTIVA PROGRAMADA,FINISHED,adiaz,APOTECA-CHEMO,,NO_TICKET_REPORTED,0,0,0,0,0,0,,,,,,,NO_USED_PARTS
2737,2024-11-19T21:03:00.000Z,FIELD_BEAT_CLIENT|96.757.430-9|INRAD,96.757.430-9,INRAD,CORRECTIVA PROGRAMADA,FINISHED,mabreu,Linac-201172,,NO_TICKET_REPORTED,1,1,0,0,0,0,1018459,10989,1018459,MICEOSWITCH WITH LEVER,MATCHED,REF_EXACT,OK
2738,2024-11-20T09:30:00.000Z,FIELD_BEAT_CLIENT|96.770.100-9|CLINICA ALEMANA DE SANTIAGO,96.770.100-9,CLINICA ALEMANA DE SANTIAGO,ASISTENCIA REMOTA,FINISHED,jecheverria,Linac-152171,,NO_TICKET_REPORTED,0,0,0,0,0,0,,,,,,,NO_USED_PARTS
2739,2024-11-21T14:34:00.000Z,FIELD_BEAT_CLIENT|93.930.000-7|CLÍNICA LAS CONDES,93.930.000-7,CLÍNICA LAS CONDES,REQUERIMIENTO DEL CLIENTE,FINISHED,ssalice,CLC-2,8736,LINKED_TO_ACCESSIBLE_ZENDESK,0,0,0,0,0,0,,,,,,,NO_USED_PARTS
2740,2024-11-22T13:27:00.000Z,FIELD_BEAT_CLIENT|70.377.400-8|FUNDACION ARTURO LOPEZ PEREZ,70.377.400-8,FUNDACION ARTURO LOPEZ PEREZ,CORRECTIVA NO PROGRAMADA,FINISHED,jecheverria,,8768,LINKED_TO_ACCESSIBLE_ZENDESK,0,0,0,0,0,0,,,,,,,NO_USED_PARTS
2741,2024-11-22T19:21:00.000Z,FIELD_BEAT_CLIENT|61.607.901-8|SERVICIO DE SALUD DE MAGALLANES,61.607.901-8,SERVICIO DE SALUD DE MAGALLANES,,FINISHED,mabreu,Linac-109452,,NO_TICKET_REPORTED,0,0,0,0,0,0,,,,,,,NO_USED_PARTS
2742,2024-11-22T11:30:00.000Z,FIELD_BEAT_CLIENT|76.746.730-3|CLÍNICA SANATORIO ALEMÁN (ONCORAD),76.746.730-3,CLÍNICA SANATORIO ALEMÁN (ONCORAD),PREVENTIVA PROGRAMADA,FINISHED,ebecker,Linac-201110,,NO_TICKET_REPORTED,1,0,0,1,0,1,,,451333327662,Beam Splitter Mirror Assy,NO_MATCH,NONE,HAS_UNMATCHED_PARTS
2743,2024-11-23T06:37:00.000Z,FIELD_BEAT_CLIENT|61.608.404-6|Instituto Nacional del Cáncer (INC),61.608.404-6,Instituto Nacional del Cáncer (INC),CORRECTIVA PROGRAMADA,FINISHED,ccarrasquel,INC-156473,,NO_TICKET_REPORTED,0,0,0,0,0,0,,,,,,,NO_USED_PARTS
2744,2024-11-22T20:00:00.000Z,FIELD_BEAT_CLIENT|61.607.901-8|SERVICIO DE SALUD DE MAGALLANES,61.607.901-8,SERVICIO DE SALUD DE MAGALLANES,PREVENTIVA PROGRAMADA,FINISHED,raguila,,,NO_TICKET_REPORTED,1,0,0,1,0,1,,,no,no,NO_MATCH,NONE,HAS_UNMATCHED_PARTS
2745,2024-11-25T11:30:00.000Z,FIELD_BEAT_CLIENT|76.746.730-3|RADIO ONCOLOGÍA DEL SUR,76.746.730-3,RADIO ONCOLOGÍA DEL SUR,CORRECTIVA NO PROGRAMADA,FINISHED,ebecker,Linac-156187,,NO_TICKET_REPORTED,1,0,1,0,0,1,,,N/A,N/A,PLACEHOLDER_VALUE,PLACEHOLDER_REJECTED,HAS_PLACEHOLDERS
2746,2024-11-25T15:23:00.000Z,FIELD_BEAT_CLIENT|96.770.100-9|CLINICA ALEMANA DE SANTIAGO,96.770.100-9,CLINICA ALEMANA DE SANTIAGO,CORRECTIVA NO PROGRAMADA,FINISHED,aecheverria,Linac-152171,,NO_TICKET_REPORTED,1,1,0,0,0,0,45133165177,10716,45133165177,Thyratron,MATCHED,REF_EXACT,OK
2747,2024-11-25T23:57:00.000Z,FIELD_BEAT_CLIENT|61.608.404-6|Instituto Nacional del Cáncer (INC),61.608.404-6,Instituto Nacional del Cáncer (INC),CORRECTIVA PROGRAMADA,SCHEDULED,,INC-156473,,NO_TICKET_REPORTED,0,0,0,0,0,0,,,,,,,NO_USED_PARTS
2748,2024-11-26T00:00:00.000Z,FIELD_BEAT_CLIENT|61.608.404-6|Instituto Nacional del Cáncer (INC),61.608.404-6,Instituto Nacional del Cáncer (INC),CORRECTIVA PROGRAMADA,FINISHED,aecheverria,INC-156473,,NO_TICKET_REPORTED,1,1,0,0,0,0,1531790,11015,1531790,X Y Check or coarse Potentiometer,MATCHED,REF_EXACT,OK
2749,2024-11-26T00:04:00.000Z,FIELD_BEAT_CLIENT|61.608.404-6|Instituto Nacional del Cáncer (INC),61.608.404-6,Instituto Nacional del Cáncer (INC),CORRECTIVA PROGRAMADA,FINISHED,ccarrasquel,INC-156473,,NO_TICKET_REPORTED,0,0,0,0,0,0,,,,,,,NO_USED_PARTS
2750,2024-11-25T21:00:00.000Z,FIELD_BEAT_CLIENT|61.606.500-9|HOSPITAL CARLOS VAN BUREN (SSVSA),61.606.500-9,HOSPITAL CARLOS VAN BUREN (SSVSA),CORRECTIVA NO PROGRAMADA,FINISHED,jecheverria,,,NO_TICKET_REPORTED,0,0,0,0,0,0,,,,,,,NO_USED_PARTS
2751,2024-11-26T09:30:00.000Z,FIELD_BEAT_CLIENT|61.606.500-9|HOSPITAL CARLOS VAN BUREN (SSVSA),61.606.500-9,HOSPITAL CARLOS VAN BUREN (SSVSA),PUESTA EN MARCHA,FINISHED,jecheverria,,,NO_TICKET_REPORTED,0,0,0,0,0,0,,,,,,,NO_USED_PARTS
2752,2024-11-26T11:30:00.000Z,FIELD_BEAT_CLIENT|70377400-8|FUNDACION ARTURO LOPEZ PEREZ,70377400-8,FUNDACION ARTURO LOPEZ PEREZ,REQUERIMIENTO DEL CLIENTE,FINISHED,adiaz,APOTECA-CHEMO,,NO_TICKET_REPORTED,0,0,0,0,0,0,,,,,,,NO_USED_PARTS
2753,2024-11-27T00:07:00.000Z,FIELD_BEAT_CLIENT|61.608.404-6|Instituto Nacional del Cáncer (INC),61.608.404-6,Instituto Nacional del Cáncer (INC),ASISTENCIA REMOTA,FINISHED,ccarrasquel,INC-156473,8772,LINKED_TO_ACCESSIBLE_ZENDESK,0,0,0,0,0,0,,,,,,,NO_USED_PARTS
2754,2024-11-27T13:30:00.000Z,FIELD_BEAT_CLIENT|81.698.900-0|UC CHRISTUS - SCA,81.698.900-0,UC CHRISTUS - SCA,CORRECTIVA NO PROGRAMADA,FINISHED,jecheverria,Linac-109256,8777,LINKED_TO_ACCESSIBLE_ZENDESK,1,1,0,0,0,0,1541744,11817,1541744,Hand Held Controller,MATCHED,REF_EXACT,OK
2755,2024-11-27T15:27:00.000Z,FIELD_BEAT_CLIENT|81.698.900-0|UC CHRISTUS - CECA,81.698.900-0,UC CHRISTUS - CECA,CORRECTIVA PROGRAMADA,FINISHED,ccarrasquel,Linac-109374,8758,LINKED_TO_MISSING_OR_RESTRICTED_ZENDESK,0,0,0,0,0,0,,,,,,,NO_USED_PARTS
2756,2024-11-27T18:32:00.000Z,FIELD_BEAT_CLIENT|81.698.900-0|UC CHRISTUS - SCA,81.698.900-0,UC CHRISTUS - SCA,CORRECTIVA NO PROGRAMADA,FINISHED,mabreu,Linac-109256,,NO_TICKET_REPORTED,0,0,0,0,0,0,,,,,,,NO_USED_PARTS
2757,2024-11-27T18:30:00.000Z,FIELD_BEAT_CLIENT|76.746.730-3|CLÍNICA SANATORIO ALEMÁN (ONCORAD),76.746.730-3,CLÍNICA SANATORIO ALEMÁN (ONCORAD),CORRECTIVA NO PROGRAMADA,FINISHED,ebecker,Linac-201110,,NO_TICKET_REPORTED,1,0,1,0,0,1,,,,N/A,PLACEHOLDER_VALUE,PLACEHOLDER_REJECTED,HAS_PLACEHOLDERS
2758,2024-11-28T16:00:00.000Z,FIELD_BEAT_CLIENT|96.757.430-9|INRAD,96.757.430-9,INRAD,CORRECTIVA PROGRAMADA,FINISHED,jecheverria,,8770,LINKED_TO_ACCESSIBLE_ZENDESK,0,0,0,0,0,0,,,,,,,NO_USED_PARTS
2759,2024-11-28T17:37:07.252Z,FIELD_BEAT_CLIENT||ACME,,ACME,CORRECTIVA PROGRAMADA,FINISHED,ccarrasquel,,,NO_TICKET_REPORTED,0,0,0,0,0,0,,,,,,,NO_USED_PARTS
2760,2024-11-28T18:49:00.000Z,FIELD_BEAT_CLIENT|70377400-8|FUNDACION ARTURO LOPEZ PEREZ,70377400-8,FUNDACION ARTURO LOPEZ PEREZ,PREVENTIVA PROGRAMADA,ARCHIVED,,LINAC-153038,,NO_TICKET_REPORTED,0,0,0,0,0,0,,,,,,,NO_USED_PARTS
2761,2024-11-28T18:53:00.000Z,FIELD_BEAT_CLIENT|70377400-8|FUNDACION ARTURO LOPEZ PEREZ,70377400-8,FUNDACION ARTURO LOPEZ PEREZ,PREVENTIVA PROGRAMADA,FINISHED,ccarrasquel,LINAC-153038,8762,LINKED_TO_ACCESSIBLE_ZENDESK,0,0,0,0,0,0,,,,,,,NO_USED_PARTS
2762,2024-11-29T17:00:00.000Z,FIELD_BEAT_CLIENT|76.746.730-3|RADIO ONCOLOGÍA DEL SUR,76.746.730-3,RADIO ONCOLOGÍA DEL SUR,CORRECTIVA PROGRAMADA,FINISHED,ebecker,Linac-156187,8775,LINKED_TO_MISSING_OR_RESTRICTED_ZENDESK,1,0,1,0,0,1,,,,N/A,PLACEHOLDER_VALUE,PLACEHOLDER_REJECTED,HAS_PLACEHOLDERS
2763,2024-11-29T17:00:00.000Z,FIELD_BEAT_CLIENT|76.746.730-3|RADIO ONCOLOGÍA DEL SUR,76.746.730-3,RADIO ONCOLOGÍA DEL SUR,CORRECTIVA PROGRAMADA,FINISHED,ebecker,Linac-156187,8764,LINKED_TO_MISSING_OR_RESTRICTED_ZENDESK,1,1,0,0,0,0,1507972,11308,1507972,Voltage Regulator PCB,MATCHED,REF_EXACT,OK
2764,2024-12-02T10:00:00.000Z,FIELD_BEAT_CLIENT|96.770.100-9|CLINICA ALEMANA DE SANTIAGO,96.770.100-9,CLINICA ALEMANA DE SANTIAGO,REQUERIMIENTO DEL CLIENTE,FINISHED,jecheverria,Linac-152171,,NO_TICKET_REPORTED,0,0,0,0,0,0,,,,,,,NO_USED_PARTS
2765,2024-12-02T11:30:00.000Z,FIELD_BEAT_CLIENT|70377400-8|FUNDACION ARTURO LOPEZ PEREZ,70377400-8,FUNDACION ARTURO LOPEZ PEREZ,CORRECTIVA PROGRAMADA,FINISHED,adiaz,APOTECA-CHEMO,,NO_TICKET_REPORTED,0,0,0,0,0,0,,,,,,,NO_USED_PARTS
2766,2024-12-02T13:00:00.000Z,FIELD_BEAT_CLIENT|93.930.000-7|CLÍNICA LAS CONDES,93.930.000-7,CLÍNICA LAS CONDES,REQUERIMIENTO DEL CLIENTE,FINISHED,ssalice,CLC-2|CLC-1,8784,LINKED_TO_ACCESSIBLE_ZENDESK,0,0,0,0,0,0,,,,,,,NO_USED_PARTS
2767,2024-12-02T14:10:00.000Z,FIELD_BEAT_CLIENT|70377400-8|FUNDACION ARTURO LOPEZ PEREZ,70377400-8,FUNDACION ARTURO LOPEZ PEREZ,CORRECTIVA NO PROGRAMADA,FINISHED,mabreu,LINAC-153038,,NO_TICKET_REPORTED,0,0,0,0,0,0,,,,,,,NO_USED_PARTS
2768,2024-12-03T11:57:00.000Z,FIELD_BEAT_CLIENT|61.607.901-8|SERVICIO DE SALUD DE MAGALLANES,61.607.901-8,SERVICIO DE SALUD DE MAGALLANES,CORRECTIVA NO PROGRAMADA,FINISHED,raguila,,8792,LINKED_TO_ACCESSIBLE_ZENDESK,1,0,0,1,0,1,,,no,no,NO_MATCH,NONE,HAS_UNMATCHED_PARTS
2769,2024-12-05T17:00:00.000Z,FIELD_BEAT_CLIENT|76.746.730-3|CLÍNICA SANATORIO ALEMÁN (ONCORAD),76.746.730-3,CLÍNICA SANATORIO ALEMÁN (ONCORAD),CORRECTIVA PROGRAMADA,FINISHED,ebecker,Linac-201110,,NO_TICKET_REPORTED,1,0,1,0,0,1,,,,N/A,PLACEHOLDER_VALUE,PLACEHOLDER_REJECTED,HAS_PLACEHOLDERS
2770,2024-12-06T20:39:00.000Z,FIELD_BEAT_CLIENT|81.698.900-0|UC CHRISTUS - CECA,81.698.900-0,UC CHRISTUS - CECA,CORRECTIVA NO PROGRAMADA,ARCHIVED,,Linac-109374,,NO_TICKET_REPORTED,0,0,0,0,0,0,,,,,,,NO_USED_PARTS
2771,2024-12-06T20:40:00.000Z,FIELD_BEAT_CLIENT|81.698.900-0|UC CHRISTUS - CECA,81.698.900-0,UC CHRISTUS - CECA,CORRECTIVA NO PROGRAMADA,FINISHED,mabreu,Linac-109374,,NO_TICKET_REPORTED,0,0,0,0,0,0,,,,,,,NO_USED_PARTS
2772,2024-12-06T11:30:00.000Z,FIELD_BEAT_CLIENT|76.746.730-3|RADIO ONCOLOGÍA DEL SUR,76.746.730-3,RADIO ONCOLOGÍA DEL SUR,PREVENTIVA PROGRAMADA,ARCHIVED,,Linac-156187,,NO_TICKET_REPORTED,0,0,0,0,0,0,,,,,,,NO_USED_PARTS
2773,2024-12-06T11:30:00.000Z,FIELD_BEAT_CLIENT|76.746.730-3|RADIO ONCOLOGÍA DEL SUR,76.746.730-3,RADIO ONCOLOGÍA DEL SUR,PREVENTIVA PROGRAMADA,FINISHED,ebecker,Linac-156187,,NO_TICKET_REPORTED,1,0,1,0,0,1,,,,N/A,PLACEHOLDER_VALUE,PLACEHOLDER_REJECTED,HAS_PLACEHOLDERS
2774,2024-12-06T11:30:00.000Z,FIELD_BEAT_CLIENT|70377400-8|FUNDACION ARTURO LOPEZ PEREZ,70377400-8,FUNDACION ARTURO LOPEZ PEREZ,PREVENTIVA PROGRAMADA,FINISHED,rcammalleri,APOTECA-CHEMO,,NO_TICKET_REPORTED,2,0,2,0,0,2,,,,Acrílico protector de viales|Resorte y sujetador dosificador,PLACEHOLDER_VALUE,PLACEHOLDER_REJECTED,HAS_PLACEHOLDERS
2775,2024-12-07T22:39:00.000Z,FIELD_BEAT_CLIENT|96.770.100-9|CLINICA ALEMANA DE SANTIAGO,96.770.100-9,CLINICA ALEMANA DE SANTIAGO,,ARCHIVED,,Linac-152171,,NO_TICKET_REPORTED,0,0,0,0,0,0,,,,,,,NO_USED_PARTS
2776,2024-12-07T22:43:00.000Z,FIELD_BEAT_CLIENT|96.770.100-9|CLINICA ALEMANA DE SANTIAGO,96.770.100-9,CLINICA ALEMANA DE SANTIAGO,CORRECTIVA PROGRAMADA,FINISHED,ccarrasquel,Linac-152171,8788,LINKED_TO_ACCESSIBLE_ZENDESK,4,4,0,0,0,0,1564298|1564169|1517657|1534958,11039|12262|10701|11034,1564298|1564169|1517657|1534958,"pcb assy, dlg and diaphragm|pcb assy, LED control|pcb assy, leaf motor drive|kit, spares leaf motor",MATCHED,REF_EXACT,OK
2777,2024-12-09T11:19:00.000Z,FIELD_BEAT_CLIENT|96.770.100-9|CLINICA ALEMANA DE SANTIAGO,96.770.100-9,CLINICA ALEMANA DE SANTIAGO,CORRECTIVA PROGRAMADA,FINISHED,ccarrasquel,Linac-152171,,NO_TICKET_REPORTED,0,0,0,0,0,0,,,,,,,NO_USED_PARTS
2778,2024-12-09T19:00:00.000Z,FIELD_BEAT_CLIENT|93.930.000-7|CLÍNICA LAS CONDES,93.930.000-7,CLÍNICA LAS CONDES,CORRECTIVA NO PROGRAMADA,FINISHED,rcammalleri,CLC-1,8800,LINKED_TO_ACCESSIBLE_ZENDESK,0,0,0,0,0,0,,,,,,,NO_USED_PARTS
2779,2024-12-09T17:30:00.000Z,FIELD_BEAT_CLIENT|70377400-8|FUNDACION ARTURO LOPEZ PEREZ,70377400-8,FUNDACION ARTURO LOPEZ PEREZ,CORRECTIVA PROGRAMADA,FINISHED,adiaz,APOTECA-CHEMO,,NO_TICKET_REPORTED,0,0,0,0,0,0,,,,,,,NO_USED_PARTS
2780,2024-12-10T10:30:00.000Z,FIELD_BEAT_CLIENT|61.606.500-9|HOSPITAL CARLOS VAN BUREN (SSVSA),61.606.500-9,HOSPITAL CARLOS VAN BUREN (SSVSA),ASISTENCIA REMOTA,FINISHED,jecheverria,Linac-154325,,NO_TICKET_REPORTED,0,0,0,0,0,0,,,,,,,NO_USED_PARTS
2781,2024-12-10T15:51:00.000Z,FIELD_BEAT_CLIENT|96.757.430-9|INRAD,96.757.430-9,INRAD,CORRECTIVA PROGRAMADA,FINISHED,mabreu,Linac-201172,,NO_TICKET_REPORTED,1,1,0,0,0,0,1050661,11379,1050661,Iviewc Cable Cable Detector,MATCHED,REF_EXACT,OK
2782,2024-12-11T15:00:00.000Z,FIELD_BEAT_CLIENT|96.770.100-9|CLINICA ALEMANA DE SANTIAGO,96.770.100-9,CLINICA ALEMANA DE SANTIAGO,ASISTENCIA REMOTA,FINISHED,jecheverria,Linac-152171,,NO_TICKET_REPORTED,0,0,0,0,0,0,,,,,,,NO_USED_PARTS
2783,2024-12-12T17:50:00.000Z,FIELD_BEAT_CLIENT|61.608.404-6|Instituto Nacional del Cáncer (INC),61.608.404-6,Instituto Nacional del Cáncer (INC),,FINISHED,ccarrasquel,INC-156473,,NO_TICKET_REPORTED,0,0,0,0,0,0,,,,,,,NO_USED_PARTS
2784,2024-12-12T22:11:00.000Z,FIELD_BEAT_CLIENT|61.608.404-6|Instituto Nacional del Cáncer (INC),61.608.404-6,Instituto Nacional del Cáncer (INC),CORRECTIVA PROGRAMADA,FINISHED,ccarrasquel,INC-156473,,NO_TICKET_REPORTED,1,0,0,0,1,1,,,1553878,Z motor and brake,AMBIGUOUS_MATCH,REF_LIKE,HAS_AMBIGUOUS_PARTS
2785,2024-12-13T09:30:00.000Z,FIELD_BEAT_CLIENT|96.770.100-9|CLINICA ALEMANA DE SANTIAGO,96.770.100-9,CLINICA ALEMANA DE SANTIAGO,CORRECTIVA NO PROGRAMADA,FINISHED,jecheverria,Linac-152171,8811,LINKED_TO_MISSING_OR_RESTRICTED_ZENDESK,1,1,0,0,0,0,1534958,11034,1534958,leaf motor,MATCHED,REF_EXACT,OK
2786,2024-12-12T21:30:00.000Z,FIELD_BEAT_CLIENT|96.770.100-9|CLINICA ALEMANA DE SANTIAGO,96.770.100-9,CLINICA ALEMANA DE SANTIAGO,ASISTENCIA REMOTA,FINISHED,jecheverria,Linac-152171,,NO_TICKET_REPORTED,0,0,0,0,0,0,,,,,,,NO_USED_PARTS
2787,2024-12-13T20:51:00.000Z,FIELD_BEAT_CLIENT|81.698.900-0|UC CHRISTUS - CECA,81.698.900-0,UC CHRISTUS - CECA,CORRECTIVA PROGRAMADA,FINISHED,mabreu,Linac-109374,8794,LINKED_TO_MISSING_OR_RESTRICTED_ZENDESK,1,1,0,0,0,0,1502613,10994,1502613,"MOD KIT, LASER ODI LAMP",MATCHED,REF_EXACT,OK
2788,2024-12-13T21:33:00.000Z,FIELD_BEAT_CLIENT|61.608.404-6|Instituto Nacional del Cáncer (INC),61.608.404-6,Instituto Nacional del Cáncer (INC),ASISTENCIA REMOTA,FINISHED,ccarrasquel,INC-156473,8812,LINKED_TO_ACCESSIBLE_ZENDESK,0,0,0,0,0,0,,,,,,,NO_USED_PARTS
2789,2024-12-12T11:30:00.000Z,FIELD_BEAT_CLIENT|76.746.730-3|RADIO ONCOLOGÍA DEL SUR,76.746.730-3,RADIO ONCOLOGÍA DEL SUR,CORRECTIVA PROGRAMADA,FINISHED,ebecker,Linac-156187,8801,LINKED_TO_MISSING_OR_RESTRICTED_ZENDESK,1,1,0,0,0,0,1522567,12044,1522567,Output Window,MATCHED,REF_EXACT,OK
2790,2024-12-16T11:20:00.000Z,FIELD_BEAT_CLIENT|96.770.100-9|CLINICA ALEMANA DE SANTIAGO,96.770.100-9,CLINICA ALEMANA DE SANTIAGO,,FINISHED,mabreu,Linac-152171,,NO_TICKET_REPORTED,0,0,0,0,0,0,,,,,,,NO_USED_PARTS
2791,2024-12-16T09:30:00.000Z,FIELD_BEAT_CLIENT|61.606.500-9|HOSPITAL CARLOS VAN BUREN (SSVSA),61.606.500-9,HOSPITAL CARLOS VAN BUREN (SSVSA),CORRECTIVA NO PROGRAMADA,FINISHED,jecheverria,Linac-154325,8814,LINKED_TO_MISSING_OR_RESTRICTED_ZENDESK,0,0,0,0,0,0,,,,,,,NO_USED_PARTS
2792,2024-12-16T14:30:00.000Z,FIELD_BEAT_CLIENT|70377400-8|FUNDACION ARTURO LOPEZ PEREZ,70377400-8,FUNDACION ARTURO LOPEZ PEREZ,REQUERIMIENTO DEL CLIENTE,FINISHED,rcammalleri,APOTECA-PS|APOTECA-CHEMO,,NO_TICKET_REPORTED,0,0,0,0,0,0,,,,,,,NO_USED_PARTS
2793,2024-12-17T13:10:00.000Z,FIELD_BEAT_CLIENT|96.770.100-9|CLINICA ALEMANA DE SANTIAGO,96.770.100-9,CLINICA ALEMANA DE SANTIAGO,CORRECTIVA NO PROGRAMADA,FINISHED,jecheverria,Linac-152171,8820,LINKED_TO_ACCESSIBLE_ZENDESK,0,0,0,0,0,0,,,,,,,NO_USED_PARTS
2794,2024-12-19T17:46:00.000Z,FIELD_BEAT_CLIENT|70377400-8|FUNDACION ARTURO LOPEZ PEREZ,70377400-8,FUNDACION ARTURO LOPEZ PEREZ,CORRECTIVA PROGRAMADA,FINISHED,adiaz,,,NO_TICKET_REPORTED,0,0,0,0,0,0,,,,,,,NO_USED_PARTS
2795,2024-12-20T16:05:00.000Z,FIELD_BEAT_CLIENT|61.606.500-9|HOSPITAL CARLOS VAN BUREN (SSVSA),61.606.500-9,HOSPITAL CARLOS VAN BUREN (SSVSA),CORRECTIVA PROGRAMADA,FINISHED,jecheverria,Linac-154325,8681,LINKED_TO_MISSING_OR_RESTRICTED_ZENDESK,2,1,0,1,0,1,4513316442301M,10312,451462949000|4513316442301M,flow switch 10M-MS|Filter element 5 micron,NO_MATCH|MATCHED,NONE|REF_EXACT,HAS_UNMATCHED_PARTS
2796,2024-12-21T11:00:00.000Z,FIELD_BEAT_CLIENT|96.770.100-9|CLINICA ALEMANA DE SANTIAGO,96.770.100-9,CLINICA ALEMANA DE SANTIAGO,CORRECTIVA NO PROGRAMADA,FINISHED,jecheverria,Linac-152171,8820,LINKED_TO_ACCESSIBLE_ZENDESK,1,1,0,0,0,1,45133502026_usado,12138,45133502026,Tubo de RX,MATCHED,REF_LIKE,REVIEW_REQUIRED
2797,2024-12-23T09:30:00.000Z,FIELD_BEAT_CLIENT|61.606.500-9|HOSPITAL CARLOS VAN BUREN (SSVSA),61.606.500-9,HOSPITAL CARLOS VAN BUREN (SSVSA),PREVENTIVA PROGRAMADA,FINISHED,jecheverria,Linac-154325,,NO_TICKET_REPORTED,0,0,0,0,0,0,,,,,,,NO_USED_PARTS
2798,2024-12-23T10:30:00.000Z,FIELD_BEAT_CLIENT|96.770.100-9|CLINICA ALEMANA DE SANTIAGO,96.770.100-9,CLINICA ALEMANA DE SANTIAGO,PUESTA EN MARCHA,FINISHED,aecheverria,Linac-152171,,NO_TICKET_REPORTED,1,0,1,0,0,1,,,,N/A,PLACEHOLDER_VALUE,PLACEHOLDER_REJECTED,HAS_PLACEHOLDERS
2799,2024-12-23T15:15:00.000Z,FIELD_BEAT_CLIENT|76.746.730-3|CLÍNICA SANATORIO ALEMÁN (ONCORAD),76.746.730-3,CLÍNICA SANATORIO ALEMÁN (ONCORAD),CORRECTIVA NO PROGRAMADA,FINISHED,ebecker,HDR_10806,,NO_TICKET_REPORTED,1,0,1,0,0,1,,,,N/A,PLACEHOLDER_VALUE,PLACEHOLDER_REJECTED,HAS_PLACEHOLDERS
2800,2024-12-23T14:00:00.000Z,FIELD_BEAT_CLIENT|70377400-8|FUNDACION ARTURO LOPEZ PEREZ,70377400-8,FUNDACION ARTURO LOPEZ PEREZ,CORRECTIVA PROGRAMADA,FINISHED,rcammalleri,OIS-FALP,8805,LINKED_TO_MISSING_OR_RESTRICTED_ZENDESK,0,0,0,0,0,0,,,,,,,NO_USED_PARTS
2801,2024-12-23T18:39:00.000Z,FIELD_BEAT_CLIENT|70377400-8|FUNDACION ARTURO LOPEZ PEREZ,70377400-8,FUNDACION ARTURO LOPEZ PEREZ,PREVENTIVA PROGRAMADA,FINISHED,glopez,HDR-FT07026,8741,LINKED_TO_ACCESSIBLE_ZENDESK,0,0,0,0,0,0,,,,,,,NO_USED_PARTS
2802,2024-12-23T21:20:00.000Z,FIELD_BEAT_CLIENT|61.608.404-6|Instituto Nacional del Cáncer (INC),61.608.404-6,Instituto Nacional del Cáncer (INC),CORRECTIVA PROGRAMADA,FINISHED,ccarrasquel,INC-156473,,NO_TICKET_REPORTED,1,1,0,0,0,0,1564298,11039,1564298,"PCB ASSY, DLG AND DIAPHRAGM DRIVE",MATCHED,REF_EXACT,OK
2803,2024-12-26T18:30:00.000Z,FIELD_BEAT_CLIENT|70377400-8|FUNDACION ARTURO LOPEZ PEREZ,70377400-8,FUNDACION ARTURO LOPEZ PEREZ,REQUERIMIENTO DEL CLIENTE,FINISHED,adiaz,,,NO_TICKET_REPORTED,0,0,0,0,0,0,,,,,,,NO_USED_PARTS
2804,2024-12-26T22:35:00.000Z,FIELD_BEAT_CLIENT|61.608.404-6|Instituto Nacional del Cáncer (INC),61.608.404-6,Instituto Nacional del Cáncer (INC),CORRECTIVA PROGRAMADA,FINISHED,ccarrasquel,INC-156473,8825,LINKED_TO_ACCESSIBLE_ZENDESK,2,2,0,0,0,0,1541718|45133302612,11595|10995,1541718|45133302612,"fru, pancake motor assembly|gearbox & brake, fru",MATCHED,REF_EXACT,OK
2805,2024-12-30T10:00:00.000Z,FIELD_BEAT_CLIENT|96.770.100-9|CLINICA ALEMANA DE SANTIAGO,96.770.100-9,CLINICA ALEMANA DE SANTIAGO,CORRECTIVA PROGRAMADA,FINISHED,jecheverria,Linac-152171,,NO_TICKET_REPORTED,0,0,0,0,0,0,,,,,,,NO_USED_PARTS
2806,2024-12-30T21:32:00.000Z,FIELD_BEAT_CLIENT|61.608.404-6|Instituto Nacional del Cáncer (INC),61.608.404-6,Instituto Nacional del Cáncer (INC),CORRECTIVA PROGRAMADA,FINISHED,aecheverria,INC-156473,8825,LINKED_TO_ACCESSIBLE_ZENDESK,1,0,1,0,0,1,,,,N/A,PLACEHOLDER_VALUE,PLACEHOLDER_REJECTED,HAS_PLACEHOLDERS
2807,2024-12-30T21:52:00.000Z,FIELD_BEAT_CLIENT|81.698.900-0|UC CHRISTUS - CECA,81.698.900-0,UC CHRISTUS - CECA,CORRECTIVA PROGRAMADA,FINISHED,ccarrasquel,Linac-153935,8835,LINKED_TO_ACCESSIBLE_ZENDESK,2,2,0,0,0,0,1565768|1564361,10151|11038,1565768|1564361,pcb assy can|programemed pcb assy router,MATCHED,REF_EXACT,OK
2808,2024-12-30T22:21:00.000Z,FIELD_BEAT_CLIENT|81.698.900-0|UC CHRISTUS - CECA,81.698.900-0,UC CHRISTUS - CECA,CORRECTIVA PROGRAMADA,FINISHED,ccarrasquel,Linac-153935,8832,LINKED_TO_ACCESSIBLE_ZENDESK,0,0,0,0,0,0,,,,,,,NO_USED_PARTS
2809,2024-12-31T02:59:00.000Z,FIELD_BEAT_CLIENT|70377400-8|FUNDACION ARTURO LOPEZ PEREZ,70377400-8,FUNDACION ARTURO LOPEZ PEREZ,CORRECTIVA PROGRAMADA,FINISHED,ccarrasquel,LINAC-153038,,NO_TICKET_REPORTED,0,0,0,0,0,0,,,,,,,NO_USED_PARTS
2810,2024-12-31T14:54:00.000Z,FIELD_BEAT_CLIENT|70377400-8|FUNDACION ARTURO LOPEZ PEREZ,70377400-8,FUNDACION ARTURO LOPEZ PEREZ,CORRECTIVA PROGRAMADA,FINISHED,ccarrasquel,LINAC-153038,,NO_TICKET_REPORTED,0,0,0,0,0,0,,,,,,,NO_USED_PARTS
2811,2025-01-03T17:58:00.000Z,FIELD_BEAT_CLIENT|81.698.900-0|UC CHRISTUS - CECA,81.698.900-0,UC CHRISTUS - CECA,REQUERIMIENTO DEL CLIENTE,FINISHED,ssalice,OIS-UC,8834,LINKED_TO_MISSING_OR_RESTRICTED_ZENDESK,0,0,0,0,0,0,,,,,,,NO_USED_PARTS
2812,2025-01-03T19:54:00.000Z,FIELD_BEAT_CLIENT|70.377.400-8|FUNDACION ARTURO LOPEZ PEREZ,70.377.400-8,FUNDACION ARTURO LOPEZ PEREZ,CORRECTIVA PROGRAMADA,FINISHED,aecheverria,,,NO_TICKET_REPORTED,2,0,0,2,0,2,,,1526644|1556286,PCB Wedge Control|FRU Assembly wegde,NO_MATCH,NONE,HAS_UNMATCHED_PARTS
2813,2025-01-06T09:00:00.000Z,FIELD_BEAT_CLIENT|81.698.900-0|UC CHRISTUS - SCA,81.698.900-0,UC CHRISTUS - SCA,PREVENTIVA PROGRAMADA,FINISHED,jecheverria,Linac-109256,,NO_TICKET_REPORTED,0,0,0,0,0,0,,,,,,,NO_USED_PARTS
2814,2025-01-02T12:30:00.000Z,FIELD_BEAT_CLIENT|81.698.900-0|UC CHRISTUS - SCA,81.698.900-0,UC CHRISTUS - SCA,CORRECTIVA PROGRAMADA,FINISHED,jecheverria,Linac-109256,,NO_TICKET_REPORTED,1,1,0,0,0,0,45133304800,10375,45133304800,Electron Gun,MATCHED,REF_EXACT,OK
2815,2025-01-06T11:10:00.000Z,FIELD_BEAT_CLIENT|96.770.100-9|CLINICA ALEMANA DE SANTIAGO,96.770.100-9,CLINICA ALEMANA DE SANTIAGO,PUESTA EN MARCHA,FINISHED,ccarrasquel,Linac-152171,,NO_TICKET_REPORTED,0,0,0,0,0,0,,,,,,,NO_USED_PARTS
2816,2025-01-06T11:30:00.000Z,FIELD_BEAT_CLIENT|70377400-8|FUNDACION ARTURO LOPEZ PEREZ,70377400-8,FUNDACION ARTURO LOPEZ PEREZ,REQUERIMIENTO DEL CLIENTE,FINISHED,adiaz,,,NO_TICKET_REPORTED,0,0,0,0,0,0,,,,,,,NO_USED_PARTS
2817,2025-01-06T13:00:00.000Z,FIELD_BEAT_CLIENT|70377400-8|FUNDACION ARTURO LOPEZ PEREZ,70377400-8,FUNDACION ARTURO LOPEZ PEREZ,REQUERIMIENTO DEL CLIENTE,FINISHED,adiaz,,,NO_TICKET_REPORTED,0,0,0,0,0,0,,,,,,,NO_USED_PARTS
2818,2025-01-07T23:18:00.000Z,FIELD_BEAT_CLIENT|81.698.900-0|UC CHRISTUS - SCA,81.698.900-0,UC CHRISTUS - SCA,REQUERIMIENTO DEL CLIENTE,FINISHED,ssalice,,8846,LINKED_TO_MISSING_OR_RESTRICTED_ZENDESK,0,0,0,0,0,0,,,,,,,NO_USED_PARTS
2819,2025-01-08T18:30:00.000Z,FIELD_BEAT_CLIENT|81.698.900-0|UC CHRISTUS - SCA,81.698.900-0,UC CHRISTUS - SCA,REQUERIMIENTO DEL CLIENTE,FINISHED,ssalice,,8846,LINKED_TO_MISSING_OR_RESTRICTED_ZENDESK,0,0,0,0,0,0,,,,,,,NO_USED_PARTS
2820,2025-01-09T14:45:00.000Z,FIELD_BEAT_CLIENT|70377400-8|FUNDACION ARTURO LOPEZ PEREZ,70377400-8,FUNDACION ARTURO LOPEZ PEREZ,INSTALACION - INTEGRACION,FINISHED,rcammalleri,APOTECA-PS,,NO_TICKET_REPORTED,0,0,0,0,0,0,,,,,,,NO_USED_PARTS
2821,2025-01-09T18:12:00.000Z,FIELD_BEAT_CLIENT|70.377.400-8|FUNDACION ARTURO LOPEZ PEREZ,70.377.400-8,FUNDACION ARTURO LOPEZ PEREZ,CORRECTIVA NO PROGRAMADA,FINISHED,jecheverria,,8855,LINKED_TO_ACCESSIBLE_ZENDESK,0,0,0,0,0,0,,,,,,,NO_USED_PARTS
2822,2025-01-10T22:07:00.000Z,FIELD_BEAT_CLIENT|81.698.900-0|UC CHRISTUS - CECA,81.698.900-0,UC CHRISTUS - CECA,CORRECTIVA PROGRAMADA,FINISHED,ccarrasquel,Linac-153935,8832,LINKED_TO_ACCESSIBLE_ZENDESK,0,0,0,0,0,0,,,,,,,NO_USED_PARTS
2823,2025-01-13T11:24:00.000Z,FIELD_BEAT_CLIENT|96.770.100-9|CLINICA ALEMANA DE SANTIAGO,96.770.100-9,CLINICA ALEMANA DE SANTIAGO,PUESTA EN MARCHA,FINISHED,mabreu,Linac-152171,,NO_TICKET_REPORTED,0,0,0,0,0,0,,,,,,,NO_USED_PARTS
2824,2025-01-13T20:53:00.000Z,FIELD_BEAT_CLIENT|70377400-8|FUNDACION ARTURO LOPEZ PEREZ,70377400-8,FUNDACION ARTURO LOPEZ PEREZ,CORRECTIVA PROGRAMADA,FINISHED,ccarrasquel,LINAC-153038,8855,LINKED_TO_ACCESSIBLE_ZENDESK,3,3,0,0,0,0,1005032|1511862|1005033,10942|10121|11604,1005032|1511862|1005033,signal condition pcb rhca-a|pcb assy ai12 bit|signado condition pcb rhca-b,MATCHED,REF_EXACT,OK
2825,2025-01-13T16:00:00.000Z,FIELD_BEAT_CLIENT|76.746.730-3|RADIO ONCOLOGÍA DEL SUR,76.746.730-3,RADIO ONCOLOGÍA DEL SUR,CORRECTIVA NO PROGRAMADA,FINISHED,ebecker,Linac-156187,8865,LINKED_TO_MISSING_OR_RESTRICTED_ZENDESK,1,1,0,0,0,1,1022378,11627,1022378 / 351372101453,"Diode Semikron
Resistor 180 ohm",MATCHED,REF_LIKE,REVIEW_REQUIRED
2826,2025-01-13T11:30:00.000Z,FIELD_BEAT_CLIENT|76.746.730-3|CLÍNICA SANATORIO ALEMÁN (ONCORAD),76.746.730-3,CLÍNICA SANATORIO ALEMÁN (ONCORAD),CORRECTIVA PROGRAMADA,FINISHED,ebecker,Linac-201110,8696,LINKED_TO_MISSING_OR_RESTRICTED_ZENDESK,1,0,0,1,0,1,,,BJ5590.002,ION CHAMBER,NO_MATCH,NONE,HAS_UNMATCHED_PARTS
2827,2025-01-14T21:28:00.000Z,FIELD_BEAT_CLIENT|81.698.900-0|UC CHRISTUS - SCA,81.698.900-0,UC CHRISTUS - SCA,CORRECTIVA PROGRAMADA,FINISHED,ccarrasquel,Linac-109256,8861,LINKED_TO_ACCESSIBLE_ZENDESK,0,0,0,0,0,0,,,,,,,NO_USED_PARTS
2828,2025-01-14T21:58:00.000Z,FIELD_BEAT_CLIENT|70377400-8|FUNDACION ARTURO LOPEZ PEREZ,70377400-8,FUNDACION ARTURO LOPEZ PEREZ,CORRECTIVA NO PROGRAMADA,FINISHED,mabreu,LINAC-153038,8855,LINKED_TO_ACCESSIBLE_ZENDESK,0,0,0,0,0,0,,,,,,,NO_USED_PARTS
2829,2025-01-11T10:30:00.000Z,FIELD_BEAT_CLIENT|70.377.400-8|FUNDACION ARTURO LOPEZ PEREZ,70.377.400-8,FUNDACION ARTURO LOPEZ PEREZ,CORRECTIVA NO PROGRAMADA,FINISHED,jecheverria,,8855,LINKED_TO_ACCESSIBLE_ZENDESK,0,0,0,0,0,0,,,,,,,NO_USED_PARTS
2830,2025-01-15T23:11:00.000Z,FIELD_BEAT_CLIENT|70377400-8|FUNDACION ARTURO LOPEZ PEREZ,70377400-8,FUNDACION ARTURO LOPEZ PEREZ,CORRECTIVA PROGRAMADA,FINISHED,ccarrasquel,LINAC-153038,8855,LINKED_TO_ACCESSIBLE_ZENDESK,0,0,0,0,0,0,,,,,,,NO_USED_PARTS
2831,2025-01-16T10:30:00.000Z,FIELD_BEAT_CLIENT|96.770.100-9|CLINICA ALEMANA DE SANTIAGO,96.770.100-9,CLINICA ALEMANA DE SANTIAGO,CORRECTIVA NO PROGRAMADA,FINISHED,jecheverria,Linac-152171,,NO_TICKET_REPORTED,0,0,0,0,0,0,,,,,,,NO_USED_PARTS
2832,2025-01-16T11:30:00.000Z,FIELD_BEAT_CLIENT|70377400-8|FUNDACION ARTURO LOPEZ PEREZ,70377400-8,FUNDACION ARTURO LOPEZ PEREZ,REQUERIMIENTO DEL CLIENTE,FINISHED,adiaz,APOTECA-CHEMO,,NO_TICKET_REPORTED,0,0,0,0,0,0,,,,,,,NO_USED_PARTS
2833,2025-01-17T00:11:00.000Z,FIELD_BEAT_CLIENT|70377400-8|FUNDACION ARTURO LOPEZ PEREZ,70377400-8,FUNDACION ARTURO LOPEZ PEREZ,CORRECTIVA PROGRAMADA,FINISHED,ccarrasquel,LINAC-153038,8855,LINKED_TO_ACCESSIBLE_ZENDESK,0,0,0,0,0,0,,,,,,,NO_USED_PARTS
2834,2025-01-17T17:52:00.000Z,FIELD_BEAT_CLIENT|81.698.900-0|UC CHRISTUS - CECA,81.698.900-0,UC CHRISTUS - CECA,CORRECTIVA PROGRAMADA,FINISHED,mabreu,Linac-109374,8758,LINKED_TO_MISSING_OR_RESTRICTED_ZENDESK,1,1,0,0,0,0,1548845,10615,1548845,X-RAY TUBE ASSEMBLY,MATCHED,REF_EXACT,OK
2835,2025-01-17T17:00:00.000Z,FIELD_BEAT_CLIENT|70377400-8|FUNDACION ARTURO LOPEZ PEREZ,70377400-8,FUNDACION ARTURO LOPEZ PEREZ,REQUERIMIENTO DEL CLIENTE,FINISHED,adiaz,,,NO_TICKET_REPORTED,0,0,0,0,0,0,,,,,,,NO_USED_PARTS
2836,2025-01-17T21:46:00.000Z,FIELD_BEAT_CLIENT|70377400-8|FUNDACION ARTURO LOPEZ PEREZ,70377400-8,FUNDACION ARTURO LOPEZ PEREZ,CORRECTIVA PROGRAMADA,FINISHED,ccarrasquel,LINAC-153038,8855,LINKED_TO_ACCESSIBLE_ZENDESK,0,0,0,0,0,0,,,,,,,NO_USED_PARTS
2837,2025-01-20T10:36:00.000Z,FIELD_BEAT_CLIENT|96.770.100-9|CLINICA ALEMANA DE SANTIAGO,96.770.100-9,CLINICA ALEMANA DE SANTIAGO,PUESTA EN MARCHA,FINISHED,aecheverria,Linac-152171,,NO_TICKET_REPORTED,0,0,0,0,0,0,,,,,,,NO_USED_PARTS
2838,2025-01-18T13:30:00.000Z,FIELD_BEAT_CLIENT|61.606.500-9|HOSPITAL CARLOS VAN BUREN (SSVSA),61.606.500-9,HOSPITAL CARLOS VAN BUREN (SSVSA),ASISTENCIA REMOTA,FINISHED,jecheverria,Linac-154325,8878,LINKED_TO_ACCESSIBLE_ZENDESK,0,0,0,0,0,0,,,,,,,NO_USED_PARTS
2839,2025-01-20T21:54:00.000Z,FIELD_BEAT_CLIENT|70377400-8|FUNDACION ARTURO LOPEZ PEREZ,70377400-8,FUNDACION ARTURO LOPEZ PEREZ,CORRECTIVA PROGRAMADA,FINISHED,ccarrasquel,LINAC-153038,8855,LINKED_TO_ACCESSIBLE_ZENDESK,2,1,0,0,1,1,351372700257X,12008,351372700257X|1010256,"module, semikrom skrc|12 bit analogía output pcb",MATCHED|AMBIGUOUS_MATCH,REF_EXACT|REF_LIKE,HAS_AMBIGUOUS_PARTS
2840,2025-01-22T00:03:00.000Z,FIELD_BEAT_CLIENT|70377400-8|FUNDACION ARTURO LOPEZ PEREZ,70377400-8,FUNDACION ARTURO LOPEZ PEREZ,CORRECTIVA NO PROGRAMADA,FINISHED,mabreu,LINAC-153038,8855,LINKED_TO_ACCESSIBLE_ZENDESK,1,1,0,0,0,1,821321900373H,12022,821321900373,"FUSE LINK, 240V, 80A, U",MATCHED,REF_LIKE,REVIEW_REQUIRED
2841,2025-01-22T20:21:00.000Z,FIELD_BEAT_CLIENT|70377400-8|FUNDACION ARTURO LOPEZ PEREZ,70377400-8,FUNDACION ARTURO LOPEZ PEREZ,CORRECTIVA PROGRAMADA,FINISHED,ccarrasquel,LINAC-153038,8855,LINKED_TO_ACCESSIBLE_ZENDESK,0,0,0,0,0,0,,,,,,,NO_USED_PARTS
2842,2025-01-22T20:35:00.000Z,FIELD_BEAT_CLIENT|81.698.900-0|UC CHRISTUS - SCA,81.698.900-0,UC CHRISTUS - SCA,CORRECTIVA PROGRAMADA,FINISHED,mabreu,Linac-109256,8866,LINKED_TO_ACCESSIBLE_ZENDESK,1,0,0,1,0,1,,,821321900359,FUSE 32X6 8AMP,NO_MATCH,NONE,HAS_UNMATCHED_PARTS
2843,2025-01-23T13:08:00.000Z,FIELD_BEAT_CLIENT|81.698.900-0|UC CHRISTUS - SCA,81.698.900-0,UC CHRISTUS - SCA,CORRECTIVA NO PROGRAMADA,FINISHED,mabreu,Linac-109256,8894,LINKED_TO_ACCESSIBLE_ZENDESK,0,0,0,0,0,0,,,,,,,NO_USED_PARTS
2844,2025-01-22T18:00:00.000Z,FIELD_BEAT_CLIENT|81.698.900-0|UC CHRISTUS - CECA,81.698.900-0,UC CHRISTUS - CECA,ASISTENCIA REMOTA,FINISHED,jecheverria,Linac-109374,8892,LINKED_TO_MISSING_OR_RESTRICTED_ZENDESK,0,0,0,0,0,0,,,,,,,NO_USED_PARTS
2845,2025-01-23T21:50:00.000Z,FIELD_BEAT_CLIENT|70377400-8|FUNDACION ARTURO LOPEZ PEREZ,70377400-8,FUNDACION ARTURO LOPEZ PEREZ,CORRECTIVA PROGRAMADA,FINISHED,ccarrasquel,LINAC-153038,8855,LINKED_TO_ACCESSIBLE_ZENDESK,0,0,0,0,0,0,,,,,,,NO_USED_PARTS
2846,2025-01-23T21:30:00.000Z,FIELD_BEAT_CLIENT|81.698.900-0|UC CHRISTUS - CECA,81.698.900-0,UC CHRISTUS - CECA,ASISTENCIA REMOTA,FINISHED,jecheverria,Linac-109374,8892,LINKED_TO_MISSING_OR_RESTRICTED_ZENDESK,0,0,0,0,0,0,,,,,,,NO_USED_PARTS
2847,2025-01-24T16:05:00.000Z,FIELD_BEAT_CLIENT|70377400-8|FUNDACION ARTURO LOPEZ PEREZ,70377400-8,FUNDACION ARTURO LOPEZ PEREZ,PREVENTIVA PROGRAMADA,ARCHIVED,,LINAC-153038,,NO_TICKET_REPORTED,0,0,0,0,0,0,,,,,,,NO_USED_PARTS
2848,2025-01-24T16:08:00.000Z,FIELD_BEAT_CLIENT|70377400-8|FUNDACION ARTURO LOPEZ PEREZ,70377400-8,FUNDACION ARTURO LOPEZ PEREZ,PREVENTIVA PROGRAMADA,FINISHED,ccarrasquel,LINAC-153038,,NO_TICKET_REPORTED,0,0,0,0,0,0,,,,,,,NO_USED_PARTS
2849,2025-01-24T15:00:00.000Z,FIELD_BEAT_CLIENT|61.606.500-9|HOSPITAL CARLOS VAN BUREN (SSVSA),61.606.500-9,HOSPITAL CARLOS VAN BUREN (SSVSA),PREVENTIVA PROGRAMADA,FINISHED,jecheverria,Linac-154325,,NO_TICKET_REPORTED,0,0,0,0,0,0,,,,,,,NO_USED_PARTS
2850,2025-01-27T10:00:00.000Z,FIELD_BEAT_CLIENT|96.770.100-9|CLINICA ALEMANA DE SANTIAGO,96.770.100-9,CLINICA ALEMANA DE SANTIAGO,REQUERIMIENTO DEL CLIENTE,FINISHED,jecheverria,Linac-152171,,NO_TICKET_REPORTED,0,0,0,0,0,0,,,,,,,NO_USED_PARTS
2851,2025-01-20T18:04:00.000Z,FIELD_BEAT_CLIENT|76.746.730-3|CLÍNICA SANATORIO ALEMÁN (ONCORAD),76.746.730-3,CLÍNICA SANATORIO ALEMÁN (ONCORAD),CORRECTIVA NO PROGRAMADA,FINISHED,mreyes,Linac-201110,000,LINKED_TO_MISSING_OR_RESTRICTED_ZENDESK,0,0,0,0,0,0,,,,,,,NO_USED_PARTS
2852,2025-01-27T18:40:00.000Z,FIELD_BEAT_CLIENT|76.746.730-3|CLÍNICA SANATORIO ALEMÁN (ONCORAD),76.746.730-3,CLÍNICA SANATORIO ALEMÁN (ONCORAD),CORRECTIVA NO PROGRAMADA,FINISHED,mreyes,Linac-201110,,NO_TICKET_REPORTED,1,0,0,1,0,1,,,No hay,No hay,NO_MATCH,NONE,HAS_UNMATCHED_PARTS
2853,2025-01-27T18:03:00.000Z,FIELD_BEAT_CLIENT|70377400-8|FUNDACION ARTURO LOPEZ PEREZ,70377400-8,FUNDACION ARTURO LOPEZ PEREZ,CORRECTIVA PROGRAMADA,FINISHED,ccarrasquel,LINAC-153038,8901,LINKED_TO_MISSING_OR_RESTRICTED_ZENDESK,1,0,0,1,0,1,,,1500954,"voltaje regulator, pcb assy",NO_MATCH,NONE,HAS_UNMATCHED_PARTS
2854,2025-01-27T20:58:00.000Z,FIELD_BEAT_CLIENT|61.608.404-6|Instituto Nacional del Cáncer (INC),61.608.404-6,Instituto Nacional del Cáncer (INC),CORRECTIVA PROGRAMADA,FINISHED,ccarrasquel,INC-156473,,NO_TICKET_REPORTED,0,0,0,0,0,0,,,,,,,NO_USED_PARTS
2855,2025-01-27T23:59:00.000Z,FIELD_BEAT_CLIENT|81.698.900-0|UC CHRISTUS - SCA,81.698.900-0,UC CHRISTUS - SCA,CORRECTIVA NO PROGRAMADA,FINISHED,mabreu,Linac-109256,,NO_TICKET_REPORTED,1,1,0,0,0,0,1557545,12192,1557545,"CAMARA, DX9",MATCHED,REF_EXACT,OK
2856,2025-01-28T10:40:00.000Z,FIELD_BEAT_CLIENT|81.698.900-0|UC CHRISTUS - CECA,81.698.900-0,UC CHRISTUS - CECA,,ARCHIVED,,Linac-153935,,NO_TICKET_REPORTED,0,0,0,0,0,0,,,,,,,NO_USED_PARTS
2857,2025-01-28T10:41:00.000Z,FIELD_BEAT_CLIENT|81.698.900-0|UC CHRISTUS - CECA,81.698.900-0,UC CHRISTUS - CECA,CORRECTIVA PROGRAMADA,FINISHED,jecheverria,Linac-153935,,NO_TICKET_REPORTED,0,0,0,0,0,0,,,,,,,NO_USED_PARTS
2858,2025-01-28T13:01:00.000Z,FIELD_BEAT_CLIENT|70377400-8|FUNDACION ARTURO LOPEZ PEREZ,70377400-8,FUNDACION ARTURO LOPEZ PEREZ,CORRECTIVA PROGRAMADA,FINISHED,ccarrasquel,LINAC-153038,,NO_TICKET_REPORTED,0,0,0,0,0,0,,,,,,,NO_USED_PARTS
2859,2025-01-28T20:05:00.000Z,FIELD_BEAT_CLIENT|81.698.900-0|UC CHRISTUS - SCA,81.698.900-0,UC CHRISTUS - SCA,REQUERIMIENTO DEL CLIENTE,SCHEDULED,,Linac-109256,,NO_TICKET_REPORTED,0,0,0,0,0,0,,,,,,,NO_USED_PARTS
2860,2025-01-28T20:06:00.000Z,FIELD_BEAT_CLIENT|81.698.900-0|UC CHRISTUS - SCA,81.698.900-0,UC CHRISTUS - SCA,REQUERIMIENTO DEL CLIENTE,FINISHED,ssalice,,8888,LINKED_TO_ACCESSIBLE_ZENDESK,0,0,0,0,0,0,,,,,,,NO_USED_PARTS
2861,2025-01-29T20:56:00.000Z,FIELD_BEAT_CLIENT|70.377.400-8|FUNDACION ARTURO LOPEZ PEREZ,70.377.400-8,FUNDACION ARTURO LOPEZ PEREZ,REQUERIMIENTO DEL CLIENTE,FINISHED,ssalice,,8904,LINKED_TO_MISSING_OR_RESTRICTED_ZENDESK,0,0,0,0,0,0,,,,,,,NO_USED_PARTS
2862,2025-01-30T11:30:00.000Z,FIELD_BEAT_CLIENT|70377400-8|FUNDACION ARTURO LOPEZ PEREZ,70377400-8,FUNDACION ARTURO LOPEZ PEREZ,REQUERIMIENTO DEL CLIENTE,FINISHED,adiaz,,,NO_TICKET_REPORTED,0,0,0,0,0,0,,,,,,,NO_USED_PARTS
2863,2025-01-30T13:00:00.000Z,FIELD_BEAT_CLIENT|61.608.404-6|Instituto Nacional del Cáncer (INC),61.608.404-6,Instituto Nacional del Cáncer (INC),CORRECTIVA NO PROGRAMADA,FINISHED,rcammalleri,INC-156473,8911,LINKED_TO_ACCESSIBLE_ZENDESK,0,0,0,0,0,0,,,,,,,NO_USED_PARTS
2864,2025-01-30T21:14:00.000Z,FIELD_BEAT_CLIENT|81.698.900-0|UC CHRISTUS - CECA,81.698.900-0,UC CHRISTUS - CECA,CORRECTIVA PROGRAMADA,FINISHED,ccarrasquel,Linac-109374,,NO_TICKET_REPORTED,1,1,0,0,0,0,45133304800,10375,45133304800,electron gun assy,MATCHED,REF_EXACT,OK
2865,2025-01-31T16:30:00.000Z,FIELD_BEAT_CLIENT|81.698.900-0|UC CHRISTUS - SCA,81.698.900-0,UC CHRISTUS - SCA,CORRECTIVA NO PROGRAMADA,FINISHED,aecheverria,Linac-109256,8916,LINKED_TO_ACCESSIBLE_ZENDESK,2,1,0,1,0,1,1534958,11034,1534958|157657,"KIT, SPARES, LEAF MOTOR|PCB ASSY, LEAF MOTOR DRIVE",MATCHED|NO_MATCH,REF_EXACT|NONE,HAS_UNMATCHED_PARTS
2866,2025-01-31T19:10:00.000Z,FIELD_BEAT_CLIENT|81.698.900-0|UC CHRISTUS - CECA,81.698.900-0,UC CHRISTUS - CECA,CORRECTIVA PROGRAMADA,FINISHED,ccarrasquel,Linac-109374,,NO_TICKET_REPORTED,0,0,0,0,0,0,,,,,,,NO_USED_PARTS
2867,2025-02-03T10:59:00.000Z,FIELD_BEAT_CLIENT|96.770.100-9|CLINICA ALEMANA DE SANTIAGO,96.770.100-9,CLINICA ALEMANA DE SANTIAGO,REQUERIMIENTO DEL CLIENTE,FINISHED,ccarrasquel,Linac-152171,,NO_TICKET_REPORTED,0,0,0,0,0,0,,,,,,,NO_USED_PARTS
2868,2025-02-03T20:00:00.000Z,FIELD_BEAT_CLIENT|70377400-8|FUNDACION ARTURO LOPEZ PEREZ,70377400-8,FUNDACION ARTURO LOPEZ PEREZ,,FINISHED,ccarrasquel,LINAC-153038,8912,LINKED_TO_ACCESSIBLE_ZENDESK,1,0,0,0,1,1,,,1547237,"kit, luminus proj assy and PCB assy, LED CONTROL",AMBIGUOUS_MATCH,REF_LIKE,HAS_AMBIGUOUS_PARTS
2869,2025-02-04T21:25:00.000Z,FIELD_BEAT_CLIENT|61.608.404-6|Instituto Nacional del Cáncer (INC),61.608.404-6,Instituto Nacional del Cáncer (INC),CORRECTIVA PROGRAMADA,FINISHED,jacuna,INC-156473,8923,LINKED_TO_MISSING_OR_RESTRICTED_ZENDESK,1,0,1,0,0,1,,,,"baterias 12v 7,2 ah",PLACEHOLDER_VALUE,PLACEHOLDER_REJECTED,HAS_PLACEHOLDERS
2870,2025-02-05T00:37:00.000Z,FIELD_BEAT_CLIENT|81.698.900-0|UC CHRISTUS - CECA,81.698.900-0,UC CHRISTUS - CECA,CORRECTIVA PROGRAMADA,FINISHED,ccarrasquel,Linac-153935,8927,LINKED_TO_ACCESSIBLE_ZENDESK,1,1,0,0,0,0,1010848,11037,1010848,"mirror assembly, óptics",MATCHED,REF_EXACT,OK
2871,2025-02-05T10:30:00.000Z,FIELD_BEAT_CLIENT|70.377.400-8|FUNDACION ARTURO LOPEZ PEREZ,70.377.400-8,FUNDACION ARTURO LOPEZ PEREZ,CORRECTIVA PROGRAMADA,FINISHED,jecheverria,,8904,LINKED_TO_MISSING_OR_RESTRICTED_ZENDESK,1,0,1,0,0,1,,,,Batería de 12 VDC 7.2 AH,PLACEHOLDER_VALUE,PLACEHOLDER_REJECTED,HAS_PLACEHOLDERS
2872,2025-02-05T21:09:00.000Z,FIELD_BEAT_CLIENT|81.698.900-0|UC CHRISTUS - CECA,81.698.900-0,UC CHRISTUS - CECA,CORRECTIVA PROGRAMADA,FINISHED,ccarrasquel,Linac-153935,8884,LINKED_TO_ACCESSIBLE_ZENDESK,6,4,0,1,1,2,1556287|1024939|1018559|1564298,12261|10776|10724|11039,1556287|1024939|1547237|1018559|1564298|1556292,"Diaphragm brakes spare kit|LED projector fan|kit, luminus proj assy and PCB assy, LED control|LMD fan and bracket|diaphragm / DLG PCB|DLG brake spares kit",MATCHED|AMBIGUOUS_MATCH|NO_MATCH,REF_EXACT|REF_LIKE|NONE,HAS_AMBIGUOUS_PARTS
2873,2025-02-06T13:47:00.000Z,FIELD_BEAT_CLIENT|93.930.000-7|CLÍNICA LAS CONDES,93.930.000-7,CLÍNICA LAS CONDES,REQUERIMIENTO DEL CLIENTE,FINISHED,ccarrasquel,CLC-1,,NO_TICKET_REPORTED,0,0,0,0,0,0,,,,,,,NO_USED_PARTS
2874,2025-02-06T15:00:00.000Z,FIELD_BEAT_CLIENT|70377400-8|FUNDACION ARTURO LOPEZ PEREZ,70377400-8,FUNDACION ARTURO LOPEZ PEREZ,REQUERIMIENTO DEL CLIENTE,FINISHED,adiaz,,,NO_TICKET_REPORTED,0,0,0,0,0,0,,,,,,,NO_USED_PARTS
2875,2025-02-06T20:44:00.000Z,FIELD_BEAT_CLIENT|70377400-8|FUNDACION ARTURO LOPEZ PEREZ,70377400-8,FUNDACION ARTURO LOPEZ PEREZ,CORRECTIVA PROGRAMADA,FINISHED,ccarrasquel,LINAC-153038,8928,LINKED_TO_ACCESSIBLE_ZENDESK,0,0,0,0,0,0,,,,,,,NO_USED_PARTS
2876,2025-02-07T12:35:00.000Z,FIELD_BEAT_CLIENT|61.608.404-6|Instituto Nacional del Cáncer (INC),61.608.404-6,Instituto Nacional del Cáncer (INC),REQUERIMIENTO DEL CLIENTE,FINISHED,jecheverria,INC-156473,,NO_TICKET_REPORTED,0,0,0,0,0,0,,,,,,,NO_USED_PARTS
2877,2025-02-07T11:30:00.000Z,FIELD_BEAT_CLIENT|76.746.730-3|RADIO ONCOLOGÍA DEL SUR,76.746.730-3,RADIO ONCOLOGÍA DEL SUR,CORRECTIVA PROGRAMADA,FINISHED,ebecker,Linac-156187,8817,LINKED_TO_MISSING_OR_RESTRICTED_ZENDESK,1,1,0,0,0,0,1502613,10994,1502613,Distance Meter,MATCHED,REF_EXACT,OK
2878,2025-02-07T15:30:00.000Z,FIELD_BEAT_CLIENT|76.746.730-3|RADIO ONCOLOGÍA DEL SUR,76.746.730-3,RADIO ONCOLOGÍA DEL SUR,CORRECTIVA PROGRAMADA,FINISHED,ebecker,Linac-156187,8775,LINKED_TO_MISSING_OR_RESTRICTED_ZENDESK,1,0,1,0,0,1,,,,N/A,PLACEHOLDER_VALUE,PLACEHOLDER_REJECTED,HAS_PLACEHOLDERS
2879,2025-02-08T06:08:00.000Z,FIELD_BEAT_CLIENT|81.698.900-0|UC CHRISTUS - CECA,81.698.900-0,UC CHRISTUS - CECA,CORRECTIVA PROGRAMADA,FINISHED,ccarrasquel,Linac-153935,8832,LINKED_TO_ACCESSIBLE_ZENDESK,0,0,0,0,0,0,,,,,,,NO_USED_PARTS
2880,2025-02-12T20:30:00.000Z,FIELD_BEAT_CLIENT|81.698.900-0|UC CHRISTUS - SCA,81.698.900-0,UC CHRISTUS - SCA,CORRECTIVA PROGRAMADA,FINISHED,ccarrasquel,Linac-109256,8867,LINKED_TO_ACCESSIBLE_ZENDESK,1,1,0,0,0,0,1502613,10994,1502613,"mod kit, láser ODI lamp",MATCHED,REF_EXACT,OK
2881,2025-02-14T10:20:00.000Z,FIELD_BEAT_CLIENT|96.770.100-9|CLINICA ALEMANA DE SANTIAGO,96.770.100-9,CLINICA ALEMANA DE SANTIAGO,CORRECTIVA NO PROGRAMADA,FINISHED,mabreu,Linac-152171,,NO_TICKET_REPORTED,0,0,0,0,0,0,,,,,,,NO_USED_PARTS
2882,2025-02-14T10:24:00.000Z,FIELD_BEAT_CLIENT|96.770.100-9|CLINICA ALEMANA DE SANTIAGO,96.770.100-9,CLINICA ALEMANA DE SANTIAGO,CORRECTIVA NO PROGRAMADA,SCHEDULED,,Linac-152171,,NO_TICKET_REPORTED,0,0,0,0,0,0,,,,,,,NO_USED_PARTS
2883,2025-02-14T10:26:00.000Z,FIELD_BEAT_CLIENT|96.770.100-9|CLINICA ALEMANA DE SANTIAGO,96.770.100-9,CLINICA ALEMANA DE SANTIAGO,CORRECTIVA NO PROGRAMADA,FINISHED,mabreu,Linac-152171,,NO_TICKET_REPORTED,0,0,0,0,0,0,,,,,,,NO_USED_PARTS
2884,2025-02-14T10:30:00.000Z,FIELD_BEAT_CLIENT|96.770.100-9|CLINICA ALEMANA DE SANTIAGO,96.770.100-9,CLINICA ALEMANA DE SANTIAGO,CORRECTIVA NO PROGRAMADA,FINISHED,mabreu,Linac-152171,,NO_TICKET_REPORTED,0,0,0,0,0,0,,,,,,,NO_USED_PARTS
2885,2025-02-13T14:00:00.000Z,FIELD_BEAT_CLIENT|76.746.730-3|RADIO ONCOLOGÍA DEL SUR,76.746.730-3,RADIO ONCOLOGÍA DEL SUR,CORRECTIVA NO PROGRAMADA,FINISHED,ebecker,Linac-156187,8943,LINKED_TO_MISSING_OR_RESTRICTED_ZENDESK,1,0,0,0,1,1,,,1526646-1500998-1024939,"PCB LED CONTROL
LED PROJECTOR
LED PROJECTOR FAN",AMBIGUOUS_MATCH,REF_LIKE,HAS_AMBIGUOUS_PARTS
2886,2025-02-15T19:25:00.000Z,FIELD_BEAT_CLIENT|96.770.100-9|CLINICA ALEMANA DE SANTIAGO,96.770.100-9,CLINICA ALEMANA DE SANTIAGO,PREVENTIVA PROGRAMADA,FINISHED,ccarrasquel,Linac-152171,,NO_TICKET_REPORTED,0,0,0,0,0,0,,,,,,,NO_USED_PARTS
2887,2025-02-17T10:30:00.000Z,FIELD_BEAT_CLIENT|96.770.100-9|CLINICA ALEMANA DE SANTIAGO,96.770.100-9,CLINICA ALEMANA DE SANTIAGO,PUESTA EN MARCHA,FINISHED,aecheverria,Linac-152171,,NO_TICKET_REPORTED,1,0,1,0,0,1,,,,N/A,PLACEHOLDER_VALUE,PLACEHOLDER_REJECTED,HAS_PLACEHOLDERS
2888,2025-02-17T15:30:00.000Z,FIELD_BEAT_CLIENT|76.746.730-3|CLÍNICA SANATORIO ALEMÁN (ONCORAD),76.746.730-3,CLÍNICA SANATORIO ALEMÁN (ONCORAD),CORRECTIVA NO PROGRAMADA,FINISHED,ebecker,HDR_10806,,NO_TICKET_REPORTED,1,0,1,0,0,1,,,,N/A,PLACEHOLDER_VALUE,PLACEHOLDER_REJECTED,HAS_PLACEHOLDERS
2889,2025-02-18T00:30:00.000Z,FIELD_BEAT_CLIENT|61.606.500-9|HOSPITAL CARLOS VAN BUREN (SSVSA),61.606.500-9,HOSPITAL CARLOS VAN BUREN (SSVSA),CORRECTIVA NO PROGRAMADA,FINISHED,jecheverria,Linac-154325,8954,LINKED_TO_MISSING_OR_RESTRICTED_ZENDESK,1,1,0,0,0,0,1527814,11929,1527814,Fuente de poder IPCU,MATCHED,REF_EXACT,OK
2890,2025-02-18T11:29:00.000Z,FIELD_BEAT_CLIENT|61.606.500-9|HOSPITAL CARLOS VAN BUREN (SSVSA),61.606.500-9,HOSPITAL CARLOS VAN BUREN (SSVSA),CORRECTIVA PROGRAMADA,FINISHED,jecheverria,Linac-154325,8954,LINKED_TO_MISSING_OR_RESTRICTED_ZENDESK,0,0,0,0,0,0,,,,,,,NO_USED_PARTS
2891,2025-02-19T11:29:00.000Z,FIELD_BEAT_CLIENT|81.698.900-0|UC CHRISTUS - CECA,81.698.900-0,UC CHRISTUS - CECA,CORRECTIVA PROGRAMADA,FINISHED,ccarrasquel,Linac-109374,8951,LINKED_TO_MISSING_OR_RESTRICTED_ZENDESK,0,0,0,0,0,0,,,,,,,NO_USED_PARTS
2892,2025-02-20T12:30:00.000Z,FIELD_BEAT_CLIENT|96.770.100-9|CLINICA ALEMANA DE SANTIAGO,96.770.100-9,CLINICA ALEMANA DE SANTIAGO,REQUERIMIENTO DEL CLIENTE,FINISHED,ssalice,,8953,LINKED_TO_ACCESSIBLE_ZENDESK,0,0,0,0,0,0,,,,,,,NO_USED_PARTS
2893,2025-02-20T15:09:00.000Z,FIELD_BEAT_CLIENT|61.608.404-6|Instituto Nacional del Cáncer (INC),61.608.404-6,Instituto Nacional del Cáncer (INC),PREVENTIVA PROGRAMADA,FINISHED,ccarrasquel,INC-156473,,NO_TICKET_REPORTED,0,0,0,0,0,0,,,,,,,NO_USED_PARTS
2894,2025-02-20T15:19:00.000Z,FIELD_BEAT_CLIENT|81.698.900-0|UC CHRISTUS - CECA,81.698.900-0,UC CHRISTUS - CECA,CORRECTIVA NO PROGRAMADA,FINISHED,aecheverria,Linac-109374,8951,LINKED_TO_MISSING_OR_RESTRICTED_ZENDESK,1,1,0,0,0,0,45133411788,11049,45133411788,Brake Assembly,MATCHED,REF_EXACT,OK
2895,2025-02-20T17:52:00.000Z,FIELD_BEAT_CLIENT|96.757.430-9|INRAD,96.757.430-9,INRAD,REQUERIMIENTO DEL CLIENTE,FINISHED,jecheverria,Linac-201172,8821,LINKED_TO_MISSING_OR_RESTRICTED_ZENDESK,0,0,0,0,0,0,,,,,,,NO_USED_PARTS
2896,2025-02-20T18:53:00.000Z,FIELD_BEAT_CLIENT|96.757.430-9|INRAD,96.757.430-9,INRAD,REQUERIMIENTO DEL CLIENTE,FINISHED,ssalice,OIS-INRAD,,NO_TICKET_REPORTED,0,0,0,0,0,0,,,,,,,NO_USED_PARTS
2897,2025-02-21T12:58:00.000Z,FIELD_BEAT_CLIENT|70.377.400-8|FUNDACION ARTURO LOPEZ PEREZ,70.377.400-8,FUNDACION ARTURO LOPEZ PEREZ,CORRECTIVA NO PROGRAMADA,FINISHED,jecheverria,,,NO_TICKET_REPORTED,0,0,0,0,0,0,,,,,,,NO_USED_PARTS
2898,2025-02-21T18:47:00.000Z,FIELD_BEAT_CLIENT|81.698.900-0|UC CHRISTUS - SCA,81.698.900-0,UC CHRISTUS - SCA,CORRECTIVA PROGRAMADA,FINISHED,ccarrasquel,Linac-109256,,NO_TICKET_REPORTED,1,1,0,0,0,0,1018559,10724,1018559,"assy, bracket & fan",MATCHED,REF_EXACT,OK
2899,2025-02-21T19:05:00.000Z,FIELD_BEAT_CLIENT|81.698.900-0|UC CHRISTUS - SCA,81.698.900-0,UC CHRISTUS - SCA,CORRECTIVA PROGRAMADA,FINISHED,ccarrasquel,Linac-109256,,NO_TICKET_REPORTED,0,0,0,0,0,0,,,,,,,NO_USED_PARTS
2900,2025-02-21T11:30:00.000Z,FIELD_BEAT_CLIENT|76.746.730-3|CLÍNICA SANATORIO ALEMÁN (ONCORAD),76.746.730-3,CLÍNICA SANATORIO ALEMÁN (ONCORAD),PREVENTIVA PROGRAMADA,FINISHED,ebecker,Linac-201110,,NO_TICKET_REPORTED,1,1,0,0,0,0,1515997,12245,1515997,Thyratron,MATCHED,REF_EXACT,OK
2901,2025-02-21T18:30:00.000Z,FIELD_BEAT_CLIENT|61.607.901-8|SERVICIO DE SALUD DE MAGALLANES,61.607.901-8,SERVICIO DE SALUD DE MAGALLANES,PREVENTIVA PROGRAMADA,FINISHED,raguila,,,NO_TICKET_REPORTED,1,0,0,1,0,1,,,No,No.,NO_MATCH,NONE,HAS_UNMATCHED_PARTS
2902,2025-02-22T12:00:00.000Z,FIELD_BEAT_CLIENT|61.607.901-8|SERVICIO DE SALUD DE MAGALLANES,61.607.901-8,SERVICIO DE SALUD DE MAGALLANES,REQUERIMIENTO DEL CLIENTE,FINISHED,raguila,,,NO_TICKET_REPORTED,1,0,1,0,0,1,,,N/A,N/A,PLACEHOLDER_VALUE,PLACEHOLDER_REJECTED,HAS_PLACEHOLDERS
2903,2025-02-24T10:00:00.000Z,FIELD_BEAT_CLIENT|96.770.100-9|CLINICA ALEMANA DE SANTIAGO,96.770.100-9,CLINICA ALEMANA DE SANTIAGO,REQUERIMIENTO DEL CLIENTE,FINISHED,jecheverria,Linac-152171,,NO_TICKET_REPORTED,0,0,0,0,0,0,,,,,,,NO_USED_PARTS
2904,2025-02-24T21:11:00.000Z,FIELD_BEAT_CLIENT|61.608.404-6|Instituto Nacional del Cáncer (INC),61.608.404-6,Instituto Nacional del Cáncer (INC),CORRECTIVA PROGRAMADA,FINISHED,aecheverria,INC-156473,8967,LINKED_TO_ACCESSIBLE_ZENDESK,1,1,0,0,0,0,45133308730,12139,45133308730,H.H.C RECIEVER UNIT Mk2,MATCHED,REF_EXACT,OK
2905,2025-02-26T09:30:00.000Z,FIELD_BEAT_CLIENT|61.606.500-9|HOSPITAL CARLOS VAN BUREN (SSVSA),61.606.500-9,HOSPITAL CARLOS VAN BUREN (SSVSA),CORRECTIVA NO PROGRAMADA,FINISHED,jecheverria,Linac-154325,,NO_TICKET_REPORTED,0,0,0,0,0,0,,,,,,,NO_USED_PARTS
2906,2025-02-26T10:00:00.000Z,FIELD_BEAT_CLIENT|76.746.730-3|CLÍNICA SANATORIO ALEMÁN (ONCORAD),76.746.730-3,CLÍNICA SANATORIO ALEMÁN (ONCORAD),PUESTA EN MARCHA,FINISHED,ebecker,Linac-201110,,NO_TICKET_REPORTED,1,0,1,0,0,1,,,,N/A,PLACEHOLDER_VALUE,PLACEHOLDER_REJECTED,HAS_PLACEHOLDERS
2907,2025-02-26T13:17:00.000Z,FIELD_BEAT_CLIENT|61.608.404-6|Instituto Nacional del Cáncer (INC),61.608.404-6,Instituto Nacional del Cáncer (INC),CORRECTIVA NO PROGRAMADA,ARCHIVED,,INC-156473,,NO_TICKET_REPORTED,0,0,0,0,0,0,,,,,,,NO_USED_PARTS
2908,2025-02-26T13:22:00.000Z,FIELD_BEAT_CLIENT|61.608.404-6|Instituto Nacional del Cáncer (INC),61.608.404-6,Instituto Nacional del Cáncer (INC),CORRECTIVA NO PROGRAMADA,FINISHED,aecheverria,INC-156473,8975,LINKED_TO_ACCESSIBLE_ZENDESK,1,0,1,0,0,1,,,,N/A,PLACEHOLDER_VALUE,PLACEHOLDER_REJECTED,HAS_PLACEHOLDERS
2909,2025-02-26T13:46:00.000Z,FIELD_BEAT_CLIENT|61.608.404-6|Instituto Nacional del Cáncer (INC),61.608.404-6,Instituto Nacional del Cáncer (INC),REQUERIMIENTO DEL CLIENTE,FINISHED,ssalice,,8973,LINKED_TO_ACCESSIBLE_ZENDESK,0,0,0,0,0,0,,,,,,,NO_USED_PARTS
2910,2025-02-27T02:35:00.000Z,FIELD_BEAT_CLIENT|96.770.100-9|CLINICA ALEMANA DE SANTIAGO,96.770.100-9,CLINICA ALEMANA DE SANTIAGO,CORRECTIVA PROGRAMADA,FINISHED,mabreu,Linac-151673,,NO_TICKET_REPORTED,1,1,0,0,0,1,45133411846,11694,4513341184601H,"CABLE ASSY, PL5 TO SK5A",MATCHED,REF_LIKE,REVIEW_REQUIRED
2911,2025-02-27T11:30:00.000Z,FIELD_BEAT_CLIENT|70377400-8|FUNDACION ARTURO LOPEZ PEREZ,70377400-8,FUNDACION ARTURO LOPEZ PEREZ,CORRECTIVA NO PROGRAMADA,FINISHED,rcammalleri,APOTECA-CHEMO,,NO_TICKET_REPORTED,1,0,0,1,0,1,,,C428393094,Balanza Mettler Toledo WM6002,NO_MATCH,NONE,HAS_UNMATCHED_PARTS
2912,2025-02-28T11:41:00.000Z,FIELD_BEAT_CLIENT|81.698.900-0|UC CHRISTUS - CECA,81.698.900-0,UC CHRISTUS - CECA,PREVENTIVA PROGRAMADA,FINISHED,aecheverria,Linac-153935,,NO_TICKET_REPORTED,1,0,1,0,0,1,,,,N/A,PLACEHOLDER_VALUE,PLACEHOLDER_REJECTED,HAS_PLACEHOLDERS
2913,2025-02-28T12:59:00.000Z,FIELD_BEAT_CLIENT|81.698.900-0|UC CHRISTUS - CECA,81.698.900-0,UC CHRISTUS - CECA,PREVENTIVA PROGRAMADA,FINISHED,aecheverria,Linac-153935,,NO_TICKET_REPORTED,1,0,1,0,0,1,,,,N/A,PLACEHOLDER_VALUE,PLACEHOLDER_REJECTED,HAS_PLACEHOLDERS
2914,2025-02-28T13:05:00.000Z,FIELD_BEAT_CLIENT|61.608.404-6|Instituto Nacional del Cáncer (INC),61.608.404-6,Instituto Nacional del Cáncer (INC),CORRECTIVA NO PROGRAMADA,FINISHED,mabreu,INC-156473,8980,LINKED_TO_ACCESSIBLE_ZENDESK,1,1,0,0,0,0,1534958,11034,1534958,"KET, SPARE, LEAF MOTOR",MATCHED,REF_EXACT,OK
2915,2025-03-03T11:06:00.000Z,FIELD_BEAT_CLIENT|96.770.100-9|CLINICA ALEMANA DE SANTIAGO,96.770.100-9,CLINICA ALEMANA DE SANTIAGO,REQUERIMIENTO DEL CLIENTE,FINISHED,ccarrasquel,Linac-152171,,NO_TICKET_REPORTED,0,0,0,0,0,0,,,,,,,NO_USED_PARTS
2916,2025-03-03T12:41:00.000Z,FIELD_BEAT_CLIENT|70.377.400-8|FUNDACION ARTURO LOPEZ PEREZ,70.377.400-8,FUNDACION ARTURO LOPEZ PEREZ,CORRECTIVA NO PROGRAMADA,FINISHED,jecheverria,,8984,LINKED_TO_MISSING_OR_RESTRICTED_ZENDESK,0,0,0,0,0,0,,,,,,,NO_USED_PARTS
2917,2025-03-03T13:00:00.000Z,FIELD_BEAT_CLIENT|76.746.730-3|CLÍNICA SANATORIO ALEMÁN (ONCORAD),76.746.730-3,CLÍNICA SANATORIO ALEMÁN (ONCORAD),CORRECTIVA NO PROGRAMADA,FINISHED,ebecker,Linac-201110,,NO_TICKET_REPORTED,1,0,1,0,0,1,,,N/A,"Fusible de 1,6 Amp",PLACEHOLDER_VALUE,PLACEHOLDER_REJECTED,HAS_PLACEHOLDERS
2918,2025-03-03T16:00:00.000Z,FIELD_BEAT_CLIENT|76.746.730-3|CLÍNICA SANATORIO ALEMÁN (ONCORAD),76.746.730-3,CLÍNICA SANATORIO ALEMÁN (ONCORAD),CORRECTIVA PROGRAMADA,FINISHED,ebecker,HDR_10806,,NO_TICKET_REPORTED,1,0,1,0,0,1,,,,N/A,PLACEHOLDER_VALUE,PLACEHOLDER_REJECTED,HAS_PLACEHOLDERS
2919,2025-03-03T21:38:00.000Z,FIELD_BEAT_CLIENT|70377400-8|FUNDACION ARTURO LOPEZ PEREZ,70377400-8,FUNDACION ARTURO LOPEZ PEREZ,CORRECTIVA PROGRAMADA,FINISHED,ccarrasquel,LINAC-153038,,NO_TICKET_REPORTED,0,0,0,0,0,0,,,,,,,NO_USED_PARTS
2920,2025-03-04T15:16:00.000Z,FIELD_BEAT_CLIENT|81.698.900-0|UC CHRISTUS - CECA,81.698.900-0,UC CHRISTUS - CECA,,FINISHED,ssalice,,8985,LINKED_TO_MISSING_OR_RESTRICTED_ZENDESK,0,0,0,0,0,0,,,,,,,NO_USED_PARTS
2921,2025-03-04T15:27:00.000Z,FIELD_BEAT_CLIENT|61.608.404-6|Instituto Nacional del Cáncer (INC),61.608.404-6,Instituto Nacional del Cáncer (INC),CORRECTIVA NO PROGRAMADA,FINISHED,aecheverria,INC-156473,8980,LINKED_TO_ACCESSIBLE_ZENDESK,1,1,0,0,0,0,1534958,11034,1534958,"KIT, SPARES LEAF MO",MATCHED,REF_EXACT,OK
2922,2025-03-04T15:34:00.000Z,FIELD_BEAT_CLIENT|93.930.000-7|CLÍNICA LAS CONDES,93.930.000-7,CLÍNICA LAS CONDES,PRUEBAS DE ACEPTACION,FINISHED,ccarrasquel,CLC-2,,NO_TICKET_REPORTED,0,0,0,0,0,0,,,,,,,NO_USED_PARTS
2923,2025-03-04T19:00:00.000Z,FIELD_BEAT_CLIENT|81.698.900-0|UC CHRISTUS - SCA,81.698.900-0,UC CHRISTUS - SCA,REQUERIMIENTO DEL CLIENTE,FINISHED,ssalice,Linac-109256,490,LINKED_TO_ACCESSIBLE_ZENDESK,0,0,0,0,0,0,,,,,,,NO_USED_PARTS
2924,2025-03-04T19:30:00.000Z,FIELD_BEAT_CLIENT|81.698.900-0|UC CHRISTUS - SCA,81.698.900-0,UC CHRISTUS - SCA,PREVENTIVA PROGRAMADA,FINISHED,jecheverria,,,NO_TICKET_REPORTED,0,0,0,0,0,0,,,,,,,NO_USED_PARTS
2925,2025-03-05T21:33:00.000Z,FIELD_BEAT_CLIENT|70377400-8|FUNDACION ARTURO LOPEZ PEREZ,70377400-8,FUNDACION ARTURO LOPEZ PEREZ,CORRECTIVA PROGRAMADA,FINISHED,ccarrasquel,LINAC-153038,,NO_TICKET_REPORTED,0,0,0,0,0,0,,,,,,,NO_USED_PARTS
2926,2025-03-06T23:00:00.000Z,FIELD_BEAT_CLIENT|61.608.404-6|Instituto Nacional del Cáncer (INC),61.608.404-6,Instituto Nacional del Cáncer (INC),CORRECTIVA NO PROGRAMADA,FINISHED,aecheverria,INC-156473,8993,LINKED_TO_ACCESSIBLE_ZENDESK,1,0,1,0,0,1,,,,N/A,PLACEHOLDER_VALUE,PLACEHOLDER_REJECTED,HAS_PLACEHOLDERS
2927,2025-03-07T11:30:00.000Z,FIELD_BEAT_CLIENT|70377400-8|FUNDACION ARTURO LOPEZ PEREZ,70377400-8,FUNDACION ARTURO LOPEZ PEREZ,CORRECTIVA NO PROGRAMADA,FINISHED,rcammalleri,APOTECA-CHEMO,,NO_TICKET_REPORTED,0,0,0,0,0,0,,,,,,,NO_USED_PARTS
2928,2025-03-07T16:33:00.000Z,FIELD_BEAT_CLIENT|96.757.430-9|INRAD,96.757.430-9,INRAD,CORRECTIVA PROGRAMADA,FINISHED,aecheverria,Linac-201172,8821,LINKED_TO_MISSING_OR_RESTRICTED_ZENDESK,1,0,1,0,0,1,,,,thyratron,PLACEHOLDER_VALUE,PLACEHOLDER_REJECTED,HAS_PLACEHOLDERS
2929,2025-03-07T16:00:00.000Z,FIELD_BEAT_CLIENT|96.757.430-9|INRAD,96.757.430-9,INRAD,REQUERIMIENTO DEL CLIENTE,FINISHED,ssalice,TPS-INRAD,8981,LINKED_TO_MISSING_OR_RESTRICTED_ZENDESK,0,0,0,0,0,0,,,,,,,NO_USED_PARTS
2930,2025-03-13T14:24:00.000Z,FIELD_BEAT_CLIENT|81.698.900-0|UC CHRISTUS - CECA,81.698.900-0,UC CHRISTUS - CECA,REQUERIMIENTO DEL CLIENTE,FINISHED,ssalice,,8985,LINKED_TO_MISSING_OR_RESTRICTED_ZENDESK,0,0,0,0,0,0,,,,,,,NO_USED_PARTS
2931,2025-03-13T15:43:00.000Z,FIELD_BEAT_CLIENT|61.608.404-6|Instituto Nacional del Cáncer (INC),61.608.404-6,Instituto Nacional del Cáncer (INC),CORRECTIVA PROGRAMADA,FINISHED,ccarrasquel,INC-156473,9015,LINKED_TO_ACCESSIBLE_ZENDESK,1,1,0,0,0,0,1534958,11034,1534958,"kit, spares, leaf motor",MATCHED,REF_EXACT,OK
2932,2025-03-13T18:00:00.000Z,FIELD_BEAT_CLIENT|61.607.901-8|SERVICIO DE SALUD DE MAGALLANES,61.607.901-8,SERVICIO DE SALUD DE MAGALLANES,PREVENTIVA PROGRAMADA,FINISHED,varenas,OIS-HCM|TPS-HCM,8995,LINKED_TO_ACCESSIBLE_ZENDESK,1,0,1,0,0,1,,,,Aire comprimido y sistemas de limpieza,PLACEHOLDER_VALUE,PLACEHOLDER_REJECTED,HAS_PLACEHOLDERS
2933,2025-03-13T22:47:00.000Z,FIELD_BEAT_CLIENT|70377400-8|FUNDACION ARTURO LOPEZ PEREZ,70377400-8,FUNDACION ARTURO LOPEZ PEREZ,CORRECTIVA PROGRAMADA,FINISHED,ccarrasquel,LINAC-153038,8999,LINKED_TO_MISSING_OR_RESTRICTED_ZENDESK,1,1,0,0,0,0,1502613,10994,1502613,"spare kit, distance meter",MATCHED,REF_EXACT,OK
2934,2025-03-14T13:11:00.000Z,FIELD_BEAT_CLIENT|70377400-8|FUNDACION ARTURO LOPEZ PEREZ,70377400-8,FUNDACION ARTURO LOPEZ PEREZ,CORRECTIVA PROGRAMADA,FINISHED,ccarrasquel,LINAC-153038,9016,LINKED_TO_MISSING_OR_RESTRICTED_ZENDESK,0,0,0,0,0,0,,,,,,,NO_USED_PARTS
2935,2025-03-14T20:40:00.000Z,FIELD_BEAT_CLIENT|81.698.900-0|UC CHRISTUS - SCA,81.698.900-0,UC CHRISTUS - SCA,CORRECTIVA PROGRAMADA,FINISHED,ccarrasquel,Linac-109256,9006,LINKED_TO_MISSING_OR_RESTRICTED_ZENDESK,1,1,0,0,0,1,1021309___1564281,10764,1564281,"PCB, assy, wedge control",MATCHED,REF_LIKE,REVIEW_REQUIRED
2936,2025-03-15T22:44:00.000Z,FIELD_BEAT_CLIENT|61.606.500-9|HOSPITAL CARLOS VAN BUREN (SSVSA),61.606.500-9,HOSPITAL CARLOS VAN BUREN (SSVSA),CORRECTIVA PROGRAMADA,FINISHED,jecheverria,Linac-154325,133,LINKED_TO_MISSING_OR_RESTRICTED_ZENDESK,6,6,0,0,0,0,45133400146|45133304100|45133304200|1515098|261308039505|1515219,11837|11839|11838|10374|11840|11752,45133400146|45133304100|45133304200|1515098|261308039505|1515219,Slitless flight tube kit|Drif tube assembly|Target drive assembly|bombas ionica|seal|Gasket 70mm falange copper,MATCHED,REF_EXACT,OK
2937,2025-03-17T10:30:00.000Z,FIELD_BEAT_CLIENT|96.770.100-9|CLINICA ALEMANA DE SANTIAGO,96.770.100-9,CLINICA ALEMANA DE SANTIAGO,PUESTA EN MARCHA,FINISHED,aecheverria,Linac-152171,,NO_TICKET_REPORTED,1,0,1,0,0,1,,,,N/A,PLACEHOLDER_VALUE,PLACEHOLDER_REJECTED,HAS_PLACEHOLDERS
2938,2025-03-17T11:25:00.000Z,FIELD_BEAT_CLIENT|81.698.900-0|UC CHRISTUS - CECA,81.698.900-0,UC CHRISTUS - CECA,CORRECTIVA PROGRAMADA,FINISHED,ccarrasquel,Linac-109374,8996,LINKED_TO_MISSING_OR_RESTRICTED_ZENDESK,0,0,0,0,0,0,,,,,,,NO_USED_PARTS
2939,2025-03-17T11:30:00.000Z,FIELD_BEAT_CLIENT|70377400-8|FUNDACION ARTURO LOPEZ PEREZ,70377400-8,FUNDACION ARTURO LOPEZ PEREZ,CORRECTIVA PROGRAMADA,FINISHED,rcammalleri,APOTECA-CHEMO,,NO_TICKET_REPORTED,0,0,0,0,0,0,,,,,,,NO_USED_PARTS
2940,2025-03-17T12:30:00.000Z,FIELD_BEAT_CLIENT|70377400-8|FUNDACION ARTURO LOPEZ PEREZ,70377400-8,FUNDACION ARTURO LOPEZ PEREZ,REQUERIMIENTO DEL CLIENTE,FINISHED,rcammalleri,APOTECA-PS,,NO_TICKET_REPORTED,0,0,0,0,0,0,,,,,,,NO_USED_PARTS
2941,2025-03-17T09:30:00.000Z,FIELD_BEAT_CLIENT|61.606.500-9|HOSPITAL CARLOS VAN BUREN (SSVSA),61.606.500-9,HOSPITAL CARLOS VAN BUREN (SSVSA),PREVENTIVA PROGRAMADA,FINISHED,jecheverria,,,NO_TICKET_REPORTED,0,0,0,0,0,0,,,,,,,NO_USED_PARTS
2942,2025-03-17T18:48:00.000Z,FIELD_BEAT_CLIENT|96.770.100-9|CLINICA ALEMANA DE SANTIAGO,96.770.100-9,CLINICA ALEMANA DE SANTIAGO,REQUERIMIENTO DEL CLIENTE,FINISHED,ssalice,,8936,LINKED_TO_MISSING_OR_RESTRICTED_ZENDESK,0,0,0,0,0,0,,,,,,,NO_USED_PARTS
2943,2025-03-18T16:31:00.000Z,FIELD_BEAT_CLIENT|81.698.900-0|UC CHRISTUS - CECA,81.698.900-0,UC CHRISTUS - CECA,CORRECTIVA PROGRAMADA,FINISHED,ccarrasquel,Linac-153935,,NO_TICKET_REPORTED,0,0,0,0,0,0,,,,,,,NO_USED_PARTS
2944,2025-03-17T11:00:00.000Z,FIELD_BEAT_CLIENT|76.746.730-3|RADIO ONCOLOGÍA DEL SUR,76.746.730-3,RADIO ONCOLOGÍA DEL SUR,CORRECTIVA NO PROGRAMADA,FINISHED,ebecker,Linac-156187,9027,LINKED_TO_MISSING_OR_RESTRICTED_ZENDESK,1,1,0,0,0,0,1534958,11034,1534958,KIT LEAF MOTOR,MATCHED,REF_EXACT,OK
2945,2025-03-18T21:33:00.000Z,FIELD_BEAT_CLIENT|81.698.900-0|UC CHRISTUS - CECA,81.698.900-0,UC CHRISTUS - CECA,CORRECTIVA PROGRAMADA,FINISHED,ccarrasquel,Linac-153935,8977,LINKED_TO_MISSING_OR_RESTRICTED_ZENDESK,0,0,0,0,0,0,,,,,,,NO_USED_PARTS
2946,2025-03-19T18:52:00.000Z,FIELD_BEAT_CLIENT|81.698.900-0|UC CHRISTUS - SCA,81.698.900-0,UC CHRISTUS - SCA,CORRECTIVA PROGRAMADA,FINISHED,mabreu,Linac-109256,9028,LINKED_TO_MISSING_OR_RESTRICTED_ZENDESK,1,1,0,0,0,0,1024939,10776,1024939,"ASSY, 40X40X10MM FAN, HEATSINK",MATCHED,REF_EXACT,OK
2947,2025-03-19T23:35:00.000Z,FIELD_BEAT_CLIENT|70377400-8|FUNDACION ARTURO LOPEZ PEREZ,70377400-8,FUNDACION ARTURO LOPEZ PEREZ,CORRECTIVA PROGRAMADA,FINISHED,ccarrasquel,LINAC-153038,9016,LINKED_TO_MISSING_OR_RESTRICTED_ZENDESK,0,0,0,0,0,0,,,,,,,NO_USED_PARTS
2948,2025-03-20T15:53:00.000Z,FIELD_BEAT_CLIENT|81.698.900-0|UC CHRISTUS - SCA,81.698.900-0,UC CHRISTUS - SCA,CORRECTIVA NO PROGRAMADA,FINISHED,mabreu,Linac-109256,,NO_TICKET_REPORTED,0,0,0,0,0,0,,,,,,,NO_USED_PARTS
2949,2025-03-20T20:51:00.000Z,FIELD_BEAT_CLIENT|61.608.404-6|Instituto Nacional del Cáncer (INC),61.608.404-6,Instituto Nacional del Cáncer (INC),CORRECTIVA PROGRAMADA,FINISHED,mabreu,INC-156473,,NO_TICKET_REPORTED,1,1,0,0,0,0,45133304800,10375,45133304800,ELECTRON GUN ASSY,MATCHED,REF_EXACT,OK
2950,2025-03-21T14:24:00.000Z,FIELD_BEAT_CLIENT|61.608.404-6|Instituto Nacional del Cáncer (INC),61.608.404-6,Instituto Nacional del Cáncer (INC),CORRECTIVA PROGRAMADA,FINISHED,ccarrasquel,INC-156473,,NO_TICKET_REPORTED,1,1,0,0,0,0,1564298,11039,1564298,"PCB Assy, DLG and DIAPHRAGM Drive",MATCHED,REF_EXACT,OK
2951,2025-03-21T19:21:00.000Z,FIELD_BEAT_CLIENT|70377400-8|FUNDACION ARTURO LOPEZ PEREZ,70377400-8,FUNDACION ARTURO LOPEZ PEREZ,PREVENTIVA PROGRAMADA,FINISHED,mabreu,LINAC-153038,8991,LINKED_TO_ACCESSIBLE_ZENDESK,1,1,0,0,0,1,1021309___1564281,10764,1564281,"PCB ASSY, WEDGE CONTROL",MATCHED,REF_LIKE,REVIEW_REQUIRED
2952,2025-03-21T22:49:00.000Z,FIELD_BEAT_CLIENT|70377400-8|FUNDACION ARTURO LOPEZ PEREZ,70377400-8,FUNDACION ARTURO LOPEZ PEREZ,PREVENTIVA PROGRAMADA,FINISHED,mabreu,LINAC-153038,,NO_TICKET_REPORTED,1,0,0,1,0,1,,,45133307849,FRU PWB 811,NO_MATCH,NONE,HAS_UNMATCHED_PARTS
2953,2025-03-24T10:30:00.000Z,FIELD_BEAT_CLIENT|96.770.100-9|CLINICA ALEMANA DE SANTIAGO,96.770.100-9,CLINICA ALEMANA DE SANTIAGO,REQUERIMIENTO DEL CLIENTE,FINISHED,jecheverria,Linac-152171,,NO_TICKET_REPORTED,0,0,0,0,0,0,,,,,,,NO_USED_PARTS
2954,2025-03-24T15:55:00.000Z,FIELD_BEAT_CLIENT|81.698.900-0|UC CHRISTUS - SCA,81.698.900-0,UC CHRISTUS - SCA,CORRECTIVA NO PROGRAMADA,FINISHED,mabreu,Linac-109256,9037,LINKED_TO_MISSING_OR_RESTRICTED_ZENDESK,1,0,0,0,1,1,,,1547237,"KIT, LUMINUS PORJ ASSY AND PCB ASSY, LED CONTROL",AMBIGUOUS_MATCH,REF_LIKE,HAS_AMBIGUOUS_PARTS
2955,2025-03-25T14:33:00.000Z,FIELD_BEAT_CLIENT|96.770.100-9|CLINICA ALEMANA DE SANTIAGO,96.770.100-9,CLINICA ALEMANA DE SANTIAGO,CORRECTIVA PROGRAMADA,FINISHED,ccarrasquel,,,NO_TICKET_REPORTED,0,0,0,0,0,0,,,,,,,NO_USED_PARTS
2956,2025-03-25T18:26:00.000Z,FIELD_BEAT_CLIENT|81.698.900-0|UC CHRISTUS - CECA,81.698.900-0,UC CHRISTUS - CECA,CORRECTIVA PROGRAMADA,FINISHED,ccarrasquel,Linac-153935,9018,LINKED_TO_ACCESSIBLE_ZENDESK,0,0,0,0,0,0,,,,,,,NO_USED_PARTS
2957,2025-03-25T20:33:00.000Z,FIELD_BEAT_CLIENT|81.698.900-0|UC CHRISTUS - SCA,81.698.900-0,UC CHRISTUS - SCA,CORRECTIVA PROGRAMADA,FINISHED,ccarrasquel,Linac-109256,9055,LINKED_TO_ACCESSIBLE_ZENDESK,1,1,0,0,0,0,1527814,11929,1527814,"PSU, ion PUMP",MATCHED,REF_EXACT,OK
2958,2025-03-25T18:30:00.000Z,FIELD_BEAT_CLIENT|76.746.730-3|RADIO ONCOLOGÍA DEL SUR,76.746.730-3,RADIO ONCOLOGÍA DEL SUR,CORRECTIVA PROGRAMADA,FINISHED,ebecker,Linac-156187,9003,LINKED_TO_MISSING_OR_RESTRICTED_ZENDESK,1,1,0,0,0,0,1564298,11039,1564298,Diaphragm/DLG PCB,MATCHED,REF_EXACT,OK
2959,2025-03-25T23:15:00.000Z,FIELD_BEAT_CLIENT|81.698.900-0|UC CHRISTUS - CECA,81.698.900-0,UC CHRISTUS - CECA,CORRECTIVA PROGRAMADA,FINISHED,ccarrasquel,Linac-109374,8899,LINKED_TO_MISSING_OR_RESTRICTED_ZENDESK,0,0,0,0,0,0,,,,,,,NO_USED_PARTS
2960,2025-03-25T23:19:00.000Z,FIELD_BEAT_CLIENT|81.698.900-0|UC CHRISTUS - CECA,81.698.900-0,UC CHRISTUS - CECA,CORRECTIVA PROGRAMADA,ARCHIVED,,Linac-109374,,NO_TICKET_REPORTED,0,0,0,0,0,0,,,,,,,NO_USED_PARTS
2961,2025-03-25T23:23:00.000Z,FIELD_BEAT_CLIENT|81.698.900-0|UC CHRISTUS - CECA,81.698.900-0,UC CHRISTUS - CECA,CORRECTIVA PROGRAMADA,FINISHED,aecheverria,Linac-109374,44,LINKED_TO_MISSING_OR_RESTRICTED_ZENDESK,1,0,1,0,0,1,,,,N/A,PLACEHOLDER_VALUE,PLACEHOLDER_REJECTED,HAS_PLACEHOLDERS
2962,2025-03-27T09:30:00.000Z,FIELD_BEAT_CLIENT|61.606.500-9|HOSPITAL CARLOS VAN BUREN (SSVSA),61.606.500-9,HOSPITAL CARLOS VAN BUREN (SSVSA),CORRECTIVA NO PROGRAMADA,FINISHED,jecheverria,Linac-154325,,NO_TICKET_REPORTED,1,1,0,0,0,0,1564298,11039,1564298,PCB DLG Drive,MATCHED,REF_EXACT,OK
2963,2025-03-27T14:21:00.000Z,FIELD_BEAT_CLIENT|70377400-8|FUNDACION ARTURO LOPEZ PEREZ,70377400-8,FUNDACION ARTURO LOPEZ PEREZ,CORRECTIVA PROGRAMADA,FINISHED,ccarrasquel,LINAC-153038,9063,LINKED_TO_ACCESSIBLE_ZENDESK,3,2,0,1,0,1,1015076|1015075,10957|10958,1015076|1015075|1527044,"cable, retráctile, MLC sk25bb - sk26b|cable, retráctile  MLC sk25aa - sk26a|programmed pcb assy, router",MATCHED|NO_MATCH,REF_EXACT|NONE,HAS_UNMATCHED_PARTS
2964,2025-03-28T16:06:00.000Z,FIELD_BEAT_CLIENT|96.757.430-9|INRAD,96.757.430-9,INRAD,PREVENTIVA PROGRAMADA,FINISHED,jecheverria,Linac-201172,,NO_TICKET_REPORTED,0,0,0,0,0,0,,,,,,,NO_USED_PARTS
2965,2025-03-28T15:00:00.000Z,FIELD_BEAT_CLIENT|96.757.430-9|INRAD,96.757.430-9,INRAD,PREVENTIVA PROGRAMADA,FINISHED,jecheverria,Linac-201172,,NO_TICKET_REPORTED,0,0,0,0,0,0,,,,,,,NO_USED_PARTS
2966,2025-03-31T11:16:00.000Z,FIELD_BEAT_CLIENT|96.770.100-9|CLINICA ALEMANA DE SANTIAGO,96.770.100-9,CLINICA ALEMANA DE SANTIAGO,REQUERIMIENTO DEL CLIENTE,FINISHED,ccarrasquel,Linac-152171,,NO_TICKET_REPORTED,0,0,0,0,0,0,,,,,,,NO_USED_PARTS
2967,2025-03-31T11:27:00.000Z,FIELD_BEAT_CLIENT|61.606.500-9|HOSPITAL CARLOS VAN BUREN (SSVSA),61.606.500-9,HOSPITAL CARLOS VAN BUREN (SSVSA),PUESTA EN MARCHA,FINISHED,jecheverria,Linac-154325,,NO_TICKET_REPORTED,0,0,0,0,0,0,,,,,,,NO_USED_PARTS
2968,2025-03-31T12:30:00.000Z,FIELD_BEAT_CLIENT|61.606.500-9|HOSPITAL CARLOS VAN BUREN (SSVSA),61.606.500-9,HOSPITAL CARLOS VAN BUREN (SSVSA),CORRECTIVA NO PROGRAMADA,FINISHED,jecheverria,Linac-154325,,NO_TICKET_REPORTED,0,0,0,0,0,0,,,,,,,NO_USED_PARTS
2969,2025-03-31T23:42:00.000Z,FIELD_BEAT_CLIENT|81.698.900-0|UC CHRISTUS - SCA,81.698.900-0,UC CHRISTUS - SCA,CORRECTIVA PROGRAMADA,FINISHED,ccarrasquel,Linac-109256,9074,LINKED_TO_MISSING_OR_RESTRICTED_ZENDESK,0,0,0,0,0,0,,,,,,,NO_USED_PARTS
2970,2025-04-02T09:30:00.000Z,FIELD_BEAT_CLIENT|61.606.500-9|HOSPITAL CARLOS VAN BUREN (SSVSA),61.606.500-9,HOSPITAL CARLOS VAN BUREN (SSVSA),CORRECTIVA NO PROGRAMADA,FINISHED,jecheverria,Linac-154325,9083,LINKED_TO_MISSING_OR_RESTRICTED_ZENDESK,0,0,0,0,0,0,,,,,,,NO_USED_PARTS
2971,2025-04-02T17:54:00.000Z,FIELD_BEAT_CLIENT|81.698.900-0|UC CHRISTUS - CECA,81.698.900-0,UC CHRISTUS - CECA,CORRECTIVA NO PROGRAMADA,FINISHED,mabreu,Linac-109374,,NO_TICKET_REPORTED,0,0,0,0,0,0,,,,,,,NO_USED_PARTS
2972,2025-04-02T19:00:00.000Z,FIELD_BEAT_CLIENT|76.746.730-3|RADIO ONCOLOGÍA DEL SUR,76.746.730-3,RADIO ONCOLOGÍA DEL SUR,CORRECTIVA PROGRAMADA,FINISHED,ebecker,Linac-156187,9071,LINKED_TO_MISSING_OR_RESTRICTED_ZENDESK,1,0,1,0,0,1,,,,N/A,PLACEHOLDER_VALUE,PLACEHOLDER_REJECTED,HAS_PLACEHOLDERS
2973,2025-04-03T13:30:00.000Z,FIELD_BEAT_CLIENT|96.770.100-9|CLINICA ALEMANA DE SANTIAGO,96.770.100-9,CLINICA ALEMANA DE SANTIAGO,CORRECTIVA NO PROGRAMADA,FINISHED,jecheverria,Linac-152171,9092,LINKED_TO_ACCESSIBLE_ZENDESK,0,0,0,0,0,0,,,,,,,NO_USED_PARTS
2974,2025-04-03T23:09:00.000Z,FIELD_BEAT_CLIENT|81.698.900-0|UC CHRISTUS - SCA,81.698.900-0,UC CHRISTUS - SCA,REQUERIMIENTO DEL CLIENTE,FINISHED,ssalice,,9069,LINKED_TO_MISSING_OR_RESTRICTED_ZENDESK,0,0,0,0,0,0,,,,,,,NO_USED_PARTS
2975,2025-04-04T20:00:00.000Z,FIELD_BEAT_CLIENT|70377400-8|FUNDACION ARTURO LOPEZ PEREZ,70377400-8,FUNDACION ARTURO LOPEZ PEREZ,REQUERIMIENTO DEL CLIENTE,FINISHED,rcammalleri,LINAC-153038,9081,LINKED_TO_ACCESSIBLE_ZENDESK,0,0,0,0,0,0,,,,,,,NO_USED_PARTS
2976,2025-04-04T21:00:00.000Z,FIELD_BEAT_CLIENT|81.698.900-0|UC CHRISTUS - CECA,81.698.900-0,UC CHRISTUS - CECA,REQUERIMIENTO DEL CLIENTE,FINISHED,rcammalleri,Linac-153935|TPS-UC|Linac-109374,,NO_TICKET_REPORTED,0,0,0,0,0,0,,,,,,,NO_USED_PARTS
2977,2025-04-04T22:46:00.000Z,FIELD_BEAT_CLIENT|81.698.900-0|UC CHRISTUS - SCA,81.698.900-0,UC CHRISTUS - SCA,REQUERIMIENTO DEL CLIENTE,STARTED,ssalice,Linac-109256,,NO_TICKET_REPORTED,0,0,0,0,0,0,,,,,,,NO_USED_PARTS
2978,2025-04-04T22:55:00.000Z,FIELD_BEAT_CLIENT|81.698.900-0|UC CHRISTUS - SCA,81.698.900-0,UC CHRISTUS - SCA,REQUERIMIENTO DEL CLIENTE,FINISHED,ssalice,Linac-109256,,NO_TICKET_REPORTED,0,0,0,0,0,0,,,,,,,NO_USED_PARTS
2979,2025-04-04T23:55:00.000Z,FIELD_BEAT_CLIENT|96.770.100-9|CLINICA ALEMANA DE SANTIAGO,96.770.100-9,CLINICA ALEMANA DE SANTIAGO,REQUERIMIENTO DEL CLIENTE,FINISHED,ssalice,,,NO_TICKET_REPORTED,0,0,0,0,0,0,,,,,,,NO_USED_PARTS
2980,2025-04-06T01:34:00.000Z,FIELD_BEAT_CLIENT|61.608.404-6|Instituto Nacional del Cáncer (INC),61.608.404-6,Instituto Nacional del Cáncer (INC),CORRECTIVA PROGRAMADA,FINISHED,ccarrasquel,INC-156473,9072,LINKED_TO_ACCESSIBLE_ZENDESK,4,4,0,0,0,0,1522567|261308039505|1515219|1515098,12044|11840|11752|10374,1522567|261308039505|1515219|1515098,RF OUTPUT Window|seal|gasket 70mm flange|ION PUMP,MATCHED,REF_EXACT,OK
2981,2025-04-07T11:50:00.000Z,FIELD_BEAT_CLIENT|70377400-8|FUNDACION ARTURO LOPEZ PEREZ,70377400-8,FUNDACION ARTURO LOPEZ PEREZ,CORRECTIVA PROGRAMADA,ARCHIVED,,HDR-FT07026,,NO_TICKET_REPORTED,0,0,0,0,0,0,,,,,,,NO_USED_PARTS
2982,2025-04-07T10:55:00.000Z,FIELD_BEAT_CLIENT|70377400-8|FUNDACION ARTURO LOPEZ PEREZ,70377400-8,FUNDACION ARTURO LOPEZ PEREZ,CORRECTIVA PROGRAMADA,FINISHED,glopez,HDR-FT07026,9999,LINKED_TO_MISSING_OR_RESTRICTED_ZENDESK,0,0,0,0,0,0,,,,,,,NO_USED_PARTS
2983,2025-04-07T12:30:00.000Z,FIELD_BEAT_CLIENT|70377400-8|FUNDACION ARTURO LOPEZ PEREZ,70377400-8,FUNDACION ARTURO LOPEZ PEREZ,REQUERIMIENTO DEL CLIENTE,FINISHED,adiaz,APOTECA-CHEMO,,NO_TICKET_REPORTED,0,0,0,0,0,0,,,,,,,NO_USED_PARTS
2984,2025-04-07T19:30:00.000Z,FIELD_BEAT_CLIENT|70377400-8|FUNDACION ARTURO LOPEZ PEREZ,70377400-8,FUNDACION ARTURO LOPEZ PEREZ,CORRECTIVA PROGRAMADA,FINISHED,adiaz,APOTECA-PS,,NO_TICKET_REPORTED,0,0,0,0,0,0,,,,,,,NO_USED_PARTS
2985,2025-04-08T15:31:00.000Z,FIELD_BEAT_CLIENT|96.757.430-9|INRAD,96.757.430-9,INRAD,CORRECTIVA NO PROGRAMADA,FINISHED,jecheverria,Linac-201172,,NO_TICKET_REPORTED,0,0,0,0,0,0,,,,,,,NO_USED_PARTS
2986,2025-04-08T21:30:00.000Z,FIELD_BEAT_CLIENT|81.698.900-0|UC CHRISTUS - CECA,81.698.900-0,UC CHRISTUS - CECA,REQUERIMIENTO DEL CLIENTE,FINISHED,ssalice,,9098,LINKED_TO_MISSING_OR_RESTRICTED_ZENDESK,0,0,0,0,0,0,,,,,,,NO_USED_PARTS
2987,2025-04-10T18:07:00.000Z,FIELD_BEAT_CLIENT|96.757.430-9|INRAD,96.757.430-9,INRAD,REQUERIMIENTO DEL CLIENTE,FINISHED,ssalice,,9099,LINKED_TO_MISSING_OR_RESTRICTED_ZENDESK,0,0,0,0,0,0,,,,,,,NO_USED_PARTS
2988,2025-04-10T19:23:00.000Z,FIELD_BEAT_CLIENT|81.698.900-0|UC CHRISTUS - CECA,81.698.900-0,UC CHRISTUS - CECA,CORRECTIVA PROGRAMADA,FINISHED,mabreu,Linac-153935,8832,LINKED_TO_ACCESSIBLE_ZENDESK,4,4,0,0,0,0,1010848|1522567|1538261|1515098,11037|12044|11854|10374,1010848|1522567|1538261|1515098,"MIRROR ASSEMBLY, OPTIC|RF OUTPUT WINDOW|FRU KIT, FLIGHT TUBE DRIVE ASSY|ION PUMP SPARE",MATCHED,REF_EXACT,OK
2989,2025-04-11T14:13:00.000Z,FIELD_BEAT_CLIENT|81.698.900-0|UC CHRISTUS - CECA,81.698.900-0,UC CHRISTUS - CECA,CORRECTIVA PROGRAMADA,FINISHED,ccarrasquel,Linac-109374,,NO_TICKET_REPORTED,1,1,0,0,0,0,1024939,10776,1024939,"sssy 40 x 40 x 10 mm fan, heatsink",MATCHED,REF_EXACT,OK
2990,2025-04-03T21:00:00.000Z,FIELD_BEAT_CLIENT|61.607.901-8|SERVICIO DE SALUD DE MAGALLANES,61.607.901-8,SERVICIO DE SALUD DE MAGALLANES,CORRECTIVA PROGRAMADA,FINISHED,raguila,,8895,LINKED_TO_ACCESSIBLE_ZENDESK,4,4,0,0,0,0,1548845|1539682|1550513|1505856,10615|11662|11029|12120,1548845|1539682|1550513|1505856,X-Ray Tube|Function KeyPad (FkP)|extenderd imaging module ( xim)|X-Ray Generator,MATCHED,REF_EXACT,OK
2991,2025-04-11T18:01:00.000Z,FIELD_BEAT_CLIENT|81.698.900-0|UC CHRISTUS - CECA,81.698.900-0,UC CHRISTUS - CECA,PREVENTIVA PROGRAMADA,FINISHED,mabreu,Linac-109374,,NO_TICKET_REPORTED,0,0,0,0,0,0,,,,,,,NO_USED_PARTS
2992,2025-04-11T19:30:00.000Z,FIELD_BEAT_CLIENT|96.770.100-9|CLINICA ALEMANA DE SANTIAGO,96.770.100-9,CLINICA ALEMANA DE SANTIAGO,CORRECTIVA NO PROGRAMADA,FINISHED,aecheverria,Linac-151673,,NO_TICKET_REPORTED,1,0,1,0,0,1,,,,N/A,PLACEHOLDER_VALUE,PLACEHOLDER_REJECTED,HAS_PLACEHOLDERS
2993,2025-04-11T19:30:00.000Z,FIELD_BEAT_CLIENT|76.746.730-3|RADIO ONCOLOGÍA DEL SUR,76.746.730-3,RADIO ONCOLOGÍA DEL SUR,CORRECTIVA PROGRAMADA,FINISHED,ebecker,Linac-156187,9111,LINKED_TO_MISSING_OR_RESTRICTED_ZENDESK,1,0,1,0,0,1,,,,N/A,PLACEHOLDER_VALUE,PLACEHOLDER_REJECTED,HAS_PLACEHOLDERS
2994,2025-04-14T12:00:00.000Z,FIELD_BEAT_CLIENT|96.770.100-9|CLINICA ALEMANA DE SANTIAGO,96.770.100-9,CLINICA ALEMANA DE SANTIAGO,REQUERIMIENTO DEL CLIENTE,FINISHED,aecheverria,Linac-152171,,NO_TICKET_REPORTED,1,0,1,0,0,1,,,,N/A,PLACEHOLDER_VALUE,PLACEHOLDER_REJECTED,HAS_PLACEHOLDERS
2995,2025-04-14T15:45:00.000Z,FIELD_BEAT_CLIENT|96.770.100-9|CLINICA ALEMANA DE SANTIAGO,96.770.100-9,CLINICA ALEMANA DE SANTIAGO,CORRECTIVA NO PROGRAMADA,SCHEDULED,,Linac-152171,,NO_TICKET_REPORTED,0,0,0,0,0,0,,,,,,,NO_USED_PARTS
2996,2025-04-14T15:45:00.000Z,FIELD_BEAT_CLIENT|96.770.100-9|CLINICA ALEMANA DE SANTIAGO,96.770.100-9,CLINICA ALEMANA DE SANTIAGO,CORRECTIVA NO PROGRAMADA,FINISHED,aecheverria,Linac-152171,,NO_TICKET_REPORTED,1,0,1,0,0,1,,,,N/A,PLACEHOLDER_VALUE,PLACEHOLDER_REJECTED,HAS_PLACEHOLDERS
2997,2025-04-14T21:54:00.000Z,FIELD_BEAT_CLIENT|81.698.900-0|UC CHRISTUS - SCA,81.698.900-0,UC CHRISTUS - SCA,REQUERIMIENTO DEL CLIENTE,FINISHED,ssalice,,9118,LINKED_TO_MISSING_OR_RESTRICTED_ZENDESK,0,0,0,0,0,0,,,,,,,NO_USED_PARTS
2998,2025-04-15T17:23:00.000Z,FIELD_BEAT_CLIENT|96.757.430-9|INRAD,96.757.430-9,INRAD,REQUERIMIENTO DEL CLIENTE,FINISHED,jecheverria,Linac-201172,,NO_TICKET_REPORTED,0,0,0,0,0,0,,,,,,,NO_USED_PARTS
2999,2025-04-15T22:20:00.000Z,FIELD_BEAT_CLIENT|81.698.900-0|UC CHRISTUS - CECA,81.698.900-0,UC CHRISTUS - CECA,PREVENTIVA PROGRAMADA,FINISHED,mabreu,Linac-109374,42,LINKED_TO_MISSING_OR_RESTRICTED_ZENDESK,0,0,0,0,0,0,,,,,,,NO_USED_PARTS
3000,2025-04-15T22:20:00.000Z,FIELD_BEAT_CLIENT|81.698.900-0|UC CHRISTUS - CECA,81.698.900-0,UC CHRISTUS - CECA,CORRECTIVA PROGRAMADA,FINISHED,ccarrasquel,Linac-153935,9018,LINKED_TO_ACCESSIBLE_ZENDESK,0,0,0,0,0,0,,,,,,,NO_USED_PARTS
3001,2025-04-16T12:46:00.000Z,FIELD_BEAT_CLIENT|61.608.404-6|Instituto Nacional del Cáncer (INC),61.608.404-6,Instituto Nacional del Cáncer (INC),CORRECTIVA PROGRAMADA,FINISHED,ccarrasquel,INC-156473,9126,LINKED_TO_ACCESSIBLE_ZENDESK,0,0,0,0,0,0,,,,,,,NO_USED_PARTS
3002,2025-04-16T22:50:00.000Z,FIELD_BEAT_CLIENT|70377400-8|FUNDACION ARTURO LOPEZ PEREZ,70377400-8,FUNDACION ARTURO LOPEZ PEREZ,CORRECTIVA PROGRAMADA,FINISHED,ccarrasquel,LINAC-153038,9096,LINKED_TO_MISSING_OR_RESTRICTED_ZENDESK,0,0,0,0,0,0,,,,,,,NO_USED_PARTS
3003,2025-04-16T23:23:00.000Z,FIELD_BEAT_CLIENT|70377400-8|FUNDACION ARTURO LOPEZ PEREZ,70377400-8,FUNDACION ARTURO LOPEZ PEREZ,CORRECTIVA PROGRAMADA,FINISHED,ccarrasquel,LINAC-153038,,NO_TICKET_REPORTED,0,0,0,0,0,0,,,,,,,NO_USED_PARTS
3004,2025-04-16T12:30:00.000Z,FIELD_BEAT_CLIENT|70377400-8|FUNDACION ARTURO LOPEZ PEREZ,70377400-8,FUNDACION ARTURO LOPEZ PEREZ,INSTALACION - INTEGRACION,FINISHED,rcammalleri,APOTECA-CHEMO,,NO_TICKET_REPORTED,2,0,1,1,0,2,,,S/N|1075774-42,Kit soporte de bolsas|Kit base viales,PLACEHOLDER_VALUE|NO_MATCH,PLACEHOLDER_REJECTED|NONE,HAS_UNMATCHED_PARTS
3005,2025-04-17T13:03:00.000Z,FIELD_BEAT_CLIENT|81.698.900-0|UC CHRISTUS - CECA,81.698.900-0,UC CHRISTUS - CECA,CORRECTIVA PROGRAMADA,FINISHED,ccarrasquel,Linac-109374,,NO_TICKET_REPORTED,0,0,0,0,0,0,,,,,,,NO_USED_PARTS
3006,2025-04-17T13:21:00.000Z,FIELD_BEAT_CLIENT|81.698.900-0|UC CHRISTUS - CECA,81.698.900-0,UC CHRISTUS - CECA,CORRECTIVA PROGRAMADA,FINISHED,ccarrasquel,Linac-153935,9130,LINKED_TO_ACCESSIBLE_ZENDESK,0,0,0,0,0,0,,,,,,,NO_USED_PARTS
3007,2025-04-17T22:43:00.000Z,FIELD_BEAT_CLIENT|61.608.404-6|Instituto Nacional del Cáncer (INC),61.608.404-6,Instituto Nacional del Cáncer (INC),CORRECTIVA PROGRAMADA,FINISHED,ccarrasquel,INC-156473,,NO_TICKET_REPORTED,0,0,0,0,0,0,,,,,,,NO_USED_PARTS
3008,2025-04-21T11:30:00.000Z,FIELD_BEAT_CLIENT|96.770.100-9|CLINICA ALEMANA DE SANTIAGO,96.770.100-9,CLINICA ALEMANA DE SANTIAGO,REQUERIMIENTO DEL CLIENTE,FINISHED,jecheverria,Linac-152171,,NO_TICKET_REPORTED,0,0,0,0,0,0,,,,,,,NO_USED_PARTS
3009,2025-04-21T16:54:00.000Z,FIELD_BEAT_CLIENT|96.770.100-9|CLINICA ALEMANA DE SANTIAGO,96.770.100-9,CLINICA ALEMANA DE SANTIAGO,CORRECTIVA NO PROGRAMADA,FINISHED,jecheverria,Linac-151673,9133,LINKED_TO_MISSING_OR_RESTRICTED_ZENDESK,0,0,0,0,0,0,,,,,,,NO_USED_PARTS
3010,2025-04-21T16:30:00.000Z,FIELD_BEAT_CLIENT|70377400-8|FUNDACION ARTURO LOPEZ PEREZ,70377400-8,FUNDACION ARTURO LOPEZ PEREZ,CORRECTIVA NO PROGRAMADA,FINISHED,adiaz,APOTECA-CHEMO,,NO_TICKET_REPORTED,0,0,0,0,0,0,,,,,,,NO_USED_PARTS
3011,2025-04-22T11:48:00.000Z,FIELD_BEAT_CLIENT|61.606.500-9|HOSPITAL CARLOS VAN BUREN (SSVSA),61.606.500-9,HOSPITAL CARLOS VAN BUREN (SSVSA),CORRECTIVA NO PROGRAMADA,FINISHED,jecheverria,Linac-154325,9123,LINKED_TO_MISSING_OR_RESTRICTED_ZENDESK,1,1,0,0,0,0,03-999-1290,12067,03-999-1290,Handheld hexapod (TM),MATCHED,REF_EXACT,OK
3012,2025-04-22T12:30:00.000Z,FIELD_BEAT_CLIENT|76.746.730-3|RADIO ONCOLOGÍA DEL SUR,76.746.730-3,RADIO ONCOLOGÍA DEL SUR,CORRECTIVA NO PROGRAMADA,FINISHED,ebecker,Linac-156187,,NO_TICKET_REPORTED,0,0,0,0,0,0,,,,,,,NO_USED_PARTS
3013,2025-04-22T19:13:00.000Z,FIELD_BEAT_CLIENT|96.757.430-9|INRAD,96.757.430-9,INRAD,REQUERIMIENTO DEL CLIENTE,ARCHIVED,,Linac-201172,,NO_TICKET_REPORTED,0,0,0,0,0,0,,,,,,,NO_USED_PARTS
3014,2025-04-22T19:18:00.000Z,FIELD_BEAT_CLIENT|96.757.430-9|INRAD,96.757.430-9,INRAD,REQUERIMIENTO DEL CLIENTE,ARCHIVED,,Linac-201172,,NO_TICKET_REPORTED,0,0,0,0,0,0,,,,,,,NO_USED_PARTS
3015,2025-04-22T19:20:00.000Z,FIELD_BEAT_CLIENT|96.757.430-9|INRAD,96.757.430-9,INRAD,REQUERIMIENTO DEL CLIENTE,ARCHIVED,,Linac-201172,,NO_TICKET_REPORTED,0,0,0,0,0,0,,,,,,,NO_USED_PARTS
3016,2025-04-22T19:21:00.000Z,FIELD_BEAT_CLIENT|96.757.430-9|INRAD,96.757.430-9,INRAD,REQUERIMIENTO DEL CLIENTE,FINISHED,jacuna,Linac-201172,,NO_TICKET_REPORTED,0,0,0,0,0,0,,,,,,,NO_USED_PARTS
3017,2025-04-22T23:10:00.000Z,FIELD_BEAT_CLIENT|61.608.404-6|Instituto Nacional del Cáncer (INC),61.608.404-6,Instituto Nacional del Cáncer (INC),CORRECTIVA NO PROGRAMADA,FINISHED,ccarrasquel,INC-156473,9139,LINKED_TO_ACCESSIBLE_ZENDESK,0,0,0,0,0,0,,,,,,,NO_USED_PARTS
3018,2025-04-23T12:30:00.000Z,FIELD_BEAT_CLIENT|81.698.900-0|UC CHRISTUS - CECA,81.698.900-0,UC CHRISTUS - CECA,CORRECTIVA NO PROGRAMADA,FINISHED,rcammalleri,Linac-109374,9141,LINKED_TO_MISSING_OR_RESTRICTED_ZENDESK,0,0,0,0,0,0,,,,,,,NO_USED_PARTS
3019,2025-04-22T21:00:00.000Z,FIELD_BEAT_CLIENT|76.746.730-3|RADIO ONCOLOGÍA DEL SUR,76.746.730-3,RADIO ONCOLOGÍA DEL SUR,CORRECTIVA PROGRAMADA,FINISHED,ebecker,Linac-156187,9131,LINKED_TO_MISSING_OR_RESTRICTED_ZENDESK,1,0,0,1,0,1,,,45133154423-45133301412,"Filter Element
potentiometer 20K",NO_MATCH,NONE,HAS_UNMATCHED_PARTS
3020,2025-04-24T14:00:00.000Z,FIELD_BEAT_CLIENT|70377400-8|FUNDACION ARTURO LOPEZ PEREZ,70377400-8,FUNDACION ARTURO LOPEZ PEREZ,PRUEBAS DE ACEPTACION,FINISHED,adiaz,APOTECA-CHEMO,,NO_TICKET_REPORTED,0,0,0,0,0,0,,,,,,,NO_USED_PARTS
3021,2025-04-24T18:24:00.000Z,FIELD_BEAT_CLIENT|61.608.404-6|Instituto Nacional del Cáncer (INC),61.608.404-6,Instituto Nacional del Cáncer (INC),CORRECTIVA NO PROGRAMADA,FINISHED,ccarrasquel,INC-156473,9145,LINKED_TO_ACCESSIBLE_ZENDESK,1,1,0,0,0,1,1018265_proveedor_local,11961,1018265,fru Z motor brush set,MATCHED,REF_LIKE,REVIEW_REQUIRED
3022,2025-04-25T21:44:00.000Z,FIELD_BEAT_CLIENT|61.606.500-9|HOSPITAL CARLOS VAN BUREN (SSVSA),61.606.500-9,HOSPITAL CARLOS VAN BUREN (SSVSA),PREVENTIVA PROGRAMADA,FINISHED,jecheverria,Linac-154325,,NO_TICKET_REPORTED,0,0,0,0,0,0,,,,,,,NO_USED_PARTS
3023,2025-04-25T20:00:00.000Z,FIELD_BEAT_CLIENT|81.698.900-0|UC CHRISTUS - CECA,81.698.900-0,UC CHRISTUS - CECA,CORRECTIVA NO PROGRAMADA,ARCHIVED,,Linac-109374,,NO_TICKET_REPORTED,0,0,0,0,0,0,,,,,,,NO_USED_PARTS
3024,2025-04-25T20:00:00.000Z,FIELD_BEAT_CLIENT|81.698.900-0|UC CHRISTUS - CECA,81.698.900-0,UC CHRISTUS - CECA,CORRECTIVA NO PROGRAMADA,FINISHED,aecheverria,Linac-109374,9151,LINKED_TO_MISSING_OR_RESTRICTED_ZENDESK,2,2,0,0,0,1,1550513|1539679___1571202,11029|12282,1550513|1539679,"EXT. IMAG. MOD (XIM), ASSY|MRT 14791, GENERAL FKP",MATCHED,REF_EXACT|REF_LIKE,REVIEW_REQUIRED
3025,2025-04-25T22:45:00.000Z,FIELD_BEAT_CLIENT|81.698.900-0|UC CHRISTUS - SCA,81.698.900-0,UC CHRISTUS - SCA,REQUERIMIENTO DEL CLIENTE,FINISHED,ssalice,,9150,LINKED_TO_MISSING_OR_RESTRICTED_ZENDESK,0,0,0,0,0,0,,,,,,,NO_USED_PARTS
3026,2025-04-25T23:37:00.000Z,FIELD_BEAT_CLIENT|61.608.404-6|Instituto Nacional del Cáncer (INC),61.608.404-6,Instituto Nacional del Cáncer (INC),CORRECTIVA PROGRAMADA,FINISHED,ccarrasquel,INC-156473,9147,LINKED_TO_ACCESSIBLE_ZENDESK,0,0,0,0,0,0,,,,,,,NO_USED_PARTS
3027,2025-04-28T11:30:00.000Z,FIELD_BEAT_CLIENT|61.606.500-9|HOSPITAL CARLOS VAN BUREN (SSVSA),61.606.500-9,HOSPITAL CARLOS VAN BUREN (SSVSA),PREVENTIVA PROGRAMADA,FINISHED,jecheverria,Linac-154325,,NO_TICKET_REPORTED,0,0,0,0,0,0,,,,,,,NO_USED_PARTS
3028,2025-04-28T12:18:00.000Z,FIELD_BEAT_CLIENT|96.770.100-9|CLINICA ALEMANA DE SANTIAGO,96.770.100-9,CLINICA ALEMANA DE SANTIAGO,REQUERIMIENTO DEL CLIENTE,FINISHED,ccarrasquel,Linac-152171,,NO_TICKET_REPORTED,0,0,0,0,0,0,,,,,,,NO_USED_PARTS
3029,2025-04-28T14:34:00.000Z,FIELD_BEAT_CLIENT|61.608.404-6|Instituto Nacional del Cáncer (INC),61.608.404-6,Instituto Nacional del Cáncer (INC),CORRECTIVA NO PROGRAMADA,FINISHED,mabreu,INC-156473,9156,LINKED_TO_ACCESSIBLE_ZENDESK,0,0,0,0,0,0,,,,,,,NO_USED_PARTS
3030,2025-04-29T21:00:00.000Z,FIELD_BEAT_CLIENT|76.746.730-3|RADIO ONCOLOGÍA DEL SUR,76.746.730-3,RADIO ONCOLOGÍA DEL SUR,CORRECTIVA PROGRAMADA,FINISHED,ebecker,Linac-156187,9154,LINKED_TO_MISSING_OR_RESTRICTED_ZENDESK,0,0,0,0,0,0,,,,,,,NO_USED_PARTS
3031,2025-04-30T14:00:00.000Z,FIELD_BEAT_CLIENT|93.930.000-7|CLÍNICA LAS CONDES,93.930.000-7,CLÍNICA LAS CONDES,CORRECTIVA NO PROGRAMADA,FINISHED,aecheverria,CLC-2,9167,LINKED_TO_ACCESSIBLE_ZENDESK,1,0,0,1,0,1,,,1528403,BEAM MU DOSE MODULE,NO_MATCH,NONE,HAS_UNMATCHED_PARTS
3032,2025-04-30T15:14:00.000Z,FIELD_BEAT_CLIENT|96.770.100-9|CLINICA ALEMANA DE SANTIAGO,96.770.100-9,CLINICA ALEMANA DE SANTIAGO,REQUERIMIENTO DEL CLIENTE,FINISHED,ssalice,,,NO_TICKET_REPORTED,0,0,0,0,0,0,,,,,,,NO_USED_PARTS
3033,2025-04-30T15:24:00.000Z,FIELD_BEAT_CLIENT|96.770.100-9|CLINICA ALEMANA DE SANTIAGO,96.770.100-9,CLINICA ALEMANA DE SANTIAGO,REQUERIMIENTO DEL CLIENTE,FINISHED,ccarrasquel,,,NO_TICKET_REPORTED,0,0,0,0,0,0,,,,,,,NO_USED_PARTS
3034,2025-05-02T13:30:00.000Z,FIELD_BEAT_CLIENT|76.746.730-3|RADIO ONCOLOGÍA DEL SUR,76.746.730-3,RADIO ONCOLOGÍA DEL SUR,CORRECTIVA NO PROGRAMADA,FINISHED,ebecker,Linac-156187,,NO_TICKET_REPORTED,0,0,0,0,0,0,,,,,,,NO_USED_PARTS
3035,2025-05-02T14:30:00.000Z,FIELD_BEAT_CLIENT|76.746.730-3|CLÍNICA SANATORIO ALEMÁN (ONCORAD),76.746.730-3,CLÍNICA SANATORIO ALEMÁN (ONCORAD),CORRECTIVA NO PROGRAMADA,FINISHED,ebecker,HDR_10806,,NO_TICKET_REPORTED,0,0,0,0,0,0,,,,,,,NO_USED_PARTS
3036,2025-05-02T19:30:00.000Z,FIELD_BEAT_CLIENT|81.698.900-0|UC CHRISTUS - SCA,81.698.900-0,UC CHRISTUS - SCA,REQUERIMIENTO DEL CLIENTE,FINISHED,aecheverria,Linac-109256,9173,LINKED_TO_ACCESSIBLE_ZENDESK,1,0,1,0,0,1,,,,N/A,PLACEHOLDER_VALUE,PLACEHOLDER_REJECTED,HAS_PLACEHOLDERS
3037,2025-05-05T12:33:00.000Z,FIELD_BEAT_CLIENT|96.770.100-9|CLINICA ALEMANA DE SANTIAGO,96.770.100-9,CLINICA ALEMANA DE SANTIAGO,PUESTA EN MARCHA,FINISHED,mabreu,Linac-151673,,NO_TICKET_REPORTED,0,0,0,0,0,0,,,,,,,NO_USED_PARTS
3038,2025-05-05T19:19:00.000Z,FIELD_BEAT_CLIENT|61.608.404-6|Instituto Nacional del Cáncer (INC),61.608.404-6,Instituto Nacional del Cáncer (INC),CORRECTIVA NO PROGRAMADA,FINISHED,mabreu,INC-156473,9176,LINKED_TO_ACCESSIBLE_ZENDESK,0,0,0,0,0,0,,,,,,,NO_USED_PARTS
3039,2025-05-06T12:30:00.000Z,FIELD_BEAT_CLIENT|70377400-8|FUNDACION ARTURO LOPEZ PEREZ,70377400-8,FUNDACION ARTURO LOPEZ PEREZ,REQUERIMIENTO DEL CLIENTE,FINISHED,adiaz,APOTECA-CHEMO,,NO_TICKET_REPORTED,0,0,0,0,0,0,,,,,,,NO_USED_PARTS
3040,2025-05-07T14:26:00.000Z,FIELD_BEAT_CLIENT|61.608.404-6|Instituto Nacional del Cáncer (INC),61.608.404-6,Instituto Nacional del Cáncer (INC),CORRECTIVA NO PROGRAMADA,FINISHED,mabreu,INC-156473,9176,LINKED_TO_ACCESSIBLE_ZENDESK,0,0,0,0,0,0,,,,,,,NO_USED_PARTS
3041,2025-05-07T16:16:00.000Z,FIELD_BEAT_CLIENT|81.698.900-0|UC CHRISTUS - CECA,81.698.900-0,UC CHRISTUS - CECA,CORRECTIVA PROGRAMADA,FINISHED,ccarrasquel,Linac-153935,9178,LINKED_TO_ACCESSIBLE_ZENDESK,0,0,0,0,0,0,,,,,,,NO_USED_PARTS
3042,2025-05-07T13:00:00.000Z,FIELD_BEAT_CLIENT|76.746.730-3|CLÍNICA SANATORIO ALEMÁN (ONCORAD),76.746.730-3,CLÍNICA SANATORIO ALEMÁN (ONCORAD),CORRECTIVA NO PROGRAMADA,FINISHED,ebecker,HDR_10806,,NO_TICKET_REPORTED,0,0,0,0,0,0,,,,,,,NO_USED_PARTS
3043,2025-05-07T18:31:00.000Z,FIELD_BEAT_CLIENT|61.608.404-6|Instituto Nacional del Cáncer (INC),61.608.404-6,Instituto Nacional del Cáncer (INC),CORRECTIVA NO PROGRAMADA,FINISHED,mabreu,INC-156473,,NO_TICKET_REPORTED,1,1,0,0,0,0,1534958,11034,1534958,"KIT, SPARES, LEAF MOTOR",MATCHED,REF_EXACT,OK
3044,2025-05-08T12:30:00.000Z,FIELD_BEAT_CLIENT|70377400-8|FUNDACION ARTURO LOPEZ PEREZ,70377400-8,FUNDACION ARTURO LOPEZ PEREZ,CORRECTIVA PROGRAMADA,FINISHED,adiaz,APOTECA-CHEMO,,NO_TICKET_REPORTED,0,0,0,0,0,0,,,,,,,NO_USED_PARTS
3045,2025-05-08T16:00:00.000Z,FIELD_BEAT_CLIENT|96.770.100-9|CLINICA ALEMANA DE SANTIAGO,96.770.100-9,CLINICA ALEMANA DE SANTIAGO,CORRECTIVA PROGRAMADA,FINISHED,jecheverria,Linac-152171,,NO_TICKET_REPORTED,0,0,0,0,0,0,,,,,,,NO_USED_PARTS
3046,2025-05-08T21:14:00.000Z,FIELD_BEAT_CLIENT|81.698.900-0|UC CHRISTUS - CECA,81.698.900-0,UC CHRISTUS - CECA,CORRECTIVA PROGRAMADA,FINISHED,ccarrasquel,Linac-109374,9157,LINKED_TO_ACCESSIBLE_ZENDESK,0,0,0,0,0,0,,,,,,,NO_USED_PARTS
3047,2025-05-08T21:42:00.000Z,FIELD_BEAT_CLIENT|81.698.900-0|UC CHRISTUS - CECA,81.698.900-0,UC CHRISTUS - CECA,CORRECTIVA PROGRAMADA,FINISHED,ccarrasquel,Linac-153935,,NO_TICKET_REPORTED,0,0,0,0,0,0,,,,,,,NO_USED_PARTS
3048,2025-05-08T21:10:00.000Z,FIELD_BEAT_CLIENT|76.746.730-3|RADIO ONCOLOGÍA DEL SUR,76.746.730-3,RADIO ONCOLOGÍA DEL SUR,CORRECTIVA NO PROGRAMADA,FINISHED,ebecker,Linac-156187,,NO_TICKET_REPORTED,0,0,0,0,0,0,,,,,,,NO_USED_PARTS
3049,2025-05-09T16:42:00.000Z,FIELD_BEAT_CLIENT|81.698.900-0|UC CHRISTUS - CECA,81.698.900-0,UC CHRISTUS - CECA,CORRECTIVA PROGRAMADA,FINISHED,ccarrasquel,Linac-153935,9178,LINKED_TO_ACCESSIBLE_ZENDESK,0,0,0,0,0,0,,,,,,,NO_USED_PARTS
3050,2025-05-09T19:14:00.000Z,FIELD_BEAT_CLIENT|70377400-8|FUNDACION ARTURO LOPEZ PEREZ,70377400-8,FUNDACION ARTURO LOPEZ PEREZ,CORRECTIVA PROGRAMADA,FINISHED,mabreu,LINAC-153038,,NO_TICKET_REPORTED,0,0,0,0,0,0,,,,,,,NO_USED_PARTS
3051,2025-05-09T22:09:00.000Z,FIELD_BEAT_CLIENT|96.770.100-9|CLINICA ALEMANA DE SANTIAGO,96.770.100-9,CLINICA ALEMANA DE SANTIAGO,CORRECTIVA PROGRAMADA,FINISHED,mreyes,Linac-152171,000,LINKED_TO_MISSING_OR_RESTRICTED_ZENDESK,0,0,0,0,0,0,,,,,,,NO_USED_PARTS
3052,2025-05-14T00:32:00.000Z,FIELD_BEAT_CLIENT|81.698.900-0|UC CHRISTUS - SCA,81.698.900-0,UC CHRISTUS - SCA,REQUERIMIENTO DEL CLIENTE,FINISHED,ssalice,,8798,LINKED_TO_ACCESSIBLE_ZENDESK,0,0,0,0,0,0,,,,,,,NO_USED_PARTS
3053,2025-05-15T14:55:00.000Z,FIELD_BEAT_CLIENT|61.608.404-6|Instituto Nacional del Cáncer (INC),61.608.404-6,Instituto Nacional del Cáncer (INC),CORRECTIVA NO PROGRAMADA,FINISHED,mabreu,INC-156473,9203,LINKED_TO_ACCESSIBLE_ZENDESK,0,0,0,0,0,0,,,,,,,NO_USED_PARTS
3054,2025-05-15T12:30:00.000Z,FIELD_BEAT_CLIENT|70377400-8|FUNDACION ARTURO LOPEZ PEREZ,70377400-8,FUNDACION ARTURO LOPEZ PEREZ,CORRECTIVA PROGRAMADA,FINISHED,adiaz,APOTECA-CHEMO,,NO_TICKET_REPORTED,1,0,0,1,0,1,,,AEA006,Cable de comunicación R485.,NO_MATCH,NONE,HAS_UNMATCHED_PARTS
3055,2025-05-16T13:30:00.000Z,FIELD_BEAT_CLIENT|76.746.730-3|RADIO ONCOLOGÍA DEL SUR,76.746.730-3,RADIO ONCOLOGÍA DEL SUR,CORRECTIVA NO PROGRAMADA,FINISHED,ebecker,Linac-156187,,NO_TICKET_REPORTED,1,1,0,0,0,0,1534958,11034,1534958,"KIT, SPARE, LEAF MOTOR",MATCHED,REF_EXACT,OK
3056,2025-05-16T19:20:00.000Z,FIELD_BEAT_CLIENT|96.757.430-9|INRAD,96.757.430-9,INRAD,REQUERIMIENTO DEL CLIENTE,FINISHED,jacuna,,9264,LINKED_TO_MISSING_OR_RESTRICTED_ZENDESK,0,0,0,0,0,0,,,,,,,NO_USED_PARTS
3057,2025-05-16T22:16:00.000Z,FIELD_BEAT_CLIENT|81.698.900-0|UC CHRISTUS - SCA,81.698.900-0,UC CHRISTUS - SCA,CORRECTIVA PROGRAMADA,FINISHED,mabreu,Linac-109256,9173,LINKED_TO_ACCESSIBLE_ZENDESK,0,0,0,0,0,0,,,,,,,NO_USED_PARTS
3059,2025-05-16T19:30:00.000Z,FIELD_BEAT_CLIENT|61.607.901-8|SERVICIO DE SALUD DE MAGALLANES,61.607.901-8,SERVICIO DE SALUD DE MAGALLANES,PREVENTIVA PROGRAMADA,FINISHED,raguila,Linac-109452,,NO_TICKET_REPORTED,1,0,1,0,0,1,,,,No.,PLACEHOLDER_VALUE,PLACEHOLDER_REJECTED,HAS_PLACEHOLDERS
3060,2025-05-17T13:00:00.000Z,FIELD_BEAT_CLIENT|61.607.901-8|SERVICIO DE SALUD DE MAGALLANES,61.607.901-8,SERVICIO DE SALUD DE MAGALLANES,REQUERIMIENTO DEL CLIENTE,FINISHED,raguila,,,NO_TICKET_REPORTED,1,0,1,0,0,1,,,,No.,PLACEHOLDER_VALUE,PLACEHOLDER_REJECTED,HAS_PLACEHOLDERS
3061,2025-05-19T12:49:00.000Z,FIELD_BEAT_CLIENT|96.770.100-9|CLINICA ALEMANA DE SANTIAGO,96.770.100-9,CLINICA ALEMANA DE SANTIAGO,REQUERIMIENTO DEL CLIENTE,FINISHED,aecheverria,Linac-152171,0101,LINKED_TO_MISSING_OR_RESTRICTED_ZENDESK,1,0,1,0,0,1,,,,N/A,PLACEHOLDER_VALUE,PLACEHOLDER_REJECTED,HAS_PLACEHOLDERS
3062,2025-05-19T12:00:00.000Z,FIELD_BEAT_CLIENT|76.746.730-3|RADIO ONCOLOGÍA DEL SUR,76.746.730-3,RADIO ONCOLOGÍA DEL SUR,CORRECTIVA NO PROGRAMADA,FINISHED,ebecker,Linac-156187,,NO_TICKET_REPORTED,0,0,0,0,0,0,,,,,,,NO_USED_PARTS
3063,2025-05-19T15:10:00.000Z,FIELD_BEAT_CLIENT|81.698.900-0|UC CHRISTUS - CECA,81.698.900-0,UC CHRISTUS - CECA,CORRECTIVA NO PROGRAMADA,SCHEDULED,,Linac-109374,,NO_TICKET_REPORTED,0,0,0,0,0,0,,,,,,,NO_USED_PARTS
3064,2025-05-19T15:11:00.000Z,FIELD_BEAT_CLIENT|81.698.900-0|UC CHRISTUS - CECA,81.698.900-0,UC CHRISTUS - CECA,CORRECTIVA NO PROGRAMADA,FINISHED,mabreu,Linac-109374,,NO_TICKET_REPORTED,0,0,0,0,0,0,,,,,,,NO_USED_PARTS
3065,2025-05-19T22:44:00.000Z,FIELD_BEAT_CLIENT|61.608.404-6|Instituto Nacional del Cáncer (INC),61.608.404-6,Instituto Nacional del Cáncer (INC),CORRECTIVA PROGRAMADA,FINISHED,mabreu,LAP-Laser-INC,,NO_TICKET_REPORTED,0,0,0,0,0,0,,,,,,,NO_USED_PARTS
3066,2025-05-20T11:59:00.000Z,FIELD_BEAT_CLIENT|61.607.901-8|SERVICIO DE SALUD DE MAGALLANES,61.607.901-8,SERVICIO DE SALUD DE MAGALLANES,CORRECTIVA NO PROGRAMADA,FINISHED,mreyes,,9216,LINKED_TO_MISSING_OR_RESTRICTED_ZENDESK,0,0,0,0,0,0,,,,,,,NO_USED_PARTS
3067,2025-05-20T13:04:00.000Z,FIELD_BEAT_CLIENT|76.089.058-8|EYG MEDICAL SYSTEMS LTDA.,76.089.058-8,EYG MEDICAL SYSTEMS LTDA.,INSTALACION - INTEGRACION,STARTED,rcammalleri,2286,,NO_TICKET_REPORTED,0,0,0,0,0,0,,,,,,,NO_USED_PARTS
3068,2025-05-20T17:26:00.000Z,FIELD_BEAT_CLIENT|93.930.000-7|CLÍNICA LAS CONDES,93.930.000-7,CLÍNICA LAS CONDES,CORRECTIVA PROGRAMADA,FINISHED,ccarrasquel,CLC-1,,NO_TICKET_REPORTED,14,12,0,2,0,3,1564361|1021309___1564281|1517657|1557545|1011030|1565835|1565836|1531145|1564169|1024939|1018559|1532592,11038|10764|10701|12192|11035|11031|10983|11145|12262|10776|10724|12268,1564361|1564281|1517657|1557545|1011030|1565835|1565836|1531145|1564169|1024939|1018559|1556286|1532592|1528220,"programmed PCB assy Router|wedge board|PCB assy Leaf Motor Drive|camera|Les|Kit spare, Diaphragm Brake|Kit spares, DLG Brake|Router PCB Cage fan|kit led proyector|fan led proyector|LMD fan and bracket|Fru assembly Wedge|BMDM spares kit|Camera CCU PCB",MATCHED|NO_MATCH,REF_EXACT|REF_LIKE|NONE,HAS_UNMATCHED_PARTS
3069,2025-05-20T17:32:00.000Z,FIELD_BEAT_CLIENT|93.930.000-7|CLÍNICA LAS CONDES,93.930.000-7,CLÍNICA LAS CONDES,CORRECTIVA PROGRAMADA,FINISHED,ccarrasquel,CLC-1,,NO_TICKET_REPORTED,3,3,0,0,0,0,4513316442301M|1515098|45133304800,10312|10374|10375,4513316442301M|1515098|45133304800,Filter Element 5 microm|ION Pump spare|Electron GUN subassembly,MATCHED,REF_EXACT,OK
3070,2025-05-20T17:33:00.000Z,FIELD_BEAT_CLIENT|93.930.000-7|CLÍNICA LAS CONDES,93.930.000-7,CLÍNICA LAS CONDES,CORRECTIVA PROGRAMADA,FINISHED,ccarrasquel,CLC-1,,NO_TICKET_REPORTED,0,0,0,0,0,0,,,,,,,NO_USED_PARTS
3071,2025-05-20T17:35:00.000Z,FIELD_BEAT_CLIENT|93.930.000-7|CLÍNICA LAS CONDES,93.930.000-7,CLÍNICA LAS CONDES,CORRECTIVA PROGRAMADA,FINISHED,ccarrasquel,CLC-1,,NO_TICKET_REPORTED,1,1,0,0,0,0,1502613,10994,1502613,"MOD kit, Láser ODI Lámp",MATCHED,REF_EXACT,OK
3072,2025-05-16T12:30:00.000Z,FIELD_BEAT_CLIENT|70377400-8|FUNDACION ARTURO LOPEZ PEREZ,70377400-8,FUNDACION ARTURO LOPEZ PEREZ,CORRECTIVA PROGRAMADA,FINISHED,adiaz,APOTECA-CHEMO,,NO_TICKET_REPORTED,0,0,0,0,0,0,,,,,,,NO_USED_PARTS
3073,2025-05-20T15:30:00.000Z,FIELD_BEAT_CLIENT|70377400-8|FUNDACION ARTURO LOPEZ PEREZ,70377400-8,FUNDACION ARTURO LOPEZ PEREZ,REQUERIMIENTO DEL CLIENTE,FINISHED,adiaz,,,NO_TICKET_REPORTED,0,0,0,0,0,0,,,,,,,NO_USED_PARTS
3074,2025-05-22T14:39:00.000Z,FIELD_BEAT_CLIENT|70377400-8|FUNDACION ARTURO LOPEZ PEREZ,70377400-8,FUNDACION ARTURO LOPEZ PEREZ,CORRECTIVA PROGRAMADA,FINISHED,adiaz,APOTECA-CHEMO,,NO_TICKET_REPORTED,0,0,0,0,0,0,,,,,,,NO_USED_PARTS
3075,2025-05-22T14:50:00.000Z,FIELD_BEAT_CLIENT|70377400-8|FUNDACION ARTURO LOPEZ PEREZ,70377400-8,FUNDACION ARTURO LOPEZ PEREZ,,FINISHED,ccarrasquel,LINAC-153038,9219,LINKED_TO_ACCESSIBLE_ZENDESK,1,1,0,0,0,0,1534958,11034,1534958,kit spare leaf motor,MATCHED,REF_EXACT,OK
3076,2025-05-22T22:12:00.000Z,FIELD_BEAT_CLIENT|93.930.000-7|CLÍNICA LAS CONDES,93.930.000-7,CLÍNICA LAS CONDES,CORRECTIVA PROGRAMADA,FINISHED,ccarrasquel,CLC-1,,NO_TICKET_REPORTED,1,1,0,0,0,1,1018265_proveedor_local,11961,1018265,Z drive motor brush,MATCHED,REF_LIKE,REVIEW_REQUIRED
3077,2025-05-23T22:19:00.000Z,FIELD_BEAT_CLIENT|96.770.100-9|CLINICA ALEMANA DE SANTIAGO,96.770.100-9,CLINICA ALEMANA DE SANTIAGO,REQUERIMIENTO DEL CLIENTE,FINISHED,mabreu,Linac-151673,9220,LINKED_TO_MISSING_OR_RESTRICTED_ZENDESK,0,0,0,0,0,0,,,,,,,NO_USED_PARTS
3078,2025-05-24T14:42:00.000Z,FIELD_BEAT_CLIENT|96.770.100-9|CLINICA ALEMANA DE SANTIAGO,96.770.100-9,CLINICA ALEMANA DE SANTIAGO,CORRECTIVA PROGRAMADA,FINISHED,mabreu,Linac-152171,9218,LINKED_TO_ACCESSIBLE_ZENDESK,0,0,0,0,0,0,,,,,,,NO_USED_PARTS
3079,2025-05-26T12:40:00.000Z,FIELD_BEAT_CLIENT|96.770.100-9|CLINICA ALEMANA DE SANTIAGO,96.770.100-9,CLINICA ALEMANA DE SANTIAGO,REQUERIMIENTO DEL CLIENTE,FINISHED,ccarrasquel,Linac-152171,,NO_TICKET_REPORTED,0,0,0,0,0,0,,,,,,,NO_USED_PARTS
3080,2025-05-26T18:32:00.000Z,FIELD_BEAT_CLIENT|81.698.900-0|UC CHRISTUS - CECA,81.698.900-0,UC CHRISTUS - CECA,CORRECTIVA NO PROGRAMADA,FINISHED,aecheverria,Linac-109374,9222,LINKED_TO_ACCESSIBLE_ZENDESK,1,0,1,0,0,1,,,,N/A,PLACEHOLDER_VALUE,PLACEHOLDER_REJECTED,HAS_PLACEHOLDERS
3081,2025-05-27T23:03:00.000Z,FIELD_BEAT_CLIENT|96.770.100-9|CLINICA ALEMANA DE SANTIAGO,96.770.100-9,CLINICA ALEMANA DE SANTIAGO,CORRECTIVA NO PROGRAMADA,FINISHED,mabreu,Linac-152171,,NO_TICKET_REPORTED,1,1,0,0,0,0,1534958,11034,1534958,"KIT, SPARE, LEAF MOTOR",MATCHED,REF_EXACT,OK
3082,2025-05-27T23:07:00.000Z,FIELD_BEAT_CLIENT|96.770.100-9|CLINICA ALEMANA DE SANTIAGO,96.770.100-9,CLINICA ALEMANA DE SANTIAGO,CORRECTIVA NO PROGRAMADA,FINISHED,mabreu,Linac-151673,9220,LINKED_TO_MISSING_OR_RESTRICTED_ZENDESK,1,1,0,0,0,0,45133308034,12128,45133308034,MAGNETRON MG6363,MATCHED,REF_EXACT,OK
3083,2025-05-27T23:46:00.000Z,FIELD_BEAT_CLIENT|93.930.000-7|CLÍNICA LAS CONDES,93.930.000-7,CLÍNICA LAS CONDES,CORRECTIVA PROGRAMADA,FINISHED,ccarrasquel,CLC-1,,NO_TICKET_REPORTED,0,0,0,0,0,0,,,,,,,NO_USED_PARTS
3084,2025-05-28T20:35:00.000Z,FIELD_BEAT_CLIENT|70377400-8|FUNDACION ARTURO LOPEZ PEREZ,70377400-8,FUNDACION ARTURO LOPEZ PEREZ,PREVENTIVA PROGRAMADA,FINISHED,mabreu,LINAC-153038,1000000000,LINKED_TO_MISSING_OR_RESTRICTED_ZENDESK,0,0,0,0,0,0,,,,,,,NO_USED_PARTS
3085,2025-05-28T20:38:00.000Z,FIELD_BEAT_CLIENT|70377400-8|FUNDACION ARTURO LOPEZ PEREZ,70377400-8,FUNDACION ARTURO LOPEZ PEREZ,PREVENTIVA PROGRAMADA,FINISHED,mabreu,LINAC-153038,9195,LINKED_TO_MISSING_OR_RESTRICTED_ZENDESK,2,2,0,0,0,0,1015076|1015075,10957|10958,1015076|1015075,CABLE RETRACTILE (SK25BB-SK26B)|CABLE RETRACTILE (SK25AA-SK26A),MATCHED,REF_EXACT,OK
3086,2025-05-28T20:00:00.000Z,FIELD_BEAT_CLIENT|70377400-8|FUNDACION ARTURO LOPEZ PEREZ,70377400-8,FUNDACION ARTURO LOPEZ PEREZ,INSTALACION - INTEGRACION,FINISHED,rcammalleri,LINAC-153038,9153,LINKED_TO_ACCESSIBLE_ZENDESK,1,0,1,0,0,1,,,,Disco Duro WesternDigital 1TB,PLACEHOLDER_VALUE,PLACEHOLDER_REJECTED,HAS_PLACEHOLDERS
3087,2025-05-29T17:20:00.000Z,FIELD_BEAT_CLIENT|96.757.430-9|INRAD,96.757.430-9,INRAD,REQUERIMIENTO DEL CLIENTE,FINISHED,ssalice,,9142,LINKED_TO_ACCESSIBLE_ZENDESK,0,0,0,0,0,0,,,,,,,NO_USED_PARTS
3088,2025-05-29T22:30:00.000Z,FIELD_BEAT_CLIENT|93.930.000-7|CLÍNICA LAS CONDES,93.930.000-7,CLÍNICA LAS CONDES,CORRECTIVA PROGRAMADA,FINISHED,ccarrasquel,CLC-1,,NO_TICKET_REPORTED,0,0,0,0,0,0,,,,,,,NO_USED_PARTS
3089,2025-05-29T22:31:00.000Z,FIELD_BEAT_CLIENT|93.930.000-7|CLÍNICA LAS CONDES,93.930.000-7,CLÍNICA LAS CONDES,CORRECTIVA PROGRAMADA,FINISHED,ccarrasquel,CLC-1,,NO_TICKET_REPORTED,0,0,0,0,0,0,,,,,,,NO_USED_PARTS
3090,2025-05-30T21:54:00.000Z,FIELD_BEAT_CLIENT|93.930.000-7|CLÍNICA LAS CONDES,93.930.000-7,CLÍNICA LAS CONDES,CORRECTIVA PROGRAMADA,FINISHED,ccarrasquel,CLC-1,,NO_TICKET_REPORTED,0,0,0,0,0,0,,,,,,,NO_USED_PARTS
3091,2025-05-30T22:21:00.000Z,FIELD_BEAT_CLIENT|61.608.404-6|Instituto Nacional del Cáncer (INC),61.608.404-6,Instituto Nacional del Cáncer (INC),CORRECTIVA PROGRAMADA,FINISHED,mabreu,INC-156473,9176,LINKED_TO_ACCESSIBLE_ZENDESK,1,1,0,0,0,1,1553878___1552668,11247,1552668,Z Motor - ElektroCraft,MATCHED,REF_LIKE,REVIEW_REQUIRED
3092,2025-06-02T11:51:00.000Z,FIELD_BEAT_CLIENT|61.606.500-9|HOSPITAL CARLOS VAN BUREN (SSVSA),61.606.500-9,HOSPITAL CARLOS VAN BUREN (SSVSA),REQUERIMIENTO DEL CLIENTE,FINISHED,jecheverria,Linac-154325,222,LINKED_TO_MISSING_OR_RESTRICTED_ZENDESK,0,0,0,0,0,0,,,,,,,NO_USED_PARTS
3093,2025-06-02T12:24:00.000Z,FIELD_BEAT_CLIENT|61.606.500-9|HOSPITAL CARLOS VAN BUREN (SSVSA),61.606.500-9,HOSPITAL CARLOS VAN BUREN (SSVSA),REQUERIMIENTO DEL CLIENTE,FINISHED,jecheverria,Linac-154325,222,LINKED_TO_MISSING_OR_RESTRICTED_ZENDESK,0,0,0,0,0,0,,,,,,,NO_USED_PARTS
3094,2025-05-14T19:30:00.000Z,FIELD_BEAT_CLIENT|76.746.730-3|CLÍNICA SANATORIO ALEMÁN (ONCORAD),76.746.730-3,CLÍNICA SANATORIO ALEMÁN (ONCORAD),CORRECTIVA PROGRAMADA,FINISHED,ebecker,Linac-201110,9100,LINKED_TO_MISSING_OR_RESTRICTED_ZENDESK,1,0,0,1,0,1,,,BJ3324.003,G/O TB-6U,NO_MATCH,NONE,HAS_UNMATCHED_PARTS
3095,2025-05-30T12:30:00.000Z,FIELD_BEAT_CLIENT|76.746.730-3|CLÍNICA SANATORIO ALEMÁN (ONCORAD),76.746.730-3,CLÍNICA SANATORIO ALEMÁN (ONCORAD),CORRECTIVA NO PROGRAMADA,FINISHED,ebecker,Linac-201110,,NO_TICKET_REPORTED,1,1,0,0,0,0,4714201102,11286,4714201102,MAGNETRON MG5193,MATCHED,REF_EXACT,OK
3096,2025-06-02T12:58:00.000Z,FIELD_BEAT_CLIENT|96.770.100-9|CLINICA ALEMANA DE SANTIAGO,96.770.100-9,CLINICA ALEMANA DE SANTIAGO,PUESTA EN MARCHA,FINISHED,mabreu,Linac-152171,,NO_TICKET_REPORTED,0,0,0,0,0,0,,,,,,,NO_USED_PARTS
3097,2025-06-02T19:30:00.000Z,FIELD_BEAT_CLIENT|76.746.730-3|CLÍNICA SANATORIO ALEMÁN (ONCORAD),76.746.730-3,CLÍNICA SANATORIO ALEMÁN (ONCORAD),CORRECTIVA NO PROGRAMADA,FINISHED,ebecker,Linac-201110,,NO_TICKET_REPORTED,0,0,0,0,0,0,,,,,,,NO_USED_PARTS
3098,2025-06-02T23:21:00.000Z,FIELD_BEAT_CLIENT|81.698.900-0|UC CHRISTUS - SCA,81.698.900-0,UC CHRISTUS - SCA,CORRECTIVA PROGRAMADA,FINISHED,mabreu,Linac-109256,9074,LINKED_TO_MISSING_OR_RESTRICTED_ZENDESK,0,0,0,0,0,0,,,,,,,NO_USED_PARTS
3099,2025-06-02T23:37:00.000Z,FIELD_BEAT_CLIENT|70377400-8|FUNDACION ARTURO LOPEZ PEREZ,70377400-8,FUNDACION ARTURO LOPEZ PEREZ,CORRECTIVA PROGRAMADA,FINISHED,aecheverria,LINAC-153038,,NO_TICKET_REPORTED,1,1,0,0,0,0,1549950,12134,1549950,HHC KIT SINERGY/INFINITY,MATCHED,REF_EXACT,OK
3100,2025-05-27T12:30:00.000Z,FIELD_BEAT_CLIENT|76.746.730-3|CLÍNICA SANATORIO ALEMÁN (ONCORAD),76.746.730-3,CLÍNICA SANATORIO ALEMÁN (ONCORAD),CORRECTIVA PROGRAMADA,FINISHED,ebecker,Linac-201110,,NO_TICKET_REPORTED,1,1,0,0,0,0,45133326590,11568,45133326590,CAMERA LENS ASSEMBLY,MATCHED,REF_EXACT,OK
3101,2025-06-05T02:05:00.000Z,FIELD_BEAT_CLIENT|96.770.100-9|CLINICA ALEMANA DE SANTIAGO,96.770.100-9,CLINICA ALEMANA DE SANTIAGO,CORRECTIVA NO PROGRAMADA,FINISHED,mabreu,Linac-152171,,NO_TICKET_REPORTED,0,0,0,0,0,0,,,,,,,NO_USED_PARTS
3102,2025-06-05T19:05:00.000Z,FIELD_BEAT_CLIENT|81.698.900-0|UC CHRISTUS - SCA,81.698.900-0,UC CHRISTUS - SCA,CORRECTIVA NO PROGRAMADA,FINISHED,aecheverria,Linac-109256,9244,LINKED_TO_ACCESSIBLE_ZENDESK,1,1,0,0,0,0,1572991,10978,1572991,FRU Z MTR BRUSH SET (E CRAFT),MATCHED,REF_EXACT,OK
3103,2025-06-05T17:37:00.000Z,FIELD_BEAT_CLIENT|96.770.100-9|CLINICA ALEMANA DE SANTIAGO,96.770.100-9,CLINICA ALEMANA DE SANTIAGO,CORRECTIVA NO PROGRAMADA,FINISHED,mabreu,Linac-152171,,NO_TICKET_REPORTED,1,1,0,0,0,0,1010848,11037,1010848,"MIRROR ASSEMBLY, OPT",MATCHED,REF_EXACT,OK
3104,2025-06-05T22:21:00.000Z,FIELD_BEAT_CLIENT|93.930.000-7|CLÍNICA LAS CONDES,93.930.000-7,CLÍNICA LAS CONDES,CORRECTIVA PROGRAMADA,FINISHED,ccarrasquel,CLC-1,,NO_TICKET_REPORTED,0,0,0,0,0,0,,,,,,,NO_USED_PARTS
3105,2025-06-05T22:26:00.000Z,FIELD_BEAT_CLIENT|93.930.000-7|CLÍNICA LAS CONDES,93.930.000-7,CLÍNICA LAS CONDES,CORRECTIVA PROGRAMADA,FINISHED,ccarrasquel,CLC-1,,NO_TICKET_REPORTED,0,0,0,0,0,0,,,,,,,NO_USED_PARTS
3106,2025-06-05T22:33:00.000Z,FIELD_BEAT_CLIENT|93.930.000-7|CLÍNICA LAS CONDES,93.930.000-7,CLÍNICA LAS CONDES,CORRECTIVA PROGRAMADA,FINISHED,ccarrasquel,CLC-1,,NO_TICKET_REPORTED,0,0,0,0,0,0,,,,,,,NO_USED_PARTS
3107,2025-06-05T22:41:00.000Z,FIELD_BEAT_CLIENT|93.930.000-7|CLÍNICA LAS CONDES,93.930.000-7,CLÍNICA LAS CONDES,CORRECTIVA PROGRAMADA,FINISHED,ccarrasquel,CLC-1,,NO_TICKET_REPORTED,2,1,0,1,0,1,1517657,10701,1538489|1517657,"Diaphragm / DLG PCB|PCB, Assy, Leaf Motor Drive",NO_MATCH|MATCHED,NONE|REF_EXACT,HAS_UNMATCHED_PARTS
3108,2025-06-05T20:00:00.000Z,FIELD_BEAT_CLIENT|76.746.730-3|RADIO ONCOLOGÍA DEL SUR,76.746.730-3,RADIO ONCOLOGÍA DEL SUR,CORRECTIVA PROGRAMADA,FINISHED,ebecker,Linac-156187,9236,LINKED_TO_MISSING_OR_RESTRICTED_ZENDESK,0,0,0,0,0,0,,,,,,,NO_USED_PARTS
3109,2025-06-06T13:42:00.000Z,FIELD_BEAT_CLIENT|61.608.404-6|Instituto Nacional del Cáncer (INC),61.608.404-6,Instituto Nacional del Cáncer (INC),CORRECTIVA PROGRAMADA,FINISHED,ccarrasquel,INC-156473,,NO_TICKET_REPORTED,0,0,0,0,0,0,,,,,,,NO_USED_PARTS
3110,2025-06-06T18:30:00.000Z,FIELD_BEAT_CLIENT|70377400-8|FUNDACION ARTURO LOPEZ PEREZ,70377400-8,FUNDACION ARTURO LOPEZ PEREZ,CORRECTIVA PROGRAMADA,FINISHED,rcammalleri,APOTECA-CHEMO,,NO_TICKET_REPORTED,1,1,0,0,0,0,019149,11225,019149,Filtro canister,MATCHED,REF_EXACT,OK
3111,2025-06-06T19:16:00.000Z,FIELD_BEAT_CLIENT|61.608.404-6|Instituto Nacional del Cáncer (INC),61.608.404-6,Instituto Nacional del Cáncer (INC),CORRECTIVA PROGRAMADA,FINISHED,ccarrasquel,INC-156473,,NO_TICKET_REPORTED,0,0,0,0,0,0,,,,,,,NO_USED_PARTS
3112,2025-06-06T19:46:00.000Z,FIELD_BEAT_CLIENT|61.608.404-6|Instituto Nacional del Cáncer (INC),61.608.404-6,Instituto Nacional del Cáncer (INC),PREVENTIVA PROGRAMADA,FINISHED,ccarrasquel,INC-156473,,NO_TICKET_REPORTED,0,0,0,0,0,0,,,,,,,NO_USED_PARTS
3113,2025-06-06T19:30:00.000Z,FIELD_BEAT_CLIENT|70.377.400-8|FUNDACION ARTURO LOPEZ PEREZ,70.377.400-8,FUNDACION ARTURO LOPEZ PEREZ,REQUERIMIENTO DEL CLIENTE,FINISHED,ssalice,,9153,LINKED_TO_ACCESSIBLE_ZENDESK,0,0,0,0,0,0,,,,,,,NO_USED_PARTS
3114,2025-06-07T15:00:00.000Z,FIELD_BEAT_CLIENT|61.607.901-8|SERVICIO DE SALUD DE MAGALLANES,61.607.901-8,SERVICIO DE SALUD DE MAGALLANES,CORRECTIVA PROGRAMADA,FINISHED,varenas,OIS-HCM|TPS-HCM,9217,LINKED_TO_ACCESSIBLE_ZENDESK,0,0,0,0,0,0,,,,,,,NO_USED_PARTS
3115,2025-06-09T10:30:00.000Z,FIELD_BEAT_CLIENT|61.606.500-9|HOSPITAL CARLOS VAN BUREN (SSVSA),61.606.500-9,HOSPITAL CARLOS VAN BUREN (SSVSA),CORRECTIVA NO PROGRAMADA,FINISHED,jecheverria,Linac-154325,9083,LINKED_TO_MISSING_OR_RESTRICTED_ZENDESK,0,0,0,0,0,0,,,,,,,NO_USED_PARTS
3116,2025-06-09T10:30:00.000Z,FIELD_BEAT_CLIENT|61.606.500-9|HOSPITAL CARLOS VAN BUREN (SSVSA),61.606.500-9,HOSPITAL CARLOS VAN BUREN (SSVSA),CORRECTIVA NO PROGRAMADA,FINISHED,jecheverria,Linac-154325,9083,LINKED_TO_MISSING_OR_RESTRICTED_ZENDESK,0,0,0,0,0,0,,,,,,,NO_USED_PARTS
3117,2025-06-09T16:22:00.000Z,FIELD_BEAT_CLIENT|81.698.900-0|UC CHRISTUS - CECA,81.698.900-0,UC CHRISTUS - CECA,CORRECTIVA NO PROGRAMADA,FINISHED,mabreu,Linac-109374,9248,LINKED_TO_ACCESSIBLE_ZENDESK,0,0,0,0,0,0,,,,,,,NO_USED_PARTS
3118,2025-06-10T22:35:00.000Z,FIELD_BEAT_CLIENT|81.698.900-0|UC CHRISTUS - SCA,81.698.900-0,UC CHRISTUS - SCA,CORRECTIVA PROGRAMADA,FINISHED,mabreu,Linac-109256,9074,LINKED_TO_MISSING_OR_RESTRICTED_ZENDESK,1,1,0,0,0,0,1564298,11039,1564298,"PCB ASSYS, DLG AND DIAPHRAGM DRIVE",MATCHED,REF_EXACT,OK
3119,2025-06-11T15:18:00.000Z,FIELD_BEAT_CLIENT|93.930.000-7|CLÍNICA LAS CONDES,93.930.000-7,CLÍNICA LAS CONDES,PREVENTIVA PROGRAMADA,FINISHED,ccarrasquel,CLC-1,,NO_TICKET_REPORTED,0,0,0,0,0,0,,,,,,,NO_USED_PARTS
3120,2025-06-11T22:14:00.000Z,FIELD_BEAT_CLIENT|81.698.900-0|UC CHRISTUS - SCA,81.698.900-0,UC CHRISTUS - SCA,CORRECTIVA PROGRAMADA,FINISHED,ccarrasquel,Linac-109256,9074,LINKED_TO_MISSING_OR_RESTRICTED_ZENDESK,1,1,0,0,0,0,1564298,11039,1564298,"pcb assy, dlg and diaphragm",MATCHED,REF_EXACT,OK
3121,2025-06-12T16:30:00.000Z,FIELD_BEAT_CLIENT|70377400-8|FUNDACION ARTURO LOPEZ PEREZ,70377400-8,FUNDACION ARTURO LOPEZ PEREZ,CORRECTIVA NO PROGRAMADA,FINISHED,adiaz,APOTECA-CHEMO,,NO_TICKET_REPORTED,0,0,0,0,0,0,,,,,,,NO_USED_PARTS
3122,2025-06-12T14:00:00.000Z,FIELD_BEAT_CLIENT|96.770.100-9|CLINICA ALEMANA DE SANTIAGO,96.770.100-9,CLINICA ALEMANA DE SANTIAGO,REQUERIMIENTO DEL CLIENTE,FINISHED,jacuna,,,NO_TICKET_REPORTED,0,0,0,0,0,0,,,,,,,NO_USED_PARTS
3123,2025-06-12T21:07:00.000Z,FIELD_BEAT_CLIENT|93.930.000-7|CLÍNICA LAS CONDES,93.930.000-7,CLÍNICA LAS CONDES,CORRECTIVA PROGRAMADA,FINISHED,ccarrasquel,CLC-1,9262,LINKED_TO_ACCESSIBLE_ZENDESK,1,1,0,0,0,0,1564298,11039,1564298,"pcb assy, dlg and diaphragm",MATCHED,REF_EXACT,OK
3124,2025-06-12T22:12:00.000Z,FIELD_BEAT_CLIENT|96.770.100-9|CLINICA ALEMANA DE SANTIAGO,96.770.100-9,CLINICA ALEMANA DE SANTIAGO,CORRECTIVA NO PROGRAMADA,FINISHED,mabreu,Linac-151673,,NO_TICKET_REPORTED,0,0,0,0,0,0,,,,,,,NO_USED_PARTS
3125,2025-06-14T00:00:00.000Z,FIELD_BEAT_CLIENT|81.698.900-0|UC CHRISTUS - CECA,81.698.900-0,UC CHRISTUS - CECA,PREVENTIVA PROGRAMADA,FINISHED,ccarrasquel,Linac-153935,,NO_TICKET_REPORTED,2,2,0,0,0,0,1534958|1010848,11034|11037,1534958|1010848,kit spare leaf motor|Mirro,MATCHED,REF_EXACT,OK
3126,2025-06-16T23:38:00.000Z,FIELD_BEAT_CLIENT|93.930.000-7|CLÍNICA LAS CONDES,93.930.000-7,CLÍNICA LAS CONDES,CORRECTIVA PROGRAMADA,FINISHED,ccarrasquel,CLC-1,9267,LINKED_TO_ACCESSIBLE_ZENDESK,1,1,0,0,0,0,1564169,12262,1564169,"kit, luminoso proj assy and pcb assy, led control",MATCHED,REF_EXACT,OK
3127,2025-06-17T16:24:00.000Z,FIELD_BEAT_CLIENT|96.770.100-9|CLINICA ALEMANA DE SANTIAGO,96.770.100-9,CLINICA ALEMANA DE SANTIAGO,CORRECTIVA PROGRAMADA,FINISHED,ccarrasquel,Linac-152171,,NO_TICKET_REPORTED,0,0,0,0,0,0,,,,,,,NO_USED_PARTS
3128,2025-06-17T16:34:00.000Z,FIELD_BEAT_CLIENT|96.770.100-9|CLINICA ALEMANA DE SANTIAGO,96.770.100-9,CLINICA ALEMANA DE SANTIAGO,REQUERIMIENTO DEL CLIENTE,FINISHED,jacuna,,,NO_TICKET_REPORTED,0,0,0,0,0,0,,,,,,,NO_USED_PARTS
3129,2025-06-19T14:53:00.000Z,FIELD_BEAT_CLIENT|61.608.404-6|Instituto Nacional del Cáncer (INC),61.608.404-6,Instituto Nacional del Cáncer (INC),PREVENTIVA PROGRAMADA,FINISHED,ccarrasquel,INC-156473,,NO_TICKET_REPORTED,0,0,0,0,0,0,,,,,,,NO_USED_PARTS
3130,2025-06-17T14:00:00.000Z,FIELD_BEAT_CLIENT|61.605.000-1|INSTITUTO DE SALUD PUBLICA (ISP),61.605.000-1,INSTITUTO DE SALUD PUBLICA (ISP),PREVENTIVA PROGRAMADA,FINISHED,glopez,PANASONIC-ISP,,NO_TICKET_REPORTED,1,0,0,1,0,1,,,No,No,NO_MATCH,NONE,HAS_UNMATCHED_PARTS
3131,2025-06-23T12:51:00.000Z,FIELD_BEAT_CLIENT|96.770.100-9|CLINICA ALEMANA DE SANTIAGO,96.770.100-9,CLINICA ALEMANA DE SANTIAGO,REQUERIMIENTO DEL CLIENTE,FINISHED,ccarrasquel,Linac-152171,,NO_TICKET_REPORTED,0,0,0,0,0,0,,,,,,,NO_USED_PARTS
3132,2025-06-23T12:30:00.000Z,FIELD_BEAT_CLIENT|76.746.730-3|CLÍNICA SANATORIO ALEMÁN (ONCORAD),76.746.730-3,CLÍNICA SANATORIO ALEMÁN (ONCORAD),CORRECTIVA NO PROGRAMADA,FINISHED,ebecker,HDR_10806,,NO_TICKET_REPORTED,1,1,0,0,0,0,080140,12197,080140,Fiber Optic,MATCHED,REF_EXACT,OK
3133,2025-06-23T17:37:00.000Z,FIELD_BEAT_CLIENT|93.930.000-7|CLÍNICA LAS CONDES,93.930.000-7,CLÍNICA LAS CONDES,CORRECTIVA NO PROGRAMADA,FINISHED,aecheverria,CLC-1,9277,LINKED_TO_ACCESSIBLE_ZENDESK,1,0,1,0,0,1,,,,N/A,PLACEHOLDER_VALUE,PLACEHOLDER_REJECTED,HAS_PLACEHOLDERS
3134,2025-06-23T18:26:00.000Z,FIELD_BEAT_CLIENT|93.930.000-7|CLÍNICA LAS CONDES,93.930.000-7,CLÍNICA LAS CONDES,CORRECTIVA PROGRAMADA,FINISHED,ccarrasquel,CLC-1,9273,LINKED_TO_ACCESSIBLE_ZENDESK,0,0,0,0,0,0,,,,,,,NO_USED_PARTS
3135,2025-06-24T20:36:00.000Z,FIELD_BEAT_CLIENT|93.930.000-7|CLÍNICA LAS CONDES,93.930.000-7,CLÍNICA LAS CONDES,CORRECTIVA PROGRAMADA,FINISHED,mabreu,CLC-2,,NO_TICKET_REPORTED,0,0,0,0,0,0,,,,,,,NO_USED_PARTS
3136,2025-06-24T20:55:00.000Z,FIELD_BEAT_CLIENT|96.770.100-9|CLINICA ALEMANA DE SANTIAGO,96.770.100-9,CLINICA ALEMANA DE SANTIAGO,REQUERIMIENTO DEL CLIENTE,FINISHED,ssalice,,9269,LINKED_TO_ACCESSIBLE_ZENDESK,0,0,0,0,0,0,,,,,,,NO_USED_PARTS
3137,2025-06-24T23:10:00.000Z,FIELD_BEAT_CLIENT|81.698.900-0|UC CHRISTUS - SCA,81.698.900-0,UC CHRISTUS - SCA,CORRECTIVA PROGRAMADA,FINISHED,aecheverria,Linac-109256,9173,LINKED_TO_ACCESSIBLE_ZENDESK,1,0,1,0,0,1,,,,N/A,PLACEHOLDER_VALUE,PLACEHOLDER_REJECTED,HAS_PLACEHOLDERS
3138,2025-06-25T23:22:00.000Z,FIELD_BEAT_CLIENT|70377400-8|FUNDACION ARTURO LOPEZ PEREZ,70377400-8,FUNDACION ARTURO LOPEZ PEREZ,CORRECTIVA NO PROGRAMADA,SCHEDULED,,LINAC-153038,,NO_TICKET_REPORTED,0,0,0,0,0,0,,,,,,,NO_USED_PARTS
3139,2025-06-25T23:23:00.000Z,FIELD_BEAT_CLIENT|70377400-8|FUNDACION ARTURO LOPEZ PEREZ,70377400-8,FUNDACION ARTURO LOPEZ PEREZ,CORRECTIVA NO PROGRAMADA,FINISHED,mabreu,LINAC-153038,9289,LINKED_TO_MISSING_OR_RESTRICTED_ZENDESK,1,1,0,0,0,0,1501074,11487,1501074,"PCB ASSEMBLY, DOSIMETRY B (DOSE-B)",MATCHED,REF_EXACT,OK
3140,2025-06-25T23:27:00.000Z,FIELD_BEAT_CLIENT|93.930.000-7|CLÍNICA LAS CONDES,93.930.000-7,CLÍNICA LAS CONDES,CORRECTIVA NO PROGRAMADA,FINISHED,mabreu,CLC-1,9288,LINKED_TO_ACCESSIBLE_ZENDESK,1,1,0,0,0,0,1010848,11037,1010848,"Mirror assembly, optics (Agility)",MATCHED,REF_EXACT,OK
3141,2025-06-26T16:30:00.000Z,FIELD_BEAT_CLIENT|61.608.404-6|Instituto Nacional del Cáncer (INC),61.608.404-6,Instituto Nacional del Cáncer (INC),CORRECTIVA PROGRAMADA,FINISHED,aecheverria,INC-156473,9282,LINKED_TO_ACCESSIBLE_ZENDESK,1,0,1,0,0,1,,,,N/A,PLACEHOLDER_VALUE,PLACEHOLDER_REJECTED,HAS_PLACEHOLDERS
3142,2025-06-27T16:30:00.000Z,FIELD_BEAT_CLIENT|61.608.404-6|Instituto Nacional del Cáncer (INC),61.608.404-6,Instituto Nacional del Cáncer (INC),CORRECTIVA PROGRAMADA,FINISHED,aecheverria,INC-156473,9297,LINKED_TO_ACCESSIBLE_ZENDESK,1,0,1,0,0,1,,,,N/A,PLACEHOLDER_VALUE,PLACEHOLDER_REJECTED,HAS_PLACEHOLDERS
3143,2025-06-25T12:30:00.000Z,FIELD_BEAT_CLIENT|76.746.730-3|RADIO ONCOLOGÍA DEL SUR,76.746.730-3,RADIO ONCOLOGÍA DEL SUR,CORRECTIVA PROGRAMADA,FINISHED,ebecker,Linac-156187,8775,LINKED_TO_MISSING_OR_RESTRICTED_ZENDESK,1,1,0,0,0,0,1568178,10821,1568178,SIB PCB,MATCHED,REF_EXACT,OK
3144,2025-06-28T14:02:00.000Z,FIELD_BEAT_CLIENT|96.770.100-9|CLINICA ALEMANA DE SANTIAGO,96.770.100-9,CLINICA ALEMANA DE SANTIAGO,PREVENTIVA PROGRAMADA,FINISHED,mabreu,Linac-152171,,NO_TICKET_REPORTED,1,1,0,0,0,1,4513316442301M,10312,4513316442301,5 Micron Filter CoS,MATCHED,REF_LIKE,REVIEW_REQUIRED
3145,2025-06-30T14:08:00.000Z,FIELD_BEAT_CLIENT|96.770.100-9|CLINICA ALEMANA DE SANTIAGO,96.770.100-9,CLINICA ALEMANA DE SANTIAGO,PUESTA EN MARCHA,FINISHED,mabreu,Linac-152171,,NO_TICKET_REPORTED,0,0,0,0,0,0,,,,,,,NO_USED_PARTS
3146,2025-06-30T20:16:00.000Z,FIELD_BEAT_CLIENT|81.698.900-0|UC CHRISTUS - CECA,81.698.900-0,UC CHRISTUS - CECA,REQUERIMIENTO DEL CLIENTE,FINISHED,ssalice,,9305,LINKED_TO_MISSING_OR_RESTRICTED_ZENDESK,0,0,0,0,0,0,,,,,,,NO_USED_PARTS
3147,2025-06-30T20:30:00.000Z,FIELD_BEAT_CLIENT|70377400-8|FUNDACION ARTURO LOPEZ PEREZ,70377400-8,FUNDACION ARTURO LOPEZ PEREZ,CORRECTIVA PROGRAMADA,FINISHED,aecheverria,LINAC-153038,,NO_TICKET_REPORTED,1,0,1,0,0,1,,,,N/A,PLACEHOLDER_VALUE,PLACEHOLDER_REJECTED,HAS_PLACEHOLDERS
3148,2025-07-01T20:02:00.000Z,FIELD_BEAT_CLIENT|93.930.000-7|CLÍNICA LAS CONDES,93.930.000-7,CLÍNICA LAS CONDES,CORRECTIVA PROGRAMADA,FINISHED,mabreu,CLC-2,,NO_TICKET_REPORTED,0,0,0,0,0,0,,,,,,,NO_USED_PARTS
3149,2025-07-01T20:30:00.000Z,FIELD_BEAT_CLIENT|76.746.730-3|RADIO ONCOLOGÍA DEL SUR,76.746.730-3,RADIO ONCOLOGÍA DEL SUR,CORRECTIVA NO PROGRAMADA,FINISHED,ebecker,Linac-156187,,NO_TICKET_REPORTED,1,1,0,0,0,0,1534958,11034,1534958,Kit Leaf Motor,MATCHED,REF_EXACT,OK
3150,2025-07-01T21:53:00.000Z,FIELD_BEAT_CLIENT|93.930.000-7|CLÍNICA LAS CONDES,93.930.000-7,CLÍNICA LAS CONDES,CORRECTIVA PROGRAMADA,FINISHED,mabreu,CLC-2,,NO_TICKET_REPORTED,0,0,0,0,0,0,,,,,,,NO_USED_PARTS
3151,2025-07-01T22:42:00.000Z,FIELD_BEAT_CLIENT|96.770.100-9|CLINICA ALEMANA DE SANTIAGO,96.770.100-9,CLINICA ALEMANA DE SANTIAGO,CORRECTIVA NO PROGRAMADA,FINISHED,mabreu,Linac-152171,9307,LINKED_TO_ACCESSIBLE_ZENDESK,1,1,0,0,0,0,1564361,11038,1564361,"PROGRAMMED PCB ASSY, ROUTER",MATCHED,REF_EXACT,OK
3152,2025-07-01T20:50:00.000Z,FIELD_BEAT_CLIENT|81.698.900-0|UC CHRISTUS - SCA,81.698.900-0,UC CHRISTUS - SCA,CORRECTIVA PROGRAMADA,FINISHED,aecheverria,Linac-109256,9291,LINKED_TO_MISSING_OR_RESTRICTED_ZENDESK,1,0,1,0,0,1,,,,N/A,PLACEHOLDER_VALUE,PLACEHOLDER_REJECTED,HAS_PLACEHOLDERS
3153,2025-06-30T18:00:00.000Z,FIELD_BEAT_CLIENT|96.770.100-9|CLINICA ALEMANA DE SANTIAGO,96.770.100-9,CLINICA ALEMANA DE SANTIAGO,CORRECTIVA PROGRAMADA,PAUSED,mreyes,,,NO_TICKET_REPORTED,0,0,0,0,0,0,,,,,,,NO_USED_PARTS
3154,2025-07-02T18:05:00.000Z,FIELD_BEAT_CLIENT|96.770.100-9|CLINICA ALEMANA DE SANTIAGO,96.770.100-9,CLINICA ALEMANA DE SANTIAGO,CORRECTIVA NO PROGRAMADA,FINISHED,aecheverria,Linac-152171,,NO_TICKET_REPORTED,1,1,0,0,0,0,1501074,11487,1501074,"PCB ASSY, DOSIMETRY B",MATCHED,REF_EXACT,OK
3155,2025-07-03T00:01:00.000Z,FIELD_BEAT_CLIENT||CLINICA ALEMANA DE SANTIAGO,,CLINICA ALEMANA DE SANTIAGO,REQUERIMIENTO DEL CLIENTE,FINISHED,ssalice,,9313,LINKED_TO_MISSING_OR_RESTRICTED_ZENDESK,0,0,0,0,0,0,,,,,,,NO_USED_PARTS
3156,2025-07-02T19:30:00.000Z,FIELD_BEAT_CLIENT|76.746.730-3|RADIO ONCOLOGÍA DEL SUR,76.746.730-3,RADIO ONCOLOGÍA DEL SUR,CORRECTIVA PROGRAMADA,FINISHED,ebecker,Linac-156187,9234,LINKED_TO_MISSING_OR_RESTRICTED_ZENDESK,0,0,0,0,0,0,,,,,,,NO_USED_PARTS
3157,2025-07-04T13:30:00.000Z,FIELD_BEAT_CLIENT|81.698.900-0|UC CHRISTUS - SCA,81.698.900-0,UC CHRISTUS - SCA,,ARCHIVED,,Linac-109256,,NO_TICKET_REPORTED,0,0,0,0,0,0,,,,,,,NO_USED_PARTS
3158,2025-07-04T14:06:00.000Z,FIELD_BEAT_CLIENT|81.698.900-0|UC CHRISTUS - SCA,81.698.900-0,UC CHRISTUS - SCA,PREVENTIVA PROGRAMADA,ARCHIVED,,Linac-109256,,NO_TICKET_REPORTED,0,0,0,0,0,0,,,,,,,NO_USED_PARTS
3159,2025-07-04T14:09:00.000Z,FIELD_BEAT_CLIENT|81.698.900-0|UC CHRISTUS - SCA,81.698.900-0,UC CHRISTUS - SCA,PREVENTIVA PROGRAMADA,FINISHED,aecheverria,Linac-109256,,NO_TICKET_REPORTED,1,0,0,1,0,1,,,451331644230M,FILTER ELEMENT 5 MICRON,NO_MATCH,NONE,HAS_UNMATCHED_PARTS
3160,2025-07-04T14:10:00.000Z,FIELD_BEAT_CLIENT|81.698.900-0|UC CHRISTUS - SCA,81.698.900-0,UC CHRISTUS - SCA,PREVENTIVA PROGRAMADA,FINISHED,aecheverria,Linac-109256,,NO_TICKET_REPORTED,1,0,1,0,0,1,,,,N/A,PLACEHOLDER_VALUE,PLACEHOLDER_REJECTED,HAS_PLACEHOLDERS
3161,2025-07-04T21:45:00.000Z,FIELD_BEAT_CLIENT|76.746.730-3|RADIO ONCOLOGÍA DEL SUR,76.746.730-3,RADIO ONCOLOGÍA DEL SUR,CORRECTIVA PROGRAMADA,FINISHED,ebecker,Linac-156187,9317,LINKED_TO_MISSING_OR_RESTRICTED_ZENDESK,0,0,0,0,0,0,,,,,,,NO_USED_PARTS
3162,2025-07-07T12:04:00.000Z,FIELD_BEAT_CLIENT|96.770.100-9|CLINICA ALEMANA DE SANTIAGO,96.770.100-9,CLINICA ALEMANA DE SANTIAGO,PUESTA EN MARCHA,FINISHED,aecheverria,Linac-152171,,NO_TICKET_REPORTED,1,0,1,0,0,1,,,,N/A,PLACEHOLDER_VALUE,PLACEHOLDER_REJECTED,HAS_PLACEHOLDERS
3163,2025-07-07T21:00:00.000Z,FIELD_BEAT_CLIENT|70377400-8|FUNDACION ARTURO LOPEZ PEREZ,70377400-8,FUNDACION ARTURO LOPEZ PEREZ,INSTALACION - INTEGRACION,FINISHED,adiaz,,,NO_TICKET_REPORTED,0,0,0,0,0,0,,,,,,,NO_USED_PARTS
3164,2025-07-08T00:24:00.000Z,FIELD_BEAT_CLIENT|81.698.900-0|UC CHRISTUS - CECA,81.698.900-0,UC CHRISTUS - CECA,CORRECTIVA PROGRAMADA,FINISHED,mabreu,Linac-109374,9157,LINKED_TO_ACCESSIBLE_ZENDESK,0,0,0,0,0,0,,,,,,,NO_USED_PARTS
3165,2025-07-08T19:56:00.000Z,FIELD_BEAT_CLIENT|70377400-8|FUNDACION ARTURO LOPEZ PEREZ,70377400-8,FUNDACION ARTURO LOPEZ PEREZ,CORRECTIVA PROGRAMADA,FINISHED,ccarrasquel,,9308,LINKED_TO_ACCESSIBLE_ZENDESK,0,0,0,0,0,0,,,,,,,NO_USED_PARTS
3166,2025-07-08T20:02:00.000Z,FIELD_BEAT_CLIENT|70377400-8|FUNDACION ARTURO LOPEZ PEREZ,70377400-8,FUNDACION ARTURO LOPEZ PEREZ,CORRECTIVA PROGRAMADA,FINISHED,ccarrasquel,LINAC-153038,9328,LINKED_TO_ACCESSIBLE_ZENDESK,0,0,0,0,0,0,,,,,,,NO_USED_PARTS
3167,2025-07-08T20:41:00.000Z,FIELD_BEAT_CLIENT|70377400-8|FUNDACION ARTURO LOPEZ PEREZ,70377400-8,FUNDACION ARTURO LOPEZ PEREZ,CORRECTIVA PROGRAMADA,FINISHED,ccarrasquel,LINAC-153038,8990,LINKED_TO_MISSING_OR_RESTRICTED_ZENDESK,0,0,0,0,0,0,,,,,,,NO_USED_PARTS
3168,2025-07-09T15:35:00.000Z,FIELD_BEAT_CLIENT|96.757.430-9|INRAD,96.757.430-9,INRAD,REQUERIMIENTO DEL CLIENTE,FINISHED,jacuna,,9336,LINKED_TO_MISSING_OR_RESTRICTED_ZENDESK,0,0,0,0,0,0,,,,,,,NO_USED_PARTS
3169,2025-07-09T21:23:00.000Z,FIELD_BEAT_CLIENT|81.698.900-0|UC CHRISTUS - CECA,81.698.900-0,UC CHRISTUS - CECA,CORRECTIVA PROGRAMADA,FINISHED,mabreu,Linac-109374,9211,LINKED_TO_ACCESSIBLE_ZENDESK,0,0,0,0,0,0,,,,,,,NO_USED_PARTS
3170,2025-07-09T20:30:00.000Z,FIELD_BEAT_CLIENT|70377400-8|FUNDACION ARTURO LOPEZ PEREZ,70377400-8,FUNDACION ARTURO LOPEZ PEREZ,CORRECTIVA PROGRAMADA,FINISHED,adiaz,APOTECA-PS,,NO_TICKET_REPORTED,1,1,0,0,0,0,2276501,11227,2276501,Barcode Gun.,MATCHED,REF_EXACT,OK
3171,2025-07-09T22:55:00.000Z,FIELD_BEAT_CLIENT|81.698.900-0|UC CHRISTUS - SCA,81.698.900-0,UC CHRISTUS - SCA,CORRECTIVA PROGRAMADA,FINISHED,aecheverria,Linac-109256,9261,LINKED_TO_ACCESSIBLE_ZENDESK,1,0,1,0,0,1,,,,N/A,PLACEHOLDER_VALUE,PLACEHOLDER_REJECTED,HAS_PLACEHOLDERS
3172,2025-07-10T17:28:00.000Z,FIELD_BEAT_CLIENT|61.608.404-6|Instituto Nacional del Cáncer (INC),61.608.404-6,Instituto Nacional del Cáncer (INC),CORRECTIVA NO PROGRAMADA,FINISHED,aecheverria,INC-156473,9344,LINKED_TO_MISSING_OR_RESTRICTED_ZENDESK,1,0,1,0,0,1,,,,N/A,PLACEHOLDER_VALUE,PLACEHOLDER_REJECTED,HAS_PLACEHOLDERS
3173,2025-07-10T20:45:00.000Z,FIELD_BEAT_CLIENT|70377400-8|FUNDACION ARTURO LOPEZ PEREZ,70377400-8,FUNDACION ARTURO LOPEZ PEREZ,REQUERIMIENTO DEL CLIENTE,FINISHED,rcammalleri,APOTECA-CHEMO,,NO_TICKET_REPORTED,0,0,0,0,0,0,,,,,,,NO_USED_PARTS
3174,2025-07-11T00:35:00.000Z,FIELD_BEAT_CLIENT|61.608.404-6|Instituto Nacional del Cáncer (INC),61.608.404-6,Instituto Nacional del Cáncer (INC),CORRECTIVA PROGRAMADA,FINISHED,ccarrasquel,INC-156473,9329,LINKED_TO_MISSING_OR_RESTRICTED_ZENDESK,0,0,0,0,0,0,,,,,,,NO_USED_PARTS
3175,2025-07-11T14:27:00.000Z,FIELD_BEAT_CLIENT|61.608.404-6|Instituto Nacional del Cáncer (INC),61.608.404-6,Instituto Nacional del Cáncer (INC),REQUERIMIENTO DEL CLIENTE,FINISHED,jacuna,,9345,LINKED_TO_MISSING_OR_RESTRICTED_ZENDESK,0,0,0,0,0,0,,,,,,,NO_USED_PARTS
3176,2025-07-11T15:39:00.000Z,FIELD_BEAT_CLIENT|96.770.100-9|CLINICA ALEMANA DE SANTIAGO,96.770.100-9,CLINICA ALEMANA DE SANTIAGO,REQUERIMIENTO DEL CLIENTE,FINISHED,ssalice,,9334,LINKED_TO_MISSING_OR_RESTRICTED_ZENDESK,0,0,0,0,0,0,,,,,,,NO_USED_PARTS
3177,2025-07-11T17:27:00.000Z,FIELD_BEAT_CLIENT|61.608.404-6|Instituto Nacional del Cáncer (INC),61.608.404-6,Instituto Nacional del Cáncer (INC),CORRECTIVA PROGRAMADA,FINISHED,ccarrasquel,INC-156473,9346,LINKED_TO_MISSING_OR_RESTRICTED_ZENDESK,2,2,0,0,0,0,1565768|1557545,10151|12192,1565768|1557545,pcb CCU|camera,MATCHED,REF_EXACT,OK
3178,2025-07-11T17:47:00.000Z,FIELD_BEAT_CLIENT|61.606.500-9|HOSPITAL CARLOS VAN BUREN (SSVSA),61.606.500-9,HOSPITAL CARLOS VAN BUREN (SSVSA),PREVENTIVA PROGRAMADA,FINISHED,mabreu,Linac-154325,,NO_TICKET_REPORTED,0,0,0,0,0,0,,,,,,,NO_USED_PARTS
3179,2025-07-11T18:38:00.000Z,FIELD_BEAT_CLIENT|61.608.404-6|Instituto Nacional del Cáncer (INC),61.608.404-6,Instituto Nacional del Cáncer (INC),CORRECTIVA PROGRAMADA,FINISHED,ccarrasquel,INC-156473,,NO_TICKET_REPORTED,1,1,0,0,0,0,1541718,11595,1541718,"fru, pancake motor assembly",MATCHED,REF_EXACT,OK
3180,2025-07-11T21:38:00.000Z,FIELD_BEAT_CLIENT|81.698.900-0|UC CHRISTUS - CECA,81.698.900-0,UC CHRISTUS - CECA,REQUERIMIENTO DEL CLIENTE,FINISHED,ssalice,,9347,LINKED_TO_MISSING_OR_RESTRICTED_ZENDESK,0,0,0,0,0,0,,,,,,,NO_USED_PARTS
3181,2025-07-14T12:59:00.000Z,FIELD_BEAT_CLIENT|96.770.100-9|CLINICA ALEMANA DE SANTIAGO,96.770.100-9,CLINICA ALEMANA DE SANTIAGO,REQUERIMIENTO DEL CLIENTE,FINISHED,ccarrasquel,Linac-152171,,NO_TICKET_REPORTED,0,0,0,0,0,0,,,,,,,NO_USED_PARTS
3182,2025-07-14T14:10:00.000Z,FIELD_BEAT_CLIENT|70377400-8|FUNDACION ARTURO LOPEZ PEREZ,70377400-8,FUNDACION ARTURO LOPEZ PEREZ,CORRECTIVA NO PROGRAMADA,FINISHED,adiaz,APOTECA-PS,,NO_TICKET_REPORTED,0,0,0,0,0,0,,,,,,,NO_USED_PARTS
3183,2025-07-14T12:00:00.000Z,FIELD_BEAT_CLIENT|61.607.901-8|SERVICIO DE SALUD DE MAGALLANES,61.607.901-8,SERVICIO DE SALUD DE MAGALLANES,REQUERIMIENTO DEL CLIENTE,FINISHED,varenas,OIS-HCM,9348,LINKED_TO_ACCESSIBLE_ZENDESK,0,0,0,0,0,0,,,,,,,NO_USED_PARTS
3184,2025-07-14T17:00:00.000Z,FIELD_BEAT_CLIENT|70377400-8|FUNDACION ARTURO LOPEZ PEREZ,70377400-8,FUNDACION ARTURO LOPEZ PEREZ,CORRECTIVA NO PROGRAMADA,FINISHED,adiaz,,,NO_TICKET_REPORTED,0,0,0,0,0,0,,,,,,,NO_USED_PARTS
3185,2025-07-15T20:00:00.000Z,FIELD_BEAT_CLIENT|70377400-8|FUNDACION ARTURO LOPEZ PEREZ,70377400-8,FUNDACION ARTURO LOPEZ PEREZ,CORRECTIVA NO PROGRAMADA,FINISHED,adiaz,,,NO_TICKET_REPORTED,0,0,0,0,0,0,,,,,,,NO_USED_PARTS
3186,2025-07-10T12:30:00.000Z,FIELD_BEAT_CLIENT|76.746.730-3|RADIO ONCOLOGÍA DEL SUR,76.746.730-3,RADIO ONCOLOGÍA DEL SUR,CORRECTIVA PROGRAMADA,FINISHED,ebecker,Linac-156187,,NO_TICKET_REPORTED,1,1,0,0,0,0,45133304800,10375,45133304800,ELECTRON GUN ASSY,MATCHED,REF_EXACT,OK
3187,2025-07-17T14:55:00.000Z,FIELD_BEAT_CLIENT|81.698.900-0|UC CHRISTUS - CECA,81.698.900-0,UC CHRISTUS - CECA,REQUERIMIENTO DEL CLIENTE,FINISHED,ssalice,,9362,LINKED_TO_MISSING_OR_RESTRICTED_ZENDESK,0,0,0,0,0,0,,,,,,,NO_USED_PARTS
3188,2025-07-01T21:30:00.000Z,FIELD_BEAT_CLIENT|61.608.404-6|Instituto Nacional del Cáncer (INC),61.608.404-6,Instituto Nacional del Cáncer (INC),CORRECTIVA NO PROGRAMADA,FINISHED,aecheverria,INC-156473,9314,LINKED_TO_ACCESSIBLE_ZENDESK,1,0,1,0,0,1,,,,N/A,PLACEHOLDER_VALUE,PLACEHOLDER_REJECTED,HAS_PLACEHOLDERS
3189,2025-07-15T19:35:00.000Z,FIELD_BEAT_CLIENT|61.608.404-6|Instituto Nacional del Cáncer (INC),61.608.404-6,Instituto Nacional del Cáncer (INC),CORRECTIVA NO PROGRAMADA,FINISHED,aecheverria,INC-156473,9346,LINKED_TO_MISSING_OR_RESTRICTED_ZENDESK,2,2,0,0,0,0,45133326590|1557545,11568|12192,45133326590|1557545,Camera Lens Assembly|Camera DX9,MATCHED,REF_EXACT,OK
3190,2025-07-17T16:16:00.000Z,FIELD_BEAT_CLIENT|61.608.404-6|Instituto Nacional del Cáncer (INC),61.608.404-6,Instituto Nacional del Cáncer (INC),CORRECTIVA NO PROGRAMADA,FINISHED,aecheverria,INC-156473,9361,LINKED_TO_ACCESSIBLE_ZENDESK,2,2,0,0,0,0,451362610003J|1541718,10998|11595,451362610003J|1541718,"BELT, TIMING, S/SIDED|FRU Pancake Motot Assembly",MATCHED,REF_EXACT,OK
3191,2025-07-17T20:08:00.000Z,FIELD_BEAT_CLIENT|96.770.100-9|CLINICA ALEMANA DE SANTIAGO,96.770.100-9,CLINICA ALEMANA DE SANTIAGO,CORRECTIVA NO PROGRAMADA,FINISHED,aecheverria,Linac-109496,9363,LINKED_TO_MISSING_OR_RESTRICTED_ZENDESK,1,0,0,1,0,1,,,2422 086 10594,Fuse 32V 20A,NO_MATCH,NONE,HAS_UNMATCHED_PARTS
3192,2025-07-17T20:40:00.000Z,FIELD_BEAT_CLIENT|93.930.000-7|CLÍNICA LAS CONDES,93.930.000-7,CLÍNICA LAS CONDES,PREVENTIVA PROGRAMADA,FINISHED,mabreu,CLC-2,0,LINKED_TO_MISSING_OR_RESTRICTED_ZENDESK,0,0,0,0,0,0,,,,,,,NO_USED_PARTS
3193,2025-07-18T18:51:00.000Z,FIELD_BEAT_CLIENT|61.608.404-6|Instituto Nacional del Cáncer (INC),61.608.404-6,Instituto Nacional del Cáncer (INC),CORRECTIVA NO PROGRAMADA,FINISHED,ccarrasquel,INC-156473,9365,LINKED_TO_ACCESSIBLE_ZENDESK,1,1,0,0,0,0,1023592,11013,1023592,"PCB, LED ASSEMBLY",MATCHED,REF_EXACT,OK
3194,2025-07-18T20:15:00.000Z,FIELD_BEAT_CLIENT|70377400-8|FUNDACION ARTURO LOPEZ PEREZ,70377400-8,FUNDACION ARTURO LOPEZ PEREZ,PREVENTIVA PROGRAMADA,FINISHED,mabreu,LINAC-153038,9356,LINKED_TO_ACCESSIBLE_ZENDESK,0,0,0,0,0,0,,,,,,,NO_USED_PARTS
3195,2025-07-18T20:34:00.000Z,FIELD_BEAT_CLIENT|70377400-8|FUNDACION ARTURO LOPEZ PEREZ,70377400-8,FUNDACION ARTURO LOPEZ PEREZ,REQUERIMIENTO DEL CLIENTE,FINISHED,ssalice,,9153,LINKED_TO_ACCESSIBLE_ZENDESK,0,0,0,0,0,0,,,,,,,NO_USED_PARTS
3196,2025-07-21T12:06:00.000Z,FIELD_BEAT_CLIENT|96.770.100-9|CLINICA ALEMANA DE SANTIAGO,96.770.100-9,CLINICA ALEMANA DE SANTIAGO,PUESTA EN MARCHA,FINISHED,mabreu,Linac-152171,,NO_TICKET_REPORTED,0,0,0,0,0,0,,,,,,,NO_USED_PARTS
3197,2025-07-21T12:40:00.000Z,FIELD_BEAT_CLIENT|61.608.404-6|Instituto Nacional del Cáncer (INC),61.608.404-6,Instituto Nacional del Cáncer (INC),CORRECTIVA PROGRAMADA,FINISHED,ccarrasquel,INC-156473,9371,LINKED_TO_MISSING_OR_RESTRICTED_ZENDESK,0,0,0,0,0,0,,,,,,,NO_USED_PARTS
3198,2025-07-22T21:29:00.000Z,FIELD_BEAT_CLIENT|93.930.000-7|CLÍNICA LAS CONDES,93.930.000-7,CLÍNICA LAS CONDES,CORRECTIVA PROGRAMADA,FINISHED,mabreu,CLC-2,,NO_TICKET_REPORTED,0,0,0,0,0,0,,,,,,,NO_USED_PARTS
3199,2025-07-22T13:00:00.000Z,FIELD_BEAT_CLIENT|70377400-8|FUNDACION ARTURO LOPEZ PEREZ,70377400-8,FUNDACION ARTURO LOPEZ PEREZ,CORRECTIVA NO PROGRAMADA,FINISHED,rcammalleri,APOTECA-CHEMO,,NO_TICKET_REPORTED,0,0,0,0,0,0,,,,,,,NO_USED_PARTS
3200,2025-07-23T22:15:00.000Z,FIELD_BEAT_CLIENT|93.930.000-7|CLÍNICA LAS CONDES,93.930.000-7,CLÍNICA LAS CONDES,CORRECTIVA PROGRAMADA,FINISHED,ccarrasquel,CLC-2,9053,LINKED_TO_MISSING_OR_RESTRICTED_ZENDESK,0,0,0,0,0,0,,,,,,,NO_USED_PARTS
3201,2025-07-24T19:00:00.000Z,FIELD_BEAT_CLIENT|70377400-8|FUNDACION ARTURO LOPEZ PEREZ,70377400-8,FUNDACION ARTURO LOPEZ PEREZ,CORRECTIVA NO PROGRAMADA,FINISHED,rcammalleri,APOTECA-CHEMO,,NO_TICKET_REPORTED,0,0,0,0,0,0,,,,,,,NO_USED_PARTS
3202,2025-07-24T22:00:00.000Z,FIELD_BEAT_CLIENT|70377400-8|FUNDACION ARTURO LOPEZ PEREZ,70377400-8,FUNDACION ARTURO LOPEZ PEREZ,CORRECTIVA NO PROGRAMADA,FINISHED,adiaz,APOTECA-PS,,NO_TICKET_REPORTED,0,0,0,0,0,0,,,,,,,NO_USED_PARTS
3203,2025-07-22T16:00:00.000Z,FIELD_BEAT_CLIENT|61.607.901-8|SERVICIO DE SALUD DE MAGALLANES,61.607.901-8,SERVICIO DE SALUD DE MAGALLANES,CORRECTIVA NO PROGRAMADA,FINISHED,varenas,OIS-HCM,9376,LINKED_TO_ACCESSIBLE_ZENDESK,0,0,0,0,0,0,,,,,,,NO_USED_PARTS
3204,2025-07-23T20:00:00.000Z,FIELD_BEAT_CLIENT|61.607.901-8|SERVICIO DE SALUD DE MAGALLANES,61.607.901-8,SERVICIO DE SALUD DE MAGALLANES,CORRECTIVA PROGRAMADA,FINISHED,varenas,Linac-109452,9295,LINKED_TO_MISSING_OR_RESTRICTED_ZENDESK,0,0,0,0,0,0,,,,,,,NO_USED_PARTS
3205,2025-07-25T17:14:00.000Z,FIELD_BEAT_CLIENT|93.930.000-7|CLÍNICA LAS CONDES,93.930.000-7,CLÍNICA LAS CONDES,CORRECTIVA PROGRAMADA,FINISHED,ccarrasquel,CLC-2,,NO_TICKET_REPORTED,0,0,0,0,0,0,,,,,,,NO_USED_PARTS
3206,2025-07-25T20:30:00.000Z,FIELD_BEAT_CLIENT|61.606.500-9|HOSPITAL CARLOS VAN BUREN (SSVSA),61.606.500-9,HOSPITAL CARLOS VAN BUREN (SSVSA),CORRECTIVA PROGRAMADA,FINISHED,mabreu,Linac-154325,9272,LINKED_TO_MISSING_OR_RESTRICTED_ZENDESK,1,1,0,0,0,0,1016422,11809,1016422,"SWITCH,MICRO,LEVEL,SS-5GL",MATCHED,REF_EXACT,OK
3207,2025-07-28T11:30:00.000Z,FIELD_BEAT_CLIENT|96.770.100-9|CLINICA ALEMANA DE SANTIAGO,96.770.100-9,CLINICA ALEMANA DE SANTIAGO,REQUERIMIENTO DEL CLIENTE,FINISHED,aecheverria,Linac-152171,,NO_TICKET_REPORTED,1,1,0,0,0,0,45133308530,11007,45133308530,Magnetron  MG6370,MATCHED,REF_EXACT,OK
3208,2025-07-28T13:00:00.000Z,FIELD_BEAT_CLIENT|70377400-8|FUNDACION ARTURO LOPEZ PEREZ,70377400-8,FUNDACION ARTURO LOPEZ PEREZ,REQUERIMIENTO DEL CLIENTE,FINISHED,adiaz,APOTECA-PS,,NO_TICKET_REPORTED,0,0,0,0,0,0,,,,,,,NO_USED_PARTS
3209,2025-07-28T18:53:00.000Z,FIELD_BEAT_CLIENT|93.930.000-7|CLÍNICA LAS CONDES,93.930.000-7,CLÍNICA LAS CONDES,CORRECTIVA PROGRAMADA,FINISHED,ccarrasquel,CLC-2,,NO_TICKET_REPORTED,0,0,0,0,0,0,,,,,,,NO_USED_PARTS
3210,2025-07-28T16:30:00.000Z,FIELD_BEAT_CLIENT|76.746.730-3|RADIO ONCOLOGÍA DEL SUR,76.746.730-3,RADIO ONCOLOGÍA DEL SUR,CORRECTIVA NO PROGRAMADA,FINISHED,ebecker,Linac-156187,,NO_TICKET_REPORTED,1,1,0,0,0,0,1568178,10821,1568178,"PROGRAMMED PCB ASSY, SIB",MATCHED,REF_EXACT,OK
3211,2025-07-29T15:49:00.000Z,FIELD_BEAT_CLIENT|61.608.404-6|Instituto Nacional del Cáncer (INC),61.608.404-6,Instituto Nacional del Cáncer (INC),CORRECTIVA NO PROGRAMADA,FINISHED,ccarrasquel,INC-156473,9377,LINKED_TO_MISSING_OR_RESTRICTED_ZENDESK,0,0,0,0,0,0,,,,,,,NO_USED_PARTS
3212,2025-07-29T16:30:00.000Z,FIELD_BEAT_CLIENT|61.607.901-8|SERVICIO DE SALUD DE MAGALLANES,61.607.901-8,SERVICIO DE SALUD DE MAGALLANES,CORRECTIVA NO PROGRAMADA,FINISHED,raguila,,,NO_TICKET_REPORTED,1,0,0,1,0,1,,,0,no,NO_MATCH,NONE,HAS_UNMATCHED_PARTS
3213,2025-07-29T16:33:00.000Z,FIELD_BEAT_CLIENT|81.698.900-0|UC CHRISTUS - CECA,81.698.900-0,UC CHRISTUS - CECA,REQUERIMIENTO DEL CLIENTE,FINISHED,ssalice,,9386,LINKED_TO_MISSING_OR_RESTRICTED_ZENDESK,0,0,0,0,0,0,,,,,,,NO_USED_PARTS
3214,2025-07-29T19:00:00.000Z,FIELD_BEAT_CLIENT|70.377.400-8|FUNDACION ARTURO LOPEZ PEREZ,70.377.400-8,FUNDACION ARTURO LOPEZ PEREZ,CORRECTIVA PROGRAMADA,FINISHED,glopez,,9364,LINKED_TO_ACCESSIBLE_ZENDESK,1,0,1,0,0,1,,,,no hay,PLACEHOLDER_VALUE,PLACEHOLDER_REJECTED,HAS_PLACEHOLDERS
3215,2025-07-29T15:30:00.000Z,FIELD_BEAT_CLIENT|76.746.730-3|RADIO ONCOLOGÍA DEL SUR,76.746.730-3,RADIO ONCOLOGÍA DEL SUR,CORRECTIVA NO PROGRAMADA,FINISHED,ebecker,Linac-156187,,NO_TICKET_REPORTED,1,1,0,0,0,1,1534958,11034,1534958-1024201,"Kit Spare leaf MO
Reflector",MATCHED,REF_LIKE,REVIEW_REQUIRED
3216,2025-07-30T21:48:00.000Z,FIELD_BEAT_CLIENT|81.698.900-0|UC CHRISTUS - CECA,81.698.900-0,UC CHRISTUS - CECA,REQUERIMIENTO DEL CLIENTE,FINISHED,ssalice,,9386,LINKED_TO_MISSING_OR_RESTRICTED_ZENDESK,0,0,0,0,0,0,,,,,,,NO_USED_PARTS
3217,2025-07-31T15:57:00.000Z,FIELD_BEAT_CLIENT|93.930.000-7|CLÍNICA LAS CONDES,93.930.000-7,CLÍNICA LAS CONDES,CORRECTIVA NO PROGRAMADA,FINISHED,ccarrasquel,CLC-2,,NO_TICKET_REPORTED,0,0,0,0,0,0,,,,,,,NO_USED_PARTS
3218,2025-07-31T23:32:00.000Z,FIELD_BEAT_CLIENT|81.698.900-0|UC CHRISTUS - CECA,81.698.900-0,UC CHRISTUS - CECA,CORRECTIVA NO PROGRAMADA,FINISHED,aecheverria,Linac-109374,9400,LINKED_TO_MISSING_OR_RESTRICTED_ZENDESK,1,0,1,0,0,1,,,,N/A,PLACEHOLDER_VALUE,PLACEHOLDER_REJECTED,HAS_PLACEHOLDERS
3219,2025-08-01T01:30:00.000Z,FIELD_BEAT_CLIENT|70377400-8|FUNDACION ARTURO LOPEZ PEREZ,70377400-8,FUNDACION ARTURO LOPEZ PEREZ,CORRECTIVA PROGRAMADA,FINISHED,adiaz,APOTECA-PS,,NO_TICKET_REPORTED,0,0,0,0,0,0,,,,,,,NO_USED_PARTS
3220,2025-08-01T15:32:00.000Z,FIELD_BEAT_CLIENT|96.770.100-9|CLINICA ALEMANA DE SANTIAGO,96.770.100-9,CLINICA ALEMANA DE SANTIAGO,CORRECTIVA NO PROGRAMADA,FINISHED,aecheverria,Linac-109496,9403,LINKED_TO_ACCESSIBLE_ZENDESK,1,0,1,0,0,1,,,,N/A,PLACEHOLDER_VALUE,PLACEHOLDER_REJECTED,HAS_PLACEHOLDERS
3221,2025-08-01T21:00:00.000Z,FIELD_BEAT_CLIENT|81.698.900-0|UC CHRISTUS - CECA,81.698.900-0,UC CHRISTUS - CECA,CORRECTIVA NO PROGRAMADA,FINISHED,aecheverria,Linac-109374,9400,LINKED_TO_MISSING_OR_RESTRICTED_ZENDESK,1,0,1,0,0,1,,,,N/A,PLACEHOLDER_VALUE,PLACEHOLDER_REJECTED,HAS_PLACEHOLDERS
3222,2025-08-01T22:48:00.000Z,FIELD_BEAT_CLIENT|61.608.404-6|Instituto Nacional del Cáncer (INC),61.608.404-6,Instituto Nacional del Cáncer (INC),PREVENTIVA PROGRAMADA,FINISHED,ccarrasquel,INC-156473,,NO_TICKET_REPORTED,0,0,0,0,0,0,,,,,,,NO_USED_PARTS
3223,2025-08-01T23:11:00.000Z,FIELD_BEAT_CLIENT|61.608.404-6|Instituto Nacional del Cáncer (INC),61.608.404-6,Instituto Nacional del Cáncer (INC),CORRECTIVA NO PROGRAMADA,FINISHED,ccarrasquel,INC-156473,,NO_TICKET_REPORTED,0,0,0,0,0,0,,,,,,,NO_USED_PARTS
3224,2025-08-01T14:11:00.000Z,FIELD_BEAT_CLIENT|61.607.901-8|SERVICIO DE SALUD DE MAGALLANES,61.607.901-8,SERVICIO DE SALUD DE MAGALLANES,CORRECTIVA NO PROGRAMADA,FINISHED,raguila,,9404,LINKED_TO_MISSING_OR_RESTRICTED_ZENDESK,1,0,0,1,0,1,,,1023830,160 MLC PSU,NO_MATCH,NONE,HAS_UNMATCHED_PARTS
3225,2025-08-04T14:00:00.000Z,FIELD_BEAT_CLIENT|70377400-8|FUNDACION ARTURO LOPEZ PEREZ,70377400-8,FUNDACION ARTURO LOPEZ PEREZ,REQUERIMIENTO DEL CLIENTE,FINISHED,adiaz,,,NO_TICKET_REPORTED,0,0,0,0,0,0,,,,,,,NO_USED_PARTS
3226,2025-08-04T18:00:00.000Z,FIELD_BEAT_CLIENT|70377400-8|FUNDACION ARTURO LOPEZ PEREZ,70377400-8,FUNDACION ARTURO LOPEZ PEREZ,REQUERIMIENTO DEL CLIENTE,FINISHED,adiaz,,,NO_TICKET_REPORTED,0,0,0,0,0,0,,,,,,,NO_USED_PARTS
3227,2025-08-04T19:54:00.000Z,FIELD_BEAT_CLIENT|61.608.404-6|Instituto Nacional del Cáncer (INC),61.608.404-6,Instituto Nacional del Cáncer (INC),CORRECTIVA NO PROGRAMADA,FINISHED,ccarrasquel,INC-156473,9410,LINKED_TO_ACCESSIBLE_ZENDESK,0,0,0,0,0,0,,,,,,,NO_USED_PARTS
3228,2025-08-05T20:24:00.000Z,FIELD_BEAT_CLIENT|61.608.404-6|Instituto Nacional del Cáncer (INC),61.608.404-6,Instituto Nacional del Cáncer (INC),CORRECTIVA PROGRAMADA,FINISHED,ccarrasquel,INC-156473,9410,LINKED_TO_ACCESSIBLE_ZENDESK,1,0,0,1,0,1,,,SHA12-369,Magnetic Contactor,NO_MATCH,NONE,HAS_UNMATCHED_PARTS
3229,2025-08-05T22:43:00.000Z,FIELD_BEAT_CLIENT|96.770.100-9|CLINICA ALEMANA DE SANTIAGO,96.770.100-9,CLINICA ALEMANA DE SANTIAGO,REQUERIMIENTO DEL CLIENTE,FINISHED,ssalice,,9416,LINKED_TO_MISSING_OR_RESTRICTED_ZENDESK,0,0,0,0,0,0,,,,,,,NO_USED_PARTS
3230,2025-08-06T03:30:00.000Z,FIELD_BEAT_CLIENT|96.770.100-9|CLINICA ALEMANA DE SANTIAGO,96.770.100-9,CLINICA ALEMANA DE SANTIAGO,CORRECTIVA NO PROGRAMADA,SCHEDULED,,Linac-152171,,NO_TICKET_REPORTED,0,0,0,0,0,0,,,,,,,NO_USED_PARTS
3231,2025-08-06T01:33:00.000Z,FIELD_BEAT_CLIENT||,,,,ARCHIVED,,,,NO_TICKET_REPORTED,0,0,0,0,0,0,,,,,,,NO_USED_PARTS
3232,2025-08-04T11:30:00.000Z,FIELD_BEAT_CLIENT|81.698.900-0|UC CHRISTUS - CECA,81.698.900-0,UC CHRISTUS - CECA,CORRECTIVA PROGRAMADA,FINISHED,aecheverria,Linac-109374,9400,LINKED_TO_MISSING_OR_RESTRICTED_ZENDESK,1,1,0,0,0,0,1522567,12044,1522567,RF OUTPUT WINDOWS,MATCHED,REF_EXACT,OK
3233,2025-08-06T12:30:00.000Z,FIELD_BEAT_CLIENT|76.746.730-3|RADIO ONCOLOGÍA DEL SUR,76.746.730-3,RADIO ONCOLOGÍA DEL SUR,CORRECTIVA NO PROGRAMADA,FINISHED,ebecker,Linac-156187,,NO_TICKET_REPORTED,0,0,0,0,0,0,,,,,,,NO_USED_PARTS
3234,2025-08-06T18:43:00.000Z,FIELD_BEAT_CLIENT|81.698.900-0|UC CHRISTUS - SCA,81.698.900-0,UC CHRISTUS - SCA,REQUERIMIENTO DEL CLIENTE,FINISHED,ssalice,,9388,LINKED_TO_MISSING_OR_RESTRICTED_ZENDESK,0,0,0,0,0,0,,,,,,,NO_USED_PARTS
3235,2025-08-05T22:00:00.000Z,FIELD_BEAT_CLIENT|96.770.100-9|CLINICA ALEMANA DE SANTIAGO,96.770.100-9,CLINICA ALEMANA DE SANTIAGO,CORRECTIVA NO PROGRAMADA,FINISHED,jbustamante,Linac-152171,9417,LINKED_TO_MISSING_OR_RESTRICTED_ZENDESK,1,1,0,0,0,0,1564298,11039,1564298,"PCB ASSY, DLG AND DIAPHRAGM DRIVE",MATCHED,REF_EXACT,OK
3236,2025-08-07T11:30:00.000Z,FIELD_BEAT_CLIENT|61.606.500-9|HOSPITAL CARLOS VAN BUREN (SSVSA),61.606.500-9,HOSPITAL CARLOS VAN BUREN (SSVSA),CORRECTIVA PROGRAMADA,FINISHED,mreyes,Linac-154325,9421,LINKED_TO_MISSING_OR_RESTRICTED_ZENDESK,1,1,0,0,0,0,1568178,10821,1568178,"Programmed, PCB ASSY,   SIB",MATCHED,REF_EXACT,OK
3237,2025-06-16T12:30:00.000Z,FIELD_BEAT_CLIENT|76.746.730-3|CLÍNICA SANATORIO ALEMÁN (ONCORAD),76.746.730-3,CLÍNICA SANATORIO ALEMÁN (ONCORAD),CORRECTIVA NO PROGRAMADA,FINISHED,ebecker,Linac-201110,9285,LINKED_TO_ACCESSIBLE_ZENDESK,1,1,0,0,0,0,45133317853,11016,45133317853,"PCB INTERCONNECT PCB 840 A
RTU P/N 45133326702",MATCHED,REF_EXACT,OK
3238,2025-08-06T13:00:00.000Z,FIELD_BEAT_CLIENT|96.770.100-9|CLINICA ALEMANA DE SANTIAGO,96.770.100-9,CLINICA ALEMANA DE SANTIAGO,CORRECTIVA NO PROGRAMADA,FINISHED,aecheverria,Linac-152171,9418,LINKED_TO_MISSING_OR_RESTRICTED_ZENDESK,3,2,0,1,0,1,1018874|1534958,11757|11034,1018874|1564279|1534958,Diode SI 1N416CM-D023|PCB ASSY LED CONTROL|Kit Spares Leaf Motor,MATCHED|NO_MATCH,REF_EXACT|NONE,HAS_UNMATCHED_PARTS
3239,2025-08-08T23:53:00.000Z,FIELD_BEAT_CLIENT|96.770.100-9|CLINICA ALEMANA DE SANTIAGO,96.770.100-9,CLINICA ALEMANA DE SANTIAGO,REQUERIMIENTO DEL CLIENTE,FINISHED,jacuna,Linac-109496,9424,LINKED_TO_MISSING_OR_RESTRICTED_ZENDESK,0,0,0,0,0,0,,,,,,,NO_USED_PARTS
3240,2025-08-11T11:30:00.000Z,FIELD_BEAT_CLIENT|96.770.100-9|CLINICA ALEMANA DE SANTIAGO,96.770.100-9,CLINICA ALEMANA DE SANTIAGO,PUESTA EN MARCHA,FINISHED,jbustamante,Linac-152171,,NO_TICKET_REPORTED,0,0,0,0,0,0,,,,,,,NO_USED_PARTS
3241,2025-08-11T22:45:00.000Z,FIELD_BEAT_CLIENT|93.930.000-7|CLÍNICA LAS CONDES,93.930.000-7,CLÍNICA LAS CONDES,CORRECTIVA PROGRAMADA,FINISHED,ccarrasquel,CLC-2,,NO_TICKET_REPORTED,0,0,0,0,0,0,,,,,,,NO_USED_PARTS
3242,2025-08-12T20:54:00.000Z,FIELD_BEAT_CLIENT|93.930.000-7|CLÍNICA LAS CONDES,93.930.000-7,CLÍNICA LAS CONDES,CORRECTIVA PROGRAMADA,FINISHED,ccarrasquel,CLC-2,,NO_TICKET_REPORTED,0,0,0,0,0,0,,,,,,,NO_USED_PARTS
3243,2025-07-25T12:30:00.000Z,FIELD_BEAT_CLIENT|76.746.730-3|CLÍNICA SANATORIO ALEMÁN (ONCORAD),76.746.730-3,CLÍNICA SANATORIO ALEMÁN (ONCORAD),PREVENTIVA PROGRAMADA,FINISHED,ebecker,Linac-201110,,NO_TICKET_REPORTED,1,1,0,0,0,0,4714201102,11286,4714201102,Magnetron,MATCHED,REF_EXACT,OK
3244,2025-08-14T19:00:00.000Z,FIELD_BEAT_CLIENT|70377400-8|FUNDACION ARTURO LOPEZ PEREZ,70377400-8,FUNDACION ARTURO LOPEZ PEREZ,CORRECTIVA PROGRAMADA,FINISHED,adiaz,APOTECA-PS,,NO_TICKET_REPORTED,0,0,0,0,0,0,,,,,,,NO_USED_PARTS
3245,2025-08-14T22:25:00.000Z,FIELD_BEAT_CLIENT|81.698.900-0|UC CHRISTUS - SCA,81.698.900-0,UC CHRISTUS - SCA,REQUERIMIENTO DEL CLIENTE,FINISHED,ssalice,,9388,LINKED_TO_MISSING_OR_RESTRICTED_ZENDESK,1,0,1,0,0,1,,,,monitor ea193MI-BK,PLACEHOLDER_VALUE,PLACEHOLDER_REJECTED,HAS_PLACEHOLDERS
3246,2025-08-15T00:11:00.000Z,FIELD_BEAT_CLIENT|61.607.901-8|SERVICIO DE SALUD DE MAGALLANES,61.607.901-8,SERVICIO DE SALUD DE MAGALLANES,PREVENTIVA PROGRAMADA,FINISHED,varenas,TPS-HCM|OIS-HCM,,NO_TICKET_REPORTED,1,0,1,0,0,1,,,,Aire comprimido y carro de transporte,PLACEHOLDER_VALUE,PLACEHOLDER_REJECTED,HAS_PLACEHOLDERS
3247,2025-08-15T00:17:00.000Z,FIELD_BEAT_CLIENT|61.607.901-8|SERVICIO DE SALUD DE MAGALLANES,61.607.901-8,SERVICIO DE SALUD DE MAGALLANES,PREVENTIVA PROGRAMADA,FINISHED,varenas,OIS-HCM,,NO_TICKET_REPORTED,1,0,1,0,0,1,,,,Aire comprimido,PLACEHOLDER_VALUE,PLACEHOLDER_REJECTED,HAS_PLACEHOLDERS
3248,2025-08-14T20:00:00.000Z,FIELD_BEAT_CLIENT|70377400-8|FUNDACION ARTURO LOPEZ PEREZ,70377400-8,FUNDACION ARTURO LOPEZ PEREZ,CORRECTIVA PROGRAMADA,FINISHED,adiaz,APOTECA-PS,,NO_TICKET_REPORTED,0,0,0,0,0,0,,,,,,,NO_USED_PARTS
3249,2025-08-18T11:30:00.000Z,FIELD_BEAT_CLIENT|96.770.100-9|CLINICA ALEMANA DE SANTIAGO,96.770.100-9,CLINICA ALEMANA DE SANTIAGO,REQUERIMIENTO DEL CLIENTE,FINISHED,aecheverria,Linac-152171,,NO_TICKET_REPORTED,1,0,1,0,0,1,,,,N/A,PLACEHOLDER_VALUE,PLACEHOLDER_REJECTED,HAS_PLACEHOLDERS
3250,2025-08-18T11:30:00.000Z,FIELD_BEAT_CLIENT|96.770.100-9|CLINICA ALEMANA DE SANTIAGO,96.770.100-9,CLINICA ALEMANA DE SANTIAGO,CORRECTIVA PROGRAMADA,FINISHED,aecheverria,Linac-109496,9407,LINKED_TO_MISSING_OR_RESTRICTED_ZENDESK,2,1,0,1,0,1,45133318457,11011,45133318457|1572432,"FRU, RIM LTU PCB|FRU, PROGRAMMED, LCU",MATCHED|NO_MATCH,REF_EXACT|NONE,HAS_UNMATCHED_PARTS
3251,2025-08-18T12:30:00.000Z,FIELD_BEAT_CLIENT|70377400-8|FUNDACION ARTURO LOPEZ PEREZ,70377400-8,FUNDACION ARTURO LOPEZ PEREZ,CORRECTIVA NO PROGRAMADA,FINISHED,adiaz,APOTECA-CHEMO,,NO_TICKET_REPORTED,0,0,0,0,0,0,,,,,,,NO_USED_PARTS
3252,2025-03-31T13:30:00.000Z,FIELD_BEAT_CLIENT|96.770.100-9|CLINICA ALEMANA DE SANTIAGO,96.770.100-9,CLINICA ALEMANA DE SANTIAGO,CORRECTIVA PROGRAMADA,FINISHED,jbustamante,Linac-109496,,NO_TICKET_REPORTED,1,1,0,0,0,0,03-999-1002,12130,03-999-1002,HexaPOD Evo Controller 48V evo,MATCHED,REF_EXACT,OK
3253,2025-08-19T14:00:00.000Z,FIELD_BEAT_CLIENT|96.770.100-9|CLINICA ALEMANA DE SANTIAGO,96.770.100-9,CLINICA ALEMANA DE SANTIAGO,CORRECTIVA NO PROGRAMADA,FINISHED,aecheverria,Linac-152171,9451,LINKED_TO_ACCESSIBLE_ZENDESK,1,1,0,0,0,0,1022378,11627,1022378,"DIODE ASSEMBLY, FRU",MATCHED,REF_EXACT,OK
3254,2025-08-19T22:15:00.000Z,FIELD_BEAT_CLIENT|76.746.730-3|RADIO ONCOLOGÍA DEL SUR,76.746.730-3,RADIO ONCOLOGÍA DEL SUR,CORRECTIVA PROGRAMADA,FINISHED,ebecker,Linac-156187,9374,LINKED_TO_MISSING_OR_RESTRICTED_ZENDESK,1,1,0,0,0,0,1502613,10994,1502613,Distance Meter,MATCHED,REF_EXACT,OK
3255,2025-08-19T23:30:00.000Z,FIELD_BEAT_CLIENT|76.746.730-3|RADIO ONCOLOGÍA DEL SUR,76.746.730-3,RADIO ONCOLOGÍA DEL SUR,CORRECTIVA PROGRAMADA,FINISHED,ebecker,Linac-156187,9213,LINKED_TO_MISSING_OR_RESTRICTED_ZENDESK,0,0,0,0,0,0,,,,,,,NO_USED_PARTS
3256,2025-08-20T01:09:00.000Z,FIELD_BEAT_CLIENT|81.698.900-0|UC CHRISTUS - CECA,81.698.900-0,UC CHRISTUS - CECA,CORRECTIVA PROGRAMADA,FINISHED,aecheverria,Linac-153935,9293,LINKED_TO_MISSING_OR_RESTRICTED_ZENDESK,1,1,0,0,0,0,1564298,11039,1564298,"PCB ASSY, DLG AND DIAPHRAGM DRIVE",MATCHED,REF_EXACT,OK
3257,2025-08-20T14:20:00.000Z,FIELD_BEAT_CLIENT|81.698.900-0|UC CHRISTUS - CECA,81.698.900-0,UC CHRISTUS - CECA,CORRECTIVA NO PROGRAMADA,FINISHED,aecheverria,Linac-153935,,NO_TICKET_REPORTED,3,2,0,0,1,1,1018559|1534958,10724|11034,1018559|1534958|1547237,"ASSY, BRACKET & FAN|LEAF MOTOR SPARES KIT|KIT, LUMINUS PROJ ASSY AND PCB ASSY, LED CONTROL",MATCHED|AMBIGUOUS_MATCH,REF_EXACT|REF_LIKE,HAS_AMBIGUOUS_PARTS
3258,2025-08-19T13:59:00.000Z,FIELD_BEAT_CLIENT|81.698.900-0|UC CHRISTUS - CECA,81.698.900-0,UC CHRISTUS - CECA,CORRECTIVA NO PROGRAMADA,FINISHED,aecheverria,Linac-109374,9441,LINKED_TO_MISSING_OR_RESTRICTED_ZENDESK,1,0,1,0,0,1,,,,N/A,PLACEHOLDER_VALUE,PLACEHOLDER_REJECTED,HAS_PLACEHOLDERS
3259,2025-08-21T15:42:00.000Z,FIELD_BEAT_CLIENT|93.930.000-7|CLÍNICA LAS CONDES,93.930.000-7,CLÍNICA LAS CONDES,CORRECTIVA PROGRAMADA,FINISHED,ccarrasquel,CLC-2,,NO_TICKET_REPORTED,0,0,0,0,0,0,,,,,,,NO_USED_PARTS
3260,2025-08-21T17:30:00.000Z,FIELD_BEAT_CLIENT|70377400-8|FUNDACION ARTURO LOPEZ PEREZ,70377400-8,FUNDACION ARTURO LOPEZ PEREZ,REQUERIMIENTO DEL CLIENTE,FINISHED,adiaz,,,NO_TICKET_REPORTED,0,0,0,0,0,0,,,,,,,NO_USED_PARTS
3261,2025-08-19T21:00:00.000Z,FIELD_BEAT_CLIENT|61.607.901-8|SERVICIO DE SALUD DE MAGALLANES,61.607.901-8,SERVICIO DE SALUD DE MAGALLANES,CORRECTIVA PROGRAMADA,FINISHED,varenas,TPS-HCM|OIS-HCM,,NO_TICKET_REPORTED,0,0,0,0,0,0,,,,,,,NO_USED_PARTS
3262,2025-08-21T19:30:00.000Z,FIELD_BEAT_CLIENT|81.698.900-0|UC CHRISTUS - SCA,81.698.900-0,UC CHRISTUS - SCA,CORRECTIVA PROGRAMADA,FINISHED,aecheverria,Linac-109256,9444,LINKED_TO_ACCESSIBLE_ZENDESK,1,0,1,0,0,1,,,,N/A,PLACEHOLDER_VALUE,PLACEHOLDER_REJECTED,HAS_PLACEHOLDERS
3263,2025-08-22T00:15:00.000Z,FIELD_BEAT_CLIENT|96.770.100-9|CLINICA ALEMANA DE SANTIAGO,96.770.100-9,CLINICA ALEMANA DE SANTIAGO,CORRECTIVA PROGRAMADA,FINISHED,jbustamante,Linac-152171,9332,LINKED_TO_MISSING_OR_RESTRICTED_ZENDESK,1,1,0,0,0,0,1564298,11039,1564298,"PCB ASSY, DLG AND DIAPHRAGM DRIVE",MATCHED,REF_EXACT,OK
3264,2025-08-22T13:07:00.000Z,FIELD_BEAT_CLIENT|96.770.100-9|CLINICA ALEMANA DE SANTIAGO,96.770.100-9,CLINICA ALEMANA DE SANTIAGO,PUESTA EN MARCHA,FINISHED,aecheverria,Linac-152171,,NO_TICKET_REPORTED,1,0,1,0,0,1,,,,N/A,PLACEHOLDER_VALUE,PLACEHOLDER_REJECTED,HAS_PLACEHOLDERS
3265,2025-08-22T13:00:00.000Z,FIELD_BEAT_CLIENT|76.746.730-3|RADIO ONCOLOGÍA DEL SUR,76.746.730-3,RADIO ONCOLOGÍA DEL SUR,CORRECTIVA NO PROGRAMADA,FINISHED,ebecker,HDR-FT02181,,NO_TICKET_REPORTED,0,0,0,0,0,0,,,,,,,NO_USED_PARTS
3266,2025-08-22T14:08:00.000Z,FIELD_BEAT_CLIENT|81.698.900-0|UC CHRISTUS - SCA,81.698.900-0,UC CHRISTUS - SCA,CORRECTIVA NO PROGRAMADA,FINISHED,jbustamante,Linac-109256,,NO_TICKET_REPORTED,0,0,0,0,0,0,,,,,,,NO_USED_PARTS
3267,2025-08-12T15:30:00.000Z,FIELD_BEAT_CLIENT|61.606.500-9|HOSPITAL CARLOS VAN BUREN (SSVSA),61.606.500-9,HOSPITAL CARLOS VAN BUREN (SSVSA),CORRECTIVA NO PROGRAMADA,FINISHED,aecheverria,Linac-154325,9438,LINKED_TO_MISSING_OR_RESTRICTED_ZENDESK,2,2,0,0,0,0,1531145|1565836,11145|10983,1531145|1565836,"ASSY, FAN 70X70X15MM|KIT, SPARES, DLG BRAKE",MATCHED,REF_EXACT,OK
3268,2025-08-22T20:50:00.000Z,FIELD_BEAT_CLIENT|76.746.730-3|RADIO ONCOLOGÍA DEL SUR,76.746.730-3,RADIO ONCOLOGÍA DEL SUR,PREVENTIVA PROGRAMADA,FINISHED,ebecker,Linac-156187,,NO_TICKET_REPORTED,1,1,0,0,0,0,1018559,10724,1018559,LMD Fan and Breaket,MATCHED,REF_EXACT,OK
3269,2025-08-25T11:00:00.000Z,FIELD_BEAT_CLIENT|96.770.100-9|CLINICA ALEMANA DE SANTIAGO,96.770.100-9,CLINICA ALEMANA DE SANTIAGO,PUESTA EN MARCHA,FINISHED,jbustamante,Linac-152171,,NO_TICKET_REPORTED,0,0,0,0,0,0,,,,,,,NO_USED_PARTS
3270,2025-08-25T12:20:00.000Z,FIELD_BEAT_CLIENT|81.698.900-0|UC CHRISTUS - CECA,81.698.900-0,UC CHRISTUS - CECA,CORRECTIVA NO PROGRAMADA,FINISHED,jbustamante,Linac-153935,9293,LINKED_TO_MISSING_OR_RESTRICTED_ZENDESK,2,2,0,0,0,0,1534958|1517657,11034|10701,1534958|1517657,"KIT, SPARES, LEAF MO|PCB ASSY, LEAF MOTOR DRIVE",MATCHED,REF_EXACT,OK
3271,2025-08-25T12:00:00.000Z,FIELD_BEAT_CLIENT|76.746.730-3|CLÍNICA SANATORIO ALEMÁN (ONCORAD),76.746.730-3,CLÍNICA SANATORIO ALEMÁN (ONCORAD),CORRECTIVA NO PROGRAMADA,FINISHED,ebecker,Linac-201110,9464,LINKED_TO_MISSING_OR_RESTRICTED_ZENDESK,1,0,0,1,0,1,,,45133326702,PCB RTU,NO_MATCH,NONE,HAS_UNMATCHED_PARTS
3272,2025-08-27T10:00:00.000Z,FIELD_BEAT_CLIENT|96.770.100-9|CLINICA ALEMANA DE SANTIAGO,96.770.100-9,CLINICA ALEMANA DE SANTIAGO,PUESTA EN MARCHA,FINISHED,jbustamante,Linac-152171,,NO_TICKET_REPORTED,0,0,0,0,0,0,,,,,,,NO_USED_PARTS
3273,2025-08-27T13:45:00.000Z,FIELD_BEAT_CLIENT|96.770.100-9|CLINICA ALEMANA DE SANTIAGO,96.770.100-9,CLINICA ALEMANA DE SANTIAGO,CORRECTIVA NO PROGRAMADA,FINISHED,jbustamante,Linac-109496,9407,LINKED_TO_MISSING_OR_RESTRICTED_ZENDESK,0,0,0,0,0,0,,,,,,,NO_USED_PARTS
3274,2025-08-29T18:27:00.000Z,FIELD_BEAT_CLIENT|81.698.900-0|UC CHRISTUS - CECA,81.698.900-0,UC CHRISTUS - CECA,PREVENTIVA PROGRAMADA,FINISHED,mabreu,Linac-109374,,NO_TICKET_REPORTED,1,1,0,0,0,0,1564298,11039,1564298,"PCB ASSY, DLG AND DIAPHRAGM DRIVE",MATCHED,REF_EXACT,OK
3275,2025-08-29T19:00:00.000Z,FIELD_BEAT_CLIENT|70377400-8|FUNDACION ARTURO LOPEZ PEREZ,70377400-8,FUNDACION ARTURO LOPEZ PEREZ,REQUERIMIENTO DEL CLIENTE,FINISHED,adiaz,APOTECA-CHEMO,,NO_TICKET_REPORTED,0,0,0,0,0,0,,,,,,,NO_USED_PARTS
3276,2025-08-29T19:00:00.000Z,FIELD_BEAT_CLIENT|76.746.730-3|RADIO ONCOLOGÍA DEL SUR,76.746.730-3,RADIO ONCOLOGÍA DEL SUR,CORRECTIVA PROGRAMADA,FINISHED,ebecker,Linac-156187,9235,LINKED_TO_MISSING_OR_RESTRICTED_ZENDESK,1,1,0,0,0,0,1549816,10416,1549816,LOWARA PUMP,MATCHED,REF_EXACT,OK
3277,2025-09-01T23:05:00.000Z,FIELD_BEAT_CLIENT|81.698.900-0|UC CHRISTUS - SCA,81.698.900-0,UC CHRISTUS - SCA,REQUERIMIENTO DEL CLIENTE,FINISHED,ssalice,,9422,LINKED_TO_MISSING_OR_RESTRICTED_ZENDESK,0,0,0,0,0,0,,,,,,,NO_USED_PARTS
3278,2025-09-02T23:00:00.000Z,FIELD_BEAT_CLIENT|76.746.730-3|CLÍNICA SANATORIO ALEMÁN (ONCORAD),76.746.730-3,CLÍNICA SANATORIO ALEMÁN (ONCORAD),CORRECTIVA NO PROGRAMADA,FINISHED,ebecker,Linac-201110,,NO_TICKET_REPORTED,0,0,0,0,0,0,,,,,,,NO_USED_PARTS
3279,2025-09-03T20:32:00.000Z,FIELD_BEAT_CLIENT|96.770.100-9|CLINICA ALEMANA DE SANTIAGO,96.770.100-9,CLINICA ALEMANA DE SANTIAGO,CORRECTIVA PROGRAMADA,FINISHED,aecheverria,Linac-109496,9470,LINKED_TO_MISSING_OR_RESTRICTED_ZENDESK,2,2,0,0,0,0,1531790|1531853,11015|11014,1531790|1531853,"FRU X, Y, ISO CHECK PO|FRU X, Y FINE POT.MET",MATCHED,REF_EXACT,OK
3280,2025-09-04T17:07:00.000Z,FIELD_BEAT_CLIENT|81.698.900-0|UC CHRISTUS - CECA,81.698.900-0,UC CHRISTUS - CECA,CORRECTIVA NO PROGRAMADA,FINISHED,aecheverria,Linac-153935,9494,LINKED_TO_MISSING_OR_RESTRICTED_ZENDESK,1,0,0,0,1,1,,,1553878,"FRU, Z DRIVE MOTOR/BRAKE ASSEMBLY",AMBIGUOUS_MATCH,REF_LIKE,HAS_AMBIGUOUS_PARTS
3281,2025-09-04T17:10:00.000Z,FIELD_BEAT_CLIENT|96.770.100-9|CLINICA ALEMANA DE SANTIAGO,96.770.100-9,CLINICA ALEMANA DE SANTIAGO,CORRECTIVA PROGRAMADA,STARTED,mreyes,Linac-109496,,NO_TICKET_REPORTED,0,0,0,0,0,0,,,,,,,NO_USED_PARTS
3282,2025-09-04T17:37:00.000Z,FIELD_BEAT_CLIENT|96.770.100-9|CLINICA ALEMANA DE SANTIAGO,96.770.100-9,CLINICA ALEMANA DE SANTIAGO,CORRECTIVA PROGRAMADA,STARTED,mreyes,Linac-109496,,NO_TICKET_REPORTED,0,0,0,0,0,0,,,,,,,NO_USED_PARTS
3283,2025-09-05T19:15:19.692Z,FIELD_BEAT_CLIENT|70377400-8|FUNDACION ARTURO LOPEZ PEREZ,70377400-8,FUNDACION ARTURO LOPEZ PEREZ,CORRECTIVA PROGRAMADA,FINISHED,glopez,HDR-FT07026,9471,LINKED_TO_ACCESSIBLE_ZENDESK,0,0,0,0,0,0,,,,,,,NO_USED_PARTS
3284,2025-09-05T22:40:00.000Z,FIELD_BEAT_CLIENT|81.698.900-0|UC CHRISTUS - CECA,81.698.900-0,UC CHRISTUS - CECA,CORRECTIVA PROGRAMADA,STARTED,jacuna,Linac-153935|Linac-109374,,NO_TICKET_REPORTED,0,0,0,0,0,0,,,,,,,NO_USED_PARTS
3285,2025-09-05T23:17:00.000Z,FIELD_BEAT_CLIENT|61.608.404-6|Instituto Nacional del Cáncer (INC),61.608.404-6,Instituto Nacional del Cáncer (INC),REQUERIMIENTO DEL CLIENTE,FINISHED,ssalice,,,NO_TICKET_REPORTED,0,0,0,0,0,0,,,,,,,NO_USED_PARTS
3286,2025-09-05T23:35:00.000Z,FIELD_BEAT_CLIENT|96.770.100-9|CLINICA ALEMANA DE SANTIAGO,96.770.100-9,CLINICA ALEMANA DE SANTIAGO,REQUERIMIENTO DEL CLIENTE,FINISHED,ssalice,,,NO_TICKET_REPORTED,0,0,0,0,0,0,,,,,,,NO_USED_PARTS
3287,2025-09-06T18:05:00.000Z,FIELD_BEAT_CLIENT|96.770.100-9|CLINICA ALEMANA DE SANTIAGO,96.770.100-9,CLINICA ALEMANA DE SANTIAGO,PREVENTIVA PROGRAMADA,FINISHED,mabreu,Linac-152171,,NO_TICKET_REPORTED,1,1,0,0,0,0,1534958,11034,1534958,"KIT, SPARE, LEAF MOTOR",MATCHED,REF_EXACT,OK
3288,2025-09-05T21:30:00.000Z,FIELD_BEAT_CLIENT|76.746.730-3|RADIO ONCOLOGÍA DEL SUR,76.746.730-3,RADIO ONCOLOGÍA DEL SUR,CORRECTIVA PROGRAMADA,FINISHED,ebecker,,,NO_TICKET_REPORTED,0,0,0,0,0,0,,,,,,,NO_USED_PARTS
3289,2025-09-08T12:01:00.000Z,FIELD_BEAT_CLIENT|96.770.100-9|CLINICA ALEMANA DE SANTIAGO,96.770.100-9,CLINICA ALEMANA DE SANTIAGO,PUESTA EN MARCHA,FINISHED,mabreu,Linac-152171,,NO_TICKET_REPORTED,0,0,0,0,0,0,,,,,,,NO_USED_PARTS
3290,2025-09-05T17:00:00.000Z,FIELD_BEAT_CLIENT|61.607.901-8|SERVICIO DE SALUD DE MAGALLANES,61.607.901-8,SERVICIO DE SALUD DE MAGALLANES,PREVENTIVA PROGRAMADA,FINISHED,raguila,Linac-109452,,NO_TICKET_REPORTED,3,1,0,2,0,2,1534958,11034,1565345|1534958|1565344,"DLG Slide Brake|Kit, Spare, Leaf Motor|Diaphragm Brake",NO_MATCH|MATCHED,NONE|REF_EXACT,HAS_UNMATCHED_PARTS
3291,2025-09-06T12:00:00.000Z,FIELD_BEAT_CLIENT|61.607.901-8|SERVICIO DE SALUD DE MAGALLANES,61.607.901-8,SERVICIO DE SALUD DE MAGALLANES,REQUERIMIENTO DEL CLIENTE,FINISHED,raguila,,,NO_TICKET_REPORTED,1,0,0,1,0,1,,,no,no,NO_MATCH,NONE,HAS_UNMATCHED_PARTS
3292,2025-09-08T15:36:00.000Z,FIELD_BEAT_CLIENT|76.746.730-3|RADIO ONCOLOGÍA DEL SUR,76.746.730-3,RADIO ONCOLOGÍA DEL SUR,CORRECTIVA NO PROGRAMADA,FINISHED,ebecker,Linac-156187,,NO_TICKET_REPORTED,1,1,0,0,0,0,1534958,11034,1534958,KIT SPARE LEAF MOTOR,MATCHED,REF_EXACT,OK
3293,2025-09-09T16:41:00.000Z,FIELD_BEAT_CLIENT|93.930.000-7|CLÍNICA LAS CONDES,93.930.000-7,CLÍNICA LAS CONDES,CORRECTIVA PROGRAMADA,FINISHED,ccarrasquel,CLC-1,9477,LINKED_TO_MISSING_OR_RESTRICTED_ZENDESK,2,2,0,0,0,0,1567908|1567203,12322|11005,1567908|1567203,KV DCB programmed|Prog. PCB ASSY MTU,MATCHED,REF_EXACT,OK
3294,2025-09-09T16:50:00.000Z,FIELD_BEAT_CLIENT|93.930.000-7|CLÍNICA LAS CONDES,93.930.000-7,CLÍNICA LAS CONDES,CORRECTIVA NO PROGRAMADA,FINISHED,mabreu,CLC-1,,NO_TICKET_REPORTED,1,1,0,0,0,1,1021309___1564281,10764,1564281,"PCB ASSY, WEDGE CONTROL",MATCHED,REF_LIKE,REVIEW_REQUIRED
3295,2025-09-09T17:03:00.000Z,FIELD_BEAT_CLIENT|81.698.900-0|UC CHRISTUS - SCA,81.698.900-0,UC CHRISTUS - SCA,REQUERIMIENTO DEL CLIENTE,FINISHED,ssalice,,,NO_TICKET_REPORTED,0,0,0,0,0,0,,,,,,,NO_USED_PARTS
3296,2025-09-10T13:32:00.000Z,FIELD_BEAT_CLIENT|96.770.100-9|CLINICA ALEMANA DE SANTIAGO,96.770.100-9,CLINICA ALEMANA DE SANTIAGO,CORRECTIVA PROGRAMADA,FINISHED,mabreu,Linac-109496,,NO_TICKET_REPORTED,0,0,0,0,0,0,,,,,,,NO_USED_PARTS
3297,2025-09-12T12:30:00.000Z,FIELD_BEAT_CLIENT|70377400-8|FUNDACION ARTURO LOPEZ PEREZ,70377400-8,FUNDACION ARTURO LOPEZ PEREZ,CORRECTIVA PROGRAMADA,FINISHED,rcammalleri,APOTECA-CHEMO,,NO_TICKET_REPORTED,0,0,0,0,0,0,,,,,,,NO_USED_PARTS
3298,2025-09-11T20:00:00.000Z,FIELD_BEAT_CLIENT|76.746.730-3|RADIO ONCOLOGÍA DEL SUR,76.746.730-3,RADIO ONCOLOGÍA DEL SUR,CORRECTIVA NO PROGRAMADA,FINISHED,ebecker,Linac-156187,9513,LINKED_TO_MISSING_OR_RESTRICTED_ZENDESK,1,1,0,0,0,0,1549816,10416,1549816,Lowara Pump,MATCHED,REF_EXACT,OK
3299,2025-09-15T11:47:00.000Z,FIELD_BEAT_CLIENT|96.770.100-9|CLINICA ALEMANA DE SANTIAGO,96.770.100-9,CLINICA ALEMANA DE SANTIAGO,REQUERIMIENTO DEL CLIENTE,FINISHED,ccarrasquel,Linac-152171,,NO_TICKET_REPORTED,0,0,0,0,0,0,,,,,,,NO_USED_PARTS
3300,2025-09-16T21:23:00.000Z,FIELD_BEAT_CLIENT|81.698.900-0|UC CHRISTUS - SCA,81.698.900-0,UC CHRISTUS - SCA,REQUERIMIENTO DEL CLIENTE,FINISHED,ssalice,,,NO_TICKET_REPORTED,0,0,0,0,0,0,,,,,,,NO_USED_PARTS
3301,2025-09-22T10:30:00.000Z,FIELD_BEAT_CLIENT|96.770.100-9|CLINICA ALEMANA DE SANTIAGO,96.770.100-9,CLINICA ALEMANA DE SANTIAGO,PUESTA EN MARCHA,FINISHED,jbustamante,Linac-152171,,NO_TICKET_REPORTED,0,0,0,0,0,0,,,,,,,NO_USED_PARTS
3302,2025-09-22T20:01:00.000Z,FIELD_BEAT_CLIENT|81.698.900-0|UC CHRISTUS - CECA,81.698.900-0,UC CHRISTUS - CECA,CORRECTIVA NO PROGRAMADA,FINISHED,mabreu,Linac-109374,9530,LINKED_TO_ACCESSIBLE_ZENDESK,0,0,0,0,0,0,,,,,,,NO_USED_PARTS
3303,2025-09-23T20:30:00.000Z,FIELD_BEAT_CLIENT|81.698.900-0|UC CHRISTUS - SCA,81.698.900-0,UC CHRISTUS - SCA,CORRECTIVA PROGRAMADA,FINISHED,jbustamante,Linac-109256,9504,LINKED_TO_MISSING_OR_RESTRICTED_ZENDESK,0,0,0,0,0,0,,,,,,,NO_USED_PARTS
3304,2025-09-23T19:30:00.000Z,FIELD_BEAT_CLIENT|61.607.901-8|SERVICIO DE SALUD DE MAGALLANES,61.607.901-8,SERVICIO DE SALUD DE MAGALLANES,CORRECTIVA PROGRAMADA,FINISHED,raguila,Linac-109452,9531,LINKED_TO_ACCESSIBLE_ZENDESK,0,0,0,0,0,0,,,,,,,NO_USED_PARTS
3305,2025-09-24T22:01:00.000Z,FIELD_BEAT_CLIENT|81.698.900-0|UC CHRISTUS - CECA,81.698.900-0,UC CHRISTUS - CECA,CORRECTIVA PROGRAMADA,FINISHED,ccarrasquel,Linac-153935,9539,LINKED_TO_MISSING_OR_RESTRICTED_ZENDESK,0,0,0,0,0,0,,,,,,,NO_USED_PARTS
3306,2025-09-25T21:54:00.000Z,FIELD_BEAT_CLIENT|61.606.500-9|HOSPITAL CARLOS VAN BUREN (SSVSA),61.606.500-9,HOSPITAL CARLOS VAN BUREN (SSVSA),CORRECTIVA PROGRAMADA,FINISHED,ccarrasquel,Linac-154325,9454,LINKED_TO_MISSING_OR_RESTRICTED_ZENDESK,1,1,0,0,0,0,1502613,10994,1502613,"mot kit, laser ODI Lamp",MATCHED,REF_EXACT,OK
3307,2025-09-26T11:00:00.000Z,FIELD_BEAT_CLIENT|76.746.730-3|RADIO ONCOLOGÍA DEL SUR,76.746.730-3,RADIO ONCOLOGÍA DEL SUR,CORRECTIVA PROGRAMADA,FINISHED,mreyes,,9544,LINKED_TO_ACCESSIBLE_ZENDESK,1,1,0,0,0,0,1534958,11034,1534958,Kit Spares leaf,MATCHED,REF_EXACT,OK
3308,2025-09-26T19:59:00.000Z,FIELD_BEAT_CLIENT|96.757.430-9|INRAD,96.757.430-9,INRAD,PREVENTIVA PROGRAMADA,FINISHED,mabreu,Linac-201172,,NO_TICKET_REPORTED,0,0,0,0,0,0,,,,,,,NO_USED_PARTS
3309,2025-09-29T12:10:00.000Z,FIELD_BEAT_CLIENT|96.770.100-9|CLINICA ALEMANA DE SANTIAGO,96.770.100-9,CLINICA ALEMANA DE SANTIAGO,REQUERIMIENTO DEL CLIENTE,FINISHED,ccarrasquel,Linac-109496|Linac-152171,,NO_TICKET_REPORTED,0,0,0,0,0,0,,,,,,,NO_USED_PARTS
3310,2025-09-26T17:30:00.000Z,FIELD_BEAT_CLIENT|61.607.901-8|SERVICIO DE SALUD DE MAGALLANES,61.607.901-8,SERVICIO DE SALUD DE MAGALLANES,CORRECTIVA NO PROGRAMADA,FINISHED,raguila,,9498,LINKED_TO_ACCESSIBLE_ZENDESK,0,0,0,0,0,0,,,,,,,NO_USED_PARTS
3311,2025-10-01T15:35:00.000Z,FIELD_BEAT_CLIENT|61.606.500-9|HOSPITAL CARLOS VAN BUREN (SSVSA),61.606.500-9,HOSPITAL CARLOS VAN BUREN (SSVSA),CORRECTIVA NO PROGRAMADA,FINISHED,mabreu,Linac-154325,9555,LINKED_TO_ACCESSIBLE_ZENDESK,1,1,0,0,0,0,1572991,10978,1572991,FRU Z MOTOR BRUSH SET,MATCHED,REF_EXACT,OK
3312,2025-10-01T17:33:00.000Z,FIELD_BEAT_CLIENT|96.757.430-9|INRAD,96.757.430-9,INRAD,REQUERIMIENTO DEL CLIENTE,FINISHED,aecheverria,Linac-201172,9556,LINKED_TO_ACCESSIBLE_ZENDESK,1,0,1,0,0,1,,,,N/A,PLACEHOLDER_VALUE,PLACEHOLDER_REJECTED,HAS_PLACEHOLDERS
3313,2025-10-01T20:48:00.000Z,FIELD_BEAT_CLIENT|61.606.500-9|HOSPITAL CARLOS VAN BUREN (SSVSA),61.606.500-9,HOSPITAL CARLOS VAN BUREN (SSVSA),CORRECTIVA NO PROGRAMADA,FINISHED,mabreu,Linac-154325,9555,LINKED_TO_ACCESSIBLE_ZENDESK,0,0,0,0,0,0,,,,,,,NO_USED_PARTS
3314,2025-09-30T19:30:00.000Z,FIELD_BEAT_CLIENT|76.746.730-3|CLÍNICA SANATORIO ALEMÁN (ONCORAD),76.746.730-3,CLÍNICA SANATORIO ALEMÁN (ONCORAD),CORRECTIVA PROGRAMADA,FINISHED,ebecker,HDR_10806,,NO_TICKET_REPORTED,0,0,0,0,0,0,,,,,,,NO_USED_PARTS
3315,2025-10-02T18:00:00.000Z,FIELD_BEAT_CLIENT|70377400-8|FUNDACION ARTURO LOPEZ PEREZ,70377400-8,FUNDACION ARTURO LOPEZ PEREZ,CORRECTIVA PROGRAMADA,FINISHED,rcammalleri,APOTECA-CHEMO,,NO_TICKET_REPORTED,0,0,0,0,0,0,,,,,,,NO_USED_PARTS
3316,2025-10-03T12:03:00.000Z,FIELD_BEAT_CLIENT|61.608.404-6|Instituto Nacional del Cáncer (INC),61.608.404-6,Instituto Nacional del Cáncer (INC),PREVENTIVA PROGRAMADA,FINISHED,ccarrasquel,INC-156473,,NO_TICKET_REPORTED,0,0,0,0,0,0,,,,,,,NO_USED_PARTS
3317,2025-10-03T17:56:00.000Z,FIELD_BEAT_CLIENT|61.608.404-6|Instituto Nacional del Cáncer (INC),61.608.404-6,Instituto Nacional del Cáncer (INC),PREVENTIVA PROGRAMADA,FINISHED,ccarrasquel,INC-156473,,NO_TICKET_REPORTED,0,0,0,0,0,0,,,,,,,NO_USED_PARTS
3318,2025-10-02T19:00:00.000Z,FIELD_BEAT_CLIENT|76.746.730-3|CLÍNICA SANATORIO ALEMÁN (ONCORAD),76.746.730-3,CLÍNICA SANATORIO ALEMÁN (ONCORAD),CORRECTIVA PROGRAMADA,FINISHED,ebecker,Linac-201110,9478,LINKED_TO_MISSING_OR_RESTRICTED_ZENDESK,1,1,0,0,0,0,1564298,11039,1564298,Diaphragm /DLG PCB,MATCHED,REF_EXACT,OK
3319,2025-10-07T12:14:00.000Z,FIELD_BEAT_CLIENT|70377400-8|FUNDACION ARTURO LOPEZ PEREZ,70377400-8,FUNDACION ARTURO LOPEZ PEREZ,CORRECTIVA PROGRAMADA,STARTED,rcammalleri,APOTECA-CHEMO,,NO_TICKET_REPORTED,0,0,0,0,0,0,,,,,,,NO_USED_PARTS
3320,2025-10-09T18:00:00.000Z,FIELD_BEAT_CLIENT|70377400-8|FUNDACION ARTURO LOPEZ PEREZ,70377400-8,FUNDACION ARTURO LOPEZ PEREZ,CORRECTIVA NO PROGRAMADA,FINISHED,adiaz,,,NO_TICKET_REPORTED,0,0,0,0,0,0,,,,,,,NO_USED_PARTS
3321,2025-10-09T20:00:00.000Z,FIELD_BEAT_CLIENT|81.698.900-0|UC CHRISTUS - SCA,81.698.900-0,UC CHRISTUS - SCA,CORRECTIVA PROGRAMADA,ARCHIVED,,Linac-109256,,NO_TICKET_REPORTED,0,0,0,0,0,0,,,,,,,NO_USED_PARTS
3322,2025-10-09T20:00:00.000Z,FIELD_BEAT_CLIENT|81.698.900-0|UC CHRISTUS - SCA,81.698.900-0,UC CHRISTUS - SCA,CORRECTIVA PROGRAMADA,FINISHED,jbustamante,Linac-109256,9569,LINKED_TO_ACCESSIBLE_ZENDESK,0,0,0,0,0,0,,,,,,,NO_USED_PARTS
3323,2025-10-09T20:00:00.000Z,FIELD_BEAT_CLIENT|81.698.900-0|UC CHRISTUS - SCA,81.698.900-0,UC CHRISTUS - SCA,CORRECTIVA PROGRAMADA,FINISHED,jbustamante,Linac-109256,9568,LINKED_TO_ACCESSIBLE_ZENDESK,0,0,0,0,0,0,,,,,,,NO_USED_PARTS
3324,2025-10-10T16:27:00.000Z,FIELD_BEAT_CLIENT|96.770.100-9|CLINICA ALEMANA DE SANTIAGO,96.770.100-9,CLINICA ALEMANA DE SANTIAGO,CORRECTIVA PROGRAMADA,FINISHED,mabreu,Linac-152171,9562,LINKED_TO_MISSING_OR_RESTRICTED_ZENDESK,0,0,0,0,0,0,,,,,,,NO_USED_PARTS
3325,2025-10-10T19:23:00.000Z,FIELD_BEAT_CLIENT|61.606.500-9|HOSPITAL CARLOS VAN BUREN (SSVSA),61.606.500-9,HOSPITAL CARLOS VAN BUREN (SSVSA),CORRECTIVA PROGRAMADA,FINISHED,ccarrasquel,Linac-154325,,NO_TICKET_REPORTED,0,0,0,0,0,0,,,,,,,NO_USED_PARTS
3326,2025-10-10T19:39:00.000Z,FIELD_BEAT_CLIENT|61.606.500-9|HOSPITAL CARLOS VAN BUREN (SSVSA),61.606.500-9,HOSPITAL CARLOS VAN BUREN (SSVSA),CORRECTIVA PROGRAMADA,FINISHED,ccarrasquel,Linac-154325,,NO_TICKET_REPORTED,0,0,0,0,0,0,,,,,,,NO_USED_PARTS
3327,2025-10-10T21:40:00.000Z,FIELD_BEAT_CLIENT|81.698.900-0|UC CHRISTUS - CECA,81.698.900-0,UC CHRISTUS - CECA,REQUERIMIENTO DEL CLIENTE,FINISHED,ssalice,,9571,LINKED_TO_MISSING_OR_RESTRICTED_ZENDESK,0,0,0,0,0,0,,,,,,,NO_USED_PARTS
3328,2025-10-11T15:24:00.000Z,FIELD_BEAT_CLIENT|81.698.900-0|UC CHRISTUS - CECA,81.698.900-0,UC CHRISTUS - CECA,PREVENTIVA PROGRAMADA,FINISHED,mabreu,Linac-153935,,NO_TICKET_REPORTED,0,0,0,0,0,0,,,,,,,NO_USED_PARTS
3329,2025-10-11T17:07:00.000Z,FIELD_BEAT_CLIENT|81.698.900-0|UC CHRISTUS - CECA,81.698.900-0,UC CHRISTUS - CECA,PREVENTIVA PROGRAMADA,FINISHED,ccarrasquel,Linac-153935,,NO_TICKET_REPORTED,0,0,0,0,0,0,,,,,,,NO_USED_PARTS
3330,2025-10-11T17:16:00.000Z,FIELD_BEAT_CLIENT|81.698.900-0|UC CHRISTUS - CECA,81.698.900-0,UC CHRISTUS - CECA,PREVENTIVA PROGRAMADA,FINISHED,ccarrasquel,Linac-153935,,NO_TICKET_REPORTED,0,0,0,0,0,0,,,,,,,NO_USED_PARTS
3331,2025-10-10T18:30:00.000Z,FIELD_BEAT_CLIENT|61.607.901-8|SERVICIO DE SALUD DE MAGALLANES,61.607.901-8,SERVICIO DE SALUD DE MAGALLANES,CORRECTIVA PROGRAMADA,FINISHED,raguila,Linac-109452,9476,LINKED_TO_ACCESSIBLE_ZENDESK,1,1,0,0,0,0,1531853,11014,1531853,Fine potenciometer eje longitudinal camilla precise,MATCHED,REF_EXACT,OK
3332,2025-10-11T13:00:00.000Z,FIELD_BEAT_CLIENT|61.607.901-8|SERVICIO DE SALUD DE MAGALLANES,61.607.901-8,SERVICIO DE SALUD DE MAGALLANES,REQUERIMIENTO DEL CLIENTE,FINISHED,raguila,Linac-109452,,NO_TICKET_REPORTED,1,0,1,0,0,1,,,N/A,No,PLACEHOLDER_VALUE,PLACEHOLDER_REJECTED,HAS_PLACEHOLDERS
3333,2025-10-13T10:30:00.000Z,FIELD_BEAT_CLIENT|96.770.100-9|CLINICA ALEMANA DE SANTIAGO,96.770.100-9,CLINICA ALEMANA DE SANTIAGO,PUESTA EN MARCHA,FINISHED,aecheverria,Linac-152171,,NO_TICKET_REPORTED,1,0,1,0,0,1,,,,N/A,PLACEHOLDER_VALUE,PLACEHOLDER_REJECTED,HAS_PLACEHOLDERS
3334,2025-10-13T16:16:00.000Z,FIELD_BEAT_CLIENT|96.770.100-9|CLINICA ALEMANA DE SANTIAGO,96.770.100-9,CLINICA ALEMANA DE SANTIAGO,CORRECTIVA PROGRAMADA,FINISHED,aecheverria,Linac-109496,9574,LINKED_TO_MISSING_OR_RESTRICTED_ZENDESK,1,0,1,0,0,1,,,,N/A,PLACEHOLDER_VALUE,PLACEHOLDER_REJECTED,HAS_PLACEHOLDERS
3335,2025-10-13T11:30:00.000Z,FIELD_BEAT_CLIENT|96.770.100-9|CLINICA ALEMANA DE SANTIAGO,96.770.100-9,CLINICA ALEMANA DE SANTIAGO,CORRECTIVA PROGRAMADA,FINISHED,aecheverria,Linac-109496,9578,LINKED_TO_MISSING_OR_RESTRICTED_ZENDESK,1,0,1,0,0,1,,,,N/A,PLACEHOLDER_VALUE,PLACEHOLDER_REJECTED,HAS_PLACEHOLDERS
3336,2025-10-13T16:28:00.000Z,FIELD_BEAT_CLIENT|96.770.100-9|CLINICA ALEMANA DE SANTIAGO,96.770.100-9,CLINICA ALEMANA DE SANTIAGO,CORRECTIVA PROGRAMADA,FINISHED,aecheverria,Linac-109496,9573,LINKED_TO_MISSING_OR_RESTRICTED_ZENDESK,1,0,1,0,0,1,,,,N/A,PLACEHOLDER_VALUE,PLACEHOLDER_REJECTED,HAS_PLACEHOLDERS
3337,2025-10-13T16:29:00.000Z,FIELD_BEAT_CLIENT|61.608.404-6|Instituto Nacional del Cáncer (INC),61.608.404-6,Instituto Nacional del Cáncer (INC),CORRECTIVA NO PROGRAMADA,FINISHED,mabreu,INC-156473,9584,LINKED_TO_MISSING_OR_RESTRICTED_ZENDESK,1,1,0,0,0,0,1534958,11034,1534958,"KIT, SPARES, LEAF MOTOR",MATCHED,REF_EXACT,OK
3338,2025-10-13T16:52:00.000Z,FIELD_BEAT_CLIENT|81.698.900-0|UC CHRISTUS - SCA,81.698.900-0,UC CHRISTUS - SCA,REQUERIMIENTO DEL CLIENTE,FINISHED,ssalice,,9586,LINKED_TO_MISSING_OR_RESTRICTED_ZENDESK,0,0,0,0,0,0,,,,,,,NO_USED_PARTS
3339,2025-10-14T16:35:00.000Z,FIELD_BEAT_CLIENT|96.770.100-9|CLINICA ALEMANA DE SANTIAGO,96.770.100-9,CLINICA ALEMANA DE SANTIAGO,CORRECTIVA NO PROGRAMADA,FINISHED,mabreu,Linac-152171,9586,LINKED_TO_MISSING_OR_RESTRICTED_ZENDESK,0,0,0,0,0,0,,,,,,,NO_USED_PARTS
3340,2025-10-14T17:40:00.000Z,FIELD_BEAT_CLIENT|96.770.100-9|CLINICA ALEMANA DE SANTIAGO,96.770.100-9,CLINICA ALEMANA DE SANTIAGO,REQUERIMIENTO DEL CLIENTE,FINISHED,jacuna,OIS-CAS,9587,LINKED_TO_MISSING_OR_RESTRICTED_ZENDESK,0,0,0,0,0,0,,,,,,,NO_USED_PARTS
3341,2025-10-14T14:15:00.000Z,FIELD_BEAT_CLIENT|61.607.901-8|SERVICIO DE SALUD DE MAGALLANES,61.607.901-8,SERVICIO DE SALUD DE MAGALLANES,CORRECTIVA NO PROGRAMADA,FINISHED,raguila,Linac-109452,9590,LINKED_TO_ACCESSIBLE_ZENDESK,1,0,0,1,0,1,,,0,no.,NO_MATCH,NONE,HAS_UNMATCHED_PARTS
3342,2025-10-15T17:43:00.000Z,FIELD_BEAT_CLIENT|96.770.100-9|CLINICA ALEMANA DE SANTIAGO,96.770.100-9,CLINICA ALEMANA DE SANTIAGO,REQUERIMIENTO DEL CLIENTE,FINISHED,ssalice,,9424,LINKED_TO_MISSING_OR_RESTRICTED_ZENDESK,0,0,0,0,0,0,,,,,,,NO_USED_PARTS
3343,2025-10-16T00:19:00.000Z,FIELD_BEAT_CLIENT|61.608.404-6|Instituto Nacional del Cáncer (INC),61.608.404-6,Instituto Nacional del Cáncer (INC),CORRECTIVA PROGRAMADA,FINISHED,aecheverria,INC-156473,9591,LINKED_TO_MISSING_OR_RESTRICTED_ZENDESK,1,0,1,0,0,1,,,,N/A,PLACEHOLDER_VALUE,PLACEHOLDER_REJECTED,HAS_PLACEHOLDERS
3344,2025-10-16T12:14:00.000Z,FIELD_BEAT_CLIENT|61.608.404-6|Instituto Nacional del Cáncer (INC),61.608.404-6,Instituto Nacional del Cáncer (INC),CORRECTIVA NO PROGRAMADA,FINISHED,ccarrasquel,INC-156473,9594,LINKED_TO_MISSING_OR_RESTRICTED_ZENDESK,0,0,0,0,0,0,,,,,,,NO_USED_PARTS
3345,2025-10-17T20:02:00.000Z,FIELD_BEAT_CLIENT|61.608.404-6|Instituto Nacional del Cáncer (INC),61.608.404-6,Instituto Nacional del Cáncer (INC),CORRECTIVA NO PROGRAMADA,FINISHED,aecheverria,INC-156473,9601,LINKED_TO_MISSING_OR_RESTRICTED_ZENDESK,1,1,0,0,0,0,1534958,11034,1534958,"KIT, SPARES, LEAF MOTOR",MATCHED,REF_EXACT,OK
3346,2025-10-20T10:30:00.000Z,FIELD_BEAT_CLIENT|96.770.100-9|CLINICA ALEMANA DE SANTIAGO,96.770.100-9,CLINICA ALEMANA DE SANTIAGO,PUESTA EN MARCHA,FINISHED,jbustamante,Linac-152171,,NO_TICKET_REPORTED,0,0,0,0,0,0,,,,,,,NO_USED_PARTS
3347,2025-10-16T20:00:00.000Z,FIELD_BEAT_CLIENT|61.607.901-8|SERVICIO DE SALUD DE MAGALLANES,61.607.901-8,SERVICIO DE SALUD DE MAGALLANES,CORRECTIVA NO PROGRAMADA,FINISHED,raguila,Linac-109452,9542,LINKED_TO_MISSING_OR_RESTRICTED_ZENDESK,1,0,0,1,0,1,,,no,no,NO_MATCH,NONE,HAS_UNMATCHED_PARTS
3348,2025-10-20T13:00:00.000Z,FIELD_BEAT_CLIENT|70377400-8|FUNDACION ARTURO LOPEZ PEREZ,70377400-8,FUNDACION ARTURO LOPEZ PEREZ,REQUERIMIENTO DEL CLIENTE,FINISHED,adiaz,,,NO_TICKET_REPORTED,0,0,0,0,0,0,,,,,,,NO_USED_PARTS
3349,2025-10-15T18:00:00.000Z,FIELD_BEAT_CLIENT|76.746.730-3|RADIO ONCOLOGÍA DEL SUR,76.746.730-3,RADIO ONCOLOGÍA DEL SUR,CORRECTIVA PROGRAMADA,FINISHED,ebecker,Linac-156187,8824,LINKED_TO_MISSING_OR_RESTRICTED_ZENDESK,1,0,0,0,1,1,,,1529520-1527814,"Slitless Fligth Tube 
PSU Ion Pump",AMBIGUOUS_MATCH,REF_LIKE,HAS_AMBIGUOUS_PARTS
3350,2025-10-20T22:30:00.000Z,FIELD_BEAT_CLIENT|76.746.730-3|CLÍNICA SANATORIO ALEMÁN (ONCORAD),76.746.730-3,CLÍNICA SANATORIO ALEMÁN (ONCORAD),CORRECTIVA PROGRAMADA,FINISHED,ebecker,Linac-201110,,NO_TICKET_REPORTED,0,0,0,0,0,0,,,,,,,NO_USED_PARTS
3351,2025-10-21T13:15:00.000Z,FIELD_BEAT_CLIENT|61.605.000-1|INSTITUTO DE SALUD PUBLICA (ISP),61.605.000-1,INSTITUTO DE SALUD PUBLICA (ISP),PREVENTIVA PROGRAMADA,FINISHED,aecheverria,PANASONIC-ISP,,NO_TICKET_REPORTED,4,0,4,0,0,4,,,,Trapos de limpieza de microfibra|Limpia contacto|Guantes de latex|Lubricante Triflow,PLACEHOLDER_VALUE,PLACEHOLDER_REJECTED,HAS_PLACEHOLDERS
3352,2025-10-21T21:28:00.000Z,FIELD_BEAT_CLIENT|81.698.900-0|UC CHRISTUS - CECA,81.698.900-0,UC CHRISTUS - CECA,CORRECTIVA PROGRAMADA,FINISHED,mabreu,Linac-109374,9607,LINKED_TO_ACCESSIBLE_ZENDESK,0,0,0,0,0,0,,,,,,,NO_USED_PARTS
3353,2025-10-23T12:14:00.000Z,FIELD_BEAT_CLIENT|96.770.100-9|CLINICA ALEMANA DE SANTIAGO,96.770.100-9,CLINICA ALEMANA DE SANTIAGO,CORRECTIVA NO PROGRAMADA,FINISHED,mabreu,Linac-152171,9616,LINKED_TO_ACCESSIBLE_ZENDESK,0,0,0,0,0,0,,,,,,,NO_USED_PARTS
3354,2025-10-22T20:00:00.000Z,FIELD_BEAT_CLIENT|61.607.901-8|SERVICIO DE SALUD DE MAGALLANES,61.607.901-8,SERVICIO DE SALUD DE MAGALLANES,CORRECTIVA PROGRAMADA,FINISHED,raguila,Linac-109452,9592,LINKED_TO_ACCESSIBLE_ZENDESK,3,3,0,0,0,0,1531790|1531853,11015|11014,1531790|1531853,coarse potenciometer eje longitudinal camilla|check potenciometer eje longitudinal camilla|fine potenciometer eje longitudinal camilla precise,MATCHED,REF_EXACT,OK
3355,2025-10-23T18:00:00.000Z,FIELD_BEAT_CLIENT|70377400-8|FUNDACION ARTURO LOPEZ PEREZ,70377400-8,FUNDACION ARTURO LOPEZ PEREZ,CORRECTIVA PROGRAMADA,FINISHED,adiaz,APOTECA-CHEMO,,NO_TICKET_REPORTED,1,0,0,0,1,1,,,2179204 // 020870,MANILLA ROBOT / SENSOR IR CARRUSEL,AMBIGUOUS_MATCH,REF_LIKE,HAS_AMBIGUOUS_PARTS
3356,2025-10-23T21:40:00.000Z,FIELD_BEAT_CLIENT|81.698.900-0|UC CHRISTUS - SCA,81.698.900-0,UC CHRISTUS - SCA,CORRECTIVA PROGRAMADA,FINISHED,ccarrasquel,Linac-109256,,NO_TICKET_REPORTED,0,0,0,0,0,0,,,,,,,NO_USED_PARTS
3357,2025-10-24T18:26:00.000Z,FIELD_BEAT_CLIENT|96.770.100-9|CLINICA ALEMANA DE SANTIAGO,96.770.100-9,CLINICA ALEMANA DE SANTIAGO,CORRECTIVA NO PROGRAMADA,FINISHED,mabreu,Linac-152171,9623,LINKED_TO_ACCESSIBLE_ZENDESK,2,1,0,1,0,1,1549950,12134,1549950|117482,"HHC KIT SYNERGY / INFINITY|PROG ASSY, KV DCB",MATCHED|NO_MATCH,REF_EXACT|NONE,HAS_UNMATCHED_PARTS
3358,2025-10-24T11:30:00.000Z,FIELD_BEAT_CLIENT|76.746.730-3|CLÍNICA SANATORIO ALEMÁN (ONCORAD),76.746.730-3,CLÍNICA SANATORIO ALEMÁN (ONCORAD),PREVENTIVA PROGRAMADA,FINISHED,ebecker,Linac-201110,,NO_TICKET_REPORTED,1,0,0,0,1,1,,,45133326854,MOUNT MIRROR,AMBIGUOUS_MATCH,REF_LIKE,HAS_AMBIGUOUS_PARTS
3359,2025-10-25T23:40:00.000Z,FIELD_BEAT_CLIENT|81.698.900-0|UC CHRISTUS - SCA,81.698.900-0,UC CHRISTUS - SCA,CORRECTIVA PROGRAMADA,FINISHED,ccarrasquel,Linac-109256,,NO_TICKET_REPORTED,2,2,0,0,0,0,1565836|1565835,10983|11031,1565836|1565835,kit spares DLG brakert|kit spares diaphragm brake,MATCHED,REF_EXACT,OK
3360,2025-10-27T11:19:00.000Z,FIELD_BEAT_CLIENT|96.770.100-9|CLINICA ALEMANA DE SANTIAGO,96.770.100-9,CLINICA ALEMANA DE SANTIAGO,CORRECTIVA PROGRAMADA,FINISHED,ccarrasquel,Linac-152171,,NO_TICKET_REPORTED,0,0,0,0,0,0,,,,,,,NO_USED_PARTS
3361,2025-10-27T21:51:00.000Z,FIELD_BEAT_CLIENT|96.770.100-9|CLINICA ALEMANA DE SANTIAGO,96.770.100-9,CLINICA ALEMANA DE SANTIAGO,CORRECTIVA NO PROGRAMADA,FINISHED,mabreu,Linac-152171,9628,LINKED_TO_ACCESSIBLE_ZENDESK,1,1,0,0,0,0,1534958,11034,1534958,KIT SPARE LEAF MOTOR,MATCHED,REF_EXACT,OK
3362,2025-10-28T22:03:00.000Z,FIELD_BEAT_CLIENT|81.698.900-0|UC CHRISTUS - SCA,81.698.900-0,UC CHRISTUS - SCA,CORRECTIVA PROGRAMADA,FINISHED,ccarrasquel,Linac-109256,,NO_TICKET_REPORTED,1,1,0,0,0,0,1564298,11039,1564298,DLG / Diafragma PCB,MATCHED,REF_EXACT,OK
3363,2025-10-29T14:12:00.000Z,FIELD_BEAT_CLIENT|61.606.500-9|HOSPITAL CARLOS VAN BUREN (SSVSA),61.606.500-9,HOSPITAL CARLOS VAN BUREN (SSVSA),REQUERIMIENTO DEL CLIENTE,FINISHED,ssalice,,9542,LINKED_TO_MISSING_OR_RESTRICTED_ZENDESK,0,0,0,0,0,0,,,,,,,NO_USED_PARTS
3364,2025-11-03T13:27:00.000Z,FIELD_BEAT_CLIENT|96.770.100-9|CLINICA ALEMANA DE SANTIAGO,96.770.100-9,CLINICA ALEMANA DE SANTIAGO,PUESTA EN MARCHA,FINISHED,mabreu,Linac-152171,,NO_TICKET_REPORTED,0,0,0,0,0,0,,,,,,,NO_USED_PARTS
3365,2025-11-04T22:05:00.000Z,FIELD_BEAT_CLIENT|81.698.900-0|UC CHRISTUS - SCA,81.698.900-0,UC CHRISTUS - SCA,CORRECTIVA PROGRAMADA,FINISHED,ccarrasquel,Linac-109256,9645,LINKED_TO_MISSING_OR_RESTRICTED_ZENDESK,0,0,0,0,0,0,,,,,,,NO_USED_PARTS
3366,2025-11-05T18:07:00.000Z,FIELD_BEAT_CLIENT|61.606.500-9|HOSPITAL CARLOS VAN BUREN (SSVSA),61.606.500-9,HOSPITAL CARLOS VAN BUREN (SSVSA),REQUERIMIENTO DEL CLIENTE,FINISHED,ssalice,,9648,LINKED_TO_MISSING_OR_RESTRICTED_ZENDESK,0,0,0,0,0,0,,,,,,,NO_USED_PARTS
3367,2025-11-06T11:30:00.000Z,FIELD_BEAT_CLIENT|70377400-8|FUNDACION ARTURO LOPEZ PEREZ,70377400-8,FUNDACION ARTURO LOPEZ PEREZ,CORRECTIVA PROGRAMADA,FINISHED,adiaz,,,NO_TICKET_REPORTED,0,0,0,0,0,0,,,,,,,NO_USED_PARTS
3368,2025-11-06T18:00:00.000Z,FIELD_BEAT_CLIENT|70377400-8|FUNDACION ARTURO LOPEZ PEREZ,70377400-8,FUNDACION ARTURO LOPEZ PEREZ,INSTALACION - INTEGRACION,FINISHED,rcammalleri,APOTECA-CHEMO,,NO_TICKET_REPORTED,0,0,0,0,0,0,,,,,,,NO_USED_PARTS
3369,2025-11-06T23:14:00.000Z,FIELD_BEAT_CLIENT|81.698.900-0|UC CHRISTUS - CECA,81.698.900-0,UC CHRISTUS - CECA,CORRECTIVA NO PROGRAMADA,FINISHED,mabreu,Linac-153935,9654,LINKED_TO_ACCESSIBLE_ZENDESK,0,0,0,0,0,0,,,,,,,NO_USED_PARTS
3370,2025-11-07T13:05:00.000Z,FIELD_BEAT_CLIENT|61.608.404-6|Instituto Nacional del Cáncer (INC),61.608.404-6,Instituto Nacional del Cáncer (INC),CORRECTIVA NO PROGRAMADA,FINISHED,aecheverria,INC-156473,9655,LINKED_TO_MISSING_OR_RESTRICTED_ZENDESK,1,1,0,0,0,0,1549950,12134,1549950,HHC KIT SYNERGY/INFINITY,MATCHED,REF_EXACT,OK
3371,2025-11-07T21:42:00.000Z,FIELD_BEAT_CLIENT|61.606.500-9|HOSPITAL CARLOS VAN BUREN (SSVSA),61.606.500-9,HOSPITAL CARLOS VAN BUREN (SSVSA),CORRECTIVA PROGRAMADA,FINISHED,ccarrasquel,Linac-154325,222,LINKED_TO_MISSING_OR_RESTRICTED_ZENDESK,2,2,0,0,0,0,1565835|1534958,11031|11034,1565835|1534958,"kit spares diaphragm brake|kit, spares, leaf motor",MATCHED,REF_EXACT,OK
3372,2025-11-10T11:21:00.000Z,FIELD_BEAT_CLIENT|96.770.100-9|CLINICA ALEMANA DE SANTIAGO,96.770.100-9,CLINICA ALEMANA DE SANTIAGO,PUESTA EN MARCHA,FINISHED,aecheverria,Linac-152171,,NO_TICKET_REPORTED,1,0,1,0,0,1,,,,N/A,PLACEHOLDER_VALUE,PLACEHOLDER_REJECTED,HAS_PLACEHOLDERS
3373,2025-11-10T11:38:00.000Z,FIELD_BEAT_CLIENT|76.746.730-3|RADIO ONCOLOGÍA DEL SUR,76.746.730-3,RADIO ONCOLOGÍA DEL SUR,PREVENTIVA PROGRAMADA,FINISHED,ebecker,Linac-156187,,NO_TICKET_REPORTED,1,1,0,0,0,1,1018265_proveedor_local,11961,1018265,FRU Z MOTOR BRUSH SET,MATCHED,REF_LIKE,REVIEW_REQUIRED
3374,2025-11-10T11:30:00.000Z,FIELD_BEAT_CLIENT|70377400-8|FUNDACION ARTURO LOPEZ PEREZ,70377400-8,FUNDACION ARTURO LOPEZ PEREZ,CORRECTIVA PROGRAMADA,FINISHED,adiaz,APOTECA-CHEMO,,NO_TICKET_REPORTED,0,0,0,0,0,0,,,,,,,NO_USED_PARTS
3375,2025-11-07T15:11:00.000Z,FIELD_BEAT_CLIENT|96.757.430-9|INRAD,96.757.430-9,INRAD,CORRECTIVA PROGRAMADA,FINISHED,mreyes,,9577,LINKED_TO_MISSING_OR_RESTRICTED_ZENDESK,1,0,0,1,0,1,,,MG5193,Magnetròn,NO_MATCH,NONE,HAS_UNMATCHED_PARTS
3376,2025-11-11T16:52:00.000Z,FIELD_BEAT_CLIENT|93.930.000-7|CLÍNICA LAS CONDES,93.930.000-7,CLÍNICA LAS CONDES,CORRECTIVA PROGRAMADA,FINISHED,ccarrasquel,CLC-1,9533,LINKED_TO_MISSING_OR_RESTRICTED_ZENDESK,0,0,0,0,0,0,,,,,,,NO_USED_PARTS
3377,2025-11-12T14:15:00.000Z,FIELD_BEAT_CLIENT|81.698.900-0|UC CHRISTUS - CECA,81.698.900-0,UC CHRISTUS - CECA,CORRECTIVA NO PROGRAMADA,FINISHED,ccarrasquel,Linac-153935,,NO_TICKET_REPORTED,2,2,0,0,0,0,1534958|1517657,11034|10701,1534958|1517657,"kit, spares, leaf motor|pcb assy, leaf motor drive",MATCHED,REF_EXACT,OK
3378,2025-11-14T17:23:00.000Z,FIELD_BEAT_CLIENT|61.606.500-9|HOSPITAL CARLOS VAN BUREN (SSVSA),61.606.500-9,HOSPITAL CARLOS VAN BUREN (SSVSA),CORRECTIVA PROGRAMADA,SCHEDULED,,,,NO_TICKET_REPORTED,0,0,0,0,0,0,,,,,,,NO_USED_PARTS
3379,2025-11-14T17:27:00.000Z,FIELD_BEAT_CLIENT|61.606.500-9|HOSPITAL CARLOS VAN BUREN (SSVSA),61.606.500-9,HOSPITAL CARLOS VAN BUREN (SSVSA),CORRECTIVA PROGRAMADA,FINISHED,mreyes,,,NO_TICKET_REPORTED,1,0,0,1,0,1,,,no,No,NO_MATCH,NONE,HAS_UNMATCHED_PARTS
3380,2025-11-14T14:30:00.000Z,FIELD_BEAT_CLIENT|93.930.000-7|CLÍNICA LAS CONDES,93.930.000-7,CLÍNICA LAS CONDES,CORRECTIVA NO PROGRAMADA,FINISHED,jbustamante,CLC-1,9668,LINKED_TO_ACCESSIBLE_ZENDESK,0,0,0,0,0,0,,,,,,,NO_USED_PARTS
3381,2025-11-14T18:26:00.000Z,FIELD_BEAT_CLIENT|93.930.000-7|CLÍNICA LAS CONDES,93.930.000-7,CLÍNICA LAS CONDES,REQUERIMIENTO DEL CLIENTE,SCHEDULED,,CLC-2,,NO_TICKET_REPORTED,0,0,0,0,0,0,,,,,,,NO_USED_PARTS
3382,2025-11-14T18:28:00.000Z,FIELD_BEAT_CLIENT|93.930.000-7|CLÍNICA LAS CONDES,93.930.000-7,CLÍNICA LAS CONDES,REQUERIMIENTO DEL CLIENTE,FINISHED,jacuna,CLC-2,9667,LINKED_TO_MISSING_OR_RESTRICTED_ZENDESK,0,0,0,0,0,0,,,,,,,NO_USED_PARTS
3383,2025-11-14T21:33:00.000Z,FIELD_BEAT_CLIENT|81.698.900-0|UC CHRISTUS - CECA,81.698.900-0,UC CHRISTUS - CECA,CORRECTIVA PROGRAMADA,FINISHED,mabreu,Linac-153935,9654,LINKED_TO_ACCESSIBLE_ZENDESK,1,1,0,0,0,0,4513341185001U,11682,4513341185001U,"CABLE ASSY, PL9 TO SK9A1/2",MATCHED,REF_EXACT,OK
3384,2025-11-14T21:40:00.000Z,FIELD_BEAT_CLIENT|81.698.900-0|UC CHRISTUS - CECA,81.698.900-0,UC CHRISTUS - CECA,CORRECTIVA PROGRAMADA,FINISHED,mabreu,Linac-153935,9635,LINKED_TO_MISSING_OR_RESTRICTED_ZENDESK,0,0,0,0,0,0,,,,,,,NO_USED_PARTS
3385,2025-11-14T23:31:00.000Z,FIELD_BEAT_CLIENT|61.608.404-6|Instituto Nacional del Cáncer (INC),61.608.404-6,Instituto Nacional del Cáncer (INC),CORRECTIVA PROGRAMADA,FINISHED,ccarrasquel,INC-156473,,NO_TICKET_REPORTED,0,0,0,0,0,0,,,,,,,NO_USED_PARTS
3386,2025-11-17T10:00:00.000Z,FIELD_BEAT_CLIENT|96.770.100-9|CLINICA ALEMANA DE SANTIAGO,96.770.100-9,CLINICA ALEMANA DE SANTIAGO,PUESTA EN MARCHA,FINISHED,jbustamante,Linac-152171,,NO_TICKET_REPORTED,0,0,0,0,0,0,,,,,,,NO_USED_PARTS
3387,2025-11-17T11:00:00.000Z,FIELD_BEAT_CLIENT|96.770.100-9|CLINICA ALEMANA DE SANTIAGO,96.770.100-9,CLINICA ALEMANA DE SANTIAGO,CORRECTIVA NO PROGRAMADA,ARCHIVED,,Linac-109496,,NO_TICKET_REPORTED,0,0,0,0,0,0,,,,,,,NO_USED_PARTS
3388,2025-11-17T12:01:00.000Z,FIELD_BEAT_CLIENT|81.698.900-0|UC CHRISTUS - CECA,81.698.900-0,UC CHRISTUS - CECA,CORRECTIVA NO PROGRAMADA,FINISHED,ccarrasquel,Linac-109374,,NO_TICKET_REPORTED,0,0,0,0,0,0,,,,,,,NO_USED_PARTS
3389,2025-11-14T18:30:00.000Z,FIELD_BEAT_CLIENT|61.607.901-8|SERVICIO DE SALUD DE MAGALLANES,61.607.901-8,SERVICIO DE SALUD DE MAGALLANES,CORRECTIVA PROGRAMADA,FINISHED,raguila,Linac-109452,,NO_TICKET_REPORTED,0,0,0,0,0,0,,,,,,,NO_USED_PARTS
3390,2025-11-17T14:51:00.000Z,FIELD_BEAT_CLIENT|61.606.500-9|HOSPITAL CARLOS VAN BUREN (SSVSA),61.606.500-9,HOSPITAL CARLOS VAN BUREN (SSVSA),CORRECTIVA NO PROGRAMADA,FINISHED,mabreu,Linac-154325,9660,LINKED_TO_ACCESSIBLE_ZENDESK,9,9,0,0,0,0,1557545|1011030|1564361|1564169|1565768|1517657|1010848|1564298|1534958,12192|11035|11038|12262|10151|10701|11037|11039|11034,1557545|1011030|1564361|1564169|1565768|1517657|1010848|1564298|1534958,"CAMERA, DX9|LENS, COLLIMATOR|PROGRAMED PCB ASSY, ROUTER|KIT, LUMINOS PROJ ASSY AND PCB ASSY, LED CONTROL|PCB ASSY, CAM CID8726DX9|PCB, LEAF MOTOR DRIVE|MIRROR ASSEMBLY, OPTICS|PCB ASSY, DLG AND DIAPHRAGM|KIT, SPARE, LEAF MOTOR",MATCHED,REF_EXACT,OK
3391,2025-11-18T18:05:00.000Z,FIELD_BEAT_CLIENT|81.698.900-0|UC CHRISTUS - CECA,81.698.900-0,UC CHRISTUS - CECA,CORRECTIVA NO PROGRAMADA,FINISHED,aecheverria,Linac-153935,9674,LINKED_TO_MISSING_OR_RESTRICTED_ZENDESK,1,0,1,0,0,1,,,,N/A,PLACEHOLDER_VALUE,PLACEHOLDER_REJECTED,HAS_PLACEHOLDERS
3392,2025-11-18T15:00:00.000Z,FIELD_BEAT_CLIENT|96.757.430-9|INRAD,96.757.430-9,INRAD,CORRECTIVA PROGRAMADA,FINISHED,mreyes,,,NO_TICKET_REPORTED,1,0,0,0,1,1,,,LMD. 45133909025. ME 1008587,"Leaf motor drive.

Módulo electrónico MLC",AMBIGUOUS_MATCH,REF_LIKE,HAS_AMBIGUOUS_PARTS
3393,2025-11-18T19:30:00.000Z,FIELD_BEAT_CLIENT|76.746.730-3|RADIO ONCOLOGÍA DEL SUR,76.746.730-3,RADIO ONCOLOGÍA DEL SUR,CORRECTIVA NO PROGRAMADA,FINISHED,ebecker,Linac-156187,,NO_TICKET_REPORTED,0,0,0,0,0,0,,,,,,,NO_USED_PARTS
3394,2025-11-20T13:53:00.000Z,FIELD_BEAT_CLIENT|81.698.900-0|UC CHRISTUS - CECA,81.698.900-0,UC CHRISTUS - CECA,CORRECTIVA NO PROGRAMADA,FINISHED,mabreu,Linac-153935,9680,LINKED_TO_ACCESSIBLE_ZENDESK,1,0,0,1,0,1,,,1517098,ION PUMP - SPARE,NO_MATCH,NONE,HAS_UNMATCHED_PARTS
3395,2025-11-11T20:00:00.000Z,FIELD_BEAT_CLIENT|96.843.010-6|Tecnoimagen S.A.,96.843.010-6,Tecnoimagen S.A.,PUESTA EN MARCHA,FINISHED,glopez,K-ARL-M3,99999,LINKED_TO_MISSING_OR_RESTRICTED_ZENDESK,1,0,1,0,0,1,,,no aplica,no aplica,PLACEHOLDER_VALUE,PLACEHOLDER_REJECTED,HAS_PLACEHOLDERS
3396,2025-11-21T20:17:00.000Z,FIELD_BEAT_CLIENT|61.608.404-6|Instituto Nacional del Cáncer (INC),61.608.404-6,Instituto Nacional del Cáncer (INC),CORRECTIVA PROGRAMADA,FINISHED,ccarrasquel,INC-156473,,NO_TICKET_REPORTED,1,1,0,0,0,0,1565835,11031,1565835,kit spares diaphragm brake,MATCHED,REF_EXACT,OK
3397,2025-11-21T21:12:00.000Z,FIELD_BEAT_CLIENT|61.608.404-6|Instituto Nacional del Cáncer (INC),61.608.404-6,Instituto Nacional del Cáncer (INC),CORRECTIVA PROGRAMADA,FINISHED,ccarrasquel,INC-156473,,NO_TICKET_REPORTED,0,0,0,0,0,0,,,,,,,NO_USED_PARTS
3398,2025-11-24T09:30:00.000Z,FIELD_BEAT_CLIENT|61.606.500-9|HOSPITAL CARLOS VAN BUREN (SSVSA),61.606.500-9,HOSPITAL CARLOS VAN BUREN (SSVSA),PUESTA EN MARCHA,FINISHED,jecheverria,Linac-154325,,NO_TICKET_REPORTED,1,0,1,0,0,1,,,,no hay,PLACEHOLDER_VALUE,PLACEHOLDER_REJECTED,HAS_PLACEHOLDERS
3399,2025-11-24T20:30:00.000Z,FIELD_BEAT_CLIENT|81.698.900-0|UC CHRISTUS - SCA,81.698.900-0,UC CHRISTUS - SCA,CORRECTIVA PROGRAMADA,FINISHED,mabreu,Linac-109256,9670,LINKED_TO_ACCESSIBLE_ZENDESK,0,0,0,0,0,0,,,,,,,NO_USED_PARTS
3400,2025-11-24T14:30:00.000Z,FIELD_BEAT_CLIENT|61.606.500-9|HOSPITAL CARLOS VAN BUREN (SSVSA),61.606.500-9,HOSPITAL CARLOS VAN BUREN (SSVSA),CORRECTIVA NO PROGRAMADA,FINISHED,jecheverria,Linac-154325,,NO_TICKET_REPORTED,2,1,0,1,0,1,1501074,11487,1501074|1567798,DOS B|DOS A,MATCHED|NO_MATCH,REF_EXACT|NONE,HAS_UNMATCHED_PARTS
3401,2025-11-25T14:21:00.000Z,FIELD_BEAT_CLIENT|96.770.100-9|CLINICA ALEMANA DE SANTIAGO,96.770.100-9,CLINICA ALEMANA DE SANTIAGO,REQUERIMIENTO DEL CLIENTE,FINISHED,ccarrasquel,Linac-152171,,NO_TICKET_REPORTED,0,0,0,0,0,0,,,,,,,NO_USED_PARTS
3402,2025-11-25T14:26:00.000Z,FIELD_BEAT_CLIENT|96.770.100-9|CLINICA ALEMANA DE SANTIAGO,96.770.100-9,CLINICA ALEMANA DE SANTIAGO,CORRECTIVA NO PROGRAMADA,FINISHED,ccarrasquel,Linac-109496,9683,LINKED_TO_MISSING_OR_RESTRICTED_ZENDESK,0,0,0,0,0,0,,,,,,,NO_USED_PARTS
3403,2025-11-25T14:36:00.000Z,FIELD_BEAT_CLIENT|96.770.100-9|CLINICA ALEMANA DE SANTIAGO,96.770.100-9,CLINICA ALEMANA DE SANTIAGO,CORRECTIVA NO PROGRAMADA,FINISHED,ccarrasquel,Linac-152171,9628,LINKED_TO_ACCESSIBLE_ZENDESK,1,1,0,0,0,0,1534958,11034,1534958,"kit, spare leaf motor",MATCHED,REF_EXACT,OK
3404,2025-11-27T12:00:00.000Z,FIELD_BEAT_CLIENT|70377400-8|FUNDACION ARTURO LOPEZ PEREZ,70377400-8,FUNDACION ARTURO LOPEZ PEREZ,REQUERIMIENTO DEL CLIENTE,FINISHED,adiaz,,,NO_TICKET_REPORTED,0,0,0,0,0,0,,,,,,,NO_USED_PARTS
3405,2025-11-27T14:35:00.000Z,FIELD_BEAT_CLIENT|96.757.430-9|INRAD,96.757.430-9,INRAD,CORRECTIVA NO PROGRAMADA,FINISHED,ccarrasquel,Linac-201172,9703,LINKED_TO_ACCESSIBLE_ZENDESK,0,0,0,0,0,0,,,,,,,NO_USED_PARTS
3406,2025-11-27T16:01:00.000Z,FIELD_BEAT_CLIENT|61.608.404-6|Instituto Nacional del Cáncer (INC),61.608.404-6,Instituto Nacional del Cáncer (INC),CORRECTIVA NO PROGRAMADA,FINISHED,mabreu,INC-156473,9704,LINKED_TO_MISSING_OR_RESTRICTED_ZENDESK,0,0,0,0,0,0,,,,,,,NO_USED_PARTS
3407,2025-11-28T14:00:00.000Z,FIELD_BEAT_CLIENT|70377400-8|FUNDACION ARTURO LOPEZ PEREZ,70377400-8,FUNDACION ARTURO LOPEZ PEREZ,CORRECTIVA NO PROGRAMADA,FINISHED,adiaz,,,NO_TICKET_REPORTED,1,1,0,0,0,0,2467858,11913,2467858,Zebra printer ZD620,MATCHED,REF_EXACT,OK
3408,2025-11-29T16:39:00.000Z,FIELD_BEAT_CLIENT|81.698.900-0|UC CHRISTUS - CECA,81.698.900-0,UC CHRISTUS - CECA,PREVENTIVA PROGRAMADA,FINISHED,ccarrasquel,Linac-109374,,NO_TICKET_REPORTED,0,0,0,0,0,0,,,,,,,NO_USED_PARTS
3409,2025-11-29T17:12:00.000Z,FIELD_BEAT_CLIENT|81.698.900-0|UC CHRISTUS - CECA,81.698.900-0,UC CHRISTUS - CECA,CORRECTIVA PROGRAMADA,FINISHED,ccarrasquel,Linac-109374,,NO_TICKET_REPORTED,0,0,0,0,0,0,,,,,,,NO_USED_PARTS
3410,2025-12-01T11:56:00.000Z,FIELD_BEAT_CLIENT|61.606.500-9|HOSPITAL CARLOS VAN BUREN (SSVSA),61.606.500-9,HOSPITAL CARLOS VAN BUREN (SSVSA),PUESTA EN MARCHA,FINISHED,jecheverria,Linac-154325,0000,LINKED_TO_MISSING_OR_RESTRICTED_ZENDESK,0,0,0,0,0,0,,,,,,,NO_USED_PARTS
3411,2025-12-01T12:43:00.000Z,FIELD_BEAT_CLIENT|96.770.100-9|CLINICA ALEMANA DE SANTIAGO,96.770.100-9,CLINICA ALEMANA DE SANTIAGO,PUESTA EN MARCHA,FINISHED,mabreu,Linac-152171,,NO_TICKET_REPORTED,0,0,0,0,0,0,,,,,,,NO_USED_PARTS
3412,2025-12-03T16:12:00.000Z,FIELD_BEAT_CLIENT|81.698.900-0|UC CHRISTUS - CECA,81.698.900-0,UC CHRISTUS - CECA,REQUERIMIENTO DEL CLIENTE,FINISHED,ssalice,,9714,LINKED_TO_MISSING_OR_RESTRICTED_ZENDESK,0,0,0,0,0,0,,,,,,,NO_USED_PARTS
3413,2025-12-03T19:01:00.000Z,FIELD_BEAT_CLIENT|81.698.900-0|UC CHRISTUS - SCA,81.698.900-0,UC CHRISTUS - SCA,REQUERIMIENTO DEL CLIENTE,FINISHED,ssalice,,9712,LINKED_TO_MISSING_OR_RESTRICTED_ZENDESK,0,0,0,0,0,0,,,,,,,NO_USED_PARTS
3414,2025-12-03T19:30:00.000Z,FIELD_BEAT_CLIENT|76.746.730-3|CLÍNICA SANATORIO ALEMÁN (ONCORAD),76.746.730-3,CLÍNICA SANATORIO ALEMÁN (ONCORAD),CORRECTIVA NO PROGRAMADA,FINISHED,ebecker,Linac-201110,9720,LINKED_TO_MISSING_OR_RESTRICTED_ZENDESK,0,0,0,0,0,0,,,,,,,NO_USED_PARTS
3415,2025-12-04T12:15:00.000Z,FIELD_BEAT_CLIENT|81.698.900-0|UC CHRISTUS - CECA,81.698.900-0,UC CHRISTUS - CECA,CORRECTIVA NO PROGRAMADA,FINISHED,jbustamante,Linac-109374,9723,LINKED_TO_ACCESSIBLE_ZENDESK,0,0,0,0,0,0,,,,,,,NO_USED_PARTS
3416,2025-12-03T21:00:00.000Z,FIELD_BEAT_CLIENT|81.698.900-0|UC CHRISTUS - SCA,81.698.900-0,UC CHRISTUS - SCA,ASISTENCIA REMOTA,FINISHED,aecheverria,Linac-109256,9722,LINKED_TO_MISSING_OR_RESTRICTED_ZENDESK,1,0,1,0,0,1,,,,N/A,PLACEHOLDER_VALUE,PLACEHOLDER_REJECTED,HAS_PLACEHOLDERS
3417,2025-12-04T11:30:28.285Z,FIELD_BEAT_CLIENT|70377400-8|FUNDACION ARTURO LOPEZ PEREZ,70377400-8,FUNDACION ARTURO LOPEZ PEREZ,PREVENTIVA PROGRAMADA,FINISHED,glopez,HDR-FT07026,0,LINKED_TO_MISSING_OR_RESTRICTED_ZENDESK,0,0,0,0,0,0,,,,,,,NO_USED_PARTS
3418,2025-12-05T12:15:00.000Z,FIELD_BEAT_CLIENT|61.608.404-6|Instituto Nacional del Cáncer (INC),61.608.404-6,Instituto Nacional del Cáncer (INC),PREVENTIVA PROGRAMADA,FINISHED,ccarrasquel,INC-156473,,NO_TICKET_REPORTED,0,0,0,0,0,0,,,,,,,NO_USED_PARTS
3419,2025-11-25T19:00:00.000Z,FIELD_BEAT_CLIENT|61.607.901-8|SERVICIO DE SALUD DE MAGALLANES,61.607.901-8,SERVICIO DE SALUD DE MAGALLANES,CORRECTIVA NO PROGRAMADA,FINISHED,raguila,Linac-109452,9592,LINKED_TO_ACCESSIBLE_ZENDESK,1,1,0,0,0,0,1531848,12092,1531848,FRU X DRIVE ASSEMBLY (EJE LONGITUDINAL),MATCHED,REF_EXACT,OK
3420,2025-12-05T19:35:00.000Z,FIELD_BEAT_CLIENT|61.608.404-6|Instituto Nacional del Cáncer (INC),61.608.404-6,Instituto Nacional del Cáncer (INC),CORRECTIVA NO PROGRAMADA,FINISHED,mabreu,INC-156473,,NO_TICKET_REPORTED,2,2,0,0,0,0,45133302612|1541718,10995|11595,45133302612|1541718,"GEARBOX AND BRAKE FRU (REAR)|FRU, PANCAKE MOTOR ASSEMBLY",MATCHED,REF_EXACT,OK
3421,2025-12-05T19:00:00.000Z,FIELD_BEAT_CLIENT|76.746.730-3|RADIO ONCOLOGÍA DEL SUR,76.746.730-3,RADIO ONCOLOGÍA DEL SUR,CORRECTIVA PROGRAMADA,FINISHED,ebecker,Linac-156187,9726,LINKED_TO_MISSING_OR_RESTRICTED_ZENDESK,0,0,0,0,0,0,,,,,,,NO_USED_PARTS
3422,2025-12-09T20:42:00.000Z,FIELD_BEAT_CLIENT|81.698.900-0|UC CHRISTUS - SCA,81.698.900-0,UC CHRISTUS - SCA,CORRECTIVA NO PROGRAMADA,FINISHED,ccarrasquel,Linac-109256,9737,LINKED_TO_ACCESSIBLE_ZENDESK,0,0,0,0,0,0,,,,,,,NO_USED_PARTS
3423,2025-12-10T11:22:00.000Z,FIELD_BEAT_CLIENT|81.698.900-0|UC CHRISTUS - CECA,81.698.900-0,UC CHRISTUS - CECA,CORRECTIVA PROGRAMADA,FINISHED,ccarrasquel,Linac-109374,9723,LINKED_TO_ACCESSIBLE_ZENDESK,1,1,0,0,0,0,1517657,10701,1517657,"pcb assy, Leaf Motor Drive",MATCHED,REF_EXACT,OK
3424,2025-12-10T17:00:00.000Z,FIELD_BEAT_CLIENT|70377400-8|FUNDACION ARTURO LOPEZ PEREZ,70377400-8,FUNDACION ARTURO LOPEZ PEREZ,REQUERIMIENTO DEL CLIENTE,FINISHED,adiaz,,,NO_TICKET_REPORTED,0,0,0,0,0,0,,,,,,,NO_USED_PARTS
3425,2025-12-10T18:52:00.000Z,FIELD_BEAT_CLIENT|96.770.100-9|CLINICA ALEMANA DE SANTIAGO,96.770.100-9,CLINICA ALEMANA DE SANTIAGO,CORRECTIVA NO PROGRAMADA,FINISHED,mabreu,Linac-109496,9706,LINKED_TO_ACCESSIBLE_ZENDESK,1,1,0,0,0,0,1007288,10721,1007288,PCB DCB,MATCHED,REF_EXACT,OK
3426,2025-12-11T13:00:00.000Z,FIELD_BEAT_CLIENT|70377400-8|FUNDACION ARTURO LOPEZ PEREZ,70377400-8,FUNDACION ARTURO LOPEZ PEREZ,REQUERIMIENTO DEL CLIENTE,FINISHED,adiaz,,,NO_TICKET_REPORTED,0,0,0,0,0,0,,,,,,,NO_USED_PARTS
3427,2025-12-12T11:15:00.000Z,FIELD_BEAT_CLIENT|76.746.730-3|RADIO ONCOLOGÍA DEL SUR,76.746.730-3,RADIO ONCOLOGÍA DEL SUR,CORRECTIVA NO PROGRAMADA,FINISHED,ebecker,Linac-156187,938,LINKED_TO_MISSING_OR_RESTRICTED_ZENDESK,1,1,0,0,0,0,1517657,10701,1517657,"PCB ASSY, LEAF MOTOR DRIVE",MATCHED,REF_EXACT,OK
3428,2025-12-11T19:15:00.000Z,FIELD_BEAT_CLIENT|61.607.901-8|SERVICIO DE SALUD DE MAGALLANES,61.607.901-8,SERVICIO DE SALUD DE MAGALLANES,CORRECTIVA NO PROGRAMADA,FINISHED,raguila,Linac-109452,9746,LINKED_TO_ACCESSIBLE_ZENDESK,0,0,0,0,0,0,,,,,,,NO_USED_PARTS
3429,2025-12-11T19:15:00.000Z,FIELD_BEAT_CLIENT|61.607.901-8|SERVICIO DE SALUD DE MAGALLANES,61.607.901-8,SERVICIO DE SALUD DE MAGALLANES,CORRECTIVA PROGRAMADA,FINISHED,raguila,Linac-109452,9734,LINKED_TO_ACCESSIBLE_ZENDESK,0,0,0,0,0,0,,,,,,,NO_USED_PARTS
3430,2025-12-12T11:30:00.000Z,FIELD_BEAT_CLIENT|70377400-8|FUNDACION ARTURO LOPEZ PEREZ,70377400-8,FUNDACION ARTURO LOPEZ PEREZ,PREVENTIVA PROGRAMADA,FINISHED,adiaz,APOTECA-CHEMO,,NO_TICKET_REPORTED,0,0,0,0,0,0,,,,,,,NO_USED_PARTS
3431,2025-12-12T11:45:00.000Z,FIELD_BEAT_CLIENT|61.606.500-9|HOSPITAL CARLOS VAN BUREN (SSVSA),61.606.500-9,HOSPITAL CARLOS VAN BUREN (SSVSA),ASISTENCIA REMOTA,FINISHED,jecheverria,,9749,LINKED_TO_ACCESSIBLE_ZENDESK,0,0,0,0,0,0,,,,,,,NO_USED_PARTS
3432,2025-12-15T11:08:00.000Z,FIELD_BEAT_CLIENT|61.606.500-9|HOSPITAL CARLOS VAN BUREN (SSVSA),61.606.500-9,HOSPITAL CARLOS VAN BUREN (SSVSA),PUESTA EN MARCHA,FINISHED,jecheverria,Linac-154325,,NO_TICKET_REPORTED,0,0,0,0,0,0,,,,,,,NO_USED_PARTS
3433,2025-12-15T13:30:00.000Z,FIELD_BEAT_CLIENT|76.746.730-3|CLÍNICA SANATORIO ALEMÁN (ONCORAD),76.746.730-3,CLÍNICA SANATORIO ALEMÁN (ONCORAD),CORRECTIVA NO PROGRAMADA,FINISHED,ebecker,Linac-201110,,NO_TICKET_REPORTED,0,0,0,0,0,0,,,,,,,NO_USED_PARTS
3434,2025-12-15T19:36:00.000Z,FIELD_BEAT_CLIENT|93.930.000-7|CLÍNICA LAS CONDES,93.930.000-7,CLÍNICA LAS CONDES,CORRECTIVA PROGRAMADA,FINISHED,ccarrasquel,CLC-1,9753,LINKED_TO_MISSING_OR_RESTRICTED_ZENDESK,0,0,0,0,0,0,,,,,,,NO_USED_PARTS
3435,2025-12-15T10:30:00.000Z,FIELD_BEAT_CLIENT|96.770.100-9|CLINICA ALEMANA DE SANTIAGO,96.770.100-9,CLINICA ALEMANA DE SANTIAGO,PUESTA EN MARCHA,FINISHED,aecheverria,Linac-152171,,NO_TICKET_REPORTED,1,0,1,0,0,1,,,,N/A,PLACEHOLDER_VALUE,PLACEHOLDER_REJECTED,HAS_PLACEHOLDERS
3436,2025-12-17T15:45:00.000Z,FIELD_BEAT_CLIENT|76.746.730-3|CLÍNICA SANATORIO ALEMÁN (ONCORAD),76.746.730-3,CLÍNICA SANATORIO ALEMÁN (ONCORAD),CORRECTIVA NO PROGRAMADA,FINISHED,ebecker,Linac-201110,9758,LINKED_TO_MISSING_OR_RESTRICTED_ZENDESK,1,1,0,0,0,0,1572991,10978,1572991,FRU Z MOTOR BRUSH SET,MATCHED,REF_EXACT,OK
3437,2025-12-17T17:33:00.000Z,FIELD_BEAT_CLIENT|93.930.000-7|CLÍNICA LAS CONDES,93.930.000-7,CLÍNICA LAS CONDES,CORRECTIVA PROGRAMADA,FINISHED,ccarrasquel,CLC-2,,NO_TICKET_REPORTED,0,0,0,0,0,0,,,,,,,NO_USED_PARTS
3438,2025-12-19T17:22:00.000Z,FIELD_BEAT_CLIENT|93.930.000-7|CLÍNICA LAS CONDES,93.930.000-7,CLÍNICA LAS CONDES,CORRECTIVA NO PROGRAMADA,FINISHED,ccarrasquel,CLC-1,9764,LINKED_TO_ACCESSIBLE_ZENDESK,0,0,0,0,0,0,,,,,,,NO_USED_PARTS
3439,2025-12-22T10:00:00.000Z,FIELD_BEAT_CLIENT|96.770.100-9|CLINICA ALEMANA DE SANTIAGO,96.770.100-9,CLINICA ALEMANA DE SANTIAGO,PUESTA EN MARCHA,FINISHED,jbustamante,Linac-152171,,NO_TICKET_REPORTED,0,0,0,0,0,0,,,,,,,NO_USED_PARTS
3440,2025-12-22T11:27:00.000Z,FIELD_BEAT_CLIENT|61.606.500-9|HOSPITAL CARLOS VAN BUREN (SSVSA),61.606.500-9,HOSPITAL CARLOS VAN BUREN (SSVSA),PUESTA EN MARCHA,FINISHED,jecheverria,Linac-154325,,NO_TICKET_REPORTED,0,0,0,0,0,0,,,,,,,NO_USED_PARTS
3441,2025-12-24T20:18:00.000Z,FIELD_BEAT_CLIENT|61.608.404-6|Instituto Nacional del Cáncer (INC),61.608.404-6,Instituto Nacional del Cáncer (INC),CORRECTIVA NO PROGRAMADA,FINISHED,mabreu,INC-156473,9774,LINKED_TO_ACCESSIBLE_ZENDESK,0,0,0,0,0,0,,,,,,,NO_USED_PARTS
3442,2025-12-26T14:29:00.000Z,FIELD_BEAT_CLIENT|81.698.900-0|UC CHRISTUS - CECA,81.698.900-0,UC CHRISTUS - CECA,CORRECTIVA PROGRAMADA,FINISHED,ccarrasquel,Linac-109374,9775,LINKED_TO_ACCESSIBLE_ZENDESK,0,0,0,0,0,0,,,,,,,NO_USED_PARTS
3443,2025-12-26T14:40:00.000Z,FIELD_BEAT_CLIENT|81.698.900-0|UC CHRISTUS - CECA,81.698.900-0,UC CHRISTUS - CECA,CORRECTIVA PROGRAMADA,FINISHED,ccarrasquel,Linac-153935,9690,LINKED_TO_ACCESSIBLE_ZENDESK,0,0,0,0,0,0,,,,,,,NO_USED_PARTS
3444,2025-12-26T21:12:00.000Z,FIELD_BEAT_CLIENT|96.770.100-9|CLINICA ALEMANA DE SANTIAGO,96.770.100-9,CLINICA ALEMANA DE SANTIAGO,CORRECTIVA PROGRAMADA,FINISHED,ccarrasquel,Linac-152171,9731,LINKED_TO_MISSING_OR_RESTRICTED_ZENDESK,0,0,0,0,0,0,,,,,,,NO_USED_PARTS
3445,2025-12-29T10:47:00.000Z,FIELD_BEAT_CLIENT|61.606.500-9|HOSPITAL CARLOS VAN BUREN (SSVSA),61.606.500-9,HOSPITAL CARLOS VAN BUREN (SSVSA),PUESTA EN MARCHA,FINISHED,jecheverria,Linac-154325,,NO_TICKET_REPORTED,0,0,0,0,0,0,,,,,,,NO_USED_PARTS
3446,2025-12-29T11:40:00.000Z,FIELD_BEAT_CLIENT|96.770.100-9|CLINICA ALEMANA DE SANTIAGO,96.770.100-9,CLINICA ALEMANA DE SANTIAGO,REQUERIMIENTO DEL CLIENTE,FINISHED,ccarrasquel,Linac-152171,,NO_TICKET_REPORTED,0,0,0,0,0,0,,,,,,,NO_USED_PARTS
3447,2025-12-29T19:05:00.000Z,FIELD_BEAT_CLIENT|96.757.430-9|INRAD,96.757.430-9,INRAD,ASISTENCIA REMOTA,FINISHED,mreyes,,9781,LINKED_TO_ACCESSIBLE_ZENDESK,1,0,0,1,0,1,,,No hay,No hay,NO_MATCH,NONE,HAS_UNMATCHED_PARTS
3448,2025-12-31T12:45:00.000Z,FIELD_BEAT_CLIENT|96.757.430-9|INRAD,96.757.430-9,INRAD,CORRECTIVA NO PROGRAMADA,FINISHED,jbustamante,Linac-201172,9781,LINKED_TO_ACCESSIBLE_ZENDESK,0,0,0,0,0,0,,,,,,,NO_USED_PARTS
3449,2025-12-31T16:59:00.000Z,FIELD_BEAT_CLIENT|61.608.404-6|Instituto Nacional del Cáncer (INC),61.608.404-6,Instituto Nacional del Cáncer (INC),CORRECTIVA PROGRAMADA,FINISHED,ccarrasquel,INC-156473,9778,LINKED_TO_ACCESSIBLE_ZENDESK,1,1,0,0,0,0,1541718,11595,1541718,pancake motor assembly,MATCHED,REF_EXACT,OK
3450,2026-01-02T16:10:00.000Z,FIELD_BEAT_CLIENT|70377400-8|FUNDACION ARTURO LOPEZ PEREZ,70377400-8,FUNDACION ARTURO LOPEZ PEREZ,CORRECTIVA NO PROGRAMADA,FINISHED,adiaz,APOTECA-CHEMO,,NO_TICKET_REPORTED,1,1,0,0,0,0,T00010988-01-NR2,11900,T00010988-01-NR-2,Soporte de jeringa 50ml,MATCHED,REF_NORMALIZED_EXACT,OK
3451,2026-01-02T21:30:00.000Z,FIELD_BEAT_CLIENT|61.608.404-6|Instituto Nacional del Cáncer (INC),61.608.404-6,Instituto Nacional del Cáncer (INC),CORRECTIVA PROGRAMADA,FINISHED,jbustamante,INC-156473,9778,LINKED_TO_ACCESSIBLE_ZENDESK,1,1,0,0,0,0,1541718,11595,1541718,"FRU, PANCAKE MOTOR ASSEMBLY",MATCHED,REF_EXACT,OK
3452,2026-01-05T12:33:00.000Z,FIELD_BEAT_CLIENT|76.746.730-3|CLÍNICA SANATORIO ALEMÁN (ONCORAD),76.746.730-3,CLÍNICA SANATORIO ALEMÁN (ONCORAD),CORRECTIVA NO PROGRAMADA,FINISHED,ebecker,Linac-201110,9790,LINKED_TO_MISSING_OR_RESTRICTED_ZENDESK,1,0,0,1,0,1,,,LT05035,"Ampolleta Range Finder 13,5 v/50 w",NO_MATCH,NONE,HAS_UNMATCHED_PARTS
3453,2026-01-05T12:50:00.000Z,FIELD_BEAT_CLIENT|96.757.430-9|INRAD,96.757.430-9,INRAD,CORRECTIVA PROGRAMADA,FINISHED,mreyes,,9781,LINKED_TO_ACCESSIBLE_ZENDESK,1,0,0,1,0,1,,,CX1551G,Thyratron,NO_MATCH,NONE,HAS_UNMATCHED_PARTS
3454,2026-01-05T19:00:00.000Z,FIELD_BEAT_CLIENT|96.770.100-9|CLINICA ALEMANA DE SANTIAGO,96.770.100-9,CLINICA ALEMANA DE SANTIAGO,CORRECTIVA PROGRAMADA V2,FINISHED,mabreu,Linac-152171,9789,LINKED_TO_MISSING_OR_RESTRICTED_ZENDESK,0,0,0,0,0,0,,,,,,,NO_USED_PARTS
3455,2026-01-05T19:00:00.000Z,FIELD_BEAT_CLIENT|76.746.730-3|CLÍNICA SANATORIO ALEMÁN (ONCORAD),76.746.730-3,CLÍNICA SANATORIO ALEMÁN (ONCORAD),CORRECTIVA NO PROGRAMADA,FINISHED,ebecker,Linac-201110,9793,LINKED_TO_MISSING_OR_RESTRICTED_ZENDESK,0,0,0,0,0,0,,,,,,,NO_USED_PARTS
3456,2026-01-06T21:16:00.000Z,FIELD_BEAT_CLIENT||CLINICA ALEMANA DE SANTIAGO,,CLINICA ALEMANA DE SANTIAGO,CORRECTIVA PROGRAMADA,FINISHED,ccarrasquel,,9694,LINKED_TO_MISSING_OR_RESTRICTED_ZENDESK,1,1,0,0,0,0,1509023,12216,1509023,"cable assembly, area 60",MATCHED,REF_EXACT,OK
3457,2026-01-07T13:40:00.000Z,FIELD_BEAT_CLIENT|61.606.500-9|HOSPITAL CARLOS VAN BUREN (SSVSA),61.606.500-9,HOSPITAL CARLOS VAN BUREN (SSVSA),ASISTENCIA REMOTA,FINISHED,jecheverria,Linac-154325,,NO_TICKET_REPORTED,0,0,0,0,0,0,,,,,,,NO_USED_PARTS
3458,2026-01-08T19:30:00.000Z,FIELD_BEAT_CLIENT|76.746.730-3|CLÍNICA SANATORIO ALEMÁN (ONCORAD),76.746.730-3,CLÍNICA SANATORIO ALEMÁN (ONCORAD),CORRECTIVA PROGRAMADA,FINISHED,ebecker,Linac-201110,9790,LINKED_TO_MISSING_OR_RESTRICTED_ZENDESK,0,0,0,0,0,0,,,,,,,NO_USED_PARTS
3459,2026-01-08T21:40:00.000Z,FIELD_BEAT_CLIENT||Instituto Nacional del Cáncer (INC),,Instituto Nacional del Cáncer (INC),CORRECTIVA NO PROGRAMADA,FINISHED,ccarrasquel,,9801,LINKED_TO_ACCESSIBLE_ZENDESK,0,0,0,0,0,0,,,,,,,NO_USED_PARTS
3460,2026-01-12T10:30:00.000Z,FIELD_BEAT_CLIENT|96.770.100-9|CLINICA ALEMANA DE SANTIAGO,96.770.100-9,CLINICA ALEMANA DE SANTIAGO,CORRECTIVA PROGRAMADA V2,FINISHED,aecheverria,Linac-152171,,NO_TICKET_REPORTED,0,0,0,0,0,0,,,,,,,NO_USED_PARTS
3461,2026-01-08T19:30:00.000Z,FIELD_BEAT_CLIENT||CLÍNICA SANATORIO ALEMÁN (ONCORAD),,CLÍNICA SANATORIO ALEMÁN (ONCORAD),REQUERIMIENTO DEL CLIENTE,FINISHED,ebecker,,,NO_TICKET_REPORTED,0,0,0,0,0,0,,,,,,,NO_USED_PARTS
3462,2026-01-13T21:55:00.000Z,FIELD_BEAT_CLIENT|81.698.900-0|UC CHRISTUS - SCA,81.698.900-0,UC CHRISTUS - SCA,CORRECTIVA PROGRAMADA,FINISHED,mabreu,Linac-109256,9806,LINKED_TO_MISSING_OR_RESTRICTED_ZENDESK,1,1,0,0,0,0,1534958,11034,1534958,KIT SPARES LEAF MOTOR DRIVE,MATCHED,REF_EXACT,OK
3463,2026-01-13T11:00:00.000Z,FIELD_BEAT_CLIENT|76.746.730-3|CLÍNICA SANATORIO ALEMÁN (ONCORAD),76.746.730-3,CLÍNICA SANATORIO ALEMÁN (ONCORAD),CORRECTIVA NO PROGRAMADA,FINISHED,ebecker,Linac-201110,9810,LINKED_TO_MISSING_OR_RESTRICTED_ZENDESK,1,0,0,1,0,1,,,BJ4853.101.00,HT Cable,NO_MATCH,NONE,HAS_UNMATCHED_PARTS
3464,2026-01-14T21:30:00.000Z,FIELD_BEAT_CLIENT|61.608.404-6|Instituto Nacional del Cáncer (INC),61.608.404-6,Instituto Nacional del Cáncer (INC),CORRECTIVA NO PROGRAMADA,FINISHED,aecheverria,INC-156473,9813,LINKED_TO_MISSING_OR_RESTRICTED_ZENDESK,0,0,0,0,0,0,,,,,,,NO_USED_PARTS
3465,2026-01-15T13:45:00.000Z,FIELD_BEAT_CLIENT|61.606.500-9|HOSPITAL CARLOS VAN BUREN (SSVSA),61.606.500-9,HOSPITAL CARLOS VAN BUREN (SSVSA),PREVENTIVA PROGRAMADA,ARCHIVED,,Linac-154325,,NO_TICKET_REPORTED,0,0,0,0,0,0,,,,,,,NO_USED_PARTS
3466,2026-01-15T13:48:00.000Z,FIELD_BEAT_CLIENT|61.606.500-9|HOSPITAL CARLOS VAN BUREN (SSVSA),61.606.500-9,HOSPITAL CARLOS VAN BUREN (SSVSA),,ARCHIVED,,Linac-154325,,NO_TICKET_REPORTED,0,0,0,0,0,0,,,,,,,NO_USED_PARTS
3467,2026-01-15T13:50:00.000Z,FIELD_BEAT_CLIENT|61.606.500-9|HOSPITAL CARLOS VAN BUREN (SSVSA),61.606.500-9,HOSPITAL CARLOS VAN BUREN (SSVSA),PREVENTIVA PROGRAMADA,FINISHED,mabreu,Linac-154325,,NO_TICKET_REPORTED,0,0,0,0,0,0,,,,,,,NO_USED_PARTS
3468,2026-01-16T11:30:00.000Z,FIELD_BEAT_CLIENT|81.698.900-0|UC CHRISTUS - CECA,81.698.900-0,UC CHRISTUS - CECA,PREVENTIVA PROGRAMADA,ARCHIVED,,Linac-109374,,NO_TICKET_REPORTED,0,0,0,0,0,0,,,,,,,NO_USED_PARTS
3469,2026-01-16T11:30:00.000Z,FIELD_BEAT_CLIENT|81.698.900-0|UC CHRISTUS - CECA,81.698.900-0,UC CHRISTUS - CECA,PREVENTIVA PROGRAMADA,ARCHIVED,,Linac-109374,,NO_TICKET_REPORTED,0,0,0,0,0,0,,,,,,,NO_USED_PARTS
3470,2026-01-16T11:30:00.000Z,FIELD_BEAT_CLIENT|81.698.900-0|UC CHRISTUS - CECA,81.698.900-0,UC CHRISTUS - CECA,PREVENTIVA PROGRAMADA,FINISHED,aecheverria,Linac-109374,,NO_TICKET_REPORTED,1,0,1,0,0,1,,,,Microswitch panel iviewGT,PLACEHOLDER_VALUE,PLACEHOLDER_REJECTED,HAS_PLACEHOLDERS
3471,2026-01-16T17:56:00.000Z,FIELD_BEAT_CLIENT|61.606.500-9|HOSPITAL CARLOS VAN BUREN (SSVSA),61.606.500-9,HOSPITAL CARLOS VAN BUREN (SSVSA),CORRECTIVA PROGRAMADA V2,FINISHED,mabreu,Linac-154325,,NO_TICKET_REPORTED,1,1,0,0,0,0,45133304800,10375,45133304800,SL ELECTRON GUN ASSY,MATCHED,REF_EXACT,OK
3472,2026-01-16T22:51:00.000Z,FIELD_BEAT_CLIENT|61.606.500-9|HOSPITAL CARLOS VAN BUREN (SSVSA),61.606.500-9,HOSPITAL CARLOS VAN BUREN (SSVSA),REQUERIMIENTO DEL CLIENTE,FINISHED,ssalice,,9754,LINKED_TO_MISSING_OR_RESTRICTED_ZENDESK,0,0,0,0,0,0,,,,,,,NO_USED_PARTS
3473,2026-01-16T23:39:00.000Z,FIELD_BEAT_CLIENT||Instituto Nacional del Cáncer (INC),,Instituto Nacional del Cáncer (INC),CORRECTIVA PROGRAMADA,FINISHED,ccarrasquel,,9816,LINKED_TO_ACCESSIBLE_ZENDESK,4,4,0,0,0,0,1548845|1531284|1531283|1505856,10615|12327|12326|12120,1548845|1531284|1531283|1505856,"Assembly, X-RAY tube Varex|Cable kit (+ve, anode)|Cable Kit (-ve, cathode)|MRT 23871 KV GENERATOR 400V",MATCHED,REF_EXACT,OK
3474,2026-01-19T09:30:00.000Z,FIELD_BEAT_CLIENT|61.606.500-9|HOSPITAL CARLOS VAN BUREN (SSVSA),61.606.500-9,HOSPITAL CARLOS VAN BUREN (SSVSA),CORRECTIVA PROGRAMADA,FINISHED,jecheverria,Linac-154325,,NO_TICKET_REPORTED,0,0,0,0,0,0,,,,,,,NO_USED_PARTS
3475,2026-01-19T10:30:00.000Z,FIELD_BEAT_CLIENT|96.770.100-9|CLINICA ALEMANA DE SANTIAGO,96.770.100-9,CLINICA ALEMANA DE SANTIAGO,PUESTA EN MARCHA,FINISHED,jbustamante,Linac-152171,,NO_TICKET_REPORTED,0,0,0,0,0,0,,,,,,,NO_USED_PARTS
3476,2026-01-19T11:39:00.000Z,FIELD_BEAT_CLIENT|81.698.900-0|UC CHRISTUS - CECA,81.698.900-0,UC CHRISTUS - CECA,CORRECTIVA NO PROGRAMADA,FINISHED,mabreu,Linac-109374,,NO_TICKET_REPORTED,0,0,0,0,0,0,,,,,,,NO_USED_PARTS
3477,2026-01-16T11:30:00.000Z,FIELD_BEAT_CLIENT|81.698.900-0|UC CHRISTUS - CECA,81.698.900-0,UC CHRISTUS - CECA,PREVENTIVA PROGRAMADA,FINISHED,aecheverria,Linac-109374,,NO_TICKET_REPORTED,0,0,0,0,0,0,,,,,,,NO_USED_PARTS
3478,2026-01-20T13:21:00.000Z,FIELD_BEAT_CLIENT|93.930.000-7|CLÍNICA LAS CONDES,93.930.000-7,CLÍNICA LAS CONDES,PREVENTIVA PROGRAMADA,FINISHED,ccarrasquel,,,NO_TICKET_REPORTED,0,0,0,0,0,0,,,,,,,NO_USED_PARTS
3479,2026-01-20T15:30:00.000Z,FIELD_BEAT_CLIENT|96.757.430-9|INRAD,96.757.430-9,INRAD,CORRECTIVA PROGRAMADA,FINISHED,mreyes,,9821,LINKED_TO_ACCESSIBLE_ZENDESK,1,1,0,0,0,0,1515997,12245,1515997,Thyratron GL1551A,MATCHED,REF_EXACT,OK
3480,2026-01-20T22:47:00.000Z,FIELD_BEAT_CLIENT|61.606.500-9|ACME,61.606.500-9,ACME,CORRECTIVA PROGRAMADA,STARTED,mreyes,153038,,NO_TICKET_REPORTED,0,0,0,0,0,0,,,,,,,NO_USED_PARTS
3481,2026-01-21T11:32:00.000Z,FIELD_BEAT_CLIENT|61.608.404-6|Instituto Nacional del Cáncer (INC),61.608.404-6,Instituto Nacional del Cáncer (INC),CORRECTIVA NO PROGRAMADA,FINISHED,mabreu,INC-156473,9822,LINKED_TO_ACCESSIBLE_ZENDESK,0,0,0,0,0,0,,,,,,,NO_USED_PARTS
3482,2026-01-21T23:09:00.000Z,FIELD_BEAT_CLIENT|61.608.404-6|Instituto Nacional del Cáncer (INC),61.608.404-6,Instituto Nacional del Cáncer (INC),CORRECTIVA PROGRAMADA,FINISHED,ccarrasquel,,9822,LINKED_TO_ACCESSIBLE_ZENDESK,0,0,0,0,0,0,,,,,,,NO_USED_PARTS
3483,2026-01-21T23:27:00.000Z,FIELD_BEAT_CLIENT|81.698.900-0|UC CHRISTUS - SCA,81.698.900-0,UC CHRISTUS - SCA,REQUERIMIENTO DEL CLIENTE,FINISHED,ssalice,,9819,LINKED_TO_MISSING_OR_RESTRICTED_ZENDESK,0,0,0,0,0,0,,,,,,,NO_USED_PARTS
3484,2026-01-23T18:30:00.000Z,FIELD_BEAT_CLIENT|76.746.730-3|CLÍNICA SANATORIO ALEMÁN (ONCORAD),76.746.730-3,CLÍNICA SANATORIO ALEMÁN (ONCORAD),CORRECTIVA NO PROGRAMADA,FINISHED,ebecker,Linac-201110,,NO_TICKET_REPORTED,0,0,0,0,0,0,,,,,,,NO_USED_PARTS
3485,2026-01-23T22:00:00.000Z,FIELD_BEAT_CLIENT|61.608.404-6|Instituto Nacional del Cáncer (INC),61.608.404-6,Instituto Nacional del Cáncer (INC),CORRECTIVA NO PROGRAMADA,FINISHED,aecheverria,INC-156473,9835,LINKED_TO_MISSING_OR_RESTRICTED_ZENDESK,0,0,0,0,0,0,,,,,,,NO_USED_PARTS
3486,2026-01-24T15:58:00.000Z,FIELD_BEAT_CLIENT|81.698.900-0|UC CHRISTUS - CECA,81.698.900-0,UC CHRISTUS - CECA,REQUERIMIENTO DEL CLIENTE,FINISHED,ssalice,,9819,LINKED_TO_MISSING_OR_RESTRICTED_ZENDESK,0,0,0,0,0,0,,,,,,,NO_USED_PARTS
3487,2026-01-24T16:50:00.000Z,FIELD_BEAT_CLIENT|81.698.900-0|UC CHRISTUS - CECA,81.698.900-0,UC CHRISTUS - CECA,PREVENTIVA PROGRAMADA,FINISHED,varenas,,,NO_TICKET_REPORTED,0,0,0,0,0,0,,,,,,,NO_USED_PARTS
3488,2026-01-26T10:27:00.000Z,FIELD_BEAT_CLIENT|61.606.500-9|HOSPITAL CARLOS VAN BUREN (SSVSA),61.606.500-9,HOSPITAL CARLOS VAN BUREN (SSVSA),PREVENTIVA PROGRAMADA,FINISHED,jecheverria,Linac-154325,,NO_TICKET_REPORTED,0,0,0,0,0,0,,,,,,,NO_USED_PARTS
3489,2026-01-26T11:05:00.000Z,FIELD_BEAT_CLIENT|96.770.100-9|CLINICA ALEMANA DE SANTIAGO,96.770.100-9,CLINICA ALEMANA DE SANTIAGO,PUESTA EN MARCHA,FINISHED,mabreu,Linac-152171,,NO_TICKET_REPORTED,0,0,0,0,0,0,,,,,,,NO_USED_PARTS
3490,2026-01-26T11:34:00.000Z,FIELD_BEAT_CLIENT|61.606.500-9|HOSPITAL CARLOS VAN BUREN (SSVSA),61.606.500-9,HOSPITAL CARLOS VAN BUREN (SSVSA),PUESTA EN MARCHA,FINISHED,jecheverria,Linac-154325,,NO_TICKET_REPORTED,0,0,0,0,0,0,,,,,,,NO_USED_PARTS
3491,2026-01-26T11:44:00.000Z,FIELD_BEAT_CLIENT|96.770.100-9|CLINICA ALEMANA DE SANTIAGO,96.770.100-9,CLINICA ALEMANA DE SANTIAGO,REQUERIMIENTO DEL CLIENTE,FINISHED,ccarrasquel,,9811,LINKED_TO_ACCESSIBLE_ZENDESK,0,0,0,0,0,0,,,,,,,NO_USED_PARTS
3492,2026-01-27T19:34:00.000Z,FIELD_BEAT_CLIENT|96.770.100-9|CLINICA ALEMANA DE SANTIAGO,96.770.100-9,CLINICA ALEMANA DE SANTIAGO,REQUERIMIENTO DEL CLIENTE,FINISHED,ssalice,Linac-152171,9784,LINKED_TO_MISSING_OR_RESTRICTED_ZENDESK,0,0,0,0,0,0,,,,,,,NO_USED_PARTS
3493,2026-01-27T20:16:00.000Z,FIELD_BEAT_CLIENT|93.930.000-7|CLÍNICA LAS CONDES,93.930.000-7,CLÍNICA LAS CONDES,PREVENTIVA PROGRAMADA,FINISHED,ccarrasquel,,,NO_TICKET_REPORTED,0,0,0,0,0,0,,,,,,,NO_USED_PARTS
3494,2026-01-27T20:18:00.000Z,FIELD_BEAT_CLIENT|93.930.000-7|CLÍNICA LAS CONDES,93.930.000-7,CLÍNICA LAS CONDES,PREVENTIVA PROGRAMADA,FINISHED,ccarrasquel,,,NO_TICKET_REPORTED,0,0,0,0,0,0,,,,,,,NO_USED_PARTS
3495,2026-01-27T19:00:00.000Z,FIELD_BEAT_CLIENT|76.746.730-3|RADIO ONCOLOGÍA DEL SUR,76.746.730-3,RADIO ONCOLOGÍA DEL SUR,CORRECTIVA PROGRAMADA V2,FINISHED,mreyes,Linac-156187,9833,LINKED_TO_MISSING_OR_RESTRICTED_ZENDESK,1,0,0,1,0,1,,,1500954,Voltage Regulator PCB Assy,NO_MATCH,NONE,HAS_UNMATCHED_PARTS
3496,2026-01-27T21:20:00.000Z,FIELD_BEAT_CLIENT|81.698.900-0|UC CHRISTUS - CECA,81.698.900-0,UC CHRISTUS - CECA,CORRECTIVA NO PROGRAMADA,FINISHED,jecheverria,Linac-109374,9867,LINKED_TO_MISSING_OR_RESTRICTED_ZENDESK,0,0,0,0,0,0,,,,,,,NO_USED_PARTS
3497,2026-01-27T10:30:00.000Z,FIELD_BEAT_CLIENT|96.770.100-9|CLINICA ALEMANA DE SANTIAGO,96.770.100-9,CLINICA ALEMANA DE SANTIAGO,CORRECTIVA PROGRAMADA,FINISHED,aecheverria,Linac-152171,9731,LINKED_TO_MISSING_OR_RESTRICTED_ZENDESK,1,1,0,0,0,0,4513341185001U,11682,4513341185001U,"CABLE ASSY, PL9 TO SK9A1/2",MATCHED,REF_EXACT,OK
3498,2026-01-27T21:00:00.000Z,FIELD_BEAT_CLIENT|81.698.900-0|UC CHRISTUS - SCA,81.698.900-0,UC CHRISTUS - SCA,ASISTENCIA REMOTA,FINISHED,jecheverria,Linac-109256,9841,LINKED_TO_ACCESSIBLE_ZENDESK,0,0,0,0,0,0,,,,,,,NO_USED_PARTS
3499,2026-01-28T20:30:00.000Z,FIELD_BEAT_CLIENT|81.698.900-0|UC CHRISTUS - SCA,81.698.900-0,UC CHRISTUS - SCA,CORRECTIVA NO PROGRAMADA,FINISHED,aecheverria,,9852,LINKED_TO_MISSING_OR_RESTRICTED_ZENDESK,1,1,0,0,0,0,1534958,11034,1534958,"KIT, SPARES, LEAF MOTOR",MATCHED,REF_EXACT,OK
3500,2026-01-28T16:00:00.000Z,FIELD_BEAT_CLIENT|61.606.500-9|HOSPITAL CARLOS VAN BUREN (SSVSA),61.606.500-9,HOSPITAL CARLOS VAN BUREN (SSVSA),,FINISHED,jecheverria,Linac-154325,9851,LINKED_TO_ACCESSIBLE_ZENDESK,1,0,0,1,0,1,,,xxxxx,kit de ruby,NO_MATCH,NONE,HAS_UNMATCHED_PARTS
3501,2026-01-29T12:00:00.000Z,FIELD_BEAT_CLIENT|61.605.000-1|INSTITUTO DE SALUD PUBLICA (ISP),61.605.000-1,INSTITUTO DE SALUD PUBLICA (ISP),PREVENTIVA PROGRAMADA,FINISHED,jbustamante,PANASONIC-ISP,,NO_TICKET_REPORTED,0,0,0,0,0,0,,,,,,,NO_USED_PARTS
3502,2026-01-29T12:17:00.000Z,FIELD_BEAT_CLIENT||UC CHRISTUS - CECA,,UC CHRISTUS - CECA,CORRECTIVA PROGRAMADA,FINISHED,ccarrasquel,,9854,LINKED_TO_ACCESSIBLE_ZENDESK,0,0,0,0,0,0,,,,,,,NO_USED_PARTS
3503,2026-01-29T15:17:00.000Z,FIELD_BEAT_CLIENT|96.757.430-9|INRAD,96.757.430-9,INRAD,CORRECTIVA NO PROGRAMADA,FINISHED,mabreu,Linac-201172,9858,LINKED_TO_MISSING_OR_RESTRICTED_ZENDESK,0,0,0,0,0,0,,,,,,,NO_USED_PARTS
3504,2026-01-29T12:00:00.000Z,FIELD_BEAT_CLIENT|61.607.901-8|SERVICIO DE SALUD DE MAGALLANES,61.607.901-8,SERVICIO DE SALUD DE MAGALLANES,INSTALACION - INTEGRACION,FINISHED,varenas,TPS-HCM|OIS-HCM,,NO_TICKET_REPORTED,0,0,0,0,0,0,,,,,,,NO_USED_PARTS
3505,2026-01-29T18:15:00.000Z,FIELD_BEAT_CLIENT|96.757.430-9|INRAD,96.757.430-9,INRAD,REQUERIMIENTO DEL CLIENTE,FINISHED,ssalice,,9855,LINKED_TO_MISSING_OR_RESTRICTED_ZENDESK,0,0,0,0,0,0,,,,,,,NO_USED_PARTS
3506,2026-01-30T11:30:00.000Z,FIELD_BEAT_CLIENT|76.746.730-3|CLÍNICA SANATORIO ALEMÁN (ONCORAD),76.746.730-3,CLÍNICA SANATORIO ALEMÁN (ONCORAD),CORRECTIVA PROGRAMADA,FINISHED,mreyes,Linac-201110,9429,LINKED_TO_MISSING_OR_RESTRICTED_ZENDESK,1,0,0,1,0,1,,,No,No,NO_MATCH,NONE,HAS_UNMATCHED_PARTS
3507,2026-01-30T21:30:00.000Z,FIELD_BEAT_CLIENT|61.608.404-6|Instituto Nacional del Cáncer (INC),61.608.404-6,Instituto Nacional del Cáncer (INC),REQUERIMIENTO DEL CLIENTE,FINISHED,rcammalleri,INC-156473,9859,LINKED_TO_MISSING_OR_RESTRICTED_ZENDESK,0,0,0,0,0,0,,,,,,,NO_USED_PARTS
3508,2026-01-31T10:00:00.000Z,FIELD_BEAT_CLIENT|96.770.100-9|CLINICA ALEMANA DE SANTIAGO,96.770.100-9,CLINICA ALEMANA DE SANTIAGO,PREVENTIVA PROGRAMADA,FINISHED,jbustamante,Linac-152171,,NO_TICKET_REPORTED,0,0,0,0,0,0,,,,,,,NO_USED_PARTS
3509,2026-02-02T10:55:00.000Z,FIELD_BEAT_CLIENT|61.606.500-9|HOSPITAL CARLOS VAN BUREN (SSVSA),61.606.500-9,HOSPITAL CARLOS VAN BUREN (SSVSA),PUESTA EN MARCHA,FINISHED,jecheverria,Linac-154325,,NO_TICKET_REPORTED,0,0,0,0,0,0,,,,,,,NO_USED_PARTS
3510,2026-02-02T11:15:00.000Z,FIELD_BEAT_CLIENT|96.770.100-9|CLINICA ALEMANA DE SANTIAGO,96.770.100-9,CLINICA ALEMANA DE SANTIAGO,PREVENTIVA PROGRAMADA,FINISHED,mabreu,Linac-152171,,NO_TICKET_REPORTED,0,0,0,0,0,0,,,,,,,NO_USED_PARTS
3511,2026-02-02T11:16:00.000Z,FIELD_BEAT_CLIENT|96.770.100-9|CLINICA ALEMANA DE SANTIAGO,96.770.100-9,CLINICA ALEMANA DE SANTIAGO,PUESTA EN MARCHA,FINISHED,mabreu,Linac-152171,,NO_TICKET_REPORTED,0,0,0,0,0,0,,,,,,,NO_USED_PARTS
3512,2026-02-03T02:15:00.000Z,FIELD_BEAT_CLIENT|96.770.100-9|CLINICA ALEMANA DE SANTIAGO,96.770.100-9,CLINICA ALEMANA DE SANTIAGO,REQUERIMIENTO DEL CLIENTE,FINISHED,ssalice,Linac-152171,9864,LINKED_TO_MISSING_OR_RESTRICTED_ZENDESK,0,0,0,0,0,0,,,,,,,NO_USED_PARTS
3513,2026-02-03T09:30:00.000Z,FIELD_BEAT_CLIENT|61.608.404-6|Instituto Nacional del Cáncer (INC),61.608.404-6,Instituto Nacional del Cáncer (INC),CORRECTIVA NO PROGRAMADA,FINISHED,jbustamante,INC-156473,9865,LINKED_TO_ACCESSIBLE_ZENDESK,0,0,0,0,0,0,,,,,,,NO_USED_PARTS
3514,2026-02-03T19:48:00.000Z,FIELD_BEAT_CLIENT|96.770.100-9|CLINICA ALEMANA DE SANTIAGO,96.770.100-9,CLINICA ALEMANA DE SANTIAGO,REQUERIMIENTO DEL CLIENTE,FINISHED,ssalice,,9864,LINKED_TO_MISSING_OR_RESTRICTED_ZENDESK,0,0,0,0,0,0,,,,,,,NO_USED_PARTS
3515,2026-02-04T10:30:00.000Z,FIELD_BEAT_CLIENT|81.698.900-0|UC CHRISTUS - CECA,81.698.900-0,UC CHRISTUS - CECA,PREVENTIVA PROGRAMADA,FINISHED,aecheverria,Linac-109374,,NO_TICKET_REPORTED,1,1,0,0,0,0,1018559,10724,1018559,"ASSY, BRACKET & FAN",MATCHED,REF_EXACT,OK
3516,2026-02-04T13:20:00.000Z,FIELD_BEAT_CLIENT|81.698.900-0|UC CHRISTUS - CECA,81.698.900-0,UC CHRISTUS - CECA,CORRECTIVA NO PROGRAMADA,FINISHED,mabreu,Linac-109374,9862,LINKED_TO_ACCESSIBLE_ZENDESK,2,2,0,0,0,0,1538261|1515098,11854|10374,1538261|1515098,"FRU KIT, FLIGHT TUBE DRIVE ASSY|ION PUMP - SPARE",MATCHED,REF_EXACT,OK
3517,2026-02-06T10:30:00.000Z,FIELD_BEAT_CLIENT|61.608.404-6|Instituto Nacional del Cáncer (INC),61.608.404-6,Instituto Nacional del Cáncer (INC),PREVENTIVA PROGRAMADA,FINISHED,aecheverria,INC-156473,,NO_TICKET_REPORTED,0,0,0,0,0,0,,,,,,,NO_USED_PARTS
3518,2026-02-06T14:36:00.000Z,FIELD_BEAT_CLIENT|61.608.404-6|Instituto Nacional del Cáncer (INC),61.608.404-6,Instituto Nacional del Cáncer (INC),REQUERIMIENTO DEL CLIENTE,FINISHED,ssalice,INC-156473,9496,LINKED_TO_ACCESSIBLE_ZENDESK,0,0,0,0,0,0,,,,,,,NO_USED_PARTS
3519,2026-02-06T12:00:00.000Z,FIELD_BEAT_CLIENT|81.698.900-0|UC CHRISTUS - CECA,81.698.900-0,UC CHRISTUS - CECA,PUESTA EN MARCHA,FINISHED,glopez,HDR-FT02211,,NO_TICKET_REPORTED,0,0,0,0,0,0,,,,,,,NO_USED_PARTS
3520,2026-02-07T10:30:27.549Z,FIELD_BEAT_CLIENT|81.698.900-0|UC CHRISTUS - CECA,81.698.900-0,UC CHRISTUS - CECA,CORRECTIVA PROGRAMADA V2,FINISHED,glopez,HDR-FT02211,,NO_TICKET_REPORTED,0,0,0,0,0,0,,,,,,,NO_USED_PARTS
3521,2026-02-09T10:30:00.000Z,FIELD_BEAT_CLIENT|96.770.100-9|CLINICA ALEMANA DE SANTIAGO,96.770.100-9,CLINICA ALEMANA DE SANTIAGO,PUESTA EN MARCHA,FINISHED,aecheverria,Linac-152171,,NO_TICKET_REPORTED,0,0,0,0,0,0,,,,,,,NO_USED_PARTS
3522,2026-02-09T09:30:00.000Z,FIELD_BEAT_CLIENT|61.606.500-9|HOSPITAL CARLOS VAN BUREN (SSVSA),61.606.500-9,HOSPITAL CARLOS VAN BUREN (SSVSA),PUESTA EN MARCHA,FINISHED,jecheverria,Linac-154325,,NO_TICKET_REPORTED,0,0,0,0,0,0,,,,,,,NO_USED_PARTS
3523,2026-02-09T13:12:00.000Z,FIELD_BEAT_CLIENT|61.608.404-6|Instituto Nacional del Cáncer (INC),61.608.404-6,Instituto Nacional del Cáncer (INC),CORRECTIVA NO PROGRAMADA,FINISHED,mabreu,INC-156473,9878,LINKED_TO_ACCESSIBLE_ZENDESK,1,1,0,0,0,0,1564298,11039,1564298,"PCB ASSY, DLG AND DIAPHRAGM DRIVE",MATCHED,REF_EXACT,OK
3524,2026-02-09T10:30:00.000Z,FIELD_BEAT_CLIENT|96.770.100-9|CLINICA ALEMANA DE SANTIAGO,96.770.100-9,CLINICA ALEMANA DE SANTIAGO,CORRECTIVA NO PROGRAMADA,FINISHED,jbustamante,Linac-152171,9883,LINKED_TO_MISSING_OR_RESTRICTED_ZENDESK,1,0,1,0,0,1,,,,Cable de alimentación 220V PC Tipo C13,PLACEHOLDER_VALUE,PLACEHOLDER_REJECTED,HAS_PLACEHOLDERS
3525,2026-02-09T17:01:00.000Z,FIELD_BEAT_CLIENT|81.698.900-0|UC CHRISTUS - CECA,81.698.900-0,UC CHRISTUS - CECA,CORRECTIVA NO PROGRAMADA,FINISHED,mabreu,Linac-153935,9884,LINKED_TO_MISSING_OR_RESTRICTED_ZENDESK,0,0,0,0,0,0,,,,,,,NO_USED_PARTS
3526,2026-02-09T18:30:00.000Z,FIELD_BEAT_CLIENT|96.770.100-9|CLINICA ALEMANA DE SANTIAGO,96.770.100-9,CLINICA ALEMANA DE SANTIAGO,REQUERIMIENTO DEL CLIENTE,FINISHED,jacuna,Linac-109496|Linac-152171,9882,LINKED_TO_MISSING_OR_RESTRICTED_ZENDESK,0,0,0,0,0,0,,,,,,,NO_USED_PARTS
3527,2026-02-10T20:12:00.000Z,FIELD_BEAT_CLIENT|81.698.900-0|UC CHRISTUS - SCA,81.698.900-0,UC CHRISTUS - SCA,CORRECTIVA PROGRAMADA V2,FINISHED,mabreu,Linac-109256,,NO_TICKET_REPORTED,0,0,0,0,0,0,,,,,,,NO_USED_PARTS
3528,2026-02-10T20:00:00.000Z,FIELD_BEAT_CLIENT|81.698.900-0|UC CHRISTUS - SCA,81.698.900-0,UC CHRISTUS - SCA,REQUERIMIENTO DEL CLIENTE,FINISHED,jacuna,Linac-109256,9866,LINKED_TO_MISSING_OR_RESTRICTED_ZENDESK,0,0,0,0,0,0,,,,,,,NO_USED_PARTS
3529,2026-02-11T11:47:00.000Z,FIELD_BEAT_CLIENT||SERVICIO DE SALUD DE MAGALLANES,,SERVICIO DE SALUD DE MAGALLANES,CORRECTIVA PROGRAMADA,FINISHED,ccarrasquel,,9888,LINKED_TO_MISSING_OR_RESTRICTED_ZENDESK,0,0,0,0,0,0,,,,,,,NO_USED_PARTS
3530,2026-02-11T16:22:00.000Z,FIELD_BEAT_CLIENT|93.930.000-7|CLÍNICA LAS CONDES,93.930.000-7,CLÍNICA LAS CONDES,CORRECTIVA PROGRAMADA V2,FINISHED,mabreu,CLC-1,9871,LINKED_TO_MISSING_OR_RESTRICTED_ZENDESK,0,0,0,0,0,0,,,,,,,NO_USED_PARTS
3531,2026-02-11T19:02:00.000Z,FIELD_BEAT_CLIENT||SERVICIO DE SALUD DE MAGALLANES,,SERVICIO DE SALUD DE MAGALLANES,CORRECTIVA NO PROGRAMADA,FINISHED,ccarrasquel,,9894,LINKED_TO_MISSING_OR_RESTRICTED_ZENDESK,0,0,0,0,0,0,,,,,,,NO_USED_PARTS
3532,2026-02-11T21:16:00.000Z,FIELD_BEAT_CLIENT|81.698.900-0|UC CHRISTUS - SCA,81.698.900-0,UC CHRISTUS - SCA,CORRECTIVA PROGRAMADA V2,FINISHED,mabreu,Linac-109256,9890,LINKED_TO_ACCESSIBLE_ZENDESK,0,0,0,0,0,0,,,,,,,NO_USED_PARTS
3533,2026-02-09T11:30:00.000Z,FIELD_BEAT_CLIENT|76.746.730-3|CLÍNICA SANATORIO ALEMÁN (ONCORAD),76.746.730-3,CLÍNICA SANATORIO ALEMÁN (ONCORAD),CORRECTIVA NO PROGRAMADA,FINISHED,ebecker,Linac-201110,,NO_TICKET_REPORTED,0,0,0,0,0,0,,,,,,,NO_USED_PARTS
3534,2026-02-13T11:19:00.000Z,FIELD_BEAT_CLIENT|61.606.500-9|HOSPITAL CARLOS VAN BUREN (SSVSA),61.606.500-9,HOSPITAL CARLOS VAN BUREN (SSVSA),CORRECTIVA PROGRAMADA,FINISHED,jecheverria,Linac-154325,,NO_TICKET_REPORTED,0,0,0,0,0,0,,,,,,,NO_USED_PARTS
3535,2026-02-13T18:30:00.000Z,FIELD_BEAT_CLIENT|96.770.100-9|CLINICA ALEMANA DE SANTIAGO,96.770.100-9,CLINICA ALEMANA DE SANTIAGO,CORRECTIVA PROGRAMADA,FINISHED,jbustamante,Linac-109496,9901,LINKED_TO_MISSING_OR_RESTRICTED_ZENDESK,1,1,0,0,0,1,1539679___1571202,12282,1571202,MRT 14791 GENERAL FKP,MATCHED,REF_LIKE,REVIEW_REQUIRED
3536,2026-02-13T17:51:00.000Z,FIELD_BEAT_CLIENT||SERVICIO DE SALUD DE MAGALLANES,,SERVICIO DE SALUD DE MAGALLANES,CORRECTIVA PROGRAMADA,FINISHED,ccarrasquel,,9905,LINKED_TO_ACCESSIBLE_ZENDESK,0,0,0,0,0,0,,,,,,,NO_USED_PARTS
3537,2026-02-16T09:45:00.000Z,FIELD_BEAT_CLIENT|96.770.100-9|CLINICA ALEMANA DE SANTIAGO,96.770.100-9,CLINICA ALEMANA DE SANTIAGO,,FINISHED,jbustamante,Linac-152171,,NO_TICKET_REPORTED,0,0,0,0,0,0,,,,,,,NO_USED_PARTS
3538,2026-02-16T11:15:00.000Z,FIELD_BEAT_CLIENT|61.606.500-9|HOSPITAL CARLOS VAN BUREN (SSVSA),61.606.500-9,HOSPITAL CARLOS VAN BUREN (SSVSA),CORRECTIVA PROGRAMADA,FINISHED,jecheverria,Linac-154325,,NO_TICKET_REPORTED,0,0,0,0,0,0,,,,,,,NO_USED_PARTS
3539,2026-02-17T11:00:00.000Z,FIELD_BEAT_CLIENT|76.746.730-3|RADIO ONCOLOGÍA DEL SUR,76.746.730-3,RADIO ONCOLOGÍA DEL SUR,CORRECTIVA PROGRAMADA,FINISHED,ebecker,HDR-FT02181,,NO_TICKET_REPORTED,0,0,0,0,0,0,,,,,,,NO_USED_PARTS
3540,2026-02-18T14:16:00.000Z,FIELD_BEAT_CLIENT|61.608.404-6|Instituto Nacional del Cáncer (INC),61.608.404-6,Instituto Nacional del Cáncer (INC),CORRECTIVA NO PROGRAMADA,FINISHED,mabreu,INC-156473,9911,LINKED_TO_MISSING_OR_RESTRICTED_ZENDESK,1,1,0,0,0,0,1541718,11595,1541718,"FRU, PANCAKE MOTOR ASSEMBLY",MATCHED,REF_EXACT,OK
3541,2026-02-18T13:30:00.000Z,FIELD_BEAT_CLIENT|76.746.730-3|CLÍNICA SANATORIO ALEMÁN (ONCORAD),76.746.730-3,CLÍNICA SANATORIO ALEMÁN (ONCORAD),CORRECTIVA NO PROGRAMADA,FINISHED,ebecker,Linac-201110,,NO_TICKET_REPORTED,0,0,0,0,0,0,,,,,,,NO_USED_PARTS
3542,2026-02-19T09:00:00.000Z,FIELD_BEAT_CLIENT|96.770.100-9|CLINICA ALEMANA DE SANTIAGO,96.770.100-9,CLINICA ALEMANA DE SANTIAGO,CORRECTIVA PROGRAMADA,FINISHED,jbustamante,Linac-109496,9913,LINKED_TO_MISSING_OR_RESTRICTED_ZENDESK,0,0,0,0,0,0,,,,,,,NO_USED_PARTS
3543,2026-02-19T10:54:00.000Z,FIELD_BEAT_CLIENT|81.698.900-0|UC CHRISTUS - CECA,81.698.900-0,UC CHRISTUS - CECA,CORRECTIVA PROGRAMADA,FINISHED,jecheverria,Linac-153935,,NO_TICKET_REPORTED,0,0,0,0,0,0,,,,,,,NO_USED_PARTS
3544,2026-02-19T18:33:00.000Z,FIELD_BEAT_CLIENT|93.930.000-7|CLÍNICA LAS CONDES,93.930.000-7,CLÍNICA LAS CONDES,CORRECTIVA NO PROGRAMADA,STARTED,mabreu,CLC-1,,NO_TICKET_REPORTED,0,0,0,0,0,0,,,,,,,NO_USED_PARTS
3545,2026-02-19T17:30:00.000Z,FIELD_BEAT_CLIENT|76.746.730-3|RADIO ONCOLOGÍA DEL SUR,76.746.730-3,RADIO ONCOLOGÍA DEL SUR,CORRECTIVA NO PROGRAMADA,FINISHED,ebecker,HDR-FT02181,,NO_TICKET_REPORTED,0,0,0,0,0,0,,,,,,,NO_USED_PARTS
3546,2026-02-20T15:22:00.000Z,FIELD_BEAT_CLIENT|96.770.100-9|CLINICA ALEMANA DE SANTIAGO,96.770.100-9,CLINICA ALEMANA DE SANTIAGO,CORRECTIVA NO PROGRAMADA,FINISHED,mabreu,Linac-109496,9915,LINKED_TO_ACCESSIBLE_ZENDESK,0,0,0,0,0,0,,,,,,,NO_USED_PARTS
3547,2025-07-07T23:00:00.000Z,FIELD_BEAT_CLIENT|70.377.400-8|FUNDACION ARTURO LOPEZ PEREZ,70.377.400-8,FUNDACION ARTURO LOPEZ PEREZ,CORRECTIVA PROGRAMADA,FINISHED,ccarrasquel,,0000000,LINKED_TO_MISSING_OR_RESTRICTED_ZENDESK,0,0,0,0,0,0,,,,,,,NO_USED_PARTS
3548,2026-02-23T10:49:00.000Z,FIELD_BEAT_CLIENT|96.770.100-9|CLINICA ALEMANA DE SANTIAGO,96.770.100-9,CLINICA ALEMANA DE SANTIAGO,REQUERIMIENTO DEL CLIENTE,FINISHED,ccarrasquel,Linac-109496|Linac-152171,,NO_TICKET_REPORTED,0,0,0,0,0,0,,,,,,,NO_USED_PARTS
3549,2026-02-23T13:25:00.000Z,FIELD_BEAT_CLIENT|96.770.100-9|CLINICA ALEMANA DE SANTIAGO,96.770.100-9,CLINICA ALEMANA DE SANTIAGO,REQUERIMIENTO DEL CLIENTE,FINISHED,ssalice,,,NO_TICKET_REPORTED,0,0,0,0,0,0,,,,,,,NO_USED_PARTS
3550,2026-02-23T22:30:00.000Z,FIELD_BEAT_CLIENT|61.608.404-6|Instituto Nacional del Cáncer (INC),61.608.404-6,Instituto Nacional del Cáncer (INC),CORRECTIVA PROGRAMADA,FINISHED,rcammalleri,INC-156473,9898,LINKED_TO_MISSING_OR_RESTRICTED_ZENDESK,0,0,0,0,0,0,,,,,,,NO_USED_PARTS
3551,2026-02-25T10:42:00.000Z,FIELD_BEAT_CLIENT|81.698.900-0|UC CHRISTUS - CECA,81.698.900-0,UC CHRISTUS - CECA,CORRECTIVA PROGRAMADA,FINISHED,ccarrasquel,Linac-109374,,NO_TICKET_REPORTED,2,2,0,0,0,0,1568178|1502613,10821|10994,1568178|1502613,SIB pcb|láser ODI kit,MATCHED,REF_EXACT,OK
3552,2026-02-25T20:09:00.000Z,FIELD_BEAT_CLIENT|96.770.100-9|CLINICA ALEMANA DE SANTIAGO,96.770.100-9,CLINICA ALEMANA DE SANTIAGO,CORRECTIVA NO PROGRAMADA,FINISHED,mabreu,Linac-152171,9923,LINKED_TO_MISSING_OR_RESTRICTED_ZENDESK,1,1,0,0,0,0,1564169,12262,1564169,"KIT LUMINUS PROJ ASSY AND PCB ASSY, CONTROL LED",MATCHED,REF_EXACT,OK
3553,2026-02-26T11:06:00.000Z,FIELD_BEAT_CLIENT|81.698.900-0|UC CHRISTUS - CECA,81.698.900-0,UC CHRISTUS - CECA,CORRECTIVA PROGRAMADA,FINISHED,ccarrasquel,Linac-109374,,NO_TICKET_REPORTED,1,1,0,0,0,0,1024939,10776,1024939,"40x40x10 mm FAN, heatsink",MATCHED,REF_EXACT,OK
3554,2026-02-26T13:00:00.000Z,FIELD_BEAT_CLIENT|70377400-8|FUNDACION ARTURO LOPEZ PEREZ,70377400-8,FUNDACION ARTURO LOPEZ PEREZ,REQUERIMIENTO DEL CLIENTE,FINISHED,adiaz,,,NO_TICKET_REPORTED,0,0,0,0,0,0,,,,,,,NO_USED_PARTS
3555,2026-02-26T21:01:00.000Z,FIELD_BEAT_CLIENT|61.608.404-6|Instituto Nacional del Cáncer (INC),61.608.404-6,Instituto Nacional del Cáncer (INC),CORRECTIVA PROGRAMADA,FINISHED,ccarrasquel,INC-156473,9924,LINKED_TO_MISSING_OR_RESTRICTED_ZENDESK,1,1,0,0,0,0,1534958,11034,1534958,"spares, Leaf Motor, kit",MATCHED,REF_EXACT,OK
3556,2026-02-27T16:50:00.000Z,FIELD_BEAT_CLIENT|76.746.730-3|CLÍNICA SANATORIO ALEMÁN (ONCORAD),76.746.730-3,CLÍNICA SANATORIO ALEMÁN (ONCORAD),CORRECTIVA PROGRAMADA,FINISHED,ebecker,Linac-201110,9926,LINKED_TO_MISSING_OR_RESTRICTED_ZENDESK,0,0,0,0,0,0,,,,,,,NO_USED_PARTS
3557,2026-02-27T21:12:00.000Z,FIELD_BEAT_CLIENT|81.698.900-0|UC CHRISTUS - SCA,81.698.900-0,UC CHRISTUS - SCA,CORRECTIVA PROGRAMADA,FINISHED,ccarrasquel,Linac-109256,,NO_TICKET_REPORTED,0,0,0,0,0,0,,,,,,,NO_USED_PARTS
3558,2026-02-27T18:00:00.000Z,FIELD_BEAT_CLIENT|70377400-8|FUNDACION ARTURO LOPEZ PEREZ,70377400-8,FUNDACION ARTURO LOPEZ PEREZ,PREVENTIVA PROGRAMADA,FINISHED,adiaz,,,NO_TICKET_REPORTED,0,0,0,0,0,0,,,,,,,NO_USED_PARTS
3559,2026-02-27T18:00:00.000Z,FIELD_BEAT_CLIENT|70377400-8|FUNDACION ARTURO LOPEZ PEREZ,70377400-8,FUNDACION ARTURO LOPEZ PEREZ,PREVENTIVA PROGRAMADA,FINISHED,adiaz,,,NO_TICKET_REPORTED,0,0,0,0,0,0,,,,,,,NO_USED_PARTS
3560,2026-03-02T11:33:00.000Z,FIELD_BEAT_CLIENT|96.770.100-9|CLINICA ALEMANA DE SANTIAGO,96.770.100-9,CLINICA ALEMANA DE SANTIAGO,PUESTA EN MARCHA,FINISHED,mabreu,Linac-152171,,NO_TICKET_REPORTED,0,0,0,0,0,0,,,,,,,NO_USED_PARTS
3561,2026-03-02T11:30:00.000Z,FIELD_BEAT_CLIENT|76.746.730-3|CLÍNICA SANATORIO ALEMÁN (ONCORAD),76.746.730-3,CLÍNICA SANATORIO ALEMÁN (ONCORAD),CORRECTIVA NO PROGRAMADA,FINISHED,ebecker,Linac-201110,,NO_TICKET_REPORTED,0,0,0,0,0,0,,,,,,,NO_USED_PARTS
3562,2026-03-03T11:15:00.000Z,FIELD_BEAT_CLIENT|61.606.500-9|HOSPITAL CARLOS VAN BUREN (SSVSA),61.606.500-9,HOSPITAL CARLOS VAN BUREN (SSVSA),,FINISHED,jecheverria,Linac-154325,9934,LINKED_TO_MISSING_OR_RESTRICTED_ZENDESK,0,0,0,0,0,0,,,,,,,NO_USED_PARTS
3563,2026-03-03T22:00:00.000Z,FIELD_BEAT_CLIENT|61.608.404-6|Instituto Nacional del Cáncer (INC),61.608.404-6,Instituto Nacional del Cáncer (INC),CORRECTIVA PROGRAMADA,FINISHED,ccarrasquel,INC-156473,9941,LINKED_TO_ACCESSIBLE_ZENDESK,1,1,0,0,0,0,1550513,11029,1550513,"EXT. IMAG. MOD. (XIM), ASSY",MATCHED,REF_EXACT,OK
3564,2026-03-04T13:30:00.000Z,FIELD_BEAT_CLIENT|76.746.730-3|CLÍNICA SANATORIO ALEMÁN (ONCORAD),76.746.730-3,CLÍNICA SANATORIO ALEMÁN (ONCORAD),CORRECTIVA PROGRAMADA,FINISHED,ebecker,Linac-201110,9793,LINKED_TO_MISSING_OR_RESTRICTED_ZENDESK,0,0,0,0,0,0,,,,,,,NO_USED_PARTS
3565,2026-03-04T13:00:00.000Z,FIELD_BEAT_CLIENT||No indica,,No indica,INSTALACION - INTEGRACION,FINISHED,rcammalleri,,,NO_TICKET_REPORTED,1,0,0,1,0,1,,,1530025,Switch Linksys LGS318,NO_MATCH,NONE,HAS_UNMATCHED_PARTS
3566,2026-03-04T16:30:00.000Z,FIELD_BEAT_CLIENT|61.608.404-6|Instituto Nacional del Cáncer (INC),61.608.404-6,Instituto Nacional del Cáncer (INC),CORRECTIVA NO PROGRAMADA,FINISHED,mabreu,INC-156473,9941,LINKED_TO_ACCESSIBLE_ZENDESK,1,1,0,0,0,0,1022386,12215,1022386,"CABLE ASSY, SK60-CAN/PL60IBA1",MATCHED,REF_EXACT,OK
3567,2026-03-04T19:00:00.000Z,FIELD_BEAT_CLIENT|61.607.901-8|SERVICIO DE SALUD DE MAGALLANES,61.607.901-8,SERVICIO DE SALUD DE MAGALLANES,CORRECTIVA NO PROGRAMADA,FINISHED,raguila,,9948,LINKED_TO_ACCESSIBLE_ZENDESK,1,0,0,1,0,1,,,no,no,NO_MATCH,NONE,HAS_UNMATCHED_PARTS
3568,2026-03-04T18:00:00.000Z,FIELD_BEAT_CLIENT|96.770.100-9|CLINICA ALEMANA DE SANTIAGO,96.770.100-9,CLINICA ALEMANA DE SANTIAGO,CORRECTIVA NO PROGRAMADA,FINISHED,aecheverria,Linac-109496,,NO_TICKET_REPORTED,0,0,0,0,0,0,,,,,,,NO_USED_PARTS
3569,2026-03-05T14:00:00.000Z,FIELD_BEAT_CLIENT|76.746.730-3|CLÍNICA SANATORIO ALEMÁN (ONCORAD),76.746.730-3,CLÍNICA SANATORIO ALEMÁN (ONCORAD),CORRECTIVA PROGRAMADA,FINISHED,ebecker,Linac-201110,9919,LINKED_TO_MISSING_OR_RESTRICTED_ZENDESK,0,0,0,0,0,0,,,,,,,NO_USED_PARTS
3570,2026-03-05T11:00:00.000Z,FIELD_BEAT_CLIENT|61.608.404-6|Instituto Nacional del Cáncer (INC),61.608.404-6,Instituto Nacional del Cáncer (INC),CORRECTIVA NO PROGRAMADA,FINISHED,aecheverria,INC-156473,9947,LINKED_TO_MISSING_OR_RESTRICTED_ZENDESK,6,5,1,0,0,1,1007288|1505891|1567203|1513681|1009687,10721|12203|11005|11309|11971,1007288|1505891|1567203|1513681|1009687,"PROG ASSY, KV DCB|SPEC, SHFR400, KV GEN, (C)|PROGRAMMED ASSY, MTU|MV, DCB PROGRAMMED|Microfono Treatment room|FRU, SQUIRREL FRAME GRABBER",MATCHED|PLACEHOLDER_VALUE,REF_EXACT|PLACEHOLDER_REJECTED,HAS_PLACEHOLDERS
3571,2026-03-06T01:30:00.000Z,FIELD_BEAT_CLIENT|93.930.000-7|CLÍNICA LAS CONDES,93.930.000-7,CLÍNICA LAS CONDES,CORRECTIVA NO PROGRAMADA,FINISHED,jbustamante,CLC-1,9918,LINKED_TO_ACCESSIBLE_ZENDESK,0,0,0,0,0,0,,,,,,,NO_USED_PARTS
3572,2026-03-06T14:06:00.000Z,FIELD_BEAT_CLIENT|61.608.404-6|Instituto Nacional del Cáncer (INC),61.608.404-6,Instituto Nacional del Cáncer (INC),CORRECTIVA NO PROGRAMADA,FINISHED,mabreu,INC-156473,9947,LINKED_TO_MISSING_OR_RESTRICTED_ZENDESK,0,0,0,0,0,0,,,,,,,NO_USED_PARTS
3573,2026-03-06T16:43:00.000Z,FIELD_BEAT_CLIENT|81.698.900-0|UC CHRISTUS - CECA,81.698.900-0,UC CHRISTUS - CECA,REQUERIMIENTO DEL CLIENTE,FINISHED,ssalice,,,NO_TICKET_REPORTED,0,0,0,0,0,0,,,,,,,NO_USED_PARTS
3574,2026-03-06T21:42:00.000Z,FIELD_BEAT_CLIENT|96.770.100-9|CLINICA ALEMANA DE SANTIAGO,96.770.100-9,CLINICA ALEMANA DE SANTIAGO,REQUERIMIENTO DEL CLIENTE,FINISHED,ssalice,Linac-152171,9938,LINKED_TO_MISSING_OR_RESTRICTED_ZENDESK,0,0,0,0,0,0,,,,,,,NO_USED_PARTS
3575,2026-03-07T16:36:00.000Z,FIELD_BEAT_CLIENT|81.698.900-0|UC CHRISTUS - CECA,81.698.900-0,UC CHRISTUS - CECA,CORRECTIVA PROGRAMADA,FINISHED,mabreu,Linac-153935,9916,LINKED_TO_MISSING_OR_RESTRICTED_ZENDESK,5,4,0,1,0,1,1517657|03-999-1290|1564169|1568178,10701|12067|12262|10821,1517657|03-999-1290|1564169|1568178|41133411787,"PCB ASSY, LEAF MOTOR DRIVE|HEXAPOD HANDHELD|KIT, LUMINOUS PRO ASSY AND PCB ASSY, LED CONTROL|PROG,PCB ASSY,SIB|CLUTCH ASSEMBLY",MATCHED|NO_MATCH,REF_EXACT|NONE,HAS_UNMATCHED_PARTS
3576,2026-03-06T14:15:00.000Z,FIELD_BEAT_CLIENT|76.746.730-3|RADIO ONCOLOGÍA DEL SUR,76.746.730-3,RADIO ONCOLOGÍA DEL SUR,CORRECTIVA PROGRAMADA V2,PAUSED,ebecker,Linac-156187,,NO_TICKET_REPORTED,0,0,0,0,0,0,,,,,,,NO_USED_PARTS
3577,2026-03-09T11:50:00.000Z,FIELD_BEAT_CLIENT|61.606.500-9|HOSPITAL CARLOS VAN BUREN (SSVSA),61.606.500-9,HOSPITAL CARLOS VAN BUREN (SSVSA),CORRECTIVA PROGRAMADA,FINISHED,jecheverria,Linac-154325,9953,LINKED_TO_ACCESSIBLE_ZENDESK,0,0,0,0,0,0,,,,,,,NO_USED_PARTS
3578,2026-03-06T17:30:00.000Z,FIELD_BEAT_CLIENT|61.607.901-8|SERVICIO DE SALUD DE MAGALLANES,61.607.901-8,SERVICIO DE SALUD DE MAGALLANES,PREVENTIVA PROGRAMADA,ARCHIVED,,Linac-109452,,NO_TICKET_REPORTED,0,0,0,0,0,0,,,,,,,NO_USED_PARTS
3579,2026-02-27T17:00:00.000Z,FIELD_BEAT_CLIENT|76.746.730-3|RADIO ONCOLOGÍA DEL SUR,76.746.730-3,RADIO ONCOLOGÍA DEL SUR,CORRECTIVA PROGRAMADA,FINISHED,ebecker,Linac-156187,9919,LINKED_TO_MISSING_OR_RESTRICTED_ZENDESK,1,1,0,0,0,0,1024939,10776,1024939,Assy 40x40x10 mm FAN,MATCHED,REF_EXACT,OK
3580,2026-03-06T17:30:00.000Z,FIELD_BEAT_CLIENT|61.607.901-8|SERVICIO DE SALUD DE MAGALLANES,61.607.901-8,SERVICIO DE SALUD DE MAGALLANES,PREVENTIVA PROGRAMADA,FINISHED,raguila,Linac-109452,,NO_TICKET_REPORTED,1,0,1,0,0,1,,,N/A,"Grasa EP-2, paños de limpieza, amarras plásticas,wd-40 para Mantenimiento.",PLACEHOLDER_VALUE,PLACEHOLDER_REJECTED,HAS_PLACEHOLDERS
3581,2026-03-07T13:00:00.000Z,FIELD_BEAT_CLIENT|61.607.901-8|SERVICIO DE SALUD DE MAGALLANES,61.607.901-8,SERVICIO DE SALUD DE MAGALLANES,REQUERIMIENTO DEL CLIENTE,FINISHED,raguila,Linac-109452,,NO_TICKET_REPORTED,1,0,1,0,0,1,,,N/A,No.,PLACEHOLDER_VALUE,PLACEHOLDER_REJECTED,HAS_PLACEHOLDERS
3582,2026-03-09T13:30:00.000Z,FIELD_BEAT_CLIENT|93.930.000-7|CLÍNICA LAS CONDES,93.930.000-7,CLÍNICA LAS CONDES,CORRECTIVA PROGRAMADA,FINISHED,jbustamante,CLC-1,9918,LINKED_TO_ACCESSIBLE_ZENDESK,0,0,0,0,0,0,,,,,,,NO_USED_PARTS
3583,2026-03-09T15:00:00.000Z,FIELD_BEAT_CLIENT|61.607.901-8|SERVICIO DE SALUD DE MAGALLANES,61.607.901-8,SERVICIO DE SALUD DE MAGALLANES,REQUERIMIENTO DEL CLIENTE,FINISHED,raguila,Linac-109452,,NO_TICKET_REPORTED,1,0,1,0,0,1,,,N/A,N/A,PLACEHOLDER_VALUE,PLACEHOLDER_REJECTED,HAS_PLACEHOLDERS
3584,2026-03-09T13:30:00.000Z,FIELD_BEAT_CLIENT|93.930.000-7|CLÍNICA LAS CONDES,93.930.000-7,CLÍNICA LAS CONDES,CORRECTIVA PROGRAMADA,FINISHED,jbustamante,CLC-1,9918,LINKED_TO_ACCESSIBLE_ZENDESK,0,0,0,0,0,0,,,,,,,NO_USED_PARTS
3585,2026-03-10T11:24:00.000Z,FIELD_BEAT_CLIENT|61.606.500-9|HOSPITAL CARLOS VAN BUREN (SSVSA),61.606.500-9,HOSPITAL CARLOS VAN BUREN (SSVSA),CORRECTIVA NO PROGRAMADA,FINISHED,jecheverria,Linac-154325,9953,LINKED_TO_ACCESSIBLE_ZENDESK,0,0,0,0,0,0,,,,,,,NO_USED_PARTS
3586,2026-03-11T14:16:00.000Z,FIELD_BEAT_CLIENT|61602280-6|Hospital Regional de Coyhaique,61602280-6,Hospital Regional de Coyhaique,CORRECTIVA PROGRAMADA,FINISHED,ccarrasquel,SIM-1,,NO_TICKET_REPORTED,2,0,2,0,0,2,,,,WAY BRUSH BLOCK SIGNAL|BRUSH TIP REPLACEMENT KIT,PLACEHOLDER_VALUE,PLACEHOLDER_REJECTED,HAS_PLACEHOLDERS
3587,2026-03-12T02:35:00.000Z,FIELD_BEAT_CLIENT|61.608.404-6|Instituto Nacional del Cáncer (INC),61.608.404-6,Instituto Nacional del Cáncer (INC),CORRECTIVA PROGRAMADA,FINISHED,ccarrasquel,INC-156473,9971,LINKED_TO_MISSING_OR_RESTRICTED_ZENDESK,1,0,0,0,1,1,,,45133411850,cable assy PL9 to SK9A1/2,AMBIGUOUS_MATCH,REF_LIKE,HAS_AMBIGUOUS_PARTS
3588,2026-03-12T19:33:00.000Z,FIELD_BEAT_CLIENT|70377400-8|FUNDACION ARTURO LOPEZ PEREZ,70377400-8,FUNDACION ARTURO LOPEZ PEREZ,REQUERIMIENTO DEL CLIENTE,FINISHED,ssalice,,9825,LINKED_TO_MISSING_OR_RESTRICTED_ZENDESK,0,0,0,0,0,0,,,,,,,NO_USED_PARTS
3589,2026-03-13T00:30:00.000Z,FIELD_BEAT_CLIENT|96.770.100-9|CLINICA ALEMANA DE SANTIAGO,96.770.100-9,CLINICA ALEMANA DE SANTIAGO,CORRECTIVA PROGRAMADA,FINISHED,jbustamante,Linac-109496,,NO_TICKET_REPORTED,0,0,0,0,0,0,,,,,,,NO_USED_PARTS
3590,2026-03-13T11:30:00.000Z,FIELD_BEAT_CLIENT||No indica,,No indica,REQUERIMIENTO DEL CLIENTE,FINISHED,adiaz,,,NO_TICKET_REPORTED,0,0,0,0,0,0,,,,,,,NO_USED_PARTS
3591,2026-03-13T17:30:00.000Z,FIELD_BEAT_CLIENT|61.607.901-8|SERVICIO DE SALUD DE MAGALLANES,61.607.901-8,SERVICIO DE SALUD DE MAGALLANES,REQUERIMIENTO DEL CLIENTE,FINISHED,raguila,,9970,LINKED_TO_ACCESSIBLE_ZENDESK,1,0,0,1,0,1,,,0,N/A,NO_MATCH,NONE,HAS_UNMATCHED_PARTS
3592,2026-03-13T18:49:00.000Z,FIELD_BEAT_CLIENT|81.698.900-0|UC CHRISTUS - CECA,81.698.900-0,UC CHRISTUS - CECA,CORRECTIVA NO PROGRAMADA,FINISHED,mabreu,Linac-109374,9974,LINKED_TO_ACCESSIBLE_ZENDESK,0,0,0,0,0,0,,,,,,,NO_USED_PARTS
3593,2026-03-16T10:30:00.000Z,FIELD_BEAT_CLIENT|96.770.100-9|CLINICA ALEMANA DE SANTIAGO,96.770.100-9,CLINICA ALEMANA DE SANTIAGO,PUESTA EN MARCHA,FINISHED,aecheverria,Linac-152171,,NO_TICKET_REPORTED,0,0,0,0,0,0,,,,,,,NO_USED_PARTS
3594,2026-03-16T11:30:00.000Z,FIELD_BEAT_CLIENT|70377400-8|FUNDACION ARTURO LOPEZ PEREZ,70377400-8,FUNDACION ARTURO LOPEZ PEREZ,REQUERIMIENTO DEL CLIENTE,FINISHED,adiaz,,,NO_TICKET_REPORTED,0,0,0,0,0,0,,,,,,,NO_USED_PARTS
3595,2026-03-18T11:30:00.000Z,FIELD_BEAT_CLIENT|70377400-8|FUNDACION ARTURO LOPEZ PEREZ,70377400-8,FUNDACION ARTURO LOPEZ PEREZ,REQUERIMIENTO DEL CLIENTE,FINISHED,adiaz,,,NO_TICKET_REPORTED,0,0,0,0,0,0,,,,,,,NO_USED_PARTS
3596,2026-03-19T11:00:00.000Z,FIELD_BEAT_CLIENT|61.606.500-9|HOSPITAL CARLOS VAN BUREN (SSVSA),61.606.500-9,HOSPITAL CARLOS VAN BUREN (SSVSA),CORRECTIVA NO PROGRAMADA,FINISHED,jecheverria,Linac-154325,9980,LINKED_TO_ACCESSIBLE_ZENDESK,0,0,0,0,0,0,,,,,,,NO_USED_PARTS
3597,2026-03-19T13:00:00.000Z,FIELD_BEAT_CLIENT|76.746.730-3|CLÍNICA SANATORIO ALEMÁN (ONCORAD),76.746.730-3,CLÍNICA SANATORIO ALEMÁN (ONCORAD),CORRECTIVA PROGRAMADA,FINISHED,ebecker,Linac-201110,9967,LINKED_TO_MISSING_OR_RESTRICTED_ZENDESK,0,0,0,0,0,0,,,,,,,NO_USED_PARTS
3598,2026-03-19T21:55:00.000Z,FIELD_BEAT_CLIENT|81.698.900-0|UC CHRISTUS - SCA,81.698.900-0,UC CHRISTUS - SCA,CORRECTIVA PROGRAMADA,FINISHED,ccarrasquel,Linac-109256,9951,LINKED_TO_MISSING_OR_RESTRICTED_ZENDESK,1,0,1,0,0,1,,,,b,PLACEHOLDER_VALUE,PLACEHOLDER_REJECTED,HAS_PLACEHOLDERS
3599,2026-03-20T15:30:00.000Z,FIELD_BEAT_CLIENT|70377400-8|FUNDACION ARTURO LOPEZ PEREZ,70377400-8,FUNDACION ARTURO LOPEZ PEREZ,CORRECTIVA NO PROGRAMADA,FINISHED,adiaz,APOTECA-CHEMO,,NO_TICKET_REPORTED,0,0,0,0,0,0,,,,,,,NO_USED_PARTS
3600,2026-03-20T17:30:00.000Z,FIELD_BEAT_CLIENT|61.607.901-8|SERVICIO DE SALUD DE MAGALLANES,61.607.901-8,SERVICIO DE SALUD DE MAGALLANES,CORRECTIVA PROGRAMADA,FINISHED,raguila,,9970,LINKED_TO_ACCESSIBLE_ZENDESK,1,0,0,1,0,1,,,1547676,"screen assy, head",NO_MATCH,NONE,HAS_UNMATCHED_PARTS
3601,2026-03-21T00:40:00.000Z,FIELD_BEAT_CLIENT|96.770.100-9|CLINICA ALEMANA DE SANTIAGO,96.770.100-9,CLINICA ALEMANA DE SANTIAGO,CORRECTIVA NO PROGRAMADA,FINISHED,mabreu,Linac-109496,9984,LINKED_TO_MISSING_OR_RESTRICTED_ZENDESK,0,0,0,0,0,0,,,,,,,NO_USED_PARTS
3602,2026-03-21T01:04:00.000Z,FIELD_BEAT_CLIENT|96.770.100-9|CLINICA ALEMANA DE SANTIAGO,96.770.100-9,CLINICA ALEMANA DE SANTIAGO,CORRECTIVA PROGRAMADA,FINISHED,mabreu,Linac-152171,9826,LINKED_TO_MISSING_OR_RESTRICTED_ZENDESK,0,0,0,0,0,0,,,,,,,NO_USED_PARTS
3603,2026-03-23T10:30:00.000Z,FIELD_BEAT_CLIENT|96.770.100-9|CLINICA ALEMANA DE SANTIAGO,96.770.100-9,CLINICA ALEMANA DE SANTIAGO,PUESTA EN MARCHA,FINISHED,jbustamante,Linac-152171,,NO_TICKET_REPORTED,0,0,0,0,0,0,,,,,,,NO_USED_PARTS
3604,2026-03-23T11:30:00.000Z,FIELD_BEAT_CLIENT|76.746.730-3|CLÍNICA SANATORIO ALEMÁN (ONCORAD),76.746.730-3,CLÍNICA SANATORIO ALEMÁN (ONCORAD),CORRECTIVA NO PROGRAMADA,FINISHED,ebecker,Linac-201110,,NO_TICKET_REPORTED,0,0,0,0,0,0,,,,,,,NO_USED_PARTS
3605,2026-03-23T23:08:00.000Z,FIELD_BEAT_CLIENT|81.698.900-0|UC CHRISTUS - SCA,81.698.900-0,UC CHRISTUS - SCA,CORRECTIVA PROGRAMADA,FINISHED,ccarrasquel,Linac-109256,9951,LINKED_TO_MISSING_OR_RESTRICTED_ZENDESK,0,0,0,0,0,0,,,,,,,NO_USED_PARTS
3606,2026-03-24T11:38:00.000Z,FIELD_BEAT_CLIENT|61.606.500-9|HOSPITAL CARLOS VAN BUREN (SSVSA),61.606.500-9,HOSPITAL CARLOS VAN BUREN (SSVSA),CORRECTIVA NO PROGRAMADA,FINISHED,jecheverria,Linac-154325,9988,LINKED_TO_MISSING_OR_RESTRICTED_ZENDESK,0,0,0,0,0,0,,,,,,,NO_USED_PARTS
3607,2026-03-25T11:30:00.000Z,FIELD_BEAT_CLIENT|70377400-8|FUNDACION ARTURO LOPEZ PEREZ,70377400-8,FUNDACION ARTURO LOPEZ PEREZ,REQUERIMIENTO DEL CLIENTE,FINISHED,adiaz,APOTECA-CHEMO,,NO_TICKET_REPORTED,0,0,0,0,0,0,,,,,,,NO_USED_PARTS
3608,2026-03-25T14:30:00.000Z,FIELD_BEAT_CLIENT|76.746.730-3|CLÍNICA SANATORIO ALEMÁN (ONCORAD),76.746.730-3,CLÍNICA SANATORIO ALEMÁN (ONCORAD),CORRECTIVA NO PROGRAMADA,FINISHED,ebecker,Linac-201110,,NO_TICKET_REPORTED,0,0,0,0,0,0,,,,,,,NO_USED_PARTS
3609,2026-03-25T20:48:00.000Z,FIELD_BEAT_CLIENT|70.377.400-8|FUNDACION ARTURO LOPEZ PEREZ,70.377.400-8,FUNDACION ARTURO LOPEZ PEREZ,REQUERIMIENTO DEL CLIENTE,FINISHED,jacuna,,9825,LINKED_TO_MISSING_OR_RESTRICTED_ZENDESK,0,0,0,0,0,0,,,,,,,NO_USED_PARTS
3610,2026-03-26T13:00:00.000Z,FIELD_BEAT_CLIENT|70377400-8|FUNDACION ARTURO LOPEZ PEREZ,70377400-8,FUNDACION ARTURO LOPEZ PEREZ,CORRECTIVA NO PROGRAMADA,FINISHED,adiaz,APOTECA-CHEMO,,NO_TICKET_REPORTED,0,0,0,0,0,0,,,,,,,NO_USED_PARTS
3611,2026-03-26T16:59:00.000Z,FIELD_BEAT_CLIENT|61.608.404-6|Instituto Nacional del Cáncer (INC),61.608.404-6,Instituto Nacional del Cáncer (INC),CORRECTIVA PROGRAMADA,FINISHED,ccarrasquel,INC-156473,9997,LINKED_TO_MISSING_OR_RESTRICTED_ZENDESK,0,0,0,0,0,0,,,,,,,NO_USED_PARTS
3612,2026-03-26T19:50:00.000Z,FIELD_BEAT_CLIENT|70377400-8|FUNDACION ARTURO LOPEZ PEREZ,70377400-8,FUNDACION ARTURO LOPEZ PEREZ,CORRECTIVA NO PROGRAMADA,FINISHED,adiaz,APOTECA-CHEMO,,NO_TICKET_REPORTED,0,0,0,0,0,0,,,,,,,NO_USED_PARTS
3613,2026-03-27T10:30:00.000Z,FIELD_BEAT_CLIENT|96.770.100-9|CLINICA ALEMANA DE SANTIAGO,96.770.100-9,CLINICA ALEMANA DE SANTIAGO,PREVENTIVA PROGRAMADA,ARCHIVED,,Linac-109496,,NO_TICKET_REPORTED,0,0,0,0,0,0,,,,,,,NO_USED_PARTS
3614,2026-03-27T10:30:00.000Z,FIELD_BEAT_CLIENT|96.770.100-9|CLINICA ALEMANA DE SANTIAGO,96.770.100-9,CLINICA ALEMANA DE SANTIAGO,PREVENTIVA PROGRAMADA,ARCHIVED,,Linac-109496,,NO_TICKET_REPORTED,0,0,0,0,0,0,,,,,,,NO_USED_PARTS
3615,2026-03-27T11:24:00.000Z,FIELD_BEAT_CLIENT|96.770.100-9|CLINICA ALEMANA DE SANTIAGO,96.770.100-9,CLINICA ALEMANA DE SANTIAGO,PREVENTIVA PROGRAMADA,FINISHED,jbustamante,Linac-109496,,NO_TICKET_REPORTED,0,0,0,0,0,0,,,,,,,NO_USED_PARTS
3616,2026-03-27T11:29:00.000Z,FIELD_BEAT_CLIENT|96.770.100-9|CLINICA ALEMANA DE SANTIAGO,96.770.100-9,CLINICA ALEMANA DE SANTIAGO,PREVENTIVA PROGRAMADA,FINISHED,jbustamante,Linac-109496,,NO_TICKET_REPORTED,0,0,0,0,0,0,,,,,,,NO_USED_PARTS
3617,2026-03-27T12:05:00.000Z,FIELD_BEAT_CLIENT|61.608.404-6|Instituto Nacional del Cáncer (INC),61.608.404-6,Instituto Nacional del Cáncer (INC),CORRECTIVA PROGRAMADA,FINISHED,ccarrasquel,INC-156473,9997,LINKED_TO_MISSING_OR_RESTRICTED_ZENDESK,1,1,0,0,0,0,1541718,11595,1541718,"Fru, pancake motor assembly",MATCHED,REF_EXACT,OK
3618,2026-03-27T14:24:00.000Z,FIELD_BEAT_CLIENT|96.757.430-9|INRAD,96.757.430-9,INRAD,PREVENTIVA PROGRAMADA,PAUSED,jecheverria,Linac-201172,,NO_TICKET_REPORTED,0,0,0,0,0,0,,,,,,,NO_USED_PARTS
3619,2026-03-27T14:32:00.000Z,FIELD_BEAT_CLIENT|96.757.430-9|INRAD,96.757.430-9,INRAD,PREVENTIVA PROGRAMADA,PAUSED,jecheverria,Linac-201172,,NO_TICKET_REPORTED,0,0,0,0,0,0,,,,,,,NO_USED_PARTS
3620,2026-03-27T13:00:00.000Z,FIELD_BEAT_CLIENT|96.770.100-9|CLINICA ALEMANA DE SANTIAGO,96.770.100-9,CLINICA ALEMANA DE SANTIAGO,REQUERIMIENTO DEL CLIENTE,FINISHED,rcammalleri,Linac-109496,9945,LINKED_TO_MISSING_OR_RESTRICTED_ZENDESK,1,0,0,1,0,1,,,TK204UK,KVM DVI,NO_MATCH,NONE,HAS_UNMATCHED_PARTS
3621,2026-03-27T18:58:00.000Z,FIELD_BEAT_CLIENT|61.608.404-6|Instituto Nacional del Cáncer (INC),61.608.404-6,Instituto Nacional del Cáncer (INC),CORRECTIVA PROGRAMADA,FINISHED,ccarrasquel,INC-156473,9947,LINKED_TO_MISSING_OR_RESTRICTED_ZENDESK,1,1,0,0,0,0,1509024,12212,1509024,"cable assy, area 60 to PLGIPI1",MATCHED,REF_EXACT,OK
3622,2026-03-27T18:30:00.000Z,FIELD_BEAT_CLIENT|76.746.730-3|CLÍNICA SANATORIO ALEMÁN (ONCORAD),76.746.730-3,CLÍNICA SANATORIO ALEMÁN (ONCORAD),CORRECTIVA PROGRAMADA,FINISHED,ebecker,Linac-201110,9969,LINKED_TO_MISSING_OR_RESTRICTED_ZENDESK,0,0,0,0,0,0,,,,,,,NO_USED_PARTS
3623,2026-03-27T20:00:00.000Z,FIELD_BEAT_CLIENT|70377400-8|FUNDACION ARTURO LOPEZ PEREZ,70377400-8,FUNDACION ARTURO LOPEZ PEREZ,CORRECTIVA PROGRAMADA,FINISHED,adiaz,,,NO_TICKET_REPORTED,0,0,0,0,0,0,,,,,,,NO_USED_PARTS
3624,2026-03-30T11:25:00.000Z,FIELD_BEAT_CLIENT|96.770.100-9|CLINICA ALEMANA DE SANTIAGO,96.770.100-9,CLINICA ALEMANA DE SANTIAGO,REQUERIMIENTO DEL CLIENTE,FINISHED,ccarrasquel,Linac-152171,,NO_TICKET_REPORTED,0,0,0,0,0,0,,,,,,,NO_USED_PARTS
3625,2026-03-27T12:00:00.000Z,FIELD_BEAT_CLIENT|96.757.430-9|INRAD,96.757.430-9,INRAD,PREVENTIVA PROGRAMADA,PAUSED,jecheverria,Linac-201172,,NO_TICKET_REPORTED,0,0,0,0,0,0,,,,,,,NO_USED_PARTS
3626,2026-03-27T12:00:00.000Z,FIELD_BEAT_CLIENT|96.757.430-9|INRAD,96.757.430-9,INRAD,PREVENTIVA PROGRAMADA,FINISHED,jecheverria,Linac-201172,,NO_TICKET_REPORTED,0,0,0,0,0,0,,,,,,,NO_USED_PARTS
3627,2026-03-20T16:00:00.000Z,FIELD_BEAT_CLIENT|61.607.901-8|SERVICIO DE SALUD DE MAGALLANES,61.607.901-8,SERVICIO DE SALUD DE MAGALLANES,PREVENTIVA PROGRAMADA,FINISHED,varenas,TPS-HCM,0000,LINKED_TO_MISSING_OR_RESTRICTED_ZENDESK,0,0,0,0,0,0,,,,,,,NO_USED_PARTS
3628,2026-03-27T17:00:00.000Z,FIELD_BEAT_CLIENT|61.607.901-8|SERVICIO DE SALUD DE MAGALLANES,61.607.901-8,SERVICIO DE SALUD DE MAGALLANES,PREVENTIVA PROGRAMADA,FINISHED,varenas,OIS-HCM,0000,LINKED_TO_MISSING_OR_RESTRICTED_ZENDESK,0,0,0,0,0,0,,,,,,,NO_USED_PARTS
3629,2026-03-26T12:45:00.000Z,FIELD_BEAT_CLIENT|61.606.500-9|HOSPITAL CARLOS VAN BUREN (SSVSA),61.606.500-9,HOSPITAL CARLOS VAN BUREN (SSVSA),CORRECTIVA NO PROGRAMADA,FINISHED,jecheverria,Linac-154325,9995,LINKED_TO_ACCESSIBLE_ZENDESK,0,0,0,0,0,0,,,,,,,NO_USED_PARTS
3630,2026-03-30T19:00:00.000Z,FIELD_BEAT_CLIENT|70377400-8|FUNDACION ARTURO LOPEZ PEREZ,70377400-8,FUNDACION ARTURO LOPEZ PEREZ,CORRECTIVA PROGRAMADA,FINISHED,adiaz,APOTECA-CHEMO,,NO_TICKET_REPORTED,1,1,0,0,0,0,2297542,12335,2297542,BALL RUNNER BLOCK WJ200QM-01-06,MATCHED,REF_EXACT,OK
3631,2026-03-30T13:00:00.000Z,FIELD_BEAT_CLIENT|76.746.730-3|RADIO ONCOLOGÍA DEL SUR,76.746.730-3,RADIO ONCOLOGÍA DEL SUR,CORRECTIVA NO PROGRAMADA,FINISHED,ebecker,Linac-156187,,NO_TICKET_REPORTED,0,0,0,0,0,0,,,,,,,NO_USED_PARTS
3632,2026-03-31T17:37:00.000Z,FIELD_BEAT_CLIENT|93.930.000-7|CLÍNICA LAS CONDES,93.930.000-7,CLÍNICA LAS CONDES,CORRECTIVA PROGRAMADA,FINISHED,ccarrasquel,CLC-1,9937,LINKED_TO_MISSING_OR_RESTRICTED_ZENDESK,0,0,0,0,0,0,,,,,,,NO_USED_PARTS
3633,2026-03-31T12:00:00.000Z,FIELD_BEAT_CLIENT|93.930.000-7|CLÍNICA LAS CONDES,93.930.000-7,CLÍNICA LAS CONDES,CORRECTIVA PROGRAMADA,FINISHED,aecheverria,CLC-1,10002,LINKED_TO_ACCESSIBLE_ZENDESK,1,0,1,0,0,1,,,,N/A,PLACEHOLDER_VALUE,PLACEHOLDER_REJECTED,HAS_PLACEHOLDERS
3634,2026-03-31T19:18:00.000Z,FIELD_BEAT_CLIENT|93.930.000-7|CLÍNICA LAS CONDES,93.930.000-7,CLÍNICA LAS CONDES,CORRECTIVA PROGRAMADA,FINISHED,ccarrasquel,CLC-2,10011,LINKED_TO_MISSING_OR_RESTRICTED_ZENDESK,0,0,0,0,0,0,,,,,,,NO_USED_PARTS
3635,2026-03-31T20:30:00.000Z,FIELD_BEAT_CLIENT|76.746.730-3|CLÍNICA SANATORIO ALEMÁN (ONCORAD),76.746.730-3,CLÍNICA SANATORIO ALEMÁN (ONCORAD),CORRECTIVA NO PROGRAMADA,FINISHED,ebecker,Linac-201110,1013,LINKED_TO_MISSING_OR_RESTRICTED_ZENDESK,0,0,0,0,0,0,,,,,,,NO_USED_PARTS
3636,2026-04-02T18:32:00.000Z,FIELD_BEAT_CLIENT|96.770.100-9|CLINICA ALEMANA DE SANTIAGO,96.770.100-9,CLINICA ALEMANA DE SANTIAGO,CORRECTIVA NO PROGRAMADA,FINISHED,mabreu,Linac-152171,10029,LINKED_TO_MISSING_OR_RESTRICTED_ZENDESK,1,1,0,0,0,0,45133302334,11117,45133302334,"DRIVE ASSEMBLY, MAGNETRO",MATCHED,REF_EXACT,OK
3637,2026-04-02T22:04:00.000Z,FIELD_BEAT_CLIENT|61.608.404-6|Instituto Nacional del Cáncer (INC),61.608.404-6,Instituto Nacional del Cáncer (INC),REQUERIMIENTO DEL CLIENTE,FINISHED,ssalice,,,NO_TICKET_REPORTED,0,0,0,0,0,0,,,,,,,NO_USED_PARTS
3638,2026-04-02T23:04:00.000Z,FIELD_BEAT_CLIENT|81.698.900-0|UC CHRISTUS - CECA,81.698.900-0,UC CHRISTUS - CECA,REQUERIMIENTO DEL CLIENTE,FINISHED,ssalice,,9955,LINKED_TO_MISSING_OR_RESTRICTED_ZENDESK,0,0,0,0,0,0,,,,,,,NO_USED_PARTS
3639,2026-04-06T12:17:00.000Z,FIELD_BEAT_CLIENT|96.770.100-9|CLINICA ALEMANA DE SANTIAGO,96.770.100-9,CLINICA ALEMANA DE SANTIAGO,REQUERIMIENTO DEL CLIENTE,FINISHED,ccarrasquel,Linac-152171,,NO_TICKET_REPORTED,0,0,0,0,0,0,,,,,,,NO_USED_PARTS
3640,2026-04-06T12:00:00.000Z,FIELD_BEAT_CLIENT|76.746.730-3|CLÍNICA SANATORIO ALEMÁN (ONCORAD),76.746.730-3,CLÍNICA SANATORIO ALEMÁN (ONCORAD),CORRECTIVA NO PROGRAMADA,FINISHED,ebecker,Linac-201110,10020,LINKED_TO_MISSING_OR_RESTRICTED_ZENDESK,0,0,0,0,0,0,,,,,,,NO_USED_PARTS
3641,2026-04-06T16:40:00.000Z,FIELD_BEAT_CLIENT|61.606.500-9|HOSPITAL CARLOS VAN BUREN (SSVSA),61.606.500-9,HOSPITAL CARLOS VAN BUREN (SSVSA),REQUERIMIENTO DEL CLIENTE,FINISHED,ssalice,,10019,LINKED_TO_MISSING_OR_RESTRICTED_ZENDESK,0,0,0,0,0,0,,,,,,,NO_USED_PARTS
3642,2026-04-06T15:30:00.000Z,FIELD_BEAT_CLIENT|70377400-8|FUNDACION ARTURO LOPEZ PEREZ,70377400-8,FUNDACION ARTURO LOPEZ PEREZ,REQUERIMIENTO DEL CLIENTE,FINISHED,adiaz,APOTECA-CHEMO,,NO_TICKET_REPORTED,1,0,0,1,0,1,,,Barcode Gun.,2483004,NO_MATCH,NONE,HAS_UNMATCHED_PARTS
3643,2026-04-10T12:30:00.000Z,FIELD_BEAT_CLIENT|61.608.404-6|Instituto Nacional del Cáncer (INC),61.608.404-6,Instituto Nacional del Cáncer (INC),PREVENTIVA PROGRAMADA,FINISHED,jbustamante,INC-156473,,NO_TICKET_REPORTED,1,1,0,0,0,0,1018559,10724,1018559,LMD FAN AND BRACKET,MATCHED,REF_EXACT,OK
3644,2026-04-08T20:05:00.000Z,FIELD_BEAT_CLIENT|70377400-8|FUNDACION ARTURO LOPEZ PEREZ,70377400-8,FUNDACION ARTURO LOPEZ PEREZ,CORRECTIVA PROGRAMADA,ARCHIVED,,,,NO_TICKET_REPORTED,0,0,0,0,0,0,,,,,,,NO_USED_PARTS
3645,2026-04-08T20:08:00.000Z,FIELD_BEAT_CLIENT|70377400-8|FUNDACION ARTURO LOPEZ PEREZ,70377400-8,FUNDACION ARTURO LOPEZ PEREZ,PREVENTIVA PROGRAMADA,FINISHED,ccarrasquel,HDR-FT07026,100026,LINKED_TO_MISSING_OR_RESTRICTED_ZENDESK,0,0,0,0,0,0,,,,,,,NO_USED_PARTS
3646,2026-04-08T23:11:00.000Z,FIELD_BEAT_CLIENT|96.770.100-9|CLINICA ALEMANA DE SANTIAGO,96.770.100-9,CLINICA ALEMANA DE SANTIAGO,REQUERIMIENTO DEL CLIENTE,FINISHED,ssalice,,10024,LINKED_TO_MISSING_OR_RESTRICTED_ZENDESK,0,0,0,0,0,0,,,,,,,NO_USED_PARTS
3647,2026-04-10T12:30:00.000Z,FIELD_BEAT_CLIENT|96.770.100-9|CLINICA ALEMANA DE SANTIAGO,96.770.100-9,CLINICA ALEMANA DE SANTIAGO,CORRECTIVA NO PROGRAMADA,FINISHED,aecheverria,Linac-152171,10029,LINKED_TO_MISSING_OR_RESTRICTED_ZENDESK,1,1,0,0,0,0,1022378,11627,1022378,"DIODE ASSEMBLY, FRU",MATCHED,REF_EXACT,OK
3648,2026-04-11T02:09:00.000Z,FIELD_BEAT_CLIENT|61.606.500-9|HOSPITAL CARLOS VAN BUREN (SSVSA),61.606.500-9,HOSPITAL CARLOS VAN BUREN (SSVSA),REQUERIMIENTO DEL CLIENTE,FINISHED,ssalice,,9994,LINKED_TO_MISSING_OR_RESTRICTED_ZENDESK,0,0,0,0,0,0,,,,,,,NO_USED_PARTS
3649,2026-04-13T15:00:00.000Z,FIELD_BEAT_CLIENT|70377400-8|FUNDACION ARTURO LOPEZ PEREZ,70377400-8,FUNDACION ARTURO LOPEZ PEREZ,REQUERIMIENTO DEL CLIENTE,FINISHED,adiaz,,,NO_TICKET_REPORTED,0,0,0,0,0,0,,,,,,,NO_USED_PARTS
3650,2026-04-14T10:00:00.000Z,FIELD_BEAT_CLIENT|61.606.500-9|HOSPITAL CARLOS VAN BUREN (SSVSA),61.606.500-9,HOSPITAL CARLOS VAN BUREN (SSVSA),CORRECTIVA NO PROGRAMADA,FINISHED,jecheverria,Linac-154325,,NO_TICKET_REPORTED,1,1,0,0,0,0,1016476,10913,1016476,leaf motor separes kit,MATCHED,REF_EXACT,OK
3651,2026-04-14T23:28:00.000Z,FIELD_BEAT_CLIENT|81.698.900-0|UC CHRISTUS - SCA,81.698.900-0,UC CHRISTUS - SCA,REQUERIMIENTO DEL CLIENTE,FINISHED,mabreu,Linac-109256,10036,LINKED_TO_MISSING_OR_RESTRICTED_ZENDESK,0,0,0,0,0,0,,,,,,,NO_USED_PARTS
3652,2026-04-15T13:30:00.000Z,FIELD_BEAT_CLIENT|93.930.000-7|CLÍNICA LAS CONDES,93.930.000-7,CLÍNICA LAS CONDES,CORRECTIVA PROGRAMADA,FINISHED,jbustamante,CLC-1,9918,LINKED_TO_ACCESSIBLE_ZENDESK,2,0,0,2,0,2,,,1540352|1540356,CABLE KIT (+VE ANODE)|CABLE KIT (-VE CATHODE),NO_MATCH,NONE,HAS_UNMATCHED_PARTS
3653,2026-04-16T14:30:00.000Z,FIELD_BEAT_CLIENT|93.930.000-7|CLÍNICA LAS CONDES,93.930.000-7,CLÍNICA LAS CONDES,CORRECTIVA PROGRAMADA,FINISHED,jbustamante,CLC-1,9526,LINKED_TO_MISSING_OR_RESTRICTED_ZENDESK,1,1,0,0,0,0,1024545,11812,1024545,USER INTERFACE SIDE B FRU,MATCHED,REF_EXACT,OK
3654,2026-04-16T18:38:00.000Z,FIELD_BEAT_CLIENT|93.930.000-7|CLÍNICA LAS CONDES,93.930.000-7,CLÍNICA LAS CONDES,CORRECTIVA PROGRAMADA,FINISHED,ccarrasquel,CLC-1,9918,LINKED_TO_ACCESSIBLE_ZENDESK,0,0,0,0,0,0,,,,,,,NO_USED_PARTS
3655,2026-04-16T19:30:00.000Z,FIELD_BEAT_CLIENT|70377400-8|FUNDACION ARTURO LOPEZ PEREZ,70377400-8,FUNDACION ARTURO LOPEZ PEREZ,REQUERIMIENTO DEL CLIENTE,FINISHED,adiaz,,,NO_TICKET_REPORTED,0,0,0,0,0,0,,,,,,,NO_USED_PARTS
3656,2026-04-10T19:00:00.000Z,FIELD_BEAT_CLIENT|61.607.901-8|SERVICIO DE SALUD DE MAGALLANES,61.607.901-8,SERVICIO DE SALUD DE MAGALLANES,CORRECTIVA PROGRAMADA,FINISHED,raguila,Linac-109452,,NO_TICKET_REPORTED,1,0,0,1,0,1,,,no,no,NO_MATCH,NONE,HAS_UNMATCHED_PARTS
3657,2026-04-17T19:00:00.000Z,FIELD_BEAT_CLIENT|61.607.901-8|SERVICIO DE SALUD DE MAGALLANES,61.607.901-8,SERVICIO DE SALUD DE MAGALLANES,CORRECTIVA PROGRAMADA,FINISHED,raguila,Linac-109452,,NO_TICKET_REPORTED,1,0,1,0,0,1,,,N/A,N/A,PLACEHOLDER_VALUE,PLACEHOLDER_REJECTED,HAS_PLACEHOLDERS
3658,2026-04-02T19:00:00.000Z,FIELD_BEAT_CLIENT|61.607.901-8|SERVICIO DE SALUD DE MAGALLANES,61.607.901-8,SERVICIO DE SALUD DE MAGALLANES,CORRECTIVA PROGRAMADA,FINISHED,raguila,TPS-HCM,,NO_TICKET_REPORTED,1,0,1,0,0,1,,,N/A,N/A,PLACEHOLDER_VALUE,PLACEHOLDER_REJECTED,HAS_PLACEHOLDERS
3659,2026-04-17T20:30:00.000Z,FIELD_BEAT_CLIENT|96.770.100-9|CLINICA ALEMANA DE SANTIAGO,96.770.100-9,CLINICA ALEMANA DE SANTIAGO,CORRECTIVA NO PROGRAMADA,FINISHED,jbustamante,Linac-152171,10043,LINKED_TO_MISSING_OR_RESTRICTED_ZENDESK,0,0,0,0,0,0,,,,,,,NO_USED_PARTS
3660,2026-04-20T12:13:00.000Z,FIELD_BEAT_CLIENT|61.606.500-9|HOSPITAL CARLOS VAN BUREN (SSVSA),61.606.500-9,HOSPITAL CARLOS VAN BUREN (SSVSA),PREVENTIVA PROGRAMADA,FINISHED,jecheverria,Linac-154325,,NO_TICKET_REPORTED,0,0,0,0,0,0,,,,,,,NO_USED_PARTS
3661,2026-04-16T19:30:00.000Z,FIELD_BEAT_CLIENT|76.746.730-3|CLÍNICA SANATORIO ALEMÁN (ONCORAD),76.746.730-3,CLÍNICA SANATORIO ALEMÁN (ONCORAD),CORRECTIVA PROGRAMADA,FINISHED,ebecker,Linac-201110,10020,LINKED_TO_MISSING_OR_RESTRICTED_ZENDESK,1,1,0,0,0,0,1502964,10892,1502964,"Spare kit, Led Field Lamp",MATCHED,REF_EXACT,OK
3662,2026-04-20T12:41:00.000Z,FIELD_BEAT_CLIENT|61.606.500-9|HOSPITAL CARLOS VAN BUREN (SSVSA),61.606.500-9,HOSPITAL CARLOS VAN BUREN (SSVSA),PRUEBAS DE ACEPTACION,FINISHED,jecheverria,Linac-154325,,NO_TICKET_REPORTED,0,0,0,0,0,0,,,,,,,NO_USED_PARTS
3663,2026-04-20T12:44:00.000Z,FIELD_BEAT_CLIENT|76.746.730-3|CLÍNICA SANATORIO ALEMÁN (ONCORAD),76.746.730-3,CLÍNICA SANATORIO ALEMÁN (ONCORAD),PREVENTIVA PROGRAMADA,FINISHED,ebecker,Linac-201110,,NO_TICKET_REPORTED,0,0,0,0,0,0,,,,,,,NO_USED_PARTS
3664,2026-04-20T15:41:00.000Z,FIELD_BEAT_CLIENT|93.930.000-7|CLÍNICA LAS CONDES,93.930.000-7,CLÍNICA LAS CONDES,CORRECTIVA NO PROGRAMADA,FINISHED,aecheverria,CLC-1,,NO_TICKET_REPORTED,1,0,1,0,0,1,,,,N/A,PLACEHOLDER_VALUE,PLACEHOLDER_REJECTED,HAS_PLACEHOLDERS
3665,2026-04-20T14:30:00.000Z,FIELD_BEAT_CLIENT|96.770.100-9|CLINICA ALEMANA DE SANTIAGO,96.770.100-9,CLINICA ALEMANA DE SANTIAGO,CORRECTIVA PROGRAMADA,FINISHED,jbustamante,Linac-152171,10043,LINKED_TO_MISSING_OR_RESTRICTED_ZENDESK,3,3,0,0,0,0,1515098|1527814|1014204,10374|11929|10952,1515098|1527814|1014204,"ION PUMP|PSU, ION PUMP|ION CHAMBER ASSEMBLY",MATCHED,REF_EXACT,OK
3666,2026-04-20T23:45:00.000Z,FIELD_BEAT_CLIENT|81.698.900-0|UC CHRISTUS - SCA,81.698.900-0,UC CHRISTUS - SCA,CORRECTIVA PROGRAMADA,FINISHED,mabreu,Linac-109256,10036,LINKED_TO_MISSING_OR_RESTRICTED_ZENDESK,0,0,0,0,0,0,,,,,,,NO_USED_PARTS
3667,2026-04-21T01:13:00.000Z,FIELD_BEAT_CLIENT|61.606.500-9|HOSPITAL CARLOS VAN BUREN (SSVSA),61.606.500-9,HOSPITAL CARLOS VAN BUREN (SSVSA),CORRECTIVA NO PROGRAMADA,FINISHED,jecheverria,Linac-154325,10042,LINKED_TO_MISSING_OR_RESTRICTED_ZENDESK,0,0,0,0,0,0,,,,,,,NO_USED_PARTS
3668,2026-04-21T10:00:00.000Z,FIELD_BEAT_CLIENT|61.606.500-9|HOSPITAL CARLOS VAN BUREN (SSVSA),61.606.500-9,HOSPITAL CARLOS VAN BUREN (SSVSA),CORRECTIVA NO PROGRAMADA,FINISHED,jecheverria,Linac-154325,10042,LINKED_TO_MISSING_OR_RESTRICTED_ZENDESK,0,0,0,0,0,0,,,,,,,NO_USED_PARTS
3669,2026-04-22T00:15:00.000Z,FIELD_BEAT_CLIENT|81.698.900-0|UC CHRISTUS - SCA,81.698.900-0,UC CHRISTUS - SCA,CORRECTIVA PROGRAMADA,FINISHED,mabreu,Linac-109256,10036,LINKED_TO_MISSING_OR_RESTRICTED_ZENDESK,0,0,0,0,0,0,,,,,,,NO_USED_PARTS
3670,2026-04-23T00:40:00.000Z,FIELD_BEAT_CLIENT|96.770.100-9|CLINICA ALEMANA DE SANTIAGO,96.770.100-9,CLINICA ALEMANA DE SANTIAGO,REQUERIMIENTO DEL CLIENTE,FINISHED,ssalice,,,NO_TICKET_REPORTED,0,0,0,0,0,0,,,,,,,NO_USED_PARTS
3671,2026-04-23T01:40:00.000Z,FIELD_BEAT_CLIENT|61.606.500-9|HOSPITAL CARLOS VAN BUREN (SSVSA),61.606.500-9,HOSPITAL CARLOS VAN BUREN (SSVSA),CORRECTIVA NO PROGRAMADA,FINISHED,jecheverria,Linac-154325,10046,LINKED_TO_MISSING_OR_RESTRICTED_ZENDESK,0,0,0,0,0,0,,,,,,,NO_USED_PARTS
3672,2026-04-23T12:00:00.000Z,FIELD_BEAT_CLIENT|76.746.730-3|RADIO ONCOLOGÍA DEL SUR,76.746.730-3,RADIO ONCOLOGÍA DEL SUR,CORRECTIVA NO PROGRAMADA,FINISHED,ebecker,Linac-156187,,NO_TICKET_REPORTED,0,0,0,0,0,0,,,,,,,NO_USED_PARTS
3673,2026-04-24T11:00:00.000Z,FIELD_BEAT_CLIENT|61.606.500-9|HOSPITAL CARLOS VAN BUREN (SSVSA),61.606.500-9,HOSPITAL CARLOS VAN BUREN (SSVSA),CORRECTIVA NO PROGRAMADA,FINISHED,jecheverria,Linac-154325,,NO_TICKET_REPORTED,0,0,0,0,0,0,,,,,,,NO_USED_PARTS
3674,2026-04-24T22:34:00.000Z,FIELD_BEAT_CLIENT|81.698.900-0|UC CHRISTUS - SCA,81.698.900-0,UC CHRISTUS - SCA,REQUERIMIENTO DEL CLIENTE,FINISHED,ssalice,,8798,LINKED_TO_ACCESSIBLE_ZENDESK,0,0,0,0,0,0,,,,,,,NO_USED_PARTS
3675,2026-04-25T16:36:00.000Z,FIELD_BEAT_CLIENT|81.698.900-0|UC CHRISTUS - CECA,81.698.900-0,UC CHRISTUS - CECA,PREVENTIVA PROGRAMADA,FINISHED,ccarrasquel,Linac-153935,,NO_TICKET_REPORTED,0,0,0,0,0,0,,,,,,,NO_USED_PARTS
3676,2026-04-25T18:57:00.000Z,FIELD_BEAT_CLIENT|81.698.900-0|UC CHRISTUS - CECA,81.698.900-0,UC CHRISTUS - CECA,PREVENTIVA PROGRAMADA,FINISHED,ccarrasquel,Linac-153935,,NO_TICKET_REPORTED,0,0,0,0,0,0,,,,,,,NO_USED_PARTS
3677,2026-04-27T12:00:00.000Z,FIELD_BEAT_CLIENT|76.746.730-3|RADIO ONCOLOGÍA DEL SUR,76.746.730-3,RADIO ONCOLOGÍA DEL SUR,CORRECTIVA NO PROGRAMADA,FINISHED,ebecker,Linac-156187,10056,LINKED_TO_ACCESSIBLE_ZENDESK,0,0,0,0,0,0,,,,,,,NO_USED_PARTS
3678,2026-04-27T22:00:00.000Z,FIELD_BEAT_CLIENT|81.698.900-0|UC CHRISTUS - CECA,81.698.900-0,UC CHRISTUS - CECA,CORRECTIVA PROGRAMADA,FINISHED,glopez,HDR-FT02211,,NO_TICKET_REPORTED,0,0,0,0,0,0,,,,,,,NO_USED_PARTS
3679,2026-04-28T22:38:00.000Z,FIELD_BEAT_CLIENT|61.606.500-9|HOSPITAL CARLOS VAN BUREN (SSVSA),61.606.500-9,HOSPITAL CARLOS VAN BUREN (SSVSA),CORRECTIVA NO PROGRAMADA,FINISHED,jecheverria,Linac-154325,10046,LINKED_TO_MISSING_OR_RESTRICTED_ZENDESK,0,0,0,0,0,0,,,,,,,NO_USED_PARTS
3680,2026-04-28T20:45:00.000Z,FIELD_BEAT_CLIENT|81.698.900-0|UC CHRISTUS - SCA,81.698.900-0,UC CHRISTUS - SCA,CORRECTIVA NO PROGRAMADA,FINISHED,aecheverria,Linac-109256,9951,LINKED_TO_MISSING_OR_RESTRICTED_ZENDESK,1,1,0,0,0,0,1564298,11039,1564298,"PCB ASSY, DLG, DIAPHRAGM DRIVE",MATCHED,REF_EXACT,OK
3681,2026-04-30T16:45:00.000Z,FIELD_BEAT_CLIENT|76.746.730-3|RADIO ONCOLOGÍA DEL SUR,76.746.730-3,RADIO ONCOLOGÍA DEL SUR,CORRECTIVA NO PROGRAMADA,FINISHED,ebecker,Linac-156187,,NO_TICKET_REPORTED,0,0,0,0,0,0,,,,,,,NO_USED_PARTS
3682,2026-05-04T12:49:00.000Z,FIELD_BEAT_CLIENT|96.770.100-9|CLINICA ALEMANA DE SANTIAGO,96.770.100-9,CLINICA ALEMANA DE SANTIAGO,PUESTA EN MARCHA,FINISHED,mabreu,Linac-152171,,NO_TICKET_REPORTED,0,0,0,0,0,0,,,,,,,NO_USED_PARTS
3683,2026-05-05T10:00:00.000Z,FIELD_BEAT_CLIENT|61.606.500-9|HOSPITAL CARLOS VAN BUREN (SSVSA),61.606.500-9,HOSPITAL CARLOS VAN BUREN (SSVSA),CORRECTIVA PROGRAMADA,FINISHED,jecheverria,Linac-154325,10046,LINKED_TO_MISSING_OR_RESTRICTED_ZENDESK,0,0,0,0,0,0,,,,,,,NO_USED_PARTS
3684,2026-05-05T21:38:00.000Z,FIELD_BEAT_CLIENT|81.698.900-0|UC CHRISTUS - CECA,81.698.900-0,UC CHRISTUS - CECA,CORRECTIVA PROGRAMADA,FINISHED,ccarrasquel,Linac-153935,10045,LINKED_TO_MISSING_OR_RESTRICTED_ZENDESK,1,1,0,0,0,0,1564169,12262,1564169,"kit, luminus proj assy and pcb assy, led control",MATCHED,REF_EXACT,OK
3685,2026-05-06T21:30:00.000Z,FIELD_BEAT_CLIENT|76.746.730-3|CLÍNICA SANATORIO ALEMÁN (ONCORAD),76.746.730-3,CLÍNICA SANATORIO ALEMÁN (ONCORAD),CORRECTIVA PROGRAMADA,FINISHED,ebecker,Linac-201110,9967,LINKED_TO_MISSING_OR_RESTRICTED_ZENDESK,0,0,0,0,0,0,,,,,,,NO_USED_PARTS
3686,2026-05-07T19:47:00.000Z,FIELD_BEAT_CLIENT|61.608.404-6|Instituto Nacional del Cáncer (INC),61.608.404-6,Instituto Nacional del Cáncer (INC),CORRECTIVA PROGRAMADA,FINISHED,ccarrasquel,INC-156473,10081,LINKED_TO_MISSING_OR_RESTRICTED_ZENDESK,2,1,0,0,1,1,1517657,10701,1517657|517657,"pcb assy leaf motor driver|kit, spares, leaf motor",MATCHED|AMBIGUOUS_MATCH,REF_EXACT|REF_LIKE,HAS_AMBIGUOUS_PARTS
3687,2026-05-07T20:25:00.000Z,FIELD_BEAT_CLIENT|96.770.100-9|CLINICA ALEMANA DE SANTIAGO,96.770.100-9,CLINICA ALEMANA DE SANTIAGO,CORRECTIVA NO PROGRAMADA,FINISHED,mabreu,Linac-109496,10080,LINKED_TO_ACCESSIBLE_ZENDESK,0,0,0,0,0,0,,,,,,,NO_USED_PARTS
3688,2026-05-07T19:30:00.000Z,FIELD_BEAT_CLIENT|81.698.900-0|UC CHRISTUS - SCA,81.698.900-0,UC CHRISTUS - SCA,CORRECTIVA PROGRAMADA,FINISHED,jbustamante,Linac-109256,10070,LINKED_TO_ACCESSIBLE_ZENDESK,0,0,0,0,0,0,,,,,,,NO_USED_PARTS
3689,2026-05-09T00:23:00.000Z,FIELD_BEAT_CLIENT|61.608.404-6|Instituto Nacional del Cáncer (INC),61.608.404-6,Instituto Nacional del Cáncer (INC),CORRECTIVA PROGRAMADA,SCHEDULED,,INC-156473,,NO_TICKET_REPORTED,0,0,0,0,0,0,,,,,,,NO_USED_PARTS
3690,2026-05-09T00:24:00.000Z,FIELD_BEAT_CLIENT|61.608.404-6|Instituto Nacional del Cáncer (INC),61.608.404-6,Instituto Nacional del Cáncer (INC),CORRECTIVA PROGRAMADA,FINISHED,ccarrasquel,INC-156473,10065,LINKED_TO_ACCESSIBLE_ZENDESK,1,1,0,0,0,0,1018559,10724,1018559,LMD fan and bracket,MATCHED,REF_EXACT,OK
3691,2026-05-09T12:00:00.000Z,FIELD_BEAT_CLIENT|61.608.404-6|Instituto Nacional del Cáncer (INC),61.608.404-6,Instituto Nacional del Cáncer (INC),CORRECTIVA NO PROGRAMADA,FINISHED,jecheverria,INC-156473,,NO_TICKET_REPORTED,1,0,1,0,0,1,,,,Bomba de condensado,PLACEHOLDER_VALUE,PLACEHOLDER_REJECTED,HAS_PLACEHOLDERS
3692,2026-05-11T12:57:00.000Z,FIELD_BEAT_CLIENT|61.606.500-9|HOSPITAL CARLOS VAN BUREN (SSVSA),61.606.500-9,HOSPITAL CARLOS VAN BUREN (SSVSA),CORRECTIVA PROGRAMADA,FINISHED,jecheverria,Linac-154325,,NO_TICKET_REPORTED,0,0,0,0,0,0,,,,,,,NO_USED_PARTS
3693,2026-05-07T19:00:00.000Z,FIELD_BEAT_CLIENT|76.746.730-3|RADIO ONCOLOGÍA DEL SUR,76.746.730-3,RADIO ONCOLOGÍA DEL SUR,CORRECTIVA NO PROGRAMADA,FINISHED,ebecker,Linac-156187,10088,LINKED_TO_ACCESSIBLE_ZENDESK,1,0,0,0,1,1,,,1010848-1564169,"Mirror Assembly optics
kit, luminus Proj. Assy and PCB LED Control",AMBIGUOUS_MATCH,REF_LIKE,HAS_AMBIGUOUS_PARTS
3694,2026-05-12T17:30:00.000Z,FIELD_BEAT_CLIENT|96.770.100-9|CLINICA ALEMANA DE SANTIAGO,96.770.100-9,CLINICA ALEMANA DE SANTIAGO,REQUERIMIENTO DEL CLIENTE,FINISHED,ssalice,,10086,LINKED_TO_MISSING_OR_RESTRICTED_ZENDESK,0,0,0,0,0,0,,,,,,,NO_USED_PARTS
3695,2026-05-13T19:44:00.000Z,FIELD_BEAT_CLIENT|61.606.500-9|HOSPITAL CARLOS VAN BUREN (SSVSA),61.606.500-9,HOSPITAL CARLOS VAN BUREN (SSVSA),CORRECTIVA PROGRAMADA,FINISHED,jecheverria,Linac-154325,10046,LINKED_TO_MISSING_OR_RESTRICTED_ZENDESK,1,1,0,0,0,0,1569146,10386,1569146,PCB ARM CONTROLBOARD,MATCHED,REF_EXACT,OK
3696,2026-05-13T22:20:00.000Z,FIELD_BEAT_CLIENT|81.698.900-0|UC CHRISTUS - SCA,81.698.900-0,UC CHRISTUS - SCA,REQUERIMIENTO DEL CLIENTE,FINISHED,jacuna,Linac-109256,8798,LINKED_TO_ACCESSIBLE_ZENDESK,0,0,0,0,0,0,,,,,,,NO_USED_PARTS
3697,2026-05-13T23:20:00.000Z,FIELD_BEAT_CLIENT|61.608.404-6|Instituto Nacional del Cáncer (INC),61.608.404-6,Instituto Nacional del Cáncer (INC),REQUERIMIENTO DEL CLIENTE,FINISHED,jacuna,INC-156473,10100,LINKED_TO_MISSING_OR_RESTRICTED_ZENDESK,0,0,0,0,0,0,,,,,,,NO_USED_PARTS
3698,2026-05-14T12:10:00.000Z,FIELD_BEAT_CLIENT|81.698.900-0|UC CHRISTUS - CECA,81.698.900-0,UC CHRISTUS - CECA,CORRECTIVA PROGRAMADA,FINISHED,ccarrasquel,Linac-109374,,NO_TICKET_REPORTED,0,0,0,0,0,0,,,,,,,NO_USED_PARTS
3699,2026-05-15T19:52:00.000Z,FIELD_BEAT_CLIENT|96.770.100-9|CLINICA ALEMANA DE SANTIAGO,96.770.100-9,CLINICA ALEMANA DE SANTIAGO,CORRECTIVA PROGRAMADA,FINISHED,mabreu,Linac-109496,00000,LINKED_TO_MISSING_OR_RESTRICTED_ZENDESK,0,0,0,0,0,0,,,,,,,NO_USED_PARTS
3700,2026-05-15T19:55:00.000Z,FIELD_BEAT_CLIENT|93.930.000-7|CLÍNICA LAS CONDES,93.930.000-7,CLÍNICA LAS CONDES,CORRECTIVA PROGRAMADA,FINISHED,ccarrasquel,CLC-1,,NO_TICKET_REPORTED,0,0,0,0,0,0,,,,,,,NO_USED_PARTS
3701,2026-05-15T16:45:00.000Z,FIELD_BEAT_CLIENT|61.608.404-6|Instituto Nacional del Cáncer (INC),61.608.404-6,Instituto Nacional del Cáncer (INC),CORRECTIVA NO PROGRAMADA,FINISHED,jbustamante,INC-156473,10111,LINKED_TO_ACCESSIBLE_ZENDESK,0,0,0,0,0,0,,,,,,,NO_USED_PARTS
3702,2026-05-15T19:45:00.000Z,FIELD_BEAT_CLIENT|61.608.404-6|Instituto Nacional del Cáncer (INC),61.608.404-6,Instituto Nacional del Cáncer (INC),CORRECTIVA NO PROGRAMADA,FINISHED,jbustamante,INC-156473,10112,LINKED_TO_ACCESSIBLE_ZENDESK,0,0,0,0,0,0,,,,,,,NO_USED_PARTS
3703,2026-05-15T18:00:00.000Z,FIELD_BEAT_CLIENT|79.560.900-8|RADIO NUCLEAR,79.560.900-8,RADIO NUCLEAR,ASISTENCIA REMOTA,FINISHED,jacuna,Linac-151238,10109,LINKED_TO_MISSING_OR_RESTRICTED_ZENDESK,0,0,0,0,0,0,,,,,,,NO_USED_PARTS
3704,2026-05-15T14:00:00.000Z,FIELD_BEAT_CLIENT|61.607.901-8|SERVICIO DE SALUD DE MAGALLANES,61.607.901-8,SERVICIO DE SALUD DE MAGALLANES,CORRECTIVA PROGRAMADA,FINISHED,raguila,,,NO_TICKET_REPORTED,1,0,1,0,0,1,,,N/A,filtro y bamba de condensado.,PLACEHOLDER_VALUE,PLACEHOLDER_REJECTED,HAS_PLACEHOLDERS
3705,2026-05-16T15:44:00.000Z,FIELD_BEAT_CLIENT|96.770.100-9|CLINICA ALEMANA DE SANTIAGO,96.770.100-9,CLINICA ALEMANA DE SANTIAGO,PREVENTIVA PROGRAMADA,FINISHED,mabreu,Linac-152171,,NO_TICKET_REPORTED,3,3,0,0,0,0,1564169|1564298|1564361,12262|11039|11038,1564169|1564298|1564361,"KIT LUMINOUS PROJ ASSY|PCB ASSY, DLG AND DIAPHRAGM DRIVE|PROGRAMMED PCB ASSY, ROUTE",MATCHED,REF_EXACT,OK
3706,2026-05-17T12:00:00.000Z,FIELD_BEAT_CLIENT|61.608.404-6|Instituto Nacional del Cáncer (INC),61.608.404-6,Instituto Nacional del Cáncer (INC),,FINISHED,jecheverria,INC-156473,10111,LINKED_TO_ACCESSIBLE_ZENDESK,0,0,0,0,0,0,,,,,,,NO_USED_PARTS
3707,2026-05-18T20:00:00.000Z,FIELD_BEAT_CLIENT|96.770.100-9|CLINICA ALEMANA DE SANTIAGO,96.770.100-9,CLINICA ALEMANA DE SANTIAGO,CORRECTIVA NO PROGRAMADA,FINISHED,aecheverria,Linac-109496,,NO_TICKET_REPORTED,1,0,1,0,0,1,,,,N/A,PLACEHOLDER_VALUE,PLACEHOLDER_REJECTED,HAS_PLACEHOLDERS
3708,2026-05-19T22:17:00.000Z,FIELD_BEAT_CLIENT|81.698.900-0|UC CHRISTUS - SCA,81.698.900-0,UC CHRISTUS - SCA,CORRECTIVA PROGRAMADA,FINISHED,ccarrasquel,Linac-109256,10113,LINKED_TO_ACCESSIBLE_ZENDESK,0,0,0,0,0,0,,,,,,,NO_USED_PARTS
3709,2026-05-19T22:00:00.000Z,FIELD_BEAT_CLIENT|61.608.404-6|Instituto Nacional del Cáncer (INC),61.608.404-6,Instituto Nacional del Cáncer (INC),CORRECTIVA NO PROGRAMADA,FINISHED,aecheverria,INC-156473,10115,LINKED_TO_ACCESSIBLE_ZENDESK,1,0,0,1,0,1,,,1567819,"PROG, PCB ASSY, DOSE B",NO_MATCH,NONE,HAS_UNMATCHED_PARTS
3710,2026-05-20T16:31:00.000Z,FIELD_BEAT_CLIENT|81.698.900-0|UC CHRISTUS - SCA,81.698.900-0,UC CHRISTUS - SCA,CORRECTIVA PROGRAMADA,FINISHED,ccarrasquel,Linac-109256,10118,LINKED_TO_MISSING_OR_RESTRICTED_ZENDESK,0,0,0,0,0,0,,,,,,,NO_USED_PARTS
3711,2026-05-25T14:24:00.000Z,FIELD_BEAT_CLIENT|61.608.404-6|Instituto Nacional del Cáncer (INC),61.608.404-6,Instituto Nacional del Cáncer (INC),CORRECTIVA NO PROGRAMADA,FINISHED,mabreu,INC-156473,10125,LINKED_TO_ACCESSIBLE_ZENDESK,0,0,0,0,0,0,,,,,,,NO_USED_PARTS
3712,2026-05-25T14:30:00.000Z,FIELD_BEAT_CLIENT|81.698.900-0|UC CHRISTUS - CECA,81.698.900-0,UC CHRISTUS - CECA,CORRECTIVA NO PROGRAMADA,FINISHED,jbustamante,Linac-109374,10126,LINKED_TO_ACCESSIBLE_ZENDESK,0,0,0,0,0,0,,,,,,,NO_USED_PARTS
3713,2026-05-25T16:00:00.000Z,FIELD_BEAT_CLIENT|76.746.730-3|RADIO ONCOLOGÍA DEL SUR,76.746.730-3,RADIO ONCOLOGÍA DEL SUR,CORRECTIVA NO PROGRAMADA,FINISHED,ebecker,Linac-156187,,NO_TICKET_REPORTED,0,0,0,0,0,0,,,,,,,NO_USED_PARTS
3714,2026-05-25T22:30:00.000Z,FIELD_BEAT_CLIENT|61.608.404-6|Instituto Nacional del Cáncer (INC),61.608.404-6,Instituto Nacional del Cáncer (INC),CORRECTIVA NO PROGRAMADA,FINISHED,jecheverria,INC-156473,10125,LINKED_TO_ACCESSIBLE_ZENDESK,0,0,0,0,0,0,,,,,,,NO_USED_PARTS
3715,2026-05-26T15:30:00.000Z,FIELD_BEAT_CLIENT|76.746.730-3|CLÍNICA SANATORIO ALEMÁN (ONCORAD),76.746.730-3,CLÍNICA SANATORIO ALEMÁN (ONCORAD),CORRECTIVA NO PROGRAMADA,FINISHED,ebecker,Linac-201110,10134,LINKED_TO_MISSING_OR_RESTRICTED_ZENDESK,0,0,0,0,0,0,,,,,,,NO_USED_PARTS
3716,2026-05-27T13:45:00.000Z,FIELD_BEAT_CLIENT|81.698.900-0|UC CHRISTUS - CECA,81.698.900-0,UC CHRISTUS - CECA,CORRECTIVA NO PROGRAMADA,FINISHED,jbustamante,Linac-109374,10137,LINKED_TO_ACCESSIBLE_ZENDESK,1,1,0,0,0,0,1516727,18,1516727,"KIT, BEAM MU DOSE MODULE",MATCHED,REF_EXACT,OK
3717,2026-05-27T15:00:00.000Z,FIELD_BEAT_CLIENT|81.698.900-0|UC CHRISTUS - CECA,81.698.900-0,UC CHRISTUS - CECA,CORRECTIVA NO PROGRAMADA,FINISHED,jbustamante,Linac-153935,10135,LINKED_TO_ACCESSIBLE_ZENDESK,0,0,0,0,0,0,,,,,,,NO_USED_PARTS
3718,2026-05-27T16:51:00.000Z,FIELD_BEAT_CLIENT|61.608.404-6|Instituto Nacional del Cáncer (INC),61.608.404-6,Instituto Nacional del Cáncer (INC),CORRECTIVA NO PROGRAMADA,FINISHED,mabreu,INC-156473,10142,LINKED_TO_ACCESSIBLE_ZENDESK,0,0,0,0,0,0,,,,,,,NO_USED_PARTS
3719,2026-05-27T17:09:00.000Z,FIELD_BEAT_CLIENT|96.770.100-9|CLINICA ALEMANA DE SANTIAGO,96.770.100-9,CLINICA ALEMANA DE SANTIAGO,REQUERIMIENTO DEL CLIENTE,FINISHED,ssalice,,10140,LINKED_TO_MISSING_OR_RESTRICTED_ZENDESK,0,0,0,0,0,0,,,,,,,NO_USED_PARTS
3720,2026-05-29T00:14:00.000Z,FIELD_BEAT_CLIENT|61.608.404-6|Instituto Nacional del Cáncer (INC),61.608.404-6,Instituto Nacional del Cáncer (INC),CORRECTIVA PROGRAMADA,FINISHED,mabreu,INC-156473,10065,LINKED_TO_ACCESSIBLE_ZENDESK,1,1,0,0,0,0,45133318990,11161,45133318990,FRU - BRAKE ASSY - x,MATCHED,REF_EXACT,OK
3721,2026-05-29T12:30:00.000Z,FIELD_BEAT_CLIENT|81.698.900-0|UC CHRISTUS - SCA,81.698.900-0,UC CHRISTUS - SCA,CORRECTIVA NO PROGRAMADA,FINISHED,aecheverria,Linac-109256,10148,LINKED_TO_MISSING_OR_RESTRICTED_ZENDESK,1,1,0,0,0,0,1531145,11145,1531145,"ASSY, FAN 70X70X15MM",MATCHED,REF_EXACT,OK
3722,2026-05-29T15:30:00.000Z,FIELD_BEAT_CLIENT|70377400-8|FUNDACION ARTURO LOPEZ PEREZ,70377400-8,FUNDACION ARTURO LOPEZ PEREZ,REQUERIMIENTO DEL CLIENTE,FINISHED,rcammalleri,APOTECA-CHEMO,,NO_TICKET_REPORTED,1,0,0,0,1,1,,,0000,Cable de red CAT6,AMBIGUOUS_MATCH,REF_LIKE,HAS_AMBIGUOUS_PARTS
3723,2026-05-29T19:00:00.000Z,FIELD_BEAT_CLIENT|81.698.900-0|UC CHRISTUS - SCA,81.698.900-0,UC CHRISTUS - SCA,CORRECTIVA NO PROGRAMADA,FINISHED,jbustamante,Linac-109256,10148,LINKED_TO_MISSING_OR_RESTRICTED_ZENDESK,2,2,0,0,0,1,1564361|1017632_usado,11038|11872,1564361|1017632,"PROGRAMMED PCB ASSY, ROUTER|PCB ASSY CAMERA CCU",MATCHED,REF_EXACT|REF_LIKE,REVIEW_REQUIRED
3724,2026-05-30T02:55:00.000Z,FIELD_BEAT_CLIENT|96.770.100-9|CLINICA ALEMANA DE SANTIAGO,96.770.100-9,CLINICA ALEMANA DE SANTIAGO,REQUERIMIENTO DEL CLIENTE,FINISHED,ccarrasquel,Linac-109496,,NO_TICKET_REPORTED,0,0,0,0,0,0,,,,,,,NO_USED_PARTS
3725,2026-06-01T16:32:00.000Z,FIELD_BEAT_CLIENT|96.770.100-9|CLINICA ALEMANA DE SANTIAGO,96.770.100-9,CLINICA ALEMANA DE SANTIAGO,CORRECTIVA PROGRAMADA,FINISHED,ccarrasquel,Linac-152171,,NO_TICKET_REPORTED,0,0,0,0,0,0,,,,,,,NO_USED_PARTS
3726,2026-06-01T16:43:00.000Z,FIELD_BEAT_CLIENT|81.698.900-0|UC CHRISTUS - CECA,81.698.900-0,UC CHRISTUS - CECA,CORRECTIVA NO PROGRAMADA,FINISHED,aecheverria,Linac-109374,10137,LINKED_TO_ACCESSIBLE_ZENDESK,1,1,0,0,0,0,1516727,18,1516727,"KIT, BEAM MU DOSE MODULE",MATCHED,REF_EXACT,OK
3727,2026-06-01T15:00:00.000Z,FIELD_BEAT_CLIENT|61.606.500-9|HOSPITAL CARLOS VAN BUREN (SSVSA),61.606.500-9,HOSPITAL CARLOS VAN BUREN (SSVSA),CORRECTIVA NO PROGRAMADA,FINISHED,jecheverria,Linac-154325,10151,LINKED_TO_ACCESSIBLE_ZENDESK,1,0,0,1,0,1,,,1541746,Handheld  conteoller,NO_MATCH,NONE,HAS_UNMATCHED_PARTS
3728,2026-06-01T20:00:00.000Z,FIELD_BEAT_CLIENT|70377400-8|FUNDACION ARTURO LOPEZ PEREZ,70377400-8,FUNDACION ARTURO LOPEZ PEREZ,REQUERIMIENTO DEL CLIENTE,FINISHED,adiaz,,,NO_TICKET_REPORTED,0,0,0,0,0,0,,,,,,,NO_USED_PARTS
3729,2026-06-02T16:27:00.000Z,FIELD_BEAT_CLIENT|61.606.500-9|HOSPITAL CARLOS VAN BUREN (SSVSA),61.606.500-9,HOSPITAL CARLOS VAN BUREN (SSVSA),CORRECTIVA PROGRAMADA,FINISHED,mabreu,Linac-154325,,NO_TICKET_REPORTED,2,2,0,0,0,0,1565836|1565835,10983|11031,1565836|1565835,"KIT, SPARE DLG BRAKE|KIT, SPARE DIAPHRAGM BRAKE",MATCHED,REF_EXACT,OK
3730,2026-06-03T16:45:00.000Z,FIELD_BEAT_CLIENT|96.770.100-9|CLINICA ALEMANA DE SANTIAGO,96.770.100-9,CLINICA ALEMANA DE SANTIAGO,CORRECTIVA NO PROGRAMADA,FINISHED,mabreu,Linac-109496,10157,LINKED_TO_ACCESSIBLE_ZENDESK,0,0,0,0,0,0,,,,,,,NO_USED_PARTS
3731,2026-06-02T15:00:00.000Z,FIELD_BEAT_CLIENT|76.746.730-3|RADIO ONCOLOGÍA DEL SUR,76.746.730-3,RADIO ONCOLOGÍA DEL SUR,CORRECTIVA NO PROGRAMADA,FINISHED,ebecker,Linac-156187,,NO_TICKET_REPORTED,1,1,0,0,0,0,45133904594,11892,45133904594,"PCB ASSEMBLY, PRESURE SENSOR & DPT",MATCHED,REF_EXACT,OK
3732,2026-06-01T12:00:00.000Z,FIELD_BEAT_CLIENT|76.746.730-3|RADIO ONCOLOGÍA DEL SUR,76.746.730-3,RADIO ONCOLOGÍA DEL SUR,CORRECTIVA NO PROGRAMADA,FINISHED,ebecker,Linac-156187,10150,LINKED_TO_MISSING_OR_RESTRICTED_ZENDESK,1,1,0,0,0,0,1534958,11034,1534958,Kit spare Leaf Motor,MATCHED,REF_EXACT,OK
3733,2026-05-29T04:00:00.000Z,FIELD_BEAT_CLIENT|76.746.730-3|RADIO ONCOLOGÍA DEL SUR,76.746.730-3,RADIO ONCOLOGÍA DEL SUR,CORRECTIVA PROGRAMADA,FINISHED,ebecker,Linac-156187,10093,LINKED_TO_MISSING_OR_RESTRICTED_ZENDESK,1,1,0,0,0,0,1541718,11595,1541718,Pancake Motor,MATCHED,REF_EXACT,OK
3734,2026-06-04T12:00:00.000Z,FIELD_BEAT_CLIENT|76.746.730-3|RADIO ONCOLOGÍA DEL SUR,76.746.730-3,RADIO ONCOLOGÍA DEL SUR,CORRECTIVA NO PROGRAMADA,FINISHED,ebecker,Linac-156187,,NO_TICKET_REPORTED,0,0,0,0,0,0,,,,,,,NO_USED_PARTS
3735,2026-06-04T12:50:00.000Z,FIELD_BEAT_CLIENT|76.746.730-3|RADIO ONCOLOGÍA DEL SUR,76.746.730-3,RADIO ONCOLOGÍA DEL SUR,PREVENTIVA PROGRAMADA,FINISHED,ebecker,Linac-156187,,NO_TICKET_REPORTED,0,0,0,0,0,0,,,,,,,NO_USED_PARTS
3736,2026-06-04T14:30:00.000Z,FIELD_BEAT_CLIENT|61.608.404-6|Instituto Nacional del Cáncer (INC),61.608.404-6,Instituto Nacional del Cáncer (INC),REQUERIMIENTO DEL CLIENTE,FINISHED,ssalice,,10161,LINKED_TO_ACCESSIBLE_ZENDESK,0,0,0,0,0,0,,,,,,,NO_USED_PARTS
3737,2026-06-04T20:30:00.000Z,FIELD_BEAT_CLIENT|70377400-8|FUNDACION ARTURO LOPEZ PEREZ,70377400-8,FUNDACION ARTURO LOPEZ PEREZ,CORRECTIVA PROGRAMADA,FINISHED,adiaz,,,NO_TICKET_REPORTED,0,0,0,0,0,0,,,,,,,NO_USED_PARTS
3738,2026-06-05T16:22:00.000Z,FIELD_BEAT_CLIENT|61.608.404-6|Instituto Nacional del Cáncer (INC),61.608.404-6,Instituto Nacional del Cáncer (INC),PREVENTIVA PROGRAMADA,FINISHED,mabreu,INC-156473,,NO_TICKET_REPORTED,0,0,0,0,0,0,,,,,,,NO_USED_PARTS
3739,2026-06-05T16:00:00.000Z,FIELD_BEAT_CLIENT|70377400-8|FUNDACION ARTURO LOPEZ PEREZ,70377400-8,FUNDACION ARTURO LOPEZ PEREZ,REQUERIMIENTO DEL CLIENTE,FINISHED,rcammalleri,APOTECA-CHEMO,,NO_TICKET_REPORTED,0,0,0,0,0,0,,,,,,,NO_USED_PARTS
3740,2026-06-05T21:04:00.000Z,FIELD_BEAT_CLIENT|61.608.404-6|Instituto Nacional del Cáncer (INC),61.608.404-6,Instituto Nacional del Cáncer (INC),CORRECTIVA NO PROGRAMADA,FINISHED,mabreu,INC-156473,,NO_TICKET_REPORTED,1,1,0,0,0,0,1564298,11039,1564298,"PCB ASSY, DLG AND DIAPHRAGM DRIVE",MATCHED,REF_EXACT,OK
3741,2026-06-06T18:00:00.000Z,FIELD_BEAT_CLIENT|61.607.901-8|SERVICIO DE SALUD DE MAGALLANES,61.607.901-8,SERVICIO DE SALUD DE MAGALLANES,CORRECTIVA PROGRAMADA,FINISHED,varenas,OIS-HCM|TPS-HCM,10164,LINKED_TO_MISSING_OR_RESTRICTED_ZENDESK,0,0,0,0,0,0,,,,,,,NO_USED_PARTS
3742,2026-06-08T13:39:00.000Z,FIELD_BEAT_CLIENT|96.770.100-9|CLINICA ALEMANA DE SANTIAGO,96.770.100-9,CLINICA ALEMANA DE SANTIAGO,CORRECTIVA NO PROGRAMADA,FINISHED,mabreu,Linac-109496,,NO_TICKET_REPORTED,0,0,0,0,0,0,,,,,,,NO_USED_PARTS
3743,2026-06-08T14:52:00.000Z,FIELD_BEAT_CLIENT|81.698.900-0|UC CHRISTUS - CECA,81.698.900-0,UC CHRISTUS - CECA,,FINISHED,jacuna,Linac-109374,10172,LINKED_TO_MISSING_OR_RESTRICTED_ZENDESK,0,0,0,0,0,0,,,,,,,NO_USED_PARTS
3744,2026-06-08T19:36:00.000Z,FIELD_BEAT_CLIENT|96.770.100-9|CLINICA ALEMANA DE SANTIAGO,96.770.100-9,CLINICA ALEMANA DE SANTIAGO,REQUERIMIENTO DEL CLIENTE,STARTED,jacuna,Linac-109496,,NO_TICKET_REPORTED,0,0,0,0,0,0,,,,,,,NO_USED_PARTS
3745,2026-06-08T23:53:00.000Z,FIELD_BEAT_CLIENT|61.608.404-6|Instituto Nacional del Cáncer (INC),61.608.404-6,Instituto Nacional del Cáncer (INC),CORRECTIVA PROGRAMADA,FINISHED,ccarrasquel,INC-156473,10175,LINKED_TO_ACCESSIBLE_ZENDESK,0,0,0,0,0,0,,,,,,,NO_USED_PARTS
3746,2026-06-08T21:30:00.000Z,FIELD_BEAT_CLIENT|61.606.500-9|HOSPITAL CARLOS VAN BUREN (SSVSA),61.606.500-9,HOSPITAL CARLOS VAN BUREN (SSVSA),CORRECTIVA PROGRAMADA,FINISHED,jecheverria,Linac-154325,10131,LINKED_TO_MISSING_OR_RESTRICTED_ZENDESK,0,0,0,0,0,0,,,,,,,NO_USED_PARTS
3747,2026-06-09T16:52:00.000Z,FIELD_BEAT_CLIENT|81.698.900-0|UC CHRISTUS - CECA,81.698.900-0,UC CHRISTUS - CECA,REQUERIMIENTO DEL CLIENTE,FINISHED,ssalice,,10083,LINKED_TO_MISSING_OR_RESTRICTED_ZENDESK,0,0,0,0,0,0,,,,,,,NO_USED_PARTS
3748,2026-06-11T20:08:00.000Z,FIELD_BEAT_CLIENT|81.698.900-0|UC CHRISTUS - CECA,81.698.900-0,UC CHRISTUS - CECA,CORRECTIVA NO PROGRAMADA,FINISHED,aecheverria,Linac-153935,10173,LINKED_TO_ACCESSIBLE_ZENDESK,1,1,0,0,0,0,45133412329,11274,45133412329,PIN LOCKING SOLENOID,MATCHED,REF_EXACT,OK
3749,2026-06-12T02:30:00.000Z,FIELD_BEAT_CLIENT|61.606.500-9|HOSPITAL CARLOS VAN BUREN (SSVSA),61.606.500-9,HOSPITAL CARLOS VAN BUREN (SSVSA),CORRECTIVA NO PROGRAMADA,FINISHED,jecheverria,Linac-154325,10190,LINKED_TO_ACCESSIBLE_ZENDESK,1,1,0,0,0,0,1534958,11034,1534958,leaft motor kit,MATCHED,REF_EXACT,OK
3750,2026-06-12T19:00:00.000Z,FIELD_BEAT_CLIENT|70377400-8|FUNDACION ARTURO LOPEZ PEREZ,70377400-8,FUNDACION ARTURO LOPEZ PEREZ,REQUERIMIENTO DEL CLIENTE,FINISHED,rsaez,APOTECA-CHEMO,,NO_TICKET_REPORTED,0,0,0,0,0,0,,,,,,,NO_USED_PARTS
3751,2026-06-13T14:50:00.000Z,FIELD_BEAT_CLIENT|96.770.100-9|CLINICA ALEMANA DE SANTIAGO,96.770.100-9,CLINICA ALEMANA DE SANTIAGO,ASISTENCIA REMOTA,FINISHED,jecheverria,Linac-109496,10193,LINKED_TO_ACCESSIBLE_ZENDESK,0,0,0,0,0,0,,,,,,,NO_USED_PARTS
3752,2026-06-13T19:43:00.000Z,FIELD_BEAT_CLIENT|81.698.900-0|UC CHRISTUS - SCA,81.698.900-0,UC CHRISTUS - SCA,PREVENTIVA PROGRAMADA,FINISHED,ccarrasquel,Linac-109256,,NO_TICKET_REPORTED,0,0,0,0,0,0,,,,,,,NO_USED_PARTS
3753,2026-06-13T20:14:00.000Z,FIELD_BEAT_CLIENT|81.698.900-0|UC CHRISTUS - SCA,81.698.900-0,UC CHRISTUS - SCA,PREVENTIVA PROGRAMADA,FINISHED,ccarrasquel,Linac-109256,,NO_TICKET_REPORTED,0,0,0,0,0,0,,,,,,,NO_USED_PARTS
3754,2026-06-15T09:30:00.000Z,FIELD_BEAT_CLIENT|96.770.100-9|CLINICA ALEMANA DE SANTIAGO,96.770.100-9,CLINICA ALEMANA DE SANTIAGO,PREVENTIVA PROGRAMADA,FINISHED,jecheverria,Linac-109496|Linac-152171,10193,LINKED_TO_ACCESSIBLE_ZENDESK,0,0,0,0,0,0,,,,,,,NO_USED_PARTS
3755,2026-06-15T16:30:00.000Z,FIELD_BEAT_CLIENT|76.746.730-3|CLÍNICA SANATORIO ALEMÁN (ONCORAD),76.746.730-3,CLÍNICA SANATORIO ALEMÁN (ONCORAD),CORRECTIVA NO PROGRAMADA,FINISHED,ebecker,Linac-201110,,NO_TICKET_REPORTED,0,0,0,0,0,0,,,,,,,NO_USED_PARTS
3756,2026-06-15T19:18:00.000Z,FIELD_BEAT_CLIENT|96.770.100-9|CLINICA ALEMANA DE SANTIAGO,96.770.100-9,CLINICA ALEMANA DE SANTIAGO,CORRECTIVA PROGRAMADA,FINISHED,ccarrasquel,Linac-109496,10193,LINKED_TO_ACCESSIBLE_ZENDESK,0,0,0,0,0,0,,,,,,,NO_USED_PARTS
3757,2026-06-12T13:30:00.000Z,FIELD_BEAT_CLIENT|70.377.400-8|FUNDACION ARTURO LOPEZ PEREZ,70.377.400-8,FUNDACION ARTURO LOPEZ PEREZ,REQUERIMIENTO DEL CLIENTE,FINISHED,jecheverria,,,NO_TICKET_REPORTED,0,0,0,0,0,0,,,,,,,NO_USED_PARTS
3758,2026-06-11T19:30:00.000Z,FIELD_BEAT_CLIENT|76.746.730-3|RADIO ONCOLOGÍA DEL SUR,76.746.730-3,RADIO ONCOLOGÍA DEL SUR,CORRECTIVA PROGRAMADA,FINISHED,ebecker,Linac-156187,10062,LINKED_TO_MISSING_OR_RESTRICTED_ZENDESK,1,1,0,0,0,0,1502613,10994,1502613,Distance Meter,MATCHED,REF_EXACT,OK
3759,2026-06-12T20:00:00.000Z,FIELD_BEAT_CLIENT|76.746.730-3|RADIO ONCOLOGÍA DEL SUR,76.746.730-3,RADIO ONCOLOGÍA DEL SUR,CORRECTIVA PROGRAMADA,FINISHED,ebecker,Linac-156187,10146,LINKED_TO_MISSING_OR_RESTRICTED_ZENDESK,1,1,0,0,0,0,1522567,12044,1522567,RF Output Window,MATCHED,REF_EXACT,OK
3760,2026-06-17T13:00:00.000Z,FIELD_BEAT_CLIENT|81.698.900-0|UC CHRISTUS - CECA,81.698.900-0,UC CHRISTUS - CECA,CORRECTIVA NO PROGRAMADA,FINISHED,jbustamante,Linac-109374,10188,LINKED_TO_ACCESSIBLE_ZENDESK,1,1,0,0,0,0,1502613,10994,1502613,"MOD KIT, LASER ODI LAMP",MATCHED,REF_EXACT,OK
3761,2026-06-17T18:42:00.000Z,FIELD_BEAT_CLIENT|96.757.430-9|INRAD,96.757.430-9,INRAD,REQUERIMIENTO DEL CLIENTE,FINISHED,ssalice,,10197,LINKED_TO_MISSING_OR_RESTRICTED_ZENDESK,0,0,0,0,0,0,,,,,,,NO_USED_PARTS
3762,2026-06-18T18:00:00.000Z,FIELD_BEAT_CLIENT|61.607.901-8|SERVICIO DE SALUD DE MAGALLANES,61.607.901-8,SERVICIO DE SALUD DE MAGALLANES,CORRECTIVA PROGRAMADA,FINISHED,varenas,TPS-HCM,,NO_TICKET_REPORTED,1,0,1,0,0,1,,,,placa madre y fuente de poder.,PLACEHOLDER_VALUE,PLACEHOLDER_REJECTED,HAS_PLACEHOLDERS
3763,2026-06-19T17:53:00.000Z,FIELD_BEAT_CLIENT|81.698.900-0|UC CHRISTUS - CECA,81.698.900-0,UC CHRISTUS - CECA,REQUERIMIENTO DEL CLIENTE,FINISHED,ssalice,,10204,LINKED_TO_MISSING_OR_RESTRICTED_ZENDESK,0,0,0,0,0,0,,,,,,,NO_USED_PARTS
3764,2026-06-19T20:00:00.000Z,FIELD_BEAT_CLIENT|76.746.730-3|RADIO ONCOLOGÍA DEL SUR,76.746.730-3,RADIO ONCOLOGÍA DEL SUR,CORRECTIVA NO PROGRAMADA,FINISHED,ebecker,HDR-FT02181,,NO_TICKET_REPORTED,0,0,0,0,0,0,,,,,,,NO_USED_PARTS
3765,2026-06-19T21:03:00.000Z,FIELD_BEAT_CLIENT|61.606.500-9|HOSPITAL CARLOS VAN BUREN (SSVSA),61.606.500-9,HOSPITAL CARLOS VAN BUREN (SSVSA),CORRECTIVA PROGRAMADA,FINISHED,mabreu,Linac-154325,10165,LINKED_TO_ACCESSIBLE_ZENDESK,1,1,0,0,0,0,1505978,12338,1505978,MRT 22011 AP25 MV PANEL,MATCHED,REF_EXACT,OK
3766,2026-06-19T21:30:00.000Z,FIELD_BEAT_CLIENT|81.698.900-0|UC CHRISTUS - SCA,81.698.900-0,UC CHRISTUS - SCA,CORRECTIVA PROGRAMADA,FINISHED,jbustamante,Linac-109256,10199,LINKED_TO_ACCESSIBLE_ZENDESK,0,0,0,0,0,0,,,,,,,NO_USED_PARTS
3767,2026-06-19T23:52:00.000Z,FIELD_BEAT_CLIENT|81.698.900-0|UC CHRISTUS - CECA,81.698.900-0,UC CHRISTUS - CECA,CORRECTIVA PROGRAMADA,FINISHED,ccarrasquel,Linac-109374,10208,LINKED_TO_ACCESSIBLE_ZENDESK,0,0,0,0,0,0,,,,,,,NO_USED_PARTS
3768,2026-06-22T12:19:00.000Z,FIELD_BEAT_CLIENT|96.770.100-9|CLINICA ALEMANA DE SANTIAGO,96.770.100-9,CLINICA ALEMANA DE SANTIAGO,REQUERIMIENTO DEL CLIENTE,FINISHED,ccarrasquel,Linac-109496,,NO_TICKET_REPORTED,0,0,0,0,0,0,,,,,,,NO_USED_PARTS
3769,2026-06-22T12:30:00.000Z,FIELD_BEAT_CLIENT|70377400-8|FUNDACION ARTURO LOPEZ PEREZ,70377400-8,FUNDACION ARTURO LOPEZ PEREZ,REQUERIMIENTO DEL CLIENTE,FINISHED,rcammalleri,APOTECA-CHEMO,,NO_TICKET_REPORTED,0,0,0,0,0,0,,,,,,,NO_USED_PARTS
3770,2026-06-23T22:11:00.000Z,FIELD_BEAT_CLIENT|81.698.900-0|UC CHRISTUS - SCA,81.698.900-0,UC CHRISTUS - SCA,PREVENTIVA PROGRAMADA,FINISHED,mabreu,Linac-109256,10199,LINKED_TO_ACCESSIBLE_ZENDESK,0,0,0,0,0,0,,,,,,,NO_USED_PARTS
3771,2026-06-24T11:30:00.000Z,FIELD_BEAT_CLIENT|81.698.900-0|UC CHRISTUS - SCA,81.698.900-0,UC CHRISTUS - SCA,CORRECTIVA PROGRAMADA,FINISHED,mabreu,Linac-109256,10199,LINKED_TO_ACCESSIBLE_ZENDESK,0,0,0,0,0,0,,,,,,,NO_USED_PARTS
3772,2026-06-25T00:04:00.000Z,FIELD_BEAT_CLIENT|81.698.900-0|UC CHRISTUS - CECA,81.698.900-0,UC CHRISTUS - CECA,CORRECTIVA NO PROGRAMADA,FINISHED,ccarrasquel,Linac-153935,,NO_TICKET_REPORTED,0,0,0,0,0,0,,,,,,,NO_USED_PARTS
3773,2026-06-25T17:43:00.000Z,FIELD_BEAT_CLIENT|93.930.000-7|CLÍNICA LAS CONDES,93.930.000-7,CLÍNICA LAS CONDES,CORRECTIVA NO PROGRAMADA,FINISHED,aecheverria,CLC-2,10220,LINKED_TO_MISSING_OR_RESTRICTED_ZENDESK,1,0,1,0,0,1,,,,N/A,PLACEHOLDER_VALUE,PLACEHOLDER_REJECTED,HAS_PLACEHOLDERS
3774,2026-06-26T01:43:00.000Z,FIELD_BEAT_CLIENT|61.608.404-6|Instituto Nacional del Cáncer (INC),61.608.404-6,Instituto Nacional del Cáncer (INC),REQUERIMIENTO DEL CLIENTE,FINISHED,ccarrasquel,INC-156473,,NO_TICKET_REPORTED,0,0,0,0,0,0,,,,,,,NO_USED_PARTS
3775,2026-06-26T19:00:00.000Z,FIELD_BEAT_CLIENT|76.746.730-3|RADIO ONCOLOGÍA DEL SUR,76.746.730-3,RADIO ONCOLOGÍA DEL SUR,CORRECTIVA PROGRAMADA,FINISHED,ebecker,Linac-156187,10054,LINKED_TO_MISSING_OR_RESTRICTED_ZENDESK,0,0,0,0,0,0,,,,,,,NO_USED_PARTS
3776,2026-06-26T23:21:00.000Z,FIELD_BEAT_CLIENT|81.698.900-0|UC CHRISTUS - CECA,81.698.900-0,UC CHRISTUS - CECA,CORRECTIVA NO PROGRAMADA,FINISHED,mabreu,Linac-109374,10227,LINKED_TO_MISSING_OR_RESTRICTED_ZENDESK,0,0,0,0,0,0,,,,,,,NO_USED_PARTS
3777,2026-06-27T15:00:00.000Z,FIELD_BEAT_CLIENT||No indica,,No indica,ASISTENCIA REMOTA,FINISHED,jecheverria,,,NO_TICKET_REPORTED,0,0,0,0,0,0,,,,,,,NO_USED_PARTS
3778,2026-06-27T17:25:00.000Z,FIELD_BEAT_CLIENT|81.698.900-0|UC CHRISTUS - CECA,81.698.900-0,UC CHRISTUS - CECA,PREVENTIVA PROGRAMADA,FINISHED,ccarrasquel,Linac-109374,,NO_TICKET_REPORTED,2,2,0,0,0,0,1532592|1534958,12268|11034,1532592|1534958,"BMDM fru kit|kit, spares leaf motor",MATCHED,REF_EXACT,OK
3779,2026-06-30T16:51:00.000Z,FIELD_BEAT_CLIENT|96.770.100-9|CLINICA ALEMANA DE SANTIAGO,96.770.100-9,CLINICA ALEMANA DE SANTIAGO,CORRECTIVA NO PROGRAMADA,STARTED,mabreu,Linac-109496,,NO_TICKET_REPORTED,0,0,0,0,0,0,,,,,,,NO_USED_PARTS
3780,2026-06-30T20:03:00.000Z,FIELD_BEAT_CLIENT|81.698.900-0|UC CHRISTUS - CECA,81.698.900-0,UC CHRISTUS - CECA,CORRECTIVA NO PROGRAMADA,FINISHED,ccarrasquel,Linac-109374,10231,LINKED_TO_ACCESSIBLE_ZENDESK,3,3,0,0,0,0,1015075|1015076|1565768,10958|10957|10151,1015075|1015076|1565768,"Cable, retractile MLC (SK25AA-SK26A)|cable retractile, (SK25BB-SK26B)|camera CCU PCB",MATCHED,REF_EXACT,OK
3781,2026-06-30T22:00:00.000Z,FIELD_BEAT_CLIENT|96.770.100-9|CLINICA ALEMANA DE SANTIAGO,96.770.100-9,CLINICA ALEMANA DE SANTIAGO,CORRECTIVA PROGRAMADA,FINISHED,jbustamante,Linac-152171,,NO_TICKET_REPORTED,0,0,0,0,0,0,,,,,,,NO_USED_PARTS