used_part_id,fieldbeat_task_id,zendesk_ticket_id,part_name,raw_part_identifier,normalized_part_identifier,dolibarr_product_id,dolibarr_ref,dolibarr_barcode,dolibarr_label,match_method,match_confidence,match_status,needs_manual_review,candidate_dolibarr_product_ids
"951|2|0|107043-11
107771-11",951,,"Computador TCS HP 5810 RP5
DVD instalación y Servicio Oncentra TCS","107043-11
107771-11",1070431110777111,11724,107043,,TCS computer HP RP5800 series,REF_LIKE,0.5,MATCHED,true,
952|2|0|SN,952,,NA,SN,SN,,,,,PLACEHOLDER_REJECTED,0,PLACEHOLDER_VALUE,true,
953|2|0|1007545,953,,MLC reflector spares kit,1007545,1007545,11569,1007545,,MLC REFLECTOR SPARES KIT,REF_EXACT,1,MATCHED,false,
953|2|1|451333326854,953,,"Mout, mirror (mylar)",451333326854,451333326854,,,,,NONE,0,NO_MATCH,true,
953|2|2|1010495,953,,Camera mirror assemb,1010495,1010495,11570,1010495,,CAMERA MIRROR ASSEMBLY,REF_EXACT,1,MATCHED,false,
953|2|3|45133327662,953,,Beam Splitter mirror,45133327662,45133327662,11571,45133327662,,BEAM SPLITTER MIRROR ASSY,REF_EXACT,1,MATCHED,false,
953|2|4|4513332766303F,953,,proyector mirror Assy,4513332766303F,4513332766303F,11567,4513332766303F,,PROJECTOR MIRROR ASSY,REF_EXACT,1,MATCHED,false,
953|2|5|155579,953,,Lens Ricoh FL-Bc1218A,155579,155579,,,,,NONE,0,NO_MATCH,true,
"954|2|0|motores: 451333264430
tornillo: 8113024 2521_01",954,,03 motores y 01 tornillo.,"motores: 451333264430
tornillo: 8113024 2521_01",MOTORES451333264430TORNILLO8113024252101,,,,,NONE,0,NO_MATCH,true,
955|2|0|1347987,955,,pcb motor drive,1347987,1347987,,,,,NONE,0,NO_MATCH,true,
956|2|0|No hay,956,,No hay,No hay,NOHAY,,,,,PLACEHOLDER_REJECTED,0,PLACEHOLDER_VALUE,true,
957|2|0|1017632,957,,"pcb assy, camera CCU",1017632,1017632,11872,1017632_usado,,PCB ASSY CAMERA CCU,REF_LIKE,0.5,MATCHED,true,
960|2|0|NA,960,,NA,NA,NA,,,,,PLACEHOLDER_REJECTED,0,PLACEHOLDER_VALUE,true,
96|2|0|s/n,96,,no hay,s/n,SN,,,,,PLACEHOLDER_REJECTED,0,PLACEHOLDER_VALUE,true,
94|2|0|1018268,94,,"FRU MOTOR BRUSH SET (ELECTROCRAFT).
",1018268,1018268,,,,,NONE,0,NO_MATCH,true,
92|2|0|sin numero,92,,no hay,sin numero,SINNUMERO,,,,,PLACEHOLDER_REJECTED,0,PLACEHOLDER_VALUE,true,
90|2|0|No hay.,90,,Brocha y aspiradora.,No hay.,NOHAY,,,,,PLACEHOLDER_REJECTED,0,PLACEHOLDER_VALUE,true,
89|2|0|No hay,89,,No hay,No hay,NOHAY,,,,,PLACEHOLDER_REJECTED,0,PLACEHOLDER_VALUE,true,
87|2|0|1016474,87,,1 Freno DLG,1016474,1016474,11873,1016474_usado,,"KIT, SPARES, DLG BRAKE",REF_LIKE,0.5,MATCHED,true,
85|2|0|N/A,85,,N/C,N/A,NA,,,,,PLACEHOLDER_REJECTED,0,PLACEHOLDER_VALUE,true,
81|2|0|,81,,DLG PCB  SN 1538489 / 1 Tornillo-Nuez-Motor Agility Banco Y2,,,,,,,PLACEHOLDER_REJECTED,0,PLACEHOLDER_VALUE,true,
8|2|0|no hay,8,,no hay,no hay,NOHAY,,,,,PLACEHOLDER_REJECTED,0,PLACEHOLDER_VALUE,true,
78|2|0|45133308530,78,,Magnetron MG6370E.  Serie 18088055,45133308530,45133308530,11007,45133308530,,"New fast tune magnetron, MG6370",REF_EXACT,1,MATCHED,false,
76|2|0|,76,,Fusible de retardo de 10 amp.,,,,,,,PLACEHOLDER_REJECTED,0,PLACEHOLDER_VALUE,true,
74|2|0|Sin numero,74,,Conector Rs,Sin numero,SINNUMERO,,,,,PLACEHOLDER_REJECTED,0,PLACEHOLDER_VALUE,true,
72|2|0|No hay,72,,No hay,No hay,NOHAY,,,,,PLACEHOLDER_REJECTED,0,PLACEHOLDER_VALUE,true,
70|2|0|9239 315 18204,70,,"Ampolleta PHILLIPS 13,8V50W.  GX5.3.    N/P. 13289.",9239 315 18204,923931518204,11448,923931518204,,AMPOLLETA MLC TYPE 13289,REF_NORMALIZED_EXACT,0.85,MATCHED,false,
67|2|0|No hay.,67,,No hay.,No hay.,NOHAY,,,,,PLACEHOLDER_REJECTED,0,PLACEHOLDER_VALUE,true,
63|2|0|1026565,63,,Temp Controller NSerie 900658090004,1026565,1026565,11028,1026565,,Temperature controller,REF_EXACT,1,MATCHED,false,
61|2|0|N/A,61,,N/A,N/A,NA,,,,,PLACEHOLDER_REJECTED,0,PLACEHOLDER_VALUE,true,
6|2|0|None,6,,None,None,NONE,,,,,PLACEHOLDER_REJECTED,0,PLACEHOLDER_VALUE,true,
56|2|0|No hay,56,,No hay,No hay,NOHAY,,,,,PLACEHOLDER_REJECTED,0,PLACEHOLDER_VALUE,true,
54|2|0|8213-219-00352,54,,Fuse 10A - 250V,8213-219-00352,821321900352,11061,821321900352,,"Fuse, 10A 32 VAC, time delay, glass cartridge 32 mm x 6.3mm (FS32E)",REF_NORMALIZED_EXACT,0.85,MATCHED,false,
50|3|0|653950-001,50,,Disco HP 146GB 15K 6G SFF DÍAS x1,653950-001,653950001,11296,653950,,HP 146GB 15K 6G SFF SAS SC HDD,REF_LIKE,0.5,MATCHED,true,
50|2|0|669324-B21,50,,Memoria HP 8GB PC3-12600 DDR3 ECC x64,669324-B21,669324B21,11303,669324-B21,,HP 8GB PC3-12800E DDR3-1600 ECC DIMM,REF_EXACT,1,MATCHED,false,
"45|3|0|4514 332 6854
4513 332 7662
4513 332 7662
4513 316 4412",45,,"Mirror Assembly
Beam Spitter Mirror Assy
Beam Spitter Mirror
Fine Pot 20K ","4514 332 6854
4513 332 7662
4513 332 7662
4513 316 4412",45143326854451333276624513332766245133164412,11571,45133327662,,BEAM SPLITTER MIRROR ASSY,REF_LIKE,0.5,MATCHED,true,
41|2|0|,41,,"Sesión Webex
",,,,,,,PLACEHOLDER_REJECTED,0,PLACEHOLDER_VALUE,true,
4|2|0|cafe 2335689,4,,Escobas huaipe,cafe 2335689,CAFE2335689,,,,,NONE,0,NO_MATCH,true,
38|2|0|N/A,38,,N/A,N/A,NA,,,,,PLACEHOLDER_REJECTED,0,PLACEHOLDER_VALUE,true,
36|2|0|No hay.,36,,Grasa. WD40. Paños de limpieza.,No hay.,NOHAY,,,,,PLACEHOLDER_REJECTED,0,PLACEHOLDER_VALUE,true,
34|2|0|none,34,,none,none,NONE,,,,,PLACEHOLDER_REJECTED,0,PLACEHOLDER_VALUE,true,
32|3|0|647907-B21,32,,HP 4GB 2RX8 PC3L-10600E MEMORY MODULE (1X4GB),647907-B21,647907B21,,,,,NONE,0,NO_MATCH,true,
32|2|0|C7975A,32,,HPE Ultrium LTO-5 3TB RW Data Tape,C7975A,C7975A,,,,,NONE,0,NO_MATCH,true,
30|2|0|no hay,30,,insumos WD40 y Limpia contacto y elementos de limpieza de optica.,no hay,NOHAY,,,,,PLACEHOLDER_REJECTED,0,PLACEHOLDER_VALUE,true,
99|2|0|No hay.,99,,"Grasa EP2, aceite liviano y paños limpieza.",No hay.,NOHAY,,,,,PLACEHOLDER_REJECTED,0,PLACEHOLDER_VALUE,true,
95|2|0|4513 331 8864,95,,Potenciometro Check,4513 331 8864,45133318864,10981,45133318864,,"RV8 xxx X,Y,ISO CHECK & COARSE",REF_NORMALIZED_EXACT,0.85,MATCHED,false,
93|2|0|No hay.,93,,"Limpiacontacto, paños de limpieza y grasa EP2.",No hay.,NOHAY,,,,,PLACEHOLDER_REJECTED,0,PLACEHOLDER_VALUE,true,
9|2|0|No hay,9,,No hay,No hay,NOHAY,,,,,PLACEHOLDER_REJECTED,0,PLACEHOLDER_VALUE,true,
88|2|0|No hay.,88,,No hay.,No hay.,NOHAY,,,,,PLACEHOLDER_REJECTED,0,PLACEHOLDER_VALUE,true,
84|2|0|1505720,84,,PCB Detector Control Board (DCB),1505720,1505720,10393,1505720,,"MV, DCB, PROGRAMED",REF_EXACT,1,MATCHED,false,
82|2|0|,82,,4 Nueces-Tornillos-Motor,,,,,,,PLACEHOLDER_REJECTED,0,PLACEHOLDER_VALUE,true,
80|2|0|No hay.,80,,No hay.,No hay.,NOHAY,,,,,PLACEHOLDER_REJECTED,0,PLACEHOLDER_VALUE,true,
79|2|0|N/A,79,,no hay,N/A,NA,,,,,PLACEHOLDER_REJECTED,0,PLACEHOLDER_VALUE,true,
77|2|0|No hay,77,,No hay,No hay,NOHAY,,,,,PLACEHOLDER_REJECTED,0,PLACEHOLDER_VALUE,true,
75|2|0|no aplica,75,,no aplica,no aplica,NOAPLICA,,,,,PLACEHOLDER_REJECTED,0,PLACEHOLDER_VALUE,true,
73|2|0|N/A,73,,N/A,N/A,NA,,,,,PLACEHOLDER_REJECTED,0,PLACEHOLDER_VALUE,true,
7|2|0|100000001,7,,barros luco,100000001,100000001,,,,,NONE,0,NO_MATCH,true,
68|2|0|T21321900352,68,,fusible de retardo 10 amp.,T21321900352,T21321900352,,,,,NONE,0,NO_MATCH,true,
66|2|0|1526647,66,,DLG PCB,1526647,1526647,,,,,NONE,0,NO_MATCH,true,
64|2|0|No hay.,64,,No hay.,No hay.,NOHAY,,,,,PLACEHOLDER_REJECTED,0,PLACEHOLDER_VALUE,true,
60|2|0|N/A,60,,N/A,N/A,NA,,,,,PLACEHOLDER_REJECTED,0,PLACEHOLDER_VALUE,true,
57|2|0|No hay.,57,,No hay.,No hay.,NOHAY,,,,,PLACEHOLDER_REJECTED,0,PLACEHOLDER_VALUE,true,
48|2|0|SN,48,,N/C,SN,SN,,,,,PLACEHOLDER_REJECTED,0,PLACEHOLDER_VALUE,true,
46|2|0|1023530,46,,Arm control board.,1023530,1023530,10389,1023530,,ARM CONTROL BOARD (ACB) - IViEWGT,REF_EXACT,1,MATCHED,false,
42|2|0|N/A,42,,N/A,N/A,NA,,,,,PLACEHOLDER_REJECTED,0,PLACEHOLDER_VALUE,true,
40|2|0|N/A,40,,N/A,N/A,NA,,,,,PLACEHOLDER_REJECTED,0,PLACEHOLDER_VALUE,true,
39|2|0|1006737,39,,PCB SIB,1006737,1006737,12071,1006737_usado,,SIB PCB,REF_LIKE,0.5,MATCHED,true,
35|2|0|No hay.,35,,No Hay.,No hay.,NOHAY,,,,,PLACEHOLDER_REJECTED,0,PLACEHOLDER_VALUE,true,
33|2|0|821321900352,33,,"Fuse 10A 32 Vac, time delay, glass cartridge 32mm x 6,3 mm (FS32E).",821321900352,821321900352,11061,821321900352,,"Fuse, 10A 32 VAC, time delay, glass cartridge 32 mm x 6.3mm (FS32E)",REF_EXACT,1,MATCHED,false,
29|2|0|No hay,29,,"Amarras plásticas.
Enchufes machos.
Huincha aisladora.",No hay,NOHAY,,,,,PLACEHOLDER_REJECTED,0,PLACEHOLDER_VALUE,true,
23|2|0|None,23,,None,None,NONE,,,,,PLACEHOLDER_REJECTED,0,PLACEHOLDER_VALUE,true,
"222|2|0|Relay sin numero.

Magnetron MG5193",222,,"Relay de 24 Vdc.

Magnetron e2V Teledyne  Número serie 18351056C","Relay sin numero.

Magnetron MG5193",RELAYSINNUMEROMAGNETRONMG5193,,,,,NONE,0,NO_MATCH,true,
220|2|0|---,220,,N/C,---,,,,,,PLACEHOLDER_REJECTED,0,PLACEHOLDER_VALUE,true,
217|2|0|,217,,Ampolleta Halogen 12V / 75w,,,,,,,PLACEHOLDER_REJECTED,0,PLACEHOLDER_VALUE,true,
215|2|0|No hay.,215,,No hay,No hay.,NOHAY,,,,,PLACEHOLDER_REJECTED,0,PLACEHOLDER_VALUE,true,
213|2|0|no aplica,213,,no hay,no aplica,NOAPLICA,,,,,PLACEHOLDER_REJECTED,0,PLACEHOLDER_VALUE,true,
211|2|0|9239 315 18204,211,,Projector halogen bulb,9239 315 18204,923931518204,11448,923931518204,,AMPOLLETA MLC TYPE 13289,REF_NORMALIZED_EXACT,0.85,MATCHED,false,
21|2|0|no hsy,21,,no hsy,no hsy,NOHSY,,,,,NONE,0,NO_MATCH,true,
205|2|0|45133165177,205,,"Thyratron e2v. CX1154L  Teledyne

S/N 39855",45133165177,45133165177,10716,45133165177,,THYRATRON e2v CX1154L,REF_EXACT,1,MATCHED,false,
203|2|0|No hay.,203,,No Hay.,No hay.,NOHAY,,,,,PLACEHOLDER_REJECTED,0,PLACEHOLDER_VALUE,true,
199|2|0|1018874,199,,Diode SI 1N416CM-D023,1018874,1018874,11757,1018874,,"Diode, SI 1N416CM-D023",REF_EXACT,1,MATCHED,false,
197|2|0|45133502668 / 1024939 01,197,,resorte y ventilador,45133502668 / 1024939 01,45133502668102493901,,,,,REF_LIKE,0.5,AMBIGUOUS_MATCH,true,10776|10704
195|2|0|,195,,aceite multisuso,,,,,,,PLACEHOLDER_REJECTED,0,PLACEHOLDER_VALUE,true,
184|2|0|4515 330 48000,184,,GUN ASSY,4515 330 48000,451533048000,,,,,NONE,0,NO_MATCH,true,
182|2|0|4513 331 17858,182,,FRU ISO ROTATION,4513 331 17858,451333117858,,,,,NONE,0,NO_MATCH,true,
180|2|0|1017392,180,,Kit arm actuator,1017392,1017392,11552,1017392,,Linear Actuator iViewGT /XVI,REF_EXACT,1,MATCHED,false,
179|2|0|1023530,179,,Arm Control Board - IviewGT,1023530,1023530,10389,1023530,,ARM CONTROL BOARD (ACB) - IViEWGT,REF_EXACT,1,MATCHED,false,
177|2|0|S/N 91951712,177,,Thales TH 7195 B,S/N 91951712,SN91951712,,,,,NONE,0,NO_MATCH,true,
175|2|0|No hay.,175,,No hay.,No hay.,NOHAY,,,,,PLACEHOLDER_REJECTED,0,PLACEHOLDER_VALUE,true,
171|2|0|8213 219 00352,171,,Fusible FS 32 V. 10 AMP.,8213 219 00352,821321900352,11061,821321900352,,"Fuse, 10A 32 VAC, time delay, glass cartridge 32 mm x 6.3mm (FS32E)",REF_NORMALIZED_EXACT,0.85,MATCHED,false,
17|3|0|1000095641/7,17,,Service Slitless Flight,1000095641/7,10000956417,,,,,NONE,0,NO_MATCH,true,
17|4|0|451333041000Y,17,,Drift Tube,451333041000Y,451333041000Y,11839,45133304100,,Drift tube assembly,REF_LIKE,0.5,MATCHED,true,
17|2|0|1515098.,17,,Ionic Pum,1515098.,1515098,10374,1515098,,ION PUMP - SPARE,REF_NORMALIZED_EXACT,0.85,MATCHED,false,
168|2|0|N/A,168,,N/A,N/A,NA,,,,,PLACEHOLDER_REJECTED,0,PLACEHOLDER_VALUE,true,
166|2|0|sn,166,,NC,sn,SN,,,,,PLACEHOLDER_REJECTED,0,PLACEHOLDER_VALUE,true,
164|2|0|,164,,Gun Filament PSU,,,,,,,PLACEHOLDER_REJECTED,0,PLACEHOLDER_VALUE,true,
162|2|0|SN,162,,NC,SN,SN,,,,,PLACEHOLDER_REJECTED,0,PLACEHOLDER_VALUE,true,
157|2|0|N/A,157,,N/A,N/A,NA,,,,,PLACEHOLDER_REJECTED,0,PLACEHOLDER_VALUE,true,
155|2|0|No hay,155,,No hay,No hay,NOHAY,,,,,PLACEHOLDER_REJECTED,0,PLACEHOLDER_VALUE,true,
15|2|0|2456,15,,hhhh,2456,2456,,,,,NONE,0,NO_MATCH,true,
148|2|0|No hay.,148,,No hay.,No hay.,NOHAY,,,,,PLACEHOLDER_REJECTED,0,PLACEHOLDER_VALUE,true,
146|2|0|sin numero,146,,lwd 40. grasa EP2,sin numero,SINNUMERO,,,,,PLACEHOLDER_REJECTED,0,PLACEHOLDER_VALUE,true,
144|2|0|sin numero,144,,Grasa EP2. Lubricante WD40,sin numero,SINNUMERO,,,,,PLACEHOLDER_REJECTED,0,PLACEHOLDER_VALUE,true,
142|2|0|SN,142,,N/C,SN,SN,,,,,PLACEHOLDER_REJECTED,0,PLACEHOLDER_VALUE,true,
26|2|0|No hay.,26,,Grasa EP2. Aceite liviano. WD40.,No hay.,NOHAY,,,,,PLACEHOLDER_REJECTED,0,PLACEHOLDER_VALUE,true,
226|2|0|NC,226,,NC,NC,NC,,,,,PLACEHOLDER_REJECTED,0,PLACEHOLDER_VALUE,true,
218|2|0|1501062,218,,Pcb logical control unit,1501062,1501062,,,,,NONE,0,NO_MATCH,true,
216|2|0|,216,,"Luz alternativa de 12v.
Fusible de 250 v/ 8A.
",,,,,,,PLACEHOLDER_REJECTED,0,PLACEHOLDER_VALUE,true,
212|5|0|45133904974,212,,PCB2 Thumbwheel Table User Interface Side A,45133904974,45133904974,,,,,NONE,0,NO_MATCH,true,
210|2|0|821321900352,210,,fusible de retardo 10 A,821321900352,821321900352,11061,821321900352,,"Fuse, 10A 32 VAC, time delay, glass cartridge 32 mm x 6.3mm (FS32E)",REF_EXACT,1,MATCHED,false,
208|2|0|,208,,Assembly usados,,,,,,,PLACEHOLDER_REJECTED,0,PLACEHOLDER_VALUE,true,
204|2|0|no hay,204,,no hay,no hay,NOHAY,,,,,PLACEHOLDER_REJECTED,0,PLACEHOLDER_VALUE,true,
202|2|0|No hay.,202,,No hay.,No hay.,NOHAY,,,,,PLACEHOLDER_REJECTED,0,PLACEHOLDER_VALUE,true,
200|2|0|,200,,"Un extensor USB. 
Un extensor VGA + USB.  
Dos mouse  Genius. 
Dos teclados Genius.  
Un concentrador USB.  
Un soporte de monitor.  
Un monitor 22"" Hp.  
Dos cables red Cat5,  30 metros. 
",,,,,,,PLACEHOLDER_REJECTED,0,PLACEHOLDER_VALUE,true,
198|2|0|1016474,198,,2 Unidades - DLG Brake,1016474,1016474,11873,1016474_usado,,"KIT, SPARES, DLG BRAKE",REF_LIKE,0.5,MATCHED,true,
194|2|0|,194,,Bomba Turbo,,,,,,,PLACEHOLDER_REJECTED,0,PLACEHOLDER_VALUE,true,
192|6|0|1516753,192,,Tarjeta Electrónica Tiratrón Pulser,1516753,1516753,10793,1516753,,Thyratron Pulser PCB,REF_EXACT,1,MATCHED,false,
192|7|0|160406,192,,Tarjeta Electrónica Generadora de Pulsos PPG,160406,160406,,,,,NONE,0,NO_MATCH,true,
192|5|0|45133165177,192,,Válvula Electrónica de Alta Tensión - Tiratrón,45133165177,45133165177,10716,45133165177,,THYRATRON e2v CX1154L,REF_EXACT,1,MATCHED,false,
190|2|0|NC,190,,sin repuesto,NC,NC,,,,,PLACEHOLDER_REJECTED,0,PLACEHOLDER_VALUE,true,
189|2|0|NC,189,,Sin repuesto,NC,NC,,,,,PLACEHOLDER_REJECTED,0,PLACEHOLDER_VALUE,true,
185|2|0|01 OF ELK2 / 8113 024 252101j,185,,motor 01of  ELK2 / Tornillo,01 OF ELK2 / 8113 024 252101j,01OFELK28113024252101J,10325,8113024252101J,,LEADSCREW ASSY,REF_LIKE,0.5,MATCHED,true,
181|2|0|N/A,181,,N/A,N/A,NA,,,,,PLACEHOLDER_REJECTED,0,PLACEHOLDER_VALUE,true,
18|2|0|No hay,18,,- Grasa Ep2  - Paños de limpieza. - WD40. - Alcohol isopropilico.,No hay,NOHAY,,,,,PLACEHOLDER_REJECTED,0,PLACEHOLDER_VALUE,true,
178|2|0|9239 315 18204,178,,Ampolleta PHILLIPS,9239 315 18204,923931518204,11448,923931518204,,AMPOLLETA MLC TYPE 13289,REF_NORMALIZED_EXACT,0.85,MATCHED,false,
176|2|0|8213 219 00352,176,,fusible FS 32 V. 10 Amp,8213 219 00352,821321900352,11061,821321900352,,"Fuse, 10A 32 VAC, time delay, glass cartridge 32 mm x 6.3mm (FS32E)",REF_NORMALIZED_EXACT,0.85,MATCHED,false,
174|2|0|1517657,174,,Leaf Motor Drive Board de Banco Y12,1517657,1517657,10701,1517657,,"PCB ASSY, LEAF MOTOR DRIVE - 1 Only",REF_EXACT,1,MATCHED,false,
172|2|0|N/A,172,,N/A,N/A,NA,,,,,PLACEHOLDER_REJECTED,0,PLACEHOLDER_VALUE,true,
170|2|0|8213 219 00352,170,,fusible FS 32 V. 10 Amp,8213 219 00352,821321900352,11061,821321900352,,"Fuse, 10A 32 VAC, time delay, glass cartridge 32 mm x 6.3mm (FS32E)",REF_NORMALIZED_EXACT,0.85,MATCHED,false,
"169|2|0|1509981

Numero Serie 150998117084.",169,,Gun Filament Power Supply.,"1509981

Numero Serie 150998117084.",1509981NUMEROSERIE150998117084,,,,,NONE,0,NO_MATCH,true,
167|2|0|CX1154L,167,,Válvula Electrónica Tiratrón marca Elekta Nro de Serie 38884 (nueva),CX1154L,CX1154L,,,,,NONE,0,NO_MATCH,true,
163|2|0|sn,163,,nc,sn,SN,,,,,PLACEHOLDER_REJECTED,0,PLACEHOLDER_VALUE,true,
161|2|0|,161,,"1 HD 146 gb HP para Servidor Proliant 653950-001
2 UPSs Eaton y APC",,,,,,,PLACEHOLDER_REJECTED,0,PLACEHOLDER_VALUE,true,
16|2|0|none,16,,none,none,NONE,,,,,PLACEHOLDER_REJECTED,0,PLACEHOLDER_VALUE,true,
158|2|0|N/A,158,,N/A,N/A,NA,,,,,PLACEHOLDER_REJECTED,0,PLACEHOLDER_VALUE,true,
152|2|0|1510260,152,,KV Panel Detector,1510260,1510260,,,,,REF_LIKE,0.5,AMBIGUOUS_MATCH,true,11815|11920|10702|10703
150|2|0|sin numero,150,,wd40 . limpia contacto . paños de limpieza,sin numero,SINNUMERO,,,,,PLACEHOLDER_REJECTED,0,PLACEHOLDER_VALUE,true,
149|2|0|653950-001,149,,Disco HP 146GB 15K 6G SSF SAS HDD,653950-001,653950001,11296,653950,,HP 146GB 15K 6G SFF SAS SC HDD,REF_LIKE,0.5,MATCHED,true,
147|2|0|N/A,147,,N/A,N/A,NA,,,,,PLACEHOLDER_REJECTED,0,PLACEHOLDER_VALUE,true,
145|2|0|1509981. ISS 02.   S/N 150998117091,145,,Gun Filament Power Supply,1509981. ISS 02.   S/N 150998117091,1509981ISS02SN150998117091,,,,,NONE,0,NO_MATCH,true,
141|2|0|sn,141,,no hay,sn,SN,,,,,PLACEHOLDER_REJECTED,0,PLACEHOLDER_VALUE,true,
139|2|0|No hay.,139,,No hay.,No hay.,NOHAY,,,,,PLACEHOLDER_REJECTED,0,PLACEHOLDER_VALUE,true,
135|2|0|1014474,135,,Cable asst Sw1/Sw2 to Sk13A7,1014474,1014474,11677,1014474,,Cable Assy sw1/sw2 T,REF_EXACT,1,MATCHED,false,
131|2|0|SN,131,,NO HAY,SN,SN,,,,,PLACEHOLDER_REJECTED,0,PLACEHOLDER_VALUE,true,
128|2|0|SN,128,,N/C,SN,SN,,,,,PLACEHOLDER_REJECTED,0,PLACEHOLDER_VALUE,true,
122|2|0|No hay.,122,,No hay.,No hay.,NOHAY,,,,,PLACEHOLDER_REJECTED,0,PLACEHOLDER_VALUE,true,
120|2|0|modelo 5295001R001,120,,Fuente de Bonbas de Vacio,modelo 5295001R001,MODELO5295001R001,,,,,NONE,0,NO_MATCH,true,
119|2|0|Transistores C3907,119,,"Fusible 2Amp. 250V.

4 transistores de potencia. ",Transistores C3907,TRANSISTORESC3907,,,,,NONE,0,NO_MATCH,true,
111|2|0|No hay.,111,,No hay.,No hay.,NOHAY,,,,,PLACEHOLDER_REJECTED,0,PLACEHOLDER_VALUE,true,
108|2|0|1500954,108,,Tarjeta Controladora de Voltaje,1500954,1500954,,,,,NONE,0,NO_MATCH,true,
102|2|0|sin numero,102,,sin repuesto,sin numero,SINNUMERO,,,,,PLACEHOLDER_REJECTED,0,PLACEHOLDER_VALUE,true,
100|2|0|03-999-1204,100,,Calibration Tool SN: 2016030911,03-999-1204,039991204,11995,03-999-1204,,iGUIDE® calibration array MIMI,REF_EXACT,1,MATCHED,false,
138|2|0|N/A,138,,N/A,N/A,NA,,,,,PLACEHOLDER_REJECTED,0,PLACEHOLDER_VALUE,true,
134|2|0|N/A,134,,N/A,N/A,NA,,,,,PLACEHOLDER_REJECTED,0,PLACEHOLDER_VALUE,true,
132|2|0|sn,132,,no hay,sn,SN,,,,,PLACEHOLDER_REJECTED,0,PLACEHOLDER_VALUE,true,
130|2|0|No hay,130,,No hay,No hay,NOHAY,,,,,PLACEHOLDER_REJECTED,0,PLACEHOLDER_VALUE,true,
129|2|0|no.,129,,no se utilizaron.,no.,NO,,,,,PLACEHOLDER_REJECTED,0,PLACEHOLDER_VALUE,true,
127|2|0|N/A,127,,N/A,N/A,NA,,,,,PLACEHOLDER_REJECTED,0,PLACEHOLDER_VALUE,true,
125|2|0|S/N,125,,NC,S/N,SN,,,,,PLACEHOLDER_REJECTED,0,PLACEHOLDER_VALUE,true,
121|2|0|No hay.,121,,Wd40. Paños de limpieza.,No hay.,NOHAY,,,,,PLACEHOLDER_REJECTED,0,PLACEHOLDER_VALUE,true,
12|2|0|HN-M101MBB/Z4,12,,HDD Samsung 1TB,HN-M101MBB/Z4,HNM101MBBZ4,,,,,NONE,0,NO_MATCH,true,
118|2|0|N/A,118,,N/A,N/A,NA,,,,,PLACEHOLDER_REJECTED,0,PLACEHOLDER_VALUE,true,
116|2|0|1502613,116,,Laser ODI,1502613,1502613,10994,1502613,,Laser ODI Spares Kit,REF_EXACT,1,MATCHED,false,
114|2|0|N/A,114,,N/A,N/A,NA,,,,,PLACEHOLDER_REJECTED,0,PLACEHOLDER_VALUE,true,
112|2|0|SN,112,,fusible.de 10.amp.,SN,SN,,,,,PLACEHOLDER_REJECTED,0,PLACEHOLDER_VALUE,true,
110|2|0|No hay,110,,No hay.,No hay,NOHAY,,,,,PLACEHOLDER_REJECTED,0,PLACEHOLDER_VALUE,true,
107|2|0|N/A,107,,N/A,N/A,NA,,,,,PLACEHOLDER_REJECTED,0,PLACEHOLDER_VALUE,true,
101|2|0|Varta 3.6 vdc 150mAh,101,,Bateria LCD Dose,Varta 3.6 vdc 150mAh,VARTA36VDC150MAH,,,,,NONE,0,NO_MATCH,true,
223|2|0|nc,223,,nc,nc,NC,,,,,PLACEHOLDER_REJECTED,0,PLACEHOLDER_VALUE,true,
224|2|0|1510260R,224,,KV Detector Panel,1510260R,1510260R,10703,1510260R,,KV Detector Panel,REF_EXACT,1,MATCHED,false,
229|2|0|sn,229,,nc,sn,SN,,,,,PLACEHOLDER_REJECTED,0,PLACEHOLDER_VALUE,true,
230|2|0|4513 330 8790,230,,Transformador del Gun,4513 330 8790,45133308790,10970,45133308790,,TRANSFORMADOR GUN,REF_NORMALIZED_EXACT,0.85,MATCHED,false,
233|2|0|NC,233,,NC,NC,NC,,,,,PLACEHOLDER_REJECTED,0,PLACEHOLDER_VALUE,true,
234|2|0|1502613,234,,laser ODI lamp,1502613,1502613,10994,1502613,,Laser ODI Spares Kit,REF_EXACT,1,MATCHED,false,
228|2|0|sn,228,,nc,sn,SN,,,,,PLACEHOLDER_REJECTED,0,PLACEHOLDER_VALUE,true,
232|2|0|No hay.,232,,Fusible 3 Amperes,No hay.,NOHAY,,,,,PLACEHOLDER_REJECTED,0,PLACEHOLDER_VALUE,true,
209|2|0|1007897,209,,"Spare Kit, cathode filament carrier assy.  ",1007897,1007897,10784,1007897,,"Spare Kit, Cathode filament carrier assy",REF_EXACT,1,MATCHED,false,
225|2|0|1510260R,225,,KV Detector Panel (XVI),1510260R,1510260R,10703,1510260R,,KV Detector Panel,REF_EXACT,1,MATCHED,false,
240|2|0|NC,240,,NC,NC,NC,,,,,PLACEHOLDER_REJECTED,0,PLACEHOLDER_VALUE,true,
242|2|0|No hay.,242,,No hay.,No hay.,NOHAY,,,,,PLACEHOLDER_REJECTED,0,PLACEHOLDER_VALUE,true,
245|2|0|4513316484002R,245,,Fusible de 10 amp,4513316484002R,4513316484002R,11977,4513316484002R,,"Filter, tubular, low",REF_EXACT,1,MATCHED,false,
235|2|0|1016476,235,,4 Motores agility,1016476,1016476,10913,1016476,,Leaf motor spares kit,REF_EXACT,1,MATCHED,false,
236|3|0|1502964,236,,Kit de luz de campo LED,1502964,1502964,10892,1502964,,"SPARES KIT,LED FIELD LAMP",REF_EXACT,1,MATCHED,false,
236|2|0|45133326854,236,,mylar,45133326854,45133326854,,,,,REF_LIKE,0.5,AMBIGUOUS_MATCH,true,10136|11863
239|2|0|NC,239,,NC,NC,NC,,,,,PLACEHOLDER_REJECTED,0,PLACEHOLDER_VALUE,true,
241|2|0|,241,,Fuente de Poder Bonbas Ionicas,,,,,,,PLACEHOLDER_REJECTED,0,PLACEHOLDER_VALUE,true,
246|2|0|NC,246,,"Alcohol toallas de.limpieza espuma de.limpieza, buzos de limpieza.",NC,NC,,,,,PLACEHOLDER_REJECTED,0,PLACEHOLDER_VALUE,true,
248|2|0|No hay.,248,,No hay.,No hay.,NOHAY,,,,,PLACEHOLDER_REJECTED,0,PLACEHOLDER_VALUE,true,
254|2|0|12P754WZ058,254,,Valvula motora circuito interno de agua,12P754WZ058,12P754WZ058,,,,,NONE,0,NO_MATCH,true,
256|2|0|nc,256,,nc,nc,NC,,,,,PLACEHOLDER_REJECTED,0,PLACEHOLDER_VALUE,true,
247|2|0|N/C,247,,N/C,N/C,NC,,,,,PLACEHOLDER_REJECTED,0,PLACEHOLDER_VALUE,true,
250|2|0|13289,250,,Ampolleta Halogena 13.8v 50W,13289,13289,,,,,NONE,0,NO_MATCH,true,
252|3|0|1010848,252,,Espejo Mylar,1010848,1010848,11037,1010848,,"Mirror assembly, optics (Agility)",REF_EXACT,1,MATCHED,false,
252|5|0|1507089,252,,PCB Router,1507089,1507089,11644,1507089,,"Programmed PCB Assy, Router",REF_EXACT,1,MATCHED,false,
252|4|0|45133501070,252,,Pendant - Handheld Controller,45133501070,45133501070,10566,45133501070,,HANDHELD CONTROLLER,REF_EXACT,1,MATCHED,false,
252|2|0|1018559,252,,4 Ventiladores para Bancos de Láminas.,1018559,1018559,10724,1018559,,"ASSY, BRACKET & FAN",REF_EXACT,1,MATCHED,false,
252|6|0|1538489,252,,Diaphragms PCB,1538489,1538489,,,,,NONE,0,NO_MATCH,true,
255|2|0|No hay,255,,Grasa EP2,No hay,NOHAY,,,,,PLACEHOLDER_REJECTED,0,PLACEHOLDER_VALUE,true,
260|2|0|No hay.,260,,No hay.,No hay.,NOHAY,,,,,PLACEHOLDER_REJECTED,0,PLACEHOLDER_VALUE,true,
267|2|0|No hay.,267,,No hay.,No hay.,NOHAY,,,,,PLACEHOLDER_REJECTED,0,PLACEHOLDER_VALUE,true,
268|2|0|No hay.,268,,No hay,No hay.,NOHAY,,,,,PLACEHOLDER_REJECTED,0,PLACEHOLDER_VALUE,true,
257|4|0|R1510260,257,,Panel XVI,R1510260,R1510260,11815,R1510260,,KV Detector Panel,REF_EXACT,1,MATCHED,false,
259|2|0|4513 330 5658,259,,Multiplex Terminal Unit (MTU).  N/S 2115995,4513 330 5658,45133305658,11864,45133305658_usado,,Multiplex terminal unit (MTU),REF_LIKE,0.5,MATCHED,true,
264|2|0|No hay.,264,,No hay.,No hay.,NOHAY,,,,,PLACEHOLDER_REJECTED,0,PLACEHOLDER_VALUE,true,
265|2|0|821321900352,265,,Fusible 10 amp.,821321900352,821321900352,11061,821321900352,,"Fuse, 10A 32 VAC, time delay, glass cartridge 32 mm x 6.3mm (FS32E)",REF_EXACT,1,MATCHED,false,
266|2|0|1016474,266,,Frenos de DLG,1016474,1016474,11873,1016474_usado,,"KIT, SPARES, DLG BRAKE",REF_LIKE,0.5,MATCHED,true,
269|2|0|no hay,269,,no hay,no hay,NOHAY,,,,,PLACEHOLDER_REJECTED,0,PLACEHOLDER_VALUE,true,
273|2|0|n/c,273,,n/c,n/c,NC,,,,,PLACEHOLDER_REJECTED,0,PLACEHOLDER_VALUE,true,
274|2|0|N/C,274,,N/C,N/C,NC,,,,,PLACEHOLDER_REJECTED,0,PLACEHOLDER_VALUE,true,
277|2|0|No hay,277,,"No hay
",No hay,NOHAY,,,,,PLACEHOLDER_REJECTED,0,PLACEHOLDER_VALUE,true,
279|2|0|no hay,279,,no hay,no hay,NOHAY,,,,,PLACEHOLDER_REJECTED,0,PLACEHOLDER_VALUE,true,
"282|2|0|Ion Chamber. 1014204-08

SIB. 1006737",282,,"Ion Chamber. Serie 07181000106B40-8

Signal Input Board PCB. Serie 2488895. 
","Ion Chamber. 1014204-08

SIB. 1006737",IONCHAMBER101420408SIB1006737,10952,1014204,,Ceramic ion chamber (MR),REF_LIKE,0.5,MATCHED,true,
284|2|0|no hay,284,,no hay,no hay,NOHAY,,,,,PLACEHOLDER_REJECTED,0,PLACEHOLDER_VALUE,true,
271|2|0|nc,271,,nc,nc,NC,,,,,PLACEHOLDER_REJECTED,0,PLACEHOLDER_VALUE,true,
275|2|0|N/C,275,,N/C,N/C,NC,,,,,PLACEHOLDER_REJECTED,0,PLACEHOLDER_VALUE,true,
286|2|0|No hay.,286,,No hay.,No hay.,NOHAY,,,,,PLACEHOLDER_REJECTED,0,PLACEHOLDER_VALUE,true,
287|3|0|1538489,287,,PCB diaphragm drive,1538489,1538489,,,,,NONE,0,NO_MATCH,true,
287|2|0|1016472,287,,diaphragm brake x 2 unidades,1016472,1016472,11874,1016472_usado,,Diaphragm brakes spare kit,REF_LIKE,0.5,MATCHED,true,
288|2|0|N/A,288,,N/A,N/A,NA,,,,,PLACEHOLDER_REJECTED,0,PLACEHOLDER_VALUE,true,
289|2|0|N/C,289,,"Low voltaje halogen lamp marca Philips de 13,8 V - 50W ",N/C,NC,,,,,PLACEHOLDER_REJECTED,0,PLACEHOLDER_VALUE,true,
290|2|0|N/C,290,,N/C,N/C,NC,,,,,PLACEHOLDER_REJECTED,0,PLACEHOLDER_VALUE,true,
291|2|0|821321900352,291,,Fusible 10 Amperes 32V con retardo.,821321900352,821321900352,11061,821321900352,,"Fuse, 10A 32 VAC, time delay, glass cartridge 32 mm x 6.3mm (FS32E)",REF_EXACT,1,MATCHED,false,
292|2|0|No hay.,292,,"Alcohol Isopropilico.

Paños de limpieza. ",No hay.,NOHAY,,,,,PLACEHOLDER_REJECTED,0,PLACEHOLDER_VALUE,true,
293|2|0|5295001R001,293,,Ipcu 2 ch  positive,5295001R001,5295001R001,,,,,NONE,0,NO_MATCH,true,
304|2|0|,304,,N/C,,,,,,,PLACEHOLDER_REJECTED,0,PLACEHOLDER_VALUE,true,
305|2|0|Sin número,305,,"Grasa Ep2.  
Limpia contacto. 
Paños de limpieza.  
Alcohol isopropilico. 
",Sin número,SINNUMERO,,,,,PLACEHOLDER_REJECTED,0,PLACEHOLDER_VALUE,true,
308|3|0|N/C,308,,"Grasa Multiuso EP-2,alcohol isopropilico, wd-40, limpia contacto, paños de limpieza.",N/C,NC,,,,,PLACEHOLDER_REJECTED,0,PLACEHOLDER_VALUE,true,
308|2|0|1020850 serial nro.2109688,308,,Programmed PCB (PPG),1020850 serial nro.2109688,1020850SERIALNRO2109688,11004,1020850,,"Programmable Pulse Generator, PPG-CVDR PCB",REF_LIKE,0.5,MATCHED,true,
309|2|0|No hay.,309,,Grasa.  WD40.  Aceite de máquina.,No hay.,NOHAY,,,,,PLACEHOLDER_REJECTED,0,PLACEHOLDER_VALUE,true,
312|2|0|1016476,312,,"2 x Kit Tornillo, Motor y Nuez de Lámina Agility",1016476,1016476,10913,1016476,,Leaf motor spares kit,REF_EXACT,1,MATCHED,false,
313|3|0|1516940,313,,2 x Leaf Motor Drive Module PCB,1516940,1516940,,,,,NONE,0,NO_MATCH,true,
313|4|0|1016476,313,,4 x Kit Tornillo Nuez y Motor,1016476,1016476,10913,1016476,,Leaf motor spares kit,REF_EXACT,1,MATCHED,false,
313|2|0|1507089,313,,Router PCB,1507089,1507089,11644,1507089,,"Programmed PCB Assy, Router",REF_EXACT,1,MATCHED,false,
320|2|0|45133308710,320,,Fuente de Poder,45133308710,45133308710,,,,,NONE,0,NO_MATCH,true,
323|4|0|4513 330 4800,323,,Electron Gun Assy,4513 330 4800,45133304800,10375,45133304800,,SL ELECTRON GUN ASSY,REF_NORMALIZED_EXACT,0.85,MATCHED,false,
294|2|0|No hay.,294,,No hay.,No hay.,NOHAY,,,,,PLACEHOLDER_REJECTED,0,PLACEHOLDER_VALUE,true,
295|2|0|No hay.,295,,"No hay. 
",No hay.,NOHAY,,,,,PLACEHOLDER_REJECTED,0,PLACEHOLDER_VALUE,true,
296|2|0|N/A,296,,N/A,N/A,NA,,,,,PLACEHOLDER_REJECTED,0,PLACEHOLDER_VALUE,true,
301|2|0|No hay,301,,"Repiza metálica de 60 x 23,5 Cm

Pack teclado y mouse. Marca Ultra.

Tornillos rosca. 

Tarugos de volcanita. 

Amarras plásticas.  

",No hay,NOHAY,,,,,PLACEHOLDER_REJECTED,0,PLACEHOLDER_VALUE,true,
302|2|0|no hay,302,,no hay,no hay,NOHAY,,,,,PLACEHOLDER_REJECTED,0,PLACEHOLDER_VALUE,true,
307|2|0|,307,,2 filtros de agua,,,,,,,PLACEHOLDER_REJECTED,0,PLACEHOLDER_VALUE,true,
311|2|0|101674,311,,"2 Nr. Kit spares, DLG Brake. ",101674,101674,,,,,NONE,0,NO_MATCH,true,
317|3|0|4513332644304F,317,,01 Motor Assembly,4513332644304F,4513332644304F,10304,4513332644304F,,MOTOR ASSEMBLY,REF_EXACT,1,MATCHED,false,
317|2|0|8113024252101J,317,,01 Lead Screw Assembly,8113024252101J,8113024252101J,10325,8113024252101J,,LEADSCREW ASSY,REF_EXACT,1,MATCHED,false,
318|2|0|No hay.,318,,No hay.,No hay.,NOHAY,,,,,PLACEHOLDER_REJECTED,0,PLACEHOLDER_VALUE,true,
329|2|0|N/A,329,,N/A,N/A,NA,,,,,PLACEHOLDER_REJECTED,0,PLACEHOLDER_VALUE,true,
332|2|0|1015459,332,,Tarjeta electrónica Linac Interface Board (LIB),1015459,1015459,,,,,NONE,0,NO_MATCH,true,
333|2|0|at-a3004,333,,Filament Driver,at-a3004,ATA3004,12080,SAT-A3004-10,,Filament driver PCB,REF_LIKE,0.5,MATCHED,true,
335|2|0|SN,335,,N/C,SN,SN,,,,,PLACEHOLDER_REJECTED,0,PLACEHOLDER_VALUE,true,
336|2|0|1022096,336,,FAN ASSY 70X70X15MM,1022096,1022096,10775,1022096,,Assy Fan 70x70x15mm NO USAR,REF_EXACT,1,MATCHED,false,
337|2|0|NC,337,,"Wd-40 ; grasa multiuso, alcohol isopropilico, limpia contacto, paños de limpieza. ",NC,NC,,,,,PLACEHOLDER_REJECTED,0,PLACEHOLDER_VALUE,true,
324|2|0|N/A,324,,N/A,N/A,NA,,,,,PLACEHOLDER_REJECTED,0,PLACEHOLDER_VALUE,true,
325|2|0|No hay,325,,No hay.,No hay,NOHAY,,,,,PLACEHOLDER_REJECTED,0,PLACEHOLDER_VALUE,true,
326|3|0|4513332644304F,326,,01 motor Assembly,4513332644304F,4513332644304F,10304,4513332644304F,,MOTOR ASSEMBLY,REF_EXACT,1,MATCHED,false,
326|2|0|8113024252101J,326,,01 leadscrew assy,8113024252101J,8113024252101J,10325,8113024252101J,,LEADSCREW ASSY,REF_EXACT,1,MATCHED,false,
328|2|0|NC,328,,NC,NC,NC,,,,,PLACEHOLDER_REJECTED,0,PLACEHOLDER_VALUE,true,
339|2|0|153848,339,,"PCB ASSY, DLG AND DIAPHRAGM DRIVE",153848,153848,,,,,NONE,0,NO_MATCH,true,
340|2|0|SN,340,,NC,SN,SN,,,,,PLACEHOLDER_REJECTED,0,PLACEHOLDER_VALUE,true,
342|2|0|No hay.,342,,No hay.,No hay.,NOHAY,,,,,PLACEHOLDER_REJECTED,0,PLACEHOLDER_VALUE,true,
345|2|0|1510261,345,,Panel MV,1510261,1510261,11553,1510261,,Detector imaging panel AL (RoSH,REF_EXACT,1,MATCHED,false,
346|2|0|,346,,FUSIBLE DE 10 AMP. 250 Volts,,,,,,,PLACEHOLDER_REJECTED,0,PLACEHOLDER_VALUE,true,
351|2|0|No hay.,351,,No hay.,No hay.,NOHAY,,,,,PLACEHOLDER_REJECTED,0,PLACEHOLDER_VALUE,true,
355|2|0|N/A,355,,N/A,N/A,NA,,,,,PLACEHOLDER_REJECTED,0,PLACEHOLDER_VALUE,true,
"356|2|0|Lead 8113024252101J. 
Motor 4513332644304F.",356,,"Motor Assy.
Lead Screw Assemly. ","Lead 8113024252101J. 
Motor 4513332644304F.",LEAD8113024252101JMOTOR4513332644304F,,,,,REF_LIKE,0.5,AMBIGUOUS_MATCH,true,10325|10304
357|2|0|Sin número.,357,,"2 Nr. Baterías UPS proporcionadas por clínica.  CJ12-7,2. ",Sin número.,SINNUMERO,,,,,PLACEHOLDER_REJECTED,0,PLACEHOLDER_VALUE,true,
362|5|0|,362,,Grasa Especial para Agility,,,,,,,PLACEHOLDER_REJECTED,0,PLACEHOLDER_VALUE,true,
347|2|0|N/A,347,,N/A,N/A,NA,,,,,PLACEHOLDER_REJECTED,0,PLACEHOLDER_VALUE,true,
348|2|0|N/A,348,,N/A,N/A,NA,,,,,PLACEHOLDER_REJECTED,0,PLACEHOLDER_VALUE,true,
349|2|0|N/A,349,,N/A,N/A,NA,,,,,PLACEHOLDER_REJECTED,0,PLACEHOLDER_VALUE,true,
352|4|0|,352,,Generador 400 v para XVI,,,,,,,PLACEHOLDER_REJECTED,0,PLACEHOLDER_VALUE,true,
359|2|0|,359,,Fuse 32V 10A,,,,,,,PLACEHOLDER_REJECTED,0,PLACEHOLDER_VALUE,true,
360|2|0|55.32.9.024.0040.,360,,Relay Finder 24 Vdc. (proporcionado por clinica),55.32.9.024.0040.,553290240040,,,,,NONE,0,NO_MATCH,true,
361|2|0|N/A,361,,N/A,N/A,NA,,,,,PLACEHOLDER_REJECTED,0,PLACEHOLDER_VALUE,true,
366|5|0|1500998,366,,Projector Led Assy Led,1500998,1500998,10769,1500998,,Projector Assy Quad LED,REF_EXACT,1,MATCHED,false,
366|4|0|1010848,366,,Espejo Mylar,1010848,1010848,11037,1010848,,"Mirror assembly, optics (Agility)",REF_EXACT,1,MATCHED,false,
375|2|0|No hay.,375,,No hay.,No hay.,NOHAY,,,,,PLACEHOLDER_REJECTED,0,PLACEHOLDER_VALUE,true,
377|2|0|1516727,377,,Beam Mu Dose Module,1516727,1516727,18,1516727,,Kit Beam MU Dose Monitoring BMDM,REF_EXACT,1,MATCHED,false,
378|2|0|1016478,378,,1Nr. Leaf key spares long.,1016478,1016478,10946,1016478,,"KIT, SPARES, LEAF MOULDED",REF_EXACT,1,MATCHED,false,
380|2|0|No,380,,No,No,NO,,,,,PLACEHOLDER_REJECTED,0,PLACEHOLDER_VALUE,true,
381|2|0|THK AFB-LF+70,381,,Grasa de propósito general.,THK AFB-LF+70,THKAFBLF70,,,,,NONE,0,NO_MATCH,true,
382|2|0|,382,,Gun and Filament Assembly,,,,,,,PLACEHOLDER_REJECTED,0,PLACEHOLDER_VALUE,true,
383|2|0|,383,,"Kit de FCO, Grasa, Cotones.",,,,,,,PLACEHOLDER_REJECTED,0,PLACEHOLDER_VALUE,true,
384|2|0|1500954,384,,"PCB controladora de Telemetro "" VOLTAGE REGULATOR PCB ASSY""",1500954,1500954,,,,,NONE,0,NO_MATCH,true,
385|2|0|No hay.,385,,No hay.,No hay.,NOHAY,,,,,PLACEHOLDER_REJECTED,0,PLACEHOLDER_VALUE,true,
386|2|0|45133315188,386,,"2Nr. Strut, gas modified. ",45133315188,45133315188,10956,45133315188,,RH increment plate assembly,REF_EXACT,1,MATCHED,false,
388|2|0|No hay.,388,,No hay.,No hay.,NOHAY,,,,,PLACEHOLDER_REJECTED,0,PLACEHOLDER_VALUE,true,
390|2|0|No hay.,390,,No hay.,No hay.,NOHAY,,,,,PLACEHOLDER_REJECTED,0,PLACEHOLDER_VALUE,true,
391|2|0|N/A,391,,N/A,N/A,NA,,,,,PLACEHOLDER_REJECTED,0,PLACEHOLDER_VALUE,true,
392|2|0|N/A,392,,N/A,N/A,NA,,,,,PLACEHOLDER_REJECTED,0,PLACEHOLDER_VALUE,true,
393|2|0|RG8U,393,,Cable coaxial,RG8U,RG8U,,,,,NONE,0,NO_MATCH,true,
394|2|0|N/A,394,,N/A,N/A,NA,,,,,PLACEHOLDER_REJECTED,0,PLACEHOLDER_VALUE,true,
371|2|0|No hay.,371,,"Golilla segers. 
",No hay.,NOHAY,,,,,PLACEHOLDER_REJECTED,0,PLACEHOLDER_VALUE,true,
389|2|0|No hay.,389,,No hay.,No hay.,NOHAY,,,,,PLACEHOLDER_REJECTED,0,PLACEHOLDER_VALUE,true,
396|2|0|sin numero,396,,"paños de limpieza , pinceles suaves",sin numero,SINNUMERO,,,,,PLACEHOLDER_REJECTED,0,PLACEHOLDER_VALUE,true,
402|2|0|SN,402,,No aplica,SN,SN,,,,,PLACEHOLDER_REJECTED,0,PLACEHOLDER_VALUE,true,
403|2|0|N/A,403,,N/A,N/A,NA,,,,,PLACEHOLDER_REJECTED,0,PLACEHOLDER_VALUE,true,
404|2|0|SN,404,,teclado HP y mouse,SN,SN,,,,,PLACEHOLDER_REJECTED,0,PLACEHOLDER_VALUE,true,
405|2|0|No hay.,405,,Golilla segers,No hay.,NOHAY,,,,,PLACEHOLDER_REJECTED,0,PLACEHOLDER_VALUE,true,
406|2|0|No hay.,406,,"No hay. 
 ",No hay.,NOHAY,,,,,PLACEHOLDER_REJECTED,0,PLACEHOLDER_VALUE,true,
407|2|0|ZN11E9RZ,407,,Disco Duro Seagates 1TB Barracuda,ZN11E9RZ,ZN11E9RZ,,,,,NONE,0,NO_MATCH,true,
408|2|0|N/A,408,,N/A,N/A,NA,,,,,PLACEHOLDER_REJECTED,0,PLACEHOLDER_VALUE,true,
410|2|0|SN,410,,NO APLICA,SN,SN,,,,,PLACEHOLDER_REJECTED,0,PLACEHOLDER_VALUE,true,
411|2|0|No hay.,411,,No hay.,No hay.,NOHAY,,,,,PLACEHOLDER_REJECTED,0,PLACEHOLDER_VALUE,true,
413|2|0|N/A,413,,N/A,N/A,NA,,,,,PLACEHOLDER_REJECTED,0,PLACEHOLDER_VALUE,true,
414|2|0|SN,414,,No aplica,SN,SN,,,,,PLACEHOLDER_REJECTED,0,PLACEHOLDER_VALUE,true,
415|2|0|No hay.,415,,No hay.,No hay.,NOHAY,,,,,PLACEHOLDER_REJECTED,0,PLACEHOLDER_VALUE,true,
417|2|0|No hay.,417,,No hay.,No hay.,NOHAY,,,,,PLACEHOLDER_REJECTED,0,PLACEHOLDER_VALUE,true,
418|2|0|S/S,418,,Halogen Optic Lamp 12V-75W,S/S,SS,,,,,NONE,0,NO_MATCH,true,
419|2|0|A3004-10.   N/S S1522 PRP,419,,PCB Filament Drive.,A3004-10.   N/S S1522 PRP,A300410NSS1522PRP,,,,,NONE,0,NO_MATCH,true,
420|2|0|No hay.,420,,"Puente de diodos KBPC5010. 
Transistores Phillips BU508V. 
Fusibles 2A 250V. ",No hay.,NOHAY,,,,,PLACEHOLDER_REJECTED,0,PLACEHOLDER_VALUE,true,
421|2|0|No hay,421,,"Aceite de lubricación.

Limpia contactos.

Paño de limpieza.

Grasa EP2.

",No hay,NOHAY,,,,,PLACEHOLDER_REJECTED,0,PLACEHOLDER_VALUE,true,
422|3|0|,422,,cable UTP cat 5 - 100 metros,,,,,,,PLACEHOLDER_REJECTED,0,PLACEHOLDER_VALUE,true,
422|2|0|,422,,Sistema de extensión USB cat 5,,,,,,,PLACEHOLDER_REJECTED,0,PLACEHOLDER_VALUE,true,
423|2|0|T 821321900352,423,,Fuse 32 x 6.  10A,T 821321900352,T821321900352,11061,821321900352,,"Fuse, 10A 32 VAC, time delay, glass cartridge 32 mm x 6.3mm (FS32E)",REF_LIKE,0.5,MATCHED,true,
425|2|0|No hay.,425,,"No hay. 
",No hay.,NOHAY,,,,,PLACEHOLDER_REJECTED,0,PLACEHOLDER_VALUE,true,
428|2|0|NA,428,,NA,NA,NA,,,,,PLACEHOLDER_REJECTED,0,PLACEHOLDER_VALUE,true,
"429|2|0|T 821321900352
Y 821321900350",429,,"Fuse 32V/10A
Fuse 250V/500mA","T 821321900352
Y 821321900350",T821321900352Y821321900350,11061,821321900352,,"Fuse, 10A 32 VAC, time delay, glass cartridge 32 mm x 6.3mm (FS32E)",REF_LIKE,0.5,MATCHED,true,
433|2|0|32V10A,433,,Fusible retardo 10A,32V10A,32V10A,,,,,NONE,0,NO_MATCH,true,
434|2|0|No hay.,434,,No hay.,No hay.,NOHAY,,,,,PLACEHOLDER_REJECTED,0,PLACEHOLDER_VALUE,true,
435|2|0|465111028,435,,OSRAM Lamp 48870 WFL ES,465111028,465111028,,,,,NONE,0,NO_MATCH,true,
437|2|0|WD10EZEX,437,,Disco Duro Western digital 1TB,WD10EZEX,WD10EZEX,,,,,NONE,0,NO_MATCH,true,
440|2|0|CX 1154L 45133165177,440,,Thyratron.,CX 1154L 45133165177,CX1154L45133165177,10716,45133165177,,THYRATRON e2v CX1154L,REF_LIKE,0.5,MATCHED,true,
440|2|1|1015493,440,,Expansión  pressure Vessel,1015493,1015493,12045,1015493,,Expansion Pressure Vessel,REF_EXACT,1,MATCHED,false,
440|2|2|1502964,440,,Spare kit Led Field lamp,1502964,1502964,10892,1502964,,"SPARES KIT,LED FIELD LAMP",REF_EXACT,1,MATCHED,false,
440|2|3|4513332764704c,440,,Fan Sub Assy,4513332764704c,4513332764704C,12247,45133327647,,"FAN, SUB ASSY",REF_LIKE,0.5,MATCHED,true,
440|2|4|45133164423,440,,Filtre Element,45133164423,45133164423,10312,4513316442301M,,FILTER ELEMENT 5 MICRON,REF_LIKE,0.5,MATCHED,true,
440|2|5|45133326275,440,,Screen Assembly,45133326275,45133326275,,,,,REF_LIKE,0.5,AMBIGUOUS_MATCH,true,10933|11813
440|2|6|10 Litros,440,,Agua Bidestilada,10 Litros,10LITROS,,,,,NONE,0,NO_MATCH,true,
443|2|0|No hay.,443,,No hay.,No hay.,NOHAY,,,,,PLACEHOLDER_REJECTED,0,PLACEHOLDER_VALUE,true,
444|2|0|No hay.,444,,No hay.,No hay.,NOHAY,,,,,PLACEHOLDER_REJECTED,0,PLACEHOLDER_VALUE,true,
431|2|0|533-3541,431,,LM2594HVN,533-3541,5333541,,,,,NONE,0,NO_MATCH,true,
442|2|0|No hay.,442,,No hay.,No hay.,NOHAY,,,,,PLACEHOLDER_REJECTED,0,PLACEHOLDER_VALUE,true,
449|2|0|F8915,449,,"4 Transistores de potencia BU508V F8915, SELLO DE CAÑERÍAS, teflón ",F8915,F8915,,,,,NONE,0,NO_MATCH,true,
450|2|0|45133411788,450,,Longitudinal brake assembly,45133411788,45133411788,11049,45133411788,,Longitudinal Brake assembly (MR),REF_EXACT,1,MATCHED,false,
451|3|0|,451,,Leaf Motor,,,,,,,PLACEHOLDER_REJECTED,0,PLACEHOLDER_VALUE,true,
451|4|0|1517657,451,,2 PCB Leaf Motor Drive,1517657,1517657,10701,1517657,,"PCB ASSY, LEAF MOTOR DRIVE - 1 Only",REF_EXACT,1,MATCHED,false,
451|2|0|,451,,3 Nueces,,,,,,,PLACEHOLDER_REJECTED,0,PLACEHOLDER_VALUE,true,
452|2|0|N/A,452,,Disco duro de Sequencer Mosaiq,N/A,NA,,,,,PLACEHOLDER_REJECTED,0,PLACEHOLDER_VALUE,true,
454|2|0|NC,454,,espera de repuesto,NC,NC,,,,,PLACEHOLDER_REJECTED,0,PLACEHOLDER_VALUE,true,
456|2|0|1538489,456,,"PCB assy, DLG and Diaphragm drive",1538489,1538489,,,,,NONE,0,NO_MATCH,true,
457|2|0|No hay.,457,,Grasa EP2. Paños de limoieza.,No hay.,NOHAY,,,,,PLACEHOLDER_REJECTED,0,PLACEHOLDER_VALUE,true,
459|2|0|NC,459,,NC,NC,NC,,,,,PLACEHOLDER_REJECTED,0,PLACEHOLDER_VALUE,true,
460|2|0|No hay.,460,,No hay.,No hay.,NOHAY,,,,,PLACEHOLDER_REJECTED,0,PLACEHOLDER_VALUE,true,
461|2|0|No hay.,461,,"No hay. 
",No hay.,NOHAY,,,,,PLACEHOLDER_REJECTED,0,PLACEHOLDER_VALUE,true,
"462|2|0|-262285518838
-1015076",462,,"-DRIVE BELT
-CABLE RETRACTIL SK2","-262285518838
-1015076",2622855188381015076,10957,1015076,,"Cable, retractile, MLC (SK25BB–SK26B)",REF_LIKE,0.5,MATCHED,true,
466|2|0|N/C,466,,"Grasa EP-2, wd-40, limpia contacto, paños de limpieza, alcohol isopropilico.",N/C,NC,,,,,PLACEHOLDER_REJECTED,0,PLACEHOLDER_VALUE,true,
467|2|0|SN,467,,NC,SN,SN,,,,,PLACEHOLDER_REJECTED,0,PLACEHOLDER_VALUE,true,
468|2|0|N/A,468,,N/A,N/A,NA,,,,,PLACEHOLDER_REJECTED,0,PLACEHOLDER_VALUE,true,
469|2|0|2231762,469,,Balanza Metler Toledo 6002,2231762,2231762,12311,2231762,,BALANZA ROBOT APOTECA CHEMO,REF_EXACT,1,MATCHED,false,
"480|2|0|55.32.9.024. 004 Rele Aux. serie ""55"" 2P. 10 A.  Bob 24 Vdc.",480,,Relay Finder,"55.32.9.024. 004 Rele Aux. serie ""55"" 2P. 10 A.  Bob 24 Vdc.",55329024004RELEAUXSERIE552P10ABOB24VDC,,,,,NONE,0,NO_MATCH,true,
481|2|0|55.32.9.024.0040,481,,3 Relayes Finder 24 Vdc.,55.32.9.024.0040,553290240040,,,,,NONE,0,NO_MATCH,true,
485|2|0|No hay.,485,,"No hay. 
",No hay.,NOHAY,,,,,PLACEHOLDER_REJECTED,0,PLACEHOLDER_VALUE,true,
494|2|0|No hay.,494,,No hay.,No hay.,NOHAY,,,,,PLACEHOLDER_REJECTED,0,PLACEHOLDER_VALUE,true,
496|2|0|BJ4853.222.02,496,,Cable assy  SK25E.,BJ4853.222.02,BJ485322202,11072,BJ4853.222.02,,"CABLE ASSY,SK25E TO X38H",REF_EXACT,1,MATCHED,false,
496|2|1|BJ4853.223.02.,496,,Cable assy SK25F.,BJ4853.223.02.,BJ485322302,11073,BJ4853.223.02,,"CABLE ASSY,SK25F TO X38K",REF_NORMALIZED_EXACT,0.85,MATCHED,false,
496|2|2|45133164421.,496,,"Potentiometer,  20K, 10 turns.",45133164421.,45133164421,10986,4513316442101T,,"Potentiometer, 20k, 10 turns Coarse/Check",REF_LIKE,0.5,MATCHED,true,
476|2|0|No hay.,476,,No hay.,No hay.,NOHAY,,,,,PLACEHOLDER_REJECTED,0,PLACEHOLDER_VALUE,true,
477|2|0|No hay.,477,,Limpia contactos.,No hay.,NOHAY,,,,,PLACEHOLDER_REJECTED,0,PLACEHOLDER_VALUE,true,
478|2|0|N/A,478,,N/A,N/A,NA,,,,,PLACEHOLDER_REJECTED,0,PLACEHOLDER_VALUE,true,
483|2|0|N/A,483,,N/A,N/A,NA,,,,,PLACEHOLDER_REJECTED,0,PLACEHOLDER_VALUE,true,
488|2|0|,488,,"fusible
",,,,,,,PLACEHOLDER_REJECTED,0,PLACEHOLDER_VALUE,true,
490|2|0|1500954,490,,"Z-Laser voltage regulator, PCB Assy",1500954,1500954,,,,,NONE,0,NO_MATCH,true,
491|2|0|4513 330 4800,491,,Gun assy,4513 330 4800,45133304800,10375,45133304800,,SL ELECTRON GUN ASSY,REF_NORMALIZED_EXACT,0.85,MATCHED,false,
495|2|0|No hay.,495,,"WD40, limpia contactos y grasa EP2",No hay.,NOHAY,,,,,PLACEHOLDER_REJECTED,0,PLACEHOLDER_VALUE,true,
497|2|0|No hay.,497,,No hay.,No hay.,NOHAY,,,,,PLACEHOLDER_REJECTED,0,PLACEHOLDER_VALUE,true,
500|2|0|uuy,500,,jj,uuy,UUY,,,,,NONE,0,NO_MATCH,true,
502|2|0|No hay.,502,,No hay.,No hay.,NOHAY,,,,,PLACEHOLDER_REJECTED,0,PLACEHOLDER_VALUE,true,
504|2|0|BJ4853.222.02,504,,Cable Assy SK25E.,BJ4853.222.02,BJ485322202,11072,BJ4853.222.02,,"CABLE ASSY,SK25E TO X38H",REF_EXACT,1,MATCHED,false,
504|2|1|BJ4853.223.02.,504,,Cable Assy SK25F.,BJ4853.223.02.,BJ485322302,11073,BJ4853.223.02,,"CABLE ASSY,SK25F TO X38K",REF_NORMALIZED_EXACT,0.85,MATCHED,false,
504|2|2|45133164421.,504,,"Potentiomete, 20K, 10 Turns.",45133164421.,45133164421,10986,4513316442101T,,"Potentiometer, 20k, 10 turns Coarse/Check",REF_LIKE,0.5,MATCHED,true,
505|2|0|No hay.,505,,No hay.,No hay.,NOHAY,,,,,PLACEHOLDER_REJECTED,0,PLACEHOLDER_VALUE,true,
506|2|0|No hay.,506,,No hay.,No hay.,NOHAY,,,,,PLACEHOLDER_REJECTED,0,PLACEHOLDER_VALUE,true,
507|2|0|,507,,Cable de potenciómetros laterales SK5,,,,,,,PLACEHOLDER_REJECTED,0,PLACEHOLDER_VALUE,true,
508|2|0|N/A,508,,N/A,N/A,NA,,,,,PLACEHOLDER_REJECTED,0,PLACEHOLDER_VALUE,true,
509|2|0|,509,,"2 NR PCB leaf motor drive 
2 NR kit de motor leaf.
",,,,,,,PLACEHOLDER_REJECTED,0,PLACEHOLDER_VALUE,true,
521|2|0|N/A,521,,N/A,N/A,NA,,,,,PLACEHOLDER_REJECTED,0,PLACEHOLDER_VALUE,true,
503|2|0|No hay.,503,,"WD40, limpia contactos y grasa EP2.",No hay.,NOHAY,,,,,PLACEHOLDER_REJECTED,0,PLACEHOLDER_VALUE,true,
511|2|0|,511,,fusible de retardo de 250 VAC 10 Amp.,,,,,,,PLACEHOLDER_REJECTED,0,PLACEHOLDER_VALUE,true,
"513|2|0|1532434  Iss. 01
",513,,"Vacuum pump PSU.

S/N 153243417003.
","1532434  Iss. 01
",1532434ISS01,,,,,NONE,0,NO_MATCH,true,
514|2|0|No hay.,514,,No hay.,No hay.,NOHAY,,,,,PLACEHOLDER_REJECTED,0,PLACEHOLDER_VALUE,true,
515|2|0|No hay.,515,,No hay.,No hay.,NOHAY,,,,,PLACEHOLDER_REJECTED,0,PLACEHOLDER_VALUE,true,
516|2|0|1532432.,516,,Gun filament PSU. N/S 153243219020.,1532432.,1532432,,,,,NONE,0,NO_MATCH,true,
517|2|0|N/A,517,,N/A,N/A,NA,,,,,PLACEHOLDER_REJECTED,0,PLACEHOLDER_VALUE,true,
518|2|0|NA,518,,NA,NA,NA,,,,,PLACEHOLDER_REJECTED,0,PLACEHOLDER_VALUE,true,
527|2|0|NA,527,,NA,NA,NA,,,,,PLACEHOLDER_REJECTED,0,PLACEHOLDER_VALUE,true,
528|2|0|NA,528,,NA,NA,NA,,,,,PLACEHOLDER_REJECTED,0,PLACEHOLDER_VALUE,true,
529|2|0|NA,529,,NA,NA,NA,,,,,PLACEHOLDER_REJECTED,0,PLACEHOLDER_VALUE,true,
530|2|0|S/N,530,,N/C,S/N,SN,,,,,PLACEHOLDER_REJECTED,0,PLACEHOLDER_VALUE,true,
534|3|0|sin numero,534,,Fuente de Poder KVM,sin numero,SINNUMERO,,,,,PLACEHOLDER_REJECTED,0,PLACEHOLDER_VALUE,true,
534|2|0|,534,,Fuse 32 mm FS76A,,,,,,,PLACEHOLDER_REJECTED,0,PLACEHOLDER_VALUE,true,
535|2|0|N/A,535,,N/A,N/A,NA,,,,,PLACEHOLDER_REJECTED,0,PLACEHOLDER_VALUE,true,
536|2|0|N/A,536,,N/A,N/A,NA,,,,,PLACEHOLDER_REJECTED,0,PLACEHOLDER_VALUE,true,
538|2|0|NA,538,,NA,NA,NA,,,,,PLACEHOLDER_REJECTED,0,PLACEHOLDER_VALUE,true,
539|2|0|,539,,Leaf Motor,,,,,,,PLACEHOLDER_REJECTED,0,PLACEHOLDER_VALUE,true,
540|2|0|45133308243 01,540,,cable de alta tension Bomba ionica,45133308243 01,4513330824301,11246,45133308243_01,,cable de alta tension Bomba ionica,REF_NORMALIZED_EXACT,0.85,MATCHED,false,
541|2|0|4513 390 2234.,541,,PCB Driver 33B.,4513 390 2234.,45133902234,,,,,NONE,0,NO_MATCH,true,
541|2|1|KBC 5008 (50 Amp.),541,,Puente rectificador.,KBC 5008 (50 Amp.),KBC500850AMP,,,,,NONE,0,NO_MATCH,true,
542|2|0|NA,542,,NA,NA,NA,,,,,PLACEHOLDER_REJECTED,0,PLACEHOLDER_VALUE,true,
543|2|0|SN,543,,FUSIBLE DE RETARDO 10 AMP. 250 VAC.,SN,SN,,,,,PLACEHOLDER_REJECTED,0,PLACEHOLDER_VALUE,true,
546|2|0|NA,546,,NA,NA,NA,,,,,PLACEHOLDER_REJECTED,0,PLACEHOLDER_VALUE,true,
547|2|0|1015229,547,,nueces cortas de laminas,1015229,1015229,,,,,NONE,0,NO_MATCH,true,
524|3|0|SN: 040104285,524,,Laser Sagital,SN: 040104285,SN040104285,,,,,NONE,0,NO_MATCH,true,
524|5|0|SN: 002148-002,524,,Laser Fijo lado B,SN: 002148-002,SN002148002,,,,,NONE,0,NO_MATCH,true,
524|4|0|SN: 002148-001,524,,Laser Fijo lado A,SN: 002148-001,SN002148001,,,,,NONE,0,NO_MATCH,true,
524|2|0|SN: 029488-019,524,,Control de Mando de Laser,SN: 029488-019,SN029488019,,,,,NONE,0,NO_MATCH,true,
525|2|0|N/A,525,,N/A,N/A,NA,,,,,PLACEHOLDER_REJECTED,0,PLACEHOLDER_VALUE,true,
554|2|0|1517657.,554,,PCB Drive motors.,1517657.,1517657,10701,1517657,,"PCB ASSY, LEAF MOTOR DRIVE - 1 Only",REF_NORMALIZED_EXACT,0.85,MATCHED,false,
554|2|1|1534958.,554,,"Kit, spares leaf motor.",1534958.,1534958,11034,1534958,,Leaf motor spares kit,REF_NORMALIZED_EXACT,0.85,MATCHED,false,
555|2|0|No hay.,555,,No hay.,No hay.,NOHAY,,,,,PLACEHOLDER_REJECTED,0,PLACEHOLDER_VALUE,true,
556|2|0|,556,,Unidad de Cinta LTO 6 HPE,,,,,,,PLACEHOLDER_REJECTED,0,PLACEHOLDER_VALUE,true,
557|2|0|N/A,557,,N/A,N/A,NA,,,,,PLACEHOLDER_REJECTED,0,PLACEHOLDER_VALUE,true,
558|2|0|NA,558,,NA,NA,NA,,,,,PLACEHOLDER_REJECTED,0,PLACEHOLDER_VALUE,true,
559|2|0|1008587,559,,MLC Electrónic Assy.,1008587,1008587,11122,1008587,,MLC ELECTRONICS ASSEMBLY,REF_EXACT,1,MATCHED,false,
560|2|0|SN,560,,"Agua Bidestilada, 2 filtros de agua",SN,SN,,,,,PLACEHOLDER_REJECTED,0,PLACEHOLDER_VALUE,true,
562|2|0|No hay.,562,,No hay.,No hay.,NOHAY,,,,,PLACEHOLDER_REJECTED,0,PLACEHOLDER_VALUE,true,
563|2|0|No hay.,563,,"No hay. 
",No hay.,NOHAY,,,,,PLACEHOLDER_REJECTED,0,PLACEHOLDER_VALUE,true,
565|2|0|N/A,565,,N/A,N/A,NA,,,,,PLACEHOLDER_REJECTED,0,PLACEHOLDER_VALUE,true,
567|2|0|,567,,Fusible,,,,,,,PLACEHOLDER_REJECTED,0,PLACEHOLDER_VALUE,true,
571|2|0|SN,571,,N/A,SN,SN,,,,,PLACEHOLDER_REJECTED,0,PLACEHOLDER_VALUE,true,
572|2|0|N/A,572,,N/A,N/A,NA,,,,,PLACEHOLDER_REJECTED,0,PLACEHOLDER_VALUE,true,
573|2|0|No hay.,573,,No hay.,No hay.,NOHAY,,,,,PLACEHOLDER_REJECTED,0,PLACEHOLDER_VALUE,true,
576|2|0|677,576,,bbb,677,677,,,,,NONE,0,NO_MATCH,true,
577|2|0|,577,,Fusible de 10 A,,,,,,,PLACEHOLDER_REJECTED,0,PLACEHOLDER_VALUE,true,
578|2|0|NA,578,,NA,NA,NA,,,,,PLACEHOLDER_REJECTED,0,PLACEHOLDER_VALUE,true,
579|2|0|SN,579,,NA,SN,SN,,,,,PLACEHOLDER_REJECTED,0,PLACEHOLDER_VALUE,true,
585|2|0|SN,585,,NA,SN,SN,,,,,PLACEHOLDER_REJECTED,0,PLACEHOLDER_VALUE,true,
586|2|0|SN,586,,NA,SN,SN,,,,,PLACEHOLDER_REJECTED,0,PLACEHOLDER_VALUE,true,
589|2|0|SN,589,,NA,SN,SN,,,,,PLACEHOLDER_REJECTED,0,PLACEHOLDER_VALUE,true,
599|3|0|1500445 02,599,,DLG PCB,1500445 02,150044502,10253,1500445,,"PCB ASSY, DLG&DIAPH (NUEVA VERSION  1500445)",REF_LIKE,0.5,MATCHED,true,
599|2|0|1016474,599,,Frenos DLG x2,1016474,1016474,11873,1016474_usado,,"KIT, SPARES, DLG BRAKE",REF_LIKE,0.5,MATCHED,true,
600|2|0|No hay.,600,,No hay,No hay.,NOHAY,,,,,PLACEHOLDER_REJECTED,0,PLACEHOLDER_VALUE,true,
601|2|0|No hay,601,,No hay.,No hay,NOHAY,,,,,PLACEHOLDER_REJECTED,0,PLACEHOLDER_VALUE,true,
602|2|0|No hay.,602,,No hay.,No hay.,NOHAY,,,,,PLACEHOLDER_REJECTED,0,PLACEHOLDER_VALUE,true,
580|2|0|SN,580,,NA,SN,SN,,,,,PLACEHOLDER_REJECTED,0,PLACEHOLDER_VALUE,true,
581|2|0|SN,581,,NA,SN,SN,,,,,PLACEHOLDER_REJECTED,0,PLACEHOLDER_VALUE,true,
583|3|0|,583,,Freno DLG Y2,,,,,,,PLACEHOLDER_REJECTED,0,PLACEHOLDER_VALUE,true,
583|4|0|,583,,Espejo Mylar,,,,,,,PLACEHOLDER_REJECTED,0,PLACEHOLDER_VALUE,true,
583|2|0|,583,,Ensamble Cañon,,,,,,,PLACEHOLDER_REJECTED,0,PLACEHOLDER_VALUE,true,
590|2|0|,590,,Fusible de 10Amp,,,,,,,PLACEHOLDER_REJECTED,0,PLACEHOLDER_VALUE,true,
593|2|0|N/A,593,,Tapete de identificación de viales,N/A,NA,,,,,PLACEHOLDER_REJECTED,0,PLACEHOLDER_VALUE,true,
597|2|0|No hay.,597,,No hay.,No hay.,NOHAY,,,,,PLACEHOLDER_REJECTED,0,PLACEHOLDER_VALUE,true,
604|4|0|1018121,604,,Motor de movimiento vertical de camilla,1018121,1018121,,,,,NONE,0,NO_MATCH,true,
605|2|0|No tiene,605,,"Acido EDTA, tetrasodico.",No tiene,NOTIENE,,,,,PLACEHOLDER_REJECTED,0,PLACEHOLDER_VALUE,true,
608|3|0|SN,608,,NA,SN,SN,,,,,PLACEHOLDER_REJECTED,0,PLACEHOLDER_VALUE,true,
608|2|0|45133904984,608,,PCB SIDE B mesa precise,45133904984,45133904984,,,,,NONE,0,NO_MATCH,true,
609|2|0|420017,609,,Smart Clamp Fresenius Freeflex,420017,420017,11126,420017,,Smart clamp set of 5 pieces,REF_EXACT,1,MATCHED,false,
610|2|0|,610,,3 kit de tornillos motores nueces de agility,,,,,,,PLACEHOLDER_REJECTED,0,PLACEHOLDER_VALUE,true,
615|2|0|1007288,615,,PCB DCB,1007288,1007288,10721,1007288,,KV DCB Control Board,REF_EXACT,1,MATCHED,false,
612|2|0|N/C,612,,"KVM, teclado, Mouse, cable Cat5 con conector rj45.",N/C,NC,,,,,PLACEHOLDER_REJECTED,0,PLACEHOLDER_VALUE,true,
618|2|0|No hay.,618,,No hay.,No hay.,NOHAY,,,,,PLACEHOLDER_REJECTED,0,PLACEHOLDER_VALUE,true,
620|2|0|SN,620,,N/A,SN,SN,,,,,PLACEHOLDER_REJECTED,0,PLACEHOLDER_VALUE,true,
624|2|0|,624,,Fuente iridio,,,,,,,PLACEHOLDER_REJECTED,0,PLACEHOLDER_VALUE,true,
626|2|0|N/A,626,,N/A,N/A,NA,,,,,PLACEHOLDER_REJECTED,0,PLACEHOLDER_VALUE,true,
627|2|0|No hay.,627,,No hay.,No hay.,NOHAY,,,,,PLACEHOLDER_REJECTED,0,PLACEHOLDER_VALUE,true,
628|3|0|1538489,628,,DLg PCB Drive,1538489,1538489,,,,,NONE,0,NO_MATCH,true,
628|2|0|1016476,628,,2 conjuntos de Tornillo Nuez y Motor de Agility,1016476,1016476,10913,1016476,,Leaf motor spares kit,REF_EXACT,1,MATCHED,false,
633|2|0|4B1915P25633,633,,UPS APC 959VA,4B1915P25633,4B1915P25633,,,,,NONE,0,NO_MATCH,true,
"635|2|0|1533604-01
1511833-02
1511606-01",635,,"Transformador de pulso
cable de Alta tension de modulador
resistencia Transformador de pulso.","1533604-01
1511833-02
1511606-01",153360401151183302151160601,,,,,REF_LIKE,0.5,AMBIGUOUS_MATCH,true,11285|11284|11283
637|2|0|300gb,637,,Disco Duro HP,300gb,300GB,12018,SKM_300_GB_128D,,IGBT,REF_LIKE,0.5,MATCHED,true,
643|2|0|Laser ODI KIt,643,,1502613,Laser ODI KIt,LASERODIKIT,,,,,NONE,0,NO_MATCH,true,
644|3|0|1018265,644,,Fru Z MTR brush Set,1018265,1018265,11961,1018265_proveedor_local,,"Proveedor Local, FRU MOTOR BRUSH SET (ELECTROCRAFT)",REF_LIKE,0.5,MATCHED,true,
644|2|0|45133302802,644,,"Motor Assembly, Panc (cantidad 2)",45133302802,45133302802,10997,45133302802,,"Motor assembly, pancake",REF_EXACT,1,MATCHED,false,
645|2|0|4513 330 4800 serie 2676,645,,Gun Assy,4513 330 4800 serie 2676,45133304800SERIE2676,10375,45133304800,,SL ELECTRON GUN ASSY,REF_LIKE,0.5,MATCHED,true,
646|2|0|N/A,646,,N/A,N/A,NA,,,,,PLACEHOLDER_REJECTED,0,PLACEHOLDER_VALUE,true,
647|2|0|N/A,647,,N/A,N/A,NA,,,,,PLACEHOLDER_REJECTED,0,PLACEHOLDER_VALUE,true,
648|2|0|1534958,648,,kit Spares Leaf motor,1534958,1534958,11034,1534958,,Leaf motor spares kit,REF_EXACT,1,MATCHED,false,
650|2|0|1502613,650,,"mod kit, láser odi lamp",1502613,1502613,10994,1502613,,Laser ODI Spares Kit,REF_EXACT,1,MATCHED,false,
651|2|0|1502964 (repuesto de cliente),651,,repuesto de CLIENTE,1502964 (repuesto de cliente),1502964REPUESTODECLIENTE,10892,1502964,,"SPARES KIT,LED FIELD LAMP",REF_LIKE,0.5,MATCHED,true,
642|2|0|No hay.,642,,No hay.,No hay.,NOHAY,,,,,PLACEHOLDER_REJECTED,0,PLACEHOLDER_VALUE,true,
653|2|0|1502964,653,,Kit led,1502964,1502964,10892,1502964,,"SPARES KIT,LED FIELD LAMP",REF_EXACT,1,MATCHED,false,
670|3|0|N/A,670,,Tapete de identificación viales,N/A,NA,,,,,PLACEHOLDER_REJECTED,0,PLACEHOLDER_VALUE,true,
670|5|0|2327189,670,,6 Lámparas UV,2327189,2327189,11193,2327189,,UV Lamp,REF_EXACT,1,MATCHED,false,
670|4|0|N/A,670,,Base soporte jeringa 50ml,N/A,NA,,,,,PLACEHOLDER_REJECTED,0,PLACEHOLDER_VALUE,true,
670|2|0|2466801,670,,cable espiral robot,2466801,2466801,11245,2466801,,CABLE SPIRAL ROBOT+CONECTOR,REF_EXACT,1,MATCHED,false,
671|3|0|130144,671,,Canister filter bag,130144,130144,,,,,NONE,0,NO_MATCH,true,
671|2|0|019149,671,,Canister Filter,019149,019149,11225,019149,,Annual Maintenance Kit,REF_EXACT,1,MATCHED,false,
672|2|0|821321900352,672,,Fusible 32V-10A,821321900352,821321900352,11061,821321900352,,"Fuse, 10A 32 VAC, time delay, glass cartridge 32 mm x 6.3mm (FS32E)",REF_EXACT,1,MATCHED,false,
673|2|0|,673,,Baterías x2,,,,,,,PLACEHOLDER_REJECTED,0,PLACEHOLDER_VALUE,true,
675|2|0|1517657,675,,"PCB Assy, Leaf motor drive",1517657,1517657,10701,1517657,,"PCB ASSY, LEAF MOTOR DRIVE - 1 Only",REF_EXACT,1,MATCHED,false,
676|2|0|,676,,Fusible 20A,,,,,,,PLACEHOLDER_REJECTED,0,PLACEHOLDER_VALUE,true,
677|2|0|1021026,677,,"Assy, Ruby. ",1021026,1021026,,,,,NONE,0,NO_MATCH,true,
654|2|0|BJ5948.168. (1026469),654,,Dose board.,BJ5948.168. (1026469),BJ59481681026469,,,,,NONE,0,NO_MATCH,true,
655|2|0|1534598,655,,Kit de leaf motor,1534598,1534598,,,,,NONE,0,NO_MATCH,true,
657|2|0|4513390489402,657,,"PCB1, SIDE A, ASSEMBLY",4513390489402,4513390489402,12325,45133904894,,"FRU,THUMBWHEEL PWB SIDE A.MKII",REF_LIKE,0.5,MATCHED,true,
658|2|0|1007288 serie: 2308926,658,,Detector Control Board,1007288 serie: 2308926,1007288SERIE2308926,10721,1007288,,KV DCB Control Board,REF_LIKE,0.5,MATCHED,true,
659|2|0|No hay.,659,,No hay.,No hay.,NOHAY,,,,,PLACEHOLDER_REJECTED,0,PLACEHOLDER_VALUE,true,
662|2|0|No hay.,662,,No hay.,No hay.,NOHAY,,,,,PLACEHOLDER_REJECTED,0,PLACEHOLDER_VALUE,true,
663|2|0|No hay,663,,Cable coaxial de RF,No hay,NOHAY,,,,,PLACEHOLDER_REJECTED,0,PLACEHOLDER_VALUE,true,
665|2|0|N/C,665,,N/C,N/C,NC,,,,,PLACEHOLDER_REJECTED,0,PLACEHOLDER_VALUE,true,
667|2|0|BJ6219.002,667,,Arm Cable-B,BJ6219.002,BJ6219002,11311,BJ6219.002.02,,iViewC™ Arm brake cable-B,REF_LIKE,0.5,MATCHED,true,
668|2|0|4714501006.,668,,Thyratron CX1551.,4714501006.,4714501006,11282,4714501006,,THYRATRON e2v CX1551 (Compact),REF_NORMALIZED_EXACT,0.85,MATCHED,false,
669|2|0|1007288,669,,PCB KV DCB,1007288,1007288,10721,1007288,,KV DCB Control Board,REF_EXACT,1,MATCHED,false,
684|2|0|No hay.,684,,No hay.,No hay.,NOHAY,,,,,PLACEHOLDER_REJECTED,0,PLACEHOLDER_VALUE,true,
685|2|0|,685,,Base de soporte jeringa 50ml,,,,,,,PLACEHOLDER_REJECTED,0,PLACEHOLDER_VALUE,true,
686|2|0|B625655182,686,,Balanza Metler Toledo WM6002,B625655182,B625655182,,,,,NONE,0,NO_MATCH,true,
688|2|0|262285518838K,688,,Drive Belts,262285518838K,262285518838K,10836,262285518838K,,"BELT,TIMING*SYN 4-T2.5/120",REF_EXACT,1,MATCHED,false,
695|2|0|No hay.,695,,No hay.,No hay.,NOHAY,,,,,PLACEHOLDER_REJECTED,0,PLACEHOLDER_VALUE,true,
697|2|0|No hay.,697,,No hay.,No hay.,NOHAY,,,,,PLACEHOLDER_REJECTED,0,PLACEHOLDER_VALUE,true,
699|2|0|No hay.,699,,No hay.,No hay.,NOHAY,,,,,PLACEHOLDER_REJECTED,0,PLACEHOLDER_VALUE,true,
701|2|0|N/C,701,,N/C,N/C,NC,,,,,PLACEHOLDER_REJECTED,0,PLACEHOLDER_VALUE,true,
703|2|0|N/C,703,,N/C,N/C,NC,,,,,PLACEHOLDER_REJECTED,0,PLACEHOLDER_VALUE,true,
705|2|0|No hay.,705,,No hay.,No hay.,NOHAY,,,,,PLACEHOLDER_REJECTED,0,PLACEHOLDER_VALUE,true,
707|2|0|N/C,707,,"Se utiliza Grasa EP2, limpia Contacto.",N/C,NC,,,,,PLACEHOLDER_REJECTED,0,PLACEHOLDER_VALUE,true,
709|2|0|N/A,709,,Soporte de Jeringa 50ml,N/A,NA,,,,,PLACEHOLDER_REJECTED,0,PLACEHOLDER_VALUE,true,
711|2|0|N/C,711,,N/C,N/C,NC,,,,,PLACEHOLDER_REJECTED,0,PLACEHOLDER_VALUE,true,
706|2|0|SN,706,,Fusible de retardo 10 Amperes,SN,SN,,,,,PLACEHOLDER_REJECTED,0,PLACEHOLDER_VALUE,true,
713|2|0|1531145,713,,"Assy, Fan 70x70x15mm",1531145,1531145,11145,1531145,,"Assy, Fan 70x70x15mm",REF_EXACT,1,MATCHED,false,
715|2|0|1525500.,715,,Assy Rubí,1525500.,1525500,11033,1525500,,"KIT, SPARES, LEAF RUBY",REF_NORMALIZED_EXACT,0.85,MATCHED,false,
715|2|1|1534958.,715,,Leaf motor spare kit.,1534958.,1534958,11034,1534958,,Leaf motor spares kit,REF_NORMALIZED_EXACT,0.85,MATCHED,false,
718|2|0|N/C,718,,N/C,N/C,NC,,,,,PLACEHOLDER_REJECTED,0,PLACEHOLDER_VALUE,true,
721|2|0|BJ5590.002.,721,,Ion Chamber. Numero de serie CHA0544.,BJ5590.002.,BJ5590002,,,,,NONE,0,NO_MATCH,true,
722|2|0|1511862,722,,AI12 PCB,1511862,1511862,10121,1511862,,"Analog input, 12-bit (AI12) version 2",REF_EXACT,1,MATCHED,false,
724|2|0|No hay.,724,,Wd-40.  Grasa Ep2.  Limpia contactos.,No hay.,NOHAY,,,,,PLACEHOLDER_REJECTED,0,PLACEHOLDER_VALUE,true,
728|2|0|N/C,728,,N/C,N/C,NC,,,,,PLACEHOLDER_REJECTED,0,PLACEHOLDER_VALUE,true,
735|2|0|No hay.,735,,"Grasa EP2, limpiacontactos y paños de limpieza. ",No hay.,NOHAY,,,,,PLACEHOLDER_REJECTED,0,PLACEHOLDER_VALUE,true,
741|3|0|45133317840,741,,Check / Coarse Pot and Cable 2 Unidades,45133317840,45133317840,11162,45133317840,,"Fru, X,Y,Iso check & readout pot. meter",REF_EXACT,1,MATCHED,false,
741|2|0|45133317881,741,,Fine Pot and Cable,45133317881,45133317881,11606,45133317881,,"FRU X,Y,FINE POT,MET",REF_EXACT,1,MATCHED,false,
742|3|0|45133411850,742,,cable PL9,45133411850,45133411850,,,,,REF_LIKE,0.5,AMBIGUOUS_MATCH,true,12189|11682|12204
742|2|0|45133411848,742,,cable Sk7A,45133411848,45133411848,,,,,NONE,0,NO_MATCH,true,
743|2|0|4714201102.,743,,Magnetròn MG5193.,4714201102.,4714201102,11286,4714201102,,MAGNETRON MG5193,REF_NORMALIZED_EXACT,0.85,MATCHED,false,
743|2|1|Cable sustituto.,743,,_ Cable de HT.,Cable sustituto.,CABLESUSTITUTO,,,,,NONE,0,NO_MATCH,true,
744|2|0|45133326854.,744,,Mirror assembly (Mylar).,45133326854.,45133326854,,,,,REF_LIKE,0.5,AMBIGUOUS_MATCH,true,10136|11863
744|2|1|45133327663.,744,,Projector mirror.,45133327663.,45133327663,11567,4513332766303F,,PROJECTOR MIRROR ASSY,REF_LIKE,0.5,MATCHED,true,
744|2|2|45133327662.,744,,Beam splitter mirror.,45133327662.,45133327662,11571,45133327662,,BEAM SPLITTER MIRROR ASSY,REF_NORMALIZED_EXACT,0.85,MATCHED,false,
744|2|3|1010495.,744,,Camera mirror,1010495.,1010495,11570,1010495,,CAMERA MIRROR ASSEMBLY,REF_NORMALIZED_EXACT,0.85,MATCHED,false,
744|2|4|1007545.,744,,Dos reflectores láminas Y1-1 y Y2-1.,1007545.,1007545,11569,1007545,,MLC REFLECTOR SPARES KIT,REF_NORMALIZED_EXACT,0.85,MATCHED,false,
746|2|0|N/C,746,,Ampolleta  Halogena 12v 75w,N/C,NC,,,,,PLACEHOLDER_REJECTED,0,PLACEHOLDER_VALUE,true,
731|2|0|N/A,731,,N/A,N/A,NA,,,,,PLACEHOLDER_REJECTED,0,PLACEHOLDER_VALUE,true,
732|2|0|C7976A,732,,Kit de Cintas LTO6,C7976A,C7976A,11307,C7976A,,HPE - LTO-6 Ultrium 6.25TB MP RW Data Tape,REF_EXACT,1,MATCHED,false,
733|2|0|No hay.,733,,"Grasa, limpia contactos, WD40. ",No hay.,NOHAY,,,,,PLACEHOLDER_REJECTED,0,PLACEHOLDER_VALUE,true,
749|2|0|No hay.,749,,No hay.,No hay.,NOHAY,,,,,PLACEHOLDER_REJECTED,0,PLACEHOLDER_VALUE,true,
750|2|0|No hay.,750,,"Limpia contactos, WD40 y paños de limpieza. ",No hay.,NOHAY,,,,,PLACEHOLDER_REJECTED,0,PLACEHOLDER_VALUE,true,
752|3|0|45133502026,752,,X RAY TUBE Assembly,45133502026,45133502026,12138,45133502026_usado,,X-ray tube (MR),REF_LIKE,0.5,MATCHED,true,
754|2|0|244120001143,754,,Gabinete Iview MK-6,244120001143,244120001143,,,,,NONE,0,NO_MATCH,true,
763|2|0|No hay,763,,Ampolleta halógena 12 V / 75 W.,No hay,NOHAY,,,,,PLACEHOLDER_REJECTED,0,PLACEHOLDER_VALUE,true,
764|2|0|821321900352,764,,"Fusible de retardo,  10 Amp. 32 Vac. (FS32E)  ",821321900352,821321900352,11061,821321900352,,"Fuse, 10A 32 VAC, time delay, glass cartridge 32 mm x 6.3mm (FS32E)",REF_EXACT,1,MATCHED,false,
767|2|0|no hay,767,,na hay,no hay,NOHAY,,,,,PLACEHOLDER_REJECTED,0,PLACEHOLDER_VALUE,true,
768|2|0|1519103_Rev02,768,,Dosimetry Board A Programmed,1519103_Rev02,1519103REV02,11588,1519103,,Dose A Digital,REF_LIKE,0.5,MATCHED,true,
769|3|0|,769,,2 Filtros de Agua 5 micrones Elekta,,,,,,,PLACEHOLDER_REJECTED,0,PLACEHOLDER_VALUE,true,
770|2|0|No hay.,770,,No hay.,No hay.,NOHAY,,,,,PLACEHOLDER_REJECTED,0,PLACEHOLDER_VALUE,true,
771|2|0|45133304326,771,,Output Windows Serie 1000109300,45133304326,45133304326,10458,45133304326,,SPARES WINDOW ASSY RF OUTPUT,REF_EXACT,1,MATCHED,false,
774|2|0|1535987,774,,tarjeta Dose Board,1535987,1535987,11480,1535987,,"FRU, DOSE BOARD",REF_EXACT,1,MATCHED,false,
775|2|0|N/A,775,,N/A,N/A,NA,,,,,PLACEHOLDER_REJECTED,0,PLACEHOLDER_VALUE,true,
778|2|0|N/A,778,,N/A,N/A,NA,,,,,PLACEHOLDER_REJECTED,0,PLACEHOLDER_VALUE,true,
779|3|0|1534958,779,,"kit, spare, leaf MO",1534958,1534958,11034,1534958,,Leaf motor spares kit,REF_EXACT,1,MATCHED,false,
779|2|0|1534958,779,,"Kit, Soares, leaf MO",1534958,1534958,11034,1534958,,Leaf motor spares kit,REF_EXACT,1,MATCHED,false,
756|2|0|,756,,Ampolleta ODI,,,,,,,PLACEHOLDER_REJECTED,0,PLACEHOLDER_VALUE,true,
785|2|0|1501074 Rev. 02,785,,"PCB ASSEMBLY, DOSIMETRY B",1501074 Rev. 02,1501074REV02,11487,1501074,,DOSE B version 2,REF_LIKE,0.5,MATCHED,true,
786|2|0|N/A,786,,N/A,N/A,NA,,,,,PLACEHOLDER_REJECTED,0,PLACEHOLDER_VALUE,true,
789|3|0|451362610003J,789,,"(cantidad=2) BELT, TIMING, S/SIDED",451362610003J,451362610003J,10998,451362610003J,,Belt - m/c 151270 onwards,REF_EXACT,1,MATCHED,false,
789|2|0|1541718,789,,"(Cantidad=2)Fru, Pancake Motor Assembly",1541718,1541718,11595,1541718,,"FRU, Pancake Motor Assembly",REF_EXACT,1,MATCHED,false,
790|2|0|NA,790,,NA,NA,NA,,,,,PLACEHOLDER_REJECTED,0,PLACEHOLDER_VALUE,true,
791|2|0|1534958,791,,1 Nr Leaf Motor Spares Kit.,1534958,1534958,11034,1534958,,Leaf motor spares kit,REF_EXACT,1,MATCHED,false,
792|3|0|1517657,792,,1 Pc  leaf motor drive Y2,1517657,1517657,10701,1517657,,"PCB ASSY, LEAF MOTOR DRIVE - 1 Only",REF_EXACT,1,MATCHED,false,
792|4|0|1022096,792,,Fan Assy 70x70,1022096,1022096,10775,1022096,,Assy Fan 70x70x15mm NO USAR,REF_EXACT,1,MATCHED,false,
792|2|0|1016476,792,,4 kit leaf motor,1016476,1016476,10913,1016476,,Leaf motor spares kit,REF_EXACT,1,MATCHED,false,
796|2|0|1527044,796,,"programmed PCB assy, Router",1527044,1527044,,,,,NONE,0,NO_MATCH,true,
798|2|0|1016850,798,,MLC Camera Cable,1016850,1016850,,,,,NONE,0,NO_MATCH,true,
800|2|0|N/C,800,,N/C,N/C,NC,,,,,PLACEHOLDER_REJECTED,0,PLACEHOLDER_VALUE,true,
802|2|0|Sin número de parte,802,,Soldadura de estaño y componente Wulf,Sin número de parte,SINNUMERODEPARTE,,,,,NONE,0,NO_MATCH,true,
803|2|0|45133302156,803,,gearbox,45133302156,45133302156,,,,,NONE,0,NO_MATCH,true,
804|2|0|,804,,fusible de 10A/32vp,,,,,,,PLACEHOLDER_REJECTED,0,PLACEHOLDER_VALUE,true,
782|2|0|No hay.,782,,No hay.,No hay.,NOHAY,,,,,PLACEHOLDER_REJECTED,0,PLACEHOLDER_VALUE,true,
810|2|0|1016518,810,,Detector Panel PSU (XRD -EPS),1016518,1016518,11006,1016518,,Detector Panel PSU (XRD- EPS),REF_EXACT,1,MATCHED,false,
811|2|0|N/C,811,,N/C,N/C,NC,,,,,PLACEHOLDER_REJECTED,0,PLACEHOLDER_VALUE,true,
813|2|0|1517618,813,,control FKP,1517618,1517618,,,,,NONE,0,NO_MATCH,true,
815|2|0|N/C,815,,N/C,N/C,NC,,,,,PLACEHOLDER_REJECTED,0,PLACEHOLDER_VALUE,true,
818|2|0|No hay.,818,,No hay.,No hay.,NOHAY,,,,,PLACEHOLDER_REJECTED,0,PLACEHOLDER_VALUE,true,
"820|2|0|zQeXBE,H8):Te'46ghjk2(Exzx8cvbnmqq2]",820,,"No Corresponde, sólo caracterización de Nva. Licencia y configuraciones del especialista.","zQeXBE,H8):Te'46ghjk2(Exzx8cvbnmqq2]",ZQEXBEH8TE46GHJK2EXZX8CVBNMQQ2,,,,,NONE,0,NO_MATCH,true,
821|2|0|1006737,821,,SIB PCB,1006737,1006737,12071,1006737_usado,,SIB PCB,REF_LIKE,0.5,MATCHED,true,
822|2|0|N/C,822,,N/C,N/C,NC,,,,,PLACEHOLDER_REJECTED,0,PLACEHOLDER_VALUE,true,
824|3|0|PN  4513 330 8530,824,,Magnetron e2V MG6370E.  Número de serie  18388765.,PN  4513 330 8530,PN45133308530,11007,45133308530,,"New fast tune magnetron, MG6370",REF_LIKE,0.5,MATCHED,true,
825|2|0|,825,,Fusible 10A,,,,,,,PLACEHOLDER_REJECTED,0,PLACEHOLDER_VALUE,true,
826|2|0|1535987,826,,"FRU, DOSE BOARD",1535987,1535987,11480,1535987,,"FRU, DOSE BOARD",REF_EXACT,1,MATCHED,false,
827|2|0|1538489,827,,"PCB ASSY, DLG AND DIAPHRAGM DRIVE",1538489,1538489,,,,,NONE,0,NO_MATCH,true,
828|2|0|1516728 vs 02,828,,BMDM - DVD Update de FCO IGUIDE,1516728 vs 02,1516728VS02,,,,,NONE,0,NO_MATCH,true,
829|2|0|NA,829,,NA,NA,NA,,,,,PLACEHOLDER_REJECTED,0,PLACEHOLDER_VALUE,true,
832|2|0|NA,832,,NA,NA,NA,,,,,PLACEHOLDER_REJECTED,0,PLACEHOLDER_VALUE,true,
833|2|0|,833,,fusible 10 A  32 V pp,,,,,,,PLACEHOLDER_REJECTED,0,PLACEHOLDER_VALUE,true,
837|2|0|N/C,837,,N/C,N/C,NC,,,,,PLACEHOLDER_REJECTED,0,PLACEHOLDER_VALUE,true,
840|2|0|1016476,840,,"kit, Soares leaf motor ",1016476,1016476,10913,1016476,,Leaf motor spares kit,REF_EXACT,1,MATCHED,false,
841|2|0|1006737,841,,PCB Assy Sib,1006737,1006737,12071,1006737_usado,,SIB PCB,REF_LIKE,0.5,MATCHED,true,
845|2|0|N/C,845,,N/C,N/C,NC,,,,,PLACEHOLDER_REJECTED,0,PLACEHOLDER_VALUE,true,
852|2|0|SN,852,,fusible de 10 amp,SN,SN,,,,,PLACEHOLDER_REJECTED,0,PLACEHOLDER_VALUE,true,
854|2|0|SN,854,,NA,SN,SN,,,,,PLACEHOLDER_REJECTED,0,PLACEHOLDER_VALUE,true,
855|2|0|1010461,855,,Cab Assy,1010461,1010461,,,,,NONE,0,NO_MATCH,true,
857|2|0|sin número de parte,857,,Seguro Zagers de 10 mm,sin número de parte,SINNUMERODEPARTE,,,,,NONE,0,NO_MATCH,true,
858|2|0|1010848,858,,"Mirror Assembly, opt",1010848,1010848,11037,1010848,,"Mirror assembly, optics (Agility)",REF_EXACT,1,MATCHED,false,
859|2|0|BJ9100.009,859,,"Fru, Ion Chamber",BJ9100.009,BJ9100009,11173,BJ9100.009,,Ionization Chamber spare kit,REF_EXACT,1,MATCHED,false,
862|2|0|SN,862,,NA,SN,SN,,,,,PLACEHOLDER_REJECTED,0,PLACEHOLDER_VALUE,true,
863|2|0|,863,,HDD para NSS,,,,,,,PLACEHOLDER_REJECTED,0,PLACEHOLDER_VALUE,true,
864|3|0|P01366-B21,864,,HPE 96W Smart storege battery,P01366-B21,P01366B21,,,,,NONE,0,NO_MATCH,true,
864|2|0|749796,864,,"HPE SMART ARRAY, adtive raid on",749796,749796,11305,749796-001,,HPE - Smart Array P440ar,REF_LIKE,0.5,MATCHED,true,
865|2|0|4513 331 8950,865,,Freno X Longitudinal de camilla,4513 331 8950,45133318950,,,,,NONE,0,NO_MATCH,true,
866|2|0|SN,866,,NA,SN,SN,,,,,PLACEHOLDER_REJECTED,0,PLACEHOLDER_VALUE,true,
867|2|0|N/C,867,,"Caja black box (02)
cables de conexiones  (02)
Monitor 22"" (01)
Teclado (01)
Mouse (01)",N/C,NC,,,,,PLACEHOLDER_REJECTED,0,PLACEHOLDER_VALUE,true,
"868|2|0|BJ5989.051
4392401101
3627401103",868,,"95 mm Flexible RF
R.F. Seal 6268
O-ring 101x75 FPM","BJ5989.051
4392401101
3627401103",BJ598905143924011013627401103,,,,,REF_LIKE,0.5,AMBIGUOUS_MATCH,true,11416|11692
870|2|0|SN,870,,NA,SN,SN,,,,,PLACEHOLDER_REJECTED,0,PLACEHOLDER_VALUE,true,
871|3|0|45133412203 issue 01,871,,"Sk19 - sk13A - sk3(A,B,C,D)",45133412203 issue 01,45133412203ISSUE01,,,,,NONE,0,NO_MATCH,true,
871|2|0|4513341185001U,871,,"Cable  Assy, Pl9 to S",4513341185001U,4513341185001U,11682,4513341185001U,,"Cable Assy, Pl9 to S",REF_EXACT,1,MATCHED,false,
872|2|0|,872,,Fusible 10A Thyratron Supply,,,,,,,PLACEHOLDER_REJECTED,0,PLACEHOLDER_VALUE,true,
874|2|0|45133304800,874,,Electron Gun.  Número de serie 0247768.,45133304800,45133304800,10375,45133304800,,SL ELECTRON GUN ASSY,REF_EXACT,1,MATCHED,false,
875|2|0|2322 661 53211,875,,Thermistor PTC TH1,2322 661 53211,232266153211,,,,,NONE,0,NO_MATCH,true,
876|2|0|No hay.,876,,No hay.,No hay.,NOHAY,,,,,PLACEHOLDER_REJECTED,0,PLACEHOLDER_VALUE,true,
880|2|0|,880,,Contenedor depósito de líquido de sueros,,,,,,,PLACEHOLDER_REJECTED,0,PLACEHOLDER_VALUE,true,
897|2|0|1538489 REv 02,897,,PCB Video XVI y PCB DLG's,1538489 REv 02,1538489REV02,,,,,NONE,0,NO_MATCH,true,
900|3|0|45133164423,900,,2 unidades Water filter,45133164423,45133164423,10312,4513316442301M,,FILTER ELEMENT 5 MICRON,REF_LIKE,0.5,MATCHED,true,
900|2|0|1022595,900,,2 Way Water Valve Replacement mod kit,1022595,1022595,11805,1022595,,Water Valve Kit,REF_EXACT,1,MATCHED,false,
902|3|0|1016474,902,,2x DLG Brake Spare,1016474,1016474,11873,1016474_usado,,"KIT, SPARES, DLG BRAKE",REF_LIKE,0.5,MATCHED,true,
902|4|0|1534958,902,,10 x Kit leaf motor screw and nut,1534958,1534958,11034,1534958,,Leaf motor spares kit,REF_EXACT,1,MATCHED,false,
902|2|0|1016472,902,,2x Diaphragms Brake Spare,1016472,1016472,11874,1016472_usado,,Diaphragm brakes spare kit,REF_LIKE,0.5,MATCHED,true,
903|2|0|,903,,Fusible 10A 250V,,,,,,,PLACEHOLDER_REJECTED,0,PLACEHOLDER_VALUE,true,
"904|2|0|P/N 1015075
P/N 1015076
P/N 8113024252101J",904,,"01 cinta SK25AA
01 cints SK25BB
01 leadscrew assembly","P/N 1015075
P/N 1015076
P/N 8113024252101J",PN1015075PN1015076PN8113024252101J,,,,,REF_LIKE,0.5,AMBIGUOUS_MATCH,true,10325|10958|10957
882|2|0|Sin número de parte,882,,Sin repuesto,Sin número de parte,SINNUMERODEPARTE,,,,,NONE,0,NO_MATCH,true,
"883|2|0|45133909025
4513332644304F",883,,"02 Motor Driver Board
06 Motor Assembly","45133909025
4513332644304F",451339090254513332644304F,,,,,REF_LIKE,0.5,AMBIGUOUS_MATCH,true,10944|10304
884|2|0|45133502668,884,,Spring,45133502668,45133502668,10704,45133502668,,Full release extension spring,REF_EXACT,1,MATCHED,false,
885|2|0|S/P.N.,885,,Cable PL5,S/P.N.,SPN,,,,,NONE,0,NO_MATCH,true,
886|2|0|45133412203,886,,Cable SK19 Touchguard para Panel KV,45133412203,45133412203,11693,4513341220301G,,"CABLE, T-GUARD AND LAT MOTOR",REF_LIKE,0.5,MATCHED,true,
887|2|0|,887,,fusible 10A 32VP,,,,,,,PLACEHOLDER_REJECTED,0,PLACEHOLDER_VALUE,true,
889|2|0|SN,889,,NA,SN,SN,,,,,PLACEHOLDER_REJECTED,0,PLACEHOLDER_VALUE,true,
890|2|0|Sin número de parte,890,,Sin repuesto,Sin número de parte,SINNUMERODEPARTE,,,,,NONE,0,NO_MATCH,true,
891|2|0|N/A,891,,N/A,N/A,NA,,,,,PLACEHOLDER_REJECTED,0,PLACEHOLDER_VALUE,true,
894|2|0|NO,894,,No,NO,NO,,,,,PLACEHOLDER_REJECTED,0,PLACEHOLDER_VALUE,true,
906|2|0|SN,906,,Integrado IC 5V,SN,SN,,,,,PLACEHOLDER_REJECTED,0,PLACEHOLDER_VALUE,true,
908|2|0|1016246,908,,Assy Leafbank Flex Circuit,1016246,1016246,10773,1016246,,Assy Leafbank Flex Circuit,REF_EXACT,1,MATCHED,false,
910|2|0|N/C,910,,N/C,N/C,NC,,,,,PLACEHOLDER_REJECTED,0,PLACEHOLDER_VALUE,true,
911|2|0|SN,911,,fusible 10 amp. 250Volt,SN,SN,,,,,PLACEHOLDER_REJECTED,0,PLACEHOLDER_VALUE,true,
914|2|0|No aplica,914,,Limpia Contacto,No aplica,NOAPLICA,,,,,PLACEHOLDER_REJECTED,0,PLACEHOLDER_VALUE,true,
919|2|0|No hay,919,,No hay,No hay,NOHAY,,,,,PLACEHOLDER_REJECTED,0,PLACEHOLDER_VALUE,true,
920|2|0|Sin número de parte,920,,Cable alternativo de HT,Sin número de parte,SINNUMERODEPARTE,,,,,NONE,0,NO_MATCH,true,
923|2|0|No Hay,923,,No Hay,No Hay,NOHAY,,,,,PLACEHOLDER_REJECTED,0,PLACEHOLDER_VALUE,true,
924|2|0|4513390460,924,,Tarjeta de control de IviewGt,4513390460,4513390460,,,,,NONE,0,NO_MATCH,true,
925|2|0|4513390560,925,,Tarjeta dd mando Iviewgt,4513390560,4513390560,,,,,NONE,0,NO_MATCH,true,
926|2|0|1516657,926,,Lesf Motor Drive PCB,1516657,1516657,,,,,NONE,0,NO_MATCH,true,
927|2|0|1010460,927,,cable assy,1010460,1010460,,,,,NONE,0,NO_MATCH,true,
928|2|0|N/U,928,,N/U,N/U,NU,,,,,NONE,0,NO_MATCH,true,
929|2|0|SN,929,,NA,SN,SN,,,,,PLACEHOLDER_REJECTED,0,PLACEHOLDER_VALUE,true,
931|2|0|,931,,Bateria Litio CR2032,,,,,,,PLACEHOLDER_REJECTED,0,PLACEHOLDER_VALUE,true,
935|2|0|N/C,935,,ampolleta Osram  de 12v 75w,N/C,NC,,,,,PLACEHOLDER_REJECTED,0,PLACEHOLDER_VALUE,true,
936|2|0|N/C,936,,N/C,N/C,NC,,,,,PLACEHOLDER_REJECTED,0,PLACEHOLDER_VALUE,true,
937|2|0|No utilizado,937,,No utilizado,No utilizado,NOUTILIZADO,,,,,NONE,0,NO_MATCH,true,
938|2|0|No utilizado,938,,No utilizado,No utilizado,NOUTILIZADO,,,,,NONE,0,NO_MATCH,true,
939|2|0|N/ utilizado,939,,N/ utilizado,N/ utilizado,NUTILIZADO,,,,,NONE,0,NO_MATCH,true,
940|2|0|N/A,940,,N/A,N/A,NA,,,,,PLACEHOLDER_REJECTED,0,PLACEHOLDER_VALUE,true,
942|3|0|,942,,Conjunto de Potenciometros de Gantry.,,,,,,,PLACEHOLDER_REJECTED,0,PLACEHOLDER_VALUE,true,
945|2|0|NA,945,,NA,NA,NA,,,,,PLACEHOLDER_REJECTED,0,PLACEHOLDER_VALUE,true,
946|2|0|,946,,Luz Halogena 12V 75W,,,,,,,PLACEHOLDER_REJECTED,0,PLACEHOLDER_VALUE,true,
947|2|0|NA,947,,NA,NA,NA,,,,,PLACEHOLDER_REJECTED,0,PLACEHOLDER_VALUE,true,
964|2|0|1541718,964,,"2 FRU, Pancake motor assembly",1541718,1541718,11595,1541718,,"FRU, Pancake Motor Assembly",REF_EXACT,1,MATCHED,false,
967|2|0|SN,967,,NA,SN,SN,,,,,PLACEHOLDER_REJECTED,0,PLACEHOLDER_VALUE,true,
969|2|0|N/A,969,,N/A,N/A,NA,,,,,PLACEHOLDER_REJECTED,0,PLACEHOLDER_VALUE,true,
970|2|0|n/a,970,,n/a,n/a,NA,,,,,PLACEHOLDER_REJECTED,0,PLACEHOLDER_VALUE,true,
972|2|0|No hay.,972,,No hay.,No hay.,NOHAY,,,,,PLACEHOLDER_REJECTED,0,PLACEHOLDER_VALUE,true,
973|2|0|821321900352,973,,Fusible de reterardo 10 amperios.,821321900352,821321900352,11061,821321900352,,"Fuse, 10A 32 VAC, time delay, glass cartridge 32 mm x 6.3mm (FS32E)",REF_EXACT,1,MATCHED,false,
974|2|0|1018265,974,,FRU Z Motor Brush SET (electrocraft),1018265,1018265,11961,1018265_proveedor_local,,"Proveedor Local, FRU MOTOR BRUSH SET (ELECTROCRAFT)",REF_LIKE,0.5,MATCHED,true,
975|3|0|45133416574,975,,Microswitch Plunger Assembly,45133416574,45133416574,,,,,REF_NORMALIZED_EXACT,0.85,AMBIGUOUS_MATCH,true,11279|11280
976|2|0|n/a,976,,n/a,n/a,NA,,,,,PLACEHOLDER_REJECTED,0,PLACEHOLDER_VALUE,true,
980|2|0|No hay.,980,,No hay.,No hay.,NOHAY,,,,,PLACEHOLDER_REJECTED,0,PLACEHOLDER_VALUE,true,
981|2|0|No hay.,981,,No hay.,No hay.,NOHAY,,,,,PLACEHOLDER_REJECTED,0,PLACEHOLDER_VALUE,true,
982|2|0|N/A,982,,Fuse 10A 32V,N/A,NA,,,,,PLACEHOLDER_REJECTED,0,PLACEHOLDER_VALUE,true,
985|2|0|N/A,985,,N/A,N/A,NA,,,,,PLACEHOLDER_REJECTED,0,PLACEHOLDER_VALUE,true,
986|2|0|No hay.,986,,Grasa EP2,No hay.,NOHAY,,,,,PLACEHOLDER_REJECTED,0,PLACEHOLDER_VALUE,true,
"989|2|0|water Valve 1022595
Fru XY drive Unit 45133318440",989,,"water Valve - 1
Fru XY drive Unit - 1

","water Valve 1022595
Fru XY drive Unit 45133318440",WATERVALVE1022595FRUXYDRIVEUNIT45133318440,,,,,REF_LIKE,0.5,AMBIGUOUS_MATCH,true,11805|11651
990|2|0|No hay.,990,,"Caja de control desarrollada por empresa, semáforo y switches. ",No hay.,NOHAY,,,,,PLACEHOLDER_REJECTED,0,PLACEHOLDER_VALUE,true,
991|2|0|No hay.,991,,"Caja de control desarrollada por empresa,  semáforo  y switches. ",No hay.,NOHAY,,,,,PLACEHOLDER_REJECTED,0,PLACEHOLDER_VALUE,true,
992|2|0|F153053FV,992,,copla FESTO RACOR RAPIDO ROSC.QSL-3/8-12,F153053FV,F153053FV,11825,F153053FV,,Festo Racor Rapido Rosc.,REF_EXACT,1,MATCHED,false,
996|5|0|45133318440,996,,Fru XY Drive Unit(1),45133318440,45133318440,11651,45133318440,,Fru XY Drive Unit,REF_EXACT,1,MATCHED,false,
996|7|0|45133164412,996,,"Potentiometer, 20k, 1 turn Fine(1)",45133164412,45133164412,10990,4513316441202U,,"Potentiometer, 20k, 1 turn Fine",REF_LIKE,0.5,MATCHED,true,
996|6|0|45133317157,996,,"timing belt 16T5 DL, 1263mm(1)",45133317157,45133317157,11046,45133317157,,"timing belt 16T5 DL, 1263mm",REF_EXACT,1,MATCHED,false,
996|4|0|45133304800,996,,ELECTRON GUN ASSY      (1),45133304800,45133304800,10375,45133304800,,SL ELECTRON GUN ASSY,REF_EXACT,1,MATCHED,false,
1004|3|0|BJ4853.222.02,1004,,Cable Assy SK25E,BJ4853.222.02,BJ485322202,11072,BJ4853.222.02,,"CABLE ASSY,SK25E TO X38H",REF_EXACT,1,MATCHED,false,
1004|5|0|1015076,1004,,Cable Rectractile SK26B,1015076,1015076,10957,1015076,,"Cable, retractile, MLC (SK25BB–SK26B)",REF_EXACT,1,MATCHED,false,
1004|4|0|1015075,1004,,Cable Retractile SK26A,1015075,1015075,10958,1015075,,"Cable, retractile, MLC (SK25AA–SK26A)",REF_EXACT,1,MATCHED,false,
1004|2|0|BJ4853.223.02,1004,,Cable Assy SK25F,BJ4853.223.02,BJ485322302,11073,BJ4853.223.02,,"CABLE ASSY,SK25F TO X38K",REF_EXACT,1,MATCHED,false,
"1005|2|0|1016474
1538489
1527044",1005,,"kit, spares, dlg bra (2)
pcb assy, dlg and diaphram drive (1)
programmed pcb assy, router (1)
","1016474
1538489
1527044",101647415384891527044,,,,,NONE,0,NO_MATCH,true,
1006|2|0|,1006,,Kit de bomba Bluephantom,,,,,,,PLACEHOLDER_REJECTED,0,PLACEHOLDER_VALUE,true,
1007|2|0|N/C,1007,,N/C,N/C,NC,,,,,PLACEHOLDER_REJECTED,0,PLACEHOLDER_VALUE,true,
1008|2|0|N/C,1008,,N/C,N/C,NC,,,,,PLACEHOLDER_REJECTED,0,PLACEHOLDER_VALUE,true,
1009|2|0|45133317815,1009,,csk scr m4 (tornillo)  cant 1,45133317815,45133317815,11456,45133317815_01,,TORNILLOS INOXIDABLES,REF_LIKE,0.5,MATCHED,true,
1011|2|0|1016472,1011,,"kit, spares, diaphragm brake  cant(2)",1016472,1016472,11874,1016472_usado,,Diaphragm brakes spare kit,REF_LIKE,0.5,MATCHED,true,
1017|2|0|1532432,1017,,GUN FILAMENT PSU,1532432,1532432,,,,,NONE,0,NO_MATCH,true,
1018|2|0|N/A,1018,,N/A,N/A,NA,,,,,PLACEHOLDER_REJECTED,0,PLACEHOLDER_VALUE,true,
1020|2|0|SN,1020,,NA,SN,SN,,,,,PLACEHOLDER_REJECTED,0,PLACEHOLDER_VALUE,true,
1021|2|0|Reemplazo por uno similar características perneria.,1021,,Perno Hex. 5/8 Grado 8,Reemplazo por uno similar características perneria.,REEMPLAZOPORUNOSIMILARCARACTERISTICASPERNERIA,,,,,NONE,0,NO_MATCH,true,
1025|2|0|R1510260,1025,,Panel de XVi,R1510260,R1510260,11815,R1510260,,KV Detector Panel,REF_EXACT,1,MATCHED,false,
1029|2|0|128345,1029,,Motor de identificación de viales,128345,128345,12310,128345,,MOTOR BRASHEL (S),REF_EXACT,1,MATCHED,false,
1032|2|0|,1032,,frenos de diafragmas,,,,,,,PLACEHOLDER_REJECTED,0,PLACEHOLDER_VALUE,true,
1038|2|0|N/A,1038,,N/A,N/A,NA,,,,,PLACEHOLDER_REJECTED,0,PLACEHOLDER_VALUE,true,
1039|2|0|NA,1039,,NA,NA,NA,,,,,PLACEHOLDER_REJECTED,0,PLACEHOLDER_VALUE,true,
1040|2|0|N/A,1040,,N/A,N/A,NA,,,,,PLACEHOLDER_REJECTED,0,PLACEHOLDER_VALUE,true,
1048|2|0|No hay.,1048,,No hay.,No hay.,NOHAY,,,,,PLACEHOLDER_REJECTED,0,PLACEHOLDER_VALUE,true,
1050|2|0|9239 315 18204,1050,,Projector halogen bulb,9239 315 18204,923931518204,11448,923931518204,,AMPOLLETA MLC TYPE 13289,REF_NORMALIZED_EXACT,0.85,MATCHED,false,
1051|2|0|BJ6219.001.02,1051,,Arm brake cable-A.,BJ6219.001.02,BJ621900102,11310,BJ6219.001.02,,iViewC™ Arm brake cable-A,REF_EXACT,1,MATCHED,false,
1052|2|0|No hay.,1052,,No hay,No hay.,NOHAY,,,,,PLACEHOLDER_REJECTED,0,PLACEHOLDER_VALUE,true,
1054|2|0|MG6070E SERIE: 21051168,1054,,Magnetron,MG6070E SERIE: 21051168,MG6070ESERIE21051168,,,,,NONE,0,NO_MATCH,true,
1055|2|0|45133164423,1055,,filter element (x2),45133164423,45133164423,10312,4513316442301M,,FILTER ELEMENT 5 MICRON,REF_LIKE,0.5,MATCHED,true,
1058|2|0|,1058,,Fusible 10A/32Vp,,,,,,,PLACEHOLDER_REJECTED,0,PLACEHOLDER_VALUE,true,
"1064|2|0|81130242521
45133326443",1064,,"leadscrew Assy
motor assembly","81130242521
45133326443",8113024252145133326443,,,,,NONE,0,NO_MATCH,true,
"1065|2|0|45133326443
81130242521",1065,,"motor assembly
leadscrew assy","45133326443
81130242521",4513332644381130242521,,,,,NONE,0,NO_MATCH,true,
1067|2|0|XD12038A2HS,1067,,4 Ventiladores de 220V/50Hz,XD12038A2HS,XD12038A2HS,,,,,NONE,0,NO_MATCH,true,
1068|2|0|N/A,1068,,N/A,N/A,NA,,,,,PLACEHOLDER_REJECTED,0,PLACEHOLDER_VALUE,true,
1073|2|0|1021309,1073,,Wedge PCB,1021309,1021309,10764,1021309___1564281,,"PCB ASSY, WEDGE CONTROL",REF_LIKE,0.5,MATCHED,true,
1075|3|0|,1075,,Filtro principal Canister,,,,,,,PLACEHOLDER_REJECTED,0,PLACEHOLDER_VALUE,true,
1075|2|0|,1075,,Filtro de bomba succión de sueros,,,,,,,PLACEHOLDER_REJECTED,0,PLACEHOLDER_VALUE,true,
1077|2|0|31800000643,1077,,Filtro superior DUG B SP 519 H14,31800000643,31800000643,,,,,NONE,0,NO_MATCH,true,
1078|8|0|1541653,1078,,"Drift tube assembly , FRU viton",1541653,1541653,11855,1541653,,"DRIFT TUBE ASSY, FRU, VITON",REF_EXACT,1,MATCHED,false,
1078|10|0|1515098,1078,,Gun. Ion pum Spare,1515098,1515098,10374,1515098,,ION PUMP - SPARE,REF_EXACT,1,MATCHED,false,
1078|9|0|45133400146,1078,,"Slittless flight tube, service spare kit",45133400146,45133400146,11837,45133400146,,Slitless flight tube kit,REF_EXACT,1,MATCHED,false,
1078|7|0|1538261,1078,,"FRU Kit, Flight tube drive asssy ",1538261,1538261,11854,1538261,,"FRU KIT, FLIGHT TUBE DRIVE",REF_EXACT,1,MATCHED,false,
1082|2|0|1534958,1082,,kit motor,1534958,1534958,11034,1534958,,Leaf motor spares kit,REF_EXACT,1,MATCHED,false,
1084|2|0|N/C,1084,,N/C,N/C,NC,,,,,PLACEHOLDER_REJECTED,0,PLACEHOLDER_VALUE,true,
1086|2|0|,1086,,Nuez,,,,,,,PLACEHOLDER_REJECTED,0,PLACEHOLDER_VALUE,true,
1087|2|0|1534958,1087,,"(8) Kit, Spares, Leaf Motors",1534958,1534958,11034,1534958,,Leaf motor spares kit,REF_EXACT,1,MATCHED,false,
1090|2|0|22222,1090,,Repuesto 1,22222,22222,,,,,NONE,0,NO_MATCH,true,
1093|2|0|Sin part number,1093,,Insumo,Sin part number,SINPARTNUMBER,,,,,NONE,0,NO_MATCH,true,
1094|2|0|No aplica,1094,,Insumo,No aplica,NOAPLICA,,,,,PLACEHOLDER_REJECTED,0,PLACEHOLDER_VALUE,true,
1095|2|0|n/c,1095,,n/C,n/c,NC,,,,,PLACEHOLDER_REJECTED,0,PLACEHOLDER_VALUE,true,
1096|2|0|N/C,1096,,N/C,N/C,NC,,,,,PLACEHOLDER_REJECTED,0,PLACEHOLDER_VALUE,true,
1099|3|0|1533330,1099,,"Fru, Z motor brush Set",1533330,1533330,,,,,NONE,0,NO_MATCH,true,
1099|2|0|1500443,1099,,LED PCB Rev. 2,1500443,1500443,11164,1500443_02,,PCB Assy Led Control,REF_LIKE,0.5,MATCHED,true,
1100|2|0|,1100,,"2 x Panqueques, 1 Kit telemetro, 1 DLG PCB, 1 DIE RHB ",,,,,,,PLACEHOLDER_REJECTED,0,PLACEHOLDER_VALUE,true,
1103|2|0|,1103,,Monitor ViewSonic,,,,,,,PLACEHOLDER_REJECTED,0,PLACEHOLDER_VALUE,true,
1104|2|0|1538489,1104,,"PCB assy, DLG and Diaphragm Drive",1538489,1538489,,,,,NONE,0,NO_MATCH,true,
1105|2|0|N/A,1105,,N/A,N/A,NA,,,,,PLACEHOLDER_REJECTED,0,PLACEHOLDER_VALUE,true,
1106|2|0|BJ4853.228.01,1106,,Cable X30B-X43,BJ4853.228.01,BJ485322801,11851,BJ4853.228.01,,CABLE X30B - X43,REF_EXACT,1,MATCHED,false,
1108|2|0|45133904034,1108,,PCB Assy motor therm,45133904034,45133904034,10399,45133904034,,PCB ASSY MOTOR THER,REF_EXACT,1,MATCHED,false,
1111|2|0|1014474,1111,,cable assy sw1/sw2,1014474,1014474,11677,1014474,,Cable Assy sw1/sw2 T,REF_EXACT,1,MATCHED,false,
1113|2|0|,1113,,Tapete antiresbalante de identificación,,,,,,,PLACEHOLDER_REJECTED,0,PLACEHOLDER_VALUE,true,
1118|2|0|N/C,1118,,"Grasa EP-2, limpia contacto, wd-40",N/C,NC,,,,,PLACEHOLDER_REJECTED,0,PLACEHOLDER_VALUE,true,
1121|2|0|No hsy,1121,,No hay,No hsy,NOHSY,,,,,NONE,0,NO_MATCH,true,
1122|2|0|No hay,1122,,No hay,No hay,NOHAY,,,,,PLACEHOLDER_REJECTED,0,PLACEHOLDER_VALUE,true,
"1126|2|0|1006860
1538361
45133400146",1126,,"Dos Bombas Ionicas
Un Drift Tube 
un Fly Tube
sellos de Drift Tube","1006860
1538361
45133400146",1006860153836145133400146,,,,,REF_LIKE,0.5,AMBIGUOUS_MATCH,true,10964|11837
1127|2|0|1006737,1127,,pcb sib,1006737,1006737,12071,1006737_usado,,SIB PCB,REF_LIKE,0.5,MATCHED,true,
"1130|2|0|45133354085
1008461
45133908044
1015459
1013485",1130,,"Mother board
Control Processor PCB
Serial link Isolation PCB
Linac Interface PCB
Cable Sata","45133354085
1008461
45133908044
1015459
1013485",4513335408510084614513390804410154591013485,,,,,REF_LIKE,0.5,AMBIGUOUS_MATCH,true,11999|12001
1131|2|0|N/A,1131,,N/A,N/A,NA,,,,,PLACEHOLDER_REJECTED,0,PLACEHOLDER_VALUE,true,
1132|3|0|1016474,1132,,2 dlg brake,1016474,1016474,11873,1016474_usado,,"KIT, SPARES, DLG BRAKE",REF_LIKE,0.5,MATCHED,true,
1132|2|0|1534958,1132,,Leaf Motor,1534958,1534958,11034,1534958,,Leaf motor spares kit,REF_EXACT,1,MATCHED,false,
1133|3|0|1016641,1133,,"ASSY, ACCESORY PCB & BRACKET",1016641,1016641,10762,1016641,,Assy Accessory PCB and Bracket,REF_EXACT,1,MATCHED,false,
1133|5|0|1015075 / 1015076,1133,,(2) CABLE RETRACTILE SK25A Y SK25B,1015075 / 1015076,10150751015076,,,,,REF_LIKE,0.5,AMBIGUOUS_MATCH,true,10958|10957
1133|4|0|1018559,1133,,"(2) ASSY, BRACKET & FAN",1018559,1018559,10724,1018559,,"ASSY, BRACKET & FAN",REF_EXACT,1,MATCHED,false,
1133|7|0|CR2032,1133,,(2) Pilas,CR2032,CR2032,,,,,NONE,0,NO_MATCH,true,
1133|2|0|1023830,1133,,"Assembly, 160MLC PSU, UR SOLUTION",1023830,1023830,,,,,NONE,0,NO_MATCH,true,
1133|6|0|1531145,1133,,"ASSY, FAN 70X70X15MM ",1531145,1531145,11145,1531145,,"Assy, Fan 70x70x15mm",REF_EXACT,1,MATCHED,false,
1141|3|0|45133307890,1141,,IPCU,45133307890,45133307890,10423,45133307890,,ION PUMP PSU (IPCU),REF_EXACT,1,MATCHED,false,
1141|4|0|EL469506,1141,,Framegrabber for Iview,EL469506,EL469506,,,,,NONE,0,NO_MATCH,true,
1141|2|0|1016474,1141,,(2) DLG Brake,1016474,1016474,11873,1016474_usado,,"KIT, SPARES, DLG BRAKE",REF_LIKE,0.5,MATCHED,true,
1142|2|0|NA,1142,,NA,NA,NA,,,,,PLACEHOLDER_REJECTED,0,PLACEHOLDER_VALUE,true,
1143|2|0|45133164412,1143,,Potenciómetro single turn 66575-ZUP-203,45133164412,45133164412,10990,4513316441202U,,"Potentiometer, 20k, 1 turn Fine",REF_LIKE,0.5,MATCHED,true,
1146|2|0|numero de parte del repuesto,1146,,nombre del repuesto usado,numero de parte del repuesto,NUMERODEPARTEDELREPUESTO,,,,,NONE,0,NO_MATCH,true,
1149|2|0|1014474,1149,,CABLE ASSY SW1/SW2,1014474,1014474,11677,1014474,,Cable Assy sw1/sw2 T,REF_EXACT,1,MATCHED,false,
1153|2|0|1502613,1153,,telemetro laser,1502613,1502613,10994,1502613,,Laser ODI Spares Kit,REF_EXACT,1,MATCHED,false,
1158|2|0|No hay,1158,,"Grasa EP2, aceite liviano. ",No hay,NOHAY,,,,,PLACEHOLDER_REJECTED,0,PLACEHOLDER_VALUE,true,
1159|2|0|,1159,,"Grasa EP2, paños de limpieza. ",,,,,,,PLACEHOLDER_REJECTED,0,PLACEHOLDER_VALUE,true,
1161|2|0|Diode 1018874.,1161,,2 diodos de Rf. Thyratron usada.   PCB SIB usada.,Diode 1018874.,DIODE1018874,11757,1018874,,"Diode, SI 1N416CM-D023",REF_LIKE,0.5,MATCHED,true,
1163|2|0|MG6363.,1163,,Magnetron usado.,MG6363.,MG6363,,,,,NONE,0,NO_MATCH,true,
1167|2|0|128284,1167,,Cable Profibus de Motor Jeringa,128284,128284,11849,128284,,Cavo 0975 254 101/5M,REF_EXACT,1,MATCHED,false,
1169|3|0|1538489,1169,,"Sur: Pcb assy, dlg and diaphragm drive cant 1",1538489,1538489,,,,,NONE,0,NO_MATCH,true,
1169|2|0|1016474,1169,,"Nor: Kit, spares, dlg brake cant:2",1016474,1016474,11873,1016474_usado,,"KIT, SPARES, DLG BRAKE",REF_LIKE,0.5,MATCHED,true,
1170|3|0|1016474,1170,,(2) DLG Brakes,1016474,1016474,11873,1016474_usado,,"KIT, SPARES, DLG BRAKE",REF_LIKE,0.5,MATCHED,true,
1170|2|0|1020890,1170,,Motor Drive PSU Assy,1020890,1020890,,,,,NONE,0,NO_MATCH,true,
1173|5|0|,1173,,(1) Diaphragms Brake,,,,,,,PLACEHOLDER_REJECTED,0,PLACEHOLDER_VALUE,true,
1173|4|0|,1173,,"(2) Leaf Motor, Kit",,,,,,,PLACEHOLDER_REJECTED,0,PLACEHOLDER_VALUE,true,
1174|2|0|,1174,,kits upgrade monaco 5.51.10,,,,,,,PLACEHOLDER_REJECTED,0,PLACEHOLDER_VALUE,true,
1176|2|0|N/A,1176,,Mónaco 5.51.10 upgrade kit,N/A,NA,,,,,PLACEHOLDER_REJECTED,0,PLACEHOLDER_VALUE,true,
1177|2|0|S/N Parte.,1177,,CARBONES PARA MOTOR,S/N Parte.,SNPARTE,,,,,NONE,0,NO_MATCH,true,
1178|2|0|No hay,1178,,"Grasa EP2, Paños de limpieza. ",No hay,NOHAY,,,,,PLACEHOLDER_REJECTED,0,PLACEHOLDER_VALUE,true,
1179|2|0|1540453,1179,,BMDM Upgrade KIT,1540453,1540453,,,,,NONE,0,NO_MATCH,true,
"1181|2|0|4513 332 6475
4513 332 644304
1015075
1015076
81130242521
4513 331 7881
4513 331 8864
4513 331 6442301",1181,,"nut: 04
motor assembly: 04
cable retráctil sk26A: 01
cable retráctil sk26B: 01
tornillo leadscrew: 04
pot fine: 02
pot checo and coarse: 08
filtro de Agua: 02
grasa EP2
wd-40
Aire comprimido.
","4513 332 6475
4513 332 644304
1015075
1015076
81130242521
4513 331 7881
4513 331 8864
4513 331 6442301",4513332647545133326443041015075101507681130242521451333178814513331886445133316442301,,,,,REF_LIKE,0.5,AMBIGUOUS_MATCH,true,10958|10957|11606|10981|10835
1182|2|0|N/C,1182,,N/C,N/C,NC,,,,,PLACEHOLDER_REJECTED,0,PLACEHOLDER_VALUE,true,
1183|2|0|No,1183,,No,No,NO,,,,,PLACEHOLDER_REJECTED,0,PLACEHOLDER_VALUE,true,
1184|2|0|No hay,1184,,Grasa Ep2.,No hay,NOHAY,,,,,PLACEHOLDER_REJECTED,0,PLACEHOLDER_VALUE,true,
1186|2|0|,1186,,Disco duro,,,,,,,PLACEHOLDER_REJECTED,0,PLACEHOLDER_VALUE,true,
1188|2|0|,1188,,Soporte de Jeringa 50ml,,,,,,,PLACEHOLDER_REJECTED,0,PLACEHOLDER_VALUE,true,
1189|2|0|1532627,1189,,FRU GUN FILAMENT PSU,1532627,1532627,11681,1532627,,"FRU,GUN FILA PSU",REF_EXACT,1,MATCHED,false,
1191|2|0|1006737,1191,,PCB ASSY SIB,1006737,1006737,12071,1006737_usado,,SIB PCB,REF_LIKE,0.5,MATCHED,true,
1193|2|0|SN,1193,,fusible D2 10A/320/ NR2 Diodos de Poder,SN,SN,,,,,PLACEHOLDER_REJECTED,0,PLACEHOLDER_VALUE,true,
1197|2|0|N/A,1197,,N/A,N/A,NA,,,,,PLACEHOLDER_REJECTED,0,PLACEHOLDER_VALUE,true,
1199|2|0|N/A,1199,,N/A,N/A,NA,,,,,PLACEHOLDER_REJECTED,0,PLACEHOLDER_VALUE,true,
1200|2|0|1540383,1200,,"spare kit, BMDM update",1540383,1540383,11733,1540383,,"SPARES KIT, BMDM F/W UPDATE",REF_EXACT,1,MATCHED,false,
1201|3|0|1541718,1201,,Motor Panqueque,1541718,1541718,11595,1541718,,"FRU, Pancake Motor Assembly",REF_EXACT,1,MATCHED,false,
1201|2|0|45133302611,1201,,(2) Gear Box,45133302611,45133302611,10996,45133302611,,"Gearbox and brake assembly, front",REF_EXACT,1,MATCHED,false,
1202|2|0|n/a,1202,,n/a,n/a,NA,,,,,PLACEHOLDER_REJECTED,0,PLACEHOLDER_VALUE,true,
1203|2|0|,1203,,kits upgrade monaco,,,,,,,PLACEHOLDER_REJECTED,0,PLACEHOLDER_VALUE,true,
1206|2|0|No hay,1206,,No hay,No hay,NOHAY,,,,,PLACEHOLDER_REJECTED,0,PLACEHOLDER_VALUE,true,
1207|2|0|13101900,1207,,"PCB ASSY, WEDGE CONTROL ",13101900,13101900,,,,,NONE,0,NO_MATCH,true,
1210|2|0|,1210,,elementos de limpieza en sitio,,,,,,,PLACEHOLDER_REJECTED,0,PLACEHOLDER_VALUE,true,
1211|2|0|N/A,1211,,N/A,N/A,NA,,,,,PLACEHOLDER_REJECTED,0,PLACEHOLDER_VALUE,true,
1212|2|0|45133304800,1212,,Electron gun subassembly.,45133304800,45133304800,10375,45133304800,,SL ELECTRON GUN ASSY,REF_EXACT,1,MATCHED,false,
1214|2|0|1527044,1214,,"programmed pcb assy, router",1527044,1527044,,,,,NONE,0,NO_MATCH,true,
1215|3|0|1006737,1215,,SIB PCB,1006737,1006737,12071,1006737_usado,,SIB PCB,REF_LIKE,0.5,MATCHED,true,
1216|2|0|1510260,1216,,panel XVI,1510260,1510260,,,,,REF_LIKE,0.5,AMBIGUOUS_MATCH,true,11815|11920|10702|10703
1219|2|0|No hay.,1219,,No hay.,No hay.,NOHAY,,,,,PLACEHOLDER_REJECTED,0,PLACEHOLDER_VALUE,true,
1222|2|0|SN,1222,,baterias de 12 VDC,SN,SN,,,,,PLACEHOLDER_REJECTED,0,PLACEHOLDER_VALUE,true,
1223|2|0|1017632,1223,,CCU PCB,1017632,1017632,11872,1017632_usado,,PCB ASSY CAMERA CCU,REF_LIKE,0.5,MATCHED,true,
1224|2|0|SN,1224,,"fusible 0,5 amp.",SN,SN,,,,,PLACEHOLDER_REJECTED,0,PLACEHOLDER_VALUE,true,
1226|2|0|1017632,1226,,CCU PCB,1017632,1017632,11872,1017632_usado,,PCB ASSY CAMERA CCU,REF_LIKE,0.5,MATCHED,true,
1227|2|0|NA,1227,,NA,NA,NA,,,,,PLACEHOLDER_REJECTED,0,PLACEHOLDER_VALUE,true,
1229|2|0|NA,1229,,NA,NA,NA,,,,,PLACEHOLDER_REJECTED,0,PLACEHOLDER_VALUE,true,
1230|2|0|NA,1230,,NA,NA,NA,,,,,PLACEHOLDER_REJECTED,0,PLACEHOLDER_VALUE,true,
1231|2|0|NA,1231,,NA,NA,NA,,,,,PLACEHOLDER_REJECTED,0,PLACEHOLDER_VALUE,true,
1233|2|0|1017632,1233,,CCU PCB,1017632,1017632,11872,1017632_usado,,PCB ASSY CAMERA CCU,REF_LIKE,0.5,MATCHED,true,
1234|2|0|No hay.,1234,,No hay.,No hay.,NOHAY,,,,,PLACEHOLDER_REJECTED,0,PLACEHOLDER_VALUE,true,
1235|2|0|n/A,1235,,Halógeno lamp 8V 50W,n/A,NA,,,,,PLACEHOLDER_REJECTED,0,PLACEHOLDER_VALUE,true,
1238|2|0|1538489,1238,,"PCB Assy, DLG and Diaphragm Drive",1538489,1538489,,,,,NONE,0,NO_MATCH,true,
1239|2|0|N/A,1239,,N/A,N/A,NA,,,,,PLACEHOLDER_REJECTED,0,PLACEHOLDER_VALUE,true,
1241|2|0|No hay.,1241,,No hay.,No hay.,NOHAY,,,,,PLACEHOLDER_REJECTED,0,PLACEHOLDER_VALUE,true,
1242|2|0|NA,1242,,Cintas de respaldo Nr 8,NA,NA,,,,,PLACEHOLDER_REJECTED,0,PLACEHOLDER_VALUE,true,
1244|2|0|NA,1244,,NA,NA,NA,,,,,PLACEHOLDER_REJECTED,0,PLACEHOLDER_VALUE,true,
1245|2|0|1527814,1245,,Fuente de Poder bombas Ionicas IPCU CTRL ELEKTA,1527814,1527814,11929,1527814,,"PSU, ION PUMP",REF_EXACT,1,MATCHED,false,
1246|2|0|,1246,,Fusible 10A/32Vp,,,,,,,PLACEHOLDER_REJECTED,0,PLACEHOLDER_VALUE,true,
1247|2|0|,1247,,Fusible de 10A/32Vp,,,,,,,PLACEHOLDER_REJECTED,0,PLACEHOLDER_VALUE,true,
1248|2|0|1536393,1248,,emergency down drive module,1536393,1536393,12037,1536393,,"FRU,EMERGENCY DOWN DRIVE MODULE",REF_EXACT,1,MATCHED,false,
1249|2|0|,1249,,Servidor Direct Storage y LTO de cinta,,,,,,,PLACEHOLDER_REJECTED,0,PLACEHOLDER_VALUE,true,
1250|2|0|n/a,1250,150655,n/a,n/a,NA,,,,,PLACEHOLDER_REJECTED,0,PLACEHOLDER_VALUE,true,
1252|2|0|1010925,1252,719418,"screen assy, head   (crosswire)",1010925,1010925,12034,1010925_usado,,Screen assembly crosswire Agility Head,REF_LIKE,0.5,MATCHED,true,
1253|2|0|N/C,1253,,"Limpia contacto, wd-40, grasa EP-2",N/C,NC,,,,,PLACEHOLDER_REJECTED,0,PLACEHOLDER_VALUE,true,
1254|2|0|n/c,1254,,kitsch upgrade monaco 5.51.10,n/c,NC,,,,,PLACEHOLDER_REJECTED,0,PLACEHOLDER_VALUE,true,
1255|7|0|1511693 02,1255,465221,FRU CHARGING HIGH VOLTAGE CAB,1511693 02,151169302,11489,1511693,,CHARGING HIGH VOLTAGE CABLE,REF_LIKE,0.5,MATCHED,true,
1255|6|0|1519710 01,1255,465221,FRU FIR HT CABLE,1519710 01,151971001,11574,1519710,,"FRU, HT CABLE, cable assembly, Transformer M2, M4 -Magnetron",REF_LIKE,0.5,MATCHED,true,
1261|3|0|45133298035,1261,549574,cable modulator/gun,45133298035,45133298035,11128,45133298035,,"CABLE,MODULATOR/GUN.",REF_EXACT,1,MATCHED,false,
1261|2|0|45133308790,1261,549574,transformer gun,45133308790,45133308790,10970,45133308790,,TRANSFORMADOR GUN,REF_EXACT,1,MATCHED,false,
1261|4|0|351372100645P,1261,549574,resistor 330R +/- 5%,351372100645P,351372100645P,12010,351372100645P,,Resistor 330R +/- 5%,REF_EXACT,1,MATCHED,false,
1262|2|0|1011035,1262,,Motor Z Precise Table,1011035,1011035,,,,,NONE,0,NO_MATCH,true,
1264|2|0|N/A,1264,,N/A,N/A,NA,,,,,PLACEHOLDER_REJECTED,0,PLACEHOLDER_VALUE,true,
1267|2|0|No hay.,1267,,"Grasa EP2, aceite liviano y paños de limpieza",No hay.,NOHAY,,,,,PLACEHOLDER_REJECTED,0,PLACEHOLDER_VALUE,true,
1269|4|0|45133411940,1269,434875,Long (upper) roller-blind assembly (1),45133411940,45133411940,,,,,NONE,0,NO_MATCH,true,
1269|5|0|451362610002,1269,434875,Longitudinal drive belt  (2),451362610002,451362610002,11043,451362610002L,,"Longitudinal Drive Belt, timing#6T5/1215",REF_LIKE,0.5,MATCHED,true,
1269|3|0|4513341184601H,1269,434875,"cable assy, pl5 to S  (1)",4513341184601H,4513341184601H,11694,45133411846,,"CABLE ASSY, PL5 TO SK5A",REF_LIKE,0.5,MATCHED,true,
1271|2|0|1534958,1271,100033,kit motor spares,1534958,1534958,11034,1534958,,Leaf motor spares kit,REF_EXACT,1,MATCHED,false,
1274|2|0|N/A,1274,,N/A,N/A,NA,,,,,PLACEHOLDER_REJECTED,0,PLACEHOLDER_VALUE,true,
1275|2|0|n/a,1275,475970,"Grasa Ep2
Limpia contactos",n/a,NA,,,,,PLACEHOLDER_REJECTED,0,PLACEHOLDER_VALUE,true,
1281|3|0|1527044,1281,564323,"Programmed PCB assy, router",1527044,1527044,,,,,NONE,0,NO_MATCH,true,
1281|2|0|1017632,1281,564323,"PCB assy, camera CCU",1017632,1017632,11872,1017632_usado,,PCB ASSY CAMERA CCU,REF_LIKE,0.5,MATCHED,true,
1282|2|0|45133304800,1282,,Gun Assy,45133304800,45133304800,10375,45133304800,,SL ELECTRON GUN ASSY,REF_EXACT,1,MATCHED,false,
1283|2|0|1502613,1283,808668,Telemetro Laser,1502613,1502613,10994,1502613,,Laser ODI Spares Kit,REF_EXACT,1,MATCHED,false,
1284|2|0|NA,1284,532379,NA,NA,NA,,,,,PLACEHOLDER_REJECTED,0,PLACEHOLDER_VALUE,true,
1286|2|0|N/A,1286,,N/A,N/A,NA,,,,,PLACEHOLDER_REJECTED,0,PLACEHOLDER_VALUE,true,
1287|2|0|1531852,1287,315212,FRU XY Drive Unit,1531852,1531852,10372,1531852,,FRU XY DRIVE UNIT,REF_EXACT,1,MATCHED,false,
1290|2|0|45133302802,1290,674531,"motor assembly, pancake",45133302802,45133302802,10997,45133302802,,"Motor assembly, pancake",REF_EXACT,1,MATCHED,false,
1293|2|0|1006737,1293,000000000,SERVO INPUT BOARD (SIB),1006737,1006737,12071,1006737_usado,,SIB PCB,REF_LIKE,0.5,MATCHED,true,
1295|2|0|N/A,1295,,N/A,N/A,NA,,,,,PLACEHOLDER_REJECTED,0,PLACEHOLDER_VALUE,true,
1301|2|0|1511862,1301,599574,"PCB ASSY, AI12 BIT, PROGRAMMED",1511862,1511862,10121,1511862,,"Analog input, 12-bit (AI12) version 2",REF_EXACT,1,MATCHED,false,
1302|2|0|N/A,1302,,N/A,N/A,NA,,,,,PLACEHOLDER_REJECTED,0,PLACEHOLDER_VALUE,true,
1306|2|0|03-999-1290,1306,274725,"Hexa POD, Handheld Controller",03-999-1290,039991290,12067,03-999-1290,,Handheld Controller,REF_EXACT,1,MATCHED,false,
1307|2|0|64607 EFM,1307,00000,NR 2 LAMPARAS HALOGENO 8V 50 W OSRAM,64607 EFM,64607EFM,,,,,NONE,0,NO_MATCH,true,
1311|2|0|NA,1311,507391,NA,NA,NA,,,,,PLACEHOLDER_REJECTED,0,PLACEHOLDER_VALUE,true,
1312|2|0|NA,1312,290214,NA,NA,NA,,,,,PLACEHOLDER_REJECTED,0,PLACEHOLDER_VALUE,true,
1314|2|0|1502738,1314,285305,"Fru, thumbwheels pwb",1502738,1502738,11107,1502738,,"FRU,THUMBWHEEL PWB SIDE A.MKII",REF_EXACT,1,MATCHED,false,
1317|2|0|1502740,1317,285305,"fru, thumbwheel side B",1502740,1502740,11554,1502740,,Thumbwheel PWB Side B MKII,REF_EXACT,1,MATCHED,false,
1321|2|0|SN,1321,,NA,SN,SN,,,,,PLACEHOLDER_REJECTED,0,PLACEHOLDER_VALUE,true,
1322|2|0|1547237,1322,368560,"kit, luminus proj assy and pcb led control",1547237,1547237,,,,,REF_LIKE,0.5,AMBIGUOUS_MATCH,true,12086|10767
1324|3|0|1502613,1324,479892,"Mod Kit, Laser ODI Lamp",1502613,1502613,10994,1502613,,Laser ODI Spares Kit,REF_EXACT,1,MATCHED,false,
1330|2|0|1050661,1330,864151,detector cable A (C),1050661,1050661,11379,1050661,,Detector brake cable-B,REF_EXACT,1,MATCHED,false,
1331|2|0|n/a,1331,326756,n/a,n/a,NA,,,,,PLACEHOLDER_REJECTED,0,PLACEHOLDER_VALUE,true,
1332|2|0|NA,1332,375731,UPS AP,NA,NA,,,,,PLACEHOLDER_REJECTED,0,PLACEHOLDER_VALUE,true,
1333|2|0|NA,1333,686250,NA,NA,NA,,,,,PLACEHOLDER_REJECTED,0,PLACEHOLDER_VALUE,true,
1335|2|0|1527814,1335,553258,Ion Pump IPCU,1527814,1527814,11929,1527814,,"PSU, ION PUMP",REF_EXACT,1,MATCHED,false,
1336|6|0|1006737,1336,508853,SIB PCB,1006737,1006737,12071,1006737_usado,,SIB PCB,REF_LIKE,0.5,MATCHED,true,
1336|5|0|1022473,1336,508853,Bending Magnet Assembly Repair Kit,1022473,1022473,11983,1022473,,Bending Magnet Assembly Repair Kit,REF_EXACT,1,MATCHED,false,
1338|3|0|1538489,1338,508853,Diaphragm/DLG PCB,1538489,1538489,,,,,NONE,0,NO_MATCH,true,
1338|2|0|1024939,1338,508853,Assy 40x40x10mm LED Projector FAN Heatsink,1024939,1024939,10776,1024939,,"ASSY, 40X40X10MM FAN, HEATSINK",REF_EXACT,1,MATCHED,false,
1340|3|0|45133304800,1340,,Electrón Gun Assy,45133304800,45133304800,10375,45133304800,,SL ELECTRON GUN ASSY,REF_EXACT,1,MATCHED,false,
1344|2|0|1534958,1344,844191,"Kit, spares leaf motor",1534958,1534958,11034,1534958,,Leaf motor spares kit,REF_EXACT,1,MATCHED,false,
1347|2|0|n/a,1347,903908,n/a,n/a,NA,,,,,PLACEHOLDER_REJECTED,0,PLACEHOLDER_VALUE,true,
1358|2|0|1038684 01,1358,481510,"PCB ASSY, BACKPLANE",1038684 01,103868401,,,,,NONE,0,NO_MATCH,true,
"1360|2|0|4513 332 6590
10104958
4513 332 7663
4513 332 7662
4513 332 6443
81130242521",1360,,"01 cámara lens
01 cámara mirror
01 proyector mirror
01 bean Spitzer mirror
01 motor assembly (lámina 17) 
01 tornillo leadscrew (lámina 17)
kit de limpieza para optica
grasa Ep2

","4513 332 6590
10104958
4513 332 7663
4513 332 7662
4513 332 6443
81130242521",451333265901010495845133327663451333276624513332644381130242521,,,,,REF_LIKE,0.5,AMBIGUOUS_MATCH,true,11570|11568|11571
1361|2|0|N/A,1361,,N/A,N/A,NA,,,,,PLACEHOLDER_REJECTED,0,PLACEHOLDER_VALUE,true,
1363|2|0|1538489,1363,318046,"DLG, PCB",1538489,1538489,,,,,NONE,0,NO_MATCH,true,
1364|2|0|,1364,20001502053,kits upgrade nss e integrity,,,,,,,PLACEHOLDER_REJECTED,0,PLACEHOLDER_VALUE,true,
1368|2|0|1515098,1368,117327,bomba Ionica,1515098,1515098,10374,1515098,,ION PUMP - SPARE,REF_EXACT,1,MATCHED,false,
1369|2|0|4513317881,1369,779906,Potenciometros camilla Lado A,4513317881,4513317881,,,,,NONE,0,NO_MATCH,true,
1371|2|0|1534959,1371,148260,"Kit, spares, Leaf motor ",1534959,1534959,,,,,NONE,0,NO_MATCH,true,
1372|2|0|Mirror Assembly,1372,517136,1010848,Mirror Assembly,MIRRORASSEMBLY,,,,,NONE,0,NO_MATCH,true,
1376|2|0|,1376,665447,"Grasa Ep2
Limpia Contacto
Aire Comprimido",,,,,,,PLACEHOLDER_REJECTED,0,PLACEHOLDER_VALUE,true,
1383|2|0|no hsy,1383,,no hay,no hsy,NOHSY,,,,,NONE,0,NO_MATCH,true,
1384|2|0|NA,1384,,NA,NA,NA,,,,,PLACEHOLDER_REJECTED,0,PLACEHOLDER_VALUE,true,
1385|2|0|,1385,704250,Filtros de agua circuito interno,,,,,,,PLACEHOLDER_REJECTED,0,PLACEHOLDER_VALUE,true,
1390|2|0|4513 390 9025,1390,,tarjeta electrónica motor drive,4513 390 9025,45133909025,10944,45133909025,,MOTOR DRIVE PCB MLC (demux),REF_NORMALIZED_EXACT,0.85,MATCHED,false,
1391|2|0|N/C,1391,,fusible de 32V-10A,N/C,NC,,,,,PLACEHOLDER_REJECTED,0,PLACEHOLDER_VALUE,true,
1392|2|0|,1392,9999,"1- Panel Xvi (nueva generación)
2- Generador XRays
3- Mk6
4- 2 baterias para UPS EIM
5- Tarjeta PCB microsiwtch dd movimiento longitudinal XVi
6- motor movimiento longitudinal XVi
7- freno movimiento longitudinal XVi",,,,,,,PLACEHOLDER_REJECTED,0,PLACEHOLDER_VALUE,true,
1395|2|0|N/A,1395,,N/A,N/A,NA,,,,,PLACEHOLDER_REJECTED,0,PLACEHOLDER_VALUE,true,
1397|2|0|thyratron de clínica,1397,9999,N/A tipo (CX1154L) Serial number: 42100,thyratron de clínica,THYRATRONDECLINICA,,,,,NONE,0,NO_MATCH,true,
1398|2|0|1531851,1398,704250,1u Fru XY drive (motor lateral de camilla),1531851,1531851,,,,,NONE,0,NO_MATCH,true,
1399|2|0|No hay.,1399,937899,No hay.,No hay.,NOHAY,,,,,PLACEHOLDER_REJECTED,0,PLACEHOLDER_VALUE,true,
1400|2|0|45133416574,1400,964324,tarjeta micro swich,45133416574,45133416574,,,,,REF_NORMALIZED_EXACT,0.85,AMBIGUOUS_MATCH,true,11279|11280
1401|2|0|1531848,1401,749449,FRU X Driver (D Shape),1531848,1531848,12092,1531848,,X-drive subassembly （D- SHAPE）,REF_EXACT,1,MATCHED,false,
1408|2|0|1534958,1408,,"Kit, spares Leaf motor",1534958,1534958,11034,1534958,,Leaf motor spares kit,REF_EXACT,1,MATCHED,false,
1413|2|0|S/PN,1413,,Graphite Nut,S/PN,SPN,,,,,NONE,0,NO_MATCH,true,
1414|2|0|No hay,1414,286087,No hay,No hay,NOHAY,,,,,PLACEHOLDER_REJECTED,0,PLACEHOLDER_VALUE,true,
"1421|2|0|4513 331 6442
4513 331 6442
4513 331 7881",1421,,"01 Potenciómetro Coarse
01 Potenciometro Check
01 Potenciometro Fine
Grasa EP2
limpia contactos 
aire comprimido 
amarras plásticas ","4513 331 6442
4513 331 6442
4513 331 7881",451333164424513331644245133317881,11606,45133317881,,"FRU X,Y,FINE POT,MET",REF_LIKE,0.5,MATCHED,true,
1422|2|0|4513 390 4654 Iss. 02,1422,706651,"PCB Leaf motor drive, reparada por cliente. ",4513 390 4654 Iss. 02,45133904654ISS02,12095,45133904654,,"PCB ASY, MOTOR DRIVE",REF_LIKE,0.5,MATCHED,true,
1423|2|0|N/A,1423,0203,N/A,N/A,NA,,,,,PLACEHOLDER_REJECTED,0,PLACEHOLDER_VALUE,true,
1424|3|0|1024939,1424,777777,"Así, 40x40x10mm Fan",1024939,1024939,10776,1024939,,"ASSY, 40X40X10MM FAN, HEATSINK",REF_EXACT,1,MATCHED,false,
1424|2|0|1502613,1424,777777,"Mod Kit, Laser ODI Lamp ",1502613,1502613,10994,1502613,,Laser ODI Spares Kit,REF_EXACT,1,MATCHED,false,
1425|2|0|No hay.,1425,,No hay.,No hay.,NOHAY,,,,,PLACEHOLDER_REJECTED,0,PLACEHOLDER_VALUE,true,
1428|2|0|rectifier module PCB,1428,777777,45133904214,rectifier module PCB,RECTIFIERMODULEPCB,,,,,NONE,0,NO_MATCH,true,
1430|2|0|45133318457,1430,792066,FRU EIM ltu pcb,45133318457,45133318457,11011,45133318457,,"PCB, level translator - LTU",REF_EXACT,1,MATCHED,false,
1431|2|0|,1431,777777,fusible  10A / 32V,,,,,,,PLACEHOLDER_REJECTED,0,PLACEHOLDER_VALUE,true,
1432|3|0|,1432,,6 Lámparas UV,,,,,,,PLACEHOLDER_REJECTED,0,PLACEHOLDER_VALUE,true,
1432|5|0|,1432,,Balanza Metler Toledo,,,,,,,PLACEHOLDER_REJECTED,0,PLACEHOLDER_VALUE,true,
1432|4|0|,1432,,Bomba de extracción sueros,,,,,,,PLACEHOLDER_REJECTED,0,PLACEHOLDER_VALUE,true,
1432|2|0|,1432,,Tapate de identificación,,,,,,,PLACEHOLDER_REJECTED,0,PLACEHOLDER_VALUE,true,
1433|3|0|,1433,,1 Filtro 520,,,,,,,PLACEHOLDER_REJECTED,0,PLACEHOLDER_VALUE,true,
1433|4|0|,1433,,1 Filtro Canister,,,,,,,PLACEHOLDER_REJECTED,0,PLACEHOLDER_VALUE,true,
1433|2|0|,1433,,4 Filtros 519,,,,,,,PLACEHOLDER_REJECTED,0,PLACEHOLDER_VALUE,true,
1434|2|0|N/A,1434,,N/A,N/A,NA,,,,,PLACEHOLDER_REJECTED,0,PLACEHOLDER_VALUE,true,
1436|2|0|AS2106193185 / AS2106193161,1436,100002,2 NR UPS 1Kva 230v,AS2106193185 / AS2106193161,AS2106193185AS2106193161,,,,,NONE,0,NO_MATCH,true,
1437|2|0|1016474,1437,758188,"kit, Spares, DLG Brake (dos unidades)",1016474,1016474,11873,1016474_usado,,"KIT, SPARES, DLG BRAKE",REF_LIKE,0.5,MATCHED,true,
1438|2|0|1010848,1438,415273,mirror assembly optics,1010848,1010848,11037,1010848,,"Mirror assembly, optics (Agility)",REF_EXACT,1,MATCHED,false,
1440|2|0|No hay.,1440,,No hay.,No hay.,NOHAY,,,,,PLACEHOLDER_REJECTED,0,PLACEHOLDER_VALUE,true,
1441|2|0|,1441,,PCB2 Assembly Side A and B,,,,,,,PLACEHOLDER_REJECTED,0,PLACEHOLDER_VALUE,true,
1443|2|0|,1443,0,isos Mónaco 6,,,,,,,PLACEHOLDER_REJECTED,0,PLACEHOLDER_VALUE,true,
1449|2|0|1534958,1449,458280,"(2) Kit, separes Leaf motor",1534958,1534958,11034,1534958,,Leaf motor spares kit,REF_EXACT,1,MATCHED,false,
1450|2|0|N/A,1450,928747,N/A,N/A,NA,,,,,PLACEHOLDER_REJECTED,0,PLACEHOLDER_VALUE,true,
1452|2|0|N/A,1452,,"Rodillo
Base de cuchilla",N/A,NA,,,,,PLACEHOLDER_REJECTED,0,PLACEHOLDER_VALUE,true,
1456|2|0|No hay.,1456,,No hay.,No hay.,NOHAY,,,,,PLACEHOLDER_REJECTED,0,PLACEHOLDER_VALUE,true,
1457|2|0|4513 390 3544,1457,116702,SIB PCB,4513 390 3544,45133903544,10935,45133903544_Iss.04,,Servo input board (SIB),REF_LIKE,0.5,MATCHED,true,
1458|2|0|4513 390 3544,1458,116702,SIB PCB,4513 390 3544,45133903544,10935,45133903544_Iss.04,,Servo input board (SIB),REF_LIKE,0.5,MATCHED,true,
1459|2|0|1534958,1459,9999,"kit, sapres, leaf motor cantidad 1",1534958,1534958,11034,1534958,,Leaf motor spares kit,REF_EXACT,1,MATCHED,false,
1461|3|0|45133304800,1461,9999,electron Gun Assy cantidad 1,45133304800,45133304800,10375,45133304800,,SL ELECTRON GUN ASSY,REF_EXACT,1,MATCHED,false,
1463|2|0|NA,1463,436271,NR 04 RUEDAS 125/35,NA,NA,,,,,PLACEHOLDER_REJECTED,0,PLACEHOLDER_VALUE,true,
1464|2|0|N/A,1464,,Módulo térmico de impresión,N/A,NA,,,,,PLACEHOLDER_REJECTED,0,PLACEHOLDER_VALUE,true,
1465|2|0|N/A,1465,563550,"Insumos:  grasa EP2
                   W40
",N/A,NA,,,,,PLACEHOLDER_REJECTED,0,PLACEHOLDER_VALUE,true,
1468|2|0|,1468,120359,isos Mónaco 6,,,,,,,PLACEHOLDER_REJECTED,0,PLACEHOLDER_VALUE,true,
1472|2|0|1016474,1472,010101,DLG brake Cant: 2,1016474,1016474,11873,1016474_usado,,"KIT, SPARES, DLG BRAKE",REF_LIKE,0.5,MATCHED,true,
1473|3|0|1534958,1473,524622,Leaf motor,1534958,1534958,11034,1534958,,Leaf motor spares kit,REF_EXACT,1,MATCHED,false,
1473|2|0|1538489,1473,524622,DLG AND DIAPHRAGM PCB,1538489,1538489,,,,,NONE,0,NO_MATCH,true,
1475|2|0|1538685,1475,730927,FRU power supply assembly,1538685,1538685,12099,1538685,,FRU power supply assembly,REF_EXACT,1,MATCHED,false,
1480|2|0|NA,1480,,NA,NA,NA,,,,,PLACEHOLDER_REJECTED,0,PLACEHOLDER_VALUE,true,
1483|2|0|,1483,,Baterías,,,,,,,PLACEHOLDER_REJECTED,0,PLACEHOLDER_VALUE,true,
1485|2|0|N/A,1485,0101,N/A,N/A,NA,,,,,PLACEHOLDER_REJECTED,0,PLACEHOLDER_VALUE,true,
1486|2|0|,1486,583766,iso windows xp,,,,,,,PLACEHOLDER_REJECTED,0,PLACEHOLDER_VALUE,true,
1491|2|0|N/A,1491,0101,N/A,N/A,NA,,,,,PLACEHOLDER_REJECTED,0,PLACEHOLDER_VALUE,true,
1492|2|0|,1492,900438,iso Mónaco 6,,,,,,,PLACEHOLDER_REJECTED,0,PLACEHOLDER_VALUE,true,
1495|2|0|n/c,1495,,ampolleta de 12v,n/c,NC,,,,,PLACEHOLDER_REJECTED,0,PLACEHOLDER_VALUE,true,
1496|2|0|N/A,1496,293312,Microswicht Enable de camilla,N/A,NA,,,,,PLACEHOLDER_REJECTED,0,PLACEHOLDER_VALUE,true,
1498|2|0|1016472,1498,339909,"2 Kit spares, Diaphragms brake ",1016472,1016472,11874,1016472_usado,,Diaphragm brakes spare kit,REF_LIKE,0.5,MATCHED,true,
1499|2|0|1537080,1499,417278,"FRU, EIM Logic Control",1537080,1537080,,,,,NONE,0,NO_MATCH,true,
1501|2|0|N/A,1501,867282,N/A,N/A,NA,,,,,PLACEHOLDER_REJECTED,0,PLACEHOLDER_VALUE,true,
1504|2|0|N/A,1504,654641,N/A,N/A,NA,,,,,PLACEHOLDER_REJECTED,0,PLACEHOLDER_VALUE,true,
1505|3|0|45133308530,1505,549574,magnetron,45133308530,45133308530,11007,45133308530,,"New fast tune magnetron, MG6370",REF_EXACT,1,MATCHED,false,
1505|2|0|1549816,1505,549574,LOWARA PUMP FRU,1549816,1549816,10416,1549816,,"PUMP, LOWARA-FRU",REF_EXACT,1,MATCHED,false,
1506|2|0|1556292,1506,844620,"kit spare, dlg brake      cantidad 2",1556292,1556292,,,,,NONE,0,NO_MATCH,true,
1507|2|0|No hay.,1507,,No hay,No hay.,NOHAY,,,,,PLACEHOLDER_REJECTED,0,PLACEHOLDER_VALUE,true,
1511|2|0|,1511,588386,Fusible de 10A/32Vp,,,,,,,PLACEHOLDER_REJECTED,0,PLACEHOLDER_VALUE,true,
1514|2|0|N/A,1514,0101,N/A,N/A,NA,,,,,PLACEHOLDER_REJECTED,0,PLACEHOLDER_VALUE,true,
1516|2|0|1527814,1516,9999,Ion Pump PSU    cant 1,1527814,1527814,11929,1527814,,"PSU, ION PUMP",REF_EXACT,1,MATCHED,false,
1517|2|0|CF25HA-1,1517,520423,Obturador de Camara de Video (FUJIFILM),CF25HA-1,CF25HA1,,,,,NONE,0,NO_MATCH,true,
1520|2|0|NA,1520,,NA,NA,NA,,,,,PLACEHOLDER_REJECTED,0,PLACEHOLDER_VALUE,true,
1521|2|0|CF25HA-1,1521,520423,Obturador de cámara de video (Fujifilm),CF25HA-1,CF25HA1,,,,,NONE,0,NO_MATCH,true,
"1522|2|0|P/N BJ7099.001
P/N 1006059",1522,,"02 Ion Chamber
02 BMEI Dose Board","P/N BJ7099.001
P/N 1006059",PNBJ7099001PN1006059,11172,1006059,,"FRU, DOSE BOARD",REF_LIKE,0.5,MATCHED,true,
1526|3|0|1534958,1526,0101,Kit leaf motor Cant: 2,1534958,1534958,11034,1534958,,Leaf motor spares kit,REF_EXACT,1,MATCHED,false,
1526|4|0|1538,1526,0101,PCB DLG motor drive,1538,1538,,,,,REF_LIKE,0.5,AMBIGUOUS_MATCH,true,12137|11854|11885|12099|12109
1526|2|0|1517657,1526,0101,PCB leaf motor drive Cant: 2 NR,1517657,1517657,10701,1517657,,"PCB ASSY, LEAF MOTOR DRIVE - 1 Only",REF_EXACT,1,MATCHED,false,
1528|3|0|1017632,1528,777777,PCB Assy Camers CCU,1017632,1017632,11872,1017632_usado,,PCB ASSY CAMERA CCU,REF_LIKE,0.5,MATCHED,true,
1528|4|0|1527044,1528,777777,Programmed PCB Assy ROUTER,1527044,1527044,,,,,NONE,0,NO_MATCH,true,
1528|2|0|1010848,1528,777777,mirror asaembly opt,1010848,1010848,11037,1010848,,"Mirror assembly, optics (Agility)",REF_EXACT,1,MATCHED,false,
1536|2|0|No hay,1536,,No hay,No hay,NOHAY,,,,,PLACEHOLDER_REJECTED,0,PLACEHOLDER_VALUE,true,
1538|2|0|N/A,1538,591426,N/A,N/A,NA,,,,,PLACEHOLDER_REJECTED,0,PLACEHOLDER_VALUE,true,
1540|2|0|N/C,1540,,"grasa ep-2, wd-40, limpia contactos, sprau de aire comprimido.",N/C,NC,,,,,PLACEHOLDER_REJECTED,0,PLACEHOLDER_VALUE,true,
1542|2|0|N/A,1542,,N/A,N/A,NA,,,,,PLACEHOLDER_REJECTED,0,PLACEHOLDER_VALUE,true,
1543|2|0|NA,1543,392327,NA,NA,NA,,,,,PLACEHOLDER_REJECTED,0,PLACEHOLDER_VALUE,true,
1544|4|0|1534958,1544,201212,"kik, spare, leaf motor cantidad 1",1534958,1534958,11034,1534958,,Leaf motor spares kit,REF_EXACT,1,MATCHED,false,
1544|6|0|1535807,1544,201212,"Mod Kit, Transformer, cantidad 1",1535807,1535807,11525,1535807,,FCO Mod-kit “Transformer T2 and NTC”,REF_EXACT,1,MATCHED,false,
1544|3|0|45133317850,1544,201212,"Fru pwb 812, 825A cantidad 2",45133317850,45133317850,11249,45133317850,,"FRU PWB 812,825A,830A (User Interface Lado A)",REF_EXACT,1,MATCHED,false,
1545|3|0|1006737,1545,777777,SIB PCB,1006737,1006737,12071,1006737_usado,,SIB PCB,REF_LIKE,0.5,MATCHED,true,
1545|2|0|45133165177,1545,777777,thyratron,45133165177,45133165177,10716,45133165177,,THYRATRON e2v CX1154L,REF_EXACT,1,MATCHED,false,
1548|2|0|N/A,1548,,N/A,N/A,NA,,,,,PLACEHOLDER_REJECTED,0,PLACEHOLDER_VALUE,true,
1549|2|0|n/a,1549,9999,Grasa Ep2,n/a,NA,,,,,PLACEHOLDER_REJECTED,0,PLACEHOLDER_VALUE,true,
1551|3|0|,1551,,Pasta de pulir vidrio,,,,,,,PLACEHOLDER_REJECTED,0,PLACEHOLDER_VALUE,true,
1551|2|0|,1551,,Pegamento Loctite vidrio,,,,,,,PLACEHOLDER_REJECTED,0,PLACEHOLDER_VALUE,true,
1552|2|0|1584,1552,152475,"Kit, motor lámina",1584,1584,,,,,NONE,0,NO_MATCH,true,
1555|3|0|1505856,1555,968806,KV generation,1505856,1505856,12120,1505856,,"MRT 23871 KV GENERATOR,400V",REF_EXACT,1,MATCHED,false,
1556|2|0|NA,1556,0000,NA,NA,NA,,,,,PLACEHOLDER_REJECTED,0,PLACEHOLDER_VALUE,true,
1557|2|0|N/A,1557,0101,N/A,N/A,NA,,,,,PLACEHOLDER_REJECTED,0,PLACEHOLDER_VALUE,true,
1562|4|0|1538489,1562,777777,"PCB assy, DLG and DIAPHRAGM Drive",1538489,1538489,,,,,NONE,0,NO_MATCH,true,
1562|3|0|1018265,1562,777777,FRU Z motor brush set,1018265,1018265,11961,1018265_proveedor_local,,"Proveedor Local, FRU MOTOR BRUSH SET (ELECTROCRAFT)",REF_LIKE,0.5,MATCHED,true,
1564|2|0|N/A,1564,330260,Hub USB 4 puertos,N/A,NA,,,,,PLACEHOLDER_REJECTED,0,PLACEHOLDER_VALUE,true,
1567|2|0|1022378,1567,736046,"diode assembly, fru cantidad 1",1022378,1022378,11627,1022378,,"DIODE ASSY, FRU",REF_EXACT,1,MATCHED,false,
1572|2|0|na,1572,,na,na,NA,,,,,PLACEHOLDER_REJECTED,0,PLACEHOLDER_VALUE,true,
1573|5|0|1018559,1573,,(2) FAN dobles para PCB Motor Drive,1018559,1018559,10724,1018559,,"ASSY, BRACKET & FAN",REF_EXACT,1,MATCHED,false,
1573|4|0|1549816,1573,,Bomba de Agua LOWARA,1549816,1549816,10416,1549816,,"PUMP, LOWARA-FRU",REF_EXACT,1,MATCHED,false,
1573|2|0|1517657,1573,," PCB Assy, Leaf Motor Drive",1517657,1517657,10701,1517657,,"PCB ASSY, LEAF MOTOR DRIVE - 1 Only",REF_EXACT,1,MATCHED,false,
1574|2|0|N/A,1574,,N/A,N/A,NA,,,,,PLACEHOLDER_REJECTED,0,PLACEHOLDER_VALUE,true,
1575|4|0|1026565,1575,,Temperature Controler,1026565,1026565,11028,1026565,,Temperature controller,REF_EXACT,1,MATCHED,false,
1575|2|0|1556292,1575,,"(2) Kit DLG, Brakes ",1556292,1556292,,,,,NONE,0,NO_MATCH,true,
1577|2|0|N/A,1577,,N/A,N/A,NA,,,,,PLACEHOLDER_REJECTED,0,PLACEHOLDER_VALUE,true,
1578|2|0|N/A,1578,,N/A,N/A,NA,,,,,PLACEHOLDER_REJECTED,0,PLACEHOLDER_VALUE,true,
1579|3|0|1549509,1579,727739,mod kit integrity R4.0.0,1549509,1549509,12055,1549509_FCO,,"Modkit, IntegrityTM R4.0 for IntegrityTM R3.2_FCO",REF_LIKE,0.5,MATCHED,true,
1579|5|0|1514986,1579,727739,Diaphragm PCB,1514986,1514986,10131,1514986,,ASSY DIAPHAGM PCB,REF_EXACT,1,MATCHED,false,
1579|4|0|1539233,1579,727739,"software medi kit, NSS 4.0",1539233,1539233,11143,1539233_FCO,,NSS 4.0 Upgrade ModKit_FCO,REF_LIKE,0.5,MATCHED,true,
1579|2|0|1511862,1579,727739,(4) AI12 PCB,1511862,1511862,10121,1511862,,"Analog input, 12-bit (AI12) version 2",REF_EXACT,1,MATCHED,false,
"1580|2|0|451333264430
8113024_2521",1580,,"01- motor assembly
01- leadscrew Assy","451333264430
8113024_2521",45133326443081130242521,,,,,NONE,0,NO_MATCH,true,
1581|2|0|45133412013,1581,,Detector Sync,45133412013,45133412013,,,,,NONE,0,NO_MATCH,true,
1583|2|0|1016518,1583,621172,Detector Panel PSU (XRD- EPS),1016518,1016518,11006,1016518,,Detector Panel PSU (XRD- EPS),REF_EXACT,1,MATCHED,false,
1586|2|0|,1586,0001,barcode e impresoras,,,,,,,PLACEHOLDER_REJECTED,0,PLACEHOLDER_VALUE,true,
1588|2|0|101672,1588,906153,"Kit, spares Diaphragms Brakes (r)",101672,101672,,,,,NONE,0,NO_MATCH,true,
1590|2|0|N/A,1590,950403,N/A,N/A,NA,,,,,PLACEHOLDER_REJECTED,0,PLACEHOLDER_VALUE,true,
1592|2|0|1018265,1592,,Fru Z mtr brush set,1018265,1018265,11961,1018265_proveedor_local,,"Proveedor Local, FRU MOTOR BRUSH SET (ELECTROCRAFT)",REF_LIKE,0.5,MATCHED,true,
1597|3|0|n/a,1597,9999,CCTV,n/a,NA,,,,,PLACEHOLDER_REJECTED,0,PLACEHOLDER_VALUE,true,
1598|2|0|N/A,1598,0101,N/A,N/A,NA,,,,,PLACEHOLDER_REJECTED,0,PLACEHOLDER_VALUE,true,
1601|2|0|N/A,1601,0101,N/A,N/A,NA,,,,,PLACEHOLDER_REJECTED,0,PLACEHOLDER_VALUE,true,
1602|4|0|1556292,1602,,"kit, spares, dlg brakes    cant =2",1556292,1556292,,,,,NONE,0,NO_MATCH,true,
1604|2|0|N/A,1604,0101,N/A,N/A,NA,,,,,PLACEHOLDER_REJECTED,0,PLACEHOLDER_VALUE,true,
1606|2|0|N/A,1606,0101,N/A,N/A,NA,,,,,PLACEHOLDER_REJECTED,0,PLACEHOLDER_VALUE,true,
1607|2|0|N/A,1607,677843,N/A,N/A,NA,,,,,PLACEHOLDER_REJECTED,0,PLACEHOLDER_VALUE,true,
1608|2|0|N/A,1608,0101,N/A,N/A,NA,,,,,PLACEHOLDER_REJECTED,0,PLACEHOLDER_VALUE,true,
1610|2|0|13289,1610,346827,Ampolleta halógeno,13289,13289,,,,,NONE,0,NO_MATCH,true,
1611|3|0|1018599,1611,777777,lmd fan and bracket (cantidad =2),1018599,1018599,,,,,NONE,0,NO_MATCH,true,
1611|2|0|45133304800,1611,777777,electrón gun assy (cantidad 1),45133304800,45133304800,10375,45133304800,,SL ELECTRON GUN ASSY,REF_EXACT,1,MATCHED,false,
1612|2|0|1502613,1612,661775,"mod kit, laser odi lamp - cant =1",1502613,1502613,10994,1502613,,Laser ODI Spares Kit,REF_EXACT,1,MATCHED,false,
1613|3|0|1527044,1613,777777,"programmed pcb assy, router ",1527044,1527044,,,,,NONE,0,NO_MATCH,true,
1613|2|0|1538489,1613,777777,"PCB assy, DLG and DIAFRAGM drive (cantidad 2)",1538489,1538489,,,,,NONE,0,NO_MATCH,true,
1617|2|0|1018265,1617,9999,Fru Z motor brush set ( electrocraft) cant=1,1018265,1018265,11961,1018265_proveedor_local,,"Proveedor Local, FRU MOTOR BRUSH SET (ELECTROCRAFT)",REF_LIKE,0.5,MATCHED,true,
1620|3|0|45133308530,1620,,new fast tune magnetron - número de serie:17337594,45133308530,45133308530,11007,45133308530,,"New fast tune magnetron, MG6370",REF_EXACT,1,MATCHED,false,
1620|2|0|45133165177,1620,,thyratron número de serie :39631,45133165177,45133165177,10716,45133165177,,THYRATRON e2v CX1154L,REF_EXACT,1,MATCHED,false,
1622|2|0|N/A,1622,0101,N/A,N/A,NA,,,,,PLACEHOLDER_REJECTED,0,PLACEHOLDER_VALUE,true,
1623|2|0|,1623,,Fuente de Ir-192,,,,,,,PLACEHOLDER_REJECTED,0,PLACEHOLDER_VALUE,true,
1626|2|0|1535958,1626,,Motor de Kit Leaf Spare,1535958,1535958,,,,,NONE,0,NO_MATCH,true,
1631|3|0|,1631,312736,Breaker CB9 Schneider D2,,,,,,,PLACEHOLDER_REJECTED,0,PLACEHOLDER_VALUE,true,
1631|2|0|1514986,1631,312736,Assy Diaphragms and DLG PCB,1514986,1514986,10131,1514986,,ASSY DIAPHAGM PCB,REF_EXACT,1,MATCHED,false,
1632|2|0|BJ5948.071,1632,,TARJETA DCMD-3,BJ5948.071,BJ5948071,,,,,NONE,0,NO_MATCH,true,
1633|2|0|,1633,9999,"Aire comprimido
limpia contacto
wd40",,,,,,,PLACEHOLDER_REJECTED,0,PLACEHOLDER_VALUE,true,
1637|2|0|1534958,1637,575784,"kit, spares, leaf motor cantidad = 1",1534958,1534958,11034,1534958,,Leaf motor spares kit,REF_EXACT,1,MATCHED,false,
1640|4|0|4513331845003,1640,620100,fru stop motor switch.    cantidad=2,4513331845003,4513331845003,11019,45133318450,,Fru Stop Motor Switch and Cable Assy,REF_LIKE,0.5,MATCHED,true,
1642|2|0|,1642,9999,vidrio protector - proveededor local,,,,,,,PLACEHOLDER_REJECTED,0,PLACEHOLDER_VALUE,true,
1645|2|0|SN,1645,536165,NA,SN,SN,,,,,PLACEHOLDER_REJECTED,0,PLACEHOLDER_VALUE,true,
"1647|2|0|6064.008 
Serie N: EB 077",1647,,Magnetron Tuning Drive Assembly,"6064.008 
Serie N: EB 077",6064008SERIENEB077,,,,,NONE,0,NO_MATCH,true,
1649|2|0|,1649,224161,micro switch de touchguard,,,,,,,PLACEHOLDER_REJECTED,0,PLACEHOLDER_VALUE,true,
1652|3|0|1517657,1652,,PCB assy leaf motor drive,1517657,1517657,10701,1517657,,"PCB ASSY, LEAF MOTOR DRIVE - 1 Only",REF_EXACT,1,MATCHED,false,
1652|2|0|1534958,1652,,kit spares leaf motor,1534958,1534958,11034,1534958,,Leaf motor spares kit,REF_EXACT,1,MATCHED,false,
1659|2|0|N/A,1659,0101,N/A,N/A,NA,,,,,PLACEHOLDER_REJECTED,0,PLACEHOLDER_VALUE,true,
1660|2|0|1010848,1660,0101,"Mirror Assembly, OPT.  Cant: 1",1010848,1010848,11037,1010848,,"Mirror assembly, optics (Agility)",REF_EXACT,1,MATCHED,false,
1661|3|0|0000,1661,,Copla Festo,0000,0000,,,,,REF_LIKE,0.5,AMBIGUOUS_MATCH,true,11966|12238|11137|11624|12228|11173|11115|10921|10922|11238|12239|11560|11594|11513|10890|11672|11673|11196|11197|11199|11200|11202|11201|11654|12012
1661|2|0|2178574,1661,,Termo Radiador,2178574,2178574,,,,,NONE,0,NO_MATCH,true,
1662|3|0|1018559,1662,,(2) LMD Fan and braket,1018559,1018559,10724,1018559,,"ASSY, BRACKET & FAN",REF_EXACT,1,MATCHED,false,
1667|2|0|,1667,292917,"pantalla de 24 pulgadas, marca View Sonic ",,,,,,,PLACEHOLDER_REJECTED,0,PLACEHOLDER_VALUE,true,
1669|3|0|1538489,1669,596438,"pcb assy, dlg and diaphragm drive cant 1",1538489,1538489,,,,,NONE,0,NO_MATCH,true,
1669|4|0|1024939,1669,596438,"assy, 40x40x10mm Fan cant 1",1024939,1024939,10776,1024939,,"ASSY, 40X40X10MM FAN, HEATSINK",REF_EXACT,1,MATCHED,false,
1669|2|0|1527044,1669,596438,"programmed pcb assy, router cant 1",1527044,1527044,,,,,NONE,0,NO_MATCH,true,
1671|2|0|1018265,1671,386771,FRU Z MOTOR BRUSH SET,1018265,1018265,11961,1018265_proveedor_local,,"Proveedor Local, FRU MOTOR BRUSH SET (ELECTROCRAFT)",REF_LIKE,0.5,MATCHED,true,
1672|6|0|1522567,1672,692161,RF output windows cant=1,1522567,1522567,12044,1522567,,RF output window,REF_EXACT,1,MATCHED,false,
1672|5|0|1515098,1672,692161,ion pump spare cant =2,1515098,1515098,10374,1515098,,ION PUMP - SPARE,REF_EXACT,1,MATCHED,false,
1675|2|0|1538489,1675,596438,"PCB Assy, DLG and Diaphrams Drive",1538489,1538489,,,,,NONE,0,NO_MATCH,true,
1678|2|0|,1678,9999,"grasa ep2
wd40
alcohol
paños de limpieza",,,,,,,PLACEHOLDER_REJECTED,0,PLACEHOLDER_VALUE,true,
1680|2|0|,1680,650403,disco hdd rtp99,,,,,,,PLACEHOLDER_REJECTED,0,PLACEHOLDER_VALUE,true,
1681|3|0|1505146,1681,475039,pcb assembly citb,1505146,1505146,10203,1505146,,"PCB ASSEMBLY, CITB",REF_EXACT,1,MATCHED,false,
1681|4|0|,1681,475039,fusible 5 amp/ 250 vol,,,,,,,PLACEHOLDER_REJECTED,0,PLACEHOLDER_VALUE,true,
1681|2|0|1546731,1681,475039,contactor 24 vol 50 Hz 50 amp (con A),1546731,1546731,12016,1546731,,"Contactor (CON A), 24V, 50Hz, 50 A, Siemens 3RT 1036-1AB00",REF_EXACT,1,MATCHED,false,
1683|3|0|1556287,1683,,"(2) Kit spares, Diaphrams Brake",1556287,1556287,12261,1556287,,"KIT, SPARES, DIAPHRAGM BRAKE",REF_EXACT,1,MATCHED,false,
1683|2|0|1538489,1683,,DLG/Diaphrams Drive PCB,1538489,1538489,,,,,NONE,0,NO_MATCH,true,
1688|2|0|,1688,,"Monitor LG 27""",,,,,,,PLACEHOLDER_REJECTED,0,PLACEHOLDER_VALUE,true,
1689|2|0|,1689,,(2) Tornillos Allen,,,,,,,PLACEHOLDER_REJECTED,0,PLACEHOLDER_VALUE,true,
1691|2|0|,1691,236942,piola lado A del panel iView,,,,,,,PLACEHOLDER_REJECTED,0,PLACEHOLDER_VALUE,true,
1698|4|0|1547237,1698,,"Kit, Luminus Proj Assy an PCB ",1547237,1547237,,,,,REF_LIKE,0.5,AMBIGUOUS_MATCH,true,12086|10767
1698|6|0|1534191,1698,,"PCB 2, Side A, Assembly",1534191,1534191,11018,1534191,,"Thumbwheel PWB Side A MKII, VersaHD",REF_EXACT,1,MATCHED,false,
1698|5|0|1534195,1698,,"PCB 2, Side B, Assembly",1534195,1534195,11022,1534195,,"Thumbwheel PWB Side B MKII, VersaHD",REF_EXACT,1,MATCHED,false,
1698|3|0|1538489,1698,,"PCB Assy, DLG and Diaphragms Drive",1538489,1538489,,,,,NONE,0,NO_MATCH,true,
1699|2|0|1501074,1699,,"PCB Assembly, Dosimetry B",1501074,1501074,11487,1501074,,DOSE B version 2,REF_EXACT,1,MATCHED,false,
1704|3|0|1016984,1704,236644,Iso Rotation brake,1016984,1016984,10906,1016984,,FRU ISO ROTATION BRAKE,REF_EXACT,1,MATCHED,false,
1706|2|0|45133903384,1706,,"PCB Assembly, Auxiliar ",45133903384,45133903384,11003,45133903384,,"PCB, auxiliary power supply",REF_EXACT,1,MATCHED,false,
1707|2|0|1502613,1707,,"MOD KIT, LASER ODI LAMP",1502613,1502613,10994,1502613,,Laser ODI Spares Kit,REF_EXACT,1,MATCHED,false,
1709|3|0|,1709,523761,"grasa ep2
wd40
paños de microfibra",,,,,,,PLACEHOLDER_REJECTED,0,PLACEHOLDER_VALUE,true,
1718|2|0|N/A,1718,,N/A,N/A,NA,,,,,PLACEHOLDER_REJECTED,0,PLACEHOLDER_VALUE,true,
"1719|2|0|1511326
s/n EB247",1719,,Magnetron Tuning Drive Assy,"1511326
s/n EB247",1511326SNEB247,,,,,NONE,0,NO_MATCH,true,
"1720|2|0|1020469
series 5122020 - 5217363",1720,,Dose Board,"1020469
series 5122020 - 5217363",1020469SERIES51220205217363,12257,1020469,,"PCB ASSEMBLY, DOSE A BMEI",REF_LIKE,0.5,MATCHED,true,
"1721|2|0|BJ 5590.002
series:
CHA0731
CHA0750",1721,,Ion Chamber,"BJ 5590.002
series:
CHA0731
CHA0750",BJ5590002SERIESCHA0731CHA0750,,,,,NONE,0,NO_MATCH,true,
1722|2|0|1511693,1722,,Charging High Voltage Cab,1511693,1511693,11489,1511693,,CHARGING HIGH VOLTAGE CABLE,REF_EXACT,1,MATCHED,false,
1723|2|0|N/A,1723,,N/A,N/A,NA,,,,,PLACEHOLDER_REJECTED,0,PLACEHOLDER_VALUE,true,
1724|2|0|1024129,1724,777777,agility pixel calibration,1024129,1024129,10908,1024129,,Agility pixel calibration tool,REF_EXACT,1,MATCHED,false,
1725|2|0|N/C,1725,,"wd-40, spray de aire comprimido. grasa ep-2, limpia contactos",N/C,NC,,,,,PLACEHOLDER_REJECTED,0,PLACEHOLDER_VALUE,true,
1728|3|0|45136261003J,1728,0101,Belt timing s/sided Cant: 02,45136261003J,45136261003J,,,,,NONE,0,NO_MATCH,true,
1728|2|0|1541718,1728,0101,Pancake Motor Cant: 02,1541718,1541718,11595,1541718,,"FRU, Pancake Motor Assembly",REF_EXACT,1,MATCHED,false,
1729|2|0|N/A,1729,0101,N/A,N/A,NA,,,,,PLACEHOLDER_REJECTED,0,PLACEHOLDER_VALUE,true,
1730|2|0|P1094996,1730,,Módulo de Corte de etiquetas,P1094996,P1094996,,,,,NONE,0,NO_MATCH,true,
1731|2|0|N/A,1731,,N/A,N/A,NA,,,,,PLACEHOLDER_REJECTED,0,PLACEHOLDER_VALUE,true,
1734|2|0|,1734,9999,"Grasa ep2
wd40
aceite lubricante triflow
paños",,,,,,,PLACEHOLDER_REJECTED,0,PLACEHOLDER_VALUE,true,
1737|2|0|1022378,1737,,"DIODE ASSEMBLY, FRU",1022378,1022378,11627,1022378,,"DIODE ASSY, FRU",REF_EXACT,1,MATCHED,false,
1741|2|0|45133411846/45133412203,1741,0000,"cable touchguard , cable lateral pots",45133411846/45133412203,4513341184645133412203,11694,45133411846,,"CABLE ASSY, PL5 TO SK5A",REF_LIKE,0.5,MATCHED,true,
1742|2|0|Na,1742,0000,NA,Na,NA,,,,,PLACEHOLDER_REJECTED,0,PLACEHOLDER_VALUE,true,
1744|2|0|N/A,1744,,N/A,N/A,NA,,,,,PLACEHOLDER_REJECTED,0,PLACEHOLDER_VALUE,true,
1745|5|0|1534958,1745,,"(4) Kit, Leaf Spare Motor",1534958,1534958,11034,1534958,,Leaf motor spares kit,REF_EXACT,1,MATCHED,false,
1745|4|0|1016478,1745,,"(1) Kit, Spares, Moduled",1016478,1016478,10946,1016478,,"KIT, SPARES, LEAF MOULDED",REF_EXACT,1,MATCHED,false,
1747|2|0|NA,1747,0000,NA,NA,NA,,,,,PLACEHOLDER_REJECTED,0,PLACEHOLDER_VALUE,true,
1748|2|0|NA,1748,0000,NS,NA,NA,,,,,PLACEHOLDER_REJECTED,0,PLACEHOLDER_VALUE,true,
1749|2|0|NA,1749,0000,NA,NA,NA,,,,,PLACEHOLDER_REJECTED,0,PLACEHOLDER_VALUE,true,
1750|2|0|1534958,1750,,Leaf Motor,1534958,1534958,11034,1534958,,Leaf motor spares kit,REF_EXACT,1,MATCHED,false,
1751|2|0|,1751,307865,Fusible de 32V/10 A,,,,,,,PLACEHOLDER_REJECTED,0,PLACEHOLDER_VALUE,true,
1754|2|0|NA,1754,0000,NA,NA,NA,,,,,PLACEHOLDER_REJECTED,0,PLACEHOLDER_VALUE,true,
1755|2|0|No hay.,1755,,No hay.,No hay.,NOHAY,,,,,PLACEHOLDER_REJECTED,0,PLACEHOLDER_VALUE,true,
1756|2|0|NA,1756,0000,NA,NA,NA,,,,,PLACEHOLDER_REJECTED,0,PLACEHOLDER_VALUE,true,
1757|2|0|,1757,0000,baterías de unidad TDU del Flexitron,,,,,,,PLACEHOLDER_REJECTED,0,PLACEHOLDER_VALUE,true,
1759|2|0|1535987,1759,,1 NR Dose Board,1535987,1535987,11480,1535987,,"FRU, DOSE BOARD",REF_EXACT,1,MATCHED,false,
1760|2|0|4513 316 4421,1760,,"1 NR Potenciometro 20 K, 10 turns",4513 316 4421,45133164421,10986,4513316442101T,,"Potentiometer, 20k, 10 turns Coarse/Check",REF_LIKE,0.5,MATCHED,true,
1763|2|0|NA,1763,0000,NA,NA,NA,,,,,PLACEHOLDER_REJECTED,0,PLACEHOLDER_VALUE,true,
1764|2|0|No hay.,1764,883797,No hay,No hay.,NOHAY,,,,,PLACEHOLDER_REJECTED,0,PLACEHOLDER_VALUE,true,
1767|2|0|451333165177,1767,444689,Thyratron,451333165177,451333165177,,,,,NONE,0,NO_MATCH,true,
1768|2|0|1010848,1768,0000,MYLAR,1010848,1010848,11037,1010848,,"Mirror assembly, optics (Agility)",REF_EXACT,1,MATCHED,false,
1769|2|0|N/A,1769,,N/A,N/A,NA,,,,,PLACEHOLDER_REJECTED,0,PLACEHOLDER_VALUE,true,
1773|3|0|1010848,1773,,Mylard Mirror Assembly,1010848,1010848,11037,1010848,,"Mirror assembly, optics (Agility)",REF_EXACT,1,MATCHED,false,
1773|2|0|1556292,1773,,"(2) Kit, Spares, DLG Brake",1556292,1556292,,,,,NONE,0,NO_MATCH,true,
1774|2|0|SAT-53418049.,1774,904418,Power Supply.,SAT-53418049.,SAT53418049,,,,,NONE,0,NO_MATCH,true,
1774|2|1|1538094.,1774,904418,"Control Board, Kv GEN, SHFR400.",1538094.,1538094,12137,1538094,,"CONTROL BOARD,KV GEN,SHFR400",REF_NORMALIZED_EXACT,0.85,MATCHED,false,
1774|2|2|45133502026.,1774,904418,X Ray tube.,45133502026.,45133502026,12138,45133502026_usado,,X-ray tube (MR),REF_LIKE,0.5,MATCHED,true,
1775|2|0|No hay.,1775,,No hay.,No hay.,NOHAY,,,,,PLACEHOLDER_REJECTED,0,PLACEHOLDER_VALUE,true,
1777|2|0|N/A,1777,,N/A,N/A,NA,,,,,PLACEHOLDER_REJECTED,0,PLACEHOLDER_VALUE,true,
1779|2|0|45133308034,1779,,Magnetròn usado MG6363.,45133308034,45133308034,12128,45133308034,,"Magnetron, MG6363",REF_EXACT,1,MATCHED,false,
1780|2|0|,1780,00001,kits de instalación Mónaco,,,,,,,PLACEHOLDER_REJECTED,0,PLACEHOLDER_VALUE,true,
1783|2|0|NA,1783,428746,NA,NA,NA,,,,,PLACEHOLDER_REJECTED,0,PLACEHOLDER_VALUE,true,
1784|2|0|,1784,136342,acronis,,,,,,,PLACEHOLDER_REJECTED,0,PLACEHOLDER_VALUE,true,
1786|2|0|N/A,1786,,N/A,N/A,NA,,,,,PLACEHOLDER_REJECTED,0,PLACEHOLDER_VALUE,true,
1787|2|0|1534958,1787,,Leaf Motor,1534958,1534958,11034,1534958,,Leaf motor spares kit,REF_EXACT,1,MATCHED,false,
1788|2|0|NA,1788,000,NA,NA,NA,,,,,PLACEHOLDER_REJECTED,0,PLACEHOLDER_VALUE,true,
1793|2|0|,1793,642619,isos Mónaco 6.1.1,,,,,,,PLACEHOLDER_REJECTED,0,PLACEHOLDER_VALUE,true,
1794|2|0|1517657,1794,,"PCB Assy, Leaf Motor Drive ",1517657,1517657,10701,1517657,,"PCB ASSY, LEAF MOTOR DRIVE - 1 Only",REF_EXACT,1,MATCHED,false,
1795|2|0|1534958,1795,777777,"kit, spares, leaf ",1534958,1534958,11034,1534958,,Leaf motor spares kit,REF_EXACT,1,MATCHED,false,
1796|2|0|NA,1796,391499,NA,NA,NA,,,,,PLACEHOLDER_REJECTED,0,PLACEHOLDER_VALUE,true,
1798|2|0|45133502026,1798,,"Assembly, Xray Tube",45133502026,45133502026,12138,45133502026_usado,,X-ray tube (MR),REF_LIKE,0.5,MATCHED,true,
1799|2|0|45133318520,1799,777777,FRU SWITCH PWB SIDE,45133318520,45133318520,10950,45133318520,,"PCB 1, MkI,side A, switches & LEDs",REF_EXACT,1,MATCHED,false,
1801|2|0|No hay.,1801,260481,No hay.,No hay.,NOHAY,,,,,PLACEHOLDER_REJECTED,0,PLACEHOLDER_VALUE,true,
1802|2|0|N/A,1802,837833,N/A,N/A,NA,,,,,PLACEHOLDER_REJECTED,0,PLACEHOLDER_VALUE,true,
1803|2|0|no hay,1803,323448,Fusible rápido miniatura 4 amperes,no hay,NOHAY,,,,,PLACEHOLDER_REJECTED,0,PLACEHOLDER_VALUE,true,
"1804|10|0|1541653
1515098
45133304800

psu (1023830 - 1525429)",1804,893689,"drift tube assembly cant 1
ion pump                    cant 1
electro gun assy.      cant 1
sellos de cobre.        cant 4
assembly,160 mlc psu.  cant 1","1541653
1515098
45133304800

psu (1023830 - 1525429)",1541653151509845133304800PSU10238301525429,,,,,REF_LIKE,0.5,AMBIGUOUS_MATCH,true,10374|11855|10375
1806|2|0|N/A,1806,0101,N/A,N/A,NA,,,,,PLACEHOLDER_REJECTED,0,PLACEHOLDER_VALUE,true,
1808|2|0|NA,1808,0000,NA,NA,NA,,,,,PLACEHOLDER_REJECTED,0,PLACEHOLDER_VALUE,true,
1809|2|0|N/A,1809,916830,Cable extensores 4.5 m Cant: 2,N/A,NA,,,,,PLACEHOLDER_REJECTED,0,PLACEHOLDER_VALUE,true,
1810|3|0|1504866,1810,0101,FRU SKT840B - SKT850E,1504866,1504866,12143,1504866,,FRU SKT840B-SKT850E,REF_EXACT,1,MATCHED,false,
1810|2|0|1024545,1810,0101,User Interface Side B,1024545,1024545,11812,1024545,,USER INTERFACE SIDE B FRU,REF_EXACT,1,MATCHED,false,
1818|3|0|1024939,1818,9999,"assy,40x40x10 mm fan cant 1",1024939,1024939,10776,1024939,,"ASSY, 40X40X10MM FAN, HEATSINK",REF_EXACT,1,MATCHED,false,
1820|2|0|100880440,1820,,"voltage regulador, PCB assy",100880440,100880440,,,,,NONE,0,NO_MATCH,true,
1821|2|0|NA,1821,,NA,NA,NA,,,,,PLACEHOLDER_REJECTED,0,PLACEHOLDER_VALUE,true,
1822|2|0|NA,1822,0000,NA,NA,NA,,,,,PLACEHOLDER_REJECTED,0,PLACEHOLDER_VALUE,true,
1823|3|0|1526644,1823,,"PCB Assy, Wedge Control ",1526644,1526644,,,,,NONE,0,NO_MATCH,true,
1824|3|0|1006737,1824,,PCB Assy SIB,1006737,1006737,12071,1006737_usado,,SIB PCB,REF_LIKE,0.5,MATCHED,true,
1824|2|0|1014204,1824,,Ion Chember Assembly s/n: 07201000163175-2,1014204,1014204,10952,1014204,,Ceramic ion chamber (MR),REF_EXACT,1,MATCHED,false,
1825|2|0|1006737,1825,158251,Pcb Sib,1006737,1006737,12071,1006737_usado,,SIB PCB,REF_LIKE,0.5,MATCHED,true,
"1827|2|0|45133326443
81130242521",1827,,"MotorAssenbly
Leadscrew Assy","45133326443
81130242521",4513332644381130242521,,,,,NONE,0,NO_MATCH,true,
1828|3|0|1500954,1828,777777,"voltage regulador, pcb assy.",1500954,1500954,,,,,NONE,0,NO_MATCH,true,
1828|4|0|1542467,1828,777777,"PCB ASSY, LED Control",1542467,1542467,,,,,NONE,0,NO_MATCH,true,
1828|2|0|1551103,1828,777777,mod kit/03 disc spring,1551103,1551103,12147,1551103,,"MOD KIT, DISC SPRING GANTRY (fco)",REF_EXACT,1,MATCHED,false,
1835|2|0|,1835,,"grasa ep2
paños
alchool
wd40
amarras plásticas",,,,,,,PLACEHOLDER_REJECTED,0,PLACEHOLDER_VALUE,true,
1836|2|0|,1836,,"grasa ep2
paños microfibras
wd40
amarras plásticas",,,,,,,PLACEHOLDER_REJECTED,0,PLACEHOLDER_VALUE,true,
1845|2|0|45133407315,1845,,"Monitor de 19"" TFT monitor NEC",45133407315,45133407315,10611,45133407315,,Monitor 19 TFT Fascia Lado A y B,REF_EXACT,1,MATCHED,false,
1846|2|0|NA,1846,,NA,NA,NA,,,,,PLACEHOLDER_REJECTED,0,PLACEHOLDER_VALUE,true,
1848|2|0|,1848,,"grasa ep2
paños microfibras
wd40
aciete lubricante triflow",,,,,,,PLACEHOLDER_REJECTED,0,PLACEHOLDER_VALUE,true,
1851|2|0|NA,1851,,NA,NA,NA,,,,,PLACEHOLDER_REJECTED,0,PLACEHOLDER_VALUE,true,
1855|2|0|1018265,1855,534360,Fru Z Motor Brush,1018265,1018265,11961,1018265_proveedor_local,,"Proveedor Local, FRU MOTOR BRUSH SET (ELECTROCRAFT)",REF_LIKE,0.5,MATCHED,true,
"1858|2|0|45133317849
45133317850
1016984
45133317902
45133317840
45133318462
45133318485
45133318486
45133318488",1858,,"PCB Interconnect PCB 811
PCB Interconnect PCB 812
ISO Rotation Brake
Fine potentiometer
Check and coarse potentiometer 2 NR
Power supply EIM
Base to EIM cable SKT810A-PL801A
Base to EIM cable SKT810B-PL801B
Base to EIM cable SKT810E-PL801E","45133317849
45133317850
1016984
45133317902
45133317840
45133318462
45133318485
45133318486
45133318488",45133317849451333178501016984451333179024513331784045133318462451333184854513331848645133318488,,,,,REF_LIKE,0.5,AMBIGUOUS_MATCH,true,10906|11162|11248|11249|12160|12161|12162
1860|11|0|261308039505J,1860,,Flightube Orings,261308039505J,261308039505J,11748,261308039505J,,Seal BS1806/223 o ring Viton,REF_EXACT,1,MATCHED,false,
1860|10|0|45133304800,1860,,ElectronGun Assy,45133304800,45133304800,10375,45133304800,,SL ELECTRON GUN ASSY,REF_EXACT,1,MATCHED,false,
1860|7|0|1527814,1860,,PSU Ion Pump,1527814,1527814,11929,1527814,,"PSU, ION PUMP",REF_EXACT,1,MATCHED,false,
1860|9|0|1513849,1860,,"Sapare Kit, RF Input",1513849,1513849,11642,1513849,,RF input window spares kit (Gun),REF_EXACT,1,MATCHED,false,
1860|8|0|1024939,1860,,"Assy, 40x40x10 Fan",1024939,1024939,10776,1024939,,"ASSY, 40X40X10MM FAN, HEATSINK",REF_EXACT,1,MATCHED,false,
1860|6|0|1515098,1860,,Ion Pump Spare,1515098,1515098,10374,1515098,,ION PUMP - SPARE,REF_EXACT,1,MATCHED,false,
1868|3|0|,1868,,Kit conversión Viaflex,,,,,,,PLACEHOLDER_REJECTED,0,PLACEHOLDER_VALUE,true,
1868|2|0|,1868,,Clamp Viaflex,,,,,,,PLACEHOLDER_REJECTED,0,PLACEHOLDER_VALUE,true,
1872|2|0|,1872,9999,"grasa ep2
aire comprimido
paños",,,,,,,PLACEHOLDER_REJECTED,0,PLACEHOLDER_VALUE,true,
1873|2|0|,1873,9999,"grasa ep2
aire comprimido
paños microfibras",,,,,,,PLACEHOLDER_REJECTED,0,PLACEHOLDER_VALUE,true,
1874|2|0|N/A,1874,154919,N/A,N/A,NA,,,,,PLACEHOLDER_REJECTED,0,PLACEHOLDER_VALUE,true,
1883|3|0|4513330223101R,1883,777777,Gauge Pressure,4513330223101R,4513330223101R,12149,4513330223101R,,Pressure gauge,REF_EXACT,1,MATCHED,false,
1883|2|0|45133304800,1883,777777,Electron GUN Assy,45133304800,45133304800,10375,45133304800,,SL ELECTRON GUN ASSY,REF_EXACT,1,MATCHED,false,
1885|2|0|N/A,1885,0101,Protection Glass for Panasonic UD-716 Reader,N/A,NA,,,,,PLACEHOLDER_REJECTED,0,PLACEHOLDER_VALUE,true,
1894|2|0|NA,1894,0000,NA,NA,NA,,,,,PLACEHOLDER_REJECTED,0,PLACEHOLDER_VALUE,true,
"1895|2|0|assy, 40x40x10mm fan",1895,693481,1024939,"assy, 40x40x10mm fan",ASSY40X40X10MMFAN,,,,,NONE,0,NO_MATCH,true,
1901|2|0|4714201102,1901,,"Magnetron MG5193 
S/N 22390742G",4714201102,4714201102,11286,4714201102,,MAGNETRON MG5193,REF_EXACT,1,MATCHED,false,
1902|2|0|ambos repuestos de clínica,1902,9999,"pcb leaf motor drive
motor ",ambos repuestos de clínica,AMBOSREPUESTOSDECLINICA,,,,,NONE,0,NO_MATCH,true,
1903|2|0|45133326443,1903,455697,Motor Assembly,45133326443,45133326443,10304,4513332644304F,,MOTOR ASSEMBLY,REF_LIKE,0.5,MATCHED,true,
1905|2|0|N/A,1905,,N/A,N/A,NA,,,,,PLACEHOLDER_REJECTED,0,PLACEHOLDER_VALUE,true,
1906|2|0|00000,1906,603295,Freno lateral de camilla,00000,00000,,,,,REF_LIKE,0.5,AMBIGUOUS_MATCH,true,11624|11238|11672|12012
1907|2|0|No hay,1907,544858,No hay,No hay,NOHAY,,,,,PLACEHOLDER_REJECTED,0,PLACEHOLDER_VALUE,true,
1910|4|0|1556292,1910,985059,kit spares DLG brake cantidad =2,1556292,1556292,,,,,NONE,0,NO_MATCH,true,
1910|3|0|1538489,1910,985059,"pcb assy, dlg and diaphragm drive cantidad =1",1538489,1538489,,,,,NONE,0,NO_MATCH,true,
"1911|2|0|1511862
1533657
1535807",1911,,"06 tarjetas AI-12
01 mod kit integrity R4.0.0 con patch 4.0.4
01 mod kit Transformador T2 thyratron y thermistor","1511862
1533657
1535807",151186215336571535807,,,,,REF_LIKE,0.5,AMBIGUOUS_MATCH,true,10121|11747|11525
1912|2|0|1018121,1912,,FRU Z Drive,1018121,1018121,,,,,NONE,0,NO_MATCH,true,
"1913|2|0|1511862
1005032
1005033
4513330757703L",1913,910599,"pcb assy, ai12 bit cant =2
signal condition RHCA-A cant=1
signal condition RHCA-B cant=1
cable assembly cant=2","1511862
1005032
1005033
4513330757703L",1511862100503210050334513330757703L,,,,,REF_LIKE,0.5,AMBIGUOUS_MATCH,true,10942|11604|10121|11633
1918|2|0|NA,1918,0000,NA,NA,NA,,,,,PLACEHOLDER_REJECTED,0,PLACEHOLDER_VALUE,true,
1919|2|0|NA,1919,0000,NA,NA,NA,,,,,PLACEHOLDER_REJECTED,0,PLACEHOLDER_VALUE,true,
1922|2|0|N/A,1922,568581,N/A,N/A,NA,,,,,PLACEHOLDER_REJECTED,0,PLACEHOLDER_VALUE,true,
1924|2|0|NA,1924,0000,NA,NA,NA,,,,,PLACEHOLDER_REJECTED,0,PLACEHOLDER_VALUE,true,
1927|2|0|,1927,777777,"lubricante W40, limpiador de contacto electrónico, paños de limpieza, lubricante mecánico, amarras plásticas, filtro de agua de 5 micra del chiller ",,,,,,,PLACEHOLDER_REJECTED,0,PLACEHOLDER_VALUE,true,
1928|3|0|1018265,1928,777777,FRU Z motor Brush set,1018265,1018265,11961,1018265_proveedor_local,,"Proveedor Local, FRU MOTOR BRUSH SET (ELECTROCRAFT)",REF_LIKE,0.5,MATCHED,true,
1928|2|0|,1928,777777,"grasa EP2, lubricante W40, limpia contacto, amarras plásticas, lubricante en aceite, paños de limpieza.",,,,,,,PLACEHOLDER_REJECTED,0,PLACEHOLDER_VALUE,true,
1929|2|0|SN,1929,225444,PCB TELEMETRO,SN,SN,,,,,PLACEHOLDER_REJECTED,0,PLACEHOLDER_VALUE,true,
1930|2|0|1556292,1930,0000,2 NR frenos de Dlg's,1556292,1556292,,,,,NONE,0,NO_MATCH,true,
1931|2|0|,1931,,"grasa ep2, wd-40",,,,,,,PLACEHOLDER_REJECTED,0,PLACEHOLDER_VALUE,true,
1932|2|0|,1932,123178,kits de Mónaco 6.1.2,,,,,,,PLACEHOLDER_REJECTED,0,PLACEHOLDER_VALUE,true,
1935|2|0|1534191,1935,0101,"PCB 2 SIDE A, Assembly.   Cant: 1",1534191,1534191,11018,1534191,,"Thumbwheel PWB Side A MKII, VersaHD",REF_EXACT,1,MATCHED,false,
1936|2|0|P1094996,1936,,Modulo de corte Zebra Printer,P1094996,P1094996,,,,,NONE,0,NO_MATCH,true,
1937|2|0|N/A,1937,,N/A,N/A,NA,,,,,PLACEHOLDER_REJECTED,0,PLACEHOLDER_VALUE,true,
1941|2|0|,1941,777777,"paños de limpieza, aceites lubricantes, amarras plásticas",,,,,,,PLACEHOLDER_REJECTED,0,PLACEHOLDER_VALUE,true,
1942|2|0|N/A,1942,,N/A,N/A,NA,,,,,PLACEHOLDER_REJECTED,0,PLACEHOLDER_VALUE,true,
1943|2|0|106931-00,1943,,0pto Interface Board,106931-00,10693100,12171,106931-00,,Opto Interface Board,REF_EXACT,1,MATCHED,false,
1944|2|0|NA,1944,436837,Cable señales y alimentacion de movimientos  mesa,NA,NA,,,,,PLACEHOLDER_REJECTED,0,PLACEHOLDER_VALUE,true,
1947|2|0|,1947,,"grasa ep2
wd40
paños multifibra",,,,,,,PLACEHOLDER_REJECTED,0,PLACEHOLDER_VALUE,true,
1948|2|0|NA,1948,305630,NA,NA,NA,,,,,PLACEHOLDER_REJECTED,0,PLACEHOLDER_VALUE,true,
1949|2|0|NA,1949,0000,NA,NA,NA,,,,,PLACEHOLDER_REJECTED,0,PLACEHOLDER_VALUE,true,
1951|2|0|,1951,,"grasa ep2
wd40
aceite triflow
paños multifibra",,,,,,,PLACEHOLDER_REJECTED,0,PLACEHOLDER_VALUE,true,
1954|2|0|SN,1954,720791,UNIDAD DE CINTA,SN,SN,,,,,PLACEHOLDER_REJECTED,0,PLACEHOLDER_VALUE,true,
1955|2|0|N/A,1955,,N/A,N/A,NA,,,,,PLACEHOLDER_REJECTED,0,PLACEHOLDER_VALUE,true,
1959|2|0|,1959,00000,fusibles,,,,,,,PLACEHOLDER_REJECTED,0,PLACEHOLDER_VALUE,true,
1962|2|0|,1962,,Leaf Motor,,,,,,,PLACEHOLDER_REJECTED,0,PLACEHOLDER_VALUE,true,
1964|2|0|0000,1964,0000,PCB alimentacion filamento magnetron,0000,0000,,,,,REF_LIKE,0.5,AMBIGUOUS_MATCH,true,11966|12238|11137|11624|12228|11173|11115|10921|10922|11238|12239|11560|11594|11513|10890|11672|11673|11196|11197|11199|11200|11202|11201|11654|12012
1965|2|0|N/A,1965,,N/A,N/A,NA,,,,,PLACEHOLDER_REJECTED,0,PLACEHOLDER_VALUE,true,
1968|4|0|1527044,1968,,Programmed PCB ASSY  cant 1,1527044,1527044,,,,,NONE,0,NO_MATCH,true,
1968|6|0|1556292,1968,,"Kit, Spares, DLG Brake  cant 2",1556292,1556292,,,,,NONE,0,NO_MATCH,true,
1968|5|0|1538489,1968,,"PCB assy, DLG & Diaph  cant 1",1538489,1538489,,,,,NONE,0,NO_MATCH,true,
1968|3|0|1517657,1968,,"PCB assy, Leaf Motor  cant 3",1517657,1517657,10701,1517657,,"PCB ASSY, LEAF MOTOR DRIVE - 1 Only",REF_EXACT,1,MATCHED,false,
1968|8|0|1016478,1968,,"Kit, Spares moulded keys  cant 1",1016478,1016478,10946,1016478,,"KIT, SPARES, LEAF MOULDED",REF_EXACT,1,MATCHED,false,
1968|7|0|153458,1968,,"Kit, Spares, Leaf Motor  cant 4",153458,153458,12265,1534583,,"CCP MGMT COMP, HP Z2 MINI G4",REF_LIKE,0.5,MATCHED,true,
1970|4|0|2279013,1970,,pistola lectora,2279013,2279013,11223,2279013,,Manual Barcode reader APOTECAchemo,REF_EXACT,1,MATCHED,false,
1971|2|0|03-999-1141,1971,,iGUIDE Reference Frame Clamp Modification,03-999-1141,039991141,11993,03-999-1141,,Clamp modifications,REF_EXACT,1,MATCHED,false,
1972|3|0|1006737,1972,9999,pcb sib,1006737,1006737,12071,1006737_usado,,SIB PCB,REF_LIKE,0.5,MATCHED,true,
1973|3|0|N/A,1973,,Lámparas UV (6 unidades),N/A,NA,,,,,PLACEHOLDER_REJECTED,0,PLACEHOLDER_VALUE,true,
1973|2|0|N/A,1973,,Pin guía para bomba succión,N/A,NA,,,,,PLACEHOLDER_REJECTED,0,PLACEHOLDER_VALUE,true,
1975|2|0|.......,1975,601281,PC FUJITSU  Y PCB INTERLOCK POWER BOX HEXAPOD,.......,,,,,,PLACEHOLDER_REJECTED,0,PLACEHOLDER_VALUE,true,
1976|3|0|4513341184601H,1976,,Cable Assy PL5,4513341184601H,4513341184601H,11694,45133411846,,"CABLE ASSY, PL5 TO SK5A",REF_LIKE,0.5,MATCHED,true,
1976|2|0|4513341185001U,1976,,Cable Assy PL9,4513341185001U,4513341185001U,11682,4513341185001U,,"Cable Assy, Pl9 to S",REF_EXACT,1,MATCHED,false,
1978|2|0|ZD6A143-32EL02EZ,1978,,Impresora Zebra ZD621,ZD6A143-32EL02EZ,ZD6A14332EL02EZ,,,,,NONE,0,NO_MATCH,true,
1979|2|0|NA,1979,0000,NA,NA,NA,,,,,PLACEHOLDER_REJECTED,0,PLACEHOLDER_VALUE,true,
1980|2|0|N/A,1980,,Modulo térmico ZD620,N/A,NA,,,,,PLACEHOLDER_REJECTED,0,PLACEHOLDER_VALUE,true,
1982|2|0|1527044,1982,,"Programmed PCB Assy, Router",1527044,1527044,,,,,NONE,0,NO_MATCH,true,
1983|2|0|1534958,1983,439377,MOTOR NUEZ Y TORNILLO,1534958,1534958,11034,1534958,,Leaf motor spares kit,REF_EXACT,1,MATCHED,false,
1984|2|0|N/A,1984,,N/A,N/A,NA,,,,,PLACEHOLDER_REJECTED,0,PLACEHOLDER_VALUE,true,
1986|2|0|No hay,1986,,No hay,No hay,NOHAY,,,,,PLACEHOLDER_REJECTED,0,PLACEHOLDER_VALUE,true,
1988|2|0|N/A,1988,,N/A,N/A,NA,,,,,PLACEHOLDER_REJECTED,0,PLACEHOLDER_VALUE,true,
1989|2|0|1538489,1989,,"PCB Assy, DLG/Diaphragms (2)",1538489,1538489,,,,,NONE,0,NO_MATCH,true,
1990|2|0|No hay.,1990,,No hay.,No hay.,NOHAY,,,,,PLACEHOLDER_REJECTED,0,PLACEHOLDER_VALUE,true,
1991|3|0|1527044,1991,,Router PCB,1527044,1527044,,,,,NONE,0,NO_MATCH,true,
1993|2|0|N/A,1993,,N/A,N/A,NA,,,,,PLACEHOLDER_REJECTED,0,PLACEHOLDER_VALUE,true,
1995|3|0|355370,1995,,Gun Filament,355370,355370,,,,,NONE,0,NO_MATCH,true,
1997|2|0|no hay,1997,,no hay,no hay,NOHAY,,,,,PLACEHOLDER_REJECTED,0,PLACEHOLDER_VALUE,true,
1998|2|0|no,1998,,no,no,NO,,,,,PLACEHOLDER_REJECTED,0,PLACEHOLDER_VALUE,true,
1999|2|0|NA,1999,0000,NA,NA,NA,,,,,PLACEHOLDER_REJECTED,0,PLACEHOLDER_VALUE,true,
2000|2|0|N/A,2000,,N/A,N/A,NA,,,,,PLACEHOLDER_REJECTED,0,PLACEHOLDER_VALUE,true,
2001|2|0|No hay.,2001,,No hay.,No hay.,NOHAY,,,,,PLACEHOLDER_REJECTED,0,PLACEHOLDER_VALUE,true,
2002|2|0|NA,2002,535606,NO Hay,NA,NA,,,,,PLACEHOLDER_REJECTED,0,PLACEHOLDER_VALUE,true,
2003|2|0|N/A,2003,,N/A,N/A,NA,,,,,PLACEHOLDER_REJECTED,0,PLACEHOLDER_VALUE,true,
2004|2|0|,2004,777777,"paños de limpieza, W40, ",,,,,,,PLACEHOLDER_REJECTED,0,PLACEHOLDER_VALUE,true,
2007|2|0|1015403,2007,450927,vessel,1015403,1015403,,,,,NONE,0,NO_MATCH,true,
2009|2|0|NA,2009,452861,NA,NA,NA,,,,,PLACEHOLDER_REJECTED,0,PLACEHOLDER_VALUE,true,
2010|2|0|NA,2010,,NA,NA,NA,,,,,PLACEHOLDER_REJECTED,0,PLACEHOLDER_VALUE,true,
2011|2|0|NA,2011,0000,Na,NA,NA,,,,,PLACEHOLDER_REJECTED,0,PLACEHOLDER_VALUE,true,
2014|2|0|n/a,2014,691983,n/a,n/a,NA,,,,,PLACEHOLDER_REJECTED,0,PLACEHOLDER_VALUE,true,
2016|2|0|NA,2016,529099,FUSIBLE 8 AM,NA,NA,,,,,PLACEHOLDER_REJECTED,0,PLACEHOLDER_VALUE,true,
2017|2|0|1006737,2017,526627,SIB PCB,1006737,1006737,12071,1006737_usado,,SIB PCB,REF_LIKE,0.5,MATCHED,true,
2018|2|0|,2018,,"grasa ep2
wd40
paños
alcohol",,,,,,,PLACEHOLDER_REJECTED,0,PLACEHOLDER_VALUE,true,
2020|2|0|,2020,,"paños
wd40
grasa ep2
multimetro",,,,,,,PLACEHOLDER_REJECTED,0,PLACEHOLDER_VALUE,true,
2023|2|0|NA,2023,0000,NA,NA,NA,,,,,PLACEHOLDER_REJECTED,0,PLACEHOLDER_VALUE,true,
2024|2|0|4513316442301M,2024,,Water Filter Element 5 Micron (2),4513316442301M,4513316442301M,10312,4513316442301M,,FILTER ELEMENT 5 MICRON,REF_EXACT,1,MATCHED,false,
2025|19|0|1534958,2025,,Leaf Motor spares kit (50),1534958,1534958,11034,1534958,,Leaf motor spares kit,REF_EXACT,1,MATCHED,false,
2025|18|0|1534908,2025,,Y1 TGT Drive Module Main Assembly,1534908,1534908,12185,1534908,,Y1 Leaf Drive Module (Target),REF_EXACT,1,MATCHED,false,
2025|17|0|1011030,2025,,"Lens, Collimator",1011030,1011030,11035,1011030,,"Lens, Collimator",REF_EXACT,1,MATCHED,false,
2025|14|0|R1510261,2025,,"Detector, Xrdm 1640",R1510261,R1510261,12186,R1510261,,"DETECTOR,XRD,1640, AL5 IVIEW",REF_EXACT,1,MATCHED,false,
2025|13|0|1010848,2025,,"Mirror Assembly, optics (Agility)",1010848,1010848,11037,1010848,,"Mirror assembly, optics (Agility)",REF_EXACT,1,MATCHED,false,
2025|16|0|1557545,2025,,"Camera, DX9",1557545,1557545,12192,1557545,,"Camera, DX9",REF_EXACT,1,MATCHED,false,
2025|15|0|1010260,2025,,"Mirror, Beam Spliter",1010260,1010260,10176,1010260,,BEAM SPLITTER MIRROR,REF_EXACT,1,MATCHED,false,
2025|11|0|1538261,2025,,"Fru kit, flight tube assembly",1538261,1538261,11854,1538261,,"FRU KIT, FLIGHT TUBE DRIVE",REF_EXACT,1,MATCHED,false,
2025|12|0|1515098,2025,,Ion Pump - Spare,1515098,1515098,10374,1515098,,ION PUMP - SPARE,REF_EXACT,1,MATCHED,false,
2025|10|0|45133304800,2025,,Electron Gun Assy,45133304800,45133304800,10375,45133304800,,SL ELECTRON GUN ASSY,REF_EXACT,1,MATCHED,false,
2025|20|0|1016478,2025,,"Kit, Spares, Moulded (03)",1016478,1016478,10946,1016478,,"KIT, SPARES, LEAF MOULDED",REF_EXACT,1,MATCHED,false,
2027|3|0|1018559,2027,555067,fans assy,1018559,1018559,10724,1018559,,"ASSY, BRACKET & FAN",REF_EXACT,1,MATCHED,false,
2027|2|0|1014474,2027,555067,cable assy SW1 SW2,1014474,1014474,11677,1014474,,Cable Assy sw1/sw2 T,REF_EXACT,1,MATCHED,false,
2031|2|0|NA,2031,,NA,NA,NA,,,,,PLACEHOLDER_REJECTED,0,PLACEHOLDER_VALUE,true,
2035|2|0|,2035,,nuez de motor,,,,,,,PLACEHOLDER_REJECTED,0,PLACEHOLDER_VALUE,true,
2037|2|0|1534958,2037,,"Kit, Spares Leaf Motor",1534958,1534958,11034,1534958,,Leaf motor spares kit,REF_EXACT,1,MATCHED,false,
2040|2|0|N/A,2040,,N/A,N/A,NA,,,,,PLACEHOLDER_REJECTED,0,PLACEHOLDER_VALUE,true,
2041|3|0|451362610003J,2041,,"belt, timing, s/sided cant=2",451362610003J,451362610003J,10998,451362610003J,,Belt - m/c 151270 onwards,REF_EXACT,1,MATCHED,false,
2041|2|0|1541718,2041,,"fru, pancake motor assembly cant=2",1541718,1541718,11595,1541718,,"FRU, Pancake Motor Assembly",REF_EXACT,1,MATCHED,false,
2042|2|0|1551103,2042,,"mod kit, disc spring cant=2",1551103,1551103,12147,1551103,,"MOD KIT, DISC SPRING GANTRY (fco)",REF_EXACT,1,MATCHED,false,
2044|2|0|45133501070,2044,,hand held controller,45133501070,45133501070,10566,45133501070,,HANDHELD CONTROLLER,REF_EXACT,1,MATCHED,false,
"2046|2|0|1534191
1534195",2046,761642,"Fru pcb, side A cant=1
Fru pcb, side B cant =2","1534191
1534195",15341911534195,,,,,REF_LIKE,0.5,AMBIGUOUS_MATCH,true,11018|11022
2047|2|0|n/c,2047,,"grasa ep-2
wd-40
aire comprimido 
limpia contacto",n/c,NC,,,,,PLACEHOLDER_REJECTED,0,PLACEHOLDER_VALUE,true,
2050|3|0|1010848,2050,777777,Mirror Assembly,1010848,1010848,11037,1010848,,"Mirror assembly, optics (Agility)",REF_EXACT,1,MATCHED,false,
2050|4|0|1507972,2050,777777,Voltaje Regulator PCB,1507972,1507972,11308,1507972,,"PCB assy ODI,Voltage Regulator PCB Assy",REF_EXACT,1,MATCHED,false,
2050|2|0|1556292,2050,777777,"kit, spares, DLG brake (X2)",1556292,1556292,,,,,NONE,0,NO_MATCH,true,
2051|2|0|,2051,9999,filtro,,,,,,,PLACEHOLDER_REJECTED,0,PLACEHOLDER_VALUE,true,
2053|2|0|1023530,2053,9999,arm control board,1023530,1023530,10389,1023530,,ARM CONTROL BOARD (ACB) - IViEWGT,REF_EXACT,1,MATCHED,false,
2054|3|0|1500998,2054,,LED Projector,1500998,1500998,10769,1500998,,Projector Assy Quad LED,REF_EXACT,1,MATCHED,false,
2054|2|0|1502613,2054,,Láser ODI Spare KIT,1502613,1502613,10994,1502613,,Laser ODI Spares Kit,REF_EXACT,1,MATCHED,false,
2055|2|0|1551103,2055,9999,"mod kit, disc spring",1551103,1551103,12147,1551103,,"MOD KIT, DISC SPRING GANTRY (fco)",REF_EXACT,1,MATCHED,false,
2056|2|0|080140,2056,,FIBER OPTIC FOR INDEXER,080140,080140,12197,080140,,Fiber optic for indexer,REF_EXACT,1,MATCHED,false,
2057|2|0|080140,2057,,FIBER OPTIC FOR INDEXER,080140,080140,12197,080140,,Fiber optic for indexer,REF_EXACT,1,MATCHED,false,
2058|2|0|N/A,2058,914690,N/A,N/A,NA,,,,,PLACEHOLDER_REJECTED,0,PLACEHOLDER_VALUE,true,
2059|3|0|1512130,2059,9999,"pcb, assy, relay out",1512130,1512130,10122,1512130,,PCB ASSY RELAY OUT - ROC,REF_EXACT,1,MATCHED,false,
2059|2|0|1008517,2059,9999,"programmed assy, MTU",1008517,1008517,11592,1008517,,MTU PCB 1553 - XVI only,REF_EXACT,1,MATCHED,false,
2060|2|0|N/A,2060,,N/A,N/A,NA,,,,,PLACEHOLDER_REJECTED,0,PLACEHOLDER_VALUE,true,
2063|2|0|,2063,,"grasa ep2
wd40
paños multifibras
alcohol",,,,,,,PLACEHOLDER_REJECTED,0,PLACEHOLDER_VALUE,true,
2066|3|0|45133411850,2066,,"Cable Assy, PL9 to SK9",45133411850,45133411850,,,,,REF_LIKE,0.5,AMBIGUOUS_MATCH,true,12189|11682|12204
2066|2|0|4513341184601H,2066,,"Cable Assy, PL5 to SK5A",4513341184601H,4513341184601H,11694,45133411846,,"CABLE ASSY, PL5 TO SK5A",REF_LIKE,0.5,MATCHED,true,
2067|2|0|N/C,2067,,N/C,N/C,NC,,,,,PLACEHOLDER_REJECTED,0,PLACEHOLDER_VALUE,true,
2068|2|0|N/C,2068,,N/C,N/C,NC,,,,,PLACEHOLDER_REJECTED,0,PLACEHOLDER_VALUE,true,
2071|3|0|821321900352,2071,0101,Fuse 10 A 32 VAC,821321900352,821321900352,11061,821321900352,,"Fuse, 10A 32 VAC, time delay, glass cartridge 32 mm x 6.3mm (FS32E)",REF_EXACT,1,MATCHED,false,
2071|2|0|45133164423,2071,0101,Filter element Cant: 2,45133164423,45133164423,10312,4513316442301M,,FILTER ELEMENT 5 MICRON,REF_LIKE,0.5,MATCHED,true,
2072|2|0|,2072,746842,pedir a elekta,,,,,,,PLACEHOLDER_REJECTED,0,PLACEHOLDER_VALUE,true,
2074|2|0|N/A,2074,,N/A,N/A,NA,,,,,PLACEHOLDER_REJECTED,0,PLACEHOLDER_VALUE,true,
"2075|2|0|45133326854
3501H-BYL-203L",2075,,"Mout Mirror 
potenciometro check 10 turns","45133326854
3501H-BYL-203L",451333268543501HBYL203L,,,,,NONE,0,NO_MATCH,true,
2078|2|0|1504218,2078,674658,medical ethernet iso,1504218,1504218,12202,1504218,,Medical Ethernet Isolator,REF_EXACT,1,MATCHED,false,
2080|2|0|1531145,2080,9999,"assy, fan 70x70x15mm",1531145,1531145,11145,1531145,,"Assy, Fan 70x70x15mm",REF_EXACT,1,MATCHED,false,
2083|2|0|1543958,2083,0101,Leaf Mo.  Cant: 2,1543958,1543958,,,,,NONE,0,NO_MATCH,true,
2086|3|0|4513316442301M,2086,,Filter Element 5 Micron,4513316442301M,4513316442301M,10312,4513316442301M,,FILTER ELEMENT 5 MICRON,REF_EXACT,1,MATCHED,false,
2086|4|0|,2086,,"aire comprimido (vacio), limpia contacto, W40 (vacio), aceite trifolio (vacio) ",,,,,,,PLACEHOLDER_REJECTED,0,PLACEHOLDER_VALUE,true,
2086|2|0|,2086,,cambio de filtro para chiller,,,,,,,PLACEHOLDER_REJECTED,0,PLACEHOLDER_VALUE,true,
2087|2|0|45133165177,2087,529724,Thyatron Cant: 1,45133165177,45133165177,10716,45133165177,,THYRATRON e2v CX1154L,REF_EXACT,1,MATCHED,false,
"2088|3|0|45133502026
1502613
1505891
1538094",2088,743842,"x-rays tube
laser ODI spares kit
spec, sfhr400, kv gen
control board, kv gen","45133502026
1502613
1505891
1538094",45133502026150261315058911538094,,,,,REF_LIKE,0.5,AMBIGUOUS_MATCH,true,10994|12203|12137
2089|2|0|1535807,2089,0101,"Mod kit, Transformer thyratron T2 and NTC thermistor",1535807,1535807,11525,1535807,,FCO Mod-kit “Transformer T2 and NTC”,REF_EXACT,1,MATCHED,false,
2092|3|0|1019597,2092,468508,pci frame grabber,1019597,1019597,10973,1019597,,FRAME GRABBER,REF_EXACT,1,MATCHED,false,
2092|5|0|1015075,2092,468508,cable retractile,1015075,1015075,10958,1015075,,"Cable, retractile, MLC (SK25AA–SK26A)",REF_EXACT,1,MATCHED,false,
2092|4|0|1523707,2092,468508,pci lib,1523707,1523707,12000,1523707,,PCI LIB PCB - CCP,REF_EXACT,1,MATCHED,false,
2092|2|0|1527044,2092,468508,"programmed pcb assy, router ",1527044,1527044,,,,,NONE,0,NO_MATCH,true,
2092|6|0|1015076,2092,468508,cable retractile,1015076,1015076,10957,1015076,,"Cable, retractile, MLC (SK25BB–SK26B)",REF_EXACT,1,MATCHED,false,
2093|2|0|N/A,2093,127990,N/A,N/A,NA,,,,,PLACEHOLDER_REJECTED,0,PLACEHOLDER_VALUE,true,
2094|3|0|N/A,2094,0101,Isolator 300 W,N/A,NA,,,,,PLACEHOLDER_REJECTED,0,PLACEHOLDER_VALUE,true,
2094|2|0|N/A,2094,0101,Isolator 600 W,N/A,NA,,,,,PLACEHOLDER_REJECTED,0,PLACEHOLDER_VALUE,true,
2096|2|0|1018265,2096,,FRU Z Motor Brush  Set,1018265,1018265,11961,1018265_proveedor_local,,"Proveedor Local, FRU MOTOR BRUSH SET (ELECTROCRAFT)",REF_LIKE,0.5,MATCHED,true,
2098|2|0|4513316442301M,2098,,water filter cant 2,4513316442301M,4513316442301M,10312,4513316442301M,,FILTER ELEMENT 5 MICRON,REF_EXACT,1,MATCHED,false,
2103|2|0|45133411940,2103,,Roller Superior,45133411940,45133411940,,,,,NONE,0,NO_MATCH,true,
2105|2|0|N/C,2105,,N/C,N/C,NC,,,,,PLACEHOLDER_REJECTED,0,PLACEHOLDER_VALUE,true,
2106|2|0|N/C,2106,,N/C,N/C,NC,,,,,PLACEHOLDER_REJECTED,0,PLACEHOLDER_VALUE,true,
2107|2|0|,2107,,6 mtrs de cable CAT5,,,,,,,PLACEHOLDER_REJECTED,0,PLACEHOLDER_VALUE,true,
2108|3|0|1027687,2108,914690,detector imaging panel (ap),1027687,1027687,12201,1027687,,Detector imaging panel (AP),REF_EXACT,1,MATCHED,false,
2109|2|0|N/A,2109,716324,N/A,N/A,NA,,,,,PLACEHOLDER_REJECTED,0,PLACEHOLDER_VALUE,true,
2110|3|0|1509604,2110,,"Kit,  Spares, Horiz Adjuster",1509604,1509604,12152,1509604,,"KIT, SPARES, HORIZ ADJUSTER",REF_EXACT,1,MATCHED,false,
2110|5|0|1564298,2110,,"(02) PCB Assy, DLG, Diaphragms",1564298,1564298,11039,1564298,,Diaphragm/DLG PCB,REF_EXACT,1,MATCHED,false,
2110|4|0|1547237,2110,,"Kit, Luminus Proj Assy and PCB, Assy Led Control",1547237,1547237,,,,,REF_LIKE,0.5,AMBIGUOUS_MATCH,true,12086|10767
2110|7|0|1556287,2110,,"(02) Kit, spares, Diaphragms Brake",1556287,1556287,12261,1556287,,"KIT, SPARES, DIAPHRAGM BRAKE",REF_EXACT,1,MATCHED,false,
2110|2|0|4513316442301M,2110,,(02) Water Filter,4513316442301M,4513316442301M,10312,4513316442301M,,FILTER ELEMENT 5 MICRON,REF_EXACT,1,MATCHED,false,
2110|6|0|1507972,2110,,Voltage regulator pcb Assy,1507972,1507972,11308,1507972,,"PCB assy ODI,Voltage Regulator PCB Assy",REF_EXACT,1,MATCHED,false,
2110|8|0|1018559,2110,,"(02) Assy, Bracket & Fan",1018559,1018559,10724,1018559,,"ASSY, BRACKET & FAN",REF_EXACT,1,MATCHED,false,
2113|4|0|45133502026,2113,568581,"assembly, xrays tube",45133502026,45133502026,12138,45133502026_usado,,X-ray tube (MR),REF_LIKE,0.5,MATCHED,true,
2114|2|0|N/C,2114,,N/C,N/C,NC,,,,,PLACEHOLDER_REJECTED,0,PLACEHOLDER_VALUE,true,
2117|2|0|N/A,2117,,N/A,N/A,NA,,,,,PLACEHOLDER_REJECTED,0,PLACEHOLDER_VALUE,true,
2122|2|0|45133165177,2122,115048,"thyratron, hydtogen",45133165177,45133165177,10716,45133165177,,THYRATRON e2v CX1154L,REF_EXACT,1,MATCHED,false,
2123|2|0|1018265,2123,,FRU Z MOTOR BRUSH SET (Electrocraft),1018265,1018265,11961,1018265_proveedor_local,,"Proveedor Local, FRU MOTOR BRUSH SET (ELECTROCRAFT)",REF_LIKE,0.5,MATCHED,true,
2125|2|0|1018559,2125,,"(02) Assy, Bracket & Fan",1018559,1018559,10724,1018559,,"ASSY, BRACKET & FAN",REF_EXACT,1,MATCHED,false,
2127|2|0|1527814,2127,,"IPCU, PSU Ion Pump",1527814,1527814,11929,1527814,,"PSU, ION PUMP",REF_EXACT,1,MATCHED,false,
2129|3|0|N/A,2129,,Térmico impresora Zebra,N/A,NA,,,,,PLACEHOLDER_REJECTED,0,PLACEHOLDER_VALUE,true,
2133|2|0|1534958,2133,0101,Kit Spare Leaf MO  Cant: 1,1534958,1534958,11034,1534958,,Leaf motor spares kit,REF_EXACT,1,MATCHED,false,
2134|3|0|1556287,2134,0101,KIT SPARES DIAPHRAGM BRAKE Cant: 2,1556287,1556287,12261,1556287,,"KIT, SPARES, DIAPHRAGM BRAKE",REF_EXACT,1,MATCHED,false,
2134|2|0|1564298,2134,0101,PCB DLG and DIAPHRAGM,1564298,1564298,11039,1564298,,Diaphragm/DLG PCB,REF_EXACT,1,MATCHED,false,
2135|2|0|1024183,2135,823784,Water Pump,1024183,1024183,12209,1024183,,"Water pump, Flowjet 436990",REF_EXACT,1,MATCHED,false,
2140|2|0|,2140,,Cable DVI 5mts,,,,,,,PLACEHOLDER_REJECTED,0,PLACEHOLDER_VALUE,true,
2141|2|0|1016518,2141,,detector panel PSU,1016518,1016518,11006,1016518,,Detector Panel PSU (XRD- EPS),REF_EXACT,1,MATCHED,false,
2142|2|0|N/A,2142,,Fuente de Iridium 192,N/A,NA,,,,,PLACEHOLDER_REJECTED,0,PLACEHOLDER_VALUE,true,
2143|2|0|1517657,2143,777777,"PCB ASSY, LEAF MOTOR DRIVE",1517657,1517657,10701,1517657,,"PCB ASSY, LEAF MOTOR DRIVE - 1 Only",REF_EXACT,1,MATCHED,false,
2145|2|0|,2145,,"Alcohol
Wd40
aceite lubricante triflow
grasa Ep2
paños microfibras
aceite de caja mécanica",,,,,,,PLACEHOLDER_REJECTED,0,PLACEHOLDER_VALUE,true,
2146|2|0|4513316442301M,2146,,"water filter. cant = 2
wd40
aceite triflow
grasa ep2",4513316442301M,4513316442301M,10312,4513316442301M,,FILTER ELEMENT 5 MICRON,REF_EXACT,1,MATCHED,false,
2147|2|0|,2147,,(05) nueces cortas,,,,,,,PLACEHOLDER_REJECTED,0,PLACEHOLDER_VALUE,true,
2148|2|0|N/A,2148,,N/A,N/A,NA,,,,,PLACEHOLDER_REJECTED,0,PLACEHOLDER_VALUE,true,
2149|2|0|,2149,,Tarjeta PCB de telemetro,,,,,,,PLACEHOLDER_REJECTED,0,PLACEHOLDER_VALUE,true,
2150|2|0|,2150,107185,"paños microfibras
alcohol
wd40
aceite lubricante
spray especial para sistema óptico",,,,,,,PLACEHOLDER_REJECTED,0,PLACEHOLDER_VALUE,true,
2151|3|0|1502613,2151,,"mod kit, láser odi lamp",1502613,1502613,10994,1502613,,Laser ODI Spares Kit,REF_EXACT,1,MATCHED,false,
2151|2|0|4513 330 4800,2151,,electron gun assy,4513 330 4800,45133304800,10375,45133304800,,SL ELECTRON GUN ASSY,REF_NORMALIZED_EXACT,0.85,MATCHED,false,
2152|2|0|1500954,2152,,Voltage Regulator PCB Assy,1500954,1500954,,,,,NONE,0,NO_MATCH,true,
2153|3|0|45133304800,2153,,electron gun assy,45133304800,45133304800,10375,45133304800,,SL ELECTRON GUN ASSY,REF_EXACT,1,MATCHED,false,
2154|2|0|N/A,2154,,"Lubricante W40
Paños de fibra sin residuos
Aire comprimido ",N/A,NA,,,,,PLACEHOLDER_REJECTED,0,PLACEHOLDER_VALUE,true,
2155|2|0|,2155,,"Grasa ep2
wd40
alcohol
triflow
paños",,,,,,,PLACEHOLDER_REJECTED,0,PLACEHOLDER_VALUE,true,
2156|2|0|N/A,2156,,N/A,N/A,NA,,,,,PLACEHOLDER_REJECTED,0,PLACEHOLDER_VALUE,true,
2158|4|0|1515098,2158,,IonPump (lado target),1515098,1515098,10374,1515098,,ION PUMP - SPARE,REF_EXACT,1,MATCHED,false,
2161|2|0|,2161,,loctite,,,,,,,PLACEHOLDER_REJECTED,0,PLACEHOLDER_VALUE,true,
2162|3|0|1564298,2162,,"pcb assy, DLG and Diaphragm  drive ",1564298,1564298,11039,1564298,,Diaphragm/DLG PCB,REF_EXACT,1,MATCHED,false,
2162|5|0|1527044,2162,,"programmed pcb assy, router",1527044,1527044,,,,,NONE,0,NO_MATCH,true,
2162|4|0|1526644,2162,,"pcb assy, Wedge control ",1526644,1526644,,,,,NONE,0,NO_MATCH,true,
2162|2|0|1556292,2162,,kit spare DLG brake (2 unidades),1556292,1556292,,,,,NONE,0,NO_MATCH,true,
2163|5|0|1515098,2163,,ion pump - spare,1515098,1515098,10374,1515098,,ION PUMP - SPARE,REF_EXACT,1,MATCHED,false,
2163|4|0|1564298,2163,,pcb dlg/diafragmas cant 1,1564298,1564298,11039,1564298,,Diaphragm/DLG PCB,REF_EXACT,1,MATCHED,false,
2164|2|0|N/A,2164,,N/A,N/A,NA,,,,,PLACEHOLDER_REJECTED,0,PLACEHOLDER_VALUE,true,
2167|3|0|n/a,2167,,n/a,n/a,NA,,,,,PLACEHOLDER_REJECTED,0,PLACEHOLDER_VALUE,true,
2169|2|0|1534958,2169,240610,"kit, spares, leaf motor",1534958,1534958,11034,1534958,,Leaf motor spares kit,REF_EXACT,1,MATCHED,false,
"2170|2|0|45133317849
45133317850
1016984
45133318485
45133318486
45133318488
45133318487
45133318489",2170,,"PCB 811 INTERCONNECT LADO B
PCB 812 INTERCONNECT LADO A
ISO ROTATION BRAKE
CABLE SKT 810A-PL801A
CABLE SKT 810B-PL801B
CABLE SKT 810E-PL801E
CABLE SKT 810C-PL802C
CABLE SKT 810F-PL802F","45133317849
45133317850
1016984
45133318485
45133318486
45133318488
45133318487
45133318489",451333178494513331785010169844513331848545133318486451333184884513331848745133318489,,,,,REF_LIKE,0.5,AMBIGUOUS_MATCH,true,10906|11248|11249|12160|12161|12163|12162|12164
2171|2|0|2246067,2171,,Printer SII Smart Label Printer 650,2246067,2246067,11190,2246067,,Label printer,REF_EXACT,1,MATCHED,false,
2173|4|0|1502613,2173,303706,Laser ODI Spares Kit,1502613,1502613,10994,1502613,,Laser ODI Spares Kit,REF_EXACT,1,MATCHED,false,
"2173|3|0|4513341185001U
4513341184601U",2173,303706,cable PL9 y PL5,"4513341185001U
4513341184601U",4513341185001U4513341184601U,,,,,REF_LIKE,0.5,AMBIGUOUS_MATCH,true,11694|11682
2174|2|0|4513316442101T,2174,,"Potentiometer 20K, 10T",4513316442101T,4513316442101T,10986,4513316442101T,,"Potentiometer, 20k, 10 turns Coarse/Check",REF_EXACT,1,MATCHED,false,
2180|2|0|No hay.,2180,,No hay.,No hay.,NOHAY,,,,,PLACEHOLDER_REJECTED,0,PLACEHOLDER_VALUE,true,
2182|2|0|No hay,2182,,No hay,No hay,NOHAY,,,,,PLACEHOLDER_REJECTED,0,PLACEHOLDER_VALUE,true,
2183|4|0|n/a,2183,561750,n/a,n/a,NA,,,,,PLACEHOLDER_REJECTED,0,PLACEHOLDER_VALUE,true,
2185|2|0|,2185,905198,"potenciometro coarse
potenciometro fine",,,,,,,PLACEHOLDER_REJECTED,0,PLACEHOLDER_VALUE,true,
2190|10|0|45133304800,2190,,Electron Gun Assy,45133304800,45133304800,10375,45133304800,,SL ELECTRON GUN ASSY,REF_EXACT,1,MATCHED,false,
2190|12|0|1024939,2190,,"Assy 40x40x10mm Led Projector Fan, Heatsink",1024939,1024939,10776,1024939,,"ASSY, 40X40X10MM FAN, HEATSINK",REF_EXACT,1,MATCHED,false,
2190|11|0|1515098,2190,,Ion Pump Spare,1515098,1515098,10374,1515098,,ION PUMP - SPARE,REF_EXACT,1,MATCHED,false,
2190|9|0|45133165177,2190,,Thyratron e2V CX1154L,45133165177,45133165177,10716,45133165177,,THYRATRON e2v CX1154L,REF_EXACT,1,MATCHED,false,
2191|2|0|1553878,2191,381608,Z motor abd Brake,1553878,1553878,,,,,REF_LIKE,0.5,AMBIGUOUS_MATCH,true,11247|12176
2194|2|0|N/A,2194,,N/A,N/A,NA,,,,,PLACEHOLDER_REJECTED,0,PLACEHOLDER_VALUE,true,
2197|5|0|1509023,2197,888306,"cable assembly, area 60 to area 70",1509023,1509023,12216,1509023,,"Cable assembly, PL60kV1/8/9 to SK16kV8/9 and PL16kV1 HHC/Data trigger - Reeling",REF_EXACT,1,MATCHED,false,
2197|4|0|1509024,2197,888306,"cable assy, Area 60 to plgipi",1509024,1509024,12212,1509024,,"Cable Assy, Area 60 to PLGIPI 1",REF_EXACT,1,MATCHED,false,
2198|2|0|N/C,2198,,N/C,N/C,NC,,,,,PLACEHOLDER_REJECTED,0,PLACEHOLDER_VALUE,true,
2199|2|0|N/A,2199,,N/A,N/A,NA,,,,,PLACEHOLDER_REJECTED,0,PLACEHOLDER_VALUE,true,
2201|2|0|,2201,,Tapete de identificación viales,,,,,,,PLACEHOLDER_REJECTED,0,PLACEHOLDER_VALUE,true,
2202|2|0|N/A,2202,,N/A,N/A,NA,,,,,PLACEHOLDER_REJECTED,0,PLACEHOLDER_VALUE,true,
2203|3|0|26786,2203,,jfkgkgkf,26786,26786,,,,,NONE,0,NO_MATCH,true,
2203|4|0|3678,2203,,bfjkfkf,3678,3678,,,,,NONE,0,NO_MATCH,true,
2203|2|0|256774,2203,,jfifkfof,256774,256774,,,,,NONE,0,NO_MATCH,true,
2205|2|0|N/A,2205,560333,N/A,N/A,NA,,,,,PLACEHOLDER_REJECTED,0,PLACEHOLDER_VALUE,true,
2208|2|0|,2208,,"paños microfibras
alcohol 70%
wd40
aceite triflow",,,,,,,PLACEHOLDER_REJECTED,0,PLACEHOLDER_VALUE,true,
2210|2|0|,2210,,"paños microfibras
wd40
aceite triflow
aceite para caja de motor
alcohol 70%
baterias 12V cant 2
",,,,,,,PLACEHOLDER_REJECTED,0,PLACEHOLDER_VALUE,true,
2214|2|0|,2214,593101,panel Xvi,,,,,,,PLACEHOLDER_REJECTED,0,PLACEHOLDER_VALUE,true,
2216|3|0|45133412189,2216,252179,"lever assembly
spares linear actuator",45133412189,45133412189,12211,45133412189,,LEVER ASSEMBLY,REF_EXACT,1,MATCHED,false,
2217|2|0|45133305658,2217,566921,Multiplex Terminal Unit (MTU) - Cantidad 2,45133305658,45133305658,11864,45133305658_usado,,Multiplex terminal unit (MTU),REF_LIKE,0.5,MATCHED,true,
2219|3|0|T00010988-01-NR2,2219,,Soporte Jeringa 20ml,T00010988-01-NR2,T0001098801NR2,11900,T00010988-01-NR2,,BASE JERINGA 50 ML,REF_EXACT,1,MATCHED,false,
2219|2|0|T00010986-01-L1,2219,,Soporte Jeringa 5ml,T00010986-01-L1,T0001098601L1,,,,,NONE,0,NO_MATCH,true,
2221|2|0|,2221,,"W40, paños de limpiezas, limpia contacto, etc ",,,,,,,PLACEHOLDER_REJECTED,0,PLACEHOLDER_VALUE,true,
2229|2|0|1234567890,2229,,Sensor viales,1234567890,1234567890,,,,,NONE,0,NO_MATCH,true,
2230|2|0|123456,2230,125896,Repuesto,123456,123456,,,,,NONE,0,NO_MATCH,true,
2232|2|0|SN,2232,737478,Tarjeta control ODI,SN,SN,,,,,PLACEHOLDER_REJECTED,0,PLACEHOLDER_VALUE,true,
2234|2|0|SN,2234,,Rodillo impresora,SN,SN,,,,,PLACEHOLDER_REJECTED,0,PLACEHOLDER_VALUE,true,
2237|2|0|NA,2237,979673,no hay,NA,NA,,,,,PLACEHOLDER_REJECTED,0,PLACEHOLDER_VALUE,true,
2240|2|0|1519103,2240,183512,pcb dose A,1519103,1519103,11588,1519103,,Dose A Digital,REF_EXACT,1,MATCHED,false,
2241|2|0|45133165177,2241,,"Thyratron, hydrogen",45133165177,45133165177,10716,45133165177,,THYRATRON e2v CX1154L,REF_EXACT,1,MATCHED,false,
2242|2|0|1534958,2242,,"(03) Kit, Spare, Leaf Motor",1534958,1534958,11034,1534958,,Leaf motor spares kit,REF_EXACT,1,MATCHED,false,
2244|2|0|SN,2244,,potenciometros,SN,SN,,,,,PLACEHOLDER_REJECTED,0,PLACEHOLDER_VALUE,true,
2246|3|0|1007099,2246,,Longitudinal PCB limit switch assembly,1007099,1007099,11641,1007099,,Longitudinal PCB limit switch assembly,REF_EXACT,1,MATCHED,false,
2246|2|0|4513341220301G,2246,,"CABLE, T-GUARD AND LAT MOTOR",4513341220301G,4513341220301G,11693,4513341220301G,,"CABLE, T-GUARD AND LAT MOTOR",REF_EXACT,1,MATCHED,false,
2247|2|0|1027687,2247,,Detector imaging panel (AP),1027687,1027687,12201,1027687,,Detector imaging panel (AP),REF_EXACT,1,MATCHED,false,
2248|2|0|N/A,2248,989244,N/A,N/A,NA,,,,,PLACEHOLDER_REJECTED,0,PLACEHOLDER_VALUE,true,
2249|2|0|,2249,,"potenciometros coarse y check
movimiento lateral",,,,,,,PLACEHOLDER_REJECTED,0,PLACEHOLDER_VALUE,true,
2251|2|0|1018265,2251,,FRU Z MOTOR BRUSH SET,1018265,1018265,11961,1018265_proveedor_local,,"Proveedor Local, FRU MOTOR BRUSH SET (ELECTROCRAFT)",REF_LIKE,0.5,MATCHED,true,
2252|2|0|,2252,,"GUN PSU
MAGNETRON TUNNING DRIVE ASSY",,,,,,,PLACEHOLDER_REJECTED,0,PLACEHOLDER_VALUE,true,
2253|2|0|1013865,2253,,PCB ASSY DECODE,1013865,1013865,12221,1013865,,"PCB assembly, decoder",REF_EXACT,1,MATCHED,false,
2254|2|0|S/N,2254,823784,BOMBA CIRCUITO INTERNO DEL.LINAC,S/N,SN,,,,,PLACEHOLDER_REJECTED,0,PLACEHOLDER_VALUE,true,
2256|2|0|1564298,2256,,"PCB Assy, DLG and Diaphragm",1564298,1564298,11039,1564298,,Diaphragm/DLG PCB,REF_EXACT,1,MATCHED,false,
2257|2|0|1534958,2257,859491,"kir, spare, leaf motor cantidad 2",1534958,1534958,11034,1534958,,Leaf motor spares kit,REF_EXACT,1,MATCHED,false,
2259|2|0|4513341220301G,2259,,"Cable, T - Guard and L",4513341220301G,4513341220301G,11693,4513341220301G,,"CABLE, T-GUARD AND LAT MOTOR",REF_EXACT,1,MATCHED,false,
2261|4|0|1027687,2261,9999,xrd 1642 ap3 kv panel,1027687,1027687,12201,1027687,,Detector imaging panel (AP),REF_EXACT,1,MATCHED,false,
2261|3|0|1500613,2261,9999,x-ray window assy,1500613,1500613,12226,1500613,,X-Ray Window Assembly VersaHD,REF_EXACT,1,MATCHED,false,
2263|2|0|1534958,2263,454944,"KIT, spares, leaf motor ",1534958,1534958,11034,1534958,,Leaf motor spares kit,REF_EXACT,1,MATCHED,false,
2270|2|0|1534958,2270,522766,"kit, spares, leaf motor",1534958,1534958,11034,1534958,,Leaf motor spares kit,REF_EXACT,1,MATCHED,false,
"2271|2|0|1531858
1531855
1531854",2271,151048,"fru Z mov. coarse pot
fru Z mov. check pot
fru Z mov. fine pot","1531858
1531855
1531854",153185815318551531854,,,,,REF_LIKE,0.5,AMBIGUOUS_MATCH,true,12224|12223|12225
2272|2|0|N/A,2272,,N/A,N/A,NA,,,,,PLACEHOLDER_REJECTED,0,PLACEHOLDER_VALUE,true,
2273|2|0|SN,2273,,NA,SN,SN,,,,,PLACEHOLDER_REJECTED,0,PLACEHOLDER_VALUE,true,
2276|2|0|1014204,2276,,ion chamber assembly,1014204,1014204,10952,1014204,,Ceramic ion chamber (MR),REF_EXACT,1,MATCHED,false,
2277|2|0|Hand Held Controller,2277,813919,1009089,Hand Held Controller,HANDHELDCONTROLLER,,,,,NONE,0,NO_MATCH,true,
2279|2|0|N/A,2279,,Cable de HT reutilizado,N/A,NA,,,,,PLACEHOLDER_REJECTED,0,PLACEHOLDER_VALUE,true,
2280|2|0|,2280,375568,baterias 12V cant=2,,,,,,,PLACEHOLDER_REJECTED,0,PLACEHOLDER_VALUE,true,
2281|2|0|N/A,2281,582497,Cable de alta no original,N/A,NA,,,,,PLACEHOLDER_REJECTED,0,PLACEHOLDER_VALUE,true,
2284|2|0|NA,2284,823784,NA,NA,NA,,,,,PLACEHOLDER_REJECTED,0,PLACEHOLDER_VALUE,true,
2285|2|0|1534958,2285,,Kit Spare leaf Motor,1534958,1534958,11034,1534958,,Leaf motor spares kit,REF_EXACT,1,MATCHED,false,
2287|2|0|N/A,2287,,N/A,N/A,NA,,,,,PLACEHOLDER_REJECTED,0,PLACEHOLDER_VALUE,true,
2290|3|0|N/A,2290,,N/A,N/A,NA,,,,,PLACEHOLDER_REJECTED,0,PLACEHOLDER_VALUE,true,
2291|1|0|na,2291,,na,na,NA,,,,,PLACEHOLDER_REJECTED,0,PLACEHOLDER_VALUE,true,
2292|2|0|1534958,2292,936823,"Kit Spares, Leaf Motor",1534958,1534958,11034,1534958,,Leaf motor spares kit,REF_EXACT,1,MATCHED,false,
2293|1|0|2222,2293,,sib pcb,2222,2222,,,,,NONE,0,NO_MATCH,true,
2296|2|0|NA,2296,,Aire comprimido -corones de limpieza,NA,NA,,,,,PLACEHOLDER_REJECTED,0,PLACEHOLDER_VALUE,true,
2303|2|0|45133304800,2303,,Electrón Gun Haz,45133304800,45133304800,10375,45133304800,,SL ELECTRON GUN ASSY,REF_EXACT,1,MATCHED,false,
2304|2|0|1016476,2304,,Kit motor MLC,1016476,1016476,10913,1016476,,Leaf motor spares kit,REF_EXACT,1,MATCHED,false,
2305|2|0|4513316442301M,2305,,Water Filter Element 5Micron,4513316442301M,4513316442301M,10312,4513316442301M,,FILTER ELEMENT 5 MICRON,REF_EXACT,1,MATCHED,false,
2306|10|0|1016476,2306,,Leaf Motor Spares Kit,1016476,1016476,10913,1016476,,Leaf motor spares kit,REF_EXACT,1,MATCHED,false,
2306|9|0|1541744,2306,,"FRU Kit, Hand Held Controller ",1541744,1541744,11817,1541744,,"FRU KIT, HAND HELD CONTROLLER",REF_EXACT,1,MATCHED,false,
2306|6|0|1515098,2306,,Ion Pump Spare,1515098,1515098,10374,1515098,,ION PUMP - SPARE,REF_EXACT,1,MATCHED,false,
2306|8|0|1538261,2306,,(30) FRU Kit. Flight tube Drive,1538261,1538261,11854,1538261,,"FRU KIT, FLIGHT TUBE DRIVE",REF_EXACT,1,MATCHED,false,
2306|7|0|45133304800,2306,,Electron Gun Assy,45133304800,45133304800,10375,45133304800,,SL ELECTRON GUN ASSY,REF_EXACT,1,MATCHED,false,
2306|5|0|1564298,2306,,Diaphragm/DLG PCB,1564298,1564298,11039,1564298,,Diaphragm/DLG PCB,REF_EXACT,1,MATCHED,false,
2312|2|0|1564298,2312,,"pcb assy, dlg, diaphragm",1564298,1564298,11039,1564298,,Diaphragm/DLG PCB,REF_EXACT,1,MATCHED,false,
2312|1|0|1534958,2312,,"kit, spares, leaf",1534958,1534958,11034,1534958,,Leaf motor spares kit,REF_EXACT,1,MATCHED,false,
2314|2|0|,2314,362745,N/A,,,,,,,PLACEHOLDER_REJECTED,0,PLACEHOLDER_VALUE,true,
2315|2|0|No,2315,,No,No,NO,,,,,PLACEHOLDER_REJECTED,0,PLACEHOLDER_VALUE,true,
2317|2|0|1534958,2317,,"kit Spares, leaf motor",1534958,1534958,11034,1534958,,Leaf motor spares kit,REF_EXACT,1,MATCHED,false,
2318|2|0|4513316442301M,2318,,water filter,4513316442301M,4513316442301M,10312,4513316442301M,,FILTER ELEMENT 5 MICRON,REF_EXACT,1,MATCHED,false,
2319|2|0|SN,2319,281588,NA,SN,SN,,,,,PLACEHOLDER_REJECTED,0,PLACEHOLDER_VALUE,true,
2320|2|0|,2320,,KVM D-link,,,,,,,PLACEHOLDER_REJECTED,0,PLACEHOLDER_VALUE,true,
2321|2|0|,2321,,"grasa ep2
wd40
paños multifibras

reponer wd40 para CAS",,,,,,,PLACEHOLDER_REJECTED,0,PLACEHOLDER_VALUE,true,
2323|2|0|1534958,2323,,"ki, spares, leaf motor",1534958,1534958,11034,1534958,,Leaf motor spares kit,REF_EXACT,1,MATCHED,false,
2324|2|0|no,2324,,no,no,NO,,,,,PLACEHOLDER_REJECTED,0,PLACEHOLDER_VALUE,true,
2325|4|0|1509023,2325,,"cable assembly, area 60 to 16",1509023,1509023,12216,1509023,,"Cable assembly, PL60kV1/8/9 to SK16kV8/9 and PL16kV1 HHC/Data trigger - Reeling",REF_EXACT,1,MATCHED,false,
2327|2|0|1016476,2327,,Kit de motor leaf,1016476,1016476,10913,1016476,,Leaf motor spares kit,REF_EXACT,1,MATCHED,false,
2328|5|0|1564298,2328,,"pcb assy, dlg and diaphragm",1564298,1564298,11039,1564298,,Diaphragm/DLG PCB,REF_EXACT,1,MATCHED,false,
2328|4|0|1556287,2328,,"kit, spare, diaphrag",1556287,1556287,12261,1556287,,"KIT, SPARES, DIAPHRAGM BRAKE",REF_EXACT,1,MATCHED,false,
2330|2|0|,2330,,fusible 3.15A,,,,,,,PLACEHOLDER_REJECTED,0,PLACEHOLDER_VALUE,true,
2332|3|0|1508955,2332,,Camera Lens/ Assy,1508955,1508955,11555,1508955,,Camera & Lens (Agility),REF_EXACT,1,MATCHED,false,
2332|2|0|1011030,2332,,"lens, collimator",1011030,1011030,11035,1011030,,"Lens, Collimator",REF_EXACT,1,MATCHED,false,
2335|2|0|SN,2335,,"Grasa EP2, ACEITE 220",SN,SN,,,,,PLACEHOLDER_REJECTED,0,PLACEHOLDER_VALUE,true,
2339|5|0|1548845,2339,868853,"Assembly, Xray tube varex",1548845,1548845,10615,1548845,,"ASSEMBLY, X-RAY TUBE VAREX",REF_EXACT,1,MATCHED,false,
2339|4|0|1502613,2339,868853,"Spares Kit, distance meter",1502613,1502613,10994,1502613,,Laser ODI Spares Kit,REF_EXACT,1,MATCHED,false,
2340|2|0|1018559,2340,,LMD fan and bracket,1018559,1018559,10724,1018559,,"ASSY, BRACKET & FAN",REF_EXACT,1,MATCHED,false,
2341|2|0|,2341,,n/a,,,,,,,PLACEHOLDER_REJECTED,0,PLACEHOLDER_VALUE,true,
5290|2|0|BJ3324.003,5290,709670,Guía de Onda,BJ3324.003,BJ3324003,,,,,NONE,0,NO_MATCH,true,
5291|2|0|1532627,5291,603315,FRU GUN FILAMENT PSU,1532627,1532627,11681,1532627,,"FRU,GUN FILA PSU",REF_EXACT,1,MATCHED,false,
2348|2|0|,2348,48,N/A,,,,,,,PLACEHOLDER_REJECTED,0,PLACEHOLDER_VALUE,true,
2349|2|0|SN,2349,177629,NO HAY,SN,SN,,,,,PLACEHOLDER_REJECTED,0,PLACEHOLDER_VALUE,true,
2350|2|0|1532627,2350,603315,FRU GUN FILAMENT PSU,1532627,1532627,11681,1532627,,"FRU,GUN FILA PSU",REF_EXACT,1,MATCHED,false,
2351|2|0|N/A,2351,,N/A,N/A,NA,,,,,PLACEHOLDER_REJECTED,0,PLACEHOLDER_VALUE,true,
2352|2|0|1527814,2352,904316,Ion pump PSU (IPCU),1527814,1527814,11929,1527814,,"PSU, ION PUMP",REF_EXACT,1,MATCHED,false,
2355|2|0|1564298,2355,,PCB dlg/diaphragm drive,1564298,1564298,11039,1564298,,Diaphragm/DLG PCB,REF_EXACT,1,MATCHED,false,
2356|2|0|,2356,,n/a,,,,,,,PLACEHOLDER_REJECTED,0,PLACEHOLDER_VALUE,true,
2357|2|0|1017632,2357,,"PCB Assy, Camera CCU",1017632,1017632,11872,1017632_usado,,PCB ASSY CAMERA CCU,REF_LIKE,0.5,MATCHED,true,
2358|2|0|,2358,57,n/a,,,,,,,PLACEHOLDER_REJECTED,0,PLACEHOLDER_VALUE,true,
2359|3|0|,2359,256105,n/a,,,,,,,PLACEHOLDER_REJECTED,0,PLACEHOLDER_VALUE,true,
2360|2|0|1018559,2360,,LMD fan and bracket,1018559,1018559,10724,1018559,,"ASSY, BRACKET & FAN",REF_EXACT,1,MATCHED,false,
2361|2|0|,2361,,"ampolleta, foto en adjunto",,,,,,,PLACEHOLDER_REJECTED,0,PLACEHOLDER_VALUE,true,
2362|2|0|N/A,2362,,N/A,N/A,NA,,,,,PLACEHOLDER_REJECTED,0,PLACEHOLDER_VALUE,true,
2363|2|0|n/a,2363,,n/a,n/a,NA,,,,,PLACEHOLDER_REJECTED,0,PLACEHOLDER_VALUE,true,
2367|3|0|1521192,2367,,"KIT, TOUCHGUARD MECHANISM ASSEMBLY, M4",1521192,1521192,,,,,NONE,0,NO_MATCH,true,
2367|2|0|1517657,2367,,"PCB ASSY, LEAF MOTOR DRIVE",1517657,1517657,10701,1517657,,"PCB ASSY, LEAF MOTOR DRIVE - 1 Only",REF_EXACT,1,MATCHED,false,
2368|3|0|1517657,2368,,"PCB ASSY, LEAF MOTOR DRIVE",1517657,1517657,10701,1517657,,"PCB ASSY, LEAF MOTOR DRIVE - 1 Only",REF_EXACT,1,MATCHED,false,
2368|2|0|1521162,2368,,"KIT, TOUCHGUARD MECHANISM ASSEMBLY, mM4",1521162,1521162,12206,1521162,,"M4 Touchguard, Assembly Kit",REF_EXACT,1,MATCHED,false,
2374|2|0|1018265,2374,,FRU Z MTR BRUSH SET,1018265,1018265,11961,1018265_proveedor_local,,"Proveedor Local, FRU MOTOR BRUSH SET (ELECTROCRAFT)",REF_LIKE,0.5,MATCHED,true,
2375|3|0|4513316442101T,2375,,Potenciometro 20K,4513316442101T,4513316442101T,10986,4513316442101T,,"Potentiometer, 20k, 10 turns Coarse/Check",REF_EXACT,1,MATCHED,false,
2375|2|0|1556292,2375,,"Kit, Spares, DLG Brake",1556292,1556292,,,,,NONE,0,NO_MATCH,true,
2377|2|0|SN,2377,,Chip controlador PCB ODI,SN,SN,,,,,PLACEHOLDER_REJECTED,0,PLACEHOLDER_VALUE,true,
2380|2|0|106053,2380,,tarjeta SMC,106053,106053,,,,,NONE,0,NO_MATCH,true,
2384|3|0|,2384,45,n/a,,,,,,,PLACEHOLDER_REJECTED,0,PLACEHOLDER_VALUE,true,
2389|2|0|n/a,2389,90,n/a,n/a,NA,,,,,PLACEHOLDER_REJECTED,0,PLACEHOLDER_VALUE,true,
2390|2|0|n/a,2390,45,n/a,n/a,NA,,,,,PLACEHOLDER_REJECTED,0,PLACEHOLDER_VALUE,true,
2391|2|0|n/a,2391,,n/a,n/a,NA,,,,,PLACEHOLDER_REJECTED,0,PLACEHOLDER_VALUE,true,
2394|2|0|1014474,2394,93,Cable assy sw1/sw2,1014474,1014474,11677,1014474,,Cable Assy sw1/sw2 T,REF_EXACT,1,MATCHED,false,
2395|2|0|L13896-001,2395,823383,HP Z2 Ventilador GPU,L13896-001,L13896001,,,,,NONE,0,NO_MATCH,true,
2400|2|0|4513 332 8445,2400,,Remote BLD Camera Thermo Electrón (MR),4513 332 8445,45133328445,12248,45133328445,,"CAMERA, REMOTE HEAD",REF_NORMALIZED_EXACT,0.85,MATCHED,false,
2401|2|0|1565836,2401,,"kit spares, DLG brake",1565836,1565836,10983,1565836,,"KIT, SPARES, DLG BRAKE",REF_EXACT,1,MATCHED,false,
2406|2|0|1517657,2406,,PCB LEAF MOTOR DRIVE,1517657,1517657,10701,1517657,,"PCB ASSY, LEAF MOTOR DRIVE - 1 Only",REF_EXACT,1,MATCHED,false,
2408|3|0|n/a,2408,70,n/a,n/a,NA,,,,,PLACEHOLDER_REJECTED,0,PLACEHOLDER_VALUE,true,
2409|2|0|n/a,2409,,nuez de agility,n/a,NA,,,,,PLACEHOLDER_REJECTED,0,PLACEHOLDER_VALUE,true,
2411|2|0|NA,2411,721393,NA,NA,NA,,,,,PLACEHOLDER_REJECTED,0,PLACEHOLDER_VALUE,true,
2412|2|0|1551103,2412,,Mod kit /03 DISC SPRING,1551103,1551103,12147,1551103,,"MOD KIT, DISC SPRING GANTRY (fco)",REF_EXACT,1,MATCHED,false,
2414|2|0|NO APLICA,2414,,NO APLICA,NO APLICA,NOAPLICA,,,,,PLACEHOLDER_REJECTED,0,PLACEHOLDER_VALUE,true,
2415|2|0|no aplica,2415,,No aplica,no aplica,NOAPLICA,,,,,PLACEHOLDER_REJECTED,0,PLACEHOLDER_VALUE,true,
2416|2|0|NO HAY,2416,,No aplica,NO HAY,NOHAY,,,,,PLACEHOLDER_REJECTED,0,PLACEHOLDER_VALUE,true,
2418|2|0|C065341-00608,2418,668704,PCB CONTROL DE ODI,C065341-00608,C06534100608,,,,,NONE,0,NO_MATCH,true,
2419|2|0|420,2419,764386,UPS Smart APC,420,420,,,,,NONE,0,NO_MATCH,true,
2420|2|0|8010-00059-6,2420,45,TPUS AUTOSCAN PROBE,8010-00059-6,8010000596,12238,8010-00059-6,,TPUS AUTOSCAN PROBE (Clarity),REF_EXACT,1,MATCHED,false,
2421|2|0|n/a,2421,,n/a,n/a,NA,,,,,PLACEHOLDER_REJECTED,0,PLACEHOLDER_VALUE,true,
2422|2|0|Na,2422,,No hay,Na,NA,,,,,PLACEHOLDER_REJECTED,0,PLACEHOLDER_VALUE,true,
2423|2|0|SN,2423,,No hay,SN,SN,,,,,PLACEHOLDER_REJECTED,0,PLACEHOLDER_VALUE,true,
2424|2|0|n/a,2424,,"Wd40
paños multifibras
aceite lubricante",n/a,NA,,,,,PLACEHOLDER_REJECTED,0,PLACEHOLDER_VALUE,true,
2426|4|0|n/a,2426,40,n/a,n/a,NA,,,,,PLACEHOLDER_REJECTED,0,PLACEHOLDER_VALUE,true,
2430|2|0|750,2430,,UPS APC,750,750,,,,,NONE,0,NO_MATCH,true,
2431|2|0|C135670,2431,,HANDHELD CONTROL HEXAPOD,C135670,C135670,,,,,NONE,0,NO_MATCH,true,
2432|2|0|N/A,2432,,N/A,N/A,NA,,,,,PLACEHOLDER_REJECTED,0,PLACEHOLDER_VALUE,true,
2433|3|0|1024939,2433,9999,"assy, 40x40x10mm Fan",1024939,1024939,10776,1024939,,"ASSY, 40X40X10MM FAN, HEATSINK",REF_EXACT,1,MATCHED,false,
2435|2|0|1111,2435,,clamps,1111,1111,,,,,NONE,0,NO_MATCH,true,
2438|2|0|n/a,2438,173501,n/a,n/a,NA,,,,,PLACEHOLDER_REJECTED,0,PLACEHOLDER_VALUE,true,
2439|2|0|n/a,2439,42,n/a,n/a,NA,,,,,PLACEHOLDER_REJECTED,0,PLACEHOLDER_VALUE,true,
2441|2|0|n/a,2441,38,n/a,n/a,NA,,,,,PLACEHOLDER_REJECTED,0,PLACEHOLDER_VALUE,true,
2442|2|0|no aplica,2442,144,No hay,no aplica,NOAPLICA,,,,,PLACEHOLDER_REJECTED,0,PLACEHOLDER_VALUE,true,
2443|3|0|1534958,2443,143,"kit, spares, leaf motor",1534958,1534958,11034,1534958,,Leaf motor spares kit,REF_EXACT,1,MATCHED,false,
2443|2|0|1554784,2443,143,camera cable,1554784,1554784,11159,1554784,,Camera cable,REF_EXACT,1,MATCHED,false,
2444|2|0|5555,2444,,,5555,5555,,,,,NONE,0,NO_MATCH,true,
2445|2|0|n/a,2445,,,n/a,NA,,,,,PLACEHOLDER_REJECTED,0,PLACEHOLDER_VALUE,true,
2446|3|0|128338,2446,,Filtro 519 H14,128338,128338,11194,128338,,Air filter 519 (EN1822-1 Class H14),REF_EXACT,1,MATCHED,false,
2446|5|0|2455263,2446,,Filter Bag (Canister),2455263,2455263,11937,2455263,,Filter Bag with elastic corde for fixing filter bag,REF_EXACT,1,MATCHED,false,
2446|4|0|019149,2446,,Filtro Canister,019149,019149,11225,019149,,Annual Maintenance Kit,REF_EXACT,1,MATCHED,false,
2446|2|0|2327189,2446,,Lámparas UV,2327189,2327189,11193,2327189,,UV Lamp,REF_EXACT,1,MATCHED,false,
2446|6|0|129530,2446,,Elastic Belt for Air Filter,129530,129530,11198,129530,,Elastic belt for air filter,REF_EXACT,1,MATCHED,false,
2448|2|0|1515098,2448,133,"Bomba ionica , sello 114 mm cobre",1515098,1515098,10374,1515098,,ION PUMP - SPARE,REF_EXACT,1,MATCHED,false,
2449|2|0|SN,2449,,no hay,SN,SN,,,,,PLACEHOLDER_REJECTED,0,PLACEHOLDER_VALUE,true,
2453|2|0|1018265,2453,,FRU Z MOTOR BRUSH SET,1018265,1018265,11961,1018265_proveedor_local,,"Proveedor Local, FRU MOTOR BRUSH SET (ELECTROCRAFT)",REF_LIKE,0.5,MATCHED,true,
2455|3|0|n/a,2455,128,n/a,n/a,NA,,,,,PLACEHOLDER_REJECTED,0,PLACEHOLDER_VALUE,true,
2458|2|0|1534958,2458,159,"KIT, SPARES, LEAF MOTOR",1534958,1534958,11034,1534958,,Leaf motor spares kit,REF_EXACT,1,MATCHED,false,
2460|2|0|1564281,2460,711824,"pcb assy, wedge cont ",1564281,1564281,10764,1021309___1564281,,"PCB ASSY, WEDGE CONTROL",REF_LIKE,0.5,MATCHED,true,
2464|2|0|n/a,2464,148,Micro,n/a,NA,,,,,PLACEHOLDER_REJECTED,0,PLACEHOLDER_VALUE,true,
2466|3|0|45133308244,2466,168,CABLE ASSEMBLY,45133308244,45133308244,12053,45133308244,,"Cable, Varian IPCU to Varian ion pump",REF_EXACT,1,MATCHED,false,
2466|4|0|1024939,2466,168,"ASSY, 40X40X10MM FAN",1024939,1024939,10776,1024939,,"ASSY, 40X40X10MM FAN, HEATSINK",REF_EXACT,1,MATCHED,false,
2466|2|0|1527814,2466,168,"PSU, ION PUMP",1527814,1527814,11929,1527814,,"PSU, ION PUMP",REF_EXACT,1,MATCHED,false,
2467|3|0|1011030,2467,168,"LENS, COLLIMATOR",1011030,1011030,11035,1011030,,"Lens, Collimator",REF_EXACT,1,MATCHED,false,
2467|5|0|1527044,2467,168,programmed pcb assy router,1527044,1527044,,,,,NONE,0,NO_MATCH,true,
2467|4|0|1565768,2467,168,pcb assy camera ccu,1565768,1565768,10151,1565768,,"(CCU) PCB ASSY, CAM CID8726DX9 AGI",REF_EXACT,1,MATCHED,false,
2467|2|0|1557545,2467,168,CAMERA DX9,1557545,1557545,12192,1557545,,"Camera, DX9",REF_EXACT,1,MATCHED,false,
2467|7|0|1565836,2467,168,kit spare dlg braker,1565836,1565836,10983,1565836,,"KIT, SPARES, DLG BRAKE",REF_EXACT,1,MATCHED,false,
2467|6|0|1502613,2467,168,"mod kit, láser ODI lámp ",1502613,1502613,10994,1502613,,Laser ODI Spares Kit,REF_EXACT,1,MATCHED,false,
2468|2|0|1010848,2468,170,"mirror assembly, optics (mylar)",1010848,1010848,11037,1010848,,"Mirror assembly, optics (Agility)",REF_EXACT,1,MATCHED,false,
2472|2|0|1517657,2472,180,"PCB assy, Leaf Motor Drive",1517657,1517657,10701,1517657,,"PCB ASSY, LEAF MOTOR DRIVE - 1 Only",REF_EXACT,1,MATCHED,false,
2473|2|0|1534958,2473,,"kit, spares, leaf motor",1534958,1534958,11034,1534958,,Leaf motor spares kit,REF_EXACT,1,MATCHED,false,
2475|3|0|45133164412,2475,181,"Fine potetiometer, 20k, si gle turno",45133164412,45133164412,10990,4513316441202U,,"Potentiometer, 20k, 1 turn Fine",REF_LIKE,0.5,MATCHED,true,
2475|2|0|4513316442101T,2475,181,"potentiometer, 20k,10T",4513316442101T,4513316442101T,10986,4513316442101T,,"Potentiometer, 20k, 10 turns Coarse/Check",REF_EXACT,1,MATCHED,false,
2477|2|0|1018265,2477,184,fru z motor brush set (electrocraft),1018265,1018265,11961,1018265_proveedor_local,,"Proveedor Local, FRU MOTOR BRUSH SET (ELECTROCRAFT)",REF_LIKE,0.5,MATCHED,true,
2478|2|0|1541744,2478,455550,HAND HELD CONTROLLER,1541744,1541744,11817,1541744,,"FRU KIT, HAND HELD CONTROLLER",REF_EXACT,1,MATCHED,false,
2481|2|0|,2481,,N/A,,,,,,,PLACEHOLDER_REJECTED,0,PLACEHOLDER_VALUE,true,
2482|2|0|n/a,2482,181,n/a,n/a,NA,,,,,PLACEHOLDER_REJECTED,0,PLACEHOLDER_VALUE,true,
2483|3|0|4513341184601H,2483,198,"cable assy, PL5 to SK5A",4513341184601H,4513341184601H,11694,45133411846,,"CABLE ASSY, PL5 TO SK5A",REF_LIKE,0.5,MATCHED,true,
2483|4|0|4513341220301G,2483,198,cable T-GUARD and LAT motor,4513341220301G,4513341220301G,11693,4513341220301G,,"CABLE, T-GUARD AND LAT MOTOR",REF_EXACT,1,MATCHED,false,
2483|2|0|4513341185001U,2483,198,"cable assy, PL9 to SK9A 1/2 ",4513341185001U,4513341185001U,11682,4513341185001U,,"Cable Assy, Pl9 to S",REF_EXACT,1,MATCHED,false,
2484|2|0|45133308730,2484,,HH RECEIVER UNIT,45133308730,45133308730,12139,45133308730,,HHC reciever unit MK2,REF_EXACT,1,MATCHED,false,
2486|2|0|1534958,2486,199,"KIT, SPARE, LEAF MOTOR DRIVE",1534958,1534958,11034,1534958,,Leaf motor spares kit,REF_EXACT,1,MATCHED,false,
2487|2|0|1534958,2487,,"Kit, spares, leaf motor",1534958,1534958,11034,1534958,,Leaf motor spares kit,REF_EXACT,1,MATCHED,false,
2490|2|0|n/a,2490,42,n/a,n/a,NA,,,,,PLACEHOLDER_REJECTED,0,PLACEHOLDER_VALUE,true,
2491|2|0|45133902974,2491,194,"PCB ASSY, MOVEMENTS ENABLE",45133902974,45133902974,10837,45133902974,,"PCB ASSY,MOVEMENTS ENABLE (HME)",REF_EXACT,1,MATCHED,false,
2492|2|0|N/A,2492,211,DIODO IN 5822,N/A,NA,,,,,PLACEHOLDER_REJECTED,0,PLACEHOLDER_VALUE,true,
2495|2|0|n/a,2495,,n/a,n/a,NA,,,,,PLACEHOLDER_REJECTED,0,PLACEHOLDER_VALUE,true,
2497|2|0|4513316442301M,2497,,filter element 5 micra,4513316442301M,4513316442301M,10312,4513316442301M,,FILTER ELEMENT 5 MICRON,REF_EXACT,1,MATCHED,false,
2500|2|0|1502613,2500,175,"Spares Kit, distance",1502613,1502613,10994,1502613,,Laser ODI Spares Kit,REF_EXACT,1,MATCHED,false,
2501|2|0|no hay,2501,214,no hay,no hay,NOHAY,,,,,PLACEHOLDER_REJECTED,0,PLACEHOLDER_VALUE,true,
2502|2|0|1500998,2502,,Led UV AGILITY,1500998,1500998,10769,1500998,,Projector Assy Quad LED,REF_EXACT,1,MATCHED,false,
2503|2|0|n/a,2503,,n/a,n/a,NA,,,,,PLACEHOLDER_REJECTED,0,PLACEHOLDER_VALUE,true,
2505|2|0|1541744,2505,217,Fru Kit VersaHD HHC,1541744,1541744,11817,1541744,,"FRU KIT, HAND HELD CONTROLLER",REF_EXACT,1,MATCHED,false,
2507|2|0|1517657,2507,,"pcb assy, leaf motor drive",1517657,1517657,10701,1517657,,"PCB ASSY, LEAF MOTOR DRIVE - 1 Only",REF_EXACT,1,MATCHED,false,
2508|2|0|no hay,2508,223,No hay,no hay,NOHAY,,,,,PLACEHOLDER_REJECTED,0,PLACEHOLDER_VALUE,true,
2509|2|0|no hay,2509,132,No hay,no hay,NOHAY,,,,,PLACEHOLDER_REJECTED,0,PLACEHOLDER_VALUE,true,
2512|2|0|N/A,2512,,N/A,N/A,NA,,,,,PLACEHOLDER_REJECTED,0,PLACEHOLDER_VALUE,true,
2513|2|0|4513316441202U,2513,234,"Potentiometer, 20K, Single",4513316441202U,4513316441202U,10990,4513316441202U,,"Potentiometer, 20k, 1 turn Fine",REF_EXACT,1,MATCHED,false,
2516|2|0|N/A,2516,236,N/A,N/A,NA,,,,,PLACEHOLDER_REJECTED,0,PLACEHOLDER_VALUE,true,
2517|2|0|1554784,2517,227,camera cable,1554784,1554784,11159,1554784,,Camera cable,REF_EXACT,1,MATCHED,false,
2518|3|0|1527044,2518,227,"PROGRAMMED PCB ASSY, ROUTE",1527044,1527044,,,,,NONE,0,NO_MATCH,true,
2518|2|0|1565768,2518,227,"PCB ASSY, CAM AGILITY ",1565768,1565768,10151,1565768,,"(CCU) PCB ASSY, CAM CID8726DX9 AGI",REF_EXACT,1,MATCHED,false,
2519|2|0|1023531,2519,,programed KV ACB,1023531,1023531,,,,,NONE,0,NO_MATCH,true,
2520|2|0|completar solo por ingeniero de servicio.,2520,,completar solo por ingeniero de servicio.,completar solo por ingeniero de servicio.,COMPLETARSOLOPORINGENIERODESERVICIO,,,,,NONE,0,NO_MATCH,true,
2522|2|0|completar solo por ingeniero de servicio.,2522,,completar solo por ingeniero de servicio.,completar solo por ingeniero de servicio.,COMPLETARSOLOPORINGENIERODESERVICIO,,,,,NONE,0,NO_MATCH,true,
2523|2|0|completar solo por ingeniero de servicio.,2523,,completar solo por ingeniero de servicio.,completar solo por ingeniero de servicio.,COMPLETARSOLOPORINGENIERODESERVICIO,,,,,NONE,0,NO_MATCH,true,
2524|2|0|completar solo por ingeniero de servicio.,2524,,completar solo por ingeniero de servicio.,completar solo por ingeniero de servicio.,COMPLETARSOLOPORINGENIERODESERVICIO,,,,,NONE,0,NO_MATCH,true,
2525|2|0|completar solo por ingeniero de servicio.,2525,,completar solo por ingeniero de servicio.,completar solo por ingeniero de servicio.,COMPLETARSOLOPORINGENIERODESERVICIO,,,,,NONE,0,NO_MATCH,true,
2526|2|0|completar solo por ingeniero de servicio.,2526,1,completar solo por ingeniero de servicio.,completar solo por ingeniero de servicio.,COMPLETARSOLOPORINGENIERODESERVICIO,,,,,NONE,0,NO_MATCH,true,
2527|2|0|1564298,2527,227,"PCB assy, DLG Diaphragm drive",1564298,1564298,11039,1564298,,Diaphragm/DLG PCB,REF_EXACT,1,MATCHED,false,
2528|3|0|1556287,2528,251,"KIT, SPARES, DIAPHRAGM BRAKE BATCH",1556287,1556287,12261,1556287,,"KIT, SPARES, DIAPHRAGM BRAKE",REF_EXACT,1,MATCHED,false,
2528|2|0|1564298,2528,251,DLG AND DIAPHRAGM DRIVE,1564298,1564298,11039,1564298,,Diaphragm/DLG PCB,REF_EXACT,1,MATCHED,false,
2531|2|0|1549950,2531,217,HHC KIT SYBERGY/INFINITY,1549950,1549950,12134,1549950,,"HHC kit,Synergy/Infinity",REF_EXACT,1,MATCHED,false,
2532|3|0|1546731,2532,248,"Contactor, 24v, 50hz, 50A, siemens 3rt CON A",1546731,1546731,12016,1546731,,"Contactor (CON A), 24V, 50Hz, 50 A, Siemens 3RT 1036-1AB00",REF_EXACT,1,MATCHED,false,
2533|2|0|1564298,2533,,"pcb assy, dlg, diaphragm drive",1564298,1564298,11039,1564298,,Diaphragm/DLG PCB,REF_EXACT,1,MATCHED,false,
2535|2|0|45133308259,2535,,GEARBOX Y BREAKE,45133308259,45133308259,,,,,NONE,0,NO_MATCH,true,
2537|2|0|n/a,2537,258,n/a,n/a,NA,,,,,PLACEHOLDER_REJECTED,0,PLACEHOLDER_VALUE,true,
2539|2|0|1568178,2539,163562,"Programmed, pcb assy,sib",1568178,1568178,10821,1568178,,SIB PCB,REF_EXACT,1,MATCHED,false,
2543|2|0|N/A,2543,,N/A,N/A,NA,,,,,PLACEHOLDER_REJECTED,0,PLACEHOLDER_VALUE,true,
2544|2|0|1519710,2544,264,HT Cable,1519710,1519710,11574,1519710,,"FRU, HT CABLE, cable assembly, Transformer M2, M4 -Magnetron",REF_EXACT,1,MATCHED,false,
2545|2|0|,2545,265,N/A,,,,,,,PLACEHOLDER_REJECTED,0,PLACEHOLDER_VALUE,true,
2547|2|0|no hay,2547,279,no aplica,no hay,NOHAY,,,,,PLACEHOLDER_REJECTED,0,PLACEHOLDER_VALUE,true,
2548|2|0|1569678,2548,,"solenoid m switch kit, arm assy",1569678,1569678,12244,1569678,,FCO Hardware ModKit (Solenoid Microswitch ModKit for imaging Arms),REF_EXACT,1,MATCHED,false,
2550|2|0|1022378,2550,,Assy diode reverse,1022378,1022378,11627,1022378,,"DIODE ASSY, FRU",REF_EXACT,1,MATCHED,false,
2551|4|0|1505146,2551,247,CITB,1505146,1505146,10203,1505146,,"PCB ASSEMBLY, CITB",REF_EXACT,1,MATCHED,false,
2551|3|0|1546731,2551,247,CONTACTOR CON A,1546731,1546731,12016,1546731,,"Contactor (CON A), 24V, 50Hz, 50 A, Siemens 3RT 1036-1AB00",REF_EXACT,1,MATCHED,false,
2553|2|0|RT-B889KYCF2,2553,,,RT-B889KYCF2,RTB889KYCF2,10925,Qfix-RT-B889KYCF2,,"Encompass Intracranial Fibreplast Variable Perf, Head Only Open View System",REF_LIKE,0.5,MATCHED,true,
2554|3|0|1569678,2554,175,"SOLENOID MICROSWITCH KIT, ARM ASSEMBLY",1569678,1569678,12244,1569678,,FCO Hardware ModKit (Solenoid Microswitch ModKit for imaging Arms),REF_EXACT,1,MATCHED,false,
2554|2|0|1502613,2554,175,"MOD KIT, LASER ODI LAMP",1502613,1502613,10994,1502613,,Laser ODI Spares Kit,REF_EXACT,1,MATCHED,false,
2555|2|0|n/a,2555,172,n/a,n/a,NA,,,,,PLACEHOLDER_REJECTED,0,PLACEHOLDER_VALUE,true,
2556|2|0|1564298,2556,288,"PCB ASSY, DLG AND DIAPHRAGM",1564298,1564298,11039,1564298,,Diaphragm/DLG PCB,REF_EXACT,1,MATCHED,false,
2558|2|0|no hay,2558,297,no hay,no hay,NOHAY,,,,,PLACEHOLDER_REJECTED,0,PLACEHOLDER_VALUE,true,
2559|2|0|4513341184601H,2559,,"cable assy, pl5 to sk5A",4513341184601H,4513341184601H,11694,45133411846,,"CABLE ASSY, PL5 TO SK5A",REF_LIKE,0.5,MATCHED,true,
2560|2|0|1569678,2560,,FCO hardware modkit (solenpid microswitch for imaging Arms,1569678,1569678,12244,1569678,,FCO Hardware ModKit (Solenoid Microswitch ModKit for imaging Arms),REF_EXACT,1,MATCHED,false,
2564|2|0|1549950,2564,301,HHC KIT SYNERGY / INFINITY,1549950,1549950,12134,1549950,,"HHC kit,Synergy/Infinity",REF_EXACT,1,MATCHED,false,
2569|2|0|N/A,2569,,Prefiltro Transparente Bomba De reposición Linac,N/A,NA,,,,,PLACEHOLDER_REJECTED,0,PLACEHOLDER_VALUE,true,
2570|2|0|1018265,2570,299,FRU Z MOTOR BRUSH SET,1018265,1018265,11961,1018265_proveedor_local,,"Proveedor Local, FRU MOTOR BRUSH SET (ELECTROCRAFT)",REF_LIKE,0.5,MATCHED,true,
2571|2|0|1007498,2571,327,Potenciómetro Longitudinal - Complete Assembly,1007498,1007498,12117,1007498,,Longitudinal potentiometer - complete assembly,REF_EXACT,1,MATCHED,false,
2572|3|0|45133411787,2572,327,LONGITUDINAL DRIVER MOTOR AND CLUTCH ASSEMBLY,45133411787,45133411787,11270,45133411787,,Longitudinal Drive Motor and Clutch Assembly,REF_EXACT,1,MATCHED,false,
2572|2|0|1004818,2572,327,"ARM CONTROL BOARD PCB, KV",1004818,1004818,10248,1004818,,"ASSEMBLY, KV ACB BREACKOUT",REF_EXACT,1,MATCHED,false,
2573|2|0|1534958,2573,348,kit spares leaf motor,1534958,1534958,11034,1534958,,Leaf motor spares kit,REF_EXACT,1,MATCHED,false,
2578|2|0|137533,2578,249,X-RAY TUBE ASSEMBLY,137533,137533,,,,,NONE,0,NO_MATCH,true,
2579|2|0|1007099,2579,327,ASSEMBLY LIMIT SWITCH,1007099,1007099,11641,1007099,,Longitudinal PCB limit switch assembly,REF_EXACT,1,MATCHED,false,
2580|2|0|1505146,2580,,"PCB ASSEMBLY, CITB",1505146,1505146,10203,1505146,,"PCB ASSEMBLY, CITB",REF_EXACT,1,MATCHED,false,
2582|2|0|1007099,2582,379,assembly limit swich,1007099,1007099,11641,1007099,,Longitudinal PCB limit switch assembly,REF_EXACT,1,MATCHED,false,
2588|2|0|1018265,2588,,kit carbones de motor Z,1018265,1018265,11961,1018265_proveedor_local,,"Proveedor Local, FRU MOTOR BRUSH SET (ELECTROCRAFT)",REF_LIKE,0.5,MATCHED,true,
2591|2|0|,2591,,No.Hay,,,,,,,PLACEHOLDER_REJECTED,0,PLACEHOLDER_VALUE,true,
2592|3|0|1517657,2592,389,"PCB ASSY, LEAF MOTOR DRIVE",1517657,1517657,10701,1517657,,"PCB ASSY, LEAF MOTOR DRIVE - 1 Only",REF_EXACT,1,MATCHED,false,
2592|4|0|1534958,2592,389,"KIT, SPARES, LEAF MOTOR",1534958,1534958,11034,1534958,,Leaf motor spares kit,REF_EXACT,1,MATCHED,false,
2592|2|0|1564298,2592,389,"PCB ASSY, DLG AND DIAPHRAGM DRIVE",1564298,1564298,11039,1564298,,Diaphragm/DLG PCB,REF_EXACT,1,MATCHED,false,
2595|2|0|,2595,,NA,,,,,,,PLACEHOLDER_REJECTED,0,PLACEHOLDER_VALUE,true,
2596|2|0|45133327647,2596,,FAN SUB ASSY,45133327647,45133327647,12247,45133327647,,"FAN, SUB ASSY",REF_EXACT,1,MATCHED,false,
2597|2|0|1534958 _1517657,2597,,Kit motor y Pcb leaf motoe Drive,1534958 _1517657,15349581517657,,,,,REF_LIKE,0.5,AMBIGUOUS_MATCH,true,10701|11034
2598|2|0|no hay,2598,399,no hay,no hay,NOHAY,,,,,PLACEHOLDER_REJECTED,0,PLACEHOLDER_VALUE,true,
2600|2|0|1015493,2600,370,Expansión Vessel,1015493,1015493,12045,1015493,,Expansion Pressure Vessel,REF_EXACT,1,MATCHED,false,
2601|3|0|1550513,2601,404,extended imaging module XIM,1550513,1550513,11029,1550513,,Extended imaging module (XIM),REF_EXACT,1,MATCHED,false,
2601|2|0|1556286,2601,404,diaphragm brakes spare kit,1556286,1556286,,,,,NONE,0,NO_MATCH,true,
2602|3|0|1527814,2602,,"PSU, ION PUMP",1527814,1527814,11929,1527814,,"PSU, ION PUMP",REF_EXACT,1,MATCHED,false,
2602|2|0|43133304800,2602,,ELECTRON GUN ASSY,43133304800,43133304800,,,,,NONE,0,NO_MATCH,true,
2611|2|0|,2611,,No hay,,,,,,,PLACEHOLDER_REJECTED,0,PLACEHOLDER_VALUE,true,
2612|2|0|N/A,2612,,N/A,N/A,NA,,,,,PLACEHOLDER_REJECTED,0,PLACEHOLDER_VALUE,true,
2613|2|0|,2613,,N/A,,,,,,,PLACEHOLDER_REJECTED,0,PLACEHOLDER_VALUE,true,
2614|2|0|,2614,,NA,,,,,,,PLACEHOLDER_REJECTED,0,PLACEHOLDER_VALUE,true,
2619|2|0|,2619,393,no aplica,,,,,,,PLACEHOLDER_REJECTED,0,PLACEHOLDER_VALUE,true,
2620|2|0|,2620,,NA,,,,,,,PLACEHOLDER_REJECTED,0,PLACEHOLDER_VALUE,true,
2624|2|0|,2624,,N/A,,,,,,,PLACEHOLDER_REJECTED,0,PLACEHOLDER_VALUE,true,
2625|3|0|1541744,2625,,Handheld IviewGT,1541744,1541744,11817,1541744,,"FRU KIT, HAND HELD CONTROLLER",REF_EXACT,1,MATCHED,false,
2625|2|0|1016984,2625,,Freno Isorot,1016984,1016984,10906,1016984,,FRU ISO ROTATION BRAKE,REF_EXACT,1,MATCHED,false,
2626|2|0|,2626,,N/A,,,,,,,PLACEHOLDER_REJECTED,0,PLACEHOLDER_VALUE,true,
2627|2|0|45133318990,2627,431,FRU X-BRAKE,45133318990,45133318990,11161,45133318990,,FRU X-Brake,REF_EXACT,1,MATCHED,false,
2629|3|0|351372100645,2629,,Resistor 340 ohm,351372100645,351372100645,12010,351372100645P,,Resistor 330R +/- 5%,REF_LIKE,0.5,MATCHED,true,
2629|2|0|45133308790,2629,,Transformador.del gun,45133308790,45133308790,10970,45133308790,,TRANSFORMADOR GUN,REF_EXACT,1,MATCHED,false,
2630|2|0|02870-NR 1,2630,,Manilla area de desechos,02870-NR 1,02870NR1,,,,,NONE,0,NO_MATCH,true,
2634|2|0|1536279,2634,412,Agility MLC Leafbank PSU,1536279,1536279,10774,1536279___1525429,,Assy 160 MLC PSU Universal,REF_LIKE,0.5,MATCHED,true,
2637|3|0|1518682,2637,412,REV 04 LMDB PCBS AND FAN,1518682,1518682,,,,,NONE,0,NO_MATCH,true,
2637|2|0|1556287,2637,412,"KIT, SPARES, DIAPHRAGM BRAKE BATCH NR W0616",1556287,1556287,12261,1556287,,"KIT, SPARES, DIAPHRAGM BRAKE",REF_EXACT,1,MATCHED,false,
2638|2|0|,2638,,N/A,,,,,,,PLACEHOLDER_REJECTED,0,PLACEHOLDER_VALUE,true,
2641|2|0|4513316442101T,2641,438,"POTENCIOMETER, 20K, 10T",4513316442101T,4513316442101T,10986,4513316442101T,,"Potentiometer, 20k, 10 turns Coarse/Check",REF_EXACT,1,MATCHED,false,
2647|2|0|MXL2272ZJ0,2647,224,Nuevo Hardware de Monaco,MXL2272ZJ0,MXL2272ZJ0,,,,,NONE,0,NO_MATCH,true,
2653|3|0|45133164421,2653,475,POTENCIOMETER 20K,45133164421,45133164421,10986,4513316442101T,,"Potentiometer, 20k, 10 turns Coarse/Check",REF_LIKE,0.5,MATCHED,true,
2653|2|0|45133164412,2653,475,"POTENCIOMETER, 20K, SINGLE",45133164412,45133164412,10990,4513316441202U,,"Potentiometer, 20k, 1 turn Fine",REF_LIKE,0.5,MATCHED,true,
2657|2|0|No hay,2657,,No hay,No hay,NOHAY,,,,,PLACEHOLDER_REJECTED,0,PLACEHOLDER_VALUE,true,
2658|3|0|,2658,463,FUSE 10A / 250V,,,,,,,PLACEHOLDER_REJECTED,0,PLACEHOLDER_VALUE,true,
2658|2|0|45133318459,2658,463,"PCB, Z MOTOR DRIVE CONFIGURED (Z-MD)",45133318459,45133318459,10977,4513331845902F,,FRU EIM Z-DRIVE PCB,REF_LIKE,0.5,MATCHED,true,
2660|2|0|N/C,2660,493,N/C,N/C,NC,,,,,PLACEHOLDER_REJECTED,0,PLACEHOLDER_VALUE,true,
2661|2|0|N/C,2661,496,N/C,N/C,NC,,,,,PLACEHOLDER_REJECTED,0,PLACEHOLDER_VALUE,true,
2667|2|0|,2667,8647,N/A,,,,,,,PLACEHOLDER_REJECTED,0,PLACEHOLDER_VALUE,true,
2668|10|0|1516753,2668,497,"PCB ASSY, THYRATRON PULSE",1516753,1516753,10793,1516753,,Thyratron Pulser PCB,REF_EXACT,1,MATCHED,false,
2668|7|0|351372700256,2668,497,"THYRISTOR STACK MODULE (SKKT 132/08D, IN 3 POSITIONS)",351372700256,351372700256,12009,351372700256A,,Module Semikron SKKT,REF_LIKE,0.5,MATCHED,true,
2668|6|0|1020850,2668,497,"PROGRAMABLE PULSE GENERATOR, PPG CVDR PCB",1020850,1020850,11004,1020850,,"Programmable Pulse Generator, PPG-CVDR PCB",REF_EXACT,1,MATCHED,false,
2668|9|0|351372406262,2668,497,"FUSE LINK, 25A 250V AC LET (FS13G)",351372406262,351372406262,12020,351372406262U,,Fuse link 240V/63A,REF_LIKE,0.5,MATCHED,true,
2668|8|0|1568178,2668,497,"PROGRAMED, PCB ASSY, SIB",1568178,1568178,10821,1568178,,SIB PCB,REF_EXACT,1,MATCHED,false,
2668|3|0|45133165177,2668,497,"THYRATRON, GL1551A",45133165177,45133165177,10716,45133165177,,THYRATRON e2v CX1154L,REF_EXACT,1,MATCHED,false,
2668|5|0|1022378,2668,497,DIODE (SEMIKRON),1022378,1022378,11627,1022378,,"DIODE ASSY, FRU",REF_EXACT,1,MATCHED,false,
2668|4|0|1018874,2668,497,"DIODE, SI 1N416CM-D023",1018874,1018874,11757,1018874,,"Diode, SI 1N416CM-D023",REF_EXACT,1,MATCHED,false,
2668|2|0|1535662,2668,497,"CONTROL PCB, TYPE A (PCB13 C to G)",1535662,1535662,12263,1535662,,"Control PCB, type A (PCB13 C to G)",REF_EXACT,1,MATCHED,false,
2670|2|0|,2670,500,N/A,,,,,,,PLACEHOLDER_REJECTED,0,PLACEHOLDER_VALUE,true,
2671|2|0|,2671,8652,N/A,,,,,,,PLACEHOLDER_REJECTED,0,PLACEHOLDER_VALUE,true,
2675|12|0|1538489,2675,412,Diaphragm/DLG PCB,1538489,1538489,,,,,NONE,0,NO_MATCH,true,
2675|11|0|1527044,2675,412,"Programmed PCB Assy, Router",1527044,1527044,,,,,NONE,0,NO_MATCH,true,
2675|10|0|1015075,2675,412,"Cable, retractile, MLC (SK25AA-SK26A)",1015075,1015075,10958,1015075,,"Cable, retractile, MLC (SK25AA–SK26A)",REF_EXACT,1,MATCHED,false,
2675|7|0|1547675,2675,412,"Screen assy, Head",1547675,1547675,10979,1547675,,Screen assembly crosswire Agility Head,REF_EXACT,1,MATCHED,false,
2675|6|0|1022592,2675,412,Cable PL26-C8 to PL26-Q4,1022592,1022592,12258,1022592,,"CABLE, PL26-C8 TO PL26-Q4",REF_EXACT,1,MATCHED,false,
2675|9|0|1015076,2675,412,"Cable, retractile, MLC (SK25BB-SK26B)",1015076,1015076,10957,1015076,,"Cable, retractile, MLC (SK25BB–SK26B)",REF_EXACT,1,MATCHED,false,
2675|8|0|45133326854,2675,412,Mirror assembly (Mylar),45133326854,45133326854,,,,,REF_LIKE,0.5,AMBIGUOUS_MATCH,true,10136|11863
2675|3|0|1532758,2675,412,Diaphragm motor spares kit,1532758,1532758,11030,1532758,,Diaphragm motor spares kit,REF_EXACT,1,MATCHED,false,
2675|5|0|1022593,2675,412,Cable PL26-C11 to PL26- K4,1022593,1022593,12259,1022593,,"CABLE, PL26-C11 TO PL26-K4",REF_EXACT,1,MATCHED,false,
2675|4|0|1556287,2675,412,Diaphragm brakes spare kit,1556287,1556287,12261,1556287,,"KIT, SPARES, DIAPHRAGM BRAKE",REF_EXACT,1,MATCHED,false,
2675|2|0|1505938,2675,412,Diaphragm intermediate PCB,1505938,1505938,10761,1505938,,PCB Assy Intermediate Diaphragm,REF_EXACT,1,MATCHED,false,
2677|2|0|,2677,446,paños y lubricante,,,,,,,PLACEHOLDER_REJECTED,0,PLACEHOLDER_VALUE,true,
2678|2|0|1534958,2678,8657,"kit, spares leaf motor ",1534958,1534958,11034,1534958,,Leaf motor spares kit,REF_EXACT,1,MATCHED,false,
2684|2|0|,2684,8669,410337 - projection lamp,,,,,,,PLACEHOLDER_REJECTED,0,PLACEHOLDER_VALUE,true,
2686|2|0|,2686,8667,NA,,,,,,,PLACEHOLDER_REJECTED,0,PLACEHOLDER_VALUE,true,
2687|2|0|,2687,,N/A,,,,,,,PLACEHOLDER_REJECTED,0,PLACEHOLDER_VALUE,true,
2690|2|0|,2690,446,Paños y lubricantes,,,,,,,PLACEHOLDER_REJECTED,0,PLACEHOLDER_VALUE,true,
2691|2|0|1534958,2691,8678,"kit, spare, leaf motor ",1534958,1534958,11034,1534958,,Leaf motor spares kit,REF_EXACT,1,MATCHED,false,
2693|2|0|,2693,8682,N/A,,,,,,,PLACEHOLDER_REJECTED,0,PLACEHOLDER_VALUE,true,
2694|2|0|1024545,2694,8667,USER INTERFACE SIDE B FRU,1024545,1024545,11812,1024545,,USER INTERFACE SIDE B FRU,REF_EXACT,1,MATCHED,false,
2695|3|0|1534014,2695,8657,"KIT, ENHANCED, AGILITY GUIDE LUBRICATION",1534014,1534014,11640,1534014,,"Kit, Enhanced, Agility Guide Lubrication",REF_EXACT,1,MATCHED,false,
2695|2|0|1534958,2695,8657,"KIT, SPARES, LEAF MOTOR",1534958,1534958,11034,1534958,,Leaf motor spares kit,REF_EXACT,1,MATCHED,false,
2696|2|0|1517657,2696,,"PCB ASSY,  LEAF MOTOR DRIVE",1517657,1517657,10701,1517657,,"PCB ASSY, LEAF MOTOR DRIVE - 1 Only",REF_EXACT,1,MATCHED,false,
2697|2|0|1516727,2697,8691,"kit, beam mu dose module ",1516727,1516727,18,1516727,,Kit Beam MU Dose Monitoring BMDM,REF_EXACT,1,MATCHED,false,
2698|2|0|1018265,2698,,FRU Z motor brush set,1018265,1018265,11961,1018265_proveedor_local,,"Proveedor Local, FRU MOTOR BRUSH SET (ELECTROCRAFT)",REF_LIKE,0.5,MATCHED,true,
2699|2|0|,2699,,N/A,,,,,,,PLACEHOLDER_REJECTED,0,PLACEHOLDER_VALUE,true,
2702|2|0|,2702,,N/A,,,,,,,PLACEHOLDER_REJECTED,0,PLACEHOLDER_VALUE,true,
2704|2|0|,2704,,Interruptor de último Hombre en mal estado.,,,,,,,PLACEHOLDER_REJECTED,0,PLACEHOLDER_VALUE,true,
2705|2|0|,2705,8702,N/A,,,,,,,PLACEHOLDER_REJECTED,0,PLACEHOLDER_VALUE,true,
2707|2|0|,2707,,N/A,,,,,,,PLACEHOLDER_REJECTED,0,PLACEHOLDER_VALUE,true,
2709|2|0|1534958,2709,6722,"kit spares, leaf motor ",1534958,1534958,11034,1534958,,Leaf motor spares kit,REF_EXACT,1,MATCHED,false,
2716|3|0|1564298,2716,6723,PCB assy DLG Diaphragm Drive,1564298,1564298,11039,1564298,,Diaphragm/DLG PCB,REF_EXACT,1,MATCHED,false,
2716|4|0|1565836,2716,6723,kit spare DLG brake,1565836,1565836,10983,1565836,,"KIT, SPARES, DLG BRAKE",REF_EXACT,1,MATCHED,false,
2716|2|0|1024939,2716,6723,assy 40 x 40 x 10 mm fan,1024939,1024939,10776,1024939,,"ASSY, 40X40X10MM FAN, HEATSINK",REF_EXACT,1,MATCHED,false,
2722|2|0|,2722,,N/A,,,,,,,PLACEHOLDER_REJECTED,0,PLACEHOLDER_VALUE,true,
2725|2|0|No hay,2725,,No hay,No hay,NOHAY,,,,,PLACEHOLDER_REJECTED,0,PLACEHOLDER_VALUE,true,
2730|2|0|no aplica,2730,8733,no aplica,no aplica,NOAPLICA,,,,,PLACEHOLDER_REJECTED,0,PLACEHOLDER_VALUE,true,
2731|2|0|1014474,2731,8749,cable assy sw1/sw2 to sk13A7,1014474,1014474,11677,1014474,,Cable Assy sw1/sw2 T,REF_EXACT,1,MATCHED,false,
2737|2|0|1018459,2737,,MICEOSWITCH WITH LEVER,1018459,1018459,10989,1018459,,Microswitch with lever,REF_EXACT,1,MATCHED,false,
2742|2|0|451333327662,2742,,Beam Splitter Mirror Assy,451333327662,451333327662,,,,,NONE,0,NO_MATCH,true,
2744|2|0|no,2744,,no,no,NO,,,,,PLACEHOLDER_REJECTED,0,PLACEHOLDER_VALUE,true,
2745|2|0|N/A,2745,,N/A,N/A,NA,,,,,PLACEHOLDER_REJECTED,0,PLACEHOLDER_VALUE,true,
2746|2|0|45133165177,2746,,Thyratron,45133165177,45133165177,10716,45133165177,,THYRATRON e2v CX1154L,REF_EXACT,1,MATCHED,false,
2748|2|0|1531790,2748,,X Y Check or coarse Potentiometer,1531790,1531790,11015,1531790,,"X, Y check or coarse potentiometer (D SHAPE), lateral o longitudinal",REF_EXACT,1,MATCHED,false,
2754|2|0|1541744,2754,8777,Hand Held Controller,1541744,1541744,11817,1541744,,"FRU KIT, HAND HELD CONTROLLER",REF_EXACT,1,MATCHED,false,
2757|2|0|,2757,,N/A,,,,,,,PLACEHOLDER_REJECTED,0,PLACEHOLDER_VALUE,true,
2762|2|0|,2762,8775,N/A,,,,,,,PLACEHOLDER_REJECTED,0,PLACEHOLDER_VALUE,true,
2763|2|0|1507972,2763,8764,Voltage Regulator PCB,1507972,1507972,11308,1507972,,"PCB assy ODI,Voltage Regulator PCB Assy",REF_EXACT,1,MATCHED,false,
2768|2|0|no,2768,8792,no,no,NO,,,,,PLACEHOLDER_REJECTED,0,PLACEHOLDER_VALUE,true,
2769|2|0|,2769,,N/A,,,,,,,PLACEHOLDER_REJECTED,0,PLACEHOLDER_VALUE,true,
2773|2|0|,2773,,N/A,,,,,,,PLACEHOLDER_REJECTED,0,PLACEHOLDER_VALUE,true,
2774|3|0|,2774,,Acrílico protector de viales,,,,,,,PLACEHOLDER_REJECTED,0,PLACEHOLDER_VALUE,true,
2774|2|0|,2774,,Resorte y sujetador dosificador,,,,,,,PLACEHOLDER_REJECTED,0,PLACEHOLDER_VALUE,true,
2776|3|0|1564298,2776,8788,"pcb assy, dlg and diaphragm ",1564298,1564298,11039,1564298,,Diaphragm/DLG PCB,REF_EXACT,1,MATCHED,false,
2776|5|0|1564169,2776,8788,"pcb assy, LED control ",1564169,1564169,12262,1564169,,"Kit, Luminus proj assy and PCB assy, LED control",REF_EXACT,1,MATCHED,false,
2776|4|0|1517657,2776,8788,"pcb assy, leaf motor drive",1517657,1517657,10701,1517657,,"PCB ASSY, LEAF MOTOR DRIVE - 1 Only",REF_EXACT,1,MATCHED,false,
2776|2|0|1534958,2776,8788,"kit, spares leaf motor ",1534958,1534958,11034,1534958,,Leaf motor spares kit,REF_EXACT,1,MATCHED,false,
2781|2|0|1050661,2781,,Iviewc Cable Cable Detector,1050661,1050661,11379,1050661,,Detector brake cable-B,REF_EXACT,1,MATCHED,false,
2784|2|0|1553878,2784,,Z motor and brake,1553878,1553878,,,,,REF_LIKE,0.5,AMBIGUOUS_MATCH,true,11247|12176
2785|2|0|1534958,2785,8811,leaf motor,1534958,1534958,11034,1534958,,Leaf motor spares kit,REF_EXACT,1,MATCHED,false,
2787|2|0|1502613,2787,8794,"MOD KIT, LASER ODI LAMP",1502613,1502613,10994,1502613,,Laser ODI Spares Kit,REF_EXACT,1,MATCHED,false,
2789|2|0|1522567,2789,8801,Output Window,1522567,1522567,12044,1522567,,RF output window,REF_EXACT,1,MATCHED,false,
2795|3|0|451462949000,2795,8681,flow switch 10M-MS,451462949000,451462949000,,,,,NONE,0,NO_MATCH,true,
2795|2|0|4513316442301M,2795,8681,Filter element 5 micron,4513316442301M,4513316442301M,10312,4513316442301M,,FILTER ELEMENT 5 MICRON,REF_EXACT,1,MATCHED,false,
2796|2|0|45133502026,2796,8820,Tubo de RX,45133502026,45133502026,12138,45133502026_usado,,X-ray tube (MR),REF_LIKE,0.5,MATCHED,true,
2798|2|0|,2798,,N/A,,,,,,,PLACEHOLDER_REJECTED,0,PLACEHOLDER_VALUE,true,
2799|2|0|,2799,,N/A,,,,,,,PLACEHOLDER_REJECTED,0,PLACEHOLDER_VALUE,true,
2802|2|0|1564298,2802,,"PCB ASSY, DLG AND DIAPHRAGM DRIVE ",1564298,1564298,11039,1564298,,Diaphragm/DLG PCB,REF_EXACT,1,MATCHED,false,
2804|3|0|1541718,2804,8825,"fru, pancake motor assembly ",1541718,1541718,11595,1541718,,"FRU, Pancake Motor Assembly",REF_EXACT,1,MATCHED,false,
2804|2|0|45133302612,2804,8825,"gearbox & brake, fru ",45133302612,45133302612,10995,45133302612,,"Gearbox and brake assembly, reargox",REF_EXACT,1,MATCHED,false,
2806|2|0|,2806,8825,N/A,,,,,,,PLACEHOLDER_REJECTED,0,PLACEHOLDER_VALUE,true,
2807|3|0|1565768,2807,8835,pcb assy can,1565768,1565768,10151,1565768,,"(CCU) PCB ASSY, CAM CID8726DX9 AGI",REF_EXACT,1,MATCHED,false,
2807|2|0|1564361,2807,8835,programemed pcb assy router,1564361,1564361,11038,1564361,,"Programmed PCB Assy, Router",REF_EXACT,1,MATCHED,false,
2812|3|0|1526644,2812,,PCB Wedge Control,1526644,1526644,,,,,NONE,0,NO_MATCH,true,
2812|2|0|1556286,2812,,FRU Assembly wegde,1556286,1556286,,,,,NONE,0,NO_MATCH,true,
2814|2|0|45133304800,2814,,Electron Gun,45133304800,45133304800,10375,45133304800,,SL ELECTRON GUN ASSY,REF_EXACT,1,MATCHED,false,
2824|3|0|1005032,2824,8855,signal condition pcb rhca-a,1005032,1005032,10942,1005032,,Signal Condition PCB (SCC-RHA-Rev. 01),REF_EXACT,1,MATCHED,false,
2824|4|0|1511862,2824,8855,pcb assy ai12 bit,1511862,1511862,10121,1511862,,"Analog input, 12-bit (AI12) version 2",REF_EXACT,1,MATCHED,false,
2824|2|0|1005033,2824,8855,signado condition pcb rhca-b,1005033,1005033,11604,1005033,,Signal Condition PCB (RHCA-B),REF_EXACT,1,MATCHED,false,
2825|2|0|1022378 / 351372101453,2825,8865,"Diode Semikron
Resistor 180 ohm ",1022378 / 351372101453,1022378351372101453,11627,1022378,,"DIODE ASSY, FRU",REF_LIKE,0.5,MATCHED,true,
2826|2|0|BJ5590.002,2826,8696,ION CHAMBER,BJ5590.002,BJ5590002,,,,,NONE,0,NO_MATCH,true,
2834|2|0|1548845,2834,8758,X-RAY TUBE ASSEMBLY,1548845,1548845,10615,1548845,,"ASSEMBLY, X-RAY TUBE VAREX",REF_EXACT,1,MATCHED,false,
2839|3|0|351372700257X,2839,8855,"module, semikrom skrc ",351372700257X,351372700257X,12008,351372700257X,,Module Semikron SKRC,REF_EXACT,1,MATCHED,false,
2839|2|0|1010256,2839,8855,12 bit analogía output pcb,1010256,1010256,,,,,REF_LIKE,0.5,AMBIGUOUS_MATCH,true,11877|10115
2840|2|0|821321900373,2840,8855,"FUSE LINK, 240V, 80A, U",821321900373,821321900373,12022,821321900373H,,Fuse link 240V/80A,REF_LIKE,0.5,MATCHED,true,
2842|2|0|821321900359,2842,8866,FUSE 32X6 8AMP,821321900359,821321900359,,,,,NONE,0,NO_MATCH,true,
2852|2|0|No hay,2852,,No hay,No hay,NOHAY,,,,,PLACEHOLDER_REJECTED,0,PLACEHOLDER_VALUE,true,
2853|2|0|1500954,2853,8901,"voltaje regulator, pcb assy ",1500954,1500954,,,,,NONE,0,NO_MATCH,true,
2855|2|0|1557545,2855,,"CAMARA, DX9",1557545,1557545,12192,1557545,,"Camera, DX9",REF_EXACT,1,MATCHED,false,
2864|2|0|45133304800,2864,,electron gun assy,45133304800,45133304800,10375,45133304800,,SL ELECTRON GUN ASSY,REF_EXACT,1,MATCHED,false,
2865|3|0|1534958,2865,8916,"KIT, SPARES, LEAF MOTOR",1534958,1534958,11034,1534958,,Leaf motor spares kit,REF_EXACT,1,MATCHED,false,
2865|2|0|157657,2865,8916,"PCB ASSY, LEAF MOTOR DRIVE",157657,157657,,,,,NONE,0,NO_MATCH,true,
2868|2|0|1547237,2868,8912,"kit, luminus proj assy and PCB assy, LED CONTROL ",1547237,1547237,,,,,REF_LIKE,0.5,AMBIGUOUS_MATCH,true,12086|10767
2869|2|0|,2869,8923,"baterias 12v 7,2 ah",,,,,,,PLACEHOLDER_REJECTED,0,PLACEHOLDER_VALUE,true,
2870|2|0|1010848,2870,8927,"mirror assembly, óptics ",1010848,1010848,11037,1010848,,"Mirror assembly, optics (Agility)",REF_EXACT,1,MATCHED,false,
2871|2|0|,2871,8904,Batería de 12 VDC 7.2 AH,,,,,,,PLACEHOLDER_REJECTED,0,PLACEHOLDER_VALUE,true,
2872|3|0|1556287,2872,8884,Diaphragm brakes spare kit,1556287,1556287,12261,1556287,,"KIT, SPARES, DIAPHRAGM BRAKE",REF_EXACT,1,MATCHED,false,
2872|5|0|1024939,2872,8884,LED projector fan,1024939,1024939,10776,1024939,,"ASSY, 40X40X10MM FAN, HEATSINK",REF_EXACT,1,MATCHED,false,
2872|4|0|1547237,2872,8884,"kit, luminus proj assy and PCB assy, LED control",1547237,1547237,,,,,REF_LIKE,0.5,AMBIGUOUS_MATCH,true,12086|10767
2872|2|0|1018559,2872,8884,LMD fan and bracket,1018559,1018559,10724,1018559,,"ASSY, BRACKET & FAN",REF_EXACT,1,MATCHED,false,
2872|7|0|1564298,2872,8884,diaphragm / DLG PCB,1564298,1564298,11039,1564298,,Diaphragm/DLG PCB,REF_EXACT,1,MATCHED,false,
2872|6|0|1556292,2872,8884,DLG brake spares kit,1556292,1556292,,,,,NONE,0,NO_MATCH,true,
2877|2|0|1502613,2877,8817,Distance Meter,1502613,1502613,10994,1502613,,Laser ODI Spares Kit,REF_EXACT,1,MATCHED,false,
2878|2|0|,2878,8775,N/A,,,,,,,PLACEHOLDER_REJECTED,0,PLACEHOLDER_VALUE,true,
2880|2|0|1502613,2880,8867,"mod kit, láser ODI lamp ",1502613,1502613,10994,1502613,,Laser ODI Spares Kit,REF_EXACT,1,MATCHED,false,
2885|2|0|1526646-1500998-1024939,2885,8943,"PCB LED CONTROL
LED PROJECTOR
LED PROJECTOR FAN",1526646-1500998-1024939,152664615009981024939,,,,,REF_LIKE,0.5,AMBIGUOUS_MATCH,true,10776|10769
2887|2|0|,2887,,N/A,,,,,,,PLACEHOLDER_REJECTED,0,PLACEHOLDER_VALUE,true,
2888|2|0|,2888,,N/A,,,,,,,PLACEHOLDER_REJECTED,0,PLACEHOLDER_VALUE,true,
2889|2|0|1527814,2889,8954,Fuente de poder IPCU,1527814,1527814,11929,1527814,,"PSU, ION PUMP",REF_EXACT,1,MATCHED,false,
2894|2|0|45133411788,2894,8951,Brake Assembly,45133411788,45133411788,11049,45133411788,,Longitudinal Brake assembly (MR),REF_EXACT,1,MATCHED,false,
2898|2|0|1018559,2898,,"assy, bracket & fan ",1018559,1018559,10724,1018559,,"ASSY, BRACKET & FAN",REF_EXACT,1,MATCHED,false,
2900|2|0|1515997,2900,,Thyratron,1515997,1515997,12245,1515997,,"THYRATRON,GL1551A",REF_EXACT,1,MATCHED,false,
2901|2|0|No,2901,,No.,No,NO,,,,,PLACEHOLDER_REJECTED,0,PLACEHOLDER_VALUE,true,
2902|2|0|N/A,2902,,N/A,N/A,NA,,,,,PLACEHOLDER_REJECTED,0,PLACEHOLDER_VALUE,true,
2904|2|0|45133308730,2904,8967,H.H.C RECIEVER UNIT Mk2,45133308730,45133308730,12139,45133308730,,HHC reciever unit MK2,REF_EXACT,1,MATCHED,false,
2906|2|0|,2906,,N/A,,,,,,,PLACEHOLDER_REJECTED,0,PLACEHOLDER_VALUE,true,
2908|2|0|,2908,8975,N/A,,,,,,,PLACEHOLDER_REJECTED,0,PLACEHOLDER_VALUE,true,
2910|2|0|4513341184601H,2910,,"CABLE ASSY, PL5 TO SK5A",4513341184601H,4513341184601H,11694,45133411846,,"CABLE ASSY, PL5 TO SK5A",REF_LIKE,0.5,MATCHED,true,
2911|2|0|C428393094,2911,,Balanza Mettler Toledo WM6002,C428393094,C428393094,,,,,NONE,0,NO_MATCH,true,
2912|2|0|,2912,,N/A,,,,,,,PLACEHOLDER_REJECTED,0,PLACEHOLDER_VALUE,true,
2913|2|0|,2913,,N/A,,,,,,,PLACEHOLDER_REJECTED,0,PLACEHOLDER_VALUE,true,
2914|2|0|1534958,2914,8980,"KET, SPARE, LEAF MOTOR",1534958,1534958,11034,1534958,,Leaf motor spares kit,REF_EXACT,1,MATCHED,false,
2917|2|0|N/A,2917,,"Fusible de 1,6 Amp",N/A,NA,,,,,PLACEHOLDER_REJECTED,0,PLACEHOLDER_VALUE,true,
2918|2|0|,2918,,N/A,,,,,,,PLACEHOLDER_REJECTED,0,PLACEHOLDER_VALUE,true,
2921|2|0|1534958,2921,8980,"KIT, SPARES LEAF MO",1534958,1534958,11034,1534958,,Leaf motor spares kit,REF_EXACT,1,MATCHED,false,
2926|2|0|,2926,8993,N/A,,,,,,,PLACEHOLDER_REJECTED,0,PLACEHOLDER_VALUE,true,
2928|2|0|,2928,8821,thyratron,,,,,,,PLACEHOLDER_REJECTED,0,PLACEHOLDER_VALUE,true,
2931|2|0|1534958,2931,9015,"kit, spares, leaf motor ",1534958,1534958,11034,1534958,,Leaf motor spares kit,REF_EXACT,1,MATCHED,false,
2932|2|0|,2932,8995,Aire comprimido y sistemas de limpieza,,,,,,,PLACEHOLDER_REJECTED,0,PLACEHOLDER_VALUE,true,
2933|2|0|1502613,2933,8999,"spare kit, distance meter ",1502613,1502613,10994,1502613,,Laser ODI Spares Kit,REF_EXACT,1,MATCHED,false,
2935|2|0|1564281,2935,9006,"PCB, assy, wedge control ",1564281,1564281,10764,1021309___1564281,,"PCB ASSY, WEDGE CONTROL",REF_LIKE,0.5,MATCHED,true,
2936|3|0|45133400146,2936,133,Slitless flight tube kit,45133400146,45133400146,11837,45133400146,,Slitless flight tube kit,REF_EXACT,1,MATCHED,false,
2936|5|0|45133304100,2936,133,Drif tube assembly,45133304100,45133304100,11839,45133304100,,Drift tube assembly,REF_EXACT,1,MATCHED,false,
2936|4|0|45133304200,2936,133,Target drive assembly,45133304200,45133304200,11838,45133304200,,Target Drive Assembly,REF_EXACT,1,MATCHED,false,
2936|2|0|1515098,2936,133,bombas ionica,1515098,1515098,10374,1515098,,ION PUMP - SPARE,REF_EXACT,1,MATCHED,false,
2936|7|0|261308039505,2936,133,seal,261308039505,261308039505,11840,261308039505,,Seal,REF_EXACT,1,MATCHED,false,
2936|6|0|1515219,2936,133,Gasket 70mm falange copper,1515219,1515219,11752,1515219,,"Kit, Gasket, 70mm",REF_EXACT,1,MATCHED,false,
2937|2|0|,2937,,N/A,,,,,,,PLACEHOLDER_REJECTED,0,PLACEHOLDER_VALUE,true,
2944|2|0|1534958,2944,9027,KIT LEAF MOTOR,1534958,1534958,11034,1534958,,Leaf motor spares kit,REF_EXACT,1,MATCHED,false,
2946|2|0|1024939,2946,9028,"ASSY, 40X40X10MM FAN, HEATSINK",1024939,1024939,10776,1024939,,"ASSY, 40X40X10MM FAN, HEATSINK",REF_EXACT,1,MATCHED,false,
2949|2|0|45133304800,2949,,ELECTRON GUN ASSY,45133304800,45133304800,10375,45133304800,,SL ELECTRON GUN ASSY,REF_EXACT,1,MATCHED,false,
2950|2|0|1564298,2950,,"PCB Assy, DLG and DIAPHRAGM Drive",1564298,1564298,11039,1564298,,Diaphragm/DLG PCB,REF_EXACT,1,MATCHED,false,
2951|2|0|1564281,2951,8991,"PCB ASSY, WEDGE CONTROL",1564281,1564281,10764,1021309___1564281,,"PCB ASSY, WEDGE CONTROL",REF_LIKE,0.5,MATCHED,true,
2952|2|0|45133307849,2952,,FRU PWB 811,45133307849,45133307849,,,,,NONE,0,NO_MATCH,true,
2954|2|0|1547237,2954,9037,"KIT, LUMINUS PORJ ASSY AND PCB ASSY, LED CONTROL",1547237,1547237,,,,,REF_LIKE,0.5,AMBIGUOUS_MATCH,true,12086|10767
2957|2|0|1527814,2957,9055,"PSU, ion PUMP ",1527814,1527814,11929,1527814,,"PSU, ION PUMP",REF_EXACT,1,MATCHED,false,
2958|2|0|1564298,2958,9003,Diaphragm/DLG PCB,1564298,1564298,11039,1564298,,Diaphragm/DLG PCB,REF_EXACT,1,MATCHED,false,
2961|2|0|,2961,44,N/A,,,,,,,PLACEHOLDER_REJECTED,0,PLACEHOLDER_VALUE,true,
2962|2|0|1564298,2962,,PCB DLG Drive,1564298,1564298,11039,1564298,,Diaphragm/DLG PCB,REF_EXACT,1,MATCHED,false,
2963|3|0|1015076,2963,9063,"cable, retráctile, MLC sk25bb - sk26b",1015076,1015076,10957,1015076,,"Cable, retractile, MLC (SK25BB–SK26B)",REF_EXACT,1,MATCHED,false,
2963|4|0|1015075,2963,9063,"cable, retráctile  MLC sk25aa - sk26a ",1015075,1015075,10958,1015075,,"Cable, retractile, MLC (SK25AA–SK26A)",REF_EXACT,1,MATCHED,false,
2963|2|0|1527044,2963,9063,"programmed pcb assy, router",1527044,1527044,,,,,NONE,0,NO_MATCH,true,
2972|2|0|,2972,9071,N/A,,,,,,,PLACEHOLDER_REJECTED,0,PLACEHOLDER_VALUE,true,
2980|3|0|1522567,2980,9072,RF OUTPUT Window,1522567,1522567,12044,1522567,,RF output window,REF_EXACT,1,MATCHED,false,
2980|5|0|261308039505,2980,9072,seal,261308039505,261308039505,11840,261308039505,,Seal,REF_EXACT,1,MATCHED,false,
2980|4|0|1515219,2980,9072,gasket 70mm flange,1515219,1515219,11752,1515219,,"Kit, Gasket, 70mm",REF_EXACT,1,MATCHED,false,
2980|2|0|1515098,2980,9072,ION PUMP,1515098,1515098,10374,1515098,,ION PUMP - SPARE,REF_EXACT,1,MATCHED,false,
2988|3|0|1010848,2988,8832,"MIRROR ASSEMBLY, OPTIC",1010848,1010848,11037,1010848,,"Mirror assembly, optics (Agility)",REF_EXACT,1,MATCHED,false,
2988|5|0|1522567,2988,8832,RF OUTPUT WINDOW,1522567,1522567,12044,1522567,,RF output window,REF_EXACT,1,MATCHED,false,
2988|4|0|1538261,2988,8832,"FRU KIT, FLIGHT TUBE DRIVE ASSY",1538261,1538261,11854,1538261,,"FRU KIT, FLIGHT TUBE DRIVE",REF_EXACT,1,MATCHED,false,
2988|2|0|1515098,2988,8832,ION PUMP SPARE,1515098,1515098,10374,1515098,,ION PUMP - SPARE,REF_EXACT,1,MATCHED,false,
2989|2|0|1024939,2989,,"sssy 40 x 40 x 10 mm fan, heatsink ",1024939,1024939,10776,1024939,,"ASSY, 40X40X10MM FAN, HEATSINK",REF_EXACT,1,MATCHED,false,
2990|3|0|1548845,2990,8895,X-Ray Tube,1548845,1548845,10615,1548845,,"ASSEMBLY, X-RAY TUBE VAREX",REF_EXACT,1,MATCHED,false,
2990|5|0|1539682,2990,8895,"Function KeyPad (FkP)
",1539682,1539682,11662,1539682,,"FKP control, Elekta Synergy",REF_EXACT,1,MATCHED,false,
2990|4|0|1550513,2990,8895,extenderd imaging module ( xim),1550513,1550513,11029,1550513,,Extended imaging module (XIM),REF_EXACT,1,MATCHED,false,
2990|2|0|1505856,2990,8895,X-Ray Generator,1505856,1505856,12120,1505856,,"MRT 23871 KV GENERATOR,400V",REF_EXACT,1,MATCHED,false,
2992|2|0|,2992,,N/A,,,,,,,PLACEHOLDER_REJECTED,0,PLACEHOLDER_VALUE,true,
2993|2|0|,2993,9111,N/A,,,,,,,PLACEHOLDER_REJECTED,0,PLACEHOLDER_VALUE,true,
2994|2|0|,2994,,N/A,,,,,,,PLACEHOLDER_REJECTED,0,PLACEHOLDER_VALUE,true,
2996|2|0|,2996,,N/A,,,,,,,PLACEHOLDER_REJECTED,0,PLACEHOLDER_VALUE,true,
3004|3|0|S/N,3004,,Kit soporte de bolsas,S/N,SN,,,,,PLACEHOLDER_REJECTED,0,PLACEHOLDER_VALUE,true,
3004|2|0|1075774-42,3004,,Kit base viales,1075774-42,107577442,,,,,NONE,0,NO_MATCH,true,
3011|2|0|03-999-1290,3011,9123,Handheld hexapod (TM),03-999-1290,039991290,12067,03-999-1290,,Handheld Controller,REF_EXACT,1,MATCHED,false,
3019|2|0|45133154423-45133301412,3019,9131,"Filter Element
potentiometer 20K",45133154423-45133301412,4513315442345133301412,,,,,NONE,0,NO_MATCH,true,
3021|2|0|1018265,3021,9145,fru Z motor brush set,1018265,1018265,11961,1018265_proveedor_local,,"Proveedor Local, FRU MOTOR BRUSH SET (ELECTROCRAFT)",REF_LIKE,0.5,MATCHED,true,
3024|3|0|1550513,3024,9151,"EXT. IMAG. MOD (XIM), ASSY",1550513,1550513,11029,1550513,,Extended imaging module (XIM),REF_EXACT,1,MATCHED,false,
3024|2|0|1539679,3024,9151,"MRT 14791, GENERAL FKP",1539679,1539679,12282,1539679___1571202,,"MRT 14791, GENERAL FKP ASSY",REF_LIKE,0.5,MATCHED,true,
3031|2|0|1528403,3031,9167,BEAM MU DOSE MODULE,1528403,1528403,,,,,NONE,0,NO_MATCH,true,
3036|2|0|,3036,9173,N/A,,,,,,,PLACEHOLDER_REJECTED,0,PLACEHOLDER_VALUE,true,
3043|2|0|1534958,3043,,"KIT, SPARES, LEAF MOTOR",1534958,1534958,11034,1534958,,Leaf motor spares kit,REF_EXACT,1,MATCHED,false,
3054|2|0|AEA006,3054,,Cable de comunicación R485.,AEA006,AEA006,,,,,NONE,0,NO_MATCH,true,
3055|2|0|1534958,3055,,"KIT, SPARE, LEAF MOTOR",1534958,1534958,11034,1534958,,Leaf motor spares kit,REF_EXACT,1,MATCHED,false,
3059|2|0|,3059,,No.,,,,,,,PLACEHOLDER_REJECTED,0,PLACEHOLDER_VALUE,true,
3060|2|0|,3060,,No.,,,,,,,PLACEHOLDER_REJECTED,0,PLACEHOLDER_VALUE,true,
3061|2|0|,3061,0101,N/A,,,,,,,PLACEHOLDER_REJECTED,0,PLACEHOLDER_VALUE,true,
3068|12|0|1564361,3068,,programmed PCB assy Router,1564361,1564361,11038,1564361,,"Programmed PCB Assy, Router",REF_EXACT,1,MATCHED,false,
3068|11|0|1564281,3068,,wedge board,1564281,1564281,10764,1021309___1564281,,"PCB ASSY, WEDGE CONTROL",REF_LIKE,0.5,MATCHED,true,
3068|10|0|1517657,3068,,PCB assy Leaf Motor Drive,1517657,1517657,10701,1517657,,"PCB ASSY, LEAF MOTOR DRIVE - 1 Only",REF_EXACT,1,MATCHED,false,
3068|7|0|1557545,3068,,camera,1557545,1557545,12192,1557545,,"Camera, DX9",REF_EXACT,1,MATCHED,false,
3068|6|0|1011030,3068,,Les,1011030,1011030,11035,1011030,,"Lens, Collimator",REF_EXACT,1,MATCHED,false,
3068|9|0|1565835,3068,,"Kit spare, Diaphragm Brake ",1565835,1565835,11031,1565835,,"KIT, SPARES, DIAPHRAGM BRAKE",REF_EXACT,1,MATCHED,false,
3068|8|0|1565836,3068,,"Kit spares, DLG Brake ",1565836,1565836,10983,1565836,,"KIT, SPARES, DLG BRAKE",REF_EXACT,1,MATCHED,false,
3068|3|0|1531145,3068,,Router PCB Cage fan,1531145,1531145,11145,1531145,,"Assy, Fan 70x70x15mm",REF_EXACT,1,MATCHED,false,
3068|5|0|1564169,3068,,kit led proyector,1564169,1564169,12262,1564169,,"Kit, Luminus proj assy and PCB assy, LED control",REF_EXACT,1,MATCHED,false,
3068|4|0|1024939,3068,,fan led proyector,1024939,1024939,10776,1024939,,"ASSY, 40X40X10MM FAN, HEATSINK",REF_EXACT,1,MATCHED,false,
3068|2|0|1018559,3068,,LMD fan and bracket,1018559,1018559,10724,1018559,,"ASSY, BRACKET & FAN",REF_EXACT,1,MATCHED,false,
3068|15|0|1556286,3068,,Fru assembly Wedge,1556286,1556286,,,,,NONE,0,NO_MATCH,true,
3068|14|0|1532592,3068,,BMDM spares kit,1532592,1532592,12268,1532592,,BMDM spares kit,REF_EXACT,1,MATCHED,false,
3068|13|0|1528220,3068,,Camera CCU PCB,1528220,1528220,,,,,NONE,0,NO_MATCH,true,
3069|3|0|4513316442301M,3069,,Filter Element 5 microm,4513316442301M,4513316442301M,10312,4513316442301M,,FILTER ELEMENT 5 MICRON,REF_EXACT,1,MATCHED,false,
3069|4|0|1515098,3069,,ION Pump spare,1515098,1515098,10374,1515098,,ION PUMP - SPARE,REF_EXACT,1,MATCHED,false,
3069|2|0|45133304800,3069,,Electron GUN subassembly,45133304800,45133304800,10375,45133304800,,SL ELECTRON GUN ASSY,REF_EXACT,1,MATCHED,false,
3071|2|0|1502613,3071,,"MOD kit, Láser ODI Lámp",1502613,1502613,10994,1502613,,Laser ODI Spares Kit,REF_EXACT,1,MATCHED,false,
3075|2|0|1534958,3075,9219,kit spare leaf motor,1534958,1534958,11034,1534958,,Leaf motor spares kit,REF_EXACT,1,MATCHED,false,
3076|2|0|1018265,3076,,Z drive motor brush,1018265,1018265,11961,1018265_proveedor_local,,"Proveedor Local, FRU MOTOR BRUSH SET (ELECTROCRAFT)",REF_LIKE,0.5,MATCHED,true,
3080|2|0|,3080,9222,N/A,,,,,,,PLACEHOLDER_REJECTED,0,PLACEHOLDER_VALUE,true,
3081|2|0|1534958,3081,,"KIT, SPARE, LEAF MOTOR",1534958,1534958,11034,1534958,,Leaf motor spares kit,REF_EXACT,1,MATCHED,false,
3082|2|0|45133308034,3082,9220,MAGNETRON MG6363,45133308034,45133308034,12128,45133308034,,"Magnetron, MG6363",REF_EXACT,1,MATCHED,false,
3085|3|0|1015076,3085,9195,CABLE RETRACTILE (SK25BB-SK26B),1015076,1015076,10957,1015076,,"Cable, retractile, MLC (SK25BB–SK26B)",REF_EXACT,1,MATCHED,false,
3085|2|0|1015075,3085,9195,CABLE RETRACTILE (SK25AA-SK26A),1015075,1015075,10958,1015075,,"Cable, retractile, MLC (SK25AA–SK26A)",REF_EXACT,1,MATCHED,false,
3086|2|0|,3086,9153,Disco Duro WesternDigital 1TB,,,,,,,PLACEHOLDER_REJECTED,0,PLACEHOLDER_VALUE,true,
3091|2|0|1552668,3091,9176,Z Motor - ElektroCraft,1552668,1552668,11247,1553878___1552668,,"Z Motor - ElektroCraft - FRU, Z drive motor/brake assembly",REF_LIKE,0.5,MATCHED,true,
3094|2|0|BJ3324.003,3094,9100,G/O TB-6U,BJ3324.003,BJ3324003,,,,,NONE,0,NO_MATCH,true,
3095|2|0|4714201102,3095,,MAGNETRON MG5193,4714201102,4714201102,11286,4714201102,,MAGNETRON MG5193,REF_EXACT,1,MATCHED,false,
3099|2|0|1549950,3099,,HHC KIT SINERGY/INFINITY,1549950,1549950,12134,1549950,,"HHC kit,Synergy/Infinity",REF_EXACT,1,MATCHED,false,
3100|2|0|45133326590,3100,,CAMERA LENS ASSEMBLY,45133326590,45133326590,11568,45133326590,,CAMERA LENS ASSEMBLY,REF_EXACT,1,MATCHED,false,
3102|2|0|1572991,3102,9244,FRU Z MTR BRUSH SET (E CRAFT),1572991,1572991,10978,1572991,,FRU Z MTR BRUSH SET (E'CRAFT),REF_EXACT,1,MATCHED,false,
3103|2|0|1010848,3103,,"MIRROR ASSEMBLY, OPT",1010848,1010848,11037,1010848,,"Mirror assembly, optics (Agility)",REF_EXACT,1,MATCHED,false,
3107|3|0|1538489,3107,,Diaphragm / DLG PCB,1538489,1538489,,,,,NONE,0,NO_MATCH,true,
3107|2|0|1517657,3107,,"PCB, Assy, Leaf Motor Drive ",1517657,1517657,10701,1517657,,"PCB ASSY, LEAF MOTOR DRIVE - 1 Only",REF_EXACT,1,MATCHED,false,
3110|2|0|019149,3110,,Filtro canister,019149,019149,11225,019149,,Annual Maintenance Kit,REF_EXACT,1,MATCHED,false,
3118|2|0|1564298,3118,9074,"PCB ASSYS, DLG AND DIAPHRAGM DRIVE",1564298,1564298,11039,1564298,,Diaphragm/DLG PCB,REF_EXACT,1,MATCHED,false,
3120|2|0|1564298,3120,9074,"pcb assy, dlg and diaphragm",1564298,1564298,11039,1564298,,Diaphragm/DLG PCB,REF_EXACT,1,MATCHED,false,
3123|2|0|1564298,3123,9262,"pcb assy, dlg and diaphragm ",1564298,1564298,11039,1564298,,Diaphragm/DLG PCB,REF_EXACT,1,MATCHED,false,
3125|3|0|1534958,3125,,kit spare leaf motor,1534958,1534958,11034,1534958,,Leaf motor spares kit,REF_EXACT,1,MATCHED,false,
3125|2|0|1010848,3125,,Mirro,1010848,1010848,11037,1010848,,"Mirror assembly, optics (Agility)",REF_EXACT,1,MATCHED,false,
3126|2|0|1564169,3126,9267,"kit, luminoso proj assy and pcb assy, led control",1564169,1564169,12262,1564169,,"Kit, Luminus proj assy and PCB assy, LED control",REF_EXACT,1,MATCHED,false,
3130|2|0|No,3130,,No,No,NO,,,,,PLACEHOLDER_REJECTED,0,PLACEHOLDER_VALUE,true,
3132|2|0|080140,3132,,Fiber Optic,080140,080140,12197,080140,,Fiber optic for indexer,REF_EXACT,1,MATCHED,false,
3133|2|0|,3133,9277,N/A,,,,,,,PLACEHOLDER_REJECTED,0,PLACEHOLDER_VALUE,true,
3137|2|0|,3137,9173,N/A,,,,,,,PLACEHOLDER_REJECTED,0,PLACEHOLDER_VALUE,true,
3139|2|0|1501074,3139,9289,"PCB ASSEMBLY, DOSIMETRY B (DOSE-B)",1501074,1501074,11487,1501074,,DOSE B version 2,REF_EXACT,1,MATCHED,false,
3140|2|0|1010848,3140,9288,"Mirror assembly, optics (Agility)",1010848,1010848,11037,1010848,,"Mirror assembly, optics (Agility)",REF_EXACT,1,MATCHED,false,
3141|2|0|,3141,9282,N/A,,,,,,,PLACEHOLDER_REJECTED,0,PLACEHOLDER_VALUE,true,
3142|2|0|,3142,9297,N/A,,,,,,,PLACEHOLDER_REJECTED,0,PLACEHOLDER_VALUE,true,
3143|2|0|1568178,3143,8775,SIB PCB,1568178,1568178,10821,1568178,,SIB PCB,REF_EXACT,1,MATCHED,false,
3144|2|0|4513316442301,3144,,5 Micron Filter CoS,4513316442301,4513316442301,10312,4513316442301M,,FILTER ELEMENT 5 MICRON,REF_LIKE,0.5,MATCHED,true,
3147|2|0|,3147,,N/A,,,,,,,PLACEHOLDER_REJECTED,0,PLACEHOLDER_VALUE,true,
3149|2|0|1534958,3149,,Kit Leaf Motor,1534958,1534958,11034,1534958,,Leaf motor spares kit,REF_EXACT,1,MATCHED,false,
3151|2|0|1564361,3151,9307,"PROGRAMMED PCB ASSY, ROUTER",1564361,1564361,11038,1564361,,"Programmed PCB Assy, Router",REF_EXACT,1,MATCHED,false,
3152|2|0|,3152,9291,N/A,,,,,,,PLACEHOLDER_REJECTED,0,PLACEHOLDER_VALUE,true,
3154|2|0|1501074,3154,,"PCB ASSY, DOSIMETRY B",1501074,1501074,11487,1501074,,DOSE B version 2,REF_EXACT,1,MATCHED,false,
3159|2|0|451331644230M,3159,,FILTER ELEMENT 5 MICRON,451331644230M,451331644230M,,,,,NONE,0,NO_MATCH,true,
3160|2|0|,3160,,N/A,,,,,,,PLACEHOLDER_REJECTED,0,PLACEHOLDER_VALUE,true,
3162|2|0|,3162,,N/A,,,,,,,PLACEHOLDER_REJECTED,0,PLACEHOLDER_VALUE,true,
3170|2|0|2276501,3170,,Barcode Gun.,2276501,2276501,11227,2276501,,SCANNER GRYPHON GD4430-HCK1,REF_EXACT,1,MATCHED,false,
3171|2|0|,3171,9261,N/A,,,,,,,PLACEHOLDER_REJECTED,0,PLACEHOLDER_VALUE,true,
3172|2|0|,3172,9344,N/A,,,,,,,PLACEHOLDER_REJECTED,0,PLACEHOLDER_VALUE,true,
3177|3|0|1565768,3177,9346,pcb CCU,1565768,1565768,10151,1565768,,"(CCU) PCB ASSY, CAM CID8726DX9 AGI",REF_EXACT,1,MATCHED,false,
3177|2|0|1557545,3177,9346,camera,1557545,1557545,12192,1557545,,"Camera, DX9",REF_EXACT,1,MATCHED,false,
3179|2|0|1541718,3179,,"fru, pancake motor assembly",1541718,1541718,11595,1541718,,"FRU, Pancake Motor Assembly",REF_EXACT,1,MATCHED,false,
3186|2|0|45133304800,3186,,ELECTRON GUN ASSY,45133304800,45133304800,10375,45133304800,,SL ELECTRON GUN ASSY,REF_EXACT,1,MATCHED,false,
3188|2|0|,3188,9314,N/A,,,,,,,PLACEHOLDER_REJECTED,0,PLACEHOLDER_VALUE,true,
3189|3|0|45133326590,3189,9346,Camera Lens Assembly,45133326590,45133326590,11568,45133326590,,CAMERA LENS ASSEMBLY,REF_EXACT,1,MATCHED,false,
3189|2|0|1557545,3189,9346,Camera DX9,1557545,1557545,12192,1557545,,"Camera, DX9",REF_EXACT,1,MATCHED,false,
3190|3|0|451362610003J,3190,9361,"BELT, TIMING, S/SIDED",451362610003J,451362610003J,10998,451362610003J,,Belt - m/c 151270 onwards,REF_EXACT,1,MATCHED,false,
3190|2|0|1541718,3190,9361,FRU Pancake Motot Assembly,1541718,1541718,11595,1541718,,"FRU, Pancake Motor Assembly",REF_EXACT,1,MATCHED,false,
3191|2|0|2422 086 10594,3191,9363,Fuse 32V 20A,2422 086 10594,242208610594,,,,,NONE,0,NO_MATCH,true,
3193|2|0|1023592,3193,9365,"PCB, LED ASSEMBLY",1023592,1023592,11013,1023592,,"PCB, LED ASSEMBLY - EIM",REF_EXACT,1,MATCHED,false,
3206|2|0|1016422,3206,9272,"SWITCH,MICRO,LEVEL,SS-5GL",1016422,1016422,11809,1016422,,SWITCH MICRO LEVER SS-5GL,REF_EXACT,1,MATCHED,false,
3207|2|0|45133308530,3207,,Magnetron  MG6370,45133308530,45133308530,11007,45133308530,,"New fast tune magnetron, MG6370",REF_EXACT,1,MATCHED,false,
3210|2|0|1568178,3210,,"PROGRAMMED PCB ASSY, SIB",1568178,1568178,10821,1568178,,SIB PCB,REF_EXACT,1,MATCHED,false,
3212|2|0|0,3212,,no,0,0,,,,,NONE,0,NO_MATCH,true,
3214|2|0|,3214,9364,no hay,,,,,,,PLACEHOLDER_REJECTED,0,PLACEHOLDER_VALUE,true,
3215|2|0|1534958-1024201,3215,,"Kit Spare leaf MO
Reflector ",1534958-1024201,15349581024201,11034,1534958,,Leaf motor spares kit,REF_LIKE,0.5,MATCHED,true,
3218|2|0|,3218,9400,N/A,,,,,,,PLACEHOLDER_REJECTED,0,PLACEHOLDER_VALUE,true,
3220|2|0|,3220,9403,N/A,,,,,,,PLACEHOLDER_REJECTED,0,PLACEHOLDER_VALUE,true,
3221|2|0|,3221,9400,N/A,,,,,,,PLACEHOLDER_REJECTED,0,PLACEHOLDER_VALUE,true,
3224|2|0|1023830,3224,9404,160 MLC PSU,1023830,1023830,,,,,NONE,0,NO_MATCH,true,
3228|2|0|SHA12-369,3228,9410,Magnetic Contactor,SHA12-369,SHA12369,,,,,NONE,0,NO_MATCH,true,
3232|2|0|1522567,3232,9400,RF OUTPUT WINDOWS,1522567,1522567,12044,1522567,,RF output window,REF_EXACT,1,MATCHED,false,
3235|2|0|1564298,3235,9417,"PCB ASSY, DLG AND DIAPHRAGM DRIVE",1564298,1564298,11039,1564298,,Diaphragm/DLG PCB,REF_EXACT,1,MATCHED,false,
3236|2|0|1568178,3236,9421,"Programmed, PCB ASSY,   SIB",1568178,1568178,10821,1568178,,SIB PCB,REF_EXACT,1,MATCHED,false,
3237|2|0|45133317853,3237,9285,"PCB INTERCONNECT PCB 840 A
RTU P/N 45133326702",45133317853,45133317853,11016,45133317853,,"PCB, interconnect (C) (PCB 840A)",REF_EXACT,1,MATCHED,false,
3238|3|0|1018874,3238,9418,Diode SI 1N416CM-D023,1018874,1018874,11757,1018874,,"Diode, SI 1N416CM-D023",REF_EXACT,1,MATCHED,false,
3238|4|0|1564279,3238,9418,PCB ASSY LED CONTROL,1564279,1564279,,,,,NONE,0,NO_MATCH,true,
3238|2|0|1534958,3238,9418,Kit Spares Leaf Motor,1534958,1534958,11034,1534958,,Leaf motor spares kit,REF_EXACT,1,MATCHED,false,
3243|2|0|4714201102,3243,,Magnetron,4714201102,4714201102,11286,4714201102,,MAGNETRON MG5193,REF_EXACT,1,MATCHED,false,
3245|2|0|,3245,9388,monitor ea193MI-BK,,,,,,,PLACEHOLDER_REJECTED,0,PLACEHOLDER_VALUE,true,
3246|2|0|,3246,,Aire comprimido y carro de transporte,,,,,,,PLACEHOLDER_REJECTED,0,PLACEHOLDER_VALUE,true,
3247|2|0|,3247,,Aire comprimido,,,,,,,PLACEHOLDER_REJECTED,0,PLACEHOLDER_VALUE,true,
3249|2|0|,3249,,N/A,,,,,,,PLACEHOLDER_REJECTED,0,PLACEHOLDER_VALUE,true,
3250|3|0|45133318457,3250,9407,"FRU, RIM LTU PCB",45133318457,45133318457,11011,45133318457,,"PCB, level translator - LTU",REF_EXACT,1,MATCHED,false,
3250|2|0|1572432,3250,9407,"FRU, PROGRAMMED, LCU",1572432,1572432,,,,,NONE,0,NO_MATCH,true,
3252|2|0|03-999-1002,3252,,HexaPOD Evo Controller 48V evo,03-999-1002,039991002,12130,03-999-1002,,HexaPOD™ evo controller 48 V evo,REF_EXACT,1,MATCHED,false,
3253|2|0|1022378,3253,9451,"DIODE ASSEMBLY, FRU",1022378,1022378,11627,1022378,,"DIODE ASSY, FRU",REF_EXACT,1,MATCHED,false,
3254|2|0|1502613,3254,9374,Distance Meter,1502613,1502613,10994,1502613,,Laser ODI Spares Kit,REF_EXACT,1,MATCHED,false,
3256|2|0|1564298,3256,9293,"PCB ASSY, DLG AND DIAPHRAGM DRIVE ",1564298,1564298,11039,1564298,,Diaphragm/DLG PCB,REF_EXACT,1,MATCHED,false,
3257|3|0|1018559,3257,,"ASSY, BRACKET & FAN",1018559,1018559,10724,1018559,,"ASSY, BRACKET & FAN",REF_EXACT,1,MATCHED,false,
3257|4|0|1534958,3257,,LEAF MOTOR SPARES KIT,1534958,1534958,11034,1534958,,Leaf motor spares kit,REF_EXACT,1,MATCHED,false,
3257|2|0|1547237,3257,,"KIT, LUMINUS PROJ ASSY AND PCB ASSY, LED CONTROL",1547237,1547237,,,,,REF_LIKE,0.5,AMBIGUOUS_MATCH,true,12086|10767
3258|2|0|,3258,9441,N/A,,,,,,,PLACEHOLDER_REJECTED,0,PLACEHOLDER_VALUE,true,
3262|2|0|,3262,9444,N/A,,,,,,,PLACEHOLDER_REJECTED,0,PLACEHOLDER_VALUE,true,
3263|2|0|1564298,3263,9332,"PCB ASSY, DLG AND DIAPHRAGM DRIVE",1564298,1564298,11039,1564298,,Diaphragm/DLG PCB,REF_EXACT,1,MATCHED,false,
3264|2|0|,3264,,N/A,,,,,,,PLACEHOLDER_REJECTED,0,PLACEHOLDER_VALUE,true,
3267|3|0|1531145,3267,9438,"ASSY, FAN 70X70X15MM",1531145,1531145,11145,1531145,,"Assy, Fan 70x70x15mm",REF_EXACT,1,MATCHED,false,
3267|2|0|1565836,3267,9438,"KIT, SPARES, DLG BRAKE",1565836,1565836,10983,1565836,,"KIT, SPARES, DLG BRAKE",REF_EXACT,1,MATCHED,false,
3268|2|0|1018559,3268,,LMD Fan and Breaket,1018559,1018559,10724,1018559,,"ASSY, BRACKET & FAN",REF_EXACT,1,MATCHED,false,
3270|3|0|1534958,3270,9293,"KIT, SPARES, LEAF MO",1534958,1534958,11034,1534958,,Leaf motor spares kit,REF_EXACT,1,MATCHED,false,
3270|2|0|1517657,3270,9293,"PCB ASSY, LEAF MOTOR DRIVE ",1517657,1517657,10701,1517657,,"PCB ASSY, LEAF MOTOR DRIVE - 1 Only",REF_EXACT,1,MATCHED,false,
3271|2|0|45133326702,3271,9464,PCB RTU,45133326702,45133326702,,,,,NONE,0,NO_MATCH,true,
3274|2|0|1564298,3274,,"PCB ASSY, DLG AND DIAPHRAGM DRIVE",1564298,1564298,11039,1564298,,Diaphragm/DLG PCB,REF_EXACT,1,MATCHED,false,
3276|2|0|1549816,3276,9235,LOWARA PUMP,1549816,1549816,10416,1549816,,"PUMP, LOWARA-FRU",REF_EXACT,1,MATCHED,false,
3279|3|0|1531790,3279,9470,"FRU X, Y, ISO CHECK PO",1531790,1531790,11015,1531790,,"X, Y check or coarse potentiometer (D SHAPE), lateral o longitudinal",REF_EXACT,1,MATCHED,false,
3279|2|0|1531853,3279,9470,"FRU X, Y FINE POT.MET",1531853,1531853,11014,1531853,,"Y and X-drive fine potentiometer （ DSHAPE ), Lateral and longitudinal",REF_EXACT,1,MATCHED,false,
3280|2|0|1553878,3280,9494,"FRU, Z DRIVE MOTOR/BRAKE ASSEMBLY",1553878,1553878,,,,,REF_LIKE,0.5,AMBIGUOUS_MATCH,true,11247|12176
3287|2|0|1534958,3287,,"KIT, SPARE, LEAF MOTOR",1534958,1534958,11034,1534958,,Leaf motor spares kit,REF_EXACT,1,MATCHED,false,
3290|3|0|1565345,3290,,DLG Slide Brake,1565345,1565345,,,,,NONE,0,NO_MATCH,true,
3290|4|0|1534958,3290,,"Kit, Spare, Leaf Motor",1534958,1534958,11034,1534958,,Leaf motor spares kit,REF_EXACT,1,MATCHED,false,
3290|2|0|1565344,3290,,Diaphragm Brake,1565344,1565344,,,,,NONE,0,NO_MATCH,true,
3291|2|0|no,3291,,no,no,NO,,,,,PLACEHOLDER_REJECTED,0,PLACEHOLDER_VALUE,true,
3292|2|0|1534958,3292,,KIT SPARE LEAF MOTOR,1534958,1534958,11034,1534958,,Leaf motor spares kit,REF_EXACT,1,MATCHED,false,
3293|3|0|1567908,3293,9477,KV DCB programmed,1567908,1567908,12322,1567908,,KV DCB Control Board,REF_EXACT,1,MATCHED,false,
3293|2|0|1567203,3293,9477,Prog. PCB ASSY MTU,1567203,1567203,11005,1567203,,"Prog, pcb assy, MTU",REF_EXACT,1,MATCHED,false,
3294|2|0|1564281,3294,,"PCB ASSY, WEDGE CONTROL",1564281,1564281,10764,1021309___1564281,,"PCB ASSY, WEDGE CONTROL",REF_LIKE,0.5,MATCHED,true,
3298|2|0|1549816,3298,9513,Lowara Pump,1549816,1549816,10416,1549816,,"PUMP, LOWARA-FRU",REF_EXACT,1,MATCHED,false,
3306|2|0|1502613,3306,9454,"mot kit, laser ODI Lamp",1502613,1502613,10994,1502613,,Laser ODI Spares Kit,REF_EXACT,1,MATCHED,false,
3307|2|0|1534958,3307,9544,Kit Spares leaf,1534958,1534958,11034,1534958,,Leaf motor spares kit,REF_EXACT,1,MATCHED,false,
3311|2|0|1572991,3311,9555,FRU Z MOTOR BRUSH SET,1572991,1572991,10978,1572991,,FRU Z MTR BRUSH SET (E'CRAFT),REF_EXACT,1,MATCHED,false,
3312|2|0|,3312,9556,N/A,,,,,,,PLACEHOLDER_REJECTED,0,PLACEHOLDER_VALUE,true,
3318|2|0|1564298,3318,9478,Diaphragm /DLG PCB,1564298,1564298,11039,1564298,,Diaphragm/DLG PCB,REF_EXACT,1,MATCHED,false,
3331|2|0|1531853,3331,9476,Fine potenciometer eje longitudinal camilla precise,1531853,1531853,11014,1531853,,"Y and X-drive fine potentiometer （ DSHAPE ), Lateral and longitudinal",REF_EXACT,1,MATCHED,false,
3332|2|0|N/A,3332,,No,N/A,NA,,,,,PLACEHOLDER_REJECTED,0,PLACEHOLDER_VALUE,true,
3333|2|0|,3333,,N/A,,,,,,,PLACEHOLDER_REJECTED,0,PLACEHOLDER_VALUE,true,
3334|2|0|,3334,9574,N/A,,,,,,,PLACEHOLDER_REJECTED,0,PLACEHOLDER_VALUE,true,
3335|2|0|,3335,9578,N/A,,,,,,,PLACEHOLDER_REJECTED,0,PLACEHOLDER_VALUE,true,
3336|2|0|,3336,9573,N/A,,,,,,,PLACEHOLDER_REJECTED,0,PLACEHOLDER_VALUE,true,
3337|2|0|1534958,3337,9584,"KIT, SPARES, LEAF MOTOR",1534958,1534958,11034,1534958,,Leaf motor spares kit,REF_EXACT,1,MATCHED,false,
3341|2|0|0,3341,9590,no.,0,0,,,,,NONE,0,NO_MATCH,true,
3343|2|0|,3343,9591,N/A,,,,,,,PLACEHOLDER_REJECTED,0,PLACEHOLDER_VALUE,true,
3345|2|0|1534958,3345,9601,"KIT, SPARES, LEAF MOTOR",1534958,1534958,11034,1534958,,Leaf motor spares kit,REF_EXACT,1,MATCHED,false,
3347|2|0|no,3347,9542,no,no,NO,,,,,PLACEHOLDER_REJECTED,0,PLACEHOLDER_VALUE,true,
3349|2|0|1529520-1527814,3349,8824,"Slitless Fligth Tube 
PSU Ion Pump",1529520-1527814,15295201527814,,,,,REF_LIKE,0.5,AMBIGUOUS_MATCH,true,11929|12294
3351|3|0|,3351,,Trapos de limpieza de microfibra,,,,,,,PLACEHOLDER_REJECTED,0,PLACEHOLDER_VALUE,true,
3351|5|0|,3351,,Limpia contacto,,,,,,,PLACEHOLDER_REJECTED,0,PLACEHOLDER_VALUE,true,
3351|4|0|,3351,,Guantes de latex,,,,,,,PLACEHOLDER_REJECTED,0,PLACEHOLDER_VALUE,true,
3351|2|0|,3351,,Lubricante Triflow,,,,,,,PLACEHOLDER_REJECTED,0,PLACEHOLDER_VALUE,true,
3354|3|0|1531790,3354,9592,coarse potenciometer eje longitudinal camilla,1531790,1531790,11015,1531790,,"X, Y check or coarse potentiometer (D SHAPE), lateral o longitudinal",REF_EXACT,1,MATCHED,false,
3354|4|0|1531790,3354,9592,check potenciometer eje longitudinal camilla,1531790,1531790,11015,1531790,,"X, Y check or coarse potentiometer (D SHAPE), lateral o longitudinal",REF_EXACT,1,MATCHED,false,
3354|2|0|1531853,3354,9592,fine potenciometer eje longitudinal camilla precise,1531853,1531853,11014,1531853,,"Y and X-drive fine potentiometer （ DSHAPE ), Lateral and longitudinal",REF_EXACT,1,MATCHED,false,
3355|2|0|2179204 // 020870,3355,,MANILLA ROBOT / SENSOR IR CARRUSEL,2179204 // 020870,2179204020870,,,,,REF_LIKE,0.5,AMBIGUOUS_MATCH,true,12316|11214
3357|3|0|1549950,3357,9623,HHC KIT SYNERGY / INFINITY,1549950,1549950,12134,1549950,,"HHC kit,Synergy/Infinity",REF_EXACT,1,MATCHED,false,
3357|2|0|117482,3357,9623,"PROG ASSY, KV DCB",117482,117482,,,,,NONE,0,NO_MATCH,true,
3358|2|0|45133326854,3358,,MOUNT MIRROR,45133326854,45133326854,,,,,REF_LIKE,0.5,AMBIGUOUS_MATCH,true,10136|11863
3359|3|0|1565836,3359,,kit spares DLG brakert,1565836,1565836,10983,1565836,,"KIT, SPARES, DLG BRAKE",REF_EXACT,1,MATCHED,false,
3359|2|0|1565835,3359,,kit spares diaphragm brake,1565835,1565835,11031,1565835,,"KIT, SPARES, DIAPHRAGM BRAKE",REF_EXACT,1,MATCHED,false,
3361|2|0|1534958,3361,9628,KIT SPARE LEAF MOTOR,1534958,1534958,11034,1534958,,Leaf motor spares kit,REF_EXACT,1,MATCHED,false,
3362|2|0|1564298,3362,,DLG / Diafragma PCB,1564298,1564298,11039,1564298,,Diaphragm/DLG PCB,REF_EXACT,1,MATCHED,false,
3370|2|0|1549950,3370,9655,HHC KIT SYNERGY/INFINITY,1549950,1549950,12134,1549950,,"HHC kit,Synergy/Infinity",REF_EXACT,1,MATCHED,false,
3371|3|0|1565835,3371,222,kit spares diaphragm brake,1565835,1565835,11031,1565835,,"KIT, SPARES, DIAPHRAGM BRAKE",REF_EXACT,1,MATCHED,false,
3371|2|0|1534958,3371,222,"kit, spares, leaf motor",1534958,1534958,11034,1534958,,Leaf motor spares kit,REF_EXACT,1,MATCHED,false,
3372|2|0|,3372,,N/A,,,,,,,PLACEHOLDER_REJECTED,0,PLACEHOLDER_VALUE,true,
3373|2|0|1018265,3373,,FRU Z MOTOR BRUSH SET,1018265,1018265,11961,1018265_proveedor_local,,"Proveedor Local, FRU MOTOR BRUSH SET (ELECTROCRAFT)",REF_LIKE,0.5,MATCHED,true,
3375|2|0|MG5193,3375,9577,Magnetròn,MG5193,MG5193,,,,,NONE,0,NO_MATCH,true,
3377|3|0|1534958,3377,,"kit, spares, leaf motor",1534958,1534958,11034,1534958,,Leaf motor spares kit,REF_EXACT,1,MATCHED,false,
3377|2|0|1517657,3377,,"pcb assy, leaf motor drive",1517657,1517657,10701,1517657,,"PCB ASSY, LEAF MOTOR DRIVE - 1 Only",REF_EXACT,1,MATCHED,false,
3379|2|0|no,3379,,No,no,NO,,,,,PLACEHOLDER_REJECTED,0,PLACEHOLDER_VALUE,true,
3383|2|0|4513341185001U,3383,9654,"CABLE ASSY, PL9 TO SK9A1/2",4513341185001U,4513341185001U,11682,4513341185001U,,"Cable Assy, Pl9 to S",REF_EXACT,1,MATCHED,false,
3390|10|0|1557545,3390,9660,"CAMERA, DX9",1557545,1557545,12192,1557545,,"Camera, DX9",REF_EXACT,1,MATCHED,false,
3390|7|0|1011030,3390,9660,"LENS, COLLIMATOR",1011030,1011030,11035,1011030,,"Lens, Collimator",REF_EXACT,1,MATCHED,false,
3390|6|0|1564361,3390,9660,"PROGRAMED PCB ASSY, ROUTER",1564361,1564361,11038,1564361,,"Programmed PCB Assy, Router",REF_EXACT,1,MATCHED,false,
3390|9|0|1564169,3390,9660,"KIT, LUMINOS PROJ ASSY AND PCB ASSY, LED CONTROL",1564169,1564169,12262,1564169,,"Kit, Luminus proj assy and PCB assy, LED control",REF_EXACT,1,MATCHED,false,
3390|8|0|1565768,3390,9660,"PCB ASSY, CAM CID8726DX9",1565768,1565768,10151,1565768,,"(CCU) PCB ASSY, CAM CID8726DX9 AGI",REF_EXACT,1,MATCHED,false,
3390|3|0|1517657,3390,9660,"PCB, LEAF MOTOR DRIVE",1517657,1517657,10701,1517657,,"PCB ASSY, LEAF MOTOR DRIVE - 1 Only",REF_EXACT,1,MATCHED,false,
3390|5|0|1010848,3390,9660,"MIRROR ASSEMBLY, OPTICS",1010848,1010848,11037,1010848,,"Mirror assembly, optics (Agility)",REF_EXACT,1,MATCHED,false,
3390|4|0|1564298,3390,9660,"PCB ASSY, DLG AND DIAPHRAGM",1564298,1564298,11039,1564298,,Diaphragm/DLG PCB,REF_EXACT,1,MATCHED,false,
3390|2|0|1534958,3390,9660,"KIT, SPARE, LEAF MOTOR",1534958,1534958,11034,1534958,,Leaf motor spares kit,REF_EXACT,1,MATCHED,false,
3391|2|0|,3391,9674,N/A,,,,,,,PLACEHOLDER_REJECTED,0,PLACEHOLDER_VALUE,true,
3392|2|0|LMD. 45133909025. ME 1008587,3392,,"Leaf motor drive.

Módulo electrónico MLC",LMD. 45133909025. ME 1008587,LMD45133909025ME1008587,,,,,REF_LIKE,0.5,AMBIGUOUS_MATCH,true,11122|10944
3394|2|0|1517098,3394,9680,ION PUMP - SPARE,1517098,1517098,,,,,NONE,0,NO_MATCH,true,
3395|2|0|no aplica,3395,99999,no aplica,no aplica,NOAPLICA,,,,,PLACEHOLDER_REJECTED,0,PLACEHOLDER_VALUE,true,
3396|2|0|1565835,3396,,kit spares diaphragm brake,1565835,1565835,11031,1565835,,"KIT, SPARES, DIAPHRAGM BRAKE",REF_EXACT,1,MATCHED,false,
3398|2|0|,3398,,no hay,,,,,,,PLACEHOLDER_REJECTED,0,PLACEHOLDER_VALUE,true,
3400|3|0|1501074,3400,,DOS B,1501074,1501074,11487,1501074,,DOSE B version 2,REF_EXACT,1,MATCHED,false,
3400|2|0|1567798,3400,,DOS A,1567798,1567798,,,,,NONE,0,NO_MATCH,true,
3403|2|0|1534958,3403,9628,"kit, spare leaf motor",1534958,1534958,11034,1534958,,Leaf motor spares kit,REF_EXACT,1,MATCHED,false,
3407|2|0|2467858,3407,,Zebra printer ZD620,2467858,2467858,11913,2467858,,Zebra Printer ZD620,REF_EXACT,1,MATCHED,false,
3416|2|0|,3416,9722,N/A,,,,,,,PLACEHOLDER_REJECTED,0,PLACEHOLDER_VALUE,true,
3419|2|0|1531848,3419,9592,FRU X DRIVE ASSEMBLY (EJE LONGITUDINAL),1531848,1531848,12092,1531848,,X-drive subassembly （D- SHAPE）,REF_EXACT,1,MATCHED,false,
3420|3|0|45133302612,3420,,GEARBOX AND BRAKE FRU (REAR),45133302612,45133302612,10995,45133302612,,"Gearbox and brake assembly, reargox",REF_EXACT,1,MATCHED,false,
3420|2|0|1541718,3420,,"FRU, PANCAKE MOTOR ASSEMBLY",1541718,1541718,11595,1541718,,"FRU, Pancake Motor Assembly",REF_EXACT,1,MATCHED,false,
3423|2|0|1517657,3423,9723,"pcb assy, Leaf Motor Drive",1517657,1517657,10701,1517657,,"PCB ASSY, LEAF MOTOR DRIVE - 1 Only",REF_EXACT,1,MATCHED,false,
3425|2|0|1007288,3425,9706,PCB DCB,1007288,1007288,10721,1007288,,KV DCB Control Board,REF_EXACT,1,MATCHED,false,
3427|2|0|1517657,3427,938,"PCB ASSY, LEAF MOTOR DRIVE",1517657,1517657,10701,1517657,,"PCB ASSY, LEAF MOTOR DRIVE - 1 Only",REF_EXACT,1,MATCHED,false,
3435|2|0|,3435,,N/A,,,,,,,PLACEHOLDER_REJECTED,0,PLACEHOLDER_VALUE,true,
3436|2|0|1572991,3436,9758,FRU Z MOTOR BRUSH SET,1572991,1572991,10978,1572991,,FRU Z MTR BRUSH SET (E'CRAFT),REF_EXACT,1,MATCHED,false,
3447|2|0|No hay,3447,9781,No hay,No hay,NOHAY,,,,,PLACEHOLDER_REJECTED,0,PLACEHOLDER_VALUE,true,
3449|2|0|1541718,3449,9778,pancake motor assembly,1541718,1541718,11595,1541718,,"FRU, Pancake Motor Assembly",REF_EXACT,1,MATCHED,false,
3450|2|0|T00010988-01-NR-2,3450,,Soporte de jeringa 50ml,T00010988-01-NR-2,T0001098801NR2,11900,T00010988-01-NR2,,BASE JERINGA 50 ML,REF_NORMALIZED_EXACT,0.85,MATCHED,false,
3451|2|0|1541718,3451,9778,"FRU, PANCAKE MOTOR ASSEMBLY",1541718,1541718,11595,1541718,,"FRU, Pancake Motor Assembly",REF_EXACT,1,MATCHED,false,
3452|2|0|LT05035,3452,9790,"Ampolleta Range Finder 13,5 v/50 w",LT05035,LT05035,,,,,NONE,0,NO_MATCH,true,
3453|2|0|CX1551G,3453,9781,Thyratron,CX1551G,CX1551G,,,,,NONE,0,NO_MATCH,true,
3456|2|0|1509023,3456,9694,"cable assembly, area 60 ",1509023,1509023,12216,1509023,,"Cable assembly, PL60kV1/8/9 to SK16kV8/9 and PL16kV1 HHC/Data trigger - Reeling",REF_EXACT,1,MATCHED,false,
3462|2|0|1534958,3462,9806,KIT SPARES LEAF MOTOR DRIVE,1534958,1534958,11034,1534958,,Leaf motor spares kit,REF_EXACT,1,MATCHED,false,
3463|2|0|BJ4853.101.00,3463,9810,HT Cable,BJ4853.101.00,BJ485310100,,,,,NONE,0,NO_MATCH,true,
3470|2|0|,3470,,Microswitch panel iviewGT,,,,,,,PLACEHOLDER_REJECTED,0,PLACEHOLDER_VALUE,true,
3471|2|0|45133304800,3471,,SL ELECTRON GUN ASSY,45133304800,45133304800,10375,45133304800,,SL ELECTRON GUN ASSY,REF_EXACT,1,MATCHED,false,
3473|3|0|1548845,3473,9816,"Assembly, X-RAY tube Varex",1548845,1548845,10615,1548845,,"ASSEMBLY, X-RAY TUBE VAREX",REF_EXACT,1,MATCHED,false,
3473|5|0|1531284,3473,9816,"Cable kit (+ve, anode)",1531284,1531284,12327,1531284,,"Cable kit (+ve, anode), 15 m",REF_EXACT,1,MATCHED,false,
3473|4|0|1531283,3473,9816,"Cable Kit (-ve, cathode)",1531283,1531283,12326,1531283,,"Cable kit (-ve, cathode), 15 m",REF_EXACT,1,MATCHED,false,
3473|2|0|1505856,3473,9816,MRT 23871 KV GENERATOR 400V,1505856,1505856,12120,1505856,,"MRT 23871 KV GENERATOR,400V",REF_EXACT,1,MATCHED,false,
3479|2|0|1515997,3479,9821,Thyratron GL1551A,1515997,1515997,12245,1515997,,"THYRATRON,GL1551A",REF_EXACT,1,MATCHED,false,
3495|2|0|1500954,3495,9833,Voltage Regulator PCB Assy,1500954,1500954,,,,,NONE,0,NO_MATCH,true,
3497|2|0|4513341185001U,3497,9731,"CABLE ASSY, PL9 TO SK9A1/2",4513341185001U,4513341185001U,11682,4513341185001U,,"Cable Assy, Pl9 to S",REF_EXACT,1,MATCHED,false,
3499|2|0|1534958,3499,9852,"KIT, SPARES, LEAF MOTOR",1534958,1534958,11034,1534958,,Leaf motor spares kit,REF_EXACT,1,MATCHED,false,
3500|2|0|xxxxx,3500,9851,kit de ruby,xxxxx,XXXXX,,,,,NONE,0,NO_MATCH,true,
3506|2|0|No,3506,9429,No,No,NO,,,,,PLACEHOLDER_REJECTED,0,PLACEHOLDER_VALUE,true,
3515|2|0|1018559,3515,,"ASSY, BRACKET & FAN",1018559,1018559,10724,1018559,,"ASSY, BRACKET & FAN",REF_EXACT,1,MATCHED,false,
3516|3|0|1538261,3516,9862,"FRU KIT, FLIGHT TUBE DRIVE ASSY",1538261,1538261,11854,1538261,,"FRU KIT, FLIGHT TUBE DRIVE",REF_EXACT,1,MATCHED,false,
3516|2|0|1515098,3516,9862,ION PUMP - SPARE,1515098,1515098,10374,1515098,,ION PUMP - SPARE,REF_EXACT,1,MATCHED,false,
3523|2|0|1564298,3523,9878,"PCB ASSY, DLG AND DIAPHRAGM DRIVE",1564298,1564298,11039,1564298,,Diaphragm/DLG PCB,REF_EXACT,1,MATCHED,false,
3524|2|0|,3524,9883,Cable de alimentación 220V PC Tipo C13,,,,,,,PLACEHOLDER_REJECTED,0,PLACEHOLDER_VALUE,true,
3535|2|0|1571202,3535,9901,MRT 14791 GENERAL FKP,1571202,1571202,12282,1539679___1571202,,"MRT 14791, GENERAL FKP ASSY",REF_LIKE,0.5,MATCHED,true,
3540|2|0|1541718,3540,9911,"FRU, PANCAKE MOTOR ASSEMBLY",1541718,1541718,11595,1541718,,"FRU, Pancake Motor Assembly",REF_EXACT,1,MATCHED,false,
3551|3|0|1568178,3551,,SIB pcb,1568178,1568178,10821,1568178,,SIB PCB,REF_EXACT,1,MATCHED,false,
3551|2|0|1502613,3551,,láser ODI kit,1502613,1502613,10994,1502613,,Laser ODI Spares Kit,REF_EXACT,1,MATCHED,false,
3552|2|0|1564169,3552,9923,"KIT LUMINUS PROJ ASSY AND PCB ASSY, CONTROL LED",1564169,1564169,12262,1564169,,"Kit, Luminus proj assy and PCB assy, LED control",REF_EXACT,1,MATCHED,false,
3553|2|0|1024939,3553,,"40x40x10 mm FAN, heatsink ",1024939,1024939,10776,1024939,,"ASSY, 40X40X10MM FAN, HEATSINK",REF_EXACT,1,MATCHED,false,
3555|2|0|1534958,3555,9924,"spares, Leaf Motor, kit ",1534958,1534958,11034,1534958,,Leaf motor spares kit,REF_EXACT,1,MATCHED,false,
3563|2|0|1550513,3563,9941,"EXT. IMAG. MOD. (XIM), ASSY",1550513,1550513,11029,1550513,,Extended imaging module (XIM),REF_EXACT,1,MATCHED,false,
3565|2|0|1530025,3565,,Switch Linksys LGS318,1530025,1530025,,,,,NONE,0,NO_MATCH,true,
3566|2|0|1022386,3566,9941,"CABLE ASSY, SK60-CAN/PL60IBA1",1022386,1022386,12215,1022386,,"SK60-CAN/PL601BA1 to SK13BB6/SK13A10, CAN/ Control - reeling",REF_EXACT,1,MATCHED,false,
3567|2|0|no,3567,9948,no,no,NO,,,,,PLACEHOLDER_REJECTED,0,PLACEHOLDER_VALUE,true,
3570|3|0|1007288,3570,9947,"PROG ASSY, KV DCB",1007288,1007288,10721,1007288,,KV DCB Control Board,REF_EXACT,1,MATCHED,false,
3570|5|0|1505891,3570,9947,"SPEC, SHFR400, KV GEN, (C)",1505891,1505891,12203,1505891,,"Interface Board, SPEC, SHFR400, KV Gen",REF_EXACT,1,MATCHED,false,
3570|4|0|1567203,3570,9947,"PROGRAMMED ASSY, MTU",1567203,1567203,11005,1567203,,"Prog, pcb assy, MTU",REF_EXACT,1,MATCHED,false,
3570|2|0|1513681,3570,9947,"MV, DCB PROGRAMMED",1513681,1513681,11309,1513681,,"MV, DCB, PROGRAMED",REF_EXACT,1,MATCHED,false,
3570|7|0|,3570,9947,Microfono Treatment room,,,,,,,PLACEHOLDER_REJECTED,0,PLACEHOLDER_VALUE,true,
3570|6|0|1009687,3570,9947,"FRU, SQUIRREL FRAME GRABBER",1009687,1009687,11971,1009687,,Fru Squirrel frame grabber,REF_EXACT,1,MATCHED,false,
3575|3|0|1517657,3575,9916,"PCB ASSY, LEAF MOTOR DRIVE ",1517657,1517657,10701,1517657,,"PCB ASSY, LEAF MOTOR DRIVE - 1 Only",REF_EXACT,1,MATCHED,false,
3575|5|0|03-999-1290,3575,9916,HEXAPOD HANDHELD,03-999-1290,039991290,12067,03-999-1290,,Handheld Controller,REF_EXACT,1,MATCHED,false,
3575|4|0|1564169,3575,9916,"KIT, LUMINOUS PRO ASSY AND PCB ASSY, LED CONTROL",1564169,1564169,12262,1564169,,"Kit, Luminus proj assy and PCB assy, LED control",REF_EXACT,1,MATCHED,false,
3575|2|0|1568178,3575,9916,"PROG,PCB ASSY,SIB",1568178,1568178,10821,1568178,,SIB PCB,REF_EXACT,1,MATCHED,false,
3575|6|0|41133411787,3575,9916,CLUTCH ASSEMBLY,41133411787,41133411787,,,,,NONE,0,NO_MATCH,true,
3579|2|0|1024939,3579,9919,Assy 40x40x10 mm FAN,1024939,1024939,10776,1024939,,"ASSY, 40X40X10MM FAN, HEATSINK",REF_EXACT,1,MATCHED,false,
3580|2|0|N/A,3580,,"Grasa EP-2, paños de limpieza, amarras plásticas,wd-40 para Mantenimiento.",N/A,NA,,,,,PLACEHOLDER_REJECTED,0,PLACEHOLDER_VALUE,true,
3581|2|0|N/A,3581,,No.,N/A,NA,,,,,PLACEHOLDER_REJECTED,0,PLACEHOLDER_VALUE,true,
3583|2|0|N/A,3583,,N/A,N/A,NA,,,,,PLACEHOLDER_REJECTED,0,PLACEHOLDER_VALUE,true,
3586|3|0|,3586,,WAY BRUSH BLOCK SIGNAL,,,,,,,PLACEHOLDER_REJECTED,0,PLACEHOLDER_VALUE,true,
3586|2|0|,3586,,BRUSH TIP REPLACEMENT KIT,,,,,,,PLACEHOLDER_REJECTED,0,PLACEHOLDER_VALUE,true,
3587|2|0|45133411850,3587,9971,cable assy PL9 to SK9A1/2,45133411850,45133411850,,,,,REF_LIKE,0.5,AMBIGUOUS_MATCH,true,12189|11682|12204
3591|2|0|0,3591,9970,N/A,0,0,,,,,NONE,0,NO_MATCH,true,
3598|2|0|,3598,9951,b,,,,,,,PLACEHOLDER_REJECTED,0,PLACEHOLDER_VALUE,true,
3600|2|0|1547676,3600,9970,"screen assy, head",1547676,1547676,,,,,NONE,0,NO_MATCH,true,
3617|2|0|1541718,3617,9997,"Fru, pancake motor assembly ",1541718,1541718,11595,1541718,,"FRU, Pancake Motor Assembly",REF_EXACT,1,MATCHED,false,
3620|2|0|TK204UK,3620,9945,KVM DVI,TK204UK,TK204UK,,,,,NONE,0,NO_MATCH,true,
3621|2|0|1509024,3621,9947,"cable assy, area 60 to PLGIPI1 ",1509024,1509024,12212,1509024,,"Cable Assy, Area 60 to PLGIPI 1",REF_EXACT,1,MATCHED,false,
3630|2|0|2297542,3630,,BALL RUNNER BLOCK WJ200QM-01-06,2297542,2297542,12335,2297542,,BALL RUNNER BLOCK WJ200QM-01-06 (Puerta deslizante),REF_EXACT,1,MATCHED,false,
3633|2|0|,3633,10002,N/A,,,,,,,PLACEHOLDER_REJECTED,0,PLACEHOLDER_VALUE,true,
3636|2|0|45133302334,3636,10029,"DRIVE ASSEMBLY, MAGNETRO",45133302334,45133302334,11117,45133302334,,"DRIVE ASSEMBLY, MAGNETRON",REF_EXACT,1,MATCHED,false,
3642|2|0|Barcode Gun.,3642,,2483004,Barcode Gun.,BARCODEGUN,,,,,NONE,0,NO_MATCH,true,
3643|2|0|1018559,3643,,LMD FAN AND BRACKET,1018559,1018559,10724,1018559,,"ASSY, BRACKET & FAN",REF_EXACT,1,MATCHED,false,
3647|2|0|1022378,3647,10029,"DIODE ASSEMBLY, FRU",1022378,1022378,11627,1022378,,"DIODE ASSY, FRU",REF_EXACT,1,MATCHED,false,
3650|2|0|1016476,3650,,leaf motor separes kit,1016476,1016476,10913,1016476,,Leaf motor spares kit,REF_EXACT,1,MATCHED,false,
3652|3|0|1540352,3652,9918,CABLE KIT (+VE ANODE),1540352,1540352,,,,,NONE,0,NO_MATCH,true,
3652|2|0|1540356,3652,9918,CABLE KIT (-VE CATHODE),1540356,1540356,,,,,NONE,0,NO_MATCH,true,
3653|2|0|1024545,3653,9526,USER INTERFACE SIDE B FRU,1024545,1024545,11812,1024545,,USER INTERFACE SIDE B FRU,REF_EXACT,1,MATCHED,false,
3656|2|0|no,3656,,no,no,NO,,,,,PLACEHOLDER_REJECTED,0,PLACEHOLDER_VALUE,true,
3657|2|0|N/A,3657,,N/A,N/A,NA,,,,,PLACEHOLDER_REJECTED,0,PLACEHOLDER_VALUE,true,
3658|2|0|N/A,3658,,N/A,N/A,NA,,,,,PLACEHOLDER_REJECTED,0,PLACEHOLDER_VALUE,true,
3661|2|0|1502964,3661,10020,"Spare kit, Led Field Lamp",1502964,1502964,10892,1502964,,"SPARES KIT,LED FIELD LAMP",REF_EXACT,1,MATCHED,false,
3664|2|0|,3664,,N/A,,,,,,,PLACEHOLDER_REJECTED,0,PLACEHOLDER_VALUE,true,
3665|3|0|1515098,3665,10043,ION PUMP,1515098,1515098,10374,1515098,,ION PUMP - SPARE,REF_EXACT,1,MATCHED,false,
3665|4|0|1527814,3665,10043,"PSU, ION PUMP",1527814,1527814,11929,1527814,,"PSU, ION PUMP",REF_EXACT,1,MATCHED,false,
3665|2|0|1014204,3665,10043,ION CHAMBER ASSEMBLY,1014204,1014204,10952,1014204,,Ceramic ion chamber (MR),REF_EXACT,1,MATCHED,false,
3680|2|0|1564298,3680,9951,"PCB ASSY, DLG, DIAPHRAGM DRIVE",1564298,1564298,11039,1564298,,Diaphragm/DLG PCB,REF_EXACT,1,MATCHED,false,
3684|2|0|1564169,3684,10045,"kit, luminus proj assy and pcb assy, led control ",1564169,1564169,12262,1564169,,"Kit, Luminus proj assy and PCB assy, LED control",REF_EXACT,1,MATCHED,false,
3686|3|0|1517657,3686,10081,pcb assy leaf motor driver,1517657,1517657,10701,1517657,,"PCB ASSY, LEAF MOTOR DRIVE - 1 Only",REF_EXACT,1,MATCHED,false,
3686|2|0|517657,3686,10081,"kit, spares, leaf motor ",517657,517657,,,,,REF_LIKE,0.5,AMBIGUOUS_MATCH,true,10701|11868
3690|2|0|1018559,3690,10065,LMD fan and bracket,1018559,1018559,10724,1018559,,"ASSY, BRACKET & FAN",REF_EXACT,1,MATCHED,false,
3691|2|0|,3691,,Bomba de condensado,,,,,,,PLACEHOLDER_REJECTED,0,PLACEHOLDER_VALUE,true,
3693|2|0|1010848-1564169,3693,10088,"Mirror Assembly optics
kit, luminus Proj. Assy and PCB LED Control",1010848-1564169,10108481564169,,,,,REF_LIKE,0.5,AMBIGUOUS_MATCH,true,11037|12262
3695|2|0|1569146,3695,10046,PCB ARM CONTROLBOARD,1569146,1569146,10386,1569146,,"FRU, KV ACB programmed",REF_EXACT,1,MATCHED,false,
3704|2|0|N/A,3704,,filtro y bamba de condensado.,N/A,NA,,,,,PLACEHOLDER_REJECTED,0,PLACEHOLDER_VALUE,true,
3705|3|0|1564169,3705,,KIT LUMINOUS PROJ ASSY,1564169,1564169,12262,1564169,,"Kit, Luminus proj assy and PCB assy, LED control",REF_EXACT,1,MATCHED,false,
3705|4|0|1564298,3705,,"PCB ASSY, DLG AND DIAPHRAGM DRIVE",1564298,1564298,11039,1564298,,Diaphragm/DLG PCB,REF_EXACT,1,MATCHED,false,
3705|2|0|1564361,3705,,"PROGRAMMED PCB ASSY, ROUTE",1564361,1564361,11038,1564361,,"Programmed PCB Assy, Router",REF_EXACT,1,MATCHED,false,
3707|2|0|,3707,,N/A,,,,,,,PLACEHOLDER_REJECTED,0,PLACEHOLDER_VALUE,true,
3709|2|0|1567819,3709,10115,"PROG, PCB ASSY, DOSE B",1567819,1567819,12346,1567819,,"Programmed, PCB assy, (DOS-B)",REF_EXACT,1,MATCHED,false,
3716|2|0|1516727,3716,10137,"KIT, BEAM MU DOSE MODULE",1516727,1516727,18,1516727,,Kit Beam MU Dose Monitoring BMDM,REF_EXACT,1,MATCHED,false,
3720|2|0|45133318990,3720,10065,FRU - BRAKE ASSY - x,45133318990,45133318990,11161,45133318990,,FRU X-Brake,REF_EXACT,1,MATCHED,false,
3721|3|0|1531145,3721,10148,"ASSY, FAN 70X70X15MM",1531145,1531145,11145,1531145,,"Assy, Fan 70x70x15mm",REF_EXACT,1,MATCHED,false,
3722|2|0|0000,3722,,Cable de red CAT6,0000,0000,,,,,REF_LIKE,0.5,AMBIGUOUS_MATCH,true,11966|12238|11137|11624|12228|11173|11115|10921|10922|11238|12239|11560|11594|11513|10890|11672|11673|11196|11197|11199|11200|11202|11201|11654|12012
3723|3|0|1564361,3723,10148,"PROGRAMMED PCB ASSY, ROUTER",1564361,1564361,11038,1564361,,"Programmed PCB Assy, Router",REF_EXACT,1,MATCHED,false,
3723|2|0|1017632,3723,10148,PCB ASSY CAMERA CCU,1017632,1017632,11872,1017632_usado,,PCB ASSY CAMERA CCU,REF_LIKE,0.5,MATCHED,true,
3726|2|0|1516727,3726,10137,"KIT, BEAM MU DOSE MODULE",1516727,1516727,18,1516727,,Kit Beam MU Dose Monitoring BMDM,REF_EXACT,1,MATCHED,false,
3727|2|0|1541746,3727,10151,Handheld  conteoller,1541746,1541746,,,,,NONE,0,NO_MATCH,true,
3729|3|0|1565836,3729,,"KIT, SPARE DLG BRAKE",1565836,1565836,10983,1565836,,"KIT, SPARES, DLG BRAKE",REF_EXACT,1,MATCHED,false,
3729|2|0|1565835,3729,,"KIT, SPARE DIAPHRAGM BRAKE",1565835,1565835,11031,1565835,,"KIT, SPARES, DIAPHRAGM BRAKE",REF_EXACT,1,MATCHED,false,
3731|2|0|45133904594,3731,,"PCB ASSEMBLY, PRESURE SENSOR & DPT",45133904594,45133904594,11892,45133904594,,PS & DPT PCB - Area 12,REF_EXACT,1,MATCHED,false,
3732|2|0|1534958,3732,10150,Kit spare Leaf Motor,1534958,1534958,11034,1534958,,Leaf motor spares kit,REF_EXACT,1,MATCHED,false,
3733|2|0|1541718,3733,10093,Pancake Motor,1541718,1541718,11595,1541718,,"FRU, Pancake Motor Assembly",REF_EXACT,1,MATCHED,false,
3740|2|0|1564298,3740,,"PCB ASSY, DLG AND DIAPHRAGM DRIVE",1564298,1564298,11039,1564298,,Diaphragm/DLG PCB,REF_EXACT,1,MATCHED,false,
3748|2|0|45133412329,3748,10173,PIN LOCKING SOLENOID,45133412329,45133412329,11274,45133412329,,"SOLENOID, LOCKING ASSY",REF_EXACT,1,MATCHED,false,
3749|2|0|1534958,3749,10190,leaft motor kit,1534958,1534958,11034,1534958,,Leaf motor spares kit,REF_EXACT,1,MATCHED,false,
3758|2|0|1502613,3758,10062,Distance Meter,1502613,1502613,10994,1502613,,Laser ODI Spares Kit,REF_EXACT,1,MATCHED,false,
3759|2|0|1522567,3759,10146,RF Output Window,1522567,1522567,12044,1522567,,RF output window,REF_EXACT,1,MATCHED,false,
3760|3|0|1502613,3760,10188,"MOD KIT, LASER ODI LAMP",1502613,1502613,10994,1502613,,Laser ODI Spares Kit,REF_EXACT,1,MATCHED,false,
3762|2|0|,3762,,placa madre y fuente de poder.,,,,,,,PLACEHOLDER_REJECTED,0,PLACEHOLDER_VALUE,true,
3765|2|0|1505978,3765,10165,MRT 22011 AP25 MV PANEL,1505978,1505978,12338,1505978,,Detector imaging panel AP,REF_EXACT,1,MATCHED,false,
3773|2|0|,3773,10220,N/A,,,,,,,PLACEHOLDER_REJECTED,0,PLACEHOLDER_VALUE,true,
3778|3|0|1532592,3778,,BMDM fru kit,1532592,1532592,12268,1532592,,BMDM spares kit,REF_EXACT,1,MATCHED,false,
3778|2|0|1534958,3778,,"kit, spares leaf motor ",1534958,1534958,11034,1534958,,Leaf motor spares kit,REF_EXACT,1,MATCHED,false,
3780|3|0|1015075,3780,10231,"Cable, retractile MLC (SK25AA-SK26A)",1015075,1015075,10958,1015075,,"Cable, retractile, MLC (SK25AA–SK26A)",REF_EXACT,1,MATCHED,false,
3780|4|0|1015076,3780,10231,"cable retractile, (SK25BB-SK26B)",1015076,1015076,10957,1015076,,"Cable, retractile, MLC (SK25BB–SK26B)",REF_EXACT,1,MATCHED,false,
3780|2|0|1565768,3780,10231,camera CCU PCB,1565768,1565768,10151,1565768,,"(CCU) PCB ASSY, CAM CID8726DX9 AGI",REF_EXACT,1,MATCHED,false,
3784|3|0|45133411853,3784,10173,cable PL12 to SK12A,45133411853,45133411853,12345,45133411853,,"CABLE ASSY, PL12 TO SK12A (SOLENOID/SHOT BOLT)",REF_EXACT,1,MATCHED,false,
3784|2|0|1569146,3784,10173,"Fru, KV ACB programmed ",1569146,1569146,10386,1569146,,"FRU, KV ACB programmed",REF_EXACT,1,MATCHED,false,
3787|2|0|1538261,3787,10199,"FRU KIT, FLIGHT TUBE DRIVE ASSY",1538261,1538261,11854,1538261,,"FRU KIT, FLIGHT TUBE DRIVE",REF_EXACT,1,MATCHED,false,
3788|2|0|,3788,,N/A,,,,,,,PLACEHOLDER_REJECTED,0,PLACEHOLDER_VALUE,true,
3790|2|0|1010848,3790,10252,"MIRROR ASSEMBLY, OPTICS",1010848,1010848,11037,1010848,,"Mirror assembly, optics (Agility)",REF_EXACT,1,MATCHED,false,
3792|2|0|,3792,9918,Generador SHFR 400,,,,,,,PLACEHOLDER_REJECTED,0,PLACEHOLDER_VALUE,true,
3793|2|0|019149,3793,,Filtro Canistar,019149,019149,11225,019149,,Annual Maintenance Kit,REF_EXACT,1,MATCHED,false,
3800|2|0|1597814,3800,10266,PSU ion pump,1597814,1597814,,,,,NONE,0,NO_MATCH,true,
3801|2|0|,3801,10227,Generador SHFR 400,,,,,,,PLACEHOLDER_REJECTED,0,PLACEHOLDER_VALUE,true,
3802|2|0|1500954,3802,10250,"VOLTAGE REGULATOR, PCB ASSY",1500954,1500954,,,,,NONE,0,NO_MATCH,true,
3803|2|0|1534958,3803,,"KIT, SPARES, LEAF MO (CO)",1534958,1534958,11034,1534958,,Leaf motor spares kit,REF_EXACT,1,MATCHED,false,
3816|2|0|1531145,3816,,"assy, fan 70x70x15 mm",1531145,1531145,11145,1531145,,"Assy, Fan 70x70x15mm",REF_EXACT,1,MATCHED,false,
3817|3|0|1515098,3817,10266,ION PUMP SPARE KIT INCLUDES COPPER SEAL,1515098,1515098,10374,1515098,,ION PUMP - SPARE,REF_EXACT,1,MATCHED,false,
3817|2|0|45133308244,3817,10266,"Cable, Varían IPCU to Varían ion pump",45133308244,45133308244,12053,45133308244,,"Cable, Varian IPCU to Varian ion pump",REF_EXACT,1,MATCHED,false,
3822|2|0|,3822,10292,N/A,,,,,,,PLACEHOLDER_REJECTED,0,PLACEHOLDER_VALUE,true,
3824|2|0|1538261,3824,10037,FRU KIT FLIGHT TUBE DRIVE,1538261,1538261,11854,1538261,,"FRU KIT, FLIGHT TUBE DRIVE",REF_EXACT,1,MATCHED,false,
3825|2|0|SHFR400,3825,,Generador,SHFR400,SHFR400,,,,,NONE,0,NO_MATCH,true,
3828|2|0|4714201102,3828,10247,Magnetròn  MG5193 Serie 25458133G,4714201102,4714201102,11286,4714201102,,MAGNETRON MG5193,REF_EXACT,1,MATCHED,false,
3830|3|0|1564361,3830,,"programmed pcb assy, router",1564361,1564361,11038,1564361,,"Programmed PCB Assy, Router",REF_EXACT,1,MATCHED,false,
3830|5|0|1564298,3830,,"pcb assy, DLG and Diaphram ",1564298,1564298,11039,1564298,,Diaphragm/DLG PCB,REF_EXACT,1,MATCHED,false,
3830|4|0|1564279,3830,,"pcb assy, led control ",1564279,1564279,,,,,NONE,0,NO_MATCH,true,
3830|2|0|1554784,3830,,camera cable,1554784,1554784,11159,1554784,,Camera cable,REF_EXACT,1,MATCHED,false,
3830|6|0|1565768,3830,," amara, CCU PCB",1565768,1565768,10151,1565768,,"(CCU) PCB ASSY, CAM CID8726DX9 AGI",REF_EXACT,1,MATCHED,false,