bridge_id,missing_zendesk_ticket_id,fieldbeat_task_id,task_type,state,client_key,created_at,link_method
150655|1250,150655,1250,CORRECTIVA PROGRAMADA,FINISHED,FIELD_BEAT_CLIENT|70377400-8|FUNDACION ARTURO LOPEZ PEREZ,2021-11-12T21:59:41.182Z,fieldbeat_report_ticket_number
949395|1251,949395,1251,PREVENTIVA PROGRAMADA,FINISHED,FIELD_BEAT_CLIENT|70377400-8|FUNDACION ARTURO LOPEZ PEREZ,2021-11-13T13:05:24.724Z,fieldbeat_report_ticket_number
719418|1252,719418,1252,CORRECTIVA PROGRAMADA,FINISHED,FIELD_BEAT_CLIENT|81.698.900-0|UC CHRISTUS - CECA,2021-11-13T14:56:01.677Z,fieldbeat_report_ticket_number
465221|1255,465221,1255,CORRECTIVA PROGRAMADA,FINISHED,FIELD_BEAT_CLIENT|96.757.430-9|INRAD,2021-11-15T16:23:35.217Z,fieldbeat_report_ticket_number
914336|1256,914336,1256,CORRECTIVA NO PROGRAMADA,FINISHED,FIELD_BEAT_CLIENT|81.698.900-0|UC CHRISTUS - CECA,2021-11-16T11:05:57.912Z,fieldbeat_report_ticket_number
843013|1257,843013,1257,CORRECTIVA NO PROGRAMADA,FINISHED,FIELD_BEAT_CLIENT|79.560.900-8|RADIO NUCLEAR,2021-11-16T21:21:53.242Z,fieldbeat_report_ticket_number
190572|1258,190572,1258,CORRECTIVA PROGRAMADA,FINISHED,FIELD_BEAT_CLIENT|61.605.000-1|INSTITUTO DE SALUD PUBLICA (ISP),2021-11-17T14:18:34.299Z,fieldbeat_report_ticket_number
99999|1259,99999,1259,CORRECTIVA PROGRAMADA,FINISHED,FIELD_BEAT_CLIENT|79.560.900-8|RADIO NUCLEAR,2021-11-17T16:58:35.623Z,fieldbeat_report_ticket_number
99999|1260,99999,1260,CORRECTIVA NO PROGRAMADA,FINISHED,FIELD_BEAT_CLIENT|79.560.900-8|RADIO NUCLEAR,2021-11-17T19:06:08.254Z,fieldbeat_report_ticket_number
549574|1261,549574,1261,CORRECTIVA PROGRAMADA,FINISHED,FIELD_BEAT_CLIENT|61.608.404-6|Instituto Nacional del Cáncer (INC),2021-11-17T19:49:00.386Z,fieldbeat_report_ticket_number
240899|1268,240899,1268,CORRECTIVA PROGRAMADA,FINISHED,FIELD_BEAT_CLIENT|81.698.900-0|UC CHRISTUS - CECA,2021-11-20T17:24:13.302Z,fieldbeat_report_ticket_number
434875|1269,434875,1269,CORRECTIVA PROGRAMADA,FINISHED,FIELD_BEAT_CLIENT|70377400-8|FUNDACION ARTURO LOPEZ PEREZ,2021-11-22T11:20:58.506Z,fieldbeat_report_ticket_number
992701|1270,992701,1270,CORRECTIVA PROGRAMADA,FINISHED,FIELD_BEAT_CLIENT|96.757.430-9|INRAD,2021-11-22T11:48:36.591Z,fieldbeat_report_ticket_number
100033|1271,100033,1271,CORRECTIVA NO PROGRAMADA,FINISHED,FIELD_BEAT_CLIENT|81.698.900-0|UC CHRISTUS - CECA,2021-11-23T17:58:32.856Z,fieldbeat_report_ticket_number
211406|1272,211406,1272,CORRECTIVA NO PROGRAMADA,FINISHED,FIELD_BEAT_CLIENT|79.560.900-8|RADIO NUCLEAR,2021-11-24T19:14:31.394Z,fieldbeat_report_ticket_number
475970|1275,475970,1275,PREVENTIVA PROGRAMADA,FINISHED,FIELD_BEAT_CLIENT|79.560.900-8|RADIO NUCLEAR,2021-11-25T16:52:48.467Z,fieldbeat_report_ticket_number
580583|1276,580583,1276,CORRECTIVA NO PROGRAMADA,FINISHED,FIELD_BEAT_CLIENT|79.560.900-8|RADIO NUCLEAR,2021-11-26T14:36:43.808Z,fieldbeat_report_ticket_number
657405|1277,657405,1277,ASISTENCIA REMOTA,FINISHED,FIELD_BEAT_CLIENT|96.770.100-9|CLINICA ALEMANA DE SANTIAGO,2021-11-26T16:08:10.424Z,fieldbeat_report_ticket_number
595389|1278,595389,1278,CORRECTIVA PROGRAMADA,FINISHED,FIELD_BEAT_CLIENT|81.698.900-0|UC CHRISTUS - CECA,2021-11-27T19:44:11.352Z,fieldbeat_report_ticket_number
626188|1279,626188,1279,CORRECTIVA PROGRAMADA,FINISHED,FIELD_BEAT_CLIENT|81.698.900-0|UC CHRISTUS - CECA,2021-11-30T02:47:08.127Z,fieldbeat_report_ticket_number
564323|1281,564323,1281,CORRECTIVA NO PROGRAMADA,FINISHED,FIELD_BEAT_CLIENT|96.770.100-9|CLINICA ALEMANA DE SANTIAGO,2021-12-01T13:56:53.834Z,fieldbeat_report_ticket_number
808668|1283,808668,1283,CORRECTIVA PROGRAMADA,FINISHED,FIELD_BEAT_CLIENT|61.606.500-9|HOSPITAL CARLOS VAN BUREN (SSVSA),2021-12-02T19:36:25.739Z,fieldbeat_report_ticket_number
532379|1284,532379,1284,CORRECTIVA PROGRAMADA,FINISHED,FIELD_BEAT_CLIENT|61.606.500-9|HOSPITAL CARLOS VAN BUREN (SSVSA),2021-12-02T19:56:22.866Z,fieldbeat_report_ticket_number
674531|1285,674531,1285,CORRECTIVA NO PROGRAMADA,FINISHED,FIELD_BEAT_CLIENT|70377400-8|FUNDACION ARTURO LOPEZ PEREZ,2021-12-03T00:45:38.448Z,fieldbeat_report_ticket_number
315212|1287,315212,1287,PREVENTIVA PROGRAMADA,FINISHED,FIELD_BEAT_CLIENT|96.770.100-9|CLINICA ALEMANA DE SANTIAGO,2021-12-03T20:33:24.165Z,fieldbeat_report_ticket_number
240899|1288,240899,1288,CORRECTIVA PROGRAMADA,FINISHED,FIELD_BEAT_CLIENT|81.698.900-0|UC CHRISTUS - CECA,2021-12-04T17:53:35.079Z,fieldbeat_report_ticket_number
674531|1290,674531,1290,CORRECTIVA PROGRAMADA,FINISHED,FIELD_BEAT_CLIENT|70377400-8|FUNDACION ARTURO LOPEZ PEREZ,2021-12-05T00:09:20.500Z,fieldbeat_report_ticket_number
159610|1291,159610,1291,CORRECTIVA PROGRAMADA,FINISHED,FIELD_BEAT_CLIENT|96.770.100-9|CLINICA ALEMANA DE SANTIAGO,2021-12-05T01:34:40.884Z,fieldbeat_report_ticket_number
000000000|1293,000000000,1293,CORRECTIVA PROGRAMADA,FINISHED,FIELD_BEAT_CLIENT|61.606.500-9|HOSPITAL CARLOS VAN BUREN (SSVSA),2021-12-07T12:35:45.976Z,fieldbeat_report_ticket_number
487058|1298,487058,1298,REQUERIMIENTO DEL CLIENTE,FINISHED,FIELD_BEAT_CLIENT|70377400-8|FUNDACION ARTURO LOPEZ PEREZ,2021-12-07T22:54:25.793Z,fieldbeat_report_ticket_number
487085|1299,487085,1299,CORRECTIVA PROGRAMADA,FINISHED,FIELD_BEAT_CLIENT|70377400-8|FUNDACION ARTURO LOPEZ PEREZ,2021-12-09T01:31:27.783Z,fieldbeat_report_ticket_number
864151|1300,864151,1300,CORRECTIVA NO PROGRAMADA,FINISHED,FIELD_BEAT_CLIENT|96.757.430-9|INRAD,2021-12-09T18:04:23.440Z,fieldbeat_report_ticket_number
599574|1301,599574,1301,CORRECTIVA PROGRAMADA,FINISHED,FIELD_BEAT_CLIENT|61.608.404-6|Instituto Nacional del Cáncer (INC),2021-12-10T13:40:56.094Z,fieldbeat_report_ticket_number
84769|1305,84769,1305,ASISTENCIA REMOTA,FINISHED,FIELD_BEAT_CLIENT|81.698.900-0|UC CHRISTUS - CECA,2021-12-15T01:55:39.023Z,fieldbeat_report_ticket_number
274725|1306,274725,1306,CORRECTIVA PROGRAMADA,FINISHED,FIELD_BEAT_CLIENT|81.698.900-0|UC CHRISTUS - CECA,2021-12-15T14:14:06.256Z,fieldbeat_report_ticket_number
00000|1307,00000,1307,REQUERIMIENTO DEL CLIENTE,FINISHED,FIELD_BEAT_CLIENT|61.605.000-1|INSTITUTO DE SALUD PUBLICA (ISP),2021-12-15T14:36:41.026Z,fieldbeat_report_ticket_number
545781|1308,545781,1308,CORRECTIVA PROGRAMADA,FINISHED,FIELD_BEAT_CLIENT|96.770.100-9|CLINICA ALEMANA DE SANTIAGO,2021-12-16T15:47:14.846Z,fieldbeat_report_ticket_number
877450|1310,877450,1310,CORRECTIVA PROGRAMADA,FINISHED,FIELD_BEAT_CLIENT|96.770.100-9|CLINICA ALEMANA DE SANTIAGO,2021-12-17T16:24:24.707Z,fieldbeat_report_ticket_number
507391|1311,507391,1311,PREVENTIVA PROGRAMADA,FINISHED,FIELD_BEAT_CLIENT|61.606.500-9|HOSPITAL CARLOS VAN BUREN (SSVSA),2021-12-18T15:27:41.392Z,fieldbeat_report_ticket_number
290214|1312,290214,1312,PREVENTIVA PROGRAMADA,FINISHED,FIELD_BEAT_CLIENT|61.606.500-9|HOSPITAL CARLOS VAN BUREN (SSVSA),2021-12-18T15:43:01.048Z,fieldbeat_report_ticket_number
414010|1313,414010,1313,CORRECTIVA PROGRAMADA,FINISHED,FIELD_BEAT_CLIENT|96.770.100-9|CLINICA ALEMANA DE SANTIAGO,2021-12-21T19:14:19.007Z,fieldbeat_report_ticket_number
285305|1314,285305,1314,CORRECTIVA PROGRAMADA,FINISHED,FIELD_BEAT_CLIENT|70377400-8|FUNDACION ARTURO LOPEZ PEREZ,2021-12-21T22:41:38.160Z,fieldbeat_report_ticket_number
911108|1315,911108,1315,CORRECTIVA PROGRAMADA,FINISHED,FIELD_BEAT_CLIENT|79.560.900-8|RADIO NUCLEAR,2021-12-23T14:06:41.221Z,fieldbeat_report_ticket_number
167765|1316,167765,1316,CORRECTIVA PROGRAMADA,FINISHED,FIELD_BEAT_CLIENT|96.770.100-9|CLINICA ALEMANA DE SANTIAGO,2021-12-23T15:33:02.953Z,fieldbeat_report_ticket_number
285305|1317,285305,1317,CORRECTIVA NO PROGRAMADA,FINISHED,FIELD_BEAT_CLIENT|70377400-8|FUNDACION ARTURO LOPEZ PEREZ,2021-12-24T01:31:54.335Z,fieldbeat_report_ticket_number
903028|1318,903028,1318,CORRECTIVA NO PROGRAMADA,FINISHED,FIELD_BEAT_CLIENT|81.698.900-0|UC CHRISTUS - CECA,2021-12-24T14:52:09.425Z,fieldbeat_report_ticket_number
368560|1322,368560,1322,CORRECTIVA NO PROGRAMADA,FINISHED,FIELD_BEAT_CLIENT|70377400-8|FUNDACION ARTURO LOPEZ PEREZ,2021-12-28T14:44:54.904Z,fieldbeat_report_ticket_number
886290|1323,886290,1323,CORRECTIVA PROGRAMADA,FINISHED,FIELD_BEAT_CLIENT|79.560.900-8|RADIO NUCLEAR,2021-12-30T13:22:13.364Z,fieldbeat_report_ticket_number
479892|1324,479892,1324,CORRECTIVA PROGRAMADA,FINISHED,FIELD_BEAT_CLIENT|70377400-8|FUNDACION ARTURO LOPEZ PEREZ,2021-12-30T19:01:49.154Z,fieldbeat_report_ticket_number
595495|1325,595495,1325,CORRECTIVA NO PROGRAMADA,FINISHED,FIELD_BEAT_CLIENT|70377400-8|FUNDACION ARTURO LOPEZ PEREZ,2021-12-30T23:43:38.507Z,fieldbeat_report_ticket_number
244427|1326,244427,1326,CORRECTIVA NO PROGRAMADA,FINISHED,FIELD_BEAT_CLIENT|96.770.100-9|CLINICA ALEMANA DE SANTIAGO,2022-01-04T14:11:21.640Z,fieldbeat_report_ticket_number
321375|1328,321375,1328,CORRECTIVA PROGRAMADA,FINISHED,FIELD_BEAT_CLIENT|61.608.404-6|Instituto Nacional del Cáncer (INC),2022-01-10T15:50:11.816Z,fieldbeat_report_ticket_number
864151|1330,864151,1330,CORRECTIVA PROGRAMADA,FINISHED,FIELD_BEAT_CLIENT|96.757.430-9|INRAD,2022-01-13T19:49:12.005Z,fieldbeat_report_ticket_number
326756|1331,326756,1331,CORRECTIVA PROGRAMADA,FINISHED,FIELD_BEAT_CLIENT|81.698.900-0|UC CHRISTUS - CECA,2022-01-15T13:21:41.890Z,fieldbeat_report_ticket_number
375731|1332,375731,1332,CORRECTIVA PROGRAMADA,FINISHED,FIELD_BEAT_CLIENT|61.606.500-9|HOSPITAL CARLOS VAN BUREN (SSVSA),2022-01-15T16:06:19.135Z,fieldbeat_report_ticket_number
686250|1333,686250,1333,CORRECTIVA PROGRAMADA,FINISHED,FIELD_BEAT_CLIENT|61.606.500-9|HOSPITAL CARLOS VAN BUREN (SSVSA),2022-01-15T16:36:17.084Z,fieldbeat_report_ticket_number
553258|1335,553258,1335,CORRECTIVA PROGRAMADA,FINISHED,FIELD_BEAT_CLIENT|70377400-8|FUNDACION ARTURO LOPEZ PEREZ,2022-01-17T20:32:51.247Z,fieldbeat_report_ticket_number
508853|1336,508853,1336,CORRECTIVA PROGRAMADA,FINISHED,FIELD_BEAT_CLIENT|70377400-8|FUNDACION ARTURO LOPEZ PEREZ,2022-01-17T20:36:13.335Z,fieldbeat_report_ticket_number
508853|1338,508853,1338,CORRECTIVA NO PROGRAMADA,FINISHED,FIELD_BEAT_CLIENT|70377400-8|FUNDACION ARTURO LOPEZ PEREZ,2022-01-17T20:44:29.434Z,fieldbeat_report_ticket_number
815543|1339,815543,1339,CORRECTIVA NO PROGRAMADA,FINISHED,FIELD_BEAT_CLIENT|70377400-8|FUNDACION ARTURO LOPEZ PEREZ,2022-01-17T20:47:28.679Z,fieldbeat_report_ticket_number
346122|1342,346122,1342,CORRECTIVA PROGRAMADA,FINISHED,FIELD_BEAT_CLIENT|70377400-8|FUNDACION ARTURO LOPEZ PEREZ,2022-01-17T20:54:21.742Z,fieldbeat_report_ticket_number
844191|1344,844191,1344,CORRECTIVA NO PROGRAMADA,FINISHED,FIELD_BEAT_CLIENT|81.698.900-0|UC CHRISTUS - CECA,2022-01-17T23:46:24.056Z,fieldbeat_report_ticket_number
720356|1345,720356,1345,CORRECTIVA PROGRAMADA,FINISHED,FIELD_BEAT_CLIENT|70377400-8|FUNDACION ARTURO LOPEZ PEREZ,2022-01-18T18:47:51.156Z,fieldbeat_report_ticket_number
0000|1346,0000,1346,INSTALACION - INTEGRACION,FINISHED,FIELD_BEAT_CLIENT|61.608.404-6|Instituto Nacional del Cáncer (INC),2022-01-19T15:17:17.585Z,fieldbeat_report_ticket_number
903908|1347,903908,1347,CORRECTIVA NO PROGRAMADA,FINISHED,FIELD_BEAT_CLIENT|79.560.900-8|RADIO NUCLEAR,2022-01-19T20:46:25.399Z,fieldbeat_report_ticket_number
0000|1348,0000,1348,INSTALACION - INTEGRACION,FINISHED,FIELD_BEAT_CLIENT|81.698.900-0|UC CHRISTUS - CECA,2022-01-20T20:59:43.779Z,fieldbeat_report_ticket_number
983006|1349,983006,1349,CORRECTIVA PROGRAMADA,FINISHED,FIELD_BEAT_CLIENT|61.608.404-6|Instituto Nacional del Cáncer (INC),2022-01-21T12:11:33.580Z,fieldbeat_report_ticket_number
487085|1353,487085,1353,CORRECTIVA NO PROGRAMADA,FINISHED,FIELD_BEAT_CLIENT|70377400-8|FUNDACION ARTURO LOPEZ PEREZ,2022-01-24T14:01:28.526Z,fieldbeat_report_ticket_number
355432|1354,355432,1354,CORRECTIVA PROGRAMADA,FINISHED,FIELD_BEAT_CLIENT|79.560.900-8|RADIO NUCLEAR,2022-01-24T16:33:56.585Z,fieldbeat_report_ticket_number
988322|1356,988322,1356,CORRECTIVA PROGRAMADA,FINISHED,FIELD_BEAT_CLIENT|81.698.900-0|UC CHRISTUS - CECA,2022-01-25T02:48:02.354Z,fieldbeat_report_ticket_number
359310|1357,359310,1357,REQUERIMIENTO DEL CLIENTE,FINISHED,FIELD_BEAT_CLIENT|96.770.100-9|CLINICA ALEMANA DE SANTIAGO,2022-01-27T16:46:59.209Z,fieldbeat_report_ticket_number
481510|1358,481510,1358,CORRECTIVA PROGRAMADA,FINISHED,FIELD_BEAT_CLIENT|70377400-8|FUNDACION ARTURO LOPEZ PEREZ,2022-01-27T21:52:48.978Z,fieldbeat_report_ticket_number
333928|1359,333928,1359,INSTALACION - INTEGRACION,FINISHED,FIELD_BEAT_CLIENT|61.608.404-6|Instituto Nacional del Cáncer (INC),2022-01-27T22:58:47.598Z,fieldbeat_report_ticket_number
0000|1362,0000,1362,PREVENTIVA PROGRAMADA,FINISHED,FIELD_BEAT_CLIENT|61.606.500-9|HOSPITAL CARLOS VAN BUREN (SSVSA),2022-02-03T14:02:41.797Z,fieldbeat_report_ticket_number
318046|1363,318046,1363,PREVENTIVA PROGRAMADA,FINISHED,FIELD_BEAT_CLIENT|61.608.404-6|Instituto Nacional del Cáncer (INC),2022-02-04T12:57:15.290Z,fieldbeat_report_ticket_number
20001502053|1364,20001502053,1364,CORRECTIVA PROGRAMADA,FINISHED,FIELD_BEAT_CLIENT|61.606.500-9|HOSPITAL CARLOS VAN BUREN (SSVSA),2022-02-04T17:06:51.233Z,fieldbeat_report_ticket_number
117327|1368,117327,1368,CORRECTIVA PROGRAMADA,FINISHED,FIELD_BEAT_CLIENT|61.606.500-9|HOSPITAL CARLOS VAN BUREN (SSVSA),2022-02-08T14:03:00.561Z,fieldbeat_report_ticket_number
779906|1369,779906,1369,CORRECTIVA NO PROGRAMADA,FINISHED,FIELD_BEAT_CLIENT|61.606.500-9|HOSPITAL CARLOS VAN BUREN (SSVSA),2022-02-08T14:27:48.101Z,fieldbeat_report_ticket_number
9999|1370,9999,1370,CORRECTIVA NO PROGRAMADA,FINISHED,FIELD_BEAT_CLIENT|96.770.100-9|CLINICA ALEMANA DE SANTIAGO,2022-02-08T17:15:17.207Z,fieldbeat_report_ticket_number
148260|1371,148260,1371,CORRECTIVA NO PROGRAMADA,FINISHED,FIELD_BEAT_CLIENT|70377400-8|FUNDACION ARTURO LOPEZ PEREZ,2022-02-08T23:25:30.659Z,fieldbeat_report_ticket_number
517136|1372,517136,1372,CORRECTIVA NO PROGRAMADA,FINISHED,FIELD_BEAT_CLIENT|81.698.900-0|UC CHRISTUS - CECA,2022-02-09T00:54:32.856Z,fieldbeat_report_ticket_number
830821|1373,830821,1373,CORRECTIVA PROGRAMADA,FINISHED,FIELD_BEAT_CLIENT|79.560.900-8|RADIO NUCLEAR,2022-02-11T12:06:25.018Z,fieldbeat_report_ticket_number
540711|1374,540711,1374,CORRECTIVA PROGRAMADA,FINISHED,FIELD_BEAT_CLIENT|79.560.900-8|RADIO NUCLEAR,2022-02-11T13:30:13.372Z,fieldbeat_report_ticket_number
425664|1375,425664,1375,REQUERIMIENTO DEL CLIENTE,FINISHED,FIELD_BEAT_CLIENT|61.608.404-6|Instituto Nacional del Cáncer (INC),2022-02-11T16:11:53.225Z,fieldbeat_report_ticket_number
665447|1376,665447,1376,PREVENTIVA PROGRAMADA,FINISHED,FIELD_BEAT_CLIENT|81.698.900-0|UC CHRISTUS - CECA,2022-02-12T16:16:25.650Z,fieldbeat_report_ticket_number
636193|1378,636193,1378,CORRECTIVA NO PROGRAMADA,FINISHED,FIELD_BEAT_CLIENT|61.608.404-6|Instituto Nacional del Cáncer (INC),2022-02-14T13:24:18.406Z,fieldbeat_report_ticket_number
172278|1380,172278,1380,CORRECTIVA NO PROGRAMADA,FINISHED,FIELD_BEAT_CLIENT|61.608.404-6|Instituto Nacional del Cáncer (INC),2022-02-17T22:45:26.525Z,fieldbeat_report_ticket_number
648368|1381,648368,1381,CORRECTIVA NO PROGRAMADA,FINISHED,FIELD_BEAT_CLIENT|96.770.100-9|CLINICA ALEMANA DE SANTIAGO,2022-02-21T12:08:53.472Z,fieldbeat_report_ticket_number
937899|1382,937899,1382,CORRECTIVA NO PROGRAMADA,FINISHED,FIELD_BEAT_CLIENT|79.560.900-8|RADIO NUCLEAR,2022-02-21T13:26:02.345Z,fieldbeat_report_ticket_number
704250|1385,704250,1385,PREVENTIVA PROGRAMADA,FINISHED,FIELD_BEAT_CLIENT|96.770.100-9|CLINICA ALEMANA DE SANTIAGO,2022-02-21T21:26:43.398Z,fieldbeat_report_ticket_number
399764|1386,399764,1386,CORRECTIVA NO PROGRAMADA,FINISHED,FIELD_BEAT_CLIENT|61.608.404-6|Instituto Nacional del Cáncer (INC),2022-02-22T12:58:23.867Z,fieldbeat_report_ticket_number
793073|1389,793073,1389,CORRECTIVA NO PROGRAMADA,FINISHED,FIELD_BEAT_CLIENT|61.608.404-6|Instituto Nacional del Cáncer (INC),2022-02-23T12:48:00.739Z,fieldbeat_report_ticket_number
9999|1392,9999,1392,PRUEBAS DE ACEPTACION,FINISHED,FIELD_BEAT_CLIENT|70377400-8|FUNDACION ARTURO LOPEZ PEREZ,2022-02-25T20:57:35.880Z,fieldbeat_report_ticket_number
767638|1394,767638,1394,CORRECTIVA NO PROGRAMADA,FINISHED,FIELD_BEAT_CLIENT|70377400-8|FUNDACION ARTURO LOPEZ PEREZ,2022-03-02T21:42:26.094Z,fieldbeat_report_ticket_number
9999|1396,9999,1396,CORRECTIVA NO PROGRAMADA,FINISHED,FIELD_BEAT_CLIENT|96.770.100-9|CLINICA ALEMANA DE SANTIAGO,2022-03-03T16:07:06.534Z,fieldbeat_report_ticket_number
9999|1397,9999,1397,CORRECTIVA PROGRAMADA,FINISHED,FIELD_BEAT_CLIENT|79.560.900-8|RADIO NUCLEAR,2022-03-04T17:12:56.065Z,fieldbeat_report_ticket_number
704250|1398,704250,1398,CORRECTIVA PROGRAMADA,FINISHED,FIELD_BEAT_CLIENT|96.770.100-9|CLINICA ALEMANA DE SANTIAGO,2022-03-07T17:52:57.765Z,fieldbeat_report_ticket_number
937899|1399,937899,1399,CORRECTIVA PROGRAMADA,FINISHED,FIELD_BEAT_CLIENT|79.560.900-8|RADIO NUCLEAR,2022-03-07T18:11:10.238Z,fieldbeat_report_ticket_number
964324|1400,964324,1400,CORRECTIVA NO PROGRAMADA,FINISHED,FIELD_BEAT_CLIENT|70377400-8|FUNDACION ARTURO LOPEZ PEREZ,2022-03-08T14:20:17.853Z,fieldbeat_report_ticket_number
749449|1401,749449,1401,PREVENTIVA PROGRAMADA,FINISHED,FIELD_BEAT_CLIENT|70377400-8|FUNDACION ARTURO LOPEZ PEREZ,2022-03-11T01:05:43.699Z,fieldbeat_report_ticket_number
605236|1402,605236,1402,CORRECTIVA PROGRAMADA,FINISHED,FIELD_BEAT_CLIENT|79.560.900-8|RADIO NUCLEAR,2022-03-11T14:06:57.790Z,fieldbeat_report_ticket_number
555555|1403,555555,1403,CORRECTIVA PROGRAMADA,FINISHED,FIELD_BEAT_CLIENT|96.770.100-9|CLINICA ALEMANA DE SANTIAGO,2022-03-11T18:52:55.290Z,fieldbeat_report_ticket_number
9999|1404,9999,1404,CORRECTIVA NO PROGRAMADA,FINISHED,FIELD_BEAT_CLIENT|81.698.900-0|UC CHRISTUS - CECA,2022-03-15T22:41:43.278Z,fieldbeat_report_ticket_number
777777|1405,777777,1405,CORRECTIVA NO PROGRAMADA,FINISHED,FIELD_BEAT_CLIENT|81.698.900-0|UC CHRISTUS - CECA,2022-03-16T03:08:18.518Z,fieldbeat_report_ticket_number
777777|1406,777777,1406,CORRECTIVA NO PROGRAMADA,FINISHED,FIELD_BEAT_CLIENT|81.698.900-0|UC CHRISTUS - CECA,2022-03-16T16:29:53.770Z,fieldbeat_report_ticket_number
140955|1407,140955,1407,CORRECTIVA PROGRAMADA,FINISHED,FIELD_BEAT_CLIENT|70377400-8|FUNDACION ARTURO LOPEZ PEREZ,2022-03-16T18:46:56.400Z,fieldbeat_report_ticket_number
0202|1410,0202,1410,CORRECTIVA NO PROGRAMADA,FINISHED,FIELD_BEAT_CLIENT|61.606.500-9|HOSPITAL CARLOS VAN BUREN (SSVSA),2022-03-17T15:49:54.905Z,fieldbeat_report_ticket_number
442987|1411,442987,1411,CORRECTIVA NO PROGRAMADA,FINISHED,FIELD_BEAT_CLIENT|70377400-8|FUNDACION ARTURO LOPEZ PEREZ,2022-03-17T16:12:30.797Z,fieldbeat_report_ticket_number
286087|1414,286087,1414,CORRECTIVA PROGRAMADA,FINISHED,FIELD_BEAT_CLIENT|61.606.500-9|HOSPITAL CARLOS VAN BUREN (SSVSA),2022-03-18T14:33:27.485Z,fieldbeat_report_ticket_number
0000|1415,0000,1415,INSTALACION - INTEGRACION,FINISHED,FIELD_BEAT_CLIENT|81.698.900-0|UC CHRISTUS - CECA,2022-03-18T15:22:04.863Z,fieldbeat_report_ticket_number
630070|1416,630070,1416,CORRECTIVA NO PROGRAMADA,FINISHED,FIELD_BEAT_CLIENT|61.608.404-6|Instituto Nacional del Cáncer (INC),2022-03-22T12:56:08.204Z,fieldbeat_report_ticket_number
341997|1418,341997,1418,CORRECTIVA PROGRAMADA,FINISHED,FIELD_BEAT_CLIENT|70377400-8|FUNDACION ARTURO LOPEZ PEREZ,2022-03-25T00:32:32.599Z,fieldbeat_report_ticket_number
824734|1420,824734,1420,CORRECTIVA PROGRAMADA,FINISHED,FIELD_BEAT_CLIENT|81.698.900-0|UC CHRISTUS - CECA,2022-03-27T11:50:50.093Z,fieldbeat_report_ticket_number
706651|1422,706651,1422,CORRECTIVA PROGRAMADA,FINISHED,FIELD_BEAT_CLIENT|79.560.900-8|RADIO NUCLEAR,2022-03-28T14:04:36.127Z,fieldbeat_report_ticket_number
0203|1423,0203,1423,PREVENTIVA PROGRAMADA,FINISHED,FIELD_BEAT_CLIENT|61.605.000-1|INSTITUTO DE SALUD PUBLICA (ISP),2022-03-28T17:01:00.002Z,fieldbeat_report_ticket_number
777777|1424,777777,1424,CORRECTIVA PROGRAMADA,FINISHED,FIELD_BEAT_CLIENT|61.608.404-6|Instituto Nacional del Cáncer (INC),2022-04-01T17:12:19.422Z,fieldbeat_report_ticket_number
368933|1426,368933,1426,REQUERIMIENTO DEL CLIENTE,FINISHED,FIELD_BEAT_CLIENT|70377400-8|FUNDACION ARTURO LOPEZ PEREZ,2022-04-03T13:49:39.996Z,fieldbeat_report_ticket_number
368933|1427,368933,1427,CORRECTIVA PROGRAMADA,FINISHED,FIELD_BEAT_CLIENT|70377400-8|FUNDACION ARTURO LOPEZ PEREZ,2022-04-04T22:24:56.976Z,fieldbeat_report_ticket_number
777777|1428,777777,1428,CORRECTIVA NO PROGRAMADA,FINISHED,FIELD_BEAT_CLIENT|96.770.100-9|CLINICA ALEMANA DE SANTIAGO,2022-04-05T21:32:56.652Z,fieldbeat_report_ticket_number
722542|1429,722542,1429,CORRECTIVA NO PROGRAMADA,FINISHED,FIELD_BEAT_CLIENT|61.608.404-6|Instituto Nacional del Cáncer (INC),2022-04-06T13:36:39.055Z,fieldbeat_report_ticket_number
792066|1430,792066,1430,CORRECTIVA PROGRAMADA,FINISHED,FIELD_BEAT_CLIENT||CLÍNICA LAS CONDES,2022-04-07T00:20:31.930Z,fieldbeat_report_ticket_number
777777|1431,777777,1431,CORRECTIVA NO PROGRAMADA,FINISHED,FIELD_BEAT_CLIENT|61.606.500-9|HOSPITAL CARLOS VAN BUREN (SSVSA),2022-04-08T14:56:04.243Z,fieldbeat_report_ticket_number
824052|1435,824052,1435,CORRECTIVA PROGRAMADA,FINISHED,FIELD_BEAT_CLIENT|79.560.900-8|RADIO NUCLEAR,2022-04-11T15:21:24.672Z,fieldbeat_report_ticket_number
100002|1436,100002,1436,CORRECTIVA NO PROGRAMADA,FINISHED,FIELD_BEAT_CLIENT|61.606.500-9|HOSPITAL CARLOS VAN BUREN (SSVSA),2022-04-13T18:28:30.016Z,fieldbeat_report_ticket_number
758188|1437,758188,1437,CORRECTIVA PROGRAMADA,FINISHED,FIELD_BEAT_CLIENT|61.608.404-6|Instituto Nacional del Cáncer (INC),2022-04-13T23:31:43.625Z,fieldbeat_report_ticket_number
415273|1438,415273,1438,CORRECTIVA NO PROGRAMADA,FINISHED,FIELD_BEAT_CLIENT|61.608.404-6|Instituto Nacional del Cáncer (INC),2022-04-13T23:39:26.129Z,fieldbeat_report_ticket_number
488370|1439,488370,1439,CORRECTIVA PROGRAMADA,FINISHED,FIELD_BEAT_CLIENT|79.560.900-8|RADIO NUCLEAR,2022-04-14T13:12:44.443Z,fieldbeat_report_ticket_number
0|1443,0,1443,INSTALACION - INTEGRACION,FINISHED,FIELD_BEAT_CLIENT|81.698.900-0|UC CHRISTUS - CECA,2022-04-19T17:37:15.117Z,fieldbeat_report_ticket_number
563156|1444,563156,1444,CORRECTIVA PROGRAMADA,FINISHED,FIELD_BEAT_CLIENT||CLÍNICA LAS CONDES,2022-04-20T13:48:04.045Z,fieldbeat_report_ticket_number
320254|1445,320254,1445,CORRECTIVA NO PROGRAMADA,FINISHED,FIELD_BEAT_CLIENT|81.698.900-0|UC CHRISTUS - CECA,2022-04-20T21:32:05.252Z,fieldbeat_report_ticket_number
9999|1446,9999,1446,PRUEBAS DE ACEPTACION,FINISHED,FIELD_BEAT_CLIENT|70377400-8|FUNDACION ARTURO LOPEZ PEREZ,2022-04-22T14:03:57.001Z,fieldbeat_report_ticket_number
212275|1447,212275,1447,CORRECTIVA NO PROGRAMADA,FINISHED,FIELD_BEAT_CLIENT|70377400-8|FUNDACION ARTURO LOPEZ PEREZ,2022-04-22T16:59:22.975Z,fieldbeat_report_ticket_number
0001|1448,0001,1448,CORRECTIVA PROGRAMADA,FINISHED,FIELD_BEAT_CLIENT|61.606.500-9|HOSPITAL CARLOS VAN BUREN (SSVSA),2022-04-22T21:50:46.377Z,fieldbeat_report_ticket_number
458280|1449,458280,1449,CORRECTIVA NO PROGRAMADA,FINISHED,FIELD_BEAT_CLIENT|70377400-8|FUNDACION ARTURO LOPEZ PEREZ,2022-04-23T02:13:39.253Z,fieldbeat_report_ticket_number
928747|1450,928747,1450,PREVENTIVA PROGRAMADA,FINISHED,FIELD_BEAT_CLIENT|61.606.500-9|HOSPITAL CARLOS VAN BUREN (SSVSA),2022-04-23T18:25:03.707Z,fieldbeat_report_ticket_number
116702|1451,116702,1451,CORRECTIVA NO PROGRAMADA,FINISHED,FIELD_BEAT_CLIENT|79.560.900-8|RADIO NUCLEAR,2022-04-25T16:06:03.300Z,fieldbeat_report_ticket_number
392899|1453,392899,1453,CORRECTIVA NO PROGRAMADA,FINISHED,FIELD_BEAT_CLIENT|70377400-8|FUNDACION ARTURO LOPEZ PEREZ,2022-04-26T17:43:13.007Z,fieldbeat_report_ticket_number
392899|1455,392899,1455,CORRECTIVA NO PROGRAMADA,FINISHED,FIELD_BEAT_CLIENT|70377400-8|FUNDACION ARTURO LOPEZ PEREZ,2022-04-27T15:05:08.539Z,fieldbeat_report_ticket_number
116702|1457,116702,1457,CORRECTIVA PROGRAMADA,ARCHIVED,FIELD_BEAT_CLIENT|79.560.900-8|RADIO NUCLEAR,2022-04-27T15:17:22.464Z,fieldbeat_report_ticket_number
116702|1458,116702,1458,CORRECTIVA PROGRAMADA,FINISHED,FIELD_BEAT_CLIENT|79.560.900-8|RADIO NUCLEAR,2022-04-27T15:34:13.422Z,fieldbeat_report_ticket_number
9999|1459,9999,1459,CORRECTIVA NO PROGRAMADA,FINISHED,FIELD_BEAT_CLIENT|81.698.900-0|UC CHRISTUS - CECA,2022-04-27T20:46:33.042Z,fieldbeat_report_ticket_number
9999|1461,9999,1461,CORRECTIVA PROGRAMADA,FINISHED,FIELD_BEAT_CLIENT|96.770.100-9|CLINICA ALEMANA DE SANTIAGO,2022-04-29T18:54:17.381Z,fieldbeat_report_ticket_number
436271|1463,436271,1463,CORRECTIVA PROGRAMADA,FINISHED,FIELD_BEAT_CLIENT|61.606.500-9|HOSPITAL CARLOS VAN BUREN (SSVSA),2022-04-29T19:58:32.553Z,fieldbeat_report_ticket_number
563550|1465,563550,1465,PREVENTIVA PROGRAMADA,FINISHED,FIELD_BEAT_CLIENT|61.606.500-9|HOSPITAL CARLOS VAN BUREN (SSVSA),2022-04-29T22:38:49.412Z,fieldbeat_report_ticket_number
120359|1468,120359,1468,INSTALACION - INTEGRACION,FINISHED,FIELD_BEAT_CLIENT|61.608.404-6|Instituto Nacional del Cáncer (INC),2022-05-05T16:31:30.904Z,fieldbeat_report_ticket_number
453949|1469,453949,1469,CORRECTIVA PROGRAMADA,FINISHED,FIELD_BEAT_CLIENT|61.608.404-6|Instituto Nacional del Cáncer (INC),2022-05-05T21:51:48.635Z,fieldbeat_report_ticket_number
727363|1470,727363,1470,PREVENTIVA PROGRAMADA,FINISHED,FIELD_BEAT_CLIENT|93.930.000-7|CLÍNICA LAS CONDES,2022-05-06T21:59:37.149Z,fieldbeat_report_ticket_number
494002|1471,494002,1471,CORRECTIVA NO PROGRAMADA,FINISHED,FIELD_BEAT_CLIENT|61.608.404-6|Instituto Nacional del Cáncer (INC),2022-05-09T13:04:10.705Z,fieldbeat_report_ticket_number
010101|1472,010101,1472,CORRECTIVA PROGRAMADA,FINISHED,FIELD_BEAT_CLIENT|96.770.100-9|CLINICA ALEMANA DE SANTIAGO,2022-05-09T17:28:42.615Z,fieldbeat_report_ticket_number
524622|1473,524622,1473,CORRECTIVA PROGRAMADA,FINISHED,FIELD_BEAT_CLIENT|96.770.100-9|CLINICA ALEMANA DE SANTIAGO,2022-05-10T17:55:10.607Z,fieldbeat_report_ticket_number
138414|1474,138414,1474,CORRECTIVA PROGRAMADA,FINISHED,FIELD_BEAT_CLIENT|70377400-8|FUNDACION ARTURO LOPEZ PEREZ,2022-05-12T23:30:31.684Z,fieldbeat_report_ticket_number
730927|1475,730927,1475,CORRECTIVA PROGRAMADA,FINISHED,FIELD_BEAT_CLIENT|93.930.000-7|CLÍNICA LAS CONDES,2022-05-13T22:02:31.319Z,fieldbeat_report_ticket_number
444321|1477,444321,1477,PREVENTIVA PROGRAMADA,FINISHED,FIELD_BEAT_CLIENT|70377400-8|FUNDACION ARTURO LOPEZ PEREZ,2022-05-14T14:26:45.130Z,fieldbeat_report_ticket_number
868583|1479,868583,1479,REQUERIMIENTO DEL CLIENTE,FINISHED,FIELD_BEAT_CLIENT|93.930.000-7|CLÍNICA LAS CONDES,2022-05-16T16:48:25.621Z,fieldbeat_report_ticket_number
234528|1481,234528,1481,CORRECTIVA NO PROGRAMADA,FINISHED,FIELD_BEAT_CLIENT|93.930.000-7|CLÍNICA LAS CONDES,2022-05-17T15:16:25.712Z,fieldbeat_report_ticket_number
863393|1484,863393,1484,CORRECTIVA PROGRAMADA,FINISHED,FIELD_BEAT_CLIENT|70377400-8|FUNDACION ARTURO LOPEZ PEREZ,2022-05-21T00:28:03.275Z,fieldbeat_report_ticket_number
0101|1485,0101,1485,CORRECTIVA NO PROGRAMADA,FINISHED,FIELD_BEAT_CLIENT|96.770.100-9|CLINICA ALEMANA DE SANTIAGO,2022-05-24T16:13:37.838Z,fieldbeat_report_ticket_number
583766|1486,583766,1486,CORRECTIVA PROGRAMADA,FINISHED,FIELD_BEAT_CLIENT|79.560.900-8|RADIO NUCLEAR,2022-05-24T18:05:38.552Z,fieldbeat_report_ticket_number
9999|1487,9999,1487,CORRECTIVA NO PROGRAMADA,FINISHED,FIELD_BEAT_CLIENT|79.560.900-8|RADIO NUCLEAR,2022-05-24T22:35:52.024Z,fieldbeat_report_ticket_number
825460|1488,825460,1488,PREVENTIVA PROGRAMADA,FINISHED,FIELD_BEAT_CLIENT|70377400-8|FUNDACION ARTURO LOPEZ PEREZ,2022-05-25T00:29:43.615Z,fieldbeat_report_ticket_number
439533|1490,439533,1490,CORRECTIVA NO PROGRAMADA,FINISHED,FIELD_BEAT_CLIENT|61.608.404-6|Instituto Nacional del Cáncer (INC),2022-05-25T13:07:37.106Z,fieldbeat_report_ticket_number
0101|1491,0101,1491,CORRECTIVA NO PROGRAMADA,FINISHED,FIELD_BEAT_CLIENT|96.770.100-9|CLINICA ALEMANA DE SANTIAGO,2022-05-25T16:32:40.309Z,fieldbeat_report_ticket_number
900438|1492,900438,1492,CORRECTIVA PROGRAMADA,FINISHED,FIELD_BEAT_CLIENT|61.608.404-6|Instituto Nacional del Cáncer (INC),2022-05-25T16:43:19.533Z,fieldbeat_report_ticket_number
883541|1494,883541,1494,CORRECTIVA NO PROGRAMADA,FINISHED,FIELD_BEAT_CLIENT|70377400-8|FUNDACION ARTURO LOPEZ PEREZ,2022-05-25T17:19:42.810Z,fieldbeat_report_ticket_number
293312|1496,293312,1496,CORRECTIVA NO PROGRAMADA,FINISHED,FIELD_BEAT_CLIENT|96.770.100-9|CLINICA ALEMANA DE SANTIAGO,2022-05-26T16:57:26.268Z,fieldbeat_report_ticket_number
755004|1497,755004,1497,CORRECTIVA PROGRAMADA,FINISHED,FIELD_BEAT_CLIENT|81.698.900-0|UC CHRISTUS - CECA,2022-05-30T22:07:34.862Z,fieldbeat_report_ticket_number
339909|1498,339909,1498,CORRECTIVA PROGRAMADA,FINISHED,FIELD_BEAT_CLIENT|70377400-8|FUNDACION ARTURO LOPEZ PEREZ,2022-06-01T00:30:49.524Z,fieldbeat_report_ticket_number
417278|1499,417278,1499,CORRECTIVA PROGRAMADA,FINISHED,FIELD_BEAT_CLIENT|93.930.000-7|CLÍNICA LAS CONDES,2022-06-01T20:04:23.904Z,fieldbeat_report_ticket_number
993911|1500,993911,1500,CORRECTIVA NO PROGRAMADA,FINISHED,FIELD_BEAT_CLIENT|81.698.900-0|UC CHRISTUS - CECA,2022-06-02T02:05:52.816Z,fieldbeat_report_ticket_number
867282|1501,867282,1501,CORRECTIVA NO PROGRAMADA,FINISHED,FIELD_BEAT_CLIENT|96.770.100-9|CLINICA ALEMANA DE SANTIAGO,2022-06-02T14:29:32.699Z,fieldbeat_report_ticket_number
844620|1502,844620,1502,CORRECTIVA PROGRAMADA,FINISHED,FIELD_BEAT_CLIENT|96.770.100-9|CLINICA ALEMANA DE SANTIAGO,2022-06-02T22:28:47.641Z,fieldbeat_report_ticket_number
654641|1504,654641,1504,CORRECTIVA PROGRAMADA,FINISHED,FIELD_BEAT_CLIENT|61.606.500-9|HOSPITAL CARLOS VAN BUREN (SSVSA),2022-06-03T20:26:20.849Z,fieldbeat_report_ticket_number
549574|1505,549574,1505,PREVENTIVA PROGRAMADA,FINISHED,FIELD_BEAT_CLIENT|61.608.404-6|Instituto Nacional del Cáncer (INC),2022-06-03T21:44:35.612Z,fieldbeat_report_ticket_number
844620|1506,844620,1506,CORRECTIVA PROGRAMADA,FINISHED,FIELD_BEAT_CLIENT|96.770.100-9|CLINICA ALEMANA DE SANTIAGO,2022-06-06T12:32:12.312Z,fieldbeat_report_ticket_number
808492|1508,808492,1508,CORRECTIVA PROGRAMADA,FINISHED,FIELD_BEAT_CLIENT|70377400-8|FUNDACION ARTURO LOPEZ PEREZ,2022-06-09T01:22:22.696Z,fieldbeat_report_ticket_number
162775|1509,162775,1509,CORRECTIVA PROGRAMADA,FINISHED,FIELD_BEAT_CLIENT|79.560.900-8|RADIO NUCLEAR,2022-06-09T21:31:28.612Z,fieldbeat_report_ticket_number
4445992|1510,4445992,1510,CORRECTIVA PROGRAMADA,FINISHED,FIELD_BEAT_CLIENT|79.560.900-8|RADIO NUCLEAR,2022-06-09T22:54:58.765Z,fieldbeat_report_ticket_number
588386|1511,588386,1511,CORRECTIVA NO PROGRAMADA,FINISHED,FIELD_BEAT_CLIENT|70377400-8|FUNDACION ARTURO LOPEZ PEREZ,2022-06-11T13:19:42.145Z,fieldbeat_report_ticket_number
466517|1512,466517,1512,CORRECTIVA NO PROGRAMADA,FINISHED,FIELD_BEAT_CLIENT|70377400-8|FUNDACION ARTURO LOPEZ PEREZ,2022-06-13T18:55:56.690Z,fieldbeat_report_ticket_number
720301|1513,720301,1513,CORRECTIVA NO PROGRAMADA,FINISHED,FIELD_BEAT_CLIENT|96.770.100-9|CLINICA ALEMANA DE SANTIAGO,2022-06-15T14:47:43.866Z,fieldbeat_report_ticket_number
0101|1514,0101,1514,PREVENTIVA PROGRAMADA,FINISHED,FIELD_BEAT_CLIENT|61.605.000-1|INSTITUTO DE SALUD PUBLICA (ISP),2022-06-16T18:37:03.690Z,fieldbeat_report_ticket_number
9999|1516,9999,1516,CORRECTIVA PROGRAMADA,FINISHED,FIELD_BEAT_CLIENT|96.770.100-9|CLINICA ALEMANA DE SANTIAGO,2022-06-17T21:23:12.093Z,fieldbeat_report_ticket_number
520423|1517,520423,1517,CORRECTIVA NO PROGRAMADA,ARCHIVED,FIELD_BEAT_CLIENT|81.698.900-0|UC CHRISTUS - CECA,2022-06-18T02:40:27.683Z,fieldbeat_report_ticket_number
837172|1518,837172,1518,CORRECTIVA NO PROGRAMADA,FINISHED,FIELD_BEAT_CLIENT|93.930.000-7|CLÍNICA LAS CONDES,2022-06-20T14:45:14.053Z,fieldbeat_report_ticket_number
520423|1521,520423,1521,CORRECTIVA NO PROGRAMADA,FINISHED,FIELD_BEAT_CLIENT|81.698.900-0|UC CHRISTUS - CECA,2022-06-20T16:24:25.218Z,fieldbeat_report_ticket_number
335280|1523,335280,1523,CORRECTIVA PROGRAMADA,FINISHED,FIELD_BEAT_CLIENT|81.698.900-0|UC CHRISTUS - CECA,2022-06-24T17:19:31.410Z,fieldbeat_report_ticket_number
919979|1525,919979,1525,CORRECTIVA PROGRAMADA,FINISHED,FIELD_BEAT_CLIENT|96.757.430-9|INRAD,2022-06-28T22:03:09.927Z,fieldbeat_report_ticket_number
0101|1526,0101,1526,CORRECTIVA PROGRAMADA,FINISHED,FIELD_BEAT_CLIENT|61.606.500-9|HOSPITAL CARLOS VAN BUREN (SSVSA),2022-06-29T17:25:25.155Z,fieldbeat_report_ticket_number
983998|1527,983998,1527,ASISTENCIA REMOTA,FINISHED,FIELD_BEAT_CLIENT|96.757.430-9|INRAD,2022-06-30T15:54:43.941Z,fieldbeat_report_ticket_number
777777|1528,777777,1528,CORRECTIVA NO PROGRAMADA,FINISHED,FIELD_BEAT_CLIENT|61.608.404-6|Instituto Nacional del Cáncer (INC),2022-06-30T17:21:52.357Z,fieldbeat_report_ticket_number
494456|1529,494456,1529,CORRECTIVA PROGRAMADA,FINISHED,FIELD_BEAT_CLIENT|81.698.900-0|UC CHRISTUS - CECA,2022-07-01T17:31:25.308Z,fieldbeat_report_ticket_number
137421|1530,137421,1530,CORRECTIVA PROGRAMADA,FINISHED,FIELD_BEAT_CLIENT|96.757.430-9|INRAD,2022-07-01T18:53:20.773Z,fieldbeat_report_ticket_number
9999|1531,9999,1531,CORRECTIVA NO PROGRAMADA,FINISHED,FIELD_BEAT_CLIENT|81.698.900-0|UC CHRISTUS - CECA,2022-07-01T22:45:53.452Z,fieldbeat_report_ticket_number
414306|1532,414306,1532,CORRECTIVA NO PROGRAMADA,FINISHED,FIELD_BEAT_CLIENT|70377400-8|FUNDACION ARTURO LOPEZ PEREZ,2022-07-04T13:29:45.495Z,fieldbeat_report_ticket_number
242713|1534,242713,1534,CORRECTIVA PROGRAMADA,FINISHED,FIELD_BEAT_CLIENT|81.698.900-0|UC CHRISTUS - CECA,2022-07-07T01:41:58.379Z,fieldbeat_report_ticket_number
477000|1535,477000,1535,CORRECTIVA NO PROGRAMADA,FINISHED,FIELD_BEAT_CLIENT|79.560.900-8|RADIO NUCLEAR,2022-07-07T14:21:49.078Z,fieldbeat_report_ticket_number
242713|1537,242713,1537,CORRECTIVA PROGRAMADA,FINISHED,FIELD_BEAT_CLIENT|81.698.900-0|UC CHRISTUS - CECA,2022-07-08T01:11:57.863Z,fieldbeat_report_ticket_number
591426|1538,591426,1538,CORRECTIVA PROGRAMADA,FINISHED,FIELD_BEAT_CLIENT|61.606.500-9|HOSPITAL CARLOS VAN BUREN (SSVSA),2022-07-08T19:34:27.311Z,fieldbeat_report_ticket_number
134319|1539,134319,1539,CORRECTIVA PROGRAMADA,FINISHED,FIELD_BEAT_CLIENT|81.698.900-0|UC CHRISTUS - CECA,2022-07-09T02:19:16.860Z,fieldbeat_report_ticket_number
478766|1541,478766,1541,CORRECTIVA NO PROGRAMADA,FINISHED,FIELD_BEAT_CLIENT|93.930.000-7|CLÍNICA LAS CONDES,2022-07-11T15:34:11.899Z,fieldbeat_report_ticket_number
392327|1543,392327,1543,PREVENTIVA PROGRAMADA,FINISHED,FIELD_BEAT_CLIENT|61.606.500-9|HOSPITAL CARLOS VAN BUREN (SSVSA),2022-07-16T17:59:15.455Z,fieldbeat_report_ticket_number
201212|1544,201212,1544,CORRECTIVA PROGRAMADA,FINISHED,FIELD_BEAT_CLIENT|70377400-8|FUNDACION ARTURO LOPEZ PEREZ,2022-07-18T16:57:59.492Z,fieldbeat_report_ticket_number
777777|1545,777777,1545,CORRECTIVA PROGRAMADA,FINISHED,FIELD_BEAT_CLIENT|61.608.404-6|Instituto Nacional del Cáncer (INC),2022-07-18T17:20:20.981Z,fieldbeat_report_ticket_number
777777|1547,777777,1547,CORRECTIVA PROGRAMADA,FINISHED,FIELD_BEAT_CLIENT|61.608.404-6|Instituto Nacional del Cáncer (INC),2022-07-20T00:04:32.813Z,fieldbeat_report_ticket_number
9999|1549,9999,1549,CORRECTIVA PROGRAMADA,FINISHED,FIELD_BEAT_CLIENT|96.770.100-9|CLINICA ALEMANA DE SANTIAGO,2022-07-22T21:33:29.902Z,fieldbeat_report_ticket_number
120365|1550,120365,1550,INSTALACION - INTEGRACION,FINISHED,FIELD_BEAT_CLIENT|81.698.900-0|UC CHRISTUS - CECA,2022-07-23T01:15:12.703Z,fieldbeat_report_ticket_number
152475|1552,152475,1552,CORRECTIVA NO PROGRAMADA,FINISHED,FIELD_BEAT_CLIENT|81.698.900-0|UC CHRISTUS - CECA,2022-07-25T15:41:23.102Z,fieldbeat_report_ticket_number
650855|1553,650855,1553,CORRECTIVA NO PROGRAMADA,FINISHED,FIELD_BEAT_CLIENT|79.560.900-8|RADIO NUCLEAR,2022-07-27T20:20:26.721Z,fieldbeat_report_ticket_number
130783|1554,130783,1554,CORRECTIVA PROGRAMADA,FINISHED,FIELD_BEAT_CLIENT|70377400-8|FUNDACION ARTURO LOPEZ PEREZ,2022-07-29T00:53:26.829Z,fieldbeat_report_ticket_number
968806|1555,968806,1555,CORRECTIVA PROGRAMADA,FINISHED,FIELD_BEAT_CLIENT|61.608.404-6|Instituto Nacional del Cáncer (INC),2022-07-30T18:07:55.310Z,fieldbeat_report_ticket_number
0000|1556,0000,1556,CORRECTIVA NO PROGRAMADA,FINISHED,FIELD_BEAT_CLIENT|76.105.383-3|TORRE MÉDICA - RANCAGUA,2022-08-01T14:59:20.243Z,fieldbeat_report_ticket_number
0101|1557,0101,1557,CORRECTIVA NO PROGRAMADA,FINISHED,FIELD_BEAT_CLIENT|61.606.500-9|HOSPITAL CARLOS VAN BUREN (SSVSA),2022-08-01T23:25:15.359Z,fieldbeat_report_ticket_number
5555|1560,5555,1560,PREVENTIVA PROGRAMADA,FINISHED,FIELD_BEAT_CLIENT|61.606.500-9|ACME,2022-08-03T16:28:49.143Z,fieldbeat_report_ticket_number
9999|1561,9999,1561,CORRECTIVA PROGRAMADA,FINISHED,FIELD_BEAT_CLIENT|96.770.100-9|CLINICA ALEMANA DE SANTIAGO,2022-08-03T17:28:08.000Z,fieldbeat_report_ticket_number
777777|1562,777777,1562,CORRECTIVA PROGRAMADA,FINISHED,FIELD_BEAT_CLIENT|61.608.404-6|Instituto Nacional del Cáncer (INC),2022-08-03T22:41:53.650Z,fieldbeat_report_ticket_number
330260|1564,330260,1564,CORRECTIVA PROGRAMADA,FINISHED,FIELD_BEAT_CLIENT|61.606.500-9|HOSPITAL CARLOS VAN BUREN (SSVSA),2022-08-03T23:22:01.039Z,fieldbeat_report_ticket_number
9999999|1565,9999999,1565,CORRECTIVA NO PROGRAMADA,FINISHED,FIELD_BEAT_CLIENT|81.698.900-0|UC CHRISTUS - CECA,2022-08-04T23:21:06.373Z,fieldbeat_report_ticket_number
736046|1567,736046,1567,CORRECTIVA NO PROGRAMADA,FINISHED,FIELD_BEAT_CLIENT|93.930.000-7|CLÍNICA LAS CONDES,2022-08-05T14:44:36.532Z,fieldbeat_report_ticket_number
555|1568,555,1568,CORRECTIVA NO PROGRAMADA,FINISHED,FIELD_BEAT_CLIENT||ACME,2022-08-05T15:57:43.229Z,fieldbeat_report_ticket_number
727739|1579,727739,1579,CORRECTIVA PROGRAMADA,FINISHED,FIELD_BEAT_CLIENT|70377400-8|FUNDACION ARTURO LOPEZ PEREZ,2022-08-16T04:45:41.595Z,fieldbeat_report_ticket_number
672716|1582,672716,1582,ASISTENCIA REMOTA,FINISHED,FIELD_BEAT_CLIENT|70377400-8|FUNDACION ARTURO LOPEZ PEREZ,2022-08-17T15:51:56.112Z,fieldbeat_report_ticket_number
621172|1583,621172,1583,CORRECTIVA NO PROGRAMADA,FINISHED,FIELD_BEAT_CLIENT|70377400-8|FUNDACION ARTURO LOPEZ PEREZ,2022-08-17T21:29:07.698Z,fieldbeat_report_ticket_number
777777|1585,777777,1585,CORRECTIVA PROGRAMADA,FINISHED,FIELD_BEAT_CLIENT|61.608.404-6|Instituto Nacional del Cáncer (INC),2022-08-20T22:58:32.303Z,fieldbeat_report_ticket_number
0001|1586,0001,1586,INSTALACION - INTEGRACION,FINISHED,FIELD_BEAT_CLIENT|81.698.900-0|UC CHRISTUS - SCA,2022-08-22T22:08:55.485Z,fieldbeat_report_ticket_number
906153|1588,906153,1588,CORRECTIVA PROGRAMADA,FINISHED,FIELD_BEAT_CLIENT|70377400-8|FUNDACION ARTURO LOPEZ PEREZ,2022-08-23T23:28:40.607Z,fieldbeat_report_ticket_number
950403|1590,950403,1590,CORRECTIVA PROGRAMADA,FINISHED,FIELD_BEAT_CLIENT|61.606.500-9|HOSPITAL CARLOS VAN BUREN (SSVSA),2022-08-24T23:08:54.113Z,fieldbeat_report_ticket_number
9999|1596,9999,1596,REQUERIMIENTO DEL CLIENTE,FINISHED,FIELD_BEAT_CLIENT|93.930.000-7|CLÍNICA LAS CONDES,2022-08-26T20:50:36.006Z,fieldbeat_report_ticket_number
9999|1597,9999,1597,PUESTA EN MARCHA,FINISHED,FIELD_BEAT_CLIENT|93.930.000-7|CLÍNICA LAS CONDES,2022-08-29T00:12:59.069Z,fieldbeat_report_ticket_number
0101|1598,0101,1598,REQUERIMIENTO DEL CLIENTE,FINISHED,FIELD_BEAT_CLIENT|81.698.900-0|UC CHRISTUS - SCA,2022-08-29T16:32:15.679Z,fieldbeat_report_ticket_number
0101|1601,0101,1601,REQUERIMIENTO DEL CLIENTE,FINISHED,FIELD_BEAT_CLIENT|81.698.900-0|UC CHRISTUS - SCA,2022-08-30T14:21:51.984Z,fieldbeat_report_ticket_number
0101|1604,0101,1604,REQUERIMIENTO DEL CLIENTE,FINISHED,FIELD_BEAT_CLIENT|81.698.900-0|UC CHRISTUS - SCA,2022-08-31T15:10:16.412Z,fieldbeat_report_ticket_number
9999|1605,9999,1605,CORRECTIVA NO PROGRAMADA,FINISHED,FIELD_BEAT_CLIENT|96.770.100-9|CLINICA ALEMANA DE SANTIAGO,2022-08-31T18:10:48.236Z,fieldbeat_report_ticket_number
0101|1606,0101,1606,REQUERIMIENTO DEL CLIENTE,FINISHED,FIELD_BEAT_CLIENT|81.698.900-0|UC CHRISTUS - SCA,2022-09-01T15:32:24.640Z,fieldbeat_report_ticket_number
677843|1607,677843,1607,REQUERIMIENTO DEL CLIENTE,FINISHED,FIELD_BEAT_CLIENT|61.606.500-9|HOSPITAL CARLOS VAN BUREN (SSVSA),2022-09-01T21:21:33.831Z,fieldbeat_report_ticket_number
0101|1608,0101,1608,REQUERIMIENTO DEL CLIENTE,FINISHED,FIELD_BEAT_CLIENT|81.698.900-0|UC CHRISTUS - SCA,2022-09-02T14:19:39.069Z,fieldbeat_report_ticket_number
531163|1609,531163,1609,CORRECTIVA PROGRAMADA,FINISHED,FIELD_BEAT_CLIENT|96.770.100-9|CLINICA ALEMANA DE SANTIAGO,2022-09-02T20:35:58.095Z,fieldbeat_report_ticket_number
346827|1610,346827,1610,CORRECTIVA NO PROGRAMADA,FINISHED,FIELD_BEAT_CLIENT|96.757.430-9|INRAD,2022-09-05T20:57:27.396Z,fieldbeat_report_ticket_number
777777|1611,777777,1611,CORRECTIVA PROGRAMADA,FINISHED,FIELD_BEAT_CLIENT|61.608.404-6|Instituto Nacional del Cáncer (INC),2022-09-08T00:03:06.983Z,fieldbeat_report_ticket_number
661775|1612,661775,1612,CORRECTIVA PROGRAMADA,FINISHED,FIELD_BEAT_CLIENT|70377400-8|FUNDACION ARTURO LOPEZ PEREZ,2022-09-09T02:03:26.316Z,fieldbeat_report_ticket_number
777777|1613,777777,1613,CORRECTIVA PROGRAMADA,FINISHED,FIELD_BEAT_CLIENT|61.608.404-6|Instituto Nacional del Cáncer (INC),2022-09-09T21:31:08.091Z,fieldbeat_report_ticket_number
9999|1614,9999,1614,CORRECTIVA PROGRAMADA,FINISHED,FIELD_BEAT_CLIENT|96.770.100-9|CLINICA ALEMANA DE SANTIAGO,2022-09-09T22:46:39.742Z,fieldbeat_report_ticket_number
5|1615,5,1615,CORRECTIVA PROGRAMADA,FINISHED,FIELD_BEAT_CLIENT|76.089.058-8|EYG MEDICAL SYSTEMS LTDA.,2022-09-09T23:00:55.627Z,fieldbeat_report_ticket_number
11540|1616,11540,1616,CORRECTIVA PROGRAMADA,FINISHED,FIELD_BEAT_CLIENT|93.930.000-7|CLÍNICA LAS CONDES,2022-09-12T11:50:18.947Z,fieldbeat_report_ticket_number
9999|1617,9999,1617,CORRECTIVA NO PROGRAMADA,FINISHED,FIELD_BEAT_CLIENT|81.698.900-0|UC CHRISTUS - CECA,2022-09-13T00:35:46.026Z,fieldbeat_report_ticket_number
574768|1618,574768,1618,CORRECTIVA NO PROGRAMADA,FINISHED,FIELD_BEAT_CLIENT|61.608.404-6|Instituto Nacional del Cáncer (INC),2022-09-14T12:45:30.412Z,fieldbeat_report_ticket_number
451216|1621,451216,1621,CORRECTIVA NO PROGRAMADA,FINISHED,FIELD_BEAT_CLIENT|81.698.900-0|UC CHRISTUS - CECA,2022-09-15T01:29:24.522Z,fieldbeat_report_ticket_number
0101|1622,0101,1622,,FINISHED,FIELD_BEAT_CLIENT|61.606.500-9|HOSPITAL CARLOS VAN BUREN (SSVSA),2022-09-15T10:22:34.898Z,fieldbeat_report_ticket_number
222061|1627,222061,1627,CORRECTIVA NO PROGRAMADA,FINISHED,FIELD_BEAT_CLIENT|61.608.404-6|Instituto Nacional del Cáncer (INC),2022-09-20T18:56:09.622Z,fieldbeat_report_ticket_number
697208|1628,697208,1628,CORRECTIVA NO PROGRAMADA,FINISHED,FIELD_BEAT_CLIENT|61.608.404-6|Instituto Nacional del Cáncer (INC),2022-09-21T18:26:19.948Z,fieldbeat_report_ticket_number
166809|1629,166809,1629,CORRECTIVA PROGRAMADA,FINISHED,FIELD_BEAT_CLIENT|93.930.000-7|CLÍNICA LAS CONDES,2022-09-21T23:11:21.264Z,fieldbeat_report_ticket_number
312736|1631,312736,1631,CORRECTIVA NO PROGRAMADA,FINISHED,FIELD_BEAT_CLIENT|81.698.900-0|UC CHRISTUS - CECA,2022-09-22T14:39:43.470Z,fieldbeat_report_ticket_number
9999|1633,9999,1633,PREVENTIVA PROGRAMADA,FINISHED,FIELD_BEAT_CLIENT|61.605.000-1|INSTITUTO DE SALUD PUBLICA (ISP),2022-09-22T17:48:33.968Z,fieldbeat_report_ticket_number
777777|1634,777777,1634,CORRECTIVA NO PROGRAMADA,FINISHED,FIELD_BEAT_CLIENT|61.608.404-6|Instituto Nacional del Cáncer (INC),2022-09-22T23:17:03.325Z,fieldbeat_report_ticket_number
639161|1636,639161,1636,CORRECTIVA NO PROGRAMADA,FINISHED,FIELD_BEAT_CLIENT|93.930.000-7|CLÍNICA LAS CONDES,2022-09-23T16:27:48.844Z,fieldbeat_report_ticket_number
575784|1637,575784,1637,CORRECTIVA NO PROGRAMADA,FINISHED,FIELD_BEAT_CLIENT|70377400-8|FUNDACION ARTURO LOPEZ PEREZ,2022-09-23T21:50:41.669Z,fieldbeat_report_ticket_number
777777|1638,777777,1638,CORRECTIVA NO PROGRAMADA,FINISHED,FIELD_BEAT_CLIENT|61.608.404-6|Instituto Nacional del Cáncer (INC),2022-09-24T00:05:11.803Z,fieldbeat_report_ticket_number
620100|1640,620100,1640,CORRECTIVA PROGRAMADA,FINISHED,FIELD_BEAT_CLIENT|93.930.000-7|CLÍNICA LAS CONDES,2022-09-27T01:10:56.622Z,fieldbeat_report_ticket_number
326647|1641,326647,1641,CORRECTIVA NO PROGRAMADA,FINISHED,FIELD_BEAT_CLIENT|61.608.404-6|Instituto Nacional del Cáncer (INC),2022-09-28T12:25:02.327Z,fieldbeat_report_ticket_number
9999|1642,9999,1642,CORRECTIVA PROGRAMADA,FINISHED,FIELD_BEAT_CLIENT|61.605.000-1|INSTITUTO DE SALUD PUBLICA (ISP),2022-09-28T16:36:22.496Z,fieldbeat_report_ticket_number
536165|1645,536165,1645,CORRECTIVA PROGRAMADA,FINISHED,FIELD_BEAT_CLIENT|61.606.500-9|HOSPITAL CARLOS VAN BUREN (SSVSA),2022-09-29T11:43:46.632Z,fieldbeat_report_ticket_number
9999|1646,9999,1646,CORRECTIVA NO PROGRAMADA,FINISHED,FIELD_BEAT_CLIENT|96.770.100-9|CLINICA ALEMANA DE SANTIAGO,2022-09-29T15:07:55.007Z,fieldbeat_report_ticket_number
129036|1648,129036,1648,CORRECTIVA PROGRAMADA,FINISHED,FIELD_BEAT_CLIENT|93.930.000-7|CLÍNICA LAS CONDES,2022-09-30T00:29:12.079Z,fieldbeat_report_ticket_number
224161|1649,224161,1649,CORRECTIVA NO PROGRAMADA,FINISHED,FIELD_BEAT_CLIENT|96.757.430-9|INRAD,2022-09-30T15:32:02.874Z,fieldbeat_report_ticket_number
129036|1654,129036,1654,CORRECTIVA PROGRAMADA,FINISHED,FIELD_BEAT_CLIENT|93.930.000-7|CLÍNICA LAS CONDES,2022-10-04T16:23:27.717Z,fieldbeat_report_ticket_number
888917|1655,888917,1655,CORRECTIVA NO PROGRAMADA,FINISHED,FIELD_BEAT_CLIENT|70377400-8|FUNDACION ARTURO LOPEZ PEREZ,2022-10-05T13:13:53.602Z,fieldbeat_report_ticket_number
804518|1657,804518,1657,CORRECTIVA PROGRAMADA,FINISHED,FIELD_BEAT_CLIENT|81.698.900-0|UC CHRISTUS - SCA,2022-10-05T23:41:31.474Z,fieldbeat_report_ticket_number
777777|1658,777777,1658,PREVENTIVA PROGRAMADA,FINISHED,FIELD_BEAT_CLIENT|61.608.404-6|Instituto Nacional del Cáncer (INC),2022-10-07T22:26:51.268Z,fieldbeat_report_ticket_number
0101|1659,0101,1659,CORRECTIVA NO PROGRAMADA,FINISHED,FIELD_BEAT_CLIENT|61.606.500-9|HOSPITAL CARLOS VAN BUREN (SSVSA),2022-10-11T18:16:11.780Z,fieldbeat_report_ticket_number
0101|1660,0101,1660,CORRECTIVA NO PROGRAMADA,FINISHED,FIELD_BEAT_CLIENT|61.606.500-9|HOSPITAL CARLOS VAN BUREN (SSVSA),2022-10-12T11:39:11.076Z,fieldbeat_report_ticket_number
292917|1667,292917,1667,CORRECTIVA PROGRAMADA,FINISHED,FIELD_BEAT_CLIENT|81.698.900-0|UC CHRISTUS - SCA,2022-10-13T17:41:18.555Z,fieldbeat_report_ticket_number
386771|1668,386771,1668,CORRECTIVA NO PROGRAMADA,FINISHED,FIELD_BEAT_CLIENT|70377400-8|FUNDACION ARTURO LOPEZ PEREZ,2022-10-15T18:28:08.340Z,fieldbeat_report_ticket_number
596438|1669,596438,1669,CORRECTIVA NO PROGRAMADA,FINISHED,FIELD_BEAT_CLIENT|70377400-8|FUNDACION ARTURO LOPEZ PEREZ,2022-10-16T18:06:48.854Z,fieldbeat_report_ticket_number
386771|1671,386771,1671,CORRECTIVA NO PROGRAMADA,FINISHED,FIELD_BEAT_CLIENT|70377400-8|FUNDACION ARTURO LOPEZ PEREZ,2022-10-17T16:10:31.079Z,fieldbeat_report_ticket_number
692161|1672,692161,1672,CORRECTIVA NO PROGRAMADA,FINISHED,FIELD_BEAT_CLIENT|96.770.100-9|CLINICA ALEMANA DE SANTIAGO,2022-10-17T22:27:03.330Z,fieldbeat_report_ticket_number
475039|1674,475039,1674,CORRECTIVA NO PROGRAMADA,FINISHED,FIELD_BEAT_CLIENT|61.608.404-6|Instituto Nacional del Cáncer (INC),2022-10-20T15:21:34.377Z,fieldbeat_report_ticket_number
596438|1675,596438,1675,CORRECTIVA PROGRAMADA,FINISHED,FIELD_BEAT_CLIENT|70377400-8|FUNDACION ARTURO LOPEZ PEREZ,2022-10-21T00:57:24.526Z,fieldbeat_report_ticket_number
9999|1678,9999,1678,CORRECTIVA PROGRAMADA,FINISHED,FIELD_BEAT_CLIENT|96.770.100-9|CLINICA ALEMANA DE SANTIAGO,2022-10-21T19:32:51.183Z,fieldbeat_report_ticket_number
9999|1679,9999,1679,PREVENTIVA PROGRAMADA,FINISHED,FIELD_BEAT_CLIENT|96.770.100-9|CLINICA ALEMANA DE SANTIAGO,2022-10-21T21:36:45.057Z,fieldbeat_report_ticket_number
650403|1680,650403,1680,CORRECTIVA PROGRAMADA,FINISHED,FIELD_BEAT_CLIENT|70377400-8|FUNDACION ARTURO LOPEZ PEREZ,2022-10-22T14:04:29.572Z,fieldbeat_report_ticket_number
475039|1681,475039,1681,CORRECTIVA NO PROGRAMADA,FINISHED,FIELD_BEAT_CLIENT|61.608.404-6|Instituto Nacional del Cáncer (INC),2022-10-24T12:19:24.035Z,fieldbeat_report_ticket_number
599484|1682,599484,1682,CORRECTIVA NO PROGRAMADA,FINISHED,FIELD_BEAT_CLIENT|61.608.404-6|Instituto Nacional del Cáncer (INC),2022-10-24T12:38:02.739Z,fieldbeat_report_ticket_number
236942|1691,236942,1691,CORRECTIVA PROGRAMADA,FINISHED,FIELD_BEAT_CLIENT|96.757.430-9|INRAD,2022-10-28T14:41:11.413Z,fieldbeat_report_ticket_number
235361|1702,235361,1702,CORRECTIVA PROGRAMADA,FINISHED,FIELD_BEAT_CLIENT|81.698.900-0|UC CHRISTUS - CECA,2022-11-03T13:11:18.662Z,fieldbeat_report_ticket_number
236644|1704,236644,1704,CORRECTIVA PROGRAMADA,FINISHED,FIELD_BEAT_CLIENT|96.770.100-9|CLINICA ALEMANA DE SANTIAGO,2022-11-03T13:19:28.843Z,fieldbeat_report_ticket_number
9999|1705,9999,1705,CORRECTIVA NO PROGRAMADA,FINISHED,FIELD_BEAT_CLIENT|96.770.100-9|CLINICA ALEMANA DE SANTIAGO,2022-11-03T13:28:10.187Z,fieldbeat_report_ticket_number
523761|1709,523761,1709,CORRECTIVA PROGRAMADA,FINISHED,FIELD_BEAT_CLIENT|81.698.900-0|UC CHRISTUS - SCA,2022-11-07T15:13:55.708Z,fieldbeat_report_ticket_number
9999|1710,9999,1710,CORRECTIVA NO PROGRAMADA,FINISHED,FIELD_BEAT_CLIENT|96.770.100-9|CLINICA ALEMANA DE SANTIAGO,2022-11-08T11:38:09.226Z,fieldbeat_report_ticket_number
879223|1714,879223,1714,CORRECTIVA PROGRAMADA,FINISHED,FIELD_BEAT_CLIENT|81.698.900-0|UC CHRISTUS - SCA,2022-11-10T12:36:19.853Z,fieldbeat_report_ticket_number
777777|1715,777777,1715,ASISTENCIA REMOTA,FINISHED,FIELD_BEAT_CLIENT|61.606.500-9|ACME,2022-11-10T16:17:09.849Z,fieldbeat_report_ticket_number
777777|1716,777777,1716,ASISTENCIA REMOTA,FINISHED,FIELD_BEAT_CLIENT|61.606.500-9|ACME,2022-11-10T16:17:09.849Z,fieldbeat_report_ticket_number
9999|1717,9999,1717,CORRECTIVA NO PROGRAMADA,FINISHED,FIELD_BEAT_CLIENT|93.930.000-7|CLÍNICA LAS CONDES,2022-11-11T15:12:09.509Z,fieldbeat_report_ticket_number
777777|1724,777777,1724,CORRECTIVA PROGRAMADA,FINISHED,FIELD_BEAT_CLIENT|61.608.404-6|Instituto Nacional del Cáncer (INC),2022-11-14T11:40:47.766Z,fieldbeat_report_ticket_number
0101|1728,0101,1728,CORRECTIVA NO PROGRAMADA,FINISHED,FIELD_BEAT_CLIENT|61.606.500-9|HOSPITAL CARLOS VAN BUREN (SSVSA),2022-11-16T22:20:19.345Z,fieldbeat_report_ticket_number
0101|1729,0101,1729,CORRECTIVA NO PROGRAMADA,FINISHED,FIELD_BEAT_CLIENT|61.606.500-9|HOSPITAL CARLOS VAN BUREN (SSVSA),2022-11-16T22:39:19.244Z,fieldbeat_report_ticket_number
814601|1732,814601,1732,CORRECTIVA NO PROGRAMADA,FINISHED,FIELD_BEAT_CLIENT|96.770.100-9|CLINICA ALEMANA DE SANTIAGO,2022-11-18T12:05:39.622Z,fieldbeat_report_ticket_number
9999|1734,9999,1734,PREVENTIVA PROGRAMADA,FINISHED,FIELD_BEAT_CLIENT|96.770.100-9|CLINICA ALEMANA DE SANTIAGO,2022-11-18T20:46:11.226Z,fieldbeat_report_ticket_number
9999|1735,9999,1735,PREVENTIVA PROGRAMADA,FINISHED,FIELD_BEAT_CLIENT|96.770.100-9|CLINICA ALEMANA DE SANTIAGO,2022-11-18T20:47:56.424Z,fieldbeat_report_ticket_number
0|1738,0,1738,PREVENTIVA PROGRAMADA,FINISHED,FIELD_BEAT_CLIENT|96.757.430-9|INRAD,2022-11-21T12:32:22.429Z,fieldbeat_report_ticket_number
0000|1741,0000,1741,CORRECTIVA PROGRAMADA,FINISHED,FIELD_BEAT_CLIENT|61.606.500-9|HOSPITAL CARLOS VAN BUREN (SSVSA),2022-11-22T13:31:06.264Z,fieldbeat_report_ticket_number
0000|1742,0000,1742,CORRECTIVA NO PROGRAMADA,FINISHED,FIELD_BEAT_CLIENT|61.606.500-9|HOSPITAL CARLOS VAN BUREN (SSVSA),2022-11-22T15:34:05.409Z,fieldbeat_report_ticket_number
0000|1747,0000,1747,ASISTENCIA REMOTA,FINISHED,FIELD_BEAT_CLIENT|61.606.500-9|HOSPITAL CARLOS VAN BUREN (SSVSA),2022-11-29T00:43:44.780Z,fieldbeat_report_ticket_number
0000|1748,0000,1748,CORRECTIVA NO PROGRAMADA,FINISHED,FIELD_BEAT_CLIENT|61.606.500-9|HOSPITAL CARLOS VAN BUREN (SSVSA),2022-11-29T12:10:46.538Z,fieldbeat_report_ticket_number
0000|1749,0000,1749,CORRECTIVA NO PROGRAMADA,FINISHED,FIELD_BEAT_CLIENT|61.606.500-9|HOSPITAL CARLOS VAN BUREN (SSVSA),2022-11-29T12:22:41.141Z,fieldbeat_report_ticket_number
307865|1751,307865,1751,CORRECTIVA NO PROGRAMADA,FINISHED,FIELD_BEAT_CLIENT|61.607.901-8|SERVICIO DE SALUD DE MAGALLANES,2022-12-01T13:06:00.018Z,fieldbeat_report_ticket_number
777777|1752,777777,1752,PREVENTIVA PROGRAMADA,FINISHED,FIELD_BEAT_CLIENT|61.608.404-6|Instituto Nacional del Cáncer (INC),2022-12-02T10:31:53.337Z,fieldbeat_report_ticket_number
0000|1754,0000,1754,REQUERIMIENTO DEL CLIENTE,FINISHED,FIELD_BEAT_CLIENT|70377400-8|FUNDACION ARTURO LOPEZ PEREZ,2022-12-02T18:25:15.833Z,fieldbeat_report_ticket_number
0000|1756,0000,1756,CORRECTIVA NO PROGRAMADA,FINISHED,FIELD_BEAT_CLIENT|81.698.900-0|UC CHRISTUS - CECA,2022-12-05T12:27:04.830Z,fieldbeat_report_ticket_number
0000|1757,0000,1757,PREVENTIVA PROGRAMADA,FINISHED,FIELD_BEAT_CLIENT|70377400-8|FUNDACION ARTURO LOPEZ PEREZ,2022-12-05T17:00:51.645Z,fieldbeat_report_ticket_number
409561|1758,409561,1758,CORRECTIVA PROGRAMADA,FINISHED,FIELD_BEAT_CLIENT|81.698.900-0|UC CHRISTUS - CECA,2022-12-07T19:48:10.469Z,fieldbeat_report_ticket_number
0000|1763,0000,1763,CORRECTIVA NO PROGRAMADA,FINISHED,FIELD_BEAT_CLIENT|61.608.404-6|Instituto Nacional del Cáncer (INC),2022-12-12T14:25:33.381Z,fieldbeat_report_ticket_number
883797|1764,883797,1764,CORRECTIVA NO PROGRAMADA,FINISHED,FIELD_BEAT_CLIENT|96.757.430-9|INRAD,2022-12-13T22:07:55.829Z,fieldbeat_report_ticket_number
444689|1767,444689,1767,CORRECTIVA NO PROGRAMADA,FINISHED,FIELD_BEAT_CLIENT|61.607.901-8|SERVICIO DE SALUD DE MAGALLANES,2022-12-15T15:04:19.931Z,fieldbeat_report_ticket_number
0000|1768,0000,1768,CORRECTIVA NO PROGRAMADA,FINISHED,FIELD_BEAT_CLIENT|96.770.100-9|CLINICA ALEMANA DE SANTIAGO,2022-12-15T15:59:40.219Z,fieldbeat_report_ticket_number
287369|1770,287369,1770,CORRECTIVA PROGRAMADA,FINISHED,FIELD_BEAT_CLIENT|81.698.900-0|UC CHRISTUS - SCA,2022-12-19T19:56:02.180Z,fieldbeat_report_ticket_number
456444|1771,456444,1771,CORRECTIVA PROGRAMADA,FINISHED,FIELD_BEAT_CLIENT|96.770.100-9|CLINICA ALEMANA DE SANTIAGO,2022-12-20T16:29:13.370Z,fieldbeat_report_ticket_number
793080|1772,793080,1772,CORRECTIVA NO PROGRAMADA,FINISHED,FIELD_BEAT_CLIENT|96.770.100-9|CLINICA ALEMANA DE SANTIAGO,2022-12-20T16:35:46.985Z,fieldbeat_report_ticket_number
904418|1774,904418,1774,CORRECTIVA PROGRAMADA,FINISHED,FIELD_BEAT_CLIENT|61.606.500-9|HOSPITAL CARLOS VAN BUREN (SSVSA),2022-12-21T14:36:05.912Z,fieldbeat_report_ticket_number
9999|1778,9999,1778,CORRECTIVA PROGRAMADA,FINISHED,FIELD_BEAT_CLIENT|96.770.100-9|CLINICA ALEMANA DE SANTIAGO,2022-12-26T20:54:22.003Z,fieldbeat_report_ticket_number
00001|1780,00001,1780,INSTALACION - INTEGRACION,FINISHED,FIELD_BEAT_CLIENT|81.698.900-0|UC CHRISTUS - CECA,2022-12-27T19:07:13.336Z,fieldbeat_report_ticket_number
000000|1781,000000,1781,ASISTENCIA REMOTA,FINISHED,FIELD_BEAT_CLIENT|79.560.900-8|RADIO NUCLEAR,2022-12-28T15:53:59.313Z,fieldbeat_report_ticket_number
428746|1783,428746,1783,REQUERIMIENTO DEL CLIENTE,FINISHED,FIELD_BEAT_CLIENT|70377400-8|FUNDACION ARTURO LOPEZ PEREZ,2022-12-29T12:29:17.344Z,fieldbeat_report_ticket_number
136342|1784,136342,1784,ASISTENCIA REMOTA,FINISHED,FIELD_BEAT_CLIENT|76.746.730-3|CLÍNICA SANATORIO ALEMÁN (ONCORAD),2022-12-29T14:00:48.240Z,fieldbeat_report_ticket_number
942847|1785,942847,1785,REQUERIMIENTO DEL CLIENTE,FINISHED,FIELD_BEAT_CLIENT|70377400-8|FUNDACION ARTURO LOPEZ PEREZ,2022-12-29T14:28:29.301Z,fieldbeat_report_ticket_number
000|1788,000,1788,CORRECTIVA NO PROGRAMADA,FINISHED,FIELD_BEAT_CLIENT|61.606.500-9|HOSPITAL CARLOS VAN BUREN (SSVSA),2023-01-04T08:57:08.686Z,fieldbeat_report_ticket_number
0001|1789,0001,1789,INSTALACION - INTEGRACION,FINISHED,FIELD_BEAT_CLIENT|93.930.000-7|CLÍNICA LAS CONDES,2023-01-04T18:16:19.426Z,fieldbeat_report_ticket_number
0001|1792,0001,1792,INSTALACION - INTEGRACION,FINISHED,FIELD_BEAT_CLIENT|81.698.900-0|UC CHRISTUS - CECA,2023-01-05T18:25:31.423Z,fieldbeat_report_ticket_number
642619|1793,642619,1793,INSTALACION - INTEGRACION,FINISHED,FIELD_BEAT_CLIENT|96.770.100-9|CLINICA ALEMANA DE SANTIAGO,2023-01-06T17:39:05.470Z,fieldbeat_report_ticket_number
777777|1795,777777,1795,CORRECTIVA NO PROGRAMADA,FINISHED,FIELD_BEAT_CLIENT|81.698.900-0|UC CHRISTUS - CECA,2023-01-09T14:44:27.103Z,fieldbeat_report_ticket_number
391499|1796,391499,1796,REQUERIMIENTO DEL CLIENTE,FINISHED,FIELD_BEAT_CLIENT|70377400-8|FUNDACION ARTURO LOPEZ PEREZ,2023-01-09T14:52:26.082Z,fieldbeat_report_ticket_number
856787|1797,856787,1797,CORRECTIVA PROGRAMADA,FINISHED,FIELD_BEAT_CLIENT|81.698.900-0|UC CHRISTUS - CECA,2023-01-10T01:20:42.928Z,fieldbeat_report_ticket_number
777777|1799,777777,1799,CORRECTIVA NO PROGRAMADA,FINISHED,FIELD_BEAT_CLIENT|70377400-8|FUNDACION ARTURO LOPEZ PEREZ,2023-01-11T20:50:10.208Z,fieldbeat_report_ticket_number
260481|1801,260481,1801,CORRECTIVA NO PROGRAMADA,FINISHED,FIELD_BEAT_CLIENT|76.746.730-3|CLÍNICA SANATORIO ALEMÁN (ONCORAD),2023-01-12T12:36:41.696Z,fieldbeat_report_ticket_number
837833|1802,837833,1802,CORRECTIVA PROGRAMADA,FINISHED,FIELD_BEAT_CLIENT|81.698.900-0|UC CHRISTUS - CECA,2023-01-12T14:12:39.349Z,fieldbeat_report_ticket_number
323448|1803,323448,1803,CORRECTIVA NO PROGRAMADA,FINISHED,FIELD_BEAT_CLIENT|76.746.730-3|CLÍNICA SANATORIO ALEMÁN (ONCORAD),2023-01-12T19:34:00.587Z,fieldbeat_report_ticket_number
893689|1804,893689,1804,CORRECTIVA NO PROGRAMADA,FINISHED,FIELD_BEAT_CLIENT|96.770.100-9|CLINICA ALEMANA DE SANTIAGO,2023-01-16T10:57:15.483Z,fieldbeat_report_ticket_number
0101|1806,0101,1806,CORRECTIVA NO PROGRAMADA,FINISHED,FIELD_BEAT_CLIENT|96.770.100-9|CLINICA ALEMANA DE SANTIAGO,2023-01-19T11:57:57.491Z,fieldbeat_report_ticket_number
777777|1807,777777,1807,CORRECTIVA PROGRAMADA,FINISHED,FIELD_BEAT_CLIENT|61.608.404-6|Instituto Nacional del Cáncer (INC),2023-01-20T20:24:52.143Z,fieldbeat_report_ticket_number
0000|1808,0000,1808,PREVENTIVA PROGRAMADA,FINISHED,FIELD_BEAT_CLIENT|61.606.500-9|HOSPITAL CARLOS VAN BUREN (SSVSA),2023-01-20T22:01:49.720Z,fieldbeat_report_ticket_number
916830|1809,916830,1809,CORRECTIVA PROGRAMADA,FINISHED,FIELD_BEAT_CLIENT|61.606.500-9|HOSPITAL CARLOS VAN BUREN (SSVSA),2023-01-20T22:04:36.324Z,fieldbeat_report_ticket_number
0101|1810,0101,1810,CORRECTIVA PROGRAMADA,FINISHED,FIELD_BEAT_CLIENT|61.606.500-9|HOSPITAL CARLOS VAN BUREN (SSVSA),2023-01-20T22:19:21.825Z,fieldbeat_report_ticket_number
513749|1815,513749,1815,CORRECTIVA PROGRAMADA,FINISHED,FIELD_BEAT_CLIENT|96.770.100-9|CLINICA ALEMANA DE SANTIAGO,2023-01-23T20:23:12.054Z,fieldbeat_report_ticket_number
9999|1818,9999,1818,CORRECTIVA PROGRAMADA,FINISHED,FIELD_BEAT_CLIENT|93.930.000-7|CLÍNICA LAS CONDES,2023-01-25T14:16:24.110Z,fieldbeat_report_ticket_number
00001|1819,00001,1819,ASISTENCIA REMOTA,FINISHED,FIELD_BEAT_CLIENT|79.560.900-8|RADIO NUCLEAR,2023-01-25T19:16:38.008Z,fieldbeat_report_ticket_number
0000|1822,0000,1822,PREVENTIVA PROGRAMADA,FINISHED,FIELD_BEAT_CLIENT|61.606.500-9|HOSPITAL CARLOS VAN BUREN (SSVSA),2023-01-28T15:00:17.297Z,fieldbeat_report_ticket_number
158251|1825,158251,1825,CORRECTIVA PROGRAMADA,FINISHED,FIELD_BEAT_CLIENT|70377400-8|FUNDACION ARTURO LOPEZ PEREZ,2023-02-02T12:31:26.653Z,fieldbeat_report_ticket_number
777777|1828,777777,1828,PREVENTIVA PROGRAMADA,FINISHED,FIELD_BEAT_CLIENT|61.608.404-6|Instituto Nacional del Cáncer (INC),2023-02-03T12:09:16.792Z,fieldbeat_report_ticket_number
9999|1829,9999,1829,CORRECTIVA NO PROGRAMADA,FINISHED,FIELD_BEAT_CLIENT|96.770.100-9|CLINICA ALEMANA DE SANTIAGO,2023-02-03T17:18:47.191Z,fieldbeat_report_ticket_number
9999|1841,9999,1841,ASISTENCIA REMOTA,FINISHED,FIELD_BEAT_CLIENT|81.698.900-0|UC CHRISTUS - SCA,2023-02-13T22:13:12.625Z,fieldbeat_report_ticket_number
555|1842,555,1842,INSTALACION - INTEGRACION,FINISHED,FIELD_BEAT_CLIENT|61.606.500-9|ACME,2023-02-15T18:00:34.489Z,fieldbeat_report_ticket_number
777777|1853,777777,1853,,FINISHED,FIELD_BEAT_CLIENT||SERVICIO DE SALUD DE MAGALLANES,2023-02-22T13:25:20.825Z,fieldbeat_report_ticket_number
534360|1855,534360,1855,CORRECTIVA PROGRAMADA,FINISHED,FIELD_BEAT_CLIENT|81.698.900-0|UC CHRISTUS - CECA,2023-02-22T21:25:43.111Z,fieldbeat_report_ticket_number
866043|1859,866043,1859,CORRECTIVA PROGRAMADA,FINISHED,FIELD_BEAT_CLIENT|81.698.900-0|UC CHRISTUS - SCA,2023-02-24T19:36:26.612Z,fieldbeat_report_ticket_number
596917|1861,596917,1861,CORRECTIVA PROGRAMADA,FINISHED,FIELD_BEAT_CLIENT|93.930.000-7|CLÍNICA LAS CONDES,2023-02-28T15:25:52.337Z,fieldbeat_report_ticket_number
387287|1862,387287,1862,CORRECTIVA PROGRAMADA,FINISHED,FIELD_BEAT_CLIENT|61.608.404-6|Instituto Nacional del Cáncer (INC),2023-03-01T12:10:07.936Z,fieldbeat_report_ticket_number
9999|1872,9999,1872,PREVENTIVA PROGRAMADA,FINISHED,FIELD_BEAT_CLIENT|96.770.100-9|CLINICA ALEMANA DE SANTIAGO,2023-03-10T20:44:23.290Z,fieldbeat_report_ticket_number
9999|1873,9999,1873,PREVENTIVA PROGRAMADA,FINISHED,FIELD_BEAT_CLIENT|96.770.100-9|CLINICA ALEMANA DE SANTIAGO,2023-03-10T20:46:38.896Z,fieldbeat_report_ticket_number
154919|1874,154919,1874,CORRECTIVA PROGRAMADA,FINISHED,FIELD_BEAT_CLIENT|81.698.900-0|UC CHRISTUS - SCA,2023-03-10T22:39:47.191Z,fieldbeat_report_ticket_number
0000|1875,0000,1875,CORRECTIVA NO PROGRAMADA,FINISHED,FIELD_BEAT_CLIENT|70377400-8|FUNDACION ARTURO LOPEZ PEREZ,2023-03-13T14:25:09.419Z,fieldbeat_report_ticket_number
165181|1876,165181,1876,CORRECTIVA PROGRAMADA,FINISHED,FIELD_BEAT_CLIENT|70377400-8|FUNDACION ARTURO LOPEZ PEREZ,2023-03-13T18:54:19.580Z,fieldbeat_report_ticket_number
777777|1878,777777,1878,CORRECTIVA PROGRAMADA,FINISHED,FIELD_BEAT_CLIENT|76.105.383-3|TORRE MÉDICA - RANCAGUA,2023-03-16T18:38:48.503Z,fieldbeat_report_ticket_number
777777|1879,777777,1879,CORRECTIVA PROGRAMADA,FINISHED,FIELD_BEAT_CLIENT|76.105.383-3|TORRE MÉDICA - RANCAGUA,2023-03-16T18:38:48.503Z,fieldbeat_report_ticket_number
566974|1882,566974,1882,PREVENTIVA PROGRAMADA,FINISHED,FIELD_BEAT_CLIENT|70377400-8|FUNDACION ARTURO LOPEZ PEREZ,2023-03-17T19:33:22.731Z,fieldbeat_report_ticket_number
777777|1883,777777,1883,CORRECTIVA PROGRAMADA,FINISHED,FIELD_BEAT_CLIENT|81.698.900-0|UC CHRISTUS - CECA,2023-03-17T19:34:22.295Z,fieldbeat_report_ticket_number
0101|1885,0101,1885,PREVENTIVA PROGRAMADA,FINISHED,FIELD_BEAT_CLIENT|61.605.000-1|INSTITUTO DE SALUD PUBLICA (ISP),2023-03-22T19:21:58.310Z,fieldbeat_report_ticket_number
45|1891,45,1891,PREVENTIVA PROGRAMADA,FINISHED,FIELD_BEAT_CLIENT|61.606.500-9|ACME,2023-03-23T17:04:00.374Z,fieldbeat_report_ticket_number
45|1893,45,1893,PREVENTIVA PROGRAMADA,FINISHED,FIELD_BEAT_CLIENT|61.606.500-9|ACME,2023-03-23T17:09:36.700Z,fieldbeat_report_ticket_number
0000|1894,0000,1894,CORRECTIVA NO PROGRAMADA,FINISHED,FIELD_BEAT_CLIENT|61.606.500-9|HOSPITAL CARLOS VAN BUREN (SSVSA),2023-03-23T19:42:01.343Z,fieldbeat_report_ticket_number
693481|1895,693481,1895,CORRECTIVA PROGRAMADA,FINISHED,FIELD_BEAT_CLIENT|81.698.900-0|UC CHRISTUS - SCA,2023-03-23T23:06:10.295Z,fieldbeat_report_ticket_number
777777|1900,777777,1900,CORRECTIVA PROGRAMADA,FINISHED,FIELD_BEAT_CLIENT|70377400-8|FUNDACION ARTURO LOPEZ PEREZ,2023-03-27T13:28:25.418Z,fieldbeat_report_ticket_number
9999|1902,9999,1902,PREVENTIVA PROGRAMADA,FINISHED,FIELD_BEAT_CLIENT|96.757.430-9|INRAD,2023-03-29T19:43:45.178Z,fieldbeat_report_ticket_number
455697|1903,455697,1903,CORRECTIVA NO PROGRAMADA,FINISHED,FIELD_BEAT_CLIENT|61.607.901-8|SERVICIO DE SALUD DE MAGALLANES,2023-03-30T13:01:54.328Z,fieldbeat_report_ticket_number
603295|1906,603295,1906,CORRECTIVA NO PROGRAMADA,FINISHED,FIELD_BEAT_CLIENT|61.606.500-9|HOSPITAL CARLOS VAN BUREN (SSVSA),2023-03-30T18:14:06.836Z,fieldbeat_report_ticket_number
544858|1907,544858,1907,CORRECTIVA PROGRAMADA,FINISHED,FIELD_BEAT_CLIENT|93.930.000-7|CLÍNICA LAS CONDES,2023-03-31T15:28:42.781Z,fieldbeat_report_ticket_number
001|1908,001,1908,CORRECTIVA PROGRAMADA,FINISHED,FIELD_BEAT_CLIENT|96.770.100-9|CLINICA ALEMANA DE SANTIAGO,2023-03-31T20:07:49.769Z,fieldbeat_report_ticket_number
506915|1909,506915,1909,CORRECTIVA PROGRAMADA,FINISHED,FIELD_BEAT_CLIENT|61.608.404-6|Instituto Nacional del Cáncer (INC),2023-04-03T18:33:56.517Z,fieldbeat_report_ticket_number
985059|1910,985059,1910,CORRECTIVA PROGRAMADA,FINISHED,FIELD_BEAT_CLIENT|93.930.000-7|CLÍNICA LAS CONDES,2023-04-04T18:01:12.640Z,fieldbeat_report_ticket_number
910599|1913,910599,1913,CORRECTIVA NO PROGRAMADA,FINISHED,FIELD_BEAT_CLIENT|70377400-8|FUNDACION ARTURO LOPEZ PEREZ,2023-04-05T23:33:26.018Z,fieldbeat_report_ticket_number
234313|1915,234313,1915,CORRECTIVA NO PROGRAMADA,FINISHED,FIELD_BEAT_CLIENT|81.698.900-0|UC CHRISTUS - CECA,2023-04-10T14:26:40.622Z,fieldbeat_report_ticket_number
0000|1918,0000,1918,CORRECTIVA NO PROGRAMADA,FINISHED,FIELD_BEAT_CLIENT|76.105.383-3|TORRE MÉDICA - RANCAGUA,2023-04-11T14:44:27.355Z,fieldbeat_report_ticket_number
0000|1919,0000,1919,CORRECTIVA NO PROGRAMADA,FINISHED,FIELD_BEAT_CLIENT|76.105.383-3|TORRE MÉDICA - RANCAGUA,2023-04-11T14:46:27.498Z,fieldbeat_report_ticket_number
9999|1920,9999,1920,CORRECTIVA NO PROGRAMADA,FINISHED,FIELD_BEAT_CLIENT|81.698.900-0|UC CHRISTUS - CECA,2023-04-11T18:09:23.107Z,fieldbeat_report_ticket_number
568581|1922,568581,1922,CORRECTIVA NO PROGRAMADA,FINISHED,FIELD_BEAT_CLIENT|81.698.900-0|UC CHRISTUS - CECA,2023-04-12T14:34:04.521Z,fieldbeat_report_ticket_number
0000|1924,0000,1924,CORRECTIVA NO PROGRAMADA,FINISHED,FIELD_BEAT_CLIENT|76.105.383-3|TORRE MÉDICA - RANCAGUA,2023-04-13T15:23:44.798Z,fieldbeat_report_ticket_number
370556|1925,370556,1925,CORRECTIVA PROGRAMADA,FINISHED,FIELD_BEAT_CLIENT|93.930.000-7|CLÍNICA LAS CONDES,2023-04-14T00:28:23.532Z,fieldbeat_report_ticket_number
777777|1927,777777,1927,PREVENTIVA PROGRAMADA,FINISHED,FIELD_BEAT_CLIENT|61.608.404-6|Instituto Nacional del Cáncer (INC),2023-04-14T18:04:25.174Z,fieldbeat_report_ticket_number
777777|1928,777777,1928,PREVENTIVA PROGRAMADA,FINISHED,FIELD_BEAT_CLIENT|61.608.404-6|Instituto Nacional del Cáncer (INC),2023-04-14T18:05:24.092Z,fieldbeat_report_ticket_number
225444|1929,225444,1929,CORRECTIVA NO PROGRAMADA,FINISHED,FIELD_BEAT_CLIENT|61.606.500-9|HOSPITAL CARLOS VAN BUREN (SSVSA),2023-04-14T23:46:12.224Z,fieldbeat_report_ticket_number
0000|1930,0000,1930,CORRECTIVA NO PROGRAMADA,FINISHED,FIELD_BEAT_CLIENT|61.606.500-9|HOSPITAL CARLOS VAN BUREN (SSVSA),2023-04-14T23:56:02.319Z,fieldbeat_report_ticket_number
123178|1932,123178,1932,INSTALACION - INTEGRACION,FINISHED,FIELD_BEAT_CLIENT|61.608.404-6|Instituto Nacional del Cáncer (INC),2023-04-17T17:45:11.483Z,fieldbeat_report_ticket_number
0101|1935,0101,1935,CORRECTIVA NO PROGRAMADA,FINISHED,FIELD_BEAT_CLIENT|61.606.500-9|HOSPITAL CARLOS VAN BUREN (SSVSA),2023-04-19T15:22:15.267Z,fieldbeat_report_ticket_number
577218|1938,577218,1938,CORRECTIVA PROGRAMADA,FINISHED,FIELD_BEAT_CLIENT|81.698.900-0|UC CHRISTUS - SCA,2023-04-20T22:42:24.427Z,fieldbeat_report_ticket_number
399072|1939,399072,1939,CORRECTIVA NO PROGRAMADA,FINISHED,FIELD_BEAT_CLIENT|70377400-8|FUNDACION ARTURO LOPEZ PEREZ,2023-04-21T13:00:03.030Z,fieldbeat_report_ticket_number
777777|1940,777777,1940,PREVENTIVA PROGRAMADA,FINISHED,FIELD_BEAT_CLIENT|93.930.000-7|CLÍNICA LAS CONDES,2023-04-21T19:00:10.222Z,fieldbeat_report_ticket_number
777777|1941,777777,1941,PREVENTIVA PROGRAMADA,FINISHED,FIELD_BEAT_CLIENT|93.930.000-7|CLÍNICA LAS CONDES,2023-04-21T19:22:42.963Z,fieldbeat_report_ticket_number
436837|1944,436837,1944,CORRECTIVA PROGRAMADA,FINISHED,FIELD_BEAT_CLIENT|61.606.500-9|HOSPITAL CARLOS VAN BUREN (SSVSA),2023-04-22T02:02:22.523Z,fieldbeat_report_ticket_number
305630|1948,305630,1948,CORRECTIVA PROGRAMADA,FINISHED,FIELD_BEAT_CLIENT|70377400-8|FUNDACION ARTURO LOPEZ PEREZ,2023-04-25T20:28:43.835Z,fieldbeat_report_ticket_number
0000|1949,0000,1949,CORRECTIVA NO PROGRAMADA,FINISHED,FIELD_BEAT_CLIENT|61.606.500-9|HOSPITAL CARLOS VAN BUREN (SSVSA),2023-04-25T20:38:41.908Z,fieldbeat_report_ticket_number
9999|1950,9999,1950,CORRECTIVA PROGRAMADA,FINISHED,FIELD_BEAT_CLIENT|96.770.100-9|CLINICA ALEMANA DE SANTIAGO,2023-04-25T21:16:06.324Z,fieldbeat_report_ticket_number
356875|1952,356875,1952,CORRECTIVA PROGRAMADA,FINISHED,FIELD_BEAT_CLIENT|93.930.000-7|CLÍNICA LAS CONDES,2023-04-26T03:52:07.235Z,fieldbeat_report_ticket_number
720791|1954,720791,1954,CORRECTIVA PROGRAMADA,FINISHED,FIELD_BEAT_CLIENT|61.606.500-9|HOSPITAL CARLOS VAN BUREN (SSVSA),2023-04-28T16:49:38.629Z,fieldbeat_report_ticket_number
502288|1956,502288,1956,CORRECTIVA PROGRAMADA,FINISHED,FIELD_BEAT_CLIENT|93.930.000-7|CLÍNICA LAS CONDES,2023-05-02T12:57:51.462Z,fieldbeat_report_ticket_number
752135|1957,752135,1957,PREVENTIVA PROGRAMADA,FINISHED,FIELD_BEAT_CLIENT|96.757.430-9|INRAD,2023-05-02T15:35:33.086Z,fieldbeat_report_ticket_number
752135|1958,752135,1958,PREVENTIVA PROGRAMADA,FINISHED,FIELD_BEAT_CLIENT|96.757.430-9|INRAD,2023-05-02T17:15:47.012Z,fieldbeat_report_ticket_number
00000|1959,00000,1959,CORRECTIVA NO PROGRAMADA,FINISHED,FIELD_BEAT_CLIENT|70377400-8|FUNDACION ARTURO LOPEZ PEREZ,2023-05-03T12:23:05.585Z,fieldbeat_report_ticket_number
764750|1961,764750,1961,CORRECTIVA PROGRAMADA,FINISHED,FIELD_BEAT_CLIENT|96.770.100-9|CLINICA ALEMANA DE SANTIAGO,2023-05-04T02:24:56.936Z,fieldbeat_report_ticket_number
292755|1963,292755,1963,CORRECTIVA PROGRAMADA,FINISHED,FIELD_BEAT_CLIENT|93.930.000-7|CLÍNICA LAS CONDES,2023-05-04T22:48:46.627Z,fieldbeat_report_ticket_number
0000|1964,0000,1964,CORRECTIVA PROGRAMADA,FINISHED,FIELD_BEAT_CLIENT|76.105.383-3|TORRE MÉDICA - RANCAGUA,2023-05-08T16:17:31.750Z,fieldbeat_report_ticket_number
533300|1966,533300,1966,REQUERIMIENTO DEL CLIENTE,FINISHED,FIELD_BEAT_CLIENT|81.698.900-0|UC CHRISTUS - SCA,2023-05-08T22:26:29.548Z,fieldbeat_report_ticket_number
577218|1967,577218,1967,CORRECTIVA PROGRAMADA,FINISHED,FIELD_BEAT_CLIENT|81.698.900-0|UC CHRISTUS - SCA,2023-05-08T22:41:41.149Z,fieldbeat_report_ticket_number
9999|1969,9999,1969,CORRECTIVA PROGRAMADA,FINISHED,FIELD_BEAT_CLIENT|93.930.000-7|CLÍNICA LAS CONDES,2023-05-11T00:00:36.838Z,fieldbeat_report_ticket_number
9999|1972,9999,1972,CORRECTIVA PROGRAMADA,FINISHED,FIELD_BEAT_CLIENT|96.770.100-9|CLINICA ALEMANA DE SANTIAGO,2023-05-12T01:58:27.152Z,fieldbeat_report_ticket_number
601281|1975,601281,1975,CORRECTIVA PROGRAMADA,FINISHED,FIELD_BEAT_CLIENT|61.606.500-9|HOSPITAL CARLOS VAN BUREN (SSVSA),2023-05-12T23:28:42.810Z,fieldbeat_report_ticket_number
0000|1979,0000,1979,CORRECTIVA PROGRAMADA,FINISHED,FIELD_BEAT_CLIENT|76.105.383-3|TORRE MÉDICA - RANCAGUA,2023-05-15T17:10:02.468Z,fieldbeat_report_ticket_number
5911410869292|1981,5911410869292,1981,CORRECTIVA PROGRAMADA,FINISHED,FIELD_BEAT_CLIENT|81.698.900-0|UC CHRISTUS - SCA,2023-05-17T21:44:41.511Z,fieldbeat_report_ticket_number
439377|1983,439377,1983,CORRECTIVA NO PROGRAMADA,FINISHED,FIELD_BEAT_CLIENT|70377400-8|FUNDACION ARTURO LOPEZ PEREZ,2023-05-18T00:06:30.222Z,fieldbeat_report_ticket_number
777777|1987,777777,1987,CORRECTIVA PROGRAMADA,FINISHED,FIELD_BEAT_CLIENT|61.608.404-6|Instituto Nacional del Cáncer (INC),2023-05-18T17:42:08.394Z,fieldbeat_report_ticket_number
407168|1992,407168,1992,CORRECTIVA NO PROGRAMADA,FINISHED,FIELD_BEAT_CLIENT|61.608.404-6|Instituto Nacional del Cáncer (INC),2023-05-23T19:49:05.425Z,fieldbeat_report_ticket_number
0000|1999,0000,1999,CORRECTIVA NO PROGRAMADA,FINISHED,FIELD_BEAT_CLIENT|61.606.500-9|HOSPITAL CARLOS VAN BUREN (SSVSA),2023-05-27T00:52:35.997Z,fieldbeat_report_ticket_number
535606|2002,535606,2002,CORRECTIVA NO PROGRAMADA,FINISHED,FIELD_BEAT_CLIENT|81.698.900-0|UC CHRISTUS - SCA,2023-05-30T15:49:45.841Z,fieldbeat_report_ticket_number
777777|2004,777777,2004,PREVENTIVA PROGRAMADA,FINISHED,FIELD_BEAT_CLIENT|61.608.404-6|Instituto Nacional del Cáncer (INC),2023-06-02T14:33:28.370Z,fieldbeat_report_ticket_number
777777|2005,777777,2005,CORRECTIVA PROGRAMADA,FINISHED,FIELD_BEAT_CLIENT|61.608.404-6|Instituto Nacional del Cáncer (INC),2023-06-02T19:04:21.303Z,fieldbeat_report_ticket_number
132133|2006,132133,2006,CORRECTIVA PROGRAMADA,FINISHED,FIELD_BEAT_CLIENT|81.698.900-0|UC CHRISTUS - CECA,2023-06-02T23:42:45.719Z,fieldbeat_report_ticket_number
450927|2007,450927,2007,CORRECTIVA PROGRAMADA,FINISHED,FIELD_BEAT_CLIENT|61.606.500-9|HOSPITAL CARLOS VAN BUREN (SSVSA),2023-06-02T23:52:03.904Z,fieldbeat_report_ticket_number
452861|2009,452861,2009,CORRECTIVA PROGRAMADA,FINISHED,FIELD_BEAT_CLIENT|61.606.500-9|HOSPITAL CARLOS VAN BUREN (SSVSA),2023-06-03T19:29:34.026Z,fieldbeat_report_ticket_number
0000|2011,0000,2011,CORRECTIVA NO PROGRAMADA,FINISHED,FIELD_BEAT_CLIENT|76.105.383-3|TORRE MÉDICA - RANCAGUA,2023-06-08T15:49:20.937Z,fieldbeat_report_ticket_number
798676|2012,798676,2012,CORRECTIVA PROGRAMADA,FINISHED,FIELD_BEAT_CLIENT|61.608.404-6|Instituto Nacional del Cáncer (INC),2023-06-12T14:19:46.435Z,fieldbeat_report_ticket_number
503067|2013,503067,2013,CORRECTIVA PROGRAMADA,FINISHED,FIELD_BEAT_CLIENT|96.770.100-9|CLINICA ALEMANA DE SANTIAGO,2023-06-12T22:31:51.030Z,fieldbeat_report_ticket_number
691983|2014,691983,2014,CORRECTIVA NO PROGRAMADA,FINISHED,FIELD_BEAT_CLIENT|93.930.000-7|CLÍNICA LAS CONDES,2023-06-13T19:42:02.649Z,fieldbeat_report_ticket_number
529099|2016,529099,2016,CORRECTIVA PROGRAMADA,FINISHED,FIELD_BEAT_CLIENT|81.698.900-0|UC CHRISTUS - SCA,2023-06-13T20:43:35.334Z,fieldbeat_report_ticket_number
526627|2017,526627,2017,CORRECTIVA PROGRAMADA,FINISHED,FIELD_BEAT_CLIENT|61.606.500-9|HOSPITAL CARLOS VAN BUREN (SSVSA),2023-06-16T12:51:04.008Z,fieldbeat_report_ticket_number
789203|2021,789203,2021,CORRECTIVA PROGRAMADA,FINISHED,FIELD_BEAT_CLIENT|81.698.900-0|UC CHRISTUS - SCA,2023-06-19T17:15:07.269Z,fieldbeat_report_ticket_number
0000|2023,0000,2023,CORRECTIVA NO PROGRAMADA,FINISHED,FIELD_BEAT_CLIENT|76.105.383-3|TORRE MÉDICA - RANCAGUA,2023-06-20T16:40:19.052Z,fieldbeat_report_ticket_number
555067|2027,555067,2027,CORRECTIVA PROGRAMADA,FINISHED,FIELD_BEAT_CLIENT|81.698.900-0|UC CHRISTUS - SCA,2023-06-20T21:32:01.996Z,fieldbeat_report_ticket_number
777777|2028,777777,2028,CORRECTIVA NO PROGRAMADA,FINISHED,FIELD_BEAT_CLIENT|61.608.404-6|Instituto Nacional del Cáncer (INC),2023-06-22T13:33:16.933Z,fieldbeat_report_ticket_number
7777|2034,7777,2034,INSTALACION - INTEGRACION,FINISHED,FIELD_BEAT_CLIENT|61.607.901-8|SERVICIO DE SALUD DE MAGALLANES,2023-06-24T14:35:35.992Z,fieldbeat_report_ticket_number
886981|2039,886981,2039,CORRECTIVA PROGRAMADA,FINISHED,FIELD_BEAT_CLIENT|96.757.430-9|INRAD,2023-06-29T21:01:02.171Z,fieldbeat_report_ticket_number
622075|2045,622075,2045,CORRECTIVA PROGRAMADA,FINISHED,FIELD_BEAT_CLIENT|81.698.900-0|UC CHRISTUS - SCA,2023-07-03T19:13:51.270Z,fieldbeat_report_ticket_number
761642|2046,761642,2046,CORRECTIVA PROGRAMADA,FINISHED,FIELD_BEAT_CLIENT|96.770.100-9|CLINICA ALEMANA DE SANTIAGO,2023-07-06T23:35:39.419Z,fieldbeat_report_ticket_number
777777|2049,777777,2049,CORRECTIVA NO PROGRAMADA,FINISHED,FIELD_BEAT_CLIENT|61.608.404-6|Instituto Nacional del Cáncer (INC),2023-07-10T23:20:56.647Z,fieldbeat_report_ticket_number
777777|2050,777777,2050,CORRECTIVA NO PROGRAMADA,FINISHED,FIELD_BEAT_CLIENT|61.608.404-6|Instituto Nacional del Cáncer (INC),2023-07-11T14:28:53.767Z,fieldbeat_report_ticket_number
9999|2051,9999,2051,CORRECTIVA PROGRAMADA,FINISHED,FIELD_BEAT_CLIENT|61.605.000-1|INSTITUTO DE SALUD PUBLICA (ISP),2023-07-12T16:18:31.935Z,fieldbeat_report_ticket_number
9999|2053,9999,2053,CORRECTIVA PROGRAMADA,FINISHED,FIELD_BEAT_CLIENT|93.930.000-7|CLÍNICA LAS CONDES,2023-07-13T14:18:23.300Z,fieldbeat_report_ticket_number
9999|2055,9999,2055,CORRECTIVA PROGRAMADA,FINISHED,FIELD_BEAT_CLIENT|70377400-8|FUNDACION ARTURO LOPEZ PEREZ,2023-07-15T16:52:09.483Z,fieldbeat_report_ticket_number
914690|2058,914690,2058,CORRECTIVA NO PROGRAMADA,FINISHED,FIELD_BEAT_CLIENT|61.606.500-9|HOSPITAL CARLOS VAN BUREN (SSVSA),2023-07-20T20:56:51.388Z,fieldbeat_report_ticket_number
9999|2059,9999,2059,CORRECTIVA PROGRAMADA,FINISHED,FIELD_BEAT_CLIENT|93.930.000-7|CLÍNICA LAS CONDES,2023-07-21T18:40:15.186Z,fieldbeat_report_ticket_number
9999|2061,9999,2061,CORRECTIVA PROGRAMADA,FINISHED,FIELD_BEAT_CLIENT|96.770.100-9|CLINICA ALEMANA DE SANTIAGO,2023-07-22T12:42:50.706Z,fieldbeat_report_ticket_number
9999|2069,9999,2069,CORRECTIVA NO PROGRAMADA,FINISHED,FIELD_BEAT_CLIENT|96.770.100-9|CLINICA ALEMANA DE SANTIAGO,2023-07-26T12:22:17.005Z,fieldbeat_report_ticket_number
0101|2071,0101,2071,PREVENTIVA PROGRAMADA,FINISHED,FIELD_BEAT_CLIENT|61.606.500-9|HOSPITAL CARLOS VAN BUREN (SSVSA),2023-07-28T20:27:23.056Z,fieldbeat_report_ticket_number
746842|2072,746842,2072,CORRECTIVA PROGRAMADA,FINISHED,FIELD_BEAT_CLIENT|81.698.900-0|UC CHRISTUS - SCA,2023-07-28T21:22:12.638Z,fieldbeat_report_ticket_number
178099|2073,178099,2073,CORRECTIVA PROGRAMADA,FINISHED,FIELD_BEAT_CLIENT|81.698.900-0|UC CHRISTUS - SCA,2023-07-28T22:02:03.202Z,fieldbeat_report_ticket_number
674658|2078,674658,2078,CORRECTIVA PROGRAMADA,FINISHED,FIELD_BEAT_CLIENT|93.930.000-7|CLÍNICA LAS CONDES,2023-07-31T18:16:50.453Z,fieldbeat_report_ticket_number
9999|2079,9999,2079,CORRECTIVA NO PROGRAMADA,FINISHED,FIELD_BEAT_CLIENT|96.770.100-9|CLINICA ALEMANA DE SANTIAGO,2023-08-01T12:37:46.988Z,fieldbeat_report_ticket_number
9999|2080,9999,2080,CORRECTIVA PROGRAMADA,FINISHED,FIELD_BEAT_CLIENT|70377400-8|FUNDACION ARTURO LOPEZ PEREZ,2023-08-01T16:27:22.497Z,fieldbeat_report_ticket_number
468508|2081,468508,2081,CORRECTIVA PROGRAMADA,FINISHED,FIELD_BEAT_CLIENT|61.608.404-6|Instituto Nacional del Cáncer (INC),2023-08-01T23:24:19.808Z,fieldbeat_report_ticket_number
0101|2083,0101,2083,CORRECTIVA PROGRAMADA,FINISHED,FIELD_BEAT_CLIENT|61.606.500-9|HOSPITAL CARLOS VAN BUREN (SSVSA),2023-08-02T23:31:49.540Z,fieldbeat_report_ticket_number
529724|2087,529724,2087,CORRECTIVA NO PROGRAMADA,FINISHED,FIELD_BEAT_CLIENT|61.606.500-9|HOSPITAL CARLOS VAN BUREN (SSVSA),2023-08-04T13:36:06.636Z,fieldbeat_report_ticket_number
743842|2088,743842,2088,CORRECTIVA PROGRAMADA,FINISHED,FIELD_BEAT_CLIENT|81.698.900-0|UC CHRISTUS - SCA,2023-08-04T22:14:58.818Z,fieldbeat_report_ticket_number
0101|2089,0101,2089,PREVENTIVA PROGRAMADA,FINISHED,FIELD_BEAT_CLIENT|61.606.500-9|HOSPITAL CARLOS VAN BUREN (SSVSA),2023-08-05T01:41:50.687Z,fieldbeat_report_ticket_number
633009|2091,633009,2091,CORRECTIVA PROGRAMADA,FINISHED,FIELD_BEAT_CLIENT|96.770.100-9|CLINICA ALEMANA DE SANTIAGO,2023-08-09T00:35:24.199Z,fieldbeat_report_ticket_number
468508|2092,468508,2092,CORRECTIVA NO PROGRAMADA,FINISHED,FIELD_BEAT_CLIENT|61.608.404-6|Instituto Nacional del Cáncer (INC),2023-08-09T18:17:02.285Z,fieldbeat_report_ticket_number
127990|2093,127990,2093,,FINISHED,FIELD_BEAT_CLIENT|61.606.500-9|HOSPITAL CARLOS VAN BUREN (SSVSA),2023-08-09T20:06:33.128Z,fieldbeat_report_ticket_number
0101|2094,0101,2094,,FINISHED,FIELD_BEAT_CLIENT|61.606.500-9|HOSPITAL CARLOS VAN BUREN (SSVSA),2023-08-09T20:49:34.838Z,fieldbeat_report_ticket_number
888306|2095,888306,2095,CORRECTIVA PROGRAMADA,FINISHED,FIELD_BEAT_CLIENT|81.698.900-0|UC CHRISTUS - CECA,2023-08-09T22:33:41.277Z,fieldbeat_report_ticket_number
968564|2104,968564,2104,CORRECTIVA PROGRAMADA,FINISHED,FIELD_BEAT_CLIENT|61.605.000-1|INSTITUTO DE SALUD PUBLICA (ISP),2023-08-17T18:25:47.914Z,fieldbeat_report_ticket_number
914690|2108,914690,2108,CORRECTIVA PROGRAMADA,FINISHED,FIELD_BEAT_CLIENT|61.606.500-9|HOSPITAL CARLOS VAN BUREN (SSVSA),2023-08-23T14:08:54.572Z,fieldbeat_report_ticket_number
716324|2109,716324,2109,CORRECTIVA PROGRAMADA,FINISHED,FIELD_BEAT_CLIENT|61.606.500-9|HOSPITAL CARLOS VAN BUREN (SSVSA),2023-08-23T21:07:22.112Z,fieldbeat_report_ticket_number
568581|2113,568581,2113,CORRECTIVA PROGRAMADA,FINISHED,FIELD_BEAT_CLIENT|81.698.900-0|UC CHRISTUS - CECA,2023-08-26T17:26:55.239Z,fieldbeat_report_ticket_number
129036|2119,129036,2119,CORRECTIVA PROGRAMADA,FINISHED,FIELD_BEAT_CLIENT|93.930.000-7|CLÍNICA LAS CONDES,2023-08-30T00:43:19.131Z,fieldbeat_report_ticket_number
191139|2121,191139,2121,CORRECTIVA NO PROGRAMADA,FINISHED,FIELD_BEAT_CLIENT|81.698.900-0|UC CHRISTUS - CECA,2023-08-30T20:07:31.067Z,fieldbeat_report_ticket_number
115048|2122,115048,2122,CORRECTIVA NO PROGRAMADA,FINISHED,FIELD_BEAT_CLIENT|81.698.900-0|UC CHRISTUS - CECA,2023-08-30T20:10:36.046Z,fieldbeat_report_ticket_number
432011|2124,432011,2124,CORRECTIVA PROGRAMADA,FINISHED,FIELD_BEAT_CLIENT|96.757.430-9|INRAD,2023-08-31T23:17:07.829Z,fieldbeat_report_ticket_number
0101|2133,0101,2133,CORRECTIVA NO PROGRAMADA,FINISHED,FIELD_BEAT_CLIENT|61.606.500-9|HOSPITAL CARLOS VAN BUREN (SSVSA),2023-09-08T11:56:28.284Z,fieldbeat_report_ticket_number
0101|2134,0101,2134,CORRECTIVA PROGRAMADA,FINISHED,FIELD_BEAT_CLIENT|61.606.500-9|HOSPITAL CARLOS VAN BUREN (SSVSA),2023-09-11T13:08:42.896Z,fieldbeat_report_ticket_number
823784|2135,823784,2135,CORRECTIVA PROGRAMADA,FINISHED,FIELD_BEAT_CLIENT|61.606.500-9|HOSPITAL CARLOS VAN BUREN (SSVSA),2023-09-11T13:21:28.678Z,fieldbeat_report_ticket_number
758700|2139,758700,2139,CORRECTIVA PROGRAMADA,FINISHED,FIELD_BEAT_CLIENT|81.698.900-0|UC CHRISTUS - SCA,2023-09-12T20:00:05.657Z,fieldbeat_report_ticket_number
777777|2143,777777,2143,CORRECTIVA NO PROGRAMADA,FINISHED,FIELD_BEAT_CLIENT|61.608.404-6|Instituto Nacional del Cáncer (INC),2023-09-15T13:35:50.028Z,fieldbeat_report_ticket_number
107185|2150,107185,2150,PREVENTIVA PROGRAMADA,FINISHED,FIELD_BEAT_CLIENT|61.605.000-1|INSTITUTO DE SALUD PUBLICA (ISP),2023-09-27T18:46:54.707Z,fieldbeat_report_ticket_number
816664|2157,816664,2157,CORRECTIVA PROGRAMADA,FINISHED,FIELD_BEAT_CLIENT|96.757.430-9|INRAD,2023-10-03T20:19:25.134Z,fieldbeat_report_ticket_number
888306|2159,888306,2159,CORRECTIVA PROGRAMADA,FINISHED,FIELD_BEAT_CLIENT|81.698.900-0|UC CHRISTUS - CECA,2023-10-04T22:19:12.429Z,fieldbeat_report_ticket_number
9999|2160,9999,2160,CORRECTIVA PROGRAMADA,FINISHED,FIELD_BEAT_CLIENT|81.698.900-0|UC CHRISTUS - SCA,2023-10-05T20:37:24.737Z,fieldbeat_report_ticket_number
381608|2168,381608,2168,CORRECTIVA PROGRAMADA,FINISHED,FIELD_BEAT_CLIENT|61.608.404-6|Instituto Nacional del Cáncer (INC),2023-10-19T13:19:16.730Z,fieldbeat_report_ticket_number
240610|2169,240610,2169,CORRECTIVA PROGRAMADA,FINISHED,FIELD_BEAT_CLIENT|61.608.404-6|Instituto Nacional del Cáncer (INC),2023-10-19T15:43:31.673Z,fieldbeat_report_ticket_number
303706|2173,303706,2173,CORRECTIVA PROGRAMADA,FINISHED,FIELD_BEAT_CLIENT|61.606.500-9|HOSPITAL CARLOS VAN BUREN (SSVSA),2023-10-24T23:46:52.159Z,fieldbeat_report_ticket_number
561750|2183,561750,2183,CORRECTIVA PROGRAMADA,FINISHED,FIELD_BEAT_CLIENT|93.930.000-7|CLÍNICA LAS CONDES,2023-10-31T19:58:13.337Z,fieldbeat_report_ticket_number
998343|2184,998343,2184,CORRECTIVA PROGRAMADA,FINISHED,FIELD_BEAT_CLIENT|96.757.430-9|INRAD,2023-10-31T20:32:07.857Z,fieldbeat_report_ticket_number
905198|2185,905198,2185,CORRECTIVA NO PROGRAMADA,FINISHED,FIELD_BEAT_CLIENT|81.698.900-0|UC CHRISTUS - CECA,2023-11-02T20:27:51.852Z,fieldbeat_report_ticket_number
885291|2186,885291,2186,CORRECTIVA PROGRAMADA,FINISHED,FIELD_BEAT_CLIENT|81.698.900-0|UC CHRISTUS - SCA,2023-11-03T19:50:18.573Z,fieldbeat_report_ticket_number
381608|2191,381608,2191,CORRECTIVA PROGRAMADA,FINISHED,FIELD_BEAT_CLIENT|61.608.404-6|Instituto Nacional del Cáncer (INC),2023-11-07T16:49:35.449Z,fieldbeat_report_ticket_number
163167|2192,163167,2192,CORRECTIVA PROGRAMADA,FINISHED,FIELD_BEAT_CLIENT|61.608.404-6|Instituto Nacional del Cáncer (INC),2023-11-07T16:58:21.410Z,fieldbeat_report_ticket_number
670601|2193,670601,2193,CORRECTIVA PROGRAMADA,FINISHED,FIELD_BEAT_CLIENT|70377400-8|FUNDACION ARTURO LOPEZ PEREZ,2023-11-08T11:57:39.714Z,fieldbeat_report_ticket_number
888306|2197,888306,2197,CORRECTIVA PROGRAMADA,FINISHED,FIELD_BEAT_CLIENT|81.698.900-0|UC CHRISTUS - CECA,2023-11-10T21:44:12.280Z,fieldbeat_report_ticket_number
808156|2200,808156,2200,CORRECTIVA PROGRAMADA,FINISHED,FIELD_BEAT_CLIENT|96.757.430-9|INRAD,2023-11-13T13:24:08.753Z,fieldbeat_report_ticket_number
560333|2205,560333,2205,CORRECTIVA NO PROGRAMADA,FINISHED,FIELD_BEAT_CLIENT|76.746.730-3|CLÍNICA SANATORIO ALEMÁN (ONCORAD),2023-11-16T19:37:16.454Z,fieldbeat_report_ticket_number
210522|2213,210522,2213,CORRECTIVA PROGRAMADA,FINISHED,FIELD_BEAT_CLIENT|96.757.430-9|INRAD,2023-11-20T17:13:01.222Z,fieldbeat_report_ticket_number
593101|2214,593101,2214,CORRECTIVA PROGRAMADA,FINISHED,FIELD_BEAT_CLIENT|96.770.100-9|CLINICA ALEMANA DE SANTIAGO,2023-11-23T11:55:26.902Z,fieldbeat_report_ticket_number
210522|2215,210522,2215,CORRECTIVA PROGRAMADA,FINISHED,FIELD_BEAT_CLIENT|96.757.430-9|INRAD,2023-11-23T16:02:40.598Z,fieldbeat_report_ticket_number
252179|2216,252179,2216,CORRECTIVA PROGRAMADA,FINISHED,FIELD_BEAT_CLIENT|81.698.900-0|UC CHRISTUS - SCA,2023-11-24T21:52:54.507Z,fieldbeat_report_ticket_number
566921|2217,566921,2217,CORRECTIVA PROGRAMADA,FINISHED,FIELD_BEAT_CLIENT|70377400-8|FUNDACION ARTURO LOPEZ PEREZ,2023-11-27T12:43:43.536Z,fieldbeat_report_ticket_number
775465|2218,775465,2218,CORRECTIVA PROGRAMADA,FINISHED,FIELD_BEAT_CLIENT|61.608.404-6|Instituto Nacional del Cáncer (INC),2023-11-28T12:12:55.760Z,fieldbeat_report_ticket_number
998584|2223,998584,2223,CORRECTIVA PROGRAMADA,FINISHED,FIELD_BEAT_CLIENT|70377400-8|FUNDACION ARTURO LOPEZ PEREZ,2023-12-07T23:32:27.900Z,fieldbeat_report_ticket_number
301318|2224,301318,2224,CORRECTIVA PROGRAMADA,FINISHED,FIELD_BEAT_CLIENT|61.608.404-6|Instituto Nacional del Cáncer (INC),2023-12-11T11:16:03.647Z,fieldbeat_report_ticket_number
125896|2230,125896,2230,CORRECTIVA NO PROGRAMADA,FINISHED,FIELD_BEAT_CLIENT|61.606.500-9|ACME,2023-12-18T16:12:12.429Z,fieldbeat_report_ticket_number
737478|2232,737478,2232,CORRECTIVA NO PROGRAMADA,FINISHED,FIELD_BEAT_CLIENT|61.606.500-9|HOSPITAL CARLOS VAN BUREN (SSVSA),2023-12-23T00:14:03.351Z,fieldbeat_report_ticket_number
979673|2237,979673,2237,CORRECTIVA NO PROGRAMADA,FINISHED,FIELD_BEAT_CLIENT|70377400-8|FUNDACION ARTURO LOPEZ PEREZ,2023-12-27T13:12:58.557Z,fieldbeat_report_ticket_number
183512|2240,183512,2240,CORRECTIVA PROGRAMADA,FINISHED,FIELD_BEAT_CLIENT|70377400-8|FUNDACION ARTURO LOPEZ PEREZ,2023-12-29T01:27:45.806Z,fieldbeat_report_ticket_number
257565|2245,257565,2245,CORRECTIVA PROGRAMADA,FINISHED,FIELD_BEAT_CLIENT|81.698.900-0|UC CHRISTUS - SCA,2024-01-04T22:07:45.189Z,fieldbeat_report_ticket_number
989244|2248,989244,2248,CORRECTIVA NO PROGRAMADA,FINISHED,FIELD_BEAT_CLIENT|76.746.730-3|CLÍNICA SANATORIO ALEMÁN (ONCORAD),2024-01-08T18:34:17.501Z,fieldbeat_report_ticket_number
914691|2250,914691,2250,CORRECTIVA PROGRAMADA,FINISHED,FIELD_BEAT_CLIENT|81.698.900-0|UC CHRISTUS - CECA,2024-01-11T21:47:19.260Z,fieldbeat_report_ticket_number
823784|2254,823784,2254,CORRECTIVA PROGRAMADA,FINISHED,FIELD_BEAT_CLIENT|61.606.500-9|HOSPITAL CARLOS VAN BUREN (SSVSA),2024-01-12T23:48:10.754Z,fieldbeat_report_ticket_number
859491|2257,859491,2257,CORRECTIVA NO PROGRAMADA,FINISHED,FIELD_BEAT_CLIENT|61.608.404-6|Instituto Nacional del Cáncer (INC),2024-01-16T18:21:14.875Z,fieldbeat_report_ticket_number
9999|2261,9999,2261,CORRECTIVA PROGRAMADA,FINISHED,FIELD_BEAT_CLIENT|81.698.900-0|UC CHRISTUS - SCA,2024-01-19T19:52:23.217Z,fieldbeat_report_ticket_number
477229|2262,477229,2262,CORRECTIVA PROGRAMADA,FINISHED,FIELD_BEAT_CLIENT|61.608.404-6|Instituto Nacional del Cáncer (INC),2024-01-22T15:21:50.230Z,fieldbeat_report_ticket_number
454944|2263,454944,2263,CORRECTIVA PROGRAMADA,FINISHED,FIELD_BEAT_CLIENT|61.608.404-6|Instituto Nacional del Cáncer (INC),2024-01-22T20:01:24.351Z,fieldbeat_report_ticket_number
448046|2269,448046,2269,CORRECTIVA NO PROGRAMADA,FINISHED,FIELD_BEAT_CLIENT|70377400-8|FUNDACION ARTURO LOPEZ PEREZ,2024-01-24T16:47:48.921Z,fieldbeat_report_ticket_number
522766|2270,522766,2270,CORRECTIVA NO PROGRAMADA,FINISHED,FIELD_BEAT_CLIENT|61.608.404-6|Instituto Nacional del Cáncer (INC),2024-01-24T19:29:07.138Z,fieldbeat_report_ticket_number
151048|2271,151048,2271,CORRECTIVA NO PROGRAMADA,FINISHED,FIELD_BEAT_CLIENT|81.698.900-0|UC CHRISTUS - CECA,2024-01-25T20:23:49.705Z,fieldbeat_report_ticket_number
813919|2277,813919,2277,CORRECTIVA PROGRAMADA,FINISHED,FIELD_BEAT_CLIENT|70377400-8|FUNDACION ARTURO LOPEZ PEREZ,2024-01-29T21:37:51.200Z,fieldbeat_report_ticket_number
375568|2280,375568,2280,CORRECTIVA PROGRAMADA,FINISHED,FIELD_BEAT_CLIENT|96.770.100-9|CLINICA ALEMANA DE SANTIAGO,2024-01-31T21:00:21.362Z,fieldbeat_report_ticket_number
582497|2281,582497,2281,CORRECTIVA NO PROGRAMADA,FINISHED,FIELD_BEAT_CLIENT|76.746.730-3|CLÍNICA SANATORIO ALEMÁN (ONCORAD),2024-02-01T12:35:59.572Z,fieldbeat_report_ticket_number
246753|2282,246753,2282,CORRECTIVA PROGRAMADA,FINISHED,FIELD_BEAT_CLIENT|96.757.430-9|INRAD,2024-02-01T16:24:47.728Z,fieldbeat_report_ticket_number
9999|2283,9999,2283,CORRECTIVA PROGRAMADA,FINISHED,FIELD_BEAT_CLIENT|81.698.900-0|UC CHRISTUS - SCA,2024-02-01T23:00:07.782Z,fieldbeat_report_ticket_number
823784|2284,823784,2284,PREVENTIVA PROGRAMADA,FINISHED,FIELD_BEAT_CLIENT|61.606.500-9|HOSPITAL CARLOS VAN BUREN (SSVSA),2024-02-02T13:27:22.746Z,fieldbeat_report_ticket_number
142719|2288,142719,2288,CORRECTIVA PROGRAMADA,FINISHED,FIELD_BEAT_CLIENT|96.770.100-9|CLINICA ALEMANA DE SANTIAGO,2024-02-05T21:29:17.073Z,fieldbeat_report_ticket_number
936823|2292,936823,2292,CORRECTIVA NO PROGRAMADA,FINISHED,FIELD_BEAT_CLIENT|61.608.404-6|Instituto Nacional del Cáncer (INC),2024-02-06T21:16:54.930Z,fieldbeat_report_ticket_number
719390|2295,719390,2295,CORRECTIVA PROGRAMADA,FINISHED,FIELD_BEAT_CLIENT|81.698.900-0|UC CHRISTUS - CECA,2024-02-07T22:51:12.939Z,fieldbeat_report_ticket_number
555|2313,555,2313,CORRECTIVA NO PROGRAMADA,FINISHED,FIELD_BEAT_CLIENT|61.606.500-9|ACME,2024-02-15T15:31:00.906Z,fieldbeat_report_ticket_number
362745|2314,362745,2314,CORRECTIVA NO PROGRAMADA,FINISHED,FIELD_BEAT_CLIENT|81.698.900-0|UC CHRISTUS - CECA,2024-02-15T21:21:38.298Z,fieldbeat_report_ticket_number
281588|2319,281588,2319,CORRECTIVA PROGRAMADA,FINISHED,FIELD_BEAT_CLIENT|61.606.500-9|HOSPITAL CARLOS VAN BUREN (SSVSA),2024-02-16T22:26:01.435Z,fieldbeat_report_ticket_number
868853|2339,868853,2339,CORRECTIVA PROGRAMADA,FINISHED,FIELD_BEAT_CLIENT|93.930.000-7|CLÍNICA LAS CONDES,2024-02-27T22:09:29.398Z,fieldbeat_report_ticket_number
709670|5290,709670,5290,CORRECTIVA PROGRAMADA,FINISHED,FIELD_BEAT_CLIENT|76.746.730-3|CLÍNICA SANATORIO ALEMÁN (ONCORAD),2024-03-05T20:17:14.773Z,fieldbeat_report_ticket_number
603315|5291,603315,5291,CORRECTIVA PROGRAMADA,FINISHED,FIELD_BEAT_CLIENT|76.746.730-3|CLÍNICA SANATORIO ALEMÁN (ONCORAD),2024-03-05T20:54:49.520Z,fieldbeat_report_ticket_number
177629|2349,177629,2349,CORRECTIVA NO PROGRAMADA,FINISHED,FIELD_BEAT_CLIENT|61.606.500-9|HOSPITAL CARLOS VAN BUREN (SSVSA),2024-03-07T11:40:03.687Z,fieldbeat_report_ticket_number
603315|2350,603315,2350,CORRECTIVA PROGRAMADA,FINISHED,FIELD_BEAT_CLIENT|76.746.730-3|CLÍNICA SANATORIO ALEMÁN (ONCORAD),2024-03-07T15:43:00.557Z,fieldbeat_report_ticket_number
904316|2352,904316,2352,CORRECTIVA PROGRAMADA,FINISHED,FIELD_BEAT_CLIENT|61.606.500-9|HOSPITAL CARLOS VAN BUREN (SSVSA),2024-03-08T11:30:10.247Z,fieldbeat_report_ticket_number
42|2354,42,2354,REQUERIMIENTO DEL CLIENTE,FINISHED,FIELD_BEAT_CLIENT|81.698.900-0|UC CHRISTUS - CECA,2024-03-08T17:15:39.326Z,fieldbeat_report_ticket_number
256105|2359,256105,2359,CORRECTIVA PROGRAMADA,FINISHED,FIELD_BEAT_CLIENT|93.930.000-7|CLÍNICA LAS CONDES,2024-03-13T19:35:39.600Z,fieldbeat_report_ticket_number
823383|2372,823383,2372,CORRECTIVA NO PROGRAMADA,FINISHED,FIELD_BEAT_CLIENT|61.608.404-6|Instituto Nacional del Cáncer (INC),2024-03-01T20:16:36.450Z,fieldbeat_report_ticket_number
68|2379,68,2379,CORRECTIVA PROGRAMADA,FINISHED,FIELD_BEAT_CLIENT|81.698.900-0|UC CHRISTUS - SCA,2024-03-22T19:12:54.444Z,fieldbeat_report_ticket_number
45|2384,45,2384,CORRECTIVA PROGRAMADA,FINISHED,FIELD_BEAT_CLIENT|81.698.900-0|UC CHRISTUS - SCA,2024-03-27T22:00:25.516Z,fieldbeat_report_ticket_number
90|2389,90,2389,CORRECTIVA NO PROGRAMADA,FINISHED,FIELD_BEAT_CLIENT|81.698.900-0|UC CHRISTUS - CECA,2024-04-01T17:52:27.579Z,fieldbeat_report_ticket_number
45|2390,45,2390,CORRECTIVA PROGRAMADA,FINISHED,FIELD_BEAT_CLIENT|81.698.900-0|UC CHRISTUS - CECA,2024-04-02T18:02:24.972Z,fieldbeat_report_ticket_number
93|2394,93,2394,CORRECTIVA PROGRAMADA,FINISHED,FIELD_BEAT_CLIENT|81.698.900-0|UC CHRISTUS - SCA,2024-04-04T19:45:37.860Z,fieldbeat_report_ticket_number
823383|2395,823383,2395,CORRECTIVA PROGRAMADA,FINISHED,FIELD_BEAT_CLIENT|61.608.404-6|Instituto Nacional del Cáncer (INC),2024-04-05T15:43:36.930Z,fieldbeat_report_ticket_number
958224|2403,958224,2403,REQUERIMIENTO DEL CLIENTE,FINISHED,FIELD_BEAT_CLIENT|61.608.404-6|Instituto Nacional del Cáncer (INC),2024-04-11T16:20:19.854Z,fieldbeat_report_ticket_number
70|2408,70,2408,CORRECTIVA PROGRAMADA,FINISHED,FIELD_BEAT_CLIENT|81.698.900-0|UC CHRISTUS - SCA,2024-04-16T23:45:45.014Z,fieldbeat_report_ticket_number
721393|2411,721393,2411,CORRECTIVA NO PROGRAMADA,FINISHED,FIELD_BEAT_CLIENT|61.606.500-9|HOSPITAL CARLOS VAN BUREN (SSVSA),2024-04-19T01:27:30.731Z,fieldbeat_report_ticket_number
668704|2418,668704,2418,CORRECTIVA NO PROGRAMADA,FINISHED,FIELD_BEAT_CLIENT|61.606.500-9|HOSPITAL CARLOS VAN BUREN (SSVSA),2024-04-23T11:37:31.136Z,fieldbeat_report_ticket_number
764386|2419,764386,2419,CORRECTIVA NO PROGRAMADA,FINISHED,FIELD_BEAT_CLIENT|61.606.500-9|HOSPITAL CARLOS VAN BUREN (SSVSA),2024-04-23T11:41:09.055Z,fieldbeat_report_ticket_number
45|2420,45,2420,CORRECTIVA PROGRAMADA,FINISHED,FIELD_BEAT_CLIENT|81.698.900-0|UC CHRISTUS - SCA,2024-04-23T18:14:40.529Z,fieldbeat_report_ticket_number
9999|2433,9999,2433,CORRECTIVA PROGRAMADA,FINISHED,FIELD_BEAT_CLIENT|81.698.900-0|UC CHRISTUS - CECA,2024-04-30T18:17:38.879Z,fieldbeat_report_ticket_number
394156|2437,394156,2437,CORRECTIVA PROGRAMADA,FINISHED,FIELD_BEAT_CLIENT|61.608.404-6|Instituto Nacional del Cáncer (INC),2024-05-03T19:14:09.362Z,fieldbeat_report_ticket_number
173501|2438,173501,2438,CORRECTIVA PROGRAMADA,FINISHED,FIELD_BEAT_CLIENT|70377400-8|FUNDACION ARTURO LOPEZ PEREZ,2024-05-03T20:07:05.408Z,fieldbeat_report_ticket_number
42|2439,42,2439,REQUERIMIENTO DEL CLIENTE,FINISHED,FIELD_BEAT_CLIENT|81.698.900-0|UC CHRISTUS - CECA,2024-05-07T14:05:28.852Z,fieldbeat_report_ticket_number
38|2441,38,2441,CORRECTIVA PROGRAMADA,FINISHED,FIELD_BEAT_CLIENT|81.698.900-0|UC CHRISTUS - CECA,2024-05-07T14:13:55.721Z,fieldbeat_report_ticket_number
144|2442,144,2442,CORRECTIVA NO PROGRAMADA,FINISHED,FIELD_BEAT_CLIENT|96.757.430-9|INRAD,2024-05-07T14:30:42.473Z,fieldbeat_report_ticket_number
143|2443,143,2443,CORRECTIVA NO PROGRAMADA,FINISHED,FIELD_BEAT_CLIENT|61.608.404-6|Instituto Nacional del Cáncer (INC),2024-05-07T15:54:50.366Z,fieldbeat_report_ticket_number
133|2448,133,2448,CORRECTIVA PROGRAMADA,FINISHED,FIELD_BEAT_CLIENT|61.606.500-9|HOSPITAL CARLOS VAN BUREN (SSVSA),2024-05-10T19:05:11.954Z,fieldbeat_report_ticket_number
128|2455,128,2455,CORRECTIVA PROGRAMADA,FINISHED,FIELD_BEAT_CLIENT|81.698.900-0|UC CHRISTUS - SCA,2024-05-13T21:26:17.702Z,fieldbeat_report_ticket_number
159|2458,159,2458,CORRECTIVA NO PROGRAMADA,FINISHED,FIELD_BEAT_CLIENT|81.698.900-0|UC CHRISTUS - CECA,2024-05-13T21:54:33.504Z,fieldbeat_report_ticket_number
711824|2460,711824,2460,CORRECTIVA PROGRAMADA,FINISHED,FIELD_BEAT_CLIENT|70377400-8|FUNDACION ARTURO LOPEZ PEREZ,2024-05-14T22:50:03.359Z,fieldbeat_report_ticket_number
148|2464,148,2464,CORRECTIVA PROGRAMADA,FINISHED,FIELD_BEAT_CLIENT|81.698.900-0|UC CHRISTUS - CECA,2024-05-16T18:22:19.438Z,fieldbeat_report_ticket_number
168|2466,168,2466,CORRECTIVA NO PROGRAMADA,FINISHED,FIELD_BEAT_CLIENT|81.698.900-0|UC CHRISTUS - SCA,2024-05-17T16:32:42.960Z,fieldbeat_report_ticket_number
168|2467,168,2467,CORRECTIVA PROGRAMADA,FINISHED,FIELD_BEAT_CLIENT|81.698.900-0|UC CHRISTUS - CECA,2024-05-17T20:40:16.630Z,fieldbeat_report_ticket_number
170|2468,170,2468,CORRECTIVA NO PROGRAMADA,FINISHED,FIELD_BEAT_CLIENT|81.698.900-0|UC CHRISTUS - SCA,2024-05-17T20:44:06.657Z,fieldbeat_report_ticket_number
180|2472,180,2472,CORRECTIVA PROGRAMADA,FINISHED,FIELD_BEAT_CLIENT|61.608.404-6|Instituto Nacional del Cáncer (INC),2024-05-22T15:17:13.622Z,fieldbeat_report_ticket_number
173|2474,173,2474,CORRECTIVA PROGRAMADA,FINISHED,FIELD_BEAT_CLIENT|81.698.900-0|UC CHRISTUS - CECA,2024-05-22T23:58:21.641Z,fieldbeat_report_ticket_number
181|2475,181,2475,CORRECTIVA NO PROGRAMADA,FINISHED,FIELD_BEAT_CLIENT|81.698.900-0|UC CHRISTUS - SCA,2024-05-23T02:11:32.455Z,fieldbeat_report_ticket_number
184|2477,184,2477,CORRECTIVA PROGRAMADA,FINISHED,FIELD_BEAT_CLIENT|81.698.900-0|UC CHRISTUS - SCA,2024-05-28T22:53:52.084Z,fieldbeat_report_ticket_number
455550|2478,455550,2478,CORRECTIVA NO PROGRAMADA,FINISHED,FIELD_BEAT_CLIENT|61.606.500-9|HOSPITAL CARLOS VAN BUREN (SSVSA),2024-05-29T13:47:29.270Z,fieldbeat_report_ticket_number
181|2482,181,2482,CORRECTIVA PROGRAMADA,FINISHED,FIELD_BEAT_CLIENT|81.698.900-0|UC CHRISTUS - SCA,2024-05-30T23:15:11.187Z,fieldbeat_report_ticket_number
198|2483,198,2483,CORRECTIVA PROGRAMADA,FINISHED,FIELD_BEAT_CLIENT|61.608.404-6|Instituto Nacional del Cáncer (INC),2024-05-31T00:50:26.930Z,fieldbeat_report_ticket_number
194|2485,194,2485,CORRECTIVA PROGRAMADA,FINISHED,FIELD_BEAT_CLIENT|81.698.900-0|UC CHRISTUS - CECA,2024-05-31T12:11:44.294Z,fieldbeat_report_ticket_number
199|2486,199,2486,CORRECTIVA NO PROGRAMADA,FINISHED,FIELD_BEAT_CLIENT|81.698.900-0|UC CHRISTUS - CECA,2024-05-31T13:10:02.978Z,fieldbeat_report_ticket_number
42|2490,42,2490,REQUERIMIENTO DEL CLIENTE,FINISHED,FIELD_BEAT_CLIENT|81.698.900-0|UC CHRISTUS - CECA,2024-06-04T17:35:28.802Z,fieldbeat_report_ticket_number
194|2491,194,2491,CORRECTIVA NO PROGRAMADA,FINISHED,FIELD_BEAT_CLIENT|81.698.900-0|UC CHRISTUS - CECA,2024-06-05T18:28:48.816Z,fieldbeat_report_ticket_number
211|2492,211,2492,CORRECTIVA NO PROGRAMADA,FINISHED,FIELD_BEAT_CLIENT|81.698.900-0|UC CHRISTUS - SCA,2024-06-05T23:43:19.852Z,fieldbeat_report_ticket_number
209|2494,209,2494,REQUERIMIENTO DEL CLIENTE,FINISHED,FIELD_BEAT_CLIENT|61.608.404-6|Instituto Nacional del Cáncer (INC),2024-06-06T19:16:01.552Z,fieldbeat_report_ticket_number
175|2500,175,2500,CORRECTIVA PROGRAMADA,FINISHED,FIELD_BEAT_CLIENT|81.698.900-0|UC CHRISTUS - CECA,2024-06-10T22:45:10.900Z,fieldbeat_report_ticket_number
214|2501,214,2501,CORRECTIVA PROGRAMADA,FINISHED,FIELD_BEAT_CLIENT|81.698.900-0|UC CHRISTUS - CECA,2024-06-10T22:50:33.836Z,fieldbeat_report_ticket_number
210|2504,210,2504,PREVENTIVA PROGRAMADA,FINISHED,FIELD_BEAT_CLIENT|81.698.900-0|UC CHRISTUS - SCA,2024-06-11T23:24:50.187Z,fieldbeat_report_ticket_number
217|2505,217,2505,CORRECTIVA PROGRAMADA,FINISHED,FIELD_BEAT_CLIENT|81.698.900-0|UC CHRISTUS - SCA,2024-06-11T22:30:21.679Z,fieldbeat_report_ticket_number
223|2508,223,2508,CORRECTIVA NO PROGRAMADA,FINISHED,FIELD_BEAT_CLIENT|61.606.500-9|HOSPITAL CARLOS VAN BUREN (SSVSA),2024-06-13T14:09:56.563Z,fieldbeat_report_ticket_number
132|2509,132,2509,CORRECTIVA NO PROGRAMADA,FINISHED,FIELD_BEAT_CLIENT|61.606.500-9|HOSPITAL CARLOS VAN BUREN (SSVSA),2024-06-13T14:29:15.617Z,fieldbeat_report_ticket_number
234|2513,234,2513,CORRECTIVA NO PROGRAMADA,FINISHED,FIELD_BEAT_CLIENT|81.698.900-0|UC CHRISTUS - SCA,2024-06-17T17:53:27.183Z,fieldbeat_report_ticket_number
238|2514,238,2514,CORRECTIVA PROGRAMADA,FINISHED,FIELD_BEAT_CLIENT|61.608.404-6|Instituto Nacional del Cáncer (INC),2024-06-18T13:48:46.379Z,fieldbeat_report_ticket_number
236|2516,236,2516,CORRECTIVA NO PROGRAMADA,FINISHED,FIELD_BEAT_CLIENT|61.607.901-8|SERVICIO DE SALUD DE MAGALLANES,2024-06-18T14:12:07.079Z,fieldbeat_report_ticket_number
227|2517,227,2517,CORRECTIVA PROGRAMADA,FINISHED,FIELD_BEAT_CLIENT|81.698.900-0|UC CHRISTUS - CECA,2024-06-18T22:18:00.506Z,fieldbeat_report_ticket_number
227|2518,227,2518,CORRECTIVA NO PROGRAMADA,FINISHED,FIELD_BEAT_CLIENT|81.698.900-0|UC CHRISTUS - CECA,2024-06-19T19:46:58.992Z,fieldbeat_report_ticket_number
227|2527,227,2527,CORRECTIVA PROGRAMADA,FINISHED,FIELD_BEAT_CLIENT|81.698.900-0|UC CHRISTUS - CECA,2024-06-24T23:28:05.690Z,fieldbeat_report_ticket_number
251|2528,251,2528,CORRECTIVA NO PROGRAMADA,FINISHED,FIELD_BEAT_CLIENT|81.698.900-0|UC CHRISTUS - CECA,2024-06-25T16:25:57.962Z,fieldbeat_report_ticket_number
217|2531,217,2531,CORRECTIVA PROGRAMADA,FINISHED,FIELD_BEAT_CLIENT|81.698.900-0|UC CHRISTUS - SCA,2024-06-25T22:52:09.544Z,fieldbeat_report_ticket_number
248|2532,248,2532,CORRECTIVA PROGRAMADA,FINISHED,FIELD_BEAT_CLIENT|81.698.900-0|UC CHRISTUS - SCA,2024-06-25T22:57:13.436Z,fieldbeat_report_ticket_number
262|2536,262,2536,REQUERIMIENTO DEL CLIENTE,FINISHED,FIELD_BEAT_CLIENT|81.698.900-0|UC CHRISTUS - CECA,2024-07-01T20:30:31.078Z,fieldbeat_report_ticket_number
258|2537,258,2537,ASISTENCIA REMOTA,FINISHED,FIELD_BEAT_CLIENT|81.698.900-0|UC CHRISTUS - SCA,2024-07-01T22:43:47.287Z,fieldbeat_report_ticket_number
163562|2539,163562,2539,CORRECTIVA NO PROGRAMADA,FINISHED,FIELD_BEAT_CLIENT|70377400-8|FUNDACION ARTURO LOPEZ PEREZ,2024-07-02T15:29:53.401Z,fieldbeat_report_ticket_number
264|2544,264,2544,CORRECTIVA PROGRAMADA,FINISHED,FIELD_BEAT_CLIENT|76.746.730-3|CLÍNICA SANATORIO ALEMÁN (ONCORAD),2024-07-05T13:25:42.519Z,fieldbeat_report_ticket_number
265|2545,265,2545,REQUERIMIENTO DEL CLIENTE,FINISHED,FIELD_BEAT_CLIENT|76.746.730-3|CLÍNICA SANATORIO ALEMÁN (ONCORAD),2024-07-05T14:01:24.919Z,fieldbeat_report_ticket_number
279|2547,279,2547,CORRECTIVA NO PROGRAMADA,FINISHED,FIELD_BEAT_CLIENT|61.606.500-9|HOSPITAL CARLOS VAN BUREN (SSVSA),2024-07-09T12:12:24.602Z,fieldbeat_report_ticket_number
247|2551,247,2551,CORRECTIVA PROGRAMADA,FINISHED,FIELD_BEAT_CLIENT|81.698.900-0|UC CHRISTUS - SCA,2024-07-10T22:02:16.789Z,fieldbeat_report_ticket_number
175|2554,175,2554,CORRECTIVA PROGRAMADA,FINISHED,FIELD_BEAT_CLIENT|81.698.900-0|UC CHRISTUS - CECA,2024-07-11T23:28:40.170Z,fieldbeat_report_ticket_number
172|2555,172,2555,CORRECTIVA PROGRAMADA,FINISHED,FIELD_BEAT_CLIENT|81.698.900-0|UC CHRISTUS - CECA,2024-07-11T23:31:34.170Z,fieldbeat_report_ticket_number
288|2556,288,2556,CORRECTIVA PROGRAMADA,FINISHED,FIELD_BEAT_CLIENT|81.698.900-0|UC CHRISTUS - SCA,2024-07-12T15:24:27.931Z,fieldbeat_report_ticket_number
301|2564,301,2564,PREVENTIVA PROGRAMADA,FINISHED,FIELD_BEAT_CLIENT|70377400-8|FUNDACION ARTURO LOPEZ PEREZ,2024-07-18T20:59:44.650Z,fieldbeat_report_ticket_number
323|2566,323,2566,REQUERIMIENTO DEL CLIENTE,FINISHED,FIELD_BEAT_CLIENT|93.930.000-7|CLÍNICA LAS CONDES,2024-07-22T14:25:11.062Z,fieldbeat_report_ticket_number
320|2568,320,2568,CORRECTIVA NO PROGRAMADA,FINISHED,FIELD_BEAT_CLIENT|81.698.900-0|UC CHRISTUS - SCA,2024-07-22T20:25:27.277Z,fieldbeat_report_ticket_number
299|2570,299,2570,CORRECTIVA PROGRAMADA,FINISHED,FIELD_BEAT_CLIENT|81.698.900-0|UC CHRISTUS - CECA,2024-07-23T23:40:24.907Z,fieldbeat_report_ticket_number
353|2576,353,2576,REQUERIMIENTO DEL CLIENTE,FINISHED,FIELD_BEAT_CLIENT||UC CHRISTUS - SCA,2024-07-29T19:15:06.967Z,fieldbeat_report_ticket_number
350|2577,350,2577,REQUERIMIENTO DEL CLIENTE,FINISHED,FIELD_BEAT_CLIENT|96.757.430-9|INRAD,2024-07-29T21:16:21.851Z,fieldbeat_report_ticket_number
249|2578,249,2578,CORRECTIVA PROGRAMADA,FINISHED,FIELD_BEAT_CLIENT|81.698.900-0|UC CHRISTUS - CECA,2024-07-30T23:11:06.373Z,fieldbeat_report_ticket_number
364|2583,364,2583,REQUERIMIENTO DEL CLIENTE,FINISHED,FIELD_BEAT_CLIENT|81.698.900-0|UC CHRISTUS - SCA,2024-08-06T19:40:11.468Z,fieldbeat_report_ticket_number
274|2585,274,2585,PREVENTIVA PROGRAMADA,FINISHED,FIELD_BEAT_CLIENT|81.698.900-0|UC CHRISTUS - SCA,2024-08-07T23:41:11.846Z,fieldbeat_report_ticket_number
386|2587,386,2587,CORRECTIVA PROGRAMADA,FINISHED,FIELD_BEAT_CLIENT|70377400-8|FUNDACION ARTURO LOPEZ PEREZ,2024-08-08T16:07:13.098Z,fieldbeat_report_ticket_number
42|2633,42,2633,CORRECTIVA PROGRAMADA,FINISHED,FIELD_BEAT_CLIENT|81.698.900-0|UC CHRISTUS - CECA,2024-08-30T21:48:40.896Z,fieldbeat_report_ticket_number
183|2635,183,2635,REQUERIMIENTO DEL CLIENTE,FINISHED,FIELD_BEAT_CLIENT|81.698.900-0|UC CHRISTUS - CECA,2024-08-30T21:58:08.267Z,fieldbeat_report_ticket_number
224|2647,224,2647,INSTALACION - INTEGRACION,FINISHED,FIELD_BEAT_CLIENT|61.607.901-8|SERVICIO DE SALUD DE MAGALLANES,2024-09-09T16:58:22.878Z,fieldbeat_report_ticket_number
475|2653,475,2653,CORRECTIVA PROGRAMADA,FINISHED,FIELD_BEAT_CLIENT|93.930.000-7|CLÍNICA LAS CONDES,2024-09-12T14:34:30.814Z,fieldbeat_report_ticket_number
500|2670,500,2670,CORRECTIVA PROGRAMADA,FINISHED,FIELD_BEAT_CLIENT|76.746.730-3|CLÍNICA SANATORIO ALEMÁN (ONCORAD),2024-10-02T18:04:43.952Z,fieldbeat_report_ticket_number
8649|2672,8649,2672,CORRECTIVA PROGRAMADA,FINISHED,FIELD_BEAT_CLIENT|96.770.100-9|CLINICA ALEMANA DE SANTIAGO,2024-10-03T18:04:06.909Z,fieldbeat_report_ticket_number
495|2673,495,2673,REQUERIMIENTO DEL CLIENTE,FINISHED,FIELD_BEAT_CLIENT|96.757.430-9|INRAD,2024-10-03T18:31:29.963Z,fieldbeat_report_ticket_number
8653|2674,8653,2674,REQUERIMIENTO DEL CLIENTE,FINISHED,FIELD_BEAT_CLIENT|81.698.900-0|UC CHRISTUS - SCA,2024-10-04T14:45:11.836Z,fieldbeat_report_ticket_number
8657|2678,8657,2678,CORRECTIVA PROGRAMADA,FINISHED,FIELD_BEAT_CLIENT|96.770.100-9|CLINICA ALEMANA DE SANTIAGO,2024-10-07T14:24:47.100Z,fieldbeat_report_ticket_number
8669|2684,8669,2684,CORRECTIVA NO PROGRAMADA,FINISHED,FIELD_BEAT_CLIENT|96.757.430-9|INRAD,2024-10-11T13:32:21.132Z,fieldbeat_report_ticket_number
8682|2693,8682,2693,CORRECTIVA NO PROGRAMADA,FINISHED,FIELD_BEAT_CLIENT|61.606.500-9|HOSPITAL CARLOS VAN BUREN (SSVSA),2024-10-17T10:24:01.124Z,fieldbeat_report_ticket_number
8657|2695,8657,2695,CORRECTIVA PROGRAMADA,FINISHED,FIELD_BEAT_CLIENT|96.770.100-9|CLINICA ALEMANA DE SANTIAGO,2024-10-19T20:32:29.800Z,fieldbeat_report_ticket_number
8702|2705,8702,2705,CORRECTIVA PROGRAMADA,FINISHED,FIELD_BEAT_CLIENT|76.746.730-3|CLÍNICA SANATORIO ALEMÁN (ONCORAD),2024-10-29T19:41:53.772Z,fieldbeat_report_ticket_number
6722|2709,6722,2709,CORRECTIVA PROGRAMADA,FINISHED,FIELD_BEAT_CLIENT|96.770.100-9|CLINICA ALEMANA DE SANTIAGO,2024-11-04T20:48:36.877Z,fieldbeat_report_ticket_number
6723|2716,6723,2716,CORRECTIVA PROGRAMADA,FINISHED,FIELD_BEAT_CLIENT|70377400-8|FUNDACION ARTURO LOPEZ PEREZ,2024-11-06T21:31:57.198Z,fieldbeat_report_ticket_number
0000|2724,0000,2724,CORRECTIVA PROGRAMADA,FINISHED,FIELD_BEAT_CLIENT|76.746.730-3|RADIO ONCOLOGÍA DEL SUR,2024-11-13T17:13:28.161Z,fieldbeat_report_ticket_number
8758|2755,8758,2755,CORRECTIVA PROGRAMADA,FINISHED,FIELD_BEAT_CLIENT|81.698.900-0|UC CHRISTUS - CECA,2024-11-27T15:28:30.689Z,fieldbeat_report_ticket_number
8775|2762,8775,2762,CORRECTIVA PROGRAMADA,FINISHED,FIELD_BEAT_CLIENT|76.746.730-3|RADIO ONCOLOGÍA DEL SUR,2024-11-29T22:29:13.085Z,fieldbeat_report_ticket_number
8764|2763,8764,2763,CORRECTIVA PROGRAMADA,FINISHED,FIELD_BEAT_CLIENT|76.746.730-3|RADIO ONCOLOGÍA DEL SUR,2024-11-29T22:55:16.333Z,fieldbeat_report_ticket_number
8811|2785,8811,2785,CORRECTIVA NO PROGRAMADA,FINISHED,FIELD_BEAT_CLIENT|96.770.100-9|CLINICA ALEMANA DE SANTIAGO,2024-12-13T12:06:03.635Z,fieldbeat_report_ticket_number
8794|2787,8794,2787,CORRECTIVA PROGRAMADA,FINISHED,FIELD_BEAT_CLIENT|81.698.900-0|UC CHRISTUS - CECA,2024-12-13T20:53:19.147Z,fieldbeat_report_ticket_number
8801|2789,8801,2789,CORRECTIVA PROGRAMADA,FINISHED,FIELD_BEAT_CLIENT|76.746.730-3|RADIO ONCOLOGÍA DEL SUR,2024-12-13T21:46:10.755Z,fieldbeat_report_ticket_number
8814|2791,8814,2791,CORRECTIVA NO PROGRAMADA,FINISHED,FIELD_BEAT_CLIENT|61.606.500-9|HOSPITAL CARLOS VAN BUREN (SSVSA),2024-12-16T11:38:13.551Z,fieldbeat_report_ticket_number
8681|2795,8681,2795,CORRECTIVA PROGRAMADA,FINISHED,FIELD_BEAT_CLIENT|61.606.500-9|HOSPITAL CARLOS VAN BUREN (SSVSA),2024-12-22T22:28:11.993Z,fieldbeat_report_ticket_number
8805|2800,8805,2800,CORRECTIVA PROGRAMADA,FINISHED,FIELD_BEAT_CLIENT|70377400-8|FUNDACION ARTURO LOPEZ PEREZ,2024-12-23T18:03:29.980Z,fieldbeat_report_ticket_number
8834|2811,8834,2811,REQUERIMIENTO DEL CLIENTE,FINISHED,FIELD_BEAT_CLIENT|81.698.900-0|UC CHRISTUS - CECA,2025-01-03T17:59:37.965Z,fieldbeat_report_ticket_number
8846|2818,8846,2818,REQUERIMIENTO DEL CLIENTE,FINISHED,FIELD_BEAT_CLIENT|81.698.900-0|UC CHRISTUS - SCA,2025-01-07T23:20:44.480Z,fieldbeat_report_ticket_number
8846|2819,8846,2819,REQUERIMIENTO DEL CLIENTE,FINISHED,FIELD_BEAT_CLIENT|81.698.900-0|UC CHRISTUS - SCA,2025-01-08T20:12:10.047Z,fieldbeat_report_ticket_number
8865|2825,8865,2825,CORRECTIVA NO PROGRAMADA,FINISHED,FIELD_BEAT_CLIENT|76.746.730-3|RADIO ONCOLOGÍA DEL SUR,2025-01-14T15:00:00.999Z,fieldbeat_report_ticket_number
8696|2826,8696,2826,CORRECTIVA PROGRAMADA,FINISHED,FIELD_BEAT_CLIENT|76.746.730-3|CLÍNICA SANATORIO ALEMÁN (ONCORAD),2025-01-14T16:48:11.272Z,fieldbeat_report_ticket_number
8758|2834,8758,2834,CORRECTIVA PROGRAMADA,FINISHED,FIELD_BEAT_CLIENT|81.698.900-0|UC CHRISTUS - CECA,2025-01-17T17:54:05.430Z,fieldbeat_report_ticket_number
8892|2844,8892,2844,ASISTENCIA REMOTA,FINISHED,FIELD_BEAT_CLIENT|81.698.900-0|UC CHRISTUS - CECA,2025-01-23T17:27:29.081Z,fieldbeat_report_ticket_number
8892|2846,8892,2846,ASISTENCIA REMOTA,FINISHED,FIELD_BEAT_CLIENT|81.698.900-0|UC CHRISTUS - CECA,2025-01-23T22:39:20.781Z,fieldbeat_report_ticket_number
000|2851,000,2851,CORRECTIVA NO PROGRAMADA,FINISHED,FIELD_BEAT_CLIENT|76.746.730-3|CLÍNICA SANATORIO ALEMÁN (ONCORAD),2025-01-27T17:07:48.250Z,fieldbeat_report_ticket_number
8901|2853,8901,2853,CORRECTIVA PROGRAMADA,FINISHED,FIELD_BEAT_CLIENT|70377400-8|FUNDACION ARTURO LOPEZ PEREZ,2025-01-27T18:05:10.813Z,fieldbeat_report_ticket_number
8904|2861,8904,2861,REQUERIMIENTO DEL CLIENTE,FINISHED,FIELD_BEAT_CLIENT|70.377.400-8|FUNDACION ARTURO LOPEZ PEREZ,2025-01-29T20:56:59.896Z,fieldbeat_report_ticket_number
8923|2869,8923,2869,CORRECTIVA PROGRAMADA,FINISHED,FIELD_BEAT_CLIENT|61.608.404-6|Instituto Nacional del Cáncer (INC),2025-02-04T21:26:41.749Z,fieldbeat_report_ticket_number
8904|2871,8904,2871,CORRECTIVA PROGRAMADA,FINISHED,FIELD_BEAT_CLIENT|70.377.400-8|FUNDACION ARTURO LOPEZ PEREZ,2025-02-05T13:12:40.446Z,fieldbeat_report_ticket_number
8817|2877,8817,2877,CORRECTIVA PROGRAMADA,FINISHED,FIELD_BEAT_CLIENT|76.746.730-3|RADIO ONCOLOGÍA DEL SUR,2025-02-07T23:24:54.497Z,fieldbeat_report_ticket_number
8775|2878,8775,2878,CORRECTIVA PROGRAMADA,FINISHED,FIELD_BEAT_CLIENT|76.746.730-3|RADIO ONCOLOGÍA DEL SUR,2025-02-07T23:40:22.181Z,fieldbeat_report_ticket_number
8943|2885,8943,2885,CORRECTIVA NO PROGRAMADA,FINISHED,FIELD_BEAT_CLIENT|76.746.730-3|RADIO ONCOLOGÍA DEL SUR,2025-02-14T15:27:26.447Z,fieldbeat_report_ticket_number
8954|2889,8954,2889,CORRECTIVA NO PROGRAMADA,FINISHED,FIELD_BEAT_CLIENT|61.606.500-9|HOSPITAL CARLOS VAN BUREN (SSVSA),2025-02-18T00:26:07.051Z,fieldbeat_report_ticket_number
8954|2890,8954,2890,CORRECTIVA PROGRAMADA,FINISHED,FIELD_BEAT_CLIENT|61.606.500-9|HOSPITAL CARLOS VAN BUREN (SSVSA),2025-02-18T11:32:25.018Z,fieldbeat_report_ticket_number
8951|2891,8951,2891,CORRECTIVA PROGRAMADA,FINISHED,FIELD_BEAT_CLIENT|81.698.900-0|UC CHRISTUS - CECA,2025-02-19T11:31:31.119Z,fieldbeat_report_ticket_number
8951|2894,8951,2894,CORRECTIVA NO PROGRAMADA,FINISHED,FIELD_BEAT_CLIENT|81.698.900-0|UC CHRISTUS - CECA,2025-02-20T15:21:02.636Z,fieldbeat_report_ticket_number
8821|2895,8821,2895,REQUERIMIENTO DEL CLIENTE,FINISHED,FIELD_BEAT_CLIENT|96.757.430-9|INRAD,2025-02-20T17:54:12.882Z,fieldbeat_report_ticket_number
8984|2916,8984,2916,CORRECTIVA NO PROGRAMADA,FINISHED,FIELD_BEAT_CLIENT|70.377.400-8|FUNDACION ARTURO LOPEZ PEREZ,2025-03-03T12:43:42.063Z,fieldbeat_report_ticket_number
8985|2920,8985,2920,,FINISHED,FIELD_BEAT_CLIENT|81.698.900-0|UC CHRISTUS - CECA,2025-03-04T15:17:20.028Z,fieldbeat_report_ticket_number
8821|2928,8821,2928,CORRECTIVA PROGRAMADA,FINISHED,FIELD_BEAT_CLIENT|96.757.430-9|INRAD,2025-03-07T16:34:29.769Z,fieldbeat_report_ticket_number
8981|2929,8981,2929,REQUERIMIENTO DEL CLIENTE,FINISHED,FIELD_BEAT_CLIENT|96.757.430-9|INRAD,2025-03-07T18:02:31.562Z,fieldbeat_report_ticket_number
8985|2930,8985,2930,REQUERIMIENTO DEL CLIENTE,FINISHED,FIELD_BEAT_CLIENT|81.698.900-0|UC CHRISTUS - CECA,2025-03-13T14:25:10.861Z,fieldbeat_report_ticket_number
8999|2933,8999,2933,CORRECTIVA PROGRAMADA,FINISHED,FIELD_BEAT_CLIENT|70377400-8|FUNDACION ARTURO LOPEZ PEREZ,2025-03-13T23:57:35.341Z,fieldbeat_report_ticket_number
9016|2934,9016,2934,CORRECTIVA PROGRAMADA,FINISHED,FIELD_BEAT_CLIENT|70377400-8|FUNDACION ARTURO LOPEZ PEREZ,2025-03-14T13:12:05.995Z,fieldbeat_report_ticket_number
9006|2935,9006,2935,CORRECTIVA PROGRAMADA,FINISHED,FIELD_BEAT_CLIENT|81.698.900-0|UC CHRISTUS - SCA,2025-03-14T20:41:40.630Z,fieldbeat_report_ticket_number
133|2936,133,2936,CORRECTIVA PROGRAMADA,FINISHED,FIELD_BEAT_CLIENT|61.606.500-9|HOSPITAL CARLOS VAN BUREN (SSVSA),2025-03-15T22:48:43.862Z,fieldbeat_report_ticket_number
8996|2938,8996,2938,CORRECTIVA PROGRAMADA,FINISHED,FIELD_BEAT_CLIENT|81.698.900-0|UC CHRISTUS - CECA,2025-03-17T11:26:59.474Z,fieldbeat_report_ticket_number
8936|2942,8936,2942,REQUERIMIENTO DEL CLIENTE,FINISHED,FIELD_BEAT_CLIENT|96.770.100-9|CLINICA ALEMANA DE SANTIAGO,2025-03-17T18:49:21.284Z,fieldbeat_report_ticket_number
9027|2944,9027,2944,CORRECTIVA NO PROGRAMADA,FINISHED,FIELD_BEAT_CLIENT|76.746.730-3|RADIO ONCOLOGÍA DEL SUR,2025-03-18T18:07:12.557Z,fieldbeat_report_ticket_number
8977|2945,8977,2945,CORRECTIVA PROGRAMADA,FINISHED,FIELD_BEAT_CLIENT|81.698.900-0|UC CHRISTUS - CECA,2025-03-18T21:35:19.966Z,fieldbeat_report_ticket_number
9028|2946,9028,2946,CORRECTIVA PROGRAMADA,FINISHED,FIELD_BEAT_CLIENT|81.698.900-0|UC CHRISTUS - SCA,2025-03-19T18:53:36.135Z,fieldbeat_report_ticket_number
9016|2947,9016,2947,CORRECTIVA PROGRAMADA,FINISHED,FIELD_BEAT_CLIENT|70377400-8|FUNDACION ARTURO LOPEZ PEREZ,2025-03-19T23:37:20.426Z,fieldbeat_report_ticket_number
9037|2954,9037,2954,CORRECTIVA NO PROGRAMADA,FINISHED,FIELD_BEAT_CLIENT|81.698.900-0|UC CHRISTUS - SCA,2025-03-24T15:56:23.313Z,fieldbeat_report_ticket_number
9003|2958,9003,2958,CORRECTIVA PROGRAMADA,FINISHED,FIELD_BEAT_CLIENT|76.746.730-3|RADIO ONCOLOGÍA DEL SUR,2025-03-25T21:59:43.436Z,fieldbeat_report_ticket_number
8899|2959,8899,2959,CORRECTIVA PROGRAMADA,FINISHED,FIELD_BEAT_CLIENT|81.698.900-0|UC CHRISTUS - CECA,2025-03-25T23:16:46.521Z,fieldbeat_report_ticket_number
44|2961,44,2961,CORRECTIVA PROGRAMADA,FINISHED,FIELD_BEAT_CLIENT|81.698.900-0|UC CHRISTUS - CECA,2025-03-25T23:23:46.763Z,fieldbeat_report_ticket_number
9074|2969,9074,2969,CORRECTIVA PROGRAMADA,FINISHED,FIELD_BEAT_CLIENT|81.698.900-0|UC CHRISTUS - SCA,2025-03-31T23:43:26.523Z,fieldbeat_report_ticket_number
9083|2970,9083,2970,CORRECTIVA NO PROGRAMADA,FINISHED,FIELD_BEAT_CLIENT|61.606.500-9|HOSPITAL CARLOS VAN BUREN (SSVSA),2025-04-02T10:50:39.123Z,fieldbeat_report_ticket_number
9071|2972,9071,2972,CORRECTIVA PROGRAMADA,FINISHED,FIELD_BEAT_CLIENT|76.746.730-3|RADIO ONCOLOGÍA DEL SUR,2025-04-02T22:42:59.886Z,fieldbeat_report_ticket_number
9069|2974,9069,2974,REQUERIMIENTO DEL CLIENTE,FINISHED,FIELD_BEAT_CLIENT|81.698.900-0|UC CHRISTUS - SCA,2025-04-03T23:11:11.327Z,fieldbeat_report_ticket_number
9999|2982,9999,2982,CORRECTIVA PROGRAMADA,FINISHED,FIELD_BEAT_CLIENT|70377400-8|FUNDACION ARTURO LOPEZ PEREZ,2025-04-07T12:03:29.108Z,fieldbeat_report_ticket_number
9098|2986,9098,2986,REQUERIMIENTO DEL CLIENTE,FINISHED,FIELD_BEAT_CLIENT|81.698.900-0|UC CHRISTUS - CECA,2025-04-08T21:31:25.890Z,fieldbeat_report_ticket_number
9099|2987,9099,2987,REQUERIMIENTO DEL CLIENTE,FINISHED,FIELD_BEAT_CLIENT|96.757.430-9|INRAD,2025-04-10T18:09:24.030Z,fieldbeat_report_ticket_number
9111|2993,9111,2993,CORRECTIVA PROGRAMADA,FINISHED,FIELD_BEAT_CLIENT|76.746.730-3|RADIO ONCOLOGÍA DEL SUR,2025-04-11T22:58:27.648Z,fieldbeat_report_ticket_number
9118|2997,9118,2997,REQUERIMIENTO DEL CLIENTE,FINISHED,FIELD_BEAT_CLIENT|81.698.900-0|UC CHRISTUS - SCA,2025-04-14T21:55:19.691Z,fieldbeat_report_ticket_number
42|2999,42,2999,PREVENTIVA PROGRAMADA,FINISHED,FIELD_BEAT_CLIENT|81.698.900-0|UC CHRISTUS - CECA,2025-04-15T22:23:20.341Z,fieldbeat_report_ticket_number
9096|3002,9096,3002,CORRECTIVA PROGRAMADA,FINISHED,FIELD_BEAT_CLIENT|70377400-8|FUNDACION ARTURO LOPEZ PEREZ,2025-04-16T22:52:35.197Z,fieldbeat_report_ticket_number
9133|3009,9133,3009,CORRECTIVA NO PROGRAMADA,FINISHED,FIELD_BEAT_CLIENT|96.770.100-9|CLINICA ALEMANA DE SANTIAGO,2025-04-21T16:56:10.417Z,fieldbeat_report_ticket_number
9123|3011,9123,3011,CORRECTIVA NO PROGRAMADA,FINISHED,FIELD_BEAT_CLIENT|61.606.500-9|HOSPITAL CARLOS VAN BUREN (SSVSA),2025-04-22T11:51:14.990Z,fieldbeat_report_ticket_number
9141|3018,9141,3018,CORRECTIVA NO PROGRAMADA,FINISHED,FIELD_BEAT_CLIENT|81.698.900-0|UC CHRISTUS - CECA,2025-04-23T18:01:30.023Z,fieldbeat_report_ticket_number
9131|3019,9131,3019,CORRECTIVA PROGRAMADA,FINISHED,FIELD_BEAT_CLIENT|76.746.730-3|RADIO ONCOLOGÍA DEL SUR,2025-04-24T12:58:52.779Z,fieldbeat_report_ticket_number
9151|3024,9151,3024,CORRECTIVA NO PROGRAMADA,FINISHED,FIELD_BEAT_CLIENT|81.698.900-0|UC CHRISTUS - CECA,2025-04-25T22:31:17.876Z,fieldbeat_report_ticket_number
9150|3025,9150,3025,REQUERIMIENTO DEL CLIENTE,FINISHED,FIELD_BEAT_CLIENT|81.698.900-0|UC CHRISTUS - SCA,2025-04-25T22:49:02.540Z,fieldbeat_report_ticket_number
9154|3030,9154,3030,CORRECTIVA PROGRAMADA,FINISHED,FIELD_BEAT_CLIENT|76.746.730-3|RADIO ONCOLOGÍA DEL SUR,2025-04-29T22:51:11.551Z,fieldbeat_report_ticket_number
000|3051,000,3051,CORRECTIVA PROGRAMADA,FINISHED,FIELD_BEAT_CLIENT|96.770.100-9|CLINICA ALEMANA DE SANTIAGO,2025-05-12T12:11:33.495Z,fieldbeat_report_ticket_number
9264|3056,9264,3056,REQUERIMIENTO DEL CLIENTE,FINISHED,FIELD_BEAT_CLIENT|96.757.430-9|INRAD,2025-05-16T19:23:02.499Z,fieldbeat_report_ticket_number
0101|3061,0101,3061,REQUERIMIENTO DEL CLIENTE,FINISHED,FIELD_BEAT_CLIENT|96.770.100-9|CLINICA ALEMANA DE SANTIAGO,2025-05-19T12:49:58.605Z,fieldbeat_report_ticket_number
9216|3066,9216,3066,CORRECTIVA NO PROGRAMADA,FINISHED,FIELD_BEAT_CLIENT|61.607.901-8|SERVICIO DE SALUD DE MAGALLANES,2025-05-20T12:00:59.589Z,fieldbeat_report_ticket_number
9220|3077,9220,3077,REQUERIMIENTO DEL CLIENTE,FINISHED,FIELD_BEAT_CLIENT|96.770.100-9|CLINICA ALEMANA DE SANTIAGO,2025-05-23T22:20:25.972Z,fieldbeat_report_ticket_number
9220|3082,9220,3082,CORRECTIVA NO PROGRAMADA,FINISHED,FIELD_BEAT_CLIENT|96.770.100-9|CLINICA ALEMANA DE SANTIAGO,2025-05-27T23:09:31.280Z,fieldbeat_report_ticket_number
1000000000|3084,1000000000,3084,PREVENTIVA PROGRAMADA,FINISHED,FIELD_BEAT_CLIENT|70377400-8|FUNDACION ARTURO LOPEZ PEREZ,2025-05-28T20:37:26.914Z,fieldbeat_report_ticket_number
9195|3085,9195,3085,PREVENTIVA PROGRAMADA,FINISHED,FIELD_BEAT_CLIENT|70377400-8|FUNDACION ARTURO LOPEZ PEREZ,2025-05-28T20:39:56.747Z,fieldbeat_report_ticket_number
222|3092,222,3092,REQUERIMIENTO DEL CLIENTE,FINISHED,FIELD_BEAT_CLIENT|61.606.500-9|HOSPITAL CARLOS VAN BUREN (SSVSA),2025-06-02T12:02:36.501Z,fieldbeat_report_ticket_number
222|3093,222,3093,REQUERIMIENTO DEL CLIENTE,FINISHED,FIELD_BEAT_CLIENT|61.606.500-9|HOSPITAL CARLOS VAN BUREN (SSVSA),2025-06-02T12:25:26.272Z,fieldbeat_report_ticket_number
9100|3094,9100,3094,CORRECTIVA PROGRAMADA,FINISHED,FIELD_BEAT_CLIENT|76.746.730-3|CLÍNICA SANATORIO ALEMÁN (ONCORAD),2025-06-02T12:43:25.533Z,fieldbeat_report_ticket_number
9074|3098,9074,3098,CORRECTIVA PROGRAMADA,FINISHED,FIELD_BEAT_CLIENT|81.698.900-0|UC CHRISTUS - SCA,2025-06-02T23:23:15.591Z,fieldbeat_report_ticket_number
9236|3108,9236,3108,CORRECTIVA PROGRAMADA,FINISHED,FIELD_BEAT_CLIENT|76.746.730-3|RADIO ONCOLOGÍA DEL SUR,2025-06-06T00:47:31.210Z,fieldbeat_report_ticket_number
9083|3115,9083,3115,CORRECTIVA NO PROGRAMADA,FINISHED,FIELD_BEAT_CLIENT|61.606.500-9|HOSPITAL CARLOS VAN BUREN (SSVSA),2025-06-09T11:59:43.517Z,fieldbeat_report_ticket_number
9083|3116,9083,3116,CORRECTIVA NO PROGRAMADA,FINISHED,FIELD_BEAT_CLIENT|61.606.500-9|HOSPITAL CARLOS VAN BUREN (SSVSA),2025-06-09T12:30:05.339Z,fieldbeat_report_ticket_number
9074|3118,9074,3118,CORRECTIVA PROGRAMADA,FINISHED,FIELD_BEAT_CLIENT|81.698.900-0|UC CHRISTUS - SCA,2025-06-10T22:36:38.469Z,fieldbeat_report_ticket_number
9074|3120,9074,3120,CORRECTIVA PROGRAMADA,FINISHED,FIELD_BEAT_CLIENT|81.698.900-0|UC CHRISTUS - SCA,2025-06-11T22:15:15.974Z,fieldbeat_report_ticket_number
9289|3139,9289,3139,CORRECTIVA NO PROGRAMADA,FINISHED,FIELD_BEAT_CLIENT|70377400-8|FUNDACION ARTURO LOPEZ PEREZ,2025-06-25T23:24:22.218Z,fieldbeat_report_ticket_number
8775|3143,8775,3143,CORRECTIVA PROGRAMADA,FINISHED,FIELD_BEAT_CLIENT|76.746.730-3|RADIO ONCOLOGÍA DEL SUR,2025-06-27T20:21:53.361Z,fieldbeat_report_ticket_number
9305|3146,9305,3146,REQUERIMIENTO DEL CLIENTE,FINISHED,FIELD_BEAT_CLIENT|81.698.900-0|UC CHRISTUS - CECA,2025-06-30T20:16:58.197Z,fieldbeat_report_ticket_number
9291|3152,9291,3152,CORRECTIVA PROGRAMADA,FINISHED,FIELD_BEAT_CLIENT|81.698.900-0|UC CHRISTUS - SCA,2025-07-01T22:47:22.901Z,fieldbeat_report_ticket_number
9313|3155,9313,3155,REQUERIMIENTO DEL CLIENTE,FINISHED,FIELD_BEAT_CLIENT||CLINICA ALEMANA DE SANTIAGO,2025-07-03T00:02:09.324Z,fieldbeat_report_ticket_number
9234|3156,9234,3156,CORRECTIVA PROGRAMADA,FINISHED,FIELD_BEAT_CLIENT|76.746.730-3|RADIO ONCOLOGÍA DEL SUR,2025-07-03T00:27:06.691Z,fieldbeat_report_ticket_number
9317|3161,9317,3161,CORRECTIVA PROGRAMADA,FINISHED,FIELD_BEAT_CLIENT|76.746.730-3|RADIO ONCOLOGÍA DEL SUR,2025-07-04T22:36:37.213Z,fieldbeat_report_ticket_number
8990|3167,8990,3167,CORRECTIVA PROGRAMADA,FINISHED,FIELD_BEAT_CLIENT|70377400-8|FUNDACION ARTURO LOPEZ PEREZ,2025-07-08T20:42:35.306Z,fieldbeat_report_ticket_number
9336|3168,9336,3168,REQUERIMIENTO DEL CLIENTE,FINISHED,FIELD_BEAT_CLIENT|96.757.430-9|INRAD,2025-07-09T15:37:18.828Z,fieldbeat_report_ticket_number
9344|3172,9344,3172,CORRECTIVA NO PROGRAMADA,FINISHED,FIELD_BEAT_CLIENT|61.608.404-6|Instituto Nacional del Cáncer (INC),2025-07-10T17:29:43.587Z,fieldbeat_report_ticket_number
9329|3174,9329,3174,CORRECTIVA PROGRAMADA,FINISHED,FIELD_BEAT_CLIENT|61.608.404-6|Instituto Nacional del Cáncer (INC),2025-07-11T00:37:04.857Z,fieldbeat_report_ticket_number
9345|3175,9345,3175,REQUERIMIENTO DEL CLIENTE,FINISHED,FIELD_BEAT_CLIENT|61.608.404-6|Instituto Nacional del Cáncer (INC),2025-07-11T14:28:35.133Z,fieldbeat_report_ticket_number
9334|3176,9334,3176,REQUERIMIENTO DEL CLIENTE,FINISHED,FIELD_BEAT_CLIENT|96.770.100-9|CLINICA ALEMANA DE SANTIAGO,2025-07-11T15:40:43.703Z,fieldbeat_report_ticket_number
9346|3177,9346,3177,CORRECTIVA PROGRAMADA,FINISHED,FIELD_BEAT_CLIENT|61.608.404-6|Instituto Nacional del Cáncer (INC),2025-07-11T17:29:47.543Z,fieldbeat_report_ticket_number
9347|3180,9347,3180,REQUERIMIENTO DEL CLIENTE,FINISHED,FIELD_BEAT_CLIENT|81.698.900-0|UC CHRISTUS - CECA,2025-07-11T21:40:27.712Z,fieldbeat_report_ticket_number
9362|3187,9362,3187,REQUERIMIENTO DEL CLIENTE,FINISHED,FIELD_BEAT_CLIENT|81.698.900-0|UC CHRISTUS - CECA,2025-07-17T14:59:11.942Z,fieldbeat_report_ticket_number
9346|3189,9346,3189,CORRECTIVA NO PROGRAMADA,FINISHED,FIELD_BEAT_CLIENT|61.608.404-6|Instituto Nacional del Cáncer (INC),2025-07-17T16:04:20.473Z,fieldbeat_report_ticket_number
9363|3191,9363,3191,CORRECTIVA NO PROGRAMADA,FINISHED,FIELD_BEAT_CLIENT|96.770.100-9|CLINICA ALEMANA DE SANTIAGO,2025-07-17T20:09:08.432Z,fieldbeat_report_ticket_number
0|3192,0,3192,PREVENTIVA PROGRAMADA,FINISHED,FIELD_BEAT_CLIENT|93.930.000-7|CLÍNICA LAS CONDES,2025-07-17T20:41:03.763Z,fieldbeat_report_ticket_number
9371|3197,9371,3197,CORRECTIVA PROGRAMADA,FINISHED,FIELD_BEAT_CLIENT|61.608.404-6|Instituto Nacional del Cáncer (INC),2025-07-21T12:42:21.070Z,fieldbeat_report_ticket_number
9053|3200,9053,3200,CORRECTIVA PROGRAMADA,FINISHED,FIELD_BEAT_CLIENT|93.930.000-7|CLÍNICA LAS CONDES,2025-07-23T22:16:31.104Z,fieldbeat_report_ticket_number
9295|3204,9295,3204,CORRECTIVA PROGRAMADA,FINISHED,FIELD_BEAT_CLIENT|61.607.901-8|SERVICIO DE SALUD DE MAGALLANES,2025-07-25T01:29:53.002Z,fieldbeat_report_ticket_number
9272|3206,9272,3206,CORRECTIVA PROGRAMADA,FINISHED,FIELD_BEAT_CLIENT|61.606.500-9|HOSPITAL CARLOS VAN BUREN (SSVSA),2025-07-25T20:31:38.210Z,fieldbeat_report_ticket_number
9377|3211,9377,3211,CORRECTIVA NO PROGRAMADA,FINISHED,FIELD_BEAT_CLIENT|61.608.404-6|Instituto Nacional del Cáncer (INC),2025-07-29T16:09:49.540Z,fieldbeat_report_ticket_number
9386|3213,9386,3213,REQUERIMIENTO DEL CLIENTE,FINISHED,FIELD_BEAT_CLIENT|81.698.900-0|UC CHRISTUS - CECA,2025-07-29T16:34:07.007Z,fieldbeat_report_ticket_number
9386|3216,9386,3216,REQUERIMIENTO DEL CLIENTE,FINISHED,FIELD_BEAT_CLIENT|81.698.900-0|UC CHRISTUS - CECA,2025-07-30T21:50:02.746Z,fieldbeat_report_ticket_number
9400|3218,9400,3218,CORRECTIVA NO PROGRAMADA,FINISHED,FIELD_BEAT_CLIENT|81.698.900-0|UC CHRISTUS - CECA,2025-07-31T23:34:56.008Z,fieldbeat_report_ticket_number
9400|3221,9400,3221,CORRECTIVA NO PROGRAMADA,FINISHED,FIELD_BEAT_CLIENT|81.698.900-0|UC CHRISTUS - CECA,2025-08-01T21:09:11.265Z,fieldbeat_report_ticket_number
9404|3224,9404,3224,CORRECTIVA NO PROGRAMADA,FINISHED,FIELD_BEAT_CLIENT|61.607.901-8|SERVICIO DE SALUD DE MAGALLANES,2025-08-04T14:18:02.734Z,fieldbeat_report_ticket_number
9416|3229,9416,3229,REQUERIMIENTO DEL CLIENTE,FINISHED,FIELD_BEAT_CLIENT|96.770.100-9|CLINICA ALEMANA DE SANTIAGO,2025-08-05T22:44:03.945Z,fieldbeat_report_ticket_number
9400|3232,9400,3232,CORRECTIVA PROGRAMADA,FINISHED,FIELD_BEAT_CLIENT|81.698.900-0|UC CHRISTUS - CECA,2025-08-06T12:30:55.234Z,fieldbeat_report_ticket_number
9388|3234,9388,3234,REQUERIMIENTO DEL CLIENTE,FINISHED,FIELD_BEAT_CLIENT|81.698.900-0|UC CHRISTUS - SCA,2025-08-06T18:45:16.670Z,fieldbeat_report_ticket_number
9417|3235,9417,3235,CORRECTIVA NO PROGRAMADA,FINISHED,FIELD_BEAT_CLIENT|96.770.100-9|CLINICA ALEMANA DE SANTIAGO,2025-08-06T19:28:02.151Z,fieldbeat_report_ticket_number
9421|3236,9421,3236,CORRECTIVA PROGRAMADA,FINISHED,FIELD_BEAT_CLIENT|61.606.500-9|HOSPITAL CARLOS VAN BUREN (SSVSA),2025-08-07T12:36:33.160Z,fieldbeat_report_ticket_number
9418|3238,9418,3238,CORRECTIVA NO PROGRAMADA,FINISHED,FIELD_BEAT_CLIENT|96.770.100-9|CLINICA ALEMANA DE SANTIAGO,2025-08-08T23:03:53.948Z,fieldbeat_report_ticket_number
9424|3239,9424,3239,REQUERIMIENTO DEL CLIENTE,FINISHED,FIELD_BEAT_CLIENT|96.770.100-9|CLINICA ALEMANA DE SANTIAGO,2025-08-08T23:55:54.484Z,fieldbeat_report_ticket_number
9388|3245,9388,3245,REQUERIMIENTO DEL CLIENTE,FINISHED,FIELD_BEAT_CLIENT|81.698.900-0|UC CHRISTUS - SCA,2025-08-14T22:26:26.778Z,fieldbeat_report_ticket_number
9407|3250,9407,3250,CORRECTIVA PROGRAMADA,FINISHED,FIELD_BEAT_CLIENT|96.770.100-9|CLINICA ALEMANA DE SANTIAGO,2025-08-18T15:03:31.510Z,fieldbeat_report_ticket_number
9374|3254,9374,3254,CORRECTIVA PROGRAMADA,FINISHED,FIELD_BEAT_CLIENT|76.746.730-3|RADIO ONCOLOGÍA DEL SUR,2025-08-19T23:43:50.037Z,fieldbeat_report_ticket_number
9213|3255,9213,3255,CORRECTIVA PROGRAMADA,FINISHED,FIELD_BEAT_CLIENT|76.746.730-3|RADIO ONCOLOGÍA DEL SUR,2025-08-19T23:56:45.621Z,fieldbeat_report_ticket_number
9293|3256,9293,3256,CORRECTIVA PROGRAMADA,FINISHED,FIELD_BEAT_CLIENT|81.698.900-0|UC CHRISTUS - CECA,2025-08-20T01:12:36.834Z,fieldbeat_report_ticket_number
9441|3258,9441,3258,CORRECTIVA NO PROGRAMADA,FINISHED,FIELD_BEAT_CLIENT|81.698.900-0|UC CHRISTUS - CECA,2025-08-21T14:00:52.497Z,fieldbeat_report_ticket_number
9332|3263,9332,3263,CORRECTIVA PROGRAMADA,FINISHED,FIELD_BEAT_CLIENT|96.770.100-9|CLINICA ALEMANA DE SANTIAGO,2025-08-21T23:37:45.259Z,fieldbeat_report_ticket_number
9438|3267,9438,3267,CORRECTIVA NO PROGRAMADA,FINISHED,FIELD_BEAT_CLIENT|61.606.500-9|HOSPITAL CARLOS VAN BUREN (SSVSA),2025-08-22T16:44:55.250Z,fieldbeat_report_ticket_number
9293|3270,9293,3270,CORRECTIVA NO PROGRAMADA,FINISHED,FIELD_BEAT_CLIENT|81.698.900-0|UC CHRISTUS - CECA,2025-08-25T18:12:59.767Z,fieldbeat_report_ticket_number
9464|3271,9464,3271,CORRECTIVA NO PROGRAMADA,FINISHED,FIELD_BEAT_CLIENT|76.746.730-3|CLÍNICA SANATORIO ALEMÁN (ONCORAD),2025-08-26T20:27:52.341Z,fieldbeat_report_ticket_number
9407|3273,9407,3273,CORRECTIVA NO PROGRAMADA,FINISHED,FIELD_BEAT_CLIENT|96.770.100-9|CLINICA ALEMANA DE SANTIAGO,2025-08-27T17:28:51.112Z,fieldbeat_report_ticket_number
9235|3276,9235,3276,CORRECTIVA PROGRAMADA,FINISHED,FIELD_BEAT_CLIENT|76.746.730-3|RADIO ONCOLOGÍA DEL SUR,2025-09-01T14:40:17.802Z,fieldbeat_report_ticket_number
9422|3277,9422,3277,REQUERIMIENTO DEL CLIENTE,FINISHED,FIELD_BEAT_CLIENT|81.698.900-0|UC CHRISTUS - SCA,2025-09-01T23:05:58.697Z,fieldbeat_report_ticket_number
9470|3279,9470,3279,CORRECTIVA PROGRAMADA,FINISHED,FIELD_BEAT_CLIENT|96.770.100-9|CLINICA ALEMANA DE SANTIAGO,2025-09-03T20:33:34.114Z,fieldbeat_report_ticket_number
9494|3280,9494,3280,CORRECTIVA NO PROGRAMADA,FINISHED,FIELD_BEAT_CLIENT|81.698.900-0|UC CHRISTUS - CECA,2025-09-04T17:08:37.566Z,fieldbeat_report_ticket_number
9477|3293,9477,3293,CORRECTIVA PROGRAMADA,FINISHED,FIELD_BEAT_CLIENT|93.930.000-7|CLÍNICA LAS CONDES,2025-09-09T16:45:40.707Z,fieldbeat_report_ticket_number
9513|3298,9513,3298,CORRECTIVA NO PROGRAMADA,FINISHED,FIELD_BEAT_CLIENT|76.746.730-3|RADIO ONCOLOGÍA DEL SUR,2025-09-12T16:32:03.023Z,fieldbeat_report_ticket_number
9504|3303,9504,3303,CORRECTIVA PROGRAMADA,FINISHED,FIELD_BEAT_CLIENT|81.698.900-0|UC CHRISTUS - SCA,2025-09-23T22:05:47.973Z,fieldbeat_report_ticket_number
9539|3305,9539,3305,CORRECTIVA PROGRAMADA,FINISHED,FIELD_BEAT_CLIENT|81.698.900-0|UC CHRISTUS - CECA,2025-09-24T22:01:42.220Z,fieldbeat_report_ticket_number
9454|3306,9454,3306,CORRECTIVA PROGRAMADA,FINISHED,FIELD_BEAT_CLIENT|61.606.500-9|HOSPITAL CARLOS VAN BUREN (SSVSA),2025-09-25T21:55:29.917Z,fieldbeat_report_ticket_number
9478|3318,9478,3318,CORRECTIVA PROGRAMADA,FINISHED,FIELD_BEAT_CLIENT|76.746.730-3|CLÍNICA SANATORIO ALEMÁN (ONCORAD),2025-10-06T11:28:08.314Z,fieldbeat_report_ticket_number
9562|3324,9562,3324,CORRECTIVA PROGRAMADA,FINISHED,FIELD_BEAT_CLIENT|96.770.100-9|CLINICA ALEMANA DE SANTIAGO,2025-10-10T16:28:17.602Z,fieldbeat_report_ticket_number
9571|3327,9571,3327,REQUERIMIENTO DEL CLIENTE,FINISHED,FIELD_BEAT_CLIENT|81.698.900-0|UC CHRISTUS - CECA,2025-10-10T21:43:49.709Z,fieldbeat_report_ticket_number
9574|3334,9574,3334,CORRECTIVA PROGRAMADA,FINISHED,FIELD_BEAT_CLIENT|96.770.100-9|CLINICA ALEMANA DE SANTIAGO,2025-10-13T16:16:40.690Z,fieldbeat_report_ticket_number
9578|3335,9578,3335,CORRECTIVA PROGRAMADA,FINISHED,FIELD_BEAT_CLIENT|96.770.100-9|CLINICA ALEMANA DE SANTIAGO,2025-10-13T16:23:44.110Z,fieldbeat_report_ticket_number
9573|3336,9573,3336,CORRECTIVA PROGRAMADA,FINISHED,FIELD_BEAT_CLIENT|96.770.100-9|CLINICA ALEMANA DE SANTIAGO,2025-10-13T16:28:47.901Z,fieldbeat_report_ticket_number
9584|3337,9584,3337,CORRECTIVA NO PROGRAMADA,FINISHED,FIELD_BEAT_CLIENT|61.608.404-6|Instituto Nacional del Cáncer (INC),2025-10-13T16:40:57.798Z,fieldbeat_report_ticket_number
9586|3338,9586,3338,REQUERIMIENTO DEL CLIENTE,FINISHED,FIELD_BEAT_CLIENT|81.698.900-0|UC CHRISTUS - SCA,2025-10-13T16:52:50.525Z,fieldbeat_report_ticket_number
9586|3339,9586,3339,CORRECTIVA NO PROGRAMADA,FINISHED,FIELD_BEAT_CLIENT|96.770.100-9|CLINICA ALEMANA DE SANTIAGO,2025-10-14T16:35:56.486Z,fieldbeat_report_ticket_number
9587|3340,9587,3340,REQUERIMIENTO DEL CLIENTE,FINISHED,FIELD_BEAT_CLIENT|96.770.100-9|CLINICA ALEMANA DE SANTIAGO,2025-10-14T17:42:21.907Z,fieldbeat_report_ticket_number
9424|3342,9424,3342,REQUERIMIENTO DEL CLIENTE,FINISHED,FIELD_BEAT_CLIENT|96.770.100-9|CLINICA ALEMANA DE SANTIAGO,2025-10-15T17:44:43.276Z,fieldbeat_report_ticket_number
9591|3343,9591,3343,CORRECTIVA PROGRAMADA,FINISHED,FIELD_BEAT_CLIENT|61.608.404-6|Instituto Nacional del Cáncer (INC),2025-10-16T00:20:11.506Z,fieldbeat_report_ticket_number
9594|3344,9594,3344,CORRECTIVA NO PROGRAMADA,FINISHED,FIELD_BEAT_CLIENT|61.608.404-6|Instituto Nacional del Cáncer (INC),2025-10-16T12:16:32.574Z,fieldbeat_report_ticket_number
9601|3345,9601,3345,CORRECTIVA NO PROGRAMADA,FINISHED,FIELD_BEAT_CLIENT|61.608.404-6|Instituto Nacional del Cáncer (INC),2025-10-17T20:03:57.888Z,fieldbeat_report_ticket_number
9542|3347,9542,3347,CORRECTIVA NO PROGRAMADA,FINISHED,FIELD_BEAT_CLIENT|61.607.901-8|SERVICIO DE SALUD DE MAGALLANES,2025-10-20T13:07:28.981Z,fieldbeat_report_ticket_number
8824|3349,8824,3349,CORRECTIVA PROGRAMADA,FINISHED,FIELD_BEAT_CLIENT|76.746.730-3|RADIO ONCOLOGÍA DEL SUR,2025-10-20T22:02:32.564Z,fieldbeat_report_ticket_number
9542|3363,9542,3363,REQUERIMIENTO DEL CLIENTE,FINISHED,FIELD_BEAT_CLIENT|61.606.500-9|HOSPITAL CARLOS VAN BUREN (SSVSA),2025-10-29T14:13:19.270Z,fieldbeat_report_ticket_number
9645|3365,9645,3365,CORRECTIVA PROGRAMADA,FINISHED,FIELD_BEAT_CLIENT|81.698.900-0|UC CHRISTUS - SCA,2025-11-04T22:06:36.230Z,fieldbeat_report_ticket_number
9648|3366,9648,3366,REQUERIMIENTO DEL CLIENTE,FINISHED,FIELD_BEAT_CLIENT|61.606.500-9|HOSPITAL CARLOS VAN BUREN (SSVSA),2025-11-05T18:08:21.450Z,fieldbeat_report_ticket_number
9655|3370,9655,3370,CORRECTIVA NO PROGRAMADA,FINISHED,FIELD_BEAT_CLIENT|61.608.404-6|Instituto Nacional del Cáncer (INC),2025-11-07T13:06:41.695Z,fieldbeat_report_ticket_number
222|3371,222,3371,CORRECTIVA PROGRAMADA,FINISHED,FIELD_BEAT_CLIENT|61.606.500-9|HOSPITAL CARLOS VAN BUREN (SSVSA),2025-11-07T21:44:28.941Z,fieldbeat_report_ticket_number
9577|3375,9577,3375,CORRECTIVA PROGRAMADA,FINISHED,FIELD_BEAT_CLIENT|96.757.430-9|INRAD,2025-11-11T15:22:29.242Z,fieldbeat_report_ticket_number
9533|3376,9533,3376,CORRECTIVA PROGRAMADA,FINISHED,FIELD_BEAT_CLIENT|93.930.000-7|CLÍNICA LAS CONDES,2025-11-11T16:53:23.154Z,fieldbeat_report_ticket_number
9667|3382,9667,3382,REQUERIMIENTO DEL CLIENTE,FINISHED,FIELD_BEAT_CLIENT|93.930.000-7|CLÍNICA LAS CONDES,2025-11-14T18:29:44.978Z,fieldbeat_report_ticket_number
9635|3384,9635,3384,CORRECTIVA PROGRAMADA,FINISHED,FIELD_BEAT_CLIENT|81.698.900-0|UC CHRISTUS - CECA,2025-11-14T21:42:00.923Z,fieldbeat_report_ticket_number
9674|3391,9674,3391,CORRECTIVA NO PROGRAMADA,FINISHED,FIELD_BEAT_CLIENT|81.698.900-0|UC CHRISTUS - CECA,2025-11-18T18:06:07.952Z,fieldbeat_report_ticket_number
99999|3395,99999,3395,PUESTA EN MARCHA,FINISHED,FIELD_BEAT_CLIENT|96.843.010-6|Tecnoimagen S.A.,2025-11-20T19:36:26.149Z,fieldbeat_report_ticket_number
9683|3402,9683,3402,CORRECTIVA NO PROGRAMADA,FINISHED,FIELD_BEAT_CLIENT|96.770.100-9|CLINICA ALEMANA DE SANTIAGO,2025-11-25T14:28:01.709Z,fieldbeat_report_ticket_number
9704|3406,9704,3406,CORRECTIVA NO PROGRAMADA,FINISHED,FIELD_BEAT_CLIENT|61.608.404-6|Instituto Nacional del Cáncer (INC),2025-11-27T16:02:17.030Z,fieldbeat_report_ticket_number
0000|3410,0000,3410,PUESTA EN MARCHA,FINISHED,FIELD_BEAT_CLIENT|61.606.500-9|HOSPITAL CARLOS VAN BUREN (SSVSA),2025-12-01T11:58:39.128Z,fieldbeat_report_ticket_number
9714|3412,9714,3412,REQUERIMIENTO DEL CLIENTE,FINISHED,FIELD_BEAT_CLIENT|81.698.900-0|UC CHRISTUS - CECA,2025-12-03T16:13:19.398Z,fieldbeat_report_ticket_number
9712|3413,9712,3413,REQUERIMIENTO DEL CLIENTE,FINISHED,FIELD_BEAT_CLIENT|81.698.900-0|UC CHRISTUS - SCA,2025-12-03T19:02:24.688Z,fieldbeat_report_ticket_number
9720|3414,9720,3414,CORRECTIVA NO PROGRAMADA,FINISHED,FIELD_BEAT_CLIENT|76.746.730-3|CLÍNICA SANATORIO ALEMÁN (ONCORAD),2025-12-03T22:19:39.711Z,fieldbeat_report_ticket_number
9722|3416,9722,3416,ASISTENCIA REMOTA,FINISHED,FIELD_BEAT_CLIENT|81.698.900-0|UC CHRISTUS - SCA,2025-12-04T12:54:35.856Z,fieldbeat_report_ticket_number
0|3417,0,3417,PREVENTIVA PROGRAMADA,FINISHED,FIELD_BEAT_CLIENT|70377400-8|FUNDACION ARTURO LOPEZ PEREZ,2025-12-04T19:56:08.720Z,fieldbeat_report_ticket_number
9726|3421,9726,3421,CORRECTIVA PROGRAMADA,FINISHED,FIELD_BEAT_CLIENT|76.746.730-3|RADIO ONCOLOGÍA DEL SUR,2025-12-05T20:51:20.875Z,fieldbeat_report_ticket_number
938|3427,938,3427,CORRECTIVA NO PROGRAMADA,FINISHED,FIELD_BEAT_CLIENT|76.746.730-3|RADIO ONCOLOGÍA DEL SUR,2025-12-12T12:34:03.007Z,fieldbeat_report_ticket_number
9753|3434,9753,3434,CORRECTIVA PROGRAMADA,FINISHED,FIELD_BEAT_CLIENT|93.930.000-7|CLÍNICA LAS CONDES,2025-12-15T19:37:14.979Z,fieldbeat_report_ticket_number
9758|3436,9758,3436,CORRECTIVA NO PROGRAMADA,FINISHED,FIELD_BEAT_CLIENT|76.746.730-3|CLÍNICA SANATORIO ALEMÁN (ONCORAD),2025-12-17T17:09:32.535Z,fieldbeat_report_ticket_number
9731|3444,9731,3444,CORRECTIVA PROGRAMADA,FINISHED,FIELD_BEAT_CLIENT|96.770.100-9|CLINICA ALEMANA DE SANTIAGO,2025-12-26T21:14:47.032Z,fieldbeat_report_ticket_number
9790|3452,9790,3452,CORRECTIVA NO PROGRAMADA,FINISHED,FIELD_BEAT_CLIENT|76.746.730-3|CLÍNICA SANATORIO ALEMÁN (ONCORAD),2026-01-05T12:35:53.048Z,fieldbeat_report_ticket_number
9789|3454,9789,3454,CORRECTIVA PROGRAMADA V2,FINISHED,FIELD_BEAT_CLIENT|96.770.100-9|CLINICA ALEMANA DE SANTIAGO,2026-01-05T19:01:41.030Z,fieldbeat_report_ticket_number
9793|3455,9793,3455,CORRECTIVA NO PROGRAMADA,FINISHED,FIELD_BEAT_CLIENT|76.746.730-3|CLÍNICA SANATORIO ALEMÁN (ONCORAD),2026-01-05T20:40:49.991Z,fieldbeat_report_ticket_number
9694|3456,9694,3456,CORRECTIVA PROGRAMADA,FINISHED,FIELD_BEAT_CLIENT||CLINICA ALEMANA DE SANTIAGO,2026-01-06T21:16:44.483Z,fieldbeat_report_ticket_number
9790|3458,9790,3458,CORRECTIVA PROGRAMADA,FINISHED,FIELD_BEAT_CLIENT|76.746.730-3|CLÍNICA SANATORIO ALEMÁN (ONCORAD),2026-01-08T20:29:59.245Z,fieldbeat_report_ticket_number
9806|3462,9806,3462,CORRECTIVA PROGRAMADA,FINISHED,FIELD_BEAT_CLIENT|81.698.900-0|UC CHRISTUS - SCA,2026-01-13T21:55:43.541Z,fieldbeat_report_ticket_number
9810|3463,9810,3463,CORRECTIVA NO PROGRAMADA,FINISHED,FIELD_BEAT_CLIENT|76.746.730-3|CLÍNICA SANATORIO ALEMÁN (ONCORAD),2026-01-14T20:09:08.567Z,fieldbeat_report_ticket_number
9813|3464,9813,3464,CORRECTIVA NO PROGRAMADA,FINISHED,FIELD_BEAT_CLIENT|61.608.404-6|Instituto Nacional del Cáncer (INC),2026-01-15T00:40:22.647Z,fieldbeat_report_ticket_number
9754|3472,9754,3472,REQUERIMIENTO DEL CLIENTE,FINISHED,FIELD_BEAT_CLIENT|61.606.500-9|HOSPITAL CARLOS VAN BUREN (SSVSA),2026-01-16T22:53:12.064Z,fieldbeat_report_ticket_number
9819|3483,9819,3483,REQUERIMIENTO DEL CLIENTE,FINISHED,FIELD_BEAT_CLIENT|81.698.900-0|UC CHRISTUS - SCA,2026-01-21T23:32:37.170Z,fieldbeat_report_ticket_number
9835|3485,9835,3485,CORRECTIVA NO PROGRAMADA,FINISHED,FIELD_BEAT_CLIENT|61.608.404-6|Instituto Nacional del Cáncer (INC),2026-01-23T23:04:50.116Z,fieldbeat_report_ticket_number
9819|3486,9819,3486,REQUERIMIENTO DEL CLIENTE,FINISHED,FIELD_BEAT_CLIENT|81.698.900-0|UC CHRISTUS - CECA,2026-01-24T16:03:58.671Z,fieldbeat_report_ticket_number
9784|3492,9784,3492,REQUERIMIENTO DEL CLIENTE,FINISHED,FIELD_BEAT_CLIENT|96.770.100-9|CLINICA ALEMANA DE SANTIAGO,2026-01-27T19:35:31.441Z,fieldbeat_report_ticket_number
9833|3495,9833,3495,CORRECTIVA PROGRAMADA V2,FINISHED,FIELD_BEAT_CLIENT|76.746.730-3|RADIO ONCOLOGÍA DEL SUR,2026-01-27T21:11:06.665Z,fieldbeat_report_ticket_number
9867|3496,9867,3496,CORRECTIVA NO PROGRAMADA,FINISHED,FIELD_BEAT_CLIENT|81.698.900-0|UC CHRISTUS - CECA,2026-01-27T21:21:49.285Z,fieldbeat_report_ticket_number
9731|3497,9731,3497,CORRECTIVA PROGRAMADA,FINISHED,FIELD_BEAT_CLIENT|96.770.100-9|CLINICA ALEMANA DE SANTIAGO,2026-01-27T21:42:05.631Z,fieldbeat_report_ticket_number
9852|3499,9852,3499,CORRECTIVA NO PROGRAMADA,FINISHED,FIELD_BEAT_CLIENT|81.698.900-0|UC CHRISTUS - SCA,2026-01-28T22:26:43.675Z,fieldbeat_report_ticket_number
9858|3503,9858,3503,CORRECTIVA NO PROGRAMADA,FINISHED,FIELD_BEAT_CLIENT|96.757.430-9|INRAD,2026-01-29T15:18:44.709Z,fieldbeat_report_ticket_number
9855|3505,9855,3505,REQUERIMIENTO DEL CLIENTE,FINISHED,FIELD_BEAT_CLIENT|96.757.430-9|INRAD,2026-01-29T18:16:38.838Z,fieldbeat_report_ticket_number
9429|3506,9429,3506,CORRECTIVA PROGRAMADA,FINISHED,FIELD_BEAT_CLIENT|76.746.730-3|CLÍNICA SANATORIO ALEMÁN (ONCORAD),2026-01-30T14:58:36.774Z,fieldbeat_report_ticket_number
9859|3507,9859,3507,REQUERIMIENTO DEL CLIENTE,FINISHED,FIELD_BEAT_CLIENT|61.608.404-6|Instituto Nacional del Cáncer (INC),2026-01-30T23:46:00.571Z,fieldbeat_report_ticket_number
9864|3512,9864,3512,REQUERIMIENTO DEL CLIENTE,FINISHED,FIELD_BEAT_CLIENT|96.770.100-9|CLINICA ALEMANA DE SANTIAGO,2026-02-03T02:16:00.955Z,fieldbeat_report_ticket_number
9864|3514,9864,3514,REQUERIMIENTO DEL CLIENTE,FINISHED,FIELD_BEAT_CLIENT|96.770.100-9|CLINICA ALEMANA DE SANTIAGO,2026-02-03T19:52:22.082Z,fieldbeat_report_ticket_number
9883|3524,9883,3524,CORRECTIVA NO PROGRAMADA,FINISHED,FIELD_BEAT_CLIENT|96.770.100-9|CLINICA ALEMANA DE SANTIAGO,2026-02-09T13:18:34.196Z,fieldbeat_report_ticket_number
9884|3525,9884,3525,CORRECTIVA NO PROGRAMADA,FINISHED,FIELD_BEAT_CLIENT|81.698.900-0|UC CHRISTUS - CECA,2026-02-09T17:01:49.957Z,fieldbeat_report_ticket_number
9882|3526,9882,3526,REQUERIMIENTO DEL CLIENTE,FINISHED,FIELD_BEAT_CLIENT|96.770.100-9|CLINICA ALEMANA DE SANTIAGO,2026-02-09T20:30:34.535Z,fieldbeat_report_ticket_number
9866|3528,9866,3528,REQUERIMIENTO DEL CLIENTE,FINISHED,FIELD_BEAT_CLIENT|81.698.900-0|UC CHRISTUS - SCA,2026-02-10T21:32:20.613Z,fieldbeat_report_ticket_number
9888|3529,9888,3529,CORRECTIVA PROGRAMADA,FINISHED,FIELD_BEAT_CLIENT||SERVICIO DE SALUD DE MAGALLANES,2026-02-11T11:47:13.014Z,fieldbeat_report_ticket_number
9871|3530,9871,3530,CORRECTIVA PROGRAMADA V2,FINISHED,FIELD_BEAT_CLIENT|93.930.000-7|CLÍNICA LAS CONDES,2026-02-11T16:35:26.785Z,fieldbeat_report_ticket_number
9894|3531,9894,3531,CORRECTIVA NO PROGRAMADA,FINISHED,FIELD_BEAT_CLIENT||SERVICIO DE SALUD DE MAGALLANES,2026-02-11T19:02:25.807Z,fieldbeat_report_ticket_number
9901|3535,9901,3535,CORRECTIVA PROGRAMADA,FINISHED,FIELD_BEAT_CLIENT|96.770.100-9|CLINICA ALEMANA DE SANTIAGO,2026-02-13T17:13:56.593Z,fieldbeat_report_ticket_number
9911|3540,9911,3540,CORRECTIVA NO PROGRAMADA,FINISHED,FIELD_BEAT_CLIENT|61.608.404-6|Instituto Nacional del Cáncer (INC),2026-02-18T14:18:00.887Z,fieldbeat_report_ticket_number
9913|3542,9913,3542,CORRECTIVA PROGRAMADA,FINISHED,FIELD_BEAT_CLIENT|96.770.100-9|CLINICA ALEMANA DE SANTIAGO,2026-02-19T09:36:26.023Z,fieldbeat_report_ticket_number
0000000|3547,0000000,3547,CORRECTIVA PROGRAMADA,FINISHED,FIELD_BEAT_CLIENT|70.377.400-8|FUNDACION ARTURO LOPEZ PEREZ,2025-07-07T23:01:03.310Z,fieldbeat_report_ticket_number
9898|3550,9898,3550,CORRECTIVA PROGRAMADA,FINISHED,FIELD_BEAT_CLIENT|61.608.404-6|Instituto Nacional del Cáncer (INC),2026-02-23T23:43:56.504Z,fieldbeat_report_ticket_number
9923|3552,9923,3552,CORRECTIVA NO PROGRAMADA,FINISHED,FIELD_BEAT_CLIENT|96.770.100-9|CLINICA ALEMANA DE SANTIAGO,2026-02-25T20:10:31.947Z,fieldbeat_report_ticket_number
9924|3555,9924,3555,CORRECTIVA PROGRAMADA,FINISHED,FIELD_BEAT_CLIENT|61.608.404-6|Instituto Nacional del Cáncer (INC),2026-02-26T21:09:35.272Z,fieldbeat_report_ticket_number
9926|3556,9926,3556,CORRECTIVA PROGRAMADA,FINISHED,FIELD_BEAT_CLIENT|76.746.730-3|CLÍNICA SANATORIO ALEMÁN (ONCORAD),2026-02-27T17:09:16.777Z,fieldbeat_report_ticket_number
9934|3562,9934,3562,,FINISHED,FIELD_BEAT_CLIENT|61.606.500-9|HOSPITAL CARLOS VAN BUREN (SSVSA),2026-03-03T11:35:50.685Z,fieldbeat_report_ticket_number
9793|3564,9793,3564,CORRECTIVA PROGRAMADA,FINISHED,FIELD_BEAT_CLIENT|76.746.730-3|CLÍNICA SANATORIO ALEMÁN (ONCORAD),2026-03-04T14:21:07.336Z,fieldbeat_report_ticket_number
9919|3569,9919,3569,CORRECTIVA PROGRAMADA,FINISHED,FIELD_BEAT_CLIENT|76.746.730-3|CLÍNICA SANATORIO ALEMÁN (ONCORAD),2026-03-05T16:31:27.164Z,fieldbeat_report_ticket_number
9947|3570,9947,3570,CORRECTIVA NO PROGRAMADA,FINISHED,FIELD_BEAT_CLIENT|61.608.404-6|Instituto Nacional del Cáncer (INC),2026-03-06T00:26:32.340Z,fieldbeat_report_ticket_number
9947|3572,9947,3572,CORRECTIVA NO PROGRAMADA,FINISHED,FIELD_BEAT_CLIENT|61.608.404-6|Instituto Nacional del Cáncer (INC),2026-03-06T14:08:18.858Z,fieldbeat_report_ticket_number
9938|3574,9938,3574,REQUERIMIENTO DEL CLIENTE,FINISHED,FIELD_BEAT_CLIENT|96.770.100-9|CLINICA ALEMANA DE SANTIAGO,2026-03-06T21:46:18.126Z,fieldbeat_report_ticket_number
9916|3575,9916,3575,CORRECTIVA PROGRAMADA,FINISHED,FIELD_BEAT_CLIENT|81.698.900-0|UC CHRISTUS - CECA,2026-03-07T16:37:08.357Z,fieldbeat_report_ticket_number
9919|3579,9919,3579,CORRECTIVA PROGRAMADA,FINISHED,FIELD_BEAT_CLIENT|76.746.730-3|RADIO ONCOLOGÍA DEL SUR,2026-03-09T12:01:16.238Z,fieldbeat_report_ticket_number
9971|3587,9971,3587,CORRECTIVA PROGRAMADA,FINISHED,FIELD_BEAT_CLIENT|61.608.404-6|Instituto Nacional del Cáncer (INC),2026-03-12T02:37:22.130Z,fieldbeat_report_ticket_number
9825|3588,9825,3588,REQUERIMIENTO DEL CLIENTE,FINISHED,FIELD_BEAT_CLIENT|70377400-8|FUNDACION ARTURO LOPEZ PEREZ,2026-03-12T19:36:30.216Z,fieldbeat_report_ticket_number
9967|3597,9967,3597,CORRECTIVA PROGRAMADA,FINISHED,FIELD_BEAT_CLIENT|76.746.730-3|CLÍNICA SANATORIO ALEMÁN (ONCORAD),2026-03-19T17:49:27.221Z,fieldbeat_report_ticket_number
9951|3598,9951,3598,CORRECTIVA PROGRAMADA,FINISHED,FIELD_BEAT_CLIENT|81.698.900-0|UC CHRISTUS - SCA,2026-03-19T22:59:05.846Z,fieldbeat_report_ticket_number
9984|3601,9984,3601,CORRECTIVA NO PROGRAMADA,FINISHED,FIELD_BEAT_CLIENT|96.770.100-9|CLINICA ALEMANA DE SANTIAGO,2026-03-21T00:41:38.092Z,fieldbeat_report_ticket_number
9826|3602,9826,3602,CORRECTIVA PROGRAMADA,FINISHED,FIELD_BEAT_CLIENT|96.770.100-9|CLINICA ALEMANA DE SANTIAGO,2026-03-21T01:04:51.159Z,fieldbeat_report_ticket_number
9951|3605,9951,3605,CORRECTIVA PROGRAMADA,FINISHED,FIELD_BEAT_CLIENT|81.698.900-0|UC CHRISTUS - SCA,2026-03-23T23:10:38.488Z,fieldbeat_report_ticket_number
9988|3606,9988,3606,CORRECTIVA NO PROGRAMADA,FINISHED,FIELD_BEAT_CLIENT|61.606.500-9|HOSPITAL CARLOS VAN BUREN (SSVSA),2026-03-24T11:39:49.702Z,fieldbeat_report_ticket_number
9825|3609,9825,3609,REQUERIMIENTO DEL CLIENTE,FINISHED,FIELD_BEAT_CLIENT|70.377.400-8|FUNDACION ARTURO LOPEZ PEREZ,2026-03-25T20:49:36.477Z,fieldbeat_report_ticket_number
9997|3611,9997,3611,CORRECTIVA PROGRAMADA,FINISHED,FIELD_BEAT_CLIENT|61.608.404-6|Instituto Nacional del Cáncer (INC),2026-03-26T17:00:24.687Z,fieldbeat_report_ticket_number
9997|3617,9997,3617,CORRECTIVA PROGRAMADA,FINISHED,FIELD_BEAT_CLIENT|61.608.404-6|Instituto Nacional del Cáncer (INC),2026-03-27T12:05:46.706Z,fieldbeat_report_ticket_number
9945|3620,9945,3620,REQUERIMIENTO DEL CLIENTE,FINISHED,FIELD_BEAT_CLIENT|96.770.100-9|CLINICA ALEMANA DE SANTIAGO,2026-03-27T16:28:03.452Z,fieldbeat_report_ticket_number
9947|3621,9947,3621,CORRECTIVA PROGRAMADA,FINISHED,FIELD_BEAT_CLIENT|61.608.404-6|Instituto Nacional del Cáncer (INC),2026-03-27T19:04:43.508Z,fieldbeat_report_ticket_number
9969|3622,9969,3622,CORRECTIVA PROGRAMADA,FINISHED,FIELD_BEAT_CLIENT|76.746.730-3|CLÍNICA SANATORIO ALEMÁN (ONCORAD),2026-03-27T20:47:21.354Z,fieldbeat_report_ticket_number
0000|3627,0000,3627,PREVENTIVA PROGRAMADA,FINISHED,FIELD_BEAT_CLIENT|61.607.901-8|SERVICIO DE SALUD DE MAGALLANES,2026-03-30T18:13:01.043Z,fieldbeat_report_ticket_number
0000|3628,0000,3628,PREVENTIVA PROGRAMADA,FINISHED,FIELD_BEAT_CLIENT|61.607.901-8|SERVICIO DE SALUD DE MAGALLANES,2026-03-30T18:14:16.385Z,fieldbeat_report_ticket_number
9937|3632,9937,3632,CORRECTIVA PROGRAMADA,FINISHED,FIELD_BEAT_CLIENT|93.930.000-7|CLÍNICA LAS CONDES,2026-03-31T17:40:41.050Z,fieldbeat_report_ticket_number
10011|3634,10011,3634,CORRECTIVA PROGRAMADA,FINISHED,FIELD_BEAT_CLIENT|93.930.000-7|CLÍNICA LAS CONDES,2026-03-31T19:21:03.757Z,fieldbeat_report_ticket_number
1013|3635,1013,3635,CORRECTIVA NO PROGRAMADA,FINISHED,FIELD_BEAT_CLIENT|76.746.730-3|CLÍNICA SANATORIO ALEMÁN (ONCORAD),2026-04-01T14:12:00.841Z,fieldbeat_report_ticket_number
10029|3636,10029,3636,CORRECTIVA NO PROGRAMADA,FINISHED,FIELD_BEAT_CLIENT|96.770.100-9|CLINICA ALEMANA DE SANTIAGO,2026-04-02T18:33:28.297Z,fieldbeat_report_ticket_number
9955|3638,9955,3638,REQUERIMIENTO DEL CLIENTE,FINISHED,FIELD_BEAT_CLIENT|81.698.900-0|UC CHRISTUS - CECA,2026-04-02T23:06:23.474Z,fieldbeat_report_ticket_number
10020|3640,10020,3640,CORRECTIVA NO PROGRAMADA,FINISHED,FIELD_BEAT_CLIENT|76.746.730-3|CLÍNICA SANATORIO ALEMÁN (ONCORAD),2026-04-06T14:07:30.808Z,fieldbeat_report_ticket_number
10019|3641,10019,3641,REQUERIMIENTO DEL CLIENTE,FINISHED,FIELD_BEAT_CLIENT|61.606.500-9|HOSPITAL CARLOS VAN BUREN (SSVSA),2026-04-06T16:41:28.978Z,fieldbeat_report_ticket_number
100026|3645,100026,3645,PREVENTIVA PROGRAMADA,FINISHED,FIELD_BEAT_CLIENT|70377400-8|FUNDACION ARTURO LOPEZ PEREZ,2026-04-08T20:09:57.897Z,fieldbeat_report_ticket_number
10024|3646,10024,3646,REQUERIMIENTO DEL CLIENTE,FINISHED,FIELD_BEAT_CLIENT|96.770.100-9|CLINICA ALEMANA DE SANTIAGO,2026-04-08T23:12:06.931Z,fieldbeat_report_ticket_number
10029|3647,10029,3647,CORRECTIVA NO PROGRAMADA,FINISHED,FIELD_BEAT_CLIENT|96.770.100-9|CLINICA ALEMANA DE SANTIAGO,2026-04-10T15:18:57.156Z,fieldbeat_report_ticket_number
9994|3648,9994,3648,REQUERIMIENTO DEL CLIENTE,FINISHED,FIELD_BEAT_CLIENT|61.606.500-9|HOSPITAL CARLOS VAN BUREN (SSVSA),2026-04-11T02:11:31.680Z,fieldbeat_report_ticket_number
10036|3651,10036,3651,REQUERIMIENTO DEL CLIENTE,FINISHED,FIELD_BEAT_CLIENT|81.698.900-0|UC CHRISTUS - SCA,2026-04-14T23:29:03.429Z,fieldbeat_report_ticket_number
9526|3653,9526,3653,CORRECTIVA PROGRAMADA,FINISHED,FIELD_BEAT_CLIENT|93.930.000-7|CLÍNICA LAS CONDES,2026-04-16T17:54:25.861Z,fieldbeat_report_ticket_number
10043|3659,10043,3659,CORRECTIVA NO PROGRAMADA,FINISHED,FIELD_BEAT_CLIENT|96.770.100-9|CLINICA ALEMANA DE SANTIAGO,2026-04-17T21:28:32.434Z,fieldbeat_report_ticket_number
10020|3661,10020,3661,CORRECTIVA PROGRAMADA,FINISHED,FIELD_BEAT_CLIENT|76.746.730-3|CLÍNICA SANATORIO ALEMÁN (ONCORAD),2026-04-20T12:37:44.512Z,fieldbeat_report_ticket_number
10043|3665,10043,3665,CORRECTIVA PROGRAMADA,FINISHED,FIELD_BEAT_CLIENT|96.770.100-9|CLINICA ALEMANA DE SANTIAGO,2026-04-20T23:28:27.833Z,fieldbeat_report_ticket_number
10036|3666,10036,3666,CORRECTIVA PROGRAMADA,FINISHED,FIELD_BEAT_CLIENT|81.698.900-0|UC CHRISTUS - SCA,2026-04-20T23:46:15.298Z,fieldbeat_report_ticket_number
10042|3667,10042,3667,CORRECTIVA NO PROGRAMADA,FINISHED,FIELD_BEAT_CLIENT|61.606.500-9|HOSPITAL CARLOS VAN BUREN (SSVSA),2026-04-21T01:14:28.531Z,fieldbeat_report_ticket_number
10042|3668,10042,3668,CORRECTIVA NO PROGRAMADA,FINISHED,FIELD_BEAT_CLIENT|61.606.500-9|HOSPITAL CARLOS VAN BUREN (SSVSA),2026-04-21T12:18:42.148Z,fieldbeat_report_ticket_number
10036|3669,10036,3669,CORRECTIVA PROGRAMADA,FINISHED,FIELD_BEAT_CLIENT|81.698.900-0|UC CHRISTUS - SCA,2026-04-22T00:34:06.593Z,fieldbeat_report_ticket_number
10046|3671,10046,3671,CORRECTIVA NO PROGRAMADA,FINISHED,FIELD_BEAT_CLIENT|61.606.500-9|HOSPITAL CARLOS VAN BUREN (SSVSA),2026-04-23T01:42:27.589Z,fieldbeat_report_ticket_number
10046|3679,10046,3679,CORRECTIVA NO PROGRAMADA,FINISHED,FIELD_BEAT_CLIENT|61.606.500-9|HOSPITAL CARLOS VAN BUREN (SSVSA),2026-04-28T22:41:26.711Z,fieldbeat_report_ticket_number
9951|3680,9951,3680,CORRECTIVA NO PROGRAMADA,FINISHED,FIELD_BEAT_CLIENT|81.698.900-0|UC CHRISTUS - SCA,2026-04-29T02:36:43.826Z,fieldbeat_report_ticket_number
10046|3683,10046,3683,CORRECTIVA PROGRAMADA,FINISHED,FIELD_BEAT_CLIENT|61.606.500-9|HOSPITAL CARLOS VAN BUREN (SSVSA),2026-05-05T13:47:41.886Z,fieldbeat_report_ticket_number
10045|3684,10045,3684,CORRECTIVA PROGRAMADA,FINISHED,FIELD_BEAT_CLIENT|81.698.900-0|UC CHRISTUS - CECA,2026-05-05T21:40:01.292Z,fieldbeat_report_ticket_number
9967|3685,9967,3685,CORRECTIVA PROGRAMADA,FINISHED,FIELD_BEAT_CLIENT|76.746.730-3|CLÍNICA SANATORIO ALEMÁN (ONCORAD),2026-05-06T21:30:37.338Z,fieldbeat_report_ticket_number
10081|3686,10081,3686,CORRECTIVA PROGRAMADA,FINISHED,FIELD_BEAT_CLIENT|61.608.404-6|Instituto Nacional del Cáncer (INC),2026-05-07T19:47:58.776Z,fieldbeat_report_ticket_number
10086|3694,10086,3694,REQUERIMIENTO DEL CLIENTE,FINISHED,FIELD_BEAT_CLIENT|96.770.100-9|CLINICA ALEMANA DE SANTIAGO,2026-05-12T17:31:34.010Z,fieldbeat_report_ticket_number
10046|3695,10046,3695,CORRECTIVA PROGRAMADA,FINISHED,FIELD_BEAT_CLIENT|61.606.500-9|HOSPITAL CARLOS VAN BUREN (SSVSA),2026-05-13T19:45:15.214Z,fieldbeat_report_ticket_number
10100|3697,10100,3697,REQUERIMIENTO DEL CLIENTE,FINISHED,FIELD_BEAT_CLIENT|61.608.404-6|Instituto Nacional del Cáncer (INC),2026-05-14T00:15:00.692Z,fieldbeat_report_ticket_number
00000|3699,00000,3699,CORRECTIVA PROGRAMADA,FINISHED,FIELD_BEAT_CLIENT|96.770.100-9|CLINICA ALEMANA DE SANTIAGO,2026-05-15T19:54:10.222Z,fieldbeat_report_ticket_number
10109|3703,10109,3703,ASISTENCIA REMOTA,FINISHED,FIELD_BEAT_CLIENT|79.560.900-8|RADIO NUCLEAR,2026-05-15T20:55:20.808Z,fieldbeat_report_ticket_number
10118|3710,10118,3710,CORRECTIVA PROGRAMADA,FINISHED,FIELD_BEAT_CLIENT|81.698.900-0|UC CHRISTUS - SCA,2026-05-20T16:32:24.993Z,fieldbeat_report_ticket_number
10134|3715,10134,3715,CORRECTIVA NO PROGRAMADA,FINISHED,FIELD_BEAT_CLIENT|76.746.730-3|CLÍNICA SANATORIO ALEMÁN (ONCORAD),2026-05-26T17:19:32.570Z,fieldbeat_report_ticket_number
10140|3719,10140,3719,REQUERIMIENTO DEL CLIENTE,FINISHED,FIELD_BEAT_CLIENT|96.770.100-9|CLINICA ALEMANA DE SANTIAGO,2026-05-27T17:10:14.074Z,fieldbeat_report_ticket_number
10148|3721,10148,3721,CORRECTIVA NO PROGRAMADA,FINISHED,FIELD_BEAT_CLIENT|81.698.900-0|UC CHRISTUS - SCA,2026-05-29T13:09:19.950Z,fieldbeat_report_ticket_number
10148|3723,10148,3723,CORRECTIVA NO PROGRAMADA,FINISHED,FIELD_BEAT_CLIENT|81.698.900-0|UC CHRISTUS - SCA,2026-05-29T19:41:37.378Z,fieldbeat_report_ticket_number
10150|3732,10150,3732,CORRECTIVA NO PROGRAMADA,FINISHED,FIELD_BEAT_CLIENT|76.746.730-3|RADIO ONCOLOGÍA DEL SUR,2026-06-03T17:26:51.349Z,fieldbeat_report_ticket_number
10093|3733,10093,3733,CORRECTIVA PROGRAMADA,FINISHED,FIELD_BEAT_CLIENT|76.746.730-3|RADIO ONCOLOGÍA DEL SUR,2026-06-03T17:39:50.983Z,fieldbeat_report_ticket_number
10164|3741,10164,3741,CORRECTIVA PROGRAMADA,FINISHED,FIELD_BEAT_CLIENT|61.607.901-8|SERVICIO DE SALUD DE MAGALLANES,2026-06-06T18:09:16.150Z,fieldbeat_report_ticket_number
10172|3743,10172,3743,,FINISHED,FIELD_BEAT_CLIENT|81.698.900-0|UC CHRISTUS - CECA,2026-06-08T14:54:17.558Z,fieldbeat_report_ticket_number
10131|3746,10131,3746,CORRECTIVA PROGRAMADA,FINISHED,FIELD_BEAT_CLIENT|61.606.500-9|HOSPITAL CARLOS VAN BUREN (SSVSA),2026-06-09T02:06:11.881Z,fieldbeat_report_ticket_number
10083|3747,10083,3747,REQUERIMIENTO DEL CLIENTE,FINISHED,FIELD_BEAT_CLIENT|81.698.900-0|UC CHRISTUS - CECA,2026-06-09T16:53:57.110Z,fieldbeat_report_ticket_number
10062|3758,10062,3758,CORRECTIVA PROGRAMADA,FINISHED,FIELD_BEAT_CLIENT|76.746.730-3|RADIO ONCOLOGÍA DEL SUR,2026-06-17T12:44:11.430Z,fieldbeat_report_ticket_number
10146|3759,10146,3759,CORRECTIVA PROGRAMADA,FINISHED,FIELD_BEAT_CLIENT|76.746.730-3|RADIO ONCOLOGÍA DEL SUR,2026-06-17T13:42:50.637Z,fieldbeat_report_ticket_number
10197|3761,10197,3761,REQUERIMIENTO DEL CLIENTE,FINISHED,FIELD_BEAT_CLIENT|96.757.430-9|INRAD,2026-06-17T18:44:11.868Z,fieldbeat_report_ticket_number
10204|3763,10204,3763,REQUERIMIENTO DEL CLIENTE,FINISHED,FIELD_BEAT_CLIENT|81.698.900-0|UC CHRISTUS - CECA,2026-06-19T17:53:49.427Z,fieldbeat_report_ticket_number
10220|3773,10220,3773,CORRECTIVA NO PROGRAMADA,FINISHED,FIELD_BEAT_CLIENT|93.930.000-7|CLÍNICA LAS CONDES,2026-06-25T17:45:35.863Z,fieldbeat_report_ticket_number
10054|3775,10054,3775,CORRECTIVA PROGRAMADA,FINISHED,FIELD_BEAT_CLIENT|76.746.730-3|RADIO ONCOLOGÍA DEL SUR,2026-06-26T22:20:55.007Z,fieldbeat_report_ticket_number
10227|3776,10227,3776,CORRECTIVA NO PROGRAMADA,FINISHED,FIELD_BEAT_CLIENT|81.698.900-0|UC CHRISTUS - CECA,2026-06-26T23:22:22.025Z,fieldbeat_report_ticket_number