identity_id,dolibarr_product_id,identity_type,identity_value,identity_value_normalized,dolibarr_ref,dolibarr_barcode,dolibarr_label,extracted_at
11958|REF|00031601_C,11958,REF,00031601_C,00031601C,00031601_C,,Dose Calibrator SCINTIDOSE,2026-08-03T04:54:39.696Z
11958|ID|11958,11958,ID,11958,11958,00031601_C,,Dose Calibrator SCINTIDOSE,2026-08-03T04:54:39.696Z
10779|REF|0007536-0001,10779,REF,0007536-0001,00075360001,0007536-0001,,CARINAiso,2026-08-03T04:54:39.696Z
10779|ID|10779,10779,ID,10779,10779,0007536-0001,,CARINAiso,2026-08-03T04:54:39.696Z
10778|REF|0007536-0002,10778,REF,0007536-0002,00075360002,0007536-0002,,CARINAsim,2026-08-03T04:54:39.696Z
10778|ID|10778,10778,ID,10778,10778,0007536-0002,,CARINAsim,2026-08-03T04:54:39.696Z
10780|REF|0007536-0004,10780,REF,0007536-0004,00075360004,0007536-0004,,CARINAnav,2026-08-03T04:54:39.696Z
10780|ID|10780,10780,ID,10780,10780,0007536-0004,,CARINAnav,2026-08-03T04:54:39.696Z
10840|REF|0007536-0004N,10840,REF,0007536-0004N,00075360004N,0007536-0004N,,CARINAnav DORADOnova,2026-08-03T04:54:39.696Z
10840|ID|10840,10840,ID,10840,10840,0007536-0004N,,CARINAnav DORADOnova,2026-08-03T04:54:39.696Z
10783|REF|0007563-0003P,10783,REF,0007563-0003P,00075630003P,0007563-0003P,,DORADO 3 RED Post,2026-08-03T04:54:39.696Z
10783|ID|10783,10783,ID,10783,10783,0007563-0003P,,DORADO 3 RED Post,2026-08-03T04:54:39.696Z
10782|REF|0007563-0003W,10782,REF,0007563-0003W,00075630003W,0007563-0003W,,DORADO 3 RED Wall,2026-08-03T04:54:39.696Z
10782|ID|10782,10782,ID,10782,10782,0007563-0003W,,DORADO 3 RED Wall,2026-08-03T04:54:39.696Z
10838|REF|0012206-0004W,10838,REF,0012206-0004W,00122060004W,0012206-0004W,,DORADOnova 3 red wall,2026-08-03T04:54:39.696Z
10838|ID|10838,10838,ID,10838,10838,0012206-0004W,,DORADOnova 3 red wall,2026-08-03T04:54:39.696Z
12|REF|0012206-0005,12,REF,0012206-0005,00122060005,0012206-0005,,DORADOnova 3 GREEN Wall,2026-08-03T04:54:39.696Z
12|ID|12,12,ID,12,12,0012206-0005,,DORADOnova 3 GREEN Wall,2026-08-03T04:54:39.696Z
10777|REF|0012206-0005P,10777,REF,0012206-0005P,00122060005P,0012206-0005P,,DORADOnova 3 GREEN Post,2026-08-03T04:54:39.696Z
10777|ID|10777,10777,ID,10777,10777,0012206-0005P,,DORADOnova 3 GREEN Post,2026-08-03T04:54:39.696Z
10839|REF|0012206-0007,10839,REF,0012206-0007,00122060007,0012206-0007,,DORADOnova 5 red,2026-08-03T04:54:39.696Z
10839|ID|10839,10839,ID,10839,10839,0012206-0007,,DORADOnova 5 red,2026-08-03T04:54:39.696Z
10853|REF|0013978-0001W,10853,REF,0013978-0001W,00139780001W,0013978-0001W,,RED DORADO 1 Laser Marking System Wall Mount,2026-08-03T04:54:39.696Z
10853|ID|10853,10853,ID,10853,10853,0013978-0001W,,RED DORADO 1 Laser Marking System Wall Mount,2026-08-03T04:54:39.696Z
10855|REF|0014622-0001,10855,REF,0014622-0001,00146220001,0014622-0001,,AS-KR RED ASTOR Crosshair Laser,2026-08-03T04:54:39.696Z
10855|ID|10855,10855,ID,10855,10855,0014622-0001,,AS-KR RED ASTOR Crosshair Laser,2026-08-03T04:54:39.696Z
10854|REF|0014622-0002,10854,REF,0014622-0002,00146220002,0014622-0002,,AS-LR RED ASTOR Sagittal Line Laser,2026-08-03T04:54:39.696Z
10854|ID|10854,10854,ID,10854,10854,0014622-0002,,AS-LR RED ASTOR Sagittal Line Laser,2026-08-03T04:54:39.696Z
12305|REF|004413,12305,REF,004413,004413,004413,,AIR VALVE FOR ELT,2026-08-03T04:54:39.696Z
12305|ID|12305,12305,ID,12305,12305,004413,,AIR VALVE FOR ELT,2026-08-03T04:54:39.696Z
12250|REF|0056,12250,REF,0056,0056,0056,,Mati-Prod,2026-08-03T04:54:39.696Z
12250|ID|12250,12250,ID,12250,12250,0056,,Mati-Prod,2026-08-03T04:54:39.696Z
12299|REF|012336,12299,REF,012336,012336,012336,,RS232 BARCODE READER CABLE,2026-08-03T04:54:39.696Z
12299|ID|12299,12299,ID,12299,12299,012336,,RS232 BARCODE READER CABLE,2026-08-03T04:54:39.696Z
12313|REF|016053,12313,REF,016053,016053,016053,,CONECTOR COPLA NEUMÁTICO (L),2026-08-03T04:54:39.696Z
12313|ID|12313,12313,ID,12313,12313,016053,,CONECTOR COPLA NEUMÁTICO (L),2026-08-03T04:54:39.696Z
12312|REF|016058,12312,REF,016058,016058,016058,,CONECTOR COPLA NEUMÁTICO,2026-08-03T04:54:39.696Z
12312|ID|12312,12312,ID,12312,12312,016058,,CONECTOR COPLA NEUMÁTICO,2026-08-03T04:54:39.696Z
12304|REF|016105,12304,REF,016105,016105,016105,,PIPE CONECTOR FOR ELT,2026-08-03T04:54:39.696Z
12304|ID|12304,12304,ID,12304,12304,016105,,PIPE CONECTOR FOR ELT,2026-08-03T04:54:39.696Z
11939|REF|018448,11939,REF,018448,018448,018448,,O - Ring para agitador (Annual Maintencance KIT),2026-08-03T04:54:39.696Z
11939|ID|11939,11939,ID,11939,11939,018448,,O - Ring para agitador (Annual Maintencance KIT),2026-08-03T04:54:39.696Z
11225|REF|019149,11225,REF,019149,019149,019149,,Annual Maintenance Kit,2026-08-03T04:54:39.696Z
11225|ID|11225,11225,ID,11225,11225,019149,,Annual Maintenance Kit,2026-08-03T04:54:39.696Z
12253|REF|019324,12253,REF,019324,019324,019324,,DOSAGE SPRING,2026-08-03T04:54:39.696Z
12253|ID|12253,12253,ID,12253,12253,019324,,DOSAGE SPRING,2026-08-03T04:54:39.696Z
12316|REF|020870,12316,REF,020870,020870,020870,,WASTE DOOR HANDLE,2026-08-03T04:54:39.696Z
12316|ID|12316,12316,ID,12316,12316,020870,,WASTE DOOR HANDLE,2026-08-03T04:54:39.696Z
11203|REF|021496,11203,REF,021496,021496,021496,,SPIDER FOR CAROSEUL TRANSMISSION,2026-08-03T04:54:39.696Z
11203|ID|11203,11203,ID,11203,11203,021496,,SPIDER FOR CAROSEUL TRANSMISSION,2026-08-03T04:54:39.696Z
12300|REF|022669,12300,REF,022669,022669,022669,,USB BARCODE READER CABLE,2026-08-03T04:54:39.696Z
12300|ID|12300,12300,ID,12300,12300,022669,,USB BARCODE READER CABLE,2026-08-03T04:54:39.696Z
11940|REF|022707,11940,REF,022707,022707,022707,,Empaquetadura panel U.V (Annual Maintenance Kit),2026-08-03T04:54:39.696Z
11940|ID|11940,11940,ID,11940,11940,022707,,Empaquetadura panel U.V (Annual Maintenance Kit),2026-08-03T04:54:39.696Z
11914|REF|023025,11914,REF,023025,023025,023025,,02EGM19R001-11 Electric Gripper,2026-08-03T04:54:39.696Z
11914|ID|11914,11914,ID,11914,11914,023025,,02EGM19R001-11 Electric Gripper,2026-08-03T04:54:39.696Z
11991|REF|03-999-0034,11991,REF,03-999-0034,039990034,03-999-0034,,iGUIDE® reference frame set ( includes bottom plate),2026-08-03T04:54:39.696Z
11991|ID|11991,11991,ID,11991,11991,03-999-0034,,iGUIDE® reference frame set ( includes bottom plate),2026-08-03T04:54:39.696Z
11996|REF|03-999-0035,11996,REF,03-999-0035,039990035,03-999-0035,,Reference Frame bottom plate,2026-08-03T04:54:39.696Z
11996|ID|11996,11996,ID,11996,11996,03-999-0035,,Reference Frame bottom plate,2026-08-03T04:54:39.696Z
11986|REF|03-999-0038,11986,REF,03-999-0038,039990038,03-999-0038,,NDI Accuracy assessment kit AAK,2026-08-03T04:54:39.696Z
11986|ID|11986,11986,ID,11986,11986,03-999-0038,,NDI Accuracy assessment kit AAK,2026-08-03T04:54:39.696Z
11988|REF|03-999-0039,11988,REF,03-999-0039,039990039,03-999-0039,,"NDI passive sphere marker and post, contains 2 of each",2026-08-03T04:54:39.696Z
11988|ID|11988,11988,ID,11988,11988,03-999-0039,,"NDI passive sphere marker and post, contains 2 of each",2026-08-03T04:54:39.696Z
12130|REF|03-999-1002,12130,REF,03-999-1002,039991002,03-999-1002,,HexaPOD™ evo controller 48 V evo,2026-08-03T04:54:39.696Z
12130|ID|12130,12130,ID,12130,12130,03-999-1002,,HexaPOD™ evo controller 48 V evo,2026-08-03T04:54:39.696Z
12132|REF|03-999-1006,12132,REF,03-999-1006,039991006,03-999-1006,,Lifting unit 150 6,2026-08-03T04:54:39.696Z
12132|ID|12132,12132,ID,12132,12132,03-999-1006,,Lifting unit 150 6,2026-08-03T04:54:39.696Z
12036|REF|03-999-1052,12036,REF,03-999-1052,039991052,03-999-1052,,Wheel set (4 wheels),2026-08-03T04:54:39.696Z
12036|ID|12036,12036,ID,12036,12036,03-999-1052,,Wheel set (4 wheels),2026-08-03T04:54:39.696Z
12054|REF|03-999-1052_usado,12054,REF,03-999-1052_usado,039991052USADO,03-999-1052_usado,,Wheel set (4 wheels),2026-08-03T04:54:39.696Z
12054|ID|12054,12054,ID,12054,12054,03-999-1052_usado,,Wheel set (4 wheels),2026-08-03T04:54:39.696Z
11984|REF|03-999-1095,11984,REF,03-999-1095,039991095,03-999-1095,,HexaPOD™ evo Brake release tool,2026-08-03T04:54:39.696Z
11984|ID|11984,11984,ID,11984,11984,03-999-1095,,HexaPOD™ evo Brake release tool,2026-08-03T04:54:39.696Z
11985|REF|03-999-1101,11985,REF,03-999-1101,039991101,03-999-1101,,HexaPOD™ evo Serial link cable,2026-08-03T04:54:39.696Z
11985|ID|11985,11985,ID,11985,11985,03-999-1101,,HexaPOD™ evo Serial link cable,2026-08-03T04:54:39.696Z
11992|REF|03-999-1134,11992,REF,03-999-1134,039991134,03-999-1134,,Reference Frame positioning pin set,2026-08-03T04:54:39.696Z
11992|ID|11992,11992,ID,11992,11992,03-999-1134,,Reference Frame positioning pin set,2026-08-03T04:54:39.696Z
12131|REF|03-999-1140,12131,REF,03-999-1140,039991140,03-999-1140,,HexaPOD™ evo module fuses,2026-08-03T04:54:39.696Z
12131|ID|12131,12131,ID,12131,12131,03-999-1140,,HexaPOD™ evo module fuses,2026-08-03T04:54:39.696Z
11993|REF|03-999-1141,11993,REF,03-999-1141,039991141,03-999-1141,,Clamp modifications,2026-08-03T04:54:39.696Z
11993|ID|11993,11993,ID,11993,11993,03-999-1141,,Clamp modifications,2026-08-03T04:54:39.696Z
11989|REF|03-999-1145,11989,REF,03-999-1145,039991145,03-999-1145,,iGUIDE® reference frame marker (Set of 2),2026-08-03T04:54:39.696Z
11989|ID|11989,11989,ID,11989,11989,03-999-1145,,iGUIDE® reference frame marker (Set of 2),2026-08-03T04:54:39.696Z
11990|REF|03-999-1201,11990,REF,03-999-1201,039991201,03-999-1201,,iGUIDE® reflection avoidance bracket,2026-08-03T04:54:39.696Z
11990|ID|11990,11990,ID,11990,11990,03-999-1201,,iGUIDE® reflection avoidance bracket,2026-08-03T04:54:39.696Z
11994|REF|03-999-1203,11994,REF,03-999-1203,039991203,03-999-1203,,iGUIDE® calibration kit MIMI,2026-08-03T04:54:39.696Z
11994|ID|11994,11994,ID,11994,11994,03-999-1203,,iGUIDE® calibration kit MIMI,2026-08-03T04:54:39.696Z
11995|REF|03-999-1204,11995,REF,03-999-1204,039991204,03-999-1204,,iGUIDE® calibration array MIMI,2026-08-03T04:54:39.696Z
11995|ID|11995,11995,ID,11995,11995,03-999-1204,,iGUIDE® calibration array MIMI,2026-08-03T04:54:39.696Z
12174|REF|03-999-1209,12174,REF,03-999-1209,039991209,03-999-1209,,HexaPOD™ Evo Interlock PCB 3.0,2026-08-03T04:54:39.696Z
12174|ID|12174,12174,ID,12174,12174,03-999-1209,,HexaPOD™ Evo Interlock PCB 3.0,2026-08-03T04:54:39.696Z
12067|REF|03-999-1290,12067,REF,03-999-1290,039991290,03-999-1290,,Handheld Controller,2026-08-03T04:54:39.696Z
12067|ID|12067,12067,ID,12067,12067,03-999-1290,,Handheld Controller,2026-08-03T04:54:39.696Z
12207|REF|03-999-1290_usado,12207,REF,03-999-1290_usado,039991290USADO,03-999-1290_usado,,Handheld Controller,2026-08-03T04:54:39.696Z
12207|ID|12207,12207,ID,12207,12207,03-999-1290_usado,,Handheld Controller,2026-08-03T04:54:39.696Z
12141|REF|03-999-1297,12141,REF,03-999-1297,039991297,03-999-1297,,iGUIDE Tracking system Vega,2026-08-03T04:54:39.696Z
12141|ID|12141,12141,ID,12141,12141,03-999-1297,,iGUIDE Tracking system Vega,2026-08-03T04:54:39.696Z
12178|REF|03-999-1302,12178,REF,03-999-1302,039991302,03-999-1302,,iGuide Recovery Disk 2.2.3.0,2026-08-03T04:54:39.696Z
12178|ID|12178,12178,ID,12178,12178,03-999-1302,,iGuide Recovery Disk 2.2.3.0,2026-08-03T04:54:39.696Z
12177|REF|03-999-1303,12177,REF,03-999-1303,039991303,03-999-1303,,iGuide WS Esprimo P9010,2026-08-03T04:54:39.696Z
12177|ID|12177,12177,ID,12177,12177,03-999-1303,,iGuide WS Esprimo P9010,2026-08-03T04:54:39.696Z
11916|REF|03050701,11916,REF,03050701,03050701,03050701,,MONACO Upgrade KIT,2026-08-03T04:54:39.696Z
11916|ID|11916,11916,ID,11916,11916,03050701,,MONACO Upgrade KIT,2026-08-03T04:54:39.696Z
11917|REF|03050716,11917,REF,03050716,03050716,03050716,,MONAC Upgrade KIT,2026-08-03T04:54:39.696Z
11917|ID|11917,11917,ID,11917,11917,03050716,,MONAC Upgrade KIT,2026-08-03T04:54:39.696Z
11538|REF|066152,11538,REF,066152,066152,066152,,Drive alignment tool set,2026-08-03T04:54:39.696Z
11538|ID|11538,11538,ID,11538,11538,066152,,Drive alignment tool set,2026-08-03T04:54:39.696Z
11536|REF|066314,11536,REF,066314,066314,066314,,Bracket Positioning Pin,2026-08-03T04:54:39.696Z
11536|ID|11536,11536,ID,11536,11536,066314,,Bracket Positioning Pin,2026-08-03T04:54:39.696Z
11541|REF|076355,11541,REF,076355,076355,076355,,Flexitron v3.2.1 Software DVD set OS/TCC/TDU/TCP,2026-08-03T04:54:39.696Z
11541|ID|11541,11541,ID,11541,11541,076355,,Flexitron v3.2.1 Software DVD set OS/TCC/TDU/TCP,2026-08-03T04:54:39.696Z
12227|REF|076421-01,12227,REF,076421-01,07642101,076421-01,,Cobalt-60 systems - FCO Braqui,2026-08-03T04:54:39.696Z
12227|ID|12227,12227,ID,12227,12227,076421-01,,Cobalt-60 systems - FCO Braqui,2026-08-03T04:54:39.696Z
12197|REF|080140,12197,REF,080140,080140,080140,,Fiber optic for indexer,2026-08-03T04:54:39.696Z
12197|ID|12197,12197,ID,12197,12197,080140,,Fiber optic for indexer,2026-08-03T04:54:39.696Z
11856|REF|096271A10-00,11856,REF,096271A10-00,096271A1000,096271A10-00,,GAFCHROMIC EBT FILM STRIP (BOX),2026-08-03T04:54:39.696Z
11856|ID|11856,11856,ID,11856,11856,096271A10-00,,GAFCHROMIC EBT FILM STRIP (BOX),2026-08-03T04:54:39.696Z
11331|REF|1001200022,11331,REF,1001200022,1001200022,1001200022,,Gata Hidraúlica que soporta dos toneladas,2026-08-03T04:54:39.696Z
11331|ID|11331,11331,ID,11331,11331,1001200022,,Gata Hidraúlica que soporta dos toneladas,2026-08-03T04:54:39.696Z
10843|REF|1004166,10843,REF,1004166,1004166,1004166,,Recarga de Leksell Gamma Knife® PERFEXION™,2026-08-03T04:54:39.696Z
10843|ID|10843,10843,ID,10843,10843,1004166,,Recarga de Leksell Gamma Knife® PERFEXION™,2026-08-03T04:54:39.696Z
10248|REF|1004818,10248,REF,1004818,1004818,1004818,,"ASSEMBLY, KV ACB BREACKOUT",2026-08-03T04:54:39.696Z
10248|ID|10248,10248,ID,10248,10248,1004818,,"ASSEMBLY, KV ACB BREACKOUT",2026-08-03T04:54:39.696Z
10942|REF|1005032,10942,REF,1005032,1005032,1005032,,Signal Condition PCB (SCC-RHA-Rev. 01),2026-08-03T04:54:39.696Z
10942|ID|10942,10942,ID,10942,10942,1005032,,Signal Condition PCB (SCC-RHA-Rev. 01),2026-08-03T04:54:39.696Z
11878|REF|1005032_usado,11878,REF,1005032_usado,1005032USADO,1005032_usado,,Signal Condition PCB (SCC-RHA-Rev. 01),2026-08-03T04:54:39.696Z
11878|ID|11878,11878,ID,11878,11878,1005032_usado,,Signal Condition PCB (SCC-RHA-Rev. 01),2026-08-03T04:54:39.696Z
11604|REF|1005033,11604,REF,1005033,1005033,1005033,,Signal Condition PCB (RHCA-B),2026-08-03T04:54:39.696Z
11604|ID|11604,11604,ID,11604,11604,1005033,,Signal Condition PCB (RHCA-B),2026-08-03T04:54:39.696Z
11876|REF|1005033_usado,11876,REF,1005033_usado,1005033USADO,1005033_usado,,Signal Condition PCB (RHCA-B),2026-08-03T04:54:39.696Z
11876|ID|11876,11876,ID,11876,11876,1005033_usado,,Signal Condition PCB (RHCA-B),2026-08-03T04:54:39.696Z
10452|REF|1005036,10452,REF,1005036,1005036,1005036,,"SIGNAL CONDITTION PCB (SCC ICB, SCC-B)",2026-08-03T04:54:39.696Z
10452|ID|10452,10452,ID,10452,10452,1005036,,"SIGNAL CONDITTION PCB (SCC ICB, SCC-B)",2026-08-03T04:54:39.696Z
11603|REF|1005038,11603,REF,1005038,1005038,1005038,,Signal Condition PCB (SCC-ICCA-A ),2026-08-03T04:54:39.696Z
11603|ID|11603,11603,ID,11603,11603,1005038,,Signal Condition PCB (SCC-ICCA-A ),2026-08-03T04:54:39.696Z
11602|REF|1005039,11602,REF,1005039,1005039,1005039,,Signal Condition PCB (SCC-HTCA-A),2026-08-03T04:54:39.696Z
11602|ID|11602,11602,ID,11602,11602,1005039,,Signal Condition PCB (SCC-HTCA-A),2026-08-03T04:54:39.696Z
11601|REF|1005040,11601,REF,1005040,1005040,1005040,,Signal Condition PCB (SCC-HTCA-B),2026-08-03T04:54:39.696Z
11601|ID|11601,11601,ID,11601,11601,1005040,,Signal Condition PCB (SCC-HTCA-B),2026-08-03T04:54:39.696Z
11647|REF|1005627,11647,REF,1005627,1005627,1005627,,Arm control board (ACB) - XVI,2026-08-03T04:54:39.696Z
11647|ID|11647,11647,ID,11647,11647,1005627,,Arm control board (ACB) - XVI,2026-08-03T04:54:39.696Z
11172|REF|1006059,11172,REF,1006059,1006059,1006059,,"FRU, DOSE BOARD",2026-08-03T04:54:39.696Z
11172|ID|11172,11172,ID,11172,11172,1006059,,"FRU, DOSE BOARD",2026-08-03T04:54:39.696Z
12100|REF|1006177,12100,REF,1006177,1006177,1006177,,SK13A5 to PLKVACB5A (kV pivot),2026-08-03T04:54:39.696Z
12100|ID|12100,12100,ID,12100,12100,1006177,,SK13A5 to PLKVACB5A (kV pivot),2026-08-03T04:54:39.696Z
10799|REF|1006442-LE,10799,REF,1006442-LE,1006442LE,1006442-LE,,Marco Leksell Coordinate Frame G,2026-08-03T04:54:39.696Z
10799|ID|10799,10799,ID,10799,10799,1006442-LE,,Marco Leksell Coordinate Frame G,2026-08-03T04:54:39.696Z
10819|REF|1006679,10819,REF,1006679,1006679,1006679,,Dose B PCB,2026-08-03T04:54:39.696Z
10819|ID|10819,10819,ID,10819,10819,1006679,,Dose B PCB,2026-08-03T04:54:39.696Z
12071|REF|1006737_usado,12071,REF,1006737_usado,1006737USADO,1006737_usado,,SIB PCB,2026-08-03T04:54:39.696Z
12071|ID|12071,12071,ID,12071,12071,1006737_usado,,SIB PCB,2026-08-03T04:54:39.696Z
12187|REF|1006752,12187,REF,1006752,1006752,1006752,,"PCB assy, HDRE Attenuator",2026-08-03T04:54:39.696Z
12187|ID|12187,12187,ID,12187,12187,1006752,,"PCB assy, HDRE Attenuator",2026-08-03T04:54:39.696Z
10964|REF|1006860,10964,REF,1006860,1006860,1006860,,ION PUMP,2026-08-03T04:54:39.696Z
10964|ID|10964,10964,ID,10964,10964,1006860,,ION PUMP,2026-08-03T04:54:39.696Z
11641|REF|1007099,11641,REF,1007099,1007099,1007099,,Longitudinal PCB limit switch assembly,2026-08-03T04:54:39.696Z
11641|ID|11641,11641,ID,11641,11641,1007099,,Longitudinal PCB limit switch assembly,2026-08-03T04:54:39.696Z
11918|REF|1007101,11918,REF,1007101,1007101,1007101,,CAMERA CONTROL CARD,2026-08-03T04:54:39.696Z
11918|ID|11918,11918,ID,11918,11918,1007101,,CAMERA CONTROL CARD,2026-08-03T04:54:39.696Z
10721|REF|1007288,10721,REF,1007288,1007288,1007288,,KV DCB Control Board,2026-08-03T04:54:39.696Z
10721|ID|10721,10721,ID,10721,10721,1007288,,KV DCB Control Board,2026-08-03T04:54:39.696Z
11808|REF|100736-0Z,11808,REF,100736-0Z,1007360Z,100736-0Z,,Cable Triaxial de 20 m,2026-08-03T04:54:39.696Z
11808|ID|11808,11808,ID,11808,11808,100736-0Z,,Cable Triaxial de 20 m,2026-08-03T04:54:39.696Z
12117|REF|1007498,12117,REF,1007498,1007498,1007498,,Longitudinal potentiometer - complete assembly,2026-08-03T04:54:39.696Z
12117|ID|12117,12117,ID,12117,12117,1007498,,Longitudinal potentiometer - complete assembly,2026-08-03T04:54:39.696Z
12116|REF|1007499,12116,REF,1007499,1007499,1007499,,Lateral potentiometer (complete assembly),2026-08-03T04:54:39.696Z
12116|ID|12116,12116,ID,12116,12116,1007499,,Lateral potentiometer (complete assembly),2026-08-03T04:54:39.696Z
11569|REF|1007545,11569,REF,1007545,1007545,1007545,,MLC REFLECTOR SPARES KIT,2026-08-03T04:54:39.696Z
11569|ID|11569,11569,ID,11569,11569,1007545,,MLC REFLECTOR SPARES KIT,2026-08-03T04:54:39.696Z
12061|REF|1007597,12061,REF,1007597,1007597,1007597,,Circuit breaker kit CB1 (16A),2026-08-03T04:54:39.696Z
12061|ID|12061,12061,ID,12061,12061,1007597,,Circuit breaker kit CB1 (16A),2026-08-03T04:54:39.696Z
10784|REF|1007897,10784,REF,1007897,1007897,1007897,,"Spare Kit, Cathode filament carrier assy",2026-08-03T04:54:39.696Z
10784|ID|10784,10784,ID,10784,10784,1007897,,"Spare Kit, Cathode filament carrier assy",2026-08-03T04:54:39.696Z
12003|REF|1008412,12003,REF,1008412,1008412,1008412,,"PCB assembly, linac interface (programmed) MK3i",2026-08-03T04:54:39.696Z
12003|ID|12003,12003,ID,12003,12003,1008412,,"PCB assembly, linac interface (programmed) MK3i",2026-08-03T04:54:39.696Z
11999|REF|1008461,11999,REF,1008461,1008461,1008461,,Control processor assembly,2026-08-03T04:54:39.696Z
11999|ID|11999,11999,ID,11999,11999,1008461,,Control processor assembly,2026-08-03T04:54:39.696Z
11592|REF|1008517,11592,REF,1008517,1008517,1008517,,MTU PCB 1553 - XVI only,2026-08-03T04:54:39.696Z
11592|ID|11592,11592,ID,11592,11592,1008517,,MTU PCB 1553 - XVI only,2026-08-03T04:54:39.696Z
11122|REF|1008587,11122,REF,1008587,1008587,1008587,,MLC ELECTRONICS ASSEMBLY,2026-08-03T04:54:39.696Z
11122|ID|11122,11122,ID,11122,11122,1008587,,MLC ELECTRONICS ASSEMBLY,2026-08-03T04:54:39.696Z
11683|REF|1009089,11683,REF,1009089,1009089,1009089,,"Hand Held Controller, Infinity (HHC)",2026-08-03T04:54:39.696Z
11683|ID|11683,11683,ID,11683,11683,1009089,,"Hand Held Controller, Infinity (HHC)",2026-08-03T04:54:39.696Z
10900|REF|1009630,10900,REF,1009630,1009630,1009630,,Llave dinamométrica Extend,2026-08-03T04:54:39.696Z
10900|ID|10900,10900,ID,10900,10900,1009630,,Llave dinamométrica Extend,2026-08-03T04:54:39.696Z
11609|REF|1009675,11609,REF,1009675,1009675,1009675,,Hook Pot Installation,2026-08-03T04:54:39.696Z
11609|ID|11609,11609,ID,11609,11609,1009675,,Hook Pot Installation,2026-08-03T04:54:39.696Z
11971|REF|1009687,11971,REF,1009687,1009687,1009687,,Fru Squirrel frame grabber,2026-08-03T04:54:39.696Z
11971|ID|11971,11971,ID,11971,11971,1009687,,Fru Squirrel frame grabber,2026-08-03T04:54:39.696Z
11877|REF|1010256_usado,11877,REF,1010256_usado,1010256USADO,1010256_usado,,"Analog output, 12 bit (AO12)",2026-08-03T04:54:39.696Z
11877|ID|11877,11877,ID,11877,11877,1010256_usado,,"Analog output, 12 bit (AO12)",2026-08-03T04:54:39.696Z
10176|REF|1010260,10176,REF,1010260,1010260,1010260,,BEAM SPLITTER MIRROR,2026-08-03T04:54:39.696Z
10176|ID|10176,10176,ID,10176,10176,1010260,,BEAM SPLITTER MIRROR,2026-08-03T04:54:39.696Z
11570|REF|1010495,11570,REF,1010495,1010495,1010495,,CAMERA MIRROR ASSEMBLY,2026-08-03T04:54:39.696Z
11570|ID|11570,11570,ID,11570,11570,1010495,,CAMERA MIRROR ASSEMBLY,2026-08-03T04:54:39.696Z
11008|REF|1010563,11008,REF,1010563,1010563,1010563,,Connector block,2026-08-03T04:54:39.696Z
11008|ID|11008,11008,ID,11008,11008,1010563,,Connector block,2026-08-03T04:54:39.696Z
11907|REF|101064,11907,REF,101064,101064,101064,,LID CONTAINER + PIPE ADAPTER FOR ELT,2026-08-03T04:54:39.696Z
11907|ID|11907,11907,ID,11907,11907,101064,,LID CONTAINER + PIPE ADAPTER FOR ELT,2026-08-03T04:54:39.696Z
11827|REF|45133902034,11827,REF,45133902034,45133902034,45133902034,,"P.C.B.ASSEMBLY,12-BIT AN?",2026-08-03T04:54:39.696Z
11827|ID|11827,11827,ID,11827,11827,45133902034,,"P.C.B.ASSEMBLY,12-BIT AN?",2026-08-03T04:54:39.696Z
11485|REF|45133902084,11485,REF,45133902084,45133902084,45133902084,,"Analog output, 8-bit (AO8",2026-08-03T04:54:39.696Z
11485|ID|11485,11485,ID,11485,11485,45133902084,,"Analog output, 8-bit (AO8",2026-08-03T04:54:39.696Z
10936|REF|45133902096,10936,REF,45133902096,45133902096,45133902096,,DOSE A (DOS-A),2026-08-03T04:54:39.696Z
10936|ID|10936,10936,ID,10936,10936,45133902096,,DOSE A (DOS-A),2026-08-03T04:54:39.696Z
10937|REF|45133902097,10937,REF,45133902097,45133902097,45133902097,,DOSE B (DOS-B),2026-08-03T04:54:39.696Z
10937|ID|10937,10937,ID,10937,10937,45133902097,,DOSE B (DOS-B),2026-08-03T04:54:39.696Z
11118|REF|4513390213409J,11118,REF,4513390213409J,4513390213409J,4513390213409J,,"P.C.B.ASSEMBLY,AUXILLIAR?",2026-08-03T04:54:39.696Z
11118|ID|11118,11118,ID,11118,11118,4513390213409J,,"P.C.B.ASSEMBLY,AUXILLIAR?",2026-08-03T04:54:39.696Z
10837|REF|45133902974,10837,REF,45133902974,45133902974,45133902974,,"PCB ASSY,MOVEMENTS ENABLE (HME)",2026-08-03T04:54:39.696Z
10837|ID|10837,10837,ID,10837,10837,45133902974,,"PCB ASSY,MOVEMENTS ENABLE (HME)",2026-08-03T04:54:39.696Z
12190|REF|45133903224,12190,REF,45133903224,45133903224,45133903224,,"pcb assembly, temperature sensor",2026-08-03T04:54:39.696Z
12190|ID|12190,12190,ID,12190,12190,45133903224,,"pcb assembly, temperature sensor",2026-08-03T04:54:39.696Z
11003|REF|45133903384,11003,REF,45133903384,45133903384,45133903384,,"PCB, auxiliary power supply",2026-08-03T04:54:39.696Z
11003|ID|11003,11003,ID,11003,11003,45133903384,,"PCB, auxiliary power supply",2026-08-03T04:54:39.696Z
10999|REF|45133903514,10999,REF,45133903514,45133903514,45133903514,,Universal motor drive (UMD) PCB,2026-08-03T04:54:39.696Z
10999|ID|10999,10999,ID,10999,10999,45133903514,,Universal motor drive (UMD) PCB,2026-08-03T04:54:39.696Z
12035|REF|45133903515,12035,REF,45133903515,45133903515,45133903515,,Universal Motor Drive,2026-08-03T04:54:39.696Z
12035|ID|12035,12035,ID,12035,12035,45133903515,,Universal Motor Drive,2026-08-03T04:54:39.696Z
10935|REF|45133903544_Iss.04,10935,REF,45133903544_Iss.04,45133903544ISS04,45133903544_Iss.04,,Servo input board (SIB),2026-08-03T04:54:39.696Z
10935|ID|10935,10935,ID,10935,10935,45133903544_Iss.04,,Servo input board (SIB),2026-08-03T04:54:39.696Z
11587|REF|45133903774,11587,REF,45133903774,45133903774,45133903774,,PCB ASSEMBLY BACKPLANE RHCA,2026-08-03T04:54:39.696Z
11587|ID|11587,11587,ID,11587,11587,45133903774,,PCB ASSEMBLY BACKPLANE RHCA,2026-08-03T04:54:39.696Z
11411|REF|45133903975,11411,REF,45133903975,45133903975,45133903975,,"PCB, hook & latch monitor",2026-08-03T04:54:39.696Z
11411|ID|11411,11411,ID,11411,11411,45133903975,,"PCB, hook & latch monitor",2026-08-03T04:54:39.696Z
10399|REF|45133904034,10399,REF,45133904034,45133904034,45133904034,,PCB ASSY MOTOR THER,2026-08-03T04:54:39.696Z
10399|ID|10399,10399,ID,10399,10399,45133904034,,PCB ASSY MOTOR THER,2026-08-03T04:54:39.696Z
11009|REF|45133904104,11009,REF,45133904104,45133904104,45133904104,,PCB modulator isolation,2026-08-03T04:54:39.696Z
11009|ID|11009,11009,ID,11009,11009,45133904104,,PCB modulator isolation,2026-08-03T04:54:39.696Z
10940|REF|4513390412401A,10940,REF,4513390412401A,4513390412401A,4513390412401A,,"PCB , HTCA Optical Rec",2026-08-03T04:54:39.696Z
10940|ID|10940,10940,ID,10940,10940,4513390412401A,,"PCB , HTCA Optical Rec",2026-08-03T04:54:39.696Z
10765|REF|45133904134,10765,REF,45133904134,45133904134,45133904134,,"PCB ASSY, GUN/MAGNETRON FILAMENT FILTER UNIT",2026-08-03T04:54:39.696Z
10765|ID|10765,10765,ID,10765,10765,45133904134,,"PCB ASSY, GUN/MAGNETRON FILAMENT FILTER UNIT",2026-08-03T04:54:39.696Z
10939|REF|45133904194,10939,REF,45133904194,45133904194,45133904194,,PCB HT PSU Control,2026-08-03T04:54:39.696Z
10939|ID|10939,10939,ID,10939,10939,45133904194,,PCB HT PSU Control,2026-08-03T04:54:39.696Z
11191|REF|45133904214,11191,REF,45133904214,45133904214,45133904214,,"PCB, rectifier module",2026-08-03T04:54:39.696Z
11191|ID|11191,11191,ID,11191,11191,45133904214,,"PCB, rectifier module",2026-08-03T04:54:39.696Z
11129|REF|45133904534,11129,REF,45133904534,45133904534,45133904534,,"PCB ASSY, AUTOWEDGE SWITCH",2026-08-03T04:54:39.696Z
11129|ID|11129,11129,ID,11129,11129,45133904534,,"PCB ASSY, AUTOWEDGE SWITCH",2026-08-03T04:54:39.696Z
11892|REF|45133904594,11892,REF,45133904594,45133904594,45133904594,,PS & DPT PCB - Area 12,2026-08-03T04:54:39.696Z
11892|ID|11892,11892,ID,11892,11892,45133904594,,PS & DPT PCB - Area 12,2026-08-03T04:54:39.696Z
12095|REF|45133904654,12095,REF,45133904654,45133904654,45133904654,,"PCB ASY, MOTOR DRIVE",2026-08-03T04:54:39.696Z
12095|ID|12095,12095,ID,12095,12095,45133904654,,"PCB ASY, MOTOR DRIVE",2026-08-03T04:54:39.696Z
11740|REF|45133904674,11740,REF,45133904674,45133904674,45133904674,,"PCB, Connector Interface",2026-08-03T04:54:39.696Z
11740|ID|11740,11740,ID,11740,11740,45133904674,,"PCB, Connector Interface",2026-08-03T04:54:39.696Z
12097|REF|4513390471401X,12097,REF,4513390471401X,4513390471401X,4513390471401X,,"PCB ASSY,MLC DISTRIBUTION",2026-08-03T04:54:39.696Z
12097|ID|12097,12097,ID,12097,12097,4513390471401X,,"PCB ASSY,MLC DISTRIBUTION",2026-08-03T04:54:39.696Z
10985|REF|45133904784,10985,REF,45133904784,45133904784,45133904784,,"PCB, interlock relay (IRC A-C, in 3 positions)",2026-08-03T04:54:39.696Z
10985|ID|10985,10985,ID,10985,10985,45133904784,,"PCB, interlock relay (IRC A-C, in 3 positions)",2026-08-03T04:54:39.696Z
11002|REF|45133904785,11002,REF,45133904785,45133904785,45133904785,,"PCB, interlock relay (PCB14A, B)",2026-08-03T04:54:39.696Z
11002|ID|11002,11002,ID,11002,11002,45133904785,,"PCB, interlock relay (PCB14A, B)",2026-08-03T04:54:39.696Z
12325|REF|45133904894,12325,REF,45133904894,45133904894,45133904894,,"FRU,THUMBWHEEL PWB SIDE A.MKII",2026-08-03T04:54:39.696Z
12325|ID|12325,12325,ID,12325,12325,45133904894,,"FRU,THUMBWHEEL PWB SIDE A.MKII",2026-08-03T04:54:39.696Z
12060|REF|45133904904,12060,REF,45133904904,45133904904,45133904904,,Sin Etiqueta,2026-08-03T04:54:39.696Z
12060|ID|12060,12060,ID,12060,12060,45133904904,,Sin Etiqueta,2026-08-03T04:54:39.696Z
12324|REF|45133904914,12324,REF,45133904914,45133904914,45133904914,,FRU Thumbwheel PWB side B,2026-08-03T04:54:39.696Z
12324|ID|12324,12324,ID,12324,12324,45133904914,,FRU Thumbwheel PWB side B,2026-08-03T04:54:39.696Z
11134|REF|45133904934,11134,REF,45133904934,45133904934,45133904934,,LED PCB ASSEMBLY,2026-08-03T04:54:39.696Z
11134|ID|11134,11134,ID,11134,11134,45133904934,,LED PCB ASSEMBLY,2026-08-03T04:54:39.696Z
12059|REF|45133905844,12059,REF,45133905844,45133905844,45133905844,,Sin Etiqueta,2026-08-03T04:54:39.696Z
12059|ID|12059,12059,ID,12059,12059,45133905844,,Sin Etiqueta,2026-08-03T04:54:39.696Z
10192|REF|45133907554,10192,REF,45133907554,45133907554,45133907554,,"PCB, Z motor drive configured (ZMD)",2026-08-03T04:54:39.696Z
10192|ID|10192,10192,ID,10192,10192,45133907554,,"PCB, Z motor drive configured (ZMD)",2026-08-03T04:54:39.696Z
11278|REF|45133907754,11278,REF,45133907754,45133907754,45133907754,,"PCB ASSY, ARM CONTROL",2026-08-03T04:54:39.696Z
11278|ID|11278,11278,ID,11278,11278,45133907754,,"PCB ASSY, ARM CONTROL",2026-08-03T04:54:39.696Z
10938|REF|45133907754_ISS._01,10938,REF,45133907754_ISS._01,45133907754ISS01,45133907754_ISS._01,,Arm control board (ACB) - location only (MR),2026-08-03T04:54:39.696Z
10938|ID|10938,10938,ID,10938,10938,45133907754_ISS._01,,Arm control board (ACB) - location only (MR),2026-08-03T04:54:39.696Z
11269|REF|45133907989,11269,REF,45133907989,45133907989,45133907989,,"PCB ASSEMBLY, LIMITS SWITCH",2026-08-03T04:54:39.696Z
11269|ID|11269,11269,ID,11269,11269,45133907989,,"PCB ASSEMBLY, LIMITS SWITCH",2026-08-03T04:54:39.696Z
12001|REF|45133908044,12001,REF,45133908044,45133908044,45133908044,,Serial Link Isolation Board (MK3i),2026-08-03T04:54:39.696Z
12001|ID|12001,12001,ID,12001,12001,45133908044,,Serial Link Isolation Board (MK3i),2026-08-03T04:54:39.696Z
11600|REF|45133908174,11600,REF,45133908174,45133908174,45133908174,,PPG Iss. 02,2026-08-03T04:54:39.696Z
11600|ID|11600,11600,ID,11600,11600,45133908174,,PPG Iss. 02,2026-08-03T04:54:39.696Z
11482|REF|45133908304,11482,REF,45133908304,45133908304,45133908304,,"Analog input, 12-bit (AI12) in 2 positions",2026-08-03T04:54:39.696Z
11482|ID|11482,11482,ID,11482,11482,45133908304,,"Analog input, 12-bit (AI12) in 2 positions",2026-08-03T04:54:39.696Z
10239|REF|45133908564,10239,REF,45133908564,45133908564,45133908564,,IGBT DRIVE BOARD,2026-08-03T04:54:39.696Z
10239|ID|10239,10239,ID,10239,10239,45133908564,,IGBT DRIVE BOARD,2026-08-03T04:54:39.696Z
10944|REF|45133909025,10944,REF,45133909025,45133909025,45133909025,,MOTOR DRIVE PCB MLC (demux),2026-08-03T04:54:39.696Z
10944|ID|10944,10944,ID,10944,10944,45133909025,,MOTOR DRIVE PCB MLC (demux),2026-08-03T04:54:39.696Z
12032|REF|45133909025_usada,12032,REF,45133909025_usada,45133909025USADA,45133909025_usada,,MOTOR DRIVE PCB MLC,2026-08-03T04:54:39.696Z
12032|ID|12032,12032,ID,12032,12032,45133909025_usada,,MOTOR DRIVE PCB MLC,2026-08-03T04:54:39.696Z
12073|REF|45133956015,12073,REF,45133956015,45133956015,45133956015,,Thumbwheel assembly,2026-08-03T04:54:39.696Z
12073|ID|12073,12073,ID,12073,12073,45133956015,,Thumbwheel assembly,2026-08-03T04:54:39.696Z
10367|REF|451362012003,10367,REF,451362012003,451362012003,451362012003,,"Capacitor ELECTROLITIC, A745227",2026-08-03T04:54:39.696Z
10367|ID|10367,10367,ID,10367,10367,451362012003,,"Capacitor ELECTROLITIC, A745227",2026-08-03T04:54:39.696Z
11336|REF|451362400134,11336,REF,451362400134,451362400134,451362400134,,"CONTACT, 30 AMP SERIES, 12/16AWG # ANDERSON POWER PRODUCTS, 1331 COMMENT: TORBERRY ENGINEERING CO LTD ARE SUPPLIERS.",2026-08-03T04:54:39.696Z
11336|ID|11336,11336,ID,11336,11336,451362400134,,"CONTACT, 30 AMP SERIES, 12/16AWG # ANDERSON POWER PRODUCTS, 1331 COMMENT: TORBERRY ENGINEERING CO LTD ARE SUPPLIERS.",2026-08-03T04:54:39.696Z
11351|REF|45136240700,11351,REF,45136240700,45136240700,45136240700,,"JACK KIT, MODULAR, OOLESS, 8 POSITIONS *AMP 216005-4",2026-08-03T04:54:39.696Z
11351|ID|11351,11351,ID,11351,11351,45136240700,,"JACK KIT, MODULAR, OOLESS, 8 POSITIONS *AMP 216005-4",2026-08-03T04:54:39.696Z
11337|REF|451362419066,11337,REF,451362419066,451362419066,451362419066,,"CONN, HOUSING RECTANGULAR, WHITLACHT # ANDERSON POWER PRODUCTS, 1460G1, PLG COMMENT: TORBERRY ENGINEERING CO LTD ARE SUPPLIERS.",2026-08-03T04:54:39.696Z
11337|ID|11337,11337,ID,11337,11337,451362419066,,"CONN, HOUSING RECTANGULAR, WHITLACHT # ANDERSON POWER PRODUCTS, 1460G1, PLG COMMENT: TORBERRY ENGINEERING CO LTD ARE SUPPLIERS.",2026-08-03T04:54:39.696Z
11338|REF|451362419067,11338,REF,451362419067,451362419067,451362419067,,"CONN, HOUSING 30 AMP SERIES, 12/16AWG # ANDERSON POWER PRODUCTS, 1330 RED COMMENT SUPPLIER TORBERRY ENGINEER-ING LISS HANTS",2026-08-03T04:54:39.696Z
11338|ID|11338,11338,ID,11338,11338,451362419067,,"CONN, HOUSING 30 AMP SERIES, 12/16AWG # ANDERSON POWER PRODUCTS, 1330 RED COMMENT SUPPLIER TORBERRY ENGINEER-ING LISS HANTS",2026-08-03T04:54:39.696Z
11339|REF|451362419069,11339,REF,451362419069,451362419069,451362419069,,"CONN, HOUSING 30 AMP SERIES, 12/16AWG # ANDERSON POWER PRODUCTS, 1330G2, GREEN COMMENT: SUPPLIER TORBERRY ENGINEERING LISS HANTS",2026-08-03T04:54:39.696Z
11339|ID|11339,11339,ID,11339,11339,451362419069,,"CONN, HOUSING 30 AMP SERIES, 12/16AWG # ANDERSON POWER PRODUCTS, 1330G2, GREEN COMMENT: SUPPLIER TORBERRY ENGINEERING LISS HANTS",2026-08-03T04:54:39.696Z
11340|REF|451362419070,11340,REF,451362419070,451362419070,451362419070,,"CONN, RECEPTACLE, CHASSIS MOUNT, SNAP-IN, 4POLE # ANDERSON POWER PRODUCTS, 1470G1, COMMENT: SUPPLIER TORBERRY ENGINEERING LISS HANTS",2026-08-03T04:54:39.696Z
11340|ID|11340,11340,ID,11340,11340,451362419070,,"CONN, RECEPTACLE, CHASSIS MOUNT, SNAP-IN, 4POLE # ANDERSON POWER PRODUCTS, 1470G1, COMMENT: SUPPLIER TORBERRY ENGINEERING LISS HANTS",2026-08-03T04:54:39.696Z
11341|REF|451362419608,11341,REF,451362419608,451362419608,451362419608,,"Black Modular multip, housing",2026-08-03T04:54:39.696Z
11341|ID|11341,11341,ID,11341,11341,451362419608,,"Black Modular multip, housing",2026-08-03T04:54:39.696Z
12017|REF|451362464010P,12017,REF,451362464010P,451362464010P,451362464010P,,"Switch, aux, 3RH1921",2026-08-03T04:54:39.696Z
12017|ID|12017,12017,ID,12017,12017,451362464010P,,"Switch, aux, 3RH1921",2026-08-03T04:54:39.696Z
11043|REF|451362610002L,11043,REF,451362610002L,451362610002L,451362610002L,,"Longitudinal Drive Belt, timing#6T5/1215",2026-08-03T04:54:39.696Z
11043|ID|11043,11043,ID,11043,11043,451362610002L,,"Longitudinal Drive Belt, timing#6T5/1215",2026-08-03T04:54:39.696Z
10998|REF|451362610003J,10998,REF,451362610003J,451362610003J,451362610003J,,Belt - m/c 151270 onwards,2026-08-03T04:54:39.696Z
10998|ID|10998,10998,ID,10998,10998,451362610003J,,Belt - m/c 151270 onwards,2026-08-03T04:54:39.696Z
12195|REF|451362610003J_usado,12195,REF,451362610003J_usado,451362610003JUSADO,451362610003J_usado,,Belt - m/c 151270 onwards,2026-08-03T04:54:39.696Z
12195|ID|12195,12195,ID,12195,12195,451362610003J_usado,,Belt - m/c 151270 onwards,2026-08-03T04:54:39.696Z
11501|REF|451362645016,11501,REF,451362645016,451362645016,451362645016,,Herramienta de Extracción de Pines Positrónicos,2026-08-03T04:54:39.696Z
11501|ID|11501,11501,ID,11501,11501,451362645016,,Herramienta de Extracción de Pines Positrónicos,2026-08-03T04:54:39.696Z
12096|REF|451362700024X,12096,REF,451362700024X,451362700024X,451362700024X,,"POWER SUPPLY,S15-18/U+FPW",2026-08-03T04:54:39.696Z
12096|ID|12096,12096,ID,12096,12096,451362700024X,,"POWER SUPPLY,S15-18/U+FPW",2026-08-03T04:54:39.696Z
11628|REF|45136272800,11628,REF,45136272800,45136272800,45136272800,,Arm control PSU (+/- 24V) - Condor,2026-08-03T04:54:39.696Z
11628|ID|11628,11628,ID,11628,11628,45136272800,,Arm control PSU (+/- 24V) - Condor,2026-08-03T04:54:39.696Z
11059|REF|451362840025E,11059,REF,451362840025E,451362840025E,451362840025E,,"Wipes, lint free,qbe,75X75mm",2026-08-03T04:54:39.696Z
11059|ID|11059,11059,ID,11059,11059,451362840025E,,"Wipes, lint free,qbe,75X75mm",2026-08-03T04:54:39.696Z
11761|REF|451362919006,11761,REF,451362919006,451362919006,451362919006,,"Handle, Scalpel, Nickel-silver handle # Swann Morton, no3",2026-08-03T04:54:39.696Z
11761|ID|11761,11761,ID,11761,11761,451362919006,,"Handle, Scalpel, Nickel-silver handle # Swann Morton, no3",2026-08-03T04:54:39.696Z
11666|REF|451362949000,11666,REF,451362949000,451362949000,451362949000,,"Switch, Flow, VHS10M-M",2026-08-03T04:54:39.696Z
11666|ID|11666,11666,ID,11666,11666,451362949000,,"Switch, Flow, VHS10M-M",2026-08-03T04:54:39.696Z
11057|REF|451363213000Y,11057,REF,451363213000Y,451363213000Y,451363213000Y,,"swab, cleaning, foam tip 130",2026-08-03T04:54:39.696Z
11057|ID|11057,11057,ID,11057,11057,451363213000Y,,"swab, cleaning, foam tip 130",2026-08-03T04:54:39.696Z
11762|REF|451363246000,11762,REF,451363246000,451363246000,451363246000,,"Blade, scalpel, Swann Morton type no 11",2026-08-03T04:54:39.696Z
11762|ID|11762,11762,ID,11762,11762,451363246000,,"Blade, scalpel, Swann Morton type no 11",2026-08-03T04:54:39.696Z
12330|REF|451369310046,12330,REF,451369310046,451369310046,451369310046,,"Diode, BYV96E (D1–D4)",2026-08-03T04:54:39.696Z
12330|ID|12330,12330,ID,12330,12330,451369310046,,"Diode, BYV96E (D1–D4)",2026-08-03T04:54:39.696Z
12329|REF|451369310056,12329,REF,451369310056,451369310056,451369310056,,"Diode, BYW54 (D5—D7)",2026-08-03T04:54:39.696Z
12329|ID|12329,12329,ID,12329,12329,451369310056,,"Diode, BYW54 (D5—D7)",2026-08-03T04:54:39.696Z
11347|REF|452225000520,11347,REF,452225000520,452225000520,452225000520,,Connector UMNL cap 3 pos,2026-08-03T04:54:39.696Z
11347|ID|11347,11347,ID,11347,11347,452225000520,,Connector UMNL cap 3 pos,2026-08-03T04:54:39.696Z
11474|REF|4612330116,11474,REF,4612330116,4612330116,4612330116,,"Switching Power Supply, +5V, MEAN WELL, MPS-45-5",2026-08-03T04:54:39.696Z
11474|ID|11474,11474,ID,11474,11474,4612330116,,"Switching Power Supply, +5V, MEAN WELL, MPS-45-5",2026-08-03T04:54:39.696Z
11473|REF|4612330117,11473,REF,4612330117,4612330117,4612330117,,"Switching Power Supply, +15V, MEAN WELL, MPS-45-15",2026-08-03T04:54:39.696Z
11473|ID|11473,11473,ID,11473,11473,4612330117,,"Switching Power Supply, +15V, MEAN WELL, MPS-45-15",2026-08-03T04:54:39.696Z
11433|REF|4612330119,11433,REF,4612330119,4612330119,4612330119,,SWITCH,2026-08-03T04:54:39.696Z
11433|ID|11433,11433,ID,11433,11433,4612330119,,SWITCH,2026-08-03T04:54:39.696Z
11434|REF|4612350105,11434,REF,4612350105,4612350105,4612350105,,SWITCH,2026-08-03T04:54:39.696Z
11434|ID|11434,11434,ID,11434,11434,4612350105,,SWITCH,2026-08-03T04:54:39.696Z
11428|REF|4621205421,11428,REF,4621205421,4621205421,4621205421,,Microswitch,2026-08-03T04:54:39.696Z
11428|ID|11428,11428,ID,11428,11428,4621205421,,Microswitch,2026-08-03T04:54:39.696Z
11427|REF|4621205423,11427,REF,4621205423,4621205423,4621205423,,Microswitch,2026-08-03T04:54:39.696Z
11427|ID|11427,11427,ID,11427,11427,4621205423,,Microswitch,2026-08-03T04:54:39.696Z
11429|REF|4621205425,11429,REF,4621205425,4621205425,4621205425,,Microswitch,2026-08-03T04:54:39.696Z
11429|ID|11429,11429,ID,11429,11429,4621205425,,Microswitch,2026-08-03T04:54:39.696Z
11476|REF|4621205707,11476,REF,4621205707,4621205707,4621205707,,D4C-1624 (Microswitch)   limit switch,2026-08-03T04:54:39.696Z
11476|ID|11476,11476,ID,11476,11476,4621205707,,D4C-1624 (Microswitch)   limit switch,2026-08-03T04:54:39.696Z
11437|REF|4621210543,11437,REF,4621210543,4621210543,4621210543,,"Coaxial Connector female to female Beijing Haoande, BNC-KKYA",2026-08-03T04:54:39.696Z
11437|ID|11437,11437,ID,11437,11437,4621210543,,"Coaxial Connector female to female Beijing Haoande, BNC-KKYA",2026-08-03T04:54:39.696Z
11446|REF|4621215111,11446,REF,4621215111,4621215111,4621215111,,CONTACTOR LC1D3210M7C,2026-08-03T04:54:39.696Z
11446|ID|11446,11446,ID,11446,11446,4621215111,,CONTACTOR LC1D3210M7C,2026-08-03T04:54:39.696Z
11472|REF|4621215114,11472,REF,4621215114,4621215114,4621215114,,"Contactor, 9A, 690V, Telemecanique,LC1D09M7C",2026-08-03T04:54:39.696Z
11472|ID|11472,11472,ID,11472,11472,4621215114,,"Contactor, 9A, 690V, Telemecanique,LC1D09M7C",2026-08-03T04:54:39.696Z
11445|REF|4621215115,11445,REF,4621215115,4621215115,4621215115,,CONTACTOR LC1D25M7C,2026-08-03T04:54:39.696Z
11445|ID|11445,11445,ID,11445,11445,4621215115,,CONTACTOR LC1D25M7C,2026-08-03T04:54:39.696Z
11444|REF|4621215116,11444,REF,4621215116,4621215116,4621215116,,"CONTACTOR,32A,690V TELEMECANIQUE LC1D32M7C",2026-08-03T04:54:39.696Z
11444|ID|11444,11444,ID,11444,11444,4621215116,,"CONTACTOR,32A,690V TELEMECANIQUE LC1D32M7C",2026-08-03T04:54:39.696Z
11435|REF|4621501501,11435,REF,4621501501,4621501501,4621501501,,HEAT RELAY PANEL MOUNT sensor de temperatura agua,2026-08-03T04:54:39.696Z
11435|ID|11435,11435,ID,11435,11435,4621501501,,HEAT RELAY PANEL MOUNT sensor de temperatura agua,2026-08-03T04:54:39.696Z
11424|REF|4621502103,11424,REF,4621502103,4621502103,4621502103,,RELAY,2026-08-03T04:54:39.696Z
11424|ID|11424,11424,ID,11424,11424,4621502103,,RELAY,2026-08-03T04:54:39.696Z
11425|REF|4621502105,11425,REF,4621502105,4621502105,4621502105,,RELAY,2026-08-03T04:54:39.696Z
11425|ID|11425,11425,ID,11425,11425,4621502105,,RELAY,2026-08-03T04:54:39.696Z
11419|REF|4621530005,11419,REF,4621530005,4621530005,4621530005,,RELAY,2026-08-03T04:54:39.696Z
11419|ID|11419,11419,ID,11419,11419,4621530005,,RELAY,2026-08-03T04:54:39.696Z
11423|REF|4621530006,11423,REF,4621530006,4621530006,4621530006,,RELAY,2026-08-03T04:54:39.696Z
11423|ID|11423,11423,ID,11423,11423,4621530006,,RELAY,2026-08-03T04:54:39.696Z
11471|REF|4621530007,11471,REF,4621530007,4621530007,4621530007,,Hold-Down Clips PYC-A1,2026-08-03T04:54:39.696Z
11471|ID|11471,11471,ID,11471,11471,4621530007,,Hold-Down Clips PYC-A1,2026-08-03T04:54:39.696Z
11374|REF|4651110208,11374,REF,4651110208,4651110208,4651110208,,"Lamp, OSRAM, 48870WFL ES",2026-08-03T04:54:39.696Z
11374|ID|11374,11374,ID,11374,11374,4651110208,,"Lamp, OSRAM, 48870WFL ES",2026-08-03T04:54:39.696Z
11449|REF|46511102080,11449,REF,46511102080,46511102080,46511102080,,AMPOLLETA ODI SRAM 50 WATT,2026-08-03T04:54:39.696Z
11449|ID|11449,11449,ID,11449,11449,46511102080,,AMPOLLETA ODI SRAM 50 WATT,2026-08-03T04:54:39.696Z
11436|REF|4712101023,11436,REF,4712101023,4712101023,4712101023,,"POWERED WIREWOUND RESISTOR 20 Ωj 25 W, Aluminium Housed Beijing 718 factory, RX24-25",2026-08-03T04:54:39.696Z
11436|ID|11436,11436,ID,11436,11436,4712101023,,"POWERED WIREWOUND RESISTOR 20 Ωj 25 W, Aluminium Housed Beijing 718 factory, RX24-25",2026-08-03T04:54:39.696Z
11286|REF|4714201102,11286,REF,4714201102,4714201102,4714201102,,MAGNETRON MG5193,2026-08-03T04:54:39.696Z
11286|ID|11286,11286,ID,11286,11286,4714201102,,MAGNETRON MG5193,2026-08-03T04:54:39.696Z
11282|REF|4714501006,11282,REF,4714501006,4714501006,4714501006,,THYRATRON e2v CX1551 (Compact),2026-08-03T04:54:39.696Z
11282|ID|11282,11282,ID,11282,11282,4714501006,,THYRATRON e2v CX1551 (Compact),2026-08-03T04:54:39.696Z
11393|REF|4714530006,11393,REF,4714530006,4714530006,4714530006,,DIODE 1N4148,2026-08-03T04:54:39.696Z
11393|ID|11393,11393,ID,11393,11393,4714530006,,DIODE 1N4148,2026-08-03T04:54:39.696Z
12331|REF|4732340103,12331,REF,4732340103,4732340103,4732340103,,"CCD Camera, GE1380",2026-08-03T04:54:39.696Z
12331|ID|12331,12331,ID,12331,12331,4732340103,,"CCD Camera, GE1380",2026-08-03T04:54:39.696Z
11621|REF|4761200106,11621,REF,4761200106,4761200106,4761200106,,Hard Disk Drive 500G 7200 Sata 6Gb/s,2026-08-03T04:54:39.696Z
11621|ID|11621,11621,ID,11621,11621,4761200106,,Hard Disk Drive 500G 7200 Sata 6Gb/s,2026-08-03T04:54:39.696Z
11447|REF|48252110601,11447,REF,48252110601,48252110601,48252110601,,PRESS METER GAS FS6,2026-08-03T04:54:39.696Z
11447|ID|11447,11447,ID,11447,11447,48252110601,,PRESS METER GAS FS6,2026-08-03T04:54:39.696Z
12332|REF|4832109909,12332,REF,4832109909,4832109909,4832109909,,"LENS,VST,SV-L1614MP",2026-08-03T04:54:39.696Z
12332|ID|12332,12332,ID,12332,12332,4832109909,,"LENS,VST,SV-L1614MP",2026-08-03T04:54:39.696Z
11063|REF|4LA46LT#ABM,11063,REF,4LA46LT#ABM,4LA46LTABM,4LA46LT#ABM,,Notebook HP 240 G6,2026-08-03T04:54:39.696Z
11063|ID|11063,11063,ID,11063,11063,4LA46LT#ABM,,Notebook HP 240 G6,2026-08-03T04:54:39.696Z
10871|REF|538001011,10871,REF,538001011,538001011,538001011,,Fuse 50A,2026-08-03T04:54:39.696Z
10871|ID|10871,10871,ID,10871,10871,538001011,,Fuse 50A,2026-08-03T04:54:39.696Z
10870|REF|53801002,10870,REF,53801002,53801002,53801002,,Fuse 6A,2026-08-03T04:54:39.696Z
10870|ID|10870,10870,ID,10870,10870,53801002,,Fuse 6A,2026-08-03T04:54:39.696Z
10867|REF|53801003,10867,REF,53801003,53801003,53801003,,Fuse 3A,2026-08-03T04:54:39.696Z
10867|ID|10867,10867,ID,10867,10867,53801003,,Fuse 3A,2026-08-03T04:54:39.696Z
10869|REF|53801008,10869,REF,53801008,53801008,53801008,,Fuse 10 A,2026-08-03T04:54:39.696Z
10869|ID|10869,10869,ID,10869,10869,53801008,,Fuse 10 A,2026-08-03T04:54:39.696Z
10866|REF|53801012,10866,REF,53801012,53801012,53801012,,"Fuse 1,5 A",2026-08-03T04:54:39.696Z
10866|ID|10866,10866,ID,10866,10866,53801012,,"Fuse 1,5 A",2026-08-03T04:54:39.696Z
11417|REF|45133503400,11417,REF,45133503400,45133503400,45133503400,,UPG KIT LCU IND (MRT 12541),2026-08-03T04:54:39.696Z
11417|ID|11417,11417,ID,11417,11417,45133503400,,UPG KIT LCU IND (MRT 12541),2026-08-03T04:54:39.696Z
12077|REF|4513350350201Y,12077,REF,4513350350201Y,4513350350201Y,4513350350201Y,,HT Controller Prog PCB,2026-08-03T04:54:39.696Z
12077|ID|12077,12077,ID,12077,12077,4513350350201Y,,HT Controller Prog PCB,2026-08-03T04:54:39.696Z
10868|REF|53801015,10868,REF,53801015,53801015,53801015,,Fuse 0.4A,2026-08-03T04:54:39.696Z
10868|ID|10868,10868,ID,10868,10868,53801015,,Fuse 0.4A,2026-08-03T04:54:39.696Z
10872|REF|53801018,10872,REF,53801018,53801018,53801018,,Fuse 15A,2026-08-03T04:54:39.696Z
10872|ID|10872,10872,ID,10872,10872,53801018,,Fuse 15A,2026-08-03T04:54:39.696Z
10873|REF|53801019,10873,REF,53801019,53801019,53801019,,Fuse 0.5 A,2026-08-03T04:54:39.696Z
10873|ID|10873,10873,ID,10873,10873,53801019,,Fuse 0.5 A,2026-08-03T04:54:39.696Z
11406|REF|5675101235,11406,REF,5675101235,5675101235,5675101235,,BUSHING KSS KG 010 FOR SHASSIS TNICK,2026-08-03T04:54:39.696Z
11406|ID|11406,11406,ID,11406,11406,5675101235,,BUSHING KSS KG 010 FOR SHASSIS TNICK,2026-08-03T04:54:39.696Z
11136|REF|579037400,11136,REF,579037400,579037400,579037400,,ADVANCE SPC SYNTHETIC 220,2026-08-03T04:54:39.696Z
11136|ID|11136,11136,ID,11136,11136,579037400,,ADVANCE SPC SYNTHETIC 220,2026-08-03T04:54:39.696Z
11439|REF|582935-002,11439,REF,582935-002,582935002,582935-002,,HPe STORAGEWORKS P2000 G3 10GBE ISCSI MODULAR SMART ARRAY CONTROLLER,2026-08-03T04:54:39.696Z
11439|ID|11439,11439,ID,11439,11439,582935-002,,HPe STORAGEWORKS P2000 G3 10GBE ISCSI MODULAR SMART ARRAY CONTROLLER,2026-08-03T04:54:39.696Z
11540|REF|594388,11540,REF,594388,594388,594388,,Cobal-60 Cable lubrication oil,2026-08-03T04:54:39.696Z
11540|ID|11540,11540,ID,11540,11540,594388,,Cobal-60 Cable lubrication oil,2026-08-03T04:54:39.696Z
11535|REF|594513,11535,REF,594513,594513,594513,,Wipe pads,2026-08-03T04:54:39.696Z
11535|ID|11535,11535,ID,11535,11535,594513,,Wipe pads,2026-08-03T04:54:39.696Z
11302|REF|647657-071,11302,REF,647657-071,647657071,647657-071,,HP 4GB 2RX8PC3 10600,2026-08-03T04:54:39.696Z
11302|ID|11302,11302,ID,11302,11302,647657-071,,HP 4GB 2RX8PC3 10600,2026-08-03T04:54:39.696Z
11296|REF|653950,11296,REF,653950,653950,653950,,HP 146GB 15K 6G SFF SAS SC HDD,2026-08-03T04:54:39.696Z
11296|ID|11296,11296,ID,11296,11296,653950,,HP 146GB 15K 6G SFF SAS SC HDD,2026-08-03T04:54:39.696Z
11299|REF|653954,11299,REF,653954,653954,653954,,HP 1TB 7.2K 6G SFF SAS SC Hard Drive,2026-08-03T04:54:39.696Z
11299|ID|11299,11299,ID,11299,11299,653954,,HP 1TB 7.2K 6G SFF SAS SC Hard Drive,2026-08-03T04:54:39.696Z
11298|REF|653955,11298,REF,653955,653955,653955,,"HP 300GB 6G 10K 2,2 SAS HDD",2026-08-03T04:54:39.696Z
11298|ID|11298,11298,ID,11298,11298,653955,,"HP 300GB 6G 10K 2,2 SAS HDD",2026-08-03T04:54:39.696Z
11293|REF|656364,11293,REF,656364,656364,656364,,HP 1200W CS HE HOT PLUG POWER SU,2026-08-03T04:54:39.696Z
11293|ID|11293,11293,ID,11293,11293,656364,,HP 1200W CS HE HOT PLUG POWER SU,2026-08-03T04:54:39.696Z
11295|REF|657739,11295,REF,657739,657739,657739,,"HP 1TB SATA 7,2K 35HDD",2026-08-03T04:54:39.696Z
11295|ID|11295,11295,ID,11295,11295,657739,,"HP 1TB SATA 7,2K 35HDD",2026-08-03T04:54:39.696Z
11303|REF|669324-B21,11303,REF,669324-B21,669324B21,669324-B21,,HP 8GB PC3-12800E DDR3-1600 ECC DIMM,2026-08-03T04:54:39.696Z
11303|ID|11303,11303,ID,11303,11303,669324-B21,,HP 8GB PC3-12800E DDR3-1600 ECC DIMM,2026-08-03T04:54:39.696Z
11300|REF|684208,11300,REF,684208,684208,684208,,HP ETHERNET 1GB 4-PORT 331 FLR AD,2026-08-03T04:54:39.696Z
11300|ID|11300,11300,ID,11300,11300,684208,,HP ETHERNET 1GB 4-PORT 331 FLR AD,2026-08-03T04:54:39.696Z
11966|REF|70000,11966,REF,70000,70000,70000,,Holder for Ir-192/Co-60 HDR,2026-08-03T04:54:39.696Z
11966|ID|11966,11966,ID,11966,11966,70000,,Holder for Ir-192/Co-60 HDR,2026-08-03T04:54:39.696Z
11320|REF|700012RO___200090264-2012-003,11320,REF,700012RO___200090264-2012-003,700012RO2000902642012003,700012RO___200090264-2012-003,,HVPBT,2026-08-03T04:54:39.696Z
11320|ID|11320,11320,ID,11320,11320,700012RO___200090264-2012-003,,HVPBT,2026-08-03T04:54:39.696Z
11322|REF|700013RO___200090261-2012-003,11322,REF,700013RO___200090261-2012-003,700013RO2000902612012003,700013RO___200090261-2012-003,,ANALOG,2026-08-03T04:54:39.696Z
11322|ID|11322,11322,ID,11322,11322,700013RO___200090261-2012-003,,ANALOG,2026-08-03T04:54:39.696Z
11967|REF|70004-20,11967,REF,70004-20,7000420,70004-20,,20 meter cable,2026-08-03T04:54:39.696Z
11967|ID|11967,11967,ID,11967,11967,70004-20,,20 meter cable,2026-08-03T04:54:39.696Z
11970|REF|70013,11970,REF,70013,70013,70013,,Carrying Case,2026-08-03T04:54:39.696Z
11970|ID|11970,11970,ID,11970,11970,70013,,Carrying Case,2026-08-03T04:54:39.696Z
11802|REF|711007,11802,REF,711007,711007,711007,,Digital Thermometer,2026-08-03T04:54:39.696Z
11802|ID|11802,11802,ID,11802,11802,711007,,Digital Thermometer,2026-08-03T04:54:39.696Z
11803|REF|711009,11803,REF,711009,711009,711009,,Barómetro Digital,2026-08-03T04:54:39.696Z
11803|ID|11803,11803,ID,11803,11803,711009,,Barómetro Digital,2026-08-03T04:54:39.696Z
11804|REF|711010,11804,REF,711010,711010,711010,,Nivel Digital,2026-08-03T04:54:39.696Z
11804|ID|11804,11804,ID,11804,11804,711010,,Nivel Digital,2026-08-03T04:54:39.696Z
11306|REF|727258-B21,11306,REF,727258-B21,727258B21,727258-B21,,HPE - 96W Smart Storage Battery,2026-08-03T04:54:39.696Z
11306|ID|11306,11306,ID,11306,11306,727258-B21,,HPE - 96W Smart Storage Battery,2026-08-03T04:54:39.696Z
11294|REF|748287,11294,REF,748287,748287,748287,,HPE 1200W COMMON SLOT PLATINUM HOT PLUG POWER SUPPLY,2026-08-03T04:54:39.696Z
11294|ID|11294,11294,ID,11294,11294,748287,,HPE 1200W COMMON SLOT PLATINUM HOT PLUG POWER SUPPLY,2026-08-03T04:54:39.696Z
11305|REF|749796-001,11305,REF,749796-001,749796001,749796-001,,HPE - Smart Array P440ar,2026-08-03T04:54:39.696Z
11305|ID|11305,11305,ID,11305,11305,749796-001,,HPE - Smart Array P440ar,2026-08-03T04:54:39.696Z
11297|REF|759546,11297,REF,759546,759546,759546,,"HP 300GB 12G 15K SAS 2,5 HDD",2026-08-03T04:54:39.696Z
11297|ID|11297,11297,ID,11297,11297,759546,,"HP 300GB 12G 15K SAS 2,5 HDD",2026-08-03T04:54:39.696Z
11969|REF|80010,11969,REF,80010,80010,80010,,ADCL Calibration,2026-08-03T04:54:39.696Z
11969|ID|11969,11969,ID,11969,11969,80010,,ADCL Calibration,2026-08-03T04:54:39.696Z
12238|REF|8010-00059-6,12238,REF,8010-00059-6,8010000596,8010-00059-6,,TPUS AUTOSCAN PROBE (Clarity),2026-08-03T04:54:39.696Z
12238|ID|12238,12238,ID,12238,12238,8010-00059-6,,TPUS AUTOSCAN PROBE (Clarity),2026-08-03T04:54:39.696Z
12270|REF|8010-00230,12270,REF,8010-00230,801000230,8010-00230,,"Clarity KVM KIT, LOCAL EXTENDER",2026-08-03T04:54:39.696Z
12270|ID|12270,12270,ID,12270,12270,8010-00230,,"Clarity KVM KIT, LOCAL EXTENDER",2026-08-03T04:54:39.696Z
12271|REF|8010-00231,12271,REF,8010-00231,801000231,8010-00231,,"Clarity KVM KIT, REMOTE RECEIVER",2026-08-03T04:54:39.696Z
12271|ID|12271,12271,ID,12271,12271,8010-00231,,"Clarity KVM KIT, REMOTE RECEIVER",2026-08-03T04:54:39.696Z
11797|REF|805471,11797,REF,805471,805471,805471,,DRILLED & SCRIBED SOLID WATER HE 30 x 30 x 2.0 cm.,2026-08-03T04:54:39.696Z
11797|ID|11797,11797,ID,11797,11797,805471,,DRILLED & SCRIBED SOLID WATER HE 30 x 30 x 2.0 cm.,2026-08-03T04:54:39.696Z
11798|REF|805625,11798,REF,805625,805625,805625,,DRILLED & SCRIBED SOLID WATER HE 30 x 30 x 2.0 cm for SNC600c,2026-08-03T04:54:39.696Z
11798|ID|11798,11798,ID,11798,11798,805625,,DRILLED & SCRIBED SOLID WATER HE 30 x 30 x 2.0 cm for SNC600c,2026-08-03T04:54:39.696Z
11799|REF|805627,11799,REF,805627,805627,805627,,DRILLED & SCRIBED SOLID WATER HE 30 x 30 x 2.0 cm for SNC125c,2026-08-03T04:54:39.696Z
11799|ID|11799,11799,ID,11799,11799,805627,,DRILLED & SCRIBED SOLID WATER HE 30 x 30 x 2.0 cm for SNC125c,2026-08-03T04:54:39.696Z
11800|REF|805629,11800,REF,805629,805629,805629,,DRILLED & SCRIBED SOLID WATER HE 30 x 30 x 2.0 cm SNC350p,2026-08-03T04:54:39.696Z
11800|ID|11800,11800,ID,11800,11800,805629,,DRILLED & SCRIBED SOLID WATER HE 30 x 30 x 2.0 cm SNC350p,2026-08-03T04:54:39.696Z
11796|REF|805822,11796,REF,805822,805822,805822,,Solid Water® HE Kit 30cm,2026-08-03T04:54:39.696Z
11796|ID|11796,11796,ID,11796,11796,805822,,Solid Water® HE Kit 30cm,2026-08-03T04:54:39.696Z
11978|REF|805928,11978,REF,805928,805928,805928,,Mammo FFDM Phantom with Hard Case,2026-08-03T04:54:39.696Z
11978|ID|11978,11978,ID,11978,11978,805928,,Mammo FFDM Phantom with Hard Case,2026-08-03T04:54:39.696Z
10901|REF|811027,10901,REF,811027,811027,811027,,Kit de repuesto para indicador de RM,2026-08-03T04:54:39.696Z
10901|ID|10901,10901,ID,10901,10901,811027,,Kit de repuesto para indicador de RM,2026-08-03T04:54:39.696Z
10800|REF|811105LE,10800,REF,811105LE,811105LE,811105LE,,Tornillos Fijación Titanio,2026-08-03T04:54:39.696Z
10800|ID|10800,10800,ID,10800,10800,811105LE,,Tornillos Fijación Titanio,2026-08-03T04:54:39.696Z
10969|REF|8113024149902X,10969,REF,8113024149902X,8113024149902X,8113024149902X,,SL Desp Feed Fixing Kit,2026-08-03T04:54:39.696Z
10969|ID|10969,10969,ID,10969,10969,8113024149902X,,SL Desp Feed Fixing Kit,2026-08-03T04:54:39.696Z
11042|REF|8113024217901N,11042,REF,8113024217901N,8113024217901N,8113024217901N,,Schroff adaptor kit (despatch),2026-08-03T04:54:39.696Z
11042|ID|11042,11042,ID,11042,11042,8113024217901N,,Schroff adaptor kit (despatch),2026-08-03T04:54:39.696Z
10325|REF|8113024252101J,10325,REF,8113024252101J,8113024252101J,8113024252101J,,LEADSCREW ASSY,2026-08-03T04:54:39.696Z
10325|ID|10325,10325,ID,10325,10325,8113024252101J,,LEADSCREW ASSY,2026-08-03T04:54:39.696Z
11793|REF|82132165039,11793,REF,82132165039,82132165039,82132165039,,Hook Spanner HN,2026-08-03T04:54:39.696Z
11793|ID|11793,11793,ID,11793,11793,82132165039,,Hook Spanner HN,2026-08-03T04:54:39.696Z
11791|REF|82132165040,11791,REF,82132165040,82132165040,82132165040,,Hook Spanner HN4,2026-08-03T04:54:39.696Z
11791|ID|11791,11791,ID,11791,11791,82132165040,,Hook Spanner HN4,2026-08-03T04:54:39.696Z
11792|REF|82132165041,11792,REF,82132165041,82132165041,82132165041,,Hook Spanner HN7,2026-08-03T04:54:39.696Z
11792|ID|11792,11792,ID,11792,11792,82132165041,,Hook Spanner HN7,2026-08-03T04:54:39.696Z
11061|REF|821321900352,11061,REF,821321900352,821321900352,821321900352,,"Fuse, 10A 32 VAC, time delay, glass cartridge 32 mm x 6.3mm (FS32E)",2026-08-03T04:54:39.696Z
11061|ID|11061,11061,ID,11061,11061,821321900352,,"Fuse, 10A 32 VAC, time delay, glass cartridge 32 mm x 6.3mm (FS32E)",2026-08-03T04:54:39.696Z
11378|REF|821321900353,11378,REF,821321900353,821321900353,821321900353,,"FUSE 3AG (0,25x1,25 Inch), F8Al/250V",2026-08-03T04:54:39.696Z
11378|ID|11378,11378,ID,11378,11378,821321900353,,"FUSE 3AG (0,25x1,25 Inch), F8Al/250V",2026-08-03T04:54:39.696Z
12022|REF|821321900373H,12022,REF,821321900373H,821321900373H,821321900373H,,Fuse link 240V/80A,2026-08-03T04:54:39.696Z
12022|ID|12022,12022,ID,12022,12022,821321900373H,,Fuse link 240V/80A,2026-08-03T04:54:39.696Z
12021|REF|821321900374F,12021,REF,821321900374F,821321900374F,821321900374F,,Fuse link 240V/25A,2026-08-03T04:54:39.696Z
12021|ID|12021,12021,ID,12021,12021,821321900374F,,Fuse link 240V/25A,2026-08-03T04:54:39.696Z
11758|REF|821321900458,11758,REF,821321900458,821321900458,821321900458,,"Diode Stack, 400V 80A # semikron, SKKD 81/12",2026-08-03T04:54:39.696Z
11758|ID|11758,11758,ID,11758,11758,821321900458,,"Diode Stack, 400V 80A # semikron, SKKD 81/12",2026-08-03T04:54:39.696Z
10971|REF|838928,10971,REF,838928,838928,838928,,SYSTEM WINGSTEP LOW-BALL JOINT,2026-08-03T04:54:39.696Z
10971|ID|10971,10971,ID,10971,10971,838928,,SYSTEM WINGSTEP LOW-BALL JOINT,2026-08-03T04:54:39.696Z
11563|REF|8DS95LA#ABM,11563,REF,8DS95LA#ABM,8DS95LAABM,8DS95LA#ABM,,Notebook ZenBook 15VG5,2026-08-03T04:54:39.696Z
11563|ID|11563,11563,ID,11563,11563,8DS95LA#ABM,,Notebook ZenBook 15VG5,2026-08-03T04:54:39.696Z
11965|REF|90008,11965,REF,90008,90008,90008,,HDR 1000 PLUS Well Chamber,2026-08-03T04:54:39.696Z
11965|ID|11965,11965,ID,11965,11965,90008,,HDR 1000 PLUS Well Chamber,2026-08-03T04:54:39.696Z
11964|REF|90020,11964,REF,90020,90020,90020,,MAX 4000 Plus Electrometer,2026-08-03T04:54:39.696Z
11964|ID|11964,11964,ID,11964,11964,90020,,MAX 4000 Plus Electrometer,2026-08-03T04:54:39.696Z
11060|REF|90QC29,11060,REF,90QC29,90QC29,90QC29,,Comar-Optics Cleanner(29ml),2026-08-03T04:54:39.696Z
11060|ID|11060,11060,ID,11060,11060,90QC29,,Comar-Optics Cleanner(29ml),2026-08-03T04:54:39.696Z
10891|REF|912464,10891,REF,912464,912464,912464,,Insertos desechables,2026-08-03T04:54:39.696Z
10891|ID|10891,10891,ID,10891,10891,912464,,Insertos desechables,2026-08-03T04:54:39.696Z
10898|REF|916282,10898,REF,916282,916282,916282,,Indicador de CT,2026-08-03T04:54:39.696Z
10898|ID|10898,10898,ID,10898,10898,916282,,Indicador de CT,2026-08-03T04:54:39.696Z
11314|REF|917122-001,11314,REF,917122-001,917122001,917122-001,,DVD-WRITER Optical Drive HP,2026-08-03T04:54:39.696Z
11314|ID|11314,11314,ID,11314,11314,917122-001,,DVD-WRITER Optical Drive HP,2026-08-03T04:54:39.696Z
10845|REF|923887917104T,10845,REF,923887917104T,923887917104T,923887917104T,,LAMP M32 12V 50W,2026-08-03T04:54:39.696Z
10845|ID|10845,10845,ID,10845,10845,923887917104T,,LAMP M32 12V 50W,2026-08-03T04:54:39.696Z
11448|REF|923931518204,11448,REF,923931518204,923931518204,923931518204,,AMPOLLETA MLC TYPE 13289,2026-08-03T04:54:39.696Z
11448|ID|11448,11448,ID,11448,11448,923931518204,,AMPOLLETA MLC TYPE 13289,2026-08-03T04:54:39.696Z
10833|REF|923931518204C,10833,REF,923931518204C,923931518204C,923931518204C,,"LAMP,QUARTZ,HALOGEN,13289",2026-08-03T04:54:39.696Z
10833|ID|10833,10833,ID,10833,10833,923931518204C,,"LAMP,QUARTZ,HALOGEN,13289",2026-08-03T04:54:39.696Z
12007|REF|932204214682E,12007,REF,932204214682E,932204214682E,932204214682E,,Thyristor Module Skk,2026-08-03T04:54:39.696Z
12007|ID|12007,12007,ID,12007,12007,932204214682E,,Thyristor Module Skk,2026-08-03T04:54:39.696Z
10810|REF|A-410087,10810,REF,A-410087,A410087,A-410087,,Bajada Bolsa Freeflex (ADY-1200C),2026-08-03T04:54:39.696Z
10810|ID|10810,10810,ID,10810,10810,A-410087,,Bajada Bolsa Freeflex (ADY-1200C),2026-08-03T04:54:39.696Z
10903|REF|A0420-26,10903,REF,A0420-26,A042026,A0420-26,,Adaptador de RM para Philips G-SC T5-III,2026-08-03T04:54:39.696Z
10903|ID|10903,10903,ID,10903,10903,A0420-26,,Adaptador de RM para Philips G-SC T5-III,2026-08-03T04:54:39.696Z
10902|REF|A0820-07,10902,REF,A0820-07,A082007,A0820-07,,Indicador de RM para Frame Model G,2026-08-03T04:54:39.696Z
10902|ID|10902,10902,ID,10902,10902,A0820-07,,Indicador de RM para Frame Model G,2026-08-03T04:54:39.696Z
12333|REF|AA17699A,12333,REF,AA17699A,AA17699A,AA17699A,,Signal Brush Block,2026-08-03T04:54:39.696Z
12333|ID|12333,12333,ID,12333,12333,AA17699A,,Signal Brush Block,2026-08-03T04:54:39.696Z
11731|REF|AC01,11731,REF,AC01,AC01,AC01,,Aire Comprimido,2026-08-03T04:54:39.696Z
11731|ID|11731,11731,ID,11731,11731,AC01,,Aire Comprimido,2026-08-03T04:54:39.696Z
11137|REF|AD000085,11137,REF,AD000085,AD000085,AD000085,,AGUA BIDESTILADA BIDON X 5 LT,2026-08-03T04:54:39.696Z
11137|ID|11137,11137,ID,11137,11137,AD000085,,AGUA BIDESTILADA BIDON X 5 LT,2026-08-03T04:54:39.696Z
11975|REF|AGCCBL103,11975,REF,AGCCBL103,AGCCBL103,AGCCBL103,,"CABLE, FRG-700/PVG, 3M / 9.9FT - Agilent",2026-08-03T04:54:39.696Z
11975|ID|11975,11975,ID,11975,11975,AGCCBL103,,"CABLE, FRG-700/PVG, 3M / 9.9FT - Agilent",2026-08-03T04:54:39.696Z
11973|REF|AGD100,11973,REF,AGD100,AGD100,AGD100,,AGD-100 ACTIVE GAUGE DISPLAY - Agilent,2026-08-03T04:54:39.696Z
11973|ID|11973,11973,ID,11973,11973,AGD100,,AGD-100 ACTIVE GAUGE DISPLAY - Agilent,2026-08-03T04:54:39.696Z
11880|REF|AGDM+,11880,REF,AGDM+,AGDM,AGDM+,,Advanced Digitizer Module,2026-08-03T04:54:39.696Z
11880|ID|11880,11880,ID,11880,11880,AGDM+,,Advanced Digitizer Module,2026-08-03T04:54:39.696Z
11881|REF|AGMS-_DM+,11881,REF,AGMS-_DM+,AGMSDM,AGMS-_DM+,,Solid State kV/Dose Multisensor,2026-08-03T04:54:39.696Z
11881|ID|11881,11881,ID,11881,11881,AGMS-_DM+,,Solid State kV/Dose Multisensor,2026-08-03T04:54:39.696Z
11883|REF|AGTABSGO,11883,REF,AGTABSGO,AGTABSGO,AGTABSGO,,Accu-Gold 10 tablet,2026-08-03T04:54:39.696Z
11883|ID|11883,11883,ID,11883,11883,AGTABSGO,,Accu-Gold 10 tablet,2026-08-03T04:54:39.696Z
12030|REF|APerno,12030,REF,APerno,APERNO,APerno,,Afloja Perno,2026-08-03T04:54:39.696Z
12030|ID|12030,12030,ID,12030,12030,APerno,,Afloja Perno,2026-08-03T04:54:39.696Z
12170|REF|APM,12170,REF,APM,APM,APM,,Aspiradora Portatil (mantenciones),2026-08-03T04:54:39.696Z
12170|ID|12170,12170,ID,12170,12170,APM,,Aspiradora Portatil (mantenciones),2026-08-03T04:54:39.696Z
11301|REF|AQ284B#103,11301,REF,AQ284B#103,AQ284B103,AQ284B#103,,HPLto-5 Ultrium 3000 Sas Upgrade Kit,2026-08-03T04:54:39.696Z
11301|ID|11301,11301,ID,11301,11301,AQ284B#103,,HPLto-5 Ultrium 3000 Sas Upgrade Kit,2026-08-03T04:54:39.696Z
10811|REF|B-410089,10811,REF,B-410089,B410089,B-410089,,Bajada UV Bolsa Freeflex (ADY-1200CF),2026-08-03T04:54:39.696Z
10811|ID|10811,10811,ID,10811,10811,B-410089,,Bajada UV Bolsa Freeflex (ADY-1200CF),2026-08-03T04:54:39.696Z
10717|REF|B12V5AH,10717,REF,B12V5AH,B12V5AH,B12V5AH,,BATERIA VISION CP1250 12V/5AH,2026-08-03T04:54:39.696Z
10717|ID|10717,10717,ID,10717,10717,B12V5AH,,BATERIA VISION CP1250 12V/5AH,2026-08-03T04:54:39.696Z
11133|REF|B12V5AH-K,11133,REF,B12V5AH-K,B12V5AHK,B12V5AH-K,,Batería Kaise 12V/5Ah,2026-08-03T04:54:39.696Z
11133|ID|11133,11133,ID,11133,11133,B12V5AH-K,,Batería Kaise 12V/5Ah,2026-08-03T04:54:39.696Z
10707|REF|B12V7AH,10707,REF,B12V7AH,B12V7AH,B12V7AH,,BATERIA VISION 12V/7AH,2026-08-03T04:54:39.696Z
10707|ID|10707,10707,ID,10707,10707,B12V7AH,,BATERIA VISION 12V/7AH,2026-08-03T04:54:39.696Z
11857|REF|B12V7AHK,11857,REF,B12V7AHK,B12V7AHK,B12V7AHK,,BATERIA VISION 12V/7AH,2026-08-03T04:54:39.696Z
11857|ID|11857,11857,ID,11857,11857,B12V7AHK,,BATERIA VISION 12V/7AH,2026-08-03T04:54:39.696Z
10240|REF|B15938.001,10240,REF,B15938.001,B15938001,B15938.001,,SPLITER VGA,2026-08-03T04:54:39.696Z
10240|ID|10240,10240,ID,10240,10240,B15938.001,,SPLITER VGA,2026-08-03T04:54:39.696Z
10830|REF|Berlin,10830,REF,Berlin,BERLIN,Berlin,,Berlin de Manjar,2026-08-03T04:54:39.696Z
10830|ID|10830,10830,ID,10830,10830,Berlin,,Berlin de Manjar,2026-08-03T04:54:39.696Z
11624|REF|BJ1000.000,11624,REF,BJ1000.000,BJ1000000,BJ1000.000,,Microswitch COMPACT Oncorad,2026-08-03T04:54:39.696Z
11624|ID|11624,11624,ID,11624,11624,BJ1000.000,,Microswitch COMPACT Oncorad,2026-08-03T04:54:39.696Z
10919|REF|BJ2930.003,10919,REF,BJ2930.003,BJ2930003,BJ2930.003,,MAGNETRON FILAMENT POWER,2026-08-03T04:54:39.696Z
10919|ID|10919,10919,ID,10919,10919,BJ2930.003,,MAGNETRON FILAMENT POWER,2026-08-03T04:54:39.696Z
11101|REF|BJ2939.002,11101,REF,BJ2939.002,BJ2939002,BJ2939.002,,GUN FILAMENT POWER,2026-08-03T04:54:39.696Z
11101|ID|11101,11101,ID,11101,11101,BJ2939.002,,GUN FILAMENT POWER,2026-08-03T04:54:39.696Z
11130|REF|BJ4726.001,11130,REF,BJ4726.001,BJ4726001,BJ4726.001,,"PULSE TRANSFORMER,1:4.15",2026-08-03T04:54:39.696Z
11130|ID|11130,11130,ID,11130,11130,BJ4726.001,,"PULSE TRANSFORMER,1:4.15",2026-08-03T04:54:39.696Z
12231|REF|BJ4853.021,12231,REF,BJ4853.021,BJ4853021,BJ4853.021,,"Cable ASSY, x12G to sample waveguide1",2026-08-03T04:54:39.696Z
12231|ID|12231,12231,ID,12231,12231,BJ4853.021,,"Cable ASSY, x12G to sample waveguide1",2026-08-03T04:54:39.696Z
12232|REF|BJ4853.022.01,12232,REF,BJ4853.022.01,BJ485302201,BJ4853.022.01,,"Cable ASSY, sample waveguide2 to X12H",2026-08-03T04:54:39.696Z
12232|ID|12232,12232,ID,12232,12232,BJ4853.022.01,,"Cable ASSY, sample waveguide2 to X12H",2026-08-03T04:54:39.696Z
11382|REF|BJ4853.116,11382,REF,BJ4853.116,BJ4853116,BJ4853.116,,"BNC Cable, Cable service Panel-TestSocket",2026-08-03T04:54:39.696Z
11382|ID|11382,11382,ID,11382,11382,BJ4853.116,,"BNC Cable, Cable service Panel-TestSocket",2026-08-03T04:54:39.696Z
11383|REF|BJ4853.117,11383,REF,BJ4853.117,BJ4853117,BJ4853.117,,"BNC Cable, Cable Microwave Phase Unit-TestSocket",2026-08-03T04:54:39.696Z
11383|ID|11383,11383,ID,11383,11383,BJ4853.117,,"BNC Cable, Cable Microwave Phase Unit-TestSocket",2026-08-03T04:54:39.696Z
11408|REF|BJ4853.161,11408,REF,BJ4853.161,BJ4853161,BJ4853.161,,GANTRY SWITCH & CABLE,2026-08-03T04:54:39.696Z
11408|ID|11408,11408,ID,11408,11408,BJ4853.161,,GANTRY SWITCH & CABLE,2026-08-03T04:54:39.696Z
11072|REF|BJ4853.222.02,11072,REF,BJ4853.222.02,BJ485322202,BJ4853.222.02,,"CABLE ASSY,SK25E TO X38H",2026-08-03T04:54:39.696Z
11072|ID|11072,11072,ID,11072,11072,BJ4853.222.02,,"CABLE ASSY,SK25E TO X38H",2026-08-03T04:54:39.696Z
11073|REF|BJ4853.223.02,11073,REF,BJ4853.223.02,BJ485322302,BJ4853.223.02,,"CABLE ASSY,SK25F TO X38K",2026-08-03T04:54:39.696Z
11073|ID|11073,11073,ID,11073,11073,BJ4853.223.02,,"CABLE ASSY,SK25F TO X38K",2026-08-03T04:54:39.696Z
11851|REF|BJ4853.228.01,11851,REF,BJ4853.228.01,BJ485322801,BJ4853.228.01,,CABLE X30B - X43,2026-08-03T04:54:39.696Z
11851|ID|11851,11851,ID,11851,11851,BJ4853.228.01,,CABLE X30B - X43,2026-08-03T04:54:39.696Z
11120|REF|BJ4855.036.00,11120,REF,BJ4855.036.00,BJ485503600,BJ4855.036.00,,CHARGING HIGH VOLTAGE CABLE,2026-08-03T04:54:39.696Z
11120|ID|11120,11120,ID,11120,11120,BJ4855.036.00,,CHARGING HIGH VOLTAGE CABLE,2026-08-03T04:54:39.696Z
11816|REF|BJ4857.010.00,11816,REF,BJ4857.010.00,BJ485701000,BJ4857.010.00,,"CABLE FORM,EPID-ARM",2026-08-03T04:54:39.696Z
11816|ID|11816,11816,ID,11816,11816,BJ4857.010.00,,"CABLE FORM,EPID-ARM",2026-08-03T04:54:39.696Z
11930|REF|BJ5228.001,11930,REF,BJ5228.001,BJ5228001,BJ5228.001,,"DOM,256M,IDE SLOT",2026-08-03T04:54:39.696Z
11930|ID|11930,11930,ID,11930,11930,BJ5228.001,,"DOM,256M,IDE SLOT",2026-08-03T04:54:39.696Z
11931|REF|BJ5228.007.01,11931,REF,BJ5228.007.01,BJ522800701,BJ5228.007.01,,MAIN DOM,2026-08-03T04:54:39.696Z
11931|ID|11931,11931,ID,11931,11931,BJ5228.007.01,,MAIN DOM,2026-08-03T04:54:39.696Z
11418|REF|BJ5442.001,11418,REF,BJ5442.001,BJ5442001,BJ5442.001,,PCBS,2026-08-03T04:54:39.696Z
11418|ID|11418,11418,ID,11418,11418,BJ5442.001,,PCBS,2026-08-03T04:54:39.696Z
11431|REF|BJ5948.074,11431,REF,BJ5948.074,BJ5948074,BJ5948.074,,"PCB ASSY, POLARIZING POWEWR FOR ION CHAMBER",2026-08-03T04:54:39.696Z
11431|ID|11431,11431,ID,11431,11431,BJ5948.074,,"PCB ASSY, POLARIZING POWEWR FOR ION CHAMBER",2026-08-03T04:54:39.696Z
11380|REF|BJ5948.090,11380,REF,BJ5948.090,BJ5948090,BJ5948.090,,MCC Extender Board,2026-08-03T04:54:39.696Z
11380|ID|11380,11380,ID,11380,11380,BJ5948.090,,MCC Extender Board,2026-08-03T04:54:39.696Z
11381|REF|BJ5948.091,11381,REF,BJ5948.091,BJ5948091,BJ5948.091,,TRC Extender Board,2026-08-03T04:54:39.696Z
11381|ID|11381,11381,ID,11381,11381,BJ5948.091,,TRC Extender Board,2026-08-03T04:54:39.696Z
11422|REF|BJ5948.106,11422,REF,BJ5948.106,BJ5948106,BJ5948.106,,PLC INTERFAZ,2026-08-03T04:54:39.696Z
11422|ID|11422,11422,ID,11422,11422,BJ5948.106,,PLC INTERFAZ,2026-08-03T04:54:39.696Z
11450|REF|BJ5948.107,11450,REF,BJ5948.107,BJ5948107,BJ5948.107,,"PCB ASSY, IGBT Drive Board",2026-08-03T04:54:39.696Z
11450|ID|11450,11450,ID,11450,11450,BJ5948.107,,"PCB ASSY, IGBT Drive Board",2026-08-03T04:54:39.696Z
11426|REF|BJ5948.114,11426,REF,BJ5948.114,BJ5948114,BJ5948.114,,PCB,2026-08-03T04:54:39.696Z
11426|ID|11426,11426,ID,11426,11426,BJ5948.114,,PCB,2026-08-03T04:54:39.696Z
10237|REF|BJ5948.121,10237,REF,BJ5948.121,BJ5948121,BJ5948.121,,PCB ASSY MLC HEAD INTERFACE 1,2026-08-03T04:54:39.696Z
10237|ID|10237,10237,ID,10237,10237,BJ5948.121,,PCB ASSY MLC HEAD INTERFACE 1,2026-08-03T04:54:39.696Z
11841|REF|BJ5948.127,11841,REF,BJ5948.127,BJ5948127,BJ5948.127,,Field lamp dimmer assembly,2026-08-03T04:54:39.696Z
11841|ID|11841,11841,ID,11841,11841,BJ5948.127,,Field lamp dimmer assembly,2026-08-03T04:54:39.696Z
11131|REF|BJ5948.148,11131,REF,BJ5948.148,BJ5948148,BJ5948.148,,HIGH VOLTAGE RESISTOR ASSY,2026-08-03T04:54:39.696Z
11131|ID|11131,11131,ID,11131,11131,BJ5948.148,,HIGH VOLTAGE RESISTOR ASSY,2026-08-03T04:54:39.696Z
11470|REF|BJ5948.181,11470,REF,BJ5948.181,BJ5948181,BJ5948.181,,PCB DCMD-3,2026-08-03T04:54:39.696Z
11470|ID|11470,11470,ID,11470,11470,BJ5948.181,,PCB DCMD-3,2026-08-03T04:54:39.696Z
11469|REF|BJ5948.183,11469,REF,BJ5948.183,BJ5948183,BJ5948.183,,PCB PWM-3,2026-08-03T04:54:39.696Z
11469|ID|11469,11469,ID,11469,11469,BJ5948.183,,PCB PWM-3,2026-08-03T04:54:39.696Z
11620|REF|BJ5948.199,11620,REF,BJ5948.199,BJ5948199,BJ5948.199,,"PCB ASSY, PRF",2026-08-03T04:54:39.696Z
11620|ID|11620,11620,ID,11620,11620,BJ5948.199,,"PCB ASSY, PRF",2026-08-03T04:54:39.696Z
11617|REF|BJ5948.200,11617,REF,BJ5948.200,BJ5948200,BJ5948.200,,"PCB ASSY, DIGITAL I/O",2026-08-03T04:54:39.696Z
11617|ID|11617,11617,ID,11617,11617,BJ5948.200,,"PCB ASSY, DIGITAL I/O",2026-08-03T04:54:39.696Z
11619|REF|BJ5948.201,11619,REF,BJ5948.201,BJ5948201,BJ5948.201,,"PCB ASSY, LOGIC PROCESSING",2026-08-03T04:54:39.696Z
11619|ID|11619,11619,ID,11619,11619,BJ5948.201,,"PCB ASSY, LOGIC PROCESSING",2026-08-03T04:54:39.696Z
11618|REF|BJ5948.218,11618,REF,BJ5948.218,BJ5948218,BJ5948.218,,CPU BOARD ADVANTECH PCA-6782 ISA HALF-SIZE,2026-08-03T04:54:39.696Z
11618|ID|11618,11618,ID,11618,11618,BJ5948.218,,CPU BOARD ADVANTECH PCA-6782 ISA HALF-SIZE,2026-08-03T04:54:39.696Z
12233|REF|BJ5988.002,12233,REF,BJ5988.002,BJ5988002,BJ5988.002,,Microwave phase assembly,2026-08-03T04:54:39.696Z
12233|ID|12233,12233,ID,12233,12233,BJ5988.002,,Microwave phase assembly,2026-08-03T04:54:39.696Z
11622|REF|BJ5989.051.02,11622,REF,BJ5989.051.02,BJ598905102,BJ5989.051.02,,95MM FLEXIBLE RF,2026-08-03T04:54:39.696Z
11622|ID|11622,11622,ID,11622,11622,BJ5989.051.02,,95MM FLEXIBLE RF,2026-08-03T04:54:39.696Z
11310|REF|BJ6219.001.02,11310,REF,BJ6219.001.02,BJ621900102,BJ6219.001.02,,iViewC™ Arm brake cable-A,2026-08-03T04:54:39.696Z
11310|ID|11310,11310,ID,11310,11310,BJ6219.001.02,,iViewC™ Arm brake cable-A,2026-08-03T04:54:39.696Z
11311|REF|BJ6219.002.02,11311,REF,BJ6219.002.02,BJ621900202,BJ6219.002.02,,iViewC™ Arm brake cable-B,2026-08-03T04:54:39.696Z
11311|ID|11311,11311,ID,11311,11311,BJ6219.002.02,,iViewC™ Arm brake cable-B,2026-08-03T04:54:39.696Z
11312|REF|BJ6219.003.02,11312,REF,BJ6219.003.02,BJ621900302,BJ6219.003.02,,iViewC™ Detector brake cable-A,2026-08-03T04:54:39.696Z
11312|ID|11312,11312,ID,11312,11312,BJ6219.003.02,,iViewC™ Detector brake cable-A,2026-08-03T04:54:39.696Z
11313|REF|BJ6219.004.02,11313,REF,BJ6219.004.02,BJ621900402,BJ6219.004.02,,iViewC™ Detector brake cable-B,2026-08-03T04:54:39.696Z
11313|ID|11313,11313,ID,11313,11313,BJ6219.004.02,,iViewC™ Detector brake cable-B,2026-08-03T04:54:39.696Z
11387|REF|BJ6454.003,11387,REF,BJ6454.003,BJ6454003,BJ6454.003,,"""Tube Union, Right Angle, Copper,  Zincification, TTHD JSM ∅12 3/4-16 UNF-2B""",2026-08-03T04:54:39.696Z
11387|ID|11387,11387,ID,11387,11387,BJ6454.003,,"""Tube Union, Right Angle, Copper,  Zincification, TTHD JSM ∅12 3/4-16 UNF-2B""",2026-08-03T04:54:39.696Z
11386|REF|BJ6454.004,11386,REF,BJ6454.004,BJ6454004,BJ6454.004,,Pipe tie-in Assembly 1/4 inch,2026-08-03T04:54:39.696Z
11386|ID|11386,11386,ID,11386,11386,BJ6454.004,,Pipe tie-in Assembly 1/4 inch,2026-08-03T04:54:39.696Z
11389|REF|BJ6454.005,11389,REF,BJ6454.005,BJ6454005,BJ6454.005,,Right Angle tie-in assembly M16X1,2026-08-03T04:54:39.696Z
11389|ID|11389,11389,ID,11389,11389,BJ6454.005,,Right Angle tie-in assembly M16X1,2026-08-03T04:54:39.696Z
11385|REF|BJ6454.006,11385,REF,BJ6454.006,BJ6454006,BJ6454.006,,"Pipe tie-in Assembly M 3/8""",2026-08-03T04:54:39.696Z
11385|ID|11385,11385,ID,11385,11385,BJ6454.006,,"Pipe tie-in Assembly M 3/8""",2026-08-03T04:54:39.696Z
11384|REF|BJ6454.008,11384,REF,BJ6454.008,BJ6454008,BJ6454.008,,Pipe tie-in Assembly M 16x1,2026-08-03T04:54:39.696Z
11384|ID|11384,11384,ID,11384,11384,BJ6454.008,,Pipe tie-in Assembly M 16x1,2026-08-03T04:54:39.696Z
11616|REF|BJ6480.006,11616,REF,BJ6480.006,BJ6480006,BJ6480.006,,Upgrade IMRT ONCORAD,2026-08-03T04:54:39.696Z
11616|ID|11616,11616,ID,11616,11616,BJ6480.006,,Upgrade IMRT ONCORAD,2026-08-03T04:54:39.696Z
11451|REF|BJ8000.182_03,11451,REF,BJ8000.182_03,BJ800018203,BJ8000.182_03,,SCREW SPECIALITIES,2026-08-03T04:54:39.696Z
11451|ID|11451,11451,ID,11451,11451,BJ8000.182_03,,SCREW SPECIALITIES,2026-08-03T04:54:39.696Z
11432|REF|BJ8233.005,11432,REF,BJ8233.005,BJ8233005,BJ8233.005,,WASHERS,2026-08-03T04:54:39.696Z
11432|ID|11432,11432,ID,11432,11432,BJ8233.005,,WASHERS,2026-08-03T04:54:39.696Z
11388|REF|BJ8236.004,11388,REF,BJ8236.004,BJ8236004,BJ8236.004,,LOCKNUT M10X1,2026-08-03T04:54:39.696Z
11388|ID|11388,11388,ID,11388,11388,BJ8236.004,,LOCKNUT M10X1,2026-08-03T04:54:39.696Z
12228|REF|BJ9100.005,12228,REF,BJ9100.005,BJ9100005,BJ9100.005,,Accelerating waveguide assembly-TB-6U spare part kit,2026-08-03T04:54:39.696Z
12228|ID|12228,12228,ID,12228,12228,BJ9100.005,,Accelerating waveguide assembly-TB-6U spare part kit,2026-08-03T04:54:39.696Z
11173|REF|BJ9100.009,11173,REF,BJ9100.009,BJ9100009,BJ9100.009,,Ionization Chamber spare kit,2026-08-03T04:54:39.696Z
11173|ID|11173,11173,ID,11173,11173,BJ9100.009,,Ionization Chamber spare kit,2026-08-03T04:54:39.696Z
11904|REF|BJ9100.060,11904,REF,BJ9100.060,BJ9100060,BJ9100.060,,"FRU,FIELD LAMP DIMMER",2026-08-03T04:54:39.696Z
11904|ID|11904,11904,ID,11904,11904,BJ9100.060,,"FRU,FIELD LAMP DIMMER",2026-08-03T04:54:39.696Z
10235|REF|BJ9200.046.00,10235,REF,BJ9200.046.00,BJ920004600,BJ9200.046.00,,MOD KIT FOR SF6 FILLING ASSEMBLY,2026-08-03T04:54:39.696Z
10235|ID|10235,10235,ID,10235,10235,BJ9200.046.00,,MOD KIT FOR SF6 FILLING ASSEMBLY,2026-08-03T04:54:39.696Z
10481|REF|BJ9200.078.01,10481,REF,BJ9200.078.01,BJ920007801,BJ9200.078.01,,IVIEWC MOD KIT,2026-08-03T04:54:39.696Z
10481|ID|10481,10481,ID,10481,10481,BJ9200.078.01,,IVIEWC MOD KIT,2026-08-03T04:54:39.696Z
9|REF|BL01,9,REF,BL01,BL01,BL01,,KIT Blacbox para MOSAIQ 2xUSB + HDMI 4K,2026-08-03T04:54:39.696Z
9|ID|9,9,ID,9,9,BL01,,KIT Blacbox para MOSAIQ 2xUSB + HDMI 4K,2026-08-03T04:54:39.696Z
11318|REF|c.m_893001012___S_N_0040,11318,REF,c.m_893001012___S_N_0040,CM893001012SN0040,c.m_893001012___S_N_0040,,Telecomando  Azul,2026-08-03T04:54:39.696Z
11318|ID|11318,11318,ID,11318,11318,c.m_893001012___S_N_0040,,Telecomando  Azul,2026-08-03T04:54:39.696Z
11334|REF|c.m_893001028_S_N_0040,11334,REF,c.m_893001028_S_N_0040,CM893001028SN0040,c.m_893001028_S_N_0040,,Cable conector,2026-08-03T04:54:39.696Z
11334|ID|11334,11334,ID,11334,11334,c.m_893001028_S_N_0040,,Cable conector,2026-08-03T04:54:39.696Z
11927|REF|C#89508-551,11927,REF,C#89508-551,C89508551,C#89508-551,,MONACO Upgrade KIT for MONACO 5.51,2026-08-03T04:54:39.696Z
11927|ID|11927,11927,ID,11927,11927,C#89508-551,,MONACO Upgrade KIT for MONACO 5.51,2026-08-03T04:54:39.696Z
12272|REF|C#89508-62,12272,REF,C#89508-62,C8950862,C#89508-62,,SRP - MONACO SOFTWARE 6.2.2,2026-08-03T04:54:39.696Z
12272|ID|12272,12272,ID,12272,12272,C#89508-62,,SRP - MONACO SOFTWARE 6.2.2,2026-08-03T04:54:39.696Z
12273|REF|C#91732,12273,REF,C#91732,C91732,C#91732,,WINDOWS 10 IOT,2026-08-03T04:54:39.696Z
12273|ID|12273,12273,ID,12273,12273,C#91732,,WINDOWS 10 IOT,2026-08-03T04:54:39.696Z
11523|REF|C01,11523,REF,C01,C01,C01,,Enfriador de Agua - Chiller para Acelerador Elekta,2026-08-03T04:54:39.696Z
11523|ID|11523,11523,ID,11523,11523,C01,,Enfriador de Agua - Chiller para Acelerador Elekta,2026-08-03T04:54:39.696Z
10967|REF|C4237,10967,REF,C4237,C4237,C4237,,Transistores de potencia para PCB Magnetron y Gun filament,2026-08-03T04:54:39.696Z
10967|ID|10967,10967,ID,10967,10967,C4237,,Transistores de potencia para PCB Magnetron y Gun filament,2026-08-03T04:54:39.696Z
11307|REF|C7976A,11307,REF,C7976A,C7976A,C7976A,,HPE - LTO-6 Ultrium 6.25TB MP RW Data Tape,2026-08-03T04:54:39.696Z
11307|ID|11307,11307,ID,11307,11307,C7976A,,HPE - LTO-6 Ultrium 6.25TB MP RW Data Tape,2026-08-03T04:54:39.696Z
12251|REF|Celular,12251,REF,Celular,CELULAR,Celular,,Celular_Usado,2026-08-03T04:54:39.696Z
12251|ID|12251,12251,ID,12251,12251,Celular,,Celular_Usado,2026-08-03T04:54:39.696Z
12256|REF|Celular_Usado_2,12256,REF,Celular_Usado_2,CELULARUSADO2,Celular_Usado_2,,Celular_Usado,2026-08-03T04:54:39.696Z
12256|ID|12256,12256,ID,12256,12256,Celular_Usado_2,,Celular_Usado,2026-08-03T04:54:39.696Z
12179|REF|CLF12mm-Festo,12179,REF,CLF12mm-Festo,CLF12MMFESTO,CLF12mm-Festo,,Coplas Linac (Festo 12mm),2026-08-03T04:54:39.696Z
12179|ID|12179,12179,ID,12179,12179,CLF12mm-Festo,,Coplas Linac (Festo 12mm),2026-08-03T04:54:39.696Z
12246|REF|Copia_de_1515997,12246,REF,Copia_de_1515997,COPIADE1515997,Copia_de_1515997,,"THYRATRON,GL1551A",2026-08-03T04:54:39.696Z
12246|ID|12246,12246,ID,12246,12246,Copia_de_1515997,,"THYRATRON,GL1551A",2026-08-03T04:54:39.696Z
12156|REF|Copia_de_45133318475,12156,REF,Copia_de_45133318475,COPIADE45133318475,Copia_de_45133318475,,CABLE 12 (PL810B– SKT811B),2026-08-03T04:54:39.696Z
12156|ID|12156,12156,ID,12156,12156,Copia_de_45133318475,,CABLE 12 (PL810B– SKT811B),2026-08-03T04:54:39.696Z
11725|REF|Cortante01,11725,REF,Cortante01,CORTANTE01,Cortante01,,NEXXT SOLUTIONS - SIDE CUTTER PLIER 5INCH,2026-08-03T04:54:39.696Z
11725|ID|11725,11725,ID,11725,11725,Cortante01,,NEXXT SOLUTIONS - SIDE CUTTER PLIER 5INCH,2026-08-03T04:54:39.696Z
10815|REF|D-410102,10815,REF,D-410102,D410102,D-410102,,Rollo etiqueta 54mmX70mt APOTECA PS,2026-08-03T04:54:39.696Z
10815|ID|10815,10815,ID,10815,10815,D-410102,,Rollo etiqueta 54mmX70mt APOTECA PS,2026-08-03T04:54:39.696Z
11067|REF|D21142668,11067,REF,D21142668,D21142668,D21142668,,MCP SP1 CS8/C MO2/UL/RO,2026-08-03T04:54:39.696Z
11067|ID|11067,11067,ID,11067,11067,D21142668,,MCP SP1 CS8/C MO2/UL/RO,2026-08-03T04:54:39.696Z
10861|REF|DE176956,10861,REF,DE176956,DE176956,DE176956,,Calibration Services Ionization Chamber and Electrometers,2026-08-03T04:54:39.696Z
10861|ID|10861,10861,ID,10861,10861,DE176956,,Calibration Services Ionization Chamber and Electrometers,2026-08-03T04:54:39.696Z
10787|REF|DirectAccess1,10787,REF,DirectAccess1,DIRECTACCESS1,DirectAccess1,,Servidor Direct Access Citrix,2026-08-03T04:54:39.696Z
10787|ID|10787,10787,ID,10787,10787,DirectAccess1,,Servidor Direct Access Citrix,2026-08-03T04:54:39.696Z
12046|REF|DJW12-5.0,12046,REF,DJW12-5.0,DJW1250,DJW12-5.0,,BATERIA LEOCH 12V/5AH,2026-08-03T04:54:39.696Z
12046|ID|12046,12046,ID,12046,12046,DJW12-5.0,,BATERIA LEOCH 12V/5AH,2026-08-03T04:54:39.696Z
11114|REF|DL49-000,11114,REF,DL49-000,DL49000,DL49-000,,Precalibration functionality test,2026-08-03T04:54:39.696Z
11114|ID|11114,11114,ID,11114,11114,DL49-000,,Precalibration functionality test,2026-08-03T04:54:39.696Z
11115|REF|DL50-000,11115,REF,DL50-000,DL50000,DL50-000,,Precalibration functionality test,2026-08-03T04:54:39.696Z
11115|ID|11115,11115,ID,11115,11115,DL50-000,,Precalibration functionality test,2026-08-03T04:54:39.696Z
11116|REF|DS02-000,11116,REF,DS02-000,DS02000,DS02-000,,Ion chamber 0.13 ccm,2026-08-03T04:54:39.696Z
11116|ID|11116,11116,ID,11116,11116,DS02-000,,Ion chamber 0.13 ccm,2026-08-03T04:54:39.696Z
11104|REF|DVD01,11104,REF,DVD01,DVD01,DVD01,7804612571018,Eric Clapton en Vivo - DVD,2026-08-03T04:54:39.696Z
11104|BARCODE|7804612571018,11104,BARCODE,7804612571018,7804612571018,DVD01,7804612571018,Eric Clapton en Vivo - DVD,2026-08-03T04:54:39.696Z
11104|ID|11104,11104,ID,11104,11104,DVD01,7804612571018,Eric Clapton en Vivo - DVD,2026-08-03T04:54:39.696Z
11558|REF|E01,11558,REF,E01,E01,E01,,Estabilizador tipo Servo Trifásico Potencia : 45kVA,2026-08-03T04:54:39.696Z
11558|ID|11558,11558,ID,11558,11558,E01,,Estabilizador tipo Servo Trifásico Potencia : 45kVA,2026-08-03T04:54:39.696Z
12085|REF|EP2,12085,REF,EP2,EP2,EP2,,Grasa multiproposito EP2,2026-08-03T04:54:39.696Z
12085|ID|12085,12085,ID,12085,12085,EP2,,Grasa multiproposito EP2,2026-08-03T04:54:39.696Z
11559|REF|EV01,11559,REF,EV01,EV01,EV01,,Estabilizador tipo Servo Trifásico Potencia : 45kVA,2026-08-03T04:54:39.696Z
11559|ID|11559,11559,ID,11559,11559,EV01,,Estabilizador tipo Servo Trifásico Potencia : 45kVA,2026-08-03T04:54:39.696Z
10889|REF|Exradin_W1,10889,REF,Exradin_W1,EXRADINW1,Exradin_W1,,Exradin W1 Scintillator System,2026-08-03T04:54:39.696Z
10889|ID|10889,10889,ID,10889,10889,Exradin_W1,,Exradin W1 Scintillator System,2026-08-03T04:54:39.696Z
10809|REF|F-410073,10809,REF,F-410073,F410073,F-410073,,Jeringa 50ml,2026-08-03T04:54:39.696Z
10809|ID|10809,10809,ID,10809,10809,F-410073,,Jeringa 50ml,2026-08-03T04:54:39.696Z
11142|REF|F-410144,11142,REF,F-410144,F410144,F-410144,,Dosing Device 50ml,2026-08-03T04:54:39.696Z
11142|ID|11142,11142,ID,11142,11142,F-410144,,Dosing Device 50ml,2026-08-03T04:54:39.696Z
11825|REF|F153053FV,11825,REF,F153053FV,F153053FV,F153053FV,,Festo Racor Rapido Rosc.,2026-08-03T04:54:39.696Z
11825|ID|11825,11825,ID,11825,11825,F153053FV,,Festo Racor Rapido Rosc.,2026-08-03T04:54:39.696Z
11719|REF|Fraxion,11719,REF,Fraxion,FRAXION,Fraxion,,Elekta Fraxion Stereotactic System,2026-08-03T04:54:39.696Z
11719|ID|11719,11719,ID,11719,11719,Fraxion,,Elekta Fraxion Stereotactic System,2026-08-03T04:54:39.696Z
11106|REF|FREIGHT,11106,REF,FREIGHT,FREIGHT,FREIGHT,,FREIGHT,2026-08-03T04:54:39.696Z
11106|ID|11106,11106,ID,11106,11106,FREIGHT,,FREIGHT,2026-08-03T04:54:39.696Z
11974|REF|FRG700KF25,11974,REF,FRG700KF25,FRG700KF25,FRG700KF25,,"FRG-700 FULL RANGE PIRANI/IMG GAUGE,KF25 - Agilent",2026-08-03T04:54:39.696Z
11974|ID|11974,11974,ID,11974,11974,FRG700KF25,,"FRG-700 FULL RANGE PIRANI/IMG GAUGE,KF25 - Agilent",2026-08-03T04:54:39.696Z
10808|REF|G-410072,10808,REF,G-410072,G410072,G-410072,,Jeringa 20ml,2026-08-03T04:54:39.696Z
10808|ID|10808,10808,ID,10808,10808,G-410072,,Jeringa 20ml,2026-08-03T04:54:39.696Z
11141|REF|G-410143,11141,REF,G-410143,G410143,G-410143,,Dosing Device 20ml,2026-08-03T04:54:39.696Z
11141|ID|11141,11141,ID,11141,11141,G-410143,,Dosing Device 20ml,2026-08-03T04:54:39.696Z
10791|REF|G0007563-0003P,10791,REF,G0007563-0003P,G00075630003P,G0007563-0003P,,DORADO 3 Green Post,2026-08-03T04:54:39.696Z
10791|ID|10791,10791,ID,10791,10791,G0007563-0003P,,DORADO 3 Green Post,2026-08-03T04:54:39.696Z
10792|REF|G0007563-0003W,10792,REF,G0007563-0003W,G00075630003W,G0007563-0003W,,DORADO 3 GREEN Wall,2026-08-03T04:54:39.696Z
10792|ID|10792,10792,ID,10792,10792,G0007563-0003W,,DORADO 3 GREEN Wall,2026-08-03T04:54:39.696Z
11675|REF|GM1234-1720,11675,REF,GM1234-1720,GM12341720,GM1234-1720,,Aguja Fiducial,2026-08-03T04:54:39.696Z
11675|ID|11675,11675,ID,11675,11675,GM1234-1720,,Aguja Fiducial,2026-08-03T04:54:39.696Z
10905|REF|GM12341720,10905,REF,GM12341720,GM12341720,GM12341720,,Fiducial Marker (NO USAR) es reemplazado por Part Number GM1234-1720),2026-08-03T04:54:39.696Z
10905|ID|10905,10905,ID,10905,10905,GM12341720,,Fiducial Marker (NO USAR) es reemplazado por Part Number GM1234-1720),2026-08-03T04:54:39.696Z
10807|REF|H-410070,10807,REF,H-410070,H410070,H-410070,,Jeringa 5ml,2026-08-03T04:54:39.696Z
10807|ID|10807,10807,ID,10807,10807,H-410070,,Jeringa 5ml,2026-08-03T04:54:39.696Z
11140|REF|H-410142,11140,REF,H-410142,H410142,H-410142,,Dosing Device 5ml,2026-08-03T04:54:39.696Z
11140|ID|11140,11140,ID,11140,11140,H-410142,,Dosing Device 5ml,2026-08-03T04:54:39.696Z
11910|REF|HTC-1,11910,REF,HTC-1,HTC1,HTC-1,,Medidor De Temperatura Y Humedad,2026-08-03T04:54:39.696Z
11910|ID|11910,11910,ID,11910,11910,HTC-1,,Medidor De Temperatura Y Humedad,2026-08-03T04:54:39.696Z
11511|REF|HTWC102-010,11511,REF,HTWC102-010,HTWC102010,HTWC102-010,,Heater Strap with Controller,2026-08-03T04:54:39.696Z
11511|ID|11511,11511,ID,11511,11511,HTWC102-010,,Heater Strap with Controller,2026-08-03T04:54:39.696Z
11579|REF|Iba,11579,REF,Iba,IBA,Iba,,Sistema de Calculo Independiente,2026-08-03T04:54:39.696Z
11579|ID|11579,11579,ID,11579,11579,Iba,,Sistema de Calculo Independiente,2026-08-03T04:54:39.696Z
10878|REF|Iba-001,10878,REF,Iba-001,IBA001,Iba-001,,MatriXX Evolution for rotational plan verification,2026-08-03T04:54:39.696Z
10878|ID|10878,10878,ID,10878,10878,Iba-001,,MatriXX Evolution for rotational plan verification,2026-08-03T04:54:39.696Z
10879|REF|Iba-002,10879,REF,Iba-002,IBA002,Iba-002,,Dolphin - Most advanced 3D Patient QA System,2026-08-03T04:54:39.696Z
10879|ID|10879,10879,ID,10879,10879,Iba-002,,Dolphin - Most advanced 3D Patient QA System,2026-08-03T04:54:39.696Z
10880|REF|Iba-003,10880,REF,Iba-003,IBA003,Iba-003,,COMPASS Main Software Application,2026-08-03T04:54:39.696Z
10880|ID|10880,10880,ID,10880,10880,Iba-003,,COMPASS Main Software Application,2026-08-03T04:54:39.696Z
10882|REF|Iba-006,10882,REF,Iba-006,IBA006,Iba-006,,myQA Daily - Solution for daily Machine QA,2026-08-03T04:54:39.696Z
10882|ID|10882,10882,ID,10882,10882,Iba-006,,myQA Daily - Solution for daily Machine QA,2026-08-03T04:54:39.696Z
10881|REF|Iba-007,10881,REF,Iba-007,IBA007,Iba-007,,myQA Machine - myQA FastTrack,2026-08-03T04:54:39.696Z
10881|ID|10881,10881,ID,10881,10881,Iba-007,,myQA Machine - myQA FastTrack,2026-08-03T04:54:39.696Z
10883|REF|Iba-008,10883,REF,Iba-008,IBA008,Iba-008,,DOSE 1 Reference Class Therapy Dose Meter,2026-08-03T04:54:39.696Z
10883|ID|10883,10883,ID,10883,10883,Iba-008,,DOSE 1 Reference Class Therapy Dose Meter,2026-08-03T04:54:39.696Z
10884|REF|Iba-009,10884,REF,Iba-009,IBA009,Iba-009,,"FC65-G ""Farmer"" type ion chamber",2026-08-03T04:54:39.696Z
10884|ID|10884,10884,ID,10884,10884,Iba-009,,"FC65-G ""Farmer"" type ion chamber",2026-08-03T04:54:39.696Z
10885|REF|Iba-010,10885,REF,Iba-010,IBA010,Iba-010,,"Triaxial ion chamber/diode cable, 18m",2026-08-03T04:54:39.696Z
10885|ID|10885,10885,ID,10885,10885,Iba-010,,"Triaxial ion chamber/diode cable, 18m",2026-08-03T04:54:39.696Z
10886|REF|Iba-011,10886,REF,Iba-011,IBA011,Iba-011,,RAZOR CHAMBER Ion chamber,2026-08-03T04:54:39.696Z
10886|ID|10886,10886,ID,10886,10886,Iba-011,,RAZOR CHAMBER Ion chamber,2026-08-03T04:54:39.696Z
10887|REF|Iba-012,10887,REF,Iba-012,IBA012,Iba-012,,SMARTSCAN solution for beam commissioning,2026-08-03T04:54:39.696Z
10887|ID|10887,10887,ID,10887,10887,Iba-012,,SMARTSCAN solution for beam commissioning,2026-08-03T04:54:39.696Z
10921|REF|Iba-2120-000,10921,REF,Iba-2120-000,IBA2120000,Iba-2120-000,,Digital Barometer,2026-08-03T04:54:39.696Z
10921|ID|10921,10921,ID,10921,10921,Iba-2120-000,,Digital Barometer,2026-08-03T04:54:39.696Z
10922|REF|Iba-3120-000,10922,REF,Iba-3120-000,IBA3120000,Iba-3120-000,,Laboratory Thermometer,2026-08-03T04:54:39.696Z
10922|ID|10922,10922,ID,10922,10922,Iba-3120-000,,Laboratory Thermometer,2026-08-03T04:54:39.696Z
10923|REF|Iba-DA77-000,10923,REF,Iba-DA77-000,IBADA77000,Iba-DA77-000,,RW3 Adapter,2026-08-03T04:54:39.696Z
10923|ID|10923,10923,ID,10923,10923,Iba-DA77-000,,RW3 Adapter,2026-08-03T04:54:39.696Z
10920|REF|Iba-DE744438,10920,REF,Iba-DE744438,IBADE744438,Iba-DE744438,,Magic Max QA kit for Mammography,2026-08-03T04:54:39.696Z
10920|ID|10920,10920,ID,10920,10920,Iba-DE744438,,Magic Max QA kit for Mammography,2026-08-03T04:54:39.696Z
11066|REF|IOPAG-ADAM-CAL-F1WS2,11066,REF,IOPAG-ADAM-CAL-F1WS2,IOPAGADAMCALF1WS2,IOPAG-ADAM-CAL-F1WS2,,DAM CALIBRATION CERTIFICATE FOR F1,2026-08-03T04:54:39.696Z
11066|ID|11066,11066,ID,11066,11066,IOPAG-ADAM-CAL-F1WS2,,DAM CALIBRATION CERTIFICATE FOR F1,2026-08-03T04:54:39.696Z
11065|REF|IOPAG-F1-1G-2KG,11065,REF,IOPAG-F1-1G-2KG,IOPAGF11G2KG,IOPAG-F1-1G-2KG,,1G-2KG WEIGHT SET,2026-08-03T04:54:39.696Z
11065|ID|11065,11065,ID,11065,11065,IOPAG-F1-1G-2KG,,1G-2KG WEIGHT SET,2026-08-03T04:54:39.696Z
10813|REF|J-410082,10813,REF,J-410082,J410082,J-410082,,Sello plateado 9mm,2026-08-03T04:54:39.696Z
10813|ID|10813,10813,ID,10813,10813,J-410082,,Sello plateado 9mm,2026-08-03T04:54:39.696Z
10801|REF|K-410001,10801,REF,K-410001,K410001,K-410001,,Adaptador de Infusor,2026-08-03T04:54:39.696Z
10801|ID|10801,10801,ID,10801,10801,K-410001,,Adaptador de Infusor,2026-08-03T04:54:39.696Z
11676|REF|KCP426NS8_8,11676,REF,KCP426NS8_8,KCP426NS88,KCP426NS8_8,,Memoria 8GB DDR4 DIMM,2026-08-03T04:54:39.696Z
11676|ID|11676,11676,ID,11676,11676,KCP426NS8_8,,Memoria 8GB DDR4 DIMM,2026-08-03T04:54:39.696Z
11581|REF|KGEKU-WI,11581,REF,KGEKU-WI,KGEKUWI,KGEKU-WI,,Kuma MRI Overlay for GE Signa,2026-08-03T04:54:39.696Z
11581|ID|11581,11581,ID,11581,11581,KGEKU-WI,,Kuma MRI Overlay for GE Signa,2026-08-03T04:54:39.696Z
11584|REF|Kit_de_control_de_calidad,11584,REF,Kit_de_control_de_calidad,KITDECONTROLDECALIDAD,Kit_de_control_de_calidad,,Kit de Control de Calidad y Dosimetría,2026-08-03T04:54:39.696Z
11584|ID|11584,11584,ID,11584,11584,Kit_de_control_de_calidad,,Kit de Control de Calidad y Dosimetría,2026-08-03T04:54:39.696Z
11585|REF|Kit_de_Inmovilizacion_Qfix,11585,REF,Kit_de_Inmovilizacion_Qfix,KITDEINMOVILIZACIONQFIX,Kit_de_Inmovilizacion_Qfix,,Kit de Inmovilización Qfix,2026-08-03T04:54:39.696Z
11585|ID|11585,11585,ID,11585,11585,Kit_de_Inmovilizacion_Qfix,,Kit de Inmovilización Qfix,2026-08-03T04:54:39.696Z
10805|REF|L-410084,10805,REF,L-410084,L410084,L-410084,,Rollo etiqueta Final 54x101 mm,2026-08-03T04:54:39.696Z
10805|ID|10805,10805,ID,10805,10805,L-410084,,Rollo etiqueta Final 54x101 mm,2026-08-03T04:54:39.696Z
1|REF|L01,1,REF,L01,L01,L01,,Calibration hand pump,2026-08-03T04:54:39.696Z
1|ID|1,1,ID,1,1,L01,,Calibration hand pump,2026-08-03T04:54:39.696Z
11634|REF|LAP-0012205-0011,11634,REF,LAP-0012205-0011,LAP00122050011,LAP-0012205-0011,,APOLLO RED Treatment System,2026-08-03T04:54:39.696Z
11634|ID|11634,11634,ID,11634,11634,LAP-0012205-0011,,APOLLO RED Treatment System,2026-08-03T04:54:39.696Z
11098|REF|LAP-0012206-0005,11098,REF,LAP-0012206-0005,LAP00122060005,LAP-0012206-0005,,DORADOnova 3 GREEN Wall,2026-08-03T04:54:39.696Z
11098|ID|11098,11098,ID,11098,11098,LAP-0012206-0005,,DORADOnova 3 GREEN Wall,2026-08-03T04:54:39.696Z
11635|REF|LAP-0014621-0001,11635,REF,LAP-0014621-0001,LAP00146210001,LAP-0014621-0001,,APOLLO Red Cross-Hair Laser,2026-08-03T04:54:39.696Z
11635|ID|11635,11635,ID,11635,11635,LAP-0014621-0001,,APOLLO Red Cross-Hair Laser,2026-08-03T04:54:39.696Z
11636|REF|LAP-0014621-0002,11636,REF,LAP-0014621-0002,LAP00146210002,LAP-0014621-0002,,APOLLO Red Line Laser,2026-08-03T04:54:39.696Z
11636|ID|11636,11636,ID,11636,11636,LAP-0014621-0002,,APOLLO Red Line Laser,2026-08-03T04:54:39.696Z
11730|REF|LC01,11730,REF,LC01,LC01,LC01,,Limpia Contacto,2026-08-03T04:54:39.696Z
11730|ID|11730,11730,ID,11730,11730,LC01,,Limpia Contacto,2026-08-03T04:54:39.696Z
10720|REF|LF01,10720,REF,LF01,LF01,LF01,,Artículos de Fijación Angular,2026-08-03T04:54:39.696Z
10720|ID|10720,10720,ID,10720,10720,LF01,,Artículos de Fijación Angular,2026-08-03T04:54:39.696Z
12127|REF|LGS01,12127,REF,LGS01,LGS01,LGS01,,Soporte o Servicio Remoto Gamex (sin Contrato),2026-08-03T04:54:39.696Z
12127|ID|12127,12127,ID,12127,12127,LGS01,,Soporte o Servicio Remoto Gamex (sin Contrato),2026-08-03T04:54:39.696Z
10841|REF|LI-3,10841,REF,LI-3,LI3,LI-3,,Servicio de Instalación de 3 Láseres Móviles LAP,2026-08-03T04:54:39.696Z
10841|ID|10841,10841,ID,10841,10841,LI-3,,Servicio de Instalación de 3 Láseres Móviles LAP,2026-08-03T04:54:39.696Z
10842|REF|LI-5,10842,REF,LI-5,LI5,LI-5,,Servicio de Instalación de 5 Láseres Móviles LAP,2026-08-03T04:54:39.696Z
10842|ID|10842,10842,ID,10842,10842,LI-5,,Servicio de Instalación de 5 Láseres Móviles LAP,2026-08-03T04:54:39.696Z
10859|REF|LI-R,10859,REF,LI-R,LIR,LI-R,,Treatment Room Laser Installation,2026-08-03T04:54:39.696Z
10859|ID|10859,10859,ID,10859,10859,LI-R,,Treatment Room Laser Installation,2026-08-03T04:54:39.696Z
10719|REF|LI01,10719,REF,LI01,LI01,LI01,,Instalación de Láseres Estándar,2026-08-03T04:54:39.696Z
10719|ID|10719,10719,ID,10719,10719,LI01,,Instalación de Láseres Estándar,2026-08-03T04:54:39.696Z
10858|REF|LIC,10858,REF,LIC,LIC,LIC,,CARINA Installation - Duration Two Day,2026-08-03T04:54:39.696Z
10858|ID|10858,10858,ID,10858,10858,LIC,,CARINA Installation - Duration Two Day,2026-08-03T04:54:39.696Z
10857|REF|LIM,10857,REF,LIM,LIM,LIM,,DORADO/DORADOnova System Move - Duration Three Days- One Trip,2026-08-03T04:54:39.696Z
10857|ID|10857,10857,ID,10857,10857,LIM,,DORADO/DORADOnova System Move - Duration Three Days- One Trip,2026-08-03T04:54:39.696Z
10927|REF|LINAC01,10927,REF,LINAC01,LINAC01,LINAC01,,Versa HD,2026-08-03T04:54:39.696Z
10927|ID|10927,10927,ID,10927,10927,LINAC01,,Versa HD,2026-08-03T04:54:39.696Z
11502|REF|LOC001,11502,REF,LOC001,LOC001,LOC001,,Servicio Técnico Remoto Loccioni,2026-08-03T04:54:39.696Z
11502|ID|11502,11502,ID,11502,11502,LOC001,,Servicio Técnico Remoto Loccioni,2026-08-03T04:54:39.696Z
11503|REF|LOC002,11503,REF,LOC002,LOC002,LOC002,,Servicio Técnico Remoto Loccioni Extra,2026-08-03T04:54:39.696Z
11503|ID|11503,11503,ID,11503,11503,LOC002,,Servicio Técnico Remoto Loccioni Extra,2026-08-03T04:54:39.696Z
11504|REF|LOC003,11504,REF,LOC003,LOC003,LOC003,,Servicio Técnico Correctivo Presencial Loccioni Apoteca Chemo,2026-08-03T04:54:39.696Z
11504|ID|11504,11504,ID,11504,11504,LOC003,,Servicio Técnico Correctivo Presencial Loccioni Apoteca Chemo,2026-08-03T04:54:39.696Z
11505|REF|LOC004,11505,REF,LOC004,LOC004,LOC004,,Servicio Técnico Correctivo Presencial Loccioni Apoteca PS,2026-08-03T04:54:39.696Z
11505|ID|11505,11505,ID,11505,11505,LOC004,,Servicio Técnico Correctivo Presencial Loccioni Apoteca PS,2026-08-03T04:54:39.696Z
11506|REF|LOC005,11506,REF,LOC005,LOC005,LOC005,,Entrenamiento Apoteca Platform,2026-08-03T04:54:39.696Z
11506|ID|11506,11506,ID,11506,11506,LOC005,,Entrenamiento Apoteca Platform,2026-08-03T04:54:39.696Z
11507|REF|LOC006,11507,REF,LOC006,LOC006,LOC006,,Soporte en Sitio por Actualización de Apoteca,2026-08-03T04:54:39.696Z
11507|ID|11507,11507,ID,11507,11507,LOC006,,Soporte en Sitio por Actualización de Apoteca,2026-08-03T04:54:39.696Z
11508|REF|LOC007,11508,REF,LOC007,LOC007,LOC007,,Mantenimiento Apoteca Chemo,2026-08-03T04:54:39.696Z
11508|ID|11508,11508,ID,11508,11508,LOC007,,Mantenimiento Apoteca Chemo,2026-08-03T04:54:39.696Z
11509|REF|LOC008,11509,REF,LOC008,LOC008,LOC008,,Mantenimiento Apoteca PS,2026-08-03T04:54:39.696Z
11509|ID|11509,11509,ID,11509,11509,LOC008,,Mantenimiento Apoteca PS,2026-08-03T04:54:39.696Z
15|REF|LS01,15,REF,LS01,LS01,LS01,,Soporte o Servicio Remoto LAP (sin Contrato),2026-08-03T04:54:39.696Z
15|ID|15,15,ID,15,15,LS01,,Soporte o Servicio Remoto LAP (sin Contrato),2026-08-03T04:54:39.696Z
16|REF|LS02,16,REF,LS02,LS02,LS02,,Servicio Mantenimiento Correctivo LAP (sin Contrato),2026-08-03T04:54:39.696Z
16|ID|16,16,ID,16,16,LS02,,Servicio Mantenimiento Correctivo LAP (sin Contrato),2026-08-03T04:54:39.696Z
17|REF|LS03,17,REF,LS03,LS03,LS03,,Servicio de Mantenimiento Preventivo Anual LAP  (sin Contrato),2026-08-03T04:54:39.696Z
17|ID|17,17,ID,17,17,LS03,,Servicio de Mantenimiento Preventivo Anual LAP  (sin Contrato),2026-08-03T04:54:39.696Z
10711|REF|LS04,10711,REF,LS04,LS04,LS04,,Repuestos Sistemas Láser DORADO - LAP,2026-08-03T04:54:39.696Z
10711|ID|10711,10711,ID,10711,10711,LS04,,Repuestos Sistemas Láser DORADO - LAP,2026-08-03T04:54:39.696Z
10713|REF|LS05,10713,REF,LS05,LS05,LS05,,Soporte o Servicio Remoto LAP (con Contrato),2026-08-03T04:54:39.696Z
10713|ID|10713,10713,ID,10713,10713,LS05,,Soporte o Servicio Remoto LAP (con Contrato),2026-08-03T04:54:39.696Z
10714|REF|LS06,10714,REF,LS06,LS06,LS06,,Servicio Mantenimiento Correctivo LAP (con Contrato),2026-08-03T04:54:39.696Z
10714|ID|10714,10714,ID,10714,10714,LS06,,Servicio Mantenimiento Correctivo LAP (con Contrato),2026-08-03T04:54:39.696Z
10715|REF|LS07,10715,REF,LS07,LS07,LS07,,Servicio de Mantenimiento Preventivo Anual LAP  (con Contrato),2026-08-03T04:54:39.696Z
10715|ID|10715,10715,ID,10715,10715,LS07,,Servicio de Mantenimiento Preventivo Anual LAP  (con Contrato),2026-08-03T04:54:39.696Z
10856|REF|LSASTOR01,10856,REF,LSASTOR01,LSASTOR01,LSASTOR01,,0014622-0002y1Instalacion,2026-08-03T04:54:39.696Z
10856|ID|10856,10856,ID,10856,10856,LSASTOR01,,0014622-0002y1Instalacion,2026-08-03T04:54:39.696Z
10785|REF|LSD01,10785,REF,LSD01,LSD01,LSD01,,Servicio de Mantenimiento Preventivo Anual LAP  Dorado (con Contrato),2026-08-03T04:54:39.696Z
10785|ID|10785,10785,ID,10785,10785,LSD01,,Servicio de Mantenimiento Preventivo Anual LAP  Dorado (con Contrato),2026-08-03T04:54:39.696Z
11103|REF|LSU001,11103,REF,LSU001,LSU001,LSU001,,Desinstalación Láseres LAP,2026-08-03T04:54:39.696Z
11103|ID|11103,11103,ID,11103,11103,LSU001,,Desinstalación Láseres LAP,2026-08-03T04:54:39.696Z
10814|REF|M-410100,10814,REF,M-410100,M410100,M-410100,,Paño de Trabajo,2026-08-03T04:54:39.696Z
10814|ID|10814,10814,ID,10814,10814,M-410100,,Paño de Trabajo,2026-08-03T04:54:39.696Z
14|REF|M01,14,REF,M01,M01,M01,,Servicio Instalación KIT MOSAIQ In ROOM,2026-08-03T04:54:39.696Z
14|ID|14,14,ID,14,14,M01,,Servicio Instalación KIT MOSAIQ In ROOM,2026-08-03T04:54:39.696Z
11110|REF|MC-HDR-Co,11110,REF,MC-HDR-Co,MCHDRCO,MC-HDR-Co,,Servicio de Mantenimiento Correctivo Braquiterapia HDR de Cobalto,2026-08-03T04:54:39.696Z
11110|ID|11110,11110,ID,11110,11110,MC-HDR-Co,,Servicio de Mantenimiento Correctivo Braquiterapia HDR de Cobalto,2026-08-03T04:54:39.696Z
11111|REF|MC-TPS-Co,11111,REF,MC-TPS-Co,MCTPSCO,MC-TPS-Co,,Servicio de Mantenimiento Aplicaciones de Software Elekta,2026-08-03T04:54:39.696Z
11111|ID|11111,11111,ID,11111,11111,MC-TPS-Co,,Servicio de Mantenimiento Aplicaciones de Software Elekta,2026-08-03T04:54:39.696Z
10786|REF|Monaco1,10786,REF,Monaco1,MONACO1,Monaco1,,Servidor MONACO,2026-08-03T04:54:39.696Z
10786|ID|10786,10786,ID,10786,10786,Monaco1,,Servidor MONACO,2026-08-03T04:54:39.696Z
11109|REF|MP-HDR-Co,11109,REF,MP-HDR-Co,MPHDRCO,MP-HDR-Co,,Servicio de Mantenimiento Preventivo Braquiterapia HDR de Cobalto,2026-08-03T04:54:39.696Z
11109|ID|11109,11109,ID,11109,11109,MP-HDR-Co,,Servicio de Mantenimiento Preventivo Braquiterapia HDR de Cobalto,2026-08-03T04:54:39.696Z
11821|REF|MRT12851,11821,REF,MRT12851,MRT12851,MRT12851,,Water Phanton for XVI,2026-08-03T04:54:39.696Z
11821|ID|11821,11821,ID,11821,11821,MRT12851,,Water Phanton for XVI,2026-08-03T04:54:39.696Z
12083|REF|NAED_54332_-_EFM,12083,REF,NAED_54332_-_EFM,NAED54332EFM,NAED_54332_-_EFM,,Panasonic led - OSRAM,2026-08-03T04:54:39.696Z
12083|ID|12083,12083,ID,12083,12083,NAED_54332_-_EFM,,Panasonic led - OSRAM,2026-08-03T04:54:39.696Z
10803|REF|P-410068,10803,REF,P-410068,P410068,P-410068,,Contenedor Amarillo de 30 Litros,2026-08-03T04:54:39.696Z
10803|ID|10803,10803,ID,10803,10803,P-410068,,Contenedor Amarillo de 30 Litros,2026-08-03T04:54:39.696Z
10377|REF|P0263,10377,REF,P0263,P0263,P0263,,MAGNETRON e2v MG6370E,2026-08-03T04:54:39.696Z
10377|ID|10377,10377,ID,10377,10377,P0263,,MAGNETRON e2v MG6370E,2026-08-03T04:54:39.696Z
10592|REF|P0478,10592,REF,P0478,P0478,P0478,,"IGUIDE 2,2,2  FCO",2026-08-03T04:54:39.696Z
10592|ID|10592,10592,ID,10592,10592,P0478,,"IGUIDE 2,2,2  FCO",2026-08-03T04:54:39.696Z
11281|REF|P0769,11281,REF,P0769,P0769,P0769,,EATON 9SX 6000i RT3U,2026-08-03T04:54:39.696Z
11281|ID|11281,11281,ID,11281,11281,P0769,,EATON 9SX 6000i RT3U,2026-08-03T04:54:39.696Z
10954|REF|P100,10954,REF,P100,P100,P100,,"Pilas Varta Mempac 3,6V 150 mAh",2026-08-03T04:54:39.696Z
10954|ID|10954,10954,ID,10954,10954,P100,,"Pilas Varta Mempac 3,6V 150 mAh",2026-08-03T04:54:39.696Z
12240|REF|P100602-134,12240,REF,P100602-134,P100602134,P100602-134,,Isolation Transformer - 600W,2026-08-03T04:54:39.696Z
12240|ID|12240,12240,ID,12240,12240,P100602-134,,Isolation Transformer - 600W,2026-08-03T04:54:39.696Z
12241|REF|P100602-137,12241,REF,P100602-137,P100602137,P100602-137,,Isolation Transformer - 300W,2026-08-03T04:54:39.696Z
12241|ID|12241,12241,ID,12241,12241,P100602-137,,Isolation Transformer - 300W,2026-08-03T04:54:39.696Z
11697|REF|P10102-300,11697,REF,P10102-300,P10102300,P10102-300,,BodyFIX Cover Sheet HIP,2026-08-03T04:54:39.696Z
11697|ID|11697,11697,ID,11697,11697,P10102-300,,BodyFIX Cover Sheet HIP,2026-08-03T04:54:39.696Z
11698|REF|P10102-301,11698,REF,P10102-301,P10102301,P10102-301,,BodyFIX Cover Sheet HIP PLUS,2026-08-03T04:54:39.696Z
11698|ID|11698,11698,ID,11698,11698,P10102-301,,BodyFIX Cover Sheet HIP PLUS,2026-08-03T04:54:39.696Z
11699|REF|P10102-304,11699,REF,P10102-304,P10102304,P10102-304,,BodyFIX Cover Sheet TOTAL BODY,2026-08-03T04:54:39.696Z
11699|ID|11699,11699,ID,11699,11699,P10102-304,,BodyFIX Cover Sheet TOTAL BODY,2026-08-03T04:54:39.696Z
11734|REF|P10102-307,11734,REF,P10102-307,P10102307,P10102-307,,BodyFIX Adhesive tape (set of 3),2026-08-03T04:54:39.696Z
11734|ID|11734,11734,ID,11734,11734,P10102-307,,BodyFIX Adhesive tape (set of 3),2026-08-03T04:54:39.696Z
11715|REF|P10104-002,11715,REF,P10104-002,P10104002,P10104-002,,BlueBAG Vacuum Pump 230V,2026-08-03T04:54:39.696Z
11715|ID|11715,11715,ID,11715,11715,P10104-002,,BlueBAG Vacuum Pump 230V,2026-08-03T04:54:39.696Z
11716|REF|P10104-156,11716,REF,P10104-156,P10104156,P10104-156,,BlueBAG Rectangular 1000x1500 mm/30 L1,2026-08-03T04:54:39.696Z
11716|ID|11716,11716,ID,11716,11716,P10104-156,,BlueBAG Rectangular 1000x1500 mm/30 L1,2026-08-03T04:54:39.696Z
11718|REF|P10105-110,11718,REF,P10105-110,P10105110,P10105-110,,IBEAM Indexing Bar,2026-08-03T04:54:39.696Z
11718|ID|11718,11718,ID,11718,11718,P10105-110,,IBEAM Indexing Bar,2026-08-03T04:54:39.696Z
11708|REF|P10105-169,11708,REF,P10105-169,P10105169,P10105-169,,iBEAM evo CT Overlay Philips BCT,2026-08-03T04:54:39.696Z
11708|ID|11708,11708,ID,11708,11708,P10105-169,,iBEAM evo CT Overlay Philips BCT,2026-08-03T04:54:39.696Z
11968|REF|P10106_-_311,11968,REF,P10106_-_311,P10106311,P10106_-_311,,Eyectores de saliva,2026-08-03T04:54:39.696Z
11968|ID|11968,11968,ID,11968,11968,P10106_-_311,,Eyectores de saliva,2026-08-03T04:54:39.696Z
12148|REF|P10106-104,12148,REF,P10106-104,P10106104,P10106-104,,Fraxion CT Adapter,2026-08-03T04:54:39.696Z
12148|ID|12148,12148,ID,12148,12148,P10106-104,,Fraxion CT Adapter,2026-08-03T04:54:39.696Z
12151|REF|P10106-106,12151,REF,P10106-106,P10106106,P10106-106,,Fraxion Vacuum Pump,2026-08-03T04:54:39.696Z
12151|ID|12151,12151,ID,12151,12151,P10106-106,,Fraxion Vacuum Pump,2026-08-03T04:54:39.696Z
11717|REF|P10107-200-201-203-204-209-210,11717,REF,P10107-200-201-203-204-209-210,P10107200201203204209210,P10107-200-201-203-204-209-210,,Pillow Set,2026-08-03T04:54:39.696Z
11717|ID|11717,11717,ID,11717,11717,P10107-200-201-203-204-209-210,,Pillow Set,2026-08-03T04:54:39.696Z
11710|REF|P10107-300,11710,REF,P10107-300,P10107300,P10107-300,,iCAST Precut Head Maxi Perforation (5 pcs),2026-08-03T04:54:39.696Z
11710|ID|11710,11710,ID,11710,11710,P10107-300,,iCAST Precut Head Maxi Perforation (5 pcs),2026-08-03T04:54:39.696Z
11711|REF|P10107-304,11711,REF,P10107-304,P10107304,P10107-304,,iCAST Precut Head and Shoulder,2026-08-03T04:54:39.696Z
11711|ID|11711,11711,ID,11711,11711,P10107-304,,iCAST Precut Head and Shoulder,2026-08-03T04:54:39.696Z
11709|REF|P10107-706,11709,REF,P10107-706,P10107706,P10107-706,,HeadSTEP Shoulder,2026-08-03T04:54:39.696Z
11709|ID|11709,11709,ID,11709,11709,P10107-706,,HeadSTEP Shoulder,2026-08-03T04:54:39.696Z
11713|REF|P10107-720,11713,REF,P10107-720,P10107720,P10107-720,,BreastSTEP Indexed Short,2026-08-03T04:54:39.696Z
11713|ID|11713,11713,ID,11713,11713,P10107-720,,BreastSTEP Indexed Short,2026-08-03T04:54:39.696Z
11712|REF|P10107-740,11712,REF,P10107-740,P10107740,P10107-740,,WingSTEP Low - Pin,2026-08-03T04:54:39.696Z
11712|ID|11712,11712,ID,11712,11712,P10107-740,,WingSTEP Low - Pin,2026-08-03T04:54:39.696Z
11714|REF|P10107-781,11714,REF,P10107-781,P10107781,P10107-781,,ProSTEP Carbon,2026-08-03T04:54:39.696Z
11714|ID|11714,11714,ID,11714,11714,P10107-781,,ProSTEP Carbon,2026-08-03T04:54:39.696Z
11144|REF|PCE-HPT1,11144,REF,PCE-HPT1,PCEHPT1,PCE-HPT1,,Termómetro para Dosimetría,2026-08-03T04:54:39.696Z
11144|ID|11144,11144,ID,11144,11144,PCE-HPT1,,Termómetro para Dosimetría,2026-08-03T04:54:39.696Z
12019|REF|Pila_3.6V_150_mAh,12019,REF,Pila_3.6V_150_mAh,PILA36V150MAH,Pila_3.6V_150_mAh,,Bateria compact Rancagua,2026-08-03T04:54:39.696Z
12019|ID|12019,12019,ID,12019,12019,Pila_3.6V_150_mAh,,Bateria compact Rancagua,2026-08-03T04:54:39.696Z
11897|REF|PN0001,11897,REF,PN0001,PN0001,PN0001,,Syringe Motor - Motor de Jeringa,2026-08-03T04:54:39.696Z
11897|ID|11897,11897,ID,11897,11897,PN0001,,Syringe Motor - Motor de Jeringa,2026-08-03T04:54:39.696Z
11898|REF|PN0002,11898,REF,PN0002,PN0002,PN0002,,Motor de Identificaicòn de Etiqueta,2026-08-03T04:54:39.696Z
11898|ID|11898,11898,ID,11898,11898,PN0002,,Motor de Identificaicòn de Etiqueta,2026-08-03T04:54:39.696Z
11689|REF|PN0006,11689,REF,PN0006,PN0006,PN0006,,Clamp Support.,2026-08-03T04:54:39.696Z
11689|ID|11689,11689,ID,11689,11689,PN0006,,Clamp Support.,2026-08-03T04:54:39.696Z
11942|REF|PN0007,11942,REF,PN0007,PN0007,PN0007,,Motor Clamps Syringe,2026-08-03T04:54:39.696Z
11942|ID|11942,11942,ID,11942,11942,PN0007,,Motor Clamps Syringe,2026-08-03T04:54:39.696Z
11943|REF|PN0008,11943,REF,PN0008,PN0008,PN0008,,Sensor Clamps Syringe,2026-08-03T04:54:39.696Z
11943|ID|11943,11943,ID,11943,11943,PN0008,,Sensor Clamps Syringe,2026-08-03T04:54:39.696Z
11954|REF|PN0009,11954,REF,PN0009,PN0009,PN0009,,Manual Barcode reader APOTECAps,2026-08-03T04:54:39.696Z
11954|ID|11954,11954,ID,11954,11954,PN0009,,Manual Barcode reader APOTECAps,2026-08-03T04:54:39.696Z
11955|REF|PN0010,11955,REF,PN0010,PN0010,PN0010,,Empaquetadura puerta de contenedor de restos (Annual Maintenance Kit),2026-08-03T04:54:39.696Z
11955|ID|11955,11955,ID,11955,11955,PN0010,,Empaquetadura puerta de contenedor de restos (Annual Maintenance Kit),2026-08-03T04:54:39.696Z
12024|REF|Power_Edge_T140_Server,12024,REF,Power_Edge_T140_Server,POWEREDGET140SERVER,Power_Edge_T140_Server,,Power Edge T140 Server,2026-08-03T04:54:39.696Z
12024|ID|12024,12024,ID,12024,12024,Power_Edge_T140_Server,,Power Edge T140 Server,2026-08-03T04:54:39.696Z
10828|REF|PR4100_8TB,10828,REF,PR4100_8TB,PR41008TB,PR4100_8TB,,Servidor NAS My Cloud 8TB,2026-08-03T04:54:39.696Z
10828|ID|10828,10828,ID,10828,10828,PR4100_8TB,,Servidor NAS My Cloud 8TB,2026-08-03T04:54:39.696Z
12230|REF|Prueba_Servicio_1,12230,REF,Prueba_Servicio_1,PRUEBASERVICIO1,Prueba_Servicio_1,,Prueba Servicio 1,2026-08-03T04:54:39.696Z
12230|ID|12230,12230,ID,12230,12230,Prueba_Servicio_1,,Prueba Servicio 1,2026-08-03T04:54:39.696Z
11512|REF|PTL-001,11512,REF,PTL-001,PTL001,PTL-001,,Pistola Termómetro Laser,2026-08-03T04:54:39.696Z
11512|ID|11512,11512,ID,11512,11512,PTL-001,,Pistola Termómetro Laser,2026-08-03T04:54:39.696Z
10699|REF|Q001,10699,REF,Q001,Q001,Q001,,Posionador de Mama - QFIX,2026-08-03T04:54:39.696Z
10699|ID|10699,10699,ID,10699,10699,Q001,,Posionador de Mama - QFIX,2026-08-03T04:54:39.696Z
10831|REF|QF-RT-1779KSDX,10831,REF,QF-RT-1779KSDX,QFRT1779KSDX,QF-RT-1779KSDX,,QF-RT-1779KSDX,2026-08-03T04:54:39.696Z
10831|ID|10831,10831,ID,10831,10831,QF-RT-1779KSDX,,QF-RT-1779KSDX,2026-08-03T04:54:39.696Z
10832|REF|QF-RT-1782KSD,10832,REF,QF-RT-1782KSD,QFRT1782KSD,QF-RT-1782KSD,,QF-RT-1782KSD,2026-08-03T04:54:39.696Z
10832|ID|10832,10832,ID,10832,10832,QF-RT-1782KSD,,QF-RT-1782KSD,2026-08-03T04:54:39.696Z
11089|REF|QF-RT-31052,11089,REF,QF-RT-31052,QFRT31052,QF-RT-31052,,Bolx I Gel Bolus (w film) 30cm x 30cm x 0.5cm  (Not CE Marked),2026-08-03T04:54:39.696Z
11089|ID|11089,11089,ID,11089,11089,QF-RT-31052,,Bolx I Gel Bolus (w film) 30cm x 30cm x 0.5cm  (Not CE Marked),2026-08-03T04:54:39.696Z
11090|REF|QF-RT-31102,11090,REF,QF-RT-31102,QFRT31102,QF-RT-31102,,Bolx I Gel bolus (w film) 30cm x 30cm x1.0cm  (Not CE Marked),2026-08-03T04:54:39.696Z
11090|ID|11090,11090,ID,11090,11090,QF-RT-31102,,Bolx I Gel bolus (w film) 30cm x 30cm x1.0cm  (Not CE Marked),2026-08-03T04:54:39.696Z
11097|REF|QF-RT-4421-SL15,11097,REF,QF-RT-4421-SL15,QFRT4421SL15,QF-RT-4421-SL15,,"Suremark Skin Markers, 1.5mm 110/box",2026-08-03T04:54:39.696Z
11097|ID|11097,11097,ID,11097,11097,QF-RT-4421-SL15,,"Suremark Skin Markers, 1.5mm 110/box",2026-08-03T04:54:39.696Z
11096|REF|QF-RT-4421-V20,11096,REF,QF-RT-4421-V20,QFRT4421V20,QF-RT-4421-V20,,"Suremark Visionmark, 2.0mm non-metallic, 110/box",2026-08-03T04:54:39.696Z
11096|ID|11096,11096,ID,11096,11096,QF-RT-4421-V20,,"Suremark Visionmark, 2.0mm non-metallic, 110/box",2026-08-03T04:54:39.696Z
10824|REF|QF-RT-4464-02,10824,REF,QF-RT-4464-02,QFRT446402,QF-RT-4464-02,,SofTouchâ„¢ Elite Bellyboard,2026-08-03T04:54:39.696Z
10824|ID|10824,10824,ID,10824,10824,QF-RT-4464-02,,SofTouchâ„¢ Elite Bellyboard,2026-08-03T04:54:39.696Z
11079|REF|QF-RT-4489FB,11079,REF,QF-RT-4489FB,QFRT4489FB,QF-RT-4489FB,,Indexed Foam Foot Block,2026-08-03T04:54:39.696Z
11079|ID|11079,11079,ID,11079,11079,QF-RT-4489FB,,Indexed Foam Foot Block,2026-08-03T04:54:39.696Z
11080|REF|QF-RT-4489KW,11080,REF,QF-RT-4489KW,QFRT4489KW,QF-RT-4489KW,,"Indexed Foam Knee Wedge, Large, Includes Leg Strap",2026-08-03T04:54:39.696Z
11080|ID|11080,11080,ID,11080,11080,QF-RT-4489KW,,"Indexed Foam Knee Wedge, Large, Includes Leg Strap",2026-08-03T04:54:39.696Z
11081|REF|QF-RT-4517-230120T80F90,11081,REF,QF-RT-4517-230120T80F90,QFRT4517230120T80F90,QF-RT-4517-230120T80F90,,"Vac-Q-Fix Cushion, 120/80cm x 230cm, 90L fill, SingleStep Valve, 120cm tapered to 80cm",2026-08-03T04:54:39.696Z
11081|ID|11081,11081,ID,11081,11081,QF-RT-4517-230120T80F90,,"Vac-Q-Fix Cushion, 120/80cm x 230cm, 90L fill, SingleStep Valve, 120cm tapered to 80cm",2026-08-03T04:54:39.696Z
11086|REF|QF-RT-4517-70120F40,11086,REF,QF-RT-4517-70120F40,QFRT451770120F40,QF-RT-4517-70120F40,,"Vac-Q-Fix Cushion, 70cm x 120cm, 40L fill, SingleStep Valve",2026-08-03T04:54:39.696Z
11086|ID|11086,11086,ID,11086,11086,QF-RT-4517-70120F40,,"Vac-Q-Fix Cushion, 70cm x 120cm, 40L fill, SingleStep Valve",2026-08-03T04:54:39.696Z
11085|REF|QF-RT-4517-Hooks,11085,REF,QF-RT-4517-Hooks,QFRT4517HOOKS,QF-RT-4517-Hooks,,"""S"" Hooks to hang Vac Fix Cushions on rack 10 per pk",2026-08-03T04:54:39.696Z
11085|ID|11085,11085,ID,11085,11085,QF-RT-4517-Hooks,,"""S"" Hooks to hang Vac Fix Cushions on rack 10 per pk",2026-08-03T04:54:39.696Z
11095|REF|QF-RT-4517-IND01,11095,REF,QF-RT-4517-IND01,QFRT4517IND01,QF-RT-4517-IND01,,Vac-Q-Fix Indexer,2026-08-03T04:54:39.696Z
11095|ID|11095,11095,ID,11095,11095,QF-RT-4517-IND01,,Vac-Q-Fix Indexer,2026-08-03T04:54:39.696Z
11084|REF|QF-RT-4517-Rack,11084,REF,QF-RT-4517-Rack,QFRT4517RACK,QF-RT-4517-Rack,,"Vac-Q-Fix Mobile Storage Rack for Vac-Q-Fix Top Bar span to 66""wide and adjusts up to 65"" high",2026-08-03T04:54:39.696Z
11084|ID|11084,11084,ID,11084,11084,QF-RT-4517-Rack,,"Vac-Q-Fix Mobile Storage Rack for Vac-Q-Fix Top Bar span to 66""wide and adjusts up to 65"" high",2026-08-03T04:54:39.696Z
11087|REF|QF-RT-4527LMI3,11087,REF,QF-RT-4527LMI3,QFRT4527LMI3,QF-RT-4527LMI3,,"Medical Intelligence Adapter For Medical Intelligence, BrainLab.  Includes Hand Grip Array",2026-08-03T04:54:39.696Z
11087|ID|11087,11087,ID,11087,11087,QF-RT-4527LMI3,,"Medical Intelligence Adapter For Medical Intelligence, BrainLab.  Includes Hand Grip Array",2026-08-03T04:54:39.696Z
11088|REF|QF-RT-4544-01,11088,REF,QF-RT-4544-01,QFRT454401,QF-RT-4544-01,,Access ™ Prone G2,2026-08-03T04:54:39.696Z
11088|ID|11088,11088,ID,11088,11088,QF-RT-4544-01,,Access ™ Prone G2,2026-08-03T04:54:39.696Z
11575|REF|QF-RT-4546,11575,REF,QF-RT-4546,QFRT4546,QF-RT-4546,,Access Supine Breast & Lung,2026-08-03T04:54:39.696Z
11575|ID|11575,11575,ID,11575,11575,QF-RT-4546,,Access Supine Breast & Lung,2026-08-03T04:54:39.696Z
11074|REF|QF-RT-4546-01,11074,REF,QF-RT-4546-01,QFRT454601,QF-RT-4546-01,,Access Supine Breast Treatment Device w/foam headrest and bottom stopper,2026-08-03T04:54:39.696Z
11074|ID|11074,11074,ID,11074,11074,QF-RT-4546-01,,Access Supine Breast Treatment Device w/foam headrest and bottom stopper,2026-08-03T04:54:39.696Z
11075|REF|QF-RT-4546AA-01,11075,REF,QF-RT-4546AA-01,QFRT4546AA01,QF-RT-4546AA-01,,Access Arm Support (new improved version),2026-08-03T04:54:39.696Z
11075|ID|11075,11075,ID,11075,11075,QF-RT-4546AA-01,,Access Arm Support (new improved version),2026-08-03T04:54:39.696Z
11076|REF|QF-RT-4546AW-01,11076,REF,QF-RT-4546AW-01,QFRT4546AW01,QF-RT-4546AW-01,,Access Wrist Cup (new improved version),2026-08-03T04:54:39.696Z
11076|ID|11076,11076,ID,11076,11076,QF-RT-4546AW-01,,Access Wrist Cup (new improved version),2026-08-03T04:54:39.696Z
11078|REF|QF-RT-4546C,11078,REF,QF-RT-4546C,QFRT4546C,QF-RT-4546C,,Access ArmShuttle,2026-08-03T04:54:39.696Z
11078|ID|11078,11078,ID,11078,11078,QF-RT-4546C,,Access ArmShuttle,2026-08-03T04:54:39.696Z
11623|REF|QF-RT-4546H,11623,REF,QF-RT-4546H,QFRT4546H,QF-RT-4546H,,Foam Headrest,2026-08-03T04:54:39.696Z
11623|ID|11623,11623,ID,11623,11623,QF-RT-4546H,,Foam Headrest,2026-08-03T04:54:39.696Z
11077|REF|QF-RT-4546L,11077,REF,QF-RT-4546L,QFRT4546L,QF-RT-4546L,,Access Supine Accessory Ladder Set,2026-08-03T04:54:39.696Z
11077|ID|11077,11077,ID,11077,11077,QF-RT-4546L,,Access Supine Accessory Ladder Set,2026-08-03T04:54:39.696Z
11091|REF|QF-RT-928-250,11091,REF,QF-RT-928-250,QFRT928250,QF-RT-928-250,,"Testicle Shield (Medium) 2 1/2"" I.D.",2026-08-03T04:54:39.696Z
11091|ID|11091,11091,ID,11091,11091,QF-RT-928-250,,"Testicle Shield (Medium) 2 1/2"" I.D.",2026-08-03T04:54:39.696Z
11092|REF|QF-RT-936-598,11092,REF,QF-RT-936-598,QFRT936598,QF-RT-936-598,,"Tungsten Eyeshield, 3mm, 12.7mm",2026-08-03T04:54:39.696Z
11092|ID|11092,11092,ID,11092,11092,QF-RT-936-598,,"Tungsten Eyeshield, 3mm, 12.7mm",2026-08-03T04:54:39.696Z
11093|REF|QF-RT-936-623,11093,REF,QF-RT-936-623,QFRT936623,QF-RT-936-623,,"Tungsten Eyeshield, 3mm, 16.1mm",2026-08-03T04:54:39.696Z
11093|ID|11093,11093,ID,11093,11093,QF-RT-936-623,,"Tungsten Eyeshield, 3mm, 16.1mm",2026-08-03T04:54:39.696Z
11094|REF|QF-RT-936-627,11094,REF,QF-RT-936-627,QFRT936627,QF-RT-936-627,,"Tungsten Eyeshield, 3mm, 17.8mm",2026-08-03T04:54:39.696Z
11094|ID|11094,11094,ID,11094,11094,QF-RT-936-627,,"Tungsten Eyeshield, 3mm, 17.8mm",2026-08-03T04:54:39.696Z
11083|REF|QF-RT-PUMP-KIT,11083,REF,QF-RT-PUMP-KIT,QFRTPUMPKIT,QF-RT-PUMP-KIT,,RT Pump Hose Adapter Kit  (spare parts to retrofit various pumps to use Qfix vacuum cushions),2026-08-03T04:54:39.696Z
11083|ID|11083,11083,ID,11083,11083,QF-RT-PUMP-KIT,,RT Pump Hose Adapter Kit  (spare parts to retrofit various pumps to use Qfix vacuum cushions),2026-08-03T04:54:39.696Z
11082|REF|QF-RT-PUMP220Q1,11082,REF,QF-RT-PUMP220Q1,QFRTPUMP220Q1,QF-RT-PUMP220Q1,,"Vac-Q-Fix Standard Dual Mode Pump, 220 volt",2026-08-03T04:54:39.696Z
11082|ID|11082,11082,ID,11082,11082,QF-RT-PUMP220Q1,,"Vac-Q-Fix Standard Dual Mode Pump, 220 volt",2026-08-03T04:54:39.696Z
11578|REF|Qfix-Alta-SRS-SBRT,11578,REF,Qfix-Alta-SRS-SBRT,QFIXALTASRSSBRT,Qfix-Alta-SRS-SBRT,,Alta SRS/SBRT Package,2026-08-03T04:54:39.696Z
11578|ID|11578,11578,ID,11578,11578,Qfix-Alta-SRS-SBRT,,Alta SRS/SBRT Package,2026-08-03T04:54:39.696Z
11707|REF|Qfix-RT-1889,11707,REF,Qfix-RT-1889,QFIXRT1889,Qfix-RT-1889,,Aquaplast U-Frame,2026-08-03T04:54:39.696Z
11707|ID|11707,11707,ID,11707,11707,Qfix-RT-1889,,Aquaplast U-Frame,2026-08-03T04:54:39.696Z
11706|REF|Qfix-RT-1889X,11706,REF,Qfix-RT-1889X,QFIXRT1889X,Qfix-RT-1889X,,Aquaplast U-Frame,2026-08-03T04:54:39.696Z
11706|ID|11706,11706,ID,11706,11706,Qfix-RT-1889X,,Aquaplast U-Frame,2026-08-03T04:54:39.696Z
11593|REF|Qfix-RT-4517-HOSE,11593,REF,Qfix-RT-4517-HOSE,QFIXRT4517HOSE,Qfix-RT-4517-HOSE,,VacQfix adapter hose,2026-08-03T04:54:39.696Z
11593|ID|11593,11593,ID,11593,11593,Qfix-RT-4517-HOSE,,VacQfix adapter hose,2026-08-03T04:54:39.696Z
11902|REF|Qfix-RT-4548,11902,REF,Qfix-RT-4548,QFIXRT4548,Qfix-RT-4548,,Polycarbonate Head Board,2026-08-03T04:54:39.696Z
11902|ID|11902,11902,ID,11902,11902,Qfix-RT-4548,,Polycarbonate Head Board,2026-08-03T04:54:39.696Z
10924|REF|Qfix-RT-4600-03,10924,REF,Qfix-RT-4600-03,QFIXRT460003,Qfix-RT-4600-03,,SRS Adapter for Portrait,2026-08-03T04:54:39.696Z
10924|ID|10924,10924,ID,10924,10924,Qfix-RT-4600-03,,SRS Adapter for Portrait,2026-08-03T04:54:39.696Z
10926|REF|Qfix-RT-4600-10-12-14,10926,REF,Qfix-RT-4600-10-12-14,QFIXRT4600101214,Qfix-RT-4600-10-12-14,,Set of SRS Headrest,2026-08-03T04:54:39.696Z
10926|ID|10926,10926,ID,10926,10926,Qfix-RT-4600-10-12-14,,Set of SRS Headrest,2026-08-03T04:54:39.696Z
10925|REF|Qfix-RT-B889KYCF2,10925,REF,Qfix-RT-B889KYCF2,QFIXRTB889KYCF2,Qfix-RT-B889KYCF2,,"Encompass Intracranial Fibreplast Variable Perf, Head Only Open View System",2026-08-03T04:54:39.696Z
10925|ID|10925,10925,ID,10925,10925,Qfix-RT-B889KYCF2,,"Encompass Intracranial Fibreplast Variable Perf, Head Only Open View System",2026-08-03T04:54:39.696Z
10812|REF|R-410081,10812,REF,R-410081,R410081,R-410081,,Sello azul 13mm,2026-08-03T04:54:39.696Z
10812|ID|10812,10812,ID,10812,10812,R-410081,,Sello azul 13mm,2026-08-03T04:54:39.696Z
12237|REF|R00027058-00,12237,REF,R00027058-00,R0002705800,R00027058-00,,Baxter Viaflex bags clamp,2026-08-03T04:54:39.696Z
12237|ID|12237,12237,ID,12237,12237,R00027058-00,,Baxter Viaflex bags clamp,2026-08-03T04:54:39.696Z
11238|REF|R10000081-00,11238,REF,R10000081-00,R1000008100,R10000081-00,,WEIGHT PLACEMENT R1000008100,2026-08-03T04:54:39.696Z
11238|ID|11238,11238,ID,11238,11238,R10000081-00,,WEIGHT PLACEMENT R1000008100,2026-08-03T04:54:39.696Z
12239|REF|R10000343-06,12239,REF,R10000343-06,R1000034306,R10000343-06,,BAXTER VIAFLEX BAGS CLAMP & AVIVA & EMPTY INTRAVIA,2026-08-03T04:54:39.696Z
12239|ID|12239,12239,ID,12239,12239,R10000343-06,,BAXTER VIAFLEX BAGS CLAMP & AVIVA & EMPTY INTRAVIA,2026-08-03T04:54:39.696Z
10827|REF|R10003351-00,10827,REF,R10003351-00,R1000335100,R10003351-00,,Kit Robot teaching kit,2026-08-03T04:54:39.696Z
10827|ID|10827,10827,ID,10827,10827,R10003351-00,,Kit Robot teaching kit,2026-08-03T04:54:39.696Z
11239|REF|R10003996-00,11239,REF,R10003996-00,R1000399600,R10003996-00,,KIT TOOL MAX HIGH FLAC,2026-08-03T04:54:39.696Z
11239|ID|11239,11239,ID,11239,11239,R10003996-00,,KIT TOOL MAX HIGH FLAC,2026-08-03T04:54:39.696Z
11240|REF|R10004466-00,11240,REF,R10004466-00,R1000446600,R10004466-00,,KIT TOOL CALIBRATION CAMERA,2026-08-03T04:54:39.696Z
11240|ID|11240,11240,ID,11240,11240,R10004466-00,,KIT TOOL CALIBRATION CAMERA,2026-08-03T04:54:39.696Z
11815|REF|R1510260,11815,REF,R1510260,R1510260,R1510260,,KV Detector Panel,2026-08-03T04:54:39.696Z
11815|ID|11815,11815,ID,11815,11815,R1510260,,KV Detector Panel,2026-08-03T04:54:39.696Z
12186|REF|R1510261,12186,REF,R1510261,R1510261,R1510261,,"DETECTOR,XRD,1640, AL5 IVIEW",2026-08-03T04:54:39.696Z
12186|ID|12186,12186,ID,12186,12186,R1510261,,"DETECTOR,XRD,1640, AL5 IVIEW",2026-08-03T04:54:39.696Z
11599|REF|R45133412478,11599,REF,R45133412478,R45133412478,R45133412478,,MV Panel,2026-08-03T04:54:39.696Z
11599|ID|11599,11599,ID,11599,11599,R45133412478,,MV Panel,2026-08-03T04:54:39.696Z
12286|REF|Repuesto_Test_1,12286,REF,Repuesto_Test_1,REPUESTOTEST1,Repuesto_Test_1,,Repuesto_Test_1,2026-08-03T04:54:39.696Z
12286|ID|12286,12286,ID,12286,12286,Repuesto_Test_1,,Repuesto_Test_1,2026-08-03T04:54:39.696Z
12287|REF|Repuesto_Test_2,12287,REF,Repuesto_Test_2,REPUESTOTEST2,Repuesto_Test_2,,Repuesto_Test_2,2026-08-03T04:54:39.696Z
12287|ID|12287,12287,ID,12287,12287,Repuesto_Test_2,,Repuesto_Test_2,2026-08-03T04:54:39.696Z
12288|REF|Repuesto_Test_3,12288,REF,Repuesto_Test_3,REPUESTOTEST3,Repuesto_Test_3,,Repuesto_Test_3,2026-08-03T04:54:39.696Z
12288|ID|12288,12288,ID,12288,12288,Repuesto_Test_3,,Repuesto_Test_3,2026-08-03T04:54:39.696Z
12289|REF|Repuesto_Test_4,12289,REF,Repuesto_Test_4,REPUESTOTEST4,Repuesto_Test_4,,Repuesto_Test_4,2026-08-03T04:54:39.696Z
12289|ID|12289,12289,ID,12289,12289,Repuesto_Test_4,,Repuesto_Test_4,2026-08-03T04:54:39.696Z
12290|REF|Repuesto_Test_5,12290,REF,Repuesto_Test_5,REPUESTOTEST5,Repuesto_Test_5,,Repuesto_Test_5,2026-08-03T04:54:39.696Z
12290|ID|12290,12290,ID,12290,12290,Repuesto_Test_5,,Repuesto_Test_5,2026-08-03T04:54:39.696Z
12291|REF|Repuesto_Test_6,12291,REF,Repuesto_Test_6,REPUESTOTEST6,Repuesto_Test_6,,Repuesto_Test_6,2026-08-03T04:54:39.696Z
12291|ID|12291,12291,ID,12291,12291,Repuesto_Test_6,,Repuesto_Test_6,2026-08-03T04:54:39.696Z
12292|REF|Repuesto_Test_7,12292,REF,Repuesto_Test_7,REPUESTOTEST7,Repuesto_Test_7,,Repuesto_Test_7,2026-08-03T04:54:39.696Z
12292|ID|12292,12292,ID,12292,12292,Repuesto_Test_7,,Repuesto_Test_7,2026-08-03T04:54:39.696Z
11315|REF|RFE_-_1000-32-Y_CWUKB1_-_P01006948_680_2883,11315,REF,RFE_-_1000-32-Y_CWUKB1_-_P01006948_680_2883,RFE100032YCWUKB1P010069486802883,RFE_-_1000-32-Y_CWUKB1_-_P01006948_680_2883,,Fuente de poder,2026-08-03T04:54:39.696Z
11315|ID|11315,11315,ID,11315,11315,RFE_-_1000-32-Y_CWUKB1_-_P01006948_680_2883,,Fuente de poder,2026-08-03T04:54:39.696Z
10904|REF|RG-ELS-2022N,10904,REF,RG-ELS-2022N,RGELS2022N,RG-ELS-2022N,,Green E-type HeadSTEP,2026-08-03T04:54:39.696Z
10904|ID|10904,10904,ID,10904,10904,RG-ELS-2022N,,Green E-type HeadSTEP,2026-08-03T04:54:39.696Z
12115|REF|RS0008009,12115,REF,RS0008009,RS0008009,RS0008009,,LS Starter Connectors Board,2026-08-03T04:54:39.696Z
12115|ID|12115,12115,ID,12115,12115,RS0008009,,LS Starter Connectors Board,2026-08-03T04:54:39.696Z
10852|REF|RS5366260,10852,REF,RS5366260,RS5366260,RS5366260,,Pressure gauge Testo 512,2026-08-03T04:54:39.696Z
10852|ID|10852,10852,ID,10852,10852,RS5366260,,Pressure gauge Testo 512,2026-08-03T04:54:39.696Z
10825|REF|RS8100240,10825,REF,RS8100240,RS8100240,RS8100240,,THK AFB-LF+70 General Purpose Grease,2026-08-03T04:54:39.696Z
10825|ID|10825,10825,ID,10825,10825,RS8100240,,THK AFB-LF+70 General Purpose Grease,2026-08-03T04:54:39.696Z
11099|REF|RT-1782SD,11099,REF,RT-1782SD,RT1782SD,RT-1782SD,,"Aquaplast Head & Shoulder S-Frame, 2.4mm, 40%, for Portraitand Civco",2026-08-03T04:54:39.696Z
11099|ID|11099,11099,ID,11099,11099,RT-1782SD,,"Aquaplast Head & Shoulder S-Frame, 2.4mm, 40%, for Portraitand Civco",2026-08-03T04:54:39.696Z
10847|REF|RT-4423K-17-1,10847,REF,RT-4423K-17-1,RT4423K171,RT-4423K-17-1,,Qfix Gold Fiducial Markers 1.2mm x 3mm,2026-08-03T04:54:39.696Z
10847|ID|10847,10847,ID,10847,10847,RT-4423K-17-1,,Qfix Gold Fiducial Markers 1.2mm x 3mm,2026-08-03T04:54:39.696Z
10848|REF|RT-4423K-17-3,10848,REF,RT-4423K-17-3,RT4423K173,RT-4423K-17-3,,"Qfix Gold Fiducial Markers, Knurled 1.2mm x 3mm 17 Gauge, 20cm Needle, Sterilized (3 Pack) (1-49 units)",2026-08-03T04:54:39.696Z
10848|ID|10848,10848,ID,10848,10848,RT-4423K-17-3,,"Qfix Gold Fiducial Markers, Knurled 1.2mm x 3mm 17 Gauge, 20cm Needle, Sterilized (3 Pack) (1-49 units)",2026-08-03T04:54:39.696Z
10849|REF|RT-4423K-18-1,10849,REF,RT-4423K-18-1,RT4423K181,RT-4423K-18-1,,"Qfix Gold Fiducial Markers, Knurled 1mm x 3mm 18 Gauge, 20cm needle, sterilized (1 pack) (1-49 units)",2026-08-03T04:54:39.696Z
10849|ID|10849,10849,ID,10849,10849,RT-4423K-18-1,,"Qfix Gold Fiducial Markers, Knurled 1mm x 3mm 18 Gauge, 20cm needle, sterilized (1 pack) (1-49 units)",2026-08-03T04:54:39.696Z
10850|REF|RT-4423K-18-12-1,10850,REF,RT-4423K-18-12-1,RT4423K18121,RT-4423K-18-12-1,,"Qfix Gold Fiducial Markers, Knurled 1mm x 3mm 18 Gauge, 12cm needle, sterilized (1 pack) (1-49 units)",2026-08-03T04:54:39.696Z
10850|ID|10850,10850,ID,10850,10850,RT-4423K-18-12-1,,"Qfix Gold Fiducial Markers, Knurled 1mm x 3mm 18 Gauge, 12cm needle, sterilized (1 pack) (1-49 units)",2026-08-03T04:54:39.696Z
10851|REF|RT-4423K-18-12-3,10851,REF,RT-4423K-18-12-3,RT4423K18123,RT-4423K-18-12-3,,"Qfix Gold Fiducial Markers, Knurled 1mm x 3mm 18 Gauge, 12cm needle, sterilized (3 pack) (1-49 units)",2026-08-03T04:54:39.696Z
10851|ID|10851,10851,ID,10851,10851,RT-4423K-18-12-3,,"Qfix Gold Fiducial Markers, Knurled 1mm x 3mm 18 Gauge, 12cm needle, sterilized (3 pack) (1-49 units)",2026-08-03T04:54:39.696Z
10860|REF|RT-4423K-18-3,10860,REF,RT-4423K-18-3,RT4423K183,RT-4423K-18-3,,Qfix Gold Fiducial Markers,2026-08-03T04:54:39.696Z
10860|ID|10860,10860,ID,10860,10860,RT-4423K-18-3,,Qfix Gold Fiducial Markers,2026-08-03T04:54:39.696Z
11829|REF|RT-4491R2-A,11829,REF,RT-4491R2-A,RT4491R2A,RT-4491R2-A,,"Silverman Head Supports, Size A",2026-08-03T04:54:39.696Z
11829|ID|11829,11829,ID,11829,11829,RT-4491R2-A,,"Silverman Head Supports, Size A",2026-08-03T04:54:39.696Z
11123|REF|RT-4525L,11123,REF,RT-4525L,RT4525L,RT-4525L,,Accufix,2026-08-03T04:54:39.696Z
11123|ID|11123,11123,ID,11123,11123,RT-4525L,,Accufix,2026-08-03T04:54:39.696Z
11124|REF|RT-4525LSPLIT,11124,REF,RT-4525LSPLIT,RT4525LSPLIT,RT-4525LSPLIT,,Split-frame Adapter,2026-08-03T04:54:39.696Z
11124|ID|11124,11124,ID,11124,11124,RT-4525LSPLIT,,Split-frame Adapter,2026-08-03T04:54:39.696Z
11830|REF|RT-4558CB02,11830,REF,RT-4558CB02,RT4558CB02,RT-4558CB02,,ZiFix Abdominal/Thoracic Motion Control System,2026-08-03T04:54:39.696Z
11830|ID|11830,11830,ID,11830,11830,RT-4558CB02,,ZiFix Abdominal/Thoracic Motion Control System,2026-08-03T04:54:39.696Z
11105|REF|RT-7001,11105,REF,RT-7001,RT7001,RT-7001,,"Adapt-it Bolus Pellets, 1 lb",2026-08-03T04:54:39.696Z
11105|ID|11105,11105,ID,11105,11105,RT-7001,,"Adapt-it Bolus Pellets, 1 lb",2026-08-03T04:54:39.696Z
11843|REF|RT-936-585,11843,REF,RT-936-585,RT936585,RT-936-585,,"Tungsten Eyeshield, 2mm, 13.3mm",2026-08-03T04:54:39.696Z
11843|ID|11843,11843,ID,11843,11843,RT-936-585,,"Tungsten Eyeshield, 2mm, 13.3mm",2026-08-03T04:54:39.696Z
11844|REF|RT-936-587,11844,REF,RT-936-587,RT936587,RT-936-587,,"Tungsten Eyeshield, 2mm, 15.0mm",2026-08-03T04:54:39.696Z
11844|ID|11844,11844,ID,11844,11844,RT-936-587,,"Tungsten Eyeshield, 2mm, 15.0mm",2026-08-03T04:54:39.696Z
11845|REF|RT-936-589,11845,REF,RT-936-589,RT936589,RT-936-589,,"Tungsten Eyeshield, 2mm, 16.7mm",2026-08-03T04:54:39.696Z
11845|ID|11845,11845,ID,11845,11845,RT-936-589,,"Tungsten Eyeshield, 2mm, 16.7mm",2026-08-03T04:54:39.696Z
3|REF|S01,3,REF,S01,S01,S01,,Servicio de Mantención - Chiler,2026-08-03T04:54:39.696Z
3|ID|3,3,ID,3,3,S01,,Servicio de Mantención - Chiler,2026-08-03T04:54:39.696Z
11544|REF|S10001,11544,REF,S10001,S10001,S10001,,Servicio Técnico de Mantenimiento Correctivo Acelerador Digital Elekta Synergy Horario Habil,2026-08-03T04:54:39.696Z
11544|ID|11544,11544,ID,11544,11544,S10001,,Servicio Técnico de Mantenimiento Correctivo Acelerador Digital Elekta Synergy Horario Habil,2026-08-03T04:54:39.696Z
11545|REF|S10002,11545,REF,S10002,S10002,S10002,,Servicio Técnico de Mantenimiento Preventivo Acelerador Digital Elekta Synergy en Horario Hábil,2026-08-03T04:54:39.696Z
11545|ID|11545,11545,ID,11545,11545,S10002,,Servicio Técnico de Mantenimiento Preventivo Acelerador Digital Elekta Synergy en Horario Hábil,2026-08-03T04:54:39.696Z
11546|REF|S10003,11546,REF,S10003,S10003,S10003,,Servicio Técnico de Mantenimiento Correctivo Acelerador Digital Elekta Synergy en Horario Extendido y Sábado,2026-08-03T04:54:39.696Z
11546|ID|11546,11546,ID,11546,11546,S10003,,Servicio Técnico de Mantenimiento Correctivo Acelerador Digital Elekta Synergy en Horario Extendido y Sábado,2026-08-03T04:54:39.696Z
11547|REF|S10004,11547,REF,S10004,S10004,S10004,,Servicio Técnico de Mantenimiento Preventivo Acelerador Digital Elekta Synergy en Horario Extendido y Sábado,2026-08-03T04:54:39.696Z
11547|ID|11547,11547,ID,11547,11547,S10004,,Servicio Técnico de Mantenimiento Preventivo Acelerador Digital Elekta Synergy en Horario Extendido y Sábado,2026-08-03T04:54:39.696Z
11548|REF|S10005,11548,REF,S10005,S10005,S10005,,Servicio Técnico de Mantenimiento Correctivo Sistema de Imágen Portal iViewGT en Horario Habil,2026-08-03T04:54:39.696Z
11548|ID|11548,11548,ID,11548,11548,S10005,,Servicio Técnico de Mantenimiento Correctivo Sistema de Imágen Portal iViewGT en Horario Habil,2026-08-03T04:54:39.696Z
11549|REF|S10006,11549,REF,S10006,S10006,S10006,,Servicio Técnico de Mantenimiento Preventivo Sistema de Imágen Portal iViewGT en Horario Hábil,2026-08-03T04:54:39.696Z
11549|ID|11549,11549,ID,11549,11549,S10006,,Servicio Técnico de Mantenimiento Preventivo Sistema de Imágen Portal iViewGT en Horario Hábil,2026-08-03T04:54:39.696Z
11550|REF|S10007,11550,REF,S10007,S10007,S10007,,Servicio Técnico de Mantenimiento Correctivo Sistema de Imágen Portal iViewGT en Horario Extendido y Sábado,2026-08-03T04:54:39.696Z
11550|ID|11550,11550,ID,11550,11550,S10007,,Servicio Técnico de Mantenimiento Correctivo Sistema de Imágen Portal iViewGT en Horario Extendido y Sábado,2026-08-03T04:54:39.696Z
11551|REF|S10008,11551,REF,S10008,S10008,S10008,,Servicio Técnico de Mantenimiento Preventivo Sistema de Imágen Portal iViewGT en Horario Extendido y Sábado,2026-08-03T04:54:39.696Z
11551|ID|11551,11551,ID,11551,11551,S10008,,Servicio Técnico de Mantenimiento Preventivo Sistema de Imágen Portal iViewGT en Horario Extendido y Sábado,2026-08-03T04:54:39.696Z
11556|REF|S10009,11556,REF,S10009,S10009,S10009,,Servicio Técnico Remoto de Hardware o Software en Horario Hábil,2026-08-03T04:54:39.696Z
11556|ID|11556,11556,ID,11556,11556,S10009,,Servicio Técnico Remoto de Hardware o Software en Horario Hábil,2026-08-03T04:54:39.696Z
11557|REF|S10010,11557,REF,S10010,S10010,S10010,,Servicio Técnico Remoto de Hardware o Software en Horario Extendido y Sábado,2026-08-03T04:54:39.696Z
11557|ID|11557,11557,ID,11557,11557,S10010,,Servicio Técnico Remoto de Hardware o Software en Horario Extendido y Sábado,2026-08-03T04:54:39.696Z
11582|REF|S10011,11582,REF,S10011,S10011,S10011,,Servicio Técnico de Mantenimiento Preventivo Acelerador Digital Elekta Compact en Horario Extendido y Sábado,2026-08-03T04:54:39.696Z
11582|ID|11582,11582,ID,11582,11582,S10011,,Servicio Técnico de Mantenimiento Preventivo Acelerador Digital Elekta Compact en Horario Extendido y Sábado,2026-08-03T04:54:39.696Z
11615|REF|S10012,11615,REF,S10012,S10012,S10012,,ProKnow Base Package,2026-08-03T04:54:39.696Z
11615|ID|11615,11615,ID,11615,11615,S10012,,ProKnow Base Package,2026-08-03T04:54:39.696Z
11727|REF|S10013,11727,REF,S10013,S10013,S10013,,Servicios de Ventas de Puertas Veritas,2026-08-03T04:54:39.696Z
11727|ID|11727,11727,ID,11727,11727,S10013,,Servicios de Ventas de Puertas Veritas,2026-08-03T04:54:39.696Z
11847|REF|S10014,11847,REF,S10014,S10014,S10014,,Servicio Mantenimiento Preventivo INRA,2026-08-03T04:54:39.696Z
11847|ID|11847,11847,ID,11847,11847,S10014,,Servicio Mantenimiento Preventivo INRA,2026-08-03T04:54:39.696Z
12051|REF|S10015,12051,REF,S10015,S10015,S10015,,Servicio Técnico Láseres de Simulación (Horario Hábil),2026-08-03T04:54:39.696Z
12051|ID|12051,12051,ID,12051,12051,S10015,,Servicio Técnico Láseres de Simulación (Horario Hábil),2026-08-03T04:54:39.696Z
12052|REF|S10016,12052,REF,S10016,S10016,S10016,,Servicio Técnico Láseres de Simulación (Horario Inhábil),2026-08-03T04:54:39.696Z
12052|ID|12052,12052,ID,12052,12052,S10016,,Servicio Técnico Láseres de Simulación (Horario Inhábil),2026-08-03T04:54:39.696Z
12094|REF|S10017,12094,REF,S10017,S10017,S10017,,Servicio Mantenimiento Preventivo Láseres de Simulación (Horario Hábil),2026-08-03T04:54:39.696Z
12094|ID|12094,12094,ID,12094,12094,S10017,,Servicio Mantenimiento Preventivo Láseres de Simulación (Horario Hábil),2026-08-03T04:54:39.696Z
12229|REF|S10018,12229,REF,S10018,S10018,S10018,,Prueba 1,2026-08-03T04:54:39.696Z
12229|ID|12229,12229,ID,12229,12229,S10018,,Prueba 1,2026-08-03T04:54:39.696Z
10816|REF|SA01,10816,REF,SA01,SA01,SA01,,Servicio Técnico de Aceleradores Elekta 24/7 Full,2026-08-03T04:54:39.696Z
10816|ID|10816,10816,ID,10816,10816,SA01,,Servicio Técnico de Aceleradores Elekta 24/7 Full,2026-08-03T04:54:39.696Z
10929|REF|SA04,10929,REF,SA04,SA04,SA04,,Servicio Técnico de Aceleradores Elekta (Por Hora),2026-08-03T04:54:39.696Z
10929|ID|10929,10929,ID,10929,10929,SA04,,Servicio Técnico de Aceleradores Elekta (Por Hora),2026-08-03T04:54:39.696Z
11041|REF|SA05,11041,REF,SA05,SA05,SA05,,"Servicio Técnico de Aceleradores Elekta, Horario Hábil y Sin Repuestos",2026-08-03T04:54:39.696Z
11041|ID|11041,11041,ID,11041,11041,SA05,,"Servicio Técnico de Aceleradores Elekta, Horario Hábil y Sin Repuestos",2026-08-03T04:54:39.696Z
12015|REF|sat-52707021,12015,REF,sat-52707021,SAT52707021,sat-52707021,,Resistor 20 ohm,2026-08-03T04:54:39.696Z
12015|ID|12015,12015,ID,12015,12015,sat-52707021,,Resistor 20 ohm,2026-08-03T04:54:39.696Z
12079|REF|SAT-53404002,12079,REF,SAT-53404002,SAT53404002,SAT-53404002,,Rectifier Bridge FAGOR / 10 A,2026-08-03T04:54:39.696Z
12079|ID|12079,12079,ID,12079,12079,SAT-53404002,,Rectifier Bridge FAGOR / 10 A,2026-08-03T04:54:39.696Z
12182|REF|SAT-53416038,12182,REF,SAT-53416038,SAT53416038,SAT-53416038,,IGBT 300A / 1200V,2026-08-03T04:54:39.696Z
12182|ID|12182,12182,ID,12182,12182,SAT-53416038,,IGBT 300A / 1200V,2026-08-03T04:54:39.696Z
12114|REF|SAT-53418039,12114,REF,SAT-53418039,SAT53418039,SAT-53418039,,Power Supply,2026-08-03T04:54:39.696Z
12114|ID|12114,12114,ID,12114,12114,SAT-53418039,,Power Supply,2026-08-03T04:54:39.696Z
12080|REF|SAT-A3004-10,12080,REF,SAT-A3004-10,SATA300410,SAT-A3004-10,,Filament driver PCB,2026-08-03T04:54:39.696Z
12080|ID|12080,12080,ID,12080,12080,SAT-A3004-10,,Filament driver PCB,2026-08-03T04:54:39.696Z
12076|REF|SAT-A3009-11,12076,REF,SAT-A3009-11,SATA300911,SAT-A3009-11,,Interface control PCB,2026-08-03T04:54:39.696Z
12076|ID|12076,12076,ID,12076,12076,SAT-A3009-11,,Interface control PCB,2026-08-03T04:54:39.696Z
12181|REF|SAT-A3063-26,12181,REF,SAT-A3063-26,SATA306326,SAT-A3063-26,,"E6 PCB, IPM Driver",2026-08-03T04:54:39.696Z
12181|ID|12181,12181,ID,12181,12181,SAT-A3063-26,,"E6 PCB, IPM Driver",2026-08-03T04:54:39.696Z
12078|REF|SAT-A3240-05,12078,REF,SAT-A3240-05,SATA324005,SAT-A3240-05,,PCB interface Drac (with flat cable),2026-08-03T04:54:39.696Z
12078|ID|12078,12078,ID,12078,12078,SAT-A3240-05,,PCB interface Drac (with flat cable),2026-08-03T04:54:39.696Z
12081|REF|SAT-A3243-04,12081,REF,SAT-A3243-04,SATA324304,SAT-A3243-04,,Control DRAC PCB,2026-08-03T04:54:39.696Z
12081|ID|12081,12081,ID,12081,12081,SAT-A3243-04,,Control DRAC PCB,2026-08-03T04:54:39.696Z
12200|REF|SAT-A3592-14,12200,REF,SAT-A3592-14,SATA359214,SAT-A3592-14,,Interface Board,2026-08-03T04:54:39.696Z
12200|ID|12200,12200,ID,12200,12200,SAT-A3592-14,,Interface Board,2026-08-03T04:54:39.696Z
12199|REF|SAT-A3640-03,12199,REF,SAT-A3640-03,SATA364003,SAT-A3640-03,,Control Board,2026-08-03T04:54:39.696Z
12199|ID|12199,12199,ID,12199,12199,SAT-A3640-03,,Control Board,2026-08-03T04:54:39.696Z
12342|REF|SAT-A3646-02,12342,REF,SAT-A3646-02,SATA364602,SAT-A3646-02,,Supply Board,2026-08-03T04:54:39.696Z
12342|ID|12342,12342,ID,12342,12342,SAT-A3646-02,,Supply Board,2026-08-03T04:54:39.696Z
12343|REF|SAT-A6099-17,12343,REF,SAT-A6099-17,SATA609917,SAT-A6099-17,,"HV Tank, 1T, 400V, Heavy Duty",2026-08-03T04:54:39.696Z
12343|ID|12343,12343,ID,12343,12343,SAT-A6099-17,,"HV Tank, 1T, 400V, Heavy Duty",2026-08-03T04:54:39.696Z
12234|REF|SATA522008-01,12234,REF,SATA522008-01,SATA52200801,SATA522008-01,,Upgrade HV Tank with safety pressure switch @ 400 Vac,2026-08-03T04:54:39.696Z
12234|ID|12234,12234,ID,12234,12234,SATA522008-01,,Upgrade HV Tank with safety pressure switch @ 400 Vac,2026-08-03T04:54:39.696Z
11064|REF|SBE-001,11064,REF,SBE-001,SBE001,SBE-001,,Bodegaje de Equipo,2026-08-03T04:54:39.696Z
11064|ID|11064,11064,ID,11064,11064,SBE-001,,Bodegaje de Equipo,2026-08-03T04:54:39.696Z
10823|REF|SE001,10823,REF,SE001,SE001,SE001,,Servicio Confección e Instalación,2026-08-03T04:54:39.696Z
10823|ID|10823,10823,ID,10823,10823,SE001,,Servicio Confección e Instalación,2026-08-03T04:54:39.696Z
11496|REF|ServiceStops,11496,REF,ServiceStops,SERVICESTOPS,ServiceStops,,Barras de Seguridad de Final de Carrera de Camilla,2026-08-03T04:54:39.696Z
11496|ID|11496,11496,ID,11496,11496,ServiceStops,,Barras de Seguridad de Final de Carrera de Camilla,2026-08-03T04:54:39.696Z
10888|REF|SI91210,10888,REF,SI91210,SI91210,SI91210,,LUCY 3D QA Phantom,2026-08-03T04:54:39.696Z
10888|ID|10888,10888,ID,10888,10888,SI91210,,LUCY 3D QA Phantom,2026-08-03T04:54:39.696Z
10894|REF|SIF001,10894,REF,SIF001,SIF001,SIF001,,Servicio Internación Fuente,2026-08-03T04:54:39.696Z
10894|ID|10894,10894,ID,10894,10894,SIF001,,Servicio Internación Fuente,2026-08-03T04:54:39.696Z
11335|REF|SIN_NUMERO_SERIE,11335,REF,SIN_NUMERO_SERIE,SINNUMEROSERIE,SIN_NUMERO_SERIE,,Cables coaxiales,2026-08-03T04:54:39.696Z
11335|ID|11335,11335,ID,11335,11335,SIN_NUMERO_SERIE,,Cables coaxiales,2026-08-03T04:54:39.696Z
11332|REF|SIN_SERIE,11332,REF,SIN_SERIE,SINSERIE,SIN_SERIE,,Mangera Harting,2026-08-03T04:54:39.696Z
11332|ID|11332,11332,ID,11332,11332,SIN_SERIE,,Mangera Harting,2026-08-03T04:54:39.696Z
11070|REF|SIS001,11070,REF,SIS001,SIS001,SIS001,,Servicio de Instalación Señalética,2026-08-03T04:54:39.696Z
11070|ID|11070,11070,ID,11070,11070,SIS001,,Servicio de Instalación Señalética,2026-08-03T04:54:39.696Z
11071|REF|SIS002,11071,REF,SIS002,SIS002,SIS002,,Servicio de Instalación Señalética,2026-08-03T04:54:39.696Z
11071|ID|11071,11071,ID,11071,11071,SIS002,,Servicio de Instalación Señalética,2026-08-03T04:54:39.696Z
11132|REF|SIT01,11132,REF,SIT01,SIT01,SIT01,,Servicio Técnico Sordina,2026-08-03T04:54:39.696Z
11132|ID|11132,11132,ID,11132,11132,SIT01,,Servicio Técnico Sordina,2026-08-03T04:54:39.696Z
12018|REF|SKM_300_GB_128D,12018,REF,SKM_300_GB_128D,SKM300GB128D,SKM_300_GB_128D,,IGBT,2026-08-03T04:54:39.696Z
12018|ID|12018,12018,ID,12018,12018,SKM_300_GB_128D,,IGBT,2026-08-03T04:54:39.696Z
10281|REF|SKU130379-26548230,10281,REF,SKU130379-26548230,SKU13037926548230,SKU130379-26548230,,SMA MACHO RF COAXIAL 50 OHM,2026-08-03T04:54:39.696Z
10281|ID|10281,10281,ID,10281,10281,SKU130379-26548230,,SMA MACHO RF COAXIAL 50 OHM,2026-08-03T04:54:39.696Z
10896|REF|SLP001,10896,REF,SLP001,SLP001,SLP001,,Servicio Logístico de Personal,2026-08-03T04:54:39.696Z
10896|ID|10896,10896,ID,10896,10896,SLP001,,Servicio Logístico de Personal,2026-08-03T04:54:39.696Z
11580|REF|SMC07-000,11580,REF,SMC07-000,SMC07000,SMC07-000,,Calculo Independiente,2026-08-03T04:54:39.696Z
11580|ID|11580,11580,ID,11580,11580,SMC07-000,,Calculo Independiente,2026-08-03T04:54:39.696Z
11205|REF|SN-KITTANK-001,11205,REF,SN-KITTANK-001,SNKITTANK001,SN-KITTANK-001,,Kit Tank,2026-08-03T04:54:39.696Z
11205|ID|11205,11205,ID,11205,11205,SN-KITTANK-001,,Kit Tank,2026-08-03T04:54:39.696Z
10829|REF|SNAS,10829,REF,SNAS,SNAS,SNAS,,Servicio de Instalación y Configuración de NAS,2026-08-03T04:54:39.696Z
10829|ID|10829,10829,ID,10829,10829,SNAS,,Servicio de Instalación y Configuración de NAS,2026-08-03T04:54:39.696Z
11932|REF|SNC-0224500Z,11932,REF,SNC-0224500Z,SNC0224500Z,SNC-0224500Z,,PDI 3.0,2026-08-03T04:54:39.696Z
11932|ID|11932,11932,ID,11932,11932,SNC-0224500Z,,PDI 3.0,2026-08-03T04:54:39.696Z
11933|REF|SNC-0224502Z,11933,REF,SNC-0224502Z,SNC0224502Z,SNC-0224502Z,,PDI 3.0 Power Supply,2026-08-03T04:54:39.696Z
11933|ID|11933,11933,ID,11933,11933,SNC-0224502Z,,PDI 3.0 Power Supply,2026-08-03T04:54:39.696Z
11643|REF|SNC-1000R,11643,REF,SNC-1000R,SNC1000R,SNC-1000R,,CT SIM+ 1-Arm Red Laser System with RapidSIM and MICRO Fixed Lasers,2026-08-03T04:54:39.696Z
11643|ID|11643,11643,ID,11643,11643,SNC-1000R,,CT SIM+ 1-Arm Red Laser System with RapidSIM and MICRO Fixed Lasers,2026-08-03T04:54:39.696Z
11822|REF|SNC-1014000-2Z,11822,REF,SNC-1014000-2Z,SNC10140002Z,SNC-1014000-2Z,,PC Electrometer,2026-08-03T04:54:39.696Z
11822|ID|11822,11822,ID,11822,11822,SNC-1014000-2Z,,PC Electrometer,2026-08-03T04:54:39.696Z
11823|REF|SNC-1041000-2Z,11823,REF,SNC-1041000-2Z,SNC10410002Z,SNC-1041000-2Z,,SNC125c Camara de Ionización,2026-08-03T04:54:39.696Z
11823|ID|11823,11823,ID,11823,11823,SNC-1041000-2Z,,SNC125c Camara de Ionización,2026-08-03T04:54:39.696Z
11824|REF|SNC-1045000-2Z,11824,REF,SNC-1045000-2Z,SNC10450002Z,SNC-1045000-2Z,,Parallel Plate Roos Type Chamber,2026-08-03T04:54:39.696Z
11824|ID|11824,11824,ID,11824,11824,SNC-1045000-2Z,,Parallel Plate Roos Type Chamber,2026-08-03T04:54:39.696Z
12072|REF|SNC-1047000-2Z,12072,REF,SNC-1047000-2Z,SNC10470002Z,SNC-1047000-2Z,,SNC600c (BNC) with Absorb to Water Calibration,2026-08-03T04:54:39.696Z
12072|ID|12072,12072,ID,12072,12072,SNC-1047000-2Z,,SNC600c (BNC) with Absorb to Water Calibration,2026-08-03T04:54:39.696Z
11560|REF|SNC-1093000-0Z,11560,REF,SNC-1093000-0Z,SNC10930000Z,SNC-1093000-0Z,,Daily QA 3,2026-08-03T04:54:39.696Z
11560|ID|11560,11560,ID,11560,11560,SNC-1093000-0Z,,Daily QA 3,2026-08-03T04:54:39.696Z
11516|REF|SNC-10X6-1800,11516,REF,SNC-10X6-1800,SNC10X61800,SNC-10X6-1800,,Radiation-protection Ion Chamber,2026-08-03T04:54:39.696Z
11516|ID|11516,11516,ID,11516,11516,SNC-10X6-1800,,Radiation-protection Ion Chamber,2026-08-03T04:54:39.696Z
11818|REF|SNC-1215-1MSD,11818,REF,SNC-1215-1MSD,SNC12151MSD,SNC-1215-1MSD,,SunCHECK Patient Measure SunDEPLOYS,2026-08-03T04:54:39.696Z
11818|ID|11818,11818,ID,11818,11818,SNC-1215-1MSD,,SunCHECK Patient Measure SunDEPLOYS,2026-08-03T04:54:39.696Z
11819|REF|SNC-1215000-1M,11819,REF,SNC-1215000-1M,SNC12150001M,SNC-1215000-1M,,SunCHECK Patient Measure,2026-08-03T04:54:39.696Z
11819|ID|11819,11819,ID,11819,11819,SNC-1215000-1M,,SunCHECK Patient Measure,2026-08-03T04:54:39.696Z
11591|REF|SNC-1217-3SD,11591,REF,SNC-1217-3SD,SNC12173SD,SNC-1217-3SD,,DoseCHECK SunDEPLOYS,2026-08-03T04:54:39.696Z
11591|ID|11591,11591,ID,11591,11591,SNC-1217-3SD,,DoseCHECK SunDEPLOYS,2026-08-03T04:54:39.696Z
11589|REF|SNC-1217000-3,11589,REF,SNC-1217000-3,SNC12170003,SNC-1217000-3,,DoseCHECK ,2026-08-03T04:54:39.696Z
11589|ID|11589,11589,ID,11589,11589,SNC-1217000-3,,DoseCHECK ,2026-08-03T04:54:39.696Z
11846|REF|SNC-1230175Z,11846,REF,SNC-1230175Z,SNC1230175Z,SNC-1230175Z,,SNC125c Build Up Cap Kit,2026-08-03T04:54:39.696Z
11846|ID|11846,11846,ID,11846,11846,SNC-1230175Z,,SNC125c Build Up Cap Kit,2026-08-03T04:54:39.696Z
11594|REF|SNC-1233000-0Z,11594,REF,SNC-1233000-0Z,SNC12330000Z,SNC-1233000-0Z,,1D SCANNER,2026-08-03T04:54:39.696Z
11594|ID|11594,11594,ID,11594,11594,SNC-1233000-0Z,,1D SCANNER,2026-08-03T04:54:39.696Z
11590|REF|SNC-1299910Z,11590,REF,SNC-1299910Z,SNC1299910Z,SNC-1299910Z,,60T SunCHECK Tower Server,2026-08-03T04:54:39.696Z
11590|ID|11590,11590,ID,11590,11590,SNC-1299910Z,,60T SunCHECK Tower Server,2026-08-03T04:54:39.696Z
11520|REF|SNC-20V40P,11520,REF,SNC-20V40P,SNC20V40P,SNC-20V40P,,Carry Case,2026-08-03T04:54:39.696Z
11520|ID|11520,11520,ID,11520,11520,SNC-20V40P,,Carry Case,2026-08-03T04:54:39.696Z
11646|REF|SNC-3000R,11646,REF,SNC-3000R,SNC3000R,SNC-3000R,,CT SIM+ 3-Arm Red Laser System with RapidSIM and MICRO Fixed Lasers,2026-08-03T04:54:39.696Z
11646|ID|11646,11646,ID,11646,11646,SNC-3000R,,CT SIM+ 3-Arm Red Laser System with RapidSIM and MICRO Fixed Lasers,2026-08-03T04:54:39.696Z
11522|REF|SNC-40V94S,11522,REF,SNC-40V94S,SNC40V94S,SNC-40V94S,,Carry Case,2026-08-03T04:54:39.696Z
11522|ID|11522,11522,ID,11522,11522,SNC-40V94S,,Carry Case,2026-08-03T04:54:39.696Z
11703|REF|SNC-464-SC,11703,REF,SNC-464-SC,SNC464SC,SNC-464-SC,,Cloth Case for 464 Phantom,2026-08-03T04:54:39.696Z
11703|ID|11703,11703,ID,11703,11703,SNC-464-SC,,Cloth Case for 464 Phantom,2026-08-03T04:54:39.696Z
11702|REF|SNC-464-STND,11702,REF,SNC-464-STND,SNC464STND,SNC-464-STND,,CT ACR 464 Phantom Stand,2026-08-03T04:54:39.696Z
11702|ID|11702,11702,ID,11702,11702,SNC-464-STND,,CT ACR 464 Phantom Stand,2026-08-03T04:54:39.696Z
11704|REF|SNC-464A,11704,REF,SNC-464A,SNC464A,SNC-464A,,CT ACR 464 Phantom,2026-08-03T04:54:39.696Z
11704|ID|11704,11704,ID,11704,11704,SNC-464A,,CT ACR 464 Phantom,2026-08-03T04:54:39.696Z
11566|REF|SNC-468-BH,11566,REF,SNC-468-BH,SNC468BH,SNC-468-BH,,CT Dose Index Phantom - 2 Piece,2026-08-03T04:54:39.696Z
11566|ID|11566,11566,ID,11566,11566,SNC-468-BH,,CT Dose Index Phantom - 2 Piece,2026-08-03T04:54:39.696Z
11562|REF|SNC-6953111,11562,REF,SNC-6953111,SNC6953111,SNC-6953111,,Daily QA 3 - Repair Order,2026-08-03T04:54:39.696Z
11562|ID|11562,11562,ID,11562,11562,SNC-6953111,,Daily QA 3 - Repair Order,2026-08-03T04:54:39.696Z
11935|REF|SNC-715012,11935,REF,SNC-715012,SNC715012,SNC-715012,,RTQA2,2026-08-03T04:54:39.696Z
11935|ID|11935,11935,ID,11935,11935,SNC-715012,,RTQA2,2026-08-03T04:54:39.696Z
11513|REF|SNC-800006,11513,REF,SNC-800006,SNC800006,SNC-800006,,164A,2026-08-03T04:54:39.696Z
11513|ID|11513,11513,ID,11513,11513,SNC-800006,,164A,2026-08-03T04:54:39.696Z
11561|REF|SNC-801073Z,11561,REF,SNC-801073Z,SNC801073Z,SNC-801073Z,,PDI 3.0 Power-data cable / 25 meter,2026-08-03T04:54:39.696Z
11561|ID|11561,11561,ID,11561,11561,SNC-801073Z,,PDI 3.0 Power-data cable / 25 meter,2026-08-03T04:54:39.696Z
11514|REF|SNC-801810,11514,REF,SNC-801810,SNC801810,SNC-801810,,159A-BR,2026-08-03T04:54:39.696Z
11514|ID|11514,11514,ID,11514,11514,SNC-801810,,159A-BR,2026-08-03T04:54:39.696Z
11949|REF|SNC-804740,11949,REF,SNC-804740,SNC804740,SNC-804740,,CT ACR 464 Phantom,2026-08-03T04:54:39.696Z
11949|ID|11949,11949,ID,11949,11949,SNC-804740,,CT ACR 464 Phantom,2026-08-03T04:54:39.696Z
11950|REF|SNC-804868,11950,REF,SNC-804868,SNC804868,SNC-804868,,Stand for CT ACR 464 Phantom,2026-08-03T04:54:39.696Z
11950|ID|11950,11950,ID,11950,11950,SNC-804868,,Stand for CT ACR 464 Phantom,2026-08-03T04:54:39.696Z
11934|REF|SNC-805471,11934,REF,SNC-805471,SNC805471,SNC-805471,,DRILLED & SCRIBED SOLID WATER HE 30 x 30 x 2.0 cm.,2026-08-03T04:54:39.696Z
11934|ID|11934,11934,ID,11934,11934,SNC-805471,,DRILLED & SCRIBED SOLID WATER HE 30 x 30 x 2.0 cm.,2026-08-03T04:54:39.696Z
11951|REF|SNC-805541,11951,REF,SNC-805541,SNC805541,SNC-805541,,"Soft Sided Case for 464 Phantom, Stand, and Extender Plates",2026-08-03T04:54:39.696Z
11951|ID|11951,11951,ID,11951,11951,SNC-805541,,"Soft Sided Case for 464 Phantom, Stand, and Extender Plates",2026-08-03T04:54:39.696Z
11679|REF|SNC-805549,11679,REF,SNC-805549,SNC805549,SNC-805549,,468-BHP - CT Dose Index Phantom,2026-08-03T04:54:39.696Z
11679|ID|11679,11679,ID,11679,11679,SNC-805549,,468-BHP - CT Dose Index Phantom,2026-08-03T04:54:39.696Z
11493|REF|SNC-805709,11493,REF,SNC-805709,SNC805709,SNC-805709,,Laser patient positioning system,2026-08-03T04:54:39.696Z
11493|ID|11493,11493,ID,11493,11493,SNC-805709,,Laser patient positioning system,2026-08-03T04:54:39.696Z
11492|REF|SNC-805710,11492,REF,SNC-805710,SNC805710,SNC-805710,,Laser patient positioning system,2026-08-03T04:54:39.696Z
11492|ID|11492,11492,ID,11492,11492,SNC-805710,,Laser patient positioning system,2026-08-03T04:54:39.696Z
11696|REF|SNC-805724,11696,REF,SNC-805724,SNC805724,SNC-805724,,"MICRO+ Sagittal Laser, Red",2026-08-03T04:54:39.696Z
11696|ID|11696,11696,ID,11696,11696,SNC-805724,,"MICRO+ Sagittal Laser, Red",2026-08-03T04:54:39.696Z
11695|REF|SNC-805725,11695,REF,SNC-805725,SNC805725,SNC-805725,,"MICRO+ Crosshair Laser, Red",2026-08-03T04:54:39.696Z
11695|ID|11695,11695,ID,11695,11695,SNC-805725,,"MICRO+ Crosshair Laser, Red",2026-08-03T04:54:39.696Z
11705|REF|SNC-805795,11705,REF,SNC-805795,SNC805795,SNC-805795,,Accu-Dose+ CTDI kit by Radcal,2026-08-03T04:54:39.696Z
11705|ID|11705,11705,ID,11705,11705,SNC-805795,,Accu-Dose+ CTDI kit by Radcal,2026-08-03T04:54:39.696Z
11953|REF|SNC-805796,11953,REF,SNC-805796,SNC805796,SNC-805796,,Accu-Dose+ CTDI kit with tablet by Radcal,2026-08-03T04:54:39.696Z
11953|ID|11953,11953,ID,11953,11953,SNC-805796,,Accu-Dose+ CTDI kit with tablet by Radcal,2026-08-03T04:54:39.696Z
11515|REF|SNC-805797,11515,REF,SNC-805797,SNC805797,SNC-805797,,Radcal Multipurpose Kit D,2026-08-03T04:54:39.696Z
11515|ID|11515,11515,ID,11515,11515,SNC-805797,,Radcal Multipurpose Kit D,2026-08-03T04:54:39.696Z
11680|REF|SNC-805825,11680,REF,SNC-805825,SNC805825,SNC-805825,,Radcal R/F Kit D,2026-08-03T04:54:39.696Z
11680|ID|11680,11680,ID,11680,11680,SNC-805825,,Radcal R/F Kit D,2026-08-03T04:54:39.696Z
11814|REF|SNC-805870,11814,REF,SNC-805870,SNC805870,SNC-805870,,"MLG+3000MR MICRO+ MR - 3 Unit Laser Positioning System for MRI Rooms, Green",2026-08-03T04:54:39.696Z
11814|ID|11814,11814,ID,11814,11814,SNC-805870,,"MLG+3000MR MICRO+ MR - 3 Unit Laser Positioning System for MRI Rooms, Green",2026-08-03T04:54:39.696Z
12026|REF|SNC-805939,12026,REF,SNC-805939,SNC805939,SNC-805939,,Digital Compression Scale,2026-08-03T04:54:39.696Z
12026|ID|12026,12026,ID,12026,12026,SNC-805939,,Digital Compression Scale,2026-08-03T04:54:39.696Z
11952|REF|SNC-806017,11952,REF,SNC-806017,SNC806017,SNC-806017,,RapidCHECK Automation Analysis Software Platform,2026-08-03T04:54:39.696Z
11952|ID|11952,11952,ID,11952,11952,SNC-806017,,RapidCHECK Automation Analysis Software Platform,2026-08-03T04:54:39.696Z
12070|REF|SNC-806031,12070,REF,SNC-806031,SNC806031,SNC-806031,,CT SIM + Sistema de láser verde de 3 brazos con RapidSIM,2026-08-03T04:54:39.696Z
12070|ID|12070,12070,ID,12070,12070,SNC-806031,,CT SIM + Sistema de láser verde de 3 brazos con RapidSIM,2026-08-03T04:54:39.696Z
12068|REF|SNC-806047,12068,REF,SNC-806047,SNC806047,SNC-806047,,Micro+ Green 4-Unit Laser Positioning System with Remote,2026-08-03T04:54:39.696Z
12068|ID|12068,12068,ID,12068,12068,SNC-806047,,Micro+ Green 4-Unit Laser Positioning System with Remote,2026-08-03T04:54:39.696Z
11519|REF|SNC-8905,11519,REF,SNC-8905,SNC8905,SNC-8905,,Universal chamber holder,2026-08-03T04:54:39.696Z
11519|ID|11519,11519,ID,11519,11519,SNC-8905,,Universal chamber holder,2026-08-03T04:54:39.696Z
11518|REF|SNC-90E6-4,11518,REF,SNC-90E6-4,SNC90E64,SNC-90E6-4,,Ion Chamber Extension cable,2026-08-03T04:54:39.696Z
11518|ID|11518,11518,ID,11518,11518,SNC-90E6-4,,Ion Chamber Extension cable,2026-08-03T04:54:39.696Z
11517|REF|SNC-ADDM+,11517,REF,SNC-ADDM+,SNCADDM,SNC-ADDM+,,Accu-Dose+ Digitizer Module,2026-08-03T04:54:39.696Z
11517|ID|11517,11517,ID,11517,11517,SNC-ADDM+,,Accu-Dose+ Digitizer Module,2026-08-03T04:54:39.696Z
11521|REF|SNC-AGTABSGOKEX,11521,REF,SNC-AGTABSGOKEX,SNCAGTABSGOKEX,SNC-AGTABSGOKEX,,Display with keyboard,2026-08-03T04:54:39.696Z
11521|ID|11521,11521,ID,11521,11521,SNC-AGTABSGOKEX,,Display with keyboard,2026-08-03T04:54:39.696Z
11936|REF|SNC-EBT-XD,11936,REF,SNC-EBT-XD,SNCEBTXD,SNC-EBT-XD,,EBT-XD,2026-08-03T04:54:39.696Z
11936|ID|11936,11936,ID,11936,11936,SNC-EBT-XD,,EBT-XD,2026-08-03T04:54:39.696Z
11701|REF|SNC-RC-1000,11701,REF,SNC-RC-1000,SNCRC1000,SNC-RC-1000,,"RapidCHECK 464/ACR CT, 1467 Adv Elec Dens, 1472 MECT",2026-08-03T04:54:39.696Z
11701|ID|11701,11701,ID,11701,11701,SNC-RC-1000,,"RapidCHECK 464/ACR CT, 1467 Adv Elec Dens, 1472 MECT",2026-08-03T04:54:39.696Z
10890|REF|SNC1179000-0z,10890,REF,SNC1179000-0z,SNC11790000Z,SNC1179000-0z,,SRS MapCHECK + StereoPHAN,2026-08-03T04:54:39.696Z
10890|ID|10890,10890,ID,10890,10890,SNC1179000-0z,,SRS MapCHECK + StereoPHAN,2026-08-03T04:54:39.696Z
11671|REF|SNC1179000-HF,11671,REF,SNC1179000-HF,SNC1179000HF,SNC1179000-HF,,Head Frame for Brainlab System,2026-08-03T04:54:39.696Z
11671|ID|11671,11671,ID,11671,11671,SNC1179000-HF,,Head Frame for Brainlab System,2026-08-03T04:54:39.696Z
11672|REF|SNC1220000-0Z,11672,REF,SNC1220000-0Z,SNC12200000Z,SNC1220000-0Z,,ArcCHECK 4D Isotropic Arc Delivery QA,2026-08-03T04:54:39.696Z
11672|ID|11672,11672,ID,11672,11672,SNC1220000-0Z,,ArcCHECK 4D Isotropic Arc Delivery QA,2026-08-03T04:54:39.696Z
11673|REF|SNC1220000-3Z,11673,REF,SNC1220000-3Z,SNC12200003Z,SNC1220000-3Z,,ArcCHECK PMMA MultiPlug,2026-08-03T04:54:39.696Z
11673|ID|11673,11673,ID,11673,11673,SNC1220000-3Z,,ArcCHECK PMMA MultiPlug,2026-08-03T04:54:39.696Z
11674|REF|SNC1220628Z,11674,REF,SNC1220628Z,SNC1220628Z,SNC1220628Z,,Inner Plug Exradin A14SL - Semiflex,2026-08-03T04:54:39.696Z
11674|ID|11674,11674,ID,11674,11674,SNC1220628Z,,Inner Plug Exradin A14SL - Semiflex,2026-08-03T04:54:39.696Z
10710|REF|SRE,10710,REF,SRE,SRE,SRE,,Soporte Remoto ELEKTA,2026-08-03T04:54:39.696Z
10710|ID|10710,10710,ID,10710,10710,SRE,,Soporte Remoto ELEKTA,2026-08-03T04:54:39.696Z
11304|REF|SRE01,11304,REF,SRE01,SRE01,SRE01,,Servicio Remoto de Softwares Elekta,2026-08-03T04:54:39.696Z
11304|ID|11304,11304,ID,11304,11304,SRE01,,Servicio Remoto de Softwares Elekta,2026-08-03T04:54:39.696Z
11069|REF|SSC001,11069,REF,SSC001,SSC001,SSC001,,Confección Caja Control Señalética,2026-08-03T04:54:39.696Z
11069|ID|11069,11069,ID,11069,11069,SSC001,,Confección Caja Control Señalética,2026-08-03T04:54:39.696Z
10897|REF|SSI001,10897,REF,SSI001,SSI001,SSI001,,Source Installation Service,2026-08-03T04:54:39.696Z
10897|ID|10897,10897,ID,10897,10897,SSI001,,Source Installation Service,2026-08-03T04:54:39.696Z
10712|REF|ST01,10712,REF,ST01,ST01,ST01,,Servicio a Terreno a Talca,2026-08-03T04:54:39.696Z
10712|ID|10712,10712,ID,10712,10712,ST01,,Servicio a Terreno a Talca,2026-08-03T04:54:39.696Z
11127|REF|ST99,11127,REF,ST99,ST99,ST99,,Servicio Mantención VersaHD,2026-08-03T04:54:39.696Z
11127|ID|11127,11127,ID,11127,11127,ST99,,Servicio Mantención VersaHD,2026-08-03T04:54:39.696Z
10895|REF|STI001,10895,REF,STI001,STI001,STI001,,Servicio Traslado Fuente,2026-08-03T04:54:39.696Z
10895|ID|10895,10895,ID,10895,10895,STI001,,Servicio Traslado Fuente,2026-08-03T04:54:39.696Z
11720|REF|Swing_Door,11720,REF,Swing_Door,SWINGDOOR,Swing_Door,,Swing Door from SCS,2026-08-03T04:54:39.696Z
11720|ID|11720,11720,ID,11720,11720,Swing_Door,,Swing Door from SCS,2026-08-03T04:54:39.696Z
11196|REF|T00008164-00,11196,REF,T00008164-00,T0000816400,T00008164-00,,BASE OF GRIPPING FINGER (LEFT SIDE),2026-08-03T04:54:39.696Z
11196|ID|11196,11196,ID,11196,11196,T00008164-00,,BASE OF GRIPPING FINGER (LEFT SIDE),2026-08-03T04:54:39.696Z
11197|REF|T00008165-00,11197,REF,T00008165-00,T0000816500,T00008165-00,,BASE OF GRIPPING FINGER (RIGHT SIDE),2026-08-03T04:54:39.696Z
11197|ID|11197,11197,ID,11197,11197,T00008165-00,,BASE OF GRIPPING FINGER (RIGHT SIDE),2026-08-03T04:54:39.696Z
11199|REF|T00008174-00,11199,REF,T00008174-00,T0000817400,T00008174-00,,HEAD OF GRIPPING FINGER (LEFT SIDE),2026-08-03T04:54:39.696Z
11199|ID|11199,11199,ID,11199,11199,T00008174-00,,HEAD OF GRIPPING FINGER (LEFT SIDE),2026-08-03T04:54:39.696Z
11200|REF|T00008175-00,11200,REF,T00008175-00,T0000817500,T00008175-00,,HEAD OF GRIPPING FINGER (RIGHT SIDE),2026-08-03T04:54:39.696Z
11200|ID|11200,11200,ID,11200,11200,T00008175-00,,HEAD OF GRIPPING FINGER (RIGHT SIDE),2026-08-03T04:54:39.696Z
11202|REF|T00008177-00,11202,REF,T00008177-00,T0000817700,T00008177-00,,Plastic stopper for gripping head,2026-08-03T04:54:39.696Z
11202|ID|11202,11202,ID,11202,11202,T00008177-00,,Plastic stopper for gripping head,2026-08-03T04:54:39.696Z
11201|REF|T00008178-00,11201,REF,T00008178-00,T0000817800,T00008178-00,,PLASTIC STOPPER FOR GRIPPING BASE,2026-08-03T04:54:39.696Z
11201|ID|11201,11201,ID,11201,11201,T00008178-00,,PLASTIC STOPPER FOR GRIPPING BASE,2026-08-03T04:54:39.696Z
11901|REF|T00010986-01-NR3,11901,REF,T00010986-01-NR3,T0001098601NR3,T00010986-01-NR3,,BASE JERINGA 5 ML,2026-08-03T04:54:39.696Z
11901|ID|11901,11901,ID,11901,11901,T00010986-01-NR3,,BASE JERINGA 5 ML,2026-08-03T04:54:39.696Z
11899|REF|T00010987-01-NR5,11899,REF,T00010987-01-NR5,T0001098701NR5,T00010987-01-NR5,,BASE JERINGA 20 ML,2026-08-03T04:54:39.696Z
11899|ID|11899,11899,ID,11899,11899,T00010987-01-NR5,,BASE JERINGA 20 ML,2026-08-03T04:54:39.696Z
11900|REF|T00010988-01-NR2,11900,REF,T00010988-01-NR2,T0001098801NR2,T00010988-01-NR2,,BASE JERINGA 50 ML,2026-08-03T04:54:39.696Z
11900|ID|11900,11900,ID,11900,11900,T00010988-01-NR2,,BASE JERINGA 50 ML,2026-08-03T04:54:39.696Z
12252|REF|T00207034,12252,REF,T00207034,T00207034,T00207034,,PROTECTIVE GLASS FOR VIAL HEIGHT SENSOR,2026-08-03T04:54:39.696Z
12252|ID|12252,12252,ID,12252,12252,T00207034,,PROTECTIVE GLASS FOR VIAL HEIGHT SENSOR,2026-08-03T04:54:39.696Z
11204|REF|T10001483_01,11204,REF,T10001483_01,T1000148301,T10001483_01,,SUPPORT CAMERA FOR NEEDLE RECOGNITION,2026-08-03T04:54:39.696Z
11204|ID|11204,11204,ID,11204,11204,T10001483_01,,SUPPORT CAMERA FOR NEEDLE RECOGNITION,2026-08-03T04:54:39.696Z
10718|REF|T5D-03191,10718,REF,T5D-03191,T5D03191,T5D-03191,,Microsoft Office Home and Business 2019,2026-08-03T04:54:39.696Z
10718|ID|10718,10718,ID,10718,10718,T5D-03191,,Microsoft Office Home and Business 2019,2026-08-03T04:54:39.696Z
11108|REF|TAX_(ADUANAS),11108,REF,TAX_(ADUANAS),TAXADUANAS,TAX_(ADUANAS),,TAX (ADUANAS),2026-08-03T04:54:39.696Z
11108|ID|11108,11108,ID,11108,11108,TAX_(ADUANAS),,TAX (ADUANAS),2026-08-03T04:54:39.696Z
10916|REF|TC01,10916,REF,TC01,TC01,TC01,,Tecle 1t,2026-08-03T04:54:39.696Z
10916|ID|10916,10916,ID,10916,10916,TC01,,Tecle 1t,2026-08-03T04:54:39.696Z
11728|REF|TC02,11728,REF,TC02,TC02,TC02,,Tecle 2t,2026-08-03T04:54:39.696Z
11728|ID|11728,11728,ID,11728,11728,TC02,,Tecle 2t,2026-08-03T04:54:39.696Z
11729|REF|TC03,11729,REF,TC03,TC03,TC03,,Tecle 3t,2026-08-03T04:54:39.696Z
11729|ID|11729,11729,ID,11729,11729,TC03,,Tecle 3t,2026-08-03T04:54:39.696Z
11125|REF|TEMO5000,11125,REF,TEMO5000,TEMO5000,TEMO5000,,CALIBRACION DETECTOR FLUKE,2026-08-03T04:54:39.696Z
11125|ID|11125,11125,ID,11125,11125,TEMO5000,,CALIBRACION DETECTOR FLUKE,2026-08-03T04:54:39.696Z
11564|REF|test,11564,REF,test,TEST,test,,test 11082020,2026-08-03T04:54:39.696Z
11564|ID|11564,11564,ID,11564,11564,test,,test 11082020,2026-08-03T04:54:39.696Z
11565|REF|test_sc,11565,REF,test_sc,TESTSC,test_sc,,sc,2026-08-03T04:54:39.696Z
11565|ID|11565,11565,ID,11565,11565,test_sc,,sc,2026-08-03T04:54:39.696Z
11903|REF|TF10,11903,REF,TF10,TF10,TF10,,Aceite Triflow Spray 10 oz (Lubricante Agility),2026-08-03T04:54:39.696Z
11903|ID|11903,11903,ID,11903,11903,TF10,,Aceite Triflow Spray 10 oz (Lubricante Agility),2026-08-03T04:54:39.696Z
4|REF|TI-03,4,REF,TI-03,TI03,TI-03,,NAS Storage,2026-08-03T04:54:39.696Z
4|ID|4,4,ID,4,4,TI-03,,NAS Storage,2026-08-03T04:54:39.696Z
11319|REF|tipo_I&T_101.1_c.m_31_8404_16,11319,REF,tipo_I&T_101.1_c.m_31_8404_16,TIPOIT1011CM31840416,tipo_I&T_101.1_c.m_31_8404_16,,Motor corriente continua,2026-08-03T04:54:39.696Z
11319|ID|11319,11319,ID,11319,11319,tipo_I&T_101.1_c.m_31_8404_16,,Motor corriente continua,2026-08-03T04:54:39.696Z
8|REF|TPS01,8,REF,TPS01,TPS01,TPS01,,CMS Direct Storage,2026-08-03T04:54:39.696Z
8|ID|8,8,ID,8,8,TPS01,,CMS Direct Storage,2026-08-03T04:54:39.696Z
11317|REF|TS1_240-124P,11317,REF,TS1_240-124P,TS1240124P,TS1_240-124P,,Fuente de poder Traco Power,2026-08-03T04:54:39.696Z
11317|ID|11317,11317,ID,11317,11317,TS1_240-124P,,Fuente de poder Traco Power,2026-08-03T04:54:39.696Z
13|REF|TV01,13,REF,TV01,TV01,TV01,,"TV 42"" SynergistiQ",2026-08-03T04:54:39.696Z
13|ID|13,13,ID,13,13,TV01,,"TV 42"" SynergistiQ",2026-08-03T04:54:39.696Z
7|REF|Vac-Q-Fix_Cushion_for_upper_body,7,REF,Vac-Q-Fix_Cushion_for_upper_body,VACQFIXCUSHIONFORUPPERBODY,Vac-Q-Fix_Cushion_for_upper_body,,Posicionadores,2026-08-03T04:54:39.696Z
7|ID|7,7,ID,7,7,Vac-Q-Fix_Cushion_for_upper_body,,Posicionadores,2026-08-03T04:54:39.696Z
11726|REF|VD001,11726,REF,VD001,VD001,VD001,,Sistema de Puerta Inteligente Veritas para Protección de Radiación,2026-08-03T04:54:39.696Z
11726|ID|11726,11726,ID,11726,11726,VD001,,Sistema de Puerta Inteligente Veritas para Protección de Radiación,2026-08-03T04:54:39.696Z
11583|REF|Versa_HD,11583,REF,Versa_HD,VERSAHD,Versa_HD,,Acelerador Lineal Elekta Versa HD,2026-08-03T04:54:39.696Z
11583|ID|11583,11583,ID,11583,11583,Versa_HD,,Acelerador Lineal Elekta Versa HD,2026-08-03T04:54:39.696Z
11959|REF|VTE_Install,11959,REF,VTE_Install,VTEINSTALL,VTE_Install,,Dose Calibrator trainning,2026-08-03T04:54:39.696Z
11959|ID|11959,11959,ID,11959,11959,VTE_Install,,Dose Calibrator trainning,2026-08-03T04:54:39.696Z
10802|REF|W-410141,10802,REF,W-410141,W410141,W-410141,,Aguja de Bomba,2026-08-03T04:54:39.696Z
10802|ID|10802,10802,ID,10802,10802,W-410141,,Aguja de Bomba,2026-08-03T04:54:39.696Z
11732|REF|WD40,11732,REF,WD40,WD40,WD40,,WD40,2026-08-03T04:54:39.696Z
11732|ID|11732,11732,ID,11732,11732,WD40,,WD40,2026-08-03T04:54:39.696Z
11653|REF|WD40EFAX,11653,REF,WD40EFAX,WD40EFAX,WD40EFAX,,"Disco Duro Interno Western Digital NAS Red 4TB 3.5, SATA 6Gb/s, 5400RPM, 256MB Buffer",2026-08-03T04:54:39.696Z
11653|ID|11653,11653,ID,11653,11653,WD40EFAX,,"Disco Duro Interno Western Digital NAS Red 4TB 3.5, SATA 6Gb/s, 5400RPM, 256MB Buffer",2026-08-03T04:54:39.696Z
11889|REF|WDP9A,11889,REF,WDP9A,WDP9A,WDP9A,,Cables de Motor de Jeringa,2026-08-03T04:54:39.696Z
11889|ID|11889,11889,ID,11889,11889,WDP9A,,Cables de Motor de Jeringa,2026-08-03T04:54:39.696Z
11232|REF|X277010,11232,REF,X277010,X277010,X277010,,FUSE 5X20 4A,2026-08-03T04:54:39.696Z
11232|ID|11232,11232,ID,11232,11232,X277010,,FUSE 5X20 4A,2026-08-03T04:54:39.696Z
11037|REF|1010848,11037,REF,1010848,1010848,1010848,,"Mirror assembly, optics (Agility)",2026-08-03T04:54:39.696Z
11037|ID|11037,11037,ID,11037,11037,1010848,,"Mirror assembly, optics (Agility)",2026-08-03T04:54:39.696Z
12087|REF|1010848_usado,12087,REF,1010848_usado,1010848USADO,1010848_usado,,"Mirror assembly, optics (Agility)",2026-08-03T04:54:39.696Z
12087|ID|12087,12087,ID,12087,12087,1010848_usado,,"Mirror assembly, optics (Agility)",2026-08-03T04:54:39.696Z
11852|REF|1010854,11852,REF,1010854,1010854,1010854,,Turbo Mocelular Pump,2026-08-03T04:54:39.696Z
11852|ID|11852,11852,ID,11852,11852,1010854,,Turbo Mocelular Pump,2026-08-03T04:54:39.696Z
12034|REF|1010925_usado,12034,REF,1010925_usado,1010925USADO,1010925_usado,,Screen assembly crosswire Agility Head,2026-08-03T04:54:39.696Z
12034|ID|12034,12034,ID,12034,12034,1010925_usado,,Screen assembly crosswire Agility Head,2026-08-03T04:54:39.696Z
11035|REF|1011030,11035,REF,1011030,1011030,1011030,,"Lens, Collimator",2026-08-03T04:54:39.696Z
11035|ID|11035,11035,ID,11035,11035,1011030,,"Lens, Collimator",2026-08-03T04:54:39.696Z
12193|REF|1011030_usado,12193,REF,1011030_usado,1011030USADO,1011030_usado,,"Lens, collimator",2026-08-03T04:54:39.696Z
12193|ID|12193,12193,ID,12193,12193,1011030_usado,,"Lens, collimator",2026-08-03T04:54:39.696Z
11998|REF|1011033,11998,REF,1011033,1011033,1011033,,250Gb SATA Hard Disk Drive,2026-08-03T04:54:39.696Z
11998|ID|11998,11998,ID,11998,11998,1011033,,250Gb SATA Hard Disk Drive,2026-08-03T04:54:39.696Z
11771|REF|1011806,11771,REF,1011806,1011806,1011806,,Hex socket head cap screw,2026-08-03T04:54:39.696Z
11771|ID|11771,11771,ID,11771,11771,1011806,,Hex socket head cap screw,2026-08-03T04:54:39.696Z
12102|REF|1012527,12102,REF,1012527,1012527,1012527,,Circuit breaker single pole CB14 (10A),2026-08-03T04:54:39.696Z
12102|ID|12102,12102,ID,12102,12102,1012527,,Circuit breaker single pole CB14 (10A),2026-08-03T04:54:39.696Z
12150|REF|1013552,12150,REF,1013552,1013552,1013552,,Optics Casting Assy,2026-08-03T04:54:39.696Z
12150|ID|12150,12150,ID,12150,12150,1013552,,Optics Casting Assy,2026-08-03T04:54:39.696Z
11963|REF|1013681,11963,REF,1013681,1013681,1013681,,RF output window,2026-08-03T04:54:39.696Z
11963|ID|11963,11963,ID,11963,11963,1013681,,RF output window,2026-08-03T04:54:39.696Z
12221|REF|1013865,12221,REF,1013865,1013865,1013865,,"PCB assembly, decoder",2026-08-03T04:54:39.696Z
12221|ID|12221,12221,ID,12221,12221,1013865,,"PCB assembly, decoder",2026-08-03T04:54:39.696Z
12336|REF|1013877,12336,REF,1013877,1013877,1013877,,Lateral Drive Assembly Kit,2026-08-03T04:54:39.696Z
12336|ID|12336,12336,ID,12336,12336,1013877,,Lateral Drive Assembly Kit,2026-08-03T04:54:39.696Z
11742|REF|1013990,11742,REF,1013990,1013990,1013990,,Cable Assy MLC Vid Loopbk Head,2026-08-03T04:54:39.696Z
11742|ID|11742,11742,ID,11742,11742,1013990,,Cable Assy MLC Vid Loopbk Head,2026-08-03T04:54:39.696Z
10952|REF|1014204,10952,REF,1014204,1014204,1014204,,Ceramic ion chamber (MR),2026-08-03T04:54:39.696Z
10952|ID|10952,10952,ID,10952,10952,1014204,,Ceramic ion chamber (MR),2026-08-03T04:54:39.696Z
11677|REF|1014474,11677,REF,1014474,1014474,1014474,,Cable Assy sw1/sw2 T,2026-08-03T04:54:39.696Z
11677|ID|11677,11677,ID,11677,11677,1014474,,Cable Assy sw1/sw2 T,2026-08-03T04:54:39.696Z
11919|REF|1014474_usado,11919,REF,1014474_usado,1014474USADO,1014474_usado,,Cable Assy sw1/sw2 T,2026-08-03T04:54:39.696Z
11919|ID|11919,11919,ID,11919,11919,1014474_usado,,Cable Assy sw1/sw2 T,2026-08-03T04:54:39.696Z
10899|REF|1014599,10899,REF,1014599,1014599,1014599,,Adaptador de marco,2026-08-03T04:54:39.696Z
10899|ID|10899,10899,ID,10899,10899,1014599,,Adaptador de marco,2026-08-03T04:54:39.696Z
11770|REF|1014717,11770,REF,1014717,1014717,1014717,,"Screw, shoulder socket steel black",2026-08-03T04:54:39.696Z
11770|ID|11770,11770,ID,11770,11770,1014717,,"Screw, shoulder socket steel black",2026-08-03T04:54:39.696Z
11168|REF|1014726,11168,REF,1014726,1014726,1014726,,Assy Carriage Marker Reference Plate,2026-08-03T04:54:39.696Z
11168|ID|11168,11168,ID,11168,11168,1014726,,Assy Carriage Marker Reference Plate,2026-08-03T04:54:39.696Z
11767|REF|1014792,11767,REF,1014792,1014792,1014792,,"Setting jig, Iso",2026-08-03T04:54:39.696Z
11767|ID|11767,11767,ID,11767,11767,1014792,,"Setting jig, Iso",2026-08-03T04:54:39.696Z
11766|REF|1014793,11766,REF,1014793,1014793,1014793,,"Setting jig, Targuet",2026-08-03T04:54:39.696Z
11766|ID|11766,11766,ID,11766,11766,1014793,,"Setting jig, Targuet",2026-08-03T04:54:39.696Z
10958|REF|1015075,10958,REF,1015075,1015075,1015075,,"Cable, retractile, MLC (SK25AA–SK26A)",2026-08-03T04:54:39.696Z
10958|ID|10958,10958,ID,10958,10958,1015075,,"Cable, retractile, MLC (SK25AA–SK26A)",2026-08-03T04:54:39.696Z
11944|REF|1015075_usado,11944,REF,1015075_usado,1015075USADO,1015075_usado,,Cintas Retractil BLD,2026-08-03T04:54:39.696Z
11944|ID|11944,11944,ID,11944,11944,1015075_usado,,Cintas Retractil BLD,2026-08-03T04:54:39.696Z
10957|REF|1015076,10957,REF,1015076,1015076,1015076,,"Cable, retractile, MLC (SK25BB–SK26B)",2026-08-03T04:54:39.696Z
10957|ID|10957,10957,ID,10957,10957,1015076,,"Cable, retractile, MLC (SK25BB–SK26B)",2026-08-03T04:54:39.696Z
11945|REF|1015076_usado,11945,REF,1015076_usado,1015076USADO,1015076_usado,,Cintas Retractil BLD,2026-08-03T04:54:39.696Z
11945|ID|11945,11945,ID,11945,11945,1015076_usado,,Cintas Retractil BLD,2026-08-03T04:54:39.696Z
12121|REF|1015480,12121,REF,1015480,1015480,1015480,,"Drive, Valve Sauter AVM, 105S F132",2026-08-03T04:54:39.696Z
12121|ID|12121,12121,ID,12121,12121,1015480,,"Drive, Valve Sauter AVM, 105S F132",2026-08-03T04:54:39.696Z
12045|REF|1015493,12045,REF,1015493,1015493,1015493,,Expansion Pressure Vessel,2026-08-03T04:54:39.696Z
12045|ID|12045,12045,ID,12045,12045,1015493,,Expansion Pressure Vessel,2026-08-03T04:54:39.696Z
11170|REF|1015507,11170,REF,1015507,1015507,1015507,,DIA and DLG Slide Assy Screws,2026-08-03T04:54:39.696Z
11170|ID|11170,11170,ID,11170,11170,1015507,,DIA and DLG Slide Assy Screws,2026-08-03T04:54:39.696Z
11741|REF|1015512,11741,REF,1015512,1015512,1015512,,"Sensor, temperature",2026-08-03T04:54:39.696Z
11741|ID|11741,11741,ID,11741,11741,1015512,,"Sensor, temperature",2026-08-03T04:54:39.696Z
11044|REF|1015750,11044,REF,1015750,1015750,1015750,,"fuse spare, kv generator",2026-08-03T04:54:39.696Z
11044|ID|11044,11044,ID,11044,11044,1015750,,"fuse spare, kv generator",2026-08-03T04:54:39.696Z
12180|REF|1016176,12180,REF,1016176,1016176,1016176,,"Tubing, Nylon, 12mm 0/d",2026-08-03T04:54:39.696Z
12180|ID|12180,12180,ID,12180,12180,1016176,,"Tubing, Nylon, 12mm 0/d",2026-08-03T04:54:39.696Z
10846|REF|1016188,10846,REF,1016188,1016188,1016188,,DISPOSITIVO DE RETENCIÓN DE SALIVA,2026-08-03T04:54:39.696Z
10846|ID|10846,10846,ID,10846,10846,1016188,,DISPOSITIVO DE RETENCIÓN DE SALIVA,2026-08-03T04:54:39.696Z
10773|REF|1016246,10773,REF,1016246,1016246,1016246,,Assy Leafbank Flex Circuit,2026-08-03T04:54:39.696Z
10773|ID|10773,10773,ID,10773,10773,1016246,,Assy Leafbank Flex Circuit,2026-08-03T04:54:39.696Z
11809|REF|1016422,11809,REF,1016422,1016422,1016422,,SWITCH MICRO LEVER SS-5GL,2026-08-03T04:54:39.696Z
11809|ID|11809,11809,ID,11809,11809,1016422,,SWITCH MICRO LEVER SS-5GL,2026-08-03T04:54:39.696Z
11167|REF|1016430,11167,REF,1016430,1016430,1016430,,Assy Marker Reference Bracket,2026-08-03T04:54:39.696Z
11167|ID|11167,11167,ID,11167,11167,1016430,,Assy Marker Reference Bracket,2026-08-03T04:54:39.696Z
11158|REF|1016464,11158,REF,1016464,1016464,1016464,,Optics latch spares kit,2026-08-03T04:54:39.696Z
11158|ID|11158,11158,ID,11158,11158,1016464,,Optics latch spares kit,2026-08-03T04:54:39.696Z
11051|REF|1016465,11051,REF,1016465,1016465,1016465,,"Kit, Spares, Hardware, Accessory",2026-08-03T04:54:39.696Z
11051|ID|11051,11051,ID,11051,11051,1016465,,"Kit, Spares, Hardware, Accessory",2026-08-03T04:54:39.696Z
11050|REF|1016467,11050,REF,1016467,1016467,1016467,,"kit, spares, leafbank height shim",2026-08-03T04:54:39.696Z
11050|ID|11050,11050,ID,11050,11050,1016467,,"kit, spares, leafbank height shim",2026-08-03T04:54:39.696Z
11874|REF|1016472_usado,11874,REF,1016472_usado,1016472USADO,1016472_usado,,Diaphragm brakes spare kit,2026-08-03T04:54:39.696Z
11874|ID|11874,11874,ID,11874,11874,1016472_usado,,Diaphragm brakes spare kit,2026-08-03T04:54:39.696Z
11873|REF|1016474_usado,11873,REF,1016474_usado,1016474USADO,1016474_usado,,"KIT, SPARES, DLG BRAKE",2026-08-03T04:54:39.696Z
11873|ID|11873,11873,ID,11873,11873,1016474_usado,,"KIT, SPARES, DLG BRAKE",2026-08-03T04:54:39.696Z
10913|REF|1016476,10913,REF,1016476,1016476,1016476,,Leaf motor spares kit,2026-08-03T04:54:39.696Z
10913|ID|10913,10913,ID,10913,10913,1016476,,Leaf motor spares kit,2026-08-03T04:54:39.696Z
10945|REF|1016477,10945,REF,1016477,1016477,1016477,,"KIT, SPARES, LEAF FIXINGS",2026-08-03T04:54:39.696Z
10945|ID|10945,10945,ID,10945,10945,1016477,,"KIT, SPARES, LEAF FIXINGS",2026-08-03T04:54:39.696Z
10946|REF|1016478,10946,REF,1016478,1016478,1016478,,"KIT, SPARES, LEAF MOULDED",2026-08-03T04:54:39.696Z
10946|ID|10946,10946,ID,10946,10946,1016478,,"KIT, SPARES, LEAF MOULDED",2026-08-03T04:54:39.696Z
11491|REF|1016481,11491,REF,1016481,1016481,1016481,,Ruby reflector spares kit,2026-08-03T04:54:39.696Z
11491|ID|11491,11491,ID,11491,11491,1016481,,Ruby reflector spares kit,2026-08-03T04:54:39.696Z
11166|REF|1016482,11166,REF,1016482,1016482,1016482,,Kit Spare Ref Reflector,2026-08-03T04:54:39.696Z
11166|ID|11166,11166,ID,11166,11166,1016482,,Kit Spare Ref Reflector,2026-08-03T04:54:39.696Z
11155|REF|1016487,11155,REF,1016487,1016487,1016487,,Wedge brake spares kit,2026-08-03T04:54:39.696Z
11155|ID|11155,11155,ID,11155,11155,1016487,,Wedge brake spares kit,2026-08-03T04:54:39.696Z
11006|REF|1016518,11006,REF,1016518,1016518,1016518,,Detector Panel PSU (XRD- EPS),2026-08-03T04:54:39.696Z
11006|ID|11006,11006,ID,11006,11006,1016518,,Detector Panel PSU (XRD- EPS),2026-08-03T04:54:39.696Z
10762|REF|1016641,10762,REF,1016641,1016641,1016641,,Assy Accessory PCB and Bracket,2026-08-03T04:54:39.696Z
10762|ID|10762,10762,ID,10762,10762,1016641,,Assy Accessory PCB and Bracket,2026-08-03T04:54:39.696Z
11947|REF|1016641_usado,11947,REF,1016641_usado,1016641USADO,1016641_usado,,Assy Accessory PCB and Bracket,2026-08-03T04:54:39.696Z
11947|ID|11947,11947,ID,11947,11947,1016641_usado,,Assy Accessory PCB and Bracket,2026-08-03T04:54:39.696Z
10771|REF|1016642,10771,REF,1016642,1016642,1016642,,Assy Diaphragm PCB and Bracket,2026-08-03T04:54:39.696Z
10771|ID|10771,10771,ID,10771,10771,1016642,,Assy Diaphragm PCB and Bracket,2026-08-03T04:54:39.696Z
11768|REF|1016852,11768,REF,1016852,1016852,1016852,,Bracket Setting jig iso,2026-08-03T04:54:39.696Z
11768|ID|11768,11768,ID,11768,11768,1016852,,Bracket Setting jig iso,2026-08-03T04:54:39.696Z
11769|REF|1016855,11769,REF,1016855,1016855,1016855,,Bracket Setting jig target,2026-08-03T04:54:39.696Z
11769|ID|11769,11769,ID,11769,11769,1016855,,Bracket Setting jig target,2026-08-03T04:54:39.696Z
11139|REF|1016944,11139,REF,1016944,1016944,1016944,,DOWN DRIVE CRANK ASSY,2026-08-03T04:54:39.696Z
11139|ID|11139,11139,ID,11139,11139,1016944,,DOWN DRIVE CRANK ASSY,2026-08-03T04:54:39.696Z
11739|REF|1016960,11739,REF,1016960,1016960,1016960,,Brakes Block (pair),2026-08-03T04:54:39.696Z
11739|ID|11739,11739,ID,11739,11739,1016960,,Brakes Block (pair),2026-08-03T04:54:39.696Z
10906|REF|1016984,10906,REF,1016984,1016984,1016984,,FRU ISO ROTATION BRAKE,2026-08-03T04:54:39.696Z
10906|ID|10906,10906,ID,10906,10906,1016984,,FRU ISO ROTATION BRAKE,2026-08-03T04:54:39.696Z
11685|REF|1017225,11685,REF,1017225,1017225,1017225,,Dual Graphic Card for XVI,2026-08-03T04:54:39.696Z
11685|ID|11685,11685,ID,11685,11685,1017225,,Dual Graphic Card for XVI,2026-08-03T04:54:39.696Z
11552|REF|1017392,11552,REF,1017392,1017392,1017392,,Linear Actuator iViewGT /XVI,2026-08-03T04:54:39.696Z
11552|ID|11552,11552,ID,11552,11552,1017392,,Linear Actuator iViewGT /XVI,2026-08-03T04:54:39.696Z
11872|REF|1017632_usado,11872,REF,1017632_usado,1017632USADO,1017632_usado,,PCB ASSY CAMERA CCU,2026-08-03T04:54:39.696Z
11872|ID|11872,11872,ID,11872,11872,1017632_usado,,PCB ASSY CAMERA CCU,2026-08-03T04:54:39.696Z
12124|REF|1017867_1020223,12124,REF,1017867_1020223,10178671020223,1017867_1020223,,Cable assembly (SK801P – PL802P) 152531 and later,2026-08-03T04:54:39.696Z
12124|ID|12124,12124,ID,12124,12124,1017867_1020223,,Cable assembly (SK801P – PL802P) 152531 and later,2026-08-03T04:54:39.696Z
12126|REF|1017868_1020220,12126,REF,1017868_1020220,10178681020220,1017868_1020220,,Cable assembly (SK801N – PL802N) 152531 and later,2026-08-03T04:54:39.696Z
12126|ID|12126,12126,ID,12126,12126,1017868_1020220,,Cable assembly (SK801N – PL802N) 152531 and later,2026-08-03T04:54:39.696Z
11896|REF|1018099,11896,REF,1018099,1018099,1018099,,Cable PL26-G7 to PL26- P12,2026-08-03T04:54:39.696Z
11896|ID|11896,11896,ID,11896,11896,1018099,,Cable PL26-G7 to PL26- P12,2026-08-03T04:54:39.696Z
11895|REF|1018153,11895,REF,1018153,1018153,1018153,,Cable PL26-P13 to PL26- M2,2026-08-03T04:54:39.696Z
11895|ID|11895,11895,ID,11895,11895,1018153,,Cable PL26-P13 to PL26- M2,2026-08-03T04:54:39.696Z
11894|REF|1018167,11894,REF,1018167,1018167,1018167,,Cable SK26-U1 to SK26-T2,2026-08-03T04:54:39.696Z
11894|ID|11894,11894,ID,11894,11894,1018167,,Cable SK26-U1 to SK26-T2,2026-08-03T04:54:39.696Z
11893|REF|1018168,11893,REF,1018168,1018168,1018168,,Cable SK26-L1 to SK26-T2,2026-08-03T04:54:39.696Z
11893|ID|11893,11893,ID,11893,11893,1018168,,Cable SK26-L1 to SK26-T2,2026-08-03T04:54:39.696Z
11494|REF|1018218,11494,REF,1018218,1018218,1018218,,Precise Table ToolSet,2026-08-03T04:54:39.696Z
11494|ID|11494,11494,ID,11494,11494,1018218,,Precise Table ToolSet,2026-08-03T04:54:39.696Z
11961|REF|1018265_proveedor_local,11961,REF,1018265_proveedor_local,1018265PROVEEDORLOCAL,1018265_proveedor_local,,"Proveedor Local, FRU MOTOR BRUSH SET (ELECTROCRAFT)",2026-08-03T04:54:39.696Z
11961|ID|11961,11961,ID,11961,11961,1018265_proveedor_local,,"Proveedor Local, FRU MOTOR BRUSH SET (ELECTROCRAFT)",2026-08-03T04:54:39.696Z
10909|REF|1018416,10909,REF,1018416,1018416,1018416,,Placa de Apertura,2026-08-03T04:54:39.696Z
10909|ID|10909,10909,ID,10909,10909,1018416,,Placa de Apertura,2026-08-03T04:54:39.696Z
10989|REF|1018459,10989,REF,1018459,1018459,1018459,,Microswitch with lever,2026-08-03T04:54:39.696Z
10989|ID|10989,10989,ID,10989,10989,1018459,,Microswitch with lever,2026-08-03T04:54:39.696Z
12205|REF|1018484,12205,REF,1018484,1018484,1018484,,FIlter housing,2026-08-03T04:54:39.696Z
12205|ID|12205,12205,ID,12205,12205,1018484,,FIlter housing,2026-08-03T04:54:39.696Z
10988|REF|1018540,10988,REF,1018540,1018540,1018540,,"Microswitch, 0.1A, Solder terminal Omron, SS-01",2026-08-03T04:54:39.696Z
10988|ID|10988,10988,ID,10988,10988,1018540,,"Microswitch, 0.1A, Solder terminal Omron, SS-01",2026-08-03T04:54:39.696Z
10992|REF|1018543,10992,REF,1018543,1018543,1018543,,Microswitch (touchguard interlocks),2026-08-03T04:54:39.696Z
10992|ID|10992,10992,ID,10992,10992,1018543,,Microswitch (touchguard interlocks),2026-08-03T04:54:39.696Z
10724|REF|1018559,10724,REF,1018559,1018559,1018559,,"ASSY, BRACKET & FAN",2026-08-03T04:54:39.696Z
10724|ID|10724,10724,ID,10724,10724,1018559,,"ASSY, BRACKET & FAN",2026-08-03T04:54:39.696Z
11169|REF|1018674,11169,REF,1018674,1018674,1018674,,Hexalobular Screw Patch Lock,2026-08-03T04:54:39.696Z
11169|ID|11169,11169,ID,11169,11169,1018674,,Hexalobular Screw Patch Lock,2026-08-03T04:54:39.696Z
12123|REF|1018776,12123,REF,1018776,1018776,1018776,,Cable assy PL801C to SK802C,2026-08-03T04:54:39.696Z
12123|ID|12123,12123,ID,12123,12123,1018776,,Cable assy PL801C to SK802C,2026-08-03T04:54:39.696Z
11756|REF|1018791,11756,REF,1018791,1018791,1018791,,"microswitch, ST/ST roller, 0.1A Omron, SS-01GL02",2026-08-03T04:54:39.696Z
11756|ID|11756,11756,ID,11756,11756,1018791,,"microswitch, ST/ST roller, 0.1A Omron, SS-01GL02",2026-08-03T04:54:39.696Z
11757|REF|1018874,11757,REF,1018874,1018874,1018874,,"Diode, SI 1N416CM-D023",2026-08-03T04:54:39.696Z
11757|ID|11757,11757,ID,11757,11757,1018874,,"Diode, SI 1N416CM-D023",2026-08-03T04:54:39.696Z
11490|REF|1019053,11490,REF,1019053,1019053,1019053,,Diaphragm Lifting Tool,2026-08-03T04:54:39.696Z
11490|ID|11490,11490,ID,11490,11490,1019053,,Diaphragm Lifting Tool,2026-08-03T04:54:39.696Z
10980|REF|1019579,10980,REF,1019579,1019579,1019579,,UPS RACK AGILITY,2026-08-03T04:54:39.696Z
10980|ID|10980,10980,ID,10980,10980,1019579,,UPS RACK AGILITY,2026-08-03T04:54:39.696Z
10973|REF|1019597,10973,REF,1019597,1019597,1019597,,FRAME GRABBER,2026-08-03T04:54:39.696Z
10973|ID|10973,10973,ID,10973,10973,1019597,,FRAME GRABBER,2026-08-03T04:54:39.696Z
11148|REF|1019835,11148,REF,1019835,1019835,1019835,,Leaf drive motherboard (isocentre) spares kit,2026-08-03T04:54:39.696Z
11148|ID|11148,11148,ID,11148,11148,1019835,,Leaf drive motherboard (isocentre) spares kit,2026-08-03T04:54:39.696Z
11149|REF|1019836,11149,REF,1019836,1019836,1019836,,Leaf drive motherboard (target) spares kit,2026-08-03T04:54:39.696Z
11149|ID|11149,11149,ID,11149,11149,1019836,,Leaf drive motherboard (target) spares kit,2026-08-03T04:54:39.696Z
12122|REF|1019941,12122,REF,1019941,1019941,1019941,,"CABLE,ADAPTOR,PL801L TO SK801L, EIM CABINET",2026-08-03T04:54:39.696Z
12122|ID|12122,12122,ID,12122,12122,1019941,,"CABLE,ADAPTOR,PL801L TO SK801L, EIM CABINET",2026-08-03T04:54:39.696Z
12125|REF|1019967,12125,REF,1019967,1019967,1019967,,"CABLE ASSY, PL801F TO SK801F",2026-08-03T04:54:39.696Z
12125|ID|12125,12125,ID,12125,12125,1019967,,"CABLE ASSY, PL801F TO SK801F",2026-08-03T04:54:39.696Z
12284|REF|1019974,12284,REF,1019974,1019974,1019974,,"PCB, backplane (152531 and later)",2026-08-03T04:54:39.696Z
12284|ID|12284,12284,ID,12284,12284,1019974,,"PCB, backplane (152531 and later)",2026-08-03T04:54:39.696Z
11510|REF|1020015,11510,REF,1020015,1020015,1020015,,Vacuum Purge Tool Kit,2026-08-03T04:54:39.696Z
11510|ID|11510,11510,ID,11510,11510,1020015,,Vacuum Purge Tool Kit,2026-08-03T04:54:39.696Z
12004|REF|1020281-01,12004,REF,1020281-01,102028101,1020281-01,,Cable Connector Tester,2026-08-03T04:54:39.696Z
12004|ID|12004,12004,ID,12004,12004,1020281-01,,Cable Connector Tester,2026-08-03T04:54:39.696Z
11630|REF|1020282,11630,REF,1020282,1020282,1020282,,"Kit, Interface Cabinet Upgrade (breakers)",2026-08-03T04:54:39.696Z
11630|ID|11630,11630,ID,11630,11630,1020282,,"Kit, Interface Cabinet Upgrade (breakers)",2026-08-03T04:54:39.696Z
10722|REF|1020302,10722,REF,1020302,1020302,1020302,,"CABLE, SK33F TO SK37D & SK33D/34L",2026-08-03T04:54:39.696Z
10722|ID|10722,10722,ID,10722,10722,1020302,,"CABLE, SK33F TO SK37D & SK33D/34L",2026-08-03T04:54:39.696Z
11632|REF|1020413,11632,REF,1020413,1020413,1020413,,Pcb Assy D. Rot Motor,2026-08-03T04:54:39.696Z
11632|ID|11632,11632,ID,11632,11632,1020413,,Pcb Assy D. Rot Motor,2026-08-03T04:54:39.696Z
11483|REF|1020468,11483,REF,1020468,1020468,1020468,,DOSE A,2026-08-03T04:54:39.696Z
11483|ID|11483,11483,ID,11483,11483,1020468,,DOSE A,2026-08-03T04:54:39.696Z
12257|REF|1020469,12257,REF,1020469,1020469,1020469,,"PCB ASSEMBLY, DOSE A BMEI",2026-08-03T04:54:39.696Z
12257|ID|12257,12257,ID,12257,12257,1020469,,"PCB ASSEMBLY, DOSE A BMEI",2026-08-03T04:54:39.696Z
12145|REF|1020470,12145,REF,1020470,1020470,1020470,,"SPARES KIT, DOSE/SIB/HDRE + AU",2026-08-03T04:54:39.696Z
12145|ID|12145,12145,ID,12145,12145,1020470,,"SPARES KIT, DOSE/SIB/HDRE + AU",2026-08-03T04:54:39.696Z
11663|REF|1020472,11663,REF,1020472,1020472,1020472,,"Mod, Kit-Dose A Pcb Firmware",2026-08-03T04:54:39.696Z
11663|ID|11663,11663,ID,11663,11663,1020472,,"Mod, Kit-Dose A Pcb Firmware",2026-08-03T04:54:39.696Z
12320|REF|1020685,12320,REF,1020685,1020685,1020685,,"PCB assy, MK.II inline calibration",2026-08-03T04:54:39.696Z
12320|ID|12320,12320,ID,12320,12320,1020685,,"PCB assy, MK.II inline calibration",2026-08-03T04:54:39.696Z
10763|REF|1020803,10763,REF,1020803,1020803,1020803,,Assy Accessory Socket,2026-08-03T04:54:39.696Z
10763|ID|10763,10763,ID,10763,10763,1020803,,Assy Accessory Socket,2026-08-03T04:54:39.696Z
11811|REF|1020814,11811,REF,1020814,1020814,1020814,,COLLIMATOR LIFTING LIG,2026-08-03T04:54:39.696Z
11811|ID|11811,11811,ID,11811,11811,1020814,,COLLIMATOR LIFTING LIG,2026-08-03T04:54:39.696Z
11138|REF|1020816,11138,REF,1020816,1020816,1020816,,"Hexagonal driver, T-handle, 6 × 350 mm",2026-08-03T04:54:39.696Z
11138|ID|11138,11138,ID,11138,11138,1020816,,"Hexagonal driver, T-handle, 6 × 350 mm",2026-08-03T04:54:39.696Z
11157|REF|1020820,11157,REF,1020820,1020820,1020820,,Wedge microswitch spares kit,2026-08-03T04:54:39.696Z
11157|ID|11157,11157,ID,11157,11157,1020820,,Wedge microswitch spares kit,2026-08-03T04:54:39.696Z
10911|REF|1020825,10911,REF,1020825,1020825,1020825,,Leaf drive module alignment tools,2026-08-03T04:54:39.696Z
10911|ID|10911,10911,ID,10911,10911,1020825,,Leaf drive module alignment tools,2026-08-03T04:54:39.696Z
11004|REF|1020850,11004,REF,1020850,1020850,1020850,,"Programmable Pulse Generator, PPG-CVDR PCB",2026-08-03T04:54:39.696Z
11004|ID|11004,11004,ID,11004,11004,1020850,,"Programmable Pulse Generator, PPG-CVDR PCB",2026-08-03T04:54:39.696Z
11760|REF|1021007,11760,REF,1021007,1021007,1021007,,Ruby fix jig,2026-08-03T04:54:39.696Z
11760|ID|11760,11760,ID,11760,11760,1021007,,Ruby fix jig,2026-08-03T04:54:39.696Z
10910|REF|1021014,10910,REF,1021014,1021014,1021014,,"Service kit, Ruby replacement",2026-08-03T04:54:39.696Z
10910|ID|10910,10910,ID,10910,10910,1021014,,"Service kit, Ruby replacement",2026-08-03T04:54:39.696Z
11631|REF|1021081,11631,REF,1021081,1021081,1021081,,"Pcb Assy, Head Retrac",2026-08-03T04:54:39.696Z
11631|ID|11631,11631,ID,11631,11631,1021081,,"Pcb Assy, Head Retrac",2026-08-03T04:54:39.696Z
10145|REF|1021195,10145,REF,1021195,1021195,1021195,,PCB ASSY INTERMEDIATE DLG,2026-08-03T04:54:39.696Z
10145|ID|10145,10145,ID,10145,10145,1021195,,PCB ASSY INTERMEDIATE DLG,2026-08-03T04:54:39.696Z
10768|REF|1021307,10768,REF,1021307,1021307,1021307,,PCB Assy Backplane,2026-08-03T04:54:39.696Z
10768|ID|10768,10768,ID,10768,10768,1021307,,PCB Assy Backplane,2026-08-03T04:54:39.696Z
10764|REF|1021309___1564281,10764,REF,1021309___1564281,10213091564281,1021309___1564281,,"PCB ASSY, WEDGE CONTROL",2026-08-03T04:54:39.696Z
10764|ID|10764,10764,ID,10764,10764,1021309___1564281,,"PCB ASSY, WEDGE CONTROL",2026-08-03T04:54:39.696Z
11626|REF|1021367,11626,REF,1021367,1021367,1021367,,Mod. Kit-Diode Cover,2026-08-03T04:54:39.696Z
11626|ID|11626,11626,ID,11626,11626,1021367,,Mod. Kit-Diode Cover,2026-08-03T04:54:39.696Z
12005|REF|1021576,12005,REF,1021576,1021576,1021576,,"Veristor, epcos b7222",2026-08-03T04:54:39.696Z
12005|ID|12005,12005,ID,12005,12005,1021576,,"Veristor, epcos b7222",2026-08-03T04:54:39.696Z
10775|REF|1022096,10775,REF,1022096,1022096,1022096,,Assy Fan 70x70x15mm NO USAR,2026-08-03T04:54:39.696Z
10775|ID|10775,10775,ID,10775,10775,1022096,,Assy Fan 70x70x15mm NO USAR,2026-08-03T04:54:39.696Z
10976|REF|1022100,10976,REF,1022100,1022100,1022100,,"PCB ASSY, HEAD RETRACTILE, SIGNAL",2026-08-03T04:54:39.696Z
10976|ID|10976,10976,ID,10976,10976,1022100,,"PCB ASSY, HEAD RETRACTILE, SIGNAL",2026-08-03T04:54:39.696Z
11810|REF|1022161,11810,REF,1022161,1022161,1022161,,MICROSWITCH OMRON SS-01GL8043,2026-08-03T04:54:39.696Z
11810|ID|11810,11810,ID,11810,11810,1022161,,MICROSWITCH OMRON SS-01GL8043,2026-08-03T04:54:39.696Z
10772|REF|1022339,10772,REF,1022339,1022339,1022339,,PCB Assy Intermediate Wedge,2026-08-03T04:54:39.696Z
10772|ID|10772,10772,ID,10772,10772,1022339,,PCB Assy Intermediate Wedge,2026-08-03T04:54:39.696Z
12041|REF|1022339_usado,12041,REF,1022339_usado,1022339USADO,1022339_usado,,PCB Assy Intermediate Wedge,2026-08-03T04:54:39.696Z
12041|ID|12041,12041,ID,12041,12041,1022339_usado,,PCB Assy Intermediate Wedge,2026-08-03T04:54:39.696Z
11627|REF|1022378,11627,REF,1022378,1022378,1022378,,"DIODE ASSY, FRU",2026-08-03T04:54:39.696Z
11627|ID|11627,11627,ID,11627,11627,1022378,,"DIODE ASSY, FRU",2026-08-03T04:54:39.696Z
12215|REF|1022386,12215,REF,1022386,1022386,1022386,,"SK60-CAN/PL601BA1 to SK13BB6/SK13A10, CAN/ Control - reeling",2026-08-03T04:54:39.696Z
12215|ID|12215,12215,ID,12215,12215,1022386,,"SK60-CAN/PL601BA1 to SK13BB6/SK13A10, CAN/ Control - reeling",2026-08-03T04:54:39.696Z
10822|REF|1022455,10822,REF,1022455,1022455,1022455,,Imaging breakout assembly,2026-08-03T04:54:39.696Z
10822|ID|10822,10822,ID,10822,10822,1022455,,Imaging breakout assembly,2026-08-03T04:54:39.696Z
12101|REF|1022469,12101,REF,1022469,1022469,1022469,,Lower cable form,2026-08-03T04:54:39.696Z
12101|ID|12101,12101,ID,12101,12101,1022469,,Lower cable form,2026-08-03T04:54:39.696Z
11983|REF|1022473,11983,REF,1022473,1022473,1022473,,Bending Magnet Assembly Repair Kit,2026-08-03T04:54:39.696Z
11983|ID|11983,11983,ID,11983,11983,1022473,,Bending Magnet Assembly Repair Kit,2026-08-03T04:54:39.696Z
12258|REF|1022592,12258,REF,1022592,1022592,1022592,,"CABLE, PL26-C8 TO PL26-Q4",2026-08-03T04:54:39.696Z
12258|ID|12258,12258,ID,12258,12258,1022592,,"CABLE, PL26-C8 TO PL26-Q4",2026-08-03T04:54:39.696Z
12259|REF|1022593,12259,REF,1022593,1022593,1022593,,"CABLE, PL26-C11 TO PL26-K4",2026-08-03T04:54:39.696Z
12259|ID|12259,12259,ID,12259,12259,1022593,,"CABLE, PL26-C11 TO PL26-K4",2026-08-03T04:54:39.696Z
11805|REF|1022595,11805,REF,1022595,1022595,1022595,,Water Valve Kit,2026-08-03T04:54:39.696Z
11805|ID|11805,11805,ID,11805,11805,1022595,,Water Valve Kit,2026-08-03T04:54:39.696Z
10975|REF|1022647,10975,REF,1022647,1022647,1022647,,PCI LIB PROGRAMED,2026-08-03T04:54:39.696Z
10975|ID|10975,10975,ID,10975,10975,1022647,,PCI LIB PROGRAMED,2026-08-03T04:54:39.696Z
11871|REF|1022647_usado,11871,REF,1022647_usado,1022647USADO,1022647_usado,,PCI LIB PROGRAMED,2026-08-03T04:54:39.696Z
11871|ID|11871,11871,ID,11871,11871,1022647_usado,,PCI LIB PROGRAMED,2026-08-03T04:54:39.696Z
11605|REF|1022869,11605,REF,1022869,1022869,1022869,,Signal Condition PCB (SCC-HTB),2026-08-03T04:54:39.696Z
11605|ID|11605,11605,ID,11605,11605,1022869,,Signal Condition PCB (SCC-HTB),2026-08-03T04:54:39.696Z
10974|REF|1022891,10974,REF,1022891,1022891,1022891,,"PCB ASSY, ARM END RE",2026-08-03T04:54:39.696Z
10974|ID|10974,10974,ID,10974,10974,1022891,,"PCB ASSY, ARM END RE",2026-08-03T04:54:39.696Z
11775|REF|1023227,11775,REF,1023227,1023227,1023227,,"Cable assy, Sk60P19 to SK95A2 A side (HHC Breakout)",2026-08-03T04:54:39.696Z
11775|ID|11775,11775,ID,11775,11775,1023227,,"Cable assy, Sk60P19 to SK95A2 A side (HHC Breakout)",2026-08-03T04:54:39.696Z
12029|REF|1023379,12029,REF,1023379,1023379,1023379,,"Cable Assy, PL60BA1",2026-08-03T04:54:39.696Z
12029|ID|12029,12029,ID,12029,12029,1023379,,"Cable Assy, PL60BA1",2026-08-03T04:54:39.696Z
11053|REF|1023451,11053,REF,1023451,1023451,1023451,,"Fuse, 6.3*32mm, 5A 250V",2026-08-03T04:54:39.696Z
11053|ID|11053,11053,ID,11053,11053,1023451,,"Fuse, 6.3*32mm, 5A 250V",2026-08-03T04:54:39.696Z
11054|REF|1023452,11054,REF,1023452,1023452,1023452,,"Fuse, 6.3*32mm, 3A 250V",2026-08-03T04:54:39.696Z
11054|ID|11054,11054,ID,11054,11054,1023452,,"Fuse, 6.3*32mm, 3A 250V",2026-08-03T04:54:39.696Z
11055|REF|1023453,11055,REF,1023453,1023453,1023453,,"Fuse, 6.3*32mm, 7A 250V",2026-08-03T04:54:39.696Z
11055|ID|11055,11055,ID,11055,11055,1023453,,"Fuse, 6.3*32mm, 7A 250V",2026-08-03T04:54:39.696Z
10389|REF|1023530,10389,REF,1023530,1023530,1023530,,ARM CONTROL BOARD (ACB) - IViEWGT,2026-08-03T04:54:39.696Z
10389|ID|10389,10389,ID,10389,10389,1023530,,ARM CONTROL BOARD (ACB) - IViEWGT,2026-08-03T04:54:39.696Z
11013|REF|1023592,11013,REF,1023592,1023592,1023592,,"PCB, LED ASSEMBLY - EIM",2026-08-03T04:54:39.696Z
11013|ID|11013,11013,ID,11013,11013,1023592,,"PCB, LED ASSEMBLY - EIM",2026-08-03T04:54:39.696Z
12098|REF|1023592_usado,12098,REF,1023592_usado,1023592USADO,1023592_usado,,"PCB, LED ASSEMBLY - EIM",2026-08-03T04:54:39.696Z
12098|ID|12098,12098,ID,12098,12098,1023592_usado,,"PCB, LED ASSEMBLY - EIM",2026-08-03T04:54:39.696Z
10908|REF|1024129,10908,REF,1024129,1024129,1024129,,Agility pixel calibration tool,2026-08-03T04:54:39.696Z
10908|ID|10908,10908,ID,10908,10908,1024129,,Agility pixel calibration tool,2026-08-03T04:54:39.696Z
11664|REF|1024167,11664,REF,1024167,1024167,1024167,,"Kit, Spares, Ibutton",2026-08-03T04:54:39.696Z
11664|ID|11664,11664,ID,11664,11664,1024167,,"Kit, Spares, Ibutton",2026-08-03T04:54:39.696Z
12209|REF|1024183,12209,REF,1024183,1024183,1024183,,"Water pump, Flowjet 436990",2026-08-03T04:54:39.696Z
12209|ID|12209,12209,ID,12209,12209,1024183,,"Water pump, Flowjet 436990",2026-08-03T04:54:39.696Z
10700|REF|1024204,10700,REF,1024204,1024204,1024204,,Torque Driver para Agility,2026-08-03T04:54:39.696Z
10700|ID|10700,10700,ID,10700,10700,1024204,,Torque Driver para Agility,2026-08-03T04:54:39.696Z
10918|REF|1024261,10918,REF,1024261,1024261,1024261,,Lifting shackles,2026-08-03T04:54:39.696Z
10918|ID|10918,10918,ID,10918,10918,1024261,,Lifting shackles,2026-08-03T04:54:39.696Z
10917|REF|1024262,10917,REF,1024262,1024262,1024262,,Lifting slings suitable,2026-08-03T04:54:39.696Z
10917|ID|10917,10917,ID,10917,10917,1024262,,Lifting slings suitable,2026-08-03T04:54:39.696Z
10912|REF|1024325,10912,REF,1024325,1024325,1024325,,Lentes de Seguridad con Protección UV,2026-08-03T04:54:39.696Z
10912|ID|10912,10912,ID,10912,10912,1024325,,Lentes de Seguridad con Protección UV,2026-08-03T04:54:39.696Z
11753|REF|1024363,11753,REF,1024363,1024363,1024363,,"Kit, Allen Keys",2026-08-03T04:54:39.696Z
11753|ID|11753,11753,ID,11753,11753,1024363,,"Kit, Allen Keys",2026-08-03T04:54:39.696Z
10610|REF|1024371,10610,REF,1024371,1024371,1024371,,Agility Service Tool (AST),2026-08-03T04:54:39.696Z
10610|ID|10610,10610,ID,10610,10610,1024371,,Agility Service Tool (AST),2026-08-03T04:54:39.696Z
11960|REF|1024453,11960,REF,1024453,1024453,1024453,,Aux Motor drive PSU,2026-08-03T04:54:39.696Z
11960|ID|11960,11960,ID,11960,11960,1024453,,Aux Motor drive PSU,2026-08-03T04:54:39.696Z
11812|REF|1024545,11812,REF,1024545,1024545,1024545,,USER INTERFACE SIDE B FRU,2026-08-03T04:54:39.696Z
11812|ID|11812,11812,ID,11812,11812,1024545,,USER INTERFACE SIDE B FRU,2026-08-03T04:54:39.696Z
12112|REF|1024546,12112,REF,1024546,1024546,1024546,,"User interface, side A",2026-08-03T04:54:39.696Z
12112|ID|12112,12112,ID,12112,12112,1024546,,"User interface, side A",2026-08-03T04:54:39.696Z
11764|REF|1024588_rev.01,11764,REF,1024588_rev.01,1024588REV01,1024588_rev.01,,"Paint, Marker pen, Black, 3mm nib AMbersil 6190050007",2026-08-03T04:54:39.696Z
11764|ID|11764,11764,ID,11764,11764,1024588_rev.01,,"Paint, Marker pen, Black, 3mm nib AMbersil 6190050007",2026-08-03T04:54:39.696Z
10776|REF|1024939,10776,REF,1024939,1024939,1024939,,"ASSY, 40X40X10MM FAN, HEATSINK",2026-08-03T04:54:39.696Z
10776|ID|10776,10776,ID,10776,10776,1024939,,"ASSY, 40X40X10MM FAN, HEATSINK",2026-08-03T04:54:39.696Z
11028|REF|1026565,11028,REF,1026565,1026565,1026565,,Temperature controller,2026-08-03T04:54:39.696Z
11028|ID|11028,11028,ID,11028,11028,1026565,,Temperature controller,2026-08-03T04:54:39.696Z
10865|REF|1026685,10865,REF,1026685,1026685,1026685,,Kit Service Cables,2026-08-03T04:54:39.696Z
10865|ID|10865,10865,ID,10865,10865,1026685,,Kit Service Cables,2026-08-03T04:54:39.696Z
11665|REF|1026709,11665,REF,1026709,1026709,1026709,,"Kit, Upgrade, I/face CAB 16A SKT",2026-08-03T04:54:39.696Z
11665|ID|11665,11665,ID,11665,11665,1026709,,"Kit, Upgrade, I/face CAB 16A SKT",2026-08-03T04:54:39.696Z
11778|REF|1026857,11778,REF,1026857,1026857,1026857,,Art to secon int mon 10m cable,2026-08-03T04:54:39.696Z
11778|ID|11778,11778,ID,11778,11778,1026857,,Art to secon int mon 10m cable,2026-08-03T04:54:39.696Z
11776|REF|1026879,11776,REF,1026879,1026879,1026879,,TCS UPS to UPS 10m cable,2026-08-03T04:54:39.696Z
11776|ID|11776,11776,ID,11776,11776,1026879,,TCS UPS to UPS 10m cable,2026-08-03T04:54:39.696Z
11783|REF|1026971,11783,REF,1026971,1026971,1026971,,PRT 0072 Monitor Kit Synergist,2026-08-03T04:54:39.696Z
11783|ID|11783,11783,ID,11783,11783,1026971,,PRT 0072 Monitor Kit Synergist,2026-08-03T04:54:39.696Z
11795|REF|1026984,11795,REF,1026984,1026984,1026984,,Head Lifting eye LH,2026-08-03T04:54:39.696Z
11795|ID|11795,11795,ID,11795,11795,1026984,,Head Lifting eye LH,2026-08-03T04:54:39.696Z
11794|REF|1026986,11794,REF,1026986,1026986,1026986,,Head Lifting eye RH,2026-08-03T04:54:39.696Z
11794|ID|11794,11794,ID,11794,11794,1026986,,Head Lifting eye RH,2026-08-03T04:54:39.696Z
11052|REF|1027078,11052,REF,1027078,1027078,1027078,,"Kit, Collimator lifting jig",2026-08-03T04:54:39.696Z
11052|ID|11052,11052,ID,11052,11052,1027078,,"Kit, Collimator lifting jig",2026-08-03T04:54:39.696Z
10915|REF|1027627,10915,REF,1027627,1027627,1027627,,Kit - Spares Fuses Agility Head,2026-08-03T04:54:39.696Z
10915|ID|10915,10915,ID,10915,10915,1027627,,Kit - Spares Fuses Agility Head,2026-08-03T04:54:39.696Z
12201|REF|1027687,12201,REF,1027687,1027687,1027687,,Detector imaging panel (AP),2026-08-03T04:54:39.696Z
12201|ID|12201,12201,ID,12201,12201,1027687,,Detector imaging panel (AP),2026-08-03T04:54:39.696Z
11785|REF|1028217,11785,REF,1028217,1028217,1028217,,MLC ELECTRONICS ASSEMBLY,2026-08-03T04:54:39.696Z
11785|ID|11785,11785,ID,11785,11785,1028217,,MLC ELECTRONICS ASSEMBLY,2026-08-03T04:54:39.696Z
10972|REF|1028684,10972,REF,1028684,1028684,1028684,,"ASSY, BACKPLANE",2026-08-03T04:54:39.696Z
10972|ID|10972,10972,ID,10972,10972,1028684,,"ASSY, BACKPLANE",2026-08-03T04:54:39.696Z
11870|REF|1028684_usado,11870,REF,1028684_usado,1028684USADO,1028684_usado,,"ASSY, BACKPLANE",2026-08-03T04:54:39.696Z
11870|ID|11870,11870,ID,11870,11870,1028684_usado,,"ASSY, BACKPLANE",2026-08-03T04:54:39.696Z
10820|REF|1030468,10820,REF,1030468,1030468,1030468,,Dose A PCB,2026-08-03T04:54:39.696Z
10820|ID|10820,10820,ID,10820,10820,1030468,,Dose A PCB,2026-08-03T04:54:39.696Z
12047|REF|1041311Z,12047,REF,1041311Z,1041311Z,1041311Z,,SNC125c Setup Cap,2026-08-03T04:54:39.696Z
12047|ID|12047,12047,ID,12047,12047,1041311Z,,SNC125c Setup Cap,2026-08-03T04:54:39.696Z
12048|REF|1041620Z,12048,REF,1041620Z,1041620Z,1041620Z,,SNC125c 6MV Buildup cap,2026-08-03T04:54:39.696Z
12048|ID|12048,12048,ID,12048,12048,1041620Z,,SNC125c 6MV Buildup cap,2026-08-03T04:54:39.696Z
12049|REF|1041622Z,12049,REF,1041622Z,1041622Z,1041622Z,,SNC125c 15MV Buildup cap,2026-08-03T04:54:39.696Z
12049|ID|12049,12049,ID,12049,12049,1041622Z,,SNC125c 15MV Buildup cap,2026-08-03T04:54:39.696Z
10893|REF|105002,10893,REF,105002,105002,105002,,Fuente de iridio192 para MHDR,2026-08-03T04:54:39.696Z
10893|ID|10893,10893,ID,10893,10893,105002,,Fuente de iridio192 para MHDR,2026-08-03T04:54:39.696Z
12107|REF|105004-00,12107,REF,105004-00,10500400,105004-00,,Check Cable,2026-08-03T04:54:39.696Z
12107|ID|12107,12107,ID,12107,12107,105004-00,,Check Cable,2026-08-03T04:54:39.696Z
11379|REF|1050661,11379,REF,1050661,1050661,1050661,,Detector brake cable-B,2026-08-03T04:54:39.696Z
11379|ID|11379,11379,ID,11379,11379,1050661,,Detector brake cable-B,2026-08-03T04:54:39.696Z
11678|REF|1051800-LV,11678,REF,1051800-LV,1051800LV,1051800-LV,,Leksell® Vantage Head Frame,2026-08-03T04:54:39.696Z
11678|ID|11678,11678,ID,11678,11678,1051800-LV,,Leksell® Vantage Head Frame,2026-08-03T04:54:39.696Z
12196|REF|105810,12196,REF,105810,105810,105810,,Reference optopair,2026-08-03T04:54:39.696Z
12196|ID|12196,12196,ID,12196,12196,105810,,Reference optopair,2026-08-03T04:54:39.696Z
12198|REF|105826,12198,REF,105826,105826,105826,,Indexer optopair wiring assembly,2026-08-03T04:54:39.696Z
12198|ID|12198,12198,ID,12198,12198,105826,,Indexer optopair wiring assembly,2026-08-03T04:54:39.696Z
12043|REF|106001,12043,REF,106001,106001,106001,,Fluke Biomedical - Monitor primalarm,2026-08-03T04:54:39.696Z
12043|ID|12043,12043,ID,12043,12043,106001,,Fluke Biomedical - Monitor primalarm,2026-08-03T04:54:39.696Z
12171|REF|106931-00,12171,REF,106931-00,10693100,106931-00,,Opto Interface Board,2026-08-03T04:54:39.696Z
12171|ID|12171,12171,ID,12171,12171,106931-00,,Opto Interface Board,2026-08-03T04:54:39.696Z
12172|REF|106940-01,12172,REF,106940-01,10694001,106940-01,,Power Supply and Control (PSC3),2026-08-03T04:54:39.696Z
12172|ID|12172,12172,ID,12172,12172,106940-01,,Power Supply and Control (PSC3),2026-08-03T04:54:39.696Z
11724|REF|107043,11724,REF,107043,107043,107043,,TCS computer HP RP5800 series,2026-08-03T04:54:39.696Z
11724|ID|11724,11724,ID,11724,11724,107043,,TCS computer HP RP5800 series,2026-08-03T04:54:39.696Z
12314|REF|10961506,12314,REF,10961506,10961506,10961506,,RADIADOR R.I,2026-08-03T04:54:39.696Z
12314|ID|12314,12314,ID,12314,12314,10961506,,RADIADOR R.I,2026-08-03T04:54:39.696Z
11654|REF|1122000-0Z,11654,REF,1122000-0Z,11220000Z,1122000-0Z,,IC PROFILER Beam Scanning System,2026-08-03T04:54:39.696Z
11654|ID|11654,11654,ID,11654,11654,1122000-0Z,,IC PROFILER Beam Scanning System,2026-08-03T04:54:39.696Z
11656|REF|1122000-EAZ,11656,REF,1122000-EAZ,1122000EAZ,1122000-EAZ,,"Gantry Mounting Fixture, Elekta Agility",2026-08-03T04:54:39.696Z
11656|ID|11656,11656,ID,11656,11656,1122000-EAZ,,"Gantry Mounting Fixture, Elekta Agility",2026-08-03T04:54:39.696Z
11655|REF|1122664Z,11655,REF,1122664Z,1122664Z,1122664Z,,Energy Verification Kit,2026-08-03T04:54:39.696Z
11655|ID|11655,11655,ID,11655,11655,1122664Z,,Energy Verification Kit,2026-08-03T04:54:39.696Z
11922|REF|1142-15SD,11922,REF,1142-15SD,114215SD,1142-15SD,,SunCHECK Machine SunDEPLOYS,2026-08-03T04:54:39.696Z
11922|ID|11922,11922,ID,11922,11922,1142-15SD,,SunCHECK Machine SunDEPLOYS,2026-08-03T04:54:39.696Z
11921|REF|1142000-15,11921,REF,1142000-15,114200015,1142000-15,,SunCHECK Machine,2026-08-03T04:54:39.696Z
11921|ID|11921,11921,ID,11921,11921,1142000-15,,SunCHECK Machine,2026-08-03T04:54:39.696Z
11923|REF|1142000-2P,11923,REF,1142000-2P,11420002P,1142000-2P,,SunCHECK Machine Non-Linac,2026-08-03T04:54:39.696Z
11923|ID|11923,11923,ID,11923,11923,1142000-2P,,SunCHECK Machine Non-Linac,2026-08-03T04:54:39.696Z
11926|REF|1146-2SD,11926,REF,1146-2SD,11462SD,1146-2SD,,SNC Machine SunDEPLOYS,2026-08-03T04:54:39.696Z
11926|ID|11926,11926,ID,11926,11926,1146-2SD,,SNC Machine SunDEPLOYS,2026-08-03T04:54:39.696Z
11925|REF|1146000-2,11925,REF,1146000-2,11460002,1146000-2,,SNC Machine,2026-08-03T04:54:39.696Z
11925|ID|11925,11925,ID,11925,11925,1146000-2,,SNC Machine,2026-08-03T04:54:39.696Z
10254|REF|1172000317AB,10254,REF,1172000317AB,1172000317AB,1172000317AB,,TEST ADAPT 6HE 160,2026-08-03T04:54:39.696Z
10254|ID|10254,10254,ID,10254,10254,1172000317AB,,TEST ADAPT 6HE 160,2026-08-03T04:54:39.696Z
11657|REF|1174112Z,11657,REF,1174112Z,1174112Z,1174112Z,,Solid Water HE 0.3cm,2026-08-03T04:54:39.696Z
11657|ID|11657,11657,ID,11657,11657,1174112Z,,Solid Water HE 0.3cm,2026-08-03T04:54:39.696Z
11658|REF|1174113Z,11658,REF,1174113Z,1174113Z,1174113Z,,Solid Water HE 0.5cm,2026-08-03T04:54:39.696Z
11658|ID|11658,11658,ID,11658,11658,1174113Z,,Solid Water HE 0.5cm,2026-08-03T04:54:39.696Z
11659|REF|1174114Z,11659,REF,1174114Z,1174114Z,1174114Z,,Solid Water HE 1.0cm,2026-08-03T04:54:39.696Z
11659|ID|11659,11659,ID,11659,11659,1174114Z,,Solid Water HE 1.0cm,2026-08-03T04:54:39.696Z
11660|REF|1174115Z,11660,REF,1174115Z,1174115Z,1174115Z,,Solid Water HE 2.0cm,2026-08-03T04:54:39.696Z
11660|ID|11660,11660,ID,11660,11660,1174115Z,,Solid Water HE 2.0cm,2026-08-03T04:54:39.696Z
11661|REF|1174116Z,11661,REF,1174116Z,1174116Z,1174116Z,,Solid Water HE 5.0cm,2026-08-03T04:54:39.696Z
11661|ID|11661,11661,ID,11661,11661,1174116Z,,Solid Water HE 5.0cm,2026-08-03T04:54:39.696Z
11187|REF|118054,11187,REF,118054,118054,118054,,Power supply 12VDC 3A,2026-08-03T04:54:39.696Z
11187|ID|11187,11187,ID,11187,11187,118054,,Power supply 12VDC 3A,2026-08-03T04:54:39.696Z
11807|REF|1217-3SD,11807,REF,1217-3SD,12173SD,1217-3SD,,DoseCHECK SunDEPLOYS,2026-08-03T04:54:39.696Z
11807|ID|11807,11807,ID,11807,11807,1217-3SD,,DoseCHECK SunDEPLOYS,2026-08-03T04:54:39.696Z
11806|REF|1217000-3,11806,REF,1217000-3,12170003,1217000-3,,DoseCHECK,2026-08-03T04:54:39.696Z
11806|ID|11806,11806,ID,11806,11806,1217000-3,,DoseCHECK,2026-08-03T04:54:39.696Z
10264|REF|1222000483AB,10264,REF,1222000483AB,1222000483AB,1222000483AB,,TEST ADAPT 3HE 160,2026-08-03T04:54:39.696Z
10264|ID|10264,10264,ID,10264,10264,1222000483AB,,TEST ADAPT 3HE 160,2026-08-03T04:54:39.696Z
11848|REF|123131,11848,REF,123131,123131,123131,,"Cable SAC-4P-5,0 PUR/M 8FS F",2026-08-03T04:54:39.696Z
11848|ID|11848,11848,ID,11848,11848,123131,,"Cable SAC-4P-5,0 PUR/M 8FS F",2026-08-03T04:54:39.696Z
11801|REF|1233550Z,11801,REF,1233550Z,1233550Z,1233550Z,,Parallel Plate Roos Detector Holder,2026-08-03T04:54:39.696Z
11801|ID|11801,11801,ID,11801,11801,1233550Z,,Parallel Plate Roos Detector Holder,2026-08-03T04:54:39.696Z
11183|REF|12336,11183,REF,12336,12336,12336,,RS232 Barcode reader cable,2026-08-03T04:54:39.696Z
11183|ID|11183,11183,ID,11183,11183,12336,,RS232 Barcode reader cable,2026-08-03T04:54:39.696Z
11219|REF|123381,11219,REF,123381,123381,123381,,Height Vial Laser sensor,2026-08-03T04:54:39.696Z
11219|ID|11219,11219,ID,11219,11219,123381,,Height Vial Laser sensor,2026-08-03T04:54:39.696Z
11222|REF|123572,11222,REF,123572,123572,123572,,IR SENSOR FOR FULL WASTE BIN,2026-08-03T04:54:39.696Z
11222|ID|11222,11222,ID,11222,11222,123572,,IR SENSOR FOR FULL WASTE BIN,2026-08-03T04:54:39.696Z
11208|REF|124007,11208,REF,124007,124007,124007,,FUSE 2A 600V,2026-08-03T04:54:39.696Z
11208|ID|11208,11208,ID,11208,11208,124007,,FUSE 2A 600V,2026-08-03T04:54:39.696Z
11209|REF|124008,11209,REF,124008,124008,124008,,FUSE 4A 600V,2026-08-03T04:54:39.696Z
11209|ID|11209,11209,ID,11209,11209,124008,,FUSE 4A 600V,2026-08-03T04:54:39.696Z
11210|REF|124009,11210,REF,124009,124009,124009,,FUSE 6A 600V,2026-08-03T04:54:39.696Z
11210|ID|11210,11210,ID,11210,11210,124009,,FUSE 6A 600V,2026-08-03T04:54:39.696Z
11206|REF|124010,11206,REF,124010,124010,124010,,FUSE 10A 600V,2026-08-03T04:54:39.696Z
11206|ID|11206,11206,ID,11206,11206,124010,,FUSE 10A 600V,2026-08-03T04:54:39.696Z
12025|REF|1257000-OMR,12025,REF,1257000-OMR,1257000OMR,1257000-OMR,,MultiMet-WL Cube,2026-08-03T04:54:39.696Z
12025|ID|12025,12025,ID,12025,12025,1257000-OMR,,MultiMet-WL Cube,2026-08-03T04:54:39.696Z
11218|REF|126489,11218,REF,126489,126489,126489,,DOOR SAFETY SWITCH,2026-08-03T04:54:39.696Z
11218|ID|11218,11218,ID,11218,11218,126489,,DOOR SAFETY SWITCH,2026-08-03T04:54:39.696Z
11189|REF|126701,11189,REF,126701,126701,126701,,UPS,2026-08-03T04:54:39.696Z
11189|ID|11189,11189,ID,11189,11189,126701,,UPS,2026-08-03T04:54:39.696Z
11216|REF|126702,11216,REF,126702,126702,126702,,Differential pressure switch 125,2026-08-03T04:54:39.696Z
11216|ID|11216,11216,ID,11216,11216,126702,,Differential pressure switch 125,2026-08-03T04:54:39.696Z
11236|REF|126843,11236,REF,126843,126843,126843,,ACTUATOR XCS-ZC1,2026-08-03T04:54:39.696Z
11236|ID|11236,11236,ID,11236,11236,126843,,ACTUATOR XCS-ZC1,2026-08-03T04:54:39.696Z
11192|REF|127097,11192,REF,127097,127097,127097,,LED ILUMINATOR,2026-08-03T04:54:39.696Z
11192|ID|11192,11192,ID,11192,11192,127097,,LED ILUMINATOR,2026-08-03T04:54:39.696Z
11207|REF|127180,11207,REF,127180,127180,127180,,FUSE 1A 600V,2026-08-03T04:54:39.696Z
11207|ID|11207,11207,ID,11207,11207,127180,,FUSE 1A 600V,2026-08-03T04:54:39.696Z
11179|REF|127181,11179,REF,127181,127181,127181,,Pump,2026-08-03T04:54:39.696Z
11179|ID|11179,11179,ID,11179,11179,127181,,Pump,2026-08-03T04:54:39.696Z
11184|REF|127346,11184,REF,127346,127346,127346,,USB BARCODE READER CABLE,2026-08-03T04:54:39.696Z
11184|ID|11184,11184,ID,11184,11184,127346,,USB BARCODE READER CABLE,2026-08-03T04:54:39.696Z
11217|REF|127941,11217,REF,127941,127941,127941,,Differential pressure switch 25,2026-08-03T04:54:39.696Z
11217|ID|11217,11217,ID,11217,11217,127941,,Differential pressure switch 25,2026-08-03T04:54:39.696Z
11849|REF|128284,11849,REF,128284,128284,128284,,Cavo 0975 254 101/5M,2026-08-03T04:54:39.696Z
11849|ID|11849,11849,ID,11849,11849,128284,,Cavo 0975 254 101/5M,2026-08-03T04:54:39.696Z
11194|REF|128338,11194,REF,128338,128338,128338,,Air filter 519 (EN1822-1 Class H14),2026-08-03T04:54:39.696Z
11194|ID|11194,11194,ID,11194,11194,128338,,Air filter 519 (EN1822-1 Class H14),2026-08-03T04:54:39.696Z
11195|REF|128339,11195,REF,128339,128339,128339,,Air filter 520 (EN1822-1 Class H14),2026-08-03T04:54:39.696Z
11195|ID|11195,11195,ID,11195,11195,128339,,Air filter 520 (EN1822-1 Class H14),2026-08-03T04:54:39.696Z
12310|REF|128345,12310,REF,128345,128345,128345,,MOTOR BRASHEL (S),2026-08-03T04:54:39.696Z
12310|ID|12310,12310,ID,12310,12310,128345,,MOTOR BRASHEL (S),2026-08-03T04:54:39.696Z
11176|REF|128346,11176,REF,128346,128346,128346,,CONNECTORS FOR BRUSHLESS MOTOR,2026-08-03T04:54:39.696Z
11176|ID|11176,11176,ID,11176,11176,128346,,CONNECTORS FOR BRUSHLESS MOTOR,2026-08-03T04:54:39.696Z
11212|REF|128382,11212,REF,128382,128382,128382,,FUSE R 6A 600V,2026-08-03T04:54:39.696Z
11212|ID|11212,11212,ID,11212,11212,128382,,FUSE R 6A 600V,2026-08-03T04:54:39.696Z
11211|REF|128383,11211,REF,128383,128383,128383,,FUSE R 4A 600V,2026-08-03T04:54:39.696Z
11211|ID|11211,11211,ID,11211,11211,128383,,FUSE R 4A 600V,2026-08-03T04:54:39.696Z
11188|REF|128912,11188,REF,128912,128912,128912,,Power supply 5VDC 8°,2026-08-03T04:54:39.696Z
11188|ID|11188,11188,ID,11188,11188,128912,,Power supply 5VDC 8°,2026-08-03T04:54:39.696Z
12315|REF|128997,12315,REF,128997,128997,128997,,SENSOR ANÁLOGO MIT.,2026-08-03T04:54:39.696Z
12315|ID|12315,12315,ID,12315,12315,128997,,SENSOR ANÁLOGO MIT.,2026-08-03T04:54:39.696Z
11198|REF|129530,11198,REF,129530,129530,129530,,Elastic belt for air filter,2026-08-03T04:54:39.696Z
11198|ID|11198,11198,ID,11198,11198,129530,,Elastic belt for air filter,2026-08-03T04:54:39.696Z
11924|REF|1299960Z,11924,REF,1299960Z,1299960Z,1299960Z,,Tower Server SunCHECK Lite,2026-08-03T04:54:39.696Z
11924|ID|11924,11924,ID,11924,11924,1299960Z,,Tower Server SunCHECK Lite,2026-08-03T04:54:39.696Z
12307|REF|130820,12307,REF,130820,130820,130820,,DOOR SAFETY SWITCH,2026-08-03T04:54:39.696Z
12307|ID|12307,12307,ID,12307,12307,130820,,DOOR SAFETY SWITCH,2026-08-03T04:54:39.696Z
11221|REF|130830,11221,REF,130830,130830,130830,,INTERNAL BARCODE READER CARRUSEL,2026-08-03T04:54:39.696Z
11221|ID|11221,11221,ID,11221,11221,130830,,INTERNAL BARCODE READER CARRUSEL,2026-08-03T04:54:39.696Z
11058|REF|131350788101H,11058,REF,131350788101H,131350788101H,131350788101H,,Cleaner spray glare guard,2026-08-03T04:54:39.696Z
11058|ID|11058,11058,ID,11058,11058,131350788101H,,Cleaner spray glare guard,2026-08-03T04:54:39.696Z
12213|REF|132250476001K,12213,REF,132250476001K,132250476001K,132250476001K,,"Grease, Apiezon, Type L",2026-08-03T04:54:39.696Z
12213|ID|12213,12213,ID,12213,12213,132250476001K,,"Grease, Apiezon, Type L",2026-08-03T04:54:39.696Z
11765|REF|132251229702,11765,REF,132251229702,132251229702,132251229702,,"Adhesive, Epoxy resin, 5 minute 2 part dispenser Devcon 14251 28g",2026-08-03T04:54:39.696Z
11765|ID|11765,11765,ID,11765,11765,132251229702,,"Adhesive, Epoxy resin, 5 minute 2 part dispenser Devcon 14251 28g",2026-08-03T04:54:39.696Z
12303|REF|132800,12303,REF,132800,132800,132800,,EXHAUST LIQUID TANK (ELT),2026-08-03T04:54:39.696Z
12303|ID|12303,12303,ID,12303,12303,132800,,EXHAUST LIQUID TANK (ELT),2026-08-03T04:54:39.696Z
11185|REF|133362,11185,REF,133362,133362,133362,,Power supply 3-phase 20A,2026-08-03T04:54:39.696Z
11185|ID|11185,11185,ID,11185,11185,133362,,Power supply 3-phase 20A,2026-08-03T04:54:39.696Z
12309|REF|133738,12309,REF,133738,133738,133738,,MOTOR BRASHEL,2026-08-03T04:54:39.696Z
12309|ID|12309,12309,ID,12309,12309,133738,,MOTOR BRASHEL,2026-08-03T04:54:39.696Z
11888|REF|133822,11888,REF,133822,133822,133822,,Filtro de Bomba de Succión,2026-08-03T04:54:39.696Z
11888|ID|11888,11888,ID,11888,11888,133822,,Filtro de Bomba de Succión,2026-08-03T04:54:39.696Z
11938|REF|133882,11938,REF,133882,133882,133882,,Pump filter,2026-08-03T04:54:39.696Z
11938|ID|11938,11938,ID,11938,11938,133882,,Pump filter,2026-08-03T04:54:39.696Z
10930|REF|134054,10930,REF,134054,134054,134054,,Brushless motor,2026-08-03T04:54:39.696Z
10930|ID|10930,10930,ID,10930,10930,134054,,Brushless motor,2026-08-03T04:54:39.696Z
12285|REF|136147,12285,REF,136147,136147,136147,,Fuente de iridio192 para Flexitron,2026-08-03T04:54:39.696Z
12285|ID|12285,12285,ID,12285,12285,136147,,Fuente de iridio192 para Flexitron,2026-08-03T04:54:39.696Z
11529|REF|136170,11529,REF,136170,136170,136170,,Bracket A assembly,2026-08-03T04:54:39.696Z
11529|ID|11529,11529,ID,11529,11529,136170,,Bracket A assembly,2026-08-03T04:54:39.696Z
11530|REF|136171,11530,REF,136171,136171,136171,,Bracket C assembly,2026-08-03T04:54:39.696Z
11530|ID|11530,11530,ID,11530,11530,136171,,Bracket C assembly,2026-08-03T04:54:39.696Z
11531|REF|136172,11531,REF,136172,136172,136172,,Bracket B assembly,2026-08-03T04:54:39.696Z
11531|ID|11531,11531,ID,11531,11531,136172,,Bracket B assembly,2026-08-03T04:54:39.696Z
11119|REF|136179-01,11119,REF,136179-01,13617901,136179-01,,DRIVE A LOCK ASSEMBLY,2026-08-03T04:54:39.696Z
11119|ID|11119,11119,ID,11119,11119,136179-01,,DRIVE A LOCK ASSEMBLY,2026-08-03T04:54:39.696Z
11539|REF|136395,11539,REF,136395,136395,136395,,Check cable Cobal-60,2026-08-03T04:54:39.696Z
11539|ID|11539,11539,ID,11539,11539,136395,,Check cable Cobal-60,2026-08-03T04:54:39.696Z
11532|REF|136594,11532,REF,136594,136594,136594,,Exchange and wipe tool Cobalt-60,2026-08-03T04:54:39.696Z
11532|ID|11532,11532,ID,11532,11532,136594,,Exchange and wipe tool Cobalt-60,2026-08-03T04:54:39.696Z
11533|REF|136596,11533,REF,136596,136596,136596,,Wipe tool base,2026-08-03T04:54:39.696Z
11533|ID|11533,11533,ID,11533,11533,136596,,Wipe tool base,2026-08-03T04:54:39.696Z
11537|REF|136597,11537,REF,136597,136597,136597,,Load Tool,2026-08-03T04:54:39.696Z
11537|ID|11537,11537,ID,11537,11537,136597,,Load Tool,2026-08-03T04:54:39.696Z
11534|REF|136680,11534,REF,136680,136680,136680,,Exchange Tube Cobalt-60,2026-08-03T04:54:39.696Z
11534|ID|11534,11534,ID,11534,11534,136680,,Exchange Tube Cobalt-60,2026-08-03T04:54:39.696Z
11527|REF|136849-00,11527,REF,136849-00,13684900,136849-00,,Download cable (TDU upgrade) - FCO - flashtoolcable,2026-08-03T04:54:39.696Z
11527|ID|11527,11527,ID,11527,11527,136849-00,,Download cable (TDU upgrade) - FCO - flashtoolcable,2026-08-03T04:54:39.696Z
11528|REF|136961-04,11528,REF,136961-04,13696104,136961-04,,Modkit Windows 10 upgrade kit with new PC,2026-08-03T04:54:39.696Z
11528|ID|11528,11528,ID,11528,11528,136961-04,,Modkit Windows 10 upgrade kit with new PC,2026-08-03T04:54:39.696Z
11686|REF|143845073-20,11686,REF,143845073-20,14384507320,143845073-20,,WEIGHT SCALE WMS6002C-L/10,2026-08-03T04:54:39.696Z
11686|ID|11686,11686,ID,11686,11686,143845073-20,,WEIGHT SCALE WMS6002C-L/10,2026-08-03T04:54:39.696Z
11687|REF|143845073-30,11687,REF,143845073-30,14384507330,143845073-30,,Weigth 200 gr F2 PL CE,2026-08-03T04:54:39.696Z
11687|ID|11687,11687,ID,11687,11687,143845073-30,,Weigth 200 gr F2 PL CE,2026-08-03T04:54:39.696Z
12088|REF|1500084,12088,REF,1500084,1500084,1500084,,"EXTENDER, KVM",2026-08-03T04:54:39.696Z
12088|ID|12088,12088,ID,12088,12088,1500084,,"EXTENDER, KVM",2026-08-03T04:54:39.696Z
11614|REF|1500153,11614,REF,1500153,1500153,1500153,,"Kit, Beam MU Dose Monitor",2026-08-03T04:54:39.696Z
11614|ID|11614,11614,ID,11614,11614,1500153,,"Kit, Beam MU Dose Monitor",2026-08-03T04:54:39.696Z
11010|REF|1500239,11010,REF,1500239,1500239,1500239,,Phase error detector subassembly (MR),2026-08-03T04:54:39.696Z
11010|ID|11010,11010,ID,11010,11010,1500239,,Phase error detector subassembly (MR),2026-08-03T04:54:39.696Z
11165|REF|1500441_02,11165,REF,1500441_02,150044102,1500441_02,,PCB Assy Wedge Control,2026-08-03T04:54:39.696Z
11165|ID|11165,11165,ID,11165,11165,1500441_02,,PCB Assy Wedge Control,2026-08-03T04:54:39.696Z
12042|REF|1500441_02_usado,12042,REF,1500441_02_usado,150044102USADO,1500441_02_usado,,PCB Assy Wedge Control,2026-08-03T04:54:39.696Z
12042|ID|12042,12042,ID,12042,12042,1500441_02_usado,,PCB Assy Wedge Control,2026-08-03T04:54:39.696Z
11164|REF|1500443_02,11164,REF,1500443_02,150044302,1500443_02,,PCB Assy Led Control,2026-08-03T04:54:39.696Z
11164|ID|11164,11164,ID,11164,11164,1500443_02,,PCB Assy Led Control,2026-08-03T04:54:39.696Z
10253|REF|1500445,10253,REF,1500445,1500445,1500445,,"PCB ASSY, DLG&DIAPH (NUEVA VERSION  1500445)",2026-08-03T04:54:39.696Z
10253|ID|10253,10253,ID,10253,10253,1500445,,"PCB ASSY, DLG&DIAPH (NUEVA VERSION  1500445)",2026-08-03T04:54:39.696Z
12226|REF|1500613,12226,REF,1500613,1500613,1500613,,X-Ray Window Assembly VersaHD,2026-08-03T04:54:39.696Z
12226|ID|12226,12226,ID,12226,12226,1500613,,X-Ray Window Assembly VersaHD,2026-08-03T04:54:39.696Z
10231|REF|1500634,10231,REF,1500634,1500634,1500634,,HHC RECEIVER ASSY,2026-08-03T04:54:39.696Z
10231|ID|10231,10231,ID,10231,10231,1500634,,HHC RECEIVER ASSY,2026-08-03T04:54:39.696Z
11612|REF|1500653,11612,REF,1500653,1500653,1500653,,"Mod Kit, Gantry Drive Wheel",2026-08-03T04:54:39.696Z
11612|ID|11612,11612,ID,11612,11612,1500653,,"Mod Kit, Gantry Drive Wheel",2026-08-03T04:54:39.696Z
11156|REF|1500941,11156,REF,1500941,1500941,1500941,,Wedge intermediate PCB,2026-08-03T04:54:39.696Z
11156|ID|11156,11156,ID,11156,11156,1500941,,Wedge intermediate PCB,2026-08-03T04:54:39.696Z
10769|REF|1500998,10769,REF,1500998,1500998,1500998,,Projector Assy Quad LED,2026-08-03T04:54:39.696Z
10769|ID|10769,10769,ID,10769,10769,1500998,,Projector Assy Quad LED,2026-08-03T04:54:39.696Z
11175|REF|1501065,11175,REF,1501065,1501065,1501065,,"PCB, logic control unit (RATM) - LCU",2026-08-03T04:54:39.696Z
11175|ID|11175,11175,ID,11175,11175,1501065,,"PCB, logic control unit (RATM) - LCU",2026-08-03T04:54:39.696Z
12091|REF|1501065_usado,12091,REF,1501065_usado,1501065USADO,1501065_usado,,"PCB, logic control unit (RATM) - LCU",2026-08-03T04:54:39.696Z
12091|ID|12091,12091,ID,12091,12091,1501065_usado,,"PCB, logic control unit (RATM) - LCU",2026-08-03T04:54:39.696Z
11486|REF|1501073,11486,REF,1501073,1501073,1501073,,DOSE A version 2,2026-08-03T04:54:39.696Z
11486|ID|11486,11486,ID,11486,11486,1501073,,DOSE A version 2,2026-08-03T04:54:39.696Z
11487|REF|1501074,11487,REF,1501074,1501074,1501074,,DOSE B version 2,2026-08-03T04:54:39.696Z
11487|ID|11487,11487,ID,11487,11487,1501074,,DOSE B version 2,2026-08-03T04:54:39.696Z
11667|REF|1501349,11667,REF,1501349,1501349,1501349,,Gearbox (collimator),2026-08-03T04:54:39.696Z
11667|ID|11667,11667,ID,11667,11667,1501349,,Gearbox (collimator),2026-08-03T04:54:39.696Z
10994|REF|1502613,10994,REF,1502613,1502613,1502613,,Laser ODI Spares Kit,2026-08-03T04:54:39.696Z
10994|ID|10994,10994,ID,10994,10994,1502613,,Laser ODI Spares Kit,2026-08-03T04:54:39.696Z
11107|REF|1502738,11107,REF,1502738,1502738,1502738,,"FRU,THUMBWHEEL PWB SIDE A.MKII",2026-08-03T04:54:39.696Z
11107|ID|11107,11107,ID,11107,11107,1502738,,"FRU,THUMBWHEEL PWB SIDE A.MKII",2026-08-03T04:54:39.696Z
12074|REF|1502738_usado,12074,REF,1502738_usado,1502738USADO,1502738_usado,,"FRU,THUMBWHEEL PWB SIDE A.MKII",2026-08-03T04:54:39.696Z
12074|ID|12074,12074,ID,12074,12074,1502738_usado,,"FRU,THUMBWHEEL PWB SIDE A.MKII",2026-08-03T04:54:39.696Z
11554|REF|1502740,11554,REF,1502740,1502740,1502740,,Thumbwheel PWB Side B MKII,2026-08-03T04:54:39.696Z
11554|ID|11554,11554,ID,11554,11554,1502740,,Thumbwheel PWB Side B MKII,2026-08-03T04:54:39.696Z
12075|REF|1502740_usado,12075,REF,1502740_usado,1502740USADO,1502740_usado,,Thumbwheel PWB Side B MKII,2026-08-03T04:54:39.696Z
12075|ID|12075,12075,ID,12075,12075,1502740_usado,,Thumbwheel PWB Side B MKII,2026-08-03T04:54:39.696Z
10892|REF|1502964,10892,REF,1502964,1502964,1502964,,"SPARES KIT,LED FIELD LAMP",2026-08-03T04:54:39.696Z
10892|ID|10892,10892,ID,10892,10892,1502964,,"SPARES KIT,LED FIELD LAMP",2026-08-03T04:54:39.696Z
10948|REF|1503159,10948,REF,1503159,1503159,1503159,,Microswitch plunger assembly (open-A),2026-08-03T04:54:39.696Z
10948|ID|10948,10948,ID,10948,10948,1503159,,Microswitch plunger assembly (open-A),2026-08-03T04:54:39.696Z
11040|REF|1503388,11040,REF,1503388,1503388,1503388,,Accessory socket and cable,2026-08-03T04:54:39.696Z
11040|ID|11040,11040,ID,11040,11040,1503388,,Accessory socket and cable,2026-08-03T04:54:39.696Z
12323|REF|1503438,12323,REF,1503438,1503438,1503438,,MLC Camera,2026-08-03T04:54:39.696Z
12323|ID|12323,12323,ID,12323,12323,1503438,,MLC Camera,2026-08-03T04:54:39.696Z
12269|REF|1504069,12269,REF,1504069,1504069,1504069,,FRU Assembly wedge,2026-08-03T04:54:39.696Z
12269|ID|12269,12269,ID,12269,12269,1504069,,FRU Assembly wedge,2026-08-03T04:54:39.696Z
12133|REF|1504169,12133,REF,1504169,1504169,1504169,,"Circuit breaker single pole, high rupture, 2 A (CB9)",2026-08-03T04:54:39.696Z
12133|ID|12133,12133,ID,12133,12133,1504169,,"Circuit breaker single pole, high rupture, 2 A (CB9)",2026-08-03T04:54:39.696Z
12202|REF|1504218,12202,REF,1504218,1504218,1504218,,Medical Ethernet Isolator,2026-08-03T04:54:39.696Z
12202|ID|12202,12202,ID,12202,12202,1504218,,Medical Ethernet Isolator,2026-08-03T04:54:39.696Z
12146|REF|1504219___ABC,12146,REF,1504219___ABC,1504219ABC,1504219___ABC,,USB over IP converter,2026-08-03T04:54:39.696Z
12146|ID|12146,12146,ID,12146,12146,1504219___ABC,,USB over IP converter,2026-08-03T04:54:39.696Z
12103|REF|1504538,12103,REF,1504538,1504538,1504538,,Static Floor Part 1,2026-08-03T04:54:39.696Z
12103|ID|12103,12103,ID,12103,12103,1504538,,Static Floor Part 1,2026-08-03T04:54:39.696Z
12104|REF|1504541,12104,REF,1504541,1504541,1504541,,Static Floor Part 2,2026-08-03T04:54:39.696Z
12104|ID|12104,12104,ID,12104,12104,1504541,,Static Floor Part 2,2026-08-03T04:54:39.696Z
12105|REF|1504544,12105,REF,1504544,1504544,1504544,,Static Floor Part 3,2026-08-03T04:54:39.696Z
12105|ID|12105,12105,ID,12105,12105,1504544,,Static Floor Part 3,2026-08-03T04:54:39.696Z
12106|REF|1504551,12106,REF,1504551,1504551,1504551,,Static Floor Part 4,2026-08-03T04:54:39.696Z
12106|ID|12106,12106,ID,12106,12106,1504551,,Static Floor Part 4,2026-08-03T04:54:39.696Z
11652|REF|1504863,11652,REF,1504863,1504863,1504863,,"SKT840A-SKT845E, PWB",2026-08-03T04:54:39.696Z
11652|ID|11652,11652,ID,11652,11652,1504863,,"SKT840A-SKT845E, PWB",2026-08-03T04:54:39.696Z
12143|REF|1504866,12143,REF,1504866,1504866,1504866,,FRU SKT840B-SKT850E,2026-08-03T04:54:39.696Z
12143|ID|12143,12143,ID,12143,12143,1504866,,FRU SKT840B-SKT850E,2026-08-03T04:54:39.696Z
12090|REF|1505090,12090,REF,1505090,1505090,1505090,,"Kit BM, Desp feed Pipe Fixings",2026-08-03T04:54:39.696Z
12090|ID|12090,12090,ID,12090,12090,1505090,,"Kit BM, Desp feed Pipe Fixings",2026-08-03T04:54:39.696Z
10203|REF|1505146,10203,REF,1505146,1505146,1505146,,"PCB ASSEMBLY, CITB",2026-08-03T04:54:39.696Z
10203|ID|10203,10203,ID,10203,10203,1505146,,"PCB ASSEMBLY, CITB",2026-08-03T04:54:39.696Z
12295|REF|1505217,12295,REF,1505217,1505217,1505217,,Buzzer PCB,2026-08-03T04:54:39.696Z
12295|ID|12295,12295,ID,12295,12295,1505217,,Buzzer PCB,2026-08-03T04:54:39.696Z
12260|REF|1505510,12260,REF,1505510,1505510,1505510,,"PCB ASSY,INTERMEDIATE,DLG",2026-08-03T04:54:39.696Z
12260|ID|12260,12260,ID,12260,12260,1505510,,"PCB ASSY,INTERMEDIATE,DLG",2026-08-03T04:54:39.696Z
10393|REF|1505720,10393,REF,1505720,1505720,1505720,,"MV, DCB, PROGRAMED",2026-08-03T04:54:39.696Z
10393|ID|10393,10393,ID,10393,10393,1505720,,"MV, DCB, PROGRAMED",2026-08-03T04:54:39.696Z
12120|REF|1505856,12120,REF,1505856,1505856,1505856,,"MRT 23871 KV GENERATOR,400V",2026-08-03T04:54:39.696Z
12120|ID|12120,12120,ID,12120,12120,1505856,,"MRT 23871 KV GENERATOR,400V",2026-08-03T04:54:39.696Z
12203|REF|1505891,12203,REF,1505891,1505891,1505891,,"Interface Board, SPEC, SHFR400, KV Gen",2026-08-03T04:54:39.696Z
12203|ID|12203,12203,ID,12203,12203,1505891,,"Interface Board, SPEC, SHFR400, KV Gen",2026-08-03T04:54:39.696Z
10761|REF|1505938,10761,REF,1505938,1505938,1505938,,PCB Assy Intermediate Diaphragm,2026-08-03T04:54:39.696Z
10761|ID|10761,10761,ID,10761,10761,1505938,,PCB Assy Intermediate Diaphragm,2026-08-03T04:54:39.696Z
12338|REF|1505978,12338,REF,1505978,1505978,1505978,,Detector imaging panel AP,2026-08-03T04:54:39.696Z
12338|ID|12338,12338,ID,12338,12338,1505978,,Detector imaging panel AP,2026-08-03T04:54:39.696Z
10991|REF|1506155,10991,REF,1506155,1506155,1506155,,HHC Control Kit - Including Label,2026-08-03T04:54:39.696Z
10991|ID|10991,10991,ID,10991,10991,1506155,,HHC Control Kit - Including Label,2026-08-03T04:54:39.696Z
10796|REF|1506731,10796,REF,1506731,1506731,1506731,,Tool Kit,2026-08-03T04:54:39.696Z
10796|ID|10796,10796,ID,10796,10796,1506731,,Tool Kit,2026-08-03T04:54:39.696Z
10795|REF|1506922,10795,REF,1506922,1506922,1506922,,Pulse Transformer Kit,2026-08-03T04:54:39.696Z
10795|ID|10795,10795,ID,10795,10795,1506922,,Pulse Transformer Kit,2026-08-03T04:54:39.696Z
10794|REF|1506923,10794,REF,1506923,1506923,1506923,,Charging Transformer KIT,2026-08-03T04:54:39.696Z
10794|ID|10794,10794,ID,10794,10794,1506923,,Charging Transformer KIT,2026-08-03T04:54:39.696Z
10797|REF|1507022,10797,REF,1507022,1507022,1507022,,Returns Pack,2026-08-03T04:54:39.696Z
10797|ID|10797,10797,ID,10797,10797,1507022,,Returns Pack,2026-08-03T04:54:39.696Z
12347|REF|1505992,12347,REF,1505992,1505992,1505992,,Cable Detector Power (AP Detector),2026-08-03T04:54:39.696Z
12347|ID|12347,12347,ID,12347,12347,1505992,,Cable Detector Power (AP Detector),2026-08-03T04:54:39.696Z
11644|REF|1507089,11644,REF,1507089,1507089,1507089,,"Programmed PCB Assy, Router",2026-08-03T04:54:39.696Z
11644|ID|11644,11644,ID,11644,11644,1507089,,"Programmed PCB Assy, Router",2026-08-03T04:54:39.696Z
11308|REF|1507972,11308,REF,1507972,1507972,1507972,,"PCB assy ODI,Voltage Regulator PCB Assy",2026-08-03T04:54:39.696Z
11308|ID|11308,11308,ID,11308,11308,1507972,,"PCB assy ODI,Voltage Regulator PCB Assy",2026-08-03T04:54:39.696Z
11555|REF|1508955,11555,REF,1508955,1508955,1508955,,Camera & Lens (Agility),2026-08-03T04:54:39.696Z
11555|ID|11555,11555,ID,11555,11555,1508955,,Camera & Lens (Agility),2026-08-03T04:54:39.696Z
12216|REF|1509023,12216,REF,1509023,1509023,1509023,,"Cable assembly, PL60kV1/8/9 to SK16kV8/9 and PL16kV1 HHC/Data trigger - Reeling",2026-08-03T04:54:39.696Z
12216|ID|12216,12216,ID,12216,12216,1509023,,"Cable assembly, PL60kV1/8/9 to SK16kV8/9 and PL16kV1 HHC/Data trigger - Reeling",2026-08-03T04:54:39.696Z
12212|REF|1509024,12212,REF,1509024,1509024,1509024,,"Cable Assy, Area 60 to PLGIPI 1",2026-08-03T04:54:39.696Z
12212|ID|12212,12212,ID,12212,12212,1509024,,"Cable Assy, Area 60 to PLGIPI 1",2026-08-03T04:54:39.696Z
12219|REF|1509024_usado,12219,REF,1509024_usado,1509024USADO,1509024_usado,,"Cable Assy, Area 60 to PLGIPI 1",2026-08-03T04:54:39.696Z
12219|ID|12219,12219,ID,12219,12219,1509024_usado,,"Cable Assy, Area 60 to PLGIPI 1",2026-08-03T04:54:39.696Z
10914|REF|1509396,10914,REF,1509396,1509396,1509396,,"Fuse spares, kV Generator",2026-08-03T04:54:39.696Z
10914|ID|10914,10914,ID,10914,10914,1509396,,"Fuse spares, kV Generator",2026-08-03T04:54:39.696Z
12152|REF|1509604,12152,REF,1509604,1509604,1509604,,"KIT, SPARES, HORIZ ADJUSTER",2026-08-03T04:54:39.696Z
12152|ID|12152,12152,ID,12152,12152,1509604,,"KIT, SPARES, HORIZ ADJUSTER",2026-08-03T04:54:39.696Z
11920|REF|1510260_usado,11920,REF,1510260_usado,1510260USADO,1510260_usado,,KV Detector Panel,2026-08-03T04:54:39.696Z
11920|ID|11920,11920,ID,11920,11920,1510260_usado,,KV Detector Panel,2026-08-03T04:54:39.696Z
10702|REF|1510260N,10702,REF,1510260N,1510260N,1510260N,,KV Detector Panel,2026-08-03T04:54:39.696Z
10702|ID|10702,10702,ID,10702,10702,1510260N,,KV Detector Panel,2026-08-03T04:54:39.696Z
10703|REF|1510260R,10703,REF,1510260R,1510260R,1510260R,,KV Detector Panel,2026-08-03T04:54:39.696Z
10703|ID|10703,10703,ID,10703,10703,1510260R,,KV Detector Panel,2026-08-03T04:54:39.696Z
11553|REF|1510261,11553,REF,1510261,1510261,1510261,,Detector imaging panel AL (RoSH,2026-08-03T04:54:39.696Z
11553|ID|11553,11553,ID,11553,11553,1510261,,Detector imaging panel AL (RoSH,2026-08-03T04:54:39.696Z
11027|REF|1510304,11027,REF,1510304,1510304,1510304,,"SPARES KIT, DOSE/SIB/HDRE + AU",2026-08-03T04:54:39.696Z
11027|ID|11027,11027,ID,11027,11027,1510304,,"SPARES KIT, DOSE/SIB/HDRE + AU",2026-08-03T04:54:39.696Z
12129|REF|1511383,12129,REF,1511383,1511383,1511383,,"FRU,MAG TUNING DRIVE ASSY",2026-08-03T04:54:39.696Z
12129|ID|12129,12129,ID,12129,12129,1511383,,"FRU,MAG TUNING DRIVE ASSY",2026-08-03T04:54:39.696Z
11285|REF|1511606-01,11285,REF,1511606-01,151160601,1511606-01,,resistencia Transformador de pulso.,2026-08-03T04:54:39.696Z
11285|ID|11285,11285,ID,11285,11285,1511606-01,,resistencia Transformador de pulso.,2026-08-03T04:54:39.696Z
11489|REF|1511693,11489,REF,1511693,1511693,1511693,,CHARGING HIGH VOLTAGE CABLE,2026-08-03T04:54:39.696Z
11489|ID|11489,11489,ID,11489,11489,1511693,,CHARGING HIGH VOLTAGE CABLE,2026-08-03T04:54:39.696Z
11284|REF|1511833-02,11284,REF,1511833-02,151183302,1511833-02,,HT Charging Cable from PSU to PFN,2026-08-03T04:54:39.696Z
11284|ID|11284,11284,ID,11284,11284,1511833-02,,HT Charging Cable from PSU to PFN,2026-08-03T04:54:39.696Z
10121|REF|1511862,10121,REF,1511862,1511862,1511862,,"Analog input, 12-bit (AI12) version 2",2026-08-03T04:54:39.696Z
10121|ID|10121,10121,ID,10121,10121,1511862,,"Analog input, 12-bit (AI12) version 2",2026-08-03T04:54:39.696Z
11869|REF|1511862_usado,11869,REF,1511862_usado,1511862USADO,1511862_usado,,"Analog input, 12-bit (AI12) version 2",2026-08-03T04:54:39.696Z
11869|ID|11869,11869,ID,11869,11869,1511862_usado,,"Analog input, 12-bit (AI12) version 2",2026-08-03T04:54:39.696Z
12135|REF|1511957,12135,REF,1511957,1511957,1511957,,"Dose A, iss 02",2026-08-03T04:54:39.696Z
12135|ID|12135,12135,ID,12135,12135,1511957,,"Dose A, iss 02",2026-08-03T04:54:39.696Z
10122|REF|1512130,10122,REF,1512130,1512130,1512130,,PCB ASSY RELAY OUT - ROC,2026-08-03T04:54:39.696Z
10122|ID|10122,10122,ID,10122,10122,1512130,,PCB ASSY RELAY OUT - ROC,2026-08-03T04:54:39.696Z
11906|REF|1512130_usado,11906,REF,1512130_usado,1512130USADO,1512130_usado,,PCB ASSY RELAY OUT - ROC,2026-08-03T04:54:39.696Z
11906|ID|11906,11906,ID,11906,11906,1512130_usado,,PCB ASSY RELAY OUT - ROC,2026-08-03T04:54:39.696Z
11121|REF|1512443,11121,REF,1512443,1512443,1512443,,"Fru, asymmetric HHC Spare Kit",2026-08-03T04:54:39.696Z
11121|ID|11121,11121,ID,11121,11121,1512443,,"Fru, asymmetric HHC Spare Kit",2026-08-03T04:54:39.696Z
11773|REF|1512455,11773,REF,1512455,1512455,1512455,,"Black latching handle for detector movement, MISUMI, USANB125",2026-08-03T04:54:39.696Z
11773|ID|11773,11773,ID,11773,11773,1512455,,"Black latching handle for detector movement, MISUMI, USANB125",2026-08-03T04:54:39.696Z
12031|REF|1512974,12031,REF,1512974,1512974,1512974,,PULSE TRANSFORMER (MAGNETRON),2026-08-03T04:54:39.696Z
12031|ID|12031,12031,ID,12031,12031,1512974,,PULSE TRANSFORMER (MAGNETRON),2026-08-03T04:54:39.696Z
11309|REF|1513681,11309,REF,1513681,1513681,1513681,,"MV, DCB, PROGRAMED",2026-08-03T04:54:39.696Z
11309|ID|11309,11309,ID,11309,11309,1513681,,"MV, DCB, PROGRAMED",2026-08-03T04:54:39.696Z
11642|REF|1513849,11642,REF,1513849,1513849,1513849,,RF input window spares kit (Gun),2026-08-03T04:54:39.696Z
11642|ID|11642,11642,ID,11642,11642,1513849,,RF input window spares kit (Gun),2026-08-03T04:54:39.696Z
11784|REF|1514230,11784,REF,1514230,1514230,1514230,,"MRT 19911, Hardware upgrade kit, integriry R3.1 - Dose A y Dose B",2026-08-03T04:54:39.696Z
11784|ID|11784,11784,ID,11784,11784,1514230,,"MRT 19911, Hardware upgrade kit, integriry R3.1 - Dose A y Dose B",2026-08-03T04:54:39.696Z
11650|REF|1514268,11650,REF,1514268,1514268,1514268,,"MRT 23341, Integrity R3.2, Localisation Kit, LT Spanish",2026-08-03T04:54:39.696Z
11650|ID|11650,11650,ID,11650,11650,1514268,,"MRT 23341, Integrity R3.2, Localisation Kit, LT Spanish",2026-08-03T04:54:39.696Z
11171|REF|1514969_02,11171,REF,1514969_02,151496902,1514969_02,,Bracket for DIA PCB,2026-08-03T04:54:39.696Z
11171|ID|11171,11171,ID,11171,11171,1514969_02,,Bracket for DIA PCB,2026-08-03T04:54:39.696Z
11684|REF|1514984,11684,REF,1514984,1514984,1514984,,ROOM PCB,2026-08-03T04:54:39.696Z
11684|ID|11684,11684,ID,11684,11684,1514984,,ROOM PCB,2026-08-03T04:54:39.696Z
10131|REF|1514986,10131,REF,1514986,1514986,1514986,,ASSY DIAPHAGM PCB,2026-08-03T04:54:39.696Z
10131|ID|10131,10131,ID,10131,10131,1514986,,ASSY DIAPHAGM PCB,2026-08-03T04:54:39.696Z
12276|REF|1515017,12276,REF,1515017,1515017,1515017,,Tube vacuum assembly (Gun),2026-08-03T04:54:39.696Z
12276|ID|12276,12276,ID,12276,12276,1515017,,Tube vacuum assembly (Gun),2026-08-03T04:54:39.696Z
10374|REF|1515098,10374,REF,1515098,1515098,1515098,,ION PUMP - SPARE,2026-08-03T04:54:39.696Z
10374|ID|10374,10374,ID,10374,10374,1515098,,ION PUMP - SPARE,2026-08-03T04:54:39.696Z
12191|REF|1515098_(no_magnetos),12191,REF,1515098_(no_magnetos),1515098NOMAGNETOS,1515098_(no_magnetos),,ION PUMP - Testing (sin imanes),2026-08-03T04:54:39.696Z
12191|ID|12191,12191,ID,12191,12191,1515098_(no_magnetos),,ION PUMP - Testing (sin imanes),2026-08-03T04:54:39.696Z
11752|REF|1515219,11752,REF,1515219,1515219,1515219,,"Kit, Gasket, 70mm",2026-08-03T04:54:39.696Z
11752|ID|11752,11752,ID,11752,11752,1515219,,"Kit, Gasket, 70mm",2026-08-03T04:54:39.696Z
12344|REF|1515220,12344,REF,1515220,1515220,1515220,,"Kit, Gasket, 114mm",2026-08-03T04:54:39.696Z
12344|ID|12344,12344,ID,12344,12344,1515220,,"Kit, Gasket, 114mm",2026-08-03T04:54:39.696Z
12014|REF|1515514,12014,REF,1515514,1515514,1515514,,Assy inductance,2026-08-03T04:54:39.696Z
12014|ID|12014,12014,ID,12014,12014,1515514,,Assy inductance,2026-08-03T04:54:39.696Z
12245|REF|1515997,12245,REF,1515997,1515997,1515997,,"THYRATRON,GL1551A",2026-08-03T04:54:39.696Z
12245|ID|12245,12245,ID,12245,12245,1515997,,"THYRATRON,GL1551A",2026-08-03T04:54:39.696Z
18|REF|1516727,18,REF,1516727,1516727,1516727,,Kit Beam MU Dose Monitoring BMDM,2026-08-03T04:54:39.696Z
18|ID|18,18,ID,18,18,1516727,,Kit Beam MU Dose Monitoring BMDM,2026-08-03T04:54:39.696Z
10793|REF|1516753,10793,REF,1516753,1516753,1516753,,Thyratron Pulser PCB,2026-08-03T04:54:39.696Z
10793|ID|10793,10793,ID,10793,10793,1516753,,Thyratron Pulser PCB,2026-08-03T04:54:39.696Z
11154|REF|1517085,11154,REF,1517085,1517085,1517085,,Wedge motor spares kit,2026-08-03T04:54:39.696Z
11154|ID|11154,11154,ID,11154,11154,1517085,,Wedge motor spares kit,2026-08-03T04:54:39.696Z
10984|REF|1517197,10984,REF,1517197,1517197,1517197,,"KIT, SPARES, DLG MOTOR",2026-08-03T04:54:39.696Z
10984|ID|10984,10984,ID,10984,10984,1517197,,"KIT, SPARES, DLG MOTOR",2026-08-03T04:54:39.696Z
11629|REF|1517198,11629,REF,1517198,1517198,1517198,,"Kit, Spare, H/W, Acces",2026-08-03T04:54:39.696Z
11629|ID|11629,11629,ID,11629,11629,1517198,,"Kit, Spare, H/W, Acces",2026-08-03T04:54:39.696Z
11495|REF|1517288,11495,REF,1517288,1517288,1517288,,Lentes de Seguridad con Protección UV para Agility,2026-08-03T04:54:39.696Z
11495|ID|11495,11495,ID,11495,11495,1517288,,Lentes de Seguridad con Protección UV para Agility,2026-08-03T04:54:39.696Z
10701|REF|1517657,10701,REF,1517657,1517657,1517657,,"PCB ASSY, LEAF MOTOR DRIVE - 1 Only",2026-08-03T04:54:39.696Z
10701|ID|10701,10701,ID,10701,10701,1517657,,"PCB ASSY, LEAF MOTOR DRIVE - 1 Only",2026-08-03T04:54:39.696Z
11868|REF|1517657_usado,11868,REF,1517657_usado,1517657USADO,1517657_usado,,"PCB ASSY, LEAF MOTOR DRIVE - 1 Only",2026-08-03T04:54:39.696Z
11868|ID|11868,11868,ID,11868,11868,1517657_usado,,"PCB ASSY, LEAF MOTOR DRIVE - 1 Only",2026-08-03T04:54:39.696Z
11056|REF|1519046,11056,REF,1519046,1519046,1519046,,"Service Tools, Drive Module setting",2026-08-03T04:54:39.696Z
11056|ID|11056,11056,ID,11056,11056,1519046,,"Service Tools, Drive Module setting",2026-08-03T04:54:39.696Z
11588|REF|1519103,11588,REF,1519103,1519103,1519103,,Dose A Digital,2026-08-03T04:54:39.696Z
11588|ID|11588,11588,ID,11588,11588,1519103,,Dose A Digital,2026-08-03T04:54:39.696Z
11574|REF|1519710,11574,REF,1519710,1519710,1519710,,"FRU, HT CABLE, cable assembly, Transformer M2, M4 -Magnetron",2026-08-03T04:54:39.696Z
11574|ID|11574,11574,ID,11574,11574,1519710,,"FRU, HT CABLE, cable assembly, Transformer M2, M4 -Magnetron",2026-08-03T04:54:39.696Z
11850|REF|1519804,11850,REF,1519804,1519804,1519804,,License for ISOCENTER CHECK,2026-08-03T04:54:39.696Z
11850|ID|11850,11850,ID,11850,11850,1519804,,License for ISOCENTER CHECK,2026-08-03T04:54:39.696Z
12249|REF|152020,12249,REF,152020,152020,152020,,Intrauterine Tube 40mm 45°,2026-08-03T04:54:39.696Z
12249|ID|12249,12249,ID,12249,12249,152020,,Intrauterine Tube 40mm 45°,2026-08-03T04:54:39.696Z
11755|REF|1520627,11755,REF,1520627,1520627,1520627,,Basic Spare Parts Sub-assy,2026-08-03T04:54:39.696Z
11755|ID|11755,11755,ID,11755,11755,1520627,,Basic Spare Parts Sub-assy,2026-08-03T04:54:39.696Z
11645|REF|1520885,11645,REF,1520885,1520885,1520885,,1553 Interface Board,2026-08-03T04:54:39.696Z
11645|ID|11645,11645,ID,11645,11645,1520885,,1553 Interface Board,2026-08-03T04:54:39.696Z
11865|REF|1520885_usado,11865,REF,1520885_usado,1520885USADO,1520885_usado,,1553 Interface Board,2026-08-03T04:54:39.696Z
11865|ID|11865,11865,ID,11865,11865,1520885_usado,,1553 Interface Board,2026-08-03T04:54:39.696Z
12206|REF|1521162,12206,REF,1521162,1521162,1521162,,"M4 Touchguard, Assembly Kit",2026-08-03T04:54:39.696Z
12206|ID|12206,12206,ID,12206,12206,1521162,,"M4 Touchguard, Assembly Kit",2026-08-03T04:54:39.696Z
11020|REF|1522148,11020,REF,1522148,1522148,1522148,,Microswitch de enable de mesa,2026-08-03T04:54:39.696Z
11020|ID|11020,11020,ID,11020,11020,1522148,,Microswitch de enable de mesa,2026-08-03T04:54:39.696Z
11779|REF|1522291,11779,REF,1522291,1522291,1522291,,Seals Kit,2026-08-03T04:54:39.696Z
11779|ID|11779,11779,ID,11779,11779,1522291,,Seals Kit,2026-08-03T04:54:39.696Z
11777|REF|1522324,11777,REF,1522324,1522324,1522324,,Scope lead Set,2026-08-03T04:54:39.696Z
11777|ID|11777,11777,ID,11777,11777,1522324,,Scope lead Set,2026-08-03T04:54:39.696Z
12044|REF|1522567,12044,REF,1522567,1522567,1522567,,RF output window,2026-08-03T04:54:39.696Z
12044|ID|12044,12044,ID,12044,12044,1522567,,RF output window,2026-08-03T04:54:39.696Z
11036|REF|1522883,11036,REF,1522883,1522883,1522883,,Camera,2026-08-03T04:54:39.696Z
11036|ID|11036,11036,ID,11036,11036,1522883,,Camera,2026-08-03T04:54:39.696Z
12000|REF|1523707,12000,REF,1523707,1523707,1523707,,PCI LIB PCB - CCP,2026-08-03T04:54:39.696Z
12000|ID|12000,12000,ID,12000,12000,1523707,,PCI LIB PCB - CCP,2026-08-03T04:54:39.696Z
11948|REF|1525429_usado,11948,REF,1525429_usado,1525429USADO,1525429_usado,,Assy 160 MLC PSU Universal,2026-08-03T04:54:39.696Z
11948|ID|11948,11948,ID,11948,11948,1525429_usado,,Assy 160 MLC PSU Universal,2026-08-03T04:54:39.696Z
11287|REF|1525445,11287,REF,1525445,1525445,1525445,,"FRU,MLC HHC SPARE KIT",2026-08-03T04:54:39.696Z
11287|ID|11287,11287,ID,11287,11287,1525445,,"FRU,MLC HHC SPARE KIT",2026-08-03T04:54:39.696Z
11153|REF|1525493,11153,REF,1525493,1525493,1525493,,LEAF ASSEMBLY - D,2026-08-03T04:54:39.696Z
11153|ID|11153,11153,ID,11153,11153,1525493,,LEAF ASSEMBLY - D,2026-08-03T04:54:39.696Z
11152|REF|1525494,11152,REF,1525494,1525494,1525494,,LEAF ASSEMBLY - C,2026-08-03T04:54:39.696Z
11152|ID|11152,11152,ID,11152,11152,1525494,,LEAF ASSEMBLY - C,2026-08-03T04:54:39.696Z
11151|REF|1525495,11151,REF,1525495,1525495,1525495,,LEAF ASSEMBLY - B,2026-08-03T04:54:39.696Z
11151|ID|11151,11151,ID,11151,11151,1525495,,LEAF ASSEMBLY - B,2026-08-03T04:54:39.696Z
11150|REF|1525496,11150,REF,1525496,1525496,1525496,,LEAF ASSEMBLY - A,2026-08-03T04:54:39.696Z
11150|ID|11150,11150,ID,11150,11150,1525496,,LEAF ASSEMBLY - A,2026-08-03T04:54:39.696Z
11763|REF|1525497,11763,REF,1525497,1525497,1525497,,"Assembly, Ruby application tool",2026-08-03T04:54:39.696Z
11763|ID|11763,11763,ID,11763,11763,1525497,,"Assembly, Ruby application tool",2026-08-03T04:54:39.696Z
11147|REF|1525499,11147,REF,1525499,1525499,1525499,,Reference reflector spares kit,2026-08-03T04:54:39.696Z
11147|ID|11147,11147,ID,11147,11147,1525499,,Reference reflector spares kit,2026-08-03T04:54:39.696Z
11033|REF|1525500,11033,REF,1525500,1525500,1525500,,"KIT, SPARES, LEAF RUBY",2026-08-03T04:54:39.696Z
11033|ID|11033,11033,ID,11033,11033,1525500,,"KIT, SPARES, LEAF RUBY",2026-08-03T04:54:39.696Z
11759|REF|1525501,11759,REF,1525501,1525501,1525501,,"Service kit, Ruby replacement",2026-08-03T04:54:39.696Z
11759|ID|11759,11759,ID,11759,11759,1525501,,"Service kit, Ruby replacement",2026-08-03T04:54:39.696Z
12056|REF|1525532,12056,REF,1525532,1525532,1525532,,AI-12 firmware upgrade kit (1 unit per FSE),2026-08-03T04:54:39.696Z
12056|ID|12056,12056,ID,12056,12056,1525532,,AI-12 firmware upgrade kit (1 unit per FSE),2026-08-03T04:54:39.696Z
12218|REF|1527563,12218,REF,1527563,1527563,1527563,,XVI Cassette Assembly,2026-08-03T04:54:39.696Z
12218|ID|12218,12218,ID,12218,12218,1527563,,XVI Cassette Assembly,2026-08-03T04:54:39.696Z
11929|REF|1527814,11929,REF,1527814,1527814,1527814,,"PSU, ION PUMP",2026-08-03T04:54:39.696Z
11929|ID|11929,11929,ID,11929,11929,1527814,,"PSU, ION PUMP",2026-08-03T04:54:39.696Z
12058|REF|1527814_usado,12058,REF,1527814_usado,1527814USADO,1527814_usado,,Ion pump PSU (IPCU),2026-08-03T04:54:39.696Z
12058|ID|12058,12058,ID,12058,12058,1527814_usado,,Ion pump PSU (IPCU),2026-08-03T04:54:39.696Z
12089|REF|1528086,12089,REF,1528086,1528086,1528086,,"MRT 19381, FFF H/W Upgrade Kit",2026-08-03T04:54:39.696Z
12089|ID|12089,12089,ID,12089,12089,1528086,,"MRT 19381, FFF H/W Upgrade Kit",2026-08-03T04:54:39.696Z
11610|REF|1528171,11610,REF,1528171,1528171,1528171,,Upgrade Kit LVPSU Cables,2026-08-03T04:54:39.696Z
11610|ID|11610,11610,ID,11610,11610,1528171,,Upgrade Kit LVPSU Cables,2026-08-03T04:54:39.696Z
11737|REF|1529269,11737,REF,1529269,1529269,1529269,,Maxon Motor A-Max32,2026-08-03T04:54:39.696Z
11737|ID|11737,11737,ID,11737,11737,1529269,,Maxon Motor A-Max32,2026-08-03T04:54:39.696Z
12294|REF|1529520,12294,REF,1529520,1529520,1529520,,SERVICE SLITLESS FLIGHT TUBE,2026-08-03T04:54:39.696Z
12294|ID|12294,12294,ID,12294,12294,1529520,,SERVICE SLITLESS FLIGHT TUBE,2026-08-03T04:54:39.696Z
10844|REF|1530073,10844,REF,1530073,1530073,1530073,,Gamma Knife-ICON Upgrade,2026-08-03T04:54:39.696Z
10844|ID|10844,10844,ID,10844,10844,1530073,,Gamma Knife-ICON Upgrade,2026-08-03T04:54:39.696Z
11145|REF|1531145,11145,REF,1531145,1531145,1531145,,"Assy, Fan 70x70x15mm",2026-08-03T04:54:39.696Z
11145|ID|11145,11145,ID,11145,11145,1531145,,"Assy, Fan 70x70x15mm",2026-08-03T04:54:39.696Z
12326|REF|1531283,12326,REF,1531283,1531283,1531283,,"Cable kit (-ve, cathode), 15 m",2026-08-03T04:54:39.696Z
12326|ID|12326,12326,ID,12326,12326,1531283,,"Cable kit (-ve, cathode), 15 m",2026-08-03T04:54:39.696Z
12327|REF|1531284,12327,REF,1531284,1531284,1531284,,"Cable kit (+ve, anode), 15 m",2026-08-03T04:54:39.696Z
12327|ID|12327,12327,ID,12327,12327,1531284,,"Cable kit (+ve, anode), 15 m",2026-08-03T04:54:39.696Z
11015|REF|1531790,11015,REF,1531790,1531790,1531790,,"X, Y check or coarse potentiometer (D SHAPE), lateral o longitudinal",2026-08-03T04:54:39.696Z
11015|ID|11015,11015,ID,11015,11015,1531790,,"X, Y check or coarse potentiometer (D SHAPE), lateral o longitudinal",2026-08-03T04:54:39.696Z
12092|REF|1531848,12092,REF,1531848,1531848,1531848,,X-drive subassembly （D- SHAPE）,2026-08-03T04:54:39.696Z
12092|ID|12092,12092,ID,12092,12092,1531848,,X-drive subassembly （D- SHAPE）,2026-08-03T04:54:39.696Z
10372|REF|1531852,10372,REF,1531852,1531852,1531852,,FRU XY DRIVE UNIT,2026-08-03T04:54:39.696Z
10372|ID|10372,10372,ID,10372,10372,1531852,,FRU XY DRIVE UNIT,2026-08-03T04:54:39.696Z
11014|REF|1531853,11014,REF,1531853,1531853,1531853,,"Y and X-drive fine potentiometer （ DSHAPE ), Lateral and longitudinal",2026-08-03T04:54:39.696Z
11014|ID|11014,11014,ID,11014,11014,1531853,,"Y and X-drive fine potentiometer （ DSHAPE ), Lateral and longitudinal",2026-08-03T04:54:39.696Z
12224|REF|1531854,12224,REF,1531854,1531854,1531854,,Z fine potentiometer (D- SHAPE),2026-08-03T04:54:39.696Z
12224|ID|12224,12224,ID,12224,12224,1531854,,Z fine potentiometer (D- SHAPE),2026-08-03T04:54:39.696Z
12223|REF|1531855,12223,REF,1531855,1531855,1531855,,Z check potentiometer (D- SHAPE),2026-08-03T04:54:39.696Z
12223|ID|12223,12223,ID,12223,12223,1531855,,Z check potentiometer (D- SHAPE),2026-08-03T04:54:39.696Z
12225|REF|1531858,12225,REF,1531858,1531858,1531858,,Z coarse potentiometer (D-SHAPE),2026-08-03T04:54:39.696Z
12225|ID|12225,12225,ID,12225,12225,1531858,,Z coarse potentiometer (D-SHAPE),2026-08-03T04:54:39.696Z
11026|REF|1531859,11026,REF,1531859,1531859,1531859,,Fine potentiometer,2026-08-03T04:54:39.696Z
11026|ID|11026,11026,ID,11026,11026,1531859,,Fine potentiometer,2026-08-03T04:54:39.696Z
11025|REF|1531860,11025,REF,1531860,1531860,1531860,,Check or coarse potentiometer,2026-08-03T04:54:39.696Z
11025|ID|11025,11025,ID,11025,11025,1531860,,Check or coarse potentiometer,2026-08-03T04:54:39.696Z
10993|REF|1532099,10993,REF,1532099,1532099,1532099,,Function Key Pad,2026-08-03T04:54:39.696Z
10993|ID|10993,10993,ID,10993,10993,1532099,,Function Key Pad,2026-08-03T04:54:39.696Z
11012|REF|1532553,11012,REF,1532553,1532553,1532553,,"PCB, logic control unit (RATM) - LCU",2026-08-03T04:54:39.696Z
11012|ID|11012,11012,ID,11012,11012,1532553,,"PCB, logic control unit (RATM) - LCU",2026-08-03T04:54:39.696Z
12268|REF|1532592,12268,REF,1532592,1532592,1532592,,BMDM spares kit,2026-08-03T04:54:39.696Z
12268|ID|12268,12268,ID,12268,12268,1532592,,BMDM spares kit,2026-08-03T04:54:39.696Z
11681|REF|1532627,11681,REF,1532627,1532627,1532627,,"FRU,GUN FILA PSU",2026-08-03T04:54:39.696Z
11681|ID|11681,11681,ID,11681,11681,1532627,,"FRU,GUN FILA PSU",2026-08-03T04:54:39.696Z
11100|REF|1532633,11100,REF,1532633,1532633,1532633,,VACUUM PUMP POWER SUPPLY,2026-08-03T04:54:39.696Z
11100|ID|11100,11100,ID,11100,11100,1532633,,VACUUM PUMP POWER SUPPLY,2026-08-03T04:54:39.696Z
11030|REF|1532758,11030,REF,1532758,1532758,1532758,,Diaphragm motor spares kit,2026-08-03T04:54:39.696Z
11030|ID|11030,11030,ID,11030,11030,1532758,,Diaphragm motor spares kit,2026-08-03T04:54:39.696Z
11032|REF|1532759,11032,REF,1532759,1532759,1532759,,DLG motor spares kit,2026-08-03T04:54:39.696Z
11032|ID|11032,11032,ID,11032,11032,1532759,,DLG motor spares kit,2026-08-03T04:54:39.696Z
11786|REF|1533051,11786,REF,1533051,1533051,1533051,,LEADSCREW ASSY,2026-08-03T04:54:39.696Z
11786|ID|11786,11786,ID,11786,11786,1533051,,LEADSCREW ASSY,2026-08-03T04:54:39.696Z
11102|REF|1533345,11102,REF,1533345,1533345,1533345,,MAGNETRON FILAMENT PSU,2026-08-03T04:54:39.696Z
11102|ID|11102,11102,ID,11102,11102,1533345,,MAGNETRON FILAMENT PSU,2026-08-03T04:54:39.696Z
11283|REF|1533604-01,11283,REF,1533604-01,153360401,1533604-01,,Transformador de pulso,2026-08-03T04:54:39.696Z
11283|ID|11283,11283,ID,11283,11283,1533604-01,,Transformador de pulso,2026-08-03T04:54:39.696Z
11747|REF|1533657,11747,REF,1533657,1533657,1533657,,"Modkit, IntegrityTM R4.0 for IntegrityTM R1.2 FCO",2026-08-03T04:54:39.696Z
11747|ID|11747,11747,ID,11747,11747,1533657,,"Modkit, IntegrityTM R4.0 for IntegrityTM R1.2 FCO",2026-08-03T04:54:39.696Z
12175|REF|1533657_usado,12175,REF,1533657_usado,1533657USADO,1533657_usado,,"Modkit, IntegrityTM R4.0 for IntegrityTM R1.2 FCO",2026-08-03T04:54:39.696Z
12175|ID|12175,12175,ID,12175,12175,1533657_usado,,"Modkit, IntegrityTM R4.0 for IntegrityTM R1.2 FCO",2026-08-03T04:54:39.696Z
11640|REF|1534014,11640,REF,1534014,1534014,1534014,,"Kit, Enhanced, Agility Guide Lubrication",2026-08-03T04:54:39.696Z
11640|ID|11640,11640,ID,11640,11640,1534014,,"Kit, Enhanced, Agility Guide Lubrication",2026-08-03T04:54:39.696Z
11018|REF|1534191,11018,REF,1534191,1534191,1534191,,"Thumbwheel PWB Side A MKII, VersaHD",2026-08-03T04:54:39.696Z
11018|ID|11018,11018,ID,11018,11018,1534191,,"Thumbwheel PWB Side A MKII, VersaHD",2026-08-03T04:54:39.696Z
11022|REF|1534195,11022,REF,1534195,1534195,1534195,,"Thumbwheel PWB Side B MKII, VersaHD",2026-08-03T04:54:39.696Z
11022|ID|11022,11022,ID,11022,11022,1534195,,"Thumbwheel PWB Side B MKII, VersaHD",2026-08-03T04:54:39.696Z
11586|REF|1534384,11586,REF,1534384,1534384,1534384,,"SPARES KIT, COLLIMATOR CABLE",2026-08-03T04:54:39.696Z
11586|ID|11586,11586,ID,11586,11586,1534384,,"SPARES KIT, COLLIMATOR CABLE",2026-08-03T04:54:39.696Z
12265|REF|1534583,12265,REF,1534583,1534583,1534583,,"CCP MGMT COMP, HP Z2 MINI G4",2026-08-03T04:54:39.696Z
12265|ID|12265,12265,ID,12265,12265,1534583,,"CCP MGMT COMP, HP Z2 MINI G4",2026-08-03T04:54:39.696Z
12185|REF|1534908,12185,REF,1534908,1534908,1534908,,Y1 Leaf Drive Module (Target),2026-08-03T04:54:39.696Z
12185|ID|12185,12185,ID,12185,12185,1534908,,Y1 Leaf Drive Module (Target),2026-08-03T04:54:39.696Z
11034|REF|1534958,11034,REF,1534958,1534958,1534958,,Leaf motor spares kit,2026-08-03T04:54:39.696Z
11034|ID|11034,11034,ID,11034,11034,1534958,,Leaf motor spares kit,2026-08-03T04:54:39.696Z
11867|REF|1534958_usado,11867,REF,1534958_usado,1534958USADO,1534958_usado,,Leaf motor spares kit,2026-08-03T04:54:39.696Z
11867|ID|11867,11867,ID,11867,11867,1534958_usado,,Leaf motor spares kit,2026-08-03T04:54:39.696Z
12263|REF|1535662,12263,REF,1535662,1535662,1535662,,"Control PCB, type A (PCB13 C to G)",2026-08-03T04:54:39.696Z
12263|ID|12263,12263,ID,12263,12263,1535662,,"Control PCB, type A (PCB13 C to G)",2026-08-03T04:54:39.696Z
11525|REF|1535807,11525,REF,1535807,1535807,1535807,,FCO Mod-kit “Transformer T2 and NTC”,2026-08-03T04:54:39.696Z
11525|ID|11525,11525,ID,11525,11525,1535807,,FCO Mod-kit “Transformer T2 and NTC”,2026-08-03T04:54:39.696Z
11928|REF|1535807_usado,11928,REF,1535807_usado,1535807USADO,1535807_usado,,Mod-kit “Transformer T2 and NTC”,2026-08-03T04:54:39.696Z
11928|ID|11928,11928,ID,11928,11928,1535807_usado,,Mod-kit “Transformer T2 and NTC”,2026-08-03T04:54:39.696Z
11480|REF|1535987,11480,REF,1535987,1535987,1535987,,"FRU, DOSE BOARD",2026-08-03T04:54:39.696Z
11480|ID|11480,11480,ID,11480,11480,1535987,,"FRU, DOSE BOARD",2026-08-03T04:54:39.696Z
11488|REF|1536188,11488,REF,1536188,1536188,1536188,,MLC INTERFACE UNIT-Assy,2026-08-03T04:54:39.696Z
11488|ID|11488,11488,ID,11488,11488,1536188,,MLC INTERFACE UNIT-Assy,2026-08-03T04:54:39.696Z
10774|REF|1536279___1525429,10774,REF,1536279___1525429,15362791525429,1536279___1525429,,Assy 160 MLC PSU Universal,2026-08-03T04:54:39.696Z
10774|ID|10774,10774,ID,10774,10774,1536279___1525429,,Assy 160 MLC PSU Universal,2026-08-03T04:54:39.696Z
12267|REF|1536369,12267,REF,1536369,1536369,1536369,,HEATSINK ASSY. SEMIKRON,2026-08-03T04:54:39.696Z
12267|ID|12267,12267,ID,12267,12267,1536369,,HEATSINK ASSY. SEMIKRON,2026-08-03T04:54:39.696Z
12037|REF|1536393,12037,REF,1536393,1536393,1536393,,"FRU,EMERGENCY DOWN DRIVE MODULE",2026-08-03T04:54:39.696Z
12037|ID|12037,12037,ID,12037,12037,1536393,,"FRU,EMERGENCY DOWN DRIVE MODULE",2026-08-03T04:54:39.696Z
11842|REF|1537211,11842,REF,1537211,1537211,1537211,,"KIT, CATHODE FILAMENT GUN CARRIER ASSY/VITON",2026-08-03T04:54:39.696Z
11842|ID|11842,11842,ID,11842,11842,1537211,,"KIT, CATHODE FILAMENT GUN CARRIER ASSY/VITON",2026-08-03T04:54:39.696Z
11972|REF|1537367,11972,REF,1537367,1537367,1537367,,"Fru, Magnetron Filament PSU",2026-08-03T04:54:39.696Z
11972|ID|11972,11972,ID,11972,11972,1537367,,"Fru, Magnetron Filament PSU",2026-08-03T04:54:39.696Z
12137|REF|1538094,12137,REF,1538094,1538094,1538094,,"CONTROL BOARD,KV GEN,SHFR400",2026-08-03T04:54:39.696Z
12137|ID|12137,12137,ID,12137,12137,1538094,,"CONTROL BOARD,KV GEN,SHFR400",2026-08-03T04:54:39.696Z
11854|REF|1538261,11854,REF,1538261,1538261,1538261,,"FRU KIT, FLIGHT TUBE DRIVE",2026-08-03T04:54:39.696Z
11854|ID|11854,11854,ID,11854,11854,1538261,,"FRU KIT, FLIGHT TUBE DRIVE",2026-08-03T04:54:39.696Z
11885|REF|1538261_usado,11885,REF,1538261_usado,1538261USADO,1538261_usado,,"FRU KIT, FLIGHT TUBE DRIVE",2026-08-03T04:54:39.696Z
11885|ID|11885,11885,ID,11885,11885,1538261_usado,,"FRU KIT, FLIGHT TUBE DRIVE",2026-08-03T04:54:39.696Z
12099|REF|1538685,12099,REF,1538685,1538685,1538685,,FRU power supply assembly,2026-08-03T04:54:39.696Z
12099|ID|12099,12099,ID,12099,12099,1538685,,FRU power supply assembly,2026-08-03T04:54:39.696Z
12109|REF|1538685_usado,12109,REF,1538685_usado,1538685USADO,1538685_usado,,FRU power supply assembly,2026-08-03T04:54:39.696Z
12109|ID|12109,12109,ID,12109,12109,1538685_usado,,FRU power supply assembly,2026-08-03T04:54:39.696Z
11143|REF|1539233_FCO,11143,REF,1539233_FCO,1539233FCO,1539233_FCO,,NSS 4.0 Upgrade ModKit_FCO,2026-08-03T04:54:39.696Z
11143|ID|11143,11143,ID,11143,11143,1539233_FCO,,NSS 4.0 Upgrade ModKit_FCO,2026-08-03T04:54:39.696Z
12282|REF|1539679___1571202,12282,REF,1539679___1571202,15396791571202,1539679___1571202,,"MRT 14791, GENERAL FKP ASSY",2026-08-03T04:54:39.696Z
12282|ID|12282,12282,ID,12282,12282,1539679___1571202,,"MRT 14791, GENERAL FKP ASSY",2026-08-03T04:54:39.696Z
11662|REF|1539682,11662,REF,1539682,1539682,1539682,,"FKP control, Elekta Synergy",2026-08-03T04:54:39.696Z
11662|ID|11662,11662,ID,11662,11662,1539682,,"FKP control, Elekta Synergy",2026-08-03T04:54:39.696Z
12321|REF|1539718,12321,REF,1539718,1539718,1539718,,"UPS,2200KA,1980W,EATON,5PX2200iRTN",2026-08-03T04:54:39.696Z
12321|ID|12321,12321,ID,12321,12321,1539718,,"UPS,2200KA,1980W,EATON,5PX2200iRTN",2026-08-03T04:54:39.696Z
12217|REF|1539958,12217,REF,1539958,1539958,1539958,,USB Can Adaptor SAT,2026-08-03T04:54:39.696Z
12217|ID|12217,12217,ID,12217,12217,1539958,,USB Can Adaptor SAT,2026-08-03T04:54:39.696Z
11733|REF|1540383,11733,REF,1540383,1540383,1540383,,"SPARES KIT, BMDM F/W UPDATE",2026-08-03T04:54:39.696Z
11733|ID|11733,11733,ID,11733,11733,1540383,,"SPARES KIT, BMDM F/W UPDATE",2026-08-03T04:54:39.696Z
12050|REF|1540797,12050,REF,1540797,1540797,1540797,,"SSD, 256GB, HPi Z2 Mini G4",2026-08-03T04:54:39.696Z
12050|ID|12050,12050,ID,12050,12050,1540797,,"SSD, 256GB, HPi Z2 Mini G4",2026-08-03T04:54:39.696Z
12317|REF|1540858,12317,REF,1540858,1540858,1540858,,"FRU, UPS, 2200VA, EATON",2026-08-03T04:54:39.696Z
12317|ID|12317,12317,ID,12317,12317,1540858,,"FRU, UPS, 2200VA, EATON",2026-08-03T04:54:39.696Z
12243|REF|1541207,12243,REF,1541207,1541207,1541207,,XVI MK6I R5.0.6 IMAGING C/SYS,2026-08-03T04:54:39.696Z
12243|ID|12243,12243,ID,12243,12243,1541207,,XVI MK6I R5.0.6 IMAGING C/SYS,2026-08-03T04:54:39.696Z
11855|REF|1541653,11855,REF,1541653,1541653,1541653,,"DRIFT TUBE ASSY, FRU, VITON",2026-08-03T04:54:39.696Z
11855|ID|11855,11855,ID,11855,11855,1541653,,"DRIFT TUBE ASSY, FRU, VITON",2026-08-03T04:54:39.696Z
11886|REF|1541653_usado,11886,REF,1541653_usado,1541653USADO,1541653_usado,,"DRIFT TUBE ASSY, FRU, VITON",2026-08-03T04:54:39.696Z
11886|ID|11886,11886,ID,11886,11886,1541653_usado,,"DRIFT TUBE ASSY, FRU, VITON",2026-08-03T04:54:39.696Z
11595|REF|1541718,11595,REF,1541718,1541718,1541718,,"FRU, Pancake Motor Assembly",2026-08-03T04:54:39.696Z
11595|ID|11595,11595,ID,11595,11595,1541718,,"FRU, Pancake Motor Assembly",2026-08-03T04:54:39.696Z
12194|REF|1541718_usado,12194,REF,1541718_usado,1541718USADO,1541718_usado,,"FRU, Pancake Motor Assembly",2026-08-03T04:54:39.696Z
12194|ID|12194,12194,ID,12194,12194,1541718_usado,,"FRU, Pancake Motor Assembly",2026-08-03T04:54:39.696Z
11817|REF|1541744,11817,REF,1541744,1541744,1541744,,"FRU KIT, HAND HELD CONTROLLER",2026-08-03T04:54:39.696Z
11817|ID|11817,11817,ID,11817,11817,1541744,,"FRU KIT, HAND HELD CONTROLLER",2026-08-03T04:54:39.696Z
12082|REF|1541957,12082,REF,1541957,1541957,1541957,,"PCB, logic control unit (RATM) - LCU",2026-08-03T04:54:39.696Z
12082|ID|12082,12082,ID,12082,12082,1541957,,"PCB, logic control unit (RATM) - LCU",2026-08-03T04:54:39.696Z
11782|REF|1541961,11782,REF,1541961,1541961,1541961,,Water Inhibitor kit,2026-08-03T04:54:39.696Z
11782|ID|11782,11782,ID,11782,11782,1541961,,Water Inhibitor kit,2026-08-03T04:54:39.696Z
11890|REF|1542929,11890,REF,1542929,1542929,1542929,,"PSU,15V,18A,300W",2026-08-03T04:54:39.696Z
11890|ID|11890,11890,ID,11890,11890,1542929,,"PSU,15V,18A,300W",2026-08-03T04:54:39.696Z
11836|REF|1542932,11836,REF,1542932,1542932,1542932,,"Relay, PWR, SPCO#G2R - 1",2026-08-03T04:54:39.696Z
11836|ID|11836,11836,ID,11836,11836,1542932,,"Relay, PWR, SPCO#G2R - 1",2026-08-03T04:54:39.696Z
12184|REF|1543565,12184,REF,1543565,1543565,1543565,,Camera,2026-08-03T04:54:39.696Z
12184|ID|12184,12184,ID,12184,12184,1543565,,Camera,2026-08-03T04:54:39.696Z
12016|REF|1546731,12016,REF,1546731,1546731,1546731,,"Contactor (CON A), 24V, 50Hz, 50 A, Siemens 3RT 1036-1AB00",2026-08-03T04:54:39.696Z
12016|ID|12016,12016,ID,12016,12016,1546731,,"Contactor (CON A), 24V, 50Hz, 50 A, Siemens 3RT 1036-1AB00",2026-08-03T04:54:39.696Z
12086|REF|1547237_usado,12086,REF,1547237_usado,1547237USADO,1547237_usado,,PCB Assy Led Control (Agility),2026-08-03T04:54:39.696Z
12086|ID|12086,12086,ID,12086,12086,1547237_usado,,PCB Assy Led Control (Agility),2026-08-03T04:54:39.696Z
12057|REF|1547505,12057,REF,1547505,1547505,1547505,,"MRT 28391, IntegrityTM R4.0, Spanish Localization Kit",2026-08-03T04:54:39.696Z
12057|ID|12057,12057,ID,12057,12057,1547505,,"MRT 28391, IntegrityTM R4.0, Spanish Localization Kit",2026-08-03T04:54:39.696Z
10979|REF|1547675,10979,REF,1547675,1547675,1547675,,Screen assembly crosswire Agility Head,2026-08-03T04:54:39.696Z
10979|ID|10979,10979,ID,10979,10979,1547675,,Screen assembly crosswire Agility Head,2026-08-03T04:54:39.696Z
10615|REF|1548845,10615,REF,1548845,1548845,1548845,,"ASSEMBLY, X-RAY TUBE VAREX",2026-08-03T04:54:39.696Z
10615|ID|10615,10615,ID,10615,10615,1548845,,"ASSEMBLY, X-RAY TUBE VAREX",2026-08-03T04:54:39.696Z
12119|REF|1548930,12119,REF,1548930,1548930,1548930,,"Filter, thorlabs",2026-08-03T04:54:39.696Z
12119|ID|12119,12119,ID,12119,12119,1548930,,"Filter, thorlabs",2026-08-03T04:54:39.696Z
11754|REF|1549445,11754,REF,1549445,1549445,1549445,,"Agility Service Tool, MRT 16901",2026-08-03T04:54:39.696Z
11754|ID|11754,11754,ID,11754,11754,1549445,,"Agility Service Tool, MRT 16901",2026-08-03T04:54:39.696Z
12055|REF|1549509_FCO,12055,REF,1549509_FCO,1549509FCO,1549509_FCO,,"Modkit, IntegrityTM R4.0 for IntegrityTM R3.2_FCO",2026-08-03T04:54:39.696Z
12055|ID|12055,12055,ID,12055,12055,1549509_FCO,,"Modkit, IntegrityTM R4.0 for IntegrityTM R3.2_FCO",2026-08-03T04:54:39.696Z
10416|REF|1549816,10416,REF,1549816,1549816,1549816,,"PUMP, LOWARA-FRU",2026-08-03T04:54:39.696Z
10416|ID|10416,10416,ID,10416,10416,1549816,,"PUMP, LOWARA-FRU",2026-08-03T04:54:39.696Z
12134|REF|1549950,12134,REF,1549950,1549950,1549950,,"HHC kit,Synergy/Infinity",2026-08-03T04:54:39.696Z
12134|ID|12134,12134,ID,12134,12134,1549950,,"HHC kit,Synergy/Infinity",2026-08-03T04:54:39.696Z
11029|REF|1550513,11029,REF,1550513,1550513,1550513,,Extended imaging module (XIM),2026-08-03T04:54:39.696Z
11029|ID|11029,11029,ID,11029,11029,1550513,,Extended imaging module (XIM),2026-08-03T04:54:39.696Z
12222|REF|1551098,12222,REF,1551098,1551098,1551098,,Lowara pump upgrade kit,2026-08-03T04:54:39.696Z
12222|ID|12222,12222,ID,12222,12222,1551098,,Lowara pump upgrade kit,2026-08-03T04:54:39.696Z
12147|REF|1551103,12147,REF,1551103,1551103,1551103,,"MOD KIT, DISC SPRING GANTRY (fco)",2026-08-03T04:54:39.696Z
12147|ID|12147,12147,ID,12147,12147,1551103,,"MOD KIT, DISC SPRING GANTRY (fco)",2026-08-03T04:54:39.696Z
11247|REF|1553878___1552668,11247,REF,1553878___1552668,15538781552668,1553878___1552668,,"Z Motor - ElektroCraft - FRU, Z drive motor/brake assembly",2026-08-03T04:54:39.696Z
11247|ID|11247,11247,ID,11247,11247,1553878___1552668,,"Z Motor - ElektroCraft - FRU, Z drive motor/brake assembly",2026-08-03T04:54:39.696Z
12176|REF|1553878__usado,12176,REF,1553878__usado,1553878USADO,1553878__usado,,"Z Motor - ElektroCraft - FRU, Z drive motor/brake assembly",2026-08-03T04:54:39.696Z
12176|ID|12176,12176,ID,12176,12176,1553878__usado,,"Z Motor - ElektroCraft - FRU, Z drive motor/brake assembly",2026-08-03T04:54:39.696Z
11159|REF|1554784,11159,REF,1554784,1554784,1554784,,Camera cable,2026-08-03T04:54:39.696Z
11159|ID|11159,11159,ID,11159,11159,1554784,,Camera cable,2026-08-03T04:54:39.696Z
12110|REF|1554834,12110,REF,1554834,1554834,1554834,,"MRT 32471, XVI 5.0.6, NE, spanish",2026-08-03T04:54:39.696Z
12110|ID|12110,12110,ID,12110,12110,1554834,,"MRT 32471, XVI 5.0.6, NE, spanish",2026-08-03T04:54:39.696Z
12261|REF|1556287,12261,REF,1556287,1556287,1556287,,"KIT, SPARES, DIAPHRAGM BRAKE",2026-08-03T04:54:39.696Z
12261|ID|12261,12261,ID,12261,12261,1556287,,"KIT, SPARES, DIAPHRAGM BRAKE",2026-08-03T04:54:39.696Z
12210|REF|1556508,12210,REF,1556508,1556508,1556508,,"CCP MINI COMPUTER, HP Z2 MINI G5",2026-08-03T04:54:39.696Z
12210|ID|12210,12210,ID,12210,12210,1556508,,"CCP MINI COMPUTER, HP Z2 MINI G5",2026-08-03T04:54:39.696Z
12236|REF|1556508_FanCPU,12236,REF,1556508_FanCPU,1556508FANCPU,1556508_FanCPU,,CCP MINI COMPUTER - Fan CPU,2026-08-03T04:54:39.696Z
12236|ID|12236,12236,ID,12236,12236,1556508_FanCPU,,CCP MINI COMPUTER - Fan CPU,2026-08-03T04:54:39.696Z
12235|REF|1556508_FanGPU,12235,REF,1556508_FanGPU,1556508FANGPU,1556508_FanGPU,,CCP MINI COMPUTER - Fan GPU,2026-08-03T04:54:39.696Z
12235|ID|12235,12235,ID,12235,12235,1556508_FanGPU,,CCP MINI COMPUTER - Fan GPU,2026-08-03T04:54:39.696Z
12192|REF|1557545,12192,REF,1557545,1557545,1557545,,"Camera, DX9",2026-08-03T04:54:39.696Z
12192|ID|12192,12192,ID,12192,12192,1557545,,"Camera, DX9",2026-08-03T04:54:39.696Z
12142|REF|1558062,12142,REF,1558062,1558062,1558062,,SYNERGISTIQ CLIENTS MEDIA KIT,2026-08-03T04:54:39.696Z
12142|ID|12142,12142,ID,12142,12142,1558062,,SYNERGISTIQ CLIENTS MEDIA KIT,2026-08-03T04:54:39.696Z
12111|REF|1559034,12111,REF,1559034,1559034,1559034,,"MRT 32471, iViewGT 53.5, NON-ESAB, spanish localisation KIT",2026-08-03T04:54:39.696Z
12111|ID|12111,12111,ID,12111,12111,1559034,,"MRT 32471, iViewGT 53.5, NON-ESAB, spanish localisation KIT",2026-08-03T04:54:39.696Z
10115|REF|1564018___1010256,10115,REF,1564018___1010256,15640181010256,1564018___1010256,,"Analog output, 12 bit (AO12)",2026-08-03T04:54:39.696Z
10115|ID|10115,10115,ID,10115,10115,1564018___1010256,,"Analog output, 12 bit (AO12)",2026-08-03T04:54:39.696Z
12262|REF|1564169,12262,REF,1564169,1564169,1564169,,"Kit, Luminus proj assy and PCB assy, LED control",2026-08-03T04:54:39.696Z
12262|ID|12262,12262,ID,12262,12262,1564169,,"Kit, Luminus proj assy and PCB assy, LED control",2026-08-03T04:54:39.696Z
10767|REF|1564169___1547237,10767,REF,1564169___1547237,15641691547237,1564169___1547237,,PCB Assy Led Control (Agility),2026-08-03T04:54:39.696Z
10767|ID|10767,10767,ID,10767,10767,1564169___1547237,,PCB Assy Led Control (Agility),2026-08-03T04:54:39.696Z
11039|REF|1564298,11039,REF,1564298,1564298,1564298,,Diaphragm/DLG PCB,2026-08-03T04:54:39.696Z
11039|ID|11039,11039,ID,11039,11039,1564298,,Diaphragm/DLG PCB,2026-08-03T04:54:39.696Z
11038|REF|1564361,11038,REF,1564361,1564361,1564361,,"Programmed PCB Assy, Router",2026-08-03T04:54:39.696Z
11038|ID|11038,11038,ID,11038,11038,1564361,,"Programmed PCB Assy, Router",2026-08-03T04:54:39.696Z
11875|REF|1564361_usado,11875,REF,1564361_usado,1564361USADO,1564361_usado,,"Programmed PCB Assy, Router",2026-08-03T04:54:39.696Z
11875|ID|11875,11875,ID,11875,11875,1564361_usado,,"Programmed PCB Assy, Router",2026-08-03T04:54:39.696Z
10151|REF|1565768,10151,REF,1565768,1565768,1565768,,"(CCU) PCB ASSY, CAM CID8726DX9 AGI",2026-08-03T04:54:39.696Z
10151|ID|10151,10151,ID,10151,10151,1565768,,"(CCU) PCB ASSY, CAM CID8726DX9 AGI",2026-08-03T04:54:39.696Z
11031|REF|1565835,11031,REF,1565835,1565835,1565835,,"KIT, SPARES, DIAPHRAGM BRAKE",2026-08-03T04:54:39.696Z
11031|ID|11031,11031,ID,11031,11031,1565835,,"KIT, SPARES, DIAPHRAGM BRAKE",2026-08-03T04:54:39.696Z
10983|REF|1565836,10983,REF,1565836,1565836,1565836,,"KIT, SPARES, DLG BRAKE",2026-08-03T04:54:39.696Z
10983|ID|10983,10983,ID,10983,10983,1565836,,"KIT, SPARES, DLG BRAKE",2026-08-03T04:54:39.696Z
12318|REF|1565860,12318,REF,1565860,1565860,1565860,,"FRU KIT,POWER IRC,PCB ASSY",2026-08-03T04:54:39.696Z
12318|ID|12318,12318,ID,12318,12318,1565860,,"FRU KIT,POWER IRC,PCB ASSY",2026-08-03T04:54:39.696Z
11177|REF|15663,11177,REF,15663,15663,15663,,Cooling Valve,2026-08-03T04:54:39.696Z
11177|ID|11177,11177,ID,11177,11177,15663,,Cooling Valve,2026-08-03T04:54:39.696Z
11005|REF|1567203,11005,REF,1567203,1567203,1567203,,"Prog, pcb assy, MTU",2026-08-03T04:54:39.696Z
11005|ID|11005,11005,ID,11005,11005,1567203,,"Prog, pcb assy, MTU",2026-08-03T04:54:39.696Z
12322|REF|1567908,12322,REF,1567908,1567908,1567908,,KV DCB Control Board,2026-08-03T04:54:39.696Z
12322|ID|12322,12322,ID,12322,12322,1567908,,KV DCB Control Board,2026-08-03T04:54:39.696Z
10821|REF|1568178,10821,REF,1568178,1568178,1568178,,SIB PCB,2026-08-03T04:54:39.696Z
10821|ID|10821,10821,ID,10821,10821,1568178,,SIB PCB,2026-08-03T04:54:39.696Z
12293|REF|1568937,12293,REF,1568937,1568937,1568937,,"FRU, Programmed logic control unit",2026-08-03T04:54:39.696Z
12293|ID|12293,12293,ID,12293,12293,1568937,,"FRU, Programmed logic control unit",2026-08-03T04:54:39.696Z
10386|REF|1569146,10386,REF,1569146,1569146,1569146,,"FRU, KV ACB programmed",2026-08-03T04:54:39.696Z
10386|ID|10386,10386,ID,10386,10386,1569146,,"FRU, KV ACB programmed",2026-08-03T04:54:39.696Z
12244|REF|1569678,12244,REF,1569678,1569678,1569678,,FCO Hardware ModKit (Solenoid Microswitch ModKit for imaging Arms),2026-08-03T04:54:39.696Z
12244|ID|12244,12244,ID,12244,12244,1569678,,FCO Hardware ModKit (Solenoid Microswitch ModKit for imaging Arms),2026-08-03T04:54:39.696Z
12298|REF|1572090,12298,REF,1572090,1572090,1572090,,EMLA PFN Capacitor refill FRU,2026-08-03T04:54:39.696Z
12298|ID|12298,12298,ID,12298,12298,1572090,,EMLA PFN Capacitor refill FRU,2026-08-03T04:54:39.696Z
12279|REF|1572288,12279,REF,1572288,1572288,1572288,,"U24 EPROM FOR TUBE ID477, *SAT-SOFT-ATP",2026-08-03T04:54:39.696Z
12279|ID|12279,12279,ID,12279,12279,1572288,,"U24 EPROM FOR TUBE ID477, *SAT-SOFT-ATP",2026-08-03T04:54:39.696Z
12280|REF|1572289,12280,REF,1572289,1572289,1572289,,"U5 EPROM P13540 V5R8.1, *SAT-SOFT-HT-ELEK2",2026-08-03T04:54:39.696Z
12280|ID|12280,12280,ID,12280,12280,1572289,,"U5 EPROM P13540 V5R8.1, *SAT-SOFT-HT-ELEK2",2026-08-03T04:54:39.696Z
12281|REF|1572290,12281,REF,1572290,1572290,1572290,,"U17 EPROM DRAC, *SAT-SOFT-LVDRA C400VAC",2026-08-03T04:54:39.696Z
12281|ID|12281,12281,ID,12281,12281,1572290,,"U17 EPROM DRAC, *SAT-SOFT-LVDRA C400VAC",2026-08-03T04:54:39.696Z
12278|REF|1572292,12278,REF,1572292,1572292,1572292,,PROMs FOR GENERATOR 400VAC,2026-08-03T04:54:39.696Z
12278|ID|12278,12278,ID,12278,12278,1572292,,PROMs FOR GENERATOR 400VAC,2026-08-03T04:54:39.696Z
11751|REF|1572356,11751,REF,1572356,1572356,1572356,,"Kit, Gasket, 114mm",2026-08-03T04:54:39.696Z
11751|ID|11751,11751,ID,11751,11751,1572356,,"Kit, Gasket, 114mm",2026-08-03T04:54:39.696Z
12274|REF|1572594,12274,REF,1572594,1572594,1572594,,"PROGRAMMED, PPG (C-VDR)",2026-08-03T04:54:39.696Z
12274|ID|12274,12274,ID,12274,12274,1572594,,"PROGRAMMED, PPG (C-VDR)",2026-08-03T04:54:39.696Z
10978|REF|1572991,10978,REF,1572991,1572991,1572991,,FRU Z MTR BRUSH SET (E'CRAFT),2026-08-03T04:54:39.696Z
10978|ID|10978,10978,ID,10978,10978,1572991,,FRU Z MTR BRUSH SET (E'CRAFT),2026-08-03T04:54:39.696Z
12297|REF|1573007,12297,REF,1573007,1573007,1573007,,"PFN Insulating oil kit, 1L",2026-08-03T04:54:39.696Z
12297|ID|12297,12297,ID,12297,12297,1573007,,"PFN Insulating oil kit, 1L",2026-08-03T04:54:39.696Z
11146|REF|170538-00,11146,REF,170538-00,17053800,170538-00,,Oncentra Brachy v4.6 Installation Kit part number,2026-08-03T04:54:39.696Z
11146|ID|11146,11146,ID,11146,11146,170538-00,,Oncentra Brachy v4.6 Installation Kit part number,2026-08-03T04:54:39.696Z
11326|REF|180106ESB___200090254-2012-002,11326,REF,180106ESB___200090254-2012-002,180106ESB2000902542012002,180106ESB___200090254-2012-002,,BATTERY CHARGE,2026-08-03T04:54:39.696Z
11326|ID|11326,11326,ID,11326,11326,180106ESB___200090254-2012-002,,BATTERY CHARGE,2026-08-03T04:54:39.696Z
11325|REF|180110NSC___200090250-2012-003,11325,REF,180110NSC___200090250-2012-003,180110NSC2000902502012003,180110NSC___200090250-2012-003,,IONPUMP,2026-08-03T04:54:39.696Z
11325|ID|11325,11325,ID,11325,11325,180110NSC___200090250-2012-003,,IONPUMP,2026-08-03T04:54:39.696Z
12346|REF|1567819,12346,REF,1567819,1567819,1567819,,"Programmed, PCB assy, (DOS-B)",2026-08-03T04:54:39.696Z
12346|ID|12346,12346,ID,12346,12346,1567819,,"Programmed, PCB assy, (DOS-B)",2026-08-03T04:54:39.696Z
11328|REF|180113ESB___200090265-2012-005,11328,REF,180113ESB___200090265-2012-005,180113ESB2000902652012005,180113ESB___200090265-2012-005,,MOTOR DRIVER,2026-08-03T04:54:39.696Z
11328|ID|11328,11328,ID,11328,11328,180113ESB___200090265-2012-005,,MOTOR DRIVER,2026-08-03T04:54:39.696Z
11323|REF|180118ESB___200090260-2012-003,11323,REF,180118ESB___200090260-2012-003,180118ESB2000902602012003,180118ESB___200090260-2012-003,,METER,2026-08-03T04:54:39.696Z
11323|ID|11323,11323,ID,11323,11323,180118ESB___200090260-2012-003,,METER,2026-08-03T04:54:39.696Z
11329|REF|180121ESO___200090265-2012-003,11329,REF,180121ESO___200090265-2012-003,180121ESO2000902652012003,180121ESO___200090265-2012-003,,HUPSAT,2026-08-03T04:54:39.696Z
11329|ID|11329,11329,ID,11329,11329,180121ESO___200090265-2012-003,,HUPSAT,2026-08-03T04:54:39.696Z
11330|REF|180122ESO___200090257-2012-004,11330,REF,180122ESO___200090257-2012-004,180122ESO2000902572012004,180122ESO___200090257-2012-004,,DAMDIODE,2026-08-03T04:54:39.696Z
11330|ID|11330,11330,ID,11330,11330,180122ESO___200090257-2012-004,,DAMDIODE,2026-08-03T04:54:39.696Z
11321|REF|180123ESB___200090266-2012-003,11321,REF,180123ESB___200090266-2012-003,180123ESB2000902662012003,180123ESB___200090266-2012-003,,IMAG READ,2026-08-03T04:54:39.696Z
11321|ID|11321,11321,ID,11321,11321,180123ESB___200090266-2012-003,,IMAG READ,2026-08-03T04:54:39.696Z
11327|REF|180125NSC___200090253-2012-002,11327,REF,180125NSC___200090253-2012-002,180125NSC2000902532012002,180125NSC___200090253-2012-002,,KATPDV,2026-08-03T04:54:39.696Z
11327|ID|11327,11327,ID,11327,11327,180125NSC___200090253-2012-002,,KATPDV,2026-08-03T04:54:39.696Z
11324|REF|180129NSA___200090255-2012-003,11324,REF,180129NSA___200090255-2012-003,180129NSA2000902552012003,180129NSA___200090255-2012-003,,MAGIDRIVE,2026-08-03T04:54:39.696Z
11324|ID|11324,11324,ID,11324,11324,180129NSA___200090255-2012-003,,MAGIDRIVE,2026-08-03T04:54:39.696Z
12013|REF|188-27542,12013,REF,188-27542,18827542,188-27542,,Conversion Kit,2026-08-03T04:54:39.696Z
12013|ID|12013,12013,ID,12013,12013,188-27542,,Conversion Kit,2026-08-03T04:54:39.696Z
11834|REF|189.952,11834,REF,189.952,189952,189.952,,Spare applicator fixation knob (small),2026-08-03T04:54:39.696Z
11834|ID|11834,11834,ID,11834,11834,189.952,,Spare applicator fixation knob (small),2026-08-03T04:54:39.696Z
11835|REF|189.959,11835,REF,189.959,189959,189.959,,Spare clamp fixation knob (large),2026-08-03T04:54:39.696Z
11835|ID|11835,11835,ID,11835,11835,189.959,,Spare clamp fixation knob (large),2026-08-03T04:54:39.696Z
11832|REF|189.980,11832,REF,189.980,189980,189.980,,Set of 4 inserts Ø 6 mm (white colored),2026-08-03T04:54:39.696Z
11832|ID|11832,11832,ID,11832,11832,189.980,,Set of 4 inserts Ø 6 mm (white colored),2026-08-03T04:54:39.696Z
11831|REF|189.981,11831,REF,189.981,189981,189.981,,Set of 4 inserts Ø 3 mm (titanium colored),2026-08-03T04:54:39.696Z
11831|ID|11831,11831,ID,11831,11831,189.981,,Set of 4 inserts Ø 3 mm (titanium colored),2026-08-03T04:54:39.696Z
11833|REF|189.982,11833,REF,189.982,189982,189.982,,Set of 4 inserts Ø 12 mm (black colored),2026-08-03T04:54:39.696Z
11833|ID|11833,11833,ID,11833,11833,189.982,,Set of 4 inserts Ø 12 mm (black colored),2026-08-03T04:54:39.696Z
11576|REF|189931,11576,REF,189931,189931,189931,,CT/MR applicator clamp with axle,2026-08-03T04:54:39.696Z
11576|ID|11576,11576,ID,11576,11576,189931,,CT/MR applicator clamp with axle,2026-08-03T04:54:39.696Z
11577|REF|189932,11577,REF,189932,189932,189932,,CT/MR applicator clamp with base plate,2026-08-03T04:54:39.696Z
11577|ID|11577,11577,ID,11577,11577,189932,,CT/MR applicator clamp with base plate,2026-08-03T04:54:39.696Z
10862|REF|2019-255024-BB,10862,REF,2019-255024-BB,2019255024BB,2019-255024-BB,,XIO to Monaco and Add Monaco,2026-08-03T04:54:39.696Z
10862|ID|10862,10862,ID,10862,10862,2019-255024-BB,,XIO to Monaco and Add Monaco,2026-08-03T04:54:39.696Z
12012|REF|211313000003T,12012,REF,211313000003T,211313000003T,211313000003T,,Resistor 7M5 +/- 1%,2026-08-03T04:54:39.696Z
12012|ID|12012,12012,ID,12012,12012,211313000003T,,Resistor 7M5 +/- 1%,2026-08-03T04:54:39.696Z
11220|REF|2169020,11220,REF,2169020,2169020,2169020,,Inductive sensor,2026-08-03T04:54:39.696Z
11220|ID|11220,11220,ID,11220,11220,2169020,,Inductive sensor,2026-08-03T04:54:39.696Z
11214|REF|2179204,11214,REF,2179204,2179204,2179204,,CAROSEUL IR SENSOR,2026-08-03T04:54:39.696Z
11214|ID|11214,11214,ID,11214,11214,2179204,,CAROSEUL IR SENSOR,2026-08-03T04:54:39.696Z
12301|REF|2185717,12301,REF,2185717,2185717,2185717,,UPS,2026-08-03T04:54:39.696Z
12301|ID|12301,12301,ID,12301,12301,2185717,,UPS,2026-08-03T04:54:39.696Z
11224|REF|2190498,11224,REF,2190498,2190498,2190498,,TEMPERATURE SENSOR,2026-08-03T04:54:39.696Z
11224|ID|11224,11224,ID,11224,11224,2190498,,TEMPERATURE SENSOR,2026-08-03T04:54:39.696Z
11957|REF|2196834,11957,REF,2196834,2196834,2196834,,Batería UPS (Apoteca),2026-08-03T04:54:39.696Z
11957|ID|11957,11957,ID,11957,11957,2196834,,Batería UPS (Apoteca),2026-08-03T04:54:39.696Z
11941|REF|2221860,11941,REF,2221860,2221860,2221860,,Tubo 4 X 6 transparente para filtro de bomba de succiòn (1mt),2026-08-03T04:54:39.696Z
11941|ID|11941,11941,ID,11941,11941,2221860,,Tubo 4 X 6 transparente para filtro de bomba de succiòn (1mt),2026-08-03T04:54:39.696Z
12311|REF|2231762,12311,REF,2231762,2231762,2231762,,BALANZA ROBOT APOTECA CHEMO,2026-08-03T04:54:39.696Z
12311|ID|12311,12311,ID,12311,12311,2231762,,BALANZA ROBOT APOTECA CHEMO,2026-08-03T04:54:39.696Z
11213|REF|2231940,11213,REF,2231940,2231940,2231940,,Camera for needle recognition,2026-08-03T04:54:39.696Z
11213|ID|11213,11213,ID,11213,11213,2231940,,Camera for needle recognition,2026-08-03T04:54:39.696Z
11190|REF|2246067,11190,REF,2246067,2246067,2246067,,Label printer,2026-08-03T04:54:39.696Z
11190|ID|11190,11190,ID,11190,11190,2246067,,Label printer,2026-08-03T04:54:39.696Z
11231|REF|2255169,11231,REF,2255169,2255169,2255169,,WEIGHT SCALE WMS6002C-L/11,2026-08-03T04:54:39.696Z
11231|ID|11231,11231,ID,11231,11231,2255169,,WEIGHT SCALE WMS6002C-L/11,2026-08-03T04:54:39.696Z
11229|REF|2255170,11229,REF,2255170,2255170,2255170,,PANEL PC 12’’ SIMATIC IPC477D,2026-08-03T04:54:39.696Z
11229|ID|11229,11229,ID,11229,11229,2255170,,PANEL PC 12’’ SIMATIC IPC477D,2026-08-03T04:54:39.696Z
11233|REF|2256742,11233,REF,2256742,2256742,2256742,,"POWER SUPPLY STAB. 100-240VAC/24VDC 4,1A",2026-08-03T04:54:39.696Z
11233|ID|11233,11233,ID,11233,11233,2256742,,"POWER SUPPLY STAB. 100-240VAC/24VDC 4,1A",2026-08-03T04:54:39.696Z
11235|REF|2256746,11235,REF,2256746,2256746,2256746,,CAP - PROTECTION IP65 21x15mm,2026-08-03T04:54:39.696Z
11235|ID|11235,11235,ID,11235,11235,2256746,,CAP - PROTECTION IP65 21x15mm,2026-08-03T04:54:39.696Z
11228|REF|2257389,11228,REF,2257389,2257389,2257389,,CAMERA XS USB AB00391,2026-08-03T04:54:39.696Z
11228|ID|11228,11228,ID,11228,11228,2257389,,CAMERA XS USB AB00391,2026-08-03T04:54:39.696Z
11234|REF|2257963,11234,REF,2257963,2257963,2257963,,SWITCH - BALANCE 2P ROSSO 10A,2026-08-03T04:54:39.696Z
11234|ID|11234,11234,ID,11234,11234,2257963,,SWITCH - BALANCE 2P ROSSO 10A,2026-08-03T04:54:39.696Z
11226|REF|2264042,11226,REF,2264042,2264042,2264042,,KEYBOARD CU-KEYPLUS-001A,2026-08-03T04:54:39.696Z
11226|ID|11226,11226,ID,11226,11226,2264042,,KEYBOARD CU-KEYPLUS-001A,2026-08-03T04:54:39.696Z
11227|REF|2276501,11227,REF,2276501,2276501,2276501,,SCANNER GRYPHON GD4430-HCK1,2026-08-03T04:54:39.696Z
11227|ID|11227,11227,ID,11227,11227,2276501,,SCANNER GRYPHON GD4430-HCK1,2026-08-03T04:54:39.696Z
11230|REF|2276510,11230,REF,2276510,2276510,2276510,,PRINTER ZEBRA W,2026-08-03T04:54:39.696Z
11230|ID|11230,11230,ID,11230,11230,2276510,,PRINTER ZEBRA W,2026-08-03T04:54:39.696Z
11223|REF|2279013,11223,REF,2279013,2279013,2279013,,Manual Barcode reader APOTECAchemo,2026-08-03T04:54:39.696Z
11223|ID|11223,11223,ID,11223,11223,2279013,,Manual Barcode reader APOTECAchemo,2026-08-03T04:54:39.696Z
11215|REF|2288157,11215,REF,2288157,2288157,2288157,,DIFFERENTIAL PRESSURE SENSOR,2026-08-03T04:54:39.696Z
11215|ID|11215,11215,ID,11215,11215,2288157,,DIFFERENTIAL PRESSURE SENSOR,2026-08-03T04:54:39.696Z
11180|REF|2292226,11180,REF,2292226,2292226,2292226,,Solenoid valve for pump,2026-08-03T04:54:39.696Z
11180|ID|11180,11180,ID,11180,11180,2292226,,Solenoid valve for pump,2026-08-03T04:54:39.696Z
11956|REF|2292227,11956,REF,2292227,2292227,2292227,,Eletrovalvola pompa aspira liquidi,2026-08-03T04:54:39.696Z
11956|ID|11956,11956,ID,11956,11956,2292227,,Eletrovalvola pompa aspira liquidi,2026-08-03T04:54:39.696Z
11186|REF|2296249,11186,REF,2296249,2296249,2296249,,Power supply 3-phase 40A,2026-08-03T04:54:39.696Z
11186|ID|11186,11186,ID,11186,11186,2296249,,Power supply 3-phase 40A,2026-08-03T04:54:39.696Z
11242|REF|2296555,11242,REF,2296555,2296555,2296555,,POWER SUPPLY STEP-PS/ 1AC/12DC/3,2026-08-03T04:54:39.696Z
11242|ID|11242,11242,ID,11242,11242,2296555,,POWER SUPPLY STEP-PS/ 1AC/12DC/3,2026-08-03T04:54:39.696Z
12335|REF|2297542,12335,REF,2297542,2297542,2297542,,BALL RUNNER BLOCK WJ200QM-01-06 (Puerta deslizante),2026-08-03T04:54:39.696Z
12335|ID|12335,12335,ID,12335,12335,2297542,,BALL RUNNER BLOCK WJ200QM-01-06 (Puerta deslizante),2026-08-03T04:54:39.696Z
11178|REF|23025,11178,REF,23025,23025,23025,,Electric gripper,2026-08-03T04:54:39.696Z
11178|ID|11178,11178,ID,11178,11178,23025,,Electric gripper,2026-08-03T04:54:39.696Z
11182|REF|2310242,11182,REF,2310242,2310242,2310242,,Robot spiral cable + connector,2026-08-03T04:54:39.696Z
11182|ID|11182,11182,ID,11182,11182,2310242,,Robot spiral cable + connector,2026-08-03T04:54:39.696Z
11193|REF|2327189,11193,REF,2327189,2327189,2327189,,UV Lamp,2026-08-03T04:54:39.696Z
11193|ID|11193,11193,ID,11193,11193,2327189,,UV Lamp,2026-08-03T04:54:39.696Z
11237|REF|2328453,11237,REF,2328453,2328453,2328453,,CRIMPER (SERUM VIAL) 20MM STD,2026-08-03T04:54:39.696Z
11237|ID|11237,11237,ID,11237,11237,2328453,,CRIMPER (SERUM VIAL) 20MM STD,2026-08-03T04:54:39.696Z
11243|REF|2330850,11243,REF,2330850,2330850,2330850,,ELECTROVALVE G1/2 24VDC L133B17-,2026-08-03T04:54:39.696Z
11243|ID|11243,11243,ID,11243,11243,2330850,,ELECTROVALVE G1/2 24VDC L133B17-,2026-08-03T04:54:39.696Z
11181|REF|2335829,11181,REF,2335829,2335829,2335829,,DVI-VGA DISPLAY CABLE.,2026-08-03T04:54:39.696Z
11181|ID|11181,11181,ID,11181,11181,2335829,,DVI-VGA DISPLAY CABLE.,2026-08-03T04:54:39.696Z
12306|REF|2344231,12306,REF,2344231,2344231,2344231,,FUSE R 8A 600V,2026-08-03T04:54:39.696Z
12306|ID|12306,12306,ID,12306,12306,2344231,,FUSE R 8A 600V,2026-08-03T04:54:39.696Z
10826|REF|2371974,10826,REF,2371974,2371974,2371974,,PUMP 40BAR F3280019,2026-08-03T04:54:39.696Z
10826|ID|10826,10826,ID,10826,10826,2371974,,PUMP 40BAR F3280019,2026-08-03T04:54:39.696Z
12302|REF|2374285,12302,REF,2374285,2374285,2374285,,LED ILUMINATOR LOADING DOOR,2026-08-03T04:54:39.696Z
12302|ID|12302,12302,ID,12302,12302,2374285,,LED ILUMINATOR LOADING DOOR,2026-08-03T04:54:39.696Z
11911|REF|2390617,11911,REF,2390617,2390617,2390617,,UPS - Marca ( APS),2026-08-03T04:54:39.696Z
11911|ID|11911,11911,ID,11911,11911,2390617,,UPS - Marca ( APS),2026-08-03T04:54:39.696Z
11354|REF|242202503259,11354,REF,242202503259,242202503259,242202503259,,"CONNECTOR, TRANSITION, PCB, POLARIZED*T&B ANSLEY 609-2630,26 WAY",2026-08-03T04:54:39.696Z
11354|ID|11354,11354,ID,11354,11354,242202503259,,"CONNECTOR, TRANSITION, PCB, POLARIZED*T&B ANSLEY 609-2630,26 WAY",2026-08-03T04:54:39.696Z
11355|REF|242203418838,11355,REF,242203418838,242203418838,242203418838,,"STRAIN RELIEF, FLAT CONNECT-OR, HEAVY DUTY*THOMAS&BETTS 609-2631HD,26 WAY",2026-08-03T04:54:39.696Z
11355|ID|11355,11355,ID,11355,11355,242203418838,,"STRAIN RELIEF, FLAT CONNECT-OR, HEAVY DUTY*THOMAS&BETTS 609-2631HD,26 WAY",2026-08-03T04:54:39.696Z
10943|REF|2422533300467N,10943,REF,2422533300467N,2422533300467N,2422533300467N,,ODI LAMP. TUNSTENG HLX64615,2026-08-03T04:54:39.696Z
10943|ID|10943,10943,ID,10943,10943,2422533300467N,,ODI LAMP. TUNSTENG HLX64615,2026-08-03T04:54:39.696Z
10907|REF|243210202037H,10907,REF,243210202037H,243210202037H,243210202037H,,MOTOR 2332-968-12-216-200,2026-08-03T04:54:39.696Z
10907|ID|10907,10907,ID,10907,10907,243210202037H,,MOTOR 2332-968-12-216-200,2026-08-03T04:54:39.696Z
10404|REF|243210202038F,10404,REF,243210202038F,243210202038F,243210202038F,,"MOTOR, 2332.970-12.11",2026-08-03T04:54:39.696Z
10404|ID|10404,10404,ID,10404,10404,243210202038F,,"MOTOR, 2332.970-12.11",2026-08-03T04:54:39.696Z
11244|REF|2436025,11244,REF,2436025,2436025,2436025,,POWER SUPPLY UNO-PS/1AC/ 5DC,2026-08-03T04:54:39.696Z
11244|ID|11244,11244,ID,11244,11244,2436025,,POWER SUPPLY UNO-PS/1AC/ 5DC,2026-08-03T04:54:39.696Z
11937|REF|2455263,11937,REF,2455263,2455263,2455263,,Filter Bag with elastic corde for fixing filter bag,2026-08-03T04:54:39.696Z
11937|ID|11937,11937,ID,11937,11937,2455263,,Filter Bag with elastic corde for fixing filter bag,2026-08-03T04:54:39.696Z
11912|REF|2463674,11912,REF,2463674,2463674,2463674,,02EGM19R001-4 (Apoteca PS computador),2026-08-03T04:54:39.696Z
11912|ID|11912,11912,ID,11912,11912,2463674,,02EGM19R001-4 (Apoteca PS computador),2026-08-03T04:54:39.696Z
11245|REF|2466801,11245,REF,2466801,2466801,2466801,,CABLE SPIRAL ROBOT+CONECTOR,2026-08-03T04:54:39.696Z
11245|ID|11245,11245,ID,11245,11245,2466801,,CABLE SPIRAL ROBOT+CONECTOR,2026-08-03T04:54:39.696Z
11913|REF|2467858,11913,REF,2467858,2467858,2467858,,Zebra Printer ZD620,2026-08-03T04:54:39.696Z
11913|ID|11913,11913,ID,11913,11913,2467858,,Zebra Printer ZD620,2026-08-03T04:54:39.696Z
12308|REF|2477963,12308,REF,2477963,2477963,2477963,,MANUAL BARCODE READER 2D,2026-08-03T04:54:39.696Z
12308|ID|12308,12308,ID,12308,12308,2477963,,MANUAL BARCODE READER 2D,2026-08-03T04:54:39.696Z
12255|REF|2483004,12255,REF,2483004,2483004,2483004,,BARCODE GUN,2026-08-03T04:54:39.696Z
12255|ID|12255,12255,ID,12255,12255,2483004,,BARCODE GUN,2026-08-03T04:54:39.696Z
11452|REF|251102611004,11452,REF,251102611004,251102611004,251102611004,,SOPORTES METALICOS,2026-08-03T04:54:39.696Z
11452|ID|11452,11452,ID,11452,11452,251102611004,,SOPORTES METALICOS,2026-08-03T04:54:39.696Z
11573|REF|251365805213E,11573,REF,251365805213E,251365805213E,251365805213E,,"PIN,SPRING,ST/ST,1.2X12MM",2026-08-03T04:54:39.696Z
11573|ID|11573,11573,ID,11573,11573,251365805213E,,"PIN,SPRING,ST/ST,1.2X12MM",2026-08-03T04:54:39.696Z
11639|REF|251365811121,11639,REF,251365811121,251365811121,251365811121,,Limit Pin,2026-08-03T04:54:39.696Z
11639|ID|11639,11639,ID,11639,11639,251365811121,,Limit Pin,2026-08-03T04:54:39.696Z
11572|REF|251365811121E,11572,REF,251365811121E,251365811121E,251365811121E,,"PIN, 1.5 X 10MM",2026-08-03T04:54:39.696Z
11572|ID|11572,11572,ID,11572,11572,251365811121E,,"PIN, 1.5 X 10MM",2026-08-03T04:54:39.696Z
11463|REF|251365905092,11463,REF,251365905092,251365905092,251365905092,,PASADORES TRINCAS,2026-08-03T04:54:39.696Z
11463|ID|11463,11463,ID,11463,11463,251365905092,,PASADORES TRINCAS,2026-08-03T04:54:39.696Z
11466|REF|252200602003,11466,REF,252200602003,252200602003,252200602003,,TORNILLOS,2026-08-03T04:54:39.696Z
11466|ID|11466,11466,ID,11466,11466,252200602003,,TORNILLOS,2026-08-03T04:54:39.696Z
11467|REF|252200602004,11467,REF,252200602004,252200602004,252200602004,,TORNILLOS,2026-08-03T04:54:39.696Z
11467|ID|11467,11467,ID,11467,11467,252200602004,,TORNILLOS,2026-08-03T04:54:39.696Z
11453|REF|252200602019,11453,REF,252200602019,252200602019,252200602019,,PERNOS ALLENS CHICOS,2026-08-03T04:54:39.696Z
11453|ID|11453,11453,ID,11453,11453,252200602019,,PERNOS ALLENS CHICOS,2026-08-03T04:54:39.696Z
11460|REF|252204314038,11460,REF,252204314038,252204314038,252204314038,,TORNILLOS MINIS,2026-08-03T04:54:39.696Z
11460|ID|11460,11460,ID,11460,11460,252204314038,,TORNILLOS MINIS,2026-08-03T04:54:39.696Z
11465|REF|252262701017,11465,REF,252262701017,252262701017,252262701017,,SPACER CIRCULAR ALUMINIO,2026-08-03T04:54:39.696Z
11465|ID|11465,11465,ID,11465,11465,252262701017,,SPACER CIRCULAR ALUMINIO,2026-08-03T04:54:39.696Z
11455|REF|252263412007,11455,REF,252263412007,252263412007,252263412007,,SEGGERS,2026-08-03T04:54:39.696Z
11455|ID|11455,11455,ID,11455,11455,252263412007,,SEGGERS,2026-08-03T04:54:39.696Z
11744|REF|261308030112T,11744,REF,261308030112T,261308030112T,261308030112T,,Seal Hall & Hall HV130 S7,2026-08-03T04:54:39.696Z
11744|ID|11744,11744,ID,11744,11744,261308030112T,,Seal Hall & Hall HV130 S7,2026-08-03T04:54:39.696Z
11743|REF|261308030168H,11743,REF,261308030168H,261308030168H,261308030168H,,Seal Hall & Hall HV1,2026-08-03T04:54:39.696Z
11743|ID|11743,11743,ID,11743,11743,261308030168H,,Seal Hall & Hall HV1,2026-08-03T04:54:39.696Z
11749|REF|261308030175L,11749,REF,261308030175L,261308030175L,261308030175L,,Seal Hall & Hall HV160 S7,2026-08-03T04:54:39.696Z
11749|ID|11749,11749,ID,11749,11749,261308030175L,,Seal Hall & Hall HV160 S7,2026-08-03T04:54:39.696Z
11840|REF|261308039505,11840,REF,261308039505,261308039505,261308039505,,Seal,2026-08-03T04:54:39.696Z
11840|ID|11840,11840,ID,11840,11840,261308039505,,Seal,2026-08-03T04:54:39.696Z
11748|REF|261308039505J,11748,REF,261308039505J,261308039505J,261308039505J,,Seal BS1806/223 o ring Viton,2026-08-03T04:54:39.696Z
11748|ID|11748,11748,ID,11748,11748,261308039505J,,Seal BS1806/223 o ring Viton,2026-08-03T04:54:39.696Z
11738|REF|262285518617G,11738,REF,262285518617G,262285518617G,262285518617G,,Belt Synchroflex 6T2,2026-08-03T04:54:39.696Z
11738|ID|11738,11738,ID,11738,11738,262285518617G,,Belt Synchroflex 6T2,2026-08-03T04:54:39.696Z
10836|REF|262285518838K,10836,REF,262285518838K,262285518838K,262285518838K,,"BELT,TIMING*SYN 4-T2.5/120",2026-08-03T04:54:39.696Z
10836|ID|10836,10836,ID,10836,10836,262285518838K,,"BELT,TIMING*SYN 4-T2.5/120",2026-08-03T04:54:39.696Z
12339|REF|262289000837,12339,REF,262289000837,262289000837,262289000837,,BEARING 1/2IN,2026-08-03T04:54:39.696Z
12339|ID|12339,12339,ID,12339,12339,262289000837,,BEARING 1/2IN,2026-08-03T04:54:39.696Z
11891|REF|282203101399,11891,REF,282203101399,282203101399,282203101399,,Axial Fan for Thyratron,2026-08-03T04:54:39.696Z
11891|ID|11891,11891,ID,11891,11891,282203101399,,Axial Fan for Thyratron,2026-08-03T04:54:39.696Z
11333|REF|285-9595_6db18Ghz,11333,REF,285-9595_6db18Ghz,28595956DB18GHZ,285-9595_6db18Ghz,,Conectores de radio frecuencia,2026-08-03T04:54:39.696Z
11333|ID|11333,11333,ID,11333,11333,285-9595_6db18Ghz,,Conectores de radio frecuencia,2026-08-03T04:54:39.696Z
11745|REF|291301205006P,11745,REF,291301205006P,291301205006P,291301205006P,,114mm Gasket,2026-08-03T04:54:39.696Z
11745|ID|11745,11745,ID,11745,11745,291301205006P,,114mm Gasket,2026-08-03T04:54:39.696Z
11746|REF|291301205008K,11746,REF,291301205008K,291301205008K,291301205008K,,Gasket 70mm FC Flange,2026-08-03T04:54:39.696Z
11746|ID|11746,11746,ID,11746,11746,291301205008K,,Gasket 70mm FC Flange,2026-08-03T04:54:39.696Z
11688|REF|30007731,11688,REF,30007731,30007731,30007731,,BASE DE BALANZA PAN WMS 58x58,2026-08-03T04:54:39.696Z
11688|ID|11688,11688,ID,11688,11688,30007731,,BASE DE BALANZA PAN WMS 58x58,2026-08-03T04:54:39.696Z
12010|REF|351372100645P,12010,REF,351372100645P,351372100645P,351372100645P,,Resistor 330R +/- 5%,2026-08-03T04:54:39.696Z
12010|ID|12010,12010,ID,12010,12010,351372100645P,,Resistor 330R +/- 5%,2026-08-03T04:54:39.696Z
12011|REF|351372101453W,12011,REF,351372101453W,351372101453W,351372101453W,,Resistor 180R +/- 5%,2026-08-03T04:54:39.696Z
12011|ID|12011,12011,ID,12011,12011,351372101453W,,Resistor 180R +/- 5%,2026-08-03T04:54:39.696Z
11735|REF|351372401471,11735,REF,351372401471,351372401471,351372401471,,"Switch (SW1, SW2)",2026-08-03T04:54:39.696Z
11735|ID|11735,11735,ID,11735,11735,351372401471,,"Switch (SW1, SW2)",2026-08-03T04:54:39.696Z
10962|REF|351372401917X,10962,REF,351372401917X,351372401917X,351372401917X,,SWITCH C6K 8125-J82-Z-E,2026-08-03T04:54:39.696Z
10962|ID|10962,10962,ID,10962,10962,351372401917X,,SWITCH C6K 8125-J82-Z-E,2026-08-03T04:54:39.696Z
12023|REF|351372403019B,12023,REF,351372403019B,351372403019B,351372403019B,,Fuse link 240V/35A,2026-08-03T04:54:39.696Z
12023|ID|12023,12023,ID,12023,12023,351372403019B,,Fuse link 240V/35A,2026-08-03T04:54:39.696Z
12020|REF|351372406262U,12020,REF,351372406262U,351372406262U,351372406262U,,Fuse link 240V/63A,2026-08-03T04:54:39.696Z
12020|ID|12020,12020,ID,12020,12020,351372406262U,,Fuse link 240V/63A,2026-08-03T04:54:39.696Z
11691|REF|351372406963F,11691,REF,351372406963F,351372406963F,351372406963F,,RELAY#MATSUSHITA JA1C-TM?,2026-08-03T04:54:39.696Z
11691|ID|11691,11691,ID,11691,11691,351372406963F,,RELAY#MATSUSHITA JA1C-TM?,2026-08-03T04:54:39.696Z
12009|REF|351372700256A,12009,REF,351372700256A,351372700256A,351372700256A,,Module Semikron SKKT,2026-08-03T04:54:39.696Z
12009|ID|12009,12009,ID,12009,12009,351372700256A,,Module Semikron SKKT,2026-08-03T04:54:39.696Z
12008|REF|351372700257X,12008,REF,351372700257X,351372700257X,351372700257X,,Module Semikron SKRC,2026-08-03T04:54:39.696Z
12008|ID|12008,12008,ID,12008,12008,351372700257X,,Module Semikron SKRC,2026-08-03T04:54:39.696Z
12006|REF|351379301936C,12006,REF,351379301936C,351379301936C,351379301936C,,Diode Semikron SKKD4,2026-08-03T04:54:39.696Z
12006|ID|12006,12006,ID,12006,12006,351379301936C,,Diode Semikron SKKD4,2026-08-03T04:54:39.696Z
10960|REF|351379301937A,10960,REF,351379301937A,351379301937A,351379301937A,,thyristor stack semikron,2026-08-03T04:54:39.696Z
10960|ID|10960,10960,ID,10960,10960,351379301937A,,thyristor stack semikron,2026-08-03T04:54:39.696Z
11316|REF|361-5453,11316,REF,361-5453,3615453,361-5453,,Power Supply Siemens,2026-08-03T04:54:39.696Z
11316|ID|11316,11316,ID,11316,11316,361-5453,,Power Supply Siemens,2026-08-03T04:54:39.696Z
11430|REF|3624220026,11430,REF,3624220026,3624220026,3624220026,,Belt,2026-08-03T04:54:39.696Z
11430|ID|11430,11430,ID,11430,11430,3624220026,,Belt,2026-08-03T04:54:39.696Z
11416|REF|3627401103,11416,REF,3627401103,3627401103,3627401103,,ORING,2026-08-03T04:54:39.696Z
11416|ID|11416,11416,ID,11416,11416,3627401103,,ORING,2026-08-03T04:54:39.696Z
11407|REF|3675101236,11407,REF,3675101236,3675101236,3675101236,,OMMET KSS GN 2015,2026-08-03T04:54:39.696Z
11407|ID|11407,11407,ID,11407,11407,3675101236,,OMMET KSS GN 2015,2026-08-03T04:54:39.696Z
11399|REF|3698150023,11399,REF,3698150023,3698150023,3698150023,,Heat shrink sleeve TUBE,2026-08-03T04:54:39.696Z
11399|ID|11399,11399,ID,11399,11399,3698150023,,Heat shrink sleeve TUBE,2026-08-03T04:54:39.696Z
11395|REF|3712319904,11395,REF,3712319904,3712319904,3712319904,,"Tube PU-0640-BLUE, 8Kg/cm2 , SUNRISE , Ø 6- Ø4",2026-08-03T04:54:39.696Z
11395|ID|11395,11395,ID,11395,11395,3712319904,,"Tube PU-0640-BLUE, 8Kg/cm2 , SUNRISE , Ø 6- Ø4",2026-08-03T04:54:39.696Z
11394|REF|3756101203,11394,REF,3756101203,3756101203,3756101203,,"Tube PU-1280-BLUE, 7Kg/cm2 , SUNRISE , Ø 12- Ø8",2026-08-03T04:54:39.696Z
11394|ID|11394,11394,ID,11394,11394,3756101203,,"Tube PU-1280-BLUE, 7Kg/cm2 , SUNRISE , Ø 12- Ø8",2026-08-03T04:54:39.696Z
11882|REF|40V94R,11882,REF,40V94R,40V94R,40V94R,,Accu-Gold 10 tablet,2026-08-03T04:54:39.696Z
11882|ID|11882,11882,ID,11882,11882,40V94R,,Accu-Gold 10 tablet,2026-08-03T04:54:39.696Z
10806|REF|410034,10806,REF,410034,410034,410034,,Rollo Etiqueta Inicial 28x51 mm,2026-08-03T04:54:39.696Z
10806|ID|10806,10806,ID,10806,10806,410034,,Rollo Etiqueta Inicial 28x51 mm,2026-08-03T04:54:39.696Z
10804|REF|410067,10804,REF,410067,410067,410067,,Contenedor Chico 1.5 Litros,2026-08-03T04:54:39.696Z
10804|ID|10804,10804,ID,10804,10804,410067,,Contenedor Chico 1.5 Litros,2026-08-03T04:54:39.696Z
11241|REF|410098___410006___410007_0410008,11241,REF,410098___410006___410007_0410008,4100984100064100070410008,410098___410006___410007_0410008,,X KIT VIAL FOR INSTALLATION,2026-08-03T04:54:39.696Z
11241|ID|11241,11241,ID,11241,11241,410098___410006___410007_0410008,,X KIT VIAL FOR INSTALLATION,2026-08-03T04:54:39.696Z
11113|REF|410139,11113,REF,410139,410139,410139,,Aguja de Bomba (Descontinuado),2026-08-03T04:54:39.696Z
11113|ID|11113,11113,ID,11113,11113,410139,,Aguja de Bomba (Descontinuado),2026-08-03T04:54:39.696Z
11126|REF|420017,11126,REF,420017,420017,420017,,Smart clamp set of 5 pieces,2026-08-03T04:54:39.696Z
11126|ID|11126,11126,ID,11126,11126,420017,,Smart clamp set of 5 pieces,2026-08-03T04:54:39.696Z
12033|REF|420017_,12033,REF,420017_,420017,420017_,,Smart clamp set of 1 pieces,2026-08-03T04:54:39.696Z
12033|ID|12033,12033,ID,12033,12033,420017_,,Smart clamp set of 1 pieces,2026-08-03T04:54:39.696Z
11461|REF|429440410070040_101,11461,REF,429440410070040_101,429440410070040101,429440410070040_101,,TORNILLOS,2026-08-03T04:54:39.696Z
11461|ID|11461,11461,ID,11461,11461,429440410070040_101,,TORNILLOS,2026-08-03T04:54:39.696Z
11396|REF|4294404102,11396,REF,4294404102,4294404102,4294404102,,"Hex Socket Bolt , 1/4-20 NC,1 Inch In length, stainless steel, nonmagnetic.",2026-08-03T04:54:39.696Z
11396|ID|11396,11396,ID,11396,11396,4294404102,,"Hex Socket Bolt , 1/4-20 NC,1 Inch In length, stainless steel, nonmagnetic.",2026-08-03T04:54:39.696Z
11462|REF|4294440100970040_1,11462,REF,4294440100970040_1,42944401009700401,4294440100970040_1,,GOLILLAS,2026-08-03T04:54:39.696Z
11462|ID|11462,11462,ID,11462,11462,4294440100970040_1,,GOLILLAS,2026-08-03T04:54:39.696Z
11468|REF|4294440200_930040,11468,REF,4294440200_930040,4294440200930040,4294440200_930040,,GOLILLAS DE PRESION,2026-08-03T04:54:39.696Z
11468|ID|11468,11468,ID,11468,11468,4294440200_930040,,GOLILLAS DE PRESION,2026-08-03T04:54:39.696Z
11454|REF|429444020930060,11454,REF,429444020930060,429444020930060,429444020930060,,GOLILLAS DE PRESION,2026-08-03T04:54:39.696Z
11454|ID|11454,11454,ID,11454,11454,429444020930060,,GOLILLAS DE PRESION,2026-08-03T04:54:39.696Z
11397|REF|4294501008,11397,REF,4294501008,4294501008,4294501008,,RESORTES IVIEW,2026-08-03T04:54:39.696Z
11397|ID|11397,11397,ID,11397,11397,4294501008,,RESORTES IVIEW,2026-08-03T04:54:39.696Z
11403|REF|4294501010,11403,REF,4294501010,4294501010,4294501010,,"Spring, Misumi, UFSP12-1.4-100",2026-08-03T04:54:39.696Z
11403|ID|11403,11403,ID,11403,11403,4294501010,,"Spring, Misumi, UFSP12-1.4-100",2026-08-03T04:54:39.696Z
11404|REF|4294501011,11404,REF,4294501011,4294501011,4294501011,,"Spring, Misumi, AUU6-50",2026-08-03T04:54:39.696Z
11404|ID|11404,11404,ID,11404,11404,4294501011,,"Spring, Misumi, AUU6-50",2026-08-03T04:54:39.696Z
11772|REF|4299220208,11772,REF,4299220208,4299220208,4299220208,,"White latching handle for arm movement MISUMI, USANS125",2026-08-03T04:54:39.696Z
11772|ID|11772,11772,ID,11772,11772,4299220208,,"White latching handle for arm movement MISUMI, USANS125",2026-08-03T04:54:39.696Z
11789|REF|43133183522,11789,REF,43133183522,43133183522,43133183522,,Rod assy X-movement,2026-08-03T04:54:39.696Z
11789|ID|11789,11789,ID,11789,11789,43133183522,,Rod assy X-movement,2026-08-03T04:54:39.696Z
11692|REF|4392401101,11692,REF,4392401101,4392401101,4392401101,,R.F.SEAL 6268,2026-08-03T04:54:39.696Z
11692|ID|11692,11692,ID,11692,11692,4392401101,,R.F.SEAL 6268,2026-08-03T04:54:39.696Z
11405|REF|4484705002,11405,REF,4484705002,4484705002,4484705002,,SOPORTE PLASTICO,2026-08-03T04:54:39.696Z
11405|ID|11405,11405,ID,11405,11405,4484705002,,SOPORTE PLASTICO,2026-08-03T04:54:39.696Z
11477|REF|4485320008,11477,REF,4485320008,4485320008,4485320008,,BNC-50KKY-M,2026-08-03T04:54:39.696Z
11477|ID|11477,11477,ID,11477,11477,4485320008,,BNC-50KKY-M,2026-08-03T04:54:39.696Z
11475|REF|4486124501,11475,REF,4486124501,4486124501,4486124501,,Flow Switch PSR1110,2026-08-03T04:54:39.696Z
11475|ID|11475,11475,ID,11475,11475,4486124501,,Flow Switch PSR1110,2026-08-03T04:54:39.696Z
11390|REF|4496110006,11390,REF,4496110006,4496110006,4496110006,,"Fuse, Time lag, 2A, 250V 5*20mm, Little Fuse, 218 002XP",2026-08-03T04:54:39.696Z
11390|ID|11390,11390,ID,11390,11390,4496110006,,"Fuse, Time lag, 2A, 250V 5*20mm, Little Fuse, 218 002XP",2026-08-03T04:54:39.696Z
11391|REF|4496110007,11391,REF,4496110007,4496110007,4496110007,,"Fuse, Time lag, 4A, 250V 5*20mm, Little Fuse, 218 004XP",2026-08-03T04:54:39.696Z
11391|ID|11391,11391,ID,11391,11391,4496110007,,"Fuse, Time lag, 4A, 250V 5*20mm, Little Fuse, 218 004XP",2026-08-03T04:54:39.696Z
11392|REF|4496110009,11392,REF,4496110009,4496110009,4496110009,,"Fuse, Time lag, 6,3A, 250V 5*20mm, Little Fuse, 218 06,3XP",2026-08-03T04:54:39.696Z
11392|ID|11392,11392,ID,11392,11392,4496110009,,"Fuse, Time lag, 6,3A, 250V 5*20mm, Little Fuse, 218 06,3XP",2026-08-03T04:54:39.696Z
11438|REF|4496110010,11438,REF,4496110010,4496110010,4496110010,,"Fuse Holder panel mount 5*20mm fuse, 10A, 250V, lesheng PTF35",2026-08-03T04:54:39.696Z
11438|ID|11438,11438,ID,11438,11438,4496110010,,"Fuse Holder panel mount 5*20mm fuse, 10A, 250V, lesheng PTF35",2026-08-03T04:54:39.696Z
11440|REF|4496110011,11440,REF,4496110011,4496110011,4496110011,,"Fuse, Time lag, 315mA, 250V 5*20mm, Little Fuse, 218.315XP",2026-08-03T04:54:39.696Z
11440|ID|11440,11440,ID,11440,11440,4496110011,,"Fuse, Time lag, 315mA, 250V 5*20mm, Little Fuse, 218.315XP",2026-08-03T04:54:39.696Z
11441|REF|4496110012,11441,REF,4496110012,4496110012,4496110012,,"Fuse, Time lag, 8A, 250V 5*20mm, Little Fuse, 218 008XP",2026-08-03T04:54:39.696Z
11441|ID|11441,11441,ID,11441,11441,4496110012,,"Fuse, Time lag, 8A, 250V 5*20mm, Little Fuse, 218 008XP",2026-08-03T04:54:39.696Z
11442|REF|4496110013,11442,REF,4496110013,4496110013,4496110013,,"Fuse, Time lag, 3,15A, 250V 5*20mm, Little Fuse, 218 3,15XP",2026-08-03T04:54:39.696Z
11442|ID|11442,11442,ID,11442,11442,4496110013,,"Fuse, Time lag, 3,15A, 250V 5*20mm, Little Fuse, 218 3,15XP",2026-08-03T04:54:39.696Z
11443|REF|4496110014,11443,REF,4496110014,4496110014,4496110014,,"Fuse, Fast acting, 1A, 250V 5*20mm, Little Fuse, 217 001XP",2026-08-03T04:54:39.696Z
11443|ID|11443,11443,ID,11443,11443,4496110014,,"Fuse, Fast acting, 1A, 250V 5*20mm, Little Fuse, 217 001XP",2026-08-03T04:54:39.696Z
11375|REF|4496110015,11375,REF,4496110015,4496110015,4496110015,,"Fuse, Fast acting, 2A, 250V 5*20mm, Little Fuse, 217 002XP",2026-08-03T04:54:39.696Z
11375|ID|11375,11375,ID,11375,11375,4496110015,,"Fuse, Fast acting, 2A, 250V 5*20mm, Little Fuse, 217 002XP",2026-08-03T04:54:39.696Z
11376|REF|4496110018,11376,REF,4496110018,4496110018,4496110018,,"FUSE FAST  LITTLE FUSE 21602,5 ACTING, 2,5 A , 250V , 5*20mm,",2026-08-03T04:54:39.696Z
11376|ID|11376,11376,ID,11376,11376,4496110018,,"FUSE FAST  LITTLE FUSE 21602,5 ACTING, 2,5 A , 250V , 5*20mm,",2026-08-03T04:54:39.696Z
11377|REF|4496110019,11377,REF,4496110019,4496110019,4496110019,,"FUSE FAST  LITTLE FUSE 021801,6P, LAG, 1,6A, 250V , 5*20mm,",2026-08-03T04:54:39.696Z
11377|ID|11377,11377,ID,11377,11377,4496110019,,"FUSE FAST  LITTLE FUSE 021801,6P, LAG, 1,6A, 250V , 5*20mm,",2026-08-03T04:54:39.696Z
11997|REF|4513_335_4077,11997,REF,4513_335_4077,45133354077,4513_335_4077,,SCSI hard disk,2026-08-03T04:54:39.696Z
11997|ID|11997,11997,ID,11997,11997,4513_335_4077,,SCSI hard disk,2026-08-03T04:54:39.696Z
11820|REF|4513_395_5010,11820,REF,4513_395_5010,45133955010,4513_395_5010,,Front Pointer Assembly,2026-08-03T04:54:39.696Z
11820|ID|11820,11820,ID,11820,11820,4513_395_5010,,Front Pointer Assembly,2026-08-03T04:54:39.696Z
12340|REF|45133151677,12340,REF,45133151677,45133151677,45133151677,,NYLON CAGE,2026-08-03T04:54:39.696Z
12340|ID|12340,12340,ID,12340,12340,45133151677,,NYLON CAGE,2026-08-03T04:54:39.696Z
10987|REF|45133164411,10987,REF,45133164411,45133164411,45133164411,,"Potentiometer, 20k 1 Turn",2026-08-03T04:54:39.696Z
10987|ID|10987,10987,ID,10987,10987,45133164411,,"Potentiometer, 20k 1 Turn",2026-08-03T04:54:39.696Z
10990|REF|4513316441202U,10990,REF,4513316441202U,4513316441202U,4513316441202U,,"Potentiometer, 20k, 1 turn Fine",2026-08-03T04:54:39.696Z
10990|ID|10990,10990,ID,10990,10990,4513316441202U,,"Potentiometer, 20k, 1 turn Fine",2026-08-03T04:54:39.696Z
10986|REF|4513316442101T,10986,REF,4513316442101T,4513316442101T,4513316442101T,,"Potentiometer, 20k, 10 turns Coarse/Check",2026-08-03T04:54:39.696Z
10986|ID|10986,10986,ID,10986,10986,4513316442101T,,"Potentiometer, 20k, 10 turns Coarse/Check",2026-08-03T04:54:39.696Z
10312|REF|4513316442301M,10312,REF,4513316442301M,4513316442301M,4513316442301M,,FILTER ELEMENT 5 MICRON,2026-08-03T04:54:39.696Z
10312|ID|10312,10312,ID,10312,10312,4513316442301M,,FILTER ELEMENT 5 MICRON,2026-08-03T04:54:39.696Z
10863|REF|45133164771,10863,REF,45133164771,45133164771,45133164771,,Spares KIT Fuses for MLC,2026-08-03T04:54:39.696Z
10863|ID|10863,10863,ID,10863,10863,45133164771,,Spares KIT Fuses for MLC,2026-08-03T04:54:39.696Z
11977|REF|4513316484002R,11977,REF,4513316484002R,4513316484002R,4513316484002R,,"Filter, tubular, low",2026-08-03T04:54:39.696Z
11977|ID|11977,11977,ID,11977,11977,4513316484002R,,"Filter, tubular, low",2026-08-03T04:54:39.696Z
12062|REF|4513316491301P,12062,REF,4513316491301P,4513316491301P,4513316491301P,,Microswitch Spare,2026-08-03T04:54:39.696Z
12062|ID|12062,12062,ID,12062,12062,4513316491301P,,Microswitch Spare,2026-08-03T04:54:39.696Z
12328|REF|45133164920,12328,REF,45133164920,45133164920,45133164920,,"SOLENOID ASSEMBLY,SPARE",2026-08-03T04:54:39.696Z
12328|ID|12328,12328,ID,12328,12328,45133164920,,"SOLENOID ASSEMBLY,SPARE",2026-08-03T04:54:39.696Z
10716|REF|45133165177,10716,REF,45133165177,45133165177,45133165177,,THYRATRON e2v CX1154L,2026-08-03T04:54:39.696Z
10716|ID|10716,10716,ID,10716,10716,45133165177,,THYRATRON e2v CX1154L,2026-08-03T04:54:39.696Z
12220|REF|45133165177_usado,12220,REF,45133165177_usado,45133165177USADO,45133165177_usado,,THYRATRON e2v CX1154L,2026-08-03T04:54:39.696Z
12220|ID|12220,12220,ID,12220,12220,45133165177_usado,,THYRATRON e2v CX1154L,2026-08-03T04:54:39.696Z
11500|REF|45133180162,11500,REF,45133180162,45133180162,45133180162,,Llave Apriete Ventanas,2026-08-03T04:54:39.696Z
11500|ID|11500,11500,ID,11500,11500,45133180162,,Llave Apriete Ventanas,2026-08-03T04:54:39.696Z
11499|REF|45133181503,11499,REF,45133181503,45133181503,45133181503,,Llave de Apriete de Fuelle y Transformador,2026-08-03T04:54:39.696Z
11499|ID|11499,11499,ID,11499,11499,45133181503,,Llave de Apriete de Fuelle y Transformador,2026-08-03T04:54:39.696Z
11497|REF|45133183200,11497,REF,45133183200,45133183200,45133183200,,Punta para Extracción de Motores - MLC,2026-08-03T04:54:39.696Z
11497|ID|11497,11497,ID,11497,11497,45133183200,,Punta para Extracción de Motores - MLC,2026-08-03T04:54:39.696Z
11498|REF|45133183201,11498,REF,45133183201,45133183201,45133183201,,Punta Para Extracción de Tornillos de Láminas MLC,2026-08-03T04:54:39.696Z
11498|ID|11498,11498,ID,11498,11498,45133183201,,Punta Para Extracción de Tornillos de Láminas MLC,2026-08-03T04:54:39.696Z
11062|REF|45133183301,11062,REF,45133183301,45133183301,45133183301,,"Calibrated torque limiting Screwdriver, 40 cN m (MLC)",2026-08-03T04:54:39.696Z
11062|ID|11062,11062,ID,11062,11062,45133183301,,"Calibrated torque limiting Screwdriver, 40 cN m (MLC)",2026-08-03T04:54:39.696Z
11790|REF|45133183523,11790,REF,45133183523,45133183523,45133183523,,Rod assy Y-movement,2026-08-03T04:54:39.696Z
11790|ID|11790,11790,ID,11790,11790,45133183523,,Rod assy Y-movement,2026-08-03T04:54:39.696Z
11360|REF|45133185536,11360,REF,45133185536,45133185536,45133185536,,Packaging spares kit,2026-08-03T04:54:39.696Z
11360|ID|11360,11360,ID,11360,11360,45133185536,,Packaging spares kit,2026-08-03T04:54:39.696Z
11128|REF|45133298035,11128,REF,45133298035,45133298035,45133298035,,"CABLE,MODULATOR/GUN.",2026-08-03T04:54:39.696Z
11128|ID|11128,11128,ID,11128,11128,45133298035,,"CABLE,MODULATOR/GUN.",2026-08-03T04:54:39.696Z
11787|REF|45133301008,11787,REF,45133301008,45133301008,45133301008,,Fuse Box Assembly,2026-08-03T04:54:39.696Z
11787|ID|11787,11787,ID,11787,11787,45133301008,,Fuse Box Assembly,2026-08-03T04:54:39.696Z
11750|REF|4513330152703W,11750,REF,4513330152703W,4513330152703W,4513330152703W,,Shim,2026-08-03T04:54:39.696Z
11750|ID|11750,11750,ID,11750,11750,4513330152703W,,Shim,2026-08-03T04:54:39.696Z
11649|REF|45133302025,11649,REF,45133302025,45133302025,45133302025,,Timing Belt,2026-08-03T04:54:39.696Z
11649|ID|11649,11649,ID,11649,11649,45133302025,,Timing Belt,2026-08-03T04:54:39.696Z
12149|REF|4513330223101R,12149,REF,4513330223101R,4513330223101R,4513330223101R,,Pressure gauge,2026-08-03T04:54:39.696Z
12149|ID|12149,12149,ID,12149,12149,4513330223101R,,Pressure gauge,2026-08-03T04:54:39.696Z
11001|REF|45133302273,11001,REF,45133302273,45133302273,45133302273,,Fibre-Optic cableform,2026-08-03T04:54:39.696Z
11001|ID|11001,11001,ID,11001,11001,45133302273,,Fibre-Optic cableform,2026-08-03T04:54:39.696Z
11117|REF|45133302334,11117,REF,45133302334,45133302334,45133302334,,"DRIVE ASSEMBLY, MAGNETRON",2026-08-03T04:54:39.696Z
11117|ID|11117,11117,ID,11117,11117,45133302334,,"DRIVE ASSEMBLY, MAGNETRON",2026-08-03T04:54:39.696Z
12027|REF|4513330236302U,12027,REF,4513330236302U,4513330236302U,4513330236302U,,"SHAFT ASSY, MAGNETRON",2026-08-03T04:54:39.696Z
12027|ID|12027,12027,ID,12027,12027,4513330236302U,,"SHAFT ASSY, MAGNETRON",2026-08-03T04:54:39.696Z
12275|REF|4513330260005K,12275,REF,4513330260005K,4513330260005K,4513330260005K,,Tube vacuum assembly (Target),2026-08-03T04:54:39.696Z
12275|ID|12275,12275,ID,12275,12275,4513330260005K,,Tube vacuum assembly (Target),2026-08-03T04:54:39.696Z
10996|REF|45133302611,10996,REF,45133302611,45133302611,45133302611,,"Gearbox and brake assembly, front",2026-08-03T04:54:39.696Z
10996|ID|10996,10996,ID,10996,10996,45133302611,,"Gearbox and brake assembly, front",2026-08-03T04:54:39.696Z
12040|REF|45133302611_usado,12040,REF,45133302611_usado,45133302611USADO,45133302611_usado,,"Gearbox and brake assembly, front",2026-08-03T04:54:39.696Z
12040|ID|12040,12040,ID,12040,12040,45133302611_usado,,"Gearbox and brake assembly, front",2026-08-03T04:54:39.696Z
10995|REF|45133302612,10995,REF,45133302612,45133302612,45133302612,,"Gearbox and brake assembly, reargox",2026-08-03T04:54:39.696Z
10995|ID|10995,10995,ID,10995,10995,45133302612,,"Gearbox and brake assembly, reargox",2026-08-03T04:54:39.696Z
12039|REF|45133302612_usado,12039,REF,45133302612_usado,45133302612USADO,45133302612_usado,,"Gearbox and brake assembly, reargox",2026-08-03T04:54:39.696Z
12039|ID|12039,12039,ID,12039,12039,45133302612_usado,,"Gearbox and brake assembly, reargox",2026-08-03T04:54:39.696Z
11611|REF|45133302636,11611,REF,45133302636,45133302636,45133302636,,Gas regulator,2026-08-03T04:54:39.696Z
11611|ID|11611,11611,ID,11611,11611,45133302636,,Gas regulator,2026-08-03T04:54:39.696Z
10997|REF|45133302802,10997,REF,45133302802,45133302802,45133302802,,"Motor assembly, pancake",2026-08-03T04:54:39.696Z
10997|ID|10997,10997,ID,10997,10997,45133302802,,"Motor assembly, pancake",2026-08-03T04:54:39.696Z
11613|REF|45133302834,11613,REF,45133302834,45133302834,45133302834,,"Shim, gearbox (2 off)",2026-08-03T04:54:39.696Z
11613|ID|11613,11613,ID,11613,11613,45133302834,,"Shim, gearbox (2 off)",2026-08-03T04:54:39.696Z
12084|REF|45133302905,12084,REF,45133302905,45133302905,45133302905,,Temperature transducer assembly,2026-08-03T04:54:39.696Z
12084|ID|12084,12084,ID,12084,12084,45133302905,,Temperature transducer assembly,2026-08-03T04:54:39.696Z
12242|REF|45133302917,12242,REF,45133302917,45133302917,45133302917,,VALVE-PRESSURE RELIEF,2026-08-03T04:54:39.696Z
12242|ID|12242,12242,ID,12242,12242,45133302917,,VALVE-PRESSURE RELIEF,2026-08-03T04:54:39.696Z
11915|REF|4513330293401X,11915,REF,4513330293401X,4513330293401X,4513330293401X,,HEAT EXCHANGER,2026-08-03T04:54:39.696Z
11915|ID|11915,11915,ID,11915,11915,4513330293401X,,HEAT EXCHANGER,2026-08-03T04:54:39.696Z
11839|REF|45133304100,11839,REF,45133304100,45133304100,45133304100,,Drift tube assembly,2026-08-03T04:54:39.696Z
11839|ID|11839,11839,ID,11839,11839,45133304100,,Drift tube assembly,2026-08-03T04:54:39.696Z
11838|REF|45133304200,11838,REF,45133304200,45133304200,45133304200,,Target Drive Assembly,2026-08-03T04:54:39.696Z
11838|ID|11838,11838,ID,11838,11838,45133304200,,Target Drive Assembly,2026-08-03T04:54:39.696Z
11979|REF|45133304254,11979,REF,45133304254,45133304254,45133304254,,Pipe assembly (A2),2026-08-03T04:54:39.696Z
11979|ID|11979,11979,ID,11979,11979,45133304254,,Pipe assembly (A2),2026-08-03T04:54:39.696Z
11980|REF|45133304255,11980,REF,45133304255,45133304255,45133304255,,Pipe assembly (A3),2026-08-03T04:54:39.696Z
11980|ID|11980,11980,ID,11980,11980,45133304255,,Pipe assembly (A3),2026-08-03T04:54:39.696Z
11982|REF|45133304256,11982,REF,45133304256,45133304256,45133304256,,Pipe assembly (A4),2026-08-03T04:54:39.696Z
11982|ID|11982,11982,ID,11982,11982,45133304256,,Pipe assembly (A4),2026-08-03T04:54:39.696Z
11981|REF|45133304257,11981,REF,45133304257,45133304257,45133304257,,Pipe assembly (A5),2026-08-03T04:54:39.696Z
11981|ID|11981,11981,ID,11981,11981,45133304257,,Pipe assembly (A5),2026-08-03T04:54:39.696Z
10458|REF|45133304326,10458,REF,45133304326,45133304326,45133304326,,SPARES WINDOW ASSY RF OUTPUT,2026-08-03T04:54:39.696Z
10458|ID|10458,10458,ID,10458,10458,45133304326,,SPARES WINDOW ASSY RF OUTPUT,2026-08-03T04:54:39.696Z
11774|REF|4513330450301U,11774,REF,4513330450301U,4513330450301U,4513330450301U,,Shield - Target black cap,2026-08-03T04:54:39.696Z
11774|ID|11774,11774,ID,11774,11774,4513330450301U,,Shield - Target black cap,2026-08-03T04:54:39.696Z
10375|REF|45133304800,10375,REF,45133304800,45133304800,45133304800,,SL ELECTRON GUN ASSY,2026-08-03T04:54:39.696Z
10375|ID|10375,10375,ID,10375,10375,45133304800,,SL ELECTRON GUN ASSY,2026-08-03T04:54:39.696Z
11866|REF|45133304800_usado,11866,REF,45133304800_usado,45133304800USADO,45133304800_usado,,ELECTRON GUN ASSY,2026-08-03T04:54:39.696Z
11866|ID|11866,11866,ID,11866,11866,45133304800_usado,,ELECTRON GUN ASSY,2026-08-03T04:54:39.696Z
10959|REF|4513330504101E,10959,REF,4513330504101E,4513330504101E,4513330504101E,,MOD KIT Cintas Retractil BLD,2026-08-03T04:54:39.696Z
10959|ID|10959,10959,ID,10959,10959,4513330504101E,,MOD KIT Cintas Retractil BLD,2026-08-03T04:54:39.696Z
12341|REF|45133305070,12341,REF,45133305070,45133305070,45133305070,,"WIRE SET,360 MM",2026-08-03T04:54:39.696Z
12341|ID|12341,12341,ID,12341,12341,45133305070,,"WIRE SET,360 MM",2026-08-03T04:54:39.696Z
11668|REF|45133305102,11668,REF,45133305102,45133305102,45133305102,,"Gear, Motor",2026-08-03T04:54:39.696Z
11668|ID|11668,11668,ID,11668,11668,45133305102,,"Gear, Motor",2026-08-03T04:54:39.696Z
11669|REF|45133305134,11669,REF,45133305134,45133305134,45133305134,,"Gear, (GearBox)",2026-08-03T04:54:39.696Z
11669|ID|11669,11669,ID,11669,11669,45133305134,,"Gear, (GearBox)",2026-08-03T04:54:39.696Z
12264|REF|45133305450,12264,REF,45133305450,45133305450,45133305450,,ION CHAMBER ASSEMBLY,2026-08-03T04:54:39.696Z
12264|ID|12264,12264,ID,12264,12264,45133305450,,ION CHAMBER ASSEMBLY,2026-08-03T04:54:39.696Z
11864|REF|45133305658_usado,11864,REF,45133305658_usado,45133305658USADO,45133305658_usado,,Multiplex terminal unit (MTU),2026-08-03T04:54:39.696Z
11864|ID|11864,11864,ID,11864,11864,45133305658_usado,,Multiplex terminal unit (MTU),2026-08-03T04:54:39.696Z
12266|REF|45133306141,12266,REF,45133306141,45133306141,45133306141,,HEAT SINK ASSEMBLY*SEMIKRON,2026-08-03T04:54:39.696Z
12266|ID|12266,12266,ID,12266,12266,45133306141,,HEAT SINK ASSEMBLY*SEMIKRON,2026-08-03T04:54:39.696Z
11670|REF|4513330634802M,11670,REF,4513330634802M,4513330634802M,4513330634802M,,Gear Overide S/A (large),2026-08-03T04:54:39.696Z
11670|ID|11670,11670,ID,11670,11670,4513330634802M,,Gear Overide S/A (large),2026-08-03T04:54:39.696Z
11853|REF|45133307302,11853,REF,45133307302,45133307302,45133307302,,"PCB Assembly Digital I/P Coding Card, Area A (RHCA-A) DIE-RHA",2026-08-03T04:54:39.696Z
11853|ID|11853,11853,ID,11853,11853,45133307302,,"PCB Assembly Digital I/P Coding Card, Area A (RHCA-A) DIE-RHA",2026-08-03T04:54:39.696Z
11905|REF|45133307302_usado,11905,REF,45133307302_usado,45133307302USADO,45133307302_usado,,"PCB Assembly Digital I/P Coding Card, Area A (RHCA-A) DIE-RHA",2026-08-03T04:54:39.696Z
11905|ID|11905,11905,ID,11905,11905,45133307302_usado,,"PCB Assembly Digital I/P Coding Card, Area A (RHCA-A) DIE-RHA",2026-08-03T04:54:39.696Z
11858|REF|45133307303,11858,REF,45133307303,45133307303,45133307303,,"PCB Assembly Digital I/P Coding Card, Area A (RHCA-B) DIE-RHB",2026-08-03T04:54:39.696Z
11858|ID|11858,11858,ID,11858,11858,45133307303,,"PCB Assembly Digital I/P Coding Card, Area A (RHCA-B) DIE-RHB",2026-08-03T04:54:39.696Z
11859|REF|45133307304,11859,REF,45133307304,45133307304,45133307304,,"PCB Assembly Digital input & encoding board (DIE-HTA, DIE-A)",2026-08-03T04:54:39.696Z
11859|ID|11859,11859,ID,11859,11859,45133307304,,"PCB Assembly Digital input & encoding board (DIE-HTA, DIE-A)",2026-08-03T04:54:39.696Z
12144|REF|45133307304_usado,12144,REF,45133307304_usado,45133307304USADO,45133307304_usado,,"PCB Assembly Digital input & encoding board (DIE-HTA, DIE-A)",2026-08-03T04:54:39.696Z
12144|ID|12144,12144,ID,12144,12144,45133307304_usado,,"PCB Assembly Digital input & encoding board (DIE-HTA, DIE-A)",2026-08-03T04:54:39.696Z
11860|REF|45133307305,11860,REF,45133307305,45133307305,45133307305,,"PCB Assembly Digital input & encoding board (DIE-HTB, DIE-B)",2026-08-03T04:54:39.696Z
11860|ID|11860,11860,ID,11860,11860,45133307305,,"PCB Assembly Digital input & encoding board (DIE-HTB, DIE-B)",2026-08-03T04:54:39.696Z
10931|REF|45133307306,10931,REF,45133307306,45133307306,45133307306,,PCB Assembly Digital input & encoding board (DIE-ICA),2026-08-03T04:54:39.696Z
10931|ID|10931,10931,ID,10931,10931,45133307306,,PCB Assembly Digital input & encoding board (DIE-ICA),2026-08-03T04:54:39.696Z
11861|REF|45133307307,11861,REF,45133307307,45133307307,45133307307,,"PCB Assembly Digital input and encoding PCB, ICCA-B DIE-ICB",2026-08-03T04:54:39.696Z
11861|ID|11861,11861,ID,11861,11861,45133307307,,"PCB Assembly Digital input and encoding PCB, ICCA-B DIE-ICB",2026-08-03T04:54:39.696Z
11828|REF|45133307314,11828,REF,45133307314,45133307314,45133307314,,"PCB ASSY,SIGNAL CONDITIO?",2026-08-03T04:54:39.696Z
11828|ID|11828,11828,ID,11828,11828,45133307314,,"PCB ASSY,SIGNAL CONDITIO?",2026-08-03T04:54:39.696Z
11607|REF|45133307325,11607,REF,45133307325,45133307325,45133307325,,Dose A Iss 07,2026-08-03T04:54:39.696Z
11607|ID|11607,11607,ID,11607,11607,45133307325,,Dose A Iss 07,2026-08-03T04:54:39.696Z
11608|REF|45133307330,11608,REF,45133307330,45133307330,45133307330,,Dose B Iss 06,2026-08-03T04:54:39.696Z
11608|ID|11608,11608,ID,11608,11608,45133307330,,Dose B Iss 06,2026-08-03T04:54:39.696Z
12140|REF|4513330734801G,12140,REF,4513330734801G,4513330734801G,4513330734801G,,"PCB ASSEMBLY, PROG PPG",2026-08-03T04:54:39.696Z
12140|ID|12140,12140,ID,12140,12140,4513330734801G,,"PCB ASSEMBLY, PROG PPG",2026-08-03T04:54:39.696Z
12188|REF|45133307546,12188,REF,45133307546,45133307546,45133307546,,cable assy,2026-08-03T04:54:39.696Z
12188|ID|12188,12188,ID,12188,12188,45133307546,,cable assy,2026-08-03T04:54:39.696Z
11633|REF|4513330757703L,11633,REF,4513330757703L,4513330757703L,4513330757703L,,Cable assembly in 2 positions (AI12 to SCC-B),2026-08-03T04:54:39.696Z
11633|ID|11633,11633,ID,11633,11633,4513330757703L,,Cable assembly in 2 positions (AI12 to SCC-B),2026-08-03T04:54:39.696Z
10947|REF|45133307599,10947,REF,45133307599,45133307599,45133307599,,"Power supply, Hitron (PSU1, 2)",2026-08-03T04:54:39.696Z
10947|ID|10947,10947,ID,10947,10947,45133307599,,"Power supply, Hitron (PSU1, 2)",2026-08-03T04:54:39.696Z
11000|REF|45133307680,11000,REF,45133307680,45133307680,45133307680,,Thermostatic switch,2026-08-03T04:54:39.696Z
11000|ID|11000,11000,ID,11000,11000,45133307680,,Thermostatic switch,2026-08-03T04:54:39.696Z
12283|REF|45133307888,12283,REF,45133307888,45133307888,45133307888,,"Cableform, IPCU REV6",2026-08-03T04:54:39.696Z
12283|ID|12283,12283,ID,12283,12283,45133307888,,"Cableform, IPCU REV6",2026-08-03T04:54:39.696Z
10423|REF|45133307890,10423,REF,45133307890,45133307890,45133307890,,ION PUMP PSU (IPCU),2026-08-03T04:54:39.696Z
10423|ID|10423,10423,ID,10423,10423,45133307890,,ION PUMP PSU (IPCU),2026-08-03T04:54:39.696Z
12296|REF|45133308009,12296,REF,45133308009,45133308009,45133308009,,Pulse forming network PFN,2026-08-03T04:54:39.696Z
12296|ID|12296,12296,ID,12296,12296,45133308009,,Pulse forming network PFN,2026-08-03T04:54:39.696Z
12038|REF|45133308033,12038,REF,45133308033,45133308033,45133308033,,Thyratron inductor coil,2026-08-03T04:54:39.696Z
12038|ID|12038,12038,ID,12038,12038,45133308033,,Thyratron inductor coil,2026-08-03T04:54:39.696Z
12128|REF|45133308034,12128,REF,45133308034,45133308034,45133308034,,"Magnetron, MG6363",2026-08-03T04:54:39.696Z
12128|ID|12128,12128,ID,12128,12128,45133308034,,"Magnetron, MG6363",2026-08-03T04:54:39.696Z
11246|REF|45133308243_01,11246,REF,45133308243_01,4513330824301,45133308243_01,,cable de alta tension Bomba ionica,2026-08-03T04:54:39.696Z
11246|ID|11246,11246,ID,11246,11246,45133308243_01,,cable de alta tension Bomba ionica,2026-08-03T04:54:39.696Z
12053|REF|45133308244,12053,REF,45133308244,45133308244,45133308244,,"Cable, Varian IPCU to Varian ion pump",2026-08-03T04:54:39.696Z
12053|ID|12053,12053,ID,12053,12053,45133308244,,"Cable, Varian IPCU to Varian ion pump",2026-08-03T04:54:39.696Z
10965|REF|45133308505__Iss._04,10965,REF,45133308505__Iss._04,45133308505ISS04,45133308505__Iss._04,,"Transformer (in 2 positions, T1  and T2)",2026-08-03T04:54:39.696Z
10965|ID|10965,10965,ID,10965,10965,45133308505__Iss._04,,"Transformer (in 2 positions, T1  and T2)",2026-08-03T04:54:39.696Z
11648|REF|45133308506,11648,REF,45133308506,45133308506,45133308506,,Transformer Relay PSU y (T1),2026-08-03T04:54:39.696Z
11648|ID|11648,11648,ID,11648,11648,45133308506,,Transformer Relay PSU y (T1),2026-08-03T04:54:39.696Z
10798|REF|45133308522,10798,REF,45133308522,45133308522,45133308522,,"Transformer, Thyratron filament, Heater (T3)",2026-08-03T04:54:39.696Z
10798|ID|10798,10798,ID,10798,10798,45133308522,,"Transformer, Thyratron filament, Heater (T3)",2026-08-03T04:54:39.696Z
11007|REF|45133308530,11007,REF,45133308530,45133308530,45133308530,,"New fast tune magnetron, MG6370",2026-08-03T04:54:39.696Z
11007|ID|11007,11007,ID,11007,11007,45133308530,,"New fast tune magnetron, MG6370",2026-08-03T04:54:39.696Z
12113|REF|45133308530_usado,12113,REF,45133308530_usado,45133308530USADO,45133308530_usado,,"New fast tune magnetron, MG6370",2026-08-03T04:54:39.696Z
12113|ID|12113,12113,ID,12113,12113,45133308530_usado,,"New fast tune magnetron, MG6370",2026-08-03T04:54:39.696Z
12183|REF|45133308720,12183,REF,45133308720,45133308720,45133308720,,Safety discharge rod (Brinkley stick),2026-08-03T04:54:39.696Z
12183|ID|12183,12183,ID,12183,12183,45133308720,,Safety discharge rod (Brinkley stick),2026-08-03T04:54:39.696Z
12139|REF|45133308730,12139,REF,45133308730,45133308730,45133308730,,HHC reciever unit MK2,2026-08-03T04:54:39.696Z
12139|ID|12139,12139,ID,12139,12139,45133308730,,HHC reciever unit MK2,2026-08-03T04:54:39.696Z
10970|REF|45133308790,10970,REF,45133308790,45133308790,45133308790,,TRANSFORMADOR GUN,2026-08-03T04:54:39.696Z
10970|ID|10970,10970,ID,10970,10970,45133308790,,TRANSFORMADOR GUN,2026-08-03T04:54:39.696Z
11976|REF|45133308821,11976,REF,45133308821,45133308821,45133308821,,"Capacitor, 22 nF ± 5%",2026-08-03T04:54:39.696Z
11976|ID|11976,11976,ID,11976,11976,45133308821,,"Capacitor, 22 nF ± 5%",2026-08-03T04:54:39.696Z
10928|REF|45133310465,10928,REF,45133310465,45133310465,45133310465,,"STRUT,GAS MODIFIED",2026-08-03T04:54:39.696Z
10928|ID|10928,10928,ID,10928,10928,45133310465,,"STRUT,GAS MODIFIED",2026-08-03T04:54:39.696Z
10956|REF|45133315188,10956,REF,45133315188,45133315188,45133315188,,RH increment plate assembly,2026-08-03T04:54:39.696Z
10956|ID|10956,10956,ID,10956,10956,45133315188,,RH increment plate assembly,2026-08-03T04:54:39.696Z
10955|REF|45133315189,10955,REF,45133315189,45133315189,45133315189,,LH increment plate assembly,2026-08-03T04:54:39.696Z
10955|ID|10955,10955,ID,10955,10955,45133315189,,LH increment plate assembly,2026-08-03T04:54:39.696Z
11045|REF|45133316427,11045,REF,45133316427,45133316427,45133316427,,timing belt T5/295-16mm,2026-08-03T04:54:39.696Z
11045|ID|11045,11045,ID,11045,11045,45133316427,,timing belt T5/295-16mm,2026-08-03T04:54:39.696Z
11047|REF|45133316431,11047,REF,45133316431,45133316431,45133316431,,timing belt 25ATS/2500-M,2026-08-03T04:54:39.696Z
11047|ID|11047,11047,ID,11047,11047,45133316431,,timing belt 25ATS/2500-M,2026-08-03T04:54:39.696Z
11048|REF|45133316438,11048,REF,45133316438,45133316438,45133316438,,"Timing belts 16T5 DL, 795mm",2026-08-03T04:54:39.696Z
11048|ID|11048,11048,ID,11048,11048,45133316438,,"Timing belts 16T5 DL, 795mm",2026-08-03T04:54:39.696Z
12158|REF|45133316630,12158,REF,45133316630,45133316630,45133316630,,ISO-ROTATION DRIVE SUBASSEMBLY,2026-08-03T04:54:39.696Z
12158|ID|12158,12158,ID,12158,12158,45133316630,,ISO-ROTATION DRIVE SUBASSEMBLY,2026-08-03T04:54:39.696Z
11046|REF|45133317157,11046,REF,45133317157,45133317157,45133317157,,"timing belt 16T5 DL, 1263mm",2026-08-03T04:54:39.696Z
11046|ID|11046,11046,ID,11046,11046,45133317157,,"timing belt 16T5 DL, 1263mm",2026-08-03T04:54:39.696Z
11409|REF|45133317499,11409,REF,45133317499,45133317499,45133317499,,FRU Z Mov. Check pot.Meter KIT,2026-08-03T04:54:39.696Z
11409|ID|11409,11409,ID,11409,11409,45133317499,,FRU Z Mov. Check pot.Meter KIT,2026-08-03T04:54:39.696Z
10982|REF|45133317661,10982,REF,45133317661,45133317661,45133317661,,RV8 xxx B FINE,2026-08-03T04:54:39.696Z
10982|ID|10982,10982,ID,10982,10982,45133317661,,RV8 xxx B FINE,2026-08-03T04:54:39.696Z
11457|REF|45133317812_02,11457,REF,45133317812_02,4513331781202,45133317812_02,,TORNILLOS INOXIDABLES,2026-08-03T04:54:39.696Z
11457|ID|11457,11457,ID,11457,11457,45133317812_02,,TORNILLOS INOXIDABLES,2026-08-03T04:54:39.696Z
11456|REF|45133317815_01,11456,REF,45133317815_01,4513331781501,45133317815_01,,TORNILLOS INOXIDABLES,2026-08-03T04:54:39.696Z
11456|ID|11456,11456,ID,11456,11456,45133317815_01,,TORNILLOS INOXIDABLES,2026-08-03T04:54:39.696Z
11024|REF|45133317838,11024,REF,45133317838,45133317838,45133317838,,FRU Z-mov. check & readout pot. meter,2026-08-03T04:54:39.696Z
11024|ID|11024,11024,ID,11024,11024,45133317838,,FRU Z-mov. check & readout pot. meter,2026-08-03T04:54:39.696Z
11162|REF|45133317840,11162,REF,45133317840,45133317840,45133317840,,"Fru, X,Y,Iso check & readout pot. meter",2026-08-03T04:54:39.696Z
11162|ID|11162,11162,ID,11162,11162,45133317840,,"Fru, X,Y,Iso check & readout pot. meter",2026-08-03T04:54:39.696Z
11163|REF|45133317842,11163,REF,45133317842,45133317842,45133317842,,FRU Z-mov. Limit switches,2026-08-03T04:54:39.696Z
11163|ID|11163,11163,ID,11163,11163,45133317842,,FRU Z-mov. Limit switches,2026-08-03T04:54:39.696Z
11248|REF|45133317849,11248,REF,45133317849,45133317849,45133317849,,"FRU PWB 811,825B,830B ( User Interface Lado B)",2026-08-03T04:54:39.696Z
11248|ID|11248,11248,ID,11248,11248,45133317849,,"FRU PWB 811,825B,830B ( User Interface Lado B)",2026-08-03T04:54:39.696Z
11249|REF|45133317850,11249,REF,45133317850,45133317850,45133317850,,"FRU PWB 812,825A,830A (User Interface Lado A)",2026-08-03T04:54:39.696Z
11249|ID|11249,11249,ID,11249,11249,45133317850,,"FRU PWB 812,825A,830A (User Interface Lado A)",2026-08-03T04:54:39.696Z
11016|REF|45133317853,11016,REF,45133317853,45133317853,45133317853,,"PCB, interconnect (C) (PCB 840A)",2026-08-03T04:54:39.696Z
11016|ID|11016,11016,ID,11016,11016,45133317853,,"PCB, interconnect (C) (PCB 840A)",2026-08-03T04:54:39.696Z
12169|REF|45133317854,12169,REF,45133317854,45133317854,45133317854,,"PCB, INTERCONNECT (F) (PCB820)",2026-08-03T04:54:39.696Z
12169|ID|12169,12169,ID,12169,12169,45133317854,,"PCB, INTERCONNECT (F) (PCB820)",2026-08-03T04:54:39.696Z
11826|REF|45133317856,11826,REF,45133317856,45133317856,45133317856,,FRU PL825C-M825-Z MOTOR,2026-08-03T04:54:39.696Z
11826|ID|11826,11826,ID,11826,11826,45133317856,,FRU PL825C-M825-Z MOTOR,2026-08-03T04:54:39.696Z
6|REF|45133317858,6,REF,45133317858,45133317858,45133317858,,FRU ISO ROTATION DRIVE UNIT,2026-08-03T04:54:39.696Z
6|ID|6,6,ID,6,6,45133317858,,FRU ISO ROTATION DRIVE UNIT,2026-08-03T04:54:39.696Z
11254|REF|45133317859,11254,REF,45133317859,45133317859,45133317859,,FRU drive belt,2026-08-03T04:54:39.696Z
11254|ID|11254,11254,ID,11254,11254,45133317859,,FRU drive belt,2026-08-03T04:54:39.696Z
11257|REF|45133317863,11257,REF,45133317863,45133317863,45133317863,,FRU Touch up paint Kit (Iso Rotation Base),2026-08-03T04:54:39.696Z
11257|ID|11257,11257,ID,11257,11257,45133317863,,FRU Touch up paint Kit (Iso Rotation Base),2026-08-03T04:54:39.696Z
11721|REF|45133317867,11721,REF,45133317867,45133317867,45133317867,,Fru Cable Slab X-Y Movement,2026-08-03T04:54:39.696Z
11721|ID|11721,11721,ID,11721,11721,45133317867,,Fru Cable Slab X-Y Movement,2026-08-03T04:54:39.696Z
11887|REF|45133317867_usado,11887,REF,45133317867_usado,45133317867USADO,45133317867_usado,,Fru Cable Slab X-Y Movement,2026-08-03T04:54:39.696Z
11887|ID|11887,11887,ID,11887,11887,45133317867_usado,,Fru Cable Slab X-Y Movement,2026-08-03T04:54:39.696Z
12159|REF|45133317868,12159,REF,45133317868,45133317868,45133317868,,ISO-ROTATION CABLE REELING ASSEMBLY (NPSS),2026-08-03T04:54:39.696Z
12159|ID|12159,12159,ID,12159,12159,45133317868,,ISO-ROTATION CABLE REELING ASSEMBLY (NPSS),2026-08-03T04:54:39.696Z
12165|REF|45133317869,12165,REF,45133317869,45133317869,45133317869,,CABLE REELING COLUMN ROTATION,2026-08-03T04:54:39.696Z
12165|ID|12165,12165,ID,12165,12165,45133317869,,CABLE REELING COLUMN ROTATION,2026-08-03T04:54:39.696Z
12166|REF|45133317876,12166,REF,45133317876,45133317876,45133317876,,COLUMN BRAKE WITHOUT COIL,2026-08-03T04:54:39.696Z
12166|ID|12166,12166,ID,12166,12166,45133317876,,COLUMN BRAKE WITHOUT COIL,2026-08-03T04:54:39.696Z
11256|REF|45133317877,11256,REF,45133317877,45133317877,45133317877,,FRU Wire Kit (Iso Rotation Base),2026-08-03T04:54:39.696Z
11256|ID|11256,11256,ID,11256,11256,45133317877,,FRU Wire Kit (Iso Rotation Base),2026-08-03T04:54:39.696Z
11023|REF|45133317880,11023,REF,45133317880,45133317880,45133317880,,Fine potentiometer,2026-08-03T04:54:39.696Z
11023|ID|11023,11023,ID,11023,11023,45133317880,,Fine potentiometer,2026-08-03T04:54:39.696Z
11606|REF|45133317881,11606,REF,45133317881,45133317881,45133317881,,"FRU X,Y,FINE POT,MET",2026-08-03T04:54:39.696Z
11606|ID|11606,11606,ID,11606,11606,45133317881,,"FRU X,Y,FINE POT,MET",2026-08-03T04:54:39.696Z
11421|REF|451333178903,11421,REF,451333178903,451333178903,451333178903,,PWB,2026-08-03T04:54:39.696Z
11421|ID|11421,11421,ID,11421,11421,451333178903,,PWB,2026-08-03T04:54:39.696Z
12153|REF|4513331790204Y,12153,REF,4513331790204Y,4513331790204Y,4513331790204Y,,"Potentiometer, 20k, 1 turn Fine",2026-08-03T04:54:39.696Z
12153|ID|12153,12153,ID,12153,12153,4513331790204Y,,"Potentiometer, 20k, 1 turn Fine",2026-08-03T04:54:39.696Z
11258|REF|45133317904,11258,REF,45133317904,45133317904,45133317904,,FRU Col. Check & readout (Coarse) pot. Meter (Column Rotation),2026-08-03T04:54:39.696Z
11258|ID|11258,11258,ID,11258,11258,45133317904,,FRU Col. Check & readout (Coarse) pot. Meter (Column Rotation),2026-08-03T04:54:39.696Z
12173|REF|45133318200,12173,REF,45133318200,45133318200,45133318200,,PSU ASSEMBLY,2026-08-03T04:54:39.696Z
12173|ID|12173,12173,ID,12173,12173,45133318200,,PSU ASSEMBLY,2026-08-03T04:54:39.696Z
11651|REF|45133318440,11651,REF,45133318440,45133318440,45133318440,,Fru XY Drive Unit,2026-08-03T04:54:39.696Z
11651|ID|11651,11651,ID,11651,11651,45133318440,,Fru XY Drive Unit,2026-08-03T04:54:39.696Z
11250|REF|45133318446,11250,REF,45133318446,45133318446,45133318446,,FRU Thumbwheel PWB side A (User Interface Lado A)o,2026-08-03T04:54:39.696Z
11250|ID|11250,11250,ID,11250,11250,45133318446,,FRU Thumbwheel PWB side A (User Interface Lado A)o,2026-08-03T04:54:39.696Z
11251|REF|45133318447,11251,REF,45133318447,45133318447,45133318447,,FRU Thumbwheel PWB side B,2026-08-03T04:54:39.696Z
11251|ID|11251,11251,ID,11251,11251,45133318447,,FRU Thumbwheel PWB side B,2026-08-03T04:54:39.696Z
11253|REF|45133318449_,11253,REF,45133318449_,45133318449,45133318449_,,FRU Switch PWB side B (User Interface Lado B),2026-08-03T04:54:39.696Z
11253|ID|11253,11253,ID,11253,11253,45133318449_,,FRU Switch PWB side B (User Interface Lado B),2026-08-03T04:54:39.696Z
11019|REF|45133318450,11019,REF,45133318450,45133318450,45133318450,,Fru Stop Motor Switch and Cable Assy,2026-08-03T04:54:39.696Z
11019|ID|11019,11019,ID,11019,11019,45133318450,,Fru Stop Motor Switch and Cable Assy,2026-08-03T04:54:39.696Z
11174|REF|45133318456,11174,REF,45133318456,45133318456,45133318456,,"PCB, logic control unit (non RATM) - LCU",2026-08-03T04:54:39.696Z
11174|ID|11174,11174,ID,11174,11174,45133318456,,"PCB, logic control unit (non RATM) - LCU",2026-08-03T04:54:39.696Z
11011|REF|45133318457,11011,REF,45133318457,45133318457,45133318457,,"PCB, level translator - LTU",2026-08-03T04:54:39.696Z
11011|ID|11011,11011,ID,11011,11011,45133318457,,"PCB, level translator - LTU",2026-08-03T04:54:39.696Z
10977|REF|4513331845902F,10977,REF,4513331845902F,4513331845902F,4513331845902F,,FRU EIM Z-DRIVE PCB,2026-08-03T04:54:39.696Z
10977|ID|10977,10977,ID,10977,10977,4513331845902F,,FRU EIM Z-DRIVE PCB,2026-08-03T04:54:39.696Z
10966|REF|45133318461_Iss._02x,10966,REF,45133318461_Iss._02x,45133318461ISS02X,45133318461_Iss._02x,,Inline calibration PCB,2026-08-03T04:54:39.696Z
10966|ID|10966,10966,ID,10966,10966,45133318461_Iss._02x,,Inline calibration PCB,2026-08-03T04:54:39.696Z
11259|REF|45133318470,11259,REF,45133318470,45133318470,45133318470,,FRU Hardware Kit (Table Accessories ),2026-08-03T04:54:39.696Z
11259|ID|11259,11259,ID,11259,11259,45133318470,,FRU Hardware Kit (Table Accessories ),2026-08-03T04:54:39.696Z
12154|REF|45133318474,12154,REF,45133318474,45133318474,45133318474,,CABLE 11 (PL810A– SKT812A),2026-08-03T04:54:39.696Z
12154|ID|12154,12154,ID,12154,12154,45133318474,,CABLE 11 (PL810A– SKT812A),2026-08-03T04:54:39.696Z
12155|REF|45133318475,12155,REF,45133318475,45133318475,45133318475,,CABLE 12 (PL810B– SKT811B),2026-08-03T04:54:39.696Z
12155|ID|12155,12155,ID,12155,12155,45133318475,,CABLE 12 (PL810B– SKT811B),2026-08-03T04:54:39.696Z
12167|REF|45133318476,12167,REF,45133318476,45133318476,45133318476,,CABLE 18 (PL815A-SKT0820A),2026-08-03T04:54:39.696Z
12167|ID|12167,12167,ID,12167,12167,45133318476,,CABLE 18 (PL815A-SKT0820A),2026-08-03T04:54:39.696Z
12168|REF|45133318478,12168,REF,45133318478,45133318478,45133318478,,BRAKE MAGNET COIL (PL815 F-BRK820),2026-08-03T04:54:39.696Z
12168|ID|12168,12168,ID,12168,12168,45133318478,,BRAKE MAGNET COIL (PL815 F-BRK820),2026-08-03T04:54:39.696Z
12118|REF|45133318479,12118,REF,45133318479,45133318479,45133318479,,Cable 25 (PL825A– SKT830A),2026-08-03T04:54:39.696Z
12118|ID|12118,12118,ID,12118,12118,45133318479,,Cable 25 (PL825A– SKT830A),2026-08-03T04:54:39.696Z
12160|REF|45133318485,12160,REF,45133318485,45133318485,45133318485,,BASE TO EIM CABLE (SKT810A-PL801A),2026-08-03T04:54:39.696Z
12160|ID|12160,12160,ID,12160,12160,45133318485,,BASE TO EIM CABLE (SKT810A-PL801A),2026-08-03T04:54:39.696Z
12161|REF|45133318486,12161,REF,45133318486,45133318486,45133318486,,BASE TO EIM CABLE (SKT810B-PL801B),2026-08-03T04:54:39.696Z
12161|ID|12161,12161,ID,12161,12161,45133318486,,BASE TO EIM CABLE (SKT810B-PL801B),2026-08-03T04:54:39.696Z
12163|REF|45133318487,12163,REF,45133318487,45133318487,45133318487,,CABLE BASE TO EIM (SKT810C-PL802C),2026-08-03T04:54:39.696Z
12163|ID|12163,12163,ID,12163,12163,45133318487,,CABLE BASE TO EIM (SKT810C-PL802C),2026-08-03T04:54:39.696Z
12162|REF|45133318488,12162,REF,45133318488,45133318488,45133318488,,BASE TO EIM CABLE (SKT810E-PL801E),2026-08-03T04:54:39.696Z
12162|ID|12162,12162,ID,12162,12162,45133318488,,BASE TO EIM CABLE (SKT810E-PL801E),2026-08-03T04:54:39.696Z
12164|REF|45133318489,12164,REF,45133318489,45133318489,45133318489,,CABLE BASE TO EIM (SKT810F-PL802F),2026-08-03T04:54:39.696Z
12164|ID|12164,12164,ID,12164,12164,45133318489,,CABLE BASE TO EIM (SKT810F-PL802F),2026-08-03T04:54:39.696Z
10950|REF|45133318520,10950,REF,45133318520,45133318520,45133318520,,"PCB 1, MkI,side A, switches & LEDs",2026-08-03T04:54:39.696Z
10950|ID|10950,10950,ID,10950,10950,45133318520,,"PCB 1, MkI,side A, switches & LEDs",2026-08-03T04:54:39.696Z
10949|REF|45133318521,10949,REF,45133318521,45133318521,45133318521,,"PCB 1, MkI,side B, switches & LEDs",2026-08-03T04:54:39.696Z
10949|ID|10949,10949,ID,10949,10949,45133318521,,"PCB 1, MkI,side B, switches & LEDs",2026-08-03T04:54:39.696Z
12157|REF|45133318567,12157,REF,45133318567,45133318567,45133318567,,GENDER CHARGER,2026-08-03T04:54:39.696Z
12157|ID|12157,12157,ID,12157,12157,45133318567,,GENDER CHARGER,2026-08-03T04:54:39.696Z
11458|REF|45133318572_01,11458,REF,45133318572_01,4513331857201,45133318572_01,,PCB SUPPORT,2026-08-03T04:54:39.696Z
11458|ID|11458,11458,ID,11458,11458,45133318572_01,,PCB SUPPORT,2026-08-03T04:54:39.696Z
11459|REF|45133318575_01,11459,REF,45133318575_01,4513331857501,45133318575_01,,BEARING PRELOAD SPRING,2026-08-03T04:54:39.696Z
11459|ID|11459,11459,ID,11459,11459,45133318575_01,,BEARING PRELOAD SPRING,2026-08-03T04:54:39.696Z
11464|REF|45133318576_01,11464,REF,45133318576_01,4513331857601,45133318576_01,,Extension Spring,2026-08-03T04:54:39.696Z
11464|ID|11464,11464,ID,11464,11464,45133318576_01,,Extension Spring,2026-08-03T04:54:39.696Z
11361|REF|45133318675,11361,REF,45133318675,45133318675,45133318675,,"Latching backshell sub-D, 25P",2026-08-03T04:54:39.696Z
11361|ID|11361,11361,ID,11361,11361,45133318675,,"Latching backshell sub-D, 25P",2026-08-03T04:54:39.696Z
11362|REF|45133318676,11362,REF,45133318676,45133318676,45133318676,,D-Connector plug shell,2026-08-03T04:54:39.696Z
11362|ID|11362,11362,ID,11362,11362,45133318676,,D-Connector plug shell,2026-08-03T04:54:39.696Z
11363|REF|45133318677,11363,REF,45133318677,45133318677,45133318677,,Crimp contact pin,2026-08-03T04:54:39.696Z
11363|ID|11363,11363,ID,11363,11363,45133318677,,Crimp contact pin,2026-08-03T04:54:39.696Z
11364|REF|45133318678,11364,REF,45133318678,45133318678,45133318678,,D-Connector socket shell,2026-08-03T04:54:39.696Z
11364|ID|11364,11364,ID,11364,11364,45133318678,,D-Connector socket shell,2026-08-03T04:54:39.696Z
11365|REF|45133318679,11365,REF,45133318679,45133318679,45133318679,,Crimp contact socket,2026-08-03T04:54:39.696Z
11365|ID|11365,11365,ID,11365,11365,45133318679,,Crimp contact socket,2026-08-03T04:54:39.696Z
11367|REF|45133318682,11367,REF,45133318682,45133318682,45133318682,,Label,2026-08-03T04:54:39.696Z
11367|ID|11367,11367,ID,11367,11367,45133318682,,Label,2026-08-03T04:54:39.696Z
11368|REF|45133318683,11368,REF,45133318683,45133318683,45133318683,,"Heat shrink sleeve, red",2026-08-03T04:54:39.696Z
11368|ID|11368,11368,ID,11368,11368,45133318683,,"Heat shrink sleeve, red",2026-08-03T04:54:39.696Z
11369|REF|45133318685,11369,REF,45133318685,45133318685,45133318685,,"Heat shrink sleeve, blue",2026-08-03T04:54:39.696Z
11369|ID|11369,11369,ID,11369,11369,45133318685,,"Heat shrink sleeve, blue",2026-08-03T04:54:39.696Z
11372|REF|45133318686,11372,REF,45133318686,45133318686,45133318686,,"Blue Modular multipole, housing",2026-08-03T04:54:39.696Z
11372|ID|11372,11372,ID,11372,11372,45133318686,,"Blue Modular multipole, housing",2026-08-03T04:54:39.696Z
11371|REF|45133318687,11371,REF,45133318687,45133318687,45133318687,,"Cable (3-corex2, 5mm2, shielded)",2026-08-03T04:54:39.696Z
11371|ID|11371,11371,ID,11371,11371,45133318687,,"Cable (3-corex2, 5mm2, shielded)",2026-08-03T04:54:39.696Z
11346|REF|45133318688,11346,REF,45133318688,45133318688,45133318688,,"Heat shrink sleeve 9,5 mm, black",2026-08-03T04:54:39.696Z
11346|ID|11346,11346,ID,11346,11346,45133318688,,"Heat shrink sleeve 9,5 mm, black",2026-08-03T04:54:39.696Z
11342|REF|45133318689,11342,REF,45133318689,45133318689,45133318689,,"Heat shrink sleeve, yellow",2026-08-03T04:54:39.696Z
11342|ID|11342,11342,ID,11342,11342,45133318689,,"Heat shrink sleeve, yellow",2026-08-03T04:54:39.696Z
11343|REF|45133318692,11343,REF,45133318692,45133318692,45133318692,,Crimp-on-snap-in socket,2026-08-03T04:54:39.696Z
11343|ID|11343,11343,ID,11343,11343,45133318692,,Crimp-on-snap-in socket,2026-08-03T04:54:39.696Z
11345|REF|45133318693,11345,REF,45133318693,45133318693,45133318693,,"Cable (2-core, 0,75mm2)",2026-08-03T04:54:39.696Z
11345|ID|11345,11345,ID,11345,11345,45133318693,,"Cable (2-core, 0,75mm2)",2026-08-03T04:54:39.696Z
11366|REF|45133318695,11366,REF,45133318695,45133318695,45133318695,,"Cable (24-core, 0,14mm2)",2026-08-03T04:54:39.696Z
11366|ID|11366,11366,ID,11366,11366,45133318695,,"Cable (24-core, 0,14mm2)",2026-08-03T04:54:39.696Z
11370|REF|45133318696,11370,REF,45133318696,45133318696,45133318696,,"Heat shrink sleeve, 12,7 mm, black",2026-08-03T04:54:39.696Z
11370|ID|11370,11370,ID,11370,11370,45133318696,,"Heat shrink sleeve, 12,7 mm, black",2026-08-03T04:54:39.696Z
11344|REF|45133318697,11344,REF,45133318697,45133318697,45133318697,,Crimp-on-snap-in pin contact,2026-08-03T04:54:39.696Z
11344|ID|11344,11344,ID,11344,11344,45133318697,,Crimp-on-snap-in pin contact,2026-08-03T04:54:39.696Z
11350|REF|45133318699,11350,REF,45133318699,45133318699,45133318699,,"Cable (12-core, 0,14mm2)",2026-08-03T04:54:39.696Z
11350|ID|11350,11350,ID,11350,11350,45133318699,,"Cable (12-core, 0,14mm2)",2026-08-03T04:54:39.696Z
11348|REF|45133318702,11348,REF,45133318702,45133318702,45133318702,,Cat ear terminal (AWG22.30),2026-08-03T04:54:39.696Z
11348|ID|11348,11348,ID,11348,11348,45133318702,,Cat ear terminal (AWG22.30),2026-08-03T04:54:39.696Z
11349|REF|45133318703,11349,REF,45133318703,45133318703,45133318703,,Crimp terminal housing 6p,2026-08-03T04:54:39.696Z
11349|ID|11349,11349,ID,11349,11349,45133318703,,Crimp terminal housing 6p,2026-08-03T04:54:39.696Z
11352|REF|45133318704,11352,REF,45133318704,45133318704,45133318704,,"Crimp terminal (red 0,187 inch)",2026-08-03T04:54:39.696Z
11352|ID|11352,11352,ID,11352,11352,45133318704,,"Crimp terminal (red 0,187 inch)",2026-08-03T04:54:39.696Z
11353|REF|45133318705,11353,REF,45133318705,45133318705,45133318705,,Flat cable 26p,2026-08-03T04:54:39.696Z
11353|ID|11353,11353,ID,11353,11353,45133318705,,Flat cable 26p,2026-08-03T04:54:39.696Z
11356|REF|45133318708,11356,REF,45133318708,45133318708,45133318708,,"Crimp terminal ring 4mm, M4",2026-08-03T04:54:39.696Z
11356|ID|11356,11356,ID,11356,11356,45133318708,,"Crimp terminal ring 4mm, M4",2026-08-03T04:54:39.696Z
11357|REF|45133318709,11357,REF,45133318709,45133318709,45133318709,,"Wire (4mm2, yellow-green",2026-08-03T04:54:39.696Z
11357|ID|11357,11357,ID,11357,11357,45133318709,,"Wire (4mm2, yellow-green",2026-08-03T04:54:39.696Z
12319|REF|45133318810,12319,REF,45133318810,45133318810,45133318810,,"X-Y cable reeling, containing 3 cables",2026-08-03T04:54:39.696Z
12319|ID|12319,12319,ID,12319,12319,45133318810,,"X-Y cable reeling, containing 3 cables",2026-08-03T04:54:39.696Z
11788|REF|45133318830,11788,REF,45133318830,45133318830,45133318830,,Support Strut,2026-08-03T04:54:39.696Z
11788|ID|11788,11788,ID,11788,11788,45133318830,,Support Strut,2026-08-03T04:54:39.696Z
11373|REF|45133318847,11373,REF,45133318847,45133318847,45133318847,,RV825A Z CHECK,2026-08-03T04:54:39.696Z
11373|ID|11373,11373,ID,11373,11373,45133318847,,RV825A Z CHECK,2026-08-03T04:54:39.696Z
11410|REF|45133318848,11410,REF,45133318848,45133318848,45133318848,,FRU Z Mov. Coarse pot.,2026-08-03T04:54:39.696Z
11410|ID|11410,11410,ID,11410,11410,45133318848,,FRU Z Mov. Coarse pot.,2026-08-03T04:54:39.696Z
10981|REF|45133318864,10981,REF,45133318864,45133318864,45133318864,,"RV8 xxx X,Y,ISO CHECK & COARSE",2026-08-03T04:54:39.696Z
10981|ID|10981,10981,ID,10981,10981,45133318864,,"RV8 xxx X,Y,ISO CHECK & COARSE",2026-08-03T04:54:39.696Z
11260|REF|45133318875,11260,REF,45133318875,45133318875,45133318875,,FRU Z-mov. Check pot.,2026-08-03T04:54:39.696Z
11260|ID|11260,11260,ID,11260,11260,45133318875,,FRU Z-mov. Check pot.,2026-08-03T04:54:39.696Z
11261|REF|45133318876,11261,REF,45133318876,45133318876,45133318876,,FRU Z-mov. Coarse pot.,2026-08-03T04:54:39.696Z
11261|ID|11261,11261,ID,11261,11261,45133318876,,FRU Z-mov. Coarse pot.,2026-08-03T04:54:39.696Z
10934|REF|45133318876__Iss._02,10934,REF,45133318876__Iss._02,45133318876ISS02,45133318876__Iss._02,,Coarse potentiometer assembly (eje Z),2026-08-03T04:54:39.696Z
10934|ID|10934,10934,ID,10934,10934,45133318876__Iss._02,,Coarse potentiometer assembly (eje Z),2026-08-03T04:54:39.696Z
11358|REF|45133318902,11358,REF,45133318902,45133318902,45133318902,,FRU thumbwheels PWB side A,2026-08-03T04:54:39.696Z
11358|ID|11358,11358,ID,11358,11358,45133318902,,FRU thumbwheels PWB side A,2026-08-03T04:54:39.696Z
11359|REF|45133318903,11359,REF,45133318903,45133318903,45133318903,,FRU thumbwheels PWB side B,2026-08-03T04:54:39.696Z
11359|ID|11359,11359,ID,11359,11359,45133318903,,FRU thumbwheels PWB side B,2026-08-03T04:54:39.696Z
11161|REF|45133318990,11161,REF,45133318990,45133318990,45133318990,,FRU X-Brake,2026-08-03T04:54:39.696Z
11161|ID|11161,11161,ID,11161,11161,45133318990,,FRU X-Brake,2026-08-03T04:54:39.696Z
11879|REF|45133318990_usado,11879,REF,45133318990_usado,45133318990USADO,45133318990_usado,,FRU X-Brake,2026-08-03T04:54:39.696Z
11879|ID|11879,11879,ID,11879,11879,45133318990_usado,,FRU X-Brake,2026-08-03T04:54:39.696Z
11160|REF|45133318995,11160,REF,45133318995,45133318995,45133318995,,FRU Y-brake,2026-08-03T04:54:39.696Z
11160|ID|11160,11160,ID,11160,11160,45133318995,,FRU Y-brake,2026-08-03T04:54:39.696Z
12065|REF|45133326163,12065,REF,45133326163,45133326163,45133326163,,"CABLE ASSY, PLCC-PLAW",2026-08-03T04:54:39.696Z
12065|ID|12065,12065,ID,12065,12065,45133326163,,"CABLE ASSY, PLCC-PLAW",2026-08-03T04:54:39.696Z
11414|REF|4513332616301,11414,REF,4513332616301,4513332616301,4513332616301,,MLC CABLE VIDEO KIT,2026-08-03T04:54:39.696Z
11414|ID|11414,11414,ID,11414,11414,4513332616301,,MLC CABLE VIDEO KIT,2026-08-03T04:54:39.696Z
12066|REF|45133326164,12066,REF,45133326164,45133326164,45133326164,,"CABLE ASSY, PLCD-PLAT NON FRU",2026-08-03T04:54:39.696Z
12066|ID|12066,12066,ID,12066,12066,45133326164,,"CABLE ASSY, PLCD-PLAT NON FRU",2026-08-03T04:54:39.696Z
11415|REF|4513332616401,11415,REF,4513332616401,4513332616401,4513332616401,,MLC CABLE VIDEO KIT,2026-08-03T04:54:39.696Z
11415|ID|11415,11415,ID,11415,11415,4513332616401,,MLC CABLE VIDEO KIT,2026-08-03T04:54:39.696Z
11637|REF|4513332625901B,11637,REF,4513332625901B,4513332625901B,4513332625901B,,Shaft,2026-08-03T04:54:39.696Z
11637|ID|11637,11637,ID,11637,11637,4513332625901B,,Shaft,2026-08-03T04:54:39.696Z
10933|REF|45133326275_Iss._07,10933,REF,45133326275_Iss._07,45133326275ISS07,45133326275_Iss._07,,Screen assembly no usar,2026-08-03T04:54:39.696Z
10933|ID|10933,10933,ID,10933,10933,45133326275_Iss._07,,Screen assembly no usar,2026-08-03T04:54:39.696Z
11813|REF|4513332627507Y,11813,REF,4513332627507Y,4513332627507Y,4513332627507Y,,Screen assembly,2026-08-03T04:54:39.696Z
11813|ID|11813,11813,ID,11813,11813,4513332627507Y,,Screen assembly,2026-08-03T04:54:39.696Z
10304|REF|4513332644304F,10304,REF,4513332644304F,4513332644304F,4513332644304F,,MOTOR ASSEMBLY,2026-08-03T04:54:39.696Z
10304|ID|10304,10304,ID,10304,10304,4513332644304F,,MOTOR ASSEMBLY,2026-08-03T04:54:39.696Z
11479|REF|45133326467,11479,REF,45133326467,45133326467,45133326467,,Lead-screw assembly,2026-08-03T04:54:39.696Z
11479|ID|11479,11479,ID,11479,11479,45133326467,,Lead-screw assembly,2026-08-03T04:54:39.696Z
10835|REF|45133326475,10835,REF,45133326475,45133326475,45133326475,,"NUT, LOCKING",2026-08-03T04:54:39.696Z
10835|ID|10835,10835,ID,10835,10835,45133326475,,"NUT, LOCKING",2026-08-03T04:54:39.696Z
11568|REF|45133326590,11568,REF,45133326590,45133326590,45133326590,,CAMERA LENS ASSEMBLY,2026-08-03T04:54:39.696Z
11568|ID|11568,11568,ID,11568,11568,45133326590,,CAMERA LENS ASSEMBLY,2026-08-03T04:54:39.696Z
10136|REF|4513332685405C,10136,REF,4513332685405C,4513332685405C,4513332685405C,,MIRROR ASSEMBLY,2026-08-03T04:54:39.696Z
10136|ID|10136,10136,ID,10136,10136,4513332685405C,,MIRROR ASSEMBLY,2026-08-03T04:54:39.696Z
11863|REF|4513332685405C_usado,11863,REF,4513332685405C_usado,4513332685405CUSADO,4513332685405C_usado,,MIRROR ASSEMBLY,2026-08-03T04:54:39.696Z
11863|ID|11863,11863,ID,11863,11863,4513332685405C_usado,,MIRROR ASSEMBLY,2026-08-03T04:54:39.696Z
11638|REF|45133326928,11638,REF,45133326928,45133326928,45133326928,,"Coupling, Modified",2026-08-03T04:54:39.696Z
11638|ID|11638,11638,ID,11638,11638,45133326928,,"Coupling, Modified",2026-08-03T04:54:39.696Z
11135|REF|45133326949,11135,REF,45133326949,45133326949,45133326949,,"KIT,MLC COUPLING REPLACEMENT",2026-08-03T04:54:39.696Z
11135|ID|11135,11135,ID,11135,11135,45133326949,,"KIT,MLC COUPLING REPLACEMENT",2026-08-03T04:54:39.696Z
10864|REF|45133326981,10864,REF,45133326981,45133326981,45133326981,,MLC Leafnut Replacement KIT,2026-08-03T04:54:39.696Z
10864|ID|10864,10864,ID,10864,10864,45133326981,,MLC Leafnut Replacement KIT,2026-08-03T04:54:39.696Z
11736|REF|45133326990,11736,REF,45133326990,45133326990,45133326990,,"Leafnut, steel",2026-08-03T04:54:39.696Z
11736|ID|11736,11736,ID,11736,11736,45133326990,,"Leafnut, steel",2026-08-03T04:54:39.696Z
12247|REF|45133327647,12247,REF,45133327647,45133327647,45133327647,,"FAN, SUB ASSY",2026-08-03T04:54:39.696Z
12247|ID|12247,12247,ID,12247,12247,45133327647,,"FAN, SUB ASSY",2026-08-03T04:54:39.696Z
11571|REF|45133327662,11571,REF,45133327662,45133327662,45133327662,,BEAM SPLITTER MIRROR ASSY,2026-08-03T04:54:39.696Z
11571|ID|11571,11571,ID,11571,11571,45133327662,,BEAM SPLITTER MIRROR ASSY,2026-08-03T04:54:39.696Z
11567|REF|4513332766303F,11567,REF,4513332766303F,4513332766303F,4513332766303F,,PROJECTOR MIRROR ASSY,2026-08-03T04:54:39.696Z
11567|ID|11567,11567,ID,11567,11567,4513332766303F,,PROJECTOR MIRROR ASSY,2026-08-03T04:54:39.696Z
11412|REF|45133327697014,11412,REF,45133327697014,45133327697014,45133327697014,,MLC CABLE VIDEO KIT,2026-08-03T04:54:39.696Z
11412|ID|11412,11412,ID,11412,11412,45133327697014,,MLC CABLE VIDEO KIT,2026-08-03T04:54:39.696Z
12064|REF|45133327698,12064,REF,45133327698,45133327698,45133327698,,"CABLE ASSEMBLY, PLAX TO PLBD",2026-08-03T04:54:39.696Z
12064|ID|12064,12064,ID,12064,12064,45133327698,,"CABLE ASSEMBLY, PLAX TO PLBD",2026-08-03T04:54:39.696Z
12063|REF|45133327699,12063,REF,45133327699,45133327699,45133327699,,CABLE ASSEMBLY PLAU TO PLBE,2026-08-03T04:54:39.696Z
12063|ID|12063,12063,ID,12063,12063,45133327699,,CABLE ASSEMBLY PLAU TO PLBE,2026-08-03T04:54:39.696Z
11413|REF|45133327699701,11413,REF,45133327699701,45133327699701,45133327699701,,MLC CABLE VIDEO KIT,2026-08-03T04:54:39.696Z
11413|ID|11413,11413,ID,11413,11413,45133327699701,,MLC CABLE VIDEO KIT,2026-08-03T04:54:39.696Z
10932|REF|45133327707_Iss._5,10932,REF,45133327707_Iss._5,45133327707ISS5,45133327707_Iss._5,,"Leaf E, Y2 (motor 4, 8... 32, 36)",2026-08-03T04:54:39.696Z
10932|ID|10932,10932,ID,10932,10932,45133327707_Iss._5,,"Leaf E, Y2 (motor 4, 8... 32, 36)",2026-08-03T04:54:39.696Z
10834|REF|45133327715,10834,REF,45133327715,45133327715,45133327715,,"LEAFNUT, STEEL, RECTANGULAR",2026-08-03T04:54:39.696Z
10834|ID|10834,10834,ID,10834,10834,45133327715,,"LEAFNUT, STEEL, RECTANGULAR",2026-08-03T04:54:39.696Z
10174|REF|4513332795201W,10174,REF,4513332795201W,4513332795201W,4513332795201W,,MIRROR ASSEMBLY,2026-08-03T04:54:39.696Z
10174|ID|10174,10174,ID,10174,10174,4513332795201W,,MIRROR ASSEMBLY,2026-08-03T04:54:39.696Z
11862|REF|4513332795201W_usado,11862,REF,4513332795201W_usado,4513332795201WUSADO,4513332795201W_usado,,MIRROR ASSEMBLY,2026-08-03T04:54:39.696Z
11862|ID|11862,11862,ID,11862,11862,4513332795201W_usado,,MIRROR ASSEMBLY,2026-08-03T04:54:39.696Z
12248|REF|45133328445,12248,REF,45133328445,45133328445,45133328445,,"CAMERA, REMOTE HEAD",2026-08-03T04:54:39.696Z
12248|ID|12248,12248,ID,12248,12248,45133328445,,"CAMERA, REMOTE HEAD",2026-08-03T04:54:39.696Z
12337|REF|451333411850,12337,REF,451333411850,451333411850,451333411850,,"Cable Assy, Pl9",2026-08-03T04:54:39.696Z
12337|ID|12337,12337,ID,12337,12337,451333411850,,"Cable Assy, Pl9",2026-08-03T04:54:39.696Z
12002|REF|45133354095,12002,REF,45133354095,45133354095,45133354095,,Systema Backplane (MotherBoardo) MK3i,2026-08-03T04:54:39.696Z
12002|ID|12002,12002,ID,12002,12002,45133354095,,Systema Backplane (MotherBoardo) MK3i,2026-08-03T04:54:39.696Z
12028|REF|451333542710AY,12028,REF,451333542710AY,451333542710AY,451333542710AY,,XVGA Line Receiver,2026-08-03T04:54:39.696Z
12028|ID|12028,12028,ID,12028,12028,451333542710AY,,XVGA Line Receiver,2026-08-03T04:54:39.696Z
11837|REF|45133400146,11837,REF,45133400146,45133400146,45133400146,,Slitless flight tube kit,2026-08-03T04:54:39.696Z
11837|ID|11837,11837,ID,11837,11837,45133400146,,Slitless flight tube kit,2026-08-03T04:54:39.696Z
11884|REF|45133400146_usado,11884,REF,45133400146_usado,45133400146USADO,45133400146_usado,,Slitless flight tube kit,2026-08-03T04:54:39.696Z
11884|ID|11884,11884,ID,11884,11884,45133400146_usado,,Slitless flight tube kit,2026-08-03T04:54:39.696Z
10611|REF|45133407315,10611,REF,45133407315,45133407315,45133407315,,Monitor 19 TFT Fascia Lado A y B,2026-08-03T04:54:39.696Z
10611|ID|10611,10611,ID,10611,10611,45133407315,,Monitor 19 TFT Fascia Lado A y B,2026-08-03T04:54:39.696Z
11275|REF|45133411730,11275,REF,45133411730,45133411730,45133411730,,"CABLE CHAIN, CHASSIS TO CRADLE OUTER SIDE A",2026-08-03T04:54:39.696Z
11275|ID|11275,11275,ID,11275,11275,45133411730,,"CABLE CHAIN, CHASSIS TO CRADLE OUTER SIDE A",2026-08-03T04:54:39.696Z
11270|REF|45133411787,11270,REF,45133411787,45133411787,45133411787,,Longitudinal Drive Motor and Clutch Assembly,2026-08-03T04:54:39.696Z
11270|ID|11270,11270,ID,11270,11270,45133411787,,Longitudinal Drive Motor and Clutch Assembly,2026-08-03T04:54:39.696Z
11049|REF|45133411788,11049,REF,45133411788,45133411788,45133411788,,Longitudinal Brake assembly (MR),2026-08-03T04:54:39.696Z
11049|ID|11049,11049,ID,11049,11049,45133411788,,Longitudinal Brake assembly (MR),2026-08-03T04:54:39.696Z
12136|REF|45133411845,12136,REF,45133411845,45133411845,45133411845,,PL4 to SK4A (logitudinal potentiometers),2026-08-03T04:54:39.696Z
12136|ID|12136,12136,ID,12136,12136,45133411845,,PL4 to SK4A (logitudinal potentiometers),2026-08-03T04:54:39.696Z
11694|REF|45133411846,11694,REF,45133411846,45133411846,45133411846,,"CABLE ASSY, PL5 TO SK5A",2026-08-03T04:54:39.696Z
11694|ID|11694,11694,ID,11694,11694,45133411846,,"CABLE ASSY, PL5 TO SK5A",2026-08-03T04:54:39.696Z
12069|REF|45133411846_usado,12069,REF,45133411846_usado,45133411846USADO,45133411846_usado,,"CABLE ASSY, PL5 TO SK5A",2026-08-03T04:54:39.696Z
12069|ID|12069,12069,ID,12069,12069,45133411846_usado,,"CABLE ASSY, PL5 TO SK5A",2026-08-03T04:54:39.696Z
12189|REF|45133411850_usado,12189,REF,45133411850_usado,45133411850USADO,45133411850_usado,,"Cable Assy, Pl9 to S",2026-08-03T04:54:39.696Z
12189|ID|12189,12189,ID,12189,12189,45133411850_usado,,"Cable Assy, Pl9 to S",2026-08-03T04:54:39.696Z
11682|REF|4513341185001U,11682,REF,4513341185001U,4513341185001U,4513341185001U,,"Cable Assy, Pl9 to S",2026-08-03T04:54:39.696Z
11682|ID|11682,11682,ID,11682,11682,4513341185001U,,"Cable Assy, Pl9 to S",2026-08-03T04:54:39.696Z
12204|REF|4513341185001U_NoUsar,12204,REF,4513341185001U_NoUsar,4513341185001UNOUSAR,4513341185001U_NoUsar,,"Cable Assy, PL9 to S",2026-08-03T04:54:39.696Z
12204|ID|12204,12204,ID,12204,12204,4513341185001U_NoUsar,,"Cable Assy, PL9 to S",2026-08-03T04:54:39.696Z
12345|REF|45133411853,12345,REF,45133411853,45133411853,45133411853,,"CABLE ASSY, PL12 TO SK12A (SOLENOID/SHOT BOLT)",2026-08-03T04:54:39.696Z
12345|ID|12345,12345,ID,12345,12345,45133411853,,"CABLE ASSY, PL12 TO SK12A (SOLENOID/SHOT BOLT)",2026-08-03T04:54:39.696Z
11268|REF|45133411921,11268,REF,45133411921,45133411921,45133411921,,"ASSEMBLY, CABLE POT. LONG.",2026-08-03T04:54:39.696Z
11268|ID|11268,11268,ID,11268,11268,45133411921,,"ASSEMBLY, CABLE POT. LONG.",2026-08-03T04:54:39.696Z
11267|REF|45133411925,11267,REF,45133411925,45133411925,45133411925,,Lateral potentiometer assembly (Panel IviewGT),2026-08-03T04:54:39.696Z
11267|ID|11267,11267,ID,11267,11267,45133411925,,Lateral potentiometer assembly (Panel IviewGT),2026-08-03T04:54:39.696Z
11263|REF|45133411946,11263,REF,45133411946,45133411946,45133411946,,"ROLLER BLIND, LONG ASSEMBLY (Panel IviewGT)",2026-08-03T04:54:39.696Z
11263|ID|11263,11263,ID,11263,11263,45133411946,,"ROLLER BLIND, LONG ASSEMBLY (Panel IviewGT)",2026-08-03T04:54:39.696Z
11272|REF|45133411949,11272,REF,45133411949,45133411949,45133411949,,"ROLLER BLIND, SHORT ASSEMBLY",2026-08-03T04:54:39.696Z
11272|ID|11272,11272,ID,11272,11272,45133411949,,"ROLLER BLIND, SHORT ASSEMBLY",2026-08-03T04:54:39.696Z
11962|REF|45133412011,11962,REF,45133412011,45133412011,45133412011,,PL60PI1 to PL1 (IviewPC) (image data),2026-08-03T04:54:39.696Z
11962|ID|11962,11962,ID,11962,11962,45133412011,,PL60PI1 to PL1 (IviewPC) (image data),2026-08-03T04:54:39.696Z
11276|REF|45133412062,11276,REF,45133412062,45133412062,45133412062,,"BUTTON, MANUAL RELEASE ASSY",2026-08-03T04:54:39.696Z
11276|ID|11276,11276,ID,11276,11276,45133412062,,"BUTTON, MANUAL RELEASE ASSY",2026-08-03T04:54:39.696Z
12211|REF|45133412189,12211,REF,45133412189,45133412189,45133412189,,LEVER ASSEMBLY,2026-08-03T04:54:39.696Z
12211|ID|12211,12211,ID,12211,12211,45133412189,,LEVER ASSEMBLY,2026-08-03T04:54:39.696Z
11693|REF|4513341220301G,11693,REF,4513341220301G,4513341220301G,4513341220301G,,"CABLE, T-GUARD AND LAT MOTOR",2026-08-03T04:54:39.696Z
11693|ID|11693,11693,ID,11693,11693,4513341220301G,,"CABLE, T-GUARD AND LAT MOTOR",2026-08-03T04:54:39.696Z
11274|REF|45133412329,11274,REF,45133412329,45133412329,45133412329,,"SOLENOID, LOCKING ASSY",2026-08-03T04:54:39.696Z
11274|ID|11274,11274,ID,11274,11274,45133412329,,"SOLENOID, LOCKING ASSY",2026-08-03T04:54:39.696Z
11277|REF|45133412410,11277,REF,45133412410,45133412410,45133412410,,LINEAR DRIVE WITH CONNECTOR,2026-08-03T04:54:39.696Z
11277|ID|11277,11277,ID,11277,11277,45133412410,,LINEAR DRIVE WITH CONNECTOR,2026-08-03T04:54:39.696Z
10875|REF|45133412469,10875,REF,45133412469,45133412469,45133412469,,Gearbox Assy - Lateral Drive,2026-08-03T04:54:39.696Z
10875|ID|10875,10875,ID,10875,10875,45133412469,,Gearbox Assy - Lateral Drive,2026-08-03T04:54:39.696Z
11596|REF|451334134230AG,11596,REF,451334134230AG,451334134230AG,451334134230AG,,KV Generator,2026-08-03T04:54:39.696Z
11596|ID|11596,11596,ID,11596,11596,451334134230AG,,KV Generator,2026-08-03T04:54:39.696Z
11279|REF|45133416574_,11279,REF,45133416574_,45133416574,45133416574_,,"MICROSWITCH ASSY, SIDE A",2026-08-03T04:54:39.696Z
11279|ID|11279,11279,ID,11279,11279,45133416574_,,"MICROSWITCH ASSY, SIDE A",2026-08-03T04:54:39.696Z
11280|REF|45133416574__,11280,REF,45133416574__,45133416574,45133416574__,,"PCB ASSEMBLY, MICROSWITCH Side B",2026-08-03T04:54:39.696Z
11280|ID|11280,11280,ID,11280,11280,45133416574__,,"PCB ASSEMBLY, MICROSWITCH Side B",2026-08-03T04:54:39.696Z
12208|REF|45133500370,12208,REF,45133500370,45133500370,45133500370,,"Label Set, Elekta Synergy HHC",2026-08-03T04:54:39.696Z
12208|ID|12208,12208,ID,12208,12208,45133500370,,"Label Set, Elekta Synergy HHC",2026-08-03T04:54:39.696Z
10566|REF|45133501070,10566,REF,45133501070,45133501070,45133501070,,HANDHELD CONTROLLER,2026-08-03T04:54:39.696Z
10566|ID|10566,10566,ID,10566,10566,45133501070,,HANDHELD CONTROLLER,2026-08-03T04:54:39.696Z
12138|REF|45133502026_usado,12138,REF,45133502026_usado,45133502026USADO,45133502026_usado,,X-ray tube (MR),2026-08-03T04:54:39.696Z
12138|ID|12138,12138,ID,12138,12138,45133502026_usado,,X-ray tube (MR),2026-08-03T04:54:39.696Z
12214|REF|451335026180BR,12214,REF,451335026180BR,451335026180BR,451335026180BR,,PL60kV9 to PL150-5 (trigger),2026-08-03T04:54:39.696Z
12214|ID|12214,12214,ID,12214,12214,451335026180BR,,PL60kV9 to PL150-5 (trigger),2026-08-03T04:54:39.696Z
11597|REF|45133502645,11597,REF,45133502645,45133502645,45133502645,,"75 kV HT (+ve, anode), 20 m",2026-08-03T04:54:39.696Z
11597|ID|11597,11597,ID,11597,11597,45133502645,,"75 kV HT (+ve, anode), 20 m",2026-08-03T04:54:39.696Z
11598|REF|451335026460AK,11598,REF,451335026460AK,451335026460AK,451335026460AK,,"CABLE, 75 KV HT (-VE ANODE)",2026-08-03T04:54:39.696Z
11598|ID|11598,11598,ID,11598,11598,451335026460AK,,"CABLE, 75 KV HT (-VE ANODE)",2026-08-03T04:54:39.696Z
12334|REF|45133502649,12334,REF,45133502649,45133502649,45133502649,,"75 kV HT (-ve, cathode), 20 m",2026-08-03T04:54:39.696Z
12334|ID|12334,12334,ID,12334,12334,45133502649,,"75 kV HT (-ve, cathode), 20 m",2026-08-03T04:54:39.696Z
11722|REF|45133502650,11722,REF,45133502650,45133502650,45133502650,,"Cable, 75 KV HT (ánodo)",2026-08-03T04:54:39.696Z
11722|ID|11722,11722,ID,11722,11722,45133502650,,"Cable, 75 KV HT (ánodo)",2026-08-03T04:54:39.696Z
11723|REF|45133502651,11723,REF,45133502651,45133502651,45133502651,,"Cable, 75 KV HT (cátado)",2026-08-03T04:54:39.696Z
11723|ID|11723,11723,ID,11723,11723,45133502651,,"Cable, 75 KV HT (cátado)",2026-08-03T04:54:39.696Z
10704|REF|45133502668,10704,REF,45133502668,45133502668,45133502668,,Full release extension spring,2026-08-03T04:54:39.696Z
10704|ID|10704,10704,ID,10704,10704,45133502668,,Full release extension spring,2026-08-03T04:54:39.696Z
10874|REF|4513350275002R,10874,REF,4513350275002R,4513350275002R,4513350275002R,,PCB Interface Elekta,2026-08-03T04:54:39.696Z
10874|ID|10874,10874,ID,10874,10874,4513350275002R,,PCB Interface Elekta,2026-08-03T04:54:39.696Z
10877|REF|4513350310001L,10877,REF,4513350310001L,4513350310001L,4513350310001L,,"Fuse 0,4 A / 250 V",2026-08-03T04:54:39.696Z
10877|ID|10877,10877,ID,10877,10877,4513350310001L,,"Fuse 0,4 A / 250 V",2026-08-03T04:54:39.696Z
10876|REF|4513350310401B,10876,REF,4513350310401B,4513350310401B,4513350310401B,,Fuse 10 A / 250 V,2026-08-03T04:54:39.696Z
10876|ID|10876,10876,ID,10876,10876,4513350310401B,,Fuse 10 A / 250 V,2026-08-03T04:54:39.696Z
12093|REF|45133503111,12093,REF,45133503111,45133503111,45133503111,,Cable reeling column rotation (Hexapod),2026-08-03T04:54:39.696Z
12093|ID|12093,12093,ID,12093,12093,45133503111,,Cable reeling column rotation (Hexapod),2026-08-03T04:54:39.696Z