dolibarr_ref,dolibarr_label,first_observed_event_date,last_observed_event_date,observed_event_count,valid_interval_count,avg_interval_days,median_interval_days,selected_model,model_family,model_reason,estimated_life_days,estimated_life_months,estimated_life_p10_days,estimated_life_p50_days,estimated_life_p90_days,credible_interval_low_days,credible_interval_high_days,machine_weight,cohort_weight,cohort_source,n_events,n_intervals,n_censored_observations,replacement_rate_per_year,manufacturer_life_months,manufacturer_life_source,observed_vs_manufacturer_ratio,predicted_next_replacement_date,prediction_status,comparison_to_manufacturer,model_confidence_score,model_confidence_label,model_confidence_factors,statistical_notes,estimate_status,lifecycle_confidence_score,lifecycle_confidence_label,lifecycle_confidence_factors,min_interval_days,max_interval_days,stddev_interval_days,p25_interval_days,p75_interval_days,estimated_life_method,after_hours_ratio,notes
1534958,Leaf motor spares kit,2020-04-23T12:00:22.726Z,2026-06-27T17:25:00.000Z,78,65,148.71,70.52,BAYESIAN_WEIBULL_GRID,DIRECT_HISTORY_ENOUGH,Suficiente historial propio (n=65 intervalos): se ajustó un Weibull bayesiano estable.,70.52,2.32,4.69,70.52,393.01,4.69,393.01,,,,78,65,0,5.18,,NO_DATA,,2026-09-06T05:53:48.000Z,DIRECT_HISTORY_ENOUGH,NO_MANUFACTURER_DATA,80,Media,65 intervalo(s) válidos (+20) | match exacto/alias (REF_EXACT) (+12) | asociación single (+12) | 74 meses de cobertura (+12) | coeficiente de variación 1.46 (+2) | sin cohorte disponible (+0) | hay datos de uso/contrato/horario (+8) | STABLE (+8) | estimación de tipo DIRECT_HISTORY_ENOUGH (+6),"Grid 60x120 (shape x scale), 65 intervalo(s) usados, sin prior externo (uniforme).",DIRECT_HISTORY_ENOUGH,80,Media,65 intervalo(s) válidos (+20) | match exacto/alias (REF_EXACT) (+12) | asociación single (+12) | 74 meses de cobertura (+12) | coeficiente de variación 1.46 (+2) | sin cohorte disponible (+0) | hay datos de uso/contrato/horario (+8) | STABLE (+8) | estimación de tipo DIRECT_HISTORY_ENOUGH (+6),1,1151,,,,BAYESIAN_WEIBULL_GRID,0.39,
1564298,Diaphragm/DLG PCB,2023-08-25T13:00:00.000Z,2026-06-05T21:04:00.000Z,35,22,205.5,143.89,BAYESIAN_WEIBULL_GRID,DIRECT_HISTORY_ENOUGH,Suficiente historial propio (n=22 intervalos): se ajustó un Weibull bayesiano estable.,143.89,4.73,19,143.89,509.56,19,509.56,,,,35,22,0,2.54,,NO_DATA,,2026-10-27T18:25:36.000Z,DIRECT_HISTORY_ENOUGH,NO_MANUFACTURER_DATA,80,Media,22 intervalo(s) válidos (+20) | match exacto/alias (REF_EXACT) (+12) | asociación single (+12) | 33 meses de cobertura (+12) | coeficiente de variación 0.75 (+2) | sin cohorte disponible (+0) | hay datos de uso/contrato/horario (+8) | STABLE (+8) | estimación de tipo DIRECT_HISTORY_ENOUGH (+6),"Grid 60x120 (shape x scale), 22 intervalo(s) usados, sin prior externo (uniforme).",DIRECT_HISTORY_ENOUGH,80,Media,22 intervalo(s) válidos (+20) | match exacto/alias (REF_EXACT) (+12) | asociación single (+12) | 33 meses de cobertura (+12) | coeficiente de variación 0.75 (+2) | sin cohorte disponible (+0) | hay datos de uso/contrato/horario (+8) | STABLE (+8) | estimación de tipo DIRECT_HISTORY_ENOUGH (+6),1,530,,,,BAYESIAN_WEIBULL_GRID,0.42,
1502613,Laser ODI Spares Kit,2018-11-23T22:30:00.000Z,2026-06-17T13:00:00.000Z,25,16,429.31,351.96,BAYESIAN_WEIBULL_GRID,DIRECT_HISTORY_ENOUGH,Suficiente historial propio (n=16 intervalos): se ajustó un Weibull bayesiano estable.,351.96,11.56,69.5,351.96,969.25,69.5,969.25,,,,25,16,0,1.04,,NO_DATA,,2027-06-04T12:02:24.000Z,DIRECT_HISTORY_ENOUGH,NO_MANUFACTURER_DATA,80,Media,16 intervalo(s) válidos (+20) | match exacto/alias (REF_EXACT) (+12) | asociación single (+12) | 91 meses de cobertura (+12) | coeficiente de variación 0.85 (+2) | sin cohorte disponible (+0) | hay datos de uso/contrato/horario (+8) | STABLE (+8) | estimación de tipo DIRECT_HISTORY_ENOUGH (+6),"Grid 60x120 (shape x scale), 16 intervalo(s) usados, sin prior externo (uniforme).",DIRECT_HISTORY_ENOUGH,80,Media,16 intervalo(s) válidos (+20) | match exacto/alias (REF_EXACT) (+12) | asociación single (+12) | 91 meses de cobertura (+12) | coeficiente de variación 0.85 (+2) | sin cohorte disponible (+0) | hay datos de uso/contrato/horario (+8) | STABLE (+8) | estimación de tipo DIRECT_HISTORY_ENOUGH (+6),31,1504,,,,BAYESIAN_WEIBULL_GRID,0.38,
1517657,"PCB ASSY, LEAF MOTOR DRIVE - 1 Only",2019-01-15T11:30:00.000Z,2026-05-07T19:47:00.000Z,24,14,361.14,241.54,BAYESIAN_WEIBULL_GRID,DIRECT_HISTORY_ENOUGH,Suficiente historial propio (n=14 intervalos): se ajustó un Weibull bayesiano estable.,241.54,7.93,26.11,241.54,962.64,26.11,962.64,,,,24,14,0,1.51,,NO_DATA,,2027-01-04T08:44:36.000Z,DIRECT_HISTORY_ENOUGH,NO_MANUFACTURER_DATA,80,Media,14 intervalo(s) válidos (+20) | match exacto/alias (REF_EXACT) (+12) | asociación single (+12) | 88 meses de cobertura (+12) | coeficiente de variación 1.03 (+2) | sin cohorte disponible (+0) | hay datos de uso/contrato/horario (+8) | STABLE (+8) | estimación de tipo DIRECT_HISTORY_ENOUGH (+6),"Grid 60x120 (shape x scale), 14 intervalo(s) usados, sin prior externo (uniforme).",DIRECT_HISTORY_ENOUGH,80,Media,14 intervalo(s) válidos (+20) | match exacto/alias (REF_EXACT) (+12) | asociación single (+12) | 88 meses de cobertura (+12) | coeficiente de variación 1.03 (+2) | sin cohorte disponible (+0) | hay datos de uso/contrato/horario (+8) | STABLE (+8) | estimación de tipo DIRECT_HISTORY_ENOUGH (+6),16,1006,,,,BAYESIAN_WEIBULL_GRID,0.39,
45133304800,SL ELECTRON GUN ASSY,2019-06-21T15:00:00.000Z,2026-01-16T17:56:00.000Z,22,11,450.82,425.98,BAYESIAN_WEIBULL_GRID,DIRECT_HISTORY_ENOUGH,Suficiente historial propio (n=11 intervalos): se ajustó un Weibull bayesiano estable.,425.98,13.99,138.25,425.98,855.39,138.25,855.39,,,,22,11,0,0.86,,NO_DATA,,2027-03-18T17:27:12.000Z,DIRECT_HISTORY_ENOUGH,NO_MANUFACTURER_DATA,84,Media,11 intervalo(s) válidos (+20) | match exacto/alias (REF_EXACT) (+12) | asociación single (+12) | 79 meses de cobertura (+12) | coeficiente de variación 0.58 (+6) | sin cohorte disponible (+0) | hay datos de uso/contrato/horario (+8) | STABLE (+8) | estimación de tipo DIRECT_HISTORY_ENOUGH (+6),"Grid 60x120 (shape x scale), 11 intervalo(s) usados, sin prior externo (uniforme).",DIRECT_HISTORY_ENOUGH,84,Media,11 intervalo(s) válidos (+20) | match exacto/alias (REF_EXACT) (+12) | asociación single (+12) | 79 meses de cobertura (+12) | coeficiente de variación 0.58 (+6) | sin cohorte disponible (+0) | hay datos de uso/contrato/horario (+8) | STABLE (+8) | estimación de tipo DIRECT_HISTORY_ENOUGH (+6),89,1036,,,,BAYESIAN_WEIBULL_GRID,0.37,
1018265_proveedor_local,"Proveedor Local, FRU MOTOR BRUSH SET (ELECTROCRAFT)",2020-04-18T12:00:00.000Z,2025-11-10T11:38:00.000Z,19,9,414.44,398.36,BAYESIAN_WEIBULL_GRID,DIRECT_HISTORY_ENOUGH,Suficiente historial propio (n=9 intervalos): se ajustó un Weibull bayesiano estable.,398.36,13.09,131.79,398.36,786.49,131.79,786.49,,,,19,9,0,0.92,,NO_DATA,,2026-12-13T20:16:24.000Z,DIRECT_HISTORY_ENOUGH,NO_MANUFACTURER_DATA,65,Media,9 intervalo(s) válidos (+15) | match por método débil (REF_LIKE) (+8) | asociación single (+12) | 67 meses de cobertura (+12) | coeficiente de variación 0.58 (+6) | sin cohorte disponible (+0) | hay datos de uso/contrato/horario (+8) | STABLE (+8) | estimación de tipo DIRECT_HISTORY_ENOUGH (+6) | n=9 intervalos (<10) (-10),"Grid 60x120 (shape x scale), 9 intervalo(s) usados, sin prior externo (uniforme).",DIRECT_HISTORY_ENOUGH,65,Media,9 intervalo(s) válidos (+15) | match por método débil (REF_LIKE) (+8) | asociación single (+12) | 67 meses de cobertura (+12) | coeficiente de variación 0.58 (+6) | sin cohorte disponible (+0) | hay datos de uso/contrato/horario (+8) | STABLE (+8) | estimación de tipo DIRECT_HISTORY_ENOUGH (+6) | n=9 intervalos (<10) (-10),138,877,,,,BAYESIAN_WEIBULL_GRID,0.46,
1515098,ION PUMP - SPARE,2018-08-24T11:30:00.000Z,2026-04-20T14:30:00.000Z,17,8,394.75,351.42,BAYESIAN_WEIBULL_GRID,DIRECT_HISTORY_ENOUGH,Suficiente historial propio (n=8 intervalos): se ajustó un Weibull bayesiano estable.,351.42,11.54,77.08,351.42,888.61,77.08,888.61,,,,17,8,0,1.04,,NO_DATA,,2027-04-07T00:34:48.000Z,DIRECT_HISTORY_ENOUGH,NO_MANUFACTURER_DATA,65,Media,8 intervalo(s) válidos (+15) | match exacto/alias (REF_EXACT) (+12) | asociación single (+12) | 92 meses de cobertura (+12) | coeficiente de variación 0.75 (+2) | sin cohorte disponible (+0) | hay datos de uso/contrato/horario (+8) | STABLE (+8) | estimación de tipo DIRECT_HISTORY_ENOUGH (+6) | n=8 intervalos (<10) (-10),"Grid 60x120 (shape x scale), 8 intervalo(s) usados, sin prior externo (uniforme).",DIRECT_HISTORY_ENOUGH,65,Media,8 intervalo(s) válidos (+15) | match exacto/alias (REF_EXACT) (+12) | asociación single (+12) | 92 meses de cobertura (+12) | coeficiente de variación 0.75 (+2) | sin cohorte disponible (+0) | hay datos de uso/contrato/horario (+8) | STABLE (+8) | estimación de tipo DIRECT_HISTORY_ENOUGH (+6) | n=8 intervalos (<10) (-10),89,927,,,,BAYESIAN_WEIBULL_GRID,0.42,
1010848,"Mirror assembly, optics (Agility)",2019-04-02T15:30:00.000Z,2025-11-17T14:51:00.000Z,17,8,500.75,350.86,BAYESIAN_WEIBULL_GRID,DIRECT_HISTORY_ENOUGH,Suficiente historial propio (n=8 intervalos): se ajustó un Weibull bayesiano estable.,350.86,11.53,35.73,350.86,1431.32,35.73,1431.32,,,,17,8,0,1.04,,NO_DATA,,2026-11-03T11:29:24.000Z,DIRECT_HISTORY_ENOUGH,NO_MANUFACTURER_DATA,65,Media,8 intervalo(s) válidos (+15) | match exacto/alias (REF_EXACT) (+12) | asociación single (+12) | 80 meses de cobertura (+12) | coeficiente de variación 1.01 (+2) | sin cohorte disponible (+0) | hay datos de uso/contrato/horario (+8) | STABLE (+8) | estimación de tipo DIRECT_HISTORY_ENOUGH (+6) | n=8 intervalos (<10) (-10),"Grid 60x120 (shape x scale), 8 intervalo(s) usados, sin prior externo (uniforme).",DIRECT_HISTORY_ENOUGH,65,Media,8 intervalo(s) válidos (+15) | match exacto/alias (REF_EXACT) (+12) | asociación single (+12) | 80 meses de cobertura (+12) | coeficiente de variación 1.01 (+2) | sin cohorte disponible (+0) | hay datos de uso/contrato/horario (+8) | STABLE (+8) | estimación de tipo DIRECT_HISTORY_ENOUGH (+6) | n=8 intervalos (<10) (-10),64,1229,,,,BAYESIAN_WEIBULL_GRID,0.38,
1018559,"ASSY, BRACKET & FAN",2019-04-02T15:30:00.000Z,2026-05-09T00:24:00.000Z,15,6,342.5,314.51,BAYESIAN_WEIBULL_GRID,DIRECT_HISTORY_ENOUGH,Suficiente historial propio (n=6 intervalos): se ajustó un Weibull bayesiano estable.,314.51,10.33,78.73,314.51,724.33,78.73,724.33,,,,15,6,0,1.16,,NO_DATA,,2027-03-19T12:38:24.000Z,DIRECT_HISTORY_ENOUGH,NO_MANUFACTURER_DATA,69,Media,6 intervalo(s) válidos (+15) | match exacto/alias (REF_EXACT) (+12) | asociación single (+12) | 85 meses de cobertura (+12) | coeficiente de variación 0.58 (+6) | sin cohorte disponible (+0) | hay datos de uso/contrato/horario (+8) | STABLE (+8) | estimación de tipo DIRECT_HISTORY_ENOUGH (+6) | n=6 intervalos (<10) (-10),"Grid 60x120 (shape x scale), 6 intervalo(s) usados, sin prior externo (uniforme).",DIRECT_HISTORY_ENOUGH,69,Media,6 intervalo(s) válidos (+15) | match exacto/alias (REF_EXACT) (+12) | asociación single (+12) | 85 meses de cobertura (+12) | coeficiente de variación 0.58 (+6) | sin cohorte disponible (+0) | hay datos de uso/contrato/horario (+8) | STABLE (+8) | estimación de tipo DIRECT_HISTORY_ENOUGH (+6) | n=6 intervalos (<10) (-10),28,539,,,,BAYESIAN_WEIBULL_GRID,0.24,
1024939,"ASSY, 40X40X10MM FAN, HEATSINK",2022-01-12T00:00:00.000Z,2026-02-27T17:00:00.000Z,15,8,356.13,343.28,BAYESIAN_WEIBULL_GRID,DIRECT_HISTORY_ENOUGH,Suficiente historial propio (n=8 intervalos): se ajustó un Weibull bayesiano estable.,343.28,11.28,111.5,343.28,689.01,111.5,689.01,,,,15,8,0,1.06,,NO_DATA,,2027-02-05T23:43:12.000Z,DIRECT_HISTORY_ENOUGH,NO_MANUFACTURER_DATA,69,Media,8 intervalo(s) válidos (+15) | match exacto/alias (REF_EXACT) (+12) | asociación single (+12) | 50 meses de cobertura (+12) | coeficiente de variación 0.59 (+6) | sin cohorte disponible (+0) | hay datos de uso/contrato/horario (+8) | STABLE (+8) | estimación de tipo DIRECT_HISTORY_ENOUGH (+6) | n=8 intervalos (<10) (-10),"Grid 60x120 (shape x scale), 8 intervalo(s) usados, sin prior externo (uniforme).",DIRECT_HISTORY_ENOUGH,69,Media,8 intervalo(s) válidos (+15) | match exacto/alias (REF_EXACT) (+12) | asociación single (+12) | 50 meses de cobertura (+12) | coeficiente de variación 0.59 (+6) | sin cohorte disponible (+0) | hay datos de uso/contrato/horario (+8) | STABLE (+8) | estimación de tipo DIRECT_HISTORY_ENOUGH (+6) | n=8 intervalos (<10) (-10),134,846,,,,BAYESIAN_WEIBULL_GRID,0.37,
4513316442301M,FILTER ELEMENT 5 MICRON,2020-12-18T21:00:00.000Z,2025-06-28T14:02:00.000Z,14,6,384.17,367.81,BAYESIAN_WEIBULL_GRID,DIRECT_HISTORY_ENOUGH,Suficiente historial propio (n=6 intervalos): se ajustó un Weibull bayesiano estable.,367.81,12.08,100.64,367.81,810.95,100.64,810.95,,,,14,6,0,0.99,,NO_DATA,,2026-07-01T09:28:24.000Z,DIRECT_HISTORY_ENOUGH,NO_MANUFACTURER_DATA,69,Media,6 intervalo(s) válidos (+15) | match exacto/alias (REF_EXACT) (+12) | asociación single (+12) | 54 meses de cobertura (+12) | coeficiente de variación 0.67 (+6) | sin cohorte disponible (+0) | hay datos de uso/contrato/horario (+8) | STABLE (+8) | estimación de tipo DIRECT_HISTORY_ENOUGH (+6) | n=6 intervalos (<10) (-10),"Grid 60x120 (shape x scale), 6 intervalo(s) usados, sin prior externo (uniforme).",DIRECT_HISTORY_ENOUGH,69,Media,6 intervalo(s) válidos (+15) | match exacto/alias (REF_EXACT) (+12) | asociación single (+12) | 54 meses de cobertura (+12) | coeficiente de variación 0.67 (+6) | sin cohorte disponible (+0) | hay datos de uso/contrato/horario (+8) | STABLE (+8) | estimación de tipo DIRECT_HISTORY_ENOUGH (+6) | n=6 intervalos (<10) (-10),147,840,,,,BAYESIAN_WEIBULL_GRID,0.39,
1541718,"FRU, Pancake Motor Assembly",2020-09-10T19:00:00.000Z,2026-05-29T04:00:00.000Z,13,8,164.25,70.54,BAYESIAN_WEIBULL_GRID,DIRECT_HISTORY_ENOUGH,Suficiente historial propio (n=8 intervalos): se ajustó un Weibull bayesiano estable.,70.54,2.32,3.07,70.54,529.15,3.07,529.15,,,,13,8,0,5.18,,NO_DATA,,2026-08-07T16:57:36.000Z,DIRECT_HISTORY_ENOUGH,NO_MANUFACTURER_DATA,65,Media,8 intervalo(s) válidos (+15) | match exacto/alias (REF_EXACT) (+12) | asociación single (+12) | 69 meses de cobertura (+12) | coeficiente de variación 1.76 (+2) | sin cohorte disponible (+0) | hay datos de uso/contrato/horario (+8) | STABLE (+8) | estimación de tipo DIRECT_HISTORY_ENOUGH (+6) | n=8 intervalos (<10) (-10),"Grid 60x120 (shape x scale), 8 intervalo(s) usados, sin prior externo (uniforme).",DIRECT_HISTORY_ENOUGH,65,Media,8 intervalo(s) válidos (+15) | match exacto/alias (REF_EXACT) (+12) | asociación single (+12) | 69 meses de cobertura (+12) | coeficiente de variación 1.76 (+2) | sin cohorte disponible (+0) | hay datos de uso/contrato/horario (+8) | STABLE (+8) | estimación de tipo DIRECT_HISTORY_ENOUGH (+6) | n=8 intervalos (<10) (-10),2,858,,,,BAYESIAN_WEIBULL_GRID,0.21,
1006737_usado,SIB PCB,2020-11-06T11:30:00.000Z,2023-06-16T10:30:00.000Z,11,5,356.8,256.47,BAYESIAN_WEIBULL_GRID,DIRECT_HISTORY_ENOUGH,Suficiente historial propio (n=5 intervalos): se ajustó un Weibull bayesiano estable.,256.47,8.43,22.76,256.47,1165.23,22.76,1165.23,,,,11,5,0,1.42,,NO_DATA,,2024-02-27T21:46:48.000Z,DIRECT_HISTORY_ENOUGH,NO_MANUFACTURER_DATA,65,Media,5 intervalo(s) válidos (+15) | match por método débil (REF_LIKE) (+8) | asociación single (+12) | 31 meses de cobertura (+12) | coeficiente de variación 0.67 (+6) | sin cohorte disponible (+0) | hay datos de uso/contrato/horario (+8) | STABLE (+8) | estimación de tipo DIRECT_HISTORY_ENOUGH (+6) | n=5 intervalos (<10) (-10),"Grid 60x120 (shape x scale), 5 intervalo(s) usados, sin prior externo (uniforme).",DIRECT_HISTORY_ENOUGH,65,Media,5 intervalo(s) válidos (+15) | match por método débil (REF_LIKE) (+8) | asociación single (+12) | 31 meses de cobertura (+12) | coeficiente de variación 0.67 (+6) | sin cohorte disponible (+0) | hay datos de uso/contrato/horario (+8) | STABLE (+8) | estimación de tipo DIRECT_HISTORY_ENOUGH (+6) | n=5 intervalos (<10) (-10),2,662,,,,BAYESIAN_WEIBULL_GRID,0.51,
1016474_usado,"KIT, SPARES, DLG BRAKE",2019-02-12T16:30:55.811Z,2022-05-09T16:15:00.000Z,10,5,453,318.49,BAYESIAN_WEIBULL_GRID,DIRECT_HISTORY_ENOUGH,Suficiente historial propio (n=5 intervalos): se ajustó un Weibull bayesiano estable.,318.49,10.46,26.75,318.49,1485.91,26.75,1485.91,,,,10,5,0,1.15,,NO_DATA,,2023-03-24T04:00:36.000Z,DIRECT_HISTORY_ENOUGH,NO_MANUFACTURER_DATA,61,Baja,5 intervalo(s) válidos (+15) | match por método débil (REF_LIKE) (+8) | asociación single (+12) | 39 meses de cobertura (+12) | coeficiente de variación 0.90 (+2) | sin cohorte disponible (+0) | hay datos de uso/contrato/horario (+8) | STABLE (+8) | estimación de tipo DIRECT_HISTORY_ENOUGH (+6) | n=5 intervalos (<10) (-10),"Grid 60x120 (shape x scale), 5 intervalo(s) usados, sin prior externo (uniforme).",DIRECT_HISTORY_ENOUGH,61,Baja,5 intervalo(s) válidos (+15) | match por método débil (REF_LIKE) (+8) | asociación single (+12) | 39 meses de cobertura (+12) | coeficiente de variación 0.90 (+2) | sin cohorte disponible (+0) | hay datos de uso/contrato/horario (+8) | STABLE (+8) | estimación de tipo DIRECT_HISTORY_ENOUGH (+6) | n=5 intervalos (<10) (-10),7,918,,,,BAYESIAN_WEIBULL_GRID,0.59,
1016476,Leaf motor spares kit,2019-03-16T11:00:00.000Z,2026-04-14T10:00:00.000Z,10,6,268.83,158.06,BAYESIAN_WEIBULL_GRID,DIRECT_HISTORY_ENOUGH,Suficiente historial propio (n=6 intervalos): se ajustó un Weibull bayesiano estable.,158.06,5.19,9.72,158.06,918.3,9.72,918.3,,,,10,6,0,2.31,,NO_DATA,,2026-09-19T11:26:24.000Z,DIRECT_HISTORY_ENOUGH,NO_MANUFACTURER_DATA,65,Media,6 intervalo(s) válidos (+15) | match exacto/alias (REF_EXACT) (+12) | asociación single (+12) | 85 meses de cobertura (+12) | coeficiente de variación 1.15 (+2) | sin cohorte disponible (+0) | hay datos de uso/contrato/horario (+8) | STABLE (+8) | estimación de tipo DIRECT_HISTORY_ENOUGH (+6) | n=6 intervalos (<10) (-10),"Grid 60x120 (shape x scale), 6 intervalo(s) usados, sin prior externo (uniforme).",DIRECT_HISTORY_ENOUGH,65,Media,6 intervalo(s) válidos (+15) | match exacto/alias (REF_EXACT) (+12) | asociación single (+12) | 85 meses de cobertura (+12) | coeficiente de variación 1.15 (+2) | sin cohorte disponible (+0) | hay datos de uso/contrato/horario (+8) | STABLE (+8) | estimación de tipo DIRECT_HISTORY_ENOUGH (+6) | n=6 intervalos (<10) (-10),8,784,,,,BAYESIAN_WEIBULL_GRID,0.63,
1527814,"PSU, ION PUMP",2022-01-05T15:00:00.000Z,2026-04-20T14:30:00.000Z,10,5,533.4,480.73,BAYESIAN_WEIBULL_GRID,DIRECT_HISTORY_ENOUGH,Suficiente historial propio (n=5 intervalos): se ajustó un Weibull bayesiano estable.,480.73,15.79,86.58,480.73,1372.26,86.58,1372.26,,,,10,5,0,0.76,,NO_DATA,,2027-08-14T08:01:12.000Z,DIRECT_HISTORY_ENOUGH,NO_MANUFACTURER_DATA,65,Media,5 intervalo(s) válidos (+15) | match exacto/alias (REF_EXACT) (+12) | asociación single (+12) | 51 meses de cobertura (+12) | coeficiente de variación 0.92 (+2) | sin cohorte disponible (+0) | hay datos de uso/contrato/horario (+8) | STABLE (+8) | estimación de tipo DIRECT_HISTORY_ENOUGH (+6) | n=5 intervalos (<10) (-10),"Grid 60x120 (shape x scale), 5 intervalo(s) usados, sin prior externo (uniforme).",DIRECT_HISTORY_ENOUGH,65,Media,5 intervalo(s) válidos (+15) | match exacto/alias (REF_EXACT) (+12) | asociación single (+12) | 51 meses de cobertura (+12) | coeficiente de variación 0.92 (+2) | sin cohorte disponible (+0) | hay datos de uso/contrato/horario (+8) | STABLE (+8) | estimación de tipo DIRECT_HISTORY_ENOUGH (+6) | n=5 intervalos (<10) (-10),187,1403,,,,BAYESIAN_WEIBULL_GRID,0.46,
821321900352,"Fuse, 10A 32 VAC, time delay, glass cartridge 32 mm x 6.3mm (FS32E)",2018-09-02T17:00:00.000Z,2023-07-28T20:24:00.000Z,9,6,298.33,218.83,BAYESIAN_WEIBULL_GRID,DIRECT_HISTORY_ENOUGH,Suficiente historial propio (n=6 intervalos): se ajustó un Weibull bayesiano estable.,218.83,7.19,22.38,218.83,893.89,22.38,893.89,,,,9,6,0,1.67,,NO_DATA,,2024-03-03T16:19:12.000Z,DIRECT_HISTORY_ENOUGH,NO_MANUFACTURER_DATA,65,Media,6 intervalo(s) válidos (+15) | match exacto/alias (REF_EXACT) (+12) | asociación single (+12) | 59 meses de cobertura (+12) | coeficiente de variación 1.10 (+2) | sin cohorte disponible (+0) | hay datos de uso/contrato/horario (+8) | STABLE (+8) | estimación de tipo DIRECT_HISTORY_ENOUGH (+6) | n=6 intervalos (<10) (-10),"Grid 60x120 (shape x scale), 6 intervalo(s) usados, sin prior externo (uniforme).",DIRECT_HISTORY_ENOUGH,65,Media,6 intervalo(s) válidos (+15) | match exacto/alias (REF_EXACT) (+12) | asociación single (+12) | 59 meses de cobertura (+12) | coeficiente de variación 1.10 (+2) | sin cohorte disponible (+0) | hay datos de uso/contrato/horario (+8) | STABLE (+8) | estimación de tipo DIRECT_HISTORY_ENOUGH (+6) | n=6 intervalos (<10) (-10),43,875,,,,BAYESIAN_WEIBULL_GRID,0.54,
45133165177,THYRATRON e2v CX1154L,2019-01-29T23:00:00.000Z,2024-11-25T15:23:00.000Z,9,2,1259.5,249.18,GAMMA_POISSON_RATE_MODEL,RATE_MODEL_ESTIMATE,Solo 2 intervalo(s) propio(s) y sin cohorte disponible - se usa la tasa de reemplazo observada (Gamma-Poisson) en vez de una mediana de muy pocos datos. Basado en 9 evento(s) sobre 70 meses de exposición observada - intervalo creíble aproximado (normal sobre el posterior Gamma).,249.18,8.19,,249.18,,177.38,418.62,,,,9,2,0,1.47,,NO_DATA,,2025-08-01T19:42:12.000Z,RATE_MODEL_ESTIMATE,NO_MANUFACTURER_DATA,28,Insuficiente,2 intervalo(s) válidos (+5) | match exacto/alias (REF_EXACT) (+12) | asociación single (+12) | 70 meses de cobertura (+12) | coeficiente de variación 0.95 (+2) | sin cohorte disponible (+0) | hay datos de uso/contrato/horario (+8) | Weibull no evaluado (n insuficiente) (+4) | estimación de tipo RATE_MODEL_ESTIMATE (+3) | n=2 intervalos (<10) (-10) | n=2 intervalos (<3) (-20),,RATE_MODEL_ESTIMATE,28,Insuficiente,2 intervalo(s) válidos (+5) | match exacto/alias (REF_EXACT) (+12) | asociación single (+12) | 70 meses de cobertura (+12) | coeficiente de variación 0.95 (+2) | sin cohorte disponible (+0) | hay datos de uso/contrato/horario (+8) | Weibull no evaluado (n insuficiente) (+4) | estimación de tipo RATE_MODEL_ESTIMATE (+3) | n=2 intervalos (<10) (-10) | n=2 intervalos (<3) (-20),416,2103,,,,GAMMA_POISSON_RATE_MODEL,0.26,
1017632_usado,PCB ASSY CAMERA CCU,2021-02-10T11:00:00.000Z,2026-05-29T19:00:00.000Z,8,3,96.67,76.84,BAYESIAN_WEIBULL_GRID,DIRECT_HISTORY_ENOUGH,Suficiente historial propio (n=3 intervalos): se ajustó un Weibull bayesiano estable.,76.84,2.52,6.43,76.84,402.25,6.43,402.25,,,,8,3,0,4.75,,NO_DATA,,2026-08-14T15:09:36.000Z,DIRECT_HISTORY_ENOUGH,NO_MANUFACTURER_DATA,56,Baja,3 intervalo(s) válidos (+10) | match por método débil (REF_LIKE) (+8) | asociación single (+12) | 64 meses de cobertura (+12) | coeficiente de variación 1.29 (+2) | sin cohorte disponible (+0) | hay datos de uso/contrato/horario (+8) | STABLE (+8) | estimación de tipo DIRECT_HISTORY_ENOUGH (+6) | n=3 intervalos (<10) (-10),"Grid 60x120 (shape x scale), 3 intervalo(s) usados, sin prior externo (uniforme).",DIRECT_HISTORY_ENOUGH,56,Baja,3 intervalo(s) válidos (+10) | match por método débil (REF_LIKE) (+8) | asociación single (+12) | 64 meses de cobertura (+12) | coeficiente de variación 1.29 (+2) | sin cohorte disponible (+0) | hay datos de uso/contrato/horario (+8) | STABLE (+8) | estimación de tipo DIRECT_HISTORY_ENOUGH (+6) | n=3 intervalos (<10) (-10),9,240,,,,BAYESIAN_WEIBULL_GRID,0.19,
1564169,"Kit, Luminus proj assy and PCB assy, LED control",2024-12-07T22:43:00.000Z,2026-05-16T15:44:00.000Z,8,4,152.75,117.46,BAYESIAN_WEIBULL_GRID,DIRECT_HISTORY_ENOUGH,Suficiente historial propio (n=4 intervalos): se ajustó un Weibull bayesiano estable.,117.46,3.86,11.05,117.46,521.52,11.05,521.52,,,,8,4,0,3.11,,NO_DATA,,2026-09-11T02:46:24.000Z,DIRECT_HISTORY_ENOUGH,NO_MANUFACTURER_DATA,56,Baja,4 intervalo(s) válidos (+10) | match exacto/alias (REF_EXACT) (+12) | asociación single (+12) | 17 meses de cobertura (+8) | coeficiente de variación 1.28 (+2) | sin cohorte disponible (+0) | hay datos de uso/contrato/horario (+8) | STABLE (+8) | estimación de tipo DIRECT_HISTORY_ENOUGH (+6) | n=4 intervalos (<10) (-10),"Grid 60x120 (shape x scale), 4 intervalo(s) usados, sin prior externo (uniforme).",DIRECT_HISTORY_ENOUGH,56,Baja,4 intervalo(s) válidos (+10) | match exacto/alias (REF_EXACT) (+12) | asociación single (+12) | 17 meses de cobertura (+8) | coeficiente de variación 1.28 (+2) | sin cohorte disponible (+0) | hay datos de uso/contrato/horario (+8) | STABLE (+8) | estimación de tipo DIRECT_HISTORY_ENOUGH (+6) | n=4 intervalos (<10) (-10),27,445,,,,BAYESIAN_WEIBULL_GRID,0.65,
1015076,"Cable, retractile, MLC (SK25BB–SK26B)",2019-11-12T18:30:10.016Z,2026-06-30T20:03:00.000Z,7,2,348,348.39,GAMMA_POISSON_RATE_MODEL,RATE_MODEL_ESTIMATE,Solo 2 intervalo(s) propio(s) y sin cohorte disponible - se usa la tasa de reemplazo observada (Gamma-Poisson) en vez de una mediana de muy pocos datos. Basado en 7 evento(s) sobre 80 meses de exposición observada - intervalo creíble aproximado (normal sobre el posterior Gamma).,348.39,11.45,,348.39,,239.85,636.38,,,,7,2,0,1.05,,NO_DATA,,2027-06-14T05:24:36.000Z,RATE_MODEL_ESTIMATE,NO_MANUFACTURER_DATA,28,Insuficiente,2 intervalo(s) válidos (+5) | match exacto/alias (REF_EXACT) (+12) | asociación single (+12) | 80 meses de cobertura (+12) | coeficiente de variación 1.16 (+2) | sin cohorte disponible (+0) | hay datos de uso/contrato/horario (+8) | Weibull no evaluado (n insuficiente) (+4) | estimación de tipo RATE_MODEL_ESTIMATE (+3) | n=2 intervalos (<10) (-10) | n=2 intervalos (<3) (-20),,RATE_MODEL_ESTIMATE,28,Insuficiente,2 intervalo(s) válidos (+5) | match exacto/alias (REF_EXACT) (+12) | asociación single (+12) | 80 meses de cobertura (+12) | coeficiente de variación 1.16 (+2) | sin cohorte disponible (+0) | hay datos de uso/contrato/horario (+8) | Weibull no evaluado (n insuficiente) (+4) | estimación de tipo RATE_MODEL_ESTIMATE (+3) | n=2 intervalos (<10) (-10) | n=2 intervalos (<3) (-20),62,634,,,,GAMMA_POISSON_RATE_MODEL,0.25,
1556287,"KIT, SPARES, DIAPHRAGM BRAKE",2022-10-25T19:30:00.000Z,2025-02-05T21:09:00.000Z,7,3,210.33,161.36,BAYESIAN_WEIBULL_GRID,DIRECT_HISTORY_ENOUGH,Suficiente historial propio (n=3 intervalos): se ajustó un Weibull bayesiano estable.,161.36,5.3,12.85,161.36,818.11,12.85,818.11,,,,7,3,0,2.26,,NO_DATA,,2025-07-17T05:47:24.000Z,DIRECT_HISTORY_ENOUGH,NO_MANUFACTURER_DATA,60,Baja,3 intervalo(s) válidos (+10) | match exacto/alias (REF_EXACT) (+12) | asociación single (+12) | 27 meses de cobertura (+12) | coeficiente de variación 1.32 (+2) | sin cohorte disponible (+0) | hay datos de uso/contrato/horario (+8) | STABLE (+8) | estimación de tipo DIRECT_HISTORY_ENOUGH (+6) | n=3 intervalos (<10) (-10),"Grid 60x120 (shape x scale), 3 intervalo(s) usados, sin prior externo (uniforme).",DIRECT_HISTORY_ENOUGH,60,Baja,3 intervalo(s) válidos (+10) | match exacto/alias (REF_EXACT) (+12) | asociación single (+12) | 27 meses de cobertura (+12) | coeficiente de variación 1.32 (+2) | sin cohorte disponible (+0) | hay datos de uso/contrato/horario (+8) | STABLE (+8) | estimación de tipo DIRECT_HISTORY_ENOUGH (+6) | n=3 intervalos (<10) (-10),31,530,,,,BAYESIAN_WEIBULL_GRID,0.22,
1557545,"Camera, DX9",2023-05-27T13:00:00.000Z,2025-11-17T14:51:00.000Z,7,1,4,158.78,GAMMA_POISSON_RATE_MODEL,RATE_MODEL_ESTIMATE,Solo 1 intervalo(s) propio(s) y sin cohorte disponible - se usa la tasa de reemplazo observada (Gamma-Poisson) en vez de una mediana de muy pocos datos. Basado en 7 evento(s) sobre 30 meses de exposición observada - intervalo creíble aproximado (normal sobre el posterior Gamma).,158.78,5.22,,158.78,,109.31,290.04,,,,7,1,0,2.3,,NO_DATA,,2026-04-25T09:34:12.000Z,RATE_MODEL_ESTIMATE,NO_MANUFACTURER_DATA,26,Insuficiente,1 intervalo(s) válidos (+5) | match exacto/alias (REF_EXACT) (+12) | asociación single (+12) | 30 meses de cobertura (+12) | sin intervalos suficientes (+0) | sin cohorte disponible (+0) | hay datos de uso/contrato/horario (+8) | Weibull no evaluado (n insuficiente) (+4) | estimación de tipo RATE_MODEL_ESTIMATE (+3) | n=1 intervalos (<10) (-10) | n=1 intervalos (<3) (-20),,RATE_MODEL_ESTIMATE,26,Insuficiente,1 intervalo(s) válidos (+5) | match exacto/alias (REF_EXACT) (+12) | asociación single (+12) | 30 meses de cobertura (+12) | sin intervalos suficientes (+0) | sin cohorte disponible (+0) | hay datos de uso/contrato/horario (+8) | Weibull no evaluado (n insuficiente) (+4) | estimación de tipo RATE_MODEL_ESTIMATE (+3) | n=1 intervalos (<10) (-10) | n=1 intervalos (<3) (-20),4,4,,,,GAMMA_POISSON_RATE_MODEL,0.3,
1565836,"KIT, SPARES, DLG BRAKE",2024-04-08T22:43:00.000Z,2026-06-02T16:27:00.000Z,7,1,294,143.74,GAMMA_POISSON_RATE_MODEL,RATE_MODEL_ESTIMATE,Solo 1 intervalo(s) propio(s) y sin cohorte disponible - se usa la tasa de reemplazo observada (Gamma-Poisson) en vez de una mediana de muy pocos datos. Basado en 7 evento(s) sobre 26 meses de exposición observada - intervalo creíble aproximado (normal sobre el posterior Gamma).,143.74,4.72,,143.74,,98.96,262.56,,,,7,1,0,2.54,,NO_DATA,,2026-10-24T10:12:36.000Z,RATE_MODEL_ESTIMATE,NO_MANUFACTURER_DATA,26,Insuficiente,1 intervalo(s) válidos (+5) | match exacto/alias (REF_EXACT) (+12) | asociación single (+12) | 26 meses de cobertura (+12) | sin intervalos suficientes (+0) | sin cohorte disponible (+0) | hay datos de uso/contrato/horario (+8) | Weibull no evaluado (n insuficiente) (+4) | estimación de tipo RATE_MODEL_ESTIMATE (+3) | n=1 intervalos (<10) (-10) | n=1 intervalos (<3) (-20),,RATE_MODEL_ESTIMATE,26,Insuficiente,1 intervalo(s) válidos (+5) | match exacto/alias (REF_EXACT) (+12) | asociación single (+12) | 26 meses de cobertura (+12) | sin intervalos suficientes (+0) | sin cohorte disponible (+0) | hay datos de uso/contrato/horario (+8) | Weibull no evaluado (n insuficiente) (+4) | estimación de tipo RATE_MODEL_ESTIMATE (+3) | n=1 intervalos (<10) (-10) | n=1 intervalos (<3) (-20),294,294,,,,GAMMA_POISSON_RATE_MODEL,0.23,
1568178,SIB PCB,2024-07-02T15:00:00.000Z,2026-03-07T16:36:00.000Z,7,1,33,122.28,GAMMA_POISSON_RATE_MODEL,RATE_MODEL_ESTIMATE,Solo 1 intervalo(s) propio(s) y sin cohorte disponible - se usa la tasa de reemplazo observada (Gamma-Poisson) en vez de una mediana de muy pocos datos. Basado en 7 evento(s) sobre 20 meses de exposición observada - intervalo creíble aproximado (normal sobre el posterior Gamma).,122.28,4.02,,122.28,,84.19,223.37,,,,7,1,0,2.99,,NO_DATA,,2026-07-07T23:19:12.000Z,RATE_MODEL_ESTIMATE,NO_MANUFACTURER_DATA,22,Insuficiente,1 intervalo(s) válidos (+5) | match exacto/alias (REF_EXACT) (+12) | asociación single (+12) | 20 meses de cobertura (+8) | sin intervalos suficientes (+0) | sin cohorte disponible (+0) | hay datos de uso/contrato/horario (+8) | Weibull no evaluado (n insuficiente) (+4) | estimación de tipo RATE_MODEL_ESTIMATE (+3) | n=1 intervalos (<10) (-10) | n=1 intervalos (<3) (-20),,RATE_MODEL_ESTIMATE,22,Insuficiente,1 intervalo(s) válidos (+5) | match exacto/alias (REF_EXACT) (+12) | asociación single (+12) | 20 meses de cobertura (+8) | sin intervalos suficientes (+0) | sin cohorte disponible (+0) | hay datos de uso/contrato/horario (+8) | Weibull no evaluado (n insuficiente) (+4) | estimación de tipo RATE_MODEL_ESTIMATE (+3) | n=1 intervalos (<10) (-10) | n=1 intervalos (<3) (-20),33,33,,,,GAMMA_POISSON_RATE_MODEL,0.24,
4513316442101T,"Potentiometer, 20k, 10 turns Coarse/Check",2019-12-05T11:30:00.000Z,2024-09-12T14:32:00.000Z,6,1,1098,301.18,GAMMA_POISSON_RATE_MODEL,RATE_MODEL_ESTIMATE,Solo 1 intervalo(s) propio(s) y sin cohorte disponible - se usa la tasa de reemplazo observada (Gamma-Poisson) en vez de una mediana de muy pocos datos. Basado en 6 evento(s) sobre 57 meses de exposición observada - intervalo creíble aproximado (normal sobre el posterior Gamma).,301.18,9.89,,301.18,,202.98,583.44,,,,6,1,0,1.21,,NO_DATA,,2025-07-10T18:51:12.000Z,RATE_MODEL_ESTIMATE,NO_MANUFACTURER_DATA,22,Insuficiente,1 intervalo(s) válidos (+5) | match por método débil (REF_LIKE) (+8) | asociación single (+12) | 57 meses de cobertura (+12) | sin intervalos suficientes (+0) | sin cohorte disponible (+0) | hay datos de uso/contrato/horario (+8) | Weibull no evaluado (n insuficiente) (+4) | estimación de tipo RATE_MODEL_ESTIMATE (+3) | n=1 intervalos (<10) (-10) | n=1 intervalos (<3) (-20),,RATE_MODEL_ESTIMATE,22,Insuficiente,1 intervalo(s) válidos (+5) | match por método débil (REF_LIKE) (+8) | asociación single (+12) | 57 meses de cobertura (+12) | sin intervalos suficientes (+0) | sin cohorte disponible (+0) | hay datos de uso/contrato/horario (+8) | Weibull no evaluado (n insuficiente) (+4) | estimación de tipo RATE_MODEL_ESTIMATE (+3) | n=1 intervalos (<10) (-10) | n=1 intervalos (<3) (-20),1098,1098,,,,GAMMA_POISSON_RATE_MODEL,0.36,
1015075,"Cable, retractile, MLC (SK25AA–SK26A)",2021-03-26T15:00:00.000Z,2026-06-30T20:03:00.000Z,6,2,348,326.76,GAMMA_POISSON_RATE_MODEL,RATE_MODEL_ESTIMATE,Solo 2 intervalo(s) propio(s) y sin cohorte disponible - se usa la tasa de reemplazo observada (Gamma-Poisson) en vez de una mediana de muy pocos datos. Basado en 6 evento(s) sobre 63 meses de exposición observada - intervalo creíble aproximado (normal sobre el posterior Gamma).,326.76,10.73,,326.76,,220.22,633,,,,6,2,0,1.12,,NO_DATA,,2027-05-23T14:17:24.000Z,RATE_MODEL_ESTIMATE,NO_MANUFACTURER_DATA,28,Insuficiente,2 intervalo(s) válidos (+5) | match exacto/alias (REF_EXACT) (+12) | asociación single (+12) | 63 meses de cobertura (+12) | coeficiente de variación 1.16 (+2) | sin cohorte disponible (+0) | hay datos de uso/contrato/horario (+8) | Weibull no evaluado (n insuficiente) (+4) | estimación de tipo RATE_MODEL_ESTIMATE (+3) | n=2 intervalos (<10) (-10) | n=2 intervalos (<3) (-20),,RATE_MODEL_ESTIMATE,28,Insuficiente,2 intervalo(s) válidos (+5) | match exacto/alias (REF_EXACT) (+12) | asociación single (+12) | 63 meses de cobertura (+12) | coeficiente de variación 1.16 (+2) | sin cohorte disponible (+0) | hay datos de uso/contrato/horario (+8) | Weibull no evaluado (n insuficiente) (+4) | estimación de tipo RATE_MODEL_ESTIMATE (+3) | n=2 intervalos (<10) (-10) | n=2 intervalos (<3) (-20),62,634,,,,GAMMA_POISSON_RATE_MODEL,0.28,
1021309___1564281,"PCB ASSY, WEDGE CONTROL",2021-05-29T12:30:00.000Z,2025-09-09T16:50:00.000Z,6,2,211.5,275.61,GAMMA_POISSON_RATE_MODEL,RATE_MODEL_ESTIMATE,Solo 2 intervalo(s) propio(s) y sin cohorte disponible - se usa la tasa de reemplazo observada (Gamma-Poisson) en vez de una mediana de muy pocos datos. Basado en 6 evento(s) sobre 51 meses de exposición observada - intervalo creíble aproximado (normal sobre el posterior Gamma).,275.61,9.05,,275.61,,185.75,533.92,,,,6,2,0,1.33,,NO_DATA,,2026-06-12T07:28:24.000Z,RATE_MODEL_ESTIMATE,NO_MANUFACTURER_DATA,28,Insuficiente,2 intervalo(s) válidos (+5) | match por método débil (REF_LIKE) (+8) | asociación single (+12) | 51 meses de cobertura (+12) | coeficiente de variación 0.67 (+6) | sin cohorte disponible (+0) | hay datos de uso/contrato/horario (+8) | Weibull no evaluado (n insuficiente) (+4) | estimación de tipo RATE_MODEL_ESTIMATE (+3) | n=2 intervalos (<10) (-10) | n=2 intervalos (<3) (-20),,RATE_MODEL_ESTIMATE,28,Insuficiente,2 intervalo(s) válidos (+5) | match por método débil (REF_LIKE) (+8) | asociación single (+12) | 51 meses de cobertura (+12) | coeficiente de variación 0.67 (+6) | sin cohorte disponible (+0) | hay datos de uso/contrato/horario (+8) | Weibull no evaluado (n insuficiente) (+4) | estimación de tipo RATE_MODEL_ESTIMATE (+3) | n=2 intervalos (<10) (-10) | n=2 intervalos (<3) (-20),112,311,,,,GAMMA_POISSON_RATE_MODEL,0.3,
45133411846,"CABLE ASSY, PL5 TO SK5A",2021-11-20T11:30:00.000Z,2025-02-27T02:35:00.000Z,6,2,382.5,222.83,GAMMA_POISSON_RATE_MODEL,RATE_MODEL_ESTIMATE,Solo 2 intervalo(s) propio(s) y sin cohorte disponible - se usa la tasa de reemplazo observada (Gamma-Poisson) en vez de una mediana de muy pocos datos. Basado en 6 evento(s) sobre 39 meses de exposición observada - intervalo creíble aproximado (normal sobre el posterior Gamma).,222.83,7.32,,222.83,,150.17,431.66,,,,6,2,0,1.64,,NO_DATA,,2025-10-07T22:30:12.000Z,RATE_MODEL_ESTIMATE,NO_MANUFACTURER_DATA,28,Insuficiente,2 intervalo(s) válidos (+5) | match por método débil (REF_LIKE) (+8) | asociación single (+12) | 39 meses de cobertura (+12) | coeficiente de variación 0.58 (+6) | sin cohorte disponible (+0) | hay datos de uso/contrato/horario (+8) | Weibull no evaluado (n insuficiente) (+4) | estimación de tipo RATE_MODEL_ESTIMATE (+3) | n=2 intervalos (<10) (-10) | n=2 intervalos (<3) (-20),,RATE_MODEL_ESTIMATE,28,Insuficiente,2 intervalo(s) válidos (+5) | match por método débil (REF_LIKE) (+8) | asociación single (+12) | 39 meses de cobertura (+12) | coeficiente de variación 0.58 (+6) | sin cohorte disponible (+0) | hay datos de uso/contrato/horario (+8) | Weibull no evaluado (n insuficiente) (+4) | estimación de tipo RATE_MODEL_ESTIMATE (+3) | n=2 intervalos (<10) (-10) | n=2 intervalos (<3) (-20),226,539,,,,GAMMA_POISSON_RATE_MODEL,0.88,
1522567,RF output window,2022-10-14T11:00:00.000Z,2026-06-12T20:00:00.000Z,6,1,547,243.22,GAMMA_POISSON_RATE_MODEL,RATE_MODEL_ESTIMATE,Solo 1 intervalo(s) propio(s) y sin cohorte disponible - se usa la tasa de reemplazo observada (Gamma-Poisson) en vez de una mediana de muy pocos datos. Basado en 6 evento(s) sobre 44 meses de exposición observada - intervalo creíble aproximado (normal sobre el posterior Gamma).,243.22,7.99,,243.22,,163.92,471.16,,,,6,1,0,1.5,,NO_DATA,,2027-02-11T01:16:48.000Z,RATE_MODEL_ESTIMATE,NO_MANUFACTURER_DATA,26,Insuficiente,1 intervalo(s) válidos (+5) | match exacto/alias (REF_EXACT) (+12) | asociación single (+12) | 44 meses de cobertura (+12) | sin intervalos suficientes (+0) | sin cohorte disponible (+0) | hay datos de uso/contrato/horario (+8) | Weibull no evaluado (n insuficiente) (+4) | estimación de tipo RATE_MODEL_ESTIMATE (+3) | n=1 intervalos (<10) (-10) | n=1 intervalos (<3) (-20),,RATE_MODEL_ESTIMATE,26,Insuficiente,1 intervalo(s) válidos (+5) | match exacto/alias (REF_EXACT) (+12) | asociación single (+12) | 44 meses de cobertura (+12) | sin intervalos suficientes (+0) | sin cohorte disponible (+0) | hay datos de uso/contrato/horario (+8) | Weibull no evaluado (n insuficiente) (+4) | estimación de tipo RATE_MODEL_ESTIMATE (+3) | n=1 intervalos (<10) (-10) | n=1 intervalos (<3) (-20),547,547,,,,GAMMA_POISSON_RATE_MODEL,0.29,
1022378,"DIODE ASSY, FRU",2022-11-18T21:30:00.000Z,2026-04-10T12:30:00.000Z,6,1,234,229.11,GAMMA_POISSON_RATE_MODEL,RATE_MODEL_ESTIMATE,Solo 1 intervalo(s) propio(s) y sin cohorte disponible - se usa la tasa de reemplazo observada (Gamma-Poisson) en vez de una mediana de muy pocos datos. Basado en 6 evento(s) sobre 41 meses de exposición observada - intervalo creíble aproximado (normal sobre el posterior Gamma).,229.11,7.53,,229.11,,154.41,443.84,,,,6,1,0,1.59,,NO_DATA,,2026-11-25T15:08:24.000Z,RATE_MODEL_ESTIMATE,NO_MANUFACTURER_DATA,26,Insuficiente,1 intervalo(s) válidos (+5) | match exacto/alias (REF_EXACT) (+12) | asociación single (+12) | 41 meses de cobertura (+12) | sin intervalos suficientes (+0) | sin cohorte disponible (+0) | hay datos de uso/contrato/horario (+8) | Weibull no evaluado (n insuficiente) (+4) | estimación de tipo RATE_MODEL_ESTIMATE (+3) | n=1 intervalos (<10) (-10) | n=1 intervalos (<3) (-20),,RATE_MODEL_ESTIMATE,26,Insuficiente,1 intervalo(s) válidos (+5) | match exacto/alias (REF_EXACT) (+12) | asociación single (+12) | 41 meses de cobertura (+12) | sin intervalos suficientes (+0) | sin cohorte disponible (+0) | hay datos de uso/contrato/horario (+8) | Weibull no evaluado (n insuficiente) (+4) | estimación de tipo RATE_MODEL_ESTIMATE (+3) | n=1 intervalos (<10) (-10) | n=1 intervalos (<3) (-20),234,234,,,,GAMMA_POISSON_RATE_MODEL,0.2,
1565768,"(CCU) PCB ASSY, CAM CID8726DX9 AGI",2024-05-17T20:39:00.000Z,2026-06-30T20:03:00.000Z,6,2,387,162.74,GAMMA_POISSON_RATE_MODEL,RATE_MODEL_ESTIMATE,Solo 2 intervalo(s) propio(s) y sin cohorte disponible - se usa la tasa de reemplazo observada (Gamma-Poisson) en vez de una mediana de muy pocos datos. Basado en 6 evento(s) sobre 25 meses de exposición observada - intervalo creíble aproximado (normal sobre el posterior Gamma).,162.74,5.35,,162.74,,109.68,315.26,,,,6,2,0,2.24,,NO_DATA,,2026-12-10T13:48:36.000Z,RATE_MODEL_ESTIMATE,NO_MANUFACTURER_DATA,28,Insuficiente,2 intervalo(s) válidos (+5) | match exacto/alias (REF_EXACT) (+12) | asociación single (+12) | 25 meses de cobertura (+12) | coeficiente de variación 1.29 (+2) | sin cohorte disponible (+0) | hay datos de uso/contrato/horario (+8) | Weibull no evaluado (n insuficiente) (+4) | estimación de tipo RATE_MODEL_ESTIMATE (+3) | n=2 intervalos (<10) (-10) | n=2 intervalos (<3) (-20),,RATE_MODEL_ESTIMATE,28,Insuficiente,2 intervalo(s) válidos (+5) | match exacto/alias (REF_EXACT) (+12) | asociación single (+12) | 25 meses de cobertura (+12) | coeficiente de variación 1.29 (+2) | sin cohorte disponible (+0) | hay datos de uso/contrato/horario (+8) | Weibull no evaluado (n insuficiente) (+4) | estimación de tipo RATE_MODEL_ESTIMATE (+3) | n=2 intervalos (<10) (-10) | n=2 intervalos (<3) (-20),33,741,,,,GAMMA_POISSON_RATE_MODEL,0.11,
1564361,"Programmed PCB Assy, Router",2024-12-30T21:52:00.000Z,2026-05-29T19:00:00.000Z,6,1,319,125.73,GAMMA_POISSON_RATE_MODEL,RATE_MODEL_ESTIMATE,Solo 1 intervalo(s) propio(s) y sin cohorte disponible - se usa la tasa de reemplazo observada (Gamma-Poisson) en vez de una mediana de muy pocos datos. Basado en 6 evento(s) sobre 17 meses de exposición observada - intervalo creíble aproximado (normal sobre el posterior Gamma).,125.73,4.13,,125.73,,84.73,243.56,,,,6,1,0,2.91,,NO_DATA,,2026-10-02T12:31:12.000Z,RATE_MODEL_ESTIMATE,NO_MANUFACTURER_DATA,22,Insuficiente,1 intervalo(s) válidos (+5) | match exacto/alias (REF_EXACT) (+12) | asociación single (+12) | 17 meses de cobertura (+8) | sin intervalos suficientes (+0) | sin cohorte disponible (+0) | hay datos de uso/contrato/horario (+8) | Weibull no evaluado (n insuficiente) (+4) | estimación de tipo RATE_MODEL_ESTIMATE (+3) | n=1 intervalos (<10) (-10) | n=1 intervalos (<3) (-20),,RATE_MODEL_ESTIMATE,22,Insuficiente,1 intervalo(s) válidos (+5) | match exacto/alias (REF_EXACT) (+12) | asociación single (+12) | 17 meses de cobertura (+8) | sin intervalos suficientes (+0) | sin cohorte disponible (+0) | hay datos de uso/contrato/horario (+8) | Weibull no evaluado (n insuficiente) (+4) | estimación de tipo RATE_MODEL_ESTIMATE (+3) | n=1 intervalos (<10) (-10) | n=1 intervalos (<3) (-20),319,319,,,,GAMMA_POISSON_RATE_MODEL,0.49,
1014474,Cable Assy sw1/sw2 T,2018-12-07T22:30:06.548Z,2024-11-14T21:35:00.000Z,5,0,,,NONE,INSUFFICIENT_DATA,Sin eventos observados para esta combinación.,,,,,,,,,,,5,0,0,,,NO_DATA,,,INSUFFICIENT_DATA,NO_MANUFACTURER_DATA,18,Insuficiente,0 intervalo(s) válidos (+0) | match exacto/alias (REF_EXACT) (+12) | asociación single (+12) | 71 meses de cobertura (+12) | sin intervalos suficientes (+0) | sin cohorte disponible (+0) | hay datos de uso/contrato/horario (+8) | Weibull no evaluado (n insuficiente) (+4) | estimación de tipo INSUFFICIENT_DATA (+0) | n=0 intervalos (<10) (-10) | n=0 intervalos (<3) (-20),,INSUFFICIENT_DATA,18,Insuficiente,0 intervalo(s) válidos (+0) | match exacto/alias (REF_EXACT) (+12) | asociación single (+12) | 71 meses de cobertura (+12) | sin intervalos suficientes (+0) | sin cohorte disponible (+0) | hay datos de uso/contrato/horario (+8) | Weibull no evaluado (n insuficiente) (+4) | estimación de tipo INSUFFICIENT_DATA (+0) | n=0 intervalos (<10) (-10) | n=0 intervalos (<3) (-20),,,,,,NONE,0.55,
45133502026_usado,X-ray tube (MR),2020-08-12T21:30:00.000Z,2024-12-21T11:00:00.000Z,5,1,881,326.11,GAMMA_POISSON_RATE_MODEL,RATE_MODEL_ESTIMATE,Solo 1 intervalo(s) propio(s) y sin cohorte disponible - se usa la tasa de reemplazo observada (Gamma-Poisson) en vez de una mediana de muy pocos datos. Basado en 5 evento(s) sobre 52 meses de exposición observada - intervalo creíble aproximado (normal sobre el posterior Gamma).,326.11,10.71,,326.11,,214.19,683.04,,,,5,1,0,1.12,,NO_DATA,,2025-11-12T13:38:24.000Z,RATE_MODEL_ESTIMATE,NO_MANUFACTURER_DATA,22,Insuficiente,1 intervalo(s) válidos (+5) | match por método débil (REF_LIKE) (+8) | asociación single (+12) | 52 meses de cobertura (+12) | sin intervalos suficientes (+0) | sin cohorte disponible (+0) | hay datos de uso/contrato/horario (+8) | Weibull no evaluado (n insuficiente) (+4) | estimación de tipo RATE_MODEL_ESTIMATE (+3) | n=1 intervalos (<10) (-10) | n=1 intervalos (<3) (-20),,RATE_MODEL_ESTIMATE,22,Insuficiente,1 intervalo(s) válidos (+5) | match por método débil (REF_LIKE) (+8) | asociación single (+12) | 52 meses de cobertura (+12) | sin intervalos suficientes (+0) | sin cohorte disponible (+0) | hay datos de uso/contrato/horario (+8) | Weibull no evaluado (n insuficiente) (+4) | estimación de tipo RATE_MODEL_ESTIMATE (+3) | n=1 intervalos (<10) (-10) | n=1 intervalos (<3) (-20),881,881,,,,GAMMA_POISSON_RATE_MODEL,0.3,
1501074,DOSE B version 2,2020-09-08T23:20:00.000Z,2025-11-24T14:30:00.000Z,5,2,875.5,377.95,GAMMA_POISSON_RATE_MODEL,RATE_MODEL_ESTIMATE,Solo 2 intervalo(s) propio(s) y sin cohorte disponible - se usa la tasa de reemplazo observada (Gamma-Poisson) en vez de una mediana de muy pocos datos. Basado en 5 evento(s) sobre 63 meses de exposición observada - intervalo creíble aproximado (normal sobre el posterior Gamma).,377.95,12.42,,377.95,,248.24,791.62,,,,5,2,0,0.97,,NO_DATA,,2026-12-07T13:18:00.000Z,RATE_MODEL_ESTIMATE,NO_MANUFACTURER_DATA,36,Insuficiente,2 intervalo(s) válidos (+5) | match exacto/alias (REF_EXACT) (+12) | asociación single (+12) | 63 meses de cobertura (+12) | coeficiente de variación 0.15 (+10) | sin cohorte disponible (+0) | hay datos de uso/contrato/horario (+8) | Weibull no evaluado (n insuficiente) (+4) | estimación de tipo RATE_MODEL_ESTIMATE (+3) | n=2 intervalos (<10) (-10) | n=2 intervalos (<3) (-20),,RATE_MODEL_ESTIMATE,36,Insuficiente,2 intervalo(s) válidos (+5) | match exacto/alias (REF_EXACT) (+12) | asociación single (+12) | 63 meses de cobertura (+12) | coeficiente de variación 0.15 (+10) | sin cohorte disponible (+0) | hay datos de uso/contrato/horario (+8) | Weibull no evaluado (n insuficiente) (+4) | estimación de tipo RATE_MODEL_ESTIMATE (+3) | n=2 intervalos (<10) (-10) | n=2 intervalos (<3) (-20),785,966,,,,GAMMA_POISSON_RATE_MODEL,0.62,
4513341185001U,"Cable Assy, Pl9 to S",2020-11-28T12:00:00.000Z,2026-01-27T10:30:00.000Z,5,1,1812,375.17,GAMMA_POISSON_RATE_MODEL,RATE_MODEL_ESTIMATE,Solo 1 intervalo(s) propio(s) y sin cohorte disponible - se usa la tasa de reemplazo observada (Gamma-Poisson) en vez de una mediana de muy pocos datos. Basado en 5 evento(s) sobre 62 meses de exposición observada - intervalo creíble aproximado (normal sobre el posterior Gamma).,375.17,12.32,,375.17,,246.41,785.8,,,,5,1,0,0.97,,NO_DATA,,2027-02-06T14:34:48.000Z,RATE_MODEL_ESTIMATE,NO_MANUFACTURER_DATA,26,Insuficiente,1 intervalo(s) válidos (+5) | match exacto/alias (REF_EXACT) (+12) | asociación single (+12) | 62 meses de cobertura (+12) | sin intervalos suficientes (+0) | sin cohorte disponible (+0) | hay datos de uso/contrato/horario (+8) | Weibull no evaluado (n insuficiente) (+4) | estimación de tipo RATE_MODEL_ESTIMATE (+3) | n=1 intervalos (<10) (-10) | n=1 intervalos (<3) (-20),,RATE_MODEL_ESTIMATE,26,Insuficiente,1 intervalo(s) válidos (+5) | match exacto/alias (REF_EXACT) (+12) | asociación single (+12) | 62 meses de cobertura (+12) | sin intervalos suficientes (+0) | sin cohorte disponible (+0) | hay datos de uso/contrato/horario (+8) | Weibull no evaluado (n insuficiente) (+4) | estimación de tipo RATE_MODEL_ESTIMATE (+3) | n=1 intervalos (<10) (-10) | n=1 intervalos (<3) (-20),1812,1812,,,,GAMMA_POISSON_RATE_MODEL,0.9,
4513316441202U,"Potentiometer, 20k, 1 turn Fine",2021-03-19T11:30:00.000Z,2024-09-12T14:32:00.000Z,5,1,26,273.05,GAMMA_POISSON_RATE_MODEL,RATE_MODEL_ESTIMATE,Solo 1 intervalo(s) propio(s) y sin cohorte disponible - se usa la tasa de reemplazo observada (Gamma-Poisson) en vez de una mediana de muy pocos datos. Basado en 5 evento(s) sobre 42 meses de exposición observada - intervalo creíble aproximado (normal sobre el posterior Gamma).,273.05,8.97,,273.05,,179.33,571.89,,,,5,1,0,1.34,,NO_DATA,,2025-06-12T15:44:00.000Z,RATE_MODEL_ESTIMATE,NO_MANUFACTURER_DATA,22,Insuficiente,1 intervalo(s) válidos (+5) | match por método débil (REF_LIKE) (+8) | asociación single (+12) | 42 meses de cobertura (+12) | sin intervalos suficientes (+0) | sin cohorte disponible (+0) | hay datos de uso/contrato/horario (+8) | Weibull no evaluado (n insuficiente) (+4) | estimación de tipo RATE_MODEL_ESTIMATE (+3) | n=1 intervalos (<10) (-10) | n=1 intervalos (<3) (-20),,RATE_MODEL_ESTIMATE,22,Insuficiente,1 intervalo(s) válidos (+5) | match por método débil (REF_LIKE) (+8) | asociación single (+12) | 42 meses de cobertura (+12) | sin intervalos suficientes (+0) | sin cohorte disponible (+0) | hay datos de uso/contrato/horario (+8) | Weibull no evaluado (n insuficiente) (+4) | estimación de tipo RATE_MODEL_ESTIMATE (+3) | n=1 intervalos (<10) (-10) | n=1 intervalos (<3) (-20),26,26,,,,GAMMA_POISSON_RATE_MODEL,0.15,
1538261,"FRU KIT, FLIGHT TUBE DRIVE",2021-05-21T04:00:00.000Z,2026-02-04T13:20:00.000Z,5,1,736,347.58,GAMMA_POISSON_RATE_MODEL,RATE_MODEL_ESTIMATE,Solo 1 intervalo(s) propio(s) y sin cohorte disponible - se usa la tasa de reemplazo observada (Gamma-Poisson) en vez de una mediana de muy pocos datos. Basado en 5 evento(s) sobre 57 meses de exposición observada - intervalo creíble aproximado (normal sobre el posterior Gamma).,347.58,11.42,,347.58,,228.29,728.01,,,,5,1,0,1.05,,NO_DATA,,2027-01-18T03:15:12.000Z,RATE_MODEL_ESTIMATE,NO_MANUFACTURER_DATA,26,Insuficiente,1 intervalo(s) válidos (+5) | match exacto/alias (REF_EXACT) (+12) | asociación single (+12) | 57 meses de cobertura (+12) | sin intervalos suficientes (+0) | sin cohorte disponible (+0) | hay datos de uso/contrato/horario (+8) | Weibull no evaluado (n insuficiente) (+4) | estimación de tipo RATE_MODEL_ESTIMATE (+3) | n=1 intervalos (<10) (-10) | n=1 intervalos (<3) (-20),,RATE_MODEL_ESTIMATE,26,Insuficiente,1 intervalo(s) válidos (+5) | match exacto/alias (REF_EXACT) (+12) | asociación single (+12) | 57 meses de cobertura (+12) | sin intervalos suficientes (+0) | sin cohorte disponible (+0) | hay datos de uso/contrato/horario (+8) | Weibull no evaluado (n insuficiente) (+4) | estimación de tipo RATE_MODEL_ESTIMATE (+3) | n=1 intervalos (<10) (-10) | n=1 intervalos (<3) (-20),736,736,,,,GAMMA_POISSON_RATE_MODEL,0.67,
1531145,"Assy, Fan 70x70x15mm",2021-07-24T12:00:00.000Z,2026-05-29T12:30:00.000Z,5,0,,,NONE,INSUFFICIENT_DATA,Sin eventos observados para esta combinación.,,,,,,,,,,,5,0,0,,,NO_DATA,,,INSUFFICIENT_DATA,NO_MANUFACTURER_DATA,18,Insuficiente,0 intervalo(s) válidos (+0) | match exacto/alias (REF_EXACT) (+12) | asociación single (+12) | 58 meses de cobertura (+12) | sin intervalos suficientes (+0) | sin cohorte disponible (+0) | hay datos de uso/contrato/horario (+8) | Weibull no evaluado (n insuficiente) (+4) | estimación de tipo INSUFFICIENT_DATA (+0) | n=0 intervalos (<10) (-10) | n=0 intervalos (<3) (-20),,INSUFFICIENT_DATA,18,Insuficiente,0 intervalo(s) válidos (+0) | match exacto/alias (REF_EXACT) (+12) | asociación single (+12) | 58 meses de cobertura (+12) | sin intervalos suficientes (+0) | sin cohorte disponible (+0) | hay datos de uso/contrato/horario (+8) | Weibull no evaluado (n insuficiente) (+4) | estimación de tipo INSUFFICIENT_DATA (+0) | n=0 intervalos (<10) (-10) | n=0 intervalos (<3) (-20),,,,,,NONE,0.36,
1551103,"MOD KIT, DISC SPRING GANTRY (fco)",2023-02-03T11:00:00.000Z,2024-04-18T23:00:00.000Z,5,0,,,NONE,INSUFFICIENT_DATA,Sin eventos observados para esta combinación.,,,,,,,,,,,5,0,0,,,NO_DATA,,,INSUFFICIENT_DATA,NO_MANUFACTURER_DATA,14,Insuficiente,0 intervalo(s) válidos (+0) | match exacto/alias (REF_EXACT) (+12) | asociación single (+12) | 14 meses de cobertura (+8) | sin intervalos suficientes (+0) | sin cohorte disponible (+0) | hay datos de uso/contrato/horario (+8) | Weibull no evaluado (n insuficiente) (+4) | estimación de tipo INSUFFICIENT_DATA (+0) | n=0 intervalos (<10) (-10) | n=0 intervalos (<3) (-20),,INSUFFICIENT_DATA,14,Insuficiente,0 intervalo(s) válidos (+0) | match exacto/alias (REF_EXACT) (+12) | asociación single (+12) | 14 meses de cobertura (+8) | sin intervalos suficientes (+0) | sin cohorte disponible (+0) | hay datos de uso/contrato/horario (+8) | Weibull no evaluado (n insuficiente) (+4) | estimación de tipo INSUFFICIENT_DATA (+0) | n=0 intervalos (<10) (-10) | n=0 intervalos (<3) (-20),,,,,,NONE,0.75,
1011030,"Lens, Collimator",2023-05-27T13:00:00.000Z,2025-11-17T14:51:00.000Z,5,0,,,NONE,INSUFFICIENT_DATA,Sin eventos observados para esta combinación.,,,,,,,,,,,5,0,0,,,NO_DATA,,,INSUFFICIENT_DATA,NO_MANUFACTURER_DATA,18,Insuficiente,0 intervalo(s) válidos (+0) | match exacto/alias (REF_EXACT) (+12) | asociación single (+12) | 30 meses de cobertura (+12) | sin intervalos suficientes (+0) | sin cohorte disponible (+0) | hay datos de uso/contrato/horario (+8) | Weibull no evaluado (n insuficiente) (+4) | estimación de tipo INSUFFICIENT_DATA (+0) | n=0 intervalos (<10) (-10) | n=0 intervalos (<3) (-20),,INSUFFICIENT_DATA,18,Insuficiente,0 intervalo(s) válidos (+0) | match exacto/alias (REF_EXACT) (+12) | asociación single (+12) | 30 meses de cobertura (+12) | sin intervalos suficientes (+0) | sin cohorte disponible (+0) | hay datos de uso/contrato/horario (+8) | Weibull no evaluado (n insuficiente) (+4) | estimación de tipo INSUFFICIENT_DATA (+0) | n=0 intervalos (<10) (-10) | n=0 intervalos (<3) (-20),,,,,,NONE,0.18,
1541744,"FRU KIT, HAND HELD CONTROLLER",2024-01-22T03:00:00.000Z,2024-11-27T13:30:00.000Z,5,3,129.33,128.26,BAYESIAN_WEIBULL_GRID,DIRECT_HISTORY_ENOUGH,Suficiente historial propio (n=3 intervalos): se ajustó un Weibull bayesiano estable.,128.26,4.21,62.18,128.26,208.63,62.18,208.63,,,,5,3,0,2.85,,NO_DATA,,2025-04-04T19:44:24.000Z,DIRECT_HISTORY_ENOUGH,NO_MANUFACTURER_DATA,56,Baja,3 intervalo(s) válidos (+10) | match exacto/alias (REF_EXACT) (+12) | asociación single (+12) | 10 meses de cobertura (+4) | coeficiente de variación 0.30 (+6) | sin cohorte disponible (+0) | hay datos de uso/contrato/horario (+8) | STABLE (+8) | estimación de tipo DIRECT_HISTORY_ENOUGH (+6) | n=3 intervalos (<10) (-10),"Grid 60x120 (shape x scale), 3 intervalo(s) usados, sin prior externo (uniforme).",DIRECT_HISTORY_ENOUGH,56,Baja,3 intervalo(s) válidos (+10) | match exacto/alias (REF_EXACT) (+12) | asociación single (+12) | 10 meses de cobertura (+4) | coeficiente de variación 0.30 (+6) | sin cohorte disponible (+0) | hay datos de uso/contrato/horario (+8) | STABLE (+8) | estimación de tipo DIRECT_HISTORY_ENOUGH (+6) | n=3 intervalos (<10) (-10),91,169,,,,BAYESIAN_WEIBULL_GRID,0.65,
1549950,"HHC kit,Synergy/Infinity",2024-06-25T22:51:00.000Z,2025-11-07T13:05:00.000Z,5,1,319,144.13,GAMMA_POISSON_RATE_MODEL,RATE_MODEL_ESTIMATE,Solo 1 intervalo(s) propio(s) y sin cohorte disponible - se usa la tasa de reemplazo observada (Gamma-Poisson) en vez de una mediana de muy pocos datos. Basado en 5 evento(s) sobre 16 meses de exposición observada - intervalo creíble aproximado (normal sobre el posterior Gamma).,144.13,4.73,,144.13,,94.67,301.89,,,,5,1,0,2.53,,NO_DATA,,2026-03-31T16:12:12.000Z,RATE_MODEL_ESTIMATE,NO_MANUFACTURER_DATA,22,Insuficiente,1 intervalo(s) válidos (+5) | match exacto/alias (REF_EXACT) (+12) | asociación single (+12) | 16 meses de cobertura (+8) | sin intervalos suficientes (+0) | sin cohorte disponible (+0) | hay datos de uso/contrato/horario (+8) | Weibull no evaluado (n insuficiente) (+4) | estimación de tipo RATE_MODEL_ESTIMATE (+3) | n=1 intervalos (<10) (-10) | n=1 intervalos (<3) (-20),,RATE_MODEL_ESTIMATE,22,Insuficiente,1 intervalo(s) válidos (+5) | match exacto/alias (REF_EXACT) (+12) | asociación single (+12) | 16 meses de cobertura (+8) | sin intervalos suficientes (+0) | sin cohorte disponible (+0) | hay datos de uso/contrato/horario (+8) | Weibull no evaluado (n insuficiente) (+4) | estimación de tipo RATE_MODEL_ESTIMATE (+3) | n=1 intervalos (<10) (-10) | n=1 intervalos (<3) (-20),319,319,,,,GAMMA_POISSON_RATE_MODEL,0.4,
1565835,"KIT, SPARES, DIAPHRAGM BRAKE",2025-05-20T17:26:00.000Z,2026-06-02T16:27:00.000Z,5,1,207,123.86,GAMMA_POISSON_RATE_MODEL,RATE_MODEL_ESTIMATE,Solo 1 intervalo(s) propio(s) y sin cohorte disponible - se usa la tasa de reemplazo observada (Gamma-Poisson) en vez de una mediana de muy pocos datos. Basado en 5 evento(s) sobre 12 meses de exposición observada - intervalo creíble aproximado (normal sobre el posterior Gamma).,123.86,4.07,,123.86,,81.35,259.43,,,,5,1,0,2.95,,NO_DATA,,2026-10-04T13:05:24.000Z,RATE_MODEL_ESTIMATE,NO_MANUFACTURER_DATA,22,Insuficiente,1 intervalo(s) válidos (+5) | match exacto/alias (REF_EXACT) (+12) | asociación single (+12) | 12 meses de cobertura (+8) | sin intervalos suficientes (+0) | sin cohorte disponible (+0) | hay datos de uso/contrato/horario (+8) | Weibull no evaluado (n insuficiente) (+4) | estimación de tipo RATE_MODEL_ESTIMATE (+3) | n=1 intervalos (<10) (-10) | n=1 intervalos (<3) (-20),,RATE_MODEL_ESTIMATE,22,Insuficiente,1 intervalo(s) válidos (+5) | match exacto/alias (REF_EXACT) (+12) | asociación single (+12) | 12 meses de cobertura (+8) | sin intervalos suficientes (+0) | sin cohorte disponible (+0) | hay datos de uso/contrato/horario (+8) | Weibull no evaluado (n insuficiente) (+4) | estimación de tipo RATE_MODEL_ESTIMATE (+3) | n=1 intervalos (<10) (-10) | n=1 intervalos (<3) (-20),207,207,,,,GAMMA_POISSON_RATE_MODEL,0.48,
923931518204,AMPOLLETA MLC TYPE 13289,2018-10-26T12:00:00.000Z,2021-05-04T12:30:00.000Z,4,1,40,257.24,GAMMA_POISSON_RATE_MODEL,RATE_MODEL_ESTIMATE,Solo 1 intervalo(s) propio(s) y sin cohorte disponible - se usa la tasa de reemplazo observada (Gamma-Poisson) en vez de una mediana de muy pocos datos. Basado en 4 evento(s) sobre 30 meses de exposición observada - intervalo creíble aproximado (normal sobre el posterior Gamma).,257.24,8.45,,257.24,,163.59,601.64,,,,4,1,0,1.42,,NO_DATA,,2022-01-16T18:15:36.000Z,RATE_MODEL_ESTIMATE,NO_MANUFACTURER_DATA,26,Insuficiente,1 intervalo(s) válidos (+5) | match exacto/alias (REF_NORMALIZED_EXACT) (+12) | asociación single (+12) | 30 meses de cobertura (+12) | sin intervalos suficientes (+0) | sin cohorte disponible (+0) | hay datos de uso/contrato/horario (+8) | Weibull no evaluado (n insuficiente) (+4) | estimación de tipo RATE_MODEL_ESTIMATE (+3) | n=1 intervalos (<10) (-10) | n=1 intervalos (<3) (-20),,RATE_MODEL_ESTIMATE,26,Insuficiente,1 intervalo(s) válidos (+5) | match exacto/alias (REF_NORMALIZED_EXACT) (+12) | asociación single (+12) | 30 meses de cobertura (+12) | sin intervalos suficientes (+0) | sin cohorte disponible (+0) | hay datos de uso/contrato/horario (+8) | Weibull no evaluado (n insuficiente) (+4) | estimación de tipo RATE_MODEL_ESTIMATE (+3) | n=1 intervalos (<10) (-10) | n=1 intervalos (<3) (-20),40,40,,,,GAMMA_POISSON_RATE_MODEL,0.03,
1018874,"Diode, SI 1N416CM-D023",2019-02-11T13:30:00.000Z,2025-08-06T13:00:00.000Z,4,1,904,546.61,GAMMA_POISSON_RATE_MODEL,RATE_MODEL_ESTIMATE,Solo 1 intervalo(s) propio(s) y sin cohorte disponible - se usa la tasa de reemplazo observada (Gamma-Poisson) en vez de una mediana de muy pocos datos. Basado en 4 evento(s) sobre 78 meses de exposición observada - intervalo creíble aproximado (normal sobre el posterior Gamma).,546.61,17.96,,546.61,,347.62,1278.41,,,,4,1,0,0.67,,NO_DATA,,2027-02-04T03:38:24.000Z,RATE_MODEL_ESTIMATE,NO_MANUFACTURER_DATA,26,Insuficiente,1 intervalo(s) válidos (+5) | match exacto/alias (REF_EXACT) (+12) | asociación single (+12) | 78 meses de cobertura (+12) | sin intervalos suficientes (+0) | sin cohorte disponible (+0) | hay datos de uso/contrato/horario (+8) | Weibull no evaluado (n insuficiente) (+4) | estimación de tipo RATE_MODEL_ESTIMATE (+3) | n=1 intervalos (<10) (-10) | n=1 intervalos (<3) (-20),,RATE_MODEL_ESTIMATE,26,Insuficiente,1 intervalo(s) válidos (+5) | match exacto/alias (REF_EXACT) (+12) | asociación single (+12) | 78 meses de cobertura (+12) | sin intervalos suficientes (+0) | sin cohorte disponible (+0) | hay datos de uso/contrato/horario (+8) | Weibull no evaluado (n insuficiente) (+4) | estimación de tipo RATE_MODEL_ESTIMATE (+3) | n=1 intervalos (<10) (-10) | n=1 intervalos (<3) (-20),904,904,,,,GAMMA_POISSON_RATE_MODEL,0,
1014204,Ceramic ion chamber (MR),2019-05-17T22:00:00.000Z,2026-04-20T14:30:00.000Z,4,1,1355,578.95,GAMMA_POISSON_RATE_MODEL,RATE_MODEL_ESTIMATE,Solo 1 intervalo(s) propio(s) y sin cohorte disponible - se usa la tasa de reemplazo observada (Gamma-Poisson) en vez de una mediana de muy pocos datos. Basado en 4 evento(s) sobre 83 meses de exposición observada - intervalo creíble aproximado (normal sobre el posterior Gamma).,578.95,19.02,,578.95,,368.18,1354.05,,,,4,1,0,0.63,,NO_DATA,,2027-11-20T13:18:00.000Z,RATE_MODEL_ESTIMATE,NO_MANUFACTURER_DATA,26,Insuficiente,1 intervalo(s) válidos (+5) | match exacto/alias (REF_EXACT) (+12) | asociación single (+12) | 83 meses de cobertura (+12) | sin intervalos suficientes (+0) | sin cohorte disponible (+0) | hay datos de uso/contrato/horario (+8) | Weibull no evaluado (n insuficiente) (+4) | estimación de tipo RATE_MODEL_ESTIMATE (+3) | n=1 intervalos (<10) (-10) | n=1 intervalos (<3) (-20),,RATE_MODEL_ESTIMATE,26,Insuficiente,1 intervalo(s) válidos (+5) | match exacto/alias (REF_EXACT) (+12) | asociación single (+12) | 83 meses de cobertura (+12) | sin intervalos suficientes (+0) | sin cohorte disponible (+0) | hay datos de uso/contrato/horario (+8) | Weibull no evaluado (n insuficiente) (+4) | estimación de tipo RATE_MODEL_ESTIMATE (+3) | n=1 intervalos (<10) (-10) | n=1 intervalos (<3) (-20),1355,1355,,,,GAMMA_POISSON_RATE_MODEL,0.37,
1016472_usado,Diaphragm brakes spare kit,2019-05-17T21:00:00.000Z,2022-05-31T20:30:00.000Z,4,2,606,295.03,GAMMA_POISSON_RATE_MODEL,RATE_MODEL_ESTIMATE,Solo 2 intervalo(s) propio(s) y sin cohorte disponible - se usa la tasa de reemplazo observada (Gamma-Poisson) en vez de una mediana de muy pocos datos. Basado en 4 evento(s) sobre 36 meses de exposición observada - intervalo creíble aproximado (normal sobre el posterior Gamma).,295.03,9.69,,295.03,,187.62,690.02,,,,4,2,0,1.24,,NO_DATA,,2023-03-22T21:13:12.000Z,RATE_MODEL_ESTIMATE,NO_MANUFACTURER_DATA,32,Insuficiente,2 intervalo(s) válidos (+5) | match por método débil (REF_LIKE) (+8) | asociación single (+12) | 36 meses de cobertura (+12) | coeficiente de variación 0.18 (+10) | sin cohorte disponible (+0) | hay datos de uso/contrato/horario (+8) | Weibull no evaluado (n insuficiente) (+4) | estimación de tipo RATE_MODEL_ESTIMATE (+3) | n=2 intervalos (<10) (-10) | n=2 intervalos (<3) (-20),,RATE_MODEL_ESTIMATE,32,Insuficiente,2 intervalo(s) válidos (+5) | match por método débil (REF_LIKE) (+8) | asociación single (+12) | 36 meses de cobertura (+12) | coeficiente de variación 0.18 (+10) | sin cohorte disponible (+0) | hay datos de uso/contrato/horario (+8) | Weibull no evaluado (n insuficiente) (+4) | estimación de tipo RATE_MODEL_ESTIMATE (+3) | n=2 intervalos (<10) (-10) | n=2 intervalos (<3) (-20),528,684,,,,GAMMA_POISSON_RATE_MODEL,0.65,
1516727,Kit Beam MU Dose Monitoring BMDM,2019-08-14T17:30:00.000Z,2026-06-01T16:43:00.000Z,4,1,5,569.6,GAMMA_POISSON_RATE_MODEL,RATE_MODEL_ESTIMATE,Solo 1 intervalo(s) propio(s) y sin cohorte disponible - se usa la tasa de reemplazo observada (Gamma-Poisson) en vez de una mediana de muy pocos datos. Basado en 4 evento(s) sobre 82 meses de exposición observada - intervalo creíble aproximado (normal sobre el posterior Gamma).,569.6,18.71,,569.6,,362.24,1332.2,,,,4,1,0,0.64,,NO_DATA,,2027-12-23T07:07:00.000Z,RATE_MODEL_ESTIMATE,NO_MANUFACTURER_DATA,26,Insuficiente,1 intervalo(s) válidos (+5) | match exacto/alias (REF_EXACT) (+12) | asociación single (+12) | 82 meses de cobertura (+12) | sin intervalos suficientes (+0) | sin cohorte disponible (+0) | hay datos de uso/contrato/horario (+8) | Weibull no evaluado (n insuficiente) (+4) | estimación de tipo RATE_MODEL_ESTIMATE (+3) | n=1 intervalos (<10) (-10) | n=1 intervalos (<3) (-20),,RATE_MODEL_ESTIMATE,26,Insuficiente,1 intervalo(s) válidos (+5) | match exacto/alias (REF_EXACT) (+12) | asociación single (+12) | 82 meses de cobertura (+12) | sin intervalos suficientes (+0) | sin cohorte disponible (+0) | hay datos de uso/contrato/horario (+8) | Weibull no evaluado (n insuficiente) (+4) | estimación de tipo RATE_MODEL_ESTIMATE (+3) | n=1 intervalos (<10) (-10) | n=1 intervalos (<3) (-20),5,5,,,,GAMMA_POISSON_RATE_MODEL,0,
1511862,"Analog input, 12-bit (AI12) version 2",2020-07-18T13:00:00.000Z,2025-01-13T20:53:00.000Z,4,2,820,401.09,GAMMA_POISSON_RATE_MODEL,RATE_MODEL_ESTIMATE,Solo 2 intervalo(s) propio(s) y sin cohorte disponible - se usa la tasa de reemplazo observada (Gamma-Poisson) en vez de una mediana de muy pocos datos. Basado en 4 evento(s) sobre 54 meses de exposición observada - intervalo creíble aproximado (normal sobre el posterior Gamma).,401.09,13.18,,401.09,,255.08,938.07,,,,4,2,0,0.91,,NO_DATA,,2026-02-18T23:02:36.000Z,RATE_MODEL_ESTIMATE,NO_MANUFACTURER_DATA,36,Insuficiente,2 intervalo(s) válidos (+5) | match exacto/alias (REF_EXACT) (+12) | asociación single (+12) | 54 meses de cobertura (+12) | coeficiente de variación 0.11 (+10) | sin cohorte disponible (+0) | hay datos de uso/contrato/horario (+8) | Weibull no evaluado (n insuficiente) (+4) | estimación de tipo RATE_MODEL_ESTIMATE (+3) | n=2 intervalos (<10) (-10) | n=2 intervalos (<3) (-20),,RATE_MODEL_ESTIMATE,36,Insuficiente,2 intervalo(s) válidos (+5) | match exacto/alias (REF_EXACT) (+12) | asociación single (+12) | 54 meses de cobertura (+12) | coeficiente de variación 0.11 (+10) | sin cohorte disponible (+0) | hay datos de uso/contrato/horario (+8) | Weibull no evaluado (n insuficiente) (+4) | estimación de tipo RATE_MODEL_ESTIMATE (+3) | n=2 intervalos (<10) (-10) | n=2 intervalos (<3) (-20),755,885,,,,GAMMA_POISSON_RATE_MODEL,0.42,
4714201102,MAGNETRON MG5193,2020-07-31T13:01:00.000Z,2025-07-25T12:30:00.000Z,4,3,606.67,523.3,BAYESIAN_WEIBULL_GRID,DIRECT_HISTORY_ENOUGH,Suficiente historial propio (n=3 intervalos): se ajustó un Weibull bayesiano estable.,523.3,17.19,65.6,523.3,1822.65,65.6,1822.65,,,,4,3,0,0.7,,NO_DATA,,2026-12-30T19:42:00.000Z,DIRECT_HISTORY_ENOUGH,NO_MANUFACTURER_DATA,60,Baja,3 intervalo(s) válidos (+10) | match exacto/alias (REF_EXACT) (+12) | asociación single (+12) | 60 meses de cobertura (+12) | coeficiente de variación 0.80 (+2) | sin cohorte disponible (+0) | hay datos de uso/contrato/horario (+8) | STABLE (+8) | estimación de tipo DIRECT_HISTORY_ENOUGH (+6) | n=3 intervalos (<10) (-10),"Grid 60x120 (shape x scale), 3 intervalo(s) usados, sin prior externo (uniforme).",DIRECT_HISTORY_ENOUGH,60,Baja,3 intervalo(s) válidos (+10) | match exacto/alias (REF_EXACT) (+12) | asociación single (+12) | 60 meses de cobertura (+12) | coeficiente de variación 0.80 (+2) | sin cohorte disponible (+0) | hay datos de uso/contrato/horario (+8) | STABLE (+8) | estimación de tipo DIRECT_HISTORY_ENOUGH (+6) | n=3 intervalos (<10) (-10),56,965,,,,BAYESIAN_WEIBULL_GRID,0,
45133308530,"New fast tune magnetron, MG6370",2020-10-16T13:30:00.000Z,2025-07-28T11:30:00.000Z,4,1,1746,422.2,GAMMA_POISSON_RATE_MODEL,RATE_MODEL_ESTIMATE,Solo 1 intervalo(s) propio(s) y sin cohorte disponible - se usa la tasa de reemplazo observada (Gamma-Poisson) en vez de una mediana de muy pocos datos. Basado en 4 evento(s) sobre 57 meses de exposición observada - intervalo creíble aproximado (normal sobre el posterior Gamma).,422.2,13.87,,422.2,,268.5,987.46,,,,4,1,0,0.87,,NO_DATA,,2026-09-23T16:18:00.000Z,RATE_MODEL_ESTIMATE,NO_MANUFACTURER_DATA,26,Insuficiente,1 intervalo(s) válidos (+5) | match exacto/alias (REF_EXACT) (+12) | asociación single (+12) | 57 meses de cobertura (+12) | sin intervalos suficientes (+0) | sin cohorte disponible (+0) | hay datos de uso/contrato/horario (+8) | Weibull no evaluado (n insuficiente) (+4) | estimación de tipo RATE_MODEL_ESTIMATE (+3) | n=1 intervalos (<10) (-10) | n=1 intervalos (<3) (-20),,RATE_MODEL_ESTIMATE,26,Insuficiente,1 intervalo(s) válidos (+5) | match exacto/alias (REF_EXACT) (+12) | asociación single (+12) | 57 meses de cobertura (+12) | sin intervalos suficientes (+0) | sin cohorte disponible (+0) | hay datos de uso/contrato/horario (+8) | Weibull no evaluado (n insuficiente) (+4) | estimación de tipo RATE_MODEL_ESTIMATE (+3) | n=1 intervalos (<10) (-10) | n=1 intervalos (<3) (-20),1746,1746,,,,GAMMA_POISSON_RATE_MODEL,0.64,
4513341220301G,"CABLE, T-GUARD AND LAT MOTOR",2020-12-05T11:00:00.000Z,2024-05-31T00:49:00.000Z,4,1,1126,327.54,GAMMA_POISSON_RATE_MODEL,RATE_MODEL_ESTIMATE,Solo 1 intervalo(s) propio(s) y sin cohorte disponible - se usa la tasa de reemplazo observada (Gamma-Poisson) en vez de una mediana de muy pocos datos. Basado en 4 evento(s) sobre 42 meses de exposición observada - intervalo creíble aproximado (normal sobre el posterior Gamma).,327.54,10.76,,327.54,,208.3,766.07,,,,4,1,0,1.12,,NO_DATA,,2025-04-23T13:46:36.000Z,RATE_MODEL_ESTIMATE,NO_MANUFACTURER_DATA,26,Insuficiente,1 intervalo(s) válidos (+5) | match exacto/alias (REF_EXACT) (+12) | asociación single (+12) | 42 meses de cobertura (+12) | sin intervalos suficientes (+0) | sin cohorte disponible (+0) | hay datos de uso/contrato/horario (+8) | Weibull no evaluado (n insuficiente) (+4) | estimación de tipo RATE_MODEL_ESTIMATE (+3) | n=1 intervalos (<10) (-10) | n=1 intervalos (<3) (-20),,RATE_MODEL_ESTIMATE,26,Insuficiente,1 intervalo(s) válidos (+5) | match exacto/alias (REF_EXACT) (+12) | asociación single (+12) | 42 meses de cobertura (+12) | sin intervalos suficientes (+0) | sin cohorte disponible (+0) | hay datos de uso/contrato/horario (+8) | Weibull no evaluado (n insuficiente) (+4) | estimación de tipo RATE_MODEL_ESTIMATE (+3) | n=1 intervalos (<10) (-10) | n=1 intervalos (<3) (-20),1126,1126,,,,GAMMA_POISSON_RATE_MODEL,0.69,
1549816,"PUMP, LOWARA-FRU",2022-06-03T21:43:00.000Z,2025-09-11T20:00:00.000Z,4,1,13,312.22,GAMMA_POISSON_RATE_MODEL,RATE_MODEL_ESTIMATE,Solo 1 intervalo(s) propio(s) y sin cohorte disponible - se usa la tasa de reemplazo observada (Gamma-Poisson) en vez de una mediana de muy pocos datos. Basado en 4 evento(s) sobre 39 meses de exposición observada - intervalo creíble aproximado (normal sobre el posterior Gamma).,312.22,10.26,,312.22,,198.56,730.22,,,,4,1,0,1.17,,NO_DATA,,2026-07-21T01:16:48.000Z,RATE_MODEL_ESTIMATE,NO_MANUFACTURER_DATA,26,Insuficiente,1 intervalo(s) válidos (+5) | match exacto/alias (REF_EXACT) (+12) | asociación single (+12) | 39 meses de cobertura (+12) | sin intervalos suficientes (+0) | sin cohorte disponible (+0) | hay datos de uso/contrato/horario (+8) | Weibull no evaluado (n insuficiente) (+4) | estimación de tipo RATE_MODEL_ESTIMATE (+3) | n=1 intervalos (<10) (-10) | n=1 intervalos (<3) (-20),,RATE_MODEL_ESTIMATE,26,Insuficiente,1 intervalo(s) válidos (+5) | match exacto/alias (REF_EXACT) (+12) | asociación single (+12) | 39 meses de cobertura (+12) | sin intervalos suficientes (+0) | sin cohorte disponible (+0) | hay datos de uso/contrato/horario (+8) | Weibull no evaluado (n insuficiente) (+4) | estimación de tipo RATE_MODEL_ESTIMATE (+3) | n=1 intervalos (<10) (-10) | n=1 intervalos (<3) (-20),13,13,,,,GAMMA_POISSON_RATE_MODEL,0.37,
1569678,FCO Hardware ModKit (Solenoid Microswitch ModKit for imaging Arms),2024-07-09T21:00:00.000Z,2024-07-15T21:00:00.000Z,4,0,,,NONE,INSUFFICIENT_DATA,Sin eventos observados para esta combinación.,,,,,,,,,,,4,0,0,,,NO_DATA,,,INSUFFICIENT_DATA,NO_MANUFACTURER_DATA,10,Insuficiente,0 intervalo(s) válidos (+0) | match exacto/alias (REF_EXACT) (+12) | asociación single (+12) | 0 meses de cobertura (+4) | sin intervalos suficientes (+0) | sin cohorte disponible (+0) | hay datos de uso/contrato/horario (+8) | Weibull no evaluado (n insuficiente) (+4) | estimación de tipo INSUFFICIENT_DATA (+0) | n=0 intervalos (<10) (-10) | n=0 intervalos (<3) (-20),,INSUFFICIENT_DATA,10,Insuficiente,0 intervalo(s) válidos (+0) | match exacto/alias (REF_EXACT) (+12) | asociación single (+12) | 0 meses de cobertura (+4) | sin intervalos suficientes (+0) | sin cohorte disponible (+0) | hay datos de uso/contrato/horario (+8) | Weibull no evaluado (n insuficiente) (+4) | estimación de tipo INSUFFICIENT_DATA (+0) | n=0 intervalos (<10) (-10) | n=0 intervalos (<3) (-20),,,,,,NONE,0.31,
1531790,"X, Y check or coarse potentiometer (D SHAPE), lateral o longitudinal",2024-11-26T00:00:00.000Z,2025-10-22T20:00:00.000Z,4,0,,,NONE,INSUFFICIENT_DATA,Sin eventos observados para esta combinación.,,,,,,,,,,,4,0,0,,,NO_DATA,,,INSUFFICIENT_DATA,NO_MANUFACTURER_DATA,10,Insuficiente,0 intervalo(s) válidos (+0) | match exacto/alias (REF_EXACT) (+12) | asociación single (+12) | 11 meses de cobertura (+4) | sin intervalos suficientes (+0) | sin cohorte disponible (+0) | hay datos de uso/contrato/horario (+8) | Weibull no evaluado (n insuficiente) (+4) | estimación de tipo INSUFFICIENT_DATA (+0) | n=0 intervalos (<10) (-10) | n=0 intervalos (<3) (-20),,INSUFFICIENT_DATA,10,Insuficiente,0 intervalo(s) válidos (+0) | match exacto/alias (REF_EXACT) (+12) | asociación single (+12) | 11 meses de cobertura (+4) | sin intervalos suficientes (+0) | sin cohorte disponible (+0) | hay datos de uso/contrato/horario (+8) | Weibull no evaluado (n insuficiente) (+4) | estimación de tipo INSUFFICIENT_DATA (+0) | n=0 intervalos (<10) (-10) | n=0 intervalos (<3) (-20),,,,,,NONE,0.38,
653950,HP 146GB 15K 6G SFF SAS SC HDD,2018-11-24T11:00:00.000Z,2018-12-15T13:00:46.951Z,3,1,21,96.58,GAMMA_POISSON_RATE_MODEL,RATE_MODEL_ESTIMATE,Solo 1 intervalo(s) propio(s) y sin cohorte disponible - se usa la tasa de reemplazo observada (Gamma-Poisson) en vez de una mediana de muy pocos datos. Basado en 3 evento(s) sobre 1 meses de exposición observada - intervalo creíble aproximado (normal sobre el posterior Gamma).,96.58,3.17,,96.58,,58.89,268.29,,,,3,1,0,3.78,,NO_DATA,,2019-03-22T02:55:58.951Z,RATE_MODEL_ESTIMATE,NO_MANUFACTURER_DATA,0,Insuficiente,1 intervalo(s) válidos (+5) | match por método débil (REF_LIKE) (+8) | asociación multi (+5) | 1 meses de cobertura (+4) | sin intervalos suficientes (+0) | sin cohorte disponible (+0) | hay datos de uso/contrato/horario (+8) | Weibull no evaluado (n insuficiente) (+4) | estimación de tipo RATE_MODEL_ESTIMATE (+3) | n=1 intervalos (<10) (-10) | n=1 intervalos (<3) (-20) | asociación desde task con múltiples equipos (-8),,RATE_MODEL_ESTIMATE,0,Insuficiente,1 intervalo(s) válidos (+5) | match por método débil (REF_LIKE) (+8) | asociación multi (+5) | 1 meses de cobertura (+4) | sin intervalos suficientes (+0) | sin cohorte disponible (+0) | hay datos de uso/contrato/horario (+8) | Weibull no evaluado (n insuficiente) (+4) | estimación de tipo RATE_MODEL_ESTIMATE (+3) | n=1 intervalos (<10) (-10) | n=1 intervalos (<3) (-20) | asociación desde task con múltiples equipos (-8),21,21,,,,GAMMA_POISSON_RATE_MODEL,1,
1023530,ARM CONTROL BOARD (ACB) - IViEWGT,2018-09-28T19:00:00.000Z,2023-06-28T14:16:00.000Z,3,0,,,NONE,INSUFFICIENT_DATA,Sin eventos observados para esta combinación.,,,,,,,,,,,3,0,0,,,NO_DATA,,,INSUFFICIENT_DATA,NO_MANUFACTURER_DATA,18,Insuficiente,0 intervalo(s) válidos (+0) | match exacto/alias (REF_EXACT) (+12) | asociación single (+12) | 57 meses de cobertura (+12) | sin intervalos suficientes (+0) | sin cohorte disponible (+0) | hay datos de uso/contrato/horario (+8) | Weibull no evaluado (n insuficiente) (+4) | estimación de tipo INSUFFICIENT_DATA (+0) | n=0 intervalos (<10) (-10) | n=0 intervalos (<3) (-20),,INSUFFICIENT_DATA,18,Insuficiente,0 intervalo(s) válidos (+0) | match exacto/alias (REF_EXACT) (+12) | asociación single (+12) | 57 meses de cobertura (+12) | sin intervalos suficientes (+0) | sin cohorte disponible (+0) | hay datos de uso/contrato/horario (+8) | Weibull no evaluado (n insuficiente) (+4) | estimación de tipo INSUFFICIENT_DATA (+0) | n=0 intervalos (<10) (-10) | n=0 intervalos (<3) (-20),,,,,,NONE,0.07,
45133308790,TRANSFORMADOR GUN,2019-03-11T12:10:18.063Z,2024-08-30T16:00:00.000Z,3,0,,,NONE,INSUFFICIENT_DATA,Sin eventos observados para esta combinación.,,,,,,,,,,,3,0,0,,,NO_DATA,,,INSUFFICIENT_DATA,NO_MANUFACTURER_DATA,18,Insuficiente,0 intervalo(s) válidos (+0) | match exacto/alias (REF_EXACT) (+12) | asociación single (+12) | 66 meses de cobertura (+12) | sin intervalos suficientes (+0) | sin cohorte disponible (+0) | hay datos de uso/contrato/horario (+8) | Weibull no evaluado (n insuficiente) (+4) | estimación de tipo INSUFFICIENT_DATA (+0) | n=0 intervalos (<10) (-10) | n=0 intervalos (<3) (-20),,INSUFFICIENT_DATA,18,Insuficiente,0 intervalo(s) válidos (+0) | match exacto/alias (REF_EXACT) (+12) | asociación single (+12) | 66 meses de cobertura (+12) | sin intervalos suficientes (+0) | sin cohorte disponible (+0) | hay datos de uso/contrato/horario (+8) | Weibull no evaluado (n insuficiente) (+4) | estimación de tipo INSUFFICIENT_DATA (+0) | n=0 intervalos (<10) (-10) | n=0 intervalos (<3) (-20),,,,,,NONE,0.34,
1502964,"SPARES KIT,LED FIELD LAMP",2019-03-15T22:00:15.672Z,2026-04-16T19:30:00.000Z,3,1,2589,738.48,GAMMA_POISSON_RATE_MODEL,RATE_MODEL_ESTIMATE,Solo 1 intervalo(s) propio(s) y sin cohorte disponible - se usa la tasa de reemplazo observada (Gamma-Poisson) en vez de una mediana de muy pocos datos. Basado en 3 evento(s) sobre 85 meses de exposición observada - intervalo creíble aproximado (normal sobre el posterior Gamma).,738.48,24.26,,738.48,,450.29,2051.34,,,,3,1,0,0.49,,NO_DATA,,2028-04-24T07:01:12.000Z,RATE_MODEL_ESTIMATE,NO_MANUFACTURER_DATA,26,Insuficiente,1 intervalo(s) válidos (+5) | match exacto/alias (REF_EXACT) (+12) | asociación single (+12) | 85 meses de cobertura (+12) | sin intervalos suficientes (+0) | sin cohorte disponible (+0) | hay datos de uso/contrato/horario (+8) | Weibull no evaluado (n insuficiente) (+4) | estimación de tipo RATE_MODEL_ESTIMATE (+3) | n=1 intervalos (<10) (-10) | n=1 intervalos (<3) (-20),,RATE_MODEL_ESTIMATE,26,Insuficiente,1 intervalo(s) válidos (+5) | match exacto/alias (REF_EXACT) (+12) | asociación single (+12) | 85 meses de cobertura (+12) | sin intervalos suficientes (+0) | sin cohorte disponible (+0) | hay datos de uso/contrato/horario (+8) | Weibull no evaluado (n insuficiente) (+4) | estimación de tipo RATE_MODEL_ESTIMATE (+3) | n=1 intervalos (<10) (-10) | n=1 intervalos (<3) (-20),2589,2589,,,,GAMMA_POISSON_RATE_MODEL,0.33,
1500998,Projector Assy Quad LED,2019-05-31T19:30:00.000Z,2024-06-07T17:45:00.000Z,3,1,1834,549.76,GAMMA_POISSON_RATE_MODEL,RATE_MODEL_ESTIMATE,Solo 1 intervalo(s) propio(s) y sin cohorte disponible - se usa la tasa de reemplazo observada (Gamma-Poisson) en vez de una mediana de muy pocos datos. Basado en 3 evento(s) sobre 60 meses de exposición observada - intervalo creíble aproximado (normal sobre el posterior Gamma).,549.76,18.06,,549.76,,335.22,1527.1,,,,3,1,0,0.66,,NO_DATA,,2025-12-09T11:59:24.000Z,RATE_MODEL_ESTIMATE,NO_MANUFACTURER_DATA,26,Insuficiente,1 intervalo(s) válidos (+5) | match exacto/alias (REF_EXACT) (+12) | asociación single (+12) | 60 meses de cobertura (+12) | sin intervalos suficientes (+0) | sin cohorte disponible (+0) | hay datos de uso/contrato/horario (+8) | Weibull no evaluado (n insuficiente) (+4) | estimación de tipo RATE_MODEL_ESTIMATE (+3) | n=1 intervalos (<10) (-10) | n=1 intervalos (<3) (-20),,RATE_MODEL_ESTIMATE,26,Insuficiente,1 intervalo(s) válidos (+5) | match exacto/alias (REF_EXACT) (+12) | asociación single (+12) | 60 meses de cobertura (+12) | sin intervalos suficientes (+0) | sin cohorte disponible (+0) | hay datos de uso/contrato/horario (+8) | Weibull no evaluado (n insuficiente) (+4) | estimación de tipo RATE_MODEL_ESTIMATE (+3) | n=1 intervalos (<10) (-10) | n=1 intervalos (<3) (-20),1834,1834,,,,GAMMA_POISSON_RATE_MODEL,0.5,
1007288,KV DCB Control Board,2020-03-20T19:00:00.000Z,2026-03-05T11:00:00.000Z,3,0,,,NONE,INSUFFICIENT_DATA,Sin eventos observados para esta combinación.,,,,,,,,,,,3,0,0,,,NO_DATA,,,INSUFFICIENT_DATA,NO_MANUFACTURER_DATA,18,Insuficiente,0 intervalo(s) válidos (+0) | match exacto/alias (REF_EXACT) (+12) | asociación single (+12) | 71 meses de cobertura (+12) | sin intervalos suficientes (+0) | sin cohorte disponible (+0) | hay datos de uso/contrato/horario (+8) | Weibull no evaluado (n insuficiente) (+4) | estimación de tipo INSUFFICIENT_DATA (+0) | n=0 intervalos (<10) (-10) | n=0 intervalos (<3) (-20),,INSUFFICIENT_DATA,18,Insuficiente,0 intervalo(s) válidos (+0) | match exacto/alias (REF_EXACT) (+12) | asociación single (+12) | 71 meses de cobertura (+12) | sin intervalos suficientes (+0) | sin cohorte disponible (+0) | hay datos de uso/contrato/horario (+8) | Weibull no evaluado (n insuficiente) (+4) | estimación de tipo INSUFFICIENT_DATA (+0) | n=0 intervalos (<10) (-10) | n=0 intervalos (<3) (-20),,,,,,NONE,0.25,
019149,Annual Maintenance Kit,2020-06-03T12:30:00.000Z,2025-06-06T18:30:00.000Z,3,2,914.5,548.59,GAMMA_POISSON_RATE_MODEL,RATE_MODEL_ESTIMATE,Solo 2 intervalo(s) propio(s) y sin cohorte disponible - se usa la tasa de reemplazo observada (Gamma-Poisson) en vez de una mediana de muy pocos datos. Basado en 3 evento(s) sobre 60 meses de exposición observada - intervalo creíble aproximado (normal sobre el posterior Gamma).,548.59,18.02,,548.59,,334.5,1523.85,,,,3,2,0,0.67,,NO_DATA,,2026-12-07T08:39:36.000Z,RATE_MODEL_ESTIMATE,NO_MANUFACTURER_DATA,28,Insuficiente,2 intervalo(s) válidos (+5) | match exacto/alias (REF_EXACT) (+12) | asociación single (+12) | 60 meses de cobertura (+12) | coeficiente de variación 0.81 (+2) | sin cohorte disponible (+0) | hay datos de uso/contrato/horario (+8) | Weibull no evaluado (n insuficiente) (+4) | estimación de tipo RATE_MODEL_ESTIMATE (+3) | n=2 intervalos (<10) (-10) | n=2 intervalos (<3) (-20),,RATE_MODEL_ESTIMATE,28,Insuficiente,2 intervalo(s) válidos (+5) | match exacto/alias (REF_EXACT) (+12) | asociación single (+12) | 60 meses de cobertura (+12) | coeficiente de variación 0.81 (+2) | sin cohorte disponible (+0) | hay datos de uso/contrato/horario (+8) | Weibull no evaluado (n insuficiente) (+4) | estimación de tipo RATE_MODEL_ESTIMATE (+3) | n=2 intervalos (<10) (-10) | n=2 intervalos (<3) (-20),393,1436,,,,GAMMA_POISSON_RATE_MODEL,0,
1535987,"FRU, DOSE BOARD",2020-09-03T17:18:00.000Z,2022-12-07T15:00:00.000Z,3,1,50,297.52,GAMMA_POISSON_RATE_MODEL,RATE_MODEL_ESTIMATE,Solo 1 intervalo(s) propio(s) y sin cohorte disponible - se usa la tasa de reemplazo observada (Gamma-Poisson) en vez de una mediana de muy pocos datos. Basado en 3 evento(s) sobre 27 meses de exposición observada - intervalo creíble aproximado (normal sobre el posterior Gamma).,297.52,9.77,,297.52,,181.42,826.45,,,,3,1,0,1.23,,NO_DATA,,2023-10-01T03:28:48.000Z,RATE_MODEL_ESTIMATE,NO_MANUFACTURER_DATA,26,Insuficiente,1 intervalo(s) válidos (+5) | match exacto/alias (REF_EXACT) (+12) | asociación single (+12) | 27 meses de cobertura (+12) | sin intervalos suficientes (+0) | sin cohorte disponible (+0) | hay datos de uso/contrato/horario (+8) | Weibull no evaluado (n insuficiente) (+4) | estimación de tipo RATE_MODEL_ESTIMATE (+3) | n=1 intervalos (<10) (-10) | n=1 intervalos (<3) (-20),,RATE_MODEL_ESTIMATE,26,Insuficiente,1 intervalo(s) válidos (+5) | match exacto/alias (REF_EXACT) (+12) | asociación single (+12) | 27 meses de cobertura (+12) | sin intervalos suficientes (+0) | sin cohorte disponible (+0) | hay datos de uso/contrato/horario (+8) | Weibull no evaluado (n insuficiente) (+4) | estimación de tipo RATE_MODEL_ESTIMATE (+3) | n=1 intervalos (<10) (-10) | n=1 intervalos (<3) (-20),50,50,,,,GAMMA_POISSON_RATE_MODEL,0,
451362610003J,Belt - m/c 151270 onwards,2020-09-10T19:00:00.000Z,2025-07-17T16:16:00.000Z,3,0,,,NONE,INSUFFICIENT_DATA,Sin eventos observados para esta combinación.,,,,,,,,,,,3,0,0,,,NO_DATA,,,INSUFFICIENT_DATA,NO_MANUFACTURER_DATA,18,Insuficiente,0 intervalo(s) válidos (+0) | match exacto/alias (REF_EXACT) (+12) | asociación single (+12) | 58 meses de cobertura (+12) | sin intervalos suficientes (+0) | sin cohorte disponible (+0) | hay datos de uso/contrato/horario (+8) | Weibull no evaluado (n insuficiente) (+4) | estimación de tipo INSUFFICIENT_DATA (+0) | n=0 intervalos (<10) (-10) | n=0 intervalos (<3) (-20),,INSUFFICIENT_DATA,18,Insuficiente,0 intervalo(s) válidos (+0) | match exacto/alias (REF_EXACT) (+12) | asociación single (+12) | 58 meses de cobertura (+12) | sin intervalos suficientes (+0) | sin cohorte disponible (+0) | hay datos de uso/contrato/horario (+8) | Weibull no evaluado (n insuficiente) (+4) | estimación de tipo INSUFFICIENT_DATA (+0) | n=0 intervalos (<10) (-10) | n=0 intervalos (<3) (-20),,,,,,NONE,0.09,
1016518,Detector Panel PSU (XRD- EPS),2020-10-07T10:40:00.000Z,2023-09-13T19:14:00.000Z,3,1,679,359.13,GAMMA_POISSON_RATE_MODEL,RATE_MODEL_ESTIMATE,Solo 1 intervalo(s) propio(s) y sin cohorte disponible - se usa la tasa de reemplazo observada (Gamma-Poisson) en vez de una mediana de muy pocos datos. Basado en 3 evento(s) sobre 35 meses de exposición observada - intervalo creíble aproximado (normal sobre el posterior Gamma).,359.13,11.8,,359.13,,218.98,997.58,,,,3,1,0,1.02,,NO_DATA,,2024-09-06T22:21:12.000Z,RATE_MODEL_ESTIMATE,NO_MANUFACTURER_DATA,26,Insuficiente,1 intervalo(s) válidos (+5) | match exacto/alias (REF_EXACT) (+12) | asociación single (+12) | 35 meses de cobertura (+12) | sin intervalos suficientes (+0) | sin cohorte disponible (+0) | hay datos de uso/contrato/horario (+8) | Weibull no evaluado (n insuficiente) (+4) | estimación de tipo RATE_MODEL_ESTIMATE (+3) | n=1 intervalos (<10) (-10) | n=1 intervalos (<3) (-20),,RATE_MODEL_ESTIMATE,26,Insuficiente,1 intervalo(s) válidos (+5) | match exacto/alias (REF_EXACT) (+12) | asociación single (+12) | 35 meses de cobertura (+12) | sin intervalos suficientes (+0) | sin cohorte disponible (+0) | hay datos de uso/contrato/horario (+8) | Weibull no evaluado (n insuficiente) (+4) | estimación de tipo RATE_MODEL_ESTIMATE (+3) | n=1 intervalos (<10) (-10) | n=1 intervalos (<3) (-20),679,679,,,,GAMMA_POISSON_RATE_MODEL,0.08,
1532627,"FRU,GUN FILA PSU",2021-09-13T15:00:00.000Z,2024-03-05T11:00:00.000Z,3,1,1,317.25,GAMMA_POISSON_RATE_MODEL,RATE_MODEL_ESTIMATE,Solo 1 intervalo(s) propio(s) y sin cohorte disponible - se usa la tasa de reemplazo observada (Gamma-Poisson) en vez de una mediana de muy pocos datos. Basado en 3 evento(s) sobre 30 meses de exposición observada - intervalo creíble aproximado (normal sobre el posterior Gamma).,317.25,10.42,,317.25,,193.45,881.26,,,,3,1,0,1.15,,NO_DATA,,2025-01-16T17:00:00.000Z,RATE_MODEL_ESTIMATE,NO_MANUFACTURER_DATA,26,Insuficiente,1 intervalo(s) válidos (+5) | match exacto/alias (REF_EXACT) (+12) | asociación single (+12) | 30 meses de cobertura (+12) | sin intervalos suficientes (+0) | sin cohorte disponible (+0) | hay datos de uso/contrato/horario (+8) | Weibull no evaluado (n insuficiente) (+4) | estimación de tipo RATE_MODEL_ESTIMATE (+3) | n=1 intervalos (<10) (-10) | n=1 intervalos (<3) (-20),,RATE_MODEL_ESTIMATE,26,Insuficiente,1 intervalo(s) válidos (+5) | match exacto/alias (REF_EXACT) (+12) | asociación single (+12) | 30 meses de cobertura (+12) | sin intervalos suficientes (+0) | sin cohorte disponible (+0) | hay datos de uso/contrato/horario (+8) | Weibull no evaluado (n insuficiente) (+4) | estimación de tipo RATE_MODEL_ESTIMATE (+3) | n=1 intervalos (<10) (-10) | n=1 intervalos (<3) (-20),1,1,,,,GAMMA_POISSON_RATE_MODEL,0,
03-999-1290,Handheld Controller,2021-12-15T14:12:00.000Z,2026-03-07T16:36:00.000Z,3,1,1543,477.06,GAMMA_POISSON_RATE_MODEL,RATE_MODEL_ESTIMATE,Solo 1 intervalo(s) propio(s) y sin cohorte disponible - se usa la tasa de reemplazo observada (Gamma-Poisson) en vez de una mediana de muy pocos datos. Basado en 3 evento(s) sobre 51 meses de exposición observada - intervalo creíble aproximado (normal sobre el posterior Gamma).,477.06,15.67,,477.06,,290.89,1325.16,,,,3,1,0,0.77,,NO_DATA,,2027-06-27T18:02:24.000Z,RATE_MODEL_ESTIMATE,NO_MANUFACTURER_DATA,26,Insuficiente,1 intervalo(s) válidos (+5) | match exacto/alias (REF_EXACT) (+12) | asociación single (+12) | 51 meses de cobertura (+12) | sin intervalos suficientes (+0) | sin cohorte disponible (+0) | hay datos de uso/contrato/horario (+8) | Weibull no evaluado (n insuficiente) (+4) | estimación de tipo RATE_MODEL_ESTIMATE (+3) | n=1 intervalos (<10) (-10) | n=1 intervalos (<3) (-20),,RATE_MODEL_ESTIMATE,26,Insuficiente,1 intervalo(s) válidos (+5) | match exacto/alias (REF_EXACT) (+12) | asociación single (+12) | 51 meses de cobertura (+12) | sin intervalos suficientes (+0) | sin cohorte disponible (+0) | hay datos de uso/contrato/horario (+8) | Weibull no evaluado (n insuficiente) (+4) | estimación de tipo RATE_MODEL_ESTIMATE (+3) | n=1 intervalos (<10) (-10) | n=1 intervalos (<3) (-20),1543,1543,,,,GAMMA_POISSON_RATE_MODEL,0.67,
1505146,"PCB ASSEMBLY, CITB",2022-10-24T12:18:00.000Z,2024-08-02T22:12:00.000Z,3,0,,,NONE,INSUFFICIENT_DATA,Sin eventos observados para esta combinación.,,,,,,,,,,,3,0,0,,,NO_DATA,,,INSUFFICIENT_DATA,NO_MANUFACTURER_DATA,14,Insuficiente,0 intervalo(s) válidos (+0) | match exacto/alias (REF_EXACT) (+12) | asociación single (+12) | 21 meses de cobertura (+8) | sin intervalos suficientes (+0) | sin cohorte disponible (+0) | hay datos de uso/contrato/horario (+8) | Weibull no evaluado (n insuficiente) (+4) | estimación de tipo INSUFFICIENT_DATA (+0) | n=0 intervalos (<10) (-10) | n=0 intervalos (<3) (-20),,INSUFFICIENT_DATA,14,Insuficiente,0 intervalo(s) válidos (+0) | match exacto/alias (REF_EXACT) (+12) | asociación single (+12) | 21 meses de cobertura (+8) | sin intervalos suficientes (+0) | sin cohorte disponible (+0) | hay datos de uso/contrato/horario (+8) | Weibull no evaluado (n insuficiente) (+4) | estimación de tipo INSUFFICIENT_DATA (+0) | n=0 intervalos (<10) (-10) | n=0 intervalos (<3) (-20),,,,,,NONE,0.53,
1546731,"Contactor (CON A), 24V, 50Hz, 50 A, Siemens 3RT 1036-1AB00",2022-10-24T12:18:00.000Z,2024-07-10T22:00:00.000Z,3,1,15,247.65,GAMMA_POISSON_RATE_MODEL,RATE_MODEL_ESTIMATE,Solo 1 intervalo(s) propio(s) y sin cohorte disponible - se usa la tasa de reemplazo observada (Gamma-Poisson) en vez de una mediana de muy pocos datos. Basado en 3 evento(s) sobre 21 meses de exposición observada - intervalo creíble aproximado (normal sobre el posterior Gamma).,247.65,8.14,,247.65,,151.01,687.92,,,,3,1,0,1.47,,NO_DATA,,2025-03-15T13:36:00.000Z,RATE_MODEL_ESTIMATE,NO_MANUFACTURER_DATA,22,Insuficiente,1 intervalo(s) válidos (+5) | match exacto/alias (REF_EXACT) (+12) | asociación single (+12) | 21 meses de cobertura (+8) | sin intervalos suficientes (+0) | sin cohorte disponible (+0) | hay datos de uso/contrato/horario (+8) | Weibull no evaluado (n insuficiente) (+4) | estimación de tipo RATE_MODEL_ESTIMATE (+3) | n=1 intervalos (<10) (-10) | n=1 intervalos (<3) (-20),,RATE_MODEL_ESTIMATE,22,Insuficiente,1 intervalo(s) válidos (+5) | match exacto/alias (REF_EXACT) (+12) | asociación single (+12) | 21 meses de cobertura (+8) | sin intervalos suficientes (+0) | sin cohorte disponible (+0) | hay datos de uso/contrato/horario (+8) | Weibull no evaluado (n insuficiente) (+4) | estimación de tipo RATE_MODEL_ESTIMATE (+3) | n=1 intervalos (<10) (-10) | n=1 intervalos (<3) (-20),15,15,,,,GAMMA_POISSON_RATE_MODEL,0.38,
1016984,FRU ISO ROTATION BRAKE,2022-10-26T20:30:00.000Z,2024-08-28T22:00:00.000Z,3,0,,,NONE,INSUFFICIENT_DATA,Sin eventos observados para esta combinación.,,,,,,,,,,,3,0,0,,,NO_DATA,,,INSUFFICIENT_DATA,NO_MANUFACTURER_DATA,0,Insuficiente,0 intervalo(s) válidos (+0) | match exacto/alias (REF_EXACT) (+12) | asociación multi (+5) | 22 meses de cobertura (+8) | sin intervalos suficientes (+0) | sin cohorte disponible (+0) | hay datos de uso/contrato/horario (+8) | Weibull no evaluado (n insuficiente) (+4) | estimación de tipo INSUFFICIENT_DATA (+0) | n=0 intervalos (<10) (-10) | n=0 intervalos (<3) (-20) | asociación desde task con múltiples equipos (-8),,INSUFFICIENT_DATA,0,Insuficiente,0 intervalo(s) válidos (+0) | match exacto/alias (REF_EXACT) (+12) | asociación multi (+5) | 22 meses de cobertura (+8) | sin intervalos suficientes (+0) | sin cohorte disponible (+0) | hay datos de uso/contrato/horario (+8) | Weibull no evaluado (n insuficiente) (+4) | estimación de tipo INSUFFICIENT_DATA (+0) | n=0 intervalos (<10) (-10) | n=0 intervalos (<3) (-20) | asociación desde task con múltiples equipos (-8),,,,,,NONE,0.71,
1016478,"KIT, SPARES, LEAF MOULDED",2022-11-26T11:30:00.000Z,2023-05-27T13:00:00.000Z,3,2,91,136.82,GAMMA_POISSON_RATE_MODEL,RATE_MODEL_ESTIMATE,Solo 2 intervalo(s) propio(s) y sin cohorte disponible - se usa la tasa de reemplazo observada (Gamma-Poisson) en vez de una mediana de muy pocos datos. Basado en 3 evento(s) sobre 6 meses de exposición observada - intervalo creíble aproximado (normal sobre el posterior Gamma).,136.82,4.49,,136.82,,83.43,380.07,,,,3,2,0,2.67,,NO_DATA,,2023-10-11T08:40:48.000Z,RATE_MODEL_ESTIMATE,NO_MANUFACTURER_DATA,20,Insuficiente,2 intervalo(s) válidos (+5) | match exacto/alias (REF_EXACT) (+12) | asociación single (+12) | 6 meses de cobertura (+4) | coeficiente de variación 1.07 (+2) | sin cohorte disponible (+0) | hay datos de uso/contrato/horario (+8) | Weibull no evaluado (n insuficiente) (+4) | estimación de tipo RATE_MODEL_ESTIMATE (+3) | n=2 intervalos (<10) (-10) | n=2 intervalos (<3) (-20),,RATE_MODEL_ESTIMATE,20,Insuficiente,2 intervalo(s) válidos (+5) | match exacto/alias (REF_EXACT) (+12) | asociación single (+12) | 6 meses de cobertura (+4) | coeficiente de variación 1.07 (+2) | sin cohorte disponible (+0) | hay datos de uso/contrato/horario (+8) | Weibull no evaluado (n insuficiente) (+4) | estimación de tipo RATE_MODEL_ESTIMATE (+3) | n=2 intervalos (<10) (-10) | n=2 intervalos (<3) (-20),22,160,,,,GAMMA_POISSON_RATE_MODEL,0.95,
1507972,"PCB assy ODI,Voltage Regulator PCB Assy",2023-07-11T14:27:00.000Z,2024-11-29T17:00:00.000Z,3,0,,,NONE,INSUFFICIENT_DATA,Sin eventos observados para esta combinación.,,,,,,,,,,,3,0,0,,,NO_DATA,,,INSUFFICIENT_DATA,NO_MANUFACTURER_DATA,14,Insuficiente,0 intervalo(s) válidos (+0) | match exacto/alias (REF_EXACT) (+12) | asociación single (+12) | 17 meses de cobertura (+8) | sin intervalos suficientes (+0) | sin cohorte disponible (+0) | hay datos de uso/contrato/horario (+8) | Weibull no evaluado (n insuficiente) (+4) | estimación de tipo INSUFFICIENT_DATA (+0) | n=0 intervalos (<10) (-10) | n=0 intervalos (<3) (-20),,INSUFFICIENT_DATA,14,Insuficiente,0 intervalo(s) válidos (+0) | match exacto/alias (REF_EXACT) (+12) | asociación single (+12) | 17 meses de cobertura (+8) | sin intervalos suficientes (+0) | sin cohorte disponible (+0) | hay datos de uso/contrato/horario (+8) | Weibull no evaluado (n insuficiente) (+4) | estimación de tipo INSUFFICIENT_DATA (+0) | n=0 intervalos (<10) (-10) | n=0 intervalos (<3) (-20),,,,,,NONE,0.06,
080140,Fiber optic for indexer,2023-07-05T21:00:00.000Z,2025-06-23T12:30:00.000Z,3,1,719,270.96,GAMMA_POISSON_RATE_MODEL,RATE_MODEL_ESTIMATE,Solo 1 intervalo(s) propio(s) y sin cohorte disponible - se usa la tasa de reemplazo observada (Gamma-Poisson) en vez de una mediana de muy pocos datos. Basado en 3 evento(s) sobre 24 meses de exposición observada - intervalo creíble aproximado (normal sobre el posterior Gamma).,270.96,8.9,,270.96,,165.22,752.66,,,,3,1,0,1.35,,NO_DATA,,2026-03-21T11:32:24.000Z,RATE_MODEL_ESTIMATE,NO_MANUFACTURER_DATA,22,Insuficiente,1 intervalo(s) válidos (+5) | match exacto/alias (REF_EXACT) (+12) | asociación single (+12) | 24 meses de cobertura (+8) | sin intervalos suficientes (+0) | sin cohorte disponible (+0) | hay datos de uso/contrato/horario (+8) | Weibull no evaluado (n insuficiente) (+4) | estimación de tipo RATE_MODEL_ESTIMATE (+3) | n=1 intervalos (<10) (-10) | n=1 intervalos (<3) (-20),,RATE_MODEL_ESTIMATE,22,Insuficiente,1 intervalo(s) válidos (+5) | match exacto/alias (REF_EXACT) (+12) | asociación single (+12) | 24 meses de cobertura (+8) | sin intervalos suficientes (+0) | sin cohorte disponible (+0) | hay datos de uso/contrato/horario (+8) | Weibull no evaluado (n insuficiente) (+4) | estimación de tipo RATE_MODEL_ESTIMATE (+3) | n=1 intervalos (<10) (-10) | n=1 intervalos (<3) (-20),719,719,,,,GAMMA_POISSON_RATE_MODEL,0.2,
1027687,Detector imaging panel (AP),2023-08-21T14:07:00.000Z,2024-01-19T12:00:00.000Z,3,0,,,NONE,INSUFFICIENT_DATA,Sin eventos observados para esta combinación.,,,,,,,,,,,3,0,0,,,NO_DATA,,,INSUFFICIENT_DATA,NO_MANUFACTURER_DATA,10,Insuficiente,0 intervalo(s) válidos (+0) | match exacto/alias (REF_EXACT) (+12) | asociación single (+12) | 5 meses de cobertura (+4) | sin intervalos suficientes (+0) | sin cohorte disponible (+0) | hay datos de uso/contrato/horario (+8) | Weibull no evaluado (n insuficiente) (+4) | estimación de tipo INSUFFICIENT_DATA (+0) | n=0 intervalos (<10) (-10) | n=0 intervalos (<3) (-20),,INSUFFICIENT_DATA,10,Insuficiente,0 intervalo(s) válidos (+0) | match exacto/alias (REF_EXACT) (+12) | asociación single (+12) | 5 meses de cobertura (+4) | sin intervalos suficientes (+0) | sin cohorte disponible (+0) | hay datos de uso/contrato/horario (+8) | Weibull no evaluado (n insuficiente) (+4) | estimación de tipo INSUFFICIENT_DATA (+0) | n=0 intervalos (<10) (-10) | n=0 intervalos (<3) (-20),,,,,,NONE,0.33,
1007099,Longitudinal PCB limit switch assembly,2024-01-05T21:00:00.000Z,2024-08-05T19:41:00.000Z,3,0,,,NONE,INSUFFICIENT_DATA,Sin eventos observados para esta combinación.,,,,,,,,,,,3,0,0,,,NO_DATA,,,INSUFFICIENT_DATA,NO_MANUFACTURER_DATA,10,Insuficiente,0 intervalo(s) válidos (+0) | match exacto/alias (REF_EXACT) (+12) | asociación single (+12) | 7 meses de cobertura (+4) | sin intervalos suficientes (+0) | sin cohorte disponible (+0) | hay datos de uso/contrato/horario (+8) | Weibull no evaluado (n insuficiente) (+4) | estimación de tipo INSUFFICIENT_DATA (+0) | n=0 intervalos (<10) (-10) | n=0 intervalos (<3) (-20),,INSUFFICIENT_DATA,10,Insuficiente,0 intervalo(s) válidos (+0) | match exacto/alias (REF_EXACT) (+12) | asociación single (+12) | 7 meses de cobertura (+4) | sin intervalos suficientes (+0) | sin cohorte disponible (+0) | hay datos de uso/contrato/horario (+8) | Weibull no evaluado (n insuficiente) (+4) | estimación de tipo INSUFFICIENT_DATA (+0) | n=0 intervalos (<10) (-10) | n=0 intervalos (<3) (-20),,,,,,NONE,0.58,
1550513,Extended imaging module (XIM),2024-08-16T16:18:00.000Z,2026-03-03T22:00:00.000Z,3,1,252,232.36,GAMMA_POISSON_RATE_MODEL,RATE_MODEL_ESTIMATE,Solo 1 intervalo(s) propio(s) y sin cohorte disponible - se usa la tasa de reemplazo observada (Gamma-Poisson) en vez de una mediana de muy pocos datos. Basado en 3 evento(s) sobre 19 meses de exposición observada - intervalo creíble aproximado (normal sobre el posterior Gamma).,232.36,7.63,,232.36,,141.68,645.45,,,,3,1,0,1.57,,NO_DATA,,2026-10-22T06:38:24.000Z,RATE_MODEL_ESTIMATE,NO_MANUFACTURER_DATA,22,Insuficiente,1 intervalo(s) válidos (+5) | match exacto/alias (REF_EXACT) (+12) | asociación single (+12) | 19 meses de cobertura (+8) | sin intervalos suficientes (+0) | sin cohorte disponible (+0) | hay datos de uso/contrato/horario (+8) | Weibull no evaluado (n insuficiente) (+4) | estimación de tipo RATE_MODEL_ESTIMATE (+3) | n=1 intervalos (<10) (-10) | n=1 intervalos (<3) (-20),,RATE_MODEL_ESTIMATE,22,Insuficiente,1 intervalo(s) válidos (+5) | match exacto/alias (REF_EXACT) (+12) | asociación single (+12) | 19 meses de cobertura (+8) | sin intervalos suficientes (+0) | sin cohorte disponible (+0) | hay datos de uso/contrato/horario (+8) | Weibull no evaluado (n insuficiente) (+4) | estimación de tipo RATE_MODEL_ESTIMATE (+3) | n=1 intervalos (<10) (-10) | n=1 intervalos (<3) (-20),252,252,,,,GAMMA_POISSON_RATE_MODEL,0.31,
1572991,FRU Z MTR BRUSH SET (E'CRAFT),2025-06-05T19:05:00.000Z,2025-12-17T15:45:00.000Z,3,0,,,NONE,INSUFFICIENT_DATA,Sin eventos observados para esta combinación.,,,,,,,,,,,3,0,0,,,NO_DATA,,,INSUFFICIENT_DATA,NO_MANUFACTURER_DATA,10,Insuficiente,0 intervalo(s) válidos (+0) | match exacto/alias (REF_EXACT) (+12) | asociación single (+12) | 6 meses de cobertura (+4) | sin intervalos suficientes (+0) | sin cohorte disponible (+0) | hay datos de uso/contrato/horario (+8) | Weibull no evaluado (n insuficiente) (+4) | estimación de tipo INSUFFICIENT_DATA (+0) | n=0 intervalos (<10) (-10) | n=0 intervalos (<3) (-20),,INSUFFICIENT_DATA,10,Insuficiente,0 intervalo(s) válidos (+0) | match exacto/alias (REF_EXACT) (+12) | asociación single (+12) | 6 meses de cobertura (+4) | sin intervalos suficientes (+0) | sin cohorte disponible (+0) | hay datos de uso/contrato/horario (+8) | Weibull no evaluado (n insuficiente) (+4) | estimación de tipo INSUFFICIENT_DATA (+0) | n=0 intervalos (<10) (-10) | n=0 intervalos (<3) (-20),,,,,,NONE,0,
1531853,"Y and X-drive fine potentiometer （ DSHAPE ), Lateral and longitudinal",2025-09-03T20:32:00.000Z,2025-10-22T20:00:00.000Z,3,1,12,103.56,GAMMA_POISSON_RATE_MODEL,RATE_MODEL_ESTIMATE,Solo 1 intervalo(s) propio(s) y sin cohorte disponible - se usa la tasa de reemplazo observada (Gamma-Poisson) en vez de una mediana de muy pocos datos. Basado en 3 evento(s) sobre 2 meses de exposición observada - intervalo creíble aproximado (normal sobre el posterior Gamma).,103.56,3.4,,103.56,,63.14,287.66,,,,3,1,0,3.53,,NO_DATA,,2026-02-03T09:26:24.000Z,RATE_MODEL_ESTIMATE,NO_MANUFACTURER_DATA,18,Insuficiente,1 intervalo(s) válidos (+5) | match exacto/alias (REF_EXACT) (+12) | asociación single (+12) | 2 meses de cobertura (+4) | sin intervalos suficientes (+0) | sin cohorte disponible (+0) | hay datos de uso/contrato/horario (+8) | Weibull no evaluado (n insuficiente) (+4) | estimación de tipo RATE_MODEL_ESTIMATE (+3) | n=1 intervalos (<10) (-10) | n=1 intervalos (<3) (-20),,RATE_MODEL_ESTIMATE,18,Insuficiente,1 intervalo(s) válidos (+5) | match exacto/alias (REF_EXACT) (+12) | asociación single (+12) | 2 meses de cobertura (+4) | sin intervalos suficientes (+0) | sin cohorte disponible (+0) | hay datos de uso/contrato/horario (+8) | Weibull no evaluado (n insuficiente) (+4) | estimación de tipo RATE_MODEL_ESTIMATE (+3) | n=1 intervalos (<10) (-10) | n=1 intervalos (<3) (-20),12,12,,,,GAMMA_POISSON_RATE_MODEL,0.09,
1026565,Temperature controller,2018-10-10T19:30:00.000Z,2022-08-09T03:02:00.000Z,2,0,,,NONE,INSUFFICIENT_DATA,Sin eventos observados para esta combinación.,,,,,,,,,,,2,0,0,,,NO_DATA,,,INSUFFICIENT_DATA,NO_MANUFACTURER_DATA,18,Insuficiente,0 intervalo(s) válidos (+0) | match exacto/alias (REF_EXACT) (+12) | asociación single (+12) | 46 meses de cobertura (+12) | sin intervalos suficientes (+0) | sin cohorte disponible (+0) | hay datos de uso/contrato/horario (+8) | Weibull no evaluado (n insuficiente) (+4) | estimación de tipo INSUFFICIENT_DATA (+0) | n=0 intervalos (<10) (-10) | n=0 intervalos (<3) (-20),,INSUFFICIENT_DATA,18,Insuficiente,0 intervalo(s) válidos (+0) | match exacto/alias (REF_EXACT) (+12) | asociación single (+12) | 46 meses de cobertura (+12) | sin intervalos suficientes (+0) | sin cohorte disponible (+0) | hay datos de uso/contrato/horario (+8) | Weibull no evaluado (n insuficiente) (+4) | estimación de tipo INSUFFICIENT_DATA (+0) | n=0 intervalos (<10) (-10) | n=0 intervalos (<3) (-20),,,,,,NONE,0.41,
45133327662,BEAM SPLITTER MIRROR ASSY,2018-11-16T19:00:00.000Z,2020-08-04T12:50:00.000Z,2,0,,,NONE,INSUFFICIENT_DATA,Sin eventos observados para esta combinación.,,,,,,,,,,,2,0,0,,,NO_DATA,,,INSUFFICIENT_DATA,NO_MANUFACTURER_DATA,10,Insuficiente,0 intervalo(s) válidos (+0) | match por método débil (REF_LIKE) (+8) | asociación single (+12) | 21 meses de cobertura (+8) | sin intervalos suficientes (+0) | sin cohorte disponible (+0) | hay datos de uso/contrato/horario (+8) | Weibull no evaluado (n insuficiente) (+4) | estimación de tipo INSUFFICIENT_DATA (+0) | n=0 intervalos (<10) (-10) | n=0 intervalos (<3) (-20),,INSUFFICIENT_DATA,10,Insuficiente,0 intervalo(s) válidos (+0) | match por método débil (REF_LIKE) (+8) | asociación single (+12) | 21 meses de cobertura (+8) | sin intervalos suficientes (+0) | sin cohorte disponible (+0) | hay datos de uso/contrato/horario (+8) | Weibull no evaluado (n insuficiente) (+4) | estimación de tipo INSUFFICIENT_DATA (+0) | n=0 intervalos (<10) (-10) | n=0 intervalos (<3) (-20),,,,,,NONE,0.25,
45133304100,Drift tube assembly,2018-08-24T11:30:00.000Z,2025-03-15T22:44:00.000Z,2,0,,,NONE,INSUFFICIENT_DATA,Sin eventos observados para esta combinación.,,,,,,,,,,,2,0,0,,,NO_DATA,,,INSUFFICIENT_DATA,NO_MANUFACTURER_DATA,14,Insuficiente,0 intervalo(s) válidos (+0) | match por método débil (REF_LIKE) (+8) | asociación single (+12) | 79 meses de cobertura (+12) | sin intervalos suficientes (+0) | sin cohorte disponible (+0) | hay datos de uso/contrato/horario (+8) | Weibull no evaluado (n insuficiente) (+4) | estimación de tipo INSUFFICIENT_DATA (+0) | n=0 intervalos (<10) (-10) | n=0 intervalos (<3) (-20),,INSUFFICIENT_DATA,14,Insuficiente,0 intervalo(s) válidos (+0) | match por método débil (REF_LIKE) (+8) | asociación single (+12) | 79 meses de cobertura (+12) | sin intervalos suficientes (+0) | sin cohorte disponible (+0) | hay datos de uso/contrato/horario (+8) | Weibull no evaluado (n insuficiente) (+4) | estimación de tipo INSUFFICIENT_DATA (+0) | n=0 intervalos (<10) (-10) | n=0 intervalos (<3) (-20),,,,,,NONE,0.5,
1516753,Thyratron Pulser PCB,2019-01-29T23:00:00.000Z,2024-10-01T17:37:00.000Z,2,0,,,NONE,INSUFFICIENT_DATA,Sin eventos observados para esta combinación.,,,,,,,,,,,2,0,0,,,NO_DATA,,,INSUFFICIENT_DATA,NO_MANUFACTURER_DATA,18,Insuficiente,0 intervalo(s) válidos (+0) | match exacto/alias (REF_EXACT) (+12) | asociación single (+12) | 68 meses de cobertura (+12) | sin intervalos suficientes (+0) | sin cohorte disponible (+0) | hay datos de uso/contrato/horario (+8) | Weibull no evaluado (n insuficiente) (+4) | estimación de tipo INSUFFICIENT_DATA (+0) | n=0 intervalos (<10) (-10) | n=0 intervalos (<3) (-20),,INSUFFICIENT_DATA,18,Insuficiente,0 intervalo(s) válidos (+0) | match exacto/alias (REF_EXACT) (+12) | asociación single (+12) | 68 meses de cobertura (+12) | sin intervalos suficientes (+0) | sin cohorte disponible (+0) | hay datos de uso/contrato/horario (+8) | Weibull no evaluado (n insuficiente) (+4) | estimación de tipo INSUFFICIENT_DATA (+0) | n=0 intervalos (<10) (-10) | n=0 intervalos (<3) (-20),,,,,,NONE,0.5,
1510260R,KV Detector Panel,2019-03-08T20:00:10.881Z,2019-03-09T11:30:00.000Z,2,1,1,121.97,GAMMA_POISSON_RATE_MODEL,RATE_MODEL_ESTIMATE,Solo 1 intervalo(s) propio(s) y sin cohorte disponible - se usa la tasa de reemplazo observada (Gamma-Poisson) en vez de una mediana de muy pocos datos. Basado en 2 evento(s) sobre 0 meses de exposición observada - intervalo creíble aproximado (normal sobre el posterior Gamma).,121.97,4.01,,121.97,,70.13,467.31,,,,2,1,0,2.99,,NO_DATA,,2019-07-09T10:46:48.000Z,RATE_MODEL_ESTIMATE,NO_MANUFACTURER_DATA,18,Insuficiente,1 intervalo(s) válidos (+5) | match exacto/alias (REF_EXACT) (+12) | asociación single (+12) | 0 meses de cobertura (+4) | sin intervalos suficientes (+0) | sin cohorte disponible (+0) | hay datos de uso/contrato/horario (+8) | Weibull no evaluado (n insuficiente) (+4) | estimación de tipo RATE_MODEL_ESTIMATE (+3) | n=1 intervalos (<10) (-10) | n=1 intervalos (<3) (-20),,RATE_MODEL_ESTIMATE,18,Insuficiente,1 intervalo(s) válidos (+5) | match exacto/alias (REF_EXACT) (+12) | asociación single (+12) | 0 meses de cobertura (+4) | sin intervalos suficientes (+0) | sin cohorte disponible (+0) | hay datos de uso/contrato/horario (+8) | Weibull no evaluado (n insuficiente) (+4) | estimación de tipo RATE_MODEL_ESTIMATE (+3) | n=1 intervalos (<10) (-10) | n=1 intervalos (<3) (-20),1,1,,,,GAMMA_POISSON_RATE_MODEL,0.75,
1507089,"Programmed PCB Assy, Router",2019-04-02T15:30:00.000Z,2019-06-13T12:00:45.530Z,2,0,,,NONE,INSUFFICIENT_DATA,Sin eventos observados para esta combinación.,,,,,,,,,,,2,0,0,,,NO_DATA,,,INSUFFICIENT_DATA,NO_MANUFACTURER_DATA,10,Insuficiente,0 intervalo(s) válidos (+0) | match exacto/alias (REF_EXACT) (+12) | asociación single (+12) | 2 meses de cobertura (+4) | sin intervalos suficientes (+0) | sin cohorte disponible (+0) | hay datos de uso/contrato/horario (+8) | Weibull no evaluado (n insuficiente) (+4) | estimación de tipo INSUFFICIENT_DATA (+0) | n=0 intervalos (<10) (-10) | n=0 intervalos (<3) (-20),,INSUFFICIENT_DATA,10,Insuficiente,0 intervalo(s) válidos (+0) | match exacto/alias (REF_EXACT) (+12) | asociación single (+12) | 2 meses de cobertura (+4) | sin intervalos suficientes (+0) | sin cohorte disponible (+0) | hay datos de uso/contrato/horario (+8) | Weibull no evaluado (n insuficiente) (+4) | estimación de tipo INSUFFICIENT_DATA (+0) | n=0 intervalos (<10) (-10) | n=0 intervalos (<3) (-20),,,,,,NONE,0.12,
45133501070,HANDHELD CONTROLLER,2019-04-02T15:30:00.000Z,2023-07-03T16:15:00.000Z,2,0,,,NONE,INSUFFICIENT_DATA,Sin eventos observados para esta combinación.,,,,,,,,,,,2,0,0,,,NO_DATA,,,INSUFFICIENT_DATA,NO_MANUFACTURER_DATA,18,Insuficiente,0 intervalo(s) válidos (+0) | match exacto/alias (REF_EXACT) (+12) | asociación single (+12) | 51 meses de cobertura (+12) | sin intervalos suficientes (+0) | sin cohorte disponible (+0) | hay datos de uso/contrato/horario (+8) | Weibull no evaluado (n insuficiente) (+4) | estimación de tipo INSUFFICIENT_DATA (+0) | n=0 intervalos (<10) (-10) | n=0 intervalos (<3) (-20),,INSUFFICIENT_DATA,18,Insuficiente,0 intervalo(s) válidos (+0) | match exacto/alias (REF_EXACT) (+12) | asociación single (+12) | 51 meses de cobertura (+12) | sin intervalos suficientes (+0) | sin cohorte disponible (+0) | hay datos de uso/contrato/horario (+8) | Weibull no evaluado (n insuficiente) (+4) | estimación de tipo INSUFFICIENT_DATA (+0) | n=0 intervalos (<10) (-10) | n=0 intervalos (<3) (-20),,,,,,NONE,0,
R1510260,KV Detector Panel,2019-04-06T10:30:00.000Z,2021-04-16T12:30:00.000Z,2,0,,,NONE,INSUFFICIENT_DATA,Sin eventos observados para esta combinación.,,,,,,,,,,,2,0,0,,,NO_DATA,,,INSUFFICIENT_DATA,NO_MANUFACTURER_DATA,18,Insuficiente,0 intervalo(s) válidos (+0) | match exacto/alias (REF_EXACT) (+12) | asociación single (+12) | 24 meses de cobertura (+12) | sin intervalos suficientes (+0) | sin cohorte disponible (+0) | hay datos de uso/contrato/horario (+8) | Weibull no evaluado (n insuficiente) (+4) | estimación de tipo INSUFFICIENT_DATA (+0) | n=0 intervalos (<10) (-10) | n=0 intervalos (<3) (-20),,INSUFFICIENT_DATA,18,Insuficiente,0 intervalo(s) válidos (+0) | match exacto/alias (REF_EXACT) (+12) | asociación single (+12) | 24 meses de cobertura (+12) | sin intervalos suficientes (+0) | sin cohorte disponible (+0) | hay datos de uso/contrato/horario (+8) | Weibull no evaluado (n insuficiente) (+4) | estimación de tipo INSUFFICIENT_DATA (+0) | n=0 intervalos (<10) (-10) | n=0 intervalos (<3) (-20),,,,,,NONE,0.5,
45133305658_usado,Multiplex terminal unit (MTU),2019-04-08T10:30:40.143Z,2023-11-20T17:00:00.000Z,2,0,,,NONE,INSUFFICIENT_DATA,Sin eventos observados para esta combinación.,,,,,,,,,,,2,0,0,,,NO_DATA,,,INSUFFICIENT_DATA,NO_MANUFACTURER_DATA,14,Insuficiente,0 intervalo(s) válidos (+0) | match por método débil (REF_LIKE) (+8) | asociación single (+12) | 55 meses de cobertura (+12) | sin intervalos suficientes (+0) | sin cohorte disponible (+0) | hay datos de uso/contrato/horario (+8) | Weibull no evaluado (n insuficiente) (+4) | estimación de tipo INSUFFICIENT_DATA (+0) | n=0 intervalos (<10) (-10) | n=0 intervalos (<3) (-20),,INSUFFICIENT_DATA,14,Insuficiente,0 intervalo(s) válidos (+0) | match por método débil (REF_LIKE) (+8) | asociación single (+12) | 55 meses de cobertura (+12) | sin intervalos suficientes (+0) | sin cohorte disponible (+0) | hay datos de uso/contrato/horario (+8) | Weibull no evaluado (n insuficiente) (+4) | estimación de tipo INSUFFICIENT_DATA (+0) | n=0 intervalos (<10) (-10) | n=0 intervalos (<3) (-20),,,,,,NONE,0.29,
1020850,"Programmable Pulse Generator, PPG-CVDR PCB",2019-07-05T20:00:00.000Z,2024-10-01T17:37:00.000Z,2,0,,,NONE,INSUFFICIENT_DATA,Sin eventos observados para esta combinación.,,,,,,,,,,,2,0,0,,,NO_DATA,,,INSUFFICIENT_DATA,NO_MANUFACTURER_DATA,14,Insuficiente,0 intervalo(s) válidos (+0) | match por método débil (REF_LIKE) (+8) | asociación single (+12) | 63 meses de cobertura (+12) | sin intervalos suficientes (+0) | sin cohorte disponible (+0) | hay datos de uso/contrato/horario (+8) | Weibull no evaluado (n insuficiente) (+4) | estimación de tipo INSUFFICIENT_DATA (+0) | n=0 intervalos (<10) (-10) | n=0 intervalos (<3) (-20),,INSUFFICIENT_DATA,14,Insuficiente,0 intervalo(s) válidos (+0) | match por método débil (REF_LIKE) (+8) | asociación single (+12) | 63 meses de cobertura (+12) | sin intervalos suficientes (+0) | sin cohorte disponible (+0) | hay datos de uso/contrato/horario (+8) | Weibull no evaluado (n insuficiente) (+4) | estimación de tipo INSUFFICIENT_DATA (+0) | n=0 intervalos (<10) (-10) | n=0 intervalos (<3) (-20),,,,,,NONE,0,
1022096,Assy Fan 70x70x15mm NO USAR,2019-07-11T14:00:25.916Z,2020-09-12T11:29:00.000Z,2,0,,,NONE,INSUFFICIENT_DATA,Sin eventos observados para esta combinación.,,,,,,,,,,,2,0,0,,,NO_DATA,,,INSUFFICIENT_DATA,NO_MANUFACTURER_DATA,14,Insuficiente,0 intervalo(s) válidos (+0) | match exacto/alias (REF_EXACT) (+12) | asociación single (+12) | 14 meses de cobertura (+8) | sin intervalos suficientes (+0) | sin cohorte disponible (+0) | hay datos de uso/contrato/horario (+8) | Weibull no evaluado (n insuficiente) (+4) | estimación de tipo INSUFFICIENT_DATA (+0) | n=0 intervalos (<10) (-10) | n=0 intervalos (<3) (-20),,INSUFFICIENT_DATA,14,Insuficiente,0 intervalo(s) válidos (+0) | match exacto/alias (REF_EXACT) (+12) | asociación single (+12) | 14 meses de cobertura (+8) | sin intervalos suficientes (+0) | sin cohorte disponible (+0) | hay datos de uso/contrato/horario (+8) | Weibull no evaluado (n insuficiente) (+4) | estimación de tipo INSUFFICIENT_DATA (+0) | n=0 intervalos (<10) (-10) | n=0 intervalos (<3) (-20),,,,,,NONE,0.67,
45133411788,Longitudinal Brake assembly (MR),2019-10-22T21:00:00.000Z,2025-02-20T15:19:00.000Z,2,0,,,NONE,INSUFFICIENT_DATA,Sin eventos observados para esta combinación.,,,,,,,,,,,2,0,0,,,NO_DATA,,,INSUFFICIENT_DATA,NO_MANUFACTURER_DATA,18,Insuficiente,0 intervalo(s) válidos (+0) | match exacto/alias (REF_EXACT) (+12) | asociación single (+12) | 64 meses de cobertura (+12) | sin intervalos suficientes (+0) | sin cohorte disponible (+0) | hay datos de uso/contrato/horario (+8) | Weibull no evaluado (n insuficiente) (+4) | estimación de tipo INSUFFICIENT_DATA (+0) | n=0 intervalos (<10) (-10) | n=0 intervalos (<3) (-20),,INSUFFICIENT_DATA,18,Insuficiente,0 intervalo(s) válidos (+0) | match exacto/alias (REF_EXACT) (+12) | asociación single (+12) | 64 meses de cobertura (+12) | sin intervalos suficientes (+0) | sin cohorte disponible (+0) | hay datos de uso/contrato/horario (+8) | Weibull no evaluado (n insuficiente) (+4) | estimación de tipo INSUFFICIENT_DATA (+0) | n=0 intervalos (<10) (-10) | n=0 intervalos (<3) (-20),,,,,,NONE,0.38,
BJ4853.222.02,"CABLE ASSY,SK25E TO X38H",2019-12-05T11:30:00.000Z,2021-03-26T15:00:00.000Z,2,0,,,NONE,INSUFFICIENT_DATA,Sin eventos observados para esta combinación.,,,,,,,,,,,2,0,0,,,NO_DATA,,,INSUFFICIENT_DATA,NO_MANUFACTURER_DATA,14,Insuficiente,0 intervalo(s) válidos (+0) | match exacto/alias (REF_EXACT) (+12) | asociación single (+12) | 16 meses de cobertura (+8) | sin intervalos suficientes (+0) | sin cohorte disponible (+0) | hay datos de uso/contrato/horario (+8) | Weibull no evaluado (n insuficiente) (+4) | estimación de tipo INSUFFICIENT_DATA (+0) | n=0 intervalos (<10) (-10) | n=0 intervalos (<3) (-20),,INSUFFICIENT_DATA,14,Insuficiente,0 intervalo(s) válidos (+0) | match exacto/alias (REF_EXACT) (+12) | asociación single (+12) | 16 meses de cobertura (+8) | sin intervalos suficientes (+0) | sin cohorte disponible (+0) | hay datos de uso/contrato/horario (+8) | Weibull no evaluado (n insuficiente) (+4) | estimación de tipo INSUFFICIENT_DATA (+0) | n=0 intervalos (<10) (-10) | n=0 intervalos (<3) (-20),,,,,,NONE,0,
BJ4853.223.02,"CABLE ASSY,SK25F TO X38K",2019-12-05T11:30:00.000Z,2021-03-26T15:00:00.000Z,2,0,,,NONE,INSUFFICIENT_DATA,Sin eventos observados para esta combinación.,,,,,,,,,,,2,0,0,,,NO_DATA,,,INSUFFICIENT_DATA,NO_MANUFACTURER_DATA,14,Insuficiente,0 intervalo(s) válidos (+0) | match exacto/alias (REF_NORMALIZED_EXACT) (+12) | asociación single (+12) | 16 meses de cobertura (+8) | sin intervalos suficientes (+0) | sin cohorte disponible (+0) | hay datos de uso/contrato/horario (+8) | Weibull no evaluado (n insuficiente) (+4) | estimación de tipo INSUFFICIENT_DATA (+0) | n=0 intervalos (<10) (-10) | n=0 intervalos (<3) (-20),,INSUFFICIENT_DATA,14,Insuficiente,0 intervalo(s) válidos (+0) | match exacto/alias (REF_NORMALIZED_EXACT) (+12) | asociación single (+12) | 16 meses de cobertura (+8) | sin intervalos suficientes (+0) | sin cohorte disponible (+0) | hay datos de uso/contrato/horario (+8) | Weibull no evaluado (n insuficiente) (+4) | estimación de tipo INSUFFICIENT_DATA (+0) | n=0 intervalos (<10) (-10) | n=0 intervalos (<3) (-20),,,,,,NONE,0,
SKM_300_GB_128D,IGBT,2020-04-04T12:00:00.000Z,2020-04-04T12:00:00.000Z,2,0,,,NONE,INSUFFICIENT_DATA,Sin eventos observados para esta combinación.,,,,,,,,,,,2,0,0,,,NO_DATA,,,INSUFFICIENT_DATA,NO_MANUFACTURER_DATA,0,Insuficiente,0 intervalo(s) válidos (+0) | match por método débil (REF_LIKE) (+8) | asociación multi (+5) | sin cobertura calculable (+4) | sin intervalos suficientes (+0) | sin cohorte disponible (+0) | hay datos de uso/contrato/horario (+8) | Weibull no evaluado (n insuficiente) (+4) | estimación de tipo INSUFFICIENT_DATA (+0) | n=0 intervalos (<10) (-10) | n=0 intervalos (<3) (-20) | asociación desde task con múltiples equipos (-8),,INSUFFICIENT_DATA,0,Insuficiente,0 intervalo(s) válidos (+0) | match por método débil (REF_LIKE) (+8) | asociación multi (+5) | sin cobertura calculable (+4) | sin intervalos suficientes (+0) | sin cohorte disponible (+0) | hay datos de uso/contrato/horario (+8) | Weibull no evaluado (n insuficiente) (+4) | estimación de tipo INSUFFICIENT_DATA (+0) | n=0 intervalos (<10) (-10) | n=0 intervalos (<3) (-20) | asociación desde task con múltiples equipos (-8),,,,,,NONE,1,
45133302802,"Motor assembly, pancake",2020-04-18T12:00:00.000Z,2021-12-05T00:08:00.000Z,2,0,,,NONE,INSUFFICIENT_DATA,Sin eventos observados para esta combinación.,,,,,,,,,,,2,0,0,,,NO_DATA,,,INSUFFICIENT_DATA,NO_MANUFACTURER_DATA,14,Insuficiente,0 intervalo(s) válidos (+0) | match exacto/alias (REF_EXACT) (+12) | asociación single (+12) | 20 meses de cobertura (+8) | sin intervalos suficientes (+0) | sin cohorte disponible (+0) | hay datos de uso/contrato/horario (+8) | Weibull no evaluado (n insuficiente) (+4) | estimación de tipo INSUFFICIENT_DATA (+0) | n=0 intervalos (<10) (-10) | n=0 intervalos (<3) (-20),,INSUFFICIENT_DATA,14,Insuficiente,0 intervalo(s) válidos (+0) | match exacto/alias (REF_EXACT) (+12) | asociación single (+12) | 20 meses de cobertura (+8) | sin intervalos suficientes (+0) | sin cohorte disponible (+0) | hay datos de uso/contrato/horario (+8) | Weibull no evaluado (n insuficiente) (+4) | estimación de tipo INSUFFICIENT_DATA (+0) | n=0 intervalos (<10) (-10) | n=0 intervalos (<3) (-20),,,,,,NONE,1,
2327189,UV Lamp,2020-05-27T12:30:00.000Z,2024-05-09T12:30:00.000Z,2,1,1443,602.71,GAMMA_POISSON_RATE_MODEL,RATE_MODEL_ESTIMATE,Solo 1 intervalo(s) propio(s) y sin cohorte disponible - se usa la tasa de reemplazo observada (Gamma-Poisson) en vez de una mediana de muy pocos datos. Basado en 2 evento(s) sobre 47 meses de exposición observada - intervalo creíble aproximado (normal sobre el posterior Gamma).,602.71,19.8,,602.71,,346.58,2309.31,,,,2,1,0,0.61,,NO_DATA,,2026-01-02T05:32:24.000Z,RATE_MODEL_ESTIMATE,NO_MANUFACTURER_DATA,26,Insuficiente,1 intervalo(s) válidos (+5) | match exacto/alias (REF_EXACT) (+12) | asociación single (+12) | 47 meses de cobertura (+12) | sin intervalos suficientes (+0) | sin cohorte disponible (+0) | hay datos de uso/contrato/horario (+8) | Weibull no evaluado (n insuficiente) (+4) | estimación de tipo RATE_MODEL_ESTIMATE (+3) | n=1 intervalos (<10) (-10) | n=1 intervalos (<3) (-20),,RATE_MODEL_ESTIMATE,26,Insuficiente,1 intervalo(s) válidos (+5) | match exacto/alias (REF_EXACT) (+12) | asociación single (+12) | 47 meses de cobertura (+12) | sin intervalos suficientes (+0) | sin cohorte disponible (+0) | hay datos de uso/contrato/horario (+8) | Weibull no evaluado (n insuficiente) (+4) | estimación de tipo RATE_MODEL_ESTIMATE (+3) | n=1 intervalos (<10) (-10) | n=1 intervalos (<3) (-20),1443,1443,,,,GAMMA_POISSON_RATE_MODEL,0,
1519103,Dose A Digital,2020-08-24T12:30:00.000Z,2023-12-28T23:25:00.000Z,2,1,1221,528.87,GAMMA_POISSON_RATE_MODEL,RATE_MODEL_ESTIMATE,Solo 1 intervalo(s) propio(s) y sin cohorte disponible - se usa la tasa de reemplazo observada (Gamma-Poisson) en vez de una mediana de muy pocos datos. Basado en 2 evento(s) sobre 40 meses de exposición observada - intervalo creíble aproximado (normal sobre el posterior Gamma).,528.87,17.37,,528.87,,304.12,2026.38,,,,2,1,0,0.69,,NO_DATA,,2025-06-09T20:17:48.000Z,RATE_MODEL_ESTIMATE,NO_MANUFACTURER_DATA,22,Insuficiente,1 intervalo(s) válidos (+5) | match por método débil (REF_LIKE) (+8) | asociación single (+12) | 40 meses de cobertura (+12) | sin intervalos suficientes (+0) | sin cohorte disponible (+0) | hay datos de uso/contrato/horario (+8) | Weibull no evaluado (n insuficiente) (+4) | estimación de tipo RATE_MODEL_ESTIMATE (+3) | n=1 intervalos (<10) (-10) | n=1 intervalos (<3) (-20),,RATE_MODEL_ESTIMATE,22,Insuficiente,1 intervalo(s) válidos (+5) | match por método débil (REF_LIKE) (+8) | asociación single (+12) | 40 meses de cobertura (+12) | sin intervalos suficientes (+0) | sin cohorte disponible (+0) | hay datos de uso/contrato/horario (+8) | Weibull no evaluado (n insuficiente) (+4) | estimación de tipo RATE_MODEL_ESTIMATE (+3) | n=1 intervalos (<10) (-10) | n=1 intervalos (<3) (-20),1221,1221,,,,GAMMA_POISSON_RATE_MODEL,0.51,
45133400146,Slitless flight tube kit,2021-05-21T04:00:00.000Z,2025-03-15T22:44:00.000Z,2,0,,,NONE,INSUFFICIENT_DATA,Sin eventos observados para esta combinación.,,,,,,,,,,,2,0,0,,,NO_DATA,,,INSUFFICIENT_DATA,NO_MANUFACTURER_DATA,18,Insuficiente,0 intervalo(s) válidos (+0) | match exacto/alias (REF_EXACT) (+12) | asociación single (+12) | 46 meses de cobertura (+12) | sin intervalos suficientes (+0) | sin cohorte disponible (+0) | hay datos de uso/contrato/horario (+8) | Weibull no evaluado (n insuficiente) (+4) | estimación de tipo INSUFFICIENT_DATA (+0) | n=0 intervalos (<10) (-10) | n=0 intervalos (<3) (-20),,INSUFFICIENT_DATA,18,Insuficiente,0 intervalo(s) válidos (+0) | match exacto/alias (REF_EXACT) (+12) | asociación single (+12) | 46 meses de cobertura (+12) | sin intervalos suficientes (+0) | sin cohorte disponible (+0) | hay datos de uso/contrato/horario (+8) | Weibull no evaluado (n insuficiente) (+4) | estimación de tipo INSUFFICIENT_DATA (+0) | n=0 intervalos (<10) (-10) | n=0 intervalos (<3) (-20),,,,,,NONE,1,
1511693,CHARGING HIGH VOLTAGE CABLE,2021-10-27T20:30:00.000Z,2022-11-10T15:00:00.000Z,2,0,,,NONE,INSUFFICIENT_DATA,Sin eventos observados para esta combinación.,,,,,,,,,,,2,0,0,,,NO_DATA,,,INSUFFICIENT_DATA,NO_MANUFACTURER_DATA,10,Insuficiente,0 intervalo(s) válidos (+0) | match por método débil (REF_LIKE) (+8) | asociación single (+12) | 12 meses de cobertura (+8) | sin intervalos suficientes (+0) | sin cohorte disponible (+0) | hay datos de uso/contrato/horario (+8) | Weibull no evaluado (n insuficiente) (+4) | estimación de tipo INSUFFICIENT_DATA (+0) | n=0 intervalos (<10) (-10) | n=0 intervalos (<3) (-20),,INSUFFICIENT_DATA,10,Insuficiente,0 intervalo(s) válidos (+0) | match por método débil (REF_LIKE) (+8) | asociación single (+12) | 12 meses de cobertura (+8) | sin intervalos suficientes (+0) | sin cohorte disponible (+0) | hay datos de uso/contrato/horario (+8) | Weibull no evaluado (n insuficiente) (+4) | estimación de tipo INSUFFICIENT_DATA (+0) | n=0 intervalos (<10) (-10) | n=0 intervalos (<3) (-20),,,,,,NONE,0.25,
1519710,"FRU, HT CABLE, cable assembly, Transformer M2, M4 -Magnetron",2021-10-27T20:30:00.000Z,2024-07-04T16:30:00.000Z,2,0,,,NONE,INSUFFICIENT_DATA,Sin eventos observados para esta combinación.,,,,,,,,,,,2,0,0,,,NO_DATA,,,INSUFFICIENT_DATA,NO_MANUFACTURER_DATA,14,Insuficiente,0 intervalo(s) válidos (+0) | match por método débil (REF_LIKE) (+8) | asociación single (+12) | 32 meses de cobertura (+12) | sin intervalos suficientes (+0) | sin cohorte disponible (+0) | hay datos de uso/contrato/horario (+8) | Weibull no evaluado (n insuficiente) (+4) | estimación de tipo INSUFFICIENT_DATA (+0) | n=0 intervalos (<10) (-10) | n=0 intervalos (<3) (-20),,INSUFFICIENT_DATA,14,Insuficiente,0 intervalo(s) válidos (+0) | match por método débil (REF_LIKE) (+8) | asociación single (+12) | 32 meses de cobertura (+12) | sin intervalos suficientes (+0) | sin cohorte disponible (+0) | hay datos de uso/contrato/horario (+8) | Weibull no evaluado (n insuficiente) (+4) | estimación de tipo INSUFFICIENT_DATA (+0) | n=0 intervalos (<10) (-10) | n=0 intervalos (<3) (-20),,,,,,NONE,0.25,
351372100645P,Resistor 330R +/- 5%,2021-11-17T05:05:00.000Z,2024-08-30T16:00:00.000Z,2,0,,,NONE,INSUFFICIENT_DATA,Sin eventos observados para esta combinación.,,,,,,,,,,,2,0,0,,,NO_DATA,,,INSUFFICIENT_DATA,NO_MANUFACTURER_DATA,18,Insuficiente,0 intervalo(s) válidos (+0) | match exacto/alias (REF_EXACT) (+12) | asociación single (+12) | 33 meses de cobertura (+12) | sin intervalos suficientes (+0) | sin cohorte disponible (+0) | hay datos de uso/contrato/horario (+8) | Weibull no evaluado (n insuficiente) (+4) | estimación de tipo INSUFFICIENT_DATA (+0) | n=0 intervalos (<10) (-10) | n=0 intervalos (<3) (-20),,INSUFFICIENT_DATA,18,Insuficiente,0 intervalo(s) válidos (+0) | match exacto/alias (REF_EXACT) (+12) | asociación single (+12) | 33 meses de cobertura (+12) | sin intervalos suficientes (+0) | sin cohorte disponible (+0) | hay datos de uso/contrato/horario (+8) | Weibull no evaluado (n insuficiente) (+4) | estimación de tipo INSUFFICIENT_DATA (+0) | n=0 intervalos (<10) (-10) | n=0 intervalos (<3) (-20),,,,,,NONE,0.5,
1050661,Detector brake cable-B,2022-01-13T19:47:00.000Z,2024-12-10T15:51:00.000Z,2,1,1062,475.67,GAMMA_POISSON_RATE_MODEL,RATE_MODEL_ESTIMATE,Solo 1 intervalo(s) propio(s) y sin cohorte disponible - se usa la tasa de reemplazo observada (Gamma-Poisson) en vez de una mediana de muy pocos datos. Basado en 2 evento(s) sobre 35 meses de exposición observada - intervalo creíble aproximado (normal sobre el posterior Gamma).,475.67,15.63,,475.67,,273.53,1822.53,,,,2,1,0,0.77,,NO_DATA,,2026-03-31T07:55:48.000Z,RATE_MODEL_ESTIMATE,NO_MANUFACTURER_DATA,26,Insuficiente,1 intervalo(s) válidos (+5) | match exacto/alias (REF_EXACT) (+12) | asociación single (+12) | 35 meses de cobertura (+12) | sin intervalos suficientes (+0) | sin cohorte disponible (+0) | hay datos de uso/contrato/horario (+8) | Weibull no evaluado (n insuficiente) (+4) | estimación de tipo RATE_MODEL_ESTIMATE (+3) | n=1 intervalos (<10) (-10) | n=1 intervalos (<3) (-20),,RATE_MODEL_ESTIMATE,26,Insuficiente,1 intervalo(s) válidos (+5) | match exacto/alias (REF_EXACT) (+12) | asociación single (+12) | 35 meses de cobertura (+12) | sin intervalos suficientes (+0) | sin cohorte disponible (+0) | hay datos de uso/contrato/horario (+8) | Weibull no evaluado (n insuficiente) (+4) | estimación de tipo RATE_MODEL_ESTIMATE (+3) | n=1 intervalos (<10) (-10) | n=1 intervalos (<3) (-20),1062,1062,,,,GAMMA_POISSON_RATE_MODEL,0.07,
1531848,X-drive subassembly （D- SHAPE）,2022-03-11T01:04:00.000Z,2025-11-25T19:00:00.000Z,2,0,,,NONE,INSUFFICIENT_DATA,Sin eventos observados para esta combinación.,,,,,,,,,,,2,0,0,,,NO_DATA,,,INSUFFICIENT_DATA,NO_MANUFACTURER_DATA,18,Insuficiente,0 intervalo(s) válidos (+0) | match exacto/alias (REF_EXACT) (+12) | asociación single (+12) | 45 meses de cobertura (+12) | sin intervalos suficientes (+0) | sin cohorte disponible (+0) | hay datos de uso/contrato/horario (+8) | Weibull no evaluado (n insuficiente) (+4) | estimación de tipo INSUFFICIENT_DATA (+0) | n=0 intervalos (<10) (-10) | n=0 intervalos (<3) (-20),,INSUFFICIENT_DATA,18,Insuficiente,0 intervalo(s) válidos (+0) | match exacto/alias (REF_EXACT) (+12) | asociación single (+12) | 45 meses de cobertura (+12) | sin intervalos suficientes (+0) | sin cohorte disponible (+0) | hay datos de uso/contrato/horario (+8) | Weibull no evaluado (n insuficiente) (+4) | estimación de tipo INSUFFICIENT_DATA (+0) | n=0 intervalos (<10) (-10) | n=0 intervalos (<3) (-20),,,,,,NONE,0.71,
45133903544_Iss.04,Servo input board (SIB),2022-04-27T15:16:00.000Z,2022-04-27T15:33:00.000Z,2,1,0,121.75,GAMMA_POISSON_RATE_MODEL,RATE_MODEL_ESTIMATE,Solo 1 intervalo(s) propio(s) y sin cohorte disponible - se usa la tasa de reemplazo observada (Gamma-Poisson) en vez de una mediana de muy pocos datos. Basado en 2 evento(s) sobre 0 meses de exposición observada - intervalo creíble aproximado (normal sobre el posterior Gamma).,121.75,4,,121.75,,70.01,466.51,,,,2,1,0,3,,NO_DATA,,2022-08-27T09:33:00.000Z,RATE_MODEL_ESTIMATE,NO_MANUFACTURER_DATA,14,Insuficiente,1 intervalo(s) válidos (+5) | match por método débil (REF_LIKE) (+8) | asociación single (+12) | 0 meses de cobertura (+4) | sin intervalos suficientes (+0) | sin cohorte disponible (+0) | hay datos de uso/contrato/horario (+8) | Weibull no evaluado (n insuficiente) (+4) | estimación de tipo RATE_MODEL_ESTIMATE (+3) | n=1 intervalos (<10) (-10) | n=1 intervalos (<3) (-20),,RATE_MODEL_ESTIMATE,14,Insuficiente,1 intervalo(s) válidos (+5) | match por método débil (REF_LIKE) (+8) | asociación single (+12) | 0 meses de cobertura (+4) | sin intervalos suficientes (+0) | sin cohorte disponible (+0) | hay datos de uso/contrato/horario (+8) | Weibull no evaluado (n insuficiente) (+4) | estimación de tipo RATE_MODEL_ESTIMATE (+3) | n=1 intervalos (<10) (-10) | n=1 intervalos (<3) (-20),0,0,,,,GAMMA_POISSON_RATE_MODEL,0,
1535807,FCO Mod-kit “Transformer T2 and NTC”,2022-07-15T20:30:00.000Z,2023-08-05T01:39:00.000Z,2,0,,,NONE,INSUFFICIENT_DATA,Sin eventos observados para esta combinación.,,,,,,,,,,,2,0,0,,,NO_DATA,,,INSUFFICIENT_DATA,NO_MANUFACTURER_DATA,14,Insuficiente,0 intervalo(s) válidos (+0) | match exacto/alias (REF_EXACT) (+12) | asociación single (+12) | 13 meses de cobertura (+8) | sin intervalos suficientes (+0) | sin cohorte disponible (+0) | hay datos de uso/contrato/horario (+8) | Weibull no evaluado (n insuficiente) (+4) | estimación de tipo INSUFFICIENT_DATA (+0) | n=0 intervalos (<10) (-10) | n=0 intervalos (<3) (-20),,INSUFFICIENT_DATA,14,Insuficiente,0 intervalo(s) válidos (+0) | match exacto/alias (REF_EXACT) (+12) | asociación single (+12) | 13 meses de cobertura (+8) | sin intervalos suficientes (+0) | sin cohorte disponible (+0) | hay datos de uso/contrato/horario (+8) | Weibull no evaluado (n insuficiente) (+4) | estimación de tipo INSUFFICIENT_DATA (+0) | n=0 intervalos (<10) (-10) | n=0 intervalos (<3) (-20),,,,,,NONE,0.26,
1514986,ASSY DIAPHAGM PCB,2022-08-12T19:00:00.000Z,2022-09-22T12:30:00.000Z,2,0,,,NONE,INSUFFICIENT_DATA,Sin eventos observados para esta combinación.,,,,,,,,,,,2,0,0,,,NO_DATA,,,INSUFFICIENT_DATA,NO_MANUFACTURER_DATA,10,Insuficiente,0 intervalo(s) válidos (+0) | match exacto/alias (REF_EXACT) (+12) | asociación single (+12) | 1 meses de cobertura (+4) | sin intervalos suficientes (+0) | sin cohorte disponible (+0) | hay datos de uso/contrato/horario (+8) | Weibull no evaluado (n insuficiente) (+4) | estimación de tipo INSUFFICIENT_DATA (+0) | n=0 intervalos (<10) (-10) | n=0 intervalos (<3) (-20),,INSUFFICIENT_DATA,10,Insuficiente,0 intervalo(s) válidos (+0) | match exacto/alias (REF_EXACT) (+12) | asociación single (+12) | 1 meses de cobertura (+4) | sin intervalos suficientes (+0) | sin cohorte disponible (+0) | hay datos de uso/contrato/horario (+8) | Weibull no evaluado (n insuficiente) (+4) | estimación de tipo INSUFFICIENT_DATA (+0) | n=0 intervalos (<10) (-10) | n=0 intervalos (<3) (-20),,,,,,NONE,0,
1534191,"Thumbwheel PWB Side A MKII, VersaHD",2022-10-28T12:30:00.000Z,2023-04-18T22:30:00.000Z,2,0,,,NONE,INSUFFICIENT_DATA,Sin eventos observados para esta combinación.,,,,,,,,,,,2,0,0,,,NO_DATA,,,INSUFFICIENT_DATA,NO_MANUFACTURER_DATA,10,Insuficiente,0 intervalo(s) válidos (+0) | match exacto/alias (REF_EXACT) (+12) | asociación single (+12) | 6 meses de cobertura (+4) | sin intervalos suficientes (+0) | sin cohorte disponible (+0) | hay datos de uso/contrato/horario (+8) | Weibull no evaluado (n insuficiente) (+4) | estimación de tipo INSUFFICIENT_DATA (+0) | n=0 intervalos (<10) (-10) | n=0 intervalos (<3) (-20),,INSUFFICIENT_DATA,10,Insuficiente,0 intervalo(s) válidos (+0) | match exacto/alias (REF_EXACT) (+12) | asociación single (+12) | 6 meses de cobertura (+4) | sin intervalos suficientes (+0) | sin cohorte disponible (+0) | hay datos de uso/contrato/horario (+8) | Weibull no evaluado (n insuficiente) (+4) | estimación de tipo INSUFFICIENT_DATA (+0) | n=0 intervalos (<10) (-10) | n=0 intervalos (<3) (-20),,,,,,NONE,1,
45133308034,"Magnetron, MG6363",2022-04-11T14:00:00.000Z,2025-05-27T23:07:00.000Z,2,0,,,NONE,INSUFFICIENT_DATA,Sin eventos observados para esta combinación.,,,,,,,,,,,2,0,0,,,NO_DATA,,,INSUFFICIENT_DATA,NO_MANUFACTURER_DATA,18,Insuficiente,0 intervalo(s) válidos (+0) | match exacto/alias (REF_EXACT) (+12) | asociación single (+12) | 38 meses de cobertura (+12) | sin intervalos suficientes (+0) | sin cohorte disponible (+0) | hay datos de uso/contrato/horario (+8) | Weibull no evaluado (n insuficiente) (+4) | estimación de tipo INSUFFICIENT_DATA (+0) | n=0 intervalos (<10) (-10) | n=0 intervalos (<3) (-20),,INSUFFICIENT_DATA,18,Insuficiente,0 intervalo(s) válidos (+0) | match exacto/alias (REF_EXACT) (+12) | asociación single (+12) | 38 meses de cobertura (+12) | sin intervalos suficientes (+0) | sin cohorte disponible (+0) | hay datos de uso/contrato/horario (+8) | Weibull no evaluado (n insuficiente) (+4) | estimación de tipo INSUFFICIENT_DATA (+0) | n=0 intervalos (<10) (-10) | n=0 intervalos (<3) (-20),,,,,,NONE,0.5,
1509023,"Cable assembly, PL60kV1/8/9 to SK16kV8/9 and PL16kV1 HHC/Data trigger - Reeling",2023-11-09T19:00:00.000Z,2024-02-19T18:00:00.000Z,2,0,,,NONE,INSUFFICIENT_DATA,Sin eventos observados para esta combinación.,,,,,,,,,,,2,0,0,,,NO_DATA,,,INSUFFICIENT_DATA,NO_MANUFACTURER_DATA,10,Insuficiente,0 intervalo(s) válidos (+0) | match exacto/alias (REF_EXACT) (+12) | asociación single (+12) | 3 meses de cobertura (+4) | sin intervalos suficientes (+0) | sin cohorte disponible (+0) | hay datos de uso/contrato/horario (+8) | Weibull no evaluado (n insuficiente) (+4) | estimación de tipo INSUFFICIENT_DATA (+0) | n=0 intervalos (<10) (-10) | n=0 intervalos (<3) (-20),,INSUFFICIENT_DATA,10,Insuficiente,0 intervalo(s) válidos (+0) | match exacto/alias (REF_EXACT) (+12) | asociación single (+12) | 3 meses de cobertura (+4) | sin intervalos suficientes (+0) | sin cohorte disponible (+0) | hay datos de uso/contrato/horario (+8) | Weibull no evaluado (n insuficiente) (+4) | estimación de tipo INSUFFICIENT_DATA (+0) | n=0 intervalos (<10) (-10) | n=0 intervalos (<3) (-20),,,,,,NONE,0.07,
1509024,"Cable Assy, Area 60 to PLGIPI 1",2023-11-09T19:00:00.000Z,2026-03-27T18:58:00.000Z,2,0,,,NONE,INSUFFICIENT_DATA,Sin eventos observados para esta combinación.,,,,,,,,,,,2,0,0,,,NO_DATA,,,INSUFFICIENT_DATA,NO_MANUFACTURER_DATA,18,Insuficiente,0 intervalo(s) válidos (+0) | match exacto/alias (REF_EXACT) (+12) | asociación single (+12) | 29 meses de cobertura (+12) | sin intervalos suficientes (+0) | sin cohorte disponible (+0) | hay datos de uso/contrato/horario (+8) | Weibull no evaluado (n insuficiente) (+4) | estimación de tipo INSUFFICIENT_DATA (+0) | n=0 intervalos (<10) (-10) | n=0 intervalos (<3) (-20),,INSUFFICIENT_DATA,18,Insuficiente,0 intervalo(s) válidos (+0) | match exacto/alias (REF_EXACT) (+12) | asociación single (+12) | 29 meses de cobertura (+12) | sin intervalos suficientes (+0) | sin cohorte disponible (+0) | hay datos de uso/contrato/horario (+8) | Weibull no evaluado (n insuficiente) (+4) | estimación de tipo INSUFFICIENT_DATA (+0) | n=0 intervalos (<10) (-10) | n=0 intervalos (<3) (-20),,,,,,NONE,0.07,
T00010988-01-NR2,BASE JERINGA 50 ML,2023-12-01T12:30:00.000Z,2026-01-02T16:10:00.000Z,2,1,763,376.11,GAMMA_POISSON_RATE_MODEL,RATE_MODEL_ESTIMATE,Solo 1 intervalo(s) propio(s) y sin cohorte disponible - se usa la tasa de reemplazo observada (Gamma-Poisson) en vez de una mediana de muy pocos datos. Basado en 2 evento(s) sobre 25 meses de exposición observada - intervalo creíble aproximado (normal sobre el posterior Gamma).,376.11,12.36,,376.11,,216.28,1441.09,,,,2,1,0,0.97,,NO_DATA,,2027-01-13T18:48:24.000Z,RATE_MODEL_ESTIMATE,NO_MANUFACTURER_DATA,26,Insuficiente,1 intervalo(s) válidos (+5) | match exacto/alias (REF_EXACT) (+12) | asociación single (+12) | 25 meses de cobertura (+12) | sin intervalos suficientes (+0) | sin cohorte disponible (+0) | hay datos de uso/contrato/horario (+8) | Weibull no evaluado (n insuficiente) (+4) | estimación de tipo RATE_MODEL_ESTIMATE (+3) | n=1 intervalos (<10) (-10) | n=1 intervalos (<3) (-20),,RATE_MODEL_ESTIMATE,26,Insuficiente,1 intervalo(s) válidos (+5) | match exacto/alias (REF_EXACT) (+12) | asociación single (+12) | 25 meses de cobertura (+12) | sin intervalos suficientes (+0) | sin cohorte disponible (+0) | hay datos de uso/contrato/horario (+8) | Weibull no evaluado (n insuficiente) (+4) | estimación de tipo RATE_MODEL_ESTIMATE (+3) | n=1 intervalos (<10) (-10) | n=1 intervalos (<3) (-20),763,763,,,,GAMMA_POISSON_RATE_MODEL,0,
1548845,"ASSEMBLY, X-RAY TUBE VAREX",2024-02-27T12:15:00.000Z,2025-01-17T17:52:00.000Z,2,0,,,NONE,INSUFFICIENT_DATA,Sin eventos observados para esta combinación.,,,,,,,,,,,2,0,0,,,NO_DATA,,,INSUFFICIENT_DATA,NO_MANUFACTURER_DATA,10,Insuficiente,0 intervalo(s) válidos (+0) | match exacto/alias (REF_EXACT) (+12) | asociación single (+12) | 11 meses de cobertura (+4) | sin intervalos suficientes (+0) | sin cohorte disponible (+0) | hay datos de uso/contrato/horario (+8) | Weibull no evaluado (n insuficiente) (+4) | estimación de tipo INSUFFICIENT_DATA (+0) | n=0 intervalos (<10) (-10) | n=0 intervalos (<3) (-20),,INSUFFICIENT_DATA,10,Insuficiente,0 intervalo(s) válidos (+0) | match exacto/alias (REF_EXACT) (+12) | asociación single (+12) | 11 meses de cobertura (+4) | sin intervalos suficientes (+0) | sin cohorte disponible (+0) | hay datos de uso/contrato/horario (+8) | Weibull no evaluado (n insuficiente) (+4) | estimación de tipo INSUFFICIENT_DATA (+0) | n=0 intervalos (<10) (-10) | n=0 intervalos (<3) (-20),,,,,,NONE,0,
1554784,Camera cable,2024-05-07T15:53:00.000Z,2024-06-18T22:16:00.000Z,2,0,,,NONE,INSUFFICIENT_DATA,Sin eventos observados para esta combinación.,,,,,,,,,,,2,0,0,,,NO_DATA,,,INSUFFICIENT_DATA,NO_MANUFACTURER_DATA,10,Insuficiente,0 intervalo(s) válidos (+0) | match exacto/alias (REF_EXACT) (+12) | asociación single (+12) | 1 meses de cobertura (+4) | sin intervalos suficientes (+0) | sin cohorte disponible (+0) | hay datos de uso/contrato/horario (+8) | Weibull no evaluado (n insuficiente) (+4) | estimación de tipo INSUFFICIENT_DATA (+0) | n=0 intervalos (<10) (-10) | n=0 intervalos (<3) (-20),,INSUFFICIENT_DATA,10,Insuficiente,0 intervalo(s) válidos (+0) | match exacto/alias (REF_EXACT) (+12) | asociación single (+12) | 1 meses de cobertura (+4) | sin intervalos suficientes (+0) | sin cohorte disponible (+0) | hay datos de uso/contrato/horario (+8) | Weibull no evaluado (n insuficiente) (+4) | estimación de tipo INSUFFICIENT_DATA (+0) | n=0 intervalos (<10) (-10) | n=0 intervalos (<3) (-20),,,,,,NONE,0,
45133308730,HHC reciever unit MK2,2024-05-31T10:30:00.000Z,2025-02-24T21:11:00.000Z,2,0,,,NONE,INSUFFICIENT_DATA,Sin eventos observados para esta combinación.,,,,,,,,,,,2,0,0,,,NO_DATA,,,INSUFFICIENT_DATA,NO_MANUFACTURER_DATA,10,Insuficiente,0 intervalo(s) válidos (+0) | match exacto/alias (REF_EXACT) (+12) | asociación single (+12) | 9 meses de cobertura (+4) | sin intervalos suficientes (+0) | sin cohorte disponible (+0) | hay datos de uso/contrato/horario (+8) | Weibull no evaluado (n insuficiente) (+4) | estimación de tipo INSUFFICIENT_DATA (+0) | n=0 intervalos (<10) (-10) | n=0 intervalos (<3) (-20),,INSUFFICIENT_DATA,10,Insuficiente,0 intervalo(s) válidos (+0) | match exacto/alias (REF_EXACT) (+12) | asociación single (+12) | 9 meses de cobertura (+4) | sin intervalos suficientes (+0) | sin cohorte disponible (+0) | hay datos de uso/contrato/horario (+8) | Weibull no evaluado (n insuficiente) (+4) | estimación de tipo INSUFFICIENT_DATA (+0) | n=0 intervalos (<10) (-10) | n=0 intervalos (<3) (-20),,,,,,NONE,0.53,
45133318990,FRU X-Brake,2024-08-30T00:16:00.000Z,2026-05-29T00:14:00.000Z,2,0,,,NONE,INSUFFICIENT_DATA,Sin eventos observados para esta combinación.,,,,,,,,,,,2,0,0,,,NO_DATA,,,INSUFFICIENT_DATA,NO_MANUFACTURER_DATA,14,Insuficiente,0 intervalo(s) válidos (+0) | match exacto/alias (REF_EXACT) (+12) | asociación single (+12) | 21 meses de cobertura (+8) | sin intervalos suficientes (+0) | sin cohorte disponible (+0) | hay datos de uso/contrato/horario (+8) | Weibull no evaluado (n insuficiente) (+4) | estimación de tipo INSUFFICIENT_DATA (+0) | n=0 intervalos (<10) (-10) | n=0 intervalos (<3) (-20),,INSUFFICIENT_DATA,14,Insuficiente,0 intervalo(s) válidos (+0) | match exacto/alias (REF_EXACT) (+12) | asociación single (+12) | 21 meses de cobertura (+8) | sin intervalos suficientes (+0) | sin cohorte disponible (+0) | hay datos de uso/contrato/horario (+8) | Weibull no evaluado (n insuficiente) (+4) | estimación de tipo INSUFFICIENT_DATA (+0) | n=0 intervalos (<10) (-10) | n=0 intervalos (<3) (-20),,,,,,NONE,1,
45133302612,"Gearbox and brake assembly, reargox",2024-12-26T22:35:00.000Z,2025-12-05T19:35:00.000Z,2,1,344,236.37,GAMMA_POISSON_RATE_MODEL,RATE_MODEL_ESTIMATE,Solo 1 intervalo(s) propio(s) y sin cohorte disponible - se usa la tasa de reemplazo observada (Gamma-Poisson) en vez de una mediana de muy pocos datos. Basado en 2 evento(s) sobre 11 meses de exposición observada - intervalo creíble aproximado (normal sobre el posterior Gamma).,236.37,7.77,,236.37,,135.92,905.64,,,,2,1,0,1.55,,NO_DATA,,2026-07-30T04:27:48.000Z,RATE_MODEL_ESTIMATE,NO_MANUFACTURER_DATA,18,Insuficiente,1 intervalo(s) válidos (+5) | match exacto/alias (REF_EXACT) (+12) | asociación single (+12) | 11 meses de cobertura (+4) | sin intervalos suficientes (+0) | sin cohorte disponible (+0) | hay datos de uso/contrato/horario (+8) | Weibull no evaluado (n insuficiente) (+4) | estimación de tipo RATE_MODEL_ESTIMATE (+3) | n=1 intervalos (<10) (-10) | n=1 intervalos (<3) (-20),,RATE_MODEL_ESTIMATE,18,Insuficiente,1 intervalo(s) válidos (+5) | match exacto/alias (REF_EXACT) (+12) | asociación single (+12) | 11 meses de cobertura (+4) | sin intervalos suficientes (+0) | sin cohorte disponible (+0) | hay datos de uso/contrato/horario (+8) | Weibull no evaluado (n insuficiente) (+4) | estimación de tipo RATE_MODEL_ESTIMATE (+3) | n=1 intervalos (<10) (-10) | n=1 intervalos (<3) (-20),344,344,,,,GAMMA_POISSON_RATE_MODEL,0.52,
261308039505,Seal,2025-03-15T22:44:00.000Z,2025-04-06T01:34:00.000Z,2,0,,,NONE,INSUFFICIENT_DATA,Sin eventos observados para esta combinación.,,,,,,,,,,,2,0,0,,,NO_DATA,,,INSUFFICIENT_DATA,NO_MANUFACTURER_DATA,10,Insuficiente,0 intervalo(s) válidos (+0) | match exacto/alias (REF_EXACT) (+12) | asociación single (+12) | 1 meses de cobertura (+4) | sin intervalos suficientes (+0) | sin cohorte disponible (+0) | hay datos de uso/contrato/horario (+8) | Weibull no evaluado (n insuficiente) (+4) | estimación de tipo INSUFFICIENT_DATA (+0) | n=0 intervalos (<10) (-10) | n=0 intervalos (<3) (-20),,INSUFFICIENT_DATA,10,Insuficiente,0 intervalo(s) válidos (+0) | match exacto/alias (REF_EXACT) (+12) | asociación single (+12) | 1 meses de cobertura (+4) | sin intervalos suficientes (+0) | sin cohorte disponible (+0) | hay datos de uso/contrato/horario (+8) | Weibull no evaluado (n insuficiente) (+4) | estimación de tipo INSUFFICIENT_DATA (+0) | n=0 intervalos (<10) (-10) | n=0 intervalos (<3) (-20),,,,,,NONE,1,
1515219,"Kit, Gasket, 70mm",2025-03-15T22:44:00.000Z,2025-04-06T01:34:00.000Z,2,0,,,NONE,INSUFFICIENT_DATA,Sin eventos observados para esta combinación.,,,,,,,,,,,2,0,0,,,NO_DATA,,,INSUFFICIENT_DATA,NO_MANUFACTURER_DATA,10,Insuficiente,0 intervalo(s) válidos (+0) | match exacto/alias (REF_EXACT) (+12) | asociación single (+12) | 1 meses de cobertura (+4) | sin intervalos suficientes (+0) | sin cohorte disponible (+0) | hay datos de uso/contrato/horario (+8) | Weibull no evaluado (n insuficiente) (+4) | estimación de tipo INSUFFICIENT_DATA (+0) | n=0 intervalos (<10) (-10) | n=0 intervalos (<3) (-20),,INSUFFICIENT_DATA,10,Insuficiente,0 intervalo(s) válidos (+0) | match exacto/alias (REF_EXACT) (+12) | asociación single (+12) | 1 meses de cobertura (+4) | sin intervalos suficientes (+0) | sin cohorte disponible (+0) | hay datos de uso/contrato/horario (+8) | Weibull no evaluado (n insuficiente) (+4) | estimación de tipo INSUFFICIENT_DATA (+0) | n=0 intervalos (<10) (-10) | n=0 intervalos (<3) (-20),,,,,,NONE,1,
1539679___1571202,"MRT 14791, GENERAL FKP ASSY",2025-04-25T20:00:00.000Z,2026-02-13T18:30:00.000Z,2,0,,,NONE,INSUFFICIENT_DATA,Sin eventos observados para esta combinación.,,,,,,,,,,,2,0,0,,,NO_DATA,,,INSUFFICIENT_DATA,NO_MANUFACTURER_DATA,6,Insuficiente,0 intervalo(s) válidos (+0) | match por método débil (REF_LIKE) (+8) | asociación single (+12) | 10 meses de cobertura (+4) | sin intervalos suficientes (+0) | sin cohorte disponible (+0) | hay datos de uso/contrato/horario (+8) | Weibull no evaluado (n insuficiente) (+4) | estimación de tipo INSUFFICIENT_DATA (+0) | n=0 intervalos (<10) (-10) | n=0 intervalos (<3) (-20),,INSUFFICIENT_DATA,6,Insuficiente,0 intervalo(s) válidos (+0) | match por método débil (REF_LIKE) (+8) | asociación single (+12) | 10 meses de cobertura (+4) | sin intervalos suficientes (+0) | sin cohorte disponible (+0) | hay datos de uso/contrato/horario (+8) | Weibull no evaluado (n insuficiente) (+4) | estimación de tipo INSUFFICIENT_DATA (+0) | n=0 intervalos (<10) (-10) | n=0 intervalos (<3) (-20),,,,,,NONE,0,
1532592,BMDM spares kit,2025-05-20T17:26:00.000Z,2026-06-27T17:25:00.000Z,2,0,,,NONE,INSUFFICIENT_DATA,Sin eventos observados para esta combinación.,,,,,,,,,,,2,0,0,,,NO_DATA,,,INSUFFICIENT_DATA,NO_MANUFACTURER_DATA,14,Insuficiente,0 intervalo(s) válidos (+0) | match exacto/alias (REF_EXACT) (+12) | asociación single (+12) | 13 meses de cobertura (+8) | sin intervalos suficientes (+0) | sin cohorte disponible (+0) | hay datos de uso/contrato/horario (+8) | Weibull no evaluado (n insuficiente) (+4) | estimación de tipo INSUFFICIENT_DATA (+0) | n=0 intervalos (<10) (-10) | n=0 intervalos (<3) (-20),,INSUFFICIENT_DATA,14,Insuficiente,0 intervalo(s) válidos (+0) | match exacto/alias (REF_EXACT) (+12) | asociación single (+12) | 13 meses de cobertura (+8) | sin intervalos suficientes (+0) | sin cohorte disponible (+0) | hay datos de uso/contrato/horario (+8) | Weibull no evaluado (n insuficiente) (+4) | estimación de tipo INSUFFICIENT_DATA (+0) | n=0 intervalos (<10) (-10) | n=0 intervalos (<3) (-20),,,,,,NONE,0.67,
45133326590,CAMERA LENS ASSEMBLY,2025-05-27T12:30:00.000Z,2025-07-15T19:35:00.000Z,2,0,,,NONE,INSUFFICIENT_DATA,Sin eventos observados para esta combinación.,,,,,,,,,,,2,0,0,,,NO_DATA,,,INSUFFICIENT_DATA,NO_MANUFACTURER_DATA,10,Insuficiente,0 intervalo(s) válidos (+0) | match exacto/alias (REF_EXACT) (+12) | asociación single (+12) | 2 meses de cobertura (+4) | sin intervalos suficientes (+0) | sin cohorte disponible (+0) | hay datos de uso/contrato/horario (+8) | Weibull no evaluado (n insuficiente) (+4) | estimación de tipo INSUFFICIENT_DATA (+0) | n=0 intervalos (<10) (-10) | n=0 intervalos (<3) (-20),,INSUFFICIENT_DATA,10,Insuficiente,0 intervalo(s) válidos (+0) | match exacto/alias (REF_EXACT) (+12) | asociación single (+12) | 2 meses de cobertura (+4) | sin intervalos suficientes (+0) | sin cohorte disponible (+0) | hay datos de uso/contrato/horario (+8) | Weibull no evaluado (n insuficiente) (+4) | estimación de tipo INSUFFICIENT_DATA (+0) | n=0 intervalos (<10) (-10) | n=0 intervalos (<3) (-20),,,,,,NONE,0,
1567203,"Prog, pcb assy, MTU",2025-09-09T16:41:00.000Z,2026-03-05T11:00:00.000Z,2,0,,,NONE,INSUFFICIENT_DATA,Sin eventos observados para esta combinación.,,,,,,,,,,,2,0,0,,,NO_DATA,,,INSUFFICIENT_DATA,NO_MANUFACTURER_DATA,10,Insuficiente,0 intervalo(s) válidos (+0) | match exacto/alias (REF_EXACT) (+12) | asociación single (+12) | 6 meses de cobertura (+4) | sin intervalos suficientes (+0) | sin cohorte disponible (+0) | hay datos de uso/contrato/horario (+8) | Weibull no evaluado (n insuficiente) (+4) | estimación de tipo INSUFFICIENT_DATA (+0) | n=0 intervalos (<10) (-10) | n=0 intervalos (<3) (-20),,INSUFFICIENT_DATA,10,Insuficiente,0 intervalo(s) válidos (+0) | match exacto/alias (REF_EXACT) (+12) | asociación single (+12) | 6 meses de cobertura (+4) | sin intervalos suficientes (+0) | sin cohorte disponible (+0) | hay datos de uso/contrato/horario (+8) | Weibull no evaluado (n insuficiente) (+4) | estimación de tipo INSUFFICIENT_DATA (+0) | n=0 intervalos (<10) (-10) | n=0 intervalos (<3) (-20),,,,,,NONE,0.13,
669324-B21,HP 8GB PC3-12800E DDR3-1600 ECC DIMM,2018-11-24T11:00:00.000Z,2018-11-24T11:00:00.000Z,1,0,,,NONE,INSUFFICIENT_DATA,Un solo evento observado y sin cohorte disponible - sin base estadística suficiente para estimar vida útil.,,,,,,,,,,,1,0,0,,,NO_DATA,,,INSUFFICIENT_DATA,NO_MANUFACTURER_DATA,6,Insuficiente,0 intervalo(s) válidos (+0) | match exacto/alias (REF_EXACT) (+12) | asociación single (+12) | sin cobertura calculable (+0) | sin intervalos suficientes (+0) | sin cohorte disponible (+0) | hay datos de uso/contrato/horario (+8) | Weibull no evaluado (n insuficiente) (+4) | estimación de tipo INSUFFICIENT_DATA (+0) | n=0 intervalos (<10) (-10) | n=0 intervalos (<3) (-20),,INSUFFICIENT_DATA,6,Insuficiente,0 intervalo(s) válidos (+0) | match exacto/alias (REF_EXACT) (+12) | asociación single (+12) | sin cobertura calculable (+0) | sin intervalos suficientes (+0) | sin cohorte disponible (+0) | hay datos de uso/contrato/horario (+8) | Weibull no evaluado (n insuficiente) (+4) | estimación de tipo INSUFFICIENT_DATA (+0) | n=0 intervalos (<10) (-10) | n=0 intervalos (<3) (-20),,,,,,NONE,1,Solo un evento observado para esta combinación - no se puede estimar vida útil todavía sin cohorte.
45133318864,"RV8 xxx X,Y,ISO CHECK & COARSE",2018-11-06T12:00:00.000Z,2018-11-06T12:00:00.000Z,1,0,,,NONE,INSUFFICIENT_DATA,Un solo evento observado y sin cohorte disponible - sin base estadística suficiente para estimar vida útil.,,,,,,,,,,,1,0,0,,,NO_DATA,,,INSUFFICIENT_DATA,NO_MANUFACTURER_DATA,6,Insuficiente,0 intervalo(s) válidos (+0) | match exacto/alias (REF_NORMALIZED_EXACT) (+12) | asociación single (+12) | sin cobertura calculable (+0) | sin intervalos suficientes (+0) | sin cohorte disponible (+0) | hay datos de uso/contrato/horario (+8) | Weibull no evaluado (n insuficiente) (+4) | estimación de tipo INSUFFICIENT_DATA (+0) | n=0 intervalos (<10) (-10) | n=0 intervalos (<3) (-20),,INSUFFICIENT_DATA,6,Insuficiente,0 intervalo(s) válidos (+0) | match exacto/alias (REF_NORMALIZED_EXACT) (+12) | asociación single (+12) | sin cobertura calculable (+0) | sin intervalos suficientes (+0) | sin cohorte disponible (+0) | hay datos de uso/contrato/horario (+8) | Weibull no evaluado (n insuficiente) (+4) | estimación de tipo INSUFFICIENT_DATA (+0) | n=0 intervalos (<10) (-10) | n=0 intervalos (<3) (-20),,,,,,NONE,0,Solo un evento observado para esta combinación - no se puede estimar vida útil todavía sin cohorte.
1505720,"MV, DCB, PROGRAMED",2018-10-24T20:15:53.923Z,2018-10-24T20:15:53.923Z,1,0,,,NONE,INSUFFICIENT_DATA,Un solo evento observado y sin cohorte disponible - sin base estadística suficiente para estimar vida útil.,,,,,,,,,,,1,0,0,,,NO_DATA,,,INSUFFICIENT_DATA,NO_MANUFACTURER_DATA,6,Insuficiente,0 intervalo(s) válidos (+0) | match exacto/alias (REF_EXACT) (+12) | asociación single (+12) | sin cobertura calculable (+0) | sin intervalos suficientes (+0) | sin cohorte disponible (+0) | hay datos de uso/contrato/horario (+8) | Weibull no evaluado (n insuficiente) (+4) | estimación de tipo INSUFFICIENT_DATA (+0) | n=0 intervalos (<10) (-10) | n=0 intervalos (<3) (-20),,INSUFFICIENT_DATA,6,Insuficiente,0 intervalo(s) válidos (+0) | match exacto/alias (REF_EXACT) (+12) | asociación single (+12) | sin cobertura calculable (+0) | sin intervalos suficientes (+0) | sin cohorte disponible (+0) | hay datos de uso/contrato/horario (+8) | Weibull no evaluado (n insuficiente) (+4) | estimación de tipo INSUFFICIENT_DATA (+0) | n=0 intervalos (<10) (-10) | n=0 intervalos (<3) (-20),,,,,,NONE,0.38,Solo un evento observado para esta combinación - no se puede estimar vida útil todavía sin cohorte.
1017392,Linear Actuator iViewGT /XVI,2019-01-18T18:15:00.000Z,2019-01-18T18:15:00.000Z,1,0,,,NONE,INSUFFICIENT_DATA,Un solo evento observado y sin cohorte disponible - sin base estadística suficiente para estimar vida útil.,,,,,,,,,,,1,0,0,,,NO_DATA,,,INSUFFICIENT_DATA,NO_MANUFACTURER_DATA,6,Insuficiente,0 intervalo(s) válidos (+0) | match exacto/alias (REF_EXACT) (+12) | asociación single (+12) | sin cobertura calculable (+0) | sin intervalos suficientes (+0) | sin cohorte disponible (+0) | hay datos de uso/contrato/horario (+8) | Weibull no evaluado (n insuficiente) (+4) | estimación de tipo INSUFFICIENT_DATA (+0) | n=0 intervalos (<10) (-10) | n=0 intervalos (<3) (-20),,INSUFFICIENT_DATA,6,Insuficiente,0 intervalo(s) válidos (+0) | match exacto/alias (REF_EXACT) (+12) | asociación single (+12) | sin cobertura calculable (+0) | sin intervalos suficientes (+0) | sin cohorte disponible (+0) | hay datos de uso/contrato/horario (+8) | Weibull no evaluado (n insuficiente) (+4) | estimación de tipo INSUFFICIENT_DATA (+0) | n=0 intervalos (<10) (-10) | n=0 intervalos (<3) (-20),,,,,,NONE,0,Solo un evento observado para esta combinación - no se puede estimar vida útil todavía sin cohorte.
03-999-1204,iGUIDE® calibration array MIMI,2018-11-13T20:00:00.000Z,2018-11-13T20:00:00.000Z,1,0,,,NONE,INSUFFICIENT_DATA,Un solo evento observado y sin cohorte disponible - sin base estadística suficiente para estimar vida útil.,,,,,,,,,,,1,0,0,,,NO_DATA,,,INSUFFICIENT_DATA,NO_MANUFACTURER_DATA,6,Insuficiente,0 intervalo(s) válidos (+0) | match exacto/alias (REF_EXACT) (+12) | asociación single (+12) | sin cobertura calculable (+0) | sin intervalos suficientes (+0) | sin cohorte disponible (+0) | hay datos de uso/contrato/horario (+8) | Weibull no evaluado (n insuficiente) (+4) | estimación de tipo INSUFFICIENT_DATA (+0) | n=0 intervalos (<10) (-10) | n=0 intervalos (<3) (-20),,INSUFFICIENT_DATA,6,Insuficiente,0 intervalo(s) válidos (+0) | match exacto/alias (REF_EXACT) (+12) | asociación single (+12) | sin cobertura calculable (+0) | sin intervalos suficientes (+0) | sin cohorte disponible (+0) | hay datos de uso/contrato/horario (+8) | Weibull no evaluado (n insuficiente) (+4) | estimación de tipo INSUFFICIENT_DATA (+0) | n=0 intervalos (<10) (-10) | n=0 intervalos (<3) (-20),,,,,,NONE,1,Solo un evento observado para esta combinación - no se puede estimar vida útil todavía sin cohorte.
1007897,"Spare Kit, Cathode filament carrier assy",2019-02-21T18:00:00.000Z,2019-02-21T18:00:00.000Z,1,0,,,NONE,INSUFFICIENT_DATA,Un solo evento observado y sin cohorte disponible - sin base estadística suficiente para estimar vida útil.,,,,,,,,,,,1,0,0,,,NO_DATA,,,INSUFFICIENT_DATA,NO_MANUFACTURER_DATA,6,Insuficiente,0 intervalo(s) válidos (+0) | match exacto/alias (REF_EXACT) (+12) | asociación single (+12) | sin cobertura calculable (+0) | sin intervalos suficientes (+0) | sin cohorte disponible (+0) | hay datos de uso/contrato/horario (+8) | Weibull no evaluado (n insuficiente) (+4) | estimación de tipo INSUFFICIENT_DATA (+0) | n=0 intervalos (<10) (-10) | n=0 intervalos (<3) (-20),,INSUFFICIENT_DATA,6,Insuficiente,0 intervalo(s) válidos (+0) | match exacto/alias (REF_EXACT) (+12) | asociación single (+12) | sin cobertura calculable (+0) | sin intervalos suficientes (+0) | sin cohorte disponible (+0) | hay datos de uso/contrato/horario (+8) | Weibull no evaluado (n insuficiente) (+4) | estimación de tipo INSUFFICIENT_DATA (+0) | n=0 intervalos (<10) (-10) | n=0 intervalos (<3) (-20),,,,,,NONE,0,Solo un evento observado para esta combinación - no se puede estimar vida útil todavía sin cohorte.
4513316484002R,"Filter, tubular, low",2019-03-27T11:30:35.128Z,2019-03-27T11:30:35.128Z,1,0,,,NONE,INSUFFICIENT_DATA,Un solo evento observado y sin cohorte disponible - sin base estadística suficiente para estimar vida útil.,,,,,,,,,,,1,0,0,,,NO_DATA,,,INSUFFICIENT_DATA,NO_MANUFACTURER_DATA,6,Insuficiente,0 intervalo(s) válidos (+0) | match exacto/alias (REF_EXACT) (+12) | asociación single (+12) | sin cobertura calculable (+0) | sin intervalos suficientes (+0) | sin cohorte disponible (+0) | hay datos de uso/contrato/horario (+8) | Weibull no evaluado (n insuficiente) (+4) | estimación de tipo INSUFFICIENT_DATA (+0) | n=0 intervalos (<10) (-10) | n=0 intervalos (<3) (-20),,INSUFFICIENT_DATA,6,Insuficiente,0 intervalo(s) válidos (+0) | match exacto/alias (REF_EXACT) (+12) | asociación single (+12) | sin cobertura calculable (+0) | sin intervalos suficientes (+0) | sin cohorte disponible (+0) | hay datos de uso/contrato/horario (+8) | Weibull no evaluado (n insuficiente) (+4) | estimación de tipo INSUFFICIENT_DATA (+0) | n=0 intervalos (<10) (-10) | n=0 intervalos (<3) (-20),,,,,,NONE,0,Solo un evento observado para esta combinación - no se puede estimar vida útil todavía sin cohorte.
45133315188,RH increment plate assembly,2019-08-27T14:00:57.721Z,2019-08-27T14:00:57.721Z,1,0,,,NONE,INSUFFICIENT_DATA,Un solo evento observado y sin cohorte disponible - sin base estadística suficiente para estimar vida útil.,,,,,,,,,,,1,0,0,,,NO_DATA,,,INSUFFICIENT_DATA,NO_MANUFACTURER_DATA,6,Insuficiente,0 intervalo(s) válidos (+0) | match exacto/alias (REF_EXACT) (+12) | asociación single (+12) | sin cobertura calculable (+0) | sin intervalos suficientes (+0) | sin cohorte disponible (+0) | hay datos de uso/contrato/horario (+8) | Weibull no evaluado (n insuficiente) (+4) | estimación de tipo INSUFFICIENT_DATA (+0) | n=0 intervalos (<10) (-10) | n=0 intervalos (<3) (-20),,INSUFFICIENT_DATA,6,Insuficiente,0 intervalo(s) válidos (+0) | match exacto/alias (REF_EXACT) (+12) | asociación single (+12) | sin cobertura calculable (+0) | sin intervalos suficientes (+0) | sin cohorte disponible (+0) | hay datos de uso/contrato/horario (+8) | Weibull no evaluado (n insuficiente) (+4) | estimación de tipo INSUFFICIENT_DATA (+0) | n=0 intervalos (<10) (-10) | n=0 intervalos (<3) (-20),,,,,,NONE,0,Solo un evento observado para esta combinación - no se puede estimar vida útil todavía sin cohorte.
2231762,BALANZA ROBOT APOTECA CHEMO,2019-11-15T12:00:00.000Z,2019-11-15T12:00:00.000Z,1,0,,,NONE,INSUFFICIENT_DATA,Un solo evento observado y sin cohorte disponible - sin base estadística suficiente para estimar vida útil.,,,,,,,,,,,1,0,0,,,NO_DATA,,,INSUFFICIENT_DATA,NO_MANUFACTURER_DATA,6,Insuficiente,0 intervalo(s) válidos (+0) | match exacto/alias (REF_EXACT) (+12) | asociación single (+12) | sin cobertura calculable (+0) | sin intervalos suficientes (+0) | sin cohorte disponible (+0) | hay datos de uso/contrato/horario (+8) | Weibull no evaluado (n insuficiente) (+4) | estimación de tipo INSUFFICIENT_DATA (+0) | n=0 intervalos (<10) (-10) | n=0 intervalos (<3) (-20),,INSUFFICIENT_DATA,6,Insuficiente,0 intervalo(s) válidos (+0) | match exacto/alias (REF_EXACT) (+12) | asociación single (+12) | sin cobertura calculable (+0) | sin intervalos suficientes (+0) | sin cohorte disponible (+0) | hay datos de uso/contrato/horario (+8) | Weibull no evaluado (n insuficiente) (+4) | estimación de tipo INSUFFICIENT_DATA (+0) | n=0 intervalos (<10) (-10) | n=0 intervalos (<3) (-20),,,,,,NONE,0,Solo un evento observado para esta combinación - no se puede estimar vida útil todavía sin cohorte.
45133308243_01,cable de alta tension Bomba ionica,2020-01-07T12:30:41.563Z,2020-01-07T12:30:41.563Z,1,0,,,NONE,INSUFFICIENT_DATA,Un solo evento observado y sin cohorte disponible - sin base estadística suficiente para estimar vida útil.,,,,,,,,,,,1,0,0,,,NO_DATA,,,INSUFFICIENT_DATA,NO_MANUFACTURER_DATA,6,Insuficiente,0 intervalo(s) válidos (+0) | match exacto/alias (REF_NORMALIZED_EXACT) (+12) | asociación single (+12) | sin cobertura calculable (+0) | sin intervalos suficientes (+0) | sin cohorte disponible (+0) | hay datos de uso/contrato/horario (+8) | Weibull no evaluado (n insuficiente) (+4) | estimación de tipo INSUFFICIENT_DATA (+0) | n=0 intervalos (<10) (-10) | n=0 intervalos (<3) (-20),,INSUFFICIENT_DATA,6,Insuficiente,0 intervalo(s) válidos (+0) | match exacto/alias (REF_NORMALIZED_EXACT) (+12) | asociación single (+12) | sin cobertura calculable (+0) | sin intervalos suficientes (+0) | sin cohorte disponible (+0) | hay datos de uso/contrato/horario (+8) | Weibull no evaluado (n insuficiente) (+4) | estimación de tipo INSUFFICIENT_DATA (+0) | n=0 intervalos (<10) (-10) | n=0 intervalos (<3) (-20),,,,,,NONE,0,Solo un evento observado para esta combinación - no se puede estimar vida útil todavía sin cohorte.
420017,Smart clamp set of 5 pieces,2020-03-09T15:00:00.000Z,2020-03-09T15:00:00.000Z,1,0,,,NONE,INSUFFICIENT_DATA,Un solo evento observado y sin cohorte disponible - sin base estadística suficiente para estimar vida útil.,,,,,,,,,,,1,0,0,,,NO_DATA,,,INSUFFICIENT_DATA,NO_MANUFACTURER_DATA,6,Insuficiente,0 intervalo(s) válidos (+0) | match exacto/alias (REF_EXACT) (+12) | asociación single (+12) | sin cobertura calculable (+0) | sin intervalos suficientes (+0) | sin cohorte disponible (+0) | hay datos de uso/contrato/horario (+8) | Weibull no evaluado (n insuficiente) (+4) | estimación de tipo INSUFFICIENT_DATA (+0) | n=0 intervalos (<10) (-10) | n=0 intervalos (<3) (-20),,INSUFFICIENT_DATA,6,Insuficiente,0 intervalo(s) válidos (+0) | match exacto/alias (REF_EXACT) (+12) | asociación single (+12) | sin cobertura calculable (+0) | sin intervalos suficientes (+0) | sin cohorte disponible (+0) | hay datos de uso/contrato/horario (+8) | Weibull no evaluado (n insuficiente) (+4) | estimación de tipo INSUFFICIENT_DATA (+0) | n=0 intervalos (<10) (-10) | n=0 intervalos (<3) (-20),,,,,,NONE,0,Solo un evento observado para esta combinación - no se puede estimar vida útil todavía sin cohorte.
2466801,CABLE SPIRAL ROBOT+CONECTOR,2020-05-27T12:30:00.000Z,2020-05-27T12:30:00.000Z,1,0,,,NONE,INSUFFICIENT_DATA,Un solo evento observado y sin cohorte disponible - sin base estadística suficiente para estimar vida útil.,,,,,,,,,,,1,0,0,,,NO_DATA,,,INSUFFICIENT_DATA,NO_MANUFACTURER_DATA,6,Insuficiente,0 intervalo(s) válidos (+0) | match exacto/alias (REF_EXACT) (+12) | asociación single (+12) | sin cobertura calculable (+0) | sin intervalos suficientes (+0) | sin cohorte disponible (+0) | hay datos de uso/contrato/horario (+8) | Weibull no evaluado (n insuficiente) (+4) | estimación de tipo INSUFFICIENT_DATA (+0) | n=0 intervalos (<10) (-10) | n=0 intervalos (<3) (-20),,INSUFFICIENT_DATA,6,Insuficiente,0 intervalo(s) válidos (+0) | match exacto/alias (REF_EXACT) (+12) | asociación single (+12) | sin cobertura calculable (+0) | sin intervalos suficientes (+0) | sin cohorte disponible (+0) | hay datos de uso/contrato/horario (+8) | Weibull no evaluado (n insuficiente) (+4) | estimación de tipo INSUFFICIENT_DATA (+0) | n=0 intervalos (<10) (-10) | n=0 intervalos (<3) (-20),,,,,,NONE,0,Solo un evento observado para esta combinación - no se puede estimar vida útil todavía sin cohorte.
45133904894,"FRU,THUMBWHEEL PWB SIDE A.MKII",2020-05-16T12:00:00.000Z,2020-05-16T12:00:00.000Z,1,0,,,NONE,INSUFFICIENT_DATA,Un solo evento observado y sin cohorte disponible - sin base estadística suficiente para estimar vida útil.,,,,,,,,,,,1,0,0,,,NO_DATA,,,INSUFFICIENT_DATA,NO_MANUFACTURER_DATA,2,Insuficiente,0 intervalo(s) válidos (+0) | match por método débil (REF_LIKE) (+8) | asociación single (+12) | sin cobertura calculable (+0) | sin intervalos suficientes (+0) | sin cohorte disponible (+0) | hay datos de uso/contrato/horario (+8) | Weibull no evaluado (n insuficiente) (+4) | estimación de tipo INSUFFICIENT_DATA (+0) | n=0 intervalos (<10) (-10) | n=0 intervalos (<3) (-20),,INSUFFICIENT_DATA,2,Insuficiente,0 intervalo(s) válidos (+0) | match por método débil (REF_LIKE) (+8) | asociación single (+12) | sin cobertura calculable (+0) | sin intervalos suficientes (+0) | sin cohorte disponible (+0) | hay datos de uso/contrato/horario (+8) | Weibull no evaluado (n insuficiente) (+4) | estimación de tipo INSUFFICIENT_DATA (+0) | n=0 intervalos (<10) (-10) | n=0 intervalos (<3) (-20),,,,,,NONE,1,Solo un evento observado para esta combinación - no se puede estimar vida útil todavía sin cohorte.
BJ6219.002.02,iViewC™ Arm brake cable-B,2020-04-16T15:43:00.000Z,2020-04-16T15:43:00.000Z,1,0,,,NONE,INSUFFICIENT_DATA,Un solo evento observado y sin cohorte disponible - sin base estadística suficiente para estimar vida útil.,,,,,,,,,,,1,0,0,,,NO_DATA,,,INSUFFICIENT_DATA,NO_MANUFACTURER_DATA,2,Insuficiente,0 intervalo(s) válidos (+0) | match por método débil (REF_LIKE) (+8) | asociación single (+12) | sin cobertura calculable (+0) | sin intervalos suficientes (+0) | sin cohorte disponible (+0) | hay datos de uso/contrato/horario (+8) | Weibull no evaluado (n insuficiente) (+4) | estimación de tipo INSUFFICIENT_DATA (+0) | n=0 intervalos (<10) (-10) | n=0 intervalos (<3) (-20),,INSUFFICIENT_DATA,2,Insuficiente,0 intervalo(s) válidos (+0) | match por método débil (REF_LIKE) (+8) | asociación single (+12) | sin cobertura calculable (+0) | sin intervalos suficientes (+0) | sin cohorte disponible (+0) | hay datos de uso/contrato/horario (+8) | Weibull no evaluado (n insuficiente) (+4) | estimación de tipo INSUFFICIENT_DATA (+0) | n=0 intervalos (<10) (-10) | n=0 intervalos (<3) (-20),,,,,,NONE,0,Solo un evento observado para esta combinación - no se puede estimar vida útil todavía sin cohorte.
4714501006,THYRATRON e2v CX1551 (Compact),2020-04-14T01:03:00.000Z,2020-04-14T01:03:00.000Z,1,0,,,NONE,INSUFFICIENT_DATA,Un solo evento observado y sin cohorte disponible - sin base estadística suficiente para estimar vida útil.,,,,,,,,,,,1,0,0,,,NO_DATA,,,INSUFFICIENT_DATA,NO_MANUFACTURER_DATA,6,Insuficiente,0 intervalo(s) válidos (+0) | match exacto/alias (REF_NORMALIZED_EXACT) (+12) | asociación single (+12) | sin cobertura calculable (+0) | sin intervalos suficientes (+0) | sin cohorte disponible (+0) | hay datos de uso/contrato/horario (+8) | Weibull no evaluado (n insuficiente) (+4) | estimación de tipo INSUFFICIENT_DATA (+0) | n=0 intervalos (<10) (-10) | n=0 intervalos (<3) (-20),,INSUFFICIENT_DATA,6,Insuficiente,0 intervalo(s) válidos (+0) | match exacto/alias (REF_NORMALIZED_EXACT) (+12) | asociación single (+12) | sin cobertura calculable (+0) | sin intervalos suficientes (+0) | sin cohorte disponible (+0) | hay datos de uso/contrato/horario (+8) | Weibull no evaluado (n insuficiente) (+4) | estimación de tipo INSUFFICIENT_DATA (+0) | n=0 intervalos (<10) (-10) | n=0 intervalos (<3) (-20),,,,,,NONE,1,Solo un evento observado para esta combinación - no se puede estimar vida útil todavía sin cohorte.
262285518838K,"BELT,TIMING*SYN 4-T2.5/120",2020-06-16T15:40:50.594Z,2020-06-16T15:40:50.594Z,1,0,,,NONE,INSUFFICIENT_DATA,Un solo evento observado y sin cohorte disponible - sin base estadística suficiente para estimar vida útil.,,,,,,,,,,,1,0,0,,,NO_DATA,,,INSUFFICIENT_DATA,NO_MANUFACTURER_DATA,6,Insuficiente,0 intervalo(s) válidos (+0) | match exacto/alias (REF_EXACT) (+12) | asociación single (+12) | sin cobertura calculable (+0) | sin intervalos suficientes (+0) | sin cohorte disponible (+0) | hay datos de uso/contrato/horario (+8) | Weibull no evaluado (n insuficiente) (+4) | estimación de tipo INSUFFICIENT_DATA (+0) | n=0 intervalos (<10) (-10) | n=0 intervalos (<3) (-20),,INSUFFICIENT_DATA,6,Insuficiente,0 intervalo(s) válidos (+0) | match exacto/alias (REF_EXACT) (+12) | asociación single (+12) | sin cobertura calculable (+0) | sin intervalos suficientes (+0) | sin cohorte disponible (+0) | hay datos de uso/contrato/horario (+8) | Weibull no evaluado (n insuficiente) (+4) | estimación de tipo INSUFFICIENT_DATA (+0) | n=0 intervalos (<10) (-10) | n=0 intervalos (<3) (-20),,,,,,NONE,0,Solo un evento observado para esta combinación - no se puede estimar vida útil todavía sin cohorte.
1525500,"KIT, SPARES, LEAF RUBY",2020-07-14T17:25:00.000Z,2020-07-14T17:25:00.000Z,1,0,,,NONE,INSUFFICIENT_DATA,Un solo evento observado y sin cohorte disponible - sin base estadística suficiente para estimar vida útil.,,,,,,,,,,,1,0,0,,,NO_DATA,,,INSUFFICIENT_DATA,NO_MANUFACTURER_DATA,6,Insuficiente,0 intervalo(s) válidos (+0) | match exacto/alias (REF_NORMALIZED_EXACT) (+12) | asociación single (+12) | sin cobertura calculable (+0) | sin intervalos suficientes (+0) | sin cohorte disponible (+0) | hay datos de uso/contrato/horario (+8) | Weibull no evaluado (n insuficiente) (+4) | estimación de tipo INSUFFICIENT_DATA (+0) | n=0 intervalos (<10) (-10) | n=0 intervalos (<3) (-20),,INSUFFICIENT_DATA,6,Insuficiente,0 intervalo(s) válidos (+0) | match exacto/alias (REF_NORMALIZED_EXACT) (+12) | asociación single (+12) | sin cobertura calculable (+0) | sin intervalos suficientes (+0) | sin cohorte disponible (+0) | hay datos de uso/contrato/horario (+8) | Weibull no evaluado (n insuficiente) (+4) | estimación de tipo INSUFFICIENT_DATA (+0) | n=0 intervalos (<10) (-10) | n=0 intervalos (<3) (-20),,,,,,NONE,0,Solo un evento observado para esta combinación - no se puede estimar vida útil todavía sin cohorte.
4513332766303F,PROJECTOR MIRROR ASSY,2020-08-04T12:50:00.000Z,2020-08-04T12:50:00.000Z,1,0,,,NONE,INSUFFICIENT_DATA,Un solo evento observado y sin cohorte disponible - sin base estadística suficiente para estimar vida útil.,,,,,,,,,,,1,0,0,,,NO_DATA,,,INSUFFICIENT_DATA,NO_MANUFACTURER_DATA,2,Insuficiente,0 intervalo(s) válidos (+0) | match por método débil (REF_LIKE) (+8) | asociación single (+12) | sin cobertura calculable (+0) | sin intervalos suficientes (+0) | sin cohorte disponible (+0) | hay datos de uso/contrato/horario (+8) | Weibull no evaluado (n insuficiente) (+4) | estimación de tipo INSUFFICIENT_DATA (+0) | n=0 intervalos (<10) (-10) | n=0 intervalos (<3) (-20),,INSUFFICIENT_DATA,2,Insuficiente,0 intervalo(s) válidos (+0) | match por método débil (REF_LIKE) (+8) | asociación single (+12) | sin cobertura calculable (+0) | sin intervalos suficientes (+0) | sin cohorte disponible (+0) | hay datos de uso/contrato/horario (+8) | Weibull no evaluado (n insuficiente) (+4) | estimación de tipo INSUFFICIENT_DATA (+0) | n=0 intervalos (<10) (-10) | n=0 intervalos (<3) (-20),,,,,,NONE,0,Solo un evento observado para esta combinación - no se puede estimar vida útil todavía sin cohorte.
1010495,CAMERA MIRROR ASSEMBLY,2020-08-04T12:50:00.000Z,2020-08-04T12:50:00.000Z,1,0,,,NONE,INSUFFICIENT_DATA,Un solo evento observado y sin cohorte disponible - sin base estadística suficiente para estimar vida útil.,,,,,,,,,,,1,0,0,,,NO_DATA,,,INSUFFICIENT_DATA,NO_MANUFACTURER_DATA,6,Insuficiente,0 intervalo(s) válidos (+0) | match exacto/alias (REF_NORMALIZED_EXACT) (+12) | asociación single (+12) | sin cobertura calculable (+0) | sin intervalos suficientes (+0) | sin cohorte disponible (+0) | hay datos de uso/contrato/horario (+8) | Weibull no evaluado (n insuficiente) (+4) | estimación de tipo INSUFFICIENT_DATA (+0) | n=0 intervalos (<10) (-10) | n=0 intervalos (<3) (-20),,INSUFFICIENT_DATA,6,Insuficiente,0 intervalo(s) válidos (+0) | match exacto/alias (REF_NORMALIZED_EXACT) (+12) | asociación single (+12) | sin cobertura calculable (+0) | sin intervalos suficientes (+0) | sin cohorte disponible (+0) | hay datos de uso/contrato/horario (+8) | Weibull no evaluado (n insuficiente) (+4) | estimación de tipo INSUFFICIENT_DATA (+0) | n=0 intervalos (<10) (-10) | n=0 intervalos (<3) (-20),,,,,,NONE,0,Solo un evento observado para esta combinación - no se puede estimar vida útil todavía sin cohorte.
1007545,MLC REFLECTOR SPARES KIT,2020-08-04T12:50:00.000Z,2020-08-04T12:50:00.000Z,1,0,,,NONE,INSUFFICIENT_DATA,Un solo evento observado y sin cohorte disponible - sin base estadística suficiente para estimar vida útil.,,,,,,,,,,,1,0,0,,,NO_DATA,,,INSUFFICIENT_DATA,NO_MANUFACTURER_DATA,6,Insuficiente,0 intervalo(s) válidos (+0) | match exacto/alias (REF_NORMALIZED_EXACT) (+12) | asociación single (+12) | sin cobertura calculable (+0) | sin intervalos suficientes (+0) | sin cohorte disponible (+0) | hay datos de uso/contrato/horario (+8) | Weibull no evaluado (n insuficiente) (+4) | estimación de tipo INSUFFICIENT_DATA (+0) | n=0 intervalos (<10) (-10) | n=0 intervalos (<3) (-20),,INSUFFICIENT_DATA,6,Insuficiente,0 intervalo(s) válidos (+0) | match exacto/alias (REF_NORMALIZED_EXACT) (+12) | asociación single (+12) | sin cobertura calculable (+0) | sin intervalos suficientes (+0) | sin cohorte disponible (+0) | hay datos de uso/contrato/horario (+8) | Weibull no evaluado (n insuficiente) (+4) | estimación de tipo INSUFFICIENT_DATA (+0) | n=0 intervalos (<10) (-10) | n=0 intervalos (<3) (-20),,,,,,NONE,0,Solo un evento observado para esta combinación - no se puede estimar vida útil todavía sin cohorte.
C7976A,HPE - LTO-6 Ultrium 6.25TB MP RW Data Tape,2020-07-24T20:00:00.000Z,2020-07-24T20:00:00.000Z,1,0,,,NONE,INSUFFICIENT_DATA,Un solo evento observado y sin cohorte disponible - sin base estadística suficiente para estimar vida útil.,,,,,,,,,,,1,0,0,,,NO_DATA,,,INSUFFICIENT_DATA,NO_MANUFACTURER_DATA,6,Insuficiente,0 intervalo(s) válidos (+0) | match exacto/alias (REF_EXACT) (+12) | asociación single (+12) | sin cobertura calculable (+0) | sin intervalos suficientes (+0) | sin cohorte disponible (+0) | hay datos de uso/contrato/horario (+8) | Weibull no evaluado (n insuficiente) (+4) | estimación de tipo INSUFFICIENT_DATA (+0) | n=0 intervalos (<10) (-10) | n=0 intervalos (<3) (-20),,INSUFFICIENT_DATA,6,Insuficiente,0 intervalo(s) válidos (+0) | match exacto/alias (REF_EXACT) (+12) | asociación single (+12) | sin cobertura calculable (+0) | sin intervalos suficientes (+0) | sin cohorte disponible (+0) | hay datos de uso/contrato/horario (+8) | Weibull no evaluado (n insuficiente) (+4) | estimación de tipo INSUFFICIENT_DATA (+0) | n=0 intervalos (<10) (-10) | n=0 intervalos (<3) (-20),,,,,,NONE,0.01,Solo un evento observado para esta combinación - no se puede estimar vida útil todavía sin cohorte.
45133304326,SPARES WINDOW ASSY RF OUTPUT,2020-08-29T12:30:00.000Z,2020-08-29T12:30:00.000Z,1,0,,,NONE,INSUFFICIENT_DATA,Un solo evento observado y sin cohorte disponible - sin base estadística suficiente para estimar vida útil.,,,,,,,,,,,1,0,0,,,NO_DATA,,,INSUFFICIENT_DATA,NO_MANUFACTURER_DATA,6,Insuficiente,0 intervalo(s) válidos (+0) | match exacto/alias (REF_EXACT) (+12) | asociación single (+12) | sin cobertura calculable (+0) | sin intervalos suficientes (+0) | sin cohorte disponible (+0) | hay datos de uso/contrato/horario (+8) | Weibull no evaluado (n insuficiente) (+4) | estimación de tipo INSUFFICIENT_DATA (+0) | n=0 intervalos (<10) (-10) | n=0 intervalos (<3) (-20),,INSUFFICIENT_DATA,6,Insuficiente,0 intervalo(s) válidos (+0) | match exacto/alias (REF_EXACT) (+12) | asociación single (+12) | sin cobertura calculable (+0) | sin intervalos suficientes (+0) | sin cohorte disponible (+0) | hay datos de uso/contrato/horario (+8) | Weibull no evaluado (n insuficiente) (+4) | estimación de tipo INSUFFICIENT_DATA (+0) | n=0 intervalos (<10) (-10) | n=0 intervalos (<3) (-20),,,,,,NONE,1,Solo un evento observado para esta combinación - no se puede estimar vida útil todavía sin cohorte.
BJ9100.009,Ionization Chamber spare kit,2020-11-19T15:15:00.000Z,2020-11-19T15:15:00.000Z,1,0,,,NONE,INSUFFICIENT_DATA,Un solo evento observado y sin cohorte disponible - sin base estadística suficiente para estimar vida útil.,,,,,,,,,,,1,0,0,,,NO_DATA,,,INSUFFICIENT_DATA,NO_MANUFACTURER_DATA,6,Insuficiente,0 intervalo(s) válidos (+0) | match exacto/alias (REF_EXACT) (+12) | asociación single (+12) | sin cobertura calculable (+0) | sin intervalos suficientes (+0) | sin cohorte disponible (+0) | hay datos de uso/contrato/horario (+8) | Weibull no evaluado (n insuficiente) (+4) | estimación de tipo INSUFFICIENT_DATA (+0) | n=0 intervalos (<10) (-10) | n=0 intervalos (<3) (-20),,INSUFFICIENT_DATA,6,Insuficiente,0 intervalo(s) válidos (+0) | match exacto/alias (REF_EXACT) (+12) | asociación single (+12) | sin cobertura calculable (+0) | sin intervalos suficientes (+0) | sin cohorte disponible (+0) | hay datos de uso/contrato/horario (+8) | Weibull no evaluado (n insuficiente) (+4) | estimación de tipo INSUFFICIENT_DATA (+0) | n=0 intervalos (<10) (-10) | n=0 intervalos (<3) (-20),,,,,,NONE,0,Solo un evento observado para esta combinación - no se puede estimar vida útil todavía sin cohorte.
749796-001,HPE - Smart Array P440ar,2020-11-21T12:00:00.000Z,2020-11-21T12:00:00.000Z,1,0,,,NONE,INSUFFICIENT_DATA,Un solo evento observado y sin cohorte disponible - sin base estadística suficiente para estimar vida útil.,,,,,,,,,,,1,0,0,,,NO_DATA,,,INSUFFICIENT_DATA,NO_MANUFACTURER_DATA,2,Insuficiente,0 intervalo(s) válidos (+0) | match por método débil (REF_LIKE) (+8) | asociación single (+12) | sin cobertura calculable (+0) | sin intervalos suficientes (+0) | sin cohorte disponible (+0) | hay datos de uso/contrato/horario (+8) | Weibull no evaluado (n insuficiente) (+4) | estimación de tipo INSUFFICIENT_DATA (+0) | n=0 intervalos (<10) (-10) | n=0 intervalos (<3) (-20),,INSUFFICIENT_DATA,2,Insuficiente,0 intervalo(s) válidos (+0) | match por método débil (REF_LIKE) (+8) | asociación single (+12) | sin cobertura calculable (+0) | sin intervalos suficientes (+0) | sin cohorte disponible (+0) | hay datos de uso/contrato/horario (+8) | Weibull no evaluado (n insuficiente) (+4) | estimación de tipo INSUFFICIENT_DATA (+0) | n=0 intervalos (<10) (-10) | n=0 intervalos (<3) (-20),,,,,,NONE,1,Solo un evento observado para esta combinación - no se puede estimar vida útil todavía sin cohorte.
1022595,Water Valve Kit,2020-12-18T21:00:00.000Z,2020-12-18T21:00:00.000Z,1,0,,,NONE,INSUFFICIENT_DATA,Un solo evento observado y sin cohorte disponible - sin base estadística suficiente para estimar vida útil.,,,,,,,,,,,1,0,0,,,NO_DATA,,,INSUFFICIENT_DATA,NO_MANUFACTURER_DATA,6,Insuficiente,0 intervalo(s) válidos (+0) | match exacto/alias (REF_EXACT) (+12) | asociación single (+12) | sin cobertura calculable (+0) | sin intervalos suficientes (+0) | sin cohorte disponible (+0) | hay datos de uso/contrato/horario (+8) | Weibull no evaluado (n insuficiente) (+4) | estimación de tipo INSUFFICIENT_DATA (+0) | n=0 intervalos (<10) (-10) | n=0 intervalos (<3) (-20),,INSUFFICIENT_DATA,6,Insuficiente,0 intervalo(s) válidos (+0) | match exacto/alias (REF_EXACT) (+12) | asociación single (+12) | sin cobertura calculable (+0) | sin intervalos suficientes (+0) | sin cohorte disponible (+0) | hay datos de uso/contrato/horario (+8) | Weibull no evaluado (n insuficiente) (+4) | estimación de tipo INSUFFICIENT_DATA (+0) | n=0 intervalos (<10) (-10) | n=0 intervalos (<3) (-20),,,,,,NONE,0.83,Solo un evento observado para esta combinación - no se puede estimar vida útil todavía sin cohorte.
45133502668,Full release extension spring,2020-12-04T20:00:00.000Z,2020-12-04T20:00:00.000Z,1,0,,,NONE,INSUFFICIENT_DATA,Un solo evento observado y sin cohorte disponible - sin base estadística suficiente para estimar vida útil.,,,,,,,,,,,1,0,0,,,NO_DATA,,,INSUFFICIENT_DATA,NO_MANUFACTURER_DATA,6,Insuficiente,0 intervalo(s) válidos (+0) | match exacto/alias (REF_EXACT) (+12) | asociación single (+12) | sin cobertura calculable (+0) | sin intervalos suficientes (+0) | sin cohorte disponible (+0) | hay datos de uso/contrato/horario (+8) | Weibull no evaluado (n insuficiente) (+4) | estimación de tipo INSUFFICIENT_DATA (+0) | n=0 intervalos (<10) (-10) | n=0 intervalos (<3) (-20),,INSUFFICIENT_DATA,6,Insuficiente,0 intervalo(s) válidos (+0) | match exacto/alias (REF_EXACT) (+12) | asociación single (+12) | sin cobertura calculable (+0) | sin intervalos suficientes (+0) | sin cohorte disponible (+0) | hay datos de uso/contrato/horario (+8) | Weibull no evaluado (n insuficiente) (+4) | estimación de tipo INSUFFICIENT_DATA (+0) | n=0 intervalos (<10) (-10) | n=0 intervalos (<3) (-20),,,,,,NONE,0.63,Solo un evento observado para esta combinación - no se puede estimar vida útil todavía sin cohorte.
1016246,Assy Leafbank Flex Circuit,2020-12-29T20:00:00.000Z,2020-12-29T20:00:00.000Z,1,0,,,NONE,INSUFFICIENT_DATA,Un solo evento observado y sin cohorte disponible - sin base estadística suficiente para estimar vida útil.,,,,,,,,,,,1,0,0,,,NO_DATA,,,INSUFFICIENT_DATA,NO_MANUFACTURER_DATA,6,Insuficiente,0 intervalo(s) válidos (+0) | match exacto/alias (REF_EXACT) (+12) | asociación single (+12) | sin cobertura calculable (+0) | sin intervalos suficientes (+0) | sin cohorte disponible (+0) | hay datos de uso/contrato/horario (+8) | Weibull no evaluado (n insuficiente) (+4) | estimación de tipo INSUFFICIENT_DATA (+0) | n=0 intervalos (<10) (-10) | n=0 intervalos (<3) (-20),,INSUFFICIENT_DATA,6,Insuficiente,0 intervalo(s) válidos (+0) | match exacto/alias (REF_EXACT) (+12) | asociación single (+12) | sin cobertura calculable (+0) | sin intervalos suficientes (+0) | sin cohorte disponible (+0) | hay datos de uso/contrato/horario (+8) | Weibull no evaluado (n insuficiente) (+4) | estimación de tipo INSUFFICIENT_DATA (+0) | n=0 intervalos (<10) (-10) | n=0 intervalos (<3) (-20),,,,,,NONE,0.46,Solo un evento observado para esta combinación - no se puede estimar vida útil todavía sin cohorte.
F153053FV,Festo Racor Rapido Rosc.,2021-03-16T11:30:00.000Z,2021-03-16T11:30:00.000Z,1,0,,,NONE,INSUFFICIENT_DATA,Un solo evento observado y sin cohorte disponible - sin base estadística suficiente para estimar vida útil.,,,,,,,,,,,1,0,0,,,NO_DATA,,,INSUFFICIENT_DATA,NO_MANUFACTURER_DATA,6,Insuficiente,0 intervalo(s) válidos (+0) | match exacto/alias (REF_EXACT) (+12) | asociación single (+12) | sin cobertura calculable (+0) | sin intervalos suficientes (+0) | sin cohorte disponible (+0) | hay datos de uso/contrato/horario (+8) | Weibull no evaluado (n insuficiente) (+4) | estimación de tipo INSUFFICIENT_DATA (+0) | n=0 intervalos (<10) (-10) | n=0 intervalos (<3) (-20),,INSUFFICIENT_DATA,6,Insuficiente,0 intervalo(s) válidos (+0) | match exacto/alias (REF_EXACT) (+12) | asociación single (+12) | sin cobertura calculable (+0) | sin intervalos suficientes (+0) | sin cohorte disponible (+0) | hay datos de uso/contrato/horario (+8) | Weibull no evaluado (n insuficiente) (+4) | estimación de tipo INSUFFICIENT_DATA (+0) | n=0 intervalos (<10) (-10) | n=0 intervalos (<3) (-20),,,,,,NONE,0,Solo un evento observado para esta combinación - no se puede estimar vida útil todavía sin cohorte.
45133318440,Fru XY Drive Unit,2021-03-19T11:30:00.000Z,2021-03-19T11:30:00.000Z,1,0,,,NONE,INSUFFICIENT_DATA,Un solo evento observado y sin cohorte disponible - sin base estadística suficiente para estimar vida útil.,,,,,,,,,,,1,0,0,,,NO_DATA,,,INSUFFICIENT_DATA,NO_MANUFACTURER_DATA,6,Insuficiente,0 intervalo(s) válidos (+0) | match exacto/alias (REF_EXACT) (+12) | asociación single (+12) | sin cobertura calculable (+0) | sin intervalos suficientes (+0) | sin cohorte disponible (+0) | hay datos de uso/contrato/horario (+8) | Weibull no evaluado (n insuficiente) (+4) | estimación de tipo INSUFFICIENT_DATA (+0) | n=0 intervalos (<10) (-10) | n=0 intervalos (<3) (-20),,INSUFFICIENT_DATA,6,Insuficiente,0 intervalo(s) válidos (+0) | match exacto/alias (REF_EXACT) (+12) | asociación single (+12) | sin cobertura calculable (+0) | sin intervalos suficientes (+0) | sin cohorte disponible (+0) | hay datos de uso/contrato/horario (+8) | Weibull no evaluado (n insuficiente) (+4) | estimación de tipo INSUFFICIENT_DATA (+0) | n=0 intervalos (<10) (-10) | n=0 intervalos (<3) (-20),,,,,,NONE,0,Solo un evento observado para esta combinación - no se puede estimar vida útil todavía sin cohorte.
45133317157,"timing belt 16T5 DL, 1263mm",2021-03-19T11:30:00.000Z,2021-03-19T11:30:00.000Z,1,0,,,NONE,INSUFFICIENT_DATA,Un solo evento observado y sin cohorte disponible - sin base estadística suficiente para estimar vida útil.,,,,,,,,,,,1,0,0,,,NO_DATA,,,INSUFFICIENT_DATA,NO_MANUFACTURER_DATA,6,Insuficiente,0 intervalo(s) válidos (+0) | match exacto/alias (REF_EXACT) (+12) | asociación single (+12) | sin cobertura calculable (+0) | sin intervalos suficientes (+0) | sin cohorte disponible (+0) | hay datos de uso/contrato/horario (+8) | Weibull no evaluado (n insuficiente) (+4) | estimación de tipo INSUFFICIENT_DATA (+0) | n=0 intervalos (<10) (-10) | n=0 intervalos (<3) (-20),,INSUFFICIENT_DATA,6,Insuficiente,0 intervalo(s) válidos (+0) | match exacto/alias (REF_EXACT) (+12) | asociación single (+12) | sin cobertura calculable (+0) | sin intervalos suficientes (+0) | sin cohorte disponible (+0) | hay datos de uso/contrato/horario (+8) | Weibull no evaluado (n insuficiente) (+4) | estimación de tipo INSUFFICIENT_DATA (+0) | n=0 intervalos (<10) (-10) | n=0 intervalos (<3) (-20),,,,,,NONE,0,Solo un evento observado para esta combinación - no se puede estimar vida útil todavía sin cohorte.
45133317815_01,TORNILLOS INOXIDABLES,2021-03-30T17:30:00.000Z,2021-03-30T17:30:00.000Z,1,0,,,NONE,INSUFFICIENT_DATA,Un solo evento observado y sin cohorte disponible - sin base estadística suficiente para estimar vida útil.,,,,,,,,,,,1,0,0,,,NO_DATA,,,INSUFFICIENT_DATA,NO_MANUFACTURER_DATA,2,Insuficiente,0 intervalo(s) válidos (+0) | match por método débil (REF_LIKE) (+8) | asociación single (+12) | sin cobertura calculable (+0) | sin intervalos suficientes (+0) | sin cohorte disponible (+0) | hay datos de uso/contrato/horario (+8) | Weibull no evaluado (n insuficiente) (+4) | estimación de tipo INSUFFICIENT_DATA (+0) | n=0 intervalos (<10) (-10) | n=0 intervalos (<3) (-20),,INSUFFICIENT_DATA,2,Insuficiente,0 intervalo(s) válidos (+0) | match por método débil (REF_LIKE) (+8) | asociación single (+12) | sin cobertura calculable (+0) | sin intervalos suficientes (+0) | sin cohorte disponible (+0) | hay datos de uso/contrato/horario (+8) | Weibull no evaluado (n insuficiente) (+4) | estimación de tipo INSUFFICIENT_DATA (+0) | n=0 intervalos (<10) (-10) | n=0 intervalos (<3) (-20),,,,,,NONE,0,Solo un evento observado para esta combinación - no se puede estimar vida útil todavía sin cohorte.
128345,MOTOR BRASHEL (S),2021-04-20T13:00:00.000Z,2021-04-20T13:00:00.000Z,1,0,,,NONE,INSUFFICIENT_DATA,Un solo evento observado y sin cohorte disponible - sin base estadística suficiente para estimar vida útil.,,,,,,,,,,,1,0,0,,,NO_DATA,,,INSUFFICIENT_DATA,NO_MANUFACTURER_DATA,6,Insuficiente,0 intervalo(s) válidos (+0) | match exacto/alias (REF_EXACT) (+12) | asociación single (+12) | sin cobertura calculable (+0) | sin intervalos suficientes (+0) | sin cohorte disponible (+0) | hay datos de uso/contrato/horario (+8) | Weibull no evaluado (n insuficiente) (+4) | estimación de tipo INSUFFICIENT_DATA (+0) | n=0 intervalos (<10) (-10) | n=0 intervalos (<3) (-20),,INSUFFICIENT_DATA,6,Insuficiente,0 intervalo(s) válidos (+0) | match exacto/alias (REF_EXACT) (+12) | asociación single (+12) | sin cobertura calculable (+0) | sin intervalos suficientes (+0) | sin cohorte disponible (+0) | hay datos de uso/contrato/horario (+8) | Weibull no evaluado (n insuficiente) (+4) | estimación de tipo INSUFFICIENT_DATA (+0) | n=0 intervalos (<10) (-10) | n=0 intervalos (<3) (-20),,,,,,NONE,0,Solo un evento observado para esta combinación - no se puede estimar vida útil todavía sin cohorte.
BJ6219.001.02,iViewC™ Arm brake cable-A,2021-05-04T12:30:00.000Z,2021-05-04T12:30:00.000Z,1,0,,,NONE,INSUFFICIENT_DATA,Un solo evento observado y sin cohorte disponible - sin base estadística suficiente para estimar vida útil.,,,,,,,,,,,1,0,0,,,NO_DATA,,,INSUFFICIENT_DATA,NO_MANUFACTURER_DATA,6,Insuficiente,0 intervalo(s) válidos (+0) | match exacto/alias (REF_EXACT) (+12) | asociación single (+12) | sin cobertura calculable (+0) | sin intervalos suficientes (+0) | sin cohorte disponible (+0) | hay datos de uso/contrato/horario (+8) | Weibull no evaluado (n insuficiente) (+4) | estimación de tipo INSUFFICIENT_DATA (+0) | n=0 intervalos (<10) (-10) | n=0 intervalos (<3) (-20),,INSUFFICIENT_DATA,6,Insuficiente,0 intervalo(s) válidos (+0) | match exacto/alias (REF_EXACT) (+12) | asociación single (+12) | sin cobertura calculable (+0) | sin intervalos suficientes (+0) | sin cohorte disponible (+0) | hay datos de uso/contrato/horario (+8) | Weibull no evaluado (n insuficiente) (+4) | estimación de tipo INSUFFICIENT_DATA (+0) | n=0 intervalos (<10) (-10) | n=0 intervalos (<3) (-20),,,,,,NONE,0,Solo un evento observado para esta combinación - no se puede estimar vida útil todavía sin cohorte.
1541653,"DRIFT TUBE ASSY, FRU, VITON",2021-05-21T04:00:00.000Z,2021-05-21T04:00:00.000Z,1,0,,,NONE,INSUFFICIENT_DATA,Un solo evento observado y sin cohorte disponible - sin base estadística suficiente para estimar vida útil.,,,,,,,,,,,1,0,0,,,NO_DATA,,,INSUFFICIENT_DATA,NO_MANUFACTURER_DATA,6,Insuficiente,0 intervalo(s) válidos (+0) | match exacto/alias (REF_EXACT) (+12) | asociación single (+12) | sin cobertura calculable (+0) | sin intervalos suficientes (+0) | sin cohorte disponible (+0) | hay datos de uso/contrato/horario (+8) | Weibull no evaluado (n insuficiente) (+4) | estimación de tipo INSUFFICIENT_DATA (+0) | n=0 intervalos (<10) (-10) | n=0 intervalos (<3) (-20),,INSUFFICIENT_DATA,6,Insuficiente,0 intervalo(s) válidos (+0) | match exacto/alias (REF_EXACT) (+12) | asociación single (+12) | sin cobertura calculable (+0) | sin intervalos suficientes (+0) | sin cohorte disponible (+0) | hay datos de uso/contrato/horario (+8) | Weibull no evaluado (n insuficiente) (+4) | estimación de tipo INSUFFICIENT_DATA (+0) | n=0 intervalos (<10) (-10) | n=0 intervalos (<3) (-20),,,,,,NONE,1,Solo un evento observado para esta combinación - no se puede estimar vida útil todavía sin cohorte.
1500443_02,PCB Assy Led Control,2021-06-19T13:00:00.000Z,2021-06-19T13:00:00.000Z,1,0,,,NONE,INSUFFICIENT_DATA,Un solo evento observado y sin cohorte disponible - sin base estadística suficiente para estimar vida útil.,,,,,,,,,,,1,0,0,,,NO_DATA,,,INSUFFICIENT_DATA,NO_MANUFACTURER_DATA,2,Insuficiente,0 intervalo(s) válidos (+0) | match por método débil (REF_LIKE) (+8) | asociación single (+12) | sin cobertura calculable (+0) | sin intervalos suficientes (+0) | sin cohorte disponible (+0) | hay datos de uso/contrato/horario (+8) | Weibull no evaluado (n insuficiente) (+4) | estimación de tipo INSUFFICIENT_DATA (+0) | n=0 intervalos (<10) (-10) | n=0 intervalos (<3) (-20),,INSUFFICIENT_DATA,2,Insuficiente,0 intervalo(s) válidos (+0) | match por método débil (REF_LIKE) (+8) | asociación single (+12) | sin cobertura calculable (+0) | sin intervalos suficientes (+0) | sin cohorte disponible (+0) | hay datos de uso/contrato/horario (+8) | Weibull no evaluado (n insuficiente) (+4) | estimación de tipo INSUFFICIENT_DATA (+0) | n=0 intervalos (<10) (-10) | n=0 intervalos (<3) (-20),,,,,,NONE,1,Solo un evento observado para esta combinación - no se puede estimar vida útil todavía sin cohorte.
BJ4853.228.01,CABLE X30B - X43,2021-06-25T15:00:00.000Z,2021-06-25T15:00:00.000Z,1,0,,,NONE,INSUFFICIENT_DATA,Un solo evento observado y sin cohorte disponible - sin base estadística suficiente para estimar vida útil.,,,,,,,,,,,1,0,0,,,NO_DATA,,,INSUFFICIENT_DATA,NO_MANUFACTURER_DATA,6,Insuficiente,0 intervalo(s) válidos (+0) | match exacto/alias (REF_EXACT) (+12) | asociación single (+12) | sin cobertura calculable (+0) | sin intervalos suficientes (+0) | sin cohorte disponible (+0) | hay datos de uso/contrato/horario (+8) | Weibull no evaluado (n insuficiente) (+4) | estimación de tipo INSUFFICIENT_DATA (+0) | n=0 intervalos (<10) (-10) | n=0 intervalos (<3) (-20),,INSUFFICIENT_DATA,6,Insuficiente,0 intervalo(s) válidos (+0) | match exacto/alias (REF_EXACT) (+12) | asociación single (+12) | sin cobertura calculable (+0) | sin intervalos suficientes (+0) | sin cohorte disponible (+0) | hay datos de uso/contrato/horario (+8) | Weibull no evaluado (n insuficiente) (+4) | estimación de tipo INSUFFICIENT_DATA (+0) | n=0 intervalos (<10) (-10) | n=0 intervalos (<3) (-20),,,,,,NONE,0,Solo un evento observado para esta combinación - no se puede estimar vida útil todavía sin cohorte.
45133904034,PCB ASSY MOTOR THER,2021-06-29T13:00:00.000Z,2021-06-29T13:00:00.000Z,1,0,,,NONE,INSUFFICIENT_DATA,Un solo evento observado y sin cohorte disponible - sin base estadística suficiente para estimar vida útil.,,,,,,,,,,,1,0,0,,,NO_DATA,,,INSUFFICIENT_DATA,NO_MANUFACTURER_DATA,6,Insuficiente,0 intervalo(s) válidos (+0) | match exacto/alias (REF_EXACT) (+12) | asociación single (+12) | sin cobertura calculable (+0) | sin intervalos suficientes (+0) | sin cohorte disponible (+0) | hay datos de uso/contrato/horario (+8) | Weibull no evaluado (n insuficiente) (+4) | estimación de tipo INSUFFICIENT_DATA (+0) | n=0 intervalos (<10) (-10) | n=0 intervalos (<3) (-20),,INSUFFICIENT_DATA,6,Insuficiente,0 intervalo(s) válidos (+0) | match exacto/alias (REF_EXACT) (+12) | asociación single (+12) | sin cobertura calculable (+0) | sin intervalos suficientes (+0) | sin cohorte disponible (+0) | hay datos de uso/contrato/horario (+8) | Weibull no evaluado (n insuficiente) (+4) | estimación de tipo INSUFFICIENT_DATA (+0) | n=0 intervalos (<10) (-10) | n=0 intervalos (<3) (-20),,,,,,NONE,0,Solo un evento observado para esta combinación - no se puede estimar vida útil todavía sin cohorte.
1016641,Assy Accessory PCB and Bracket,2021-07-24T12:00:00.000Z,2021-07-24T12:00:00.000Z,1,0,,,NONE,INSUFFICIENT_DATA,Un solo evento observado y sin cohorte disponible - sin base estadística suficiente para estimar vida útil.,,,,,,,,,,,1,0,0,,,NO_DATA,,,INSUFFICIENT_DATA,NO_MANUFACTURER_DATA,6,Insuficiente,0 intervalo(s) válidos (+0) | match exacto/alias (REF_EXACT) (+12) | asociación single (+12) | sin cobertura calculable (+0) | sin intervalos suficientes (+0) | sin cohorte disponible (+0) | hay datos de uso/contrato/horario (+8) | Weibull no evaluado (n insuficiente) (+4) | estimación de tipo INSUFFICIENT_DATA (+0) | n=0 intervalos (<10) (-10) | n=0 intervalos (<3) (-20),,INSUFFICIENT_DATA,6,Insuficiente,0 intervalo(s) válidos (+0) | match exacto/alias (REF_EXACT) (+12) | asociación single (+12) | sin cobertura calculable (+0) | sin intervalos suficientes (+0) | sin cohorte disponible (+0) | hay datos de uso/contrato/horario (+8) | Weibull no evaluado (n insuficiente) (+4) | estimación de tipo INSUFFICIENT_DATA (+0) | n=0 intervalos (<10) (-10) | n=0 intervalos (<3) (-20),,,,,,NONE,1,Solo un evento observado para esta combinación - no se puede estimar vida útil todavía sin cohorte.
45133307890,ION PUMP PSU (IPCU),2021-07-31T13:00:00.000Z,2021-07-31T13:00:00.000Z,1,0,,,NONE,INSUFFICIENT_DATA,Un solo evento observado y sin cohorte disponible - sin base estadística suficiente para estimar vida útil.,,,,,,,,,,,1,0,0,,,NO_DATA,,,INSUFFICIENT_DATA,NO_MANUFACTURER_DATA,6,Insuficiente,0 intervalo(s) válidos (+0) | match exacto/alias (REF_EXACT) (+12) | asociación single (+12) | sin cobertura calculable (+0) | sin intervalos suficientes (+0) | sin cohorte disponible (+0) | hay datos de uso/contrato/horario (+8) | Weibull no evaluado (n insuficiente) (+4) | estimación de tipo INSUFFICIENT_DATA (+0) | n=0 intervalos (<10) (-10) | n=0 intervalos (<3) (-20),,INSUFFICIENT_DATA,6,Insuficiente,0 intervalo(s) válidos (+0) | match exacto/alias (REF_EXACT) (+12) | asociación single (+12) | sin cobertura calculable (+0) | sin intervalos suficientes (+0) | sin cohorte disponible (+0) | hay datos de uso/contrato/horario (+8) | Weibull no evaluado (n insuficiente) (+4) | estimación de tipo INSUFFICIENT_DATA (+0) | n=0 intervalos (<10) (-10) | n=0 intervalos (<3) (-20),,,,,,NONE,1,Solo un evento observado para esta combinación - no se puede estimar vida útil todavía sin cohorte.
128284,Cavo 0975 254 101/5M,2021-08-13T12:30:00.000Z,2021-08-13T12:30:00.000Z,1,0,,,NONE,INSUFFICIENT_DATA,Un solo evento observado y sin cohorte disponible - sin base estadística suficiente para estimar vida útil.,,,,,,,,,,,1,0,0,,,NO_DATA,,,INSUFFICIENT_DATA,NO_MANUFACTURER_DATA,6,Insuficiente,0 intervalo(s) válidos (+0) | match exacto/alias (REF_EXACT) (+12) | asociación single (+12) | sin cobertura calculable (+0) | sin intervalos suficientes (+0) | sin cohorte disponible (+0) | hay datos de uso/contrato/horario (+8) | Weibull no evaluado (n insuficiente) (+4) | estimación de tipo INSUFFICIENT_DATA (+0) | n=0 intervalos (<10) (-10) | n=0 intervalos (<3) (-20),,INSUFFICIENT_DATA,6,Insuficiente,0 intervalo(s) válidos (+0) | match exacto/alias (REF_EXACT) (+12) | asociación single (+12) | sin cobertura calculable (+0) | sin intervalos suficientes (+0) | sin cohorte disponible (+0) | hay datos de uso/contrato/horario (+8) | Weibull no evaluado (n insuficiente) (+4) | estimación de tipo INSUFFICIENT_DATA (+0) | n=0 intervalos (<10) (-10) | n=0 intervalos (<3) (-20),,,,,,NONE,0,Solo un evento observado para esta combinación - no se puede estimar vida útil todavía sin cohorte.
1540383,"SPARES KIT, BMDM F/W UPDATE",2021-09-24T20:30:00.000Z,2021-09-24T20:30:00.000Z,1,0,,,NONE,INSUFFICIENT_DATA,Un solo evento observado y sin cohorte disponible - sin base estadística suficiente para estimar vida útil.,,,,,,,,,,,1,0,0,,,NO_DATA,,,INSUFFICIENT_DATA,NO_MANUFACTURER_DATA,6,Insuficiente,0 intervalo(s) válidos (+0) | match exacto/alias (REF_EXACT) (+12) | asociación single (+12) | sin cobertura calculable (+0) | sin intervalos suficientes (+0) | sin cohorte disponible (+0) | hay datos de uso/contrato/horario (+8) | Weibull no evaluado (n insuficiente) (+4) | estimación de tipo INSUFFICIENT_DATA (+0) | n=0 intervalos (<10) (-10) | n=0 intervalos (<3) (-20),,INSUFFICIENT_DATA,6,Insuficiente,0 intervalo(s) válidos (+0) | match exacto/alias (REF_EXACT) (+12) | asociación single (+12) | sin cobertura calculable (+0) | sin intervalos suficientes (+0) | sin cohorte disponible (+0) | hay datos de uso/contrato/horario (+8) | Weibull no evaluado (n insuficiente) (+4) | estimación de tipo INSUFFICIENT_DATA (+0) | n=0 intervalos (<10) (-10) | n=0 intervalos (<3) (-20),,,,,,NONE,0.75,Solo un evento observado para esta combinación - no se puede estimar vida útil todavía sin cohorte.
1536393,"FRU,EMERGENCY DOWN DRIVE MODULE",2021-11-05T13:00:00.000Z,2021-11-05T13:00:00.000Z,1,0,,,NONE,INSUFFICIENT_DATA,Un solo evento observado y sin cohorte disponible - sin base estadística suficiente para estimar vida útil.,,,,,,,,,,,1,0,0,,,NO_DATA,,,INSUFFICIENT_DATA,NO_MANUFACTURER_DATA,6,Insuficiente,0 intervalo(s) válidos (+0) | match exacto/alias (REF_EXACT) (+12) | asociación single (+12) | sin cobertura calculable (+0) | sin intervalos suficientes (+0) | sin cohorte disponible (+0) | hay datos de uso/contrato/horario (+8) | Weibull no evaluado (n insuficiente) (+4) | estimación de tipo INSUFFICIENT_DATA (+0) | n=0 intervalos (<10) (-10) | n=0 intervalos (<3) (-20),,INSUFFICIENT_DATA,6,Insuficiente,0 intervalo(s) válidos (+0) | match exacto/alias (REF_EXACT) (+12) | asociación single (+12) | sin cobertura calculable (+0) | sin intervalos suficientes (+0) | sin cohorte disponible (+0) | hay datos de uso/contrato/horario (+8) | Weibull no evaluado (n insuficiente) (+4) | estimación de tipo INSUFFICIENT_DATA (+0) | n=0 intervalos (<10) (-10) | n=0 intervalos (<3) (-20),,,,,,NONE,0,Solo un evento observado para esta combinación - no se puede estimar vida útil todavía sin cohorte.
1010925_usado,Screen assembly crosswire Agility Head,2021-11-13T14:53:00.000Z,2021-11-13T14:53:00.000Z,1,0,,,NONE,INSUFFICIENT_DATA,Un solo evento observado y sin cohorte disponible - sin base estadística suficiente para estimar vida útil.,,,,,,,,,,,1,0,0,,,NO_DATA,,,INSUFFICIENT_DATA,NO_MANUFACTURER_DATA,2,Insuficiente,0 intervalo(s) válidos (+0) | match por método débil (REF_LIKE) (+8) | asociación single (+12) | sin cobertura calculable (+0) | sin intervalos suficientes (+0) | sin cohorte disponible (+0) | hay datos de uso/contrato/horario (+8) | Weibull no evaluado (n insuficiente) (+4) | estimación de tipo INSUFFICIENT_DATA (+0) | n=0 intervalos (<10) (-10) | n=0 intervalos (<3) (-20),,INSUFFICIENT_DATA,2,Insuficiente,0 intervalo(s) válidos (+0) | match por método débil (REF_LIKE) (+8) | asociación single (+12) | sin cobertura calculable (+0) | sin intervalos suficientes (+0) | sin cohorte disponible (+0) | hay datos de uso/contrato/horario (+8) | Weibull no evaluado (n insuficiente) (+4) | estimación de tipo INSUFFICIENT_DATA (+0) | n=0 intervalos (<10) (-10) | n=0 intervalos (<3) (-20),,,,,,NONE,1,Solo un evento observado para esta combinación - no se puede estimar vida útil todavía sin cohorte.
45133298035,"CABLE,MODULATOR/GUN.",2021-11-17T05:05:00.000Z,2021-11-17T05:05:00.000Z,1,0,,,NONE,INSUFFICIENT_DATA,Un solo evento observado y sin cohorte disponible - sin base estadística suficiente para estimar vida útil.,,,,,,,,,,,1,0,0,,,NO_DATA,,,INSUFFICIENT_DATA,NO_MANUFACTURER_DATA,6,Insuficiente,0 intervalo(s) válidos (+0) | match exacto/alias (REF_EXACT) (+12) | asociación single (+12) | sin cobertura calculable (+0) | sin intervalos suficientes (+0) | sin cohorte disponible (+0) | hay datos de uso/contrato/horario (+8) | Weibull no evaluado (n insuficiente) (+4) | estimación de tipo INSUFFICIENT_DATA (+0) | n=0 intervalos (<10) (-10) | n=0 intervalos (<3) (-20),,INSUFFICIENT_DATA,6,Insuficiente,0 intervalo(s) válidos (+0) | match exacto/alias (REF_EXACT) (+12) | asociación single (+12) | sin cobertura calculable (+0) | sin intervalos suficientes (+0) | sin cohorte disponible (+0) | hay datos de uso/contrato/horario (+8) | Weibull no evaluado (n insuficiente) (+4) | estimación de tipo INSUFFICIENT_DATA (+0) | n=0 intervalos (<10) (-10) | n=0 intervalos (<3) (-20),,,,,,NONE,1,Solo un evento observado para esta combinación - no se puede estimar vida útil todavía sin cohorte.
451362610002L,"Longitudinal Drive Belt, timing#6T5/1215",2021-11-20T11:30:00.000Z,2021-11-20T11:30:00.000Z,1,0,,,NONE,INSUFFICIENT_DATA,Un solo evento observado y sin cohorte disponible - sin base estadística suficiente para estimar vida útil.,,,,,,,,,,,1,0,0,,,NO_DATA,,,INSUFFICIENT_DATA,NO_MANUFACTURER_DATA,2,Insuficiente,0 intervalo(s) válidos (+0) | match por método débil (REF_LIKE) (+8) | asociación single (+12) | sin cobertura calculable (+0) | sin intervalos suficientes (+0) | sin cohorte disponible (+0) | hay datos de uso/contrato/horario (+8) | Weibull no evaluado (n insuficiente) (+4) | estimación de tipo INSUFFICIENT_DATA (+0) | n=0 intervalos (<10) (-10) | n=0 intervalos (<3) (-20),,INSUFFICIENT_DATA,2,Insuficiente,0 intervalo(s) válidos (+0) | match por método débil (REF_LIKE) (+8) | asociación single (+12) | sin cobertura calculable (+0) | sin intervalos suficientes (+0) | sin cohorte disponible (+0) | hay datos de uso/contrato/horario (+8) | Weibull no evaluado (n insuficiente) (+4) | estimación de tipo INSUFFICIENT_DATA (+0) | n=0 intervalos (<10) (-10) | n=0 intervalos (<3) (-20),,,,,,NONE,1,Solo un evento observado para esta combinación - no se puede estimar vida útil todavía sin cohorte.
1531852,FRU XY DRIVE UNIT,2021-12-03T20:31:00.000Z,2021-12-03T20:31:00.000Z,1,0,,,NONE,INSUFFICIENT_DATA,Un solo evento observado y sin cohorte disponible - sin base estadística suficiente para estimar vida útil.,,,,,,,,,,,1,0,0,,,NO_DATA,,,INSUFFICIENT_DATA,NO_MANUFACTURER_DATA,6,Insuficiente,0 intervalo(s) válidos (+0) | match exacto/alias (REF_EXACT) (+12) | asociación single (+12) | sin cobertura calculable (+0) | sin intervalos suficientes (+0) | sin cohorte disponible (+0) | hay datos de uso/contrato/horario (+8) | Weibull no evaluado (n insuficiente) (+4) | estimación de tipo INSUFFICIENT_DATA (+0) | n=0 intervalos (<10) (-10) | n=0 intervalos (<3) (-20),,INSUFFICIENT_DATA,6,Insuficiente,0 intervalo(s) válidos (+0) | match exacto/alias (REF_EXACT) (+12) | asociación single (+12) | sin cobertura calculable (+0) | sin intervalos suficientes (+0) | sin cohorte disponible (+0) | hay datos de uso/contrato/horario (+8) | Weibull no evaluado (n insuficiente) (+4) | estimación de tipo INSUFFICIENT_DATA (+0) | n=0 intervalos (<10) (-10) | n=0 intervalos (<3) (-20),,,,,,NONE,0.79,Solo un evento observado para esta combinación - no se puede estimar vida útil todavía sin cohorte.
1502738,"FRU,THUMBWHEEL PWB SIDE A.MKII",2021-12-21T20:30:00.000Z,2021-12-21T20:30:00.000Z,1,0,,,NONE,INSUFFICIENT_DATA,Un solo evento observado y sin cohorte disponible - sin base estadística suficiente para estimar vida útil.,,,,,,,,,,,1,0,0,,,NO_DATA,,,INSUFFICIENT_DATA,NO_MANUFACTURER_DATA,6,Insuficiente,0 intervalo(s) válidos (+0) | match exacto/alias (REF_EXACT) (+12) | asociación single (+12) | sin cobertura calculable (+0) | sin intervalos suficientes (+0) | sin cohorte disponible (+0) | hay datos de uso/contrato/horario (+8) | Weibull no evaluado (n insuficiente) (+4) | estimación de tipo INSUFFICIENT_DATA (+0) | n=0 intervalos (<10) (-10) | n=0 intervalos (<3) (-20),,INSUFFICIENT_DATA,6,Insuficiente,0 intervalo(s) válidos (+0) | match exacto/alias (REF_EXACT) (+12) | asociación single (+12) | sin cobertura calculable (+0) | sin intervalos suficientes (+0) | sin cohorte disponible (+0) | hay datos de uso/contrato/horario (+8) | Weibull no evaluado (n insuficiente) (+4) | estimación de tipo INSUFFICIENT_DATA (+0) | n=0 intervalos (<10) (-10) | n=0 intervalos (<3) (-20),,,,,,NONE,0.5,Solo un evento observado para esta combinación - no se puede estimar vida útil todavía sin cohorte.
1502740,Thumbwheel PWB Side B MKII,2021-12-23T22:30:00.000Z,2021-12-23T22:30:00.000Z,1,0,,,NONE,INSUFFICIENT_DATA,Un solo evento observado y sin cohorte disponible - sin base estadística suficiente para estimar vida útil.,,,,,,,,,,,1,0,0,,,NO_DATA,,,INSUFFICIENT_DATA,NO_MANUFACTURER_DATA,6,Insuficiente,0 intervalo(s) válidos (+0) | match exacto/alias (REF_EXACT) (+12) | asociación single (+12) | sin cobertura calculable (+0) | sin intervalos suficientes (+0) | sin cohorte disponible (+0) | hay datos de uso/contrato/horario (+8) | Weibull no evaluado (n insuficiente) (+4) | estimación de tipo INSUFFICIENT_DATA (+0) | n=0 intervalos (<10) (-10) | n=0 intervalos (<3) (-20),,INSUFFICIENT_DATA,6,Insuficiente,0 intervalo(s) válidos (+0) | match exacto/alias (REF_EXACT) (+12) | asociación single (+12) | sin cobertura calculable (+0) | sin intervalos suficientes (+0) | sin cohorte disponible (+0) | hay datos de uso/contrato/horario (+8) | Weibull no evaluado (n insuficiente) (+4) | estimación de tipo INSUFFICIENT_DATA (+0) | n=0 intervalos (<10) (-10) | n=0 intervalos (<3) (-20),,,,,,NONE,1,Solo un evento observado para esta combinación - no se puede estimar vida útil todavía sin cohorte.
1022473,Bending Magnet Assembly Repair Kit,2022-01-06T11:30:00.000Z,2022-01-06T11:30:00.000Z,1,0,,,NONE,INSUFFICIENT_DATA,Un solo evento observado y sin cohorte disponible - sin base estadística suficiente para estimar vida útil.,,,,,,,,,,,1,0,0,,,NO_DATA,,,INSUFFICIENT_DATA,NO_MANUFACTURER_DATA,6,Insuficiente,0 intervalo(s) válidos (+0) | match exacto/alias (REF_EXACT) (+12) | asociación single (+12) | sin cobertura calculable (+0) | sin intervalos suficientes (+0) | sin cohorte disponible (+0) | hay datos de uso/contrato/horario (+8) | Weibull no evaluado (n insuficiente) (+4) | estimación de tipo INSUFFICIENT_DATA (+0) | n=0 intervalos (<10) (-10) | n=0 intervalos (<3) (-20),,INSUFFICIENT_DATA,6,Insuficiente,0 intervalo(s) válidos (+0) | match exacto/alias (REF_EXACT) (+12) | asociación single (+12) | sin cobertura calculable (+0) | sin intervalos suficientes (+0) | sin cohorte disponible (+0) | hay datos de uso/contrato/horario (+8) | Weibull no evaluado (n insuficiente) (+4) | estimación de tipo INSUFFICIENT_DATA (+0) | n=0 intervalos (<10) (-10) | n=0 intervalos (<3) (-20),,,,,,NONE,0,Solo un evento observado para esta combinación - no se puede estimar vida útil todavía sin cohorte.
45133904654,"PCB ASY, MOTOR DRIVE",2022-03-28T12:00:00.000Z,2022-03-28T12:00:00.000Z,1,0,,,NONE,INSUFFICIENT_DATA,Un solo evento observado y sin cohorte disponible - sin base estadística suficiente para estimar vida útil.,,,,,,,,,,,1,0,0,,,NO_DATA,,,INSUFFICIENT_DATA,NO_MANUFACTURER_DATA,2,Insuficiente,0 intervalo(s) válidos (+0) | match por método débil (REF_LIKE) (+8) | asociación single (+12) | sin cobertura calculable (+0) | sin intervalos suficientes (+0) | sin cohorte disponible (+0) | hay datos de uso/contrato/horario (+8) | Weibull no evaluado (n insuficiente) (+4) | estimación de tipo INSUFFICIENT_DATA (+0) | n=0 intervalos (<10) (-10) | n=0 intervalos (<3) (-20),,INSUFFICIENT_DATA,2,Insuficiente,0 intervalo(s) válidos (+0) | match por método débil (REF_LIKE) (+8) | asociación single (+12) | sin cobertura calculable (+0) | sin intervalos suficientes (+0) | sin cohorte disponible (+0) | hay datos de uso/contrato/horario (+8) | Weibull no evaluado (n insuficiente) (+4) | estimación de tipo INSUFFICIENT_DATA (+0) | n=0 intervalos (<10) (-10) | n=0 intervalos (<3) (-20),,,,,,NONE,0,Solo un evento observado para esta combinación - no se puede estimar vida útil todavía sin cohorte.
1006059,"FRU, DOSE BOARD",2022-06-18T13:00:00.000Z,2022-06-18T13:00:00.000Z,1,0,,,NONE,INSUFFICIENT_DATA,Un solo evento observado y sin cohorte disponible - sin base estadística suficiente para estimar vida útil.,,,,,,,,,,,1,0,0,,,NO_DATA,,,INSUFFICIENT_DATA,NO_MANUFACTURER_DATA,2,Insuficiente,0 intervalo(s) válidos (+0) | match por método débil (REF_LIKE) (+8) | asociación single (+12) | sin cobertura calculable (+0) | sin intervalos suficientes (+0) | sin cohorte disponible (+0) | hay datos de uso/contrato/horario (+8) | Weibull no evaluado (n insuficiente) (+4) | estimación de tipo INSUFFICIENT_DATA (+0) | n=0 intervalos (<10) (-10) | n=0 intervalos (<3) (-20),,INSUFFICIENT_DATA,2,Insuficiente,0 intervalo(s) válidos (+0) | match por método débil (REF_LIKE) (+8) | asociación single (+12) | sin cobertura calculable (+0) | sin intervalos suficientes (+0) | sin cohorte disponible (+0) | hay datos de uso/contrato/horario (+8) | Weibull no evaluado (n insuficiente) (+4) | estimación de tipo INSUFFICIENT_DATA (+0) | n=0 intervalos (<10) (-10) | n=0 intervalos (<3) (-20),,,,,,NONE,1,Solo un evento observado para esta combinación - no se puede estimar vida útil todavía sin cohorte.
45133317850,"FRU PWB 812,825A,830A (User Interface Lado A)",2022-07-15T20:30:00.000Z,2022-07-15T20:30:00.000Z,1,0,,,NONE,INSUFFICIENT_DATA,Un solo evento observado y sin cohorte disponible - sin base estadística suficiente para estimar vida útil.,,,,,,,,,,,1,0,0,,,NO_DATA,,,INSUFFICIENT_DATA,NO_MANUFACTURER_DATA,6,Insuficiente,0 intervalo(s) válidos (+0) | match exacto/alias (REF_EXACT) (+12) | asociación single (+12) | sin cobertura calculable (+0) | sin intervalos suficientes (+0) | sin cohorte disponible (+0) | hay datos de uso/contrato/horario (+8) | Weibull no evaluado (n insuficiente) (+4) | estimación de tipo INSUFFICIENT_DATA (+0) | n=0 intervalos (<10) (-10) | n=0 intervalos (<3) (-20),,INSUFFICIENT_DATA,6,Insuficiente,0 intervalo(s) válidos (+0) | match exacto/alias (REF_EXACT) (+12) | asociación single (+12) | sin cobertura calculable (+0) | sin intervalos suficientes (+0) | sin cohorte disponible (+0) | hay datos de uso/contrato/horario (+8) | Weibull no evaluado (n insuficiente) (+4) | estimación de tipo INSUFFICIENT_DATA (+0) | n=0 intervalos (<10) (-10) | n=0 intervalos (<3) (-20),,,,,,NONE,0,Solo un evento observado para esta combinación - no se puede estimar vida útil todavía sin cohorte.
1505856,"MRT 23871 KV GENERATOR,400V",2022-07-29T12:00:00.000Z,2022-07-29T12:00:00.000Z,1,0,,,NONE,INSUFFICIENT_DATA,Un solo evento observado y sin cohorte disponible - sin base estadística suficiente para estimar vida útil.,,,,,,,,,,,1,0,0,,,NO_DATA,,,INSUFFICIENT_DATA,NO_MANUFACTURER_DATA,6,Insuficiente,0 intervalo(s) válidos (+0) | match exacto/alias (REF_EXACT) (+12) | asociación single (+12) | sin cobertura calculable (+0) | sin intervalos suficientes (+0) | sin cohorte disponible (+0) | hay datos de uso/contrato/horario (+8) | Weibull no evaluado (n insuficiente) (+4) | estimación de tipo INSUFFICIENT_DATA (+0) | n=0 intervalos (<10) (-10) | n=0 intervalos (<3) (-20),,INSUFFICIENT_DATA,6,Insuficiente,0 intervalo(s) válidos (+0) | match exacto/alias (REF_EXACT) (+12) | asociación single (+12) | sin cobertura calculable (+0) | sin intervalos suficientes (+0) | sin cohorte disponible (+0) | hay datos de uso/contrato/horario (+8) | Weibull no evaluado (n insuficiente) (+4) | estimación de tipo INSUFFICIENT_DATA (+0) | n=0 intervalos (<10) (-10) | n=0 intervalos (<3) (-20),,,,,,NONE,0.25,Solo un evento observado para esta combinación - no se puede estimar vida útil todavía sin cohorte.
1549509_FCO,"Modkit, IntegrityTM R4.0 for IntegrityTM R3.2_FCO",2022-08-12T19:00:00.000Z,2022-08-12T19:00:00.000Z,1,0,,,NONE,INSUFFICIENT_DATA,Un solo evento observado y sin cohorte disponible - sin base estadística suficiente para estimar vida útil.,,,,,,,,,,,1,0,0,,,NO_DATA,,,INSUFFICIENT_DATA,NO_MANUFACTURER_DATA,2,Insuficiente,0 intervalo(s) válidos (+0) | match por método débil (REF_LIKE) (+8) | asociación single (+12) | sin cobertura calculable (+0) | sin intervalos suficientes (+0) | sin cohorte disponible (+0) | hay datos de uso/contrato/horario (+8) | Weibull no evaluado (n insuficiente) (+4) | estimación de tipo INSUFFICIENT_DATA (+0) | n=0 intervalos (<10) (-10) | n=0 intervalos (<3) (-20),,INSUFFICIENT_DATA,2,Insuficiente,0 intervalo(s) válidos (+0) | match por método débil (REF_LIKE) (+8) | asociación single (+12) | sin cobertura calculable (+0) | sin intervalos suficientes (+0) | sin cohorte disponible (+0) | hay datos de uso/contrato/horario (+8) | Weibull no evaluado (n insuficiente) (+4) | estimación de tipo INSUFFICIENT_DATA (+0) | n=0 intervalos (<10) (-10) | n=0 intervalos (<3) (-20),,,,,,NONE,0,Solo un evento observado para esta combinación - no se puede estimar vida útil todavía sin cohorte.
1539233_FCO,NSS 4.0 Upgrade ModKit_FCO,2022-08-12T19:00:00.000Z,2022-08-12T19:00:00.000Z,1,0,,,NONE,INSUFFICIENT_DATA,Un solo evento observado y sin cohorte disponible - sin base estadística suficiente para estimar vida útil.,,,,,,,,,,,1,0,0,,,NO_DATA,,,INSUFFICIENT_DATA,NO_MANUFACTURER_DATA,2,Insuficiente,0 intervalo(s) válidos (+0) | match por método débil (REF_LIKE) (+8) | asociación single (+12) | sin cobertura calculable (+0) | sin intervalos suficientes (+0) | sin cohorte disponible (+0) | hay datos de uso/contrato/horario (+8) | Weibull no evaluado (n insuficiente) (+4) | estimación de tipo INSUFFICIENT_DATA (+0) | n=0 intervalos (<10) (-10) | n=0 intervalos (<3) (-20),,INSUFFICIENT_DATA,2,Insuficiente,0 intervalo(s) válidos (+0) | match por método débil (REF_LIKE) (+8) | asociación single (+12) | sin cobertura calculable (+0) | sin intervalos suficientes (+0) | sin cohorte disponible (+0) | hay datos de uso/contrato/horario (+8) | Weibull no evaluado (n insuficiente) (+4) | estimación de tipo INSUFFICIENT_DATA (+0) | n=0 intervalos (<10) (-10) | n=0 intervalos (<3) (-20),,,,,,NONE,0,Solo un evento observado para esta combinación - no se puede estimar vida útil todavía sin cohorte.
1534195,"Thumbwheel PWB Side B MKII, VersaHD",2022-10-28T12:30:00.000Z,2022-10-28T12:30:00.000Z,1,0,,,NONE,INSUFFICIENT_DATA,Un solo evento observado y sin cohorte disponible - sin base estadística suficiente para estimar vida útil.,,,,,,,,,,,1,0,0,,,NO_DATA,,,INSUFFICIENT_DATA,NO_MANUFACTURER_DATA,6,Insuficiente,0 intervalo(s) válidos (+0) | match exacto/alias (REF_EXACT) (+12) | asociación single (+12) | sin cobertura calculable (+0) | sin intervalos suficientes (+0) | sin cohorte disponible (+0) | hay datos de uso/contrato/horario (+8) | Weibull no evaluado (n insuficiente) (+4) | estimación de tipo INSUFFICIENT_DATA (+0) | n=0 intervalos (<10) (-10) | n=0 intervalos (<3) (-20),,INSUFFICIENT_DATA,6,Insuficiente,0 intervalo(s) válidos (+0) | match exacto/alias (REF_EXACT) (+12) | asociación single (+12) | sin cobertura calculable (+0) | sin intervalos suficientes (+0) | sin cohorte disponible (+0) | hay datos de uso/contrato/horario (+8) | Weibull no evaluado (n insuficiente) (+4) | estimación de tipo INSUFFICIENT_DATA (+0) | n=0 intervalos (<10) (-10) | n=0 intervalos (<3) (-20),,,,,,NONE,1,Solo un evento observado para esta combinación - no se puede estimar vida útil todavía sin cohorte.
45133903384,"PCB, auxiliary power supply",2022-11-05T11:00:00.000Z,2022-11-05T11:00:00.000Z,1,0,,,NONE,INSUFFICIENT_DATA,Un solo evento observado y sin cohorte disponible - sin base estadística suficiente para estimar vida útil.,,,,,,,,,,,1,0,0,,,NO_DATA,,,INSUFFICIENT_DATA,NO_MANUFACTURER_DATA,6,Insuficiente,0 intervalo(s) válidos (+0) | match exacto/alias (REF_EXACT) (+12) | asociación single (+12) | sin cobertura calculable (+0) | sin intervalos suficientes (+0) | sin cohorte disponible (+0) | hay datos de uso/contrato/horario (+8) | Weibull no evaluado (n insuficiente) (+4) | estimación de tipo INSUFFICIENT_DATA (+0) | n=0 intervalos (<10) (-10) | n=0 intervalos (<3) (-20),,INSUFFICIENT_DATA,6,Insuficiente,0 intervalo(s) válidos (+0) | match exacto/alias (REF_EXACT) (+12) | asociación single (+12) | sin cobertura calculable (+0) | sin intervalos suficientes (+0) | sin cohorte disponible (+0) | hay datos de uso/contrato/horario (+8) | Weibull no evaluado (n insuficiente) (+4) | estimación de tipo INSUFFICIENT_DATA (+0) | n=0 intervalos (<10) (-10) | n=0 intervalos (<3) (-20),,,,,,NONE,1,Solo un evento observado para esta combinación - no se puede estimar vida útil todavía sin cohorte.
1020469,"PCB ASSEMBLY, DOSE A BMEI",2022-11-11T21:00:00.000Z,2022-11-11T21:00:00.000Z,1,0,,,NONE,INSUFFICIENT_DATA,Un solo evento observado y sin cohorte disponible - sin base estadística suficiente para estimar vida útil.,,,,,,,,,,,1,0,0,,,NO_DATA,,,INSUFFICIENT_DATA,NO_MANUFACTURER_DATA,2,Insuficiente,0 intervalo(s) válidos (+0) | match por método débil (REF_LIKE) (+8) | asociación single (+12) | sin cobertura calculable (+0) | sin intervalos suficientes (+0) | sin cohorte disponible (+0) | hay datos de uso/contrato/horario (+8) | Weibull no evaluado (n insuficiente) (+4) | estimación de tipo INSUFFICIENT_DATA (+0) | n=0 intervalos (<10) (-10) | n=0 intervalos (<3) (-20),,INSUFFICIENT_DATA,2,Insuficiente,0 intervalo(s) válidos (+0) | match por método débil (REF_LIKE) (+8) | asociación single (+12) | sin cobertura calculable (+0) | sin intervalos suficientes (+0) | sin cohorte disponible (+0) | hay datos de uso/contrato/horario (+8) | Weibull no evaluado (n insuficiente) (+4) | estimación de tipo INSUFFICIENT_DATA (+0) | n=0 intervalos (<10) (-10) | n=0 intervalos (<3) (-20),,,,,,NONE,0.75,Solo un evento observado para esta combinación - no se puede estimar vida útil todavía sin cohorte.
1024129,Agility pixel calibration tool,2022-11-14T11:39:00.000Z,2022-11-14T11:39:00.000Z,1,0,,,NONE,INSUFFICIENT_DATA,Un solo evento observado y sin cohorte disponible - sin base estadística suficiente para estimar vida útil.,,,,,,,,,,,1,0,0,,,NO_DATA,,,INSUFFICIENT_DATA,NO_MANUFACTURER_DATA,6,Insuficiente,0 intervalo(s) válidos (+0) | match exacto/alias (REF_EXACT) (+12) | asociación single (+12) | sin cobertura calculable (+0) | sin intervalos suficientes (+0) | sin cohorte disponible (+0) | hay datos de uso/contrato/horario (+8) | Weibull no evaluado (n insuficiente) (+4) | estimación de tipo INSUFFICIENT_DATA (+0) | n=0 intervalos (<10) (-10) | n=0 intervalos (<3) (-20),,INSUFFICIENT_DATA,6,Insuficiente,0 intervalo(s) válidos (+0) | match exacto/alias (REF_EXACT) (+12) | asociación single (+12) | sin cobertura calculable (+0) | sin intervalos suficientes (+0) | sin cohorte disponible (+0) | hay datos de uso/contrato/horario (+8) | Weibull no evaluado (n insuficiente) (+4) | estimación de tipo INSUFFICIENT_DATA (+0) | n=0 intervalos (<10) (-10) | n=0 intervalos (<3) (-20),,,,,,NONE,0,Solo un evento observado para esta combinación - no se puede estimar vida útil todavía sin cohorte.
1538094,"CONTROL BOARD,KV GEN,SHFR400",2022-11-30T18:00:00.000Z,2022-11-30T18:00:00.000Z,1,0,,,NONE,INSUFFICIENT_DATA,Un solo evento observado y sin cohorte disponible - sin base estadística suficiente para estimar vida útil.,,,,,,,,,,,1,0,0,,,NO_DATA,,,INSUFFICIENT_DATA,NO_MANUFACTURER_DATA,6,Insuficiente,0 intervalo(s) válidos (+0) | match exacto/alias (REF_NORMALIZED_EXACT) (+12) | asociación single (+12) | sin cobertura calculable (+0) | sin intervalos suficientes (+0) | sin cohorte disponible (+0) | hay datos de uso/contrato/horario (+8) | Weibull no evaluado (n insuficiente) (+4) | estimación de tipo INSUFFICIENT_DATA (+0) | n=0 intervalos (<10) (-10) | n=0 intervalos (<3) (-20),,INSUFFICIENT_DATA,6,Insuficiente,0 intervalo(s) válidos (+0) | match exacto/alias (REF_NORMALIZED_EXACT) (+12) | asociación single (+12) | sin cobertura calculable (+0) | sin intervalos suficientes (+0) | sin cohorte disponible (+0) | hay datos de uso/contrato/horario (+8) | Weibull no evaluado (n insuficiente) (+4) | estimación de tipo INSUFFICIENT_DATA (+0) | n=0 intervalos (<10) (-10) | n=0 intervalos (<3) (-20),,,,,,NONE,0,Solo un evento observado para esta combinación - no se puede estimar vida útil todavía sin cohorte.
45133318520,"PCB 1, MkI,side A, switches & LEDs",2023-01-11T20:48:00.000Z,2023-01-11T20:48:00.000Z,1,0,,,NONE,INSUFFICIENT_DATA,Un solo evento observado y sin cohorte disponible - sin base estadística suficiente para estimar vida útil.,,,,,,,,,,,1,0,0,,,NO_DATA,,,INSUFFICIENT_DATA,NO_MANUFACTURER_DATA,6,Insuficiente,0 intervalo(s) válidos (+0) | match exacto/alias (REF_EXACT) (+12) | asociación single (+12) | sin cobertura calculable (+0) | sin intervalos suficientes (+0) | sin cohorte disponible (+0) | hay datos de uso/contrato/horario (+8) | Weibull no evaluado (n insuficiente) (+4) | estimación de tipo INSUFFICIENT_DATA (+0) | n=0 intervalos (<10) (-10) | n=0 intervalos (<3) (-20),,INSUFFICIENT_DATA,6,Insuficiente,0 intervalo(s) válidos (+0) | match exacto/alias (REF_EXACT) (+12) | asociación single (+12) | sin cobertura calculable (+0) | sin intervalos suficientes (+0) | sin cohorte disponible (+0) | hay datos de uso/contrato/horario (+8) | Weibull no evaluado (n insuficiente) (+4) | estimación de tipo INSUFFICIENT_DATA (+0) | n=0 intervalos (<10) (-10) | n=0 intervalos (<3) (-20),,,,,,NONE,0,Solo un evento observado para esta combinación - no se puede estimar vida útil todavía sin cohorte.
45133407315,Monitor 19 TFT Fascia Lado A y B,2023-02-16T20:00:00.000Z,2023-02-16T20:00:00.000Z,1,0,,,NONE,INSUFFICIENT_DATA,Un solo evento observado y sin cohorte disponible - sin base estadística suficiente para estimar vida útil.,,,,,,,,,,,1,0,0,,,NO_DATA,,,INSUFFICIENT_DATA,NO_MANUFACTURER_DATA,6,Insuficiente,0 intervalo(s) válidos (+0) | match exacto/alias (REF_EXACT) (+12) | asociación single (+12) | sin cobertura calculable (+0) | sin intervalos suficientes (+0) | sin cohorte disponible (+0) | hay datos de uso/contrato/horario (+8) | Weibull no evaluado (n insuficiente) (+4) | estimación de tipo INSUFFICIENT_DATA (+0) | n=0 intervalos (<10) (-10) | n=0 intervalos (<3) (-20),,INSUFFICIENT_DATA,6,Insuficiente,0 intervalo(s) válidos (+0) | match exacto/alias (REF_EXACT) (+12) | asociación single (+12) | sin cobertura calculable (+0) | sin intervalos suficientes (+0) | sin cohorte disponible (+0) | hay datos de uso/contrato/horario (+8) | Weibull no evaluado (n insuficiente) (+4) | estimación de tipo INSUFFICIENT_DATA (+0) | n=0 intervalos (<10) (-10) | n=0 intervalos (<3) (-20),,,,,,NONE,0.25,Solo un evento observado para esta combinación - no se puede estimar vida útil todavía sin cohorte.
261308039505J,Seal BS1806/223 o ring Viton,2023-02-27T09:30:00.000Z,2023-02-27T09:30:00.000Z,1,0,,,NONE,INSUFFICIENT_DATA,Un solo evento observado y sin cohorte disponible - sin base estadística suficiente para estimar vida útil.,,,,,,,,,,,1,0,0,,,NO_DATA,,,INSUFFICIENT_DATA,NO_MANUFACTURER_DATA,6,Insuficiente,0 intervalo(s) válidos (+0) | match exacto/alias (REF_EXACT) (+12) | asociación single (+12) | sin cobertura calculable (+0) | sin intervalos suficientes (+0) | sin cohorte disponible (+0) | hay datos de uso/contrato/horario (+8) | Weibull no evaluado (n insuficiente) (+4) | estimación de tipo INSUFFICIENT_DATA (+0) | n=0 intervalos (<10) (-10) | n=0 intervalos (<3) (-20),,INSUFFICIENT_DATA,6,Insuficiente,0 intervalo(s) válidos (+0) | match exacto/alias (REF_EXACT) (+12) | asociación single (+12) | sin cobertura calculable (+0) | sin intervalos suficientes (+0) | sin cohorte disponible (+0) | hay datos de uso/contrato/horario (+8) | Weibull no evaluado (n insuficiente) (+4) | estimación de tipo INSUFFICIENT_DATA (+0) | n=0 intervalos (<10) (-10) | n=0 intervalos (<3) (-20),,,,,,NONE,1,Solo un evento observado para esta combinación - no se puede estimar vida útil todavía sin cohorte.
1513849,RF input window spares kit (Gun),2023-02-27T09:30:00.000Z,2023-02-27T09:30:00.000Z,1,0,,,NONE,INSUFFICIENT_DATA,Un solo evento observado y sin cohorte disponible - sin base estadística suficiente para estimar vida útil.,,,,,,,,,,,1,0,0,,,NO_DATA,,,INSUFFICIENT_DATA,NO_MANUFACTURER_DATA,6,Insuficiente,0 intervalo(s) válidos (+0) | match exacto/alias (REF_EXACT) (+12) | asociación single (+12) | sin cobertura calculable (+0) | sin intervalos suficientes (+0) | sin cohorte disponible (+0) | hay datos de uso/contrato/horario (+8) | Weibull no evaluado (n insuficiente) (+4) | estimación de tipo INSUFFICIENT_DATA (+0) | n=0 intervalos (<10) (-10) | n=0 intervalos (<3) (-20),,INSUFFICIENT_DATA,6,Insuficiente,0 intervalo(s) válidos (+0) | match exacto/alias (REF_EXACT) (+12) | asociación single (+12) | sin cobertura calculable (+0) | sin intervalos suficientes (+0) | sin cohorte disponible (+0) | hay datos de uso/contrato/horario (+8) | Weibull no evaluado (n insuficiente) (+4) | estimación de tipo INSUFFICIENT_DATA (+0) | n=0 intervalos (<10) (-10) | n=0 intervalos (<3) (-20),,,,,,NONE,1,Solo un evento observado para esta combinación - no se puede estimar vida útil todavía sin cohorte.
4513330223101R,Pressure gauge,2023-03-17T19:33:00.000Z,2023-03-17T19:33:00.000Z,1,0,,,NONE,INSUFFICIENT_DATA,Un solo evento observado y sin cohorte disponible - sin base estadística suficiente para estimar vida útil.,,,,,,,,,,,1,0,0,,,NO_DATA,,,INSUFFICIENT_DATA,NO_MANUFACTURER_DATA,6,Insuficiente,0 intervalo(s) válidos (+0) | match exacto/alias (REF_EXACT) (+12) | asociación single (+12) | sin cobertura calculable (+0) | sin intervalos suficientes (+0) | sin cohorte disponible (+0) | hay datos de uso/contrato/horario (+8) | Weibull no evaluado (n insuficiente) (+4) | estimación de tipo INSUFFICIENT_DATA (+0) | n=0 intervalos (<10) (-10) | n=0 intervalos (<3) (-20),,INSUFFICIENT_DATA,6,Insuficiente,0 intervalo(s) válidos (+0) | match exacto/alias (REF_EXACT) (+12) | asociación single (+12) | sin cobertura calculable (+0) | sin intervalos suficientes (+0) | sin cohorte disponible (+0) | hay datos de uso/contrato/horario (+8) | Weibull no evaluado (n insuficiente) (+4) | estimación de tipo INSUFFICIENT_DATA (+0) | n=0 intervalos (<10) (-10) | n=0 intervalos (<3) (-20),,,,,,NONE,0.03,Solo un evento observado para esta combinación - no se puede estimar vida útil todavía sin cohorte.
106931-00,Opto Interface Board,2023-04-21T12:30:00.000Z,2023-04-21T12:30:00.000Z,1,0,,,NONE,INSUFFICIENT_DATA,Un solo evento observado y sin cohorte disponible - sin base estadística suficiente para estimar vida útil.,,,,,,,,,,,1,0,0,,,NO_DATA,,,INSUFFICIENT_DATA,NO_MANUFACTURER_DATA,6,Insuficiente,0 intervalo(s) válidos (+0) | match exacto/alias (REF_EXACT) (+12) | asociación single (+12) | sin cobertura calculable (+0) | sin intervalos suficientes (+0) | sin cohorte disponible (+0) | hay datos de uso/contrato/horario (+8) | Weibull no evaluado (n insuficiente) (+4) | estimación de tipo INSUFFICIENT_DATA (+0) | n=0 intervalos (<10) (-10) | n=0 intervalos (<3) (-20),,INSUFFICIENT_DATA,6,Insuficiente,0 intervalo(s) válidos (+0) | match exacto/alias (REF_EXACT) (+12) | asociación single (+12) | sin cobertura calculable (+0) | sin intervalos suficientes (+0) | sin cohorte disponible (+0) | hay datos de uso/contrato/horario (+8) | Weibull no evaluado (n insuficiente) (+4) | estimación de tipo INSUFFICIENT_DATA (+0) | n=0 intervalos (<10) (-10) | n=0 intervalos (<3) (-20),,,,,,NONE,0,Solo un evento observado para esta combinación - no se puede estimar vida útil todavía sin cohorte.
1534583,"CCP MGMT COMP, HP Z2 MINI G4",2023-05-05T11:00:00.000Z,2023-05-05T11:00:00.000Z,1,0,,,NONE,INSUFFICIENT_DATA,Un solo evento observado y sin cohorte disponible - sin base estadística suficiente para estimar vida útil.,,,,,,,,,,,1,0,0,,,NO_DATA,,,INSUFFICIENT_DATA,NO_MANUFACTURER_DATA,2,Insuficiente,0 intervalo(s) válidos (+0) | match por método débil (REF_LIKE) (+8) | asociación single (+12) | sin cobertura calculable (+0) | sin intervalos suficientes (+0) | sin cohorte disponible (+0) | hay datos de uso/contrato/horario (+8) | Weibull no evaluado (n insuficiente) (+4) | estimación de tipo INSUFFICIENT_DATA (+0) | n=0 intervalos (<10) (-10) | n=0 intervalos (<3) (-20),,INSUFFICIENT_DATA,2,Insuficiente,0 intervalo(s) válidos (+0) | match por método débil (REF_LIKE) (+8) | asociación single (+12) | sin cobertura calculable (+0) | sin intervalos suficientes (+0) | sin cohorte disponible (+0) | hay datos de uso/contrato/horario (+8) | Weibull no evaluado (n insuficiente) (+4) | estimación de tipo INSUFFICIENT_DATA (+0) | n=0 intervalos (<10) (-10) | n=0 intervalos (<3) (-20),,,,,,NONE,0.75,Solo un evento observado para esta combinación - no se puede estimar vida útil todavía sin cohorte.
2279013,Manual Barcode reader APOTECAchemo,2023-05-11T12:30:00.000Z,2023-05-11T12:30:00.000Z,1,0,,,NONE,INSUFFICIENT_DATA,Un solo evento observado y sin cohorte disponible - sin base estadística suficiente para estimar vida útil.,,,,,,,,,,,1,0,0,,,NO_DATA,,,INSUFFICIENT_DATA,NO_MANUFACTURER_DATA,6,Insuficiente,0 intervalo(s) válidos (+0) | match exacto/alias (REF_EXACT) (+12) | asociación single (+12) | sin cobertura calculable (+0) | sin intervalos suficientes (+0) | sin cohorte disponible (+0) | hay datos de uso/contrato/horario (+8) | Weibull no evaluado (n insuficiente) (+4) | estimación de tipo INSUFFICIENT_DATA (+0) | n=0 intervalos (<10) (-10) | n=0 intervalos (<3) (-20),,INSUFFICIENT_DATA,6,Insuficiente,0 intervalo(s) válidos (+0) | match exacto/alias (REF_EXACT) (+12) | asociación single (+12) | sin cobertura calculable (+0) | sin intervalos suficientes (+0) | sin cohorte disponible (+0) | hay datos de uso/contrato/horario (+8) | Weibull no evaluado (n insuficiente) (+4) | estimación de tipo INSUFFICIENT_DATA (+0) | n=0 intervalos (<10) (-10) | n=0 intervalos (<3) (-20),,,,,,NONE,0,Solo un evento observado para esta combinación - no se puede estimar vida útil todavía sin cohorte.
03-999-1141,Clamp modifications,2023-05-11T19:30:00.000Z,2023-05-11T19:30:00.000Z,1,0,,,NONE,INSUFFICIENT_DATA,Un solo evento observado y sin cohorte disponible - sin base estadística suficiente para estimar vida útil.,,,,,,,,,,,1,0,0,,,NO_DATA,,,INSUFFICIENT_DATA,NO_MANUFACTURER_DATA,6,Insuficiente,0 intervalo(s) válidos (+0) | match exacto/alias (REF_EXACT) (+12) | asociación single (+12) | sin cobertura calculable (+0) | sin intervalos suficientes (+0) | sin cohorte disponible (+0) | hay datos de uso/contrato/horario (+8) | Weibull no evaluado (n insuficiente) (+4) | estimación de tipo INSUFFICIENT_DATA (+0) | n=0 intervalos (<10) (-10) | n=0 intervalos (<3) (-20),,INSUFFICIENT_DATA,6,Insuficiente,0 intervalo(s) válidos (+0) | match exacto/alias (REF_EXACT) (+12) | asociación single (+12) | sin cobertura calculable (+0) | sin intervalos suficientes (+0) | sin cohorte disponible (+0) | hay datos de uso/contrato/horario (+8) | Weibull no evaluado (n insuficiente) (+4) | estimación de tipo INSUFFICIENT_DATA (+0) | n=0 intervalos (<10) (-10) | n=0 intervalos (<3) (-20),,,,,,NONE,0.25,Solo un evento observado para esta combinación - no se puede estimar vida útil todavía sin cohorte.
1534908,Y1 Leaf Drive Module (Target),2023-05-27T13:00:00.000Z,2023-05-27T13:00:00.000Z,1,0,,,NONE,INSUFFICIENT_DATA,Un solo evento observado y sin cohorte disponible - sin base estadística suficiente para estimar vida útil.,,,,,,,,,,,1,0,0,,,NO_DATA,,,INSUFFICIENT_DATA,NO_MANUFACTURER_DATA,6,Insuficiente,0 intervalo(s) válidos (+0) | match exacto/alias (REF_EXACT) (+12) | asociación single (+12) | sin cobertura calculable (+0) | sin intervalos suficientes (+0) | sin cohorte disponible (+0) | hay datos de uso/contrato/horario (+8) | Weibull no evaluado (n insuficiente) (+4) | estimación de tipo INSUFFICIENT_DATA (+0) | n=0 intervalos (<10) (-10) | n=0 intervalos (<3) (-20),,INSUFFICIENT_DATA,6,Insuficiente,0 intervalo(s) válidos (+0) | match exacto/alias (REF_EXACT) (+12) | asociación single (+12) | sin cobertura calculable (+0) | sin intervalos suficientes (+0) | sin cohorte disponible (+0) | hay datos de uso/contrato/horario (+8) | Weibull no evaluado (n insuficiente) (+4) | estimación de tipo INSUFFICIENT_DATA (+0) | n=0 intervalos (<10) (-10) | n=0 intervalos (<3) (-20),,,,,,NONE,1,Solo un evento observado para esta combinación - no se puede estimar vida útil todavía sin cohorte.
R1510261,"DETECTOR,XRD,1640, AL5 IVIEW",2023-05-27T13:00:00.000Z,2023-05-27T13:00:00.000Z,1,0,,,NONE,INSUFFICIENT_DATA,Un solo evento observado y sin cohorte disponible - sin base estadística suficiente para estimar vida útil.,,,,,,,,,,,1,0,0,,,NO_DATA,,,INSUFFICIENT_DATA,NO_MANUFACTURER_DATA,6,Insuficiente,0 intervalo(s) válidos (+0) | match exacto/alias (REF_EXACT) (+12) | asociación single (+12) | sin cobertura calculable (+0) | sin intervalos suficientes (+0) | sin cohorte disponible (+0) | hay datos de uso/contrato/horario (+8) | Weibull no evaluado (n insuficiente) (+4) | estimación de tipo INSUFFICIENT_DATA (+0) | n=0 intervalos (<10) (-10) | n=0 intervalos (<3) (-20),,INSUFFICIENT_DATA,6,Insuficiente,0 intervalo(s) válidos (+0) | match exacto/alias (REF_EXACT) (+12) | asociación single (+12) | sin cobertura calculable (+0) | sin intervalos suficientes (+0) | sin cohorte disponible (+0) | hay datos de uso/contrato/horario (+8) | Weibull no evaluado (n insuficiente) (+4) | estimación de tipo INSUFFICIENT_DATA (+0) | n=0 intervalos (<10) (-10) | n=0 intervalos (<3) (-20),,,,,,NONE,1,Solo un evento observado para esta combinación - no se puede estimar vida útil todavía sin cohorte.
1010260,BEAM SPLITTER MIRROR,2023-05-27T13:00:00.000Z,2023-05-27T13:00:00.000Z,1,0,,,NONE,INSUFFICIENT_DATA,Un solo evento observado y sin cohorte disponible - sin base estadística suficiente para estimar vida útil.,,,,,,,,,,,1,0,0,,,NO_DATA,,,INSUFFICIENT_DATA,NO_MANUFACTURER_DATA,6,Insuficiente,0 intervalo(s) válidos (+0) | match exacto/alias (REF_EXACT) (+12) | asociación single (+12) | sin cobertura calculable (+0) | sin intervalos suficientes (+0) | sin cohorte disponible (+0) | hay datos de uso/contrato/horario (+8) | Weibull no evaluado (n insuficiente) (+4) | estimación de tipo INSUFFICIENT_DATA (+0) | n=0 intervalos (<10) (-10) | n=0 intervalos (<3) (-20),,INSUFFICIENT_DATA,6,Insuficiente,0 intervalo(s) válidos (+0) | match exacto/alias (REF_EXACT) (+12) | asociación single (+12) | sin cobertura calculable (+0) | sin intervalos suficientes (+0) | sin cohorte disponible (+0) | hay datos de uso/contrato/horario (+8) | Weibull no evaluado (n insuficiente) (+4) | estimación de tipo INSUFFICIENT_DATA (+0) | n=0 intervalos (<10) (-10) | n=0 intervalos (<3) (-20),,,,,,NONE,1,Solo un evento observado para esta combinación - no se puede estimar vida útil todavía sin cohorte.
1512130,PCB ASSY RELAY OUT - ROC,2023-07-21T14:30:00.000Z,2023-07-21T14:30:00.000Z,1,0,,,NONE,INSUFFICIENT_DATA,Un solo evento observado y sin cohorte disponible - sin base estadística suficiente para estimar vida útil.,,,,,,,,,,,1,0,0,,,NO_DATA,,,INSUFFICIENT_DATA,NO_MANUFACTURER_DATA,6,Insuficiente,0 intervalo(s) válidos (+0) | match exacto/alias (REF_EXACT) (+12) | asociación single (+12) | sin cobertura calculable (+0) | sin intervalos suficientes (+0) | sin cohorte disponible (+0) | hay datos de uso/contrato/horario (+8) | Weibull no evaluado (n insuficiente) (+4) | estimación de tipo INSUFFICIENT_DATA (+0) | n=0 intervalos (<10) (-10) | n=0 intervalos (<3) (-20),,INSUFFICIENT_DATA,6,Insuficiente,0 intervalo(s) válidos (+0) | match exacto/alias (REF_EXACT) (+12) | asociación single (+12) | sin cobertura calculable (+0) | sin intervalos suficientes (+0) | sin cohorte disponible (+0) | hay datos de uso/contrato/horario (+8) | Weibull no evaluado (n insuficiente) (+4) | estimación de tipo INSUFFICIENT_DATA (+0) | n=0 intervalos (<10) (-10) | n=0 intervalos (<3) (-20),,,,,,NONE,0,Solo un evento observado para esta combinación - no se puede estimar vida útil todavía sin cohorte.
1008517,MTU PCB 1553 - XVI only,2023-07-21T14:30:00.000Z,2023-07-21T14:30:00.000Z,1,0,,,NONE,INSUFFICIENT_DATA,Un solo evento observado y sin cohorte disponible - sin base estadística suficiente para estimar vida útil.,,,,,,,,,,,1,0,0,,,NO_DATA,,,INSUFFICIENT_DATA,NO_MANUFACTURER_DATA,6,Insuficiente,0 intervalo(s) válidos (+0) | match exacto/alias (REF_EXACT) (+12) | asociación single (+12) | sin cobertura calculable (+0) | sin intervalos suficientes (+0) | sin cohorte disponible (+0) | hay datos de uso/contrato/horario (+8) | Weibull no evaluado (n insuficiente) (+4) | estimación de tipo INSUFFICIENT_DATA (+0) | n=0 intervalos (<10) (-10) | n=0 intervalos (<3) (-20),,INSUFFICIENT_DATA,6,Insuficiente,0 intervalo(s) válidos (+0) | match exacto/alias (REF_EXACT) (+12) | asociación single (+12) | sin cobertura calculable (+0) | sin intervalos suficientes (+0) | sin cohorte disponible (+0) | hay datos de uso/contrato/horario (+8) | Weibull no evaluado (n insuficiente) (+4) | estimación de tipo INSUFFICIENT_DATA (+0) | n=0 intervalos (<10) (-10) | n=0 intervalos (<3) (-20),,,,,,NONE,0,Solo un evento observado para esta combinación - no se puede estimar vida útil todavía sin cohorte.
1504218,Medical Ethernet Isolator,2023-07-31T18:00:00.000Z,2023-07-31T18:00:00.000Z,1,0,,,NONE,INSUFFICIENT_DATA,Un solo evento observado y sin cohorte disponible - sin base estadística suficiente para estimar vida útil.,,,,,,,,,,,1,0,0,,,NO_DATA,,,INSUFFICIENT_DATA,NO_MANUFACTURER_DATA,6,Insuficiente,0 intervalo(s) válidos (+0) | match exacto/alias (REF_EXACT) (+12) | asociación single (+12) | sin cobertura calculable (+0) | sin intervalos suficientes (+0) | sin cohorte disponible (+0) | hay datos de uso/contrato/horario (+8) | Weibull no evaluado (n insuficiente) (+4) | estimación de tipo INSUFFICIENT_DATA (+0) | n=0 intervalos (<10) (-10) | n=0 intervalos (<3) (-20),,INSUFFICIENT_DATA,6,Insuficiente,0 intervalo(s) válidos (+0) | match exacto/alias (REF_EXACT) (+12) | asociación single (+12) | sin cobertura calculable (+0) | sin intervalos suficientes (+0) | sin cohorte disponible (+0) | hay datos de uso/contrato/horario (+8) | Weibull no evaluado (n insuficiente) (+4) | estimación de tipo INSUFFICIENT_DATA (+0) | n=0 intervalos (<10) (-10) | n=0 intervalos (<3) (-20),,,,,,NONE,0,Solo un evento observado para esta combinación - no se puede estimar vida útil todavía sin cohorte.
1019597,FRAME GRABBER,2023-08-09T18:16:00.000Z,2023-08-09T18:16:00.000Z,1,0,,,NONE,INSUFFICIENT_DATA,Un solo evento observado y sin cohorte disponible - sin base estadística suficiente para estimar vida útil.,,,,,,,,,,,1,0,0,,,NO_DATA,,,INSUFFICIENT_DATA,NO_MANUFACTURER_DATA,6,Insuficiente,0 intervalo(s) válidos (+0) | match exacto/alias (REF_EXACT) (+12) | asociación single (+12) | sin cobertura calculable (+0) | sin intervalos suficientes (+0) | sin cohorte disponible (+0) | hay datos de uso/contrato/horario (+8) | Weibull no evaluado (n insuficiente) (+4) | estimación de tipo INSUFFICIENT_DATA (+0) | n=0 intervalos (<10) (-10) | n=0 intervalos (<3) (-20),,INSUFFICIENT_DATA,6,Insuficiente,0 intervalo(s) válidos (+0) | match exacto/alias (REF_EXACT) (+12) | asociación single (+12) | sin cobertura calculable (+0) | sin intervalos suficientes (+0) | sin cohorte disponible (+0) | hay datos de uso/contrato/horario (+8) | Weibull no evaluado (n insuficiente) (+4) | estimación de tipo INSUFFICIENT_DATA (+0) | n=0 intervalos (<10) (-10) | n=0 intervalos (<3) (-20),,,,,,NONE,1,Solo un evento observado para esta combinación - no se puede estimar vida útil todavía sin cohorte.
1523707,PCI LIB PCB - CCP,2023-08-09T18:16:00.000Z,2023-08-09T18:16:00.000Z,1,0,,,NONE,INSUFFICIENT_DATA,Un solo evento observado y sin cohorte disponible - sin base estadística suficiente para estimar vida útil.,,,,,,,,,,,1,0,0,,,NO_DATA,,,INSUFFICIENT_DATA,NO_MANUFACTURER_DATA,6,Insuficiente,0 intervalo(s) válidos (+0) | match exacto/alias (REF_EXACT) (+12) | asociación single (+12) | sin cobertura calculable (+0) | sin intervalos suficientes (+0) | sin cohorte disponible (+0) | hay datos de uso/contrato/horario (+8) | Weibull no evaluado (n insuficiente) (+4) | estimación de tipo INSUFFICIENT_DATA (+0) | n=0 intervalos (<10) (-10) | n=0 intervalos (<3) (-20),,INSUFFICIENT_DATA,6,Insuficiente,0 intervalo(s) válidos (+0) | match exacto/alias (REF_EXACT) (+12) | asociación single (+12) | sin cobertura calculable (+0) | sin intervalos suficientes (+0) | sin cohorte disponible (+0) | hay datos de uso/contrato/horario (+8) | Weibull no evaluado (n insuficiente) (+4) | estimación de tipo INSUFFICIENT_DATA (+0) | n=0 intervalos (<10) (-10) | n=0 intervalos (<3) (-20),,,,,,NONE,1,Solo un evento observado para esta combinación - no se puede estimar vida útil todavía sin cohorte.
1509604,"KIT, SPARES, HORIZ ADJUSTER",2023-08-25T13:00:00.000Z,2023-08-25T13:00:00.000Z,1,0,,,NONE,INSUFFICIENT_DATA,Un solo evento observado y sin cohorte disponible - sin base estadística suficiente para estimar vida útil.,,,,,,,,,,,1,0,0,,,NO_DATA,,,INSUFFICIENT_DATA,NO_MANUFACTURER_DATA,6,Insuficiente,0 intervalo(s) válidos (+0) | match exacto/alias (REF_EXACT) (+12) | asociación single (+12) | sin cobertura calculable (+0) | sin intervalos suficientes (+0) | sin cohorte disponible (+0) | hay datos de uso/contrato/horario (+8) | Weibull no evaluado (n insuficiente) (+4) | estimación de tipo INSUFFICIENT_DATA (+0) | n=0 intervalos (<10) (-10) | n=0 intervalos (<3) (-20),,INSUFFICIENT_DATA,6,Insuficiente,0 intervalo(s) válidos (+0) | match exacto/alias (REF_EXACT) (+12) | asociación single (+12) | sin cobertura calculable (+0) | sin intervalos suficientes (+0) | sin cohorte disponible (+0) | hay datos de uso/contrato/horario (+8) | Weibull no evaluado (n insuficiente) (+4) | estimación de tipo INSUFFICIENT_DATA (+0) | n=0 intervalos (<10) (-10) | n=0 intervalos (<3) (-20),,,,,,NONE,0,Solo un evento observado para esta combinación - no se puede estimar vida útil todavía sin cohorte.
1024183,"Water pump, Flowjet 436990",2023-09-08T19:30:00.000Z,2023-09-08T19:30:00.000Z,1,0,,,NONE,INSUFFICIENT_DATA,Un solo evento observado y sin cohorte disponible - sin base estadística suficiente para estimar vida útil.,,,,,,,,,,,1,0,0,,,NO_DATA,,,INSUFFICIENT_DATA,NO_MANUFACTURER_DATA,6,Insuficiente,0 intervalo(s) válidos (+0) | match exacto/alias (REF_EXACT) (+12) | asociación single (+12) | sin cobertura calculable (+0) | sin intervalos suficientes (+0) | sin cohorte disponible (+0) | hay datos de uso/contrato/horario (+8) | Weibull no evaluado (n insuficiente) (+4) | estimación de tipo INSUFFICIENT_DATA (+0) | n=0 intervalos (<10) (-10) | n=0 intervalos (<3) (-20),,INSUFFICIENT_DATA,6,Insuficiente,0 intervalo(s) válidos (+0) | match exacto/alias (REF_EXACT) (+12) | asociación single (+12) | sin cobertura calculable (+0) | sin intervalos suficientes (+0) | sin cohorte disponible (+0) | hay datos de uso/contrato/horario (+8) | Weibull no evaluado (n insuficiente) (+4) | estimación de tipo INSUFFICIENT_DATA (+0) | n=0 intervalos (<10) (-10) | n=0 intervalos (<3) (-20),,,,,,NONE,0,Solo un evento observado para esta combinación - no se puede estimar vida útil todavía sin cohorte.
45133412189,LEVER ASSEMBLY,2023-11-24T14:00:00.000Z,2023-11-24T14:00:00.000Z,1,0,,,NONE,INSUFFICIENT_DATA,Un solo evento observado y sin cohorte disponible - sin base estadística suficiente para estimar vida útil.,,,,,,,,,,,1,0,0,,,NO_DATA,,,INSUFFICIENT_DATA,NO_MANUFACTURER_DATA,6,Insuficiente,0 intervalo(s) válidos (+0) | match exacto/alias (REF_EXACT) (+12) | asociación single (+12) | sin cobertura calculable (+0) | sin intervalos suficientes (+0) | sin cohorte disponible (+0) | hay datos de uso/contrato/horario (+8) | Weibull no evaluado (n insuficiente) (+4) | estimación de tipo INSUFFICIENT_DATA (+0) | n=0 intervalos (<10) (-10) | n=0 intervalos (<3) (-20),,INSUFFICIENT_DATA,6,Insuficiente,0 intervalo(s) válidos (+0) | match exacto/alias (REF_EXACT) (+12) | asociación single (+12) | sin cobertura calculable (+0) | sin intervalos suficientes (+0) | sin cohorte disponible (+0) | hay datos de uso/contrato/horario (+8) | Weibull no evaluado (n insuficiente) (+4) | estimación de tipo INSUFFICIENT_DATA (+0) | n=0 intervalos (<10) (-10) | n=0 intervalos (<3) (-20),,,,,,NONE,0,Solo un evento observado para esta combinación - no se puede estimar vida útil todavía sin cohorte.
1500613,X-Ray Window Assembly VersaHD,2024-01-19T12:00:00.000Z,2024-01-19T12:00:00.000Z,1,0,,,NONE,INSUFFICIENT_DATA,Un solo evento observado y sin cohorte disponible - sin base estadística suficiente para estimar vida útil.,,,,,,,,,,,1,0,0,,,NO_DATA,,,INSUFFICIENT_DATA,NO_MANUFACTURER_DATA,6,Insuficiente,0 intervalo(s) válidos (+0) | match exacto/alias (REF_EXACT) (+12) | asociación single (+12) | sin cobertura calculable (+0) | sin intervalos suficientes (+0) | sin cohorte disponible (+0) | hay datos de uso/contrato/horario (+8) | Weibull no evaluado (n insuficiente) (+4) | estimación de tipo INSUFFICIENT_DATA (+0) | n=0 intervalos (<10) (-10) | n=0 intervalos (<3) (-20),,INSUFFICIENT_DATA,6,Insuficiente,0 intervalo(s) válidos (+0) | match exacto/alias (REF_EXACT) (+12) | asociación single (+12) | sin cobertura calculable (+0) | sin intervalos suficientes (+0) | sin cohorte disponible (+0) | hay datos de uso/contrato/horario (+8) | Weibull no evaluado (n insuficiente) (+4) | estimación de tipo INSUFFICIENT_DATA (+0) | n=0 intervalos (<10) (-10) | n=0 intervalos (<3) (-20),,,,,,NONE,0,Solo un evento observado para esta combinación - no se puede estimar vida útil todavía sin cohorte.
1508955,Camera & Lens (Agility),2024-02-23T12:00:00.000Z,2024-02-23T12:00:00.000Z,1,0,,,NONE,INSUFFICIENT_DATA,Un solo evento observado y sin cohorte disponible - sin base estadística suficiente para estimar vida útil.,,,,,,,,,,,1,0,0,,,NO_DATA,,,INSUFFICIENT_DATA,NO_MANUFACTURER_DATA,6,Insuficiente,0 intervalo(s) válidos (+0) | match exacto/alias (REF_EXACT) (+12) | asociación single (+12) | sin cobertura calculable (+0) | sin intervalos suficientes (+0) | sin cohorte disponible (+0) | hay datos de uso/contrato/horario (+8) | Weibull no evaluado (n insuficiente) (+4) | estimación de tipo INSUFFICIENT_DATA (+0) | n=0 intervalos (<10) (-10) | n=0 intervalos (<3) (-20),,INSUFFICIENT_DATA,6,Insuficiente,0 intervalo(s) válidos (+0) | match exacto/alias (REF_EXACT) (+12) | asociación single (+12) | sin cobertura calculable (+0) | sin intervalos suficientes (+0) | sin cohorte disponible (+0) | hay datos de uso/contrato/horario (+8) | Weibull no evaluado (n insuficiente) (+4) | estimación de tipo INSUFFICIENT_DATA (+0) | n=0 intervalos (<10) (-10) | n=0 intervalos (<3) (-20),,,,,,NONE,0,Solo un evento observado para esta combinación - no se puede estimar vida útil todavía sin cohorte.
45133328445,"CAMERA, REMOTE HEAD",2024-04-02T12:00:00.000Z,2024-04-02T12:00:00.000Z,1,0,,,NONE,INSUFFICIENT_DATA,Un solo evento observado y sin cohorte disponible - sin base estadística suficiente para estimar vida útil.,,,,,,,,,,,1,0,0,,,NO_DATA,,,INSUFFICIENT_DATA,NO_MANUFACTURER_DATA,6,Insuficiente,0 intervalo(s) válidos (+0) | match exacto/alias (REF_NORMALIZED_EXACT) (+12) | asociación single (+12) | sin cobertura calculable (+0) | sin intervalos suficientes (+0) | sin cohorte disponible (+0) | hay datos de uso/contrato/horario (+8) | Weibull no evaluado (n insuficiente) (+4) | estimación de tipo INSUFFICIENT_DATA (+0) | n=0 intervalos (<10) (-10) | n=0 intervalos (<3) (-20),,INSUFFICIENT_DATA,6,Insuficiente,0 intervalo(s) válidos (+0) | match exacto/alias (REF_NORMALIZED_EXACT) (+12) | asociación single (+12) | sin cobertura calculable (+0) | sin intervalos suficientes (+0) | sin cohorte disponible (+0) | hay datos de uso/contrato/horario (+8) | Weibull no evaluado (n insuficiente) (+4) | estimación de tipo INSUFFICIENT_DATA (+0) | n=0 intervalos (<10) (-10) | n=0 intervalos (<3) (-20),,,,,,NONE,0,Solo un evento observado para esta combinación - no se puede estimar vida útil todavía sin cohorte.
8010-00059-6,TPUS AUTOSCAN PROBE (Clarity),2024-04-23T20:30:00.000Z,2024-04-23T20:30:00.000Z,1,0,,,NONE,INSUFFICIENT_DATA,Un solo evento observado y sin cohorte disponible - sin base estadística suficiente para estimar vida útil.,,,,,,,,,,,1,0,0,,,NO_DATA,,,INSUFFICIENT_DATA,NO_MANUFACTURER_DATA,6,Insuficiente,0 intervalo(s) válidos (+0) | match exacto/alias (REF_EXACT) (+12) | asociación single (+12) | sin cobertura calculable (+0) | sin intervalos suficientes (+0) | sin cohorte disponible (+0) | hay datos de uso/contrato/horario (+8) | Weibull no evaluado (n insuficiente) (+4) | estimación de tipo INSUFFICIENT_DATA (+0) | n=0 intervalos (<10) (-10) | n=0 intervalos (<3) (-20),,INSUFFICIENT_DATA,6,Insuficiente,0 intervalo(s) válidos (+0) | match exacto/alias (REF_EXACT) (+12) | asociación single (+12) | sin cobertura calculable (+0) | sin intervalos suficientes (+0) | sin cohorte disponible (+0) | hay datos de uso/contrato/horario (+8) | Weibull no evaluado (n insuficiente) (+4) | estimación de tipo INSUFFICIENT_DATA (+0) | n=0 intervalos (<10) (-10) | n=0 intervalos (<3) (-20),,,,,,NONE,0.25,Solo un evento observado para esta combinación - no se puede estimar vida útil todavía sin cohorte.
128338,Air filter 519 (EN1822-1 Class H14),2024-05-09T12:30:00.000Z,2024-05-09T12:30:00.000Z,1,0,,,NONE,INSUFFICIENT_DATA,Un solo evento observado y sin cohorte disponible - sin base estadística suficiente para estimar vida útil.,,,,,,,,,,,1,0,0,,,NO_DATA,,,INSUFFICIENT_DATA,NO_MANUFACTURER_DATA,6,Insuficiente,0 intervalo(s) válidos (+0) | match exacto/alias (REF_EXACT) (+12) | asociación single (+12) | sin cobertura calculable (+0) | sin intervalos suficientes (+0) | sin cohorte disponible (+0) | hay datos de uso/contrato/horario (+8) | Weibull no evaluado (n insuficiente) (+4) | estimación de tipo INSUFFICIENT_DATA (+0) | n=0 intervalos (<10) (-10) | n=0 intervalos (<3) (-20),,INSUFFICIENT_DATA,6,Insuficiente,0 intervalo(s) válidos (+0) | match exacto/alias (REF_EXACT) (+12) | asociación single (+12) | sin cobertura calculable (+0) | sin intervalos suficientes (+0) | sin cohorte disponible (+0) | hay datos de uso/contrato/horario (+8) | Weibull no evaluado (n insuficiente) (+4) | estimación de tipo INSUFFICIENT_DATA (+0) | n=0 intervalos (<10) (-10) | n=0 intervalos (<3) (-20),,,,,,NONE,0,Solo un evento observado para esta combinación - no se puede estimar vida útil todavía sin cohorte.
2455263,Filter Bag with elastic corde for fixing filter bag,2024-05-09T12:30:00.000Z,2024-05-09T12:30:00.000Z,1,0,,,NONE,INSUFFICIENT_DATA,Un solo evento observado y sin cohorte disponible - sin base estadística suficiente para estimar vida útil.,,,,,,,,,,,1,0,0,,,NO_DATA,,,INSUFFICIENT_DATA,NO_MANUFACTURER_DATA,6,Insuficiente,0 intervalo(s) válidos (+0) | match exacto/alias (REF_EXACT) (+12) | asociación single (+12) | sin cobertura calculable (+0) | sin intervalos suficientes (+0) | sin cohorte disponible (+0) | hay datos de uso/contrato/horario (+8) | Weibull no evaluado (n insuficiente) (+4) | estimación de tipo INSUFFICIENT_DATA (+0) | n=0 intervalos (<10) (-10) | n=0 intervalos (<3) (-20),,INSUFFICIENT_DATA,6,Insuficiente,0 intervalo(s) válidos (+0) | match exacto/alias (REF_EXACT) (+12) | asociación single (+12) | sin cobertura calculable (+0) | sin intervalos suficientes (+0) | sin cohorte disponible (+0) | hay datos de uso/contrato/horario (+8) | Weibull no evaluado (n insuficiente) (+4) | estimación de tipo INSUFFICIENT_DATA (+0) | n=0 intervalos (<10) (-10) | n=0 intervalos (<3) (-20),,,,,,NONE,0,Solo un evento observado para esta combinación - no se puede estimar vida útil todavía sin cohorte.
129530,Elastic belt for air filter,2024-05-09T12:30:00.000Z,2024-05-09T12:30:00.000Z,1,0,,,NONE,INSUFFICIENT_DATA,Un solo evento observado y sin cohorte disponible - sin base estadística suficiente para estimar vida útil.,,,,,,,,,,,1,0,0,,,NO_DATA,,,INSUFFICIENT_DATA,NO_MANUFACTURER_DATA,6,Insuficiente,0 intervalo(s) válidos (+0) | match exacto/alias (REF_EXACT) (+12) | asociación single (+12) | sin cobertura calculable (+0) | sin intervalos suficientes (+0) | sin cohorte disponible (+0) | hay datos de uso/contrato/horario (+8) | Weibull no evaluado (n insuficiente) (+4) | estimación de tipo INSUFFICIENT_DATA (+0) | n=0 intervalos (<10) (-10) | n=0 intervalos (<3) (-20),,INSUFFICIENT_DATA,6,Insuficiente,0 intervalo(s) válidos (+0) | match exacto/alias (REF_EXACT) (+12) | asociación single (+12) | sin cobertura calculable (+0) | sin intervalos suficientes (+0) | sin cohorte disponible (+0) | hay datos de uso/contrato/horario (+8) | Weibull no evaluado (n insuficiente) (+4) | estimación de tipo INSUFFICIENT_DATA (+0) | n=0 intervalos (<10) (-10) | n=0 intervalos (<3) (-20),,,,,,NONE,0,Solo un evento observado para esta combinación - no se puede estimar vida útil todavía sin cohorte.
45133308244,"Cable, Varian IPCU to Varian ion pump",2024-05-17T16:31:00.000Z,2024-05-17T16:31:00.000Z,1,0,,,NONE,INSUFFICIENT_DATA,Un solo evento observado y sin cohorte disponible - sin base estadística suficiente para estimar vida útil.,,,,,,,,,,,1,0,0,,,NO_DATA,,,INSUFFICIENT_DATA,NO_MANUFACTURER_DATA,6,Insuficiente,0 intervalo(s) válidos (+0) | match exacto/alias (REF_EXACT) (+12) | asociación single (+12) | sin cobertura calculable (+0) | sin intervalos suficientes (+0) | sin cohorte disponible (+0) | hay datos de uso/contrato/horario (+8) | Weibull no evaluado (n insuficiente) (+4) | estimación de tipo INSUFFICIENT_DATA (+0) | n=0 intervalos (<10) (-10) | n=0 intervalos (<3) (-20),,INSUFFICIENT_DATA,6,Insuficiente,0 intervalo(s) válidos (+0) | match exacto/alias (REF_EXACT) (+12) | asociación single (+12) | sin cobertura calculable (+0) | sin intervalos suficientes (+0) | sin cohorte disponible (+0) | hay datos de uso/contrato/horario (+8) | Weibull no evaluado (n insuficiente) (+4) | estimación de tipo INSUFFICIENT_DATA (+0) | n=0 intervalos (<10) (-10) | n=0 intervalos (<3) (-20),,,,,,NONE,0,Solo un evento observado para esta combinación - no se puede estimar vida útil todavía sin cohorte.
45133902974,"PCB ASSY,MOVEMENTS ENABLE (HME)",2024-06-05T18:27:00.000Z,2024-06-05T18:27:00.000Z,1,0,,,NONE,INSUFFICIENT_DATA,Un solo evento observado y sin cohorte disponible - sin base estadística suficiente para estimar vida útil.,,,,,,,,,,,1,0,0,,,NO_DATA,,,INSUFFICIENT_DATA,NO_MANUFACTURER_DATA,6,Insuficiente,0 intervalo(s) válidos (+0) | match exacto/alias (REF_EXACT) (+12) | asociación single (+12) | sin cobertura calculable (+0) | sin intervalos suficientes (+0) | sin cohorte disponible (+0) | hay datos de uso/contrato/horario (+8) | Weibull no evaluado (n insuficiente) (+4) | estimación de tipo INSUFFICIENT_DATA (+0) | n=0 intervalos (<10) (-10) | n=0 intervalos (<3) (-20),,INSUFFICIENT_DATA,6,Insuficiente,0 intervalo(s) válidos (+0) | match exacto/alias (REF_EXACT) (+12) | asociación single (+12) | sin cobertura calculable (+0) | sin intervalos suficientes (+0) | sin cohorte disponible (+0) | hay datos de uso/contrato/horario (+8) | Weibull no evaluado (n insuficiente) (+4) | estimación de tipo INSUFFICIENT_DATA (+0) | n=0 intervalos (<10) (-10) | n=0 intervalos (<3) (-20),,,,,,NONE,0,Solo un evento observado para esta combinación - no se puede estimar vida útil todavía sin cohorte.
1007498,Longitudinal potentiometer - complete assembly,2024-07-24T20:27:00.000Z,2024-07-24T20:27:00.000Z,1,0,,,NONE,INSUFFICIENT_DATA,Un solo evento observado y sin cohorte disponible - sin base estadística suficiente para estimar vida útil.,,,,,,,,,,,1,0,0,,,NO_DATA,,,INSUFFICIENT_DATA,NO_MANUFACTURER_DATA,6,Insuficiente,0 intervalo(s) válidos (+0) | match exacto/alias (REF_EXACT) (+12) | asociación single (+12) | sin cobertura calculable (+0) | sin intervalos suficientes (+0) | sin cohorte disponible (+0) | hay datos de uso/contrato/horario (+8) | Weibull no evaluado (n insuficiente) (+4) | estimación de tipo INSUFFICIENT_DATA (+0) | n=0 intervalos (<10) (-10) | n=0 intervalos (<3) (-20),,INSUFFICIENT_DATA,6,Insuficiente,0 intervalo(s) válidos (+0) | match exacto/alias (REF_EXACT) (+12) | asociación single (+12) | sin cobertura calculable (+0) | sin intervalos suficientes (+0) | sin cohorte disponible (+0) | hay datos de uso/contrato/horario (+8) | Weibull no evaluado (n insuficiente) (+4) | estimación de tipo INSUFFICIENT_DATA (+0) | n=0 intervalos (<10) (-10) | n=0 intervalos (<3) (-20),,,,,,NONE,0.6,Solo un evento observado para esta combinación - no se puede estimar vida útil todavía sin cohorte.
45133411787,Longitudinal Drive Motor and Clutch Assembly,2024-07-26T02:05:00.000Z,2024-07-26T02:05:00.000Z,1,0,,,NONE,INSUFFICIENT_DATA,Un solo evento observado y sin cohorte disponible - sin base estadística suficiente para estimar vida útil.,,,,,,,,,,,1,0,0,,,NO_DATA,,,INSUFFICIENT_DATA,NO_MANUFACTURER_DATA,6,Insuficiente,0 intervalo(s) válidos (+0) | match exacto/alias (REF_EXACT) (+12) | asociación single (+12) | sin cobertura calculable (+0) | sin intervalos suficientes (+0) | sin cohorte disponible (+0) | hay datos de uso/contrato/horario (+8) | Weibull no evaluado (n insuficiente) (+4) | estimación de tipo INSUFFICIENT_DATA (+0) | n=0 intervalos (<10) (-10) | n=0 intervalos (<3) (-20),,INSUFFICIENT_DATA,6,Insuficiente,0 intervalo(s) válidos (+0) | match exacto/alias (REF_EXACT) (+12) | asociación single (+12) | sin cobertura calculable (+0) | sin intervalos suficientes (+0) | sin cohorte disponible (+0) | hay datos de uso/contrato/horario (+8) | Weibull no evaluado (n insuficiente) (+4) | estimación de tipo INSUFFICIENT_DATA (+0) | n=0 intervalos (<10) (-10) | n=0 intervalos (<3) (-20),,,,,,NONE,1,Solo un evento observado para esta combinación - no se puede estimar vida útil todavía sin cohorte.
1004818,"ASSEMBLY, KV ACB BREACKOUT",2024-07-26T02:05:00.000Z,2024-07-26T02:05:00.000Z,1,0,,,NONE,INSUFFICIENT_DATA,Un solo evento observado y sin cohorte disponible - sin base estadística suficiente para estimar vida útil.,,,,,,,,,,,1,0,0,,,NO_DATA,,,INSUFFICIENT_DATA,NO_MANUFACTURER_DATA,6,Insuficiente,0 intervalo(s) válidos (+0) | match exacto/alias (REF_EXACT) (+12) | asociación single (+12) | sin cobertura calculable (+0) | sin intervalos suficientes (+0) | sin cohorte disponible (+0) | hay datos de uso/contrato/horario (+8) | Weibull no evaluado (n insuficiente) (+4) | estimación de tipo INSUFFICIENT_DATA (+0) | n=0 intervalos (<10) (-10) | n=0 intervalos (<3) (-20),,INSUFFICIENT_DATA,6,Insuficiente,0 intervalo(s) válidos (+0) | match exacto/alias (REF_EXACT) (+12) | asociación single (+12) | sin cobertura calculable (+0) | sin intervalos suficientes (+0) | sin cohorte disponible (+0) | hay datos de uso/contrato/horario (+8) | Weibull no evaluado (n insuficiente) (+4) | estimación de tipo INSUFFICIENT_DATA (+0) | n=0 intervalos (<10) (-10) | n=0 intervalos (<3) (-20),,,,,,NONE,1,Solo un evento observado para esta combinación - no se puede estimar vida útil todavía sin cohorte.
45133327647,"FAN, SUB ASSY",2024-08-09T12:30:00.000Z,2024-08-09T12:30:00.000Z,1,0,,,NONE,INSUFFICIENT_DATA,Un solo evento observado y sin cohorte disponible - sin base estadística suficiente para estimar vida útil.,,,,,,,,,,,1,0,0,,,NO_DATA,,,INSUFFICIENT_DATA,NO_MANUFACTURER_DATA,6,Insuficiente,0 intervalo(s) válidos (+0) | match exacto/alias (REF_EXACT) (+12) | asociación single (+12) | sin cobertura calculable (+0) | sin intervalos suficientes (+0) | sin cohorte disponible (+0) | hay datos de uso/contrato/horario (+8) | Weibull no evaluado (n insuficiente) (+4) | estimación de tipo INSUFFICIENT_DATA (+0) | n=0 intervalos (<10) (-10) | n=0 intervalos (<3) (-20),,INSUFFICIENT_DATA,6,Insuficiente,0 intervalo(s) válidos (+0) | match exacto/alias (REF_EXACT) (+12) | asociación single (+12) | sin cobertura calculable (+0) | sin intervalos suficientes (+0) | sin cohorte disponible (+0) | hay datos de uso/contrato/horario (+8) | Weibull no evaluado (n insuficiente) (+4) | estimación de tipo INSUFFICIENT_DATA (+0) | n=0 intervalos (<10) (-10) | n=0 intervalos (<3) (-20),,,,,,NONE,0,Solo un evento observado para esta combinación - no se puede estimar vida útil todavía sin cohorte.
1015493,Expansion Pressure Vessel,2024-08-15T00:12:00.000Z,2024-08-15T00:12:00.000Z,1,0,,,NONE,INSUFFICIENT_DATA,Un solo evento observado y sin cohorte disponible - sin base estadística suficiente para estimar vida útil.,,,,,,,,,,,1,0,0,,,NO_DATA,,,INSUFFICIENT_DATA,NO_MANUFACTURER_DATA,6,Insuficiente,0 intervalo(s) válidos (+0) | match exacto/alias (REF_EXACT) (+12) | asociación single (+12) | sin cobertura calculable (+0) | sin intervalos suficientes (+0) | sin cohorte disponible (+0) | hay datos de uso/contrato/horario (+8) | Weibull no evaluado (n insuficiente) (+4) | estimación de tipo INSUFFICIENT_DATA (+0) | n=0 intervalos (<10) (-10) | n=0 intervalos (<3) (-20),,INSUFFICIENT_DATA,6,Insuficiente,0 intervalo(s) válidos (+0) | match exacto/alias (REF_EXACT) (+12) | asociación single (+12) | sin cobertura calculable (+0) | sin intervalos suficientes (+0) | sin cohorte disponible (+0) | hay datos de uso/contrato/horario (+8) | Weibull no evaluado (n insuficiente) (+4) | estimación de tipo INSUFFICIENT_DATA (+0) | n=0 intervalos (<10) (-10) | n=0 intervalos (<3) (-20),,,,,,NONE,1,Solo un evento observado para esta combinación - no se puede estimar vida útil todavía sin cohorte.
1536279___1525429,Assy 160 MLC PSU Universal,2024-08-30T21:47:00.000Z,2024-08-30T21:47:00.000Z,1,0,,,NONE,INSUFFICIENT_DATA,Un solo evento observado y sin cohorte disponible - sin base estadística suficiente para estimar vida útil.,,,,,,,,,,,1,0,0,,,NO_DATA,,,INSUFFICIENT_DATA,NO_MANUFACTURER_DATA,2,Insuficiente,0 intervalo(s) válidos (+0) | match por método débil (REF_LIKE) (+8) | asociación single (+12) | sin cobertura calculable (+0) | sin intervalos suficientes (+0) | sin cohorte disponible (+0) | hay datos de uso/contrato/horario (+8) | Weibull no evaluado (n insuficiente) (+4) | estimación de tipo INSUFFICIENT_DATA (+0) | n=0 intervalos (<10) (-10) | n=0 intervalos (<3) (-20),,INSUFFICIENT_DATA,2,Insuficiente,0 intervalo(s) válidos (+0) | match por método débil (REF_LIKE) (+8) | asociación single (+12) | sin cobertura calculable (+0) | sin intervalos suficientes (+0) | sin cohorte disponible (+0) | hay datos de uso/contrato/horario (+8) | Weibull no evaluado (n insuficiente) (+4) | estimación de tipo INSUFFICIENT_DATA (+0) | n=0 intervalos (<10) (-10) | n=0 intervalos (<3) (-20),,,,,,NONE,0,Solo un evento observado para esta combinación - no se puede estimar vida útil todavía sin cohorte.
4513331845902F,FRU EIM Z-DRIVE PCB,2024-09-16T20:19:00.000Z,2024-09-16T20:19:00.000Z,1,0,,,NONE,INSUFFICIENT_DATA,Un solo evento observado y sin cohorte disponible - sin base estadística suficiente para estimar vida útil.,,,,,,,,,,,1,0,0,,,NO_DATA,,,INSUFFICIENT_DATA,NO_MANUFACTURER_DATA,2,Insuficiente,0 intervalo(s) válidos (+0) | match por método débil (REF_LIKE) (+8) | asociación single (+12) | sin cobertura calculable (+0) | sin intervalos suficientes (+0) | sin cohorte disponible (+0) | hay datos de uso/contrato/horario (+8) | Weibull no evaluado (n insuficiente) (+4) | estimación de tipo INSUFFICIENT_DATA (+0) | n=0 intervalos (<10) (-10) | n=0 intervalos (<3) (-20),,INSUFFICIENT_DATA,2,Insuficiente,0 intervalo(s) válidos (+0) | match por método débil (REF_LIKE) (+8) | asociación single (+12) | sin cobertura calculable (+0) | sin intervalos suficientes (+0) | sin cohorte disponible (+0) | hay datos de uso/contrato/horario (+8) | Weibull no evaluado (n insuficiente) (+4) | estimación de tipo INSUFFICIENT_DATA (+0) | n=0 intervalos (<10) (-10) | n=0 intervalos (<3) (-20),,,,,,NONE,0.41,Solo un evento observado para esta combinación - no se puede estimar vida útil todavía sin cohorte.
351372700256A,Module Semikron SKKT,2024-10-01T17:37:00.000Z,2024-10-01T17:37:00.000Z,1,0,,,NONE,INSUFFICIENT_DATA,Un solo evento observado y sin cohorte disponible - sin base estadística suficiente para estimar vida útil.,,,,,,,,,,,1,0,0,,,NO_DATA,,,INSUFFICIENT_DATA,NO_MANUFACTURER_DATA,2,Insuficiente,0 intervalo(s) válidos (+0) | match por método débil (REF_LIKE) (+8) | asociación single (+12) | sin cobertura calculable (+0) | sin intervalos suficientes (+0) | sin cohorte disponible (+0) | hay datos de uso/contrato/horario (+8) | Weibull no evaluado (n insuficiente) (+4) | estimación de tipo INSUFFICIENT_DATA (+0) | n=0 intervalos (<10) (-10) | n=0 intervalos (<3) (-20),,INSUFFICIENT_DATA,2,Insuficiente,0 intervalo(s) válidos (+0) | match por método débil (REF_LIKE) (+8) | asociación single (+12) | sin cobertura calculable (+0) | sin intervalos suficientes (+0) | sin cohorte disponible (+0) | hay datos de uso/contrato/horario (+8) | Weibull no evaluado (n insuficiente) (+4) | estimación de tipo INSUFFICIENT_DATA (+0) | n=0 intervalos (<10) (-10) | n=0 intervalos (<3) (-20),,,,,,NONE,0,Solo un evento observado para esta combinación - no se puede estimar vida útil todavía sin cohorte.
351372406262U,Fuse link 240V/63A,2024-10-01T17:37:00.000Z,2024-10-01T17:37:00.000Z,1,0,,,NONE,INSUFFICIENT_DATA,Un solo evento observado y sin cohorte disponible - sin base estadística suficiente para estimar vida útil.,,,,,,,,,,,1,0,0,,,NO_DATA,,,INSUFFICIENT_DATA,NO_MANUFACTURER_DATA,2,Insuficiente,0 intervalo(s) válidos (+0) | match por método débil (REF_LIKE) (+8) | asociación single (+12) | sin cobertura calculable (+0) | sin intervalos suficientes (+0) | sin cohorte disponible (+0) | hay datos de uso/contrato/horario (+8) | Weibull no evaluado (n insuficiente) (+4) | estimación de tipo INSUFFICIENT_DATA (+0) | n=0 intervalos (<10) (-10) | n=0 intervalos (<3) (-20),,INSUFFICIENT_DATA,2,Insuficiente,0 intervalo(s) válidos (+0) | match por método débil (REF_LIKE) (+8) | asociación single (+12) | sin cobertura calculable (+0) | sin intervalos suficientes (+0) | sin cohorte disponible (+0) | hay datos de uso/contrato/horario (+8) | Weibull no evaluado (n insuficiente) (+4) | estimación de tipo INSUFFICIENT_DATA (+0) | n=0 intervalos (<10) (-10) | n=0 intervalos (<3) (-20),,,,,,NONE,0,Solo un evento observado para esta combinación - no se puede estimar vida útil todavía sin cohorte.
1535662,"Control PCB, type A (PCB13 C to G)",2024-10-01T17:37:00.000Z,2024-10-01T17:37:00.000Z,1,0,,,NONE,INSUFFICIENT_DATA,Un solo evento observado y sin cohorte disponible - sin base estadística suficiente para estimar vida útil.,,,,,,,,,,,1,0,0,,,NO_DATA,,,INSUFFICIENT_DATA,NO_MANUFACTURER_DATA,6,Insuficiente,0 intervalo(s) válidos (+0) | match exacto/alias (REF_EXACT) (+12) | asociación single (+12) | sin cobertura calculable (+0) | sin intervalos suficientes (+0) | sin cohorte disponible (+0) | hay datos de uso/contrato/horario (+8) | Weibull no evaluado (n insuficiente) (+4) | estimación de tipo INSUFFICIENT_DATA (+0) | n=0 intervalos (<10) (-10) | n=0 intervalos (<3) (-20),,INSUFFICIENT_DATA,6,Insuficiente,0 intervalo(s) válidos (+0) | match exacto/alias (REF_EXACT) (+12) | asociación single (+12) | sin cobertura calculable (+0) | sin intervalos suficientes (+0) | sin cohorte disponible (+0) | hay datos de uso/contrato/horario (+8) | Weibull no evaluado (n insuficiente) (+4) | estimación de tipo INSUFFICIENT_DATA (+0) | n=0 intervalos (<10) (-10) | n=0 intervalos (<3) (-20),,,,,,NONE,0,Solo un evento observado para esta combinación - no se puede estimar vida útil todavía sin cohorte.
1547675,Screen assembly crosswire Agility Head,2024-10-04T19:42:00.000Z,2024-10-04T19:42:00.000Z,1,0,,,NONE,INSUFFICIENT_DATA,Un solo evento observado y sin cohorte disponible - sin base estadística suficiente para estimar vida útil.,,,,,,,,,,,1,0,0,,,NO_DATA,,,INSUFFICIENT_DATA,NO_MANUFACTURER_DATA,6,Insuficiente,0 intervalo(s) válidos (+0) | match exacto/alias (REF_EXACT) (+12) | asociación single (+12) | sin cobertura calculable (+0) | sin intervalos suficientes (+0) | sin cohorte disponible (+0) | hay datos de uso/contrato/horario (+8) | Weibull no evaluado (n insuficiente) (+4) | estimación de tipo INSUFFICIENT_DATA (+0) | n=0 intervalos (<10) (-10) | n=0 intervalos (<3) (-20),,INSUFFICIENT_DATA,6,Insuficiente,0 intervalo(s) válidos (+0) | match exacto/alias (REF_EXACT) (+12) | asociación single (+12) | sin cobertura calculable (+0) | sin intervalos suficientes (+0) | sin cohorte disponible (+0) | hay datos de uso/contrato/horario (+8) | Weibull no evaluado (n insuficiente) (+4) | estimación de tipo INSUFFICIENT_DATA (+0) | n=0 intervalos (<10) (-10) | n=0 intervalos (<3) (-20),,,,,,NONE,0.1,Solo un evento observado para esta combinación - no se puede estimar vida útil todavía sin cohorte.
1022592,"CABLE, PL26-C8 TO PL26-Q4",2024-10-04T19:42:00.000Z,2024-10-04T19:42:00.000Z,1,0,,,NONE,INSUFFICIENT_DATA,Un solo evento observado y sin cohorte disponible - sin base estadística suficiente para estimar vida útil.,,,,,,,,,,,1,0,0,,,NO_DATA,,,INSUFFICIENT_DATA,NO_MANUFACTURER_DATA,6,Insuficiente,0 intervalo(s) válidos (+0) | match exacto/alias (REF_EXACT) (+12) | asociación single (+12) | sin cobertura calculable (+0) | sin intervalos suficientes (+0) | sin cohorte disponible (+0) | hay datos de uso/contrato/horario (+8) | Weibull no evaluado (n insuficiente) (+4) | estimación de tipo INSUFFICIENT_DATA (+0) | n=0 intervalos (<10) (-10) | n=0 intervalos (<3) (-20),,INSUFFICIENT_DATA,6,Insuficiente,0 intervalo(s) válidos (+0) | match exacto/alias (REF_EXACT) (+12) | asociación single (+12) | sin cobertura calculable (+0) | sin intervalos suficientes (+0) | sin cohorte disponible (+0) | hay datos de uso/contrato/horario (+8) | Weibull no evaluado (n insuficiente) (+4) | estimación de tipo INSUFFICIENT_DATA (+0) | n=0 intervalos (<10) (-10) | n=0 intervalos (<3) (-20),,,,,,NONE,0.1,Solo un evento observado para esta combinación - no se puede estimar vida útil todavía sin cohorte.
1532758,Diaphragm motor spares kit,2024-10-04T19:42:00.000Z,2024-10-04T19:42:00.000Z,1,0,,,NONE,INSUFFICIENT_DATA,Un solo evento observado y sin cohorte disponible - sin base estadística suficiente para estimar vida útil.,,,,,,,,,,,1,0,0,,,NO_DATA,,,INSUFFICIENT_DATA,NO_MANUFACTURER_DATA,6,Insuficiente,0 intervalo(s) válidos (+0) | match exacto/alias (REF_EXACT) (+12) | asociación single (+12) | sin cobertura calculable (+0) | sin intervalos suficientes (+0) | sin cohorte disponible (+0) | hay datos de uso/contrato/horario (+8) | Weibull no evaluado (n insuficiente) (+4) | estimación de tipo INSUFFICIENT_DATA (+0) | n=0 intervalos (<10) (-10) | n=0 intervalos (<3) (-20),,INSUFFICIENT_DATA,6,Insuficiente,0 intervalo(s) válidos (+0) | match exacto/alias (REF_EXACT) (+12) | asociación single (+12) | sin cobertura calculable (+0) | sin intervalos suficientes (+0) | sin cohorte disponible (+0) | hay datos de uso/contrato/horario (+8) | Weibull no evaluado (n insuficiente) (+4) | estimación de tipo INSUFFICIENT_DATA (+0) | n=0 intervalos (<10) (-10) | n=0 intervalos (<3) (-20),,,,,,NONE,0.1,Solo un evento observado para esta combinación - no se puede estimar vida útil todavía sin cohorte.
1022593,"CABLE, PL26-C11 TO PL26-K4",2024-10-04T19:42:00.000Z,2024-10-04T19:42:00.000Z,1,0,,,NONE,INSUFFICIENT_DATA,Un solo evento observado y sin cohorte disponible - sin base estadística suficiente para estimar vida útil.,,,,,,,,,,,1,0,0,,,NO_DATA,,,INSUFFICIENT_DATA,NO_MANUFACTURER_DATA,6,Insuficiente,0 intervalo(s) válidos (+0) | match exacto/alias (REF_EXACT) (+12) | asociación single (+12) | sin cobertura calculable (+0) | sin intervalos suficientes (+0) | sin cohorte disponible (+0) | hay datos de uso/contrato/horario (+8) | Weibull no evaluado (n insuficiente) (+4) | estimación de tipo INSUFFICIENT_DATA (+0) | n=0 intervalos (<10) (-10) | n=0 intervalos (<3) (-20),,INSUFFICIENT_DATA,6,Insuficiente,0 intervalo(s) válidos (+0) | match exacto/alias (REF_EXACT) (+12) | asociación single (+12) | sin cobertura calculable (+0) | sin intervalos suficientes (+0) | sin cohorte disponible (+0) | hay datos de uso/contrato/horario (+8) | Weibull no evaluado (n insuficiente) (+4) | estimación de tipo INSUFFICIENT_DATA (+0) | n=0 intervalos (<10) (-10) | n=0 intervalos (<3) (-20),,,,,,NONE,0.1,Solo un evento observado para esta combinación - no se puede estimar vida útil todavía sin cohorte.
1505938,PCB Assy Intermediate Diaphragm,2024-10-04T19:42:00.000Z,2024-10-04T19:42:00.000Z,1,0,,,NONE,INSUFFICIENT_DATA,Un solo evento observado y sin cohorte disponible - sin base estadística suficiente para estimar vida útil.,,,,,,,,,,,1,0,0,,,NO_DATA,,,INSUFFICIENT_DATA,NO_MANUFACTURER_DATA,6,Insuficiente,0 intervalo(s) válidos (+0) | match exacto/alias (REF_EXACT) (+12) | asociación single (+12) | sin cobertura calculable (+0) | sin intervalos suficientes (+0) | sin cohorte disponible (+0) | hay datos de uso/contrato/horario (+8) | Weibull no evaluado (n insuficiente) (+4) | estimación de tipo INSUFFICIENT_DATA (+0) | n=0 intervalos (<10) (-10) | n=0 intervalos (<3) (-20),,INSUFFICIENT_DATA,6,Insuficiente,0 intervalo(s) válidos (+0) | match exacto/alias (REF_EXACT) (+12) | asociación single (+12) | sin cobertura calculable (+0) | sin intervalos suficientes (+0) | sin cohorte disponible (+0) | hay datos de uso/contrato/horario (+8) | Weibull no evaluado (n insuficiente) (+4) | estimación de tipo INSUFFICIENT_DATA (+0) | n=0 intervalos (<10) (-10) | n=0 intervalos (<3) (-20),,,,,,NONE,0.1,Solo un evento observado para esta combinación - no se puede estimar vida útil todavía sin cohorte.
1534014,"Kit, Enhanced, Agility Guide Lubrication",2024-10-19T20:30:00.000Z,2024-10-19T20:30:00.000Z,1,0,,,NONE,INSUFFICIENT_DATA,Un solo evento observado y sin cohorte disponible - sin base estadística suficiente para estimar vida útil.,,,,,,,,,,,1,0,0,,,NO_DATA,,,INSUFFICIENT_DATA,NO_MANUFACTURER_DATA,6,Insuficiente,0 intervalo(s) válidos (+0) | match exacto/alias (REF_EXACT) (+12) | asociación single (+12) | sin cobertura calculable (+0) | sin intervalos suficientes (+0) | sin cohorte disponible (+0) | hay datos de uso/contrato/horario (+8) | Weibull no evaluado (n insuficiente) (+4) | estimación de tipo INSUFFICIENT_DATA (+0) | n=0 intervalos (<10) (-10) | n=0 intervalos (<3) (-20),,INSUFFICIENT_DATA,6,Insuficiente,0 intervalo(s) válidos (+0) | match exacto/alias (REF_EXACT) (+12) | asociación single (+12) | sin cobertura calculable (+0) | sin intervalos suficientes (+0) | sin cohorte disponible (+0) | hay datos de uso/contrato/horario (+8) | Weibull no evaluado (n insuficiente) (+4) | estimación de tipo INSUFFICIENT_DATA (+0) | n=0 intervalos (<10) (-10) | n=0 intervalos (<3) (-20),,,,,,NONE,1,Solo un evento observado para esta combinación - no se puede estimar vida útil todavía sin cohorte.
1018459,Microswitch with lever,2024-11-19T21:03:00.000Z,2024-11-19T21:03:00.000Z,1,0,,,NONE,INSUFFICIENT_DATA,Un solo evento observado y sin cohorte disponible - sin base estadística suficiente para estimar vida útil.,,,,,,,,,,,1,0,0,,,NO_DATA,,,INSUFFICIENT_DATA,NO_MANUFACTURER_DATA,6,Insuficiente,0 intervalo(s) válidos (+0) | match exacto/alias (REF_EXACT) (+12) | asociación single (+12) | sin cobertura calculable (+0) | sin intervalos suficientes (+0) | sin cohorte disponible (+0) | hay datos de uso/contrato/horario (+8) | Weibull no evaluado (n insuficiente) (+4) | estimación de tipo INSUFFICIENT_DATA (+0) | n=0 intervalos (<10) (-10) | n=0 intervalos (<3) (-20),,INSUFFICIENT_DATA,6,Insuficiente,0 intervalo(s) válidos (+0) | match exacto/alias (REF_EXACT) (+12) | asociación single (+12) | sin cobertura calculable (+0) | sin intervalos suficientes (+0) | sin cohorte disponible (+0) | hay datos de uso/contrato/horario (+8) | Weibull no evaluado (n insuficiente) (+4) | estimación de tipo INSUFFICIENT_DATA (+0) | n=0 intervalos (<10) (-10) | n=0 intervalos (<3) (-20),,,,,,NONE,0.17,Solo un evento observado para esta combinación - no se puede estimar vida útil todavía sin cohorte.
1005032,Signal Condition PCB (SCC-RHA-Rev. 01),2025-01-13T20:53:00.000Z,2025-01-13T20:53:00.000Z,1,0,,,NONE,INSUFFICIENT_DATA,Un solo evento observado y sin cohorte disponible - sin base estadística suficiente para estimar vida útil.,,,,,,,,,,,1,0,0,,,NO_DATA,,,INSUFFICIENT_DATA,NO_MANUFACTURER_DATA,6,Insuficiente,0 intervalo(s) válidos (+0) | match exacto/alias (REF_EXACT) (+12) | asociación single (+12) | sin cobertura calculable (+0) | sin intervalos suficientes (+0) | sin cohorte disponible (+0) | hay datos de uso/contrato/horario (+8) | Weibull no evaluado (n insuficiente) (+4) | estimación de tipo INSUFFICIENT_DATA (+0) | n=0 intervalos (<10) (-10) | n=0 intervalos (<3) (-20),,INSUFFICIENT_DATA,6,Insuficiente,0 intervalo(s) válidos (+0) | match exacto/alias (REF_EXACT) (+12) | asociación single (+12) | sin cobertura calculable (+0) | sin intervalos suficientes (+0) | sin cohorte disponible (+0) | hay datos de uso/contrato/horario (+8) | Weibull no evaluado (n insuficiente) (+4) | estimación de tipo INSUFFICIENT_DATA (+0) | n=0 intervalos (<10) (-10) | n=0 intervalos (<3) (-20),,,,,,NONE,0.69,Solo un evento observado para esta combinación - no se puede estimar vida útil todavía sin cohorte.
1005033,Signal Condition PCB (RHCA-B),2025-01-13T20:53:00.000Z,2025-01-13T20:53:00.000Z,1,0,,,NONE,INSUFFICIENT_DATA,Un solo evento observado y sin cohorte disponible - sin base estadística suficiente para estimar vida útil.,,,,,,,,,,,1,0,0,,,NO_DATA,,,INSUFFICIENT_DATA,NO_MANUFACTURER_DATA,6,Insuficiente,0 intervalo(s) válidos (+0) | match exacto/alias (REF_EXACT) (+12) | asociación single (+12) | sin cobertura calculable (+0) | sin intervalos suficientes (+0) | sin cohorte disponible (+0) | hay datos de uso/contrato/horario (+8) | Weibull no evaluado (n insuficiente) (+4) | estimación de tipo INSUFFICIENT_DATA (+0) | n=0 intervalos (<10) (-10) | n=0 intervalos (<3) (-20),,INSUFFICIENT_DATA,6,Insuficiente,0 intervalo(s) válidos (+0) | match exacto/alias (REF_EXACT) (+12) | asociación single (+12) | sin cobertura calculable (+0) | sin intervalos suficientes (+0) | sin cohorte disponible (+0) | hay datos de uso/contrato/horario (+8) | Weibull no evaluado (n insuficiente) (+4) | estimación de tipo INSUFFICIENT_DATA (+0) | n=0 intervalos (<10) (-10) | n=0 intervalos (<3) (-20),,,,,,NONE,0.69,Solo un evento observado para esta combinación - no se puede estimar vida útil todavía sin cohorte.
351372700257X,Module Semikron SKRC,2025-01-20T21:54:00.000Z,2025-01-20T21:54:00.000Z,1,0,,,NONE,INSUFFICIENT_DATA,Un solo evento observado y sin cohorte disponible - sin base estadística suficiente para estimar vida útil.,,,,,,,,,,,1,0,0,,,NO_DATA,,,INSUFFICIENT_DATA,NO_MANUFACTURER_DATA,6,Insuficiente,0 intervalo(s) válidos (+0) | match exacto/alias (REF_EXACT) (+12) | asociación single (+12) | sin cobertura calculable (+0) | sin intervalos suficientes (+0) | sin cohorte disponible (+0) | hay datos de uso/contrato/horario (+8) | Weibull no evaluado (n insuficiente) (+4) | estimación de tipo INSUFFICIENT_DATA (+0) | n=0 intervalos (<10) (-10) | n=0 intervalos (<3) (-20),,INSUFFICIENT_DATA,6,Insuficiente,0 intervalo(s) válidos (+0) | match exacto/alias (REF_EXACT) (+12) | asociación single (+12) | sin cobertura calculable (+0) | sin intervalos suficientes (+0) | sin cohorte disponible (+0) | hay datos de uso/contrato/horario (+8) | Weibull no evaluado (n insuficiente) (+4) | estimación de tipo INSUFFICIENT_DATA (+0) | n=0 intervalos (<10) (-10) | n=0 intervalos (<3) (-20),,,,,,NONE,1,Solo un evento observado para esta combinación - no se puede estimar vida útil todavía sin cohorte.
821321900373H,Fuse link 240V/80A,2025-01-22T00:03:00.000Z,2025-01-22T00:03:00.000Z,1,0,,,NONE,INSUFFICIENT_DATA,Un solo evento observado y sin cohorte disponible - sin base estadística suficiente para estimar vida útil.,,,,,,,,,,,1,0,0,,,NO_DATA,,,INSUFFICIENT_DATA,NO_MANUFACTURER_DATA,2,Insuficiente,0 intervalo(s) válidos (+0) | match por método débil (REF_LIKE) (+8) | asociación single (+12) | sin cobertura calculable (+0) | sin intervalos suficientes (+0) | sin cohorte disponible (+0) | hay datos de uso/contrato/horario (+8) | Weibull no evaluado (n insuficiente) (+4) | estimación de tipo INSUFFICIENT_DATA (+0) | n=0 intervalos (<10) (-10) | n=0 intervalos (<3) (-20),,INSUFFICIENT_DATA,2,Insuficiente,0 intervalo(s) válidos (+0) | match por método débil (REF_LIKE) (+8) | asociación single (+12) | sin cobertura calculable (+0) | sin intervalos suficientes (+0) | sin cohorte disponible (+0) | hay datos de uso/contrato/horario (+8) | Weibull no evaluado (n insuficiente) (+4) | estimación de tipo INSUFFICIENT_DATA (+0) | n=0 intervalos (<10) (-10) | n=0 intervalos (<3) (-20),,,,,,NONE,1,Solo un evento observado para esta combinación - no se puede estimar vida útil todavía sin cohorte.
1515997,"THYRATRON,GL1551A",2025-02-21T11:30:00.000Z,2025-02-21T11:30:00.000Z,1,0,,,NONE,INSUFFICIENT_DATA,Un solo evento observado y sin cohorte disponible - sin base estadística suficiente para estimar vida útil.,,,,,,,,,,,1,0,0,,,NO_DATA,,,INSUFFICIENT_DATA,NO_MANUFACTURER_DATA,6,Insuficiente,0 intervalo(s) válidos (+0) | match exacto/alias (REF_EXACT) (+12) | asociación single (+12) | sin cobertura calculable (+0) | sin intervalos suficientes (+0) | sin cohorte disponible (+0) | hay datos de uso/contrato/horario (+8) | Weibull no evaluado (n insuficiente) (+4) | estimación de tipo INSUFFICIENT_DATA (+0) | n=0 intervalos (<10) (-10) | n=0 intervalos (<3) (-20),,INSUFFICIENT_DATA,6,Insuficiente,0 intervalo(s) válidos (+0) | match exacto/alias (REF_EXACT) (+12) | asociación single (+12) | sin cobertura calculable (+0) | sin intervalos suficientes (+0) | sin cohorte disponible (+0) | hay datos de uso/contrato/horario (+8) | Weibull no evaluado (n insuficiente) (+4) | estimación de tipo INSUFFICIENT_DATA (+0) | n=0 intervalos (<10) (-10) | n=0 intervalos (<3) (-20),,,,,,NONE,0,Solo un evento observado para esta combinación - no se puede estimar vida útil todavía sin cohorte.
45133304200,Target Drive Assembly,2025-03-15T22:44:00.000Z,2025-03-15T22:44:00.000Z,1,0,,,NONE,INSUFFICIENT_DATA,Un solo evento observado y sin cohorte disponible - sin base estadística suficiente para estimar vida útil.,,,,,,,,,,,1,0,0,,,NO_DATA,,,INSUFFICIENT_DATA,NO_MANUFACTURER_DATA,6,Insuficiente,0 intervalo(s) válidos (+0) | match exacto/alias (REF_EXACT) (+12) | asociación single (+12) | sin cobertura calculable (+0) | sin intervalos suficientes (+0) | sin cohorte disponible (+0) | hay datos de uso/contrato/horario (+8) | Weibull no evaluado (n insuficiente) (+4) | estimación de tipo INSUFFICIENT_DATA (+0) | n=0 intervalos (<10) (-10) | n=0 intervalos (<3) (-20),,INSUFFICIENT_DATA,6,Insuficiente,0 intervalo(s) válidos (+0) | match exacto/alias (REF_EXACT) (+12) | asociación single (+12) | sin cobertura calculable (+0) | sin intervalos suficientes (+0) | sin cohorte disponible (+0) | hay datos de uso/contrato/horario (+8) | Weibull no evaluado (n insuficiente) (+4) | estimación de tipo INSUFFICIENT_DATA (+0) | n=0 intervalos (<10) (-10) | n=0 intervalos (<3) (-20),,,,,,NONE,1,Solo un evento observado para esta combinación - no se puede estimar vida útil todavía sin cohorte.
1553878___1552668,"Z Motor - ElektroCraft - FRU, Z drive motor/brake assembly",2025-05-30T22:21:00.000Z,2025-05-30T22:21:00.000Z,1,0,,,NONE,INSUFFICIENT_DATA,Un solo evento observado y sin cohorte disponible - sin base estadística suficiente para estimar vida útil.,,,,,,,,,,,1,0,0,,,NO_DATA,,,INSUFFICIENT_DATA,NO_MANUFACTURER_DATA,2,Insuficiente,0 intervalo(s) válidos (+0) | match por método débil (REF_LIKE) (+8) | asociación single (+12) | sin cobertura calculable (+0) | sin intervalos suficientes (+0) | sin cohorte disponible (+0) | hay datos de uso/contrato/horario (+8) | Weibull no evaluado (n insuficiente) (+4) | estimación de tipo INSUFFICIENT_DATA (+0) | n=0 intervalos (<10) (-10) | n=0 intervalos (<3) (-20),,INSUFFICIENT_DATA,2,Insuficiente,0 intervalo(s) válidos (+0) | match por método débil (REF_LIKE) (+8) | asociación single (+12) | sin cobertura calculable (+0) | sin intervalos suficientes (+0) | sin cohorte disponible (+0) | hay datos de uso/contrato/horario (+8) | Weibull no evaluado (n insuficiente) (+4) | estimación de tipo INSUFFICIENT_DATA (+0) | n=0 intervalos (<10) (-10) | n=0 intervalos (<3) (-20),,,,,,NONE,0.93,Solo un evento observado para esta combinación - no se puede estimar vida útil todavía sin cohorte.
2276501,SCANNER GRYPHON GD4430-HCK1,2025-07-09T20:30:00.000Z,2025-07-09T20:30:00.000Z,1,0,,,NONE,INSUFFICIENT_DATA,Un solo evento observado y sin cohorte disponible - sin base estadística suficiente para estimar vida útil.,,,,,,,,,,,1,0,0,,,NO_DATA,,,INSUFFICIENT_DATA,NO_MANUFACTURER_DATA,6,Insuficiente,0 intervalo(s) válidos (+0) | match exacto/alias (REF_EXACT) (+12) | asociación single (+12) | sin cobertura calculable (+0) | sin intervalos suficientes (+0) | sin cohorte disponible (+0) | hay datos de uso/contrato/horario (+8) | Weibull no evaluado (n insuficiente) (+4) | estimación de tipo INSUFFICIENT_DATA (+0) | n=0 intervalos (<10) (-10) | n=0 intervalos (<3) (-20),,INSUFFICIENT_DATA,6,Insuficiente,0 intervalo(s) válidos (+0) | match exacto/alias (REF_EXACT) (+12) | asociación single (+12) | sin cobertura calculable (+0) | sin intervalos suficientes (+0) | sin cohorte disponible (+0) | hay datos de uso/contrato/horario (+8) | Weibull no evaluado (n insuficiente) (+4) | estimación de tipo INSUFFICIENT_DATA (+0) | n=0 intervalos (<10) (-10) | n=0 intervalos (<3) (-20),,,,,,NONE,0,Solo un evento observado para esta combinación - no se puede estimar vida útil todavía sin cohorte.
1023592,"PCB, LED ASSEMBLY - EIM",2025-07-18T18:51:00.000Z,2025-07-18T18:51:00.000Z,1,0,,,NONE,INSUFFICIENT_DATA,Un solo evento observado y sin cohorte disponible - sin base estadística suficiente para estimar vida útil.,,,,,,,,,,,1,0,0,,,NO_DATA,,,INSUFFICIENT_DATA,NO_MANUFACTURER_DATA,6,Insuficiente,0 intervalo(s) válidos (+0) | match exacto/alias (REF_EXACT) (+12) | asociación single (+12) | sin cobertura calculable (+0) | sin intervalos suficientes (+0) | sin cohorte disponible (+0) | hay datos de uso/contrato/horario (+8) | Weibull no evaluado (n insuficiente) (+4) | estimación de tipo INSUFFICIENT_DATA (+0) | n=0 intervalos (<10) (-10) | n=0 intervalos (<3) (-20),,INSUFFICIENT_DATA,6,Insuficiente,0 intervalo(s) válidos (+0) | match exacto/alias (REF_EXACT) (+12) | asociación single (+12) | sin cobertura calculable (+0) | sin intervalos suficientes (+0) | sin cohorte disponible (+0) | hay datos de uso/contrato/horario (+8) | Weibull no evaluado (n insuficiente) (+4) | estimación de tipo INSUFFICIENT_DATA (+0) | n=0 intervalos (<10) (-10) | n=0 intervalos (<3) (-20),,,,,,NONE,0,Solo un evento observado para esta combinación - no se puede estimar vida útil todavía sin cohorte.
1016422,SWITCH MICRO LEVER SS-5GL,2025-07-25T20:30:00.000Z,2025-07-25T20:30:00.000Z,1,0,,,NONE,INSUFFICIENT_DATA,Un solo evento observado y sin cohorte disponible - sin base estadística suficiente para estimar vida útil.,,,,,,,,,,,1,0,0,,,NO_DATA,,,INSUFFICIENT_DATA,NO_MANUFACTURER_DATA,6,Insuficiente,0 intervalo(s) válidos (+0) | match exacto/alias (REF_EXACT) (+12) | asociación single (+12) | sin cobertura calculable (+0) | sin intervalos suficientes (+0) | sin cohorte disponible (+0) | hay datos de uso/contrato/horario (+8) | Weibull no evaluado (n insuficiente) (+4) | estimación de tipo INSUFFICIENT_DATA (+0) | n=0 intervalos (<10) (-10) | n=0 intervalos (<3) (-20),,INSUFFICIENT_DATA,6,Insuficiente,0 intervalo(s) válidos (+0) | match exacto/alias (REF_EXACT) (+12) | asociación single (+12) | sin cobertura calculable (+0) | sin intervalos suficientes (+0) | sin cohorte disponible (+0) | hay datos de uso/contrato/horario (+8) | Weibull no evaluado (n insuficiente) (+4) | estimación de tipo INSUFFICIENT_DATA (+0) | n=0 intervalos (<10) (-10) | n=0 intervalos (<3) (-20),,,,,,NONE,0,Solo un evento observado para esta combinación - no se puede estimar vida útil todavía sin cohorte.
45133317853,"PCB, interconnect (C) (PCB 840A)",2025-06-16T12:30:00.000Z,2025-06-16T12:30:00.000Z,1,0,,,NONE,INSUFFICIENT_DATA,Un solo evento observado y sin cohorte disponible - sin base estadística suficiente para estimar vida útil.,,,,,,,,,,,1,0,0,,,NO_DATA,,,INSUFFICIENT_DATA,NO_MANUFACTURER_DATA,6,Insuficiente,0 intervalo(s) válidos (+0) | match exacto/alias (REF_EXACT) (+12) | asociación single (+12) | sin cobertura calculable (+0) | sin intervalos suficientes (+0) | sin cohorte disponible (+0) | hay datos de uso/contrato/horario (+8) | Weibull no evaluado (n insuficiente) (+4) | estimación de tipo INSUFFICIENT_DATA (+0) | n=0 intervalos (<10) (-10) | n=0 intervalos (<3) (-20),,INSUFFICIENT_DATA,6,Insuficiente,0 intervalo(s) válidos (+0) | match exacto/alias (REF_EXACT) (+12) | asociación single (+12) | sin cobertura calculable (+0) | sin intervalos suficientes (+0) | sin cohorte disponible (+0) | hay datos de uso/contrato/horario (+8) | Weibull no evaluado (n insuficiente) (+4) | estimación de tipo INSUFFICIENT_DATA (+0) | n=0 intervalos (<10) (-10) | n=0 intervalos (<3) (-20),,,,,,NONE,0,Solo un evento observado para esta combinación - no se puede estimar vida útil todavía sin cohorte.
45133318457,"PCB, level translator - LTU",2025-08-18T11:30:00.000Z,2025-08-18T11:30:00.000Z,1,0,,,NONE,INSUFFICIENT_DATA,Un solo evento observado y sin cohorte disponible - sin base estadística suficiente para estimar vida útil.,,,,,,,,,,,1,0,0,,,NO_DATA,,,INSUFFICIENT_DATA,NO_MANUFACTURER_DATA,6,Insuficiente,0 intervalo(s) válidos (+0) | match exacto/alias (REF_EXACT) (+12) | asociación single (+12) | sin cobertura calculable (+0) | sin intervalos suficientes (+0) | sin cohorte disponible (+0) | hay datos de uso/contrato/horario (+8) | Weibull no evaluado (n insuficiente) (+4) | estimación de tipo INSUFFICIENT_DATA (+0) | n=0 intervalos (<10) (-10) | n=0 intervalos (<3) (-20),,INSUFFICIENT_DATA,6,Insuficiente,0 intervalo(s) válidos (+0) | match exacto/alias (REF_EXACT) (+12) | asociación single (+12) | sin cobertura calculable (+0) | sin intervalos suficientes (+0) | sin cohorte disponible (+0) | hay datos de uso/contrato/horario (+8) | Weibull no evaluado (n insuficiente) (+4) | estimación de tipo INSUFFICIENT_DATA (+0) | n=0 intervalos (<10) (-10) | n=0 intervalos (<3) (-20),,,,,,NONE,0,Solo un evento observado para esta combinación - no se puede estimar vida útil todavía sin cohorte.
03-999-1002,HexaPOD™ evo controller 48 V evo,2025-03-31T13:30:00.000Z,2025-03-31T13:30:00.000Z,1,0,,,NONE,INSUFFICIENT_DATA,Un solo evento observado y sin cohorte disponible - sin base estadística suficiente para estimar vida útil.,,,,,,,,,,,1,0,0,,,NO_DATA,,,INSUFFICIENT_DATA,NO_MANUFACTURER_DATA,6,Insuficiente,0 intervalo(s) válidos (+0) | match exacto/alias (REF_EXACT) (+12) | asociación single (+12) | sin cobertura calculable (+0) | sin intervalos suficientes (+0) | sin cohorte disponible (+0) | hay datos de uso/contrato/horario (+8) | Weibull no evaluado (n insuficiente) (+4) | estimación de tipo INSUFFICIENT_DATA (+0) | n=0 intervalos (<10) (-10) | n=0 intervalos (<3) (-20),,INSUFFICIENT_DATA,6,Insuficiente,0 intervalo(s) válidos (+0) | match exacto/alias (REF_EXACT) (+12) | asociación single (+12) | sin cobertura calculable (+0) | sin intervalos suficientes (+0) | sin cohorte disponible (+0) | hay datos de uso/contrato/horario (+8) | Weibull no evaluado (n insuficiente) (+4) | estimación de tipo INSUFFICIENT_DATA (+0) | n=0 intervalos (<10) (-10) | n=0 intervalos (<3) (-20),,,,,,NONE,0,Solo un evento observado para esta combinación - no se puede estimar vida útil todavía sin cohorte.
1567908,KV DCB Control Board,2025-09-09T16:41:00.000Z,2025-09-09T16:41:00.000Z,1,0,,,NONE,INSUFFICIENT_DATA,Un solo evento observado y sin cohorte disponible - sin base estadística suficiente para estimar vida útil.,,,,,,,,,,,1,0,0,,,NO_DATA,,,INSUFFICIENT_DATA,NO_MANUFACTURER_DATA,6,Insuficiente,0 intervalo(s) válidos (+0) | match exacto/alias (REF_EXACT) (+12) | asociación single (+12) | sin cobertura calculable (+0) | sin intervalos suficientes (+0) | sin cohorte disponible (+0) | hay datos de uso/contrato/horario (+8) | Weibull no evaluado (n insuficiente) (+4) | estimación de tipo INSUFFICIENT_DATA (+0) | n=0 intervalos (<10) (-10) | n=0 intervalos (<3) (-20),,INSUFFICIENT_DATA,6,Insuficiente,0 intervalo(s) válidos (+0) | match exacto/alias (REF_EXACT) (+12) | asociación single (+12) | sin cobertura calculable (+0) | sin intervalos suficientes (+0) | sin cohorte disponible (+0) | hay datos de uso/contrato/horario (+8) | Weibull no evaluado (n insuficiente) (+4) | estimación de tipo INSUFFICIENT_DATA (+0) | n=0 intervalos (<10) (-10) | n=0 intervalos (<3) (-20),,,,,,NONE,0,Solo un evento observado para esta combinación - no se puede estimar vida útil todavía sin cohorte.
1022386,"SK60-CAN/PL601BA1 to SK13BB6/SK13A10, CAN/ Control - reeling",2026-03-04T16:30:00.000Z,2026-03-04T16:30:00.000Z,1,0,,,NONE,INSUFFICIENT_DATA,Un solo evento observado y sin cohorte disponible - sin base estadística suficiente para estimar vida útil.,,,,,,,,,,,1,0,0,,,NO_DATA,,,INSUFFICIENT_DATA,NO_MANUFACTURER_DATA,6,Insuficiente,0 intervalo(s) válidos (+0) | match exacto/alias (REF_EXACT) (+12) | asociación single (+12) | sin cobertura calculable (+0) | sin intervalos suficientes (+0) | sin cohorte disponible (+0) | hay datos de uso/contrato/horario (+8) | Weibull no evaluado (n insuficiente) (+4) | estimación de tipo INSUFFICIENT_DATA (+0) | n=0 intervalos (<10) (-10) | n=0 intervalos (<3) (-20),,INSUFFICIENT_DATA,6,Insuficiente,0 intervalo(s) válidos (+0) | match exacto/alias (REF_EXACT) (+12) | asociación single (+12) | sin cobertura calculable (+0) | sin intervalos suficientes (+0) | sin cohorte disponible (+0) | hay datos de uso/contrato/horario (+8) | Weibull no evaluado (n insuficiente) (+4) | estimación de tipo INSUFFICIENT_DATA (+0) | n=0 intervalos (<10) (-10) | n=0 intervalos (<3) (-20),,,,,,NONE,0,Solo un evento observado para esta combinación - no se puede estimar vida útil todavía sin cohorte.
1505891,"Interface Board, SPEC, SHFR400, KV Gen",2026-03-05T11:00:00.000Z,2026-03-05T11:00:00.000Z,1,0,,,NONE,INSUFFICIENT_DATA,Un solo evento observado y sin cohorte disponible - sin base estadística suficiente para estimar vida útil.,,,,,,,,,,,1,0,0,,,NO_DATA,,,INSUFFICIENT_DATA,NO_MANUFACTURER_DATA,6,Insuficiente,0 intervalo(s) válidos (+0) | match exacto/alias (REF_EXACT) (+12) | asociación single (+12) | sin cobertura calculable (+0) | sin intervalos suficientes (+0) | sin cohorte disponible (+0) | hay datos de uso/contrato/horario (+8) | Weibull no evaluado (n insuficiente) (+4) | estimación de tipo INSUFFICIENT_DATA (+0) | n=0 intervalos (<10) (-10) | n=0 intervalos (<3) (-20),,INSUFFICIENT_DATA,6,Insuficiente,0 intervalo(s) válidos (+0) | match exacto/alias (REF_EXACT) (+12) | asociación single (+12) | sin cobertura calculable (+0) | sin intervalos suficientes (+0) | sin cohorte disponible (+0) | hay datos de uso/contrato/horario (+8) | Weibull no evaluado (n insuficiente) (+4) | estimación de tipo INSUFFICIENT_DATA (+0) | n=0 intervalos (<10) (-10) | n=0 intervalos (<3) (-20),,,,,,NONE,0.25,Solo un evento observado para esta combinación - no se puede estimar vida útil todavía sin cohorte.
1513681,"MV, DCB, PROGRAMED",2026-03-05T11:00:00.000Z,2026-03-05T11:00:00.000Z,1,0,,,NONE,INSUFFICIENT_DATA,Un solo evento observado y sin cohorte disponible - sin base estadística suficiente para estimar vida útil.,,,,,,,,,,,1,0,0,,,NO_DATA,,,INSUFFICIENT_DATA,NO_MANUFACTURER_DATA,6,Insuficiente,0 intervalo(s) válidos (+0) | match exacto/alias (REF_EXACT) (+12) | asociación single (+12) | sin cobertura calculable (+0) | sin intervalos suficientes (+0) | sin cohorte disponible (+0) | hay datos de uso/contrato/horario (+8) | Weibull no evaluado (n insuficiente) (+4) | estimación de tipo INSUFFICIENT_DATA (+0) | n=0 intervalos (<10) (-10) | n=0 intervalos (<3) (-20),,INSUFFICIENT_DATA,6,Insuficiente,0 intervalo(s) válidos (+0) | match exacto/alias (REF_EXACT) (+12) | asociación single (+12) | sin cobertura calculable (+0) | sin intervalos suficientes (+0) | sin cohorte disponible (+0) | hay datos de uso/contrato/horario (+8) | Weibull no evaluado (n insuficiente) (+4) | estimación de tipo INSUFFICIENT_DATA (+0) | n=0 intervalos (<10) (-10) | n=0 intervalos (<3) (-20),,,,,,NONE,0.25,Solo un evento observado para esta combinación - no se puede estimar vida útil todavía sin cohorte.
1009687,Fru Squirrel frame grabber,2026-03-05T11:00:00.000Z,2026-03-05T11:00:00.000Z,1,0,,,NONE,INSUFFICIENT_DATA,Un solo evento observado y sin cohorte disponible - sin base estadística suficiente para estimar vida útil.,,,,,,,,,,,1,0,0,,,NO_DATA,,,INSUFFICIENT_DATA,NO_MANUFACTURER_DATA,6,Insuficiente,0 intervalo(s) válidos (+0) | match exacto/alias (REF_EXACT) (+12) | asociación single (+12) | sin cobertura calculable (+0) | sin intervalos suficientes (+0) | sin cohorte disponible (+0) | hay datos de uso/contrato/horario (+8) | Weibull no evaluado (n insuficiente) (+4) | estimación de tipo INSUFFICIENT_DATA (+0) | n=0 intervalos (<10) (-10) | n=0 intervalos (<3) (-20),,INSUFFICIENT_DATA,6,Insuficiente,0 intervalo(s) válidos (+0) | match exacto/alias (REF_EXACT) (+12) | asociación single (+12) | sin cobertura calculable (+0) | sin intervalos suficientes (+0) | sin cohorte disponible (+0) | hay datos de uso/contrato/horario (+8) | Weibull no evaluado (n insuficiente) (+4) | estimación de tipo INSUFFICIENT_DATA (+0) | n=0 intervalos (<10) (-10) | n=0 intervalos (<3) (-20),,,,,,NONE,0.25,Solo un evento observado para esta combinación - no se puede estimar vida útil todavía sin cohorte.
2297542,BALL RUNNER BLOCK WJ200QM-01-06 (Puerta deslizante),2026-03-30T19:00:00.000Z,2026-03-30T19:00:00.000Z,1,0,,,NONE,INSUFFICIENT_DATA,Un solo evento observado y sin cohorte disponible - sin base estadística suficiente para estimar vida útil.,,,,,,,,,,,1,0,0,,,NO_DATA,,,INSUFFICIENT_DATA,NO_MANUFACTURER_DATA,6,Insuficiente,0 intervalo(s) válidos (+0) | match exacto/alias (REF_EXACT) (+12) | asociación single (+12) | sin cobertura calculable (+0) | sin intervalos suficientes (+0) | sin cohorte disponible (+0) | hay datos de uso/contrato/horario (+8) | Weibull no evaluado (n insuficiente) (+4) | estimación de tipo INSUFFICIENT_DATA (+0) | n=0 intervalos (<10) (-10) | n=0 intervalos (<3) (-20),,INSUFFICIENT_DATA,6,Insuficiente,0 intervalo(s) válidos (+0) | match exacto/alias (REF_EXACT) (+12) | asociación single (+12) | sin cobertura calculable (+0) | sin intervalos suficientes (+0) | sin cohorte disponible (+0) | hay datos de uso/contrato/horario (+8) | Weibull no evaluado (n insuficiente) (+4) | estimación de tipo INSUFFICIENT_DATA (+0) | n=0 intervalos (<10) (-10) | n=0 intervalos (<3) (-20),,,,,,NONE,0,Solo un evento observado para esta combinación - no se puede estimar vida útil todavía sin cohorte.
45133302334,"DRIVE ASSEMBLY, MAGNETRON",2026-04-02T18:32:00.000Z,2026-04-02T18:32:00.000Z,1,0,,,NONE,INSUFFICIENT_DATA,Un solo evento observado y sin cohorte disponible - sin base estadística suficiente para estimar vida útil.,,,,,,,,,,,1,0,0,,,NO_DATA,,,INSUFFICIENT_DATA,NO_MANUFACTURER_DATA,6,Insuficiente,0 intervalo(s) válidos (+0) | match exacto/alias (REF_EXACT) (+12) | asociación single (+12) | sin cobertura calculable (+0) | sin intervalos suficientes (+0) | sin cohorte disponible (+0) | hay datos de uso/contrato/horario (+8) | Weibull no evaluado (n insuficiente) (+4) | estimación de tipo INSUFFICIENT_DATA (+0) | n=0 intervalos (<10) (-10) | n=0 intervalos (<3) (-20),,INSUFFICIENT_DATA,6,Insuficiente,0 intervalo(s) válidos (+0) | match exacto/alias (REF_EXACT) (+12) | asociación single (+12) | sin cobertura calculable (+0) | sin intervalos suficientes (+0) | sin cohorte disponible (+0) | hay datos de uso/contrato/horario (+8) | Weibull no evaluado (n insuficiente) (+4) | estimación de tipo INSUFFICIENT_DATA (+0) | n=0 intervalos (<10) (-10) | n=0 intervalos (<3) (-20),,,,,,NONE,0,Solo un evento observado para esta combinación - no se puede estimar vida útil todavía sin cohorte.
1024545,USER INTERFACE SIDE B FRU,2026-04-16T14:30:00.000Z,2026-04-16T14:30:00.000Z,1,0,,,NONE,INSUFFICIENT_DATA,Un solo evento observado y sin cohorte disponible - sin base estadística suficiente para estimar vida útil.,,,,,,,,,,,1,0,0,,,NO_DATA,,,INSUFFICIENT_DATA,NO_MANUFACTURER_DATA,6,Insuficiente,0 intervalo(s) válidos (+0) | match exacto/alias (REF_EXACT) (+12) | asociación single (+12) | sin cobertura calculable (+0) | sin intervalos suficientes (+0) | sin cohorte disponible (+0) | hay datos de uso/contrato/horario (+8) | Weibull no evaluado (n insuficiente) (+4) | estimación de tipo INSUFFICIENT_DATA (+0) | n=0 intervalos (<10) (-10) | n=0 intervalos (<3) (-20),,INSUFFICIENT_DATA,6,Insuficiente,0 intervalo(s) válidos (+0) | match exacto/alias (REF_EXACT) (+12) | asociación single (+12) | sin cobertura calculable (+0) | sin intervalos suficientes (+0) | sin cohorte disponible (+0) | hay datos de uso/contrato/horario (+8) | Weibull no evaluado (n insuficiente) (+4) | estimación de tipo INSUFFICIENT_DATA (+0) | n=0 intervalos (<10) (-10) | n=0 intervalos (<3) (-20),,,,,,NONE,0,Solo un evento observado para esta combinación - no se puede estimar vida útil todavía sin cohorte.
1569146,"FRU, KV ACB programmed",2026-05-13T19:44:00.000Z,2026-05-13T19:44:00.000Z,1,0,,,NONE,INSUFFICIENT_DATA,Un solo evento observado y sin cohorte disponible - sin base estadística suficiente para estimar vida útil.,,,,,,,,,,,1,0,0,,,NO_DATA,,,INSUFFICIENT_DATA,NO_MANUFACTURER_DATA,6,Insuficiente,0 intervalo(s) válidos (+0) | match exacto/alias (REF_EXACT) (+12) | asociación single (+12) | sin cobertura calculable (+0) | sin intervalos suficientes (+0) | sin cohorte disponible (+0) | hay datos de uso/contrato/horario (+8) | Weibull no evaluado (n insuficiente) (+4) | estimación de tipo INSUFFICIENT_DATA (+0) | n=0 intervalos (<10) (-10) | n=0 intervalos (<3) (-20),,INSUFFICIENT_DATA,6,Insuficiente,0 intervalo(s) válidos (+0) | match exacto/alias (REF_EXACT) (+12) | asociación single (+12) | sin cobertura calculable (+0) | sin intervalos suficientes (+0) | sin cohorte disponible (+0) | hay datos de uso/contrato/horario (+8) | Weibull no evaluado (n insuficiente) (+4) | estimación de tipo INSUFFICIENT_DATA (+0) | n=0 intervalos (<10) (-10) | n=0 intervalos (<3) (-20),,,,,,NONE,0,Solo un evento observado para esta combinación - no se puede estimar vida útil todavía sin cohorte.
45133904594,PS & DPT PCB - Area 12,2026-06-02T15:00:00.000Z,2026-06-02T15:00:00.000Z,1,0,,,NONE,INSUFFICIENT_DATA,Un solo evento observado y sin cohorte disponible - sin base estadística suficiente para estimar vida útil.,,,,,,,,,,,1,0,0,,,NO_DATA,,,INSUFFICIENT_DATA,NO_MANUFACTURER_DATA,6,Insuficiente,0 intervalo(s) válidos (+0) | match exacto/alias (REF_EXACT) (+12) | asociación single (+12) | sin cobertura calculable (+0) | sin intervalos suficientes (+0) | sin cohorte disponible (+0) | hay datos de uso/contrato/horario (+8) | Weibull no evaluado (n insuficiente) (+4) | estimación de tipo INSUFFICIENT_DATA (+0) | n=0 intervalos (<10) (-10) | n=0 intervalos (<3) (-20),,INSUFFICIENT_DATA,6,Insuficiente,0 intervalo(s) válidos (+0) | match exacto/alias (REF_EXACT) (+12) | asociación single (+12) | sin cobertura calculable (+0) | sin intervalos suficientes (+0) | sin cohorte disponible (+0) | hay datos de uso/contrato/horario (+8) | Weibull no evaluado (n insuficiente) (+4) | estimación de tipo INSUFFICIENT_DATA (+0) | n=0 intervalos (<10) (-10) | n=0 intervalos (<3) (-20),,,,,,NONE,0,Solo un evento observado para esta combinación - no se puede estimar vida útil todavía sin cohorte.
45133412329,"SOLENOID, LOCKING ASSY",2026-06-11T20:08:00.000Z,2026-06-11T20:08:00.000Z,1,0,,,NONE,INSUFFICIENT_DATA,Un solo evento observado y sin cohorte disponible - sin base estadística suficiente para estimar vida útil.,,,,,,,,,,,1,0,0,,,NO_DATA,,,INSUFFICIENT_DATA,NO_MANUFACTURER_DATA,6,Insuficiente,0 intervalo(s) válidos (+0) | match exacto/alias (REF_EXACT) (+12) | asociación single (+12) | sin cobertura calculable (+0) | sin intervalos suficientes (+0) | sin cohorte disponible (+0) | hay datos de uso/contrato/horario (+8) | Weibull no evaluado (n insuficiente) (+4) | estimación de tipo INSUFFICIENT_DATA (+0) | n=0 intervalos (<10) (-10) | n=0 intervalos (<3) (-20),,INSUFFICIENT_DATA,6,Insuficiente,0 intervalo(s) válidos (+0) | match exacto/alias (REF_EXACT) (+12) | asociación single (+12) | sin cobertura calculable (+0) | sin intervalos suficientes (+0) | sin cohorte disponible (+0) | hay datos de uso/contrato/horario (+8) | Weibull no evaluado (n insuficiente) (+4) | estimación de tipo INSUFFICIENT_DATA (+0) | n=0 intervalos (<10) (-10) | n=0 intervalos (<3) (-20),,,,,,NONE,0,Solo un evento observado para esta combinación - no se puede estimar vida útil todavía sin cohorte.
1505978,Detector imaging panel AP,2026-06-19T21:03:00.000Z,2026-06-19T21:03:00.000Z,1,0,,,NONE,INSUFFICIENT_DATA,Un solo evento observado y sin cohorte disponible - sin base estadística suficiente para estimar vida útil.,,,,,,,,,,,1,0,0,,,NO_DATA,,,INSUFFICIENT_DATA,NO_MANUFACTURER_DATA,6,Insuficiente,0 intervalo(s) válidos (+0) | match exacto/alias (REF_EXACT) (+12) | asociación single (+12) | sin cobertura calculable (+0) | sin intervalos suficientes (+0) | sin cohorte disponible (+0) | hay datos de uso/contrato/horario (+8) | Weibull no evaluado (n insuficiente) (+4) | estimación de tipo INSUFFICIENT_DATA (+0) | n=0 intervalos (<10) (-10) | n=0 intervalos (<3) (-20),,INSUFFICIENT_DATA,6,Insuficiente,0 intervalo(s) válidos (+0) | match exacto/alias (REF_EXACT) (+12) | asociación single (+12) | sin cobertura calculable (+0) | sin intervalos suficientes (+0) | sin cohorte disponible (+0) | hay datos de uso/contrato/horario (+8) | Weibull no evaluado (n insuficiente) (+4) | estimación de tipo INSUFFICIENT_DATA (+0) | n=0 intervalos (<10) (-10) | n=0 intervalos (<3) (-20),,,,,,NONE,0.28,Solo un evento observado para esta combinación - no se puede estimar vida útil todavía sin cohorte.