equipment_internal_id,client_name,dolibarr_ref,dolibarr_label,first_observed_event_date,last_observed_event_date,observed_event_count,valid_interval_count,avg_interval_days,median_interval_days,selected_model,model_family,model_reason,estimated_life_days,estimated_life_months,estimated_life_p10_days,estimated_life_p50_days,estimated_life_p90_days,credible_interval_low_days,credible_interval_high_days,machine_weight,cohort_weight,cohort_source,n_events,n_intervals,n_censored_observations,replacement_rate_per_year,manufacturer_life_months,manufacturer_life_source,observed_vs_manufacturer_ratio,predicted_next_replacement_date,prediction_status,comparison_to_manufacturer,model_confidence_score,model_confidence_label,model_confidence_factors,statistical_notes,estimate_status,lifecycle_confidence_score,lifecycle_confidence_label,lifecycle_confidence_factors,min_interval_days,max_interval_days,stddev_interval_days,p25_interval_days,p75_interval_days,estimated_life_method,after_hours_ratio,notes
LINAC-153038,FUNDACION ARTURO LOPEZ PEREZ,1534958,Leaf motor spares kit,2020-04-23T12:00:22.726Z,2025-05-22T14:50:00.000Z,14,13,142.69,112.23,BAYESIAN_WEIBULL_GRID,DIRECT_HISTORY_ENOUGH,Suficiente historial propio (n=13 intervalos): se ajustó un Weibull bayesiano estable.,112.23,3.69,19.98,112.23,325.54,19.98,325.54,,,,14,13,0,3.25,,NO_DATA,,2025-09-11T20:21:12.000Z,DIRECT_HISTORY_ENOUGH,NO_MANUFACTURER_DATA,92,Alta,13 intervalo(s) válidos (+20) | match exacto/alias (REF_EXACT) (+12) | asociación single (+12) | 61 meses de cobertura (+12) | coeficiente de variación 0.81 (+2) | hay estimación de cohorte disponible (+12) | hay datos de uso/contrato/horario (+8) | STABLE (+8) | estimación de tipo DIRECT_HISTORY_ENOUGH (+6),"Grid 60x120 (shape x scale), 13 intervalo(s) usados, prior centrado en 109 días (moderate).",DIRECT_HISTORY_ENOUGH,92,Alta,13 intervalo(s) válidos (+20) | match exacto/alias (REF_EXACT) (+12) | asociación single (+12) | 61 meses de cobertura (+12) | coeficiente de variación 0.81 (+2) | hay estimación de cohorte disponible (+12) | hay datos de uso/contrato/horario (+8) | STABLE (+8) | estimación de tipo DIRECT_HISTORY_ENOUGH (+6),5,393,,,,BAYESIAN_WEIBULL_GRID,0.67,
Linac-153935,UC CHRISTUS - CECA,1534958,Leaf motor spares kit,2021-06-04T18:30:00.000Z,2025-11-12T14:15:00.000Z,13,12,135.17,78.39,BAYESIAN_WEIBULL_GRID,DIRECT_HISTORY_ENOUGH,Suficiente historial propio (n=12 intervalos): se ajustó un Weibull bayesiano estable.,78.39,2.58,6.55,78.39,363.29,6.55,363.29,,,,13,12,0,4.66,,NO_DATA,,2026-01-29T23:36:36.000Z,DIRECT_HISTORY_ENOUGH,NO_MANUFACTURER_DATA,92,Alta,12 intervalo(s) válidos (+20) | match exacto/alias (REF_EXACT) (+12) | asociación single (+12) | 53 meses de cobertura (+12) | coeficiente de variación 1.15 (+2) | hay estimación de cohorte disponible (+12) | hay datos de uso/contrato/horario (+8) | STABLE (+8) | estimación de tipo DIRECT_HISTORY_ENOUGH (+6),"Grid 60x120 (shape x scale), 12 intervalo(s) usados, prior centrado en 82 días (moderate).",DIRECT_HISTORY_ENOUGH,92,Alta,12 intervalo(s) válidos (+20) | match exacto/alias (REF_EXACT) (+12) | asociación single (+12) | 53 meses de cobertura (+12) | coeficiente de variación 1.15 (+2) | hay estimación de cohorte disponible (+12) | hay datos de uso/contrato/horario (+8) | STABLE (+8) | estimación de tipo DIRECT_HISTORY_ENOUGH (+6),4,508,,,,BAYESIAN_WEIBULL_GRID,0.27,
Linac-152171,CLINICA ALEMANA DE SANTIAGO,1534958,Leaf motor spares kit,2024-10-07T14:23:00.000Z,2025-11-25T14:36:00.000Z,10,9,46,37.85,BAYESIAN_WEIBULL_GRID,DIRECT_HISTORY_ENOUGH,Suficiente historial propio (n=9 intervalos): se ajustó un Weibull bayesiano estable.,37.85,1.24,5.78,37.85,123.39,5.78,123.39,,,,10,9,0,9.65,,NO_DATA,,2026-01-02T11:00:00.000Z,DIRECT_HISTORY_ENOUGH,NO_MANUFACTURER_DATA,73,Media,9 intervalo(s) válidos (+15) | match exacto/alias (REF_EXACT) (+12) | asociación single (+12) | 14 meses de cobertura (+8) | coeficiente de variación 1.07 (+2) | hay estimación de cohorte disponible (+12) | hay datos de uso/contrato/horario (+8) | STABLE (+8) | estimación de tipo DIRECT_HISTORY_ENOUGH (+6) | n=9 intervalos (<10) (-10),"Grid 60x120 (shape x scale), 9 intervalo(s) usados, prior centrado en 64 días (moderate).",DIRECT_HISTORY_ENOUGH,73,Media,9 intervalo(s) válidos (+15) | match exacto/alias (REF_EXACT) (+12) | asociación single (+12) | 14 meses de cobertura (+8) | coeficiente de variación 1.07 (+2) | hay estimación de cohorte disponible (+12) | hay datos de uso/contrato/horario (+8) | STABLE (+8) | estimación de tipo DIRECT_HISTORY_ENOUGH (+6) | n=9 intervalos (<10) (-10),5,166,,,,BAYESIAN_WEIBULL_GRID,0.6,
INC-INFINITY01,Instituto Nacional del Cáncer (INC),1534958,Leaf motor spares kit,2023-10-19T15:42:00.000Z,2024-05-07T15:53:00.000Z,9,8,25.13,8,TRIMMED_MEAN_INTERVAL,DIRECT_HISTORY_ENOUGH,"Suficiente historial propio (n=8), pero el ajuste Weibull no fue estable (posterior en el borde del grid) - se usa la media recortada empírica.",25.13,0.83,1.7000000000000002,8,80.6,1.7000000000000002,80.6,,,,9,8,0,14.53,,NO_DATA,,2024-06-01T19:00:12.000Z,DIRECT_HISTORY_ENOUGH,NO_MANUFACTURER_DATA,65,Media,8 intervalo(s) válidos (+15) | match exacto/alias (REF_EXACT) (+12) | asociación single (+12) | 7 meses de cobertura (+4) | coeficiente de variación 1.44 (+2) | hay estimación de cohorte disponible (+12) | hay datos de uso/contrato/horario (+8) | Weibull no evaluado (n insuficiente) (+4) | estimación de tipo DIRECT_HISTORY_ENOUGH (+6) | n=8 intervalos (<10) (-10),,DIRECT_HISTORY_ENOUGH,65,Media,8 intervalo(s) válidos (+15) | match exacto/alias (REF_EXACT) (+12) | asociación single (+12) | 7 meses de cobertura (+4) | coeficiente de variación 1.44 (+2) | hay estimación de cohorte disponible (+12) | hay datos de uso/contrato/horario (+8) | Weibull no evaluado (n insuficiente) (+4) | estimación de tipo DIRECT_HISTORY_ENOUGH (+6) | n=8 intervalos (<10) (-10),1,89,,,,TRIMMED_MEAN_INTERVAL,0,
Linac-153935,UC CHRISTUS - CECA,1517657,"PCB ASSY, LEAF MOTOR DRIVE - 1 Only",2019-01-15T11:30:00.000Z,2026-03-07T16:36:00.000Z,8,7,372.57,246.2,BAYESIAN_WEIBULL_GRID,DIRECT_HISTORY_ENOUGH,Suficiente historial propio (n=7 intervalos): se ajustó un Weibull bayesiano estable.,246.2,8.09,24.4,246.2,1006.93,24.4,1006.93,,,,8,7,0,1.48,,NO_DATA,,2026-11-08T21:24:00.000Z,DIRECT_HISTORY_ENOUGH,NO_MANUFACTURER_DATA,77,Media,7 intervalo(s) válidos (+15) | match exacto/alias (REF_EXACT) (+12) | asociación single (+12) | 86 meses de cobertura (+12) | coeficiente de variación 1.14 (+2) | hay estimación de cohorte disponible (+12) | hay datos de uso/contrato/horario (+8) | STABLE (+8) | estimación de tipo DIRECT_HISTORY_ENOUGH (+6) | n=7 intervalos (<10) (-10),"Grid 60x120 (shape x scale), 7 intervalo(s) usados, prior centrado en 267 días (moderate).",DIRECT_HISTORY_ENOUGH,77,Media,7 intervalo(s) válidos (+15) | match exacto/alias (REF_EXACT) (+12) | asociación single (+12) | 86 meses de cobertura (+12) | coeficiente de variación 1.14 (+2) | hay estimación de cohorte disponible (+12) | hay datos de uso/contrato/horario (+8) | STABLE (+8) | estimación de tipo DIRECT_HISTORY_ENOUGH (+6) | n=7 intervalos (<10) (-10),56,1006,,,,BAYESIAN_WEIBULL_GRID,0.34,
INC-156473,Instituto Nacional del Cáncer (INC),1534958,Leaf motor spares kit,2024-10-16T13:19:00.000Z,2026-02-26T21:01:00.000Z,8,7,71.14,40.13,BAYESIAN_WEIBULL_GRID,DIRECT_HISTORY_ENOUGH,Suficiente historial propio (n=7 intervalos): se ajustó un Weibull bayesiano estable.,40.13,1.32,3.17,40.13,189.73,3.17,189.73,,,,8,7,0,9.1,,NO_DATA,,2026-04-08T00:08:12.000Z,DIRECT_HISTORY_ENOUGH,NO_MANUFACTURER_DATA,73,Media,7 intervalo(s) válidos (+15) | match exacto/alias (REF_EXACT) (+12) | asociación single (+12) | 16 meses de cobertura (+8) | coeficiente de variación 0.97 (+2) | hay estimación de cohorte disponible (+12) | hay datos de uso/contrato/horario (+8) | STABLE (+8) | estimación de tipo DIRECT_HISTORY_ENOUGH (+6) | n=7 intervalos (<10) (-10),"Grid 60x120 (shape x scale), 7 intervalo(s) usados, prior centrado en 28 días (moderate).",DIRECT_HISTORY_ENOUGH,73,Media,7 intervalo(s) válidos (+15) | match exacto/alias (REF_EXACT) (+12) | asociación single (+12) | 16 meses de cobertura (+8) | coeficiente de variación 0.97 (+2) | hay estimación de cohorte disponible (+12) | hay datos de uso/contrato/horario (+8) | STABLE (+8) | estimación de tipo DIRECT_HISTORY_ENOUGH (+6) | n=7 intervalos (<10) (-10),4,159,,,,BAYESIAN_WEIBULL_GRID,0.14,
INC-156473,Instituto Nacional del Cáncer (INC),1541718,"FRU, Pancake Motor Assembly",2024-12-26T22:35:00.000Z,2026-03-27T12:05:00.000Z,8,7,65.14,40.53,BAYESIAN_WEIBULL_GRID,DIRECT_HISTORY_ENOUGH,Suficiente historial propio (n=7 intervalos): se ajustó un Weibull bayesiano estable.,40.53,1.33,3.38,40.53,189.86,3.38,189.86,,,,8,7,0,9.01,,NO_DATA,,2026-05-07T00:48:12.000Z,DIRECT_HISTORY_ENOUGH,NO_MANUFACTURER_DATA,73,Media,7 intervalo(s) válidos (+15) | match exacto/alias (REF_EXACT) (+12) | asociación single (+12) | 15 meses de cobertura (+8) | coeficiente de variación 1.14 (+2) | hay estimación de cohorte disponible (+12) | hay datos de uso/contrato/horario (+8) | STABLE (+8) | estimación de tipo DIRECT_HISTORY_ENOUGH (+6) | n=7 intervalos (<10) (-10),"Grid 60x120 (shape x scale), 7 intervalo(s) usados, prior centrado en 44 días (moderate).",DIRECT_HISTORY_ENOUGH,73,Media,7 intervalo(s) válidos (+15) | match exacto/alias (REF_EXACT) (+12) | asociación single (+12) | 15 meses de cobertura (+8) | coeficiente de variación 1.14 (+2) | hay estimación de cohorte disponible (+12) | hay datos de uso/contrato/horario (+8) | STABLE (+8) | estimación de tipo DIRECT_HISTORY_ENOUGH (+6) | n=7 intervalos (<10) (-10),2,197,,,,BAYESIAN_WEIBULL_GRID,0.27,
Linac-154325,HOSPITAL CARLOS VAN BUREN (SSVSA),821321900352,"Fuse, 10A 32 VAC, time delay, glass cartridge 32 mm x 6.3mm (FS32E)",2018-09-02T17:00:00.000Z,2023-07-28T20:24:00.000Z,7,6,298.33,202.66,BAYESIAN_WEIBULL_GRID,DIRECT_HISTORY_ENOUGH,Suficiente historial propio (n=6 intervalos): se ajustó un Weibull bayesiano estable.,202.66,6.66,21,202.66,797.74,21,797.74,,,,7,6,0,1.8,,NO_DATA,,2024-02-16T12:14:24.000Z,DIRECT_HISTORY_ENOUGH,NO_MANUFACTURER_DATA,77,Media,6 intervalo(s) válidos (+15) | match exacto/alias (REF_EXACT) (+12) | asociación single (+12) | 59 meses de cobertura (+12) | coeficiente de variación 1.10 (+2) | hay estimación de cohorte disponible (+12) | hay datos de uso/contrato/horario (+8) | STABLE (+8) | estimación de tipo DIRECT_HISTORY_ENOUGH (+6) | n=6 intervalos (<10) (-10),"Grid 60x120 (shape x scale), 6 intervalo(s) usados, prior centrado en 205 días (moderate).",DIRECT_HISTORY_ENOUGH,77,Media,6 intervalo(s) válidos (+15) | match exacto/alias (REF_EXACT) (+12) | asociación single (+12) | 59 meses de cobertura (+12) | coeficiente de variación 1.10 (+2) | hay estimación de cohorte disponible (+12) | hay datos de uso/contrato/horario (+8) | STABLE (+8) | estimación de tipo DIRECT_HISTORY_ENOUGH (+6) | n=6 intervalos (<10) (-10),43,875,,,,BAYESIAN_WEIBULL_GRID,0.43,
LINAC-153038,FUNDACION ARTURO LOPEZ PEREZ,45133304800,SL ELECTRON GUN ASSY,2019-12-06T22:00:06.022Z,2023-10-30T13:00:00.000Z,6,5,284.8,279.13,BAYESIAN_WEIBULL_GRID,DIRECT_HISTORY_ENOUGH,Suficiente historial propio (n=5 intervalos): se ajustó un Weibull bayesiano estable.,279.13,9.17,89.93,279.13,546.85,89.93,546.85,,,,6,5,0,1.31,,NO_DATA,,2024-08-04T16:07:12.000Z,DIRECT_HISTORY_ENOUGH,NO_MANUFACTURER_DATA,81,Media,5 intervalo(s) válidos (+15) | match exacto/alias (REF_EXACT) (+12) | asociación single (+12) | 47 meses de cobertura (+12) | coeficiente de variación 0.57 (+6) | hay estimación de cohorte disponible (+12) | hay datos de uso/contrato/horario (+8) | STABLE (+8) | estimación de tipo DIRECT_HISTORY_ENOUGH (+6) | n=5 intervalos (<10) (-10),"Grid 60x120 (shape x scale), 5 intervalo(s) usados, prior centrado en 286 días (moderate).",DIRECT_HISTORY_ENOUGH,81,Media,5 intervalo(s) válidos (+15) | match exacto/alias (REF_EXACT) (+12) | asociación single (+12) | 47 meses de cobertura (+12) | coeficiente de variación 0.57 (+6) | hay estimación de cohorte disponible (+12) | hay datos de uso/contrato/horario (+8) | STABLE (+8) | estimación de tipo DIRECT_HISTORY_ENOUGH (+6) | n=5 intervalos (<10) (-10),89,469,,,,BAYESIAN_WEIBULL_GRID,0.61,
Linac-154325,HOSPITAL CARLOS VAN BUREN (SSVSA),1534958,Leaf motor spares kit,2020-07-14T17:25:00.000Z,2026-06-12T02:30:00.000Z,6,5,431.6,222.03,BAYESIAN_WEIBULL_GRID,DIRECT_HISTORY_ENOUGH,Suficiente historial propio (n=5 intervalos): se ajustó un Weibull bayesiano estable.,222.03,7.29,15.16,222.03,1111.11,15.16,1111.11,,,,6,5,0,1.65,,NO_DATA,,2027-01-20T03:13:12.000Z,DIRECT_HISTORY_ENOUGH,NO_MANUFACTURER_DATA,77,Media,5 intervalo(s) válidos (+15) | match exacto/alias (REF_EXACT) (+12) | asociación single (+12) | 71 meses de cobertura (+12) | coeficiente de variación 1.10 (+2) | hay estimación de cohorte disponible (+12) | hay datos de uso/contrato/horario (+8) | STABLE (+8) | estimación de tipo DIRECT_HISTORY_ENOUGH (+6) | n=5 intervalos (<10) (-10),"Grid 60x120 (shape x scale), 5 intervalo(s) usados, prior centrado en 171 días (moderate).",DIRECT_HISTORY_ENOUGH,77,Media,5 intervalo(s) válidos (+15) | match exacto/alias (REF_EXACT) (+12) | asociación single (+12) | 71 meses de cobertura (+12) | coeficiente de variación 1.10 (+2) | hay estimación de cohorte disponible (+12) | hay datos de uso/contrato/horario (+8) | STABLE (+8) | estimación de tipo DIRECT_HISTORY_ENOUGH (+6) | n=5 intervalos (<10) (-10),10,1151,,,,BAYESIAN_WEIBULL_GRID,0.41,
Linac-156187,RADIO ONCOLOGÍA DEL SUR,1534958,Leaf motor spares kit,2025-03-17T11:00:00.000Z,2026-06-01T12:00:00.000Z,6,5,88.2,69.38,BAYESIAN_WEIBULL_GRID,DIRECT_HISTORY_ENOUGH,Suficiente historial propio (n=5 intervalos): se ajustó un Weibull bayesiano estable.,69.38,2.28,9.57,69.38,231.1,9.57,231.1,,,,6,5,0,5.26,,NO_DATA,,2026-08-09T21:07:12.000Z,DIRECT_HISTORY_ENOUGH,NO_MANUFACTURER_DATA,73,Media,5 intervalo(s) válidos (+15) | match exacto/alias (REF_EXACT) (+12) | asociación single (+12) | 14 meses de cobertura (+8) | coeficiente de variación 1.13 (+2) | hay estimación de cohorte disponible (+12) | hay datos de uso/contrato/horario (+8) | STABLE (+8) | estimación de tipo DIRECT_HISTORY_ENOUGH (+6) | n=5 intervalos (<10) (-10),"Grid 60x120 (shape x scale), 5 intervalo(s) usados, prior centrado en 70 días (moderate).",DIRECT_HISTORY_ENOUGH,73,Media,5 intervalo(s) válidos (+15) | match exacto/alias (REF_EXACT) (+12) | asociación single (+12) | 14 meses de cobertura (+8) | coeficiente de variación 1.13 (+2) | hay estimación de cohorte disponible (+12) | hay datos de uso/contrato/horario (+8) | STABLE (+8) | estimación de tipo DIRECT_HISTORY_ENOUGH (+6) | n=5 intervalos (<10) (-10),28,266,,,,BAYESIAN_WEIBULL_GRID,0.1,
Linac-153935,UC CHRISTUS - CECA,1018559,"ASSY, BRACKET & FAN",2021-07-24T12:00:00.000Z,2025-08-20T14:20:00.000Z,5,4,372,372.68,BAYESIAN_WEIBULL_GRID,DIRECT_HISTORY_ENOUGH,Suficiente historial propio (n=4 intervalos): se ajustó un Weibull bayesiano estable.,372.68,12.24,177.04,372.68,594.94,177.04,594.94,,,,5,4,0,0.98,,NO_DATA,,2026-08-28T06:39:12.000Z,DIRECT_HISTORY_ENOUGH,NO_MANUFACTURER_DATA,76,Media,4 intervalo(s) válidos (+10) | match exacto/alias (REF_EXACT) (+12) | asociación single (+12) | 49 meses de cobertura (+12) | coeficiente de variación 0.37 (+6) | hay estimación de cohorte disponible (+12) | hay datos de uso/contrato/horario (+8) | STABLE (+8) | estimación de tipo DIRECT_HISTORY_ENOUGH (+6) | n=4 intervalos (<10) (-10),"Grid 60x120 (shape x scale), 4 intervalo(s) usados, prior centrado en 371 días (moderate).",DIRECT_HISTORY_ENOUGH,76,Media,4 intervalo(s) válidos (+10) | match exacto/alias (REF_EXACT) (+12) | asociación single (+12) | 49 meses de cobertura (+12) | coeficiente de variación 0.37 (+6) | hay estimación de cohorte disponible (+12) | hay datos de uso/contrato/horario (+8) | STABLE (+8) | estimación de tipo DIRECT_HISTORY_ENOUGH (+6) | n=4 intervalos (<10) (-10),196,530,,,,BAYESIAN_WEIBULL_GRID,0.3,
LINAC-153038,FUNDACION ARTURO LOPEZ PEREZ,1502613,Laser ODI Spares Kit,2021-12-30T19:00:00.000Z,2025-03-13T22:47:00.000Z,5,4,292,262.8,BAYESIAN_WEIBULL_GRID,DIRECT_HISTORY_ENOUGH,Suficiente historial propio (n=4 intervalos): se ajustó un Weibull bayesiano estable.,262.8,8.63,51.14,262.8,691.98,51.14,691.98,,,,5,4,0,1.39,,NO_DATA,,2025-12-01T17:59:00.000Z,DIRECT_HISTORY_ENOUGH,NO_MANUFACTURER_DATA,72,Media,4 intervalo(s) válidos (+10) | match exacto/alias (REF_EXACT) (+12) | asociación single (+12) | 38 meses de cobertura (+12) | coeficiente de variación 0.79 (+2) | hay estimación de cohorte disponible (+12) | hay datos de uso/contrato/horario (+8) | STABLE (+8) | estimación de tipo DIRECT_HISTORY_ENOUGH (+6) | n=4 intervalos (<10) (-10),"Grid 60x120 (shape x scale), 4 intervalo(s) usados, prior centrado en 272 días (moderate).",DIRECT_HISTORY_ENOUGH,72,Media,4 intervalo(s) válidos (+10) | match exacto/alias (REF_EXACT) (+12) | asociación single (+12) | 38 meses de cobertura (+12) | coeficiente de variación 0.79 (+2) | hay estimación de cohorte disponible (+12) | hay datos de uso/contrato/horario (+8) | STABLE (+8) | estimación de tipo DIRECT_HISTORY_ENOUGH (+6) | n=4 intervalos (<10) (-10),57,607,,,,BAYESIAN_WEIBULL_GRID,0.81,
LINAC-153038,FUNDACION ARTURO LOPEZ PEREZ,1024939,"ASSY, 40X40X10MM FAN, HEATSINK",2022-01-12T00:00:00.000Z,2024-11-06T21:31:00.000Z,5,4,257.5,258.75,BAYESIAN_WEIBULL_GRID,DIRECT_HISTORY_ENOUGH,Suficiente historial propio (n=4 intervalos): se ajustó un Weibull bayesiano estable.,258.75,8.5,119.81,258.75,418.82,119.81,418.82,,,,5,4,0,1.41,,NO_DATA,,2025-07-23T15:31:00.000Z,DIRECT_HISTORY_ENOUGH,NO_MANUFACTURER_DATA,76,Media,4 intervalo(s) válidos (+10) | match exacto/alias (REF_EXACT) (+12) | asociación single (+12) | 34 meses de cobertura (+12) | coeficiente de variación 0.38 (+6) | hay estimación de cohorte disponible (+12) | hay datos de uso/contrato/horario (+8) | STABLE (+8) | estimación de tipo DIRECT_HISTORY_ENOUGH (+6) | n=4 intervalos (<10) (-10),"Grid 60x120 (shape x scale), 4 intervalo(s) usados, prior centrado en 261 días (moderate).",DIRECT_HISTORY_ENOUGH,76,Media,4 intervalo(s) válidos (+10) | match exacto/alias (REF_EXACT) (+12) | asociación single (+12) | 34 meses de cobertura (+12) | coeficiente de variación 0.38 (+6) | hay estimación de cohorte disponible (+12) | hay datos de uso/contrato/horario (+8) | STABLE (+8) | estimación de tipo DIRECT_HISTORY_ENOUGH (+6) | n=4 intervalos (<10) (-10),134,373,,,,BAYESIAN_WEIBULL_GRID,0.68,
Linac-152171,CLINICA ALEMANA DE SANTIAGO,1564298,Diaphragm/DLG PCB,2023-10-06T19:45:00.000Z,2026-05-16T15:44:00.000Z,5,4,238.25,183.41,BAYESIAN_WEIBULL_GRID,DIRECT_HISTORY_ENOUGH,Suficiente historial propio (n=4 intervalos): se ajustó un Weibull bayesiano estable.,183.41,6.03,26.63,183.41,546.93,26.63,546.93,,,,5,4,0,1.99,,NO_DATA,,2026-11-16T01:34:24.000Z,DIRECT_HISTORY_ENOUGH,NO_MANUFACTURER_DATA,72,Media,4 intervalo(s) válidos (+10) | match exacto/alias (REF_EXACT) (+12) | asociación single (+12) | 31 meses de cobertura (+12) | coeficiente de variación 0.71 (+2) | hay estimación de cohorte disponible (+12) | hay datos de uso/contrato/horario (+8) | STABLE (+8) | estimación de tipo DIRECT_HISTORY_ENOUGH (+6) | n=4 intervalos (<10) (-10),"Grid 60x120 (shape x scale), 4 intervalo(s) usados, prior centrado en 131 días (moderate).",DIRECT_HISTORY_ENOUGH,72,Media,4 intervalo(s) válidos (+10) | match exacto/alias (REF_EXACT) (+12) | asociación single (+12) | 31 meses de cobertura (+12) | coeficiente de variación 0.71 (+2) | hay estimación de cohorte disponible (+12) | hay datos de uso/contrato/horario (+8) | STABLE (+8) | estimación de tipo DIRECT_HISTORY_ENOUGH (+6) | n=4 intervalos (<10) (-10),16,428,,,,BAYESIAN_WEIBULL_GRID,0.81,
Linac-109256,UC CHRISTUS - SCA,1564298,Diaphragm/DLG PCB,2024-07-12T15:23:00.000Z,2026-04-28T20:45:00.000Z,5,4,163.75,95.39,BAYESIAN_WEIBULL_GRID,DIRECT_HISTORY_ENOUGH,Suficiente historial propio (n=4 intervalos): se ajustó un Weibull bayesiano estable.,95.39,3.13,6.6,95.39,485.48,6.6,485.48,,,,5,4,0,3.83,,NO_DATA,,2026-08-02T06:06:36.000Z,DIRECT_HISTORY_ENOUGH,NO_MANUFACTURER_DATA,68,Media,4 intervalo(s) válidos (+10) | match exacto/alias (REF_EXACT) (+12) | asociación single (+12) | 22 meses de cobertura (+8) | coeficiente de variación 0.83 (+2) | hay estimación de cohorte disponible (+12) | hay datos de uso/contrato/horario (+8) | STABLE (+8) | estimación de tipo DIRECT_HISTORY_ENOUGH (+6) | n=4 intervalos (<10) (-10),"Grid 60x120 (shape x scale), 4 intervalo(s) usados, prior centrado en 105 días (moderate).",DIRECT_HISTORY_ENOUGH,68,Media,4 intervalo(s) válidos (+10) | match exacto/alias (REF_EXACT) (+12) | asociación single (+12) | 22 meses de cobertura (+8) | coeficiente de variación 0.83 (+2) | hay estimación de cohorte disponible (+12) | hay datos de uso/contrato/horario (+8) | STABLE (+8) | estimación de tipo DIRECT_HISTORY_ENOUGH (+6) | n=4 intervalos (<10) (-10),1,333,,,,BAYESIAN_WEIBULL_GRID,0.52,
Linac-153935,UC CHRISTUS - CECA,1502613,Laser ODI Spares Kit,2019-03-14T20:30:00.000Z,2024-07-11T23:25:00.000Z,4,3,648.67,353.31,BAYESIAN_WEIBULL_GRID,DIRECT_HISTORY_ENOUGH,Suficiente historial propio (n=3 intervalos): se ajustó un Weibull bayesiano estable.,353.31,11.61,24.82,353.31,1700.83,24.82,1700.83,,,,4,3,0,1.03,,NO_DATA,,2025-06-30T06:51:24.000Z,DIRECT_HISTORY_ENOUGH,NO_MANUFACTURER_DATA,72,Media,3 intervalo(s) válidos (+10) | match exacto/alias (REF_EXACT) (+12) | asociación single (+12) | 64 meses de cobertura (+12) | coeficiente de variación 1.18 (+2) | hay estimación de cohorte disponible (+12) | hay datos de uso/contrato/horario (+8) | STABLE (+8) | estimación de tipo DIRECT_HISTORY_ENOUGH (+6) | n=3 intervalos (<10) (-10),"Grid 60x120 (shape x scale), 3 intervalo(s) usados, prior centrado en 304 días (moderate).",DIRECT_HISTORY_ENOUGH,72,Media,3 intervalo(s) válidos (+10) | match exacto/alias (REF_EXACT) (+12) | asociación single (+12) | 64 meses de cobertura (+12) | coeficiente de variación 1.18 (+2) | hay estimación de cohorte disponible (+12) | hay datos de uso/contrato/horario (+8) | STABLE (+8) | estimación de tipo DIRECT_HISTORY_ENOUGH (+6) | n=3 intervalos (<10) (-10),31,1504,,,,BAYESIAN_WEIBULL_GRID,0.59,
Linac-153935,UC CHRISTUS - CECA,1018265_proveedor_local,"Proveedor Local, FRU MOTOR BRUSH SET (ELECTROCRAFT)",2020-04-18T12:00:00.000Z,2024-07-23T23:35:00.000Z,4,3,519,503.57,BAYESIAN_WEIBULL_GRID,DIRECT_HISTORY_ENOUGH,Suficiente historial propio (n=3 intervalos): se ajustó un Weibull bayesiano estable.,503.57,16.54,123.62,503.57,1137.14,123.62,1137.14,,,,4,3,0,0.73,,NO_DATA,,2025-12-09T13:15:48.000Z,DIRECT_HISTORY_ENOUGH,NO_MANUFACTURER_DATA,72,Media,3 intervalo(s) válidos (+10) | match por método débil (REF_LIKE) (+8) | asociación single (+12) | 51 meses de cobertura (+12) | coeficiente de variación 0.69 (+6) | hay estimación de cohorte disponible (+12) | hay datos de uso/contrato/horario (+8) | STABLE (+8) | estimación de tipo DIRECT_HISTORY_ENOUGH (+6) | n=3 intervalos (<10) (-10),"Grid 60x120 (shape x scale), 3 intervalo(s) usados, prior centrado en 491 días (moderate).",DIRECT_HISTORY_ENOUGH,72,Media,3 intervalo(s) válidos (+10) | match por método débil (REF_LIKE) (+8) | asociación single (+12) | 51 meses de cobertura (+12) | coeficiente de variación 0.69 (+6) | hay estimación de cohorte disponible (+12) | hay datos de uso/contrato/horario (+8) | STABLE (+8) | estimación de tipo DIRECT_HISTORY_ENOUGH (+6) | n=3 intervalos (<10) (-10),163,877,,,,BAYESIAN_WEIBULL_GRID,0.79,
Linac-201110,CLÍNICA SANATORIO ALEMÁN (ONCORAD),4714201102,MAGNETRON MG5193,2020-07-31T13:01:00.000Z,2025-07-25T12:30:00.000Z,4,3,606.67,493.94,BAYESIAN_WEIBULL_GRID,DIRECT_HISTORY_ENOUGH,Suficiente historial propio (n=3 intervalos): se ajustó un Weibull bayesiano estable.,493.94,16.23,66.45,493.94,1571.25,66.45,1571.25,,,,4,3,0,0.74,,NO_DATA,,2026-12-01T11:03:36.000Z,DIRECT_HISTORY_ENOUGH,NO_MANUFACTURER_DATA,72,Media,3 intervalo(s) válidos (+10) | match exacto/alias (REF_EXACT) (+12) | asociación single (+12) | 60 meses de cobertura (+12) | coeficiente de variación 0.80 (+2) | hay estimación de cohorte disponible (+12) | hay datos de uso/contrato/horario (+8) | STABLE (+8) | estimación de tipo DIRECT_HISTORY_ENOUGH (+6) | n=3 intervalos (<10) (-10),"Grid 60x120 (shape x scale), 3 intervalo(s) usados, prior centrado en 499 días (moderate).",DIRECT_HISTORY_ENOUGH,72,Media,3 intervalo(s) válidos (+10) | match exacto/alias (REF_EXACT) (+12) | asociación single (+12) | 60 meses de cobertura (+12) | coeficiente de variación 0.80 (+2) | hay estimación de cohorte disponible (+12) | hay datos de uso/contrato/horario (+8) | STABLE (+8) | estimación de tipo DIRECT_HISTORY_ENOUGH (+6) | n=3 intervalos (<10) (-10),56,965,,,,BAYESIAN_WEIBULL_GRID,0,
Linac-151673,CLINICA ALEMANA DE SANTIAGO,1534958,Leaf motor spares kit,2020-09-05T14:00:44.379Z,2024-05-22T16:42:00.000Z,4,2,677.5,239.42857142857142,EMPIRICAL_BAYES_SHRINKAGE,LOW_N_SHRINKAGE,Combina 29% de historial propio (n=2) y 71% de historial de cohorte (same_client_same_part).,239.43,7.87,,239.42857142857142,,,,0.286,0.714,same_client_same_part,4,2,0,1.53,,NO_DATA,,2025-01-17T03:01:12.000Z,LOW_N_SHRINKAGE,NO_MANUFACTURER_DATA,48,Baja,2 intervalo(s) válidos (+5) | match exacto/alias (REF_EXACT) (+12) | asociación single (+12) | 45 meses de cobertura (+12) | coeficiente de variación 0.14 (+10) | hay estimación de cohorte disponible (+12) | hay datos de uso/contrato/horario (+8) | Weibull no evaluado (n insuficiente) (+4) | estimación de tipo LOW_N_SHRINKAGE (+3) | n=2 intervalos (<10) (-10) | n=2 intervalos (<3) (-20),,LOW_N_SHRINKAGE,48,Baja,2 intervalo(s) válidos (+5) | match exacto/alias (REF_EXACT) (+12) | asociación single (+12) | 45 meses de cobertura (+12) | coeficiente de variación 0.14 (+10) | hay estimación de cohorte disponible (+12) | hay datos de uso/contrato/horario (+8) | Weibull no evaluado (n insuficiente) (+4) | estimación de tipo LOW_N_SHRINKAGE (+3) | n=2 intervalos (<10) (-10) | n=2 intervalos (<3) (-20),612,743,,,,EMPIRICAL_BAYES_SHRINKAGE,0.53,
LINAC-153038,FUNDACION ARTURO LOPEZ PEREZ,1006737_usado,SIB PCB,2020-11-06T11:30:00.000Z,2023-02-02T12:29:00.000Z,4,3,272.67,146.52,BAYESIAN_WEIBULL_GRID,DIRECT_HISTORY_ENOUGH,Suficiente historial propio (n=3 intervalos): se ajustó un Weibull bayesiano estable.,146.52,4.81,8.65,146.52,833.74,8.65,833.74,,,,4,3,0,2.49,,NO_DATA,,2023-06-29T00:57:48.000Z,DIRECT_HISTORY_ENOUGH,NO_MANUFACTURER_DATA,68,Media,3 intervalo(s) válidos (+10) | match por método débil (REF_LIKE) (+8) | asociación single (+12) | 27 meses de cobertura (+12) | coeficiente de variación 0.86 (+2) | hay estimación de cohorte disponible (+12) | hay datos de uso/contrato/horario (+8) | STABLE (+8) | estimación de tipo DIRECT_HISTORY_ENOUGH (+6) | n=3 intervalos (<10) (-10),"Grid 60x120 (shape x scale), 3 intervalo(s) usados, prior centrado en 170 días (moderate).",DIRECT_HISTORY_ENOUGH,68,Media,3 intervalo(s) válidos (+10) | match por método débil (REF_LIKE) (+8) | asociación single (+12) | 27 meses de cobertura (+12) | coeficiente de variación 0.86 (+2) | hay estimación de cohorte disponible (+12) | hay datos de uso/contrato/horario (+8) | STABLE (+8) | estimación de tipo DIRECT_HISTORY_ENOUGH (+6) | n=3 intervalos (<10) (-10),2,426,,,,BAYESIAN_WEIBULL_GRID,0.19,
LINAC-153038,FUNDACION ARTURO LOPEZ PEREZ,1515098,ION PUMP - SPARE,2021-05-21T04:00:00.000Z,2023-10-30T13:00:00.000Z,4,3,297.33,257.54,BAYESIAN_WEIBULL_GRID,DIRECT_HISTORY_ENOUGH,Suficiente historial propio (n=3 intervalos): se ajustó un Weibull bayesiano estable.,257.54,8.46,37.47,257.54,801.81,37.47,801.81,,,,4,3,0,1.42,,NO_DATA,,2024-07-14T01:57:36.000Z,DIRECT_HISTORY_ENOUGH,NO_MANUFACTURER_DATA,72,Media,3 intervalo(s) válidos (+10) | match exacto/alias (REF_EXACT) (+12) | asociación single (+12) | 29 meses de cobertura (+12) | coeficiente de variación 1.02 (+2) | hay estimación de cohorte disponible (+12) | hay datos de uso/contrato/horario (+8) | STABLE (+8) | estimación de tipo DIRECT_HISTORY_ENOUGH (+6) | n=3 intervalos (<10) (-10),"Grid 60x120 (shape x scale), 3 intervalo(s) usados, prior centrado en 272 días (moderate).",DIRECT_HISTORY_ENOUGH,72,Media,3 intervalo(s) válidos (+10) | match exacto/alias (REF_EXACT) (+12) | asociación single (+12) | 29 meses de cobertura (+12) | coeficiente de variación 1.02 (+2) | hay estimación de cohorte disponible (+12) | hay datos de uso/contrato/horario (+8) | STABLE (+8) | estimación de tipo DIRECT_HISTORY_ENOUGH (+6) | n=3 intervalos (<10) (-10),89,647,,,,BAYESIAN_WEIBULL_GRID,0.8,
INC-INFINITY01,Instituto Nacional del Cáncer (INC),1018265_proveedor_local,"Proveedor Local, FRU MOTOR BRUSH SET (ELECTROCRAFT)",2022-08-02T22:40:00.000Z,2024-08-08T16:00:29.117Z,4,3,245.67,247.54,BAYESIAN_WEIBULL_GRID,DIRECT_HISTORY_ENOUGH,Suficiente historial propio (n=3 intervalos): se ajustó un Weibull bayesiano estable.,247.54,8.13,104.75,247.54,424.48,104.75,424.48,,,,4,3,0,1.48,,NO_DATA,,2025-04-13T04:58:05.117Z,DIRECT_HISTORY_ENOUGH,NO_MANUFACTURER_DATA,72,Media,3 intervalo(s) válidos (+10) | match por método débil (REF_LIKE) (+8) | asociación single (+12) | 24 meses de cobertura (+12) | coeficiente de variación 0.42 (+6) | hay estimación de cohorte disponible (+12) | hay datos de uso/contrato/horario (+8) | STABLE (+8) | estimación de tipo DIRECT_HISTORY_ENOUGH (+6) | n=3 intervalos (<10) (-10),"Grid 60x120 (shape x scale), 3 intervalo(s) usados, prior centrado en 253 días (moderate).",DIRECT_HISTORY_ENOUGH,72,Media,3 intervalo(s) válidos (+10) | match por método débil (REF_LIKE) (+8) | asociación single (+12) | 24 meses de cobertura (+12) | coeficiente de variación 0.42 (+6) | hay estimación de cohorte disponible (+12) | hay datos de uso/contrato/horario (+8) | STABLE (+8) | estimación de tipo DIRECT_HISTORY_ENOUGH (+6) | n=3 intervalos (<10) (-10),138,344,,,,BAYESIAN_WEIBULL_GRID,0.23,
Linac-151673,CLINICA ALEMANA DE SANTIAGO,1564298,Diaphragm/DLG PCB,2023-10-06T19:45:00.000Z,2024-06-27T11:00:00.000Z,4,3,88.33,87.24,BAYESIAN_WEIBULL_GRID,DIRECT_HISTORY_ENOUGH,Suficiente historial propio (n=3 intervalos): se ajustó un Weibull bayesiano estable.,87.24,2.87,18.48,87.24,227.14,18.48,227.14,,,,4,3,0,4.19,,NO_DATA,,2024-09-22T16:45:36.000Z,DIRECT_HISTORY_ENOUGH,NO_MANUFACTURER_DATA,64,Baja,3 intervalo(s) válidos (+10) | match exacto/alias (REF_EXACT) (+12) | asociación single (+12) | 9 meses de cobertura (+4) | coeficiente de variación 0.73 (+2) | hay estimación de cohorte disponible (+12) | hay datos de uso/contrato/horario (+8) | STABLE (+8) | estimación de tipo DIRECT_HISTORY_ENOUGH (+6) | n=3 intervalos (<10) (-10),"Grid 60x120 (shape x scale), 3 intervalo(s) usados, prior centrado en 131 días (moderate).",DIRECT_HISTORY_ENOUGH,64,Baja,3 intervalo(s) válidos (+10) | match exacto/alias (REF_EXACT) (+12) | asociación single (+12) | 9 meses de cobertura (+4) | coeficiente de variación 0.73 (+2) | hay estimación de cohorte disponible (+12) | hay datos de uso/contrato/horario (+8) | STABLE (+8) | estimación de tipo DIRECT_HISTORY_ENOUGH (+6) | n=3 intervalos (<10) (-10),16,138,,,,BAYESIAN_WEIBULL_GRID,0.19,
Linac-154325,HOSPITAL CARLOS VAN BUREN (SSVSA),1016476,Leaf motor spares kit,2024-01-22T03:00:00.000Z,2026-04-14T10:00:00.000Z,4,3,271.33,22,MEDIAN_INTERVAL,DIRECT_HISTORY_ENOUGH,"Suficiente historial propio (n=3), pero el ajuste Weibull no fue estable (posterior en el borde del grid) - se usa la mediana empírica.",22,0.72,10.8,22,631.6,10.8,631.6,,,,4,3,0,16.6,,NO_DATA,,2026-05-06T10:00:00.000Z,DIRECT_HISTORY_ENOUGH,NO_MANUFACTURER_DATA,68,Media,3 intervalo(s) válidos (+10) | match exacto/alias (REF_EXACT) (+12) | asociación single (+12) | 27 meses de cobertura (+12) | coeficiente de variación 1.64 (+2) | hay estimación de cohorte disponible (+12) | hay datos de uso/contrato/horario (+8) | Weibull no evaluado (n insuficiente) (+4) | estimación de tipo DIRECT_HISTORY_ENOUGH (+6) | n=3 intervalos (<10) (-10),,DIRECT_HISTORY_ENOUGH,68,Media,3 intervalo(s) válidos (+10) | match exacto/alias (REF_EXACT) (+12) | asociación single (+12) | 27 meses de cobertura (+12) | coeficiente de variación 1.64 (+2) | hay estimación de cohorte disponible (+12) | hay datos de uso/contrato/horario (+8) | Weibull no evaluado (n insuficiente) (+4) | estimación de tipo DIRECT_HISTORY_ENOUGH (+6) | n=3 intervalos (<10) (-10),8,784,,,,MEDIAN_INTERVAL,0.67,
Linac-109374,UC CHRISTUS - CECA,1534958,Leaf motor spares kit,2024-05-13T21:53:00.000Z,2026-06-27T17:25:00.000Z,4,3,258.33,107.79,BAYESIAN_WEIBULL_GRID,DIRECT_HISTORY_ENOUGH,Suficiente historial propio (n=3 intervalos): se ajustó un Weibull bayesiano estable.,107.79,3.54,6.06,107.79,612.75,6.06,612.75,,,,4,3,0,3.39,,NO_DATA,,2026-10-13T12:22:36.000Z,DIRECT_HISTORY_ENOUGH,NO_MANUFACTURER_DATA,72,Media,3 intervalo(s) válidos (+10) | match exacto/alias (REF_EXACT) (+12) | asociación single (+12) | 25 meses de cobertura (+12) | coeficiente de variación 1.44 (+2) | hay estimación de cohorte disponible (+12) | hay datos de uso/contrato/horario (+8) | STABLE (+8) | estimación de tipo DIRECT_HISTORY_ENOUGH (+6) | n=3 intervalos (<10) (-10),"Grid 60x120 (shape x scale), 3 intervalo(s) usados, prior centrado en 82 días (moderate).",DIRECT_HISTORY_ENOUGH,72,Media,3 intervalo(s) válidos (+10) | match exacto/alias (REF_EXACT) (+12) | asociación single (+12) | 25 meses de cobertura (+12) | coeficiente de variación 1.44 (+2) | hay estimación de cohorte disponible (+12) | hay datos de uso/contrato/horario (+8) | STABLE (+8) | estimación de tipo DIRECT_HISTORY_ENOUGH (+6) | n=3 intervalos (<10) (-10),18,687,,,,BAYESIAN_WEIBULL_GRID,0.63,
Linac-109374,UC CHRISTUS - CECA,1502613,Laser ODI Spares Kit,2024-05-17T20:39:00.000Z,2026-06-17T13:00:00.000Z,4,3,253.67,257.31,BAYESIAN_WEIBULL_GRID,DIRECT_HISTORY_ENOUGH,Suficiente historial propio (n=3 intervalos): se ajustó un Weibull bayesiano estable.,257.31,8.45,71.08,257.31,555.69,71.08,555.69,,,,4,3,0,1.42,,NO_DATA,,2027-03-01T20:26:24.000Z,DIRECT_HISTORY_ENOUGH,NO_MANUFACTURER_DATA,76,Media,3 intervalo(s) válidos (+10) | match exacto/alias (REF_EXACT) (+12) | asociación single (+12) | 25 meses de cobertura (+12) | coeficiente de variación 0.66 (+6) | hay estimación de cohorte disponible (+12) | hay datos de uso/contrato/horario (+8) | STABLE (+8) | estimación de tipo DIRECT_HISTORY_ENOUGH (+6) | n=3 intervalos (<10) (-10),"Grid 60x120 (shape x scale), 3 intervalo(s) usados, prior centrado en 304 días (moderate).",DIRECT_HISTORY_ENOUGH,76,Media,3 intervalo(s) válidos (+10) | match exacto/alias (REF_EXACT) (+12) | asociación single (+12) | 25 meses de cobertura (+12) | coeficiente de variación 0.66 (+6) | hay estimación de cohorte disponible (+12) | hay datos de uso/contrato/horario (+8) | STABLE (+8) | estimación de tipo DIRECT_HISTORY_ENOUGH (+6) | n=3 intervalos (<10) (-10),112,439,,,,BAYESIAN_WEIBULL_GRID,0.2,
Linac-109374,UC CHRISTUS - CECA,1564298,Diaphragm/DLG PCB,2024-06-24T23:26:00.000Z,2025-08-29T18:27:00.000Z,4,3,143.67,45,MEDIAN_INTERVAL,DIRECT_HISTORY_ENOUGH,"Suficiente historial propio (n=3), pero el ajuste Weibull no fue estable (posterior en el borde del grid) - se usa la mediana empírica.",45,1.48,9.8,45,317,9.8,317,,,,4,3,0,8.12,,NO_DATA,,2025-10-13T18:27:00.000Z,DIRECT_HISTORY_ENOUGH,NO_MANUFACTURER_DATA,64,Baja,3 intervalo(s) válidos (+10) | match exacto/alias (REF_EXACT) (+12) | asociación single (+12) | 14 meses de cobertura (+8) | coeficiente de variación 1.46 (+2) | hay estimación de cohorte disponible (+12) | hay datos de uso/contrato/horario (+8) | Weibull no evaluado (n insuficiente) (+4) | estimación de tipo DIRECT_HISTORY_ENOUGH (+6) | n=3 intervalos (<10) (-10),,DIRECT_HISTORY_ENOUGH,64,Baja,3 intervalo(s) válidos (+10) | match exacto/alias (REF_EXACT) (+12) | asociación single (+12) | 14 meses de cobertura (+8) | coeficiente de variación 1.46 (+2) | hay estimación de cohorte disponible (+12) | hay datos de uso/contrato/horario (+8) | Weibull no evaluado (n insuficiente) (+4) | estimación de tipo DIRECT_HISTORY_ENOUGH (+6) | n=3 intervalos (<10) (-10),1,385,,,,MEDIAN_INTERVAL,0.2,
INC-156473,Instituto Nacional del Cáncer (INC),1564298,Diaphragm/DLG PCB,2024-12-23T21:20:00.000Z,2026-06-05T21:04:00.000Z,4,3,176.33,172.52,BAYESIAN_WEIBULL_GRID,DIRECT_HISTORY_ENOUGH,Suficiente historial propio (n=3 intervalos): se ajustó un Weibull bayesiano estable.,172.52,5.67,41.67,172.52,395.72,41.67,395.72,,,,4,3,0,2.12,,NO_DATA,,2026-11-25T09:32:48.000Z,DIRECT_HISTORY_ENOUGH,NO_MANUFACTURER_DATA,68,Media,3 intervalo(s) válidos (+10) | match exacto/alias (REF_EXACT) (+12) | asociación single (+12) | 17 meses de cobertura (+8) | coeficiente de variación 0.73 (+2) | hay estimación de cohorte disponible (+12) | hay datos de uso/contrato/horario (+8) | STABLE (+8) | estimación de tipo DIRECT_HISTORY_ENOUGH (+6) | n=3 intervalos (<10) (-10),"Grid 60x120 (shape x scale), 3 intervalo(s) usados, prior centrado en 169 días (moderate).",DIRECT_HISTORY_ENOUGH,68,Media,3 intervalo(s) válidos (+10) | match exacto/alias (REF_EXACT) (+12) | asociación single (+12) | 17 meses de cobertura (+8) | coeficiente de variación 0.73 (+2) | hay estimación de cohorte disponible (+12) | hay datos de uso/contrato/horario (+8) | STABLE (+8) | estimación de tipo DIRECT_HISTORY_ENOUGH (+6) | n=3 intervalos (<10) (-10),88,325,,,,BAYESIAN_WEIBULL_GRID,0.23,
Linac-151673,CLINICA ALEMANA DE SANTIAGO,1016474_usado,"KIT, SPARES, DLG BRAKE",2019-04-12T19:00:42.452Z,2022-05-09T16:15:00.000Z,3,2,561.5,622.4357142857142,EMPIRICAL_BAYES_SHRINKAGE,LOW_N_SHRINKAGE,Combina 29% de historial propio (n=2) y 71% de historial de cohorte (same_client_same_part).,622.44,20.45,,622.4357142857142,,,,0.286,0.714,same_client_same_part,3,2,0,0.59,,NO_DATA,,2024-01-22T02:48:36.000Z,LOW_N_SHRINKAGE,NO_MANUFACTURER_DATA,36,Insuficiente,2 intervalo(s) válidos (+5) | match por método débil (REF_LIKE) (+8) | asociación single (+12) | 37 meses de cobertura (+12) | coeficiente de variación 0.75 (+2) | hay estimación de cohorte disponible (+12) | hay datos de uso/contrato/horario (+8) | Weibull no evaluado (n insuficiente) (+4) | estimación de tipo LOW_N_SHRINKAGE (+3) | n=2 intervalos (<10) (-10) | n=2 intervalos (<3) (-20),,LOW_N_SHRINKAGE,36,Insuficiente,2 intervalo(s) válidos (+5) | match por método débil (REF_LIKE) (+8) | asociación single (+12) | 37 meses de cobertura (+12) | coeficiente de variación 0.75 (+2) | hay estimación de cohorte disponible (+12) | hay datos de uso/contrato/horario (+8) | Weibull no evaluado (n insuficiente) (+4) | estimación de tipo LOW_N_SHRINKAGE (+3) | n=2 intervalos (<10) (-10) | n=2 intervalos (<3) (-20),264,859,,,,EMPIRICAL_BAYES_SHRINKAGE,0.1,
LINAC-153038,FUNDACION ARTURO LOPEZ PEREZ,1016476,Leaf motor spares kit,2019-06-12T15:30:25.140Z,2020-11-05T08:40:00.000Z,3,2,256,206.0285714285714,EMPIRICAL_BAYES_SHRINKAGE,LOW_N_SHRINKAGE,Combina 29% de historial propio (n=2) y 71% de historial de cohorte (same_client_same_part).,206.03,6.77,,206.0285714285714,,,,0.286,0.714,same_client_same_part,3,2,0,1.77,,NO_DATA,,2021-05-30T09:23:12.000Z,LOW_N_SHRINKAGE,NO_MANUFACTURER_DATA,36,Insuficiente,2 intervalo(s) válidos (+5) | match exacto/alias (REF_EXACT) (+12) | asociación single (+12) | 17 meses de cobertura (+8) | coeficiente de variación 1.12 (+2) | hay estimación de cohorte disponible (+12) | hay datos de uso/contrato/horario (+8) | Weibull no evaluado (n insuficiente) (+4) | estimación de tipo LOW_N_SHRINKAGE (+3) | n=2 intervalos (<10) (-10) | n=2 intervalos (<3) (-20),,LOW_N_SHRINKAGE,36,Insuficiente,2 intervalo(s) válidos (+5) | match exacto/alias (REF_EXACT) (+12) | asociación single (+12) | 17 meses de cobertura (+8) | coeficiente de variación 1.12 (+2) | hay estimación de cohorte disponible (+12) | hay datos de uso/contrato/horario (+8) | Weibull no evaluado (n insuficiente) (+4) | estimación de tipo LOW_N_SHRINKAGE (+3) | n=2 intervalos (<10) (-10) | n=2 intervalos (<3) (-20),54,458,,,,EMPIRICAL_BAYES_SHRINKAGE,0.6,
Linac-152171,CLINICA ALEMANA DE SANTIAGO,45133304800,SL ELECTRON GUN ASSY,2019-06-21T15:00:00.000Z,2023-09-29T18:00:00.000Z,3,2,780.5,599.6214285714286,EMPIRICAL_BAYES_SHRINKAGE,LOW_N_SHRINKAGE,Combina 29% de historial propio (n=2) y 71% de historial de cohorte (same_client_same_part).,599.62,19.7,,599.6214285714286,,,,0.286,0.714,same_client_same_part,3,2,0,0.61,,NO_DATA,,2025-05-21T08:52:48.000Z,LOW_N_SHRINKAGE,NO_MANUFACTURER_DATA,44,Baja,2 intervalo(s) válidos (+5) | match exacto/alias (REF_EXACT) (+12) | asociación single (+12) | 51 meses de cobertura (+12) | coeficiente de variación 0.46 (+6) | hay estimación de cohorte disponible (+12) | hay datos de uso/contrato/horario (+8) | Weibull no evaluado (n insuficiente) (+4) | estimación de tipo LOW_N_SHRINKAGE (+3) | n=2 intervalos (<10) (-10) | n=2 intervalos (<3) (-20),,LOW_N_SHRINKAGE,44,Baja,2 intervalo(s) válidos (+5) | match exacto/alias (REF_EXACT) (+12) | asociación single (+12) | 51 meses de cobertura (+12) | coeficiente de variación 0.46 (+6) | hay estimación de cohorte disponible (+12) | hay datos de uso/contrato/horario (+8) | Weibull no evaluado (n insuficiente) (+4) | estimación de tipo LOW_N_SHRINKAGE (+3) | n=2 intervalos (<10) (-10) | n=2 intervalos (<3) (-20),525,1036,,,,EMPIRICAL_BAYES_SHRINKAGE,0.29,
Linac-154325,HOSPITAL CARLOS VAN BUREN (SSVSA),1010848,"Mirror assembly, optics (Agility)",2019-05-31T19:30:00.000Z,2025-11-17T14:51:00.000Z,3,2,1181,757.4571428571428,EMPIRICAL_BAYES_SHRINKAGE,LOW_N_SHRINKAGE,Combina 29% de historial propio (n=2) y 71% de historial de cohorte (same_client_same_part).,757.46,24.88,,757.4571428571428,,,,0.286,0.714,same_client_same_part,3,2,0,0.48,,NO_DATA,,2027-12-15T01:53:24.000Z,LOW_N_SHRINKAGE,NO_MANUFACTURER_DATA,48,Baja,2 intervalo(s) válidos (+5) | match exacto/alias (REF_EXACT) (+12) | asociación single (+12) | 78 meses de cobertura (+12) | coeficiente de variación 0.06 (+10) | hay estimación de cohorte disponible (+12) | hay datos de uso/contrato/horario (+8) | Weibull no evaluado (n insuficiente) (+4) | estimación de tipo LOW_N_SHRINKAGE (+3) | n=2 intervalos (<10) (-10) | n=2 intervalos (<3) (-20),,LOW_N_SHRINKAGE,48,Baja,2 intervalo(s) válidos (+5) | match exacto/alias (REF_EXACT) (+12) | asociación single (+12) | 78 meses de cobertura (+12) | coeficiente de variación 0.06 (+10) | hay estimación de cohorte disponible (+12) | hay datos de uso/contrato/horario (+8) | Weibull no evaluado (n insuficiente) (+4) | estimación de tipo LOW_N_SHRINKAGE (+3) | n=2 intervalos (<10) (-10) | n=2 intervalos (<3) (-20),1133,1229,,,,EMPIRICAL_BAYES_SHRINKAGE,0.33,
APOTECA-CHEMO,FUNDACION ARTURO LOPEZ PEREZ,019149,Annual Maintenance Kit,2020-06-03T12:30:00.000Z,2025-06-06T18:30:00.000Z,3,2,914.5,727.8142857142857,EMPIRICAL_BAYES_SHRINKAGE,LOW_N_SHRINKAGE,Combina 29% de historial propio (n=2) y 71% de historial de cohorte (same_client_same_part).,727.81,23.91,,727.8142857142857,,,,0.286,0.714,same_client_same_part,3,2,0,0.5,,NO_DATA,,2027-06-04T13:56:24.000Z,LOW_N_SHRINKAGE,NO_MANUFACTURER_DATA,40,Baja,2 intervalo(s) válidos (+5) | match exacto/alias (REF_EXACT) (+12) | asociación single (+12) | 60 meses de cobertura (+12) | coeficiente de variación 0.81 (+2) | hay estimación de cohorte disponible (+12) | hay datos de uso/contrato/horario (+8) | Weibull no evaluado (n insuficiente) (+4) | estimación de tipo LOW_N_SHRINKAGE (+3) | n=2 intervalos (<10) (-10) | n=2 intervalos (<3) (-20),,LOW_N_SHRINKAGE,40,Baja,2 intervalo(s) válidos (+5) | match exacto/alias (REF_EXACT) (+12) | asociación single (+12) | 60 meses de cobertura (+12) | coeficiente de variación 0.81 (+2) | hay estimación de cohorte disponible (+12) | hay datos de uso/contrato/horario (+8) | Weibull no evaluado (n insuficiente) (+4) | estimación de tipo LOW_N_SHRINKAGE (+3) | n=2 intervalos (<10) (-10) | n=2 intervalos (<3) (-20),393,1436,,,,EMPIRICAL_BAYES_SHRINKAGE,0,
LINAC-153038,FUNDACION ARTURO LOPEZ PEREZ,1517657,"PCB ASSY, LEAF MOTOR DRIVE - 1 Only",2020-06-06T12:30:29.434Z,2023-05-05T11:00:00.000Z,3,2,531.5,383.5642857142857,EMPIRICAL_BAYES_SHRINKAGE,LOW_N_SHRINKAGE,Combina 29% de historial propio (n=2) y 71% de historial de cohorte (same_client_same_part).,383.56,12.6,,383.5642857142857,,,,0.286,0.714,same_client_same_part,3,2,0,0.95,,NO_DATA,,2024-05-23T00:26:24.000Z,LOW_N_SHRINKAGE,NO_MANUFACTURER_DATA,40,Baja,2 intervalo(s) válidos (+5) | match exacto/alias (REF_EXACT) (+12) | asociación single (+12) | 35 meses de cobertura (+12) | coeficiente de variación 1.15 (+2) | hay estimación de cohorte disponible (+12) | hay datos de uso/contrato/horario (+8) | Weibull no evaluado (n insuficiente) (+4) | estimación de tipo LOW_N_SHRINKAGE (+3) | n=2 intervalos (<10) (-10) | n=2 intervalos (<3) (-20),,LOW_N_SHRINKAGE,40,Baja,2 intervalo(s) válidos (+5) | match exacto/alias (REF_EXACT) (+12) | asociación single (+12) | 35 meses de cobertura (+12) | coeficiente de variación 1.15 (+2) | hay estimación de cohorte disponible (+12) | hay datos de uso/contrato/horario (+8) | Weibull no evaluado (n insuficiente) (+4) | estimación de tipo LOW_N_SHRINKAGE (+3) | n=2 intervalos (<10) (-10) | n=2 intervalos (<3) (-20),98,965,,,,EMPIRICAL_BAYES_SHRINKAGE,0.94,
LINAC-153038,FUNDACION ARTURO LOPEZ PEREZ,1511862,"Analog input, 12-bit (AI12) version 2",2020-07-18T13:00:00.000Z,2025-01-13T20:53:00.000Z,3,2,820,606.2714285714285,EMPIRICAL_BAYES_SHRINKAGE,LOW_N_SHRINKAGE,Combina 29% de historial propio (n=2) y 71% de historial de cohorte (same_client_same_part).,606.27,19.92,,606.2714285714285,,,,0.286,0.714,same_client_same_part,3,2,0,0.6,,NO_DATA,,2026-09-12T03:21:48.000Z,LOW_N_SHRINKAGE,NO_MANUFACTURER_DATA,48,Baja,2 intervalo(s) válidos (+5) | match exacto/alias (REF_EXACT) (+12) | asociación single (+12) | 54 meses de cobertura (+12) | coeficiente de variación 0.11 (+10) | hay estimación de cohorte disponible (+12) | hay datos de uso/contrato/horario (+8) | Weibull no evaluado (n insuficiente) (+4) | estimación de tipo LOW_N_SHRINKAGE (+3) | n=2 intervalos (<10) (-10) | n=2 intervalos (<3) (-20),,LOW_N_SHRINKAGE,48,Baja,2 intervalo(s) válidos (+5) | match exacto/alias (REF_EXACT) (+12) | asociación single (+12) | 54 meses de cobertura (+12) | coeficiente de variación 0.11 (+10) | hay estimación de cohorte disponible (+12) | hay datos de uso/contrato/horario (+8) | Weibull no evaluado (n insuficiente) (+4) | estimación de tipo LOW_N_SHRINKAGE (+3) | n=2 intervalos (<10) (-10) | n=2 intervalos (<3) (-20),755,885,,,,EMPIRICAL_BAYES_SHRINKAGE,0.56,
LINAC-153038,FUNDACION ARTURO LOPEZ PEREZ,1501074,DOSE B version 2,2020-09-08T23:20:00.000Z,2025-06-25T23:23:00.000Z,3,2,875.5,621.65,EMPIRICAL_BAYES_SHRINKAGE,LOW_N_SHRINKAGE,Combina 29% de historial propio (n=2) y 71% de historial de cohorte (same_client_same_part).,621.65,20.42,,621.65,,,,0.286,0.714,same_client_same_part,3,2,0,0.59,,NO_DATA,,2027-03-09T14:59:00.000Z,LOW_N_SHRINKAGE,NO_MANUFACTURER_DATA,48,Baja,2 intervalo(s) válidos (+5) | match exacto/alias (REF_EXACT) (+12) | asociación single (+12) | 58 meses de cobertura (+12) | coeficiente de variación 0.15 (+10) | hay estimación de cohorte disponible (+12) | hay datos de uso/contrato/horario (+8) | Weibull no evaluado (n insuficiente) (+4) | estimación de tipo LOW_N_SHRINKAGE (+3) | n=2 intervalos (<10) (-10) | n=2 intervalos (<3) (-20),,LOW_N_SHRINKAGE,48,Baja,2 intervalo(s) válidos (+5) | match exacto/alias (REF_EXACT) (+12) | asociación single (+12) | 58 meses de cobertura (+12) | coeficiente de variación 0.15 (+10) | hay estimación de cohorte disponible (+12) | hay datos de uso/contrato/horario (+8) | Weibull no evaluado (n insuficiente) (+4) | estimación de tipo LOW_N_SHRINKAGE (+3) | n=2 intervalos (<10) (-10) | n=2 intervalos (<3) (-20),785,966,,,,EMPIRICAL_BAYES_SHRINKAGE,1,
LINAC-153038,FUNDACION ARTURO LOPEZ PEREZ,1016474_usado,"KIT, SPARES, DLG BRAKE",2020-12-19T11:30:00.000Z,2021-07-31T13:00:00.000Z,3,2,112,217.35000000000002,EMPIRICAL_BAYES_SHRINKAGE,LOW_N_SHRINKAGE,Combina 29% de historial propio (n=2) y 71% de historial de cohorte (same_client_same_part).,217.35,7.14,,217.35000000000002,,,,0.286,0.714,same_client_same_part,3,2,0,1.68,,NO_DATA,,2022-03-05T21:24:00.000Z,LOW_N_SHRINKAGE,NO_MANUFACTURER_DATA,28,Insuficiente,2 intervalo(s) válidos (+5) | match por método débil (REF_LIKE) (+8) | asociación single (+12) | 7 meses de cobertura (+4) | coeficiente de variación 1.33 (+2) | hay estimación de cohorte disponible (+12) | hay datos de uso/contrato/horario (+8) | Weibull no evaluado (n insuficiente) (+4) | estimación de tipo LOW_N_SHRINKAGE (+3) | n=2 intervalos (<10) (-10) | n=2 intervalos (<3) (-20),,LOW_N_SHRINKAGE,28,Insuficiente,2 intervalo(s) válidos (+5) | match por método débil (REF_LIKE) (+8) | asociación single (+12) | 7 meses de cobertura (+4) | coeficiente de variación 1.33 (+2) | hay estimación de cohorte disponible (+12) | hay datos de uso/contrato/horario (+8) | Weibull no evaluado (n insuficiente) (+4) | estimación de tipo LOW_N_SHRINKAGE (+3) | n=2 intervalos (<10) (-10) | n=2 intervalos (<3) (-20),7,217,,,,EMPIRICAL_BAYES_SHRINKAGE,1,
Linac-154325,HOSPITAL CARLOS VAN BUREN (SSVSA),1502613,Laser ODI Spares Kit,2021-08-06T17:00:32.889Z,2025-09-25T21:54:00.000Z,3,2,755.5,549.6142857142856,EMPIRICAL_BAYES_SHRINKAGE,LOW_N_SHRINKAGE,Combina 29% de historial propio (n=2) y 71% de historial de cohorte (same_client_same_part).,549.61,18.06,,549.6142857142856,,,,0.286,0.714,same_client_same_part,3,2,0,0.66,,NO_DATA,,2027-03-29T12:32:24.000Z,LOW_N_SHRINKAGE,NO_MANUFACTURER_DATA,48,Baja,2 intervalo(s) válidos (+5) | match exacto/alias (REF_EXACT) (+12) | asociación single (+12) | 50 meses de cobertura (+12) | coeficiente de variación 0.09 (+10) | hay estimación de cohorte disponible (+12) | hay datos de uso/contrato/horario (+8) | Weibull no evaluado (n insuficiente) (+4) | estimación de tipo LOW_N_SHRINKAGE (+3) | n=2 intervalos (<10) (-10) | n=2 intervalos (<3) (-20),,LOW_N_SHRINKAGE,48,Baja,2 intervalo(s) válidos (+5) | match exacto/alias (REF_EXACT) (+12) | asociación single (+12) | 50 meses de cobertura (+12) | coeficiente de variación 0.09 (+10) | hay estimación de cohorte disponible (+12) | hay datos de uso/contrato/horario (+8) | Weibull no evaluado (n insuficiente) (+4) | estimación de tipo LOW_N_SHRINKAGE (+3) | n=2 intervalos (<10) (-10) | n=2 intervalos (<3) (-20),706,805,,,,EMPIRICAL_BAYES_SHRINKAGE,0.25,
Linac-152171,CLINICA ALEMANA DE SANTIAGO,1017632_usado,PCB ASSY CAMERA CCU,2021-10-12T14:30:00.000Z,2021-12-01T11:00:00.000Z,3,2,25,51.45,EMPIRICAL_BAYES_SHRINKAGE,LOW_N_SHRINKAGE,Combina 29% de historial propio (n=2) y 71% de historial de cohorte (same_client_same_part).,51.45,1.69,,51.45,,,,0.286,0.714,same_client_same_part,3,2,0,7.1,,NO_DATA,,2022-01-21T21:48:00.000Z,LOW_N_SHRINKAGE,NO_MANUFACTURER_DATA,28,Insuficiente,2 intervalo(s) válidos (+5) | match por método débil (REF_LIKE) (+8) | asociación single (+12) | 2 meses de cobertura (+4) | coeficiente de variación 0.91 (+2) | hay estimación de cohorte disponible (+12) | hay datos de uso/contrato/horario (+8) | Weibull no evaluado (n insuficiente) (+4) | estimación de tipo LOW_N_SHRINKAGE (+3) | n=2 intervalos (<10) (-10) | n=2 intervalos (<3) (-20),,LOW_N_SHRINKAGE,28,Insuficiente,2 intervalo(s) válidos (+5) | match por método débil (REF_LIKE) (+8) | asociación single (+12) | 2 meses de cobertura (+4) | coeficiente de variación 0.91 (+2) | hay estimación de cohorte disponible (+12) | hay datos de uso/contrato/horario (+8) | Weibull no evaluado (n insuficiente) (+4) | estimación de tipo LOW_N_SHRINKAGE (+3) | n=2 intervalos (<10) (-10) | n=2 intervalos (<3) (-20),9,41,,,,EMPIRICAL_BAYES_SHRINKAGE,0.23,
LINAC-153038,FUNDACION ARTURO LOPEZ PEREZ,1527814,"PSU, ION PUMP",2022-01-05T15:00:00.000Z,2023-09-02T13:00:00.000Z,3,2,302.5,393.4357142857143,EMPIRICAL_BAYES_SHRINKAGE,LOW_N_SHRINKAGE,Combina 29% de historial propio (n=2) y 71% de historial de cohorte (same_client_same_part).,393.44,12.92,,393.4357142857143,,,,0.286,0.714,same_client_same_part,3,2,0,0.93,,NO_DATA,,2024-09-29T23:33:36.000Z,LOW_N_SHRINKAGE,NO_MANUFACTURER_DATA,40,Baja,2 intervalo(s) válidos (+5) | match exacto/alias (REF_EXACT) (+12) | asociación single (+12) | 20 meses de cobertura (+8) | coeficiente de variación 0.54 (+6) | hay estimación de cohorte disponible (+12) | hay datos de uso/contrato/horario (+8) | Weibull no evaluado (n insuficiente) (+4) | estimación de tipo LOW_N_SHRINKAGE (+3) | n=2 intervalos (<10) (-10) | n=2 intervalos (<3) (-20),,LOW_N_SHRINKAGE,40,Baja,2 intervalo(s) válidos (+5) | match exacto/alias (REF_EXACT) (+12) | asociación single (+12) | 20 meses de cobertura (+8) | coeficiente de variación 0.54 (+6) | hay estimación de cohorte disponible (+12) | hay datos de uso/contrato/horario (+8) | Weibull no evaluado (n insuficiente) (+4) | estimación de tipo LOW_N_SHRINKAGE (+3) | n=2 intervalos (<10) (-10) | n=2 intervalos (<3) (-20),187,418,,,,EMPIRICAL_BAYES_SHRINKAGE,0.8,
INC-INFINITY01,Instituto Nacional del Cáncer (INC),1010848,"Mirror assembly, optics (Agility)",2022-04-13T23:37:00.000Z,2023-07-11T14:27:00.000Z,3,2,227,290.1928571428572,EMPIRICAL_BAYES_SHRINKAGE,LOW_N_SHRINKAGE,Combina 29% de historial propio (n=2) y 71% de historial de cohorte (same_client_same_part).,290.19,9.53,,290.1928571428572,,,,0.286,0.714,same_client_same_part,3,2,0,1.26,,NO_DATA,,2024-04-26T19:00:36.000Z,LOW_N_SHRINKAGE,NO_MANUFACTURER_DATA,36,Insuficiente,2 intervalo(s) válidos (+5) | match exacto/alias (REF_EXACT) (+12) | asociación single (+12) | 15 meses de cobertura (+8) | coeficiente de variación 0.93 (+2) | hay estimación de cohorte disponible (+12) | hay datos de uso/contrato/horario (+8) | Weibull no evaluado (n insuficiente) (+4) | estimación de tipo LOW_N_SHRINKAGE (+3) | n=2 intervalos (<10) (-10) | n=2 intervalos (<3) (-20),,LOW_N_SHRINKAGE,36,Insuficiente,2 intervalo(s) válidos (+5) | match exacto/alias (REF_EXACT) (+12) | asociación single (+12) | 15 meses de cobertura (+8) | coeficiente de variación 0.93 (+2) | hay estimación de cohorte disponible (+12) | hay datos de uso/contrato/horario (+8) | Weibull no evaluado (n insuficiente) (+4) | estimación de tipo LOW_N_SHRINKAGE (+3) | n=2 intervalos (<10) (-10) | n=2 intervalos (<3) (-20),78,376,,,,EMPIRICAL_BAYES_SHRINKAGE,0.26,
LINAC-153038,FUNDACION ARTURO LOPEZ PEREZ,1016478,"KIT, SPARES, LEAF MOULDED",2022-11-26T11:30:00.000Z,2023-05-27T13:00:00.000Z,3,2,91,114.37857142857143,EMPIRICAL_BAYES_SHRINKAGE,LOW_N_SHRINKAGE,Combina 29% de historial propio (n=2) y 71% de historial de cohorte (same_client_same_part).,114.38,3.76,,114.37857142857143,,,,0.286,0.714,same_client_same_part,3,2,0,3.19,,NO_DATA,,2023-09-18T22:07:12.000Z,LOW_N_SHRINKAGE,NO_MANUFACTURER_DATA,32,Insuficiente,2 intervalo(s) válidos (+5) | match exacto/alias (REF_EXACT) (+12) | asociación single (+12) | 6 meses de cobertura (+4) | coeficiente de variación 1.07 (+2) | hay estimación de cohorte disponible (+12) | hay datos de uso/contrato/horario (+8) | Weibull no evaluado (n insuficiente) (+4) | estimación de tipo LOW_N_SHRINKAGE (+3) | n=2 intervalos (<10) (-10) | n=2 intervalos (<3) (-20),,LOW_N_SHRINKAGE,32,Insuficiente,2 intervalo(s) válidos (+5) | match exacto/alias (REF_EXACT) (+12) | asociación single (+12) | 6 meses de cobertura (+4) | coeficiente de variación 1.07 (+2) | hay estimación de cohorte disponible (+12) | hay datos de uso/contrato/horario (+8) | Weibull no evaluado (n insuficiente) (+4) | estimación de tipo LOW_N_SHRINKAGE (+3) | n=2 intervalos (<10) (-10) | n=2 intervalos (<3) (-20),22,160,,,,EMPIRICAL_BAYES_SHRINKAGE,0.95,
HDR_10806,CLÍNICA SANATORIO ALEMÁN (ONCORAD),080140,Fiber optic for indexer,2023-07-05T21:00:00.000Z,2025-06-23T12:30:00.000Z,3,1,719,407.85833333333335,EMPIRICAL_BAYES_SHRINKAGE,LOW_N_SHRINKAGE,Combina 17% de historial propio (n=1) y 83% de historial de cohorte (same_client_same_part).,407.86,13.4,,407.85833333333335,,,,0.167,0.833,same_client_same_part,3,1,0,0.9,,NO_DATA,,2026-08-05T09:08:24.000Z,LOW_N_SHRINKAGE,NO_MANUFACTURER_DATA,34,Insuficiente,1 intervalo(s) válidos (+5) | match exacto/alias (REF_EXACT) (+12) | asociación single (+12) | 24 meses de cobertura (+8) | sin intervalos suficientes (+0) | hay estimación de cohorte disponible (+12) | hay datos de uso/contrato/horario (+8) | Weibull no evaluado (n insuficiente) (+4) | estimación de tipo LOW_N_SHRINKAGE (+3) | n=1 intervalos (<10) (-10) | n=1 intervalos (<3) (-20),,LOW_N_SHRINKAGE,34,Insuficiente,1 intervalo(s) válidos (+5) | match exacto/alias (REF_EXACT) (+12) | asociación single (+12) | 24 meses de cobertura (+8) | sin intervalos suficientes (+0) | hay estimación de cohorte disponible (+12) | hay datos de uso/contrato/horario (+8) | Weibull no evaluado (n insuficiente) (+4) | estimación de tipo LOW_N_SHRINKAGE (+3) | n=1 intervalos (<10) (-10) | n=1 intervalos (<3) (-20),719,719,,,,EMPIRICAL_BAYES_SHRINKAGE,0.2,
Linac-154325,HOSPITAL CARLOS VAN BUREN (SSVSA),4513316442301M,FILTER ELEMENT 5 MICRON,2023-07-28T20:24:00.000Z,2024-12-20T16:05:00.000Z,3,2,255.5,312.8,EMPIRICAL_BAYES_SHRINKAGE,LOW_N_SHRINKAGE,Combina 29% de historial propio (n=2) y 71% de historial de cohorte (same_client_same_part).,312.8,10.28,,312.8,,,,0.286,0.714,same_client_same_part,3,2,0,1.17,,NO_DATA,,2025-10-29T11:17:00.000Z,LOW_N_SHRINKAGE,NO_MANUFACTURER_DATA,40,Baja,2 intervalo(s) válidos (+5) | match exacto/alias (REF_EXACT) (+12) | asociación single (+12) | 17 meses de cobertura (+8) | coeficiente de variación 0.41 (+6) | hay estimación de cohorte disponible (+12) | hay datos de uso/contrato/horario (+8) | Weibull no evaluado (n insuficiente) (+4) | estimación de tipo LOW_N_SHRINKAGE (+3) | n=2 intervalos (<10) (-10) | n=2 intervalos (<3) (-20),,LOW_N_SHRINKAGE,40,Baja,2 intervalo(s) válidos (+5) | match exacto/alias (REF_EXACT) (+12) | asociación single (+12) | 17 meses de cobertura (+8) | coeficiente de variación 0.41 (+6) | hay estimación de cohorte disponible (+12) | hay datos de uso/contrato/horario (+8) | Weibull no evaluado (n insuficiente) (+4) | estimación de tipo LOW_N_SHRINKAGE (+3) | n=2 intervalos (<10) (-10) | n=2 intervalos (<3) (-20),181,330,,,,EMPIRICAL_BAYES_SHRINKAGE,0.06,
Linac-153935,UC CHRISTUS - CECA,1564298,Diaphragm/DLG PCB,2023-08-25T13:00:00.000Z,2025-08-20T01:09:00.000Z,3,2,362.5,190.85714285714286,EMPIRICAL_BAYES_SHRINKAGE,LOW_N_SHRINKAGE,Combina 29% de historial propio (n=2) y 71% de historial de cohorte (same_client_same_part).,190.86,6.27,,190.85714285714286,,,,0.286,0.714,same_client_same_part,3,2,0,1.91,,NO_DATA,,2026-02-26T21:47:24.000Z,LOW_N_SHRINKAGE,NO_MANUFACTURER_DATA,40,Baja,2 intervalo(s) válidos (+5) | match exacto/alias (REF_EXACT) (+12) | asociación single (+12) | 24 meses de cobertura (+8) | coeficiente de variación 0.65 (+6) | hay estimación de cohorte disponible (+12) | hay datos de uso/contrato/horario (+8) | Weibull no evaluado (n insuficiente) (+4) | estimación de tipo LOW_N_SHRINKAGE (+3) | n=2 intervalos (<10) (-10) | n=2 intervalos (<3) (-20),,LOW_N_SHRINKAGE,40,Baja,2 intervalo(s) válidos (+5) | match exacto/alias (REF_EXACT) (+12) | asociación single (+12) | 24 meses de cobertura (+8) | coeficiente de variación 0.65 (+6) | hay estimación de cohorte disponible (+12) | hay datos de uso/contrato/horario (+8) | Weibull no evaluado (n insuficiente) (+4) | estimación de tipo LOW_N_SHRINKAGE (+3) | n=2 intervalos (<10) (-10) | n=2 intervalos (<3) (-20),195,530,,,,EMPIRICAL_BAYES_SHRINKAGE,0.46,
Linac-152171,CLINICA ALEMANA DE SANTIAGO,4513316442301M,FILTER ELEMENT 5 MICRON,2023-09-22T19:00:00.000Z,2025-06-28T14:02:00.000Z,3,2,322.5,345.61428571428576,EMPIRICAL_BAYES_SHRINKAGE,LOW_N_SHRINKAGE,Combina 29% de historial propio (n=2) y 71% de historial de cohorte (same_client_same_part).,345.61,11.35,,345.61428571428576,,,,0.286,0.714,same_client_same_part,3,2,0,1.06,,NO_DATA,,2026-06-09T04:40:24.000Z,LOW_N_SHRINKAGE,NO_MANUFACTURER_DATA,36,Insuficiente,2 intervalo(s) válidos (+5) | match exacto/alias (REF_EXACT) (+12) | asociación single (+12) | 21 meses de cobertura (+8) | coeficiente de variación 0.77 (+2) | hay estimación de cohorte disponible (+12) | hay datos de uso/contrato/horario (+8) | Weibull no evaluado (n insuficiente) (+4) | estimación de tipo LOW_N_SHRINKAGE (+3) | n=2 intervalos (<10) (-10) | n=2 intervalos (<3) (-20),,LOW_N_SHRINKAGE,36,Insuficiente,2 intervalo(s) válidos (+5) | match exacto/alias (REF_EXACT) (+12) | asociación single (+12) | 21 meses de cobertura (+8) | coeficiente de variación 0.77 (+2) | hay estimación de cohorte disponible (+12) | hay datos de uso/contrato/horario (+8) | Weibull no evaluado (n insuficiente) (+4) | estimación de tipo LOW_N_SHRINKAGE (+3) | n=2 intervalos (<10) (-10) | n=2 intervalos (<3) (-20),147,498,,,,EMPIRICAL_BAYES_SHRINKAGE,0.64,
Linac-154325,HOSPITAL CARLOS VAN BUREN (SSVSA),1541744,"FRU KIT, HAND HELD CONTROLLER",2024-01-22T03:00:00.000Z,2024-08-28T22:00:00.000Z,3,2,109.5,119.07142857142858,EMPIRICAL_BAYES_SHRINKAGE,LOW_N_SHRINKAGE,Combina 29% de historial propio (n=2) y 71% de historial de cohorte (same_client_same_part).,119.07,3.91,,119.07142857142858,,,,0.286,0.714,same_client_same_part,3,2,0,3.07,,NO_DATA,,2024-12-25T23:40:48.000Z,LOW_N_SHRINKAGE,NO_MANUFACTURER_DATA,40,Baja,2 intervalo(s) válidos (+5) | match exacto/alias (REF_EXACT) (+12) | asociación single (+12) | 7 meses de cobertura (+4) | coeficiente de variación 0.24 (+10) | hay estimación de cohorte disponible (+12) | hay datos de uso/contrato/horario (+8) | Weibull no evaluado (n insuficiente) (+4) | estimación de tipo LOW_N_SHRINKAGE (+3) | n=2 intervalos (<10) (-10) | n=2 intervalos (<3) (-20),,LOW_N_SHRINKAGE,40,Baja,2 intervalo(s) válidos (+5) | match exacto/alias (REF_EXACT) (+12) | asociación single (+12) | 7 meses de cobertura (+4) | coeficiente de variación 0.24 (+10) | hay estimación de cohorte disponible (+12) | hay datos de uso/contrato/horario (+8) | Weibull no evaluado (n insuficiente) (+4) | estimación de tipo LOW_N_SHRINKAGE (+3) | n=2 intervalos (<10) (-10) | n=2 intervalos (<3) (-20),91,128,,,,EMPIRICAL_BAYES_SHRINKAGE,1,
Linac-154325,HOSPITAL CARLOS VAN BUREN (SSVSA),1515098,ION PUMP - SPARE,2024-01-22T03:00:00.000Z,2025-03-15T22:44:00.000Z,3,2,209.5,281.90714285714284,EMPIRICAL_BAYES_SHRINKAGE,LOW_N_SHRINKAGE,Combina 29% de historial propio (n=2) y 71% de historial de cohorte (same_client_same_part).,281.91,9.26,,281.90714285714284,,,,0.286,0.714,same_client_same_part,3,2,0,1.3,,NO_DATA,,2025-12-22T20:34:24.000Z,LOW_N_SHRINKAGE,NO_MANUFACTURER_DATA,40,Baja,2 intervalo(s) válidos (+5) | match exacto/alias (REF_EXACT) (+12) | asociación single (+12) | 14 meses de cobertura (+8) | coeficiente de variación 0.68 (+6) | hay estimación de cohorte disponible (+12) | hay datos de uso/contrato/horario (+8) | Weibull no evaluado (n insuficiente) (+4) | estimación de tipo LOW_N_SHRINKAGE (+3) | n=2 intervalos (<10) (-10) | n=2 intervalos (<3) (-20),,LOW_N_SHRINKAGE,40,Baja,2 intervalo(s) válidos (+5) | match exacto/alias (REF_EXACT) (+12) | asociación single (+12) | 14 meses de cobertura (+8) | coeficiente de variación 0.68 (+6) | hay estimación de cohorte disponible (+12) | hay datos de uso/contrato/horario (+8) | Weibull no evaluado (n insuficiente) (+4) | estimación de tipo LOW_N_SHRINKAGE (+3) | n=2 intervalos (<10) (-10) | n=2 intervalos (<3) (-20),109,310,,,,EMPIRICAL_BAYES_SHRINKAGE,0.67,
Linac-154325,HOSPITAL CARLOS VAN BUREN (SSVSA),1564298,Diaphragm/DLG PCB,2024-01-22T03:00:00.000Z,2025-11-17T14:51:00.000Z,3,2,332.5,236.27142857142857,EMPIRICAL_BAYES_SHRINKAGE,LOW_N_SHRINKAGE,Combina 29% de historial propio (n=2) y 71% de historial de cohorte (same_client_same_part).,236.27,7.76,,236.27142857142857,,,,0.286,0.714,same_client_same_part,3,2,0,1.55,,NO_DATA,,2026-07-11T21:19:48.000Z,LOW_N_SHRINKAGE,NO_MANUFACTURER_DATA,40,Baja,2 intervalo(s) válidos (+5) | match exacto/alias (REF_EXACT) (+12) | asociación single (+12) | 22 meses de cobertura (+8) | coeficiente de variación 0.41 (+6) | hay estimación de cohorte disponible (+12) | hay datos de uso/contrato/horario (+8) | Weibull no evaluado (n insuficiente) (+4) | estimación de tipo LOW_N_SHRINKAGE (+3) | n=2 intervalos (<10) (-10) | n=2 intervalos (<3) (-20),,LOW_N_SHRINKAGE,40,Baja,2 intervalo(s) válidos (+5) | match exacto/alias (REF_EXACT) (+12) | asociación single (+12) | 22 meses de cobertura (+8) | coeficiente de variación 0.41 (+6) | hay estimación de cohorte disponible (+12) | hay datos de uso/contrato/horario (+8) | Weibull no evaluado (n insuficiente) (+4) | estimación de tipo LOW_N_SHRINKAGE (+3) | n=2 intervalos (<10) (-10) | n=2 intervalos (<3) (-20),235,430,,,,EMPIRICAL_BAYES_SHRINKAGE,0.63,
Linac-109374,UC CHRISTUS - CECA,1024939,"ASSY, 40X40X10MM FAN, HEATSINK",2024-04-30T17:00:00.000Z,2026-02-26T11:06:00.000Z,3,2,333.5,338.49285714285713,EMPIRICAL_BAYES_SHRINKAGE,LOW_N_SHRINKAGE,Combina 29% de historial propio (n=2) y 71% de historial de cohorte (same_client_same_part).,338.49,11.12,,338.49285714285713,,,,0.286,0.714,same_client_same_part,3,2,0,1.08,,NO_DATA,,2027-01-30T22:51:36.000Z,LOW_N_SHRINKAGE,NO_MANUFACTURER_DATA,44,Baja,2 intervalo(s) válidos (+5) | match exacto/alias (REF_EXACT) (+12) | asociación single (+12) | 22 meses de cobertura (+8) | coeficiente de variación 0.05 (+10) | hay estimación de cohorte disponible (+12) | hay datos de uso/contrato/horario (+8) | Weibull no evaluado (n insuficiente) (+4) | estimación de tipo LOW_N_SHRINKAGE (+3) | n=2 intervalos (<10) (-10) | n=2 intervalos (<3) (-20),,LOW_N_SHRINKAGE,44,Baja,2 intervalo(s) válidos (+5) | match exacto/alias (REF_EXACT) (+12) | asociación single (+12) | 22 meses de cobertura (+8) | coeficiente de variación 0.05 (+10) | hay estimación de cohorte disponible (+12) | hay datos de uso/contrato/horario (+8) | Weibull no evaluado (n insuficiente) (+4) | estimación de tipo LOW_N_SHRINKAGE (+3) | n=2 intervalos (<10) (-10) | n=2 intervalos (<3) (-20),321,346,,,,EMPIRICAL_BAYES_SHRINKAGE,0.25,
Linac-109374,UC CHRISTUS - CECA,1565768,"(CCU) PCB ASSY, CAM CID8726DX9 AGI",2024-05-17T20:39:00.000Z,2026-06-30T20:03:00.000Z,3,2,387,272.5785714285714,EMPIRICAL_BAYES_SHRINKAGE,LOW_N_SHRINKAGE,Combina 29% de historial propio (n=2) y 71% de historial de cohorte (same_client_same_part).,272.58,8.95,,272.5785714285714,,,,0.286,0.714,same_client_same_part,3,2,0,1.34,,NO_DATA,,2027-03-30T09:58:12.000Z,LOW_N_SHRINKAGE,NO_MANUFACTURER_DATA,40,Baja,2 intervalo(s) válidos (+5) | match exacto/alias (REF_EXACT) (+12) | asociación single (+12) | 25 meses de cobertura (+12) | coeficiente de variación 1.29 (+2) | hay estimación de cohorte disponible (+12) | hay datos de uso/contrato/horario (+8) | Weibull no evaluado (n insuficiente) (+4) | estimación de tipo LOW_N_SHRINKAGE (+3) | n=2 intervalos (<10) (-10) | n=2 intervalos (<3) (-20),,LOW_N_SHRINKAGE,40,Baja,2 intervalo(s) válidos (+5) | match exacto/alias (REF_EXACT) (+12) | asociación single (+12) | 25 meses de cobertura (+12) | coeficiente de variación 1.29 (+2) | hay estimación de cohorte disponible (+12) | hay datos de uso/contrato/horario (+8) | Weibull no evaluado (n insuficiente) (+4) | estimación de tipo LOW_N_SHRINKAGE (+3) | n=2 intervalos (<10) (-10) | n=2 intervalos (<3) (-20),33,741,,,,EMPIRICAL_BAYES_SHRINKAGE,0.03,
Linac-109374,UC CHRISTUS - CECA,1556287,"KIT, SPARES, DIAPHRAGM BRAKE",2024-06-25T16:25:00.000Z,2024-10-04T19:42:00.000Z,3,2,50.5,116.47857142857144,EMPIRICAL_BAYES_SHRINKAGE,LOW_N_SHRINKAGE,Combina 29% de historial propio (n=2) y 71% de historial de cohorte (same_client_same_part).,116.48,3.83,,116.47857142857144,,,,0.286,0.714,same_client_same_part,3,2,0,3.14,,NO_DATA,,2025-01-29T07:13:12.000Z,LOW_N_SHRINKAGE,NO_MANUFACTURER_DATA,36,Insuficiente,2 intervalo(s) válidos (+5) | match exacto/alias (REF_EXACT) (+12) | asociación single (+12) | 3 meses de cobertura (+4) | coeficiente de variación 0.55 (+6) | hay estimación de cohorte disponible (+12) | hay datos de uso/contrato/horario (+8) | Weibull no evaluado (n insuficiente) (+4) | estimación de tipo LOW_N_SHRINKAGE (+3) | n=2 intervalos (<10) (-10) | n=2 intervalos (<3) (-20),,LOW_N_SHRINKAGE,36,Insuficiente,2 intervalo(s) válidos (+5) | match exacto/alias (REF_EXACT) (+12) | asociación single (+12) | 3 meses de cobertura (+4) | coeficiente de variación 0.55 (+6) | hay estimación de cohorte disponible (+12) | hay datos de uso/contrato/horario (+8) | Weibull no evaluado (n insuficiente) (+4) | estimación de tipo LOW_N_SHRINKAGE (+3) | n=2 intervalos (<10) (-10) | n=2 intervalos (<3) (-20),31,70,,,,EMPIRICAL_BAYES_SHRINKAGE,0.31,
Linac-152171,CLINICA ALEMANA DE SANTIAGO,1564169,"Kit, Luminus proj assy and PCB assy, LED control",2024-12-07T22:43:00.000Z,2026-05-16T15:44:00.000Z,3,2,262.5,188.5,EMPIRICAL_BAYES_SHRINKAGE,LOW_N_SHRINKAGE,Combina 29% de historial propio (n=2) y 71% de historial de cohorte (same_client_same_part).,188.5,6.19,,188.5,,,,0.286,0.714,same_client_same_part,3,2,0,1.94,,NO_DATA,,2026-11-21T03:44:00.000Z,LOW_N_SHRINKAGE,NO_MANUFACTURER_DATA,36,Insuficiente,2 intervalo(s) válidos (+5) | match exacto/alias (REF_EXACT) (+12) | asociación single (+12) | 17 meses de cobertura (+8) | coeficiente de variación 0.98 (+2) | hay estimación de cohorte disponible (+12) | hay datos de uso/contrato/horario (+8) | Weibull no evaluado (n insuficiente) (+4) | estimación de tipo LOW_N_SHRINKAGE (+3) | n=2 intervalos (<10) (-10) | n=2 intervalos (<3) (-20),,LOW_N_SHRINKAGE,36,Insuficiente,2 intervalo(s) válidos (+5) | match exacto/alias (REF_EXACT) (+12) | asociación single (+12) | 17 meses de cobertura (+8) | coeficiente de variación 0.98 (+2) | hay estimación de cohorte disponible (+12) | hay datos de uso/contrato/horario (+8) | Weibull no evaluado (n insuficiente) (+4) | estimación de tipo LOW_N_SHRINKAGE (+3) | n=2 intervalos (<10) (-10) | n=2 intervalos (<3) (-20),80,445,,,,EMPIRICAL_BAYES_SHRINKAGE,0.83,
Linac-153935,UC CHRISTUS - CECA,1010848,"Mirror assembly, optics (Agility)",2025-02-05T00:37:00.000Z,2025-06-14T00:00:00.000Z,3,2,64.5,210.6,EMPIRICAL_BAYES_SHRINKAGE,LOW_N_SHRINKAGE,Combina 29% de historial propio (n=2) y 71% de historial de cohorte (same_client_same_part).,210.6,6.92,,210.6,,,,0.286,0.714,same_client_same_part,3,2,0,1.73,,NO_DATA,,2026-01-10T14:24:00.000Z,LOW_N_SHRINKAGE,NO_MANUFACTURER_DATA,40,Baja,2 intervalo(s) válidos (+5) | match exacto/alias (REF_EXACT) (+12) | asociación single (+12) | 4 meses de cobertura (+4) | coeficiente de variación 0.01 (+10) | hay estimación de cohorte disponible (+12) | hay datos de uso/contrato/horario (+8) | Weibull no evaluado (n insuficiente) (+4) | estimación de tipo LOW_N_SHRINKAGE (+3) | n=2 intervalos (<10) (-10) | n=2 intervalos (<3) (-20),,LOW_N_SHRINKAGE,40,Baja,2 intervalo(s) válidos (+5) | match exacto/alias (REF_EXACT) (+12) | asociación single (+12) | 4 meses de cobertura (+4) | coeficiente de variación 0.01 (+10) | hay estimación de cohorte disponible (+12) | hay datos de uso/contrato/horario (+8) | Weibull no evaluado (n insuficiente) (+4) | estimación de tipo LOW_N_SHRINKAGE (+3) | n=2 intervalos (<10) (-10) | n=2 intervalos (<3) (-20),64,65,,,,EMPIRICAL_BAYES_SHRINKAGE,0.75,
Linac-156187,RADIO ONCOLOGÍA DEL SUR,1502613,Laser ODI Spares Kit,2025-02-07T11:30:00.000Z,2026-06-11T19:30:00.000Z,3,2,244.5,299.3285714285714,EMPIRICAL_BAYES_SHRINKAGE,LOW_N_SHRINKAGE,Combina 29% de historial propio (n=2) y 71% de historial de cohorte (same_client_same_part).,299.33,9.83,,299.3285714285714,,,,0.286,0.714,same_client_same_part,3,2,0,1.22,,NO_DATA,,2027-04-07T03:25:12.000Z,LOW_N_SHRINKAGE,NO_MANUFACTURER_DATA,44,Baja,2 intervalo(s) válidos (+5) | match exacto/alias (REF_EXACT) (+12) | asociación single (+12) | 16 meses de cobertura (+8) | coeficiente de variación 0.30 (+10) | hay estimación de cohorte disponible (+12) | hay datos de uso/contrato/horario (+8) | Weibull no evaluado (n insuficiente) (+4) | estimación de tipo LOW_N_SHRINKAGE (+3) | n=2 intervalos (<10) (-10) | n=2 intervalos (<3) (-20),,LOW_N_SHRINKAGE,44,Baja,2 intervalo(s) válidos (+5) | match exacto/alias (REF_EXACT) (+12) | asociación single (+12) | 16 meses de cobertura (+8) | coeficiente de variación 0.30 (+10) | hay estimación de cohorte disponible (+12) | hay datos de uso/contrato/horario (+8) | Weibull no evaluado (n insuficiente) (+4) | estimación de tipo LOW_N_SHRINKAGE (+3) | n=2 intervalos (<10) (-10) | n=2 intervalos (<3) (-20),193,296,,,,EMPIRICAL_BAYES_SHRINKAGE,0.23,
Linac-153935,UC CHRISTUS - CECA,1017632_usado,PCB ASSY CAMERA CCU,2021-02-10T11:00:00.000Z,2021-10-08T10:30:00.000Z,2,1,240,126.69166666666668,EMPIRICAL_BAYES_SHRINKAGE,LOW_N_SHRINKAGE,Combina 17% de historial propio (n=1) y 83% de historial de cohorte (same_client_same_part).,126.69,4.16,,126.69166666666668,,,,0.167,0.833,same_client_same_part,2,1,0,2.88,,NO_DATA,,2022-02-12T03:03:36.000Z,LOW_N_SHRINKAGE,NO_MANUFACTURER_DATA,26,Insuficiente,1 intervalo(s) válidos (+5) | match por método débil (REF_LIKE) (+8) | asociación single (+12) | 8 meses de cobertura (+4) | sin intervalos suficientes (+0) | hay estimación de cohorte disponible (+12) | hay datos de uso/contrato/horario (+8) | Weibull no evaluado (n insuficiente) (+4) | estimación de tipo LOW_N_SHRINKAGE (+3) | n=1 intervalos (<10) (-10) | n=1 intervalos (<3) (-20),,LOW_N_SHRINKAGE,26,Insuficiente,1 intervalo(s) válidos (+5) | match por método débil (REF_LIKE) (+8) | asociación single (+12) | 8 meses de cobertura (+4) | sin intervalos suficientes (+0) | hay estimación de cohorte disponible (+12) | hay datos de uso/contrato/horario (+8) | Weibull no evaluado (n insuficiente) (+4) | estimación de tipo LOW_N_SHRINKAGE (+3) | n=1 intervalos (<10) (-10) | n=1 intervalos (<3) (-20),240,240,,,,EMPIRICAL_BAYES_SHRINKAGE,0.23,
TPS-FALP,FUNDACION ARTURO LOPEZ PEREZ,653950,HP 146GB 15K 6G SFF SAS SC HDD,2018-11-24T11:00:00.000Z,2018-12-15T13:00:46.951Z,2,1,21,73.48333333333333,EMPIRICAL_BAYES_SHRINKAGE,LOW_N_SHRINKAGE,Combina 17% de historial propio (n=1) y 83% de historial de cohorte (same_client_same_part).,73.48,2.41,,73.48333333333333,,,,0.167,0.833,same_client_same_part,2,1,0,4.97,,NO_DATA,,2019-02-27T00:31:58.951Z,LOW_N_SHRINKAGE,NO_MANUFACTURER_DATA,26,Insuficiente,1 intervalo(s) válidos (+5) | match por método débil (REF_LIKE) (+8) | asociación single (+12) | 1 meses de cobertura (+4) | sin intervalos suficientes (+0) | hay estimación de cohorte disponible (+12) | hay datos de uso/contrato/horario (+8) | Weibull no evaluado (n insuficiente) (+4) | estimación de tipo LOW_N_SHRINKAGE (+3) | n=1 intervalos (<10) (-10) | n=1 intervalos (<3) (-20),,LOW_N_SHRINKAGE,26,Insuficiente,1 intervalo(s) válidos (+5) | match por método débil (REF_LIKE) (+8) | asociación single (+12) | 1 meses de cobertura (+4) | sin intervalos suficientes (+0) | hay estimación de cohorte disponible (+12) | hay datos de uso/contrato/horario (+8) | Weibull no evaluado (n insuficiente) (+4) | estimación de tipo LOW_N_SHRINKAGE (+3) | n=1 intervalos (<10) (-10) | n=1 intervalos (<3) (-20),21,21,,,,EMPIRICAL_BAYES_SHRINKAGE,1,
Linac-201110,CLÍNICA SANATORIO ALEMÁN (ONCORAD),923931518204,AMPOLLETA MLC TYPE 13289,2019-01-16T14:30:53.297Z,2019-02-25T19:50:00.000Z,2,1,40,190.85833333333332,EMPIRICAL_BAYES_SHRINKAGE,LOW_N_SHRINKAGE,Combina 17% de historial propio (n=1) y 83% de historial de cohorte (same_client_same_part).,190.86,6.27,,190.85833333333332,,,,0.167,0.833,same_client_same_part,2,1,0,1.91,,NO_DATA,,2019-09-04T16:28:24.000Z,LOW_N_SHRINKAGE,NO_MANUFACTURER_DATA,30,Insuficiente,1 intervalo(s) válidos (+5) | match exacto/alias (REF_NORMALIZED_EXACT) (+12) | asociación single (+12) | 1 meses de cobertura (+4) | sin intervalos suficientes (+0) | hay estimación de cohorte disponible (+12) | hay datos de uso/contrato/horario (+8) | Weibull no evaluado (n insuficiente) (+4) | estimación de tipo LOW_N_SHRINKAGE (+3) | n=1 intervalos (<10) (-10) | n=1 intervalos (<3) (-20),,LOW_N_SHRINKAGE,30,Insuficiente,1 intervalo(s) válidos (+5) | match exacto/alias (REF_NORMALIZED_EXACT) (+12) | asociación single (+12) | 1 meses de cobertura (+4) | sin intervalos suficientes (+0) | hay estimación de cohorte disponible (+12) | hay datos de uso/contrato/horario (+8) | Weibull no evaluado (n insuficiente) (+4) | estimación de tipo LOW_N_SHRINKAGE (+3) | n=1 intervalos (<10) (-10) | n=1 intervalos (<3) (-20),40,40,,,,EMPIRICAL_BAYES_SHRINKAGE,0.08,
Linac-152171,CLINICA ALEMANA DE SANTIAGO,45133165177,THYRATRON e2v CX1154L,2019-02-22T16:00:00.000Z,2024-11-25T15:23:00.000Z,2,1,2103,815.625,EMPIRICAL_BAYES_SHRINKAGE,LOW_N_SHRINKAGE,Combina 17% de historial propio (n=1) y 83% de historial de cohorte (same_client_same_part).,815.63,26.79,,815.625,,,,0.167,0.833,same_client_same_part,2,1,0,0.45,,NO_DATA,,2027-02-19T06:30:12.000Z,LOW_N_SHRINKAGE,NO_MANUFACTURER_DATA,38,Insuficiente,1 intervalo(s) válidos (+5) | match exacto/alias (REF_EXACT) (+12) | asociación single (+12) | 69 meses de cobertura (+12) | sin intervalos suficientes (+0) | hay estimación de cohorte disponible (+12) | hay datos de uso/contrato/horario (+8) | Weibull no evaluado (n insuficiente) (+4) | estimación de tipo LOW_N_SHRINKAGE (+3) | n=1 intervalos (<10) (-10) | n=1 intervalos (<3) (-20),,LOW_N_SHRINKAGE,38,Insuficiente,1 intervalo(s) válidos (+5) | match exacto/alias (REF_EXACT) (+12) | asociación single (+12) | 69 meses de cobertura (+12) | sin intervalos suficientes (+0) | hay estimación de cohorte disponible (+12) | hay datos de uso/contrato/horario (+8) | Weibull no evaluado (n insuficiente) (+4) | estimación de tipo LOW_N_SHRINKAGE (+3) | n=1 intervalos (<10) (-10) | n=1 intervalos (<3) (-20),2103,2103,,,,EMPIRICAL_BAYES_SHRINKAGE,0.06,
Linac-105277,TORRE MÉDICA - RANCAGUA,1018874,"Diode, SI 1N416CM-D023",2019-02-11T13:30:00.000Z,2021-08-03T15:00:00.000Z,2,1,904,655.8166666666666,EMPIRICAL_BAYES_SHRINKAGE,LOW_N_SHRINKAGE,Combina 17% de historial propio (n=1) y 83% de historial de cohorte (same_client_same_part).,655.82,21.54,,655.8166666666666,,,,0.167,0.833,same_client_same_part,2,1,0,0.56,,NO_DATA,,2023-05-21T10:40:48.000Z,LOW_N_SHRINKAGE,NO_MANUFACTURER_DATA,38,Insuficiente,1 intervalo(s) válidos (+5) | match exacto/alias (REF_EXACT) (+12) | asociación single (+12) | 30 meses de cobertura (+12) | sin intervalos suficientes (+0) | hay estimación de cohorte disponible (+12) | hay datos de uso/contrato/horario (+8) | Weibull no evaluado (n insuficiente) (+4) | estimación de tipo LOW_N_SHRINKAGE (+3) | n=1 intervalos (<10) (-10) | n=1 intervalos (<3) (-20),,LOW_N_SHRINKAGE,38,Insuficiente,1 intervalo(s) válidos (+5) | match exacto/alias (REF_EXACT) (+12) | asociación single (+12) | 30 meses de cobertura (+12) | sin intervalos suficientes (+0) | hay estimación de cohorte disponible (+12) | hay datos de uso/contrato/horario (+8) | Weibull no evaluado (n insuficiente) (+4) | estimación de tipo LOW_N_SHRINKAGE (+3) | n=1 intervalos (<10) (-10) | n=1 intervalos (<3) (-20),904,904,,,,EMPIRICAL_BAYES_SHRINKAGE,0,
Linac-152171,CLINICA ALEMANA DE SANTIAGO,1016474_usado,"KIT, SPARES, DLG BRAKE",2019-02-12T16:30:55.811Z,2021-08-18T21:00:00.000Z,2,1,918,692.0083333333333,EMPIRICAL_BAYES_SHRINKAGE,LOW_N_SHRINKAGE,Combina 17% de historial propio (n=1) y 83% de historial de cohorte (same_client_same_part).,692.01,22.73,,692.0083333333333,,,,0.167,0.833,same_client_same_part,2,1,0,0.53,,NO_DATA,,2023-07-11T21:14:24.000Z,LOW_N_SHRINKAGE,NO_MANUFACTURER_DATA,34,Insuficiente,1 intervalo(s) válidos (+5) | match por método débil (REF_LIKE) (+8) | asociación single (+12) | 30 meses de cobertura (+12) | sin intervalos suficientes (+0) | hay estimación de cohorte disponible (+12) | hay datos de uso/contrato/horario (+8) | Weibull no evaluado (n insuficiente) (+4) | estimación de tipo LOW_N_SHRINKAGE (+3) | n=1 intervalos (<10) (-10) | n=1 intervalos (<3) (-20),,LOW_N_SHRINKAGE,34,Insuficiente,1 intervalo(s) válidos (+5) | match por método débil (REF_LIKE) (+8) | asociación single (+12) | 30 meses de cobertura (+12) | sin intervalos suficientes (+0) | hay estimación de cohorte disponible (+12) | hay datos de uso/contrato/horario (+8) | Weibull no evaluado (n insuficiente) (+4) | estimación de tipo LOW_N_SHRINKAGE (+3) | n=1 intervalos (<10) (-10) | n=1 intervalos (<3) (-20),918,918,,,,EMPIRICAL_BAYES_SHRINKAGE,0.13,
153038,FUNDACION ARTURO LOPEZ PEREZ,821321900352,"Fuse, 10A 32 VAC, time delay, glass cartridge 32 mm x 6.3mm (FS32E)",2019-01-13T17:30:00.000Z,2019-01-13T17:30:00.000Z,2,0,,,NONE,INSUFFICIENT_DATA,Sin eventos observados para esta combinación.,,,,,,,,,,,2,0,0,,,NO_DATA,,,INSUFFICIENT_DATA,NO_MANUFACTURER_DATA,22,Insuficiente,0 intervalo(s) válidos (+0) | match exacto/alias (REF_NORMALIZED_EXACT) (+12) | asociación single (+12) | sin cobertura calculable (+4) | sin intervalos suficientes (+0) | hay estimación de cohorte disponible (+12) | hay datos de uso/contrato/horario (+8) | Weibull no evaluado (n insuficiente) (+4) | estimación de tipo INSUFFICIENT_DATA (+0) | n=0 intervalos (<10) (-10) | n=0 intervalos (<3) (-20),,INSUFFICIENT_DATA,22,Insuficiente,0 intervalo(s) válidos (+0) | match exacto/alias (REF_NORMALIZED_EXACT) (+12) | asociación single (+12) | sin cobertura calculable (+4) | sin intervalos suficientes (+0) | hay estimación de cohorte disponible (+12) | hay datos de uso/contrato/horario (+8) | Weibull no evaluado (n insuficiente) (+4) | estimación de tipo INSUFFICIENT_DATA (+0) | n=0 intervalos (<10) (-10) | n=0 intervalos (<3) (-20),,,,,,NONE,1,
Linac-153935,UC CHRISTUS - CECA,1510260R,KV Detector Panel,2019-03-08T20:00:10.881Z,2019-03-09T11:30:00.000Z,2,1,1,85.00833333333334,EMPIRICAL_BAYES_SHRINKAGE,LOW_N_SHRINKAGE,Combina 17% de historial propio (n=1) y 83% de historial de cohorte (same_client_same_part).,85.01,2.79,,85.00833333333334,,,,0.167,0.833,same_client_same_part,2,1,0,4.3,,NO_DATA,,2019-06-02T11:44:24.000Z,LOW_N_SHRINKAGE,NO_MANUFACTURER_DATA,30,Insuficiente,1 intervalo(s) válidos (+5) | match exacto/alias (REF_EXACT) (+12) | asociación single (+12) | 0 meses de cobertura (+4) | sin intervalos suficientes (+0) | hay estimación de cohorte disponible (+12) | hay datos de uso/contrato/horario (+8) | Weibull no evaluado (n insuficiente) (+4) | estimación de tipo LOW_N_SHRINKAGE (+3) | n=1 intervalos (<10) (-10) | n=1 intervalos (<3) (-20),,LOW_N_SHRINKAGE,30,Insuficiente,1 intervalo(s) válidos (+5) | match exacto/alias (REF_EXACT) (+12) | asociación single (+12) | 0 meses de cobertura (+4) | sin intervalos suficientes (+0) | hay estimación de cohorte disponible (+12) | hay datos de uso/contrato/horario (+8) | Weibull no evaluado (n insuficiente) (+4) | estimación de tipo LOW_N_SHRINKAGE (+3) | n=1 intervalos (<10) (-10) | n=1 intervalos (<3) (-20),1,1,,,,EMPIRICAL_BAYES_SHRINKAGE,0.75,
Linac-201110,CLÍNICA SANATORIO ALEMÁN (ONCORAD),1502964,"SPARES KIT,LED FIELD LAMP",2019-03-15T22:00:15.672Z,2026-04-16T19:30:00.000Z,2,1,2589,1303.9166666666667,EMPIRICAL_BAYES_SHRINKAGE,LOW_N_SHRINKAGE,Combina 17% de historial propio (n=1) y 83% de historial de cohorte (same_client_same_part).,1303.92,42.84,,1303.9166666666667,,,,0.167,0.833,same_client_same_part,2,1,0,0.28,,NO_DATA,,2029-11-10T17:34:48.000Z,LOW_N_SHRINKAGE,NO_MANUFACTURER_DATA,38,Insuficiente,1 intervalo(s) válidos (+5) | match exacto/alias (REF_EXACT) (+12) | asociación single (+12) | 85 meses de cobertura (+12) | sin intervalos suficientes (+0) | hay estimación de cohorte disponible (+12) | hay datos de uso/contrato/horario (+8) | Weibull no evaluado (n insuficiente) (+4) | estimación de tipo LOW_N_SHRINKAGE (+3) | n=1 intervalos (<10) (-10) | n=1 intervalos (<3) (-20),,LOW_N_SHRINKAGE,38,Insuficiente,1 intervalo(s) válidos (+5) | match exacto/alias (REF_EXACT) (+12) | asociación single (+12) | 85 meses de cobertura (+12) | sin intervalos suficientes (+0) | hay estimación de cohorte disponible (+12) | hay datos de uso/contrato/horario (+8) | Weibull no evaluado (n insuficiente) (+4) | estimación de tipo LOW_N_SHRINKAGE (+3) | n=1 intervalos (<10) (-10) | n=1 intervalos (<3) (-20),2589,2589,,,,EMPIRICAL_BAYES_SHRINKAGE,0.5,
LINAC-153038,FUNDACION ARTURO LOPEZ PEREZ,1014204,Ceramic ion chamber (MR),2019-05-17T22:00:00.000Z,2023-01-31T20:00:00.000Z,2,1,1355,816.075,EMPIRICAL_BAYES_SHRINKAGE,LOW_N_SHRINKAGE,Combina 17% de historial propio (n=1) y 83% de historial de cohorte (same_client_same_part).,816.08,26.81,,816.075,,,,0.167,0.833,same_client_same_part,2,1,0,0.45,,NO_DATA,,2025-04-26T21:55:12.000Z,LOW_N_SHRINKAGE,NO_MANUFACTURER_DATA,34,Insuficiente,1 intervalo(s) válidos (+5) | match por método débil (REF_LIKE) (+8) | asociación single (+12) | 45 meses de cobertura (+12) | sin intervalos suficientes (+0) | hay estimación de cohorte disponible (+12) | hay datos de uso/contrato/horario (+8) | Weibull no evaluado (n insuficiente) (+4) | estimación de tipo LOW_N_SHRINKAGE (+3) | n=1 intervalos (<10) (-10) | n=1 intervalos (<3) (-20),,LOW_N_SHRINKAGE,34,Insuficiente,1 intervalo(s) válidos (+5) | match por método débil (REF_LIKE) (+8) | asociación single (+12) | 45 meses de cobertura (+12) | sin intervalos suficientes (+0) | hay estimación de cohorte disponible (+12) | hay datos de uso/contrato/horario (+8) | Weibull no evaluado (n insuficiente) (+4) | estimación de tipo LOW_N_SHRINKAGE (+3) | n=1 intervalos (<10) (-10) | n=1 intervalos (<3) (-20),1355,1355,,,,EMPIRICAL_BAYES_SHRINKAGE,0.69,
Linac-153935,UC CHRISTUS - CECA,1016472_usado,Diaphragm brakes spare kit,2019-05-17T21:00:00.000Z,2021-03-31T22:30:00.000Z,2,1,684,413.8833333333334,EMPIRICAL_BAYES_SHRINKAGE,LOW_N_SHRINKAGE,Combina 17% de historial propio (n=1) y 83% de historial de cohorte (same_client_same_part).,413.88,13.6,,413.8833333333334,,,,0.167,0.833,same_client_same_part,2,1,0,0.88,,NO_DATA,,2022-05-19T19:37:12.000Z,LOW_N_SHRINKAGE,NO_MANUFACTURER_DATA,30,Insuficiente,1 intervalo(s) válidos (+5) | match por método débil (REF_LIKE) (+8) | asociación single (+12) | 22 meses de cobertura (+8) | sin intervalos suficientes (+0) | hay estimación de cohorte disponible (+12) | hay datos de uso/contrato/horario (+8) | Weibull no evaluado (n insuficiente) (+4) | estimación de tipo LOW_N_SHRINKAGE (+3) | n=1 intervalos (<10) (-10) | n=1 intervalos (<3) (-20),,LOW_N_SHRINKAGE,30,Insuficiente,1 intervalo(s) válidos (+5) | match por método débil (REF_LIKE) (+8) | asociación single (+12) | 22 meses de cobertura (+8) | sin intervalos suficientes (+0) | hay estimación de cohorte disponible (+12) | hay datos de uso/contrato/horario (+8) | Weibull no evaluado (n insuficiente) (+4) | estimación de tipo LOW_N_SHRINKAGE (+3) | n=1 intervalos (<10) (-10) | n=1 intervalos (<3) (-20),684,684,,,,EMPIRICAL_BAYES_SHRINKAGE,0.84,
Linac-153935,UC CHRISTUS - CECA,1016476,Leaf motor spares kit,2019-06-13T12:00:45.530Z,2020-03-26T10:20:00.000Z,2,1,287,197.45833333333337,EMPIRICAL_BAYES_SHRINKAGE,LOW_N_SHRINKAGE,Combina 17% de historial propio (n=1) y 83% de historial de cohorte (same_client_same_part).,197.46,6.49,,197.45833333333337,,,,0.167,0.833,same_client_same_part,2,1,0,1.85,,NO_DATA,,2020-10-09T21:22:24.000Z,LOW_N_SHRINKAGE,NO_MANUFACTURER_DATA,30,Insuficiente,1 intervalo(s) válidos (+5) | match exacto/alias (REF_EXACT) (+12) | asociación single (+12) | 9 meses de cobertura (+4) | sin intervalos suficientes (+0) | hay estimación de cohorte disponible (+12) | hay datos de uso/contrato/horario (+8) | Weibull no evaluado (n insuficiente) (+4) | estimación de tipo LOW_N_SHRINKAGE (+3) | n=1 intervalos (<10) (-10) | n=1 intervalos (<3) (-20),,LOW_N_SHRINKAGE,30,Insuficiente,1 intervalo(s) válidos (+5) | match exacto/alias (REF_EXACT) (+12) | asociación single (+12) | 9 meses de cobertura (+4) | sin intervalos suficientes (+0) | hay estimación de cohorte disponible (+12) | hay datos de uso/contrato/horario (+8) | Weibull no evaluado (n insuficiente) (+4) | estimación de tipo LOW_N_SHRINKAGE (+3) | n=1 intervalos (<10) (-10) | n=1 intervalos (<3) (-20),287,287,,,,EMPIRICAL_BAYES_SHRINKAGE,0.41,
Linac-154325,HOSPITAL CARLOS VAN BUREN (SSVSA),1500998,Projector Assy Quad LED,2019-05-31T19:30:00.000Z,2024-06-07T17:45:00.000Z,2,1,1834,942.1666666666666,EMPIRICAL_BAYES_SHRINKAGE,LOW_N_SHRINKAGE,Combina 17% de historial propio (n=1) y 83% de historial de cohorte (same_client_same_part).,942.17,30.95,,942.1666666666666,,,,0.167,0.833,same_client_same_part,2,1,0,0.39,,NO_DATA,,2027-01-05T21:49:48.000Z,LOW_N_SHRINKAGE,NO_MANUFACTURER_DATA,38,Insuficiente,1 intervalo(s) válidos (+5) | match exacto/alias (REF_EXACT) (+12) | asociación single (+12) | 60 meses de cobertura (+12) | sin intervalos suficientes (+0) | hay estimación de cohorte disponible (+12) | hay datos de uso/contrato/horario (+8) | Weibull no evaluado (n insuficiente) (+4) | estimación de tipo LOW_N_SHRINKAGE (+3) | n=1 intervalos (<10) (-10) | n=1 intervalos (<3) (-20),,LOW_N_SHRINKAGE,38,Insuficiente,1 intervalo(s) válidos (+5) | match exacto/alias (REF_EXACT) (+12) | asociación single (+12) | 60 meses de cobertura (+12) | sin intervalos suficientes (+0) | hay estimación de cohorte disponible (+12) | hay datos de uso/contrato/horario (+8) | Weibull no evaluado (n insuficiente) (+4) | estimación de tipo LOW_N_SHRINKAGE (+3) | n=1 intervalos (<10) (-10) | n=1 intervalos (<3) (-20),1834,1834,,,,EMPIRICAL_BAYES_SHRINKAGE,0,
Linac-201110,CLÍNICA SANATORIO ALEMÁN (ONCORAD),4513316442101T,"Potentiometer, 20k, 10 turns Coarse/Check",2019-12-05T11:30:00.000Z,2022-12-07T20:30:00.000Z,2,1,1098,544.6500000000001,EMPIRICAL_BAYES_SHRINKAGE,LOW_N_SHRINKAGE,Combina 17% de historial propio (n=1) y 83% de historial de cohorte (same_client_same_part).,544.65,17.89,,544.6500000000001,,,,0.167,0.833,same_client_same_part,2,1,0,0.67,,NO_DATA,,2024-06-04T12:06:00.000Z,LOW_N_SHRINKAGE,NO_MANUFACTURER_DATA,34,Insuficiente,1 intervalo(s) válidos (+5) | match por método débil (REF_LIKE) (+8) | asociación single (+12) | 36 meses de cobertura (+12) | sin intervalos suficientes (+0) | hay estimación de cohorte disponible (+12) | hay datos de uso/contrato/horario (+8) | Weibull no evaluado (n insuficiente) (+4) | estimación de tipo LOW_N_SHRINKAGE (+3) | n=1 intervalos (<10) (-10) | n=1 intervalos (<3) (-20),,LOW_N_SHRINKAGE,34,Insuficiente,1 intervalo(s) válidos (+5) | match por método débil (REF_LIKE) (+8) | asociación single (+12) | 36 meses de cobertura (+12) | sin intervalos suficientes (+0) | hay estimación de cohorte disponible (+12) | hay datos de uso/contrato/horario (+8) | Weibull no evaluado (n insuficiente) (+4) | estimación de tipo LOW_N_SHRINKAGE (+3) | n=1 intervalos (<10) (-10) | n=1 intervalos (<3) (-20),1098,1098,,,,EMPIRICAL_BAYES_SHRINKAGE,0.25,
APOTECA-CHEMO,FUNDACION ARTURO LOPEZ PEREZ,2327189,UV Lamp,2020-05-27T12:30:00.000Z,2024-05-09T12:30:00.000Z,2,1,1443,859.4666666666667,EMPIRICAL_BAYES_SHRINKAGE,LOW_N_SHRINKAGE,Combina 17% de historial propio (n=1) y 83% de historial de cohorte (same_client_same_part).,859.47,28.23,,859.4666666666667,,,,0.167,0.833,same_client_same_part,2,1,0,0.42,,NO_DATA,,2026-09-15T23:46:48.000Z,LOW_N_SHRINKAGE,NO_MANUFACTURER_DATA,38,Insuficiente,1 intervalo(s) válidos (+5) | match exacto/alias (REF_EXACT) (+12) | asociación single (+12) | 47 meses de cobertura (+12) | sin intervalos suficientes (+0) | hay estimación de cohorte disponible (+12) | hay datos de uso/contrato/horario (+8) | Weibull no evaluado (n insuficiente) (+4) | estimación de tipo LOW_N_SHRINKAGE (+3) | n=1 intervalos (<10) (-10) | n=1 intervalos (<3) (-20),,LOW_N_SHRINKAGE,38,Insuficiente,1 intervalo(s) válidos (+5) | match exacto/alias (REF_EXACT) (+12) | asociación single (+12) | 47 meses de cobertura (+12) | sin intervalos suficientes (+0) | hay estimación de cohorte disponible (+12) | hay datos de uso/contrato/horario (+8) | Weibull no evaluado (n insuficiente) (+4) | estimación de tipo LOW_N_SHRINKAGE (+3) | n=1 intervalos (<10) (-10) | n=1 intervalos (<3) (-20),1443,1443,,,,EMPIRICAL_BAYES_SHRINKAGE,0,
LINAC-153038,FUNDACION ARTURO LOPEZ PEREZ,45133502026_usado,X-ray tube (MR),2020-08-12T21:30:00.000Z,2023-01-10T15:30:00.000Z,2,1,881,495.6583333333333,EMPIRICAL_BAYES_SHRINKAGE,LOW_N_SHRINKAGE,Combina 17% de historial propio (n=1) y 83% de historial de cohorte (same_client_same_part).,495.66,16.28,,495.6583333333333,,,,0.167,0.833,same_client_same_part,2,1,0,0.74,,NO_DATA,,2024-05-20T07:20:24.000Z,LOW_N_SHRINKAGE,NO_MANUFACTURER_DATA,34,Insuficiente,1 intervalo(s) válidos (+5) | match por método débil (REF_LIKE) (+8) | asociación single (+12) | 29 meses de cobertura (+12) | sin intervalos suficientes (+0) | hay estimación de cohorte disponible (+12) | hay datos de uso/contrato/horario (+8) | Weibull no evaluado (n insuficiente) (+4) | estimación de tipo LOW_N_SHRINKAGE (+3) | n=1 intervalos (<10) (-10) | n=1 intervalos (<3) (-20),,LOW_N_SHRINKAGE,34,Insuficiente,1 intervalo(s) válidos (+5) | match por método débil (REF_LIKE) (+8) | asociación single (+12) | 29 meses de cobertura (+12) | sin intervalos suficientes (+0) | hay estimación de cohorte disponible (+12) | hay datos de uso/contrato/horario (+8) | Weibull no evaluado (n insuficiente) (+4) | estimación de tipo LOW_N_SHRINKAGE (+3) | n=1 intervalos (<10) (-10) | n=1 intervalos (<3) (-20),881,881,,,,EMPIRICAL_BAYES_SHRINKAGE,0.25,
LINAC-153038,FUNDACION ARTURO LOPEZ PEREZ,1519103,Dose A Digital,2020-08-24T12:30:00.000Z,2023-12-28T23:25:00.000Z,2,1,1221,740.3583333333333,EMPIRICAL_BAYES_SHRINKAGE,LOW_N_SHRINKAGE,Combina 17% de historial propio (n=1) y 83% de historial de cohorte (same_client_same_part).,740.36,24.32,,740.3583333333333,,,,0.167,0.833,same_client_same_part,2,1,0,0.49,,NO_DATA,,2026-01-07T08:03:24.000Z,LOW_N_SHRINKAGE,NO_MANUFACTURER_DATA,34,Insuficiente,1 intervalo(s) válidos (+5) | match por método débil (REF_LIKE) (+8) | asociación single (+12) | 40 meses de cobertura (+12) | sin intervalos suficientes (+0) | hay estimación de cohorte disponible (+12) | hay datos de uso/contrato/horario (+8) | Weibull no evaluado (n insuficiente) (+4) | estimación de tipo LOW_N_SHRINKAGE (+3) | n=1 intervalos (<10) (-10) | n=1 intervalos (<3) (-20),,LOW_N_SHRINKAGE,34,Insuficiente,1 intervalo(s) válidos (+5) | match por método débil (REF_LIKE) (+8) | asociación single (+12) | 40 meses de cobertura (+12) | sin intervalos suficientes (+0) | hay estimación de cohorte disponible (+12) | hay datos de uso/contrato/horario (+8) | Weibull no evaluado (n insuficiente) (+4) | estimación de tipo LOW_N_SHRINKAGE (+3) | n=1 intervalos (<10) (-10) | n=1 intervalos (<3) (-20),1221,1221,,,,EMPIRICAL_BAYES_SHRINKAGE,0.51,
Linac-201172,INRAD,1535987,"FRU, DOSE BOARD",2020-09-03T17:18:00.000Z,2020-10-23T17:45:00.000Z,2,1,50,221.89166666666668,EMPIRICAL_BAYES_SHRINKAGE,LOW_N_SHRINKAGE,Combina 17% de historial propio (n=1) y 83% de historial de cohorte (same_client_same_part).,221.89,7.29,,221.89166666666668,,,,0.167,0.833,same_client_same_part,2,1,0,1.65,,NO_DATA,,2021-06-02T15:06:36.000Z,LOW_N_SHRINKAGE,NO_MANUFACTURER_DATA,30,Insuficiente,1 intervalo(s) válidos (+5) | match exacto/alias (REF_EXACT) (+12) | asociación single (+12) | 2 meses de cobertura (+4) | sin intervalos suficientes (+0) | hay estimación de cohorte disponible (+12) | hay datos de uso/contrato/horario (+8) | Weibull no evaluado (n insuficiente) (+4) | estimación de tipo LOW_N_SHRINKAGE (+3) | n=1 intervalos (<10) (-10) | n=1 intervalos (<3) (-20),,LOW_N_SHRINKAGE,30,Insuficiente,1 intervalo(s) válidos (+5) | match exacto/alias (REF_EXACT) (+12) | asociación single (+12) | 2 meses de cobertura (+4) | sin intervalos suficientes (+0) | hay estimación de cohorte disponible (+12) | hay datos de uso/contrato/horario (+8) | Weibull no evaluado (n insuficiente) (+4) | estimación de tipo LOW_N_SHRINKAGE (+3) | n=1 intervalos (<10) (-10) | n=1 intervalos (<3) (-20),50,50,,,,EMPIRICAL_BAYES_SHRINKAGE,0,
LINAC-153038,FUNDACION ARTURO LOPEZ PEREZ,1016518,Detector Panel PSU (XRD- EPS),2020-10-07T10:40:00.000Z,2022-08-17T17:00:00.000Z,2,1,679,456.8666666666667,EMPIRICAL_BAYES_SHRINKAGE,LOW_N_SHRINKAGE,Combina 17% de historial propio (n=1) y 83% de historial de cohorte (same_client_same_part).,456.87,15.01,,456.8666666666667,,,,0.167,0.833,same_client_same_part,2,1,0,0.8,,NO_DATA,,2023-11-17T13:52:48.000Z,LOW_N_SHRINKAGE,NO_MANUFACTURER_DATA,34,Insuficiente,1 intervalo(s) válidos (+5) | match exacto/alias (REF_EXACT) (+12) | asociación single (+12) | 22 meses de cobertura (+8) | sin intervalos suficientes (+0) | hay estimación de cohorte disponible (+12) | hay datos de uso/contrato/horario (+8) | Weibull no evaluado (n insuficiente) (+4) | estimación de tipo LOW_N_SHRINKAGE (+3) | n=1 intervalos (<10) (-10) | n=1 intervalos (<3) (-20),,LOW_N_SHRINKAGE,34,Insuficiente,1 intervalo(s) válidos (+5) | match exacto/alias (REF_EXACT) (+12) | asociación single (+12) | 22 meses de cobertura (+8) | sin intervalos suficientes (+0) | hay estimación de cohorte disponible (+12) | hay datos de uso/contrato/horario (+8) | Weibull no evaluado (n insuficiente) (+4) | estimación de tipo LOW_N_SHRINKAGE (+3) | n=1 intervalos (<10) (-10) | n=1 intervalos (<3) (-20),679,679,,,,EMPIRICAL_BAYES_SHRINKAGE,0.11,
Linac-152171,CLINICA ALEMANA DE SANTIAGO,45133308530,"New fast tune magnetron, MG6370",2020-10-16T13:30:00.000Z,2025-07-28T11:30:00.000Z,2,1,1746,826.6916666666667,EMPIRICAL_BAYES_SHRINKAGE,LOW_N_SHRINKAGE,Combina 17% de historial propio (n=1) y 83% de historial de cohorte (same_client_same_part).,826.69,27.16,,826.6916666666667,,,,0.167,0.833,same_client_same_part,2,1,0,0.44,,NO_DATA,,2027-11-02T04:03:36.000Z,LOW_N_SHRINKAGE,NO_MANUFACTURER_DATA,34,Insuficiente,1 intervalo(s) válidos (+5) | match por método débil (REF_LIKE) (+8) | asociación single (+12) | 57 meses de cobertura (+12) | sin intervalos suficientes (+0) | hay estimación de cohorte disponible (+12) | hay datos de uso/contrato/horario (+8) | Weibull no evaluado (n insuficiente) (+4) | estimación de tipo LOW_N_SHRINKAGE (+3) | n=1 intervalos (<10) (-10) | n=1 intervalos (<3) (-20),,LOW_N_SHRINKAGE,34,Insuficiente,1 intervalo(s) válidos (+5) | match por método débil (REF_LIKE) (+8) | asociación single (+12) | 57 meses de cobertura (+12) | sin intervalos suficientes (+0) | hay estimación de cohorte disponible (+12) | hay datos de uso/contrato/horario (+8) | Weibull no evaluado (n insuficiente) (+4) | estimación de tipo LOW_N_SHRINKAGE (+3) | n=1 intervalos (<10) (-10) | n=1 intervalos (<3) (-20),1746,1746,,,,EMPIRICAL_BAYES_SHRINKAGE,0.33,
Linac-153935,UC CHRISTUS - CECA,4513341185001U,"Cable Assy, Pl9 to S",2020-11-28T12:00:00.000Z,2025-11-14T21:33:00.000Z,2,1,1812,814.2,EMPIRICAL_BAYES_SHRINKAGE,LOW_N_SHRINKAGE,Combina 17% de historial propio (n=1) y 83% de historial de cohorte (same_client_same_part).,814.2,26.75,,814.2,,,,0.167,0.833,same_client_same_part,2,1,0,0.45,,NO_DATA,,2028-02-07T02:21:00.000Z,LOW_N_SHRINKAGE,NO_MANUFACTURER_DATA,38,Insuficiente,1 intervalo(s) válidos (+5) | match exacto/alias (REF_EXACT) (+12) | asociación single (+12) | 60 meses de cobertura (+12) | sin intervalos suficientes (+0) | hay estimación de cohorte disponible (+12) | hay datos de uso/contrato/horario (+8) | Weibull no evaluado (n insuficiente) (+4) | estimación de tipo LOW_N_SHRINKAGE (+3) | n=1 intervalos (<10) (-10) | n=1 intervalos (<3) (-20),,LOW_N_SHRINKAGE,38,Insuficiente,1 intervalo(s) válidos (+5) | match exacto/alias (REF_EXACT) (+12) | asociación single (+12) | 60 meses de cobertura (+12) | sin intervalos suficientes (+0) | hay estimación de cohorte disponible (+12) | hay datos de uso/contrato/horario (+8) | Weibull no evaluado (n insuficiente) (+4) | estimación de tipo LOW_N_SHRINKAGE (+3) | n=1 intervalos (<10) (-10) | n=1 intervalos (<3) (-20),1812,1812,,,,EMPIRICAL_BAYES_SHRINKAGE,1,
LINAC-153038,FUNDACION ARTURO LOPEZ PEREZ,1016472_usado,Diaphragm brakes spare kit,2020-12-19T11:30:00.000Z,2022-05-31T20:30:00.000Z,2,1,528,366.2166666666667,EMPIRICAL_BAYES_SHRINKAGE,LOW_N_SHRINKAGE,Combina 17% de historial propio (n=1) y 83% de historial de cohorte (same_client_same_part).,366.22,12.03,,366.2166666666667,,,,0.167,0.833,same_client_same_part,2,1,0,1,,NO_DATA,,2023-06-02T01:46:48.000Z,LOW_N_SHRINKAGE,NO_MANUFACTURER_DATA,30,Insuficiente,1 intervalo(s) válidos (+5) | match por método débil (REF_LIKE) (+8) | asociación single (+12) | 17 meses de cobertura (+8) | sin intervalos suficientes (+0) | hay estimación de cohorte disponible (+12) | hay datos de uso/contrato/horario (+8) | Weibull no evaluado (n insuficiente) (+4) | estimación de tipo LOW_N_SHRINKAGE (+3) | n=1 intervalos (<10) (-10) | n=1 intervalos (<3) (-20),,LOW_N_SHRINKAGE,30,Insuficiente,1 intervalo(s) válidos (+5) | match por método débil (REF_LIKE) (+8) | asociación single (+12) | 17 meses de cobertura (+8) | sin intervalos suficientes (+0) | hay estimación de cohorte disponible (+12) | hay datos de uso/contrato/horario (+8) | Weibull no evaluado (n insuficiente) (+4) | estimación de tipo LOW_N_SHRINKAGE (+3) | n=1 intervalos (<10) (-10) | n=1 intervalos (<3) (-20),528,528,,,,EMPIRICAL_BAYES_SHRINKAGE,0.5,
LINAC-153038,FUNDACION ARTURO LOPEZ PEREZ,4513341220301G,"CABLE, T-GUARD AND LAT MOTOR",2020-12-05T11:00:00.000Z,2024-01-05T21:00:00.000Z,2,1,1126,571.5166666666667,EMPIRICAL_BAYES_SHRINKAGE,LOW_N_SHRINKAGE,Combina 17% de historial propio (n=1) y 83% de historial de cohorte (same_client_same_part).,571.52,18.78,,571.5166666666667,,,,0.167,0.833,same_client_same_part,2,1,0,0.64,,NO_DATA,,2025-07-30T09:28:48.000Z,LOW_N_SHRINKAGE,NO_MANUFACTURER_DATA,34,Insuficiente,1 intervalo(s) válidos (+5) | match por método débil (REF_LIKE) (+8) | asociación single (+12) | 37 meses de cobertura (+12) | sin intervalos suficientes (+0) | hay estimación de cohorte disponible (+12) | hay datos de uso/contrato/horario (+8) | Weibull no evaluado (n insuficiente) (+4) | estimación de tipo LOW_N_SHRINKAGE (+3) | n=1 intervalos (<10) (-10) | n=1 intervalos (<3) (-20),,LOW_N_SHRINKAGE,34,Insuficiente,1 intervalo(s) válidos (+5) | match por método débil (REF_LIKE) (+8) | asociación single (+12) | 37 meses de cobertura (+12) | sin intervalos suficientes (+0) | hay estimación de cohorte disponible (+12) | hay datos de uso/contrato/horario (+8) | Weibull no evaluado (n insuficiente) (+4) | estimación de tipo LOW_N_SHRINKAGE (+3) | n=1 intervalos (<10) (-10) | n=1 intervalos (<3) (-20),1126,1126,,,,EMPIRICAL_BAYES_SHRINKAGE,0.88,
Linac-152171,CLINICA ALEMANA DE SANTIAGO,1541718,"FRU, Pancake Motor Assembly",2021-02-22T12:30:00.000Z,2023-06-30T21:00:00.000Z,2,1,858,311.15,EMPIRICAL_BAYES_SHRINKAGE,LOW_N_SHRINKAGE,Combina 17% de historial propio (n=1) y 83% de historial de cohorte (same_client_same_part).,311.15,10.22,,311.15,,,,0.167,0.833,same_client_same_part,2,1,0,1.17,,NO_DATA,,2024-05-07T00:36:00.000Z,LOW_N_SHRINKAGE,NO_MANUFACTURER_DATA,38,Insuficiente,1 intervalo(s) válidos (+5) | match exacto/alias (REF_EXACT) (+12) | asociación single (+12) | 28 meses de cobertura (+12) | sin intervalos suficientes (+0) | hay estimación de cohorte disponible (+12) | hay datos de uso/contrato/horario (+8) | Weibull no evaluado (n insuficiente) (+4) | estimación de tipo LOW_N_SHRINKAGE (+3) | n=1 intervalos (<10) (-10) | n=1 intervalos (<3) (-20),,LOW_N_SHRINKAGE,38,Insuficiente,1 intervalo(s) válidos (+5) | match exacto/alias (REF_EXACT) (+12) | asociación single (+12) | 28 meses de cobertura (+12) | sin intervalos suficientes (+0) | hay estimación de cohorte disponible (+12) | hay datos de uso/contrato/horario (+8) | Weibull no evaluado (n insuficiente) (+4) | estimación de tipo LOW_N_SHRINKAGE (+3) | n=1 intervalos (<10) (-10) | n=1 intervalos (<3) (-20),858,858,,,,EMPIRICAL_BAYES_SHRINKAGE,0.13,
Linac-153935,UC CHRISTUS - CECA,4513316442301M,FILTER ELEMENT 5 MICRON,2021-05-07T11:00:00.000Z,2023-08-25T13:00:00.000Z,2,1,840,512.0916666666667,EMPIRICAL_BAYES_SHRINKAGE,LOW_N_SHRINKAGE,Combina 17% de historial propio (n=1) y 83% de historial de cohorte (same_client_same_part).,512.09,16.82,,512.0916666666667,,,,0.167,0.833,same_client_same_part,2,1,0,0.71,,NO_DATA,,2025-01-18T15:09:36.000Z,LOW_N_SHRINKAGE,NO_MANUFACTURER_DATA,34,Insuficiente,1 intervalo(s) válidos (+5) | match por método débil (REF_LIKE) (+8) | asociación single (+12) | 28 meses de cobertura (+12) | sin intervalos suficientes (+0) | hay estimación de cohorte disponible (+12) | hay datos de uso/contrato/horario (+8) | Weibull no evaluado (n insuficiente) (+4) | estimación de tipo LOW_N_SHRINKAGE (+3) | n=1 intervalos (<10) (-10) | n=1 intervalos (<3) (-20),,LOW_N_SHRINKAGE,34,Insuficiente,1 intervalo(s) válidos (+5) | match por método débil (REF_LIKE) (+8) | asociación single (+12) | 28 meses de cobertura (+12) | sin intervalos suficientes (+0) | hay estimación de cohorte disponible (+12) | hay datos de uso/contrato/horario (+8) | Weibull no evaluado (n insuficiente) (+4) | estimación de tipo LOW_N_SHRINKAGE (+3) | n=1 intervalos (<10) (-10) | n=1 intervalos (<3) (-20),840,840,,,,EMPIRICAL_BAYES_SHRINKAGE,0.19,
LINAC-153038,FUNDACION ARTURO LOPEZ PEREZ,1538261,"FRU KIT, FLIGHT TUBE DRIVE",2021-05-21T04:00:00.000Z,2023-05-27T13:00:00.000Z,2,1,736,466.26666666666665,EMPIRICAL_BAYES_SHRINKAGE,LOW_N_SHRINKAGE,Combina 17% de historial propio (n=1) y 83% de historial de cohorte (same_client_same_part).,466.27,15.32,,466.26666666666665,,,,0.167,0.833,same_client_same_part,2,1,0,0.78,,NO_DATA,,2024-09-04T19:28:48.000Z,LOW_N_SHRINKAGE,NO_MANUFACTURER_DATA,38,Insuficiente,1 intervalo(s) válidos (+5) | match exacto/alias (REF_EXACT) (+12) | asociación single (+12) | 24 meses de cobertura (+12) | sin intervalos suficientes (+0) | hay estimación de cohorte disponible (+12) | hay datos de uso/contrato/horario (+8) | Weibull no evaluado (n insuficiente) (+4) | estimación de tipo LOW_N_SHRINKAGE (+3) | n=1 intervalos (<10) (-10) | n=1 intervalos (<3) (-20),,LOW_N_SHRINKAGE,38,Insuficiente,1 intervalo(s) válidos (+5) | match exacto/alias (REF_EXACT) (+12) | asociación single (+12) | 24 meses de cobertura (+12) | sin intervalos suficientes (+0) | hay estimación de cohorte disponible (+12) | hay datos de uso/contrato/horario (+8) | Weibull no evaluado (n insuficiente) (+4) | estimación de tipo LOW_N_SHRINKAGE (+3) | n=1 intervalos (<10) (-10) | n=1 intervalos (<3) (-20),736,736,,,,EMPIRICAL_BAYES_SHRINKAGE,1,
Linac-151673,CLINICA ALEMANA DE SANTIAGO,1006737_usado,SIB PCB,2021-07-19T11:30:00.000Z,2023-05-11T23:30:00.000Z,2,1,662,380.3833333333333,EMPIRICAL_BAYES_SHRINKAGE,LOW_N_SHRINKAGE,Combina 17% de historial propio (n=1) y 83% de historial de cohorte (same_client_same_part).,380.38,12.5,,380.3833333333333,,,,0.167,0.833,same_client_same_part,2,1,0,0.96,,NO_DATA,,2024-05-26T08:37:12.000Z,LOW_N_SHRINKAGE,NO_MANUFACTURER_DATA,30,Insuficiente,1 intervalo(s) válidos (+5) | match por método débil (REF_LIKE) (+8) | asociación single (+12) | 22 meses de cobertura (+8) | sin intervalos suficientes (+0) | hay estimación de cohorte disponible (+12) | hay datos de uso/contrato/horario (+8) | Weibull no evaluado (n insuficiente) (+4) | estimación de tipo LOW_N_SHRINKAGE (+3) | n=1 intervalos (<10) (-10) | n=1 intervalos (<3) (-20),,LOW_N_SHRINKAGE,30,Insuficiente,1 intervalo(s) válidos (+5) | match por método débil (REF_LIKE) (+8) | asociación single (+12) | 22 meses de cobertura (+8) | sin intervalos suficientes (+0) | hay estimación de cohorte disponible (+12) | hay datos de uso/contrato/horario (+8) | Weibull no evaluado (n insuficiente) (+4) | estimación de tipo LOW_N_SHRINKAGE (+3) | n=1 intervalos (<10) (-10) | n=1 intervalos (<3) (-20),662,662,,,,EMPIRICAL_BAYES_SHRINKAGE,0.6,
INC-INFINITY01,Instituto Nacional del Cáncer (INC),1006737_usado,SIB PCB,2021-09-13T10:11:00.000Z,2022-07-14T21:30:00.000Z,2,1,304,270.9916666666667,EMPIRICAL_BAYES_SHRINKAGE,LOW_N_SHRINKAGE,Combina 17% de historial propio (n=1) y 83% de historial de cohorte (same_client_same_part).,270.99,8.9,,270.9916666666667,,,,0.167,0.833,same_client_same_part,2,1,0,1.35,,NO_DATA,,2023-04-11T21:15:36.000Z,LOW_N_SHRINKAGE,NO_MANUFACTURER_DATA,26,Insuficiente,1 intervalo(s) válidos (+5) | match por método débil (REF_LIKE) (+8) | asociación single (+12) | 10 meses de cobertura (+4) | sin intervalos suficientes (+0) | hay estimación de cohorte disponible (+12) | hay datos de uso/contrato/horario (+8) | Weibull no evaluado (n insuficiente) (+4) | estimación de tipo LOW_N_SHRINKAGE (+3) | n=1 intervalos (<10) (-10) | n=1 intervalos (<3) (-20),,LOW_N_SHRINKAGE,26,Insuficiente,1 intervalo(s) válidos (+5) | match por método débil (REF_LIKE) (+8) | asociación single (+12) | 10 meses de cobertura (+4) | sin intervalos suficientes (+0) | hay estimación de cohorte disponible (+12) | hay datos de uso/contrato/horario (+8) | Weibull no evaluado (n insuficiente) (+4) | estimación de tipo LOW_N_SHRINKAGE (+3) | n=1 intervalos (<10) (-10) | n=1 intervalos (<3) (-20),304,304,,,,EMPIRICAL_BAYES_SHRINKAGE,0.58,
Linac-153935,UC CHRISTUS - CECA,45133304800,SL ELECTRON GUN ASSY,2021-09-30T11:30:00.000Z,2023-03-17T19:33:00.000Z,2,1,533,458.68333333333334,EMPIRICAL_BAYES_SHRINKAGE,LOW_N_SHRINKAGE,Combina 17% de historial propio (n=1) y 83% de historial de cohorte (same_client_same_part).,458.68,15.07,,458.68333333333334,,,,0.167,0.833,same_client_same_part,2,1,0,0.8,,NO_DATA,,2024-06-18T11:52:12.000Z,LOW_N_SHRINKAGE,NO_MANUFACTURER_DATA,34,Insuficiente,1 intervalo(s) válidos (+5) | match exacto/alias (REF_EXACT) (+12) | asociación single (+12) | 18 meses de cobertura (+8) | sin intervalos suficientes (+0) | hay estimación de cohorte disponible (+12) | hay datos de uso/contrato/horario (+8) | Weibull no evaluado (n insuficiente) (+4) | estimación de tipo LOW_N_SHRINKAGE (+3) | n=1 intervalos (<10) (-10) | n=1 intervalos (<3) (-20),,LOW_N_SHRINKAGE,34,Insuficiente,1 intervalo(s) válidos (+5) | match exacto/alias (REF_EXACT) (+12) | asociación single (+12) | 18 meses de cobertura (+8) | sin intervalos suficientes (+0) | hay estimación de cohorte disponible (+12) | hay datos de uso/contrato/horario (+8) | Weibull no evaluado (n insuficiente) (+4) | estimación de tipo LOW_N_SHRINKAGE (+3) | n=1 intervalos (<10) (-10) | n=1 intervalos (<3) (-20),533,533,,,,EMPIRICAL_BAYES_SHRINKAGE,0.01,
LINAC-153038,FUNDACION ARTURO LOPEZ PEREZ,45133411846,"CABLE ASSY, PL5 TO SK5A",2021-11-20T11:30:00.000Z,2023-05-13T12:00:00.000Z,2,1,539,319.44166666666666,EMPIRICAL_BAYES_SHRINKAGE,LOW_N_SHRINKAGE,Combina 17% de historial propio (n=1) y 83% de historial de cohorte (same_client_same_part).,319.44,10.49,,319.44166666666666,,,,0.167,0.833,same_client_same_part,2,1,0,1.14,,NO_DATA,,2024-03-27T22:33:36.000Z,LOW_N_SHRINKAGE,NO_MANUFACTURER_DATA,30,Insuficiente,1 intervalo(s) válidos (+5) | match por método débil (REF_LIKE) (+8) | asociación single (+12) | 18 meses de cobertura (+8) | sin intervalos suficientes (+0) | hay estimación de cohorte disponible (+12) | hay datos de uso/contrato/horario (+8) | Weibull no evaluado (n insuficiente) (+4) | estimación de tipo LOW_N_SHRINKAGE (+3) | n=1 intervalos (<10) (-10) | n=1 intervalos (<3) (-20),,LOW_N_SHRINKAGE,30,Insuficiente,1 intervalo(s) válidos (+5) | match por método débil (REF_LIKE) (+8) | asociación single (+12) | 18 meses de cobertura (+8) | sin intervalos suficientes (+0) | hay estimación de cohorte disponible (+12) | hay datos de uso/contrato/horario (+8) | Weibull no evaluado (n insuficiente) (+4) | estimación de tipo LOW_N_SHRINKAGE (+3) | n=1 intervalos (<10) (-10) | n=1 intervalos (<3) (-20),539,539,,,,EMPIRICAL_BAYES_SHRINKAGE,1,
Linac-153935,UC CHRISTUS - CECA,03-999-1290,Handheld Controller,2021-12-15T14:12:00.000Z,2026-03-07T16:36:00.000Z,2,1,1543,802.7666666666667,EMPIRICAL_BAYES_SHRINKAGE,LOW_N_SHRINKAGE,Combina 17% de historial propio (n=1) y 83% de historial de cohorte (same_client_same_part).,802.77,26.37,,802.7666666666667,,,,0.167,0.833,same_client_same_part,2,1,0,0.45,,NO_DATA,,2028-05-18T11:04:48.000Z,LOW_N_SHRINKAGE,NO_MANUFACTURER_DATA,38,Insuficiente,1 intervalo(s) válidos (+5) | match exacto/alias (REF_EXACT) (+12) | asociación single (+12) | 51 meses de cobertura (+12) | sin intervalos suficientes (+0) | hay estimación de cohorte disponible (+12) | hay datos de uso/contrato/horario (+8) | Weibull no evaluado (n insuficiente) (+4) | estimación de tipo LOW_N_SHRINKAGE (+3) | n=1 intervalos (<10) (-10) | n=1 intervalos (<3) (-20),,LOW_N_SHRINKAGE,38,Insuficiente,1 intervalo(s) válidos (+5) | match exacto/alias (REF_EXACT) (+12) | asociación single (+12) | 51 meses de cobertura (+12) | sin intervalos suficientes (+0) | hay estimación de cohorte disponible (+12) | hay datos de uso/contrato/horario (+8) | Weibull no evaluado (n insuficiente) (+4) | estimación de tipo LOW_N_SHRINKAGE (+3) | n=1 intervalos (<10) (-10) | n=1 intervalos (<3) (-20),1543,1543,,,,EMPIRICAL_BAYES_SHRINKAGE,0.5,
Linac-201172,INRAD,1050661,Detector brake cable-B,2022-01-13T19:47:00.000Z,2024-12-10T15:51:00.000Z,2,1,1062,654.825,EMPIRICAL_BAYES_SHRINKAGE,LOW_N_SHRINKAGE,Combina 17% de historial propio (n=1) y 83% de historial de cohorte (same_client_same_part).,654.83,21.51,,654.825,,,,0.167,0.833,same_client_same_part,2,1,0,0.56,,NO_DATA,,2026-09-26T11:46:12.000Z,LOW_N_SHRINKAGE,NO_MANUFACTURER_DATA,38,Insuficiente,1 intervalo(s) válidos (+5) | match exacto/alias (REF_EXACT) (+12) | asociación single (+12) | 35 meses de cobertura (+12) | sin intervalos suficientes (+0) | hay estimación de cohorte disponible (+12) | hay datos de uso/contrato/horario (+8) | Weibull no evaluado (n insuficiente) (+4) | estimación de tipo LOW_N_SHRINKAGE (+3) | n=1 intervalos (<10) (-10) | n=1 intervalos (<3) (-20),,LOW_N_SHRINKAGE,38,Insuficiente,1 intervalo(s) válidos (+5) | match exacto/alias (REF_EXACT) (+12) | asociación single (+12) | 35 meses de cobertura (+12) | sin intervalos suficientes (+0) | hay estimación de cohorte disponible (+12) | hay datos de uso/contrato/horario (+8) | Weibull no evaluado (n insuficiente) (+4) | estimación de tipo LOW_N_SHRINKAGE (+3) | n=1 intervalos (<10) (-10) | n=1 intervalos (<3) (-20),1062,1062,,,,EMPIRICAL_BAYES_SHRINKAGE,0.07,
INC-INFINITY01,Instituto Nacional del Cáncer (INC),1502613,Laser ODI Spares Kit,2022-04-01T17:11:00.000Z,2023-09-29T16:18:00.000Z,2,1,546,411.25,EMPIRICAL_BAYES_SHRINKAGE,LOW_N_SHRINKAGE,Combina 17% de historial propio (n=1) y 83% de historial de cohorte (same_client_same_part).,411.25,13.51,,411.25,,,,0.167,0.833,same_client_same_part,2,1,0,0.89,,NO_DATA,,2024-11-13T22:18:00.000Z,LOW_N_SHRINKAGE,NO_MANUFACTURER_DATA,34,Insuficiente,1 intervalo(s) válidos (+5) | match exacto/alias (REF_EXACT) (+12) | asociación single (+12) | 18 meses de cobertura (+8) | sin intervalos suficientes (+0) | hay estimación de cohorte disponible (+12) | hay datos de uso/contrato/horario (+8) | Weibull no evaluado (n insuficiente) (+4) | estimación de tipo LOW_N_SHRINKAGE (+3) | n=1 intervalos (<10) (-10) | n=1 intervalos (<3) (-20),,LOW_N_SHRINKAGE,34,Insuficiente,1 intervalo(s) válidos (+5) | match exacto/alias (REF_EXACT) (+12) | asociación single (+12) | 18 meses de cobertura (+8) | sin intervalos suficientes (+0) | hay estimación de cohorte disponible (+12) | hay datos de uso/contrato/horario (+8) | Weibull no evaluado (n insuficiente) (+4) | estimación de tipo LOW_N_SHRINKAGE (+3) | n=1 intervalos (<10) (-10) | n=1 intervalos (<3) (-20),546,546,,,,EMPIRICAL_BAYES_SHRINKAGE,0,
Linac-151238,RADIO NUCLEAR,45133903544_Iss.04,Servo input board (SIB),2022-04-27T15:16:00.000Z,2022-04-27T15:33:00.000Z,2,1,0,84.55,EMPIRICAL_BAYES_SHRINKAGE,LOW_N_SHRINKAGE,Combina 17% de historial propio (n=1) y 83% de historial de cohorte (same_client_same_part).,84.55,2.78,,84.55,,,,0.167,0.833,same_client_same_part,2,1,0,4.32,,NO_DATA,,2022-07-21T04:45:00.000Z,LOW_N_SHRINKAGE,NO_MANUFACTURER_DATA,26,Insuficiente,1 intervalo(s) válidos (+5) | match por método débil (REF_LIKE) (+8) | asociación single (+12) | 0 meses de cobertura (+4) | sin intervalos suficientes (+0) | hay estimación de cohorte disponible (+12) | hay datos de uso/contrato/horario (+8) | Weibull no evaluado (n insuficiente) (+4) | estimación de tipo LOW_N_SHRINKAGE (+3) | n=1 intervalos (<10) (-10) | n=1 intervalos (<3) (-20),,LOW_N_SHRINKAGE,26,Insuficiente,1 intervalo(s) válidos (+5) | match por método débil (REF_LIKE) (+8) | asociación single (+12) | 0 meses de cobertura (+4) | sin intervalos suficientes (+0) | hay estimación de cohorte disponible (+12) | hay datos de uso/contrato/horario (+8) | Weibull no evaluado (n insuficiente) (+4) | estimación de tipo LOW_N_SHRINKAGE (+3) | n=1 intervalos (<10) (-10) | n=1 intervalos (<3) (-20),0,0,,,,EMPIRICAL_BAYES_SHRINKAGE,0,
Linac-152171,CLINICA ALEMANA DE SANTIAGO,1527814,"PSU, ION PUMP",2022-06-17T20:45:00.000Z,2026-04-20T14:30:00.000Z,2,1,1403,762.5333333333333,EMPIRICAL_BAYES_SHRINKAGE,LOW_N_SHRINKAGE,Combina 17% de historial propio (n=1) y 83% de historial de cohorte (same_client_same_part).,762.53,25.05,,762.5333333333333,,,,0.167,0.833,same_client_same_part,2,1,0,0.48,,NO_DATA,,2028-05-22T03:13:12.000Z,LOW_N_SHRINKAGE,NO_MANUFACTURER_DATA,38,Insuficiente,1 intervalo(s) válidos (+5) | match exacto/alias (REF_EXACT) (+12) | asociación single (+12) | 46 meses de cobertura (+12) | sin intervalos suficientes (+0) | hay estimación de cohorte disponible (+12) | hay datos de uso/contrato/horario (+8) | Weibull no evaluado (n insuficiente) (+4) | estimación de tipo LOW_N_SHRINKAGE (+3) | n=1 intervalos (<10) (-10) | n=1 intervalos (<3) (-20),,LOW_N_SHRINKAGE,38,Insuficiente,1 intervalo(s) válidos (+5) | match exacto/alias (REF_EXACT) (+12) | asociación single (+12) | 46 meses de cobertura (+12) | sin intervalos suficientes (+0) | hay estimación de cohorte disponible (+12) | hay datos de uso/contrato/horario (+8) | Weibull no evaluado (n insuficiente) (+4) | estimación de tipo LOW_N_SHRINKAGE (+3) | n=1 intervalos (<10) (-10) | n=1 intervalos (<3) (-20),1403,1403,,,,EMPIRICAL_BAYES_SHRINKAGE,0.06,
Linac-201172,INRAD,1018265_proveedor_local,"Proveedor Local, FRU MOTOR BRUSH SET (ELECTROCRAFT)",2022-08-25T14:00:00.000Z,2024-03-20T19:50:00.000Z,2,1,573,451.725,EMPIRICAL_BAYES_SHRINKAGE,LOW_N_SHRINKAGE,Combina 17% de historial propio (n=1) y 83% de historial de cohorte (same_client_same_part).,451.73,14.84,,451.725,,,,0.167,0.833,same_client_same_part,2,1,0,0.81,,NO_DATA,,2025-06-15T13:21:12.000Z,LOW_N_SHRINKAGE,NO_MANUFACTURER_DATA,30,Insuficiente,1 intervalo(s) válidos (+5) | match por método débil (REF_LIKE) (+8) | asociación single (+12) | 19 meses de cobertura (+8) | sin intervalos suficientes (+0) | hay estimación de cohorte disponible (+12) | hay datos de uso/contrato/horario (+8) | Weibull no evaluado (n insuficiente) (+4) | estimación de tipo LOW_N_SHRINKAGE (+3) | n=1 intervalos (<10) (-10) | n=1 intervalos (<3) (-20),,LOW_N_SHRINKAGE,30,Insuficiente,1 intervalo(s) válidos (+5) | match por método débil (REF_LIKE) (+8) | asociación single (+12) | 19 meses de cobertura (+8) | sin intervalos suficientes (+0) | hay estimación de cohorte disponible (+12) | hay datos de uso/contrato/horario (+8) | Weibull no evaluado (n insuficiente) (+4) | estimación de tipo LOW_N_SHRINKAGE (+3) | n=1 intervalos (<10) (-10) | n=1 intervalos (<3) (-20),573,573,,,,EMPIRICAL_BAYES_SHRINKAGE,0.09,
INC-INFINITY01,Instituto Nacional del Cáncer (INC),45133304800,SL ELECTRON GUN ASSY,2022-09-07T23:58:00.000Z,2023-09-29T16:18:00.000Z,2,1,387,414.0666666666667,EMPIRICAL_BAYES_SHRINKAGE,LOW_N_SHRINKAGE,Combina 17% de historial propio (n=1) y 83% de historial de cohorte (same_client_same_part).,414.07,13.6,,414.0666666666667,,,,0.167,0.833,same_client_same_part,2,1,0,0.88,,NO_DATA,,2024-11-16T17:58:48.000Z,LOW_N_SHRINKAGE,NO_MANUFACTURER_DATA,34,Insuficiente,1 intervalo(s) válidos (+5) | match exacto/alias (REF_EXACT) (+12) | asociación single (+12) | 13 meses de cobertura (+8) | sin intervalos suficientes (+0) | hay estimación de cohorte disponible (+12) | hay datos de uso/contrato/horario (+8) | Weibull no evaluado (n insuficiente) (+4) | estimación de tipo LOW_N_SHRINKAGE (+3) | n=1 intervalos (<10) (-10) | n=1 intervalos (<3) (-20),,LOW_N_SHRINKAGE,34,Insuficiente,1 intervalo(s) válidos (+5) | match exacto/alias (REF_EXACT) (+12) | asociación single (+12) | 13 meses de cobertura (+8) | sin intervalos suficientes (+0) | hay estimación de cohorte disponible (+12) | hay datos de uso/contrato/horario (+8) | Weibull no evaluado (n insuficiente) (+4) | estimación de tipo LOW_N_SHRINKAGE (+3) | n=1 intervalos (<10) (-10) | n=1 intervalos (<3) (-20),387,387,,,,EMPIRICAL_BAYES_SHRINKAGE,0.5,
LINAC-153038,FUNDACION ARTURO LOPEZ PEREZ,45133165177,THYRATRON e2v CX1154L,2022-09-09T11:00:00.000Z,2023-10-30T13:00:00.000Z,2,1,416,300.15000000000003,EMPIRICAL_BAYES_SHRINKAGE,LOW_N_SHRINKAGE,Combina 17% de historial propio (n=1) y 83% de historial de cohorte (same_client_same_part).,300.15,9.86,,300.15000000000003,,,,0.167,0.833,same_client_same_part,2,1,0,1.22,,NO_DATA,,2024-08-25T16:36:00.000Z,LOW_N_SHRINKAGE,NO_MANUFACTURER_DATA,34,Insuficiente,1 intervalo(s) válidos (+5) | match exacto/alias (REF_EXACT) (+12) | asociación single (+12) | 14 meses de cobertura (+8) | sin intervalos suficientes (+0) | hay estimación de cohorte disponible (+12) | hay datos de uso/contrato/horario (+8) | Weibull no evaluado (n insuficiente) (+4) | estimación de tipo LOW_N_SHRINKAGE (+3) | n=1 intervalos (<10) (-10) | n=1 intervalos (<3) (-20),,LOW_N_SHRINKAGE,34,Insuficiente,1 intervalo(s) válidos (+5) | match exacto/alias (REF_EXACT) (+12) | asociación single (+12) | 14 meses de cobertura (+8) | sin intervalos suficientes (+0) | hay estimación de cohorte disponible (+12) | hay datos de uso/contrato/horario (+8) | Weibull no evaluado (n insuficiente) (+4) | estimación de tipo LOW_N_SHRINKAGE (+3) | n=1 intervalos (<10) (-10) | n=1 intervalos (<3) (-20),416,416,,,,EMPIRICAL_BAYES_SHRINKAGE,0.38,
LINAC-153038,FUNDACION ARTURO LOPEZ PEREZ,1018265_proveedor_local,"Proveedor Local, FRU MOTOR BRUSH SET (ELECTROCRAFT)",2022-10-17T13:00:00.000Z,2024-05-10T22:00:00.000Z,2,1,571,451.10833333333335,EMPIRICAL_BAYES_SHRINKAGE,LOW_N_SHRINKAGE,Combina 17% de historial propio (n=1) y 83% de historial de cohorte (same_client_same_part).,451.11,14.82,,451.10833333333335,,,,0.167,0.833,same_client_same_part,2,1,0,0.81,,NO_DATA,,2025-08-05T00:38:24.000Z,LOW_N_SHRINKAGE,NO_MANUFACTURER_DATA,30,Insuficiente,1 intervalo(s) válidos (+5) | match por método débil (REF_LIKE) (+8) | asociación single (+12) | 19 meses de cobertura (+8) | sin intervalos suficientes (+0) | hay estimación de cohorte disponible (+12) | hay datos de uso/contrato/horario (+8) | Weibull no evaluado (n insuficiente) (+4) | estimación de tipo LOW_N_SHRINKAGE (+3) | n=1 intervalos (<10) (-10) | n=1 intervalos (<3) (-20),,LOW_N_SHRINKAGE,30,Insuficiente,1 intervalo(s) válidos (+5) | match por método débil (REF_LIKE) (+8) | asociación single (+12) | 19 meses de cobertura (+8) | sin intervalos suficientes (+0) | hay estimación de cohorte disponible (+12) | hay datos de uso/contrato/horario (+8) | Weibull no evaluado (n insuficiente) (+4) | estimación de tipo LOW_N_SHRINKAGE (+3) | n=1 intervalos (<10) (-10) | n=1 intervalos (<3) (-20),571,571,,,,EMPIRICAL_BAYES_SHRINKAGE,0.61,
Linac-151673,CLINICA ALEMANA DE SANTIAGO,1515098,ION PUMP - SPARE,2022-10-14T11:00:00.000Z,2023-10-06T19:45:00.000Z,2,1,357,421.53333333333336,EMPIRICAL_BAYES_SHRINKAGE,LOW_N_SHRINKAGE,Combina 17% de historial propio (n=1) y 83% de historial de cohorte (same_client_same_part).,421.53,13.85,,421.53333333333336,,,,0.167,0.833,same_client_same_part,2,1,0,0.87,,NO_DATA,,2024-12-01T08:28:12.000Z,LOW_N_SHRINKAGE,NO_MANUFACTURER_DATA,30,Insuficiente,1 intervalo(s) válidos (+5) | match exacto/alias (REF_EXACT) (+12) | asociación single (+12) | 12 meses de cobertura (+4) | sin intervalos suficientes (+0) | hay estimación de cohorte disponible (+12) | hay datos de uso/contrato/horario (+8) | Weibull no evaluado (n insuficiente) (+4) | estimación de tipo LOW_N_SHRINKAGE (+3) | n=1 intervalos (<10) (-10) | n=1 intervalos (<3) (-20),,LOW_N_SHRINKAGE,30,Insuficiente,1 intervalo(s) válidos (+5) | match exacto/alias (REF_EXACT) (+12) | asociación single (+12) | 12 meses de cobertura (+4) | sin intervalos suficientes (+0) | hay estimación de cohorte disponible (+12) | hay datos de uso/contrato/horario (+8) | Weibull no evaluado (n insuficiente) (+4) | estimación de tipo LOW_N_SHRINKAGE (+3) | n=1 intervalos (<10) (-10) | n=1 intervalos (<3) (-20),357,357,,,,EMPIRICAL_BAYES_SHRINKAGE,0.19,
Linac-152171,CLINICA ALEMANA DE SANTIAGO,1010848,"Mirror assembly, optics (Agility)",2022-12-15T12:00:00.000Z,2025-06-05T17:37:00.000Z,2,1,903,519.5666666666666,EMPIRICAL_BAYES_SHRINKAGE,LOW_N_SHRINKAGE,Combina 17% de historial propio (n=1) y 83% de historial de cohorte (same_client_same_part).,519.57,17.07,,519.5666666666666,,,,0.167,0.833,same_client_same_part,2,1,0,0.7,,NO_DATA,,2026-11-07T07:17:48.000Z,LOW_N_SHRINKAGE,NO_MANUFACTURER_DATA,38,Insuficiente,1 intervalo(s) válidos (+5) | match exacto/alias (REF_EXACT) (+12) | asociación single (+12) | 30 meses de cobertura (+12) | sin intervalos suficientes (+0) | hay estimación de cohorte disponible (+12) | hay datos de uso/contrato/horario (+8) | Weibull no evaluado (n insuficiente) (+4) | estimación de tipo LOW_N_SHRINKAGE (+3) | n=1 intervalos (<10) (-10) | n=1 intervalos (<3) (-20),,LOW_N_SHRINKAGE,38,Insuficiente,1 intervalo(s) válidos (+5) | match exacto/alias (REF_EXACT) (+12) | asociación single (+12) | 30 meses de cobertura (+12) | sin intervalos suficientes (+0) | hay estimación de cohorte disponible (+12) | hay datos de uso/contrato/horario (+8) | Weibull no evaluado (n insuficiente) (+4) | estimación de tipo LOW_N_SHRINKAGE (+3) | n=1 intervalos (<10) (-10) | n=1 intervalos (<3) (-20),903,903,,,,EMPIRICAL_BAYES_SHRINKAGE,0,
LINAC-153038,FUNDACION ARTURO LOPEZ PEREZ,1010848,"Mirror assembly, optics (Agility)",2022-12-20T17:00:00.000Z,2023-05-27T13:00:00.000Z,2,1,158,291.93333333333334,EMPIRICAL_BAYES_SHRINKAGE,LOW_N_SHRINKAGE,Combina 17% de historial propio (n=1) y 83% de historial de cohorte (same_client_same_part).,291.93,9.59,,291.93333333333334,,,,0.167,0.833,same_client_same_part,2,1,0,1.25,,NO_DATA,,2024-03-14T11:19:12.000Z,LOW_N_SHRINKAGE,NO_MANUFACTURER_DATA,30,Insuficiente,1 intervalo(s) válidos (+5) | match exacto/alias (REF_EXACT) (+12) | asociación single (+12) | 5 meses de cobertura (+4) | sin intervalos suficientes (+0) | hay estimación de cohorte disponible (+12) | hay datos de uso/contrato/horario (+8) | Weibull no evaluado (n insuficiente) (+4) | estimación de tipo LOW_N_SHRINKAGE (+3) | n=1 intervalos (<10) (-10) | n=1 intervalos (<3) (-20),,LOW_N_SHRINKAGE,30,Insuficiente,1 intervalo(s) válidos (+5) | match exacto/alias (REF_EXACT) (+12) | asociación single (+12) | 5 meses de cobertura (+4) | sin intervalos suficientes (+0) | hay estimación de cohorte disponible (+12) | hay datos de uso/contrato/horario (+8) | Weibull no evaluado (n insuficiente) (+4) | estimación de tipo LOW_N_SHRINKAGE (+3) | n=1 intervalos (<10) (-10) | n=1 intervalos (<3) (-20),158,158,,,,EMPIRICAL_BAYES_SHRINKAGE,0.5,
CLC-1,CLÍNICA LAS CONDES,1024939,"ASSY, 40X40X10MM FAN, HEATSINK",2023-01-25T11:30:00.000Z,2025-05-20T17:26:00.000Z,2,1,846,496.89166666666665,EMPIRICAL_BAYES_SHRINKAGE,LOW_N_SHRINKAGE,Combina 17% de historial propio (n=1) y 83% de historial de cohorte (same_client_same_part).,496.89,16.32,,496.89166666666665,,,,0.167,0.833,same_client_same_part,2,1,0,0.74,,NO_DATA,,2026-09-29T14:47:36.000Z,LOW_N_SHRINKAGE,NO_MANUFACTURER_DATA,38,Insuficiente,1 intervalo(s) válidos (+5) | match exacto/alias (REF_EXACT) (+12) | asociación single (+12) | 28 meses de cobertura (+12) | sin intervalos suficientes (+0) | hay estimación de cohorte disponible (+12) | hay datos de uso/contrato/horario (+8) | Weibull no evaluado (n insuficiente) (+4) | estimación de tipo LOW_N_SHRINKAGE (+3) | n=1 intervalos (<10) (-10) | n=1 intervalos (<3) (-20),,LOW_N_SHRINKAGE,38,Insuficiente,1 intervalo(s) válidos (+5) | match exacto/alias (REF_EXACT) (+12) | asociación single (+12) | 28 meses de cobertura (+12) | sin intervalos suficientes (+0) | hay estimación de cohorte disponible (+12) | hay datos de uso/contrato/horario (+8) | Weibull no evaluado (n insuficiente) (+4) | estimación de tipo LOW_N_SHRINKAGE (+3) | n=1 intervalos (<10) (-10) | n=1 intervalos (<3) (-20),846,846,,,,EMPIRICAL_BAYES_SHRINKAGE,0,
INC-INFINITY01,Instituto Nacional del Cáncer (INC),4513316442301M,FILTER ELEMENT 5 MICRON,2023-08-03T19:19:00.000Z,2024-06-07T21:52:00.000Z,2,1,309,349.8416666666667,EMPIRICAL_BAYES_SHRINKAGE,LOW_N_SHRINKAGE,Combina 17% de historial propio (n=1) y 83% de historial de cohorte (same_client_same_part).,349.84,11.49,,349.8416666666667,,,,0.167,0.833,same_client_same_part,2,1,0,1.04,,NO_DATA,,2025-05-23T18:01:36.000Z,LOW_N_SHRINKAGE,NO_MANUFACTURER_DATA,30,Insuficiente,1 intervalo(s) válidos (+5) | match exacto/alias (REF_EXACT) (+12) | asociación single (+12) | 10 meses de cobertura (+4) | sin intervalos suficientes (+0) | hay estimación de cohorte disponible (+12) | hay datos de uso/contrato/horario (+8) | Weibull no evaluado (n insuficiente) (+4) | estimación de tipo LOW_N_SHRINKAGE (+3) | n=1 intervalos (<10) (-10) | n=1 intervalos (<3) (-20),,LOW_N_SHRINKAGE,30,Insuficiente,1 intervalo(s) válidos (+5) | match exacto/alias (REF_EXACT) (+12) | asociación single (+12) | 10 meses de cobertura (+4) | sin intervalos suficientes (+0) | hay estimación de cohorte disponible (+12) | hay datos de uso/contrato/horario (+8) | Weibull no evaluado (n insuficiente) (+4) | estimación de tipo LOW_N_SHRINKAGE (+3) | n=1 intervalos (<10) (-10) | n=1 intervalos (<3) (-20),309,309,,,,EMPIRICAL_BAYES_SHRINKAGE,0.52,
Linac-109256,UC CHRISTUS - SCA,1018265_proveedor_local,"Proveedor Local, FRU MOTOR BRUSH SET (ELECTROCRAFT)",2023-08-11T00:52:00.000Z,2024-05-28T19:15:00.000Z,2,1,292,365.85833333333335,EMPIRICAL_BAYES_SHRINKAGE,LOW_N_SHRINKAGE,Combina 17% de historial propio (n=1) y 83% de historial de cohorte (same_client_same_part).,365.86,12.02,,365.85833333333335,,,,0.167,0.833,same_client_same_part,2,1,0,1,,NO_DATA,,2025-05-29T15:53:24.000Z,LOW_N_SHRINKAGE,NO_MANUFACTURER_DATA,26,Insuficiente,1 intervalo(s) válidos (+5) | match por método débil (REF_LIKE) (+8) | asociación single (+12) | 10 meses de cobertura (+4) | sin intervalos suficientes (+0) | hay estimación de cohorte disponible (+12) | hay datos de uso/contrato/horario (+8) | Weibull no evaluado (n insuficiente) (+4) | estimación de tipo LOW_N_SHRINKAGE (+3) | n=1 intervalos (<10) (-10) | n=1 intervalos (<3) (-20),,LOW_N_SHRINKAGE,26,Insuficiente,1 intervalo(s) válidos (+5) | match por método débil (REF_LIKE) (+8) | asociación single (+12) | 10 meses de cobertura (+4) | sin intervalos suficientes (+0) | hay estimación de cohorte disponible (+12) | hay datos de uso/contrato/horario (+8) | Weibull no evaluado (n insuficiente) (+4) | estimación de tipo LOW_N_SHRINKAGE (+3) | n=1 intervalos (<10) (-10) | n=1 intervalos (<3) (-20),292,292,,,,EMPIRICAL_BAYES_SHRINKAGE,0.67,
Linac-153935,UC CHRISTUS - CECA,1556287,"KIT, SPARES, DIAPHRAGM BRAKE",2023-08-25T13:00:00.000Z,2025-02-05T21:09:00.000Z,2,1,530,207.39166666666665,EMPIRICAL_BAYES_SHRINKAGE,LOW_N_SHRINKAGE,Combina 17% de historial propio (n=1) y 83% de historial de cohorte (same_client_same_part).,207.39,6.81,,207.39166666666665,,,,0.167,0.833,same_client_same_part,2,1,0,1.76,,NO_DATA,,2025-09-01T06:30:36.000Z,LOW_N_SHRINKAGE,NO_MANUFACTURER_DATA,34,Insuficiente,1 intervalo(s) válidos (+5) | match exacto/alias (REF_EXACT) (+12) | asociación single (+12) | 17 meses de cobertura (+8) | sin intervalos suficientes (+0) | hay estimación de cohorte disponible (+12) | hay datos de uso/contrato/horario (+8) | Weibull no evaluado (n insuficiente) (+4) | estimación de tipo LOW_N_SHRINKAGE (+3) | n=1 intervalos (<10) (-10) | n=1 intervalos (<3) (-20),,LOW_N_SHRINKAGE,34,Insuficiente,1 intervalo(s) válidos (+5) | match exacto/alias (REF_EXACT) (+12) | asociación single (+12) | 17 meses de cobertura (+8) | sin intervalos suficientes (+0) | hay estimación de cohorte disponible (+12) | hay datos de uso/contrato/horario (+8) | Weibull no evaluado (n insuficiente) (+4) | estimación de tipo LOW_N_SHRINKAGE (+3) | n=1 intervalos (<10) (-10) | n=1 intervalos (<3) (-20),530,530,,,,EMPIRICAL_BAYES_SHRINKAGE,0.28,
Linac-109256,UC CHRISTUS - SCA,1018559,"ASSY, BRACKET & FAN",2023-09-01T20:00:00.000Z,2025-02-21T18:47:00.000Z,2,1,539,383.10833333333335,EMPIRICAL_BAYES_SHRINKAGE,LOW_N_SHRINKAGE,Combina 17% de historial propio (n=1) y 83% de historial de cohorte (same_client_same_part).,383.11,12.59,,383.10833333333335,,,,0.167,0.833,same_client_same_part,2,1,0,0.95,,NO_DATA,,2026-03-11T21:25:24.000Z,LOW_N_SHRINKAGE,NO_MANUFACTURER_DATA,34,Insuficiente,1 intervalo(s) válidos (+5) | match exacto/alias (REF_EXACT) (+12) | asociación single (+12) | 18 meses de cobertura (+8) | sin intervalos suficientes (+0) | hay estimación de cohorte disponible (+12) | hay datos de uso/contrato/horario (+8) | Weibull no evaluado (n insuficiente) (+4) | estimación de tipo LOW_N_SHRINKAGE (+3) | n=1 intervalos (<10) (-10) | n=1 intervalos (<3) (-20),,LOW_N_SHRINKAGE,34,Insuficiente,1 intervalo(s) válidos (+5) | match exacto/alias (REF_EXACT) (+12) | asociación single (+12) | 18 meses de cobertura (+8) | sin intervalos suficientes (+0) | hay estimación de cohorte disponible (+12) | hay datos de uso/contrato/horario (+8) | Weibull no evaluado (n insuficiente) (+4) | estimación de tipo LOW_N_SHRINKAGE (+3) | n=1 intervalos (<10) (-10) | n=1 intervalos (<3) (-20),539,539,,,,EMPIRICAL_BAYES_SHRINKAGE,0,
INC-INFINITY01,Instituto Nacional del Cáncer (INC),1517657,"PCB ASSY, LEAF MOTOR DRIVE - 1 Only",2023-09-15T13:30:00.000Z,2024-05-22T15:15:00.000Z,2,1,250,244.125,EMPIRICAL_BAYES_SHRINKAGE,LOW_N_SHRINKAGE,Combina 17% de historial propio (n=1) y 83% de historial de cohorte (same_client_same_part).,244.13,8.02,,244.125,,,,0.167,0.833,same_client_same_part,2,1,0,1.5,,NO_DATA,,2025-01-21T18:22:12.000Z,LOW_N_SHRINKAGE,NO_MANUFACTURER_DATA,30,Insuficiente,1 intervalo(s) válidos (+5) | match exacto/alias (REF_EXACT) (+12) | asociación single (+12) | 8 meses de cobertura (+4) | sin intervalos suficientes (+0) | hay estimación de cohorte disponible (+12) | hay datos de uso/contrato/horario (+8) | Weibull no evaluado (n insuficiente) (+4) | estimación de tipo LOW_N_SHRINKAGE (+3) | n=1 intervalos (<10) (-10) | n=1 intervalos (<3) (-20),,LOW_N_SHRINKAGE,30,Insuficiente,1 intervalo(s) válidos (+5) | match exacto/alias (REF_EXACT) (+12) | asociación single (+12) | 8 meses de cobertura (+4) | sin intervalos suficientes (+0) | hay estimación de cohorte disponible (+12) | hay datos de uso/contrato/horario (+8) | Weibull no evaluado (n insuficiente) (+4) | estimación de tipo LOW_N_SHRINKAGE (+3) | n=1 intervalos (<10) (-10) | n=1 intervalos (<3) (-20),250,250,,,,EMPIRICAL_BAYES_SHRINKAGE,0,
Linac-153935,UC CHRISTUS - CECA,1515098,ION PUMP - SPARE,2023-09-25T19:00:00.000Z,2025-04-10T19:23:00.000Z,2,1,563,416.06666666666666,EMPIRICAL_BAYES_SHRINKAGE,LOW_N_SHRINKAGE,Combina 17% de historial propio (n=1) y 83% de historial de cohorte (same_client_same_part).,416.07,13.67,,416.06666666666666,,,,0.167,0.833,same_client_same_part,2,1,0,0.88,,NO_DATA,,2026-05-31T21:03:48.000Z,LOW_N_SHRINKAGE,NO_MANUFACTURER_DATA,34,Insuficiente,1 intervalo(s) válidos (+5) | match exacto/alias (REF_EXACT) (+12) | asociación single (+12) | 18 meses de cobertura (+8) | sin intervalos suficientes (+0) | hay estimación de cohorte disponible (+12) | hay datos de uso/contrato/horario (+8) | Weibull no evaluado (n insuficiente) (+4) | estimación de tipo LOW_N_SHRINKAGE (+3) | n=1 intervalos (<10) (-10) | n=1 intervalos (<3) (-20),,LOW_N_SHRINKAGE,34,Insuficiente,1 intervalo(s) válidos (+5) | match exacto/alias (REF_EXACT) (+12) | asociación single (+12) | 18 meses de cobertura (+8) | sin intervalos suficientes (+0) | hay estimación de cohorte disponible (+12) | hay datos de uso/contrato/horario (+8) | Weibull no evaluado (n insuficiente) (+4) | estimación de tipo LOW_N_SHRINKAGE (+3) | n=1 intervalos (<10) (-10) | n=1 intervalos (<3) (-20),563,563,,,,EMPIRICAL_BAYES_SHRINKAGE,0,
Linac-152171,CLINICA ALEMANA DE SANTIAGO,1515098,ION PUMP - SPARE,2023-10-06T19:45:00.000Z,2026-04-20T14:30:00.000Z,2,1,927,516.5333333333333,EMPIRICAL_BAYES_SHRINKAGE,LOW_N_SHRINKAGE,Combina 17% de historial propio (n=1) y 83% de historial de cohorte (same_client_same_part).,516.53,16.97,,516.5333333333333,,,,0.167,0.833,same_client_same_part,2,1,0,0.71,,NO_DATA,,2027-09-19T03:13:12.000Z,LOW_N_SHRINKAGE,NO_MANUFACTURER_DATA,38,Insuficiente,1 intervalo(s) válidos (+5) | match exacto/alias (REF_EXACT) (+12) | asociación single (+12) | 30 meses de cobertura (+12) | sin intervalos suficientes (+0) | hay estimación de cohorte disponible (+12) | hay datos de uso/contrato/horario (+8) | Weibull no evaluado (n insuficiente) (+4) | estimación de tipo LOW_N_SHRINKAGE (+3) | n=1 intervalos (<10) (-10) | n=1 intervalos (<3) (-20),,LOW_N_SHRINKAGE,38,Insuficiente,1 intervalo(s) válidos (+5) | match exacto/alias (REF_EXACT) (+12) | asociación single (+12) | 30 meses de cobertura (+12) | sin intervalos suficientes (+0) | hay estimación de cohorte disponible (+12) | hay datos de uso/contrato/horario (+8) | Weibull no evaluado (n insuficiente) (+4) | estimación de tipo LOW_N_SHRINKAGE (+3) | n=1 intervalos (<10) (-10) | n=1 intervalos (<3) (-20),927,927,,,,EMPIRICAL_BAYES_SHRINKAGE,0.06,
APOTECA-CHEMO,FUNDACION ARTURO LOPEZ PEREZ,T00010988-01-NR2,BASE JERINGA 50 ML,2023-12-01T12:30:00.000Z,2026-01-02T16:10:00.000Z,2,1,763,494.32499999999993,EMPIRICAL_BAYES_SHRINKAGE,LOW_N_SHRINKAGE,Combina 17% de historial propio (n=1) y 83% de historial de cohorte (same_client_same_part).,494.32,16.24,,494.32499999999993,,,,0.167,0.833,same_client_same_part,2,1,0,0.74,,NO_DATA,,2027-05-11T23:50:48.000Z,LOW_N_SHRINKAGE,NO_MANUFACTURER_DATA,38,Insuficiente,1 intervalo(s) válidos (+5) | match exacto/alias (REF_EXACT) (+12) | asociación single (+12) | 25 meses de cobertura (+12) | sin intervalos suficientes (+0) | hay estimación de cohorte disponible (+12) | hay datos de uso/contrato/horario (+8) | Weibull no evaluado (n insuficiente) (+4) | estimación de tipo LOW_N_SHRINKAGE (+3) | n=1 intervalos (<10) (-10) | n=1 intervalos (<3) (-20),,LOW_N_SHRINKAGE,38,Insuficiente,1 intervalo(s) válidos (+5) | match exacto/alias (REF_EXACT) (+12) | asociación single (+12) | 25 meses de cobertura (+12) | sin intervalos suficientes (+0) | hay estimación de cohorte disponible (+12) | hay datos de uso/contrato/horario (+8) | Weibull no evaluado (n insuficiente) (+4) | estimación de tipo LOW_N_SHRINKAGE (+3) | n=1 intervalos (<10) (-10) | n=1 intervalos (<3) (-20),763,763,,,,EMPIRICAL_BAYES_SHRINKAGE,0,
LINAC-153038,FUNDACION ARTURO LOPEZ PEREZ,1564298,Diaphragm/DLG PCB,2024-01-13T12:46:00.000Z,2024-11-06T21:31:00.000Z,2,1,298,190.98333333333335,EMPIRICAL_BAYES_SHRINKAGE,LOW_N_SHRINKAGE,Combina 17% de historial propio (n=1) y 83% de historial de cohorte (same_client_same_part).,190.98,6.27,,190.98333333333335,,,,0.167,0.833,same_client_same_part,2,1,0,1.91,,NO_DATA,,2025-05-16T21:02:12.000Z,LOW_N_SHRINKAGE,NO_MANUFACTURER_DATA,30,Insuficiente,1 intervalo(s) válidos (+5) | match exacto/alias (REF_EXACT) (+12) | asociación single (+12) | 10 meses de cobertura (+4) | sin intervalos suficientes (+0) | hay estimación de cohorte disponible (+12) | hay datos de uso/contrato/horario (+8) | Weibull no evaluado (n insuficiente) (+4) | estimación de tipo LOW_N_SHRINKAGE (+3) | n=1 intervalos (<10) (-10) | n=1 intervalos (<3) (-20),,LOW_N_SHRINKAGE,30,Insuficiente,1 intervalo(s) válidos (+5) | match exacto/alias (REF_EXACT) (+12) | asociación single (+12) | 10 meses de cobertura (+4) | sin intervalos suficientes (+0) | hay estimación de cohorte disponible (+12) | hay datos de uso/contrato/horario (+8) | Weibull no evaluado (n insuficiente) (+4) | estimación de tipo LOW_N_SHRINKAGE (+3) | n=1 intervalos (<10) (-10) | n=1 intervalos (<3) (-20),298,298,,,,EMPIRICAL_BAYES_SHRINKAGE,0.75,
Linac-109256,UC CHRISTUS - SCA,45133304800,SL ELECTRON GUN ASSY,2024-02-09T11:00:00.000Z,2025-01-02T12:30:00.000Z,2,1,328,396.0416666666667,EMPIRICAL_BAYES_SHRINKAGE,LOW_N_SHRINKAGE,Combina 17% de historial propio (n=1) y 83% de historial de cohorte (same_client_same_part).,396.04,13.01,,396.0416666666667,,,,0.167,0.833,same_client_same_part,2,1,0,0.92,,NO_DATA,,2026-02-02T13:27:36.000Z,LOW_N_SHRINKAGE,NO_MANUFACTURER_DATA,30,Insuficiente,1 intervalo(s) válidos (+5) | match exacto/alias (REF_EXACT) (+12) | asociación single (+12) | 11 meses de cobertura (+4) | sin intervalos suficientes (+0) | hay estimación de cohorte disponible (+12) | hay datos de uso/contrato/horario (+8) | Weibull no evaluado (n insuficiente) (+4) | estimación de tipo LOW_N_SHRINKAGE (+3) | n=1 intervalos (<10) (-10) | n=1 intervalos (<3) (-20),,LOW_N_SHRINKAGE,30,Insuficiente,1 intervalo(s) válidos (+5) | match exacto/alias (REF_EXACT) (+12) | asociación single (+12) | 11 meses de cobertura (+4) | sin intervalos suficientes (+0) | hay estimación de cohorte disponible (+12) | hay datos de uso/contrato/horario (+8) | Weibull no evaluado (n insuficiente) (+4) | estimación de tipo LOW_N_SHRINKAGE (+3) | n=1 intervalos (<10) (-10) | n=1 intervalos (<3) (-20),328,328,,,,EMPIRICAL_BAYES_SHRINKAGE,0.13,
Linac-154325,HOSPITAL CARLOS VAN BUREN (SSVSA),45133304800,SL ELECTRON GUN ASSY,2024-01-22T03:00:00.000Z,2026-01-16T17:56:00.000Z,2,1,726,517.6500000000001,EMPIRICAL_BAYES_SHRINKAGE,LOW_N_SHRINKAGE,Combina 17% de historial propio (n=1) y 83% de historial de cohorte (same_client_same_part).,517.65,17.01,,517.6500000000001,,,,0.167,0.833,same_client_same_part,2,1,0,0.71,,NO_DATA,,2027-06-18T09:32:00.000Z,LOW_N_SHRINKAGE,NO_MANUFACTURER_DATA,34,Insuficiente,1 intervalo(s) válidos (+5) | match exacto/alias (REF_EXACT) (+12) | asociación single (+12) | 24 meses de cobertura (+8) | sin intervalos suficientes (+0) | hay estimación de cohorte disponible (+12) | hay datos de uso/contrato/horario (+8) | Weibull no evaluado (n insuficiente) (+4) | estimación de tipo LOW_N_SHRINKAGE (+3) | n=1 intervalos (<10) (-10) | n=1 intervalos (<3) (-20),,LOW_N_SHRINKAGE,34,Insuficiente,1 intervalo(s) válidos (+5) | match exacto/alias (REF_EXACT) (+12) | asociación single (+12) | 24 meses de cobertura (+8) | sin intervalos suficientes (+0) | hay estimación de cohorte disponible (+12) | hay datos de uso/contrato/horario (+8) | Weibull no evaluado (n insuficiente) (+4) | estimación de tipo LOW_N_SHRINKAGE (+3) | n=1 intervalos (<10) (-10) | n=1 intervalos (<3) (-20),726,726,,,,EMPIRICAL_BAYES_SHRINKAGE,0.89,
CLC-1,CLÍNICA LAS CONDES,1502613,Laser ODI Spares Kit,2024-02-27T12:15:00.000Z,2025-05-20T17:35:00.000Z,2,1,448,381.3083333333334,EMPIRICAL_BAYES_SHRINKAGE,LOW_N_SHRINKAGE,Combina 17% de historial propio (n=1) y 83% de historial de cohorte (same_client_same_part).,381.31,12.53,,381.3083333333334,,,,0.167,0.833,same_client_same_part,2,1,0,0.96,,NO_DATA,,2026-06-06T01:01:24.000Z,LOW_N_SHRINKAGE,NO_MANUFACTURER_DATA,34,Insuficiente,1 intervalo(s) válidos (+5) | match exacto/alias (REF_EXACT) (+12) | asociación single (+12) | 15 meses de cobertura (+8) | sin intervalos suficientes (+0) | hay estimación de cohorte disponible (+12) | hay datos de uso/contrato/horario (+8) | Weibull no evaluado (n insuficiente) (+4) | estimación de tipo LOW_N_SHRINKAGE (+3) | n=1 intervalos (<10) (-10) | n=1 intervalos (<3) (-20),,LOW_N_SHRINKAGE,34,Insuficiente,1 intervalo(s) válidos (+5) | match exacto/alias (REF_EXACT) (+12) | asociación single (+12) | 15 meses de cobertura (+8) | sin intervalos suficientes (+0) | hay estimación de cohorte disponible (+12) | hay datos de uso/contrato/horario (+8) | Weibull no evaluado (n insuficiente) (+4) | estimación de tipo LOW_N_SHRINKAGE (+3) | n=1 intervalos (<10) (-10) | n=1 intervalos (<3) (-20),448,448,,,,EMPIRICAL_BAYES_SHRINKAGE,0,
Linac-201110,CLÍNICA SANATORIO ALEMÁN (ONCORAD),1532627,"FRU,GUN FILA PSU",2024-03-04T13:00:00.000Z,2024-03-05T11:00:00.000Z,2,1,1,220.61666666666667,EMPIRICAL_BAYES_SHRINKAGE,LOW_N_SHRINKAGE,Combina 17% de historial propio (n=1) y 83% de historial de cohorte (same_client_same_part).,220.62,7.25,,220.61666666666667,,,,0.167,0.833,same_client_same_part,2,1,0,1.66,,NO_DATA,,2024-10-12T01:52:48.000Z,LOW_N_SHRINKAGE,NO_MANUFACTURER_DATA,30,Insuficiente,1 intervalo(s) válidos (+5) | match exacto/alias (REF_EXACT) (+12) | asociación single (+12) | 0 meses de cobertura (+4) | sin intervalos suficientes (+0) | hay estimación de cohorte disponible (+12) | hay datos de uso/contrato/horario (+8) | Weibull no evaluado (n insuficiente) (+4) | estimación de tipo LOW_N_SHRINKAGE (+3) | n=1 intervalos (<10) (-10) | n=1 intervalos (<3) (-20),,LOW_N_SHRINKAGE,30,Insuficiente,1 intervalo(s) válidos (+5) | match exacto/alias (REF_EXACT) (+12) | asociación single (+12) | 0 meses de cobertura (+4) | sin intervalos suficientes (+0) | hay estimación de cohorte disponible (+12) | hay datos de uso/contrato/horario (+8) | Weibull no evaluado (n insuficiente) (+4) | estimación de tipo LOW_N_SHRINKAGE (+3) | n=1 intervalos (<10) (-10) | n=1 intervalos (<3) (-20),1,1,,,,EMPIRICAL_BAYES_SHRINKAGE,0,
Linac-154325,HOSPITAL CARLOS VAN BUREN (SSVSA),1527814,"PSU, ION PUMP",2024-03-07T21:00:00.000Z,2025-02-18T00:30:00.000Z,2,1,347,439.8666666666667,EMPIRICAL_BAYES_SHRINKAGE,LOW_N_SHRINKAGE,Combina 17% de historial propio (n=1) y 83% de historial de cohorte (same_client_same_part).,439.87,14.45,,439.8666666666667,,,,0.167,0.833,same_client_same_part,2,1,0,0.83,,NO_DATA,,2026-05-03T21:22:48.000Z,LOW_N_SHRINKAGE,NO_MANUFACTURER_DATA,30,Insuficiente,1 intervalo(s) válidos (+5) | match exacto/alias (REF_EXACT) (+12) | asociación single (+12) | 11 meses de cobertura (+4) | sin intervalos suficientes (+0) | hay estimación de cohorte disponible (+12) | hay datos de uso/contrato/horario (+8) | Weibull no evaluado (n insuficiente) (+4) | estimación de tipo LOW_N_SHRINKAGE (+3) | n=1 intervalos (<10) (-10) | n=1 intervalos (<3) (-20),,LOW_N_SHRINKAGE,30,Insuficiente,1 intervalo(s) válidos (+5) | match exacto/alias (REF_EXACT) (+12) | asociación single (+12) | 11 meses de cobertura (+4) | sin intervalos suficientes (+0) | hay estimación de cohorte disponible (+12) | hay datos de uso/contrato/horario (+8) | Weibull no evaluado (n insuficiente) (+4) | estimación de tipo LOW_N_SHRINKAGE (+3) | n=1 intervalos (<10) (-10) | n=1 intervalos (<3) (-20),347,347,,,,EMPIRICAL_BAYES_SHRINKAGE,0.88,
Linac-154325,HOSPITAL CARLOS VAN BUREN (SSVSA),1517657,"PCB ASSY, LEAF MOTOR DRIVE - 1 Only",2024-04-12T14:00:00.000Z,2025-11-17T14:51:00.000Z,2,1,584,346.18333333333334,EMPIRICAL_BAYES_SHRINKAGE,LOW_N_SHRINKAGE,Combina 17% de historial propio (n=1) y 83% de historial de cohorte (same_client_same_part).,346.18,11.37,,346.18333333333334,,,,0.167,0.833,same_client_same_part,2,1,0,1.06,,NO_DATA,,2026-10-29T19:10:12.000Z,LOW_N_SHRINKAGE,NO_MANUFACTURER_DATA,34,Insuficiente,1 intervalo(s) válidos (+5) | match exacto/alias (REF_EXACT) (+12) | asociación single (+12) | 19 meses de cobertura (+8) | sin intervalos suficientes (+0) | hay estimación de cohorte disponible (+12) | hay datos de uso/contrato/horario (+8) | Weibull no evaluado (n insuficiente) (+4) | estimación de tipo LOW_N_SHRINKAGE (+3) | n=1 intervalos (<10) (-10) | n=1 intervalos (<3) (-20),,LOW_N_SHRINKAGE,34,Insuficiente,1 intervalo(s) válidos (+5) | match exacto/alias (REF_EXACT) (+12) | asociación single (+12) | 19 meses de cobertura (+8) | sin intervalos suficientes (+0) | hay estimación de cohorte disponible (+12) | hay datos de uso/contrato/horario (+8) | Weibull no evaluado (n insuficiente) (+4) | estimación de tipo LOW_N_SHRINKAGE (+3) | n=1 intervalos (<10) (-10) | n=1 intervalos (<3) (-20),584,584,,,,EMPIRICAL_BAYES_SHRINKAGE,0,
LINAC-153038,FUNDACION ARTURO LOPEZ PEREZ,1021309___1564281,"PCB ASSY, WEDGE CONTROL",2024-05-14T22:49:00.000Z,2025-03-21T19:21:00.000Z,2,1,311,286.425,EMPIRICAL_BAYES_SHRINKAGE,LOW_N_SHRINKAGE,Combina 17% de historial propio (n=1) y 83% de historial de cohorte (same_client_same_part).,286.43,9.41,,286.425,,,,0.167,0.833,same_client_same_part,2,1,0,1.28,,NO_DATA,,2026-01-02T05:40:12.000Z,LOW_N_SHRINKAGE,NO_MANUFACTURER_DATA,26,Insuficiente,1 intervalo(s) válidos (+5) | match por método débil (REF_LIKE) (+8) | asociación single (+12) | 10 meses de cobertura (+4) | sin intervalos suficientes (+0) | hay estimación de cohorte disponible (+12) | hay datos de uso/contrato/horario (+8) | Weibull no evaluado (n insuficiente) (+4) | estimación de tipo LOW_N_SHRINKAGE (+3) | n=1 intervalos (<10) (-10) | n=1 intervalos (<3) (-20),,LOW_N_SHRINKAGE,26,Insuficiente,1 intervalo(s) válidos (+5) | match por método débil (REF_LIKE) (+8) | asociación single (+12) | 10 meses de cobertura (+4) | sin intervalos suficientes (+0) | hay estimación de cohorte disponible (+12) | hay datos de uso/contrato/horario (+8) | Weibull no evaluado (n insuficiente) (+4) | estimación de tipo LOW_N_SHRINKAGE (+3) | n=1 intervalos (<10) (-10) | n=1 intervalos (<3) (-20),311,311,,,,EMPIRICAL_BAYES_SHRINKAGE,0.44,
Linac-109256,UC CHRISTUS - SCA,1024939,"ASSY, 40X40X10MM FAN, HEATSINK",2024-05-17T16:31:00.000Z,2025-03-19T18:52:00.000Z,2,1,306,331.89166666666665,EMPIRICAL_BAYES_SHRINKAGE,LOW_N_SHRINKAGE,Combina 17% de historial propio (n=1) y 83% de historial de cohorte (same_client_same_part).,331.89,10.9,,331.89166666666665,,,,0.167,0.833,same_client_same_part,2,1,0,1.1,,NO_DATA,,2026-02-14T16:13:36.000Z,LOW_N_SHRINKAGE,NO_MANUFACTURER_DATA,30,Insuficiente,1 intervalo(s) válidos (+5) | match exacto/alias (REF_EXACT) (+12) | asociación single (+12) | 10 meses de cobertura (+4) | sin intervalos suficientes (+0) | hay estimación de cohorte disponible (+12) | hay datos de uso/contrato/horario (+8) | Weibull no evaluado (n insuficiente) (+4) | estimación de tipo LOW_N_SHRINKAGE (+3) | n=1 intervalos (<10) (-10) | n=1 intervalos (<3) (-20),,LOW_N_SHRINKAGE,30,Insuficiente,1 intervalo(s) válidos (+5) | match exacto/alias (REF_EXACT) (+12) | asociación single (+12) | 10 meses de cobertura (+4) | sin intervalos suficientes (+0) | hay estimación de cohorte disponible (+12) | hay datos de uso/contrato/horario (+8) | Weibull no evaluado (n insuficiente) (+4) | estimación de tipo LOW_N_SHRINKAGE (+3) | n=1 intervalos (<10) (-10) | n=1 intervalos (<3) (-20),306,306,,,,EMPIRICAL_BAYES_SHRINKAGE,0,
Linac-109256,UC CHRISTUS - SCA,1527814,"PSU, ION PUMP",2024-05-17T16:31:00.000Z,2025-03-25T20:33:00.000Z,2,1,312,429.175,EMPIRICAL_BAYES_SHRINKAGE,LOW_N_SHRINKAGE,Combina 17% de historial propio (n=1) y 83% de historial de cohorte (same_client_same_part).,429.18,14.1,,429.175,,,,0.167,0.833,same_client_same_part,2,1,0,0.85,,NO_DATA,,2026-05-29T00:52:12.000Z,LOW_N_SHRINKAGE,NO_MANUFACTURER_DATA,30,Insuficiente,1 intervalo(s) válidos (+5) | match exacto/alias (REF_EXACT) (+12) | asociación single (+12) | 10 meses de cobertura (+4) | sin intervalos suficientes (+0) | hay estimación de cohorte disponible (+12) | hay datos de uso/contrato/horario (+8) | Weibull no evaluado (n insuficiente) (+4) | estimación de tipo LOW_N_SHRINKAGE (+3) | n=1 intervalos (<10) (-10) | n=1 intervalos (<3) (-20),,LOW_N_SHRINKAGE,30,Insuficiente,1 intervalo(s) válidos (+5) | match exacto/alias (REF_EXACT) (+12) | asociación single (+12) | 10 meses de cobertura (+4) | sin intervalos suficientes (+0) | hay estimación de cohorte disponible (+12) | hay datos de uso/contrato/horario (+8) | Weibull no evaluado (n insuficiente) (+4) | estimación de tipo LOW_N_SHRINKAGE (+3) | n=1 intervalos (<10) (-10) | n=1 intervalos (<3) (-20),312,312,,,,EMPIRICAL_BAYES_SHRINKAGE,0.26,
Linac-109256,UC CHRISTUS - SCA,4513316441202U,"Potentiometer, 20k, 1 turn Fine",2024-05-22T22:00:00.000Z,2024-06-17T17:51:00.000Z,2,1,26,197.5666666666667,EMPIRICAL_BAYES_SHRINKAGE,LOW_N_SHRINKAGE,Combina 17% de historial propio (n=1) y 83% de historial de cohorte (same_client_same_part).,197.57,6.49,,197.5666666666667,,,,0.167,0.833,same_client_same_part,2,1,0,1.85,,NO_DATA,,2025-01-01T07:31:48.000Z,LOW_N_SHRINKAGE,NO_MANUFACTURER_DATA,26,Insuficiente,1 intervalo(s) válidos (+5) | match por método débil (REF_LIKE) (+8) | asociación single (+12) | 1 meses de cobertura (+4) | sin intervalos suficientes (+0) | hay estimación de cohorte disponible (+12) | hay datos de uso/contrato/horario (+8) | Weibull no evaluado (n insuficiente) (+4) | estimación de tipo LOW_N_SHRINKAGE (+3) | n=1 intervalos (<10) (-10) | n=1 intervalos (<3) (-20),,LOW_N_SHRINKAGE,26,Insuficiente,1 intervalo(s) válidos (+5) | match por método débil (REF_LIKE) (+8) | asociación single (+12) | 1 meses de cobertura (+4) | sin intervalos suficientes (+0) | hay estimación de cohorte disponible (+12) | hay datos de uso/contrato/horario (+8) | Weibull no evaluado (n insuficiente) (+4) | estimación de tipo LOW_N_SHRINKAGE (+3) | n=1 intervalos (<10) (-10) | n=1 intervalos (<3) (-20),26,26,,,,EMPIRICAL_BAYES_SHRINKAGE,0.38,
Linac-109256,UC CHRISTUS - SCA,1541744,"FRU KIT, HAND HELD CONTROLLER",2024-06-11T20:00:00.000Z,2024-11-27T13:30:00.000Z,2,1,169,140.70833333333334,EMPIRICAL_BAYES_SHRINKAGE,LOW_N_SHRINKAGE,Combina 17% de historial propio (n=1) y 83% de historial de cohorte (same_client_same_part).,140.71,4.62,,140.70833333333334,,,,0.167,0.833,same_client_same_part,2,1,0,2.6,,NO_DATA,,2025-04-17T06:32:24.000Z,LOW_N_SHRINKAGE,NO_MANUFACTURER_DATA,30,Insuficiente,1 intervalo(s) válidos (+5) | match exacto/alias (REF_EXACT) (+12) | asociación single (+12) | 6 meses de cobertura (+4) | sin intervalos suficientes (+0) | hay estimación de cohorte disponible (+12) | hay datos de uso/contrato/horario (+8) | Weibull no evaluado (n insuficiente) (+4) | estimación de tipo LOW_N_SHRINKAGE (+3) | n=1 intervalos (<10) (-10) | n=1 intervalos (<3) (-20),,LOW_N_SHRINKAGE,30,Insuficiente,1 intervalo(s) válidos (+5) | match exacto/alias (REF_EXACT) (+12) | asociación single (+12) | 6 meses de cobertura (+4) | sin intervalos suficientes (+0) | hay estimación de cohorte disponible (+12) | hay datos de uso/contrato/horario (+8) | Weibull no evaluado (n insuficiente) (+4) | estimación de tipo LOW_N_SHRINKAGE (+3) | n=1 intervalos (<10) (-10) | n=1 intervalos (<3) (-20),169,169,,,,EMPIRICAL_BAYES_SHRINKAGE,0,
Linac-109256,UC CHRISTUS - SCA,1546731,"Contactor (CON A), 24V, 50Hz, 50 A, Siemens 3RT 1036-1AB00",2024-06-25T21:00:00.000Z,2024-07-10T22:00:00.000Z,2,1,15,176.56666666666666,EMPIRICAL_BAYES_SHRINKAGE,LOW_N_SHRINKAGE,Combina 17% de historial propio (n=1) y 83% de historial de cohorte (same_client_same_part).,176.57,5.8,,176.56666666666666,,,,0.167,0.833,same_client_same_part,2,1,0,2.07,,NO_DATA,,2025-01-03T11:40:48.000Z,LOW_N_SHRINKAGE,NO_MANUFACTURER_DATA,30,Insuficiente,1 intervalo(s) válidos (+5) | match exacto/alias (REF_EXACT) (+12) | asociación single (+12) | 0 meses de cobertura (+4) | sin intervalos suficientes (+0) | hay estimación de cohorte disponible (+12) | hay datos de uso/contrato/horario (+8) | Weibull no evaluado (n insuficiente) (+4) | estimación de tipo LOW_N_SHRINKAGE (+3) | n=1 intervalos (<10) (-10) | n=1 intervalos (<3) (-20),,LOW_N_SHRINKAGE,30,Insuficiente,1 intervalo(s) válidos (+5) | match exacto/alias (REF_EXACT) (+12) | asociación single (+12) | 0 meses de cobertura (+4) | sin intervalos suficientes (+0) | hay estimación de cohorte disponible (+12) | hay datos de uso/contrato/horario (+8) | Weibull no evaluado (n insuficiente) (+4) | estimación de tipo LOW_N_SHRINKAGE (+3) | n=1 intervalos (<10) (-10) | n=1 intervalos (<3) (-20),15,15,,,,EMPIRICAL_BAYES_SHRINKAGE,0.56,
Linac-151673,CLINICA ALEMANA DE SANTIAGO,45133411846,"CABLE ASSY, PL5 TO SK5A",2024-07-15T21:00:00.000Z,2025-02-27T02:35:00.000Z,2,1,226,223.8,EMPIRICAL_BAYES_SHRINKAGE,LOW_N_SHRINKAGE,Combina 17% de historial propio (n=1) y 83% de historial de cohorte (same_client_same_part).,223.8,7.35,,223.8,,,,0.167,0.833,same_client_same_part,2,1,0,1.63,,NO_DATA,,2025-10-08T21:47:00.000Z,LOW_N_SHRINKAGE,NO_MANUFACTURER_DATA,26,Insuficiente,1 intervalo(s) válidos (+5) | match por método débil (REF_LIKE) (+8) | asociación single (+12) | 7 meses de cobertura (+4) | sin intervalos suficientes (+0) | hay estimación de cohorte disponible (+12) | hay datos de uso/contrato/horario (+8) | Weibull no evaluado (n insuficiente) (+4) | estimación de tipo LOW_N_SHRINKAGE (+3) | n=1 intervalos (<10) (-10) | n=1 intervalos (<3) (-20),,LOW_N_SHRINKAGE,26,Insuficiente,1 intervalo(s) válidos (+5) | match por método débil (REF_LIKE) (+8) | asociación single (+12) | 7 meses de cobertura (+4) | sin intervalos suficientes (+0) | hay estimación de cohorte disponible (+12) | hay datos de uso/contrato/horario (+8) | Weibull no evaluado (n insuficiente) (+4) | estimación de tipo LOW_N_SHRINKAGE (+3) | n=1 intervalos (<10) (-10) | n=1 intervalos (<3) (-20),226,226,,,,EMPIRICAL_BAYES_SHRINKAGE,0.63,
LINAC-153038,FUNDACION ARTURO LOPEZ PEREZ,1549950,"HHC kit,Synergy/Infinity",2024-07-18T20:58:00.000Z,2025-06-02T23:37:00.000Z,2,1,319,197.56666666666666,EMPIRICAL_BAYES_SHRINKAGE,LOW_N_SHRINKAGE,Combina 17% de historial propio (n=1) y 83% de historial de cohorte (same_client_same_part).,197.57,6.49,,197.56666666666666,,,,0.167,0.833,same_client_same_part,2,1,0,1.85,,NO_DATA,,2025-12-17T13:17:48.000Z,LOW_N_SHRINKAGE,NO_MANUFACTURER_DATA,30,Insuficiente,1 intervalo(s) válidos (+5) | match exacto/alias (REF_EXACT) (+12) | asociación single (+12) | 10 meses de cobertura (+4) | sin intervalos suficientes (+0) | hay estimación de cohorte disponible (+12) | hay datos de uso/contrato/horario (+8) | Weibull no evaluado (n insuficiente) (+4) | estimación de tipo LOW_N_SHRINKAGE (+3) | n=1 intervalos (<10) (-10) | n=1 intervalos (<3) (-20),,LOW_N_SHRINKAGE,30,Insuficiente,1 intervalo(s) válidos (+5) | match exacto/alias (REF_EXACT) (+12) | asociación single (+12) | 10 meses de cobertura (+4) | sin intervalos suficientes (+0) | hay estimación de cohorte disponible (+12) | hay datos de uso/contrato/horario (+8) | Weibull no evaluado (n insuficiente) (+4) | estimación de tipo LOW_N_SHRINKAGE (+3) | n=1 intervalos (<10) (-10) | n=1 intervalos (<3) (-20),319,319,,,,EMPIRICAL_BAYES_SHRINKAGE,0.6,
Linac-109374,UC CHRISTUS - CECA,1517657,"PCB ASSY, LEAF MOTOR DRIVE - 1 Only",2024-08-09T19:33:00.000Z,2025-12-10T11:22:00.000Z,2,1,488,304.23333333333335,EMPIRICAL_BAYES_SHRINKAGE,LOW_N_SHRINKAGE,Combina 17% de historial propio (n=1) y 83% de historial de cohorte (same_client_same_part).,304.23,9.99,,304.23333333333335,,,,0.167,0.833,same_client_same_part,2,1,0,1.2,,NO_DATA,,2026-10-10T16:53:12.000Z,LOW_N_SHRINKAGE,NO_MANUFACTURER_DATA,34,Insuficiente,1 intervalo(s) válidos (+5) | match exacto/alias (REF_EXACT) (+12) | asociación single (+12) | 16 meses de cobertura (+8) | sin intervalos suficientes (+0) | hay estimación de cohorte disponible (+12) | hay datos de uso/contrato/horario (+8) | Weibull no evaluado (n insuficiente) (+4) | estimación de tipo LOW_N_SHRINKAGE (+3) | n=1 intervalos (<10) (-10) | n=1 intervalos (<3) (-20),,LOW_N_SHRINKAGE,34,Insuficiente,1 intervalo(s) válidos (+5) | match exacto/alias (REF_EXACT) (+12) | asociación single (+12) | 16 meses de cobertura (+8) | sin intervalos suficientes (+0) | hay estimación de cohorte disponible (+12) | hay datos de uso/contrato/horario (+8) | Weibull no evaluado (n insuficiente) (+4) | estimación de tipo LOW_N_SHRINKAGE (+3) | n=1 intervalos (<10) (-10) | n=1 intervalos (<3) (-20),488,488,,,,EMPIRICAL_BAYES_SHRINKAGE,0.36,
Linac-109374,UC CHRISTUS - CECA,1550513,Extended imaging module (XIM),2024-08-16T16:18:00.000Z,2025-04-25T20:00:00.000Z,2,1,252,238.35833333333335,EMPIRICAL_BAYES_SHRINKAGE,LOW_N_SHRINKAGE,Combina 17% de historial propio (n=1) y 83% de historial de cohorte (same_client_same_part).,238.36,7.83,,238.35833333333335,,,,0.167,0.833,same_client_same_part,2,1,0,1.53,,NO_DATA,,2025-12-20T04:38:24.000Z,LOW_N_SHRINKAGE,NO_MANUFACTURER_DATA,30,Insuficiente,1 intervalo(s) válidos (+5) | match exacto/alias (REF_EXACT) (+12) | asociación single (+12) | 8 meses de cobertura (+4) | sin intervalos suficientes (+0) | hay estimación de cohorte disponible (+12) | hay datos de uso/contrato/horario (+8) | Weibull no evaluado (n insuficiente) (+4) | estimación de tipo LOW_N_SHRINKAGE (+3) | n=1 intervalos (<10) (-10) | n=1 intervalos (<3) (-20),,LOW_N_SHRINKAGE,30,Insuficiente,1 intervalo(s) válidos (+5) | match exacto/alias (REF_EXACT) (+12) | asociación single (+12) | 8 meses de cobertura (+4) | sin intervalos suficientes (+0) | hay estimación de cohorte disponible (+12) | hay datos de uso/contrato/horario (+8) | Weibull no evaluado (n insuficiente) (+4) | estimación de tipo LOW_N_SHRINKAGE (+3) | n=1 intervalos (<10) (-10) | n=1 intervalos (<3) (-20),252,252,,,,EMPIRICAL_BAYES_SHRINKAGE,0,
Linac-109374,UC CHRISTUS - CECA,1015075,"Cable, retractile, MLC (SK25AA–SK26A)",2024-10-04T19:42:00.000Z,2026-06-30T20:03:00.000Z,2,1,634,420.64166666666665,EMPIRICAL_BAYES_SHRINKAGE,LOW_N_SHRINKAGE,Combina 17% de historial propio (n=1) y 83% de historial de cohorte (same_client_same_part).,420.64,13.82,,420.64166666666665,,,,0.167,0.833,same_client_same_part,2,1,0,0.87,,NO_DATA,,2027-08-25T11:24:36.000Z,LOW_N_SHRINKAGE,NO_MANUFACTURER_DATA,34,Insuficiente,1 intervalo(s) válidos (+5) | match exacto/alias (REF_EXACT) (+12) | asociación single (+12) | 21 meses de cobertura (+8) | sin intervalos suficientes (+0) | hay estimación de cohorte disponible (+12) | hay datos de uso/contrato/horario (+8) | Weibull no evaluado (n insuficiente) (+4) | estimación de tipo LOW_N_SHRINKAGE (+3) | n=1 intervalos (<10) (-10) | n=1 intervalos (<3) (-20),,LOW_N_SHRINKAGE,34,Insuficiente,1 intervalo(s) válidos (+5) | match exacto/alias (REF_EXACT) (+12) | asociación single (+12) | 21 meses de cobertura (+8) | sin intervalos suficientes (+0) | hay estimación de cohorte disponible (+12) | hay datos de uso/contrato/horario (+8) | Weibull no evaluado (n insuficiente) (+4) | estimación de tipo LOW_N_SHRINKAGE (+3) | n=1 intervalos (<10) (-10) | n=1 intervalos (<3) (-20),634,634,,,,EMPIRICAL_BAYES_SHRINKAGE,0.05,
Linac-109374,UC CHRISTUS - CECA,1015076,"Cable, retractile, MLC (SK25BB–SK26B)",2024-10-04T19:42:00.000Z,2026-06-30T20:03:00.000Z,2,1,634,435.6583333333333,EMPIRICAL_BAYES_SHRINKAGE,LOW_N_SHRINKAGE,Combina 17% de historial propio (n=1) y 83% de historial de cohorte (same_client_same_part).,435.66,14.31,,435.6583333333333,,,,0.167,0.833,same_client_same_part,2,1,0,0.84,,NO_DATA,,2027-09-09T11:53:24.000Z,LOW_N_SHRINKAGE,NO_MANUFACTURER_DATA,34,Insuficiente,1 intervalo(s) válidos (+5) | match exacto/alias (REF_EXACT) (+12) | asociación single (+12) | 21 meses de cobertura (+8) | sin intervalos suficientes (+0) | hay estimación de cohorte disponible (+12) | hay datos de uso/contrato/horario (+8) | Weibull no evaluado (n insuficiente) (+4) | estimación de tipo LOW_N_SHRINKAGE (+3) | n=1 intervalos (<10) (-10) | n=1 intervalos (<3) (-20),,LOW_N_SHRINKAGE,34,Insuficiente,1 intervalo(s) válidos (+5) | match exacto/alias (REF_EXACT) (+12) | asociación single (+12) | 21 meses de cobertura (+8) | sin intervalos suficientes (+0) | hay estimación de cohorte disponible (+12) | hay datos de uso/contrato/horario (+8) | Weibull no evaluado (n insuficiente) (+4) | estimación de tipo LOW_N_SHRINKAGE (+3) | n=1 intervalos (<10) (-10) | n=1 intervalos (<3) (-20),634,634,,,,EMPIRICAL_BAYES_SHRINKAGE,0.05,
Linac-152171,CLINICA ALEMANA DE SANTIAGO,1517657,"PCB ASSY, LEAF MOTOR DRIVE - 1 Only",2024-10-21T12:40:00.000Z,2024-12-07T22:43:00.000Z,2,1,47,182.10000000000002,EMPIRICAL_BAYES_SHRINKAGE,LOW_N_SHRINKAGE,Combina 17% de historial propio (n=1) y 83% de historial de cohorte (same_client_same_part).,182.1,5.98,,182.10000000000002,,,,0.167,0.833,same_client_same_part,2,1,0,2.01,,NO_DATA,,2025-06-08T01:07:00.000Z,LOW_N_SHRINKAGE,NO_MANUFACTURER_DATA,30,Insuficiente,1 intervalo(s) válidos (+5) | match exacto/alias (REF_EXACT) (+12) | asociación single (+12) | 2 meses de cobertura (+4) | sin intervalos suficientes (+0) | hay estimación de cohorte disponible (+12) | hay datos de uso/contrato/horario (+8) | Weibull no evaluado (n insuficiente) (+4) | estimación de tipo LOW_N_SHRINKAGE (+3) | n=1 intervalos (<10) (-10) | n=1 intervalos (<3) (-20),,LOW_N_SHRINKAGE,30,Insuficiente,1 intervalo(s) válidos (+5) | match exacto/alias (REF_EXACT) (+12) | asociación single (+12) | 2 meses de cobertura (+4) | sin intervalos suficientes (+0) | hay estimación de cohorte disponible (+12) | hay datos de uso/contrato/horario (+8) | Weibull no evaluado (n insuficiente) (+4) | estimación de tipo LOW_N_SHRINKAGE (+3) | n=1 intervalos (<10) (-10) | n=1 intervalos (<3) (-20),47,47,,,,EMPIRICAL_BAYES_SHRINKAGE,0.5,
Linac-156187,RADIO ONCOLOGÍA DEL SUR,1522567,RF output window,2024-12-12T11:30:00.000Z,2026-06-12T20:00:00.000Z,2,1,547,336.0416666666667,EMPIRICAL_BAYES_SHRINKAGE,LOW_N_SHRINKAGE,Combina 17% de historial propio (n=1) y 83% de historial de cohorte (same_client_same_part).,336.04,11.04,,336.0416666666667,,,,0.167,0.833,same_client_same_part,2,1,0,1.09,,NO_DATA,,2027-05-14T20:57:36.000Z,LOW_N_SHRINKAGE,NO_MANUFACTURER_DATA,34,Insuficiente,1 intervalo(s) válidos (+5) | match exacto/alias (REF_EXACT) (+12) | asociación single (+12) | 18 meses de cobertura (+8) | sin intervalos suficientes (+0) | hay estimación de cohorte disponible (+12) | hay datos de uso/contrato/horario (+8) | Weibull no evaluado (n insuficiente) (+4) | estimación de tipo LOW_N_SHRINKAGE (+3) | n=1 intervalos (<10) (-10) | n=1 intervalos (<3) (-20),,LOW_N_SHRINKAGE,34,Insuficiente,1 intervalo(s) válidos (+5) | match exacto/alias (REF_EXACT) (+12) | asociación single (+12) | 18 meses de cobertura (+8) | sin intervalos suficientes (+0) | hay estimación de cohorte disponible (+12) | hay datos de uso/contrato/horario (+8) | Weibull no evaluado (n insuficiente) (+4) | estimación de tipo LOW_N_SHRINKAGE (+3) | n=1 intervalos (<10) (-10) | n=1 intervalos (<3) (-20),547,547,,,,EMPIRICAL_BAYES_SHRINKAGE,0,
INC-156473,Instituto Nacional del Cáncer (INC),45133302612,"Gearbox and brake assembly, reargox",2024-12-26T22:35:00.000Z,2025-12-05T19:35:00.000Z,2,1,344,269.2583333333333,EMPIRICAL_BAYES_SHRINKAGE,LOW_N_SHRINKAGE,Combina 17% de historial propio (n=1) y 83% de historial de cohorte (same_client_same_part).,269.26,8.85,,269.2583333333333,,,,0.167,0.833,same_client_same_part,2,1,0,1.36,,NO_DATA,,2026-09-01T01:49:24.000Z,LOW_N_SHRINKAGE,NO_MANUFACTURER_DATA,30,Insuficiente,1 intervalo(s) válidos (+5) | match exacto/alias (REF_EXACT) (+12) | asociación single (+12) | 11 meses de cobertura (+4) | sin intervalos suficientes (+0) | hay estimación de cohorte disponible (+12) | hay datos de uso/contrato/horario (+8) | Weibull no evaluado (n insuficiente) (+4) | estimación de tipo LOW_N_SHRINKAGE (+3) | n=1 intervalos (<10) (-10) | n=1 intervalos (<3) (-20),,LOW_N_SHRINKAGE,30,Insuficiente,1 intervalo(s) válidos (+5) | match exacto/alias (REF_EXACT) (+12) | asociación single (+12) | 11 meses de cobertura (+4) | sin intervalos suficientes (+0) | hay estimación de cohorte disponible (+12) | hay datos de uso/contrato/horario (+8) | Weibull no evaluado (n insuficiente) (+4) | estimación de tipo LOW_N_SHRINKAGE (+3) | n=1 intervalos (<10) (-10) | n=1 intervalos (<3) (-20),344,344,,,,EMPIRICAL_BAYES_SHRINKAGE,0.52,
Linac-109256,UC CHRISTUS - SCA,1534958,Leaf motor spares kit,2025-01-31T16:30:00.000Z,2026-01-13T21:55:00.000Z,2,1,347,155,EMPIRICAL_BAYES_SHRINKAGE,LOW_N_SHRINKAGE,Combina 17% de historial propio (n=1) y 83% de historial de cohorte (same_client_same_part).,155,5.09,,155,,,,0.167,0.833,same_client_same_part,2,1,0,2.36,,NO_DATA,,2026-06-17T21:55:00.000Z,LOW_N_SHRINKAGE,NO_MANUFACTURER_DATA,30,Insuficiente,1 intervalo(s) válidos (+5) | match exacto/alias (REF_EXACT) (+12) | asociación single (+12) | 11 meses de cobertura (+4) | sin intervalos suficientes (+0) | hay estimación de cohorte disponible (+12) | hay datos de uso/contrato/horario (+8) | Weibull no evaluado (n insuficiente) (+4) | estimación de tipo LOW_N_SHRINKAGE (+3) | n=1 intervalos (<10) (-10) | n=1 intervalos (<3) (-20),,LOW_N_SHRINKAGE,30,Insuficiente,1 intervalo(s) válidos (+5) | match exacto/alias (REF_EXACT) (+12) | asociación single (+12) | 11 meses de cobertura (+4) | sin intervalos suficientes (+0) | hay estimación de cohorte disponible (+12) | hay datos de uso/contrato/horario (+8) | Weibull no evaluado (n insuficiente) (+4) | estimación de tipo LOW_N_SHRINKAGE (+3) | n=1 intervalos (<10) (-10) | n=1 intervalos (<3) (-20),347,347,,,,EMPIRICAL_BAYES_SHRINKAGE,0.65,
LINAC-153038,FUNDACION ARTURO LOPEZ PEREZ,1015076,"Cable, retractile, MLC (SK25BB–SK26B)",2025-03-27T14:21:00.000Z,2025-05-28T20:38:00.000Z,2,1,62,260.8833333333334,EMPIRICAL_BAYES_SHRINKAGE,LOW_N_SHRINKAGE,Combina 17% de historial propio (n=1) y 83% de historial de cohorte (same_client_same_part).,260.88,8.57,,260.8833333333334,,,,0.167,0.833,same_client_same_part,2,1,0,1.4,,NO_DATA,,2026-02-13T17:45:12.000Z,LOW_N_SHRINKAGE,NO_MANUFACTURER_DATA,30,Insuficiente,1 intervalo(s) válidos (+5) | match exacto/alias (REF_EXACT) (+12) | asociación single (+12) | 2 meses de cobertura (+4) | sin intervalos suficientes (+0) | hay estimación de cohorte disponible (+12) | hay datos de uso/contrato/horario (+8) | Weibull no evaluado (n insuficiente) (+4) | estimación de tipo LOW_N_SHRINKAGE (+3) | n=1 intervalos (<10) (-10) | n=1 intervalos (<3) (-20),,LOW_N_SHRINKAGE,30,Insuficiente,1 intervalo(s) válidos (+5) | match exacto/alias (REF_EXACT) (+12) | asociación single (+12) | 2 meses de cobertura (+4) | sin intervalos suficientes (+0) | hay estimación de cohorte disponible (+12) | hay datos de uso/contrato/horario (+8) | Weibull no evaluado (n insuficiente) (+4) | estimación de tipo LOW_N_SHRINKAGE (+3) | n=1 intervalos (<10) (-10) | n=1 intervalos (<3) (-20),62,62,,,,EMPIRICAL_BAYES_SHRINKAGE,0.36,
LINAC-153038,FUNDACION ARTURO LOPEZ PEREZ,1015075,"Cable, retractile, MLC (SK25AA–SK26A)",2025-03-27T14:21:00.000Z,2025-05-28T20:38:00.000Z,2,1,62,245.85833333333335,EMPIRICAL_BAYES_SHRINKAGE,LOW_N_SHRINKAGE,Combina 17% de historial propio (n=1) y 83% de historial de cohorte (same_client_same_part).,245.86,8.08,,245.85833333333335,,,,0.167,0.833,same_client_same_part,2,1,0,1.49,,NO_DATA,,2026-01-29T17:16:24.000Z,LOW_N_SHRINKAGE,NO_MANUFACTURER_DATA,30,Insuficiente,1 intervalo(s) válidos (+5) | match exacto/alias (REF_EXACT) (+12) | asociación single (+12) | 2 meses de cobertura (+4) | sin intervalos suficientes (+0) | hay estimación de cohorte disponible (+12) | hay datos de uso/contrato/horario (+8) | Weibull no evaluado (n insuficiente) (+4) | estimación de tipo LOW_N_SHRINKAGE (+3) | n=1 intervalos (<10) (-10) | n=1 intervalos (<3) (-20),,LOW_N_SHRINKAGE,30,Insuficiente,1 intervalo(s) válidos (+5) | match exacto/alias (REF_EXACT) (+12) | asociación single (+12) | 2 meses de cobertura (+4) | sin intervalos suficientes (+0) | hay estimación de cohorte disponible (+12) | hay datos de uso/contrato/horario (+8) | Weibull no evaluado (n insuficiente) (+4) | estimación de tipo LOW_N_SHRINKAGE (+3) | n=1 intervalos (<10) (-10) | n=1 intervalos (<3) (-20),62,62,,,,EMPIRICAL_BAYES_SHRINKAGE,0.36,
CLC-1,CLÍNICA LAS CONDES,1021309___1564281,"PCB ASSY, WEDGE CONTROL",2025-05-20T17:26:00.000Z,2025-09-09T16:50:00.000Z,2,1,112,225.61666666666667,EMPIRICAL_BAYES_SHRINKAGE,LOW_N_SHRINKAGE,Combina 17% de historial propio (n=1) y 83% de historial de cohorte (same_client_same_part).,225.62,7.41,,225.61666666666667,,,,0.167,0.833,same_client_same_part,2,1,0,1.62,,NO_DATA,,2026-04-23T07:42:48.000Z,LOW_N_SHRINKAGE,NO_MANUFACTURER_DATA,26,Insuficiente,1 intervalo(s) válidos (+5) | match por método débil (REF_LIKE) (+8) | asociación single (+12) | 4 meses de cobertura (+4) | sin intervalos suficientes (+0) | hay estimación de cohorte disponible (+12) | hay datos de uso/contrato/horario (+8) | Weibull no evaluado (n insuficiente) (+4) | estimación de tipo LOW_N_SHRINKAGE (+3) | n=1 intervalos (<10) (-10) | n=1 intervalos (<3) (-20),,LOW_N_SHRINKAGE,26,Insuficiente,1 intervalo(s) válidos (+5) | match por método débil (REF_LIKE) (+8) | asociación single (+12) | 4 meses de cobertura (+4) | sin intervalos suficientes (+0) | hay estimación de cohorte disponible (+12) | hay datos de uso/contrato/horario (+8) | Weibull no evaluado (n insuficiente) (+4) | estimación de tipo LOW_N_SHRINKAGE (+3) | n=1 intervalos (<10) (-10) | n=1 intervalos (<3) (-20),112,112,,,,EMPIRICAL_BAYES_SHRINKAGE,0,
CLC-1,CLÍNICA LAS CONDES,1517657,"PCB ASSY, LEAF MOTOR DRIVE - 1 Only",2025-05-20T17:26:00.000Z,2025-06-05T22:41:00.000Z,2,1,16,172.625,EMPIRICAL_BAYES_SHRINKAGE,LOW_N_SHRINKAGE,Combina 17% de historial propio (n=1) y 83% de historial de cohorte (same_client_same_part).,172.63,5.67,,172.625,,,,0.167,0.833,same_client_same_part,2,1,0,2.12,,NO_DATA,,2025-11-25T13:48:12.000Z,LOW_N_SHRINKAGE,NO_MANUFACTURER_DATA,30,Insuficiente,1 intervalo(s) válidos (+5) | match exacto/alias (REF_EXACT) (+12) | asociación single (+12) | 1 meses de cobertura (+4) | sin intervalos suficientes (+0) | hay estimación de cohorte disponible (+12) | hay datos de uso/contrato/horario (+8) | Weibull no evaluado (n insuficiente) (+4) | estimación de tipo LOW_N_SHRINKAGE (+3) | n=1 intervalos (<10) (-10) | n=1 intervalos (<3) (-20),,LOW_N_SHRINKAGE,30,Insuficiente,1 intervalo(s) válidos (+5) | match exacto/alias (REF_EXACT) (+12) | asociación single (+12) | 1 meses de cobertura (+4) | sin intervalos suficientes (+0) | hay estimación de cohorte disponible (+12) | hay datos de uso/contrato/horario (+8) | Weibull no evaluado (n insuficiente) (+4) | estimación de tipo LOW_N_SHRINKAGE (+3) | n=1 intervalos (<10) (-10) | n=1 intervalos (<3) (-20),16,16,,,,EMPIRICAL_BAYES_SHRINKAGE,0.5,
CLC-1,CLÍNICA LAS CONDES,1564169,"Kit, Luminus proj assy and PCB assy, LED control",2025-05-20T17:26:00.000Z,2025-06-16T23:38:00.000Z,2,1,27,89.81666666666666,EMPIRICAL_BAYES_SHRINKAGE,LOW_N_SHRINKAGE,Combina 17% de historial propio (n=1) y 83% de historial de cohorte (same_client_same_part).,89.82,2.95,,89.81666666666666,,,,0.167,0.833,same_client_same_part,2,1,0,4.07,,NO_DATA,,2025-09-14T19:18:48.000Z,LOW_N_SHRINKAGE,NO_MANUFACTURER_DATA,30,Insuficiente,1 intervalo(s) válidos (+5) | match exacto/alias (REF_EXACT) (+12) | asociación single (+12) | 1 meses de cobertura (+4) | sin intervalos suficientes (+0) | hay estimación de cohorte disponible (+12) | hay datos de uso/contrato/horario (+8) | Weibull no evaluado (n insuficiente) (+4) | estimación de tipo LOW_N_SHRINKAGE (+3) | n=1 intervalos (<10) (-10) | n=1 intervalos (<3) (-20),,LOW_N_SHRINKAGE,30,Insuficiente,1 intervalo(s) válidos (+5) | match exacto/alias (REF_EXACT) (+12) | asociación single (+12) | 1 meses de cobertura (+4) | sin intervalos suficientes (+0) | hay estimación de cohorte disponible (+12) | hay datos de uso/contrato/horario (+8) | Weibull no evaluado (n insuficiente) (+4) | estimación de tipo LOW_N_SHRINKAGE (+3) | n=1 intervalos (<10) (-10) | n=1 intervalos (<3) (-20),27,27,,,,EMPIRICAL_BAYES_SHRINKAGE,0.5,
Linac-156187,RADIO ONCOLOGÍA DEL SUR,1568178,SIB PCB,2025-06-25T12:30:00.000Z,2025-07-28T16:30:00.000Z,2,1,33,95.00000000000001,EMPIRICAL_BAYES_SHRINKAGE,LOW_N_SHRINKAGE,Combina 17% de historial propio (n=1) y 83% de historial de cohorte (same_client_same_part).,95,3.12,,95.00000000000001,,,,0.167,0.833,same_client_same_part,2,1,0,3.84,,NO_DATA,,2025-10-31T16:30:00.000Z,LOW_N_SHRINKAGE,NO_MANUFACTURER_DATA,30,Insuficiente,1 intervalo(s) válidos (+5) | match exacto/alias (REF_EXACT) (+12) | asociación single (+12) | 1 meses de cobertura (+4) | sin intervalos suficientes (+0) | hay estimación de cohorte disponible (+12) | hay datos de uso/contrato/horario (+8) | Weibull no evaluado (n insuficiente) (+4) | estimación de tipo LOW_N_SHRINKAGE (+3) | n=1 intervalos (<10) (-10) | n=1 intervalos (<3) (-20),,LOW_N_SHRINKAGE,30,Insuficiente,1 intervalo(s) válidos (+5) | match exacto/alias (REF_EXACT) (+12) | asociación single (+12) | 1 meses de cobertura (+4) | sin intervalos suficientes (+0) | hay estimación de cohorte disponible (+12) | hay datos de uso/contrato/horario (+8) | Weibull no evaluado (n insuficiente) (+4) | estimación de tipo LOW_N_SHRINKAGE (+3) | n=1 intervalos (<10) (-10) | n=1 intervalos (<3) (-20),33,33,,,,EMPIRICAL_BAYES_SHRINKAGE,0,
Linac-152171,CLINICA ALEMANA DE SANTIAGO,1564361,"Programmed PCB Assy, Router",2025-07-01T22:42:00.000Z,2026-05-16T15:44:00.000Z,2,1,319,184.78333333333333,EMPIRICAL_BAYES_SHRINKAGE,LOW_N_SHRINKAGE,Combina 17% de historial propio (n=1) y 83% de historial de cohorte (same_client_same_part).,184.78,6.07,,184.78333333333333,,,,0.167,0.833,same_client_same_part,2,1,0,1.98,,NO_DATA,,2026-11-17T10:27:12.000Z,LOW_N_SHRINKAGE,NO_MANUFACTURER_DATA,30,Insuficiente,1 intervalo(s) válidos (+5) | match exacto/alias (REF_EXACT) (+12) | asociación single (+12) | 10 meses de cobertura (+4) | sin intervalos suficientes (+0) | hay estimación de cohorte disponible (+12) | hay datos de uso/contrato/horario (+8) | Weibull no evaluado (n insuficiente) (+4) | estimación de tipo LOW_N_SHRINKAGE (+3) | n=1 intervalos (<10) (-10) | n=1 intervalos (<3) (-20),,LOW_N_SHRINKAGE,30,Insuficiente,1 intervalo(s) válidos (+5) | match exacto/alias (REF_EXACT) (+12) | asociación single (+12) | 10 meses de cobertura (+4) | sin intervalos suficientes (+0) | hay estimación de cohorte disponible (+12) | hay datos de uso/contrato/horario (+8) | Weibull no evaluado (n insuficiente) (+4) | estimación de tipo LOW_N_SHRINKAGE (+3) | n=1 intervalos (<10) (-10) | n=1 intervalos (<3) (-20),319,319,,,,EMPIRICAL_BAYES_SHRINKAGE,1,
INC-156473,Instituto Nacional del Cáncer (INC),1557545,"Camera, DX9",2025-07-11T17:27:00.000Z,2025-07-15T19:35:00.000Z,2,1,4,111.48333333333333,EMPIRICAL_BAYES_SHRINKAGE,LOW_N_SHRINKAGE,Combina 17% de historial propio (n=1) y 83% de historial de cohorte (same_client_same_part).,111.48,3.66,,111.48333333333333,,,,0.167,0.833,same_client_same_part,2,1,0,3.28,,NO_DATA,,2025-11-04T07:06:12.000Z,LOW_N_SHRINKAGE,NO_MANUFACTURER_DATA,30,Insuficiente,1 intervalo(s) válidos (+5) | match exacto/alias (REF_EXACT) (+12) | asociación single (+12) | 0 meses de cobertura (+4) | sin intervalos suficientes (+0) | hay estimación de cohorte disponible (+12) | hay datos de uso/contrato/horario (+8) | Weibull no evaluado (n insuficiente) (+4) | estimación de tipo LOW_N_SHRINKAGE (+3) | n=1 intervalos (<10) (-10) | n=1 intervalos (<3) (-20),,LOW_N_SHRINKAGE,30,Insuficiente,1 intervalo(s) válidos (+5) | match exacto/alias (REF_EXACT) (+12) | asociación single (+12) | 0 meses de cobertura (+4) | sin intervalos suficientes (+0) | hay estimación de cohorte disponible (+12) | hay datos de uso/contrato/horario (+8) | Weibull no evaluado (n insuficiente) (+4) | estimación de tipo LOW_N_SHRINKAGE (+3) | n=1 intervalos (<10) (-10) | n=1 intervalos (<3) (-20),4,4,,,,EMPIRICAL_BAYES_SHRINKAGE,0,
Linac-152171,CLINICA ALEMANA DE SANTIAGO,1022378,"DIODE ASSY, FRU",2025-08-19T14:00:00.000Z,2026-04-10T12:30:00.000Z,2,1,234,230.60833333333335,EMPIRICAL_BAYES_SHRINKAGE,LOW_N_SHRINKAGE,Combina 17% de historial propio (n=1) y 83% de historial de cohorte (same_client_same_part).,230.61,7.58,,230.60833333333335,,,,0.167,0.833,same_client_same_part,2,1,0,1.58,,NO_DATA,,2026-11-27T03:08:24.000Z,LOW_N_SHRINKAGE,NO_MANUFACTURER_DATA,30,Insuficiente,1 intervalo(s) válidos (+5) | match exacto/alias (REF_EXACT) (+12) | asociación single (+12) | 8 meses de cobertura (+4) | sin intervalos suficientes (+0) | hay estimación de cohorte disponible (+12) | hay datos de uso/contrato/horario (+8) | Weibull no evaluado (n insuficiente) (+4) | estimación de tipo LOW_N_SHRINKAGE (+3) | n=1 intervalos (<10) (-10) | n=1 intervalos (<3) (-20),,LOW_N_SHRINKAGE,30,Insuficiente,1 intervalo(s) válidos (+5) | match exacto/alias (REF_EXACT) (+12) | asociación single (+12) | 8 meses de cobertura (+4) | sin intervalos suficientes (+0) | hay estimación de cohorte disponible (+12) | hay datos de uso/contrato/horario (+8) | Weibull no evaluado (n insuficiente) (+4) | estimación de tipo LOW_N_SHRINKAGE (+3) | n=1 intervalos (<10) (-10) | n=1 intervalos (<3) (-20),234,234,,,,EMPIRICAL_BAYES_SHRINKAGE,0,
Linac-154325,HOSPITAL CARLOS VAN BUREN (SSVSA),1565836,"KIT, SPARES, DLG BRAKE",2025-08-12T15:30:00.000Z,2026-06-02T16:27:00.000Z,2,1,294,189.65,EMPIRICAL_BAYES_SHRINKAGE,LOW_N_SHRINKAGE,Combina 17% de historial propio (n=1) y 83% de historial de cohorte (same_client_same_part).,189.65,6.23,,189.65,,,,0.167,0.833,same_client_same_part,2,1,0,1.93,,NO_DATA,,2026-12-09T08:03:00.000Z,LOW_N_SHRINKAGE,NO_MANUFACTURER_DATA,30,Insuficiente,1 intervalo(s) válidos (+5) | match exacto/alias (REF_EXACT) (+12) | asociación single (+12) | 10 meses de cobertura (+4) | sin intervalos suficientes (+0) | hay estimación de cohorte disponible (+12) | hay datos de uso/contrato/horario (+8) | Weibull no evaluado (n insuficiente) (+4) | estimación de tipo LOW_N_SHRINKAGE (+3) | n=1 intervalos (<10) (-10) | n=1 intervalos (<3) (-20),,LOW_N_SHRINKAGE,30,Insuficiente,1 intervalo(s) válidos (+5) | match exacto/alias (REF_EXACT) (+12) | asociación single (+12) | 10 meses de cobertura (+4) | sin intervalos suficientes (+0) | hay estimación de cohorte disponible (+12) | hay datos de uso/contrato/horario (+8) | Weibull no evaluado (n insuficiente) (+4) | estimación de tipo LOW_N_SHRINKAGE (+3) | n=1 intervalos (<10) (-10) | n=1 intervalos (<3) (-20),294,294,,,,EMPIRICAL_BAYES_SHRINKAGE,0,
Linac-156187,RADIO ONCOLOGÍA DEL SUR,1549816,"PUMP, LOWARA-FRU",2025-08-29T19:00:00.000Z,2025-09-11T20:00:00.000Z,2,1,13,220.79166666666669,EMPIRICAL_BAYES_SHRINKAGE,LOW_N_SHRINKAGE,Combina 17% de historial propio (n=1) y 83% de historial de cohorte (same_client_same_part).,220.79,7.25,,220.79166666666669,,,,0.167,0.833,same_client_same_part,2,1,0,1.65,,NO_DATA,,2026-04-20T14:57:36.000Z,LOW_N_SHRINKAGE,NO_MANUFACTURER_DATA,30,Insuficiente,1 intervalo(s) válidos (+5) | match exacto/alias (REF_EXACT) (+12) | asociación single (+12) | 0 meses de cobertura (+4) | sin intervalos suficientes (+0) | hay estimación de cohorte disponible (+12) | hay datos de uso/contrato/horario (+8) | Weibull no evaluado (n insuficiente) (+4) | estimación de tipo LOW_N_SHRINKAGE (+3) | n=1 intervalos (<10) (-10) | n=1 intervalos (<3) (-20),,LOW_N_SHRINKAGE,30,Insuficiente,1 intervalo(s) válidos (+5) | match exacto/alias (REF_EXACT) (+12) | asociación single (+12) | 0 meses de cobertura (+4) | sin intervalos suficientes (+0) | hay estimación de cohorte disponible (+12) | hay datos de uso/contrato/horario (+8) | Weibull no evaluado (n insuficiente) (+4) | estimación de tipo LOW_N_SHRINKAGE (+3) | n=1 intervalos (<10) (-10) | n=1 intervalos (<3) (-20),13,13,,,,EMPIRICAL_BAYES_SHRINKAGE,0.13,
Linac-109452,SERVICIO DE SALUD DE MAGALLANES,1531853,"Y and X-drive fine potentiometer （ DSHAPE ), Lateral and longitudinal",2025-10-10T18:30:00.000Z,2025-10-22T20:00:00.000Z,2,1,12,75.58333333333333,EMPIRICAL_BAYES_SHRINKAGE,LOW_N_SHRINKAGE,Combina 17% de historial propio (n=1) y 83% de historial de cohorte (same_client_same_part).,75.58,2.48,,75.58333333333333,,,,0.167,0.833,same_client_same_part,2,1,0,4.83,,NO_DATA,,2026-01-06T09:55:12.000Z,LOW_N_SHRINKAGE,NO_MANUFACTURER_DATA,30,Insuficiente,1 intervalo(s) válidos (+5) | match exacto/alias (REF_EXACT) (+12) | asociación single (+12) | 0 meses de cobertura (+4) | sin intervalos suficientes (+0) | hay estimación de cohorte disponible (+12) | hay datos de uso/contrato/horario (+8) | Weibull no evaluado (n insuficiente) (+4) | estimación de tipo LOW_N_SHRINKAGE (+3) | n=1 intervalos (<10) (-10) | n=1 intervalos (<3) (-20),,LOW_N_SHRINKAGE,30,Insuficiente,1 intervalo(s) válidos (+5) | match exacto/alias (REF_EXACT) (+12) | asociación single (+12) | 0 meses de cobertura (+4) | sin intervalos suficientes (+0) | hay estimación de cohorte disponible (+12) | hay datos de uso/contrato/horario (+8) | Weibull no evaluado (n insuficiente) (+4) | estimación de tipo LOW_N_SHRINKAGE (+3) | n=1 intervalos (<10) (-10) | n=1 intervalos (<3) (-20),12,12,,,,EMPIRICAL_BAYES_SHRINKAGE,0.13,
Linac-109452,SERVICIO DE SALUD DE MAGALLANES,1531790,"X, Y check or coarse potentiometer (D SHAPE), lateral o longitudinal",2025-10-22T20:00:00.000Z,2025-10-22T20:00:00.000Z,2,0,,,NONE,INSUFFICIENT_DATA,Sin eventos observados para esta combinación.,,,,,,,,,,,2,0,0,,,NO_DATA,,,INSUFFICIENT_DATA,NO_MANUFACTURER_DATA,10,Insuficiente,0 intervalo(s) válidos (+0) | match exacto/alias (REF_EXACT) (+12) | asociación single (+12) | sin cobertura calculable (+4) | sin intervalos suficientes (+0) | sin cohorte disponible (+0) | hay datos de uso/contrato/horario (+8) | Weibull no evaluado (n insuficiente) (+4) | estimación de tipo INSUFFICIENT_DATA (+0) | n=0 intervalos (<10) (-10) | n=0 intervalos (<3) (-20),,INSUFFICIENT_DATA,10,Insuficiente,0 intervalo(s) válidos (+0) | match exacto/alias (REF_EXACT) (+12) | asociación single (+12) | sin cobertura calculable (+4) | sin intervalos suficientes (+0) | sin cohorte disponible (+0) | hay datos de uso/contrato/horario (+8) | Weibull no evaluado (n insuficiente) (+4) | estimación de tipo INSUFFICIENT_DATA (+0) | n=0 intervalos (<10) (-10) | n=0 intervalos (<3) (-20),,,,,,NONE,0.25,
Linac-154325,HOSPITAL CARLOS VAN BUREN (SSVSA),1565835,"KIT, SPARES, DIAPHRAGM BRAKE",2025-11-07T21:42:00.000Z,2026-06-02T16:27:00.000Z,2,1,207,149.26666666666665,EMPIRICAL_BAYES_SHRINKAGE,LOW_N_SHRINKAGE,Combina 17% de historial propio (n=1) y 83% de historial de cohorte (same_client_same_part).,149.27,4.9,,149.26666666666665,,,,0.167,0.833,same_client_same_part,2,1,0,2.45,,NO_DATA,,2026-10-29T22:55:48.000Z,LOW_N_SHRINKAGE,NO_MANUFACTURER_DATA,30,Insuficiente,1 intervalo(s) válidos (+5) | match exacto/alias (REF_EXACT) (+12) | asociación single (+12) | 7 meses de cobertura (+4) | sin intervalos suficientes (+0) | hay estimación de cohorte disponible (+12) | hay datos de uso/contrato/horario (+8) | Weibull no evaluado (n insuficiente) (+4) | estimación de tipo LOW_N_SHRINKAGE (+3) | n=1 intervalos (<10) (-10) | n=1 intervalos (<3) (-20),,LOW_N_SHRINKAGE,30,Insuficiente,1 intervalo(s) válidos (+5) | match exacto/alias (REF_EXACT) (+12) | asociación single (+12) | 7 meses de cobertura (+4) | sin intervalos suficientes (+0) | hay estimación de cohorte disponible (+12) | hay datos de uso/contrato/horario (+8) | Weibull no evaluado (n insuficiente) (+4) | estimación de tipo LOW_N_SHRINKAGE (+3) | n=1 intervalos (<10) (-10) | n=1 intervalos (<3) (-20),207,207,,,,EMPIRICAL_BAYES_SHRINKAGE,0.5,
Linac-153935,UC CHRISTUS - CECA,1564169,"Kit, Luminus proj assy and PCB assy, LED control",2026-03-07T16:36:00.000Z,2026-05-05T21:38:00.000Z,2,1,59,99.6,EMPIRICAL_BAYES_SHRINKAGE,LOW_N_SHRINKAGE,Combina 17% de historial propio (n=1) y 83% de historial de cohorte (same_client_same_part).,99.6,3.27,,99.6,,,,0.167,0.833,same_client_same_part,2,1,0,3.67,,NO_DATA,,2026-08-13T12:02:00.000Z,LOW_N_SHRINKAGE,NO_MANUFACTURER_DATA,30,Insuficiente,1 intervalo(s) válidos (+5) | match exacto/alias (REF_EXACT) (+12) | asociación single (+12) | 2 meses de cobertura (+4) | sin intervalos suficientes (+0) | hay estimación de cohorte disponible (+12) | hay datos de uso/contrato/horario (+8) | Weibull no evaluado (n insuficiente) (+4) | estimación de tipo LOW_N_SHRINKAGE (+3) | n=1 intervalos (<10) (-10) | n=1 intervalos (<3) (-20),,LOW_N_SHRINKAGE,30,Insuficiente,1 intervalo(s) válidos (+5) | match exacto/alias (REF_EXACT) (+12) | asociación single (+12) | 2 meses de cobertura (+4) | sin intervalos suficientes (+0) | hay estimación de cohorte disponible (+12) | hay datos de uso/contrato/horario (+8) | Weibull no evaluado (n insuficiente) (+4) | estimación de tipo LOW_N_SHRINKAGE (+3) | n=1 intervalos (<10) (-10) | n=1 intervalos (<3) (-20),59,59,,,,EMPIRICAL_BAYES_SHRINKAGE,0.78,
INC-156473,Instituto Nacional del Cáncer (INC),1018559,"ASSY, BRACKET & FAN",2026-04-10T12:30:00.000Z,2026-05-09T00:24:00.000Z,2,1,28,226.96666666666667,EMPIRICAL_BAYES_SHRINKAGE,LOW_N_SHRINKAGE,Combina 17% de historial propio (n=1) y 83% de historial de cohorte (same_client_same_part).,226.97,7.46,,226.96666666666667,,,,0.167,0.833,same_client_same_part,2,1,0,1.61,,NO_DATA,,2026-12-21T23:40:48.000Z,LOW_N_SHRINKAGE,NO_MANUFACTURER_DATA,30,Insuficiente,1 intervalo(s) válidos (+5) | match exacto/alias (REF_EXACT) (+12) | asociación single (+12) | 1 meses de cobertura (+4) | sin intervalos suficientes (+0) | hay estimación de cohorte disponible (+12) | hay datos de uso/contrato/horario (+8) | Weibull no evaluado (n insuficiente) (+4) | estimación de tipo LOW_N_SHRINKAGE (+3) | n=1 intervalos (<10) (-10) | n=1 intervalos (<3) (-20),,LOW_N_SHRINKAGE,30,Insuficiente,1 intervalo(s) válidos (+5) | match exacto/alias (REF_EXACT) (+12) | asociación single (+12) | 1 meses de cobertura (+4) | sin intervalos suficientes (+0) | hay estimación de cohorte disponible (+12) | hay datos de uso/contrato/horario (+8) | Weibull no evaluado (n insuficiente) (+4) | estimación de tipo LOW_N_SHRINKAGE (+3) | n=1 intervalos (<10) (-10) | n=1 intervalos (<3) (-20),28,28,,,,EMPIRICAL_BAYES_SHRINKAGE,0.33,
Linac-109374,UC CHRISTUS - CECA,1516727,Kit Beam MU Dose Monitoring BMDM,2026-05-27T13:45:00.000Z,2026-06-01T16:43:00.000Z,2,1,5,397.0833333333333,EMPIRICAL_BAYES_SHRINKAGE,LOW_N_SHRINKAGE,Combina 17% de historial propio (n=1) y 83% de historial de cohorte (same_client_same_part).,397.08,13.04,,397.0833333333333,,,,0.167,0.833,same_client_same_part,2,1,0,0.92,,NO_DATA,,2027-07-03T18:38:12.000Z,LOW_N_SHRINKAGE,NO_MANUFACTURER_DATA,30,Insuficiente,1 intervalo(s) válidos (+5) | match exacto/alias (REF_EXACT) (+12) | asociación single (+12) | 0 meses de cobertura (+4) | sin intervalos suficientes (+0) | hay estimación de cohorte disponible (+12) | hay datos de uso/contrato/horario (+8) | Weibull no evaluado (n insuficiente) (+4) | estimación de tipo LOW_N_SHRINKAGE (+3) | n=1 intervalos (<10) (-10) | n=1 intervalos (<3) (-20),,LOW_N_SHRINKAGE,30,Insuficiente,1 intervalo(s) válidos (+5) | match exacto/alias (REF_EXACT) (+12) | asociación single (+12) | 0 meses de cobertura (+4) | sin intervalos suficientes (+0) | hay estimación de cohorte disponible (+12) | hay datos de uso/contrato/horario (+8) | Weibull no evaluado (n insuficiente) (+4) | estimación de tipo LOW_N_SHRINKAGE (+3) | n=1 intervalos (<10) (-10) | n=1 intervalos (<3) (-20),5,5,,,,EMPIRICAL_BAYES_SHRINKAGE,0,
Linac-201073,CLÍNICA ALEMANA DE TEMUCO,923931518204,AMPOLLETA MLC TYPE 13289,2018-10-26T12:00:00.000Z,2018-10-26T12:00:00.000Z,1,0,,257.24,EMPIRICAL_BAYES_SHRINKAGE,BORROWED_COHORT_ESTIMATE,"Un solo evento observado, sin intervalo propio - se usa 100% la estimación de la cohorte (same_client_same_part).",257.24,8.45,,257.24,,,,0,1,same_client_same_part,1,0,0,1.42,,NO_DATA,,2019-07-10T17:45:36.000Z,BORROWED_COHORT_ESTIMATE,NO_MANUFACTURER_DATA,11,Insuficiente,0 intervalo(s) válidos (+0) | match exacto/alias (REF_NORMALIZED_EXACT) (+12) | asociación single (+12) | sin cobertura calculable (+0) | sin intervalos suficientes (+0) | hay estimación de cohorte disponible (+12) | hay datos de uso/contrato/horario (+8) | Weibull no evaluado (n insuficiente) (+4) | estimación de tipo BORROWED_COHORT_ESTIMATE (+1) | n=0 intervalos (<10) (-10) | n=0 intervalos (<3) (-20) | estimación prestada de cohorte (-8),,BORROWED_COHORT_ESTIMATE,11,Insuficiente,0 intervalo(s) válidos (+0) | match exacto/alias (REF_NORMALIZED_EXACT) (+12) | asociación single (+12) | sin cobertura calculable (+0) | sin intervalos suficientes (+0) | hay estimación de cohorte disponible (+12) | hay datos de uso/contrato/horario (+8) | Weibull no evaluado (n insuficiente) (+4) | estimación de tipo BORROWED_COHORT_ESTIMATE (+1) | n=0 intervalos (<10) (-10) | n=0 intervalos (<3) (-20) | estimación prestada de cohorte (-8),,,,,,EMPIRICAL_BAYES_SHRINKAGE,0,Solo un evento observado para esta combinación - no se puede estimar vida útil todavía sin cohorte.
153038,FUNDACION ARTURO LOPEZ PEREZ,1026565,Temperature controller,2018-10-10T19:30:00.000Z,2018-10-10T19:30:00.000Z,1,0,,,NONE,INSUFFICIENT_DATA,Un solo evento observado y sin cohorte disponible - sin base estadística suficiente para estimar vida útil.,,,,,,,,,,,1,0,0,,,NO_DATA,,,INSUFFICIENT_DATA,NO_MANUFACTURER_DATA,6,Insuficiente,0 intervalo(s) válidos (+0) | match exacto/alias (REF_EXACT) (+12) | asociación single (+12) | sin cobertura calculable (+0) | sin intervalos suficientes (+0) | sin cohorte disponible (+0) | hay datos de uso/contrato/horario (+8) | Weibull no evaluado (n insuficiente) (+4) | estimación de tipo INSUFFICIENT_DATA (+0) | n=0 intervalos (<10) (-10) | n=0 intervalos (<3) (-20),,INSUFFICIENT_DATA,6,Insuficiente,0 intervalo(s) válidos (+0) | match exacto/alias (REF_EXACT) (+12) | asociación single (+12) | sin cobertura calculable (+0) | sin intervalos suficientes (+0) | sin cohorte disponible (+0) | hay datos de uso/contrato/horario (+8) | Weibull no evaluado (n insuficiente) (+4) | estimación de tipo INSUFFICIENT_DATA (+0) | n=0 intervalos (<10) (-10) | n=0 intervalos (<3) (-20),,,,,,NONE,0.61,Solo un evento observado para esta combinación - no se puede estimar vida útil todavía sin cohorte.
TPS-FALP,FUNDACION ARTURO LOPEZ PEREZ,669324-B21,HP 8GB PC3-12800E DDR3-1600 ECC DIMM,2018-11-24T11:00:00.000Z,2018-11-24T11:00:00.000Z,1,0,,,NONE,INSUFFICIENT_DATA,Un solo evento observado y sin cohorte disponible - sin base estadística suficiente para estimar vida útil.,,,,,,,,,,,1,0,0,,,NO_DATA,,,INSUFFICIENT_DATA,NO_MANUFACTURER_DATA,6,Insuficiente,0 intervalo(s) válidos (+0) | match exacto/alias (REF_EXACT) (+12) | asociación single (+12) | sin cobertura calculable (+0) | sin intervalos suficientes (+0) | sin cohorte disponible (+0) | hay datos de uso/contrato/horario (+8) | Weibull no evaluado (n insuficiente) (+4) | estimación de tipo INSUFFICIENT_DATA (+0) | n=0 intervalos (<10) (-10) | n=0 intervalos (<3) (-20),,INSUFFICIENT_DATA,6,Insuficiente,0 intervalo(s) válidos (+0) | match exacto/alias (REF_EXACT) (+12) | asociación single (+12) | sin cobertura calculable (+0) | sin intervalos suficientes (+0) | sin cohorte disponible (+0) | hay datos de uso/contrato/horario (+8) | Weibull no evaluado (n insuficiente) (+4) | estimación de tipo INSUFFICIENT_DATA (+0) | n=0 intervalos (<10) (-10) | n=0 intervalos (<3) (-20),,,,,,NONE,1,Solo un evento observado para esta combinación - no se puede estimar vida útil todavía sin cohorte.
Linac-152280,SERVICIO DE SALUD DE MAGALLANES,45133327662,BEAM SPLITTER MIRROR ASSY,2018-11-16T19:00:00.000Z,2018-11-16T19:00:00.000Z,1,0,,,NONE,INSUFFICIENT_DATA,Un solo evento observado y sin cohorte disponible - sin base estadística suficiente para estimar vida útil.,,,,,,,,,,,1,0,0,,,NO_DATA,,,INSUFFICIENT_DATA,NO_MANUFACTURER_DATA,2,Insuficiente,0 intervalo(s) válidos (+0) | match por método débil (REF_LIKE) (+8) | asociación single (+12) | sin cobertura calculable (+0) | sin intervalos suficientes (+0) | sin cohorte disponible (+0) | hay datos de uso/contrato/horario (+8) | Weibull no evaluado (n insuficiente) (+4) | estimación de tipo INSUFFICIENT_DATA (+0) | n=0 intervalos (<10) (-10) | n=0 intervalos (<3) (-20),,INSUFFICIENT_DATA,2,Insuficiente,0 intervalo(s) válidos (+0) | match por método débil (REF_LIKE) (+8) | asociación single (+12) | sin cobertura calculable (+0) | sin intervalos suficientes (+0) | sin cohorte disponible (+0) | hay datos de uso/contrato/horario (+8) | Weibull no evaluado (n insuficiente) (+4) | estimación de tipo INSUFFICIENT_DATA (+0) | n=0 intervalos (<10) (-10) | n=0 intervalos (<3) (-20),,,,,,NONE,0.38,Solo un evento observado para esta combinación - no se puede estimar vida útil todavía sin cohorte.
Linac-201172,INRAD,45133318864,"RV8 xxx X,Y,ISO CHECK & COARSE",2018-11-06T12:00:00.000Z,2018-11-06T12:00:00.000Z,1,0,,,NONE,INSUFFICIENT_DATA,Un solo evento observado y sin cohorte disponible - sin base estadística suficiente para estimar vida útil.,,,,,,,,,,,1,0,0,,,NO_DATA,,,INSUFFICIENT_DATA,NO_MANUFACTURER_DATA,6,Insuficiente,0 intervalo(s) válidos (+0) | match exacto/alias (REF_NORMALIZED_EXACT) (+12) | asociación single (+12) | sin cobertura calculable (+0) | sin intervalos suficientes (+0) | sin cohorte disponible (+0) | hay datos de uso/contrato/horario (+8) | Weibull no evaluado (n insuficiente) (+4) | estimación de tipo INSUFFICIENT_DATA (+0) | n=0 intervalos (<10) (-10) | n=0 intervalos (<3) (-20),,INSUFFICIENT_DATA,6,Insuficiente,0 intervalo(s) válidos (+0) | match exacto/alias (REF_NORMALIZED_EXACT) (+12) | asociación single (+12) | sin cobertura calculable (+0) | sin intervalos suficientes (+0) | sin cohorte disponible (+0) | hay datos de uso/contrato/horario (+8) | Weibull no evaluado (n insuficiente) (+4) | estimación de tipo INSUFFICIENT_DATA (+0) | n=0 intervalos (<10) (-10) | n=0 intervalos (<3) (-20),,,,,,NONE,0,Solo un evento observado para esta combinación - no se puede estimar vida útil todavía sin cohorte.
Linac-151673,CLINICA ALEMANA DE SANTIAGO,1505720,"MV, DCB, PROGRAMED",2018-10-24T20:15:53.923Z,2018-10-24T20:15:53.923Z,1,0,,,NONE,INSUFFICIENT_DATA,Un solo evento observado y sin cohorte disponible - sin base estadística suficiente para estimar vida útil.,,,,,,,,,,,1,0,0,,,NO_DATA,,,INSUFFICIENT_DATA,NO_MANUFACTURER_DATA,6,Insuficiente,0 intervalo(s) válidos (+0) | match exacto/alias (REF_EXACT) (+12) | asociación single (+12) | sin cobertura calculable (+0) | sin intervalos suficientes (+0) | sin cohorte disponible (+0) | hay datos de uso/contrato/horario (+8) | Weibull no evaluado (n insuficiente) (+4) | estimación de tipo INSUFFICIENT_DATA (+0) | n=0 intervalos (<10) (-10) | n=0 intervalos (<3) (-20),,INSUFFICIENT_DATA,6,Insuficiente,0 intervalo(s) válidos (+0) | match exacto/alias (REF_EXACT) (+12) | asociación single (+12) | sin cobertura calculable (+0) | sin intervalos suficientes (+0) | sin cohorte disponible (+0) | hay datos de uso/contrato/horario (+8) | Weibull no evaluado (n insuficiente) (+4) | estimación de tipo INSUFFICIENT_DATA (+0) | n=0 intervalos (<10) (-10) | n=0 intervalos (<3) (-20),,,,,,NONE,0.38,Solo un evento observado para esta combinación - no se puede estimar vida útil todavía sin cohorte.
Linac-152171,CLINICA ALEMANA DE SANTIAGO,1023530,ARM CONTROL BOARD (ACB) - IViEWGT,2018-09-28T19:00:00.000Z,2018-09-28T19:00:00.000Z,1,0,,,NONE,INSUFFICIENT_DATA,Un solo evento observado y sin cohorte disponible - sin base estadística suficiente para estimar vida útil.,,,,,,,,,,,1,0,0,,,NO_DATA,,,INSUFFICIENT_DATA,NO_MANUFACTURER_DATA,6,Insuficiente,0 intervalo(s) válidos (+0) | match exacto/alias (REF_EXACT) (+12) | asociación single (+12) | sin cobertura calculable (+0) | sin intervalos suficientes (+0) | sin cohorte disponible (+0) | hay datos de uso/contrato/horario (+8) | Weibull no evaluado (n insuficiente) (+4) | estimación de tipo INSUFFICIENT_DATA (+0) | n=0 intervalos (<10) (-10) | n=0 intervalos (<3) (-20),,INSUFFICIENT_DATA,6,Insuficiente,0 intervalo(s) válidos (+0) | match exacto/alias (REF_EXACT) (+12) | asociación single (+12) | sin cobertura calculable (+0) | sin intervalos suficientes (+0) | sin cohorte disponible (+0) | hay datos de uso/contrato/horario (+8) | Weibull no evaluado (n insuficiente) (+4) | estimación de tipo INSUFFICIENT_DATA (+0) | n=0 intervalos (<10) (-10) | n=0 intervalos (<3) (-20),,,,,,NONE,0.17,Solo un evento observado para esta combinación - no se puede estimar vida útil todavía sin cohorte.
Linac-154325,HOSPITAL CARLOS VAN BUREN (SSVSA),1017392,Linear Actuator iViewGT /XVI,2019-01-18T18:15:00.000Z,2019-01-18T18:15:00.000Z,1,0,,,NONE,INSUFFICIENT_DATA,Un solo evento observado y sin cohorte disponible - sin base estadística suficiente para estimar vida útil.,,,,,,,,,,,1,0,0,,,NO_DATA,,,INSUFFICIENT_DATA,NO_MANUFACTURER_DATA,6,Insuficiente,0 intervalo(s) válidos (+0) | match exacto/alias (REF_EXACT) (+12) | asociación single (+12) | sin cobertura calculable (+0) | sin intervalos suficientes (+0) | sin cohorte disponible (+0) | hay datos de uso/contrato/horario (+8) | Weibull no evaluado (n insuficiente) (+4) | estimación de tipo INSUFFICIENT_DATA (+0) | n=0 intervalos (<10) (-10) | n=0 intervalos (<3) (-20),,INSUFFICIENT_DATA,6,Insuficiente,0 intervalo(s) válidos (+0) | match exacto/alias (REF_EXACT) (+12) | asociación single (+12) | sin cobertura calculable (+0) | sin intervalos suficientes (+0) | sin cohorte disponible (+0) | hay datos de uso/contrato/horario (+8) | Weibull no evaluado (n insuficiente) (+4) | estimación de tipo INSUFFICIENT_DATA (+0) | n=0 intervalos (<10) (-10) | n=0 intervalos (<3) (-20),,,,,,NONE,0,Solo un evento observado para esta combinación - no se puede estimar vida útil todavía sin cohorte.
Linac-151673,CLINICA ALEMANA DE SANTIAGO,1023530,ARM CONTROL BOARD (ACB) - IViEWGT,2019-01-18T16:00:00.000Z,2019-01-18T16:00:00.000Z,1,0,,,NONE,INSUFFICIENT_DATA,Un solo evento observado y sin cohorte disponible - sin base estadística suficiente para estimar vida útil.,,,,,,,,,,,1,0,0,,,NO_DATA,,,INSUFFICIENT_DATA,NO_MANUFACTURER_DATA,6,Insuficiente,0 intervalo(s) válidos (+0) | match exacto/alias (REF_EXACT) (+12) | asociación single (+12) | sin cobertura calculable (+0) | sin intervalos suficientes (+0) | sin cohorte disponible (+0) | hay datos de uso/contrato/horario (+8) | Weibull no evaluado (n insuficiente) (+4) | estimación de tipo INSUFFICIENT_DATA (+0) | n=0 intervalos (<10) (-10) | n=0 intervalos (<3) (-20),,INSUFFICIENT_DATA,6,Insuficiente,0 intervalo(s) válidos (+0) | match exacto/alias (REF_EXACT) (+12) | asociación single (+12) | sin cobertura calculable (+0) | sin intervalos suficientes (+0) | sin cohorte disponible (+0) | hay datos de uso/contrato/horario (+8) | Weibull no evaluado (n insuficiente) (+4) | estimación de tipo INSUFFICIENT_DATA (+0) | n=0 intervalos (<10) (-10) | n=0 intervalos (<3) (-20),,,,,,NONE,0,Solo un evento observado para esta combinación - no se puede estimar vida útil todavía sin cohorte.
153038,FUNDACION ARTURO LOPEZ PEREZ,45133304100,Drift tube assembly,2018-08-24T11:30:00.000Z,2018-08-24T11:30:00.000Z,1,0,,,NONE,INSUFFICIENT_DATA,Un solo evento observado y sin cohorte disponible - sin base estadística suficiente para estimar vida útil.,,,,,,,,,,,1,0,0,,,NO_DATA,,,INSUFFICIENT_DATA,NO_MANUFACTURER_DATA,2,Insuficiente,0 intervalo(s) válidos (+0) | match por método débil (REF_LIKE) (+8) | asociación single (+12) | sin cobertura calculable (+0) | sin intervalos suficientes (+0) | sin cohorte disponible (+0) | hay datos de uso/contrato/horario (+8) | Weibull no evaluado (n insuficiente) (+4) | estimación de tipo INSUFFICIENT_DATA (+0) | n=0 intervalos (<10) (-10) | n=0 intervalos (<3) (-20),,INSUFFICIENT_DATA,2,Insuficiente,0 intervalo(s) válidos (+0) | match por método débil (REF_LIKE) (+8) | asociación single (+12) | sin cobertura calculable (+0) | sin intervalos suficientes (+0) | sin cohorte disponible (+0) | hay datos de uso/contrato/horario (+8) | Weibull no evaluado (n insuficiente) (+4) | estimación de tipo INSUFFICIENT_DATA (+0) | n=0 intervalos (<10) (-10) | n=0 intervalos (<3) (-20),,,,,,NONE,0,Solo un evento observado para esta combinación - no se puede estimar vida útil todavía sin cohorte.
153038,FUNDACION ARTURO LOPEZ PEREZ,1515098,ION PUMP - SPARE,2018-08-24T11:30:00.000Z,2018-08-24T11:30:00.000Z,1,0,,271.93,EMPIRICAL_BAYES_SHRINKAGE,BORROWED_COHORT_ESTIMATE,"Un solo evento observado, sin intervalo propio - se usa 100% la estimación de la cohorte (same_client_same_part).",271.93,8.93,,271.93,,,,0,1,same_client_same_part,1,0,0,1.34,,NO_DATA,,2019-05-23T09:49:12.000Z,BORROWED_COHORT_ESTIMATE,NO_MANUFACTURER_DATA,11,Insuficiente,0 intervalo(s) válidos (+0) | match exacto/alias (REF_NORMALIZED_EXACT) (+12) | asociación single (+12) | sin cobertura calculable (+0) | sin intervalos suficientes (+0) | hay estimación de cohorte disponible (+12) | hay datos de uso/contrato/horario (+8) | Weibull no evaluado (n insuficiente) (+4) | estimación de tipo BORROWED_COHORT_ESTIMATE (+1) | n=0 intervalos (<10) (-10) | n=0 intervalos (<3) (-20) | estimación prestada de cohorte (-8),,BORROWED_COHORT_ESTIMATE,11,Insuficiente,0 intervalo(s) válidos (+0) | match exacto/alias (REF_NORMALIZED_EXACT) (+12) | asociación single (+12) | sin cobertura calculable (+0) | sin intervalos suficientes (+0) | hay estimación de cohorte disponible (+12) | hay datos de uso/contrato/horario (+8) | Weibull no evaluado (n insuficiente) (+4) | estimación de tipo BORROWED_COHORT_ESTIMATE (+1) | n=0 intervalos (<10) (-10) | n=0 intervalos (<3) (-20) | estimación prestada de cohorte (-8),,,,,,EMPIRICAL_BAYES_SHRINKAGE,0,Solo un evento observado para esta combinación - no se puede estimar vida útil todavía sin cohorte.
Linac-153038,FUNDACION ARTURO LOPEZ PEREZ,1516753,Thyratron Pulser PCB,2019-01-29T23:00:00.000Z,2019-01-29T23:00:00.000Z,1,0,,,NONE,INSUFFICIENT_DATA,Un solo evento observado y sin cohorte disponible - sin base estadística suficiente para estimar vida útil.,,,,,,,,,,,1,0,0,,,NO_DATA,,,INSUFFICIENT_DATA,NO_MANUFACTURER_DATA,6,Insuficiente,0 intervalo(s) válidos (+0) | match exacto/alias (REF_EXACT) (+12) | asociación single (+12) | sin cobertura calculable (+0) | sin intervalos suficientes (+0) | sin cohorte disponible (+0) | hay datos de uso/contrato/horario (+8) | Weibull no evaluado (n insuficiente) (+4) | estimación de tipo INSUFFICIENT_DATA (+0) | n=0 intervalos (<10) (-10) | n=0 intervalos (<3) (-20),,INSUFFICIENT_DATA,6,Insuficiente,0 intervalo(s) válidos (+0) | match exacto/alias (REF_EXACT) (+12) | asociación single (+12) | sin cobertura calculable (+0) | sin intervalos suficientes (+0) | sin cohorte disponible (+0) | hay datos de uso/contrato/horario (+8) | Weibull no evaluado (n insuficiente) (+4) | estimación de tipo INSUFFICIENT_DATA (+0) | n=0 intervalos (<10) (-10) | n=0 intervalos (<3) (-20),,,,,,NONE,1,Solo un evento observado para esta combinación - no se puede estimar vida útil todavía sin cohorte.
Linac-153038,FUNDACION ARTURO LOPEZ PEREZ,45133165177,THYRATRON e2v CX1154L,2019-01-29T23:00:00.000Z,2019-01-29T23:00:00.000Z,1,0,,276.98,EMPIRICAL_BAYES_SHRINKAGE,BORROWED_COHORT_ESTIMATE,"Un solo evento observado, sin intervalo propio - se usa 100% la estimación de la cohorte (same_client_same_part).",276.98,9.1,,276.98,,,,0,1,same_client_same_part,1,0,0,1.32,,NO_DATA,,2019-11-02T22:31:12.000Z,BORROWED_COHORT_ESTIMATE,NO_MANUFACTURER_DATA,11,Insuficiente,0 intervalo(s) válidos (+0) | match exacto/alias (REF_EXACT) (+12) | asociación single (+12) | sin cobertura calculable (+0) | sin intervalos suficientes (+0) | hay estimación de cohorte disponible (+12) | hay datos de uso/contrato/horario (+8) | Weibull no evaluado (n insuficiente) (+4) | estimación de tipo BORROWED_COHORT_ESTIMATE (+1) | n=0 intervalos (<10) (-10) | n=0 intervalos (<3) (-20) | estimación prestada de cohorte (-8),,BORROWED_COHORT_ESTIMATE,11,Insuficiente,0 intervalo(s) válidos (+0) | match exacto/alias (REF_EXACT) (+12) | asociación single (+12) | sin cobertura calculable (+0) | sin intervalos suficientes (+0) | hay estimación de cohorte disponible (+12) | hay datos de uso/contrato/horario (+8) | Weibull no evaluado (n insuficiente) (+4) | estimación de tipo BORROWED_COHORT_ESTIMATE (+1) | n=0 intervalos (<10) (-10) | n=0 intervalos (<3) (-20) | estimación prestada de cohorte (-8),,,,,,EMPIRICAL_BAYES_SHRINKAGE,1,Solo un evento observado para esta combinación - no se puede estimar vida útil todavía sin cohorte.
OIS-FALP,FUNDACION ARTURO LOPEZ PEREZ,653950,HP 146GB 15K 6G SFF SAS SC HDD,2018-12-15T13:00:46.951Z,2018-12-15T13:00:46.951Z,1,0,,83.98,EMPIRICAL_BAYES_SHRINKAGE,BORROWED_COHORT_ESTIMATE,"Un solo evento observado, sin intervalo propio - se usa 100% la estimación de la cohorte (same_client_same_part).",83.98,2.76,,83.98,,,,0,1,same_client_same_part,1,0,0,4.35,,NO_DATA,,2019-03-09T12:31:58.951Z,BORROWED_COHORT_ESTIMATE,NO_MANUFACTURER_DATA,0,Insuficiente,0 intervalo(s) válidos (+0) | match por método débil (REF_LIKE) (+8) | asociación multi (+5) | sin cobertura calculable (+0) | sin intervalos suficientes (+0) | hay estimación de cohorte disponible (+12) | hay datos de uso/contrato/horario (+8) | Weibull no evaluado (n insuficiente) (+4) | estimación de tipo BORROWED_COHORT_ESTIMATE (+1) | n=0 intervalos (<10) (-10) | n=0 intervalos (<3) (-20) | estimación prestada de cohorte (-8) | asociación desde task con múltiples equipos (-8),,BORROWED_COHORT_ESTIMATE,0,Insuficiente,0 intervalo(s) válidos (+0) | match por método débil (REF_LIKE) (+8) | asociación multi (+5) | sin cobertura calculable (+0) | sin intervalos suficientes (+0) | hay estimación de cohorte disponible (+12) | hay datos de uso/contrato/horario (+8) | Weibull no evaluado (n insuficiente) (+4) | estimación de tipo BORROWED_COHORT_ESTIMATE (+1) | n=0 intervalos (<10) (-10) | n=0 intervalos (<3) (-20) | estimación prestada de cohorte (-8) | asociación desde task con múltiples equipos (-8),,,,,,EMPIRICAL_BAYES_SHRINKAGE,1,Solo un evento observado para esta combinación - no se puede estimar vida útil todavía sin cohorte.
153038,FUNDACION ARTURO LOPEZ PEREZ,1014474,Cable Assy sw1/sw2 T,2018-12-07T22:30:06.548Z,2018-12-07T22:30:06.548Z,1,0,,,NONE,INSUFFICIENT_DATA,Un solo evento observado y sin cohorte disponible - sin base estadística suficiente para estimar vida útil.,,,,,,,,,,,1,0,0,,,NO_DATA,,,INSUFFICIENT_DATA,NO_MANUFACTURER_DATA,6,Insuficiente,0 intervalo(s) válidos (+0) | match exacto/alias (REF_EXACT) (+12) | asociación single (+12) | sin cobertura calculable (+0) | sin intervalos suficientes (+0) | sin cohorte disponible (+0) | hay datos de uso/contrato/horario (+8) | Weibull no evaluado (n insuficiente) (+4) | estimación de tipo INSUFFICIENT_DATA (+0) | n=0 intervalos (<10) (-10) | n=0 intervalos (<3) (-20),,INSUFFICIENT_DATA,6,Insuficiente,0 intervalo(s) válidos (+0) | match exacto/alias (REF_EXACT) (+12) | asociación single (+12) | sin cobertura calculable (+0) | sin intervalos suficientes (+0) | sin cohorte disponible (+0) | hay datos de uso/contrato/horario (+8) | Weibull no evaluado (n insuficiente) (+4) | estimación de tipo INSUFFICIENT_DATA (+0) | n=0 intervalos (<10) (-10) | n=0 intervalos (<3) (-20),,,,,,NONE,1,Solo un evento observado para esta combinación - no se puede estimar vida útil todavía sin cohorte.
Linac-154325,HOSPITAL CARLOS VAN BUREN (SSVSA),03-999-1204,iGUIDE® calibration array MIMI,2018-11-13T20:00:00.000Z,2018-11-13T20:00:00.000Z,1,0,,,NONE,INSUFFICIENT_DATA,Un solo evento observado y sin cohorte disponible - sin base estadística suficiente para estimar vida útil.,,,,,,,,,,,1,0,0,,,NO_DATA,,,INSUFFICIENT_DATA,NO_MANUFACTURER_DATA,6,Insuficiente,0 intervalo(s) válidos (+0) | match exacto/alias (REF_EXACT) (+12) | asociación single (+12) | sin cobertura calculable (+0) | sin intervalos suficientes (+0) | sin cohorte disponible (+0) | hay datos de uso/contrato/horario (+8) | Weibull no evaluado (n insuficiente) (+4) | estimación de tipo INSUFFICIENT_DATA (+0) | n=0 intervalos (<10) (-10) | n=0 intervalos (<3) (-20),,INSUFFICIENT_DATA,6,Insuficiente,0 intervalo(s) válidos (+0) | match exacto/alias (REF_EXACT) (+12) | asociación single (+12) | sin cobertura calculable (+0) | sin intervalos suficientes (+0) | sin cohorte disponible (+0) | hay datos de uso/contrato/horario (+8) | Weibull no evaluado (n insuficiente) (+4) | estimación de tipo INSUFFICIENT_DATA (+0) | n=0 intervalos (<10) (-10) | n=0 intervalos (<3) (-20),,,,,,NONE,1,Solo un evento observado para esta combinación - no se puede estimar vida útil todavía sin cohorte.
153038,FUNDACION ARTURO LOPEZ PEREZ,1502613,Laser ODI Spares Kit,2018-11-23T22:30:00.000Z,2018-11-23T22:30:00.000Z,1,0,,271.99,EMPIRICAL_BAYES_SHRINKAGE,BORROWED_COHORT_ESTIMATE,"Un solo evento observado, sin intervalo propio - se usa 100% la estimación de la cohorte (same_client_same_part).",271.99,8.94,,271.99,,,,0,1,same_client_same_part,1,0,0,1.34,,NO_DATA,,2019-08-22T22:15:36.000Z,BORROWED_COHORT_ESTIMATE,NO_MANUFACTURER_DATA,11,Insuficiente,0 intervalo(s) válidos (+0) | match exacto/alias (REF_EXACT) (+12) | asociación single (+12) | sin cobertura calculable (+0) | sin intervalos suficientes (+0) | hay estimación de cohorte disponible (+12) | hay datos de uso/contrato/horario (+8) | Weibull no evaluado (n insuficiente) (+4) | estimación de tipo BORROWED_COHORT_ESTIMATE (+1) | n=0 intervalos (<10) (-10) | n=0 intervalos (<3) (-20) | estimación prestada de cohorte (-8),,BORROWED_COHORT_ESTIMATE,11,Insuficiente,0 intervalo(s) válidos (+0) | match exacto/alias (REF_EXACT) (+12) | asociación single (+12) | sin cobertura calculable (+0) | sin intervalos suficientes (+0) | hay estimación de cohorte disponible (+12) | hay datos de uso/contrato/horario (+8) | Weibull no evaluado (n insuficiente) (+4) | estimación de tipo BORROWED_COHORT_ESTIMATE (+1) | n=0 intervalos (<10) (-10) | n=0 intervalos (<3) (-20) | estimación prestada de cohorte (-8),,,,,,EMPIRICAL_BAYES_SHRINKAGE,1,Solo un evento observado para esta combinación - no se puede estimar vida útil todavía sin cohorte.
Linac-153038,FUNDACION ARTURO LOPEZ PEREZ,45133308790,TRANSFORMADOR GUN,2019-03-11T12:10:18.063Z,2019-03-11T12:10:18.063Z,1,0,,,NONE,INSUFFICIENT_DATA,Un solo evento observado y sin cohorte disponible - sin base estadística suficiente para estimar vida útil.,,,,,,,,,,,1,0,0,,,NO_DATA,,,INSUFFICIENT_DATA,NO_MANUFACTURER_DATA,6,Insuficiente,0 intervalo(s) válidos (+0) | match exacto/alias (REF_NORMALIZED_EXACT) (+12) | asociación single (+12) | sin cobertura calculable (+0) | sin intervalos suficientes (+0) | sin cohorte disponible (+0) | hay datos de uso/contrato/horario (+8) | Weibull no evaluado (n insuficiente) (+4) | estimación de tipo INSUFFICIENT_DATA (+0) | n=0 intervalos (<10) (-10) | n=0 intervalos (<3) (-20),,INSUFFICIENT_DATA,6,Insuficiente,0 intervalo(s) válidos (+0) | match exacto/alias (REF_NORMALIZED_EXACT) (+12) | asociación single (+12) | sin cobertura calculable (+0) | sin intervalos suficientes (+0) | sin cohorte disponible (+0) | hay datos de uso/contrato/horario (+8) | Weibull no evaluado (n insuficiente) (+4) | estimación de tipo INSUFFICIENT_DATA (+0) | n=0 intervalos (<10) (-10) | n=0 intervalos (<3) (-20),,,,,,NONE,0,Solo un evento observado para esta combinación - no se puede estimar vida útil todavía sin cohorte.
Linac-105277,TORRE MÉDICA - RANCAGUA,1007897,"Spare Kit, Cathode filament carrier assy",2019-02-21T18:00:00.000Z,2019-02-21T18:00:00.000Z,1,0,,,NONE,INSUFFICIENT_DATA,Un solo evento observado y sin cohorte disponible - sin base estadística suficiente para estimar vida útil.,,,,,,,,,,,1,0,0,,,NO_DATA,,,INSUFFICIENT_DATA,NO_MANUFACTURER_DATA,6,Insuficiente,0 intervalo(s) válidos (+0) | match exacto/alias (REF_EXACT) (+12) | asociación single (+12) | sin cobertura calculable (+0) | sin intervalos suficientes (+0) | sin cohorte disponible (+0) | hay datos de uso/contrato/horario (+8) | Weibull no evaluado (n insuficiente) (+4) | estimación de tipo INSUFFICIENT_DATA (+0) | n=0 intervalos (<10) (-10) | n=0 intervalos (<3) (-20),,INSUFFICIENT_DATA,6,Insuficiente,0 intervalo(s) válidos (+0) | match exacto/alias (REF_EXACT) (+12) | asociación single (+12) | sin cobertura calculable (+0) | sin intervalos suficientes (+0) | sin cohorte disponible (+0) | hay datos de uso/contrato/horario (+8) | Weibull no evaluado (n insuficiente) (+4) | estimación de tipo INSUFFICIENT_DATA (+0) | n=0 intervalos (<10) (-10) | n=0 intervalos (<3) (-20),,,,,,NONE,0,Solo un evento observado para esta combinación - no se puede estimar vida útil todavía sin cohorte.
Linac-152171,CLINICA ALEMANA DE SANTIAGO,4513316484002R,"Filter, tubular, low",2019-03-27T11:30:35.128Z,2019-03-27T11:30:35.128Z,1,0,,,NONE,INSUFFICIENT_DATA,Un solo evento observado y sin cohorte disponible - sin base estadística suficiente para estimar vida útil.,,,,,,,,,,,1,0,0,,,NO_DATA,,,INSUFFICIENT_DATA,NO_MANUFACTURER_DATA,6,Insuficiente,0 intervalo(s) válidos (+0) | match exacto/alias (REF_EXACT) (+12) | asociación single (+12) | sin cobertura calculable (+0) | sin intervalos suficientes (+0) | sin cohorte disponible (+0) | hay datos de uso/contrato/horario (+8) | Weibull no evaluado (n insuficiente) (+4) | estimación de tipo INSUFFICIENT_DATA (+0) | n=0 intervalos (<10) (-10) | n=0 intervalos (<3) (-20),,INSUFFICIENT_DATA,6,Insuficiente,0 intervalo(s) válidos (+0) | match exacto/alias (REF_EXACT) (+12) | asociación single (+12) | sin cobertura calculable (+0) | sin intervalos suficientes (+0) | sin cohorte disponible (+0) | hay datos de uso/contrato/horario (+8) | Weibull no evaluado (n insuficiente) (+4) | estimación de tipo INSUFFICIENT_DATA (+0) | n=0 intervalos (<10) (-10) | n=0 intervalos (<3) (-20),,,,,,NONE,0,Solo un evento observado para esta combinación - no se puede estimar vida útil todavía sin cohorte.
Linac-153038,FUNDACION ARTURO LOPEZ PEREZ,1016476,Leaf motor spares kit,2019-03-16T11:00:00.000Z,2019-03-16T11:00:00.000Z,1,0,,186.04,EMPIRICAL_BAYES_SHRINKAGE,BORROWED_COHORT_ESTIMATE,"Un solo evento observado, sin intervalo propio - se usa 100% la estimación de la cohorte (same_client_same_part).",186.04,6.11,,186.04,,,,0,1,same_client_same_part,1,0,0,1.96,,NO_DATA,,2019-09-18T11:57:36.000Z,BORROWED_COHORT_ESTIMATE,NO_MANUFACTURER_DATA,11,Insuficiente,0 intervalo(s) válidos (+0) | match exacto/alias (REF_EXACT) (+12) | asociación single (+12) | sin cobertura calculable (+0) | sin intervalos suficientes (+0) | hay estimación de cohorte disponible (+12) | hay datos de uso/contrato/horario (+8) | Weibull no evaluado (n insuficiente) (+4) | estimación de tipo BORROWED_COHORT_ESTIMATE (+1) | n=0 intervalos (<10) (-10) | n=0 intervalos (<3) (-20) | estimación prestada de cohorte (-8),,BORROWED_COHORT_ESTIMATE,11,Insuficiente,0 intervalo(s) válidos (+0) | match exacto/alias (REF_EXACT) (+12) | asociación single (+12) | sin cobertura calculable (+0) | sin intervalos suficientes (+0) | hay estimación de cohorte disponible (+12) | hay datos de uso/contrato/horario (+8) | Weibull no evaluado (n insuficiente) (+4) | estimación de tipo BORROWED_COHORT_ESTIMATE (+1) | n=0 intervalos (<10) (-10) | n=0 intervalos (<3) (-20) | estimación prestada de cohorte (-8),,,,,,EMPIRICAL_BAYES_SHRINKAGE,1,Solo un evento observado para esta combinación - no se puede estimar vida útil todavía sin cohorte.
Linac-153038,FUNDACION ARTURO LOPEZ PEREZ,1010848,"Mirror assembly, optics (Agility)",2019-04-02T15:30:00.000Z,2019-04-02T15:30:00.000Z,1,0,,318.72,EMPIRICAL_BAYES_SHRINKAGE,BORROWED_COHORT_ESTIMATE,"Un solo evento observado, sin intervalo propio - se usa 100% la estimación de la cohorte (same_client_same_part).",318.72,10.47,,318.72,,,,0,1,same_client_same_part,1,0,0,1.15,,NO_DATA,,2020-02-15T08:46:48.000Z,BORROWED_COHORT_ESTIMATE,NO_MANUFACTURER_DATA,11,Insuficiente,0 intervalo(s) válidos (+0) | match exacto/alias (REF_EXACT) (+12) | asociación single (+12) | sin cobertura calculable (+0) | sin intervalos suficientes (+0) | hay estimación de cohorte disponible (+12) | hay datos de uso/contrato/horario (+8) | Weibull no evaluado (n insuficiente) (+4) | estimación de tipo BORROWED_COHORT_ESTIMATE (+1) | n=0 intervalos (<10) (-10) | n=0 intervalos (<3) (-20) | estimación prestada de cohorte (-8),,BORROWED_COHORT_ESTIMATE,11,Insuficiente,0 intervalo(s) válidos (+0) | match exacto/alias (REF_EXACT) (+12) | asociación single (+12) | sin cobertura calculable (+0) | sin intervalos suficientes (+0) | hay estimación de cohorte disponible (+12) | hay datos de uso/contrato/horario (+8) | Weibull no evaluado (n insuficiente) (+4) | estimación de tipo BORROWED_COHORT_ESTIMATE (+1) | n=0 intervalos (<10) (-10) | n=0 intervalos (<3) (-20) | estimación prestada de cohorte (-8),,,,,,EMPIRICAL_BAYES_SHRINKAGE,0,Solo un evento observado para esta combinación - no se puede estimar vida útil todavía sin cohorte.
Linac-153038,FUNDACION ARTURO LOPEZ PEREZ,1507089,"Programmed PCB Assy, Router",2019-04-02T15:30:00.000Z,2019-04-02T15:30:00.000Z,1,0,,,NONE,INSUFFICIENT_DATA,Un solo evento observado y sin cohorte disponible - sin base estadística suficiente para estimar vida útil.,,,,,,,,,,,1,0,0,,,NO_DATA,,,INSUFFICIENT_DATA,NO_MANUFACTURER_DATA,6,Insuficiente,0 intervalo(s) válidos (+0) | match exacto/alias (REF_EXACT) (+12) | asociación single (+12) | sin cobertura calculable (+0) | sin intervalos suficientes (+0) | sin cohorte disponible (+0) | hay datos de uso/contrato/horario (+8) | Weibull no evaluado (n insuficiente) (+4) | estimación de tipo INSUFFICIENT_DATA (+0) | n=0 intervalos (<10) (-10) | n=0 intervalos (<3) (-20),,INSUFFICIENT_DATA,6,Insuficiente,0 intervalo(s) válidos (+0) | match exacto/alias (REF_EXACT) (+12) | asociación single (+12) | sin cobertura calculable (+0) | sin intervalos suficientes (+0) | sin cohorte disponible (+0) | hay datos de uso/contrato/horario (+8) | Weibull no evaluado (n insuficiente) (+4) | estimación de tipo INSUFFICIENT_DATA (+0) | n=0 intervalos (<10) (-10) | n=0 intervalos (<3) (-20),,,,,,NONE,0,Solo un evento observado para esta combinación - no se puede estimar vida útil todavía sin cohorte.
Linac-153038,FUNDACION ARTURO LOPEZ PEREZ,45133501070,HANDHELD CONTROLLER,2019-04-02T15:30:00.000Z,2019-04-02T15:30:00.000Z,1,0,,,NONE,INSUFFICIENT_DATA,Un solo evento observado y sin cohorte disponible - sin base estadística suficiente para estimar vida útil.,,,,,,,,,,,1,0,0,,,NO_DATA,,,INSUFFICIENT_DATA,NO_MANUFACTURER_DATA,6,Insuficiente,0 intervalo(s) válidos (+0) | match exacto/alias (REF_EXACT) (+12) | asociación single (+12) | sin cobertura calculable (+0) | sin intervalos suficientes (+0) | sin cohorte disponible (+0) | hay datos de uso/contrato/horario (+8) | Weibull no evaluado (n insuficiente) (+4) | estimación de tipo INSUFFICIENT_DATA (+0) | n=0 intervalos (<10) (-10) | n=0 intervalos (<3) (-20),,INSUFFICIENT_DATA,6,Insuficiente,0 intervalo(s) válidos (+0) | match exacto/alias (REF_EXACT) (+12) | asociación single (+12) | sin cobertura calculable (+0) | sin intervalos suficientes (+0) | sin cohorte disponible (+0) | hay datos de uso/contrato/horario (+8) | Weibull no evaluado (n insuficiente) (+4) | estimación de tipo INSUFFICIENT_DATA (+0) | n=0 intervalos (<10) (-10) | n=0 intervalos (<3) (-20),,,,,,NONE,0,Solo un evento observado para esta combinación - no se puede estimar vida útil todavía sin cohorte.
Linac-153038,FUNDACION ARTURO LOPEZ PEREZ,1018559,"ASSY, BRACKET & FAN",2019-04-02T15:30:00.000Z,2019-04-02T15:30:00.000Z,1,0,,314.51,EMPIRICAL_BAYES_SHRINKAGE,BORROWED_COHORT_ESTIMATE,"Un solo evento observado, sin intervalo propio - se usa 100% la estimación de la cohorte (same_client_same_part).",314.51,10.33,,314.51,,,,0,1,same_client_same_part,1,0,0,1.16,,NO_DATA,,2020-02-11T03:44:24.000Z,BORROWED_COHORT_ESTIMATE,NO_MANUFACTURER_DATA,11,Insuficiente,0 intervalo(s) válidos (+0) | match exacto/alias (REF_EXACT) (+12) | asociación single (+12) | sin cobertura calculable (+0) | sin intervalos suficientes (+0) | hay estimación de cohorte disponible (+12) | hay datos de uso/contrato/horario (+8) | Weibull no evaluado (n insuficiente) (+4) | estimación de tipo BORROWED_COHORT_ESTIMATE (+1) | n=0 intervalos (<10) (-10) | n=0 intervalos (<3) (-20) | estimación prestada de cohorte (-8),,BORROWED_COHORT_ESTIMATE,11,Insuficiente,0 intervalo(s) válidos (+0) | match exacto/alias (REF_EXACT) (+12) | asociación single (+12) | sin cobertura calculable (+0) | sin intervalos suficientes (+0) | hay estimación de cohorte disponible (+12) | hay datos de uso/contrato/horario (+8) | Weibull no evaluado (n insuficiente) (+4) | estimación de tipo BORROWED_COHORT_ESTIMATE (+1) | n=0 intervalos (<10) (-10) | n=0 intervalos (<3) (-20) | estimación prestada de cohorte (-8),,,,,,EMPIRICAL_BAYES_SHRINKAGE,0,Solo un evento observado para esta combinación - no se puede estimar vida útil todavía sin cohorte.
Linac-153038,FUNDACION ARTURO LOPEZ PEREZ,R1510260,KV Detector Panel,2019-04-06T10:30:00.000Z,2019-04-06T10:30:00.000Z,1,0,,,NONE,INSUFFICIENT_DATA,Un solo evento observado y sin cohorte disponible - sin base estadística suficiente para estimar vida útil.,,,,,,,,,,,1,0,0,,,NO_DATA,,,INSUFFICIENT_DATA,NO_MANUFACTURER_DATA,6,Insuficiente,0 intervalo(s) válidos (+0) | match exacto/alias (REF_EXACT) (+12) | asociación single (+12) | sin cobertura calculable (+0) | sin intervalos suficientes (+0) | sin cohorte disponible (+0) | hay datos de uso/contrato/horario (+8) | Weibull no evaluado (n insuficiente) (+4) | estimación de tipo INSUFFICIENT_DATA (+0) | n=0 intervalos (<10) (-10) | n=0 intervalos (<3) (-20),,INSUFFICIENT_DATA,6,Insuficiente,0 intervalo(s) válidos (+0) | match exacto/alias (REF_EXACT) (+12) | asociación single (+12) | sin cobertura calculable (+0) | sin intervalos suficientes (+0) | sin cohorte disponible (+0) | hay datos de uso/contrato/horario (+8) | Weibull no evaluado (n insuficiente) (+4) | estimación de tipo INSUFFICIENT_DATA (+0) | n=0 intervalos (<10) (-10) | n=0 intervalos (<3) (-20),,,,,,NONE,1,Solo un evento observado para esta combinación - no se puede estimar vida útil todavía sin cohorte.
Linac-154325,HOSPITAL CARLOS VAN BUREN (SSVSA),45133305658_usado,Multiplex terminal unit (MTU),2019-04-08T10:30:40.143Z,2019-04-08T10:30:40.143Z,1,0,,,NONE,INSUFFICIENT_DATA,Un solo evento observado y sin cohorte disponible - sin base estadística suficiente para estimar vida útil.,,,,,,,,,,,1,0,0,,,NO_DATA,,,INSUFFICIENT_DATA,NO_MANUFACTURER_DATA,2,Insuficiente,0 intervalo(s) válidos (+0) | match por método débil (REF_LIKE) (+8) | asociación single (+12) | sin cobertura calculable (+0) | sin intervalos suficientes (+0) | sin cohorte disponible (+0) | hay datos de uso/contrato/horario (+8) | Weibull no evaluado (n insuficiente) (+4) | estimación de tipo INSUFFICIENT_DATA (+0) | n=0 intervalos (<10) (-10) | n=0 intervalos (<3) (-20),,INSUFFICIENT_DATA,2,Insuficiente,0 intervalo(s) válidos (+0) | match por método débil (REF_LIKE) (+8) | asociación single (+12) | sin cobertura calculable (+0) | sin intervalos suficientes (+0) | sin cohorte disponible (+0) | hay datos de uso/contrato/horario (+8) | Weibull no evaluado (n insuficiente) (+4) | estimación de tipo INSUFFICIENT_DATA (+0) | n=0 intervalos (<10) (-10) | n=0 intervalos (<3) (-20),,,,,,NONE,1,Solo un evento observado para esta combinación - no se puede estimar vida útil todavía sin cohorte.
Linac-152280,SERVICIO DE SALUD DE MAGALLANES,1020850,"Programmable Pulse Generator, PPG-CVDR PCB",2019-07-05T20:00:00.000Z,2019-07-05T20:00:00.000Z,1,0,,,NONE,INSUFFICIENT_DATA,Un solo evento observado y sin cohorte disponible - sin base estadística suficiente para estimar vida útil.,,,,,,,,,,,1,0,0,,,NO_DATA,,,INSUFFICIENT_DATA,NO_MANUFACTURER_DATA,2,Insuficiente,0 intervalo(s) válidos (+0) | match por método débil (REF_LIKE) (+8) | asociación single (+12) | sin cobertura calculable (+0) | sin intervalos suficientes (+0) | sin cohorte disponible (+0) | hay datos de uso/contrato/horario (+8) | Weibull no evaluado (n insuficiente) (+4) | estimación de tipo INSUFFICIENT_DATA (+0) | n=0 intervalos (<10) (-10) | n=0 intervalos (<3) (-20),,INSUFFICIENT_DATA,2,Insuficiente,0 intervalo(s) válidos (+0) | match por método débil (REF_LIKE) (+8) | asociación single (+12) | sin cobertura calculable (+0) | sin intervalos suficientes (+0) | sin cohorte disponible (+0) | hay datos de uso/contrato/horario (+8) | Weibull no evaluado (n insuficiente) (+4) | estimación de tipo INSUFFICIENT_DATA (+0) | n=0 intervalos (<10) (-10) | n=0 intervalos (<3) (-20),,,,,,NONE,0,Solo un evento observado para esta combinación - no se puede estimar vida útil todavía sin cohorte.
Linac-153935,UC CHRISTUS - CECA,1507089,"Programmed PCB Assy, Router",2019-06-13T12:00:45.530Z,2019-06-13T12:00:45.530Z,1,0,,,NONE,INSUFFICIENT_DATA,Un solo evento observado y sin cohorte disponible - sin base estadística suficiente para estimar vida útil.,,,,,,,,,,,1,0,0,,,NO_DATA,,,INSUFFICIENT_DATA,NO_MANUFACTURER_DATA,6,Insuficiente,0 intervalo(s) válidos (+0) | match exacto/alias (REF_EXACT) (+12) | asociación single (+12) | sin cobertura calculable (+0) | sin intervalos suficientes (+0) | sin cohorte disponible (+0) | hay datos de uso/contrato/horario (+8) | Weibull no evaluado (n insuficiente) (+4) | estimación de tipo INSUFFICIENT_DATA (+0) | n=0 intervalos (<10) (-10) | n=0 intervalos (<3) (-20),,INSUFFICIENT_DATA,6,Insuficiente,0 intervalo(s) válidos (+0) | match exacto/alias (REF_EXACT) (+12) | asociación single (+12) | sin cobertura calculable (+0) | sin intervalos suficientes (+0) | sin cohorte disponible (+0) | hay datos de uso/contrato/horario (+8) | Weibull no evaluado (n insuficiente) (+4) | estimación de tipo INSUFFICIENT_DATA (+0) | n=0 intervalos (<10) (-10) | n=0 intervalos (<3) (-20),,,,,,NONE,0.24,Solo un evento observado para esta combinación - no se puede estimar vida útil todavía sin cohorte.
Linac-152171,CLINICA ALEMANA DE SANTIAGO,1022096,Assy Fan 70x70x15mm NO USAR,2019-07-11T14:00:25.916Z,2019-07-11T14:00:25.916Z,1,0,,,NONE,INSUFFICIENT_DATA,Un solo evento observado y sin cohorte disponible - sin base estadística suficiente para estimar vida útil.,,,,,,,,,,,1,0,0,,,NO_DATA,,,INSUFFICIENT_DATA,NO_MANUFACTURER_DATA,6,Insuficiente,0 intervalo(s) válidos (+0) | match exacto/alias (REF_EXACT) (+12) | asociación single (+12) | sin cobertura calculable (+0) | sin intervalos suficientes (+0) | sin cohorte disponible (+0) | hay datos de uso/contrato/horario (+8) | Weibull no evaluado (n insuficiente) (+4) | estimación de tipo INSUFFICIENT_DATA (+0) | n=0 intervalos (<10) (-10) | n=0 intervalos (<3) (-20),,INSUFFICIENT_DATA,6,Insuficiente,0 intervalo(s) válidos (+0) | match exacto/alias (REF_EXACT) (+12) | asociación single (+12) | sin cobertura calculable (+0) | sin intervalos suficientes (+0) | sin cohorte disponible (+0) | hay datos de uso/contrato/horario (+8) | Weibull no evaluado (n insuficiente) (+4) | estimación de tipo INSUFFICIENT_DATA (+0) | n=0 intervalos (<10) (-10) | n=0 intervalos (<3) (-20),,,,,,NONE,0,Solo un evento observado para esta combinación - no se puede estimar vida útil todavía sin cohorte.
Linac-152171,CLINICA ALEMANA DE SANTIAGO,1516727,Kit Beam MU Dose Monitoring BMDM,2019-08-14T17:30:00.000Z,2019-08-14T17:30:00.000Z,1,0,,569.6,EMPIRICAL_BAYES_SHRINKAGE,BORROWED_COHORT_ESTIMATE,"Un solo evento observado, sin intervalo propio - se usa 100% la estimación de la cohorte (same_client_same_part).",569.6,18.71,,569.6,,,,0,1,same_client_same_part,1,0,0,0.64,,NO_DATA,,2021-03-06T07:54:00.000Z,BORROWED_COHORT_ESTIMATE,NO_MANUFACTURER_DATA,11,Insuficiente,0 intervalo(s) válidos (+0) | match exacto/alias (REF_EXACT) (+12) | asociación single (+12) | sin cobertura calculable (+0) | sin intervalos suficientes (+0) | hay estimación de cohorte disponible (+12) | hay datos de uso/contrato/horario (+8) | Weibull no evaluado (n insuficiente) (+4) | estimación de tipo BORROWED_COHORT_ESTIMATE (+1) | n=0 intervalos (<10) (-10) | n=0 intervalos (<3) (-20) | estimación prestada de cohorte (-8),,BORROWED_COHORT_ESTIMATE,11,Insuficiente,0 intervalo(s) válidos (+0) | match exacto/alias (REF_EXACT) (+12) | asociación single (+12) | sin cobertura calculable (+0) | sin intervalos suficientes (+0) | hay estimación de cohorte disponible (+12) | hay datos de uso/contrato/horario (+8) | Weibull no evaluado (n insuficiente) (+4) | estimación de tipo BORROWED_COHORT_ESTIMATE (+1) | n=0 intervalos (<10) (-10) | n=0 intervalos (<3) (-20) | estimación prestada de cohorte (-8),,,,,,EMPIRICAL_BAYES_SHRINKAGE,0,Solo un evento observado para esta combinación - no se puede estimar vida útil todavía sin cohorte.
Linac-105277,TORRE MÉDICA - RANCAGUA,45133315188,RH increment plate assembly,2019-08-27T14:00:57.721Z,2019-08-27T14:00:57.721Z,1,0,,,NONE,INSUFFICIENT_DATA,Un solo evento observado y sin cohorte disponible - sin base estadística suficiente para estimar vida útil.,,,,,,,,,,,1,0,0,,,NO_DATA,,,INSUFFICIENT_DATA,NO_MANUFACTURER_DATA,6,Insuficiente,0 intervalo(s) válidos (+0) | match exacto/alias (REF_EXACT) (+12) | asociación single (+12) | sin cobertura calculable (+0) | sin intervalos suficientes (+0) | sin cohorte disponible (+0) | hay datos de uso/contrato/horario (+8) | Weibull no evaluado (n insuficiente) (+4) | estimación de tipo INSUFFICIENT_DATA (+0) | n=0 intervalos (<10) (-10) | n=0 intervalos (<3) (-20),,INSUFFICIENT_DATA,6,Insuficiente,0 intervalo(s) válidos (+0) | match exacto/alias (REF_EXACT) (+12) | asociación single (+12) | sin cobertura calculable (+0) | sin intervalos suficientes (+0) | sin cohorte disponible (+0) | hay datos de uso/contrato/horario (+8) | Weibull no evaluado (n insuficiente) (+4) | estimación de tipo INSUFFICIENT_DATA (+0) | n=0 intervalos (<10) (-10) | n=0 intervalos (<3) (-20),,,,,,NONE,0,Solo un evento observado para esta combinación - no se puede estimar vida útil todavía sin cohorte.
Linac-154325,HOSPITAL CARLOS VAN BUREN (SSVSA),45133411788,Longitudinal Brake assembly (MR),2019-10-22T21:00:00.000Z,2019-10-22T21:00:00.000Z,1,0,,,NONE,INSUFFICIENT_DATA,Un solo evento observado y sin cohorte disponible - sin base estadística suficiente para estimar vida útil.,,,,,,,,,,,1,0,0,,,NO_DATA,,,INSUFFICIENT_DATA,NO_MANUFACTURER_DATA,6,Insuficiente,0 intervalo(s) válidos (+0) | match exacto/alias (REF_EXACT) (+12) | asociación single (+12) | sin cobertura calculable (+0) | sin intervalos suficientes (+0) | sin cohorte disponible (+0) | hay datos de uso/contrato/horario (+8) | Weibull no evaluado (n insuficiente) (+4) | estimación de tipo INSUFFICIENT_DATA (+0) | n=0 intervalos (<10) (-10) | n=0 intervalos (<3) (-20),,INSUFFICIENT_DATA,6,Insuficiente,0 intervalo(s) válidos (+0) | match exacto/alias (REF_EXACT) (+12) | asociación single (+12) | sin cobertura calculable (+0) | sin intervalos suficientes (+0) | sin cohorte disponible (+0) | hay datos de uso/contrato/horario (+8) | Weibull no evaluado (n insuficiente) (+4) | estimación de tipo INSUFFICIENT_DATA (+0) | n=0 intervalos (<10) (-10) | n=0 intervalos (<3) (-20),,,,,,NONE,0.75,Solo un evento observado para esta combinación - no se puede estimar vida útil todavía sin cohorte.
Linac-151238,RADIO NUCLEAR,1015076,"Cable, retractile, MLC (SK25BB–SK26B)",2019-11-12T18:30:10.016Z,2019-11-12T18:30:10.016Z,1,0,,348.39,EMPIRICAL_BAYES_SHRINKAGE,BORROWED_COHORT_ESTIMATE,"Un solo evento observado, sin intervalo propio - se usa 100% la estimación de la cohorte (same_client_same_part).",348.39,11.45,,348.39,,,,0,1,same_client_same_part,1,0,0,1.05,,NO_DATA,,2020-10-26T03:51:46.016Z,BORROWED_COHORT_ESTIMATE,NO_MANUFACTURER_DATA,7,Insuficiente,0 intervalo(s) válidos (+0) | match por método débil (REF_LIKE) (+8) | asociación single (+12) | sin cobertura calculable (+0) | sin intervalos suficientes (+0) | hay estimación de cohorte disponible (+12) | hay datos de uso/contrato/horario (+8) | Weibull no evaluado (n insuficiente) (+4) | estimación de tipo BORROWED_COHORT_ESTIMATE (+1) | n=0 intervalos (<10) (-10) | n=0 intervalos (<3) (-20) | estimación prestada de cohorte (-8),,BORROWED_COHORT_ESTIMATE,7,Insuficiente,0 intervalo(s) válidos (+0) | match por método débil (REF_LIKE) (+8) | asociación single (+12) | sin cobertura calculable (+0) | sin intervalos suficientes (+0) | hay estimación de cohorte disponible (+12) | hay datos de uso/contrato/horario (+8) | Weibull no evaluado (n insuficiente) (+4) | estimación de tipo BORROWED_COHORT_ESTIMATE (+1) | n=0 intervalos (<10) (-10) | n=0 intervalos (<3) (-20) | estimación prestada de cohorte (-8),,,,,,EMPIRICAL_BAYES_SHRINKAGE,0,Solo un evento observado para esta combinación - no se puede estimar vida útil todavía sin cohorte.
APOTECA-CHEMO,FUNDACION ARTURO LOPEZ PEREZ,2231762,BALANZA ROBOT APOTECA CHEMO,2019-11-15T12:00:00.000Z,2019-11-15T12:00:00.000Z,1,0,,,NONE,INSUFFICIENT_DATA,Un solo evento observado y sin cohorte disponible - sin base estadística suficiente para estimar vida útil.,,,,,,,,,,,1,0,0,,,NO_DATA,,,INSUFFICIENT_DATA,NO_MANUFACTURER_DATA,6,Insuficiente,0 intervalo(s) válidos (+0) | match exacto/alias (REF_EXACT) (+12) | asociación single (+12) | sin cobertura calculable (+0) | sin intervalos suficientes (+0) | sin cohorte disponible (+0) | hay datos de uso/contrato/horario (+8) | Weibull no evaluado (n insuficiente) (+4) | estimación de tipo INSUFFICIENT_DATA (+0) | n=0 intervalos (<10) (-10) | n=0 intervalos (<3) (-20),,INSUFFICIENT_DATA,6,Insuficiente,0 intervalo(s) válidos (+0) | match exacto/alias (REF_EXACT) (+12) | asociación single (+12) | sin cobertura calculable (+0) | sin intervalos suficientes (+0) | sin cohorte disponible (+0) | hay datos de uso/contrato/horario (+8) | Weibull no evaluado (n insuficiente) (+4) | estimación de tipo INSUFFICIENT_DATA (+0) | n=0 intervalos (<10) (-10) | n=0 intervalos (<3) (-20),,,,,,NONE,0,Solo un evento observado para esta combinación - no se puede estimar vida útil todavía sin cohorte.
Linac-201110,CLÍNICA SANATORIO ALEMÁN (ONCORAD),BJ4853.222.02,"CABLE ASSY,SK25E TO X38H",2019-12-05T11:30:00.000Z,2019-12-05T11:30:00.000Z,1,0,,,NONE,INSUFFICIENT_DATA,Un solo evento observado y sin cohorte disponible - sin base estadística suficiente para estimar vida útil.,,,,,,,,,,,1,0,0,,,NO_DATA,,,INSUFFICIENT_DATA,NO_MANUFACTURER_DATA,6,Insuficiente,0 intervalo(s) válidos (+0) | match exacto/alias (REF_EXACT) (+12) | asociación single (+12) | sin cobertura calculable (+0) | sin intervalos suficientes (+0) | sin cohorte disponible (+0) | hay datos de uso/contrato/horario (+8) | Weibull no evaluado (n insuficiente) (+4) | estimación de tipo INSUFFICIENT_DATA (+0) | n=0 intervalos (<10) (-10) | n=0 intervalos (<3) (-20),,INSUFFICIENT_DATA,6,Insuficiente,0 intervalo(s) válidos (+0) | match exacto/alias (REF_EXACT) (+12) | asociación single (+12) | sin cobertura calculable (+0) | sin intervalos suficientes (+0) | sin cohorte disponible (+0) | hay datos de uso/contrato/horario (+8) | Weibull no evaluado (n insuficiente) (+4) | estimación de tipo INSUFFICIENT_DATA (+0) | n=0 intervalos (<10) (-10) | n=0 intervalos (<3) (-20),,,,,,NONE,0,Solo un evento observado para esta combinación - no se puede estimar vida útil todavía sin cohorte.
Linac-201110,CLÍNICA SANATORIO ALEMÁN (ONCORAD),BJ4853.223.02,"CABLE ASSY,SK25F TO X38K",2019-12-05T11:30:00.000Z,2019-12-05T11:30:00.000Z,1,0,,,NONE,INSUFFICIENT_DATA,Un solo evento observado y sin cohorte disponible - sin base estadística suficiente para estimar vida útil.,,,,,,,,,,,1,0,0,,,NO_DATA,,,INSUFFICIENT_DATA,NO_MANUFACTURER_DATA,6,Insuficiente,0 intervalo(s) válidos (+0) | match exacto/alias (REF_NORMALIZED_EXACT) (+12) | asociación single (+12) | sin cobertura calculable (+0) | sin intervalos suficientes (+0) | sin cohorte disponible (+0) | hay datos de uso/contrato/horario (+8) | Weibull no evaluado (n insuficiente) (+4) | estimación de tipo INSUFFICIENT_DATA (+0) | n=0 intervalos (<10) (-10) | n=0 intervalos (<3) (-20),,INSUFFICIENT_DATA,6,Insuficiente,0 intervalo(s) válidos (+0) | match exacto/alias (REF_NORMALIZED_EXACT) (+12) | asociación single (+12) | sin cobertura calculable (+0) | sin intervalos suficientes (+0) | sin cohorte disponible (+0) | hay datos de uso/contrato/horario (+8) | Weibull no evaluado (n insuficiente) (+4) | estimación de tipo INSUFFICIENT_DATA (+0) | n=0 intervalos (<10) (-10) | n=0 intervalos (<3) (-20),,,,,,NONE,0,Solo un evento observado para esta combinación - no se puede estimar vida útil todavía sin cohorte.
Linac-151238,RADIO NUCLEAR,45133308243_01,cable de alta tension Bomba ionica,2020-01-07T12:30:41.563Z,2020-01-07T12:30:41.563Z,1,0,,,NONE,INSUFFICIENT_DATA,Un solo evento observado y sin cohorte disponible - sin base estadística suficiente para estimar vida útil.,,,,,,,,,,,1,0,0,,,NO_DATA,,,INSUFFICIENT_DATA,NO_MANUFACTURER_DATA,6,Insuficiente,0 intervalo(s) válidos (+0) | match exacto/alias (REF_NORMALIZED_EXACT) (+12) | asociación single (+12) | sin cobertura calculable (+0) | sin intervalos suficientes (+0) | sin cohorte disponible (+0) | hay datos de uso/contrato/horario (+8) | Weibull no evaluado (n insuficiente) (+4) | estimación de tipo INSUFFICIENT_DATA (+0) | n=0 intervalos (<10) (-10) | n=0 intervalos (<3) (-20),,INSUFFICIENT_DATA,6,Insuficiente,0 intervalo(s) válidos (+0) | match exacto/alias (REF_NORMALIZED_EXACT) (+12) | asociación single (+12) | sin cobertura calculable (+0) | sin intervalos suficientes (+0) | sin cohorte disponible (+0) | hay datos de uso/contrato/horario (+8) | Weibull no evaluado (n insuficiente) (+4) | estimación de tipo INSUFFICIENT_DATA (+0) | n=0 intervalos (<10) (-10) | n=0 intervalos (<3) (-20),,,,,,NONE,0,Solo un evento observado para esta combinación - no se puede estimar vida útil todavía sin cohorte.
APOTECA-CHEMO,FUNDACION ARTURO LOPEZ PEREZ,420017,Smart clamp set of 5 pieces,2020-03-09T15:00:00.000Z,2020-03-09T15:00:00.000Z,1,0,,,NONE,INSUFFICIENT_DATA,Un solo evento observado y sin cohorte disponible - sin base estadística suficiente para estimar vida útil.,,,,,,,,,,,1,0,0,,,NO_DATA,,,INSUFFICIENT_DATA,NO_MANUFACTURER_DATA,6,Insuficiente,0 intervalo(s) válidos (+0) | match exacto/alias (REF_EXACT) (+12) | asociación single (+12) | sin cobertura calculable (+0) | sin intervalos suficientes (+0) | sin cohorte disponible (+0) | hay datos de uso/contrato/horario (+8) | Weibull no evaluado (n insuficiente) (+4) | estimación de tipo INSUFFICIENT_DATA (+0) | n=0 intervalos (<10) (-10) | n=0 intervalos (<3) (-20),,INSUFFICIENT_DATA,6,Insuficiente,0 intervalo(s) válidos (+0) | match exacto/alias (REF_EXACT) (+12) | asociación single (+12) | sin cobertura calculable (+0) | sin intervalos suficientes (+0) | sin cohorte disponible (+0) | hay datos de uso/contrato/horario (+8) | Weibull no evaluado (n insuficiente) (+4) | estimación de tipo INSUFFICIENT_DATA (+0) | n=0 intervalos (<10) (-10) | n=0 intervalos (<3) (-20),,,,,,NONE,0,Solo un evento observado para esta combinación - no se puede estimar vida útil todavía sin cohorte.
Linac-154325,HOSPITAL CARLOS VAN BUREN (SSVSA),1007288,KV DCB Control Board,2020-03-20T19:00:00.000Z,2020-03-20T19:00:00.000Z,1,0,,,NONE,INSUFFICIENT_DATA,Un solo evento observado y sin cohorte disponible - sin base estadística suficiente para estimar vida útil.,,,,,,,,,,,1,0,0,,,NO_DATA,,,INSUFFICIENT_DATA,NO_MANUFACTURER_DATA,6,Insuficiente,0 intervalo(s) válidos (+0) | match exacto/alias (REF_EXACT) (+12) | asociación single (+12) | sin cobertura calculable (+0) | sin intervalos suficientes (+0) | sin cohorte disponible (+0) | hay datos de uso/contrato/horario (+8) | Weibull no evaluado (n insuficiente) (+4) | estimación de tipo INSUFFICIENT_DATA (+0) | n=0 intervalos (<10) (-10) | n=0 intervalos (<3) (-20),,INSUFFICIENT_DATA,6,Insuficiente,0 intervalo(s) válidos (+0) | match exacto/alias (REF_EXACT) (+12) | asociación single (+12) | sin cobertura calculable (+0) | sin intervalos suficientes (+0) | sin cohorte disponible (+0) | hay datos de uso/contrato/horario (+8) | Weibull no evaluado (n insuficiente) (+4) | estimación de tipo INSUFFICIENT_DATA (+0) | n=0 intervalos (<10) (-10) | n=0 intervalos (<3) (-20),,,,,,NONE,0.38,Solo un evento observado para esta combinación - no se puede estimar vida útil todavía sin cohorte.
TPS-UC,UC CHRISTUS - CECA,SKM_300_GB_128D,IGBT,2020-04-04T12:00:00.000Z,2020-04-04T12:00:00.000Z,1,0,,,NONE,INSUFFICIENT_DATA,Un solo evento observado y sin cohorte disponible - sin base estadística suficiente para estimar vida útil.,,,,,,,,,,,1,0,0,,,NO_DATA,,,INSUFFICIENT_DATA,NO_MANUFACTURER_DATA,0,Insuficiente,0 intervalo(s) válidos (+0) | match por método débil (REF_LIKE) (+8) | asociación multi (+5) | sin cobertura calculable (+0) | sin intervalos suficientes (+0) | sin cohorte disponible (+0) | hay datos de uso/contrato/horario (+8) | Weibull no evaluado (n insuficiente) (+4) | estimación de tipo INSUFFICIENT_DATA (+0) | n=0 intervalos (<10) (-10) | n=0 intervalos (<3) (-20) | asociación desde task con múltiples equipos (-8),,INSUFFICIENT_DATA,0,Insuficiente,0 intervalo(s) válidos (+0) | match por método débil (REF_LIKE) (+8) | asociación multi (+5) | sin cobertura calculable (+0) | sin intervalos suficientes (+0) | sin cohorte disponible (+0) | hay datos de uso/contrato/horario (+8) | Weibull no evaluado (n insuficiente) (+4) | estimación de tipo INSUFFICIENT_DATA (+0) | n=0 intervalos (<10) (-10) | n=0 intervalos (<3) (-20) | asociación desde task con múltiples equipos (-8),,,,,,NONE,1,Solo un evento observado para esta combinación - no se puede estimar vida útil todavía sin cohorte.
OIS-UC,UC CHRISTUS - CECA,SKM_300_GB_128D,IGBT,2020-04-04T12:00:00.000Z,2020-04-04T12:00:00.000Z,1,0,,,NONE,INSUFFICIENT_DATA,Un solo evento observado y sin cohorte disponible - sin base estadística suficiente para estimar vida útil.,,,,,,,,,,,1,0,0,,,NO_DATA,,,INSUFFICIENT_DATA,NO_MANUFACTURER_DATA,0,Insuficiente,0 intervalo(s) válidos (+0) | match por método débil (REF_LIKE) (+8) | asociación multi (+5) | sin cobertura calculable (+0) | sin intervalos suficientes (+0) | sin cohorte disponible (+0) | hay datos de uso/contrato/horario (+8) | Weibull no evaluado (n insuficiente) (+4) | estimación de tipo INSUFFICIENT_DATA (+0) | n=0 intervalos (<10) (-10) | n=0 intervalos (<3) (-20) | asociación desde task con múltiples equipos (-8),,INSUFFICIENT_DATA,0,Insuficiente,0 intervalo(s) válidos (+0) | match por método débil (REF_LIKE) (+8) | asociación multi (+5) | sin cobertura calculable (+0) | sin intervalos suficientes (+0) | sin cohorte disponible (+0) | hay datos de uso/contrato/horario (+8) | Weibull no evaluado (n insuficiente) (+4) | estimación de tipo INSUFFICIENT_DATA (+0) | n=0 intervalos (<10) (-10) | n=0 intervalos (<3) (-20) | asociación desde task con múltiples equipos (-8),,,,,,NONE,1,Solo un evento observado para esta combinación - no se puede estimar vida útil todavía sin cohorte.
Linac-153935,UC CHRISTUS - CECA,45133302802,"Motor assembly, pancake",2020-04-18T12:00:00.000Z,2020-04-18T12:00:00.000Z,1,0,,,NONE,INSUFFICIENT_DATA,Un solo evento observado y sin cohorte disponible - sin base estadística suficiente para estimar vida útil.,,,,,,,,,,,1,0,0,,,NO_DATA,,,INSUFFICIENT_DATA,NO_MANUFACTURER_DATA,6,Insuficiente,0 intervalo(s) válidos (+0) | match exacto/alias (REF_EXACT) (+12) | asociación single (+12) | sin cobertura calculable (+0) | sin intervalos suficientes (+0) | sin cohorte disponible (+0) | hay datos de uso/contrato/horario (+8) | Weibull no evaluado (n insuficiente) (+4) | estimación de tipo INSUFFICIENT_DATA (+0) | n=0 intervalos (<10) (-10) | n=0 intervalos (<3) (-20),,INSUFFICIENT_DATA,6,Insuficiente,0 intervalo(s) válidos (+0) | match exacto/alias (REF_EXACT) (+12) | asociación single (+12) | sin cobertura calculable (+0) | sin intervalos suficientes (+0) | sin cohorte disponible (+0) | hay datos de uso/contrato/horario (+8) | Weibull no evaluado (n insuficiente) (+4) | estimación de tipo INSUFFICIENT_DATA (+0) | n=0 intervalos (<10) (-10) | n=0 intervalos (<3) (-20),,,,,,NONE,1,Solo un evento observado para esta combinación - no se puede estimar vida útil todavía sin cohorte.
Linac-151238,RADIO NUCLEAR,1502964,"SPARES KIT,LED FIELD LAMP",2020-04-22T19:30:00.000Z,2020-04-22T19:30:00.000Z,1,0,,738.48,EMPIRICAL_BAYES_SHRINKAGE,BORROWED_COHORT_ESTIMATE,"Un solo evento observado, sin intervalo propio - se usa 100% la estimación de la cohorte (same_client_same_part).",738.48,24.26,,738.48,,,,0,1,same_client_same_part,1,0,0,0.49,,NO_DATA,,2022-05-01T07:01:12.000Z,BORROWED_COHORT_ESTIMATE,NO_MANUFACTURER_DATA,11,Insuficiente,0 intervalo(s) válidos (+0) | match exacto/alias (REF_EXACT) (+12) | asociación single (+12) | sin cobertura calculable (+0) | sin intervalos suficientes (+0) | hay estimación de cohorte disponible (+12) | hay datos de uso/contrato/horario (+8) | Weibull no evaluado (n insuficiente) (+4) | estimación de tipo BORROWED_COHORT_ESTIMATE (+1) | n=0 intervalos (<10) (-10) | n=0 intervalos (<3) (-20) | estimación prestada de cohorte (-8),,BORROWED_COHORT_ESTIMATE,11,Insuficiente,0 intervalo(s) válidos (+0) | match exacto/alias (REF_EXACT) (+12) | asociación single (+12) | sin cobertura calculable (+0) | sin intervalos suficientes (+0) | hay estimación de cohorte disponible (+12) | hay datos de uso/contrato/horario (+8) | Weibull no evaluado (n insuficiente) (+4) | estimación de tipo BORROWED_COHORT_ESTIMATE (+1) | n=0 intervalos (<10) (-10) | n=0 intervalos (<3) (-20) | estimación prestada de cohorte (-8),,,,,,EMPIRICAL_BAYES_SHRINKAGE,0,Solo un evento observado para esta combinación - no se puede estimar vida útil todavía sin cohorte.
APOTECA-CHEMO,FUNDACION ARTURO LOPEZ PEREZ,2466801,CABLE SPIRAL ROBOT+CONECTOR,2020-05-27T12:30:00.000Z,2020-05-27T12:30:00.000Z,1,0,,,NONE,INSUFFICIENT_DATA,Un solo evento observado y sin cohorte disponible - sin base estadística suficiente para estimar vida útil.,,,,,,,,,,,1,0,0,,,NO_DATA,,,INSUFFICIENT_DATA,NO_MANUFACTURER_DATA,6,Insuficiente,0 intervalo(s) válidos (+0) | match exacto/alias (REF_EXACT) (+12) | asociación single (+12) | sin cobertura calculable (+0) | sin intervalos suficientes (+0) | sin cohorte disponible (+0) | hay datos de uso/contrato/horario (+8) | Weibull no evaluado (n insuficiente) (+4) | estimación de tipo INSUFFICIENT_DATA (+0) | n=0 intervalos (<10) (-10) | n=0 intervalos (<3) (-20),,INSUFFICIENT_DATA,6,Insuficiente,0 intervalo(s) válidos (+0) | match exacto/alias (REF_EXACT) (+12) | asociación single (+12) | sin cobertura calculable (+0) | sin intervalos suficientes (+0) | sin cohorte disponible (+0) | hay datos de uso/contrato/horario (+8) | Weibull no evaluado (n insuficiente) (+4) | estimación de tipo INSUFFICIENT_DATA (+0) | n=0 intervalos (<10) (-10) | n=0 intervalos (<3) (-20),,,,,,NONE,0,Solo un evento observado para esta combinación - no se puede estimar vida útil todavía sin cohorte.
Linac-153935,UC CHRISTUS - CECA,45133904894,"FRU,THUMBWHEEL PWB SIDE A.MKII",2020-05-16T12:00:00.000Z,2020-05-16T12:00:00.000Z,1,0,,,NONE,INSUFFICIENT_DATA,Un solo evento observado y sin cohorte disponible - sin base estadística suficiente para estimar vida útil.,,,,,,,,,,,1,0,0,,,NO_DATA,,,INSUFFICIENT_DATA,NO_MANUFACTURER_DATA,2,Insuficiente,0 intervalo(s) válidos (+0) | match por método débil (REF_LIKE) (+8) | asociación single (+12) | sin cobertura calculable (+0) | sin intervalos suficientes (+0) | sin cohorte disponible (+0) | hay datos de uso/contrato/horario (+8) | Weibull no evaluado (n insuficiente) (+4) | estimación de tipo INSUFFICIENT_DATA (+0) | n=0 intervalos (<10) (-10) | n=0 intervalos (<3) (-20),,INSUFFICIENT_DATA,2,Insuficiente,0 intervalo(s) válidos (+0) | match por método débil (REF_LIKE) (+8) | asociación single (+12) | sin cobertura calculable (+0) | sin intervalos suficientes (+0) | sin cohorte disponible (+0) | hay datos de uso/contrato/horario (+8) | Weibull no evaluado (n insuficiente) (+4) | estimación de tipo INSUFFICIENT_DATA (+0) | n=0 intervalos (<10) (-10) | n=0 intervalos (<3) (-20),,,,,,NONE,1,Solo un evento observado para esta combinación - no se puede estimar vida útil todavía sin cohorte.
Linac-201110,CLÍNICA SANATORIO ALEMÁN (ONCORAD),BJ6219.002.02,iViewC™ Arm brake cable-B,2020-04-16T15:43:00.000Z,2020-04-16T15:43:00.000Z,1,0,,,NONE,INSUFFICIENT_DATA,Un solo evento observado y sin cohorte disponible - sin base estadística suficiente para estimar vida útil.,,,,,,,,,,,1,0,0,,,NO_DATA,,,INSUFFICIENT_DATA,NO_MANUFACTURER_DATA,2,Insuficiente,0 intervalo(s) válidos (+0) | match por método débil (REF_LIKE) (+8) | asociación single (+12) | sin cobertura calculable (+0) | sin intervalos suficientes (+0) | sin cohorte disponible (+0) | hay datos de uso/contrato/horario (+8) | Weibull no evaluado (n insuficiente) (+4) | estimación de tipo INSUFFICIENT_DATA (+0) | n=0 intervalos (<10) (-10) | n=0 intervalos (<3) (-20),,INSUFFICIENT_DATA,2,Insuficiente,0 intervalo(s) válidos (+0) | match por método débil (REF_LIKE) (+8) | asociación single (+12) | sin cobertura calculable (+0) | sin intervalos suficientes (+0) | sin cohorte disponible (+0) | hay datos de uso/contrato/horario (+8) | Weibull no evaluado (n insuficiente) (+4) | estimación de tipo INSUFFICIENT_DATA (+0) | n=0 intervalos (<10) (-10) | n=0 intervalos (<3) (-20),,,,,,NONE,0,Solo un evento observado para esta combinación - no se puede estimar vida útil todavía sin cohorte.
Linac-201110,CLÍNICA SANATORIO ALEMÁN (ONCORAD),4714501006,THYRATRON e2v CX1551 (Compact),2020-04-14T01:03:00.000Z,2020-04-14T01:03:00.000Z,1,0,,,NONE,INSUFFICIENT_DATA,Un solo evento observado y sin cohorte disponible - sin base estadística suficiente para estimar vida útil.,,,,,,,,,,,1,0,0,,,NO_DATA,,,INSUFFICIENT_DATA,NO_MANUFACTURER_DATA,6,Insuficiente,0 intervalo(s) válidos (+0) | match exacto/alias (REF_NORMALIZED_EXACT) (+12) | asociación single (+12) | sin cobertura calculable (+0) | sin intervalos suficientes (+0) | sin cohorte disponible (+0) | hay datos de uso/contrato/horario (+8) | Weibull no evaluado (n insuficiente) (+4) | estimación de tipo INSUFFICIENT_DATA (+0) | n=0 intervalos (<10) (-10) | n=0 intervalos (<3) (-20),,INSUFFICIENT_DATA,6,Insuficiente,0 intervalo(s) válidos (+0) | match exacto/alias (REF_NORMALIZED_EXACT) (+12) | asociación single (+12) | sin cobertura calculable (+0) | sin intervalos suficientes (+0) | sin cohorte disponible (+0) | hay datos de uso/contrato/horario (+8) | Weibull no evaluado (n insuficiente) (+4) | estimación de tipo INSUFFICIENT_DATA (+0) | n=0 intervalos (<10) (-10) | n=0 intervalos (<3) (-20),,,,,,NONE,1,Solo un evento observado para esta combinación - no se puede estimar vida útil todavía sin cohorte.
Linac-151238,RADIO NUCLEAR,262285518838K,"BELT,TIMING*SYN 4-T2.5/120",2020-06-16T15:40:50.594Z,2020-06-16T15:40:50.594Z,1,0,,,NONE,INSUFFICIENT_DATA,Un solo evento observado y sin cohorte disponible - sin base estadística suficiente para estimar vida útil.,,,,,,,,,,,1,0,0,,,NO_DATA,,,INSUFFICIENT_DATA,NO_MANUFACTURER_DATA,6,Insuficiente,0 intervalo(s) válidos (+0) | match exacto/alias (REF_EXACT) (+12) | asociación single (+12) | sin cobertura calculable (+0) | sin intervalos suficientes (+0) | sin cohorte disponible (+0) | hay datos de uso/contrato/horario (+8) | Weibull no evaluado (n insuficiente) (+4) | estimación de tipo INSUFFICIENT_DATA (+0) | n=0 intervalos (<10) (-10) | n=0 intervalos (<3) (-20),,INSUFFICIENT_DATA,6,Insuficiente,0 intervalo(s) válidos (+0) | match exacto/alias (REF_EXACT) (+12) | asociación single (+12) | sin cobertura calculable (+0) | sin intervalos suficientes (+0) | sin cohorte disponible (+0) | hay datos de uso/contrato/horario (+8) | Weibull no evaluado (n insuficiente) (+4) | estimación de tipo INSUFFICIENT_DATA (+0) | n=0 intervalos (<10) (-10) | n=0 intervalos (<3) (-20),,,,,,NONE,0,Solo un evento observado para esta combinación - no se puede estimar vida útil todavía sin cohorte.
Linac-154325,HOSPITAL CARLOS VAN BUREN (SSVSA),1525500,"KIT, SPARES, LEAF RUBY",2020-07-14T17:25:00.000Z,2020-07-14T17:25:00.000Z,1,0,,,NONE,INSUFFICIENT_DATA,Un solo evento observado y sin cohorte disponible - sin base estadística suficiente para estimar vida útil.,,,,,,,,,,,1,0,0,,,NO_DATA,,,INSUFFICIENT_DATA,NO_MANUFACTURER_DATA,6,Insuficiente,0 intervalo(s) válidos (+0) | match exacto/alias (REF_NORMALIZED_EXACT) (+12) | asociación single (+12) | sin cobertura calculable (+0) | sin intervalos suficientes (+0) | sin cohorte disponible (+0) | hay datos de uso/contrato/horario (+8) | Weibull no evaluado (n insuficiente) (+4) | estimación de tipo INSUFFICIENT_DATA (+0) | n=0 intervalos (<10) (-10) | n=0 intervalos (<3) (-20),,INSUFFICIENT_DATA,6,Insuficiente,0 intervalo(s) válidos (+0) | match exacto/alias (REF_NORMALIZED_EXACT) (+12) | asociación single (+12) | sin cobertura calculable (+0) | sin intervalos suficientes (+0) | sin cohorte disponible (+0) | hay datos de uso/contrato/horario (+8) | Weibull no evaluado (n insuficiente) (+4) | estimación de tipo INSUFFICIENT_DATA (+0) | n=0 intervalos (<10) (-10) | n=0 intervalos (<3) (-20),,,,,,NONE,0,Solo un evento observado para esta combinación - no se puede estimar vida útil todavía sin cohorte.
Linac-201110,CLÍNICA SANATORIO ALEMÁN (ONCORAD),4513332766303F,PROJECTOR MIRROR ASSY,2020-08-04T12:50:00.000Z,2020-08-04T12:50:00.000Z,1,0,,,NONE,INSUFFICIENT_DATA,Un solo evento observado y sin cohorte disponible - sin base estadística suficiente para estimar vida útil.,,,,,,,,,,,1,0,0,,,NO_DATA,,,INSUFFICIENT_DATA,NO_MANUFACTURER_DATA,2,Insuficiente,0 intervalo(s) válidos (+0) | match por método débil (REF_LIKE) (+8) | asociación single (+12) | sin cobertura calculable (+0) | sin intervalos suficientes (+0) | sin cohorte disponible (+0) | hay datos de uso/contrato/horario (+8) | Weibull no evaluado (n insuficiente) (+4) | estimación de tipo INSUFFICIENT_DATA (+0) | n=0 intervalos (<10) (-10) | n=0 intervalos (<3) (-20),,INSUFFICIENT_DATA,2,Insuficiente,0 intervalo(s) válidos (+0) | match por método débil (REF_LIKE) (+8) | asociación single (+12) | sin cobertura calculable (+0) | sin intervalos suficientes (+0) | sin cohorte disponible (+0) | hay datos de uso/contrato/horario (+8) | Weibull no evaluado (n insuficiente) (+4) | estimación de tipo INSUFFICIENT_DATA (+0) | n=0 intervalos (<10) (-10) | n=0 intervalos (<3) (-20),,,,,,NONE,0,Solo un evento observado para esta combinación - no se puede estimar vida útil todavía sin cohorte.
Linac-201110,CLÍNICA SANATORIO ALEMÁN (ONCORAD),45133327662,BEAM SPLITTER MIRROR ASSY,2020-08-04T12:50:00.000Z,2020-08-04T12:50:00.000Z,1,0,,,NONE,INSUFFICIENT_DATA,Un solo evento observado y sin cohorte disponible - sin base estadística suficiente para estimar vida útil.,,,,,,,,,,,1,0,0,,,NO_DATA,,,INSUFFICIENT_DATA,NO_MANUFACTURER_DATA,6,Insuficiente,0 intervalo(s) válidos (+0) | match exacto/alias (REF_NORMALIZED_EXACT) (+12) | asociación single (+12) | sin cobertura calculable (+0) | sin intervalos suficientes (+0) | sin cohorte disponible (+0) | hay datos de uso/contrato/horario (+8) | Weibull no evaluado (n insuficiente) (+4) | estimación de tipo INSUFFICIENT_DATA (+0) | n=0 intervalos (<10) (-10) | n=0 intervalos (<3) (-20),,INSUFFICIENT_DATA,6,Insuficiente,0 intervalo(s) válidos (+0) | match exacto/alias (REF_NORMALIZED_EXACT) (+12) | asociación single (+12) | sin cobertura calculable (+0) | sin intervalos suficientes (+0) | sin cohorte disponible (+0) | hay datos de uso/contrato/horario (+8) | Weibull no evaluado (n insuficiente) (+4) | estimación de tipo INSUFFICIENT_DATA (+0) | n=0 intervalos (<10) (-10) | n=0 intervalos (<3) (-20),,,,,,NONE,0,Solo un evento observado para esta combinación - no se puede estimar vida útil todavía sin cohorte.
Linac-201110,CLÍNICA SANATORIO ALEMÁN (ONCORAD),1010495,CAMERA MIRROR ASSEMBLY,2020-08-04T12:50:00.000Z,2020-08-04T12:50:00.000Z,1,0,,,NONE,INSUFFICIENT_DATA,Un solo evento observado y sin cohorte disponible - sin base estadística suficiente para estimar vida útil.,,,,,,,,,,,1,0,0,,,NO_DATA,,,INSUFFICIENT_DATA,NO_MANUFACTURER_DATA,6,Insuficiente,0 intervalo(s) válidos (+0) | match exacto/alias (REF_NORMALIZED_EXACT) (+12) | asociación single (+12) | sin cobertura calculable (+0) | sin intervalos suficientes (+0) | sin cohorte disponible (+0) | hay datos de uso/contrato/horario (+8) | Weibull no evaluado (n insuficiente) (+4) | estimación de tipo INSUFFICIENT_DATA (+0) | n=0 intervalos (<10) (-10) | n=0 intervalos (<3) (-20),,INSUFFICIENT_DATA,6,Insuficiente,0 intervalo(s) válidos (+0) | match exacto/alias (REF_NORMALIZED_EXACT) (+12) | asociación single (+12) | sin cobertura calculable (+0) | sin intervalos suficientes (+0) | sin cohorte disponible (+0) | hay datos de uso/contrato/horario (+8) | Weibull no evaluado (n insuficiente) (+4) | estimación de tipo INSUFFICIENT_DATA (+0) | n=0 intervalos (<10) (-10) | n=0 intervalos (<3) (-20),,,,,,NONE,0,Solo un evento observado para esta combinación - no se puede estimar vida útil todavía sin cohorte.
Linac-201110,CLÍNICA SANATORIO ALEMÁN (ONCORAD),1007545,MLC REFLECTOR SPARES KIT,2020-08-04T12:50:00.000Z,2020-08-04T12:50:00.000Z,1,0,,,NONE,INSUFFICIENT_DATA,Un solo evento observado y sin cohorte disponible - sin base estadística suficiente para estimar vida útil.,,,,,,,,,,,1,0,0,,,NO_DATA,,,INSUFFICIENT_DATA,NO_MANUFACTURER_DATA,6,Insuficiente,0 intervalo(s) válidos (+0) | match exacto/alias (REF_NORMALIZED_EXACT) (+12) | asociación single (+12) | sin cobertura calculable (+0) | sin intervalos suficientes (+0) | sin cohorte disponible (+0) | hay datos de uso/contrato/horario (+8) | Weibull no evaluado (n insuficiente) (+4) | estimación de tipo INSUFFICIENT_DATA (+0) | n=0 intervalos (<10) (-10) | n=0 intervalos (<3) (-20),,INSUFFICIENT_DATA,6,Insuficiente,0 intervalo(s) válidos (+0) | match exacto/alias (REF_NORMALIZED_EXACT) (+12) | asociación single (+12) | sin cobertura calculable (+0) | sin intervalos suficientes (+0) | sin cohorte disponible (+0) | hay datos de uso/contrato/horario (+8) | Weibull no evaluado (n insuficiente) (+4) | estimación de tipo INSUFFICIENT_DATA (+0) | n=0 intervalos (<10) (-10) | n=0 intervalos (<3) (-20),,,,,,NONE,0,Solo un evento observado para esta combinación - no se puede estimar vida útil todavía sin cohorte.
OIS-UC,UC CHRISTUS - CECA,C7976A,HPE - LTO-6 Ultrium 6.25TB MP RW Data Tape,2020-07-24T20:00:00.000Z,2020-07-24T20:00:00.000Z,1,0,,,NONE,INSUFFICIENT_DATA,Un solo evento observado y sin cohorte disponible - sin base estadística suficiente para estimar vida útil.,,,,,,,,,,,1,0,0,,,NO_DATA,,,INSUFFICIENT_DATA,NO_MANUFACTURER_DATA,6,Insuficiente,0 intervalo(s) válidos (+0) | match exacto/alias (REF_EXACT) (+12) | asociación single (+12) | sin cobertura calculable (+0) | sin intervalos suficientes (+0) | sin cohorte disponible (+0) | hay datos de uso/contrato/horario (+8) | Weibull no evaluado (n insuficiente) (+4) | estimación de tipo INSUFFICIENT_DATA (+0) | n=0 intervalos (<10) (-10) | n=0 intervalos (<3) (-20),,INSUFFICIENT_DATA,6,Insuficiente,0 intervalo(s) válidos (+0) | match exacto/alias (REF_EXACT) (+12) | asociación single (+12) | sin cobertura calculable (+0) | sin intervalos suficientes (+0) | sin cohorte disponible (+0) | hay datos de uso/contrato/horario (+8) | Weibull no evaluado (n insuficiente) (+4) | estimación de tipo INSUFFICIENT_DATA (+0) | n=0 intervalos (<10) (-10) | n=0 intervalos (<3) (-20),,,,,,NONE,0.01,Solo un evento observado para esta combinación - no se puede estimar vida útil todavía sin cohorte.
LINAC-153038,FUNDACION ARTURO LOPEZ PEREZ,45133304326,SPARES WINDOW ASSY RF OUTPUT,2020-08-29T12:30:00.000Z,2020-08-29T12:30:00.000Z,1,0,,,NONE,INSUFFICIENT_DATA,Un solo evento observado y sin cohorte disponible - sin base estadística suficiente para estimar vida útil.,,,,,,,,,,,1,0,0,,,NO_DATA,,,INSUFFICIENT_DATA,NO_MANUFACTURER_DATA,6,Insuficiente,0 intervalo(s) válidos (+0) | match exacto/alias (REF_EXACT) (+12) | asociación single (+12) | sin cobertura calculable (+0) | sin intervalos suficientes (+0) | sin cohorte disponible (+0) | hay datos de uso/contrato/horario (+8) | Weibull no evaluado (n insuficiente) (+4) | estimación de tipo INSUFFICIENT_DATA (+0) | n=0 intervalos (<10) (-10) | n=0 intervalos (<3) (-20),,INSUFFICIENT_DATA,6,Insuficiente,0 intervalo(s) válidos (+0) | match exacto/alias (REF_EXACT) (+12) | asociación single (+12) | sin cobertura calculable (+0) | sin intervalos suficientes (+0) | sin cohorte disponible (+0) | hay datos de uso/contrato/horario (+8) | Weibull no evaluado (n insuficiente) (+4) | estimación de tipo INSUFFICIENT_DATA (+0) | n=0 intervalos (<10) (-10) | n=0 intervalos (<3) (-20),,,,,,NONE,1,Solo un evento observado para esta combinación - no se puede estimar vida útil todavía sin cohorte.
Linac-151673,CLINICA ALEMANA DE SANTIAGO,451362610003J,Belt - m/c 151270 onwards,2020-09-10T19:00:00.000Z,2020-09-10T19:00:00.000Z,1,0,,,NONE,INSUFFICIENT_DATA,Un solo evento observado y sin cohorte disponible - sin base estadística suficiente para estimar vida útil.,,,,,,,,,,,1,0,0,,,NO_DATA,,,INSUFFICIENT_DATA,NO_MANUFACTURER_DATA,6,Insuficiente,0 intervalo(s) válidos (+0) | match exacto/alias (REF_EXACT) (+12) | asociación single (+12) | sin cobertura calculable (+0) | sin intervalos suficientes (+0) | sin cohorte disponible (+0) | hay datos de uso/contrato/horario (+8) | Weibull no evaluado (n insuficiente) (+4) | estimación de tipo INSUFFICIENT_DATA (+0) | n=0 intervalos (<10) (-10) | n=0 intervalos (<3) (-20),,INSUFFICIENT_DATA,6,Insuficiente,0 intervalo(s) válidos (+0) | match exacto/alias (REF_EXACT) (+12) | asociación single (+12) | sin cobertura calculable (+0) | sin intervalos suficientes (+0) | sin cohorte disponible (+0) | hay datos de uso/contrato/horario (+8) | Weibull no evaluado (n insuficiente) (+4) | estimación de tipo INSUFFICIENT_DATA (+0) | n=0 intervalos (<10) (-10) | n=0 intervalos (<3) (-20),,,,,,NONE,0,Solo un evento observado para esta combinación - no se puede estimar vida útil todavía sin cohorte.
Linac-151673,CLINICA ALEMANA DE SANTIAGO,1541718,"FRU, Pancake Motor Assembly",2020-09-10T19:00:00.000Z,2020-09-10T19:00:00.000Z,1,0,,201.78,EMPIRICAL_BAYES_SHRINKAGE,BORROWED_COHORT_ESTIMATE,"Un solo evento observado, sin intervalo propio - se usa 100% la estimación de la cohorte (same_client_same_part).",201.78,6.63,,201.78,,,,0,1,same_client_same_part,1,0,0,1.81,,NO_DATA,,2021-03-31T13:43:12.000Z,BORROWED_COHORT_ESTIMATE,NO_MANUFACTURER_DATA,11,Insuficiente,0 intervalo(s) válidos (+0) | match exacto/alias (REF_EXACT) (+12) | asociación single (+12) | sin cobertura calculable (+0) | sin intervalos suficientes (+0) | hay estimación de cohorte disponible (+12) | hay datos de uso/contrato/horario (+8) | Weibull no evaluado (n insuficiente) (+4) | estimación de tipo BORROWED_COHORT_ESTIMATE (+1) | n=0 intervalos (<10) (-10) | n=0 intervalos (<3) (-20) | estimación prestada de cohorte (-8),,BORROWED_COHORT_ESTIMATE,11,Insuficiente,0 intervalo(s) válidos (+0) | match exacto/alias (REF_EXACT) (+12) | asociación single (+12) | sin cobertura calculable (+0) | sin intervalos suficientes (+0) | hay estimación de cohorte disponible (+12) | hay datos de uso/contrato/horario (+8) | Weibull no evaluado (n insuficiente) (+4) | estimación de tipo BORROWED_COHORT_ESTIMATE (+1) | n=0 intervalos (<10) (-10) | n=0 intervalos (<3) (-20) | estimación prestada de cohorte (-8),,,,,,EMPIRICAL_BAYES_SHRINKAGE,0,Solo un evento observado para esta combinación - no se puede estimar vida útil todavía sin cohorte.
LINAC-153038,FUNDACION ARTURO LOPEZ PEREZ,1022096,Assy Fan 70x70x15mm NO USAR,2020-09-12T11:29:00.000Z,2020-09-12T11:29:00.000Z,1,0,,,NONE,INSUFFICIENT_DATA,Un solo evento observado y sin cohorte disponible - sin base estadística suficiente para estimar vida útil.,,,,,,,,,,,1,0,0,,,NO_DATA,,,INSUFFICIENT_DATA,NO_MANUFACTURER_DATA,6,Insuficiente,0 intervalo(s) válidos (+0) | match exacto/alias (REF_EXACT) (+12) | asociación single (+12) | sin cobertura calculable (+0) | sin intervalos suficientes (+0) | sin cohorte disponible (+0) | hay datos de uso/contrato/horario (+8) | Weibull no evaluado (n insuficiente) (+4) | estimación de tipo INSUFFICIENT_DATA (+0) | n=0 intervalos (<10) (-10) | n=0 intervalos (<3) (-20),,INSUFFICIENT_DATA,6,Insuficiente,0 intervalo(s) válidos (+0) | match exacto/alias (REF_EXACT) (+12) | asociación single (+12) | sin cobertura calculable (+0) | sin intervalos suficientes (+0) | sin cohorte disponible (+0) | hay datos de uso/contrato/horario (+8) | Weibull no evaluado (n insuficiente) (+4) | estimación de tipo INSUFFICIENT_DATA (+0) | n=0 intervalos (<10) (-10) | n=0 intervalos (<3) (-20),,,,,,NONE,1,Solo un evento observado para esta combinación - no se puede estimar vida útil todavía sin cohorte.
Linac-151673,CLINICA ALEMANA DE SANTIAGO,1010848,"Mirror assembly, optics (Agility)",2020-11-19T14:50:00.000Z,2020-11-19T14:50:00.000Z,1,0,,442.88,EMPIRICAL_BAYES_SHRINKAGE,BORROWED_COHORT_ESTIMATE,"Un solo evento observado, sin intervalo propio - se usa 100% la estimación de la cohorte (same_client_same_part).",442.88,14.55,,442.88,,,,0,1,same_client_same_part,1,0,0,0.82,,NO_DATA,,2022-02-05T11:57:12.000Z,BORROWED_COHORT_ESTIMATE,NO_MANUFACTURER_DATA,11,Insuficiente,0 intervalo(s) válidos (+0) | match exacto/alias (REF_EXACT) (+12) | asociación single (+12) | sin cobertura calculable (+0) | sin intervalos suficientes (+0) | hay estimación de cohorte disponible (+12) | hay datos de uso/contrato/horario (+8) | Weibull no evaluado (n insuficiente) (+4) | estimación de tipo BORROWED_COHORT_ESTIMATE (+1) | n=0 intervalos (<10) (-10) | n=0 intervalos (<3) (-20) | estimación prestada de cohorte (-8),,BORROWED_COHORT_ESTIMATE,11,Insuficiente,0 intervalo(s) válidos (+0) | match exacto/alias (REF_EXACT) (+12) | asociación single (+12) | sin cobertura calculable (+0) | sin intervalos suficientes (+0) | hay estimación de cohorte disponible (+12) | hay datos de uso/contrato/horario (+8) | Weibull no evaluado (n insuficiente) (+4) | estimación de tipo BORROWED_COHORT_ESTIMATE (+1) | n=0 intervalos (<10) (-10) | n=0 intervalos (<3) (-20) | estimación prestada de cohorte (-8),,,,,,EMPIRICAL_BAYES_SHRINKAGE,0,Solo un evento observado para esta combinación - no se puede estimar vida útil todavía sin cohorte.
Linac-201172,INRAD,BJ9100.009,Ionization Chamber spare kit,2020-11-19T15:15:00.000Z,2020-11-19T15:15:00.000Z,1,0,,,NONE,INSUFFICIENT_DATA,Un solo evento observado y sin cohorte disponible - sin base estadística suficiente para estimar vida útil.,,,,,,,,,,,1,0,0,,,NO_DATA,,,INSUFFICIENT_DATA,NO_MANUFACTURER_DATA,6,Insuficiente,0 intervalo(s) válidos (+0) | match exacto/alias (REF_EXACT) (+12) | asociación single (+12) | sin cobertura calculable (+0) | sin intervalos suficientes (+0) | sin cohorte disponible (+0) | hay datos de uso/contrato/horario (+8) | Weibull no evaluado (n insuficiente) (+4) | estimación de tipo INSUFFICIENT_DATA (+0) | n=0 intervalos (<10) (-10) | n=0 intervalos (<3) (-20),,INSUFFICIENT_DATA,6,Insuficiente,0 intervalo(s) válidos (+0) | match exacto/alias (REF_EXACT) (+12) | asociación single (+12) | sin cobertura calculable (+0) | sin intervalos suficientes (+0) | sin cohorte disponible (+0) | hay datos de uso/contrato/horario (+8) | Weibull no evaluado (n insuficiente) (+4) | estimación de tipo INSUFFICIENT_DATA (+0) | n=0 intervalos (<10) (-10) | n=0 intervalos (<3) (-20),,,,,,NONE,0,Solo un evento observado para esta combinación - no se puede estimar vida útil todavía sin cohorte.
Linac-153935,UC CHRISTUS - CECA,749796-001,HPE - Smart Array P440ar,2020-11-21T12:00:00.000Z,2020-11-21T12:00:00.000Z,1,0,,,NONE,INSUFFICIENT_DATA,Un solo evento observado y sin cohorte disponible - sin base estadística suficiente para estimar vida útil.,,,,,,,,,,,1,0,0,,,NO_DATA,,,INSUFFICIENT_DATA,NO_MANUFACTURER_DATA,2,Insuficiente,0 intervalo(s) válidos (+0) | match por método débil (REF_LIKE) (+8) | asociación single (+12) | sin cobertura calculable (+0) | sin intervalos suficientes (+0) | sin cohorte disponible (+0) | hay datos de uso/contrato/horario (+8) | Weibull no evaluado (n insuficiente) (+4) | estimación de tipo INSUFFICIENT_DATA (+0) | n=0 intervalos (<10) (-10) | n=0 intervalos (<3) (-20),,INSUFFICIENT_DATA,2,Insuficiente,0 intervalo(s) válidos (+0) | match por método débil (REF_LIKE) (+8) | asociación single (+12) | sin cobertura calculable (+0) | sin intervalos suficientes (+0) | sin cohorte disponible (+0) | hay datos de uso/contrato/horario (+8) | Weibull no evaluado (n insuficiente) (+4) | estimación de tipo INSUFFICIENT_DATA (+0) | n=0 intervalos (<10) (-10) | n=0 intervalos (<3) (-20),,,,,,NONE,1,Solo un evento observado para esta combinación - no se puede estimar vida útil todavía sin cohorte.
Linac-151673,CLINICA ALEMANA DE SANTIAGO,45133304800,SL ELECTRON GUN ASSY,2020-11-20T15:29:00.000Z,2020-11-20T15:29:00.000Z,1,0,,527.27,EMPIRICAL_BAYES_SHRINKAGE,BORROWED_COHORT_ESTIMATE,"Un solo evento observado, sin intervalo propio - se usa 100% la estimación de la cohorte (same_client_same_part).",527.27,17.32,,527.27,,,,0,1,same_client_same_part,1,0,0,0.69,,NO_DATA,,2022-05-01T21:57:48.000Z,BORROWED_COHORT_ESTIMATE,NO_MANUFACTURER_DATA,11,Insuficiente,0 intervalo(s) válidos (+0) | match exacto/alias (REF_EXACT) (+12) | asociación single (+12) | sin cobertura calculable (+0) | sin intervalos suficientes (+0) | hay estimación de cohorte disponible (+12) | hay datos de uso/contrato/horario (+8) | Weibull no evaluado (n insuficiente) (+4) | estimación de tipo BORROWED_COHORT_ESTIMATE (+1) | n=0 intervalos (<10) (-10) | n=0 intervalos (<3) (-20) | estimación prestada de cohorte (-8),,BORROWED_COHORT_ESTIMATE,11,Insuficiente,0 intervalo(s) válidos (+0) | match exacto/alias (REF_EXACT) (+12) | asociación single (+12) | sin cobertura calculable (+0) | sin intervalos suficientes (+0) | hay estimación de cohorte disponible (+12) | hay datos de uso/contrato/horario (+8) | Weibull no evaluado (n insuficiente) (+4) | estimación de tipo BORROWED_COHORT_ESTIMATE (+1) | n=0 intervalos (<10) (-10) | n=0 intervalos (<3) (-20) | estimación prestada de cohorte (-8),,,,,,EMPIRICAL_BAYES_SHRINKAGE,0,Solo un evento observado para esta combinación - no se puede estimar vida útil todavía sin cohorte.
Linac-151673,CLINICA ALEMANA DE SANTIAGO,4513316442301M,FILTER ELEMENT 5 MICRON,2020-12-18T21:00:00.000Z,2020-12-18T21:00:00.000Z,1,0,,354.86,EMPIRICAL_BAYES_SHRINKAGE,BORROWED_COHORT_ESTIMATE,"Un solo evento observado, sin intervalo propio - se usa 100% la estimación de la cohorte (same_client_same_part).",354.86,11.66,,354.86,,,,0,1,same_client_same_part,1,0,0,1.03,,NO_DATA,,2021-12-08T17:38:24.000Z,BORROWED_COHORT_ESTIMATE,NO_MANUFACTURER_DATA,7,Insuficiente,0 intervalo(s) válidos (+0) | match por método débil (REF_LIKE) (+8) | asociación single (+12) | sin cobertura calculable (+0) | sin intervalos suficientes (+0) | hay estimación de cohorte disponible (+12) | hay datos de uso/contrato/horario (+8) | Weibull no evaluado (n insuficiente) (+4) | estimación de tipo BORROWED_COHORT_ESTIMATE (+1) | n=0 intervalos (<10) (-10) | n=0 intervalos (<3) (-20) | estimación prestada de cohorte (-8),,BORROWED_COHORT_ESTIMATE,7,Insuficiente,0 intervalo(s) válidos (+0) | match por método débil (REF_LIKE) (+8) | asociación single (+12) | sin cobertura calculable (+0) | sin intervalos suficientes (+0) | hay estimación de cohorte disponible (+12) | hay datos de uso/contrato/horario (+8) | Weibull no evaluado (n insuficiente) (+4) | estimación de tipo BORROWED_COHORT_ESTIMATE (+1) | n=0 intervalos (<10) (-10) | n=0 intervalos (<3) (-20) | estimación prestada de cohorte (-8),,,,,,EMPIRICAL_BAYES_SHRINKAGE,0.83,Solo un evento observado para esta combinación - no se puede estimar vida útil todavía sin cohorte.
Linac-151673,CLINICA ALEMANA DE SANTIAGO,1022595,Water Valve Kit,2020-12-18T21:00:00.000Z,2020-12-18T21:00:00.000Z,1,0,,,NONE,INSUFFICIENT_DATA,Un solo evento observado y sin cohorte disponible - sin base estadística suficiente para estimar vida útil.,,,,,,,,,,,1,0,0,,,NO_DATA,,,INSUFFICIENT_DATA,NO_MANUFACTURER_DATA,6,Insuficiente,0 intervalo(s) válidos (+0) | match exacto/alias (REF_EXACT) (+12) | asociación single (+12) | sin cobertura calculable (+0) | sin intervalos suficientes (+0) | sin cohorte disponible (+0) | hay datos de uso/contrato/horario (+8) | Weibull no evaluado (n insuficiente) (+4) | estimación de tipo INSUFFICIENT_DATA (+0) | n=0 intervalos (<10) (-10) | n=0 intervalos (<3) (-20),,INSUFFICIENT_DATA,6,Insuficiente,0 intervalo(s) válidos (+0) | match exacto/alias (REF_EXACT) (+12) | asociación single (+12) | sin cobertura calculable (+0) | sin intervalos suficientes (+0) | sin cohorte disponible (+0) | hay datos de uso/contrato/horario (+8) | Weibull no evaluado (n insuficiente) (+4) | estimación de tipo INSUFFICIENT_DATA (+0) | n=0 intervalos (<10) (-10) | n=0 intervalos (<3) (-20),,,,,,NONE,0.83,Solo un evento observado para esta combinación - no se puede estimar vida útil todavía sin cohorte.
Linac-153935,UC CHRISTUS - CECA,45133502668,Full release extension spring,2020-12-04T20:00:00.000Z,2020-12-04T20:00:00.000Z,1,0,,,NONE,INSUFFICIENT_DATA,Un solo evento observado y sin cohorte disponible - sin base estadística suficiente para estimar vida útil.,,,,,,,,,,,1,0,0,,,NO_DATA,,,INSUFFICIENT_DATA,NO_MANUFACTURER_DATA,6,Insuficiente,0 intervalo(s) válidos (+0) | match exacto/alias (REF_EXACT) (+12) | asociación single (+12) | sin cobertura calculable (+0) | sin intervalos suficientes (+0) | sin cohorte disponible (+0) | hay datos de uso/contrato/horario (+8) | Weibull no evaluado (n insuficiente) (+4) | estimación de tipo INSUFFICIENT_DATA (+0) | n=0 intervalos (<10) (-10) | n=0 intervalos (<3) (-20),,INSUFFICIENT_DATA,6,Insuficiente,0 intervalo(s) válidos (+0) | match exacto/alias (REF_EXACT) (+12) | asociación single (+12) | sin cobertura calculable (+0) | sin intervalos suficientes (+0) | sin cohorte disponible (+0) | hay datos de uso/contrato/horario (+8) | Weibull no evaluado (n insuficiente) (+4) | estimación de tipo INSUFFICIENT_DATA (+0) | n=0 intervalos (<10) (-10) | n=0 intervalos (<3) (-20),,,,,,NONE,0.63,Solo un evento observado para esta combinación - no se puede estimar vida útil todavía sin cohorte.
Linac-153935,UC CHRISTUS - CECA,1016246,Assy Leafbank Flex Circuit,2020-12-29T20:00:00.000Z,2020-12-29T20:00:00.000Z,1,0,,,NONE,INSUFFICIENT_DATA,Un solo evento observado y sin cohorte disponible - sin base estadística suficiente para estimar vida útil.,,,,,,,,,,,1,0,0,,,NO_DATA,,,INSUFFICIENT_DATA,NO_MANUFACTURER_DATA,6,Insuficiente,0 intervalo(s) válidos (+0) | match exacto/alias (REF_EXACT) (+12) | asociación single (+12) | sin cobertura calculable (+0) | sin intervalos suficientes (+0) | sin cohorte disponible (+0) | hay datos de uso/contrato/horario (+8) | Weibull no evaluado (n insuficiente) (+4) | estimación de tipo INSUFFICIENT_DATA (+0) | n=0 intervalos (<10) (-10) | n=0 intervalos (<3) (-20),,INSUFFICIENT_DATA,6,Insuficiente,0 intervalo(s) válidos (+0) | match exacto/alias (REF_EXACT) (+12) | asociación single (+12) | sin cobertura calculable (+0) | sin intervalos suficientes (+0) | sin cohorte disponible (+0) | hay datos de uso/contrato/horario (+8) | Weibull no evaluado (n insuficiente) (+4) | estimación de tipo INSUFFICIENT_DATA (+0) | n=0 intervalos (<10) (-10) | n=0 intervalos (<3) (-20),,,,,,NONE,0.46,Solo un evento observado para esta combinación - no se puede estimar vida útil todavía sin cohorte.
APOTECA-CHEMO,FUNDACION ARTURO LOPEZ PEREZ,F153053FV,Festo Racor Rapido Rosc.,2021-03-16T11:30:00.000Z,2021-03-16T11:30:00.000Z,1,0,,,NONE,INSUFFICIENT_DATA,Un solo evento observado y sin cohorte disponible - sin base estadística suficiente para estimar vida útil.,,,,,,,,,,,1,0,0,,,NO_DATA,,,INSUFFICIENT_DATA,NO_MANUFACTURER_DATA,6,Insuficiente,0 intervalo(s) válidos (+0) | match exacto/alias (REF_EXACT) (+12) | asociación single (+12) | sin cobertura calculable (+0) | sin intervalos suficientes (+0) | sin cohorte disponible (+0) | hay datos de uso/contrato/horario (+8) | Weibull no evaluado (n insuficiente) (+4) | estimación de tipo INSUFFICIENT_DATA (+0) | n=0 intervalos (<10) (-10) | n=0 intervalos (<3) (-20),,INSUFFICIENT_DATA,6,Insuficiente,0 intervalo(s) válidos (+0) | match exacto/alias (REF_EXACT) (+12) | asociación single (+12) | sin cobertura calculable (+0) | sin intervalos suficientes (+0) | sin cohorte disponible (+0) | hay datos de uso/contrato/horario (+8) | Weibull no evaluado (n insuficiente) (+4) | estimación de tipo INSUFFICIENT_DATA (+0) | n=0 intervalos (<10) (-10) | n=0 intervalos (<3) (-20),,,,,,NONE,0,Solo un evento observado para esta combinación - no se puede estimar vida útil todavía sin cohorte.
LINAC-153038,FUNDACION ARTURO LOPEZ PEREZ,45133318440,Fru XY Drive Unit,2021-03-19T11:30:00.000Z,2021-03-19T11:30:00.000Z,1,0,,,NONE,INSUFFICIENT_DATA,Un solo evento observado y sin cohorte disponible - sin base estadística suficiente para estimar vida útil.,,,,,,,,,,,1,0,0,,,NO_DATA,,,INSUFFICIENT_DATA,NO_MANUFACTURER_DATA,6,Insuficiente,0 intervalo(s) válidos (+0) | match exacto/alias (REF_EXACT) (+12) | asociación single (+12) | sin cobertura calculable (+0) | sin intervalos suficientes (+0) | sin cohorte disponible (+0) | hay datos de uso/contrato/horario (+8) | Weibull no evaluado (n insuficiente) (+4) | estimación de tipo INSUFFICIENT_DATA (+0) | n=0 intervalos (<10) (-10) | n=0 intervalos (<3) (-20),,INSUFFICIENT_DATA,6,Insuficiente,0 intervalo(s) válidos (+0) | match exacto/alias (REF_EXACT) (+12) | asociación single (+12) | sin cobertura calculable (+0) | sin intervalos suficientes (+0) | sin cohorte disponible (+0) | hay datos de uso/contrato/horario (+8) | Weibull no evaluado (n insuficiente) (+4) | estimación de tipo INSUFFICIENT_DATA (+0) | n=0 intervalos (<10) (-10) | n=0 intervalos (<3) (-20),,,,,,NONE,0,Solo un evento observado para esta combinación - no se puede estimar vida útil todavía sin cohorte.
LINAC-153038,FUNDACION ARTURO LOPEZ PEREZ,4513316441202U,"Potentiometer, 20k, 1 turn Fine",2021-03-19T11:30:00.000Z,2021-03-19T11:30:00.000Z,1,0,,273.05,EMPIRICAL_BAYES_SHRINKAGE,BORROWED_COHORT_ESTIMATE,"Un solo evento observado, sin intervalo propio - se usa 100% la estimación de la cohorte (same_client_same_part).",273.05,8.97,,273.05,,,,0,1,same_client_same_part,1,0,0,1.34,,NO_DATA,,2021-12-17T12:42:00.000Z,BORROWED_COHORT_ESTIMATE,NO_MANUFACTURER_DATA,7,Insuficiente,0 intervalo(s) válidos (+0) | match por método débil (REF_LIKE) (+8) | asociación single (+12) | sin cobertura calculable (+0) | sin intervalos suficientes (+0) | hay estimación de cohorte disponible (+12) | hay datos de uso/contrato/horario (+8) | Weibull no evaluado (n insuficiente) (+4) | estimación de tipo BORROWED_COHORT_ESTIMATE (+1) | n=0 intervalos (<10) (-10) | n=0 intervalos (<3) (-20) | estimación prestada de cohorte (-8),,BORROWED_COHORT_ESTIMATE,7,Insuficiente,0 intervalo(s) válidos (+0) | match por método débil (REF_LIKE) (+8) | asociación single (+12) | sin cobertura calculable (+0) | sin intervalos suficientes (+0) | hay estimación de cohorte disponible (+12) | hay datos de uso/contrato/horario (+8) | Weibull no evaluado (n insuficiente) (+4) | estimación de tipo BORROWED_COHORT_ESTIMATE (+1) | n=0 intervalos (<10) (-10) | n=0 intervalos (<3) (-20) | estimación prestada de cohorte (-8),,,,,,EMPIRICAL_BAYES_SHRINKAGE,0,Solo un evento observado para esta combinación - no se puede estimar vida útil todavía sin cohorte.
LINAC-153038,FUNDACION ARTURO LOPEZ PEREZ,45133317157,"timing belt 16T5 DL, 1263mm",2021-03-19T11:30:00.000Z,2021-03-19T11:30:00.000Z,1,0,,,NONE,INSUFFICIENT_DATA,Un solo evento observado y sin cohorte disponible - sin base estadística suficiente para estimar vida útil.,,,,,,,,,,,1,0,0,,,NO_DATA,,,INSUFFICIENT_DATA,NO_MANUFACTURER_DATA,6,Insuficiente,0 intervalo(s) válidos (+0) | match exacto/alias (REF_EXACT) (+12) | asociación single (+12) | sin cobertura calculable (+0) | sin intervalos suficientes (+0) | sin cohorte disponible (+0) | hay datos de uso/contrato/horario (+8) | Weibull no evaluado (n insuficiente) (+4) | estimación de tipo INSUFFICIENT_DATA (+0) | n=0 intervalos (<10) (-10) | n=0 intervalos (<3) (-20),,INSUFFICIENT_DATA,6,Insuficiente,0 intervalo(s) válidos (+0) | match exacto/alias (REF_EXACT) (+12) | asociación single (+12) | sin cobertura calculable (+0) | sin intervalos suficientes (+0) | sin cohorte disponible (+0) | hay datos de uso/contrato/horario (+8) | Weibull no evaluado (n insuficiente) (+4) | estimación de tipo INSUFFICIENT_DATA (+0) | n=0 intervalos (<10) (-10) | n=0 intervalos (<3) (-20),,,,,,NONE,0,Solo un evento observado para esta combinación - no se puede estimar vida útil todavía sin cohorte.
Linac-201172,INRAD,BJ4853.222.02,"CABLE ASSY,SK25E TO X38H",2021-03-26T15:00:00.000Z,2021-03-26T15:00:00.000Z,1,0,,,NONE,INSUFFICIENT_DATA,Un solo evento observado y sin cohorte disponible - sin base estadística suficiente para estimar vida útil.,,,,,,,,,,,1,0,0,,,NO_DATA,,,INSUFFICIENT_DATA,NO_MANUFACTURER_DATA,6,Insuficiente,0 intervalo(s) válidos (+0) | match exacto/alias (REF_EXACT) (+12) | asociación single (+12) | sin cobertura calculable (+0) | sin intervalos suficientes (+0) | sin cohorte disponible (+0) | hay datos de uso/contrato/horario (+8) | Weibull no evaluado (n insuficiente) (+4) | estimación de tipo INSUFFICIENT_DATA (+0) | n=0 intervalos (<10) (-10) | n=0 intervalos (<3) (-20),,INSUFFICIENT_DATA,6,Insuficiente,0 intervalo(s) válidos (+0) | match exacto/alias (REF_EXACT) (+12) | asociación single (+12) | sin cobertura calculable (+0) | sin intervalos suficientes (+0) | sin cohorte disponible (+0) | hay datos de uso/contrato/horario (+8) | Weibull no evaluado (n insuficiente) (+4) | estimación de tipo INSUFFICIENT_DATA (+0) | n=0 intervalos (<10) (-10) | n=0 intervalos (<3) (-20),,,,,,NONE,0,Solo un evento observado para esta combinación - no se puede estimar vida útil todavía sin cohorte.
Linac-201172,INRAD,1015076,"Cable, retractile, MLC (SK25BB–SK26B)",2021-03-26T15:00:00.000Z,2021-03-26T15:00:00.000Z,1,0,,348.39,EMPIRICAL_BAYES_SHRINKAGE,BORROWED_COHORT_ESTIMATE,"Un solo evento observado, sin intervalo propio - se usa 100% la estimación de la cohorte (same_client_same_part).",348.39,11.45,,348.39,,,,0,1,same_client_same_part,1,0,0,1.05,,NO_DATA,,2022-03-10T00:21:36.000Z,BORROWED_COHORT_ESTIMATE,NO_MANUFACTURER_DATA,11,Insuficiente,0 intervalo(s) válidos (+0) | match exacto/alias (REF_EXACT) (+12) | asociación single (+12) | sin cobertura calculable (+0) | sin intervalos suficientes (+0) | hay estimación de cohorte disponible (+12) | hay datos de uso/contrato/horario (+8) | Weibull no evaluado (n insuficiente) (+4) | estimación de tipo BORROWED_COHORT_ESTIMATE (+1) | n=0 intervalos (<10) (-10) | n=0 intervalos (<3) (-20) | estimación prestada de cohorte (-8),,BORROWED_COHORT_ESTIMATE,11,Insuficiente,0 intervalo(s) válidos (+0) | match exacto/alias (REF_EXACT) (+12) | asociación single (+12) | sin cobertura calculable (+0) | sin intervalos suficientes (+0) | hay estimación de cohorte disponible (+12) | hay datos de uso/contrato/horario (+8) | Weibull no evaluado (n insuficiente) (+4) | estimación de tipo BORROWED_COHORT_ESTIMATE (+1) | n=0 intervalos (<10) (-10) | n=0 intervalos (<3) (-20) | estimación prestada de cohorte (-8),,,,,,EMPIRICAL_BAYES_SHRINKAGE,0,Solo un evento observado para esta combinación - no se puede estimar vida útil todavía sin cohorte.
Linac-201172,INRAD,1015075,"Cable, retractile, MLC (SK25AA–SK26A)",2021-03-26T15:00:00.000Z,2021-03-26T15:00:00.000Z,1,0,,326.76,EMPIRICAL_BAYES_SHRINKAGE,BORROWED_COHORT_ESTIMATE,"Un solo evento observado, sin intervalo propio - se usa 100% la estimación de la cohorte (same_client_same_part).",326.76,10.73,,326.76,,,,0,1,same_client_same_part,1,0,0,1.12,,NO_DATA,,2022-02-16T09:14:24.000Z,BORROWED_COHORT_ESTIMATE,NO_MANUFACTURER_DATA,11,Insuficiente,0 intervalo(s) válidos (+0) | match exacto/alias (REF_EXACT) (+12) | asociación single (+12) | sin cobertura calculable (+0) | sin intervalos suficientes (+0) | hay estimación de cohorte disponible (+12) | hay datos de uso/contrato/horario (+8) | Weibull no evaluado (n insuficiente) (+4) | estimación de tipo BORROWED_COHORT_ESTIMATE (+1) | n=0 intervalos (<10) (-10) | n=0 intervalos (<3) (-20) | estimación prestada de cohorte (-8),,BORROWED_COHORT_ESTIMATE,11,Insuficiente,0 intervalo(s) válidos (+0) | match exacto/alias (REF_EXACT) (+12) | asociación single (+12) | sin cobertura calculable (+0) | sin intervalos suficientes (+0) | hay estimación de cohorte disponible (+12) | hay datos de uso/contrato/horario (+8) | Weibull no evaluado (n insuficiente) (+4) | estimación de tipo BORROWED_COHORT_ESTIMATE (+1) | n=0 intervalos (<10) (-10) | n=0 intervalos (<3) (-20) | estimación prestada de cohorte (-8),,,,,,EMPIRICAL_BAYES_SHRINKAGE,0,Solo un evento observado para esta combinación - no se puede estimar vida útil todavía sin cohorte.
Linac-201172,INRAD,BJ4853.223.02,"CABLE ASSY,SK25F TO X38K",2021-03-26T15:00:00.000Z,2021-03-26T15:00:00.000Z,1,0,,,NONE,INSUFFICIENT_DATA,Un solo evento observado y sin cohorte disponible - sin base estadística suficiente para estimar vida útil.,,,,,,,,,,,1,0,0,,,NO_DATA,,,INSUFFICIENT_DATA,NO_MANUFACTURER_DATA,6,Insuficiente,0 intervalo(s) válidos (+0) | match exacto/alias (REF_EXACT) (+12) | asociación single (+12) | sin cobertura calculable (+0) | sin intervalos suficientes (+0) | sin cohorte disponible (+0) | hay datos de uso/contrato/horario (+8) | Weibull no evaluado (n insuficiente) (+4) | estimación de tipo INSUFFICIENT_DATA (+0) | n=0 intervalos (<10) (-10) | n=0 intervalos (<3) (-20),,INSUFFICIENT_DATA,6,Insuficiente,0 intervalo(s) válidos (+0) | match exacto/alias (REF_EXACT) (+12) | asociación single (+12) | sin cobertura calculable (+0) | sin intervalos suficientes (+0) | sin cohorte disponible (+0) | hay datos de uso/contrato/horario (+8) | Weibull no evaluado (n insuficiente) (+4) | estimación de tipo INSUFFICIENT_DATA (+0) | n=0 intervalos (<10) (-10) | n=0 intervalos (<3) (-20),,,,,,NONE,0,Solo un evento observado para esta combinación - no se puede estimar vida útil todavía sin cohorte.
LINAC-153038,FUNDACION ARTURO LOPEZ PEREZ,45133317815_01,TORNILLOS INOXIDABLES,2021-03-30T17:30:00.000Z,2021-03-30T17:30:00.000Z,1,0,,,NONE,INSUFFICIENT_DATA,Un solo evento observado y sin cohorte disponible - sin base estadística suficiente para estimar vida útil.,,,,,,,,,,,1,0,0,,,NO_DATA,,,INSUFFICIENT_DATA,NO_MANUFACTURER_DATA,2,Insuficiente,0 intervalo(s) válidos (+0) | match por método débil (REF_LIKE) (+8) | asociación single (+12) | sin cobertura calculable (+0) | sin intervalos suficientes (+0) | sin cohorte disponible (+0) | hay datos de uso/contrato/horario (+8) | Weibull no evaluado (n insuficiente) (+4) | estimación de tipo INSUFFICIENT_DATA (+0) | n=0 intervalos (<10) (-10) | n=0 intervalos (<3) (-20),,INSUFFICIENT_DATA,2,Insuficiente,0 intervalo(s) válidos (+0) | match por método débil (REF_LIKE) (+8) | asociación single (+12) | sin cobertura calculable (+0) | sin intervalos suficientes (+0) | sin cohorte disponible (+0) | hay datos de uso/contrato/horario (+8) | Weibull no evaluado (n insuficiente) (+4) | estimación de tipo INSUFFICIENT_DATA (+0) | n=0 intervalos (<10) (-10) | n=0 intervalos (<3) (-20),,,,,,NONE,0,Solo un evento observado para esta combinación - no se puede estimar vida útil todavía sin cohorte.
LINAC-153038,FUNDACION ARTURO LOPEZ PEREZ,R1510260,KV Detector Panel,2021-04-16T12:30:00.000Z,2021-04-16T12:30:00.000Z,1,0,,,NONE,INSUFFICIENT_DATA,Un solo evento observado y sin cohorte disponible - sin base estadística suficiente para estimar vida útil.,,,,,,,,,,,1,0,0,,,NO_DATA,,,INSUFFICIENT_DATA,NO_MANUFACTURER_DATA,6,Insuficiente,0 intervalo(s) válidos (+0) | match exacto/alias (REF_EXACT) (+12) | asociación single (+12) | sin cobertura calculable (+0) | sin intervalos suficientes (+0) | sin cohorte disponible (+0) | hay datos de uso/contrato/horario (+8) | Weibull no evaluado (n insuficiente) (+4) | estimación de tipo INSUFFICIENT_DATA (+0) | n=0 intervalos (<10) (-10) | n=0 intervalos (<3) (-20),,INSUFFICIENT_DATA,6,Insuficiente,0 intervalo(s) válidos (+0) | match exacto/alias (REF_EXACT) (+12) | asociación single (+12) | sin cobertura calculable (+0) | sin intervalos suficientes (+0) | sin cohorte disponible (+0) | hay datos de uso/contrato/horario (+8) | Weibull no evaluado (n insuficiente) (+4) | estimación de tipo INSUFFICIENT_DATA (+0) | n=0 intervalos (<10) (-10) | n=0 intervalos (<3) (-20),,,,,,NONE,0,Solo un evento observado para esta combinación - no se puede estimar vida útil todavía sin cohorte.
APOTECA-CHEMO,FUNDACION ARTURO LOPEZ PEREZ,128345,MOTOR BRASHEL (S),2021-04-20T13:00:00.000Z,2021-04-20T13:00:00.000Z,1,0,,,NONE,INSUFFICIENT_DATA,Un solo evento observado y sin cohorte disponible - sin base estadística suficiente para estimar vida útil.,,,,,,,,,,,1,0,0,,,NO_DATA,,,INSUFFICIENT_DATA,NO_MANUFACTURER_DATA,6,Insuficiente,0 intervalo(s) válidos (+0) | match exacto/alias (REF_EXACT) (+12) | asociación single (+12) | sin cobertura calculable (+0) | sin intervalos suficientes (+0) | sin cohorte disponible (+0) | hay datos de uso/contrato/horario (+8) | Weibull no evaluado (n insuficiente) (+4) | estimación de tipo INSUFFICIENT_DATA (+0) | n=0 intervalos (<10) (-10) | n=0 intervalos (<3) (-20),,INSUFFICIENT_DATA,6,Insuficiente,0 intervalo(s) válidos (+0) | match exacto/alias (REF_EXACT) (+12) | asociación single (+12) | sin cobertura calculable (+0) | sin intervalos suficientes (+0) | sin cohorte disponible (+0) | hay datos de uso/contrato/horario (+8) | Weibull no evaluado (n insuficiente) (+4) | estimación de tipo INSUFFICIENT_DATA (+0) | n=0 intervalos (<10) (-10) | n=0 intervalos (<3) (-20),,,,,,NONE,0,Solo un evento observado para esta combinación - no se puede estimar vida útil todavía sin cohorte.
Linac-201172,INRAD,923931518204,AMPOLLETA MLC TYPE 13289,2021-05-04T12:30:00.000Z,2021-05-04T12:30:00.000Z,1,0,,257.24,EMPIRICAL_BAYES_SHRINKAGE,BORROWED_COHORT_ESTIMATE,"Un solo evento observado, sin intervalo propio - se usa 100% la estimación de la cohorte (same_client_same_part).",257.24,8.45,,257.24,,,,0,1,same_client_same_part,1,0,0,1.42,,NO_DATA,,2022-01-16T18:15:36.000Z,BORROWED_COHORT_ESTIMATE,NO_MANUFACTURER_DATA,11,Insuficiente,0 intervalo(s) válidos (+0) | match exacto/alias (REF_NORMALIZED_EXACT) (+12) | asociación single (+12) | sin cobertura calculable (+0) | sin intervalos suficientes (+0) | hay estimación de cohorte disponible (+12) | hay datos de uso/contrato/horario (+8) | Weibull no evaluado (n insuficiente) (+4) | estimación de tipo BORROWED_COHORT_ESTIMATE (+1) | n=0 intervalos (<10) (-10) | n=0 intervalos (<3) (-20) | estimación prestada de cohorte (-8),,BORROWED_COHORT_ESTIMATE,11,Insuficiente,0 intervalo(s) válidos (+0) | match exacto/alias (REF_NORMALIZED_EXACT) (+12) | asociación single (+12) | sin cobertura calculable (+0) | sin intervalos suficientes (+0) | hay estimación de cohorte disponible (+12) | hay datos de uso/contrato/horario (+8) | Weibull no evaluado (n insuficiente) (+4) | estimación de tipo BORROWED_COHORT_ESTIMATE (+1) | n=0 intervalos (<10) (-10) | n=0 intervalos (<3) (-20) | estimación prestada de cohorte (-8),,,,,,EMPIRICAL_BAYES_SHRINKAGE,0,Solo un evento observado para esta combinación - no se puede estimar vida útil todavía sin cohorte.
Linac-201172,INRAD,BJ6219.001.02,iViewC™ Arm brake cable-A,2021-05-04T12:30:00.000Z,2021-05-04T12:30:00.000Z,1,0,,,NONE,INSUFFICIENT_DATA,Un solo evento observado y sin cohorte disponible - sin base estadística suficiente para estimar vida útil.,,,,,,,,,,,1,0,0,,,NO_DATA,,,INSUFFICIENT_DATA,NO_MANUFACTURER_DATA,6,Insuficiente,0 intervalo(s) válidos (+0) | match exacto/alias (REF_EXACT) (+12) | asociación single (+12) | sin cobertura calculable (+0) | sin intervalos suficientes (+0) | sin cohorte disponible (+0) | hay datos de uso/contrato/horario (+8) | Weibull no evaluado (n insuficiente) (+4) | estimación de tipo INSUFFICIENT_DATA (+0) | n=0 intervalos (<10) (-10) | n=0 intervalos (<3) (-20),,INSUFFICIENT_DATA,6,Insuficiente,0 intervalo(s) válidos (+0) | match exacto/alias (REF_EXACT) (+12) | asociación single (+12) | sin cobertura calculable (+0) | sin intervalos suficientes (+0) | sin cohorte disponible (+0) | hay datos de uso/contrato/horario (+8) | Weibull no evaluado (n insuficiente) (+4) | estimación de tipo INSUFFICIENT_DATA (+0) | n=0 intervalos (<10) (-10) | n=0 intervalos (<3) (-20),,,,,,NONE,0,Solo un evento observado para esta combinación - no se puede estimar vida útil todavía sin cohorte.
Linac-153935,UC CHRISTUS - CECA,1021309___1564281,"PCB ASSY, WEDGE CONTROL",2021-05-29T12:30:00.000Z,2021-05-29T12:30:00.000Z,1,0,,275.61,EMPIRICAL_BAYES_SHRINKAGE,BORROWED_COHORT_ESTIMATE,"Un solo evento observado, sin intervalo propio - se usa 100% la estimación de la cohorte (same_client_same_part).",275.61,9.05,,275.61,,,,0,1,same_client_same_part,1,0,0,1.33,,NO_DATA,,2022-03-01T03:08:24.000Z,BORROWED_COHORT_ESTIMATE,NO_MANUFACTURER_DATA,7,Insuficiente,0 intervalo(s) válidos (+0) | match por método débil (REF_LIKE) (+8) | asociación single (+12) | sin cobertura calculable (+0) | sin intervalos suficientes (+0) | hay estimación de cohorte disponible (+12) | hay datos de uso/contrato/horario (+8) | Weibull no evaluado (n insuficiente) (+4) | estimación de tipo BORROWED_COHORT_ESTIMATE (+1) | n=0 intervalos (<10) (-10) | n=0 intervalos (<3) (-20) | estimación prestada de cohorte (-8),,BORROWED_COHORT_ESTIMATE,7,Insuficiente,0 intervalo(s) válidos (+0) | match por método débil (REF_LIKE) (+8) | asociación single (+12) | sin cobertura calculable (+0) | sin intervalos suficientes (+0) | hay estimación de cohorte disponible (+12) | hay datos de uso/contrato/horario (+8) | Weibull no evaluado (n insuficiente) (+4) | estimación de tipo BORROWED_COHORT_ESTIMATE (+1) | n=0 intervalos (<10) (-10) | n=0 intervalos (<3) (-20) | estimación prestada de cohorte (-8),,,,,,EMPIRICAL_BAYES_SHRINKAGE,1,Solo un evento observado para esta combinación - no se puede estimar vida útil todavía sin cohorte.
LINAC-153038,FUNDACION ARTURO LOPEZ PEREZ,1541653,"DRIFT TUBE ASSY, FRU, VITON",2021-05-21T04:00:00.000Z,2021-05-21T04:00:00.000Z,1,0,,,NONE,INSUFFICIENT_DATA,Un solo evento observado y sin cohorte disponible - sin base estadística suficiente para estimar vida útil.,,,,,,,,,,,1,0,0,,,NO_DATA,,,INSUFFICIENT_DATA,NO_MANUFACTURER_DATA,6,Insuficiente,0 intervalo(s) válidos (+0) | match exacto/alias (REF_EXACT) (+12) | asociación single (+12) | sin cobertura calculable (+0) | sin intervalos suficientes (+0) | sin cohorte disponible (+0) | hay datos de uso/contrato/horario (+8) | Weibull no evaluado (n insuficiente) (+4) | estimación de tipo INSUFFICIENT_DATA (+0) | n=0 intervalos (<10) (-10) | n=0 intervalos (<3) (-20),,INSUFFICIENT_DATA,6,Insuficiente,0 intervalo(s) válidos (+0) | match exacto/alias (REF_EXACT) (+12) | asociación single (+12) | sin cobertura calculable (+0) | sin intervalos suficientes (+0) | sin cohorte disponible (+0) | hay datos de uso/contrato/horario (+8) | Weibull no evaluado (n insuficiente) (+4) | estimación de tipo INSUFFICIENT_DATA (+0) | n=0 intervalos (<10) (-10) | n=0 intervalos (<3) (-20),,,,,,NONE,1,Solo un evento observado para esta combinación - no se puede estimar vida útil todavía sin cohorte.
LINAC-153038,FUNDACION ARTURO LOPEZ PEREZ,45133400146,Slitless flight tube kit,2021-05-21T04:00:00.000Z,2021-05-21T04:00:00.000Z,1,0,,,NONE,INSUFFICIENT_DATA,Un solo evento observado y sin cohorte disponible - sin base estadística suficiente para estimar vida útil.,,,,,,,,,,,1,0,0,,,NO_DATA,,,INSUFFICIENT_DATA,NO_MANUFACTURER_DATA,6,Insuficiente,0 intervalo(s) válidos (+0) | match exacto/alias (REF_EXACT) (+12) | asociación single (+12) | sin cobertura calculable (+0) | sin intervalos suficientes (+0) | sin cohorte disponible (+0) | hay datos de uso/contrato/horario (+8) | Weibull no evaluado (n insuficiente) (+4) | estimación de tipo INSUFFICIENT_DATA (+0) | n=0 intervalos (<10) (-10) | n=0 intervalos (<3) (-20),,INSUFFICIENT_DATA,6,Insuficiente,0 intervalo(s) válidos (+0) | match exacto/alias (REF_EXACT) (+12) | asociación single (+12) | sin cobertura calculable (+0) | sin intervalos suficientes (+0) | sin cohorte disponible (+0) | hay datos de uso/contrato/horario (+8) | Weibull no evaluado (n insuficiente) (+4) | estimación de tipo INSUFFICIENT_DATA (+0) | n=0 intervalos (<10) (-10) | n=0 intervalos (<3) (-20),,,,,,NONE,1,Solo un evento observado para esta combinación - no se puede estimar vida útil todavía sin cohorte.
Linac-153935,UC CHRISTUS - CECA,1500443_02,PCB Assy Led Control,2021-06-19T13:00:00.000Z,2021-06-19T13:00:00.000Z,1,0,,,NONE,INSUFFICIENT_DATA,Un solo evento observado y sin cohorte disponible - sin base estadística suficiente para estimar vida útil.,,,,,,,,,,,1,0,0,,,NO_DATA,,,INSUFFICIENT_DATA,NO_MANUFACTURER_DATA,2,Insuficiente,0 intervalo(s) válidos (+0) | match por método débil (REF_LIKE) (+8) | asociación single (+12) | sin cobertura calculable (+0) | sin intervalos suficientes (+0) | sin cohorte disponible (+0) | hay datos de uso/contrato/horario (+8) | Weibull no evaluado (n insuficiente) (+4) | estimación de tipo INSUFFICIENT_DATA (+0) | n=0 intervalos (<10) (-10) | n=0 intervalos (<3) (-20),,INSUFFICIENT_DATA,2,Insuficiente,0 intervalo(s) válidos (+0) | match por método débil (REF_LIKE) (+8) | asociación single (+12) | sin cobertura calculable (+0) | sin intervalos suficientes (+0) | sin cohorte disponible (+0) | hay datos de uso/contrato/horario (+8) | Weibull no evaluado (n insuficiente) (+4) | estimación de tipo INSUFFICIENT_DATA (+0) | n=0 intervalos (<10) (-10) | n=0 intervalos (<3) (-20),,,,,,NONE,1,Solo un evento observado para esta combinación - no se puede estimar vida útil todavía sin cohorte.
Linac-201172,INRAD,BJ4853.228.01,CABLE X30B - X43,2021-06-25T15:00:00.000Z,2021-06-25T15:00:00.000Z,1,0,,,NONE,INSUFFICIENT_DATA,Un solo evento observado y sin cohorte disponible - sin base estadística suficiente para estimar vida útil.,,,,,,,,,,,1,0,0,,,NO_DATA,,,INSUFFICIENT_DATA,NO_MANUFACTURER_DATA,6,Insuficiente,0 intervalo(s) válidos (+0) | match exacto/alias (REF_EXACT) (+12) | asociación single (+12) | sin cobertura calculable (+0) | sin intervalos suficientes (+0) | sin cohorte disponible (+0) | hay datos de uso/contrato/horario (+8) | Weibull no evaluado (n insuficiente) (+4) | estimación de tipo INSUFFICIENT_DATA (+0) | n=0 intervalos (<10) (-10) | n=0 intervalos (<3) (-20),,INSUFFICIENT_DATA,6,Insuficiente,0 intervalo(s) válidos (+0) | match exacto/alias (REF_EXACT) (+12) | asociación single (+12) | sin cobertura calculable (+0) | sin intervalos suficientes (+0) | sin cohorte disponible (+0) | hay datos de uso/contrato/horario (+8) | Weibull no evaluado (n insuficiente) (+4) | estimación de tipo INSUFFICIENT_DATA (+0) | n=0 intervalos (<10) (-10) | n=0 intervalos (<3) (-20),,,,,,NONE,0,Solo un evento observado para esta combinación - no se puede estimar vida útil todavía sin cohorte.
Linac-154325,HOSPITAL CARLOS VAN BUREN (SSVSA),45133904034,PCB ASSY MOTOR THER,2021-06-29T13:00:00.000Z,2021-06-29T13:00:00.000Z,1,0,,,NONE,INSUFFICIENT_DATA,Un solo evento observado y sin cohorte disponible - sin base estadística suficiente para estimar vida útil.,,,,,,,,,,,1,0,0,,,NO_DATA,,,INSUFFICIENT_DATA,NO_MANUFACTURER_DATA,6,Insuficiente,0 intervalo(s) válidos (+0) | match exacto/alias (REF_EXACT) (+12) | asociación single (+12) | sin cobertura calculable (+0) | sin intervalos suficientes (+0) | sin cohorte disponible (+0) | hay datos de uso/contrato/horario (+8) | Weibull no evaluado (n insuficiente) (+4) | estimación de tipo INSUFFICIENT_DATA (+0) | n=0 intervalos (<10) (-10) | n=0 intervalos (<3) (-20),,INSUFFICIENT_DATA,6,Insuficiente,0 intervalo(s) válidos (+0) | match exacto/alias (REF_EXACT) (+12) | asociación single (+12) | sin cobertura calculable (+0) | sin intervalos suficientes (+0) | sin cohorte disponible (+0) | hay datos de uso/contrato/horario (+8) | Weibull no evaluado (n insuficiente) (+4) | estimación de tipo INSUFFICIENT_DATA (+0) | n=0 intervalos (<10) (-10) | n=0 intervalos (<3) (-20),,,,,,NONE,0,Solo un evento observado para esta combinación - no se puede estimar vida útil todavía sin cohorte.
LINAC-153038,FUNDACION ARTURO LOPEZ PEREZ,1014474,Cable Assy sw1/sw2 T,2021-07-01T12:30:00.000Z,2021-07-01T12:30:00.000Z,1,0,,,NONE,INSUFFICIENT_DATA,Un solo evento observado y sin cohorte disponible - sin base estadística suficiente para estimar vida útil.,,,,,,,,,,,1,0,0,,,NO_DATA,,,INSUFFICIENT_DATA,NO_MANUFACTURER_DATA,6,Insuficiente,0 intervalo(s) válidos (+0) | match exacto/alias (REF_EXACT) (+12) | asociación single (+12) | sin cobertura calculable (+0) | sin intervalos suficientes (+0) | sin cohorte disponible (+0) | hay datos de uso/contrato/horario (+8) | Weibull no evaluado (n insuficiente) (+4) | estimación de tipo INSUFFICIENT_DATA (+0) | n=0 intervalos (<10) (-10) | n=0 intervalos (<3) (-20),,INSUFFICIENT_DATA,6,Insuficiente,0 intervalo(s) válidos (+0) | match exacto/alias (REF_EXACT) (+12) | asociación single (+12) | sin cobertura calculable (+0) | sin intervalos suficientes (+0) | sin cohorte disponible (+0) | hay datos de uso/contrato/horario (+8) | Weibull no evaluado (n insuficiente) (+4) | estimación de tipo INSUFFICIENT_DATA (+0) | n=0 intervalos (<10) (-10) | n=0 intervalos (<3) (-20),,,,,,NONE,0,Solo un evento observado para esta combinación - no se puede estimar vida útil todavía sin cohorte.
Linac-153935,UC CHRISTUS - CECA,1016641,Assy Accessory PCB and Bracket,2021-07-24T12:00:00.000Z,2021-07-24T12:00:00.000Z,1,0,,,NONE,INSUFFICIENT_DATA,Un solo evento observado y sin cohorte disponible - sin base estadística suficiente para estimar vida útil.,,,,,,,,,,,1,0,0,,,NO_DATA,,,INSUFFICIENT_DATA,NO_MANUFACTURER_DATA,6,Insuficiente,0 intervalo(s) válidos (+0) | match exacto/alias (REF_EXACT) (+12) | asociación single (+12) | sin cobertura calculable (+0) | sin intervalos suficientes (+0) | sin cohorte disponible (+0) | hay datos de uso/contrato/horario (+8) | Weibull no evaluado (n insuficiente) (+4) | estimación de tipo INSUFFICIENT_DATA (+0) | n=0 intervalos (<10) (-10) | n=0 intervalos (<3) (-20),,INSUFFICIENT_DATA,6,Insuficiente,0 intervalo(s) válidos (+0) | match exacto/alias (REF_EXACT) (+12) | asociación single (+12) | sin cobertura calculable (+0) | sin intervalos suficientes (+0) | sin cohorte disponible (+0) | hay datos de uso/contrato/horario (+8) | Weibull no evaluado (n insuficiente) (+4) | estimación de tipo INSUFFICIENT_DATA (+0) | n=0 intervalos (<10) (-10) | n=0 intervalos (<3) (-20),,,,,,NONE,1,Solo un evento observado para esta combinación - no se puede estimar vida útil todavía sin cohorte.
Linac-153935,UC CHRISTUS - CECA,1531145,"Assy, Fan 70x70x15mm",2021-07-24T12:00:00.000Z,2021-07-24T12:00:00.000Z,1,0,,,NONE,INSUFFICIENT_DATA,Un solo evento observado y sin cohorte disponible - sin base estadística suficiente para estimar vida útil.,,,,,,,,,,,1,0,0,,,NO_DATA,,,INSUFFICIENT_DATA,NO_MANUFACTURER_DATA,6,Insuficiente,0 intervalo(s) válidos (+0) | match exacto/alias (REF_EXACT) (+12) | asociación single (+12) | sin cobertura calculable (+0) | sin intervalos suficientes (+0) | sin cohorte disponible (+0) | hay datos de uso/contrato/horario (+8) | Weibull no evaluado (n insuficiente) (+4) | estimación de tipo INSUFFICIENT_DATA (+0) | n=0 intervalos (<10) (-10) | n=0 intervalos (<3) (-20),,INSUFFICIENT_DATA,6,Insuficiente,0 intervalo(s) válidos (+0) | match exacto/alias (REF_EXACT) (+12) | asociación single (+12) | sin cobertura calculable (+0) | sin intervalos suficientes (+0) | sin cohorte disponible (+0) | hay datos de uso/contrato/horario (+8) | Weibull no evaluado (n insuficiente) (+4) | estimación de tipo INSUFFICIENT_DATA (+0) | n=0 intervalos (<10) (-10) | n=0 intervalos (<3) (-20),,,,,,NONE,1,Solo un evento observado para esta combinación - no se puede estimar vida útil todavía sin cohorte.
LINAC-153038,FUNDACION ARTURO LOPEZ PEREZ,45133307890,ION PUMP PSU (IPCU),2021-07-31T13:00:00.000Z,2021-07-31T13:00:00.000Z,1,0,,,NONE,INSUFFICIENT_DATA,Un solo evento observado y sin cohorte disponible - sin base estadística suficiente para estimar vida útil.,,,,,,,,,,,1,0,0,,,NO_DATA,,,INSUFFICIENT_DATA,NO_MANUFACTURER_DATA,6,Insuficiente,0 intervalo(s) válidos (+0) | match exacto/alias (REF_EXACT) (+12) | asociación single (+12) | sin cobertura calculable (+0) | sin intervalos suficientes (+0) | sin cohorte disponible (+0) | hay datos de uso/contrato/horario (+8) | Weibull no evaluado (n insuficiente) (+4) | estimación de tipo INSUFFICIENT_DATA (+0) | n=0 intervalos (<10) (-10) | n=0 intervalos (<3) (-20),,INSUFFICIENT_DATA,6,Insuficiente,0 intervalo(s) válidos (+0) | match exacto/alias (REF_EXACT) (+12) | asociación single (+12) | sin cobertura calculable (+0) | sin intervalos suficientes (+0) | sin cohorte disponible (+0) | hay datos de uso/contrato/horario (+8) | Weibull no evaluado (n insuficiente) (+4) | estimación de tipo INSUFFICIENT_DATA (+0) | n=0 intervalos (<10) (-10) | n=0 intervalos (<3) (-20),,,,,,NONE,1,Solo un evento observado para esta combinación - no se puede estimar vida útil todavía sin cohorte.
Linac-201110,CLÍNICA SANATORIO ALEMÁN (ONCORAD),4513316441202U,"Potentiometer, 20k, 1 turn Fine",2021-08-02T14:00:00.000Z,2021-08-02T14:00:00.000Z,1,0,,273.05,EMPIRICAL_BAYES_SHRINKAGE,BORROWED_COHORT_ESTIMATE,"Un solo evento observado, sin intervalo propio - se usa 100% la estimación de la cohorte (same_client_same_part).",273.05,8.97,,273.05,,,,0,1,same_client_same_part,1,0,0,1.34,,NO_DATA,,2022-05-02T15:12:00.000Z,BORROWED_COHORT_ESTIMATE,NO_MANUFACTURER_DATA,7,Insuficiente,0 intervalo(s) válidos (+0) | match por método débil (REF_LIKE) (+8) | asociación single (+12) | sin cobertura calculable (+0) | sin intervalos suficientes (+0) | hay estimación de cohorte disponible (+12) | hay datos de uso/contrato/horario (+8) | Weibull no evaluado (n insuficiente) (+4) | estimación de tipo BORROWED_COHORT_ESTIMATE (+1) | n=0 intervalos (<10) (-10) | n=0 intervalos (<3) (-20) | estimación prestada de cohorte (-8),,BORROWED_COHORT_ESTIMATE,7,Insuficiente,0 intervalo(s) válidos (+0) | match por método débil (REF_LIKE) (+8) | asociación single (+12) | sin cobertura calculable (+0) | sin intervalos suficientes (+0) | hay estimación de cohorte disponible (+12) | hay datos de uso/contrato/horario (+8) | Weibull no evaluado (n insuficiente) (+4) | estimación de tipo BORROWED_COHORT_ESTIMATE (+1) | n=0 intervalos (<10) (-10) | n=0 intervalos (<3) (-20) | estimación prestada de cohorte (-8),,,,,,EMPIRICAL_BAYES_SHRINKAGE,0,Solo un evento observado para esta combinación - no se puede estimar vida útil todavía sin cohorte.
Linac-151673,CLINICA ALEMANA DE SANTIAGO,1014474,Cable Assy sw1/sw2 T,2021-08-06T11:00:00.000Z,2021-08-06T11:00:00.000Z,1,0,,,NONE,INSUFFICIENT_DATA,Un solo evento observado y sin cohorte disponible - sin base estadística suficiente para estimar vida útil.,,,,,,,,,,,1,0,0,,,NO_DATA,,,INSUFFICIENT_DATA,NO_MANUFACTURER_DATA,6,Insuficiente,0 intervalo(s) válidos (+0) | match exacto/alias (REF_EXACT) (+12) | asociación single (+12) | sin cobertura calculable (+0) | sin intervalos suficientes (+0) | sin cohorte disponible (+0) | hay datos de uso/contrato/horario (+8) | Weibull no evaluado (n insuficiente) (+4) | estimación de tipo INSUFFICIENT_DATA (+0) | n=0 intervalos (<10) (-10) | n=0 intervalos (<3) (-20),,INSUFFICIENT_DATA,6,Insuficiente,0 intervalo(s) válidos (+0) | match exacto/alias (REF_EXACT) (+12) | asociación single (+12) | sin cobertura calculable (+0) | sin intervalos suficientes (+0) | sin cohorte disponible (+0) | hay datos de uso/contrato/horario (+8) | Weibull no evaluado (n insuficiente) (+4) | estimación de tipo INSUFFICIENT_DATA (+0) | n=0 intervalos (<10) (-10) | n=0 intervalos (<3) (-20),,,,,,NONE,1,Solo un evento observado para esta combinación - no se puede estimar vida útil todavía sin cohorte.
APOTECA-CHEMO,FUNDACION ARTURO LOPEZ PEREZ,128284,Cavo 0975 254 101/5M,2021-08-13T12:30:00.000Z,2021-08-13T12:30:00.000Z,1,0,,,NONE,INSUFFICIENT_DATA,Un solo evento observado y sin cohorte disponible - sin base estadística suficiente para estimar vida útil.,,,,,,,,,,,1,0,0,,,NO_DATA,,,INSUFFICIENT_DATA,NO_MANUFACTURER_DATA,6,Insuficiente,0 intervalo(s) válidos (+0) | match exacto/alias (REF_EXACT) (+12) | asociación single (+12) | sin cobertura calculable (+0) | sin intervalos suficientes (+0) | sin cohorte disponible (+0) | hay datos de uso/contrato/horario (+8) | Weibull no evaluado (n insuficiente) (+4) | estimación de tipo INSUFFICIENT_DATA (+0) | n=0 intervalos (<10) (-10) | n=0 intervalos (<3) (-20),,INSUFFICIENT_DATA,6,Insuficiente,0 intervalo(s) válidos (+0) | match exacto/alias (REF_EXACT) (+12) | asociación single (+12) | sin cobertura calculable (+0) | sin intervalos suficientes (+0) | sin cohorte disponible (+0) | hay datos de uso/contrato/horario (+8) | Weibull no evaluado (n insuficiente) (+4) | estimación de tipo INSUFFICIENT_DATA (+0) | n=0 intervalos (<10) (-10) | n=0 intervalos (<3) (-20),,,,,,NONE,0,Solo un evento observado para esta combinación - no se puede estimar vida útil todavía sin cohorte.
Linac-153935,UC CHRISTUS - CECA,1016474_usado,"KIT, SPARES, DLG BRAKE",2021-08-21T12:30:00.000Z,2021-08-21T12:30:00.000Z,1,0,,318.49,EMPIRICAL_BAYES_SHRINKAGE,BORROWED_COHORT_ESTIMATE,"Un solo evento observado, sin intervalo propio - se usa 100% la estimación de la cohorte (same_client_same_part).",318.49,10.46,,318.49,,,,0,1,same_client_same_part,1,0,0,1.15,,NO_DATA,,2022-07-06T00:15:36.000Z,BORROWED_COHORT_ESTIMATE,NO_MANUFACTURER_DATA,7,Insuficiente,0 intervalo(s) válidos (+0) | match por método débil (REF_LIKE) (+8) | asociación single (+12) | sin cobertura calculable (+0) | sin intervalos suficientes (+0) | hay estimación de cohorte disponible (+12) | hay datos de uso/contrato/horario (+8) | Weibull no evaluado (n insuficiente) (+4) | estimación de tipo BORROWED_COHORT_ESTIMATE (+1) | n=0 intervalos (<10) (-10) | n=0 intervalos (<3) (-20) | estimación prestada de cohorte (-8),,BORROWED_COHORT_ESTIMATE,7,Insuficiente,0 intervalo(s) válidos (+0) | match por método débil (REF_LIKE) (+8) | asociación single (+12) | sin cobertura calculable (+0) | sin intervalos suficientes (+0) | hay estimación de cohorte disponible (+12) | hay datos de uso/contrato/horario (+8) | Weibull no evaluado (n insuficiente) (+4) | estimación de tipo BORROWED_COHORT_ESTIMATE (+1) | n=0 intervalos (<10) (-10) | n=0 intervalos (<3) (-20) | estimación prestada de cohorte (-8),,,,,,EMPIRICAL_BAYES_SHRINKAGE,1,Solo un evento observado para esta combinación - no se puede estimar vida útil todavía sin cohorte.
Linac-201172,INRAD,1532627,"FRU,GUN FILA PSU",2021-09-13T15:00:00.000Z,2021-09-13T15:00:00.000Z,1,0,,317.25,EMPIRICAL_BAYES_SHRINKAGE,BORROWED_COHORT_ESTIMATE,"Un solo evento observado, sin intervalo propio - se usa 100% la estimación de la cohorte (same_client_same_part).",317.25,10.42,,317.25,,,,0,1,same_client_same_part,1,0,0,1.15,,NO_DATA,,2022-07-27T21:00:00.000Z,BORROWED_COHORT_ESTIMATE,NO_MANUFACTURER_DATA,11,Insuficiente,0 intervalo(s) válidos (+0) | match exacto/alias (REF_EXACT) (+12) | asociación single (+12) | sin cobertura calculable (+0) | sin intervalos suficientes (+0) | hay estimación de cohorte disponible (+12) | hay datos de uso/contrato/horario (+8) | Weibull no evaluado (n insuficiente) (+4) | estimación de tipo BORROWED_COHORT_ESTIMATE (+1) | n=0 intervalos (<10) (-10) | n=0 intervalos (<3) (-20) | estimación prestada de cohorte (-8),,BORROWED_COHORT_ESTIMATE,11,Insuficiente,0 intervalo(s) válidos (+0) | match exacto/alias (REF_EXACT) (+12) | asociación single (+12) | sin cobertura calculable (+0) | sin intervalos suficientes (+0) | hay estimación de cohorte disponible (+12) | hay datos de uso/contrato/horario (+8) | Weibull no evaluado (n insuficiente) (+4) | estimación de tipo BORROWED_COHORT_ESTIMATE (+1) | n=0 intervalos (<10) (-10) | n=0 intervalos (<3) (-20) | estimación prestada de cohorte (-8),,,,,,EMPIRICAL_BAYES_SHRINKAGE,0,Solo un evento observado para esta combinación - no se puede estimar vida útil todavía sin cohorte.
LINAC-153038,FUNDACION ARTURO LOPEZ PEREZ,1540383,"SPARES KIT, BMDM F/W UPDATE",2021-09-24T20:30:00.000Z,2021-09-24T20:30:00.000Z,1,0,,,NONE,INSUFFICIENT_DATA,Un solo evento observado y sin cohorte disponible - sin base estadística suficiente para estimar vida útil.,,,,,,,,,,,1,0,0,,,NO_DATA,,,INSUFFICIENT_DATA,NO_MANUFACTURER_DATA,6,Insuficiente,0 intervalo(s) válidos (+0) | match exacto/alias (REF_EXACT) (+12) | asociación single (+12) | sin cobertura calculable (+0) | sin intervalos suficientes (+0) | sin cohorte disponible (+0) | hay datos de uso/contrato/horario (+8) | Weibull no evaluado (n insuficiente) (+4) | estimación de tipo INSUFFICIENT_DATA (+0) | n=0 intervalos (<10) (-10) | n=0 intervalos (<3) (-20),,INSUFFICIENT_DATA,6,Insuficiente,0 intervalo(s) válidos (+0) | match exacto/alias (REF_EXACT) (+12) | asociación single (+12) | sin cobertura calculable (+0) | sin intervalos suficientes (+0) | sin cohorte disponible (+0) | hay datos de uso/contrato/horario (+8) | Weibull no evaluado (n insuficiente) (+4) | estimación de tipo INSUFFICIENT_DATA (+0) | n=0 intervalos (<10) (-10) | n=0 intervalos (<3) (-20),,,,,,NONE,0.75,Solo un evento observado para esta combinación - no se puede estimar vida útil todavía sin cohorte.
Linac-153935,UC CHRISTUS - CECA,1006737_usado,SIB PCB,2021-10-03T14:00:00.000Z,2021-10-03T14:00:00.000Z,1,0,,256.47,EMPIRICAL_BAYES_SHRINKAGE,BORROWED_COHORT_ESTIMATE,"Un solo evento observado, sin intervalo propio - se usa 100% la estimación de la cohorte (same_client_same_part).",256.47,8.43,,256.47,,,,0,1,same_client_same_part,1,0,0,1.42,,NO_DATA,,2022-06-17T01:16:48.000Z,BORROWED_COHORT_ESTIMATE,NO_MANUFACTURER_DATA,7,Insuficiente,0 intervalo(s) válidos (+0) | match por método débil (REF_LIKE) (+8) | asociación single (+12) | sin cobertura calculable (+0) | sin intervalos suficientes (+0) | hay estimación de cohorte disponible (+12) | hay datos de uso/contrato/horario (+8) | Weibull no evaluado (n insuficiente) (+4) | estimación de tipo BORROWED_COHORT_ESTIMATE (+1) | n=0 intervalos (<10) (-10) | n=0 intervalos (<3) (-20) | estimación prestada de cohorte (-8),,BORROWED_COHORT_ESTIMATE,7,Insuficiente,0 intervalo(s) válidos (+0) | match por método débil (REF_LIKE) (+8) | asociación single (+12) | sin cobertura calculable (+0) | sin intervalos suficientes (+0) | hay estimación de cohorte disponible (+12) | hay datos de uso/contrato/horario (+8) | Weibull no evaluado (n insuficiente) (+4) | estimación de tipo BORROWED_COHORT_ESTIMATE (+1) | n=0 intervalos (<10) (-10) | n=0 intervalos (<3) (-20) | estimación prestada de cohorte (-8),,,,,,EMPIRICAL_BAYES_SHRINKAGE,1,Solo un evento observado para esta combinación - no se puede estimar vida útil todavía sin cohorte.
INC-INFINITY01,Instituto Nacional del Cáncer (INC),1536393,"FRU,EMERGENCY DOWN DRIVE MODULE",2021-11-05T13:00:00.000Z,2021-11-05T13:00:00.000Z,1,0,,,NONE,INSUFFICIENT_DATA,Un solo evento observado y sin cohorte disponible - sin base estadística suficiente para estimar vida útil.,,,,,,,,,,,1,0,0,,,NO_DATA,,,INSUFFICIENT_DATA,NO_MANUFACTURER_DATA,6,Insuficiente,0 intervalo(s) válidos (+0) | match exacto/alias (REF_EXACT) (+12) | asociación single (+12) | sin cobertura calculable (+0) | sin intervalos suficientes (+0) | sin cohorte disponible (+0) | hay datos de uso/contrato/horario (+8) | Weibull no evaluado (n insuficiente) (+4) | estimación de tipo INSUFFICIENT_DATA (+0) | n=0 intervalos (<10) (-10) | n=0 intervalos (<3) (-20),,INSUFFICIENT_DATA,6,Insuficiente,0 intervalo(s) válidos (+0) | match exacto/alias (REF_EXACT) (+12) | asociación single (+12) | sin cobertura calculable (+0) | sin intervalos suficientes (+0) | sin cohorte disponible (+0) | hay datos de uso/contrato/horario (+8) | Weibull no evaluado (n insuficiente) (+4) | estimación de tipo INSUFFICIENT_DATA (+0) | n=0 intervalos (<10) (-10) | n=0 intervalos (<3) (-20),,,,,,NONE,0,Solo un evento observado para esta combinación - no se puede estimar vida útil todavía sin cohorte.
Linac-153935,UC CHRISTUS - CECA,1010925_usado,Screen assembly crosswire Agility Head,2021-11-13T14:53:00.000Z,2021-11-13T14:53:00.000Z,1,0,,,NONE,INSUFFICIENT_DATA,Un solo evento observado y sin cohorte disponible - sin base estadística suficiente para estimar vida útil.,,,,,,,,,,,1,0,0,,,NO_DATA,,,INSUFFICIENT_DATA,NO_MANUFACTURER_DATA,2,Insuficiente,0 intervalo(s) válidos (+0) | match por método débil (REF_LIKE) (+8) | asociación single (+12) | sin cobertura calculable (+0) | sin intervalos suficientes (+0) | sin cohorte disponible (+0) | hay datos de uso/contrato/horario (+8) | Weibull no evaluado (n insuficiente) (+4) | estimación de tipo INSUFFICIENT_DATA (+0) | n=0 intervalos (<10) (-10) | n=0 intervalos (<3) (-20),,INSUFFICIENT_DATA,2,Insuficiente,0 intervalo(s) válidos (+0) | match por método débil (REF_LIKE) (+8) | asociación single (+12) | sin cobertura calculable (+0) | sin intervalos suficientes (+0) | sin cohorte disponible (+0) | hay datos de uso/contrato/horario (+8) | Weibull no evaluado (n insuficiente) (+4) | estimación de tipo INSUFFICIENT_DATA (+0) | n=0 intervalos (<10) (-10) | n=0 intervalos (<3) (-20),,,,,,NONE,1,Solo un evento observado para esta combinación - no se puede estimar vida útil todavía sin cohorte.
Linac-201172,INRAD,1511693,CHARGING HIGH VOLTAGE CABLE,2021-10-27T20:30:00.000Z,2021-10-27T20:30:00.000Z,1,0,,,NONE,INSUFFICIENT_DATA,Un solo evento observado y sin cohorte disponible - sin base estadística suficiente para estimar vida útil.,,,,,,,,,,,1,0,0,,,NO_DATA,,,INSUFFICIENT_DATA,NO_MANUFACTURER_DATA,2,Insuficiente,0 intervalo(s) válidos (+0) | match por método débil (REF_LIKE) (+8) | asociación single (+12) | sin cobertura calculable (+0) | sin intervalos suficientes (+0) | sin cohorte disponible (+0) | hay datos de uso/contrato/horario (+8) | Weibull no evaluado (n insuficiente) (+4) | estimación de tipo INSUFFICIENT_DATA (+0) | n=0 intervalos (<10) (-10) | n=0 intervalos (<3) (-20),,INSUFFICIENT_DATA,2,Insuficiente,0 intervalo(s) válidos (+0) | match por método débil (REF_LIKE) (+8) | asociación single (+12) | sin cobertura calculable (+0) | sin intervalos suficientes (+0) | sin cohorte disponible (+0) | hay datos de uso/contrato/horario (+8) | Weibull no evaluado (n insuficiente) (+4) | estimación de tipo INSUFFICIENT_DATA (+0) | n=0 intervalos (<10) (-10) | n=0 intervalos (<3) (-20),,,,,,NONE,0.5,Solo un evento observado para esta combinación - no se puede estimar vida útil todavía sin cohorte.
Linac-201172,INRAD,1519710,"FRU, HT CABLE, cable assembly, Transformer M2, M4 -Magnetron",2021-10-27T20:30:00.000Z,2021-10-27T20:30:00.000Z,1,0,,,NONE,INSUFFICIENT_DATA,Un solo evento observado y sin cohorte disponible - sin base estadística suficiente para estimar vida útil.,,,,,,,,,,,1,0,0,,,NO_DATA,,,INSUFFICIENT_DATA,NO_MANUFACTURER_DATA,2,Insuficiente,0 intervalo(s) válidos (+0) | match por método débil (REF_LIKE) (+8) | asociación single (+12) | sin cobertura calculable (+0) | sin intervalos suficientes (+0) | sin cohorte disponible (+0) | hay datos de uso/contrato/horario (+8) | Weibull no evaluado (n insuficiente) (+4) | estimación de tipo INSUFFICIENT_DATA (+0) | n=0 intervalos (<10) (-10) | n=0 intervalos (<3) (-20),,INSUFFICIENT_DATA,2,Insuficiente,0 intervalo(s) válidos (+0) | match por método débil (REF_LIKE) (+8) | asociación single (+12) | sin cobertura calculable (+0) | sin intervalos suficientes (+0) | sin cohorte disponible (+0) | hay datos de uso/contrato/horario (+8) | Weibull no evaluado (n insuficiente) (+4) | estimación de tipo INSUFFICIENT_DATA (+0) | n=0 intervalos (<10) (-10) | n=0 intervalos (<3) (-20),,,,,,NONE,0.5,Solo un evento observado para esta combinación - no se puede estimar vida útil todavía sin cohorte.
INC-INFINITY01,Instituto Nacional del Cáncer (INC),45133298035,"CABLE,MODULATOR/GUN.",2021-11-17T05:05:00.000Z,2021-11-17T05:05:00.000Z,1,0,,,NONE,INSUFFICIENT_DATA,Un solo evento observado y sin cohorte disponible - sin base estadística suficiente para estimar vida útil.,,,,,,,,,,,1,0,0,,,NO_DATA,,,INSUFFICIENT_DATA,NO_MANUFACTURER_DATA,6,Insuficiente,0 intervalo(s) válidos (+0) | match exacto/alias (REF_EXACT) (+12) | asociación single (+12) | sin cobertura calculable (+0) | sin intervalos suficientes (+0) | sin cohorte disponible (+0) | hay datos de uso/contrato/horario (+8) | Weibull no evaluado (n insuficiente) (+4) | estimación de tipo INSUFFICIENT_DATA (+0) | n=0 intervalos (<10) (-10) | n=0 intervalos (<3) (-20),,INSUFFICIENT_DATA,6,Insuficiente,0 intervalo(s) válidos (+0) | match exacto/alias (REF_EXACT) (+12) | asociación single (+12) | sin cobertura calculable (+0) | sin intervalos suficientes (+0) | sin cohorte disponible (+0) | hay datos de uso/contrato/horario (+8) | Weibull no evaluado (n insuficiente) (+4) | estimación de tipo INSUFFICIENT_DATA (+0) | n=0 intervalos (<10) (-10) | n=0 intervalos (<3) (-20),,,,,,NONE,1,Solo un evento observado para esta combinación - no se puede estimar vida útil todavía sin cohorte.
INC-INFINITY01,Instituto Nacional del Cáncer (INC),45133308790,TRANSFORMADOR GUN,2021-11-17T05:05:00.000Z,2021-11-17T05:05:00.000Z,1,0,,,NONE,INSUFFICIENT_DATA,Un solo evento observado y sin cohorte disponible - sin base estadística suficiente para estimar vida útil.,,,,,,,,,,,1,0,0,,,NO_DATA,,,INSUFFICIENT_DATA,NO_MANUFACTURER_DATA,6,Insuficiente,0 intervalo(s) válidos (+0) | match exacto/alias (REF_EXACT) (+12) | asociación single (+12) | sin cobertura calculable (+0) | sin intervalos suficientes (+0) | sin cohorte disponible (+0) | hay datos de uso/contrato/horario (+8) | Weibull no evaluado (n insuficiente) (+4) | estimación de tipo INSUFFICIENT_DATA (+0) | n=0 intervalos (<10) (-10) | n=0 intervalos (<3) (-20),,INSUFFICIENT_DATA,6,Insuficiente,0 intervalo(s) válidos (+0) | match exacto/alias (REF_EXACT) (+12) | asociación single (+12) | sin cobertura calculable (+0) | sin intervalos suficientes (+0) | sin cohorte disponible (+0) | hay datos de uso/contrato/horario (+8) | Weibull no evaluado (n insuficiente) (+4) | estimación de tipo INSUFFICIENT_DATA (+0) | n=0 intervalos (<10) (-10) | n=0 intervalos (<3) (-20),,,,,,NONE,1,Solo un evento observado para esta combinación - no se puede estimar vida útil todavía sin cohorte.
INC-INFINITY01,Instituto Nacional del Cáncer (INC),351372100645P,Resistor 330R +/- 5%,2021-11-17T05:05:00.000Z,2021-11-17T05:05:00.000Z,1,0,,,NONE,INSUFFICIENT_DATA,Un solo evento observado y sin cohorte disponible - sin base estadística suficiente para estimar vida útil.,,,,,,,,,,,1,0,0,,,NO_DATA,,,INSUFFICIENT_DATA,NO_MANUFACTURER_DATA,6,Insuficiente,0 intervalo(s) válidos (+0) | match exacto/alias (REF_EXACT) (+12) | asociación single (+12) | sin cobertura calculable (+0) | sin intervalos suficientes (+0) | sin cohorte disponible (+0) | hay datos de uso/contrato/horario (+8) | Weibull no evaluado (n insuficiente) (+4) | estimación de tipo INSUFFICIENT_DATA (+0) | n=0 intervalos (<10) (-10) | n=0 intervalos (<3) (-20),,INSUFFICIENT_DATA,6,Insuficiente,0 intervalo(s) válidos (+0) | match exacto/alias (REF_EXACT) (+12) | asociación single (+12) | sin cobertura calculable (+0) | sin intervalos suficientes (+0) | sin cohorte disponible (+0) | hay datos de uso/contrato/horario (+8) | Weibull no evaluado (n insuficiente) (+4) | estimación de tipo INSUFFICIENT_DATA (+0) | n=0 intervalos (<10) (-10) | n=0 intervalos (<3) (-20),,,,,,NONE,1,Solo un evento observado para esta combinación - no se puede estimar vida útil todavía sin cohorte.
LINAC-153038,FUNDACION ARTURO LOPEZ PEREZ,451362610002L,"Longitudinal Drive Belt, timing#6T5/1215",2021-11-20T11:30:00.000Z,2021-11-20T11:30:00.000Z,1,0,,,NONE,INSUFFICIENT_DATA,Un solo evento observado y sin cohorte disponible - sin base estadística suficiente para estimar vida útil.,,,,,,,,,,,1,0,0,,,NO_DATA,,,INSUFFICIENT_DATA,NO_MANUFACTURER_DATA,2,Insuficiente,0 intervalo(s) válidos (+0) | match por método débil (REF_LIKE) (+8) | asociación single (+12) | sin cobertura calculable (+0) | sin intervalos suficientes (+0) | sin cohorte disponible (+0) | hay datos de uso/contrato/horario (+8) | Weibull no evaluado (n insuficiente) (+4) | estimación de tipo INSUFFICIENT_DATA (+0) | n=0 intervalos (<10) (-10) | n=0 intervalos (<3) (-20),,INSUFFICIENT_DATA,2,Insuficiente,0 intervalo(s) válidos (+0) | match por método débil (REF_LIKE) (+8) | asociación single (+12) | sin cobertura calculable (+0) | sin intervalos suficientes (+0) | sin cohorte disponible (+0) | hay datos de uso/contrato/horario (+8) | Weibull no evaluado (n insuficiente) (+4) | estimación de tipo INSUFFICIENT_DATA (+0) | n=0 intervalos (<10) (-10) | n=0 intervalos (<3) (-20),,,,,,NONE,1,Solo un evento observado para esta combinación - no se puede estimar vida útil todavía sin cohorte.
Linac-151673,CLINICA ALEMANA DE SANTIAGO,1531852,FRU XY DRIVE UNIT,2021-12-03T20:31:00.000Z,2021-12-03T20:31:00.000Z,1,0,,,NONE,INSUFFICIENT_DATA,Un solo evento observado y sin cohorte disponible - sin base estadística suficiente para estimar vida útil.,,,,,,,,,,,1,0,0,,,NO_DATA,,,INSUFFICIENT_DATA,NO_MANUFACTURER_DATA,6,Insuficiente,0 intervalo(s) válidos (+0) | match exacto/alias (REF_EXACT) (+12) | asociación single (+12) | sin cobertura calculable (+0) | sin intervalos suficientes (+0) | sin cohorte disponible (+0) | hay datos de uso/contrato/horario (+8) | Weibull no evaluado (n insuficiente) (+4) | estimación de tipo INSUFFICIENT_DATA (+0) | n=0 intervalos (<10) (-10) | n=0 intervalos (<3) (-20),,INSUFFICIENT_DATA,6,Insuficiente,0 intervalo(s) válidos (+0) | match exacto/alias (REF_EXACT) (+12) | asociación single (+12) | sin cobertura calculable (+0) | sin intervalos suficientes (+0) | sin cohorte disponible (+0) | hay datos de uso/contrato/horario (+8) | Weibull no evaluado (n insuficiente) (+4) | estimación de tipo INSUFFICIENT_DATA (+0) | n=0 intervalos (<10) (-10) | n=0 intervalos (<3) (-20),,,,,,NONE,0.79,Solo un evento observado para esta combinación - no se puede estimar vida útil todavía sin cohorte.
LINAC-153038,FUNDACION ARTURO LOPEZ PEREZ,45133302802,"Motor assembly, pancake",2021-12-05T00:08:00.000Z,2021-12-05T00:08:00.000Z,1,0,,,NONE,INSUFFICIENT_DATA,Un solo evento observado y sin cohorte disponible - sin base estadística suficiente para estimar vida útil.,,,,,,,,,,,1,0,0,,,NO_DATA,,,INSUFFICIENT_DATA,NO_MANUFACTURER_DATA,6,Insuficiente,0 intervalo(s) válidos (+0) | match exacto/alias (REF_EXACT) (+12) | asociación single (+12) | sin cobertura calculable (+0) | sin intervalos suficientes (+0) | sin cohorte disponible (+0) | hay datos de uso/contrato/horario (+8) | Weibull no evaluado (n insuficiente) (+4) | estimación de tipo INSUFFICIENT_DATA (+0) | n=0 intervalos (<10) (-10) | n=0 intervalos (<3) (-20),,INSUFFICIENT_DATA,6,Insuficiente,0 intervalo(s) válidos (+0) | match exacto/alias (REF_EXACT) (+12) | asociación single (+12) | sin cobertura calculable (+0) | sin intervalos suficientes (+0) | sin cohorte disponible (+0) | hay datos de uso/contrato/horario (+8) | Weibull no evaluado (n insuficiente) (+4) | estimación de tipo INSUFFICIENT_DATA (+0) | n=0 intervalos (<10) (-10) | n=0 intervalos (<3) (-20),,,,,,NONE,1,Solo un evento observado para esta combinación - no se puede estimar vida útil todavía sin cohorte.
INC-INFINITY01,Instituto Nacional del Cáncer (INC),1511862,"Analog input, 12-bit (AI12) version 2",2021-12-10T13:38:00.000Z,2021-12-10T13:38:00.000Z,1,0,,401.09,EMPIRICAL_BAYES_SHRINKAGE,BORROWED_COHORT_ESTIMATE,"Un solo evento observado, sin intervalo propio - se usa 100% la estimación de la cohorte (same_client_same_part).",401.09,13.18,,401.09,,,,0,1,same_client_same_part,1,0,0,0.91,,NO_DATA,,2023-01-15T15:47:36.000Z,BORROWED_COHORT_ESTIMATE,NO_MANUFACTURER_DATA,11,Insuficiente,0 intervalo(s) válidos (+0) | match exacto/alias (REF_EXACT) (+12) | asociación single (+12) | sin cobertura calculable (+0) | sin intervalos suficientes (+0) | hay estimación de cohorte disponible (+12) | hay datos de uso/contrato/horario (+8) | Weibull no evaluado (n insuficiente) (+4) | estimación de tipo BORROWED_COHORT_ESTIMATE (+1) | n=0 intervalos (<10) (-10) | n=0 intervalos (<3) (-20) | estimación prestada de cohorte (-8),,BORROWED_COHORT_ESTIMATE,11,Insuficiente,0 intervalo(s) válidos (+0) | match exacto/alias (REF_EXACT) (+12) | asociación single (+12) | sin cobertura calculable (+0) | sin intervalos suficientes (+0) | hay estimación de cohorte disponible (+12) | hay datos de uso/contrato/horario (+8) | Weibull no evaluado (n insuficiente) (+4) | estimación de tipo BORROWED_COHORT_ESTIMATE (+1) | n=0 intervalos (<10) (-10) | n=0 intervalos (<3) (-20) | estimación prestada de cohorte (-8),,,,,,EMPIRICAL_BAYES_SHRINKAGE,0,Solo un evento observado para esta combinación - no se puede estimar vida útil todavía sin cohorte.
LINAC-153038,FUNDACION ARTURO LOPEZ PEREZ,1502738,"FRU,THUMBWHEEL PWB SIDE A.MKII",2021-12-21T20:30:00.000Z,2021-12-21T20:30:00.000Z,1,0,,,NONE,INSUFFICIENT_DATA,Un solo evento observado y sin cohorte disponible - sin base estadística suficiente para estimar vida útil.,,,,,,,,,,,1,0,0,,,NO_DATA,,,INSUFFICIENT_DATA,NO_MANUFACTURER_DATA,6,Insuficiente,0 intervalo(s) válidos (+0) | match exacto/alias (REF_EXACT) (+12) | asociación single (+12) | sin cobertura calculable (+0) | sin intervalos suficientes (+0) | sin cohorte disponible (+0) | hay datos de uso/contrato/horario (+8) | Weibull no evaluado (n insuficiente) (+4) | estimación de tipo INSUFFICIENT_DATA (+0) | n=0 intervalos (<10) (-10) | n=0 intervalos (<3) (-20),,INSUFFICIENT_DATA,6,Insuficiente,0 intervalo(s) válidos (+0) | match exacto/alias (REF_EXACT) (+12) | asociación single (+12) | sin cobertura calculable (+0) | sin intervalos suficientes (+0) | sin cohorte disponible (+0) | hay datos de uso/contrato/horario (+8) | Weibull no evaluado (n insuficiente) (+4) | estimación de tipo INSUFFICIENT_DATA (+0) | n=0 intervalos (<10) (-10) | n=0 intervalos (<3) (-20),,,,,,NONE,0.5,Solo un evento observado para esta combinación - no se puede estimar vida útil todavía sin cohorte.
LINAC-153038,FUNDACION ARTURO LOPEZ PEREZ,1502740,Thumbwheel PWB Side B MKII,2021-12-23T22:30:00.000Z,2021-12-23T22:30:00.000Z,1,0,,,NONE,INSUFFICIENT_DATA,Un solo evento observado y sin cohorte disponible - sin base estadística suficiente para estimar vida útil.,,,,,,,,,,,1,0,0,,,NO_DATA,,,INSUFFICIENT_DATA,NO_MANUFACTURER_DATA,6,Insuficiente,0 intervalo(s) válidos (+0) | match exacto/alias (REF_EXACT) (+12) | asociación single (+12) | sin cobertura calculable (+0) | sin intervalos suficientes (+0) | sin cohorte disponible (+0) | hay datos de uso/contrato/horario (+8) | Weibull no evaluado (n insuficiente) (+4) | estimación de tipo INSUFFICIENT_DATA (+0) | n=0 intervalos (<10) (-10) | n=0 intervalos (<3) (-20),,INSUFFICIENT_DATA,6,Insuficiente,0 intervalo(s) válidos (+0) | match exacto/alias (REF_EXACT) (+12) | asociación single (+12) | sin cobertura calculable (+0) | sin intervalos suficientes (+0) | sin cohorte disponible (+0) | hay datos de uso/contrato/horario (+8) | Weibull no evaluado (n insuficiente) (+4) | estimación de tipo INSUFFICIENT_DATA (+0) | n=0 intervalos (<10) (-10) | n=0 intervalos (<3) (-20),,,,,,NONE,1,Solo un evento observado para esta combinación - no se puede estimar vida útil todavía sin cohorte.
LINAC-153038,FUNDACION ARTURO LOPEZ PEREZ,1022473,Bending Magnet Assembly Repair Kit,2022-01-06T11:30:00.000Z,2022-01-06T11:30:00.000Z,1,0,,,NONE,INSUFFICIENT_DATA,Un solo evento observado y sin cohorte disponible - sin base estadística suficiente para estimar vida útil.,,,,,,,,,,,1,0,0,,,NO_DATA,,,INSUFFICIENT_DATA,NO_MANUFACTURER_DATA,6,Insuficiente,0 intervalo(s) válidos (+0) | match exacto/alias (REF_EXACT) (+12) | asociación single (+12) | sin cobertura calculable (+0) | sin intervalos suficientes (+0) | sin cohorte disponible (+0) | hay datos de uso/contrato/horario (+8) | Weibull no evaluado (n insuficiente) (+4) | estimación de tipo INSUFFICIENT_DATA (+0) | n=0 intervalos (<10) (-10) | n=0 intervalos (<3) (-20),,INSUFFICIENT_DATA,6,Insuficiente,0 intervalo(s) válidos (+0) | match exacto/alias (REF_EXACT) (+12) | asociación single (+12) | sin cobertura calculable (+0) | sin intervalos suficientes (+0) | sin cohorte disponible (+0) | hay datos de uso/contrato/horario (+8) | Weibull no evaluado (n insuficiente) (+4) | estimación de tipo INSUFFICIENT_DATA (+0) | n=0 intervalos (<10) (-10) | n=0 intervalos (<3) (-20),,,,,,NONE,0,Solo un evento observado para esta combinación - no se puede estimar vida útil todavía sin cohorte.
LINAC-153038,FUNDACION ARTURO LOPEZ PEREZ,1531848,X-drive subassembly （D- SHAPE）,2022-03-11T01:04:00.000Z,2022-03-11T01:04:00.000Z,1,0,,,NONE,INSUFFICIENT_DATA,Un solo evento observado y sin cohorte disponible - sin base estadística suficiente para estimar vida útil.,,,,,,,,,,,1,0,0,,,NO_DATA,,,INSUFFICIENT_DATA,NO_MANUFACTURER_DATA,6,Insuficiente,0 intervalo(s) válidos (+0) | match exacto/alias (REF_EXACT) (+12) | asociación single (+12) | sin cobertura calculable (+0) | sin intervalos suficientes (+0) | sin cohorte disponible (+0) | hay datos de uso/contrato/horario (+8) | Weibull no evaluado (n insuficiente) (+4) | estimación de tipo INSUFFICIENT_DATA (+0) | n=0 intervalos (<10) (-10) | n=0 intervalos (<3) (-20),,INSUFFICIENT_DATA,6,Insuficiente,0 intervalo(s) válidos (+0) | match exacto/alias (REF_EXACT) (+12) | asociación single (+12) | sin cobertura calculable (+0) | sin intervalos suficientes (+0) | sin cohorte disponible (+0) | hay datos de uso/contrato/horario (+8) | Weibull no evaluado (n insuficiente) (+4) | estimación de tipo INSUFFICIENT_DATA (+0) | n=0 intervalos (<10) (-10) | n=0 intervalos (<3) (-20),,,,,,NONE,0.91,Solo un evento observado para esta combinación - no se puede estimar vida útil todavía sin cohorte.
Linac-151238,RADIO NUCLEAR,45133904654,"PCB ASY, MOTOR DRIVE",2022-03-28T12:00:00.000Z,2022-03-28T12:00:00.000Z,1,0,,,NONE,INSUFFICIENT_DATA,Un solo evento observado y sin cohorte disponible - sin base estadística suficiente para estimar vida útil.,,,,,,,,,,,1,0,0,,,NO_DATA,,,INSUFFICIENT_DATA,NO_MANUFACTURER_DATA,2,Insuficiente,0 intervalo(s) válidos (+0) | match por método débil (REF_LIKE) (+8) | asociación single (+12) | sin cobertura calculable (+0) | sin intervalos suficientes (+0) | sin cohorte disponible (+0) | hay datos de uso/contrato/horario (+8) | Weibull no evaluado (n insuficiente) (+4) | estimación de tipo INSUFFICIENT_DATA (+0) | n=0 intervalos (<10) (-10) | n=0 intervalos (<3) (-20),,INSUFFICIENT_DATA,2,Insuficiente,0 intervalo(s) válidos (+0) | match por método débil (REF_LIKE) (+8) | asociación single (+12) | sin cobertura calculable (+0) | sin intervalos suficientes (+0) | sin cohorte disponible (+0) | hay datos de uso/contrato/horario (+8) | Weibull no evaluado (n insuficiente) (+4) | estimación de tipo INSUFFICIENT_DATA (+0) | n=0 intervalos (<10) (-10) | n=0 intervalos (<3) (-20),,,,,,NONE,0,Solo un evento observado para esta combinación - no se puede estimar vida útil todavía sin cohorte.
INC-INFINITY01,Instituto Nacional del Cáncer (INC),1024939,"ASSY, 40X40X10MM FAN, HEATSINK",2022-04-01T17:11:00.000Z,2022-04-01T17:11:00.000Z,1,0,,343.28,EMPIRICAL_BAYES_SHRINKAGE,BORROWED_COHORT_ESTIMATE,"Un solo evento observado, sin intervalo propio - se usa 100% la estimación de la cohorte (same_client_same_part).",343.28,11.28,,343.28,,,,0,1,same_client_same_part,1,0,0,1.06,,NO_DATA,,2023-03-10T23:54:12.000Z,BORROWED_COHORT_ESTIMATE,NO_MANUFACTURER_DATA,11,Insuficiente,0 intervalo(s) válidos (+0) | match exacto/alias (REF_EXACT) (+12) | asociación single (+12) | sin cobertura calculable (+0) | sin intervalos suficientes (+0) | hay estimación de cohorte disponible (+12) | hay datos de uso/contrato/horario (+8) | Weibull no evaluado (n insuficiente) (+4) | estimación de tipo BORROWED_COHORT_ESTIMATE (+1) | n=0 intervalos (<10) (-10) | n=0 intervalos (<3) (-20) | estimación prestada de cohorte (-8),,BORROWED_COHORT_ESTIMATE,11,Insuficiente,0 intervalo(s) válidos (+0) | match exacto/alias (REF_EXACT) (+12) | asociación single (+12) | sin cobertura calculable (+0) | sin intervalos suficientes (+0) | hay estimación de cohorte disponible (+12) | hay datos de uso/contrato/horario (+8) | Weibull no evaluado (n insuficiente) (+4) | estimación de tipo BORROWED_COHORT_ESTIMATE (+1) | n=0 intervalos (<10) (-10) | n=0 intervalos (<3) (-20) | estimación prestada de cohorte (-8),,,,,,EMPIRICAL_BAYES_SHRINKAGE,0,Solo un evento observado para esta combinación - no se puede estimar vida útil todavía sin cohorte.
INC-INFINITY01,Instituto Nacional del Cáncer (INC),1016474_usado,"KIT, SPARES, DLG BRAKE",2022-04-13T23:30:00.000Z,2022-04-13T23:30:00.000Z,1,0,,318.49,EMPIRICAL_BAYES_SHRINKAGE,BORROWED_COHORT_ESTIMATE,"Un solo evento observado, sin intervalo propio - se usa 100% la estimación de la cohorte (same_client_same_part).",318.49,10.46,,318.49,,,,0,1,same_client_same_part,1,0,0,1.15,,NO_DATA,,2023-02-26T11:15:36.000Z,BORROWED_COHORT_ESTIMATE,NO_MANUFACTURER_DATA,7,Insuficiente,0 intervalo(s) válidos (+0) | match por método débil (REF_LIKE) (+8) | asociación single (+12) | sin cobertura calculable (+0) | sin intervalos suficientes (+0) | hay estimación de cohorte disponible (+12) | hay datos de uso/contrato/horario (+8) | Weibull no evaluado (n insuficiente) (+4) | estimación de tipo BORROWED_COHORT_ESTIMATE (+1) | n=0 intervalos (<10) (-10) | n=0 intervalos (<3) (-20) | estimación prestada de cohorte (-8),,BORROWED_COHORT_ESTIMATE,7,Insuficiente,0 intervalo(s) válidos (+0) | match por método débil (REF_LIKE) (+8) | asociación single (+12) | sin cobertura calculable (+0) | sin intervalos suficientes (+0) | hay estimación de cohorte disponible (+12) | hay datos de uso/contrato/horario (+8) | Weibull no evaluado (n insuficiente) (+4) | estimación de tipo BORROWED_COHORT_ESTIMATE (+1) | n=0 intervalos (<10) (-10) | n=0 intervalos (<3) (-20) | estimación prestada de cohorte (-8),,,,,,EMPIRICAL_BAYES_SHRINKAGE,1,Solo un evento observado para esta combinación - no se puede estimar vida útil todavía sin cohorte.
INC-INFINITY01,Instituto Nacional del Cáncer (INC),45133308530,"New fast tune magnetron, MG6370",2022-06-03T21:43:00.000Z,2022-06-03T21:43:00.000Z,1,0,,422.2,EMPIRICAL_BAYES_SHRINKAGE,BORROWED_COHORT_ESTIMATE,"Un solo evento observado, sin intervalo propio - se usa 100% la estimación de la cohorte (same_client_same_part).",422.2,13.87,,422.2,,,,0,1,same_client_same_part,1,0,0,0.87,,NO_DATA,,2023-07-31T02:31:00.000Z,BORROWED_COHORT_ESTIMATE,NO_MANUFACTURER_DATA,11,Insuficiente,0 intervalo(s) válidos (+0) | match exacto/alias (REF_EXACT) (+12) | asociación single (+12) | sin cobertura calculable (+0) | sin intervalos suficientes (+0) | hay estimación de cohorte disponible (+12) | hay datos de uso/contrato/horario (+8) | Weibull no evaluado (n insuficiente) (+4) | estimación de tipo BORROWED_COHORT_ESTIMATE (+1) | n=0 intervalos (<10) (-10) | n=0 intervalos (<3) (-20) | estimación prestada de cohorte (-8),,BORROWED_COHORT_ESTIMATE,11,Insuficiente,0 intervalo(s) válidos (+0) | match exacto/alias (REF_EXACT) (+12) | asociación single (+12) | sin cobertura calculable (+0) | sin intervalos suficientes (+0) | hay estimación de cohorte disponible (+12) | hay datos de uso/contrato/horario (+8) | Weibull no evaluado (n insuficiente) (+4) | estimación de tipo BORROWED_COHORT_ESTIMATE (+1) | n=0 intervalos (<10) (-10) | n=0 intervalos (<3) (-20) | estimación prestada de cohorte (-8),,,,,,EMPIRICAL_BAYES_SHRINKAGE,0.8,Solo un evento observado para esta combinación - no se puede estimar vida útil todavía sin cohorte.
INC-INFINITY01,Instituto Nacional del Cáncer (INC),1549816,"PUMP, LOWARA-FRU",2022-06-03T21:43:00.000Z,2022-06-03T21:43:00.000Z,1,0,,312.22,EMPIRICAL_BAYES_SHRINKAGE,BORROWED_COHORT_ESTIMATE,"Un solo evento observado, sin intervalo propio - se usa 100% la estimación de la cohorte (same_client_same_part).",312.22,10.26,,312.22,,,,0,1,same_client_same_part,1,0,0,1.17,,NO_DATA,,2023-04-12T02:59:48.000Z,BORROWED_COHORT_ESTIMATE,NO_MANUFACTURER_DATA,11,Insuficiente,0 intervalo(s) válidos (+0) | match exacto/alias (REF_EXACT) (+12) | asociación single (+12) | sin cobertura calculable (+0) | sin intervalos suficientes (+0) | hay estimación de cohorte disponible (+12) | hay datos de uso/contrato/horario (+8) | Weibull no evaluado (n insuficiente) (+4) | estimación de tipo BORROWED_COHORT_ESTIMATE (+1) | n=0 intervalos (<10) (-10) | n=0 intervalos (<3) (-20) | estimación prestada de cohorte (-8),,BORROWED_COHORT_ESTIMATE,11,Insuficiente,0 intervalo(s) válidos (+0) | match exacto/alias (REF_EXACT) (+12) | asociación single (+12) | sin cobertura calculable (+0) | sin intervalos suficientes (+0) | hay estimación de cohorte disponible (+12) | hay datos de uso/contrato/horario (+8) | Weibull no evaluado (n insuficiente) (+4) | estimación de tipo BORROWED_COHORT_ESTIMATE (+1) | n=0 intervalos (<10) (-10) | n=0 intervalos (<3) (-20) | estimación prestada de cohorte (-8),,,,,,EMPIRICAL_BAYES_SHRINKAGE,0.8,Solo un evento observado para esta combinación - no se puede estimar vida útil todavía sin cohorte.
Linac-201110,CLÍNICA SANATORIO ALEMÁN (ONCORAD),1006059,"FRU, DOSE BOARD",2022-06-18T13:00:00.000Z,2022-06-18T13:00:00.000Z,1,0,,,NONE,INSUFFICIENT_DATA,Un solo evento observado y sin cohorte disponible - sin base estadística suficiente para estimar vida útil.,,,,,,,,,,,1,0,0,,,NO_DATA,,,INSUFFICIENT_DATA,NO_MANUFACTURER_DATA,2,Insuficiente,0 intervalo(s) válidos (+0) | match por método débil (REF_LIKE) (+8) | asociación single (+12) | sin cobertura calculable (+0) | sin intervalos suficientes (+0) | sin cohorte disponible (+0) | hay datos de uso/contrato/horario (+8) | Weibull no evaluado (n insuficiente) (+4) | estimación de tipo INSUFFICIENT_DATA (+0) | n=0 intervalos (<10) (-10) | n=0 intervalos (<3) (-20),,INSUFFICIENT_DATA,2,Insuficiente,0 intervalo(s) válidos (+0) | match por método débil (REF_LIKE) (+8) | asociación single (+12) | sin cobertura calculable (+0) | sin intervalos suficientes (+0) | sin cohorte disponible (+0) | hay datos de uso/contrato/horario (+8) | Weibull no evaluado (n insuficiente) (+4) | estimación de tipo INSUFFICIENT_DATA (+0) | n=0 intervalos (<10) (-10) | n=0 intervalos (<3) (-20),,,,,,NONE,1,Solo un evento observado para esta combinación - no se puede estimar vida útil todavía sin cohorte.
INC-INFINITY01,Instituto Nacional del Cáncer (INC),1017632_usado,PCB ASSY CAMERA CCU,2022-06-30T17:19:00.000Z,2022-06-30T17:19:00.000Z,1,0,,76.84,EMPIRICAL_BAYES_SHRINKAGE,BORROWED_COHORT_ESTIMATE,"Un solo evento observado, sin intervalo propio - se usa 100% la estimación de la cohorte (same_client_same_part).",76.84,2.52,,76.84,,,,0,1,same_client_same_part,1,0,0,4.75,,NO_DATA,,2022-09-15T13:28:36.000Z,BORROWED_COHORT_ESTIMATE,NO_MANUFACTURER_DATA,7,Insuficiente,0 intervalo(s) válidos (+0) | match por método débil (REF_LIKE) (+8) | asociación single (+12) | sin cobertura calculable (+0) | sin intervalos suficientes (+0) | hay estimación de cohorte disponible (+12) | hay datos de uso/contrato/horario (+8) | Weibull no evaluado (n insuficiente) (+4) | estimación de tipo BORROWED_COHORT_ESTIMATE (+1) | n=0 intervalos (<10) (-10) | n=0 intervalos (<3) (-20) | estimación prestada de cohorte (-8),,BORROWED_COHORT_ESTIMATE,7,Insuficiente,0 intervalo(s) válidos (+0) | match por método débil (REF_LIKE) (+8) | asociación single (+12) | sin cobertura calculable (+0) | sin intervalos suficientes (+0) | hay estimación de cohorte disponible (+12) | hay datos de uso/contrato/horario (+8) | Weibull no evaluado (n insuficiente) (+4) | estimación de tipo BORROWED_COHORT_ESTIMATE (+1) | n=0 intervalos (<10) (-10) | n=0 intervalos (<3) (-20) | estimación prestada de cohorte (-8),,,,,,EMPIRICAL_BAYES_SHRINKAGE,0,Solo un evento observado para esta combinación - no se puede estimar vida útil todavía sin cohorte.
LINAC-153038,FUNDACION ARTURO LOPEZ PEREZ,1535807,FCO Mod-kit “Transformer T2 and NTC”,2022-07-15T20:30:00.000Z,2022-07-15T20:30:00.000Z,1,0,,,NONE,INSUFFICIENT_DATA,Un solo evento observado y sin cohorte disponible - sin base estadística suficiente para estimar vida útil.,,,,,,,,,,,1,0,0,,,NO_DATA,,,INSUFFICIENT_DATA,NO_MANUFACTURER_DATA,6,Insuficiente,0 intervalo(s) válidos (+0) | match exacto/alias (REF_EXACT) (+12) | asociación single (+12) | sin cobertura calculable (+0) | sin intervalos suficientes (+0) | sin cohorte disponible (+0) | hay datos de uso/contrato/horario (+8) | Weibull no evaluado (n insuficiente) (+4) | estimación de tipo INSUFFICIENT_DATA (+0) | n=0 intervalos (<10) (-10) | n=0 intervalos (<3) (-20),,INSUFFICIENT_DATA,6,Insuficiente,0 intervalo(s) válidos (+0) | match exacto/alias (REF_EXACT) (+12) | asociación single (+12) | sin cobertura calculable (+0) | sin intervalos suficientes (+0) | sin cohorte disponible (+0) | hay datos de uso/contrato/horario (+8) | Weibull no evaluado (n insuficiente) (+4) | estimación de tipo INSUFFICIENT_DATA (+0) | n=0 intervalos (<10) (-10) | n=0 intervalos (<3) (-20),,,,,,NONE,0,Solo un evento observado para esta combinación - no se puede estimar vida útil todavía sin cohorte.
LINAC-153038,FUNDACION ARTURO LOPEZ PEREZ,45133317850,"FRU PWB 812,825A,830A (User Interface Lado A)",2022-07-15T20:30:00.000Z,2022-07-15T20:30:00.000Z,1,0,,,NONE,INSUFFICIENT_DATA,Un solo evento observado y sin cohorte disponible - sin base estadística suficiente para estimar vida útil.,,,,,,,,,,,1,0,0,,,NO_DATA,,,INSUFFICIENT_DATA,NO_MANUFACTURER_DATA,6,Insuficiente,0 intervalo(s) válidos (+0) | match exacto/alias (REF_EXACT) (+12) | asociación single (+12) | sin cobertura calculable (+0) | sin intervalos suficientes (+0) | sin cohorte disponible (+0) | hay datos de uso/contrato/horario (+8) | Weibull no evaluado (n insuficiente) (+4) | estimación de tipo INSUFFICIENT_DATA (+0) | n=0 intervalos (<10) (-10) | n=0 intervalos (<3) (-20),,INSUFFICIENT_DATA,6,Insuficiente,0 intervalo(s) válidos (+0) | match exacto/alias (REF_EXACT) (+12) | asociación single (+12) | sin cobertura calculable (+0) | sin intervalos suficientes (+0) | sin cohorte disponible (+0) | hay datos de uso/contrato/horario (+8) | Weibull no evaluado (n insuficiente) (+4) | estimación de tipo INSUFFICIENT_DATA (+0) | n=0 intervalos (<10) (-10) | n=0 intervalos (<3) (-20),,,,,,NONE,0,Solo un evento observado para esta combinación - no se puede estimar vida útil todavía sin cohorte.
INC-INFINITY01,Instituto Nacional del Cáncer (INC),45133165177,THYRATRON e2v CX1154L,2022-07-14T21:30:00.000Z,2022-07-14T21:30:00.000Z,1,0,,249.18,EMPIRICAL_BAYES_SHRINKAGE,BORROWED_COHORT_ESTIMATE,"Un solo evento observado, sin intervalo propio - se usa 100% la estimación de la cohorte (same_part_global).",249.18,8.19,,249.18,,,,0,1,same_part_global,1,0,0,1.47,,NO_DATA,,2023-03-21T01:49:12.000Z,BORROWED_COHORT_ESTIMATE,NO_MANUFACTURER_DATA,11,Insuficiente,0 intervalo(s) válidos (+0) | match exacto/alias (REF_EXACT) (+12) | asociación single (+12) | sin cobertura calculable (+0) | sin intervalos suficientes (+0) | hay estimación de cohorte disponible (+12) | hay datos de uso/contrato/horario (+8) | Weibull no evaluado (n insuficiente) (+4) | estimación de tipo BORROWED_COHORT_ESTIMATE (+1) | n=0 intervalos (<10) (-10) | n=0 intervalos (<3) (-20) | estimación prestada de cohorte (-8),,BORROWED_COHORT_ESTIMATE,11,Insuficiente,0 intervalo(s) válidos (+0) | match exacto/alias (REF_EXACT) (+12) | asociación single (+12) | sin cobertura calculable (+0) | sin intervalos suficientes (+0) | hay estimación de cohorte disponible (+12) | hay datos de uso/contrato/horario (+8) | Weibull no evaluado (n insuficiente) (+4) | estimación de tipo BORROWED_COHORT_ESTIMATE (+1) | n=0 intervalos (<10) (-10) | n=0 intervalos (<3) (-20) | estimación prestada de cohorte (-8),,,,,,EMPIRICAL_BAYES_SHRINKAGE,0.5,Solo un evento observado para esta combinación - no se puede estimar vida útil todavía sin cohorte.
INC-INFINITY01,Instituto Nacional del Cáncer (INC),1505856,"MRT 23871 KV GENERATOR,400V",2022-07-29T12:00:00.000Z,2022-07-29T12:00:00.000Z,1,0,,,NONE,INSUFFICIENT_DATA,Un solo evento observado y sin cohorte disponible - sin base estadística suficiente para estimar vida útil.,,,,,,,,,,,1,0,0,,,NO_DATA,,,INSUFFICIENT_DATA,NO_MANUFACTURER_DATA,6,Insuficiente,0 intervalo(s) válidos (+0) | match exacto/alias (REF_EXACT) (+12) | asociación single (+12) | sin cobertura calculable (+0) | sin intervalos suficientes (+0) | sin cohorte disponible (+0) | hay datos de uso/contrato/horario (+8) | Weibull no evaluado (n insuficiente) (+4) | estimación de tipo INSUFFICIENT_DATA (+0) | n=0 intervalos (<10) (-10) | n=0 intervalos (<3) (-20),,INSUFFICIENT_DATA,6,Insuficiente,0 intervalo(s) válidos (+0) | match exacto/alias (REF_EXACT) (+12) | asociación single (+12) | sin cobertura calculable (+0) | sin intervalos suficientes (+0) | sin cohorte disponible (+0) | hay datos de uso/contrato/horario (+8) | Weibull no evaluado (n insuficiente) (+4) | estimación de tipo INSUFFICIENT_DATA (+0) | n=0 intervalos (<10) (-10) | n=0 intervalos (<3) (-20),,,,,,NONE,0.25,Solo un evento observado para esta combinación - no se puede estimar vida útil todavía sin cohorte.
Linac-153935,UC CHRISTUS - CECA,1549816,"PUMP, LOWARA-FRU",2022-08-08T17:30:00.000Z,2022-08-08T17:30:00.000Z,1,0,,312.22,EMPIRICAL_BAYES_SHRINKAGE,BORROWED_COHORT_ESTIMATE,"Un solo evento observado, sin intervalo propio - se usa 100% la estimación de la cohorte (same_client_same_part).",312.22,10.26,,312.22,,,,0,1,same_client_same_part,1,0,0,1.17,,NO_DATA,,2023-06-16T22:46:48.000Z,BORROWED_COHORT_ESTIMATE,NO_MANUFACTURER_DATA,11,Insuficiente,0 intervalo(s) válidos (+0) | match exacto/alias (REF_EXACT) (+12) | asociación single (+12) | sin cobertura calculable (+0) | sin intervalos suficientes (+0) | hay estimación de cohorte disponible (+12) | hay datos de uso/contrato/horario (+8) | Weibull no evaluado (n insuficiente) (+4) | estimación de tipo BORROWED_COHORT_ESTIMATE (+1) | n=0 intervalos (<10) (-10) | n=0 intervalos (<3) (-20) | estimación prestada de cohorte (-8),,BORROWED_COHORT_ESTIMATE,11,Insuficiente,0 intervalo(s) válidos (+0) | match exacto/alias (REF_EXACT) (+12) | asociación single (+12) | sin cobertura calculable (+0) | sin intervalos suficientes (+0) | hay estimación de cohorte disponible (+12) | hay datos de uso/contrato/horario (+8) | Weibull no evaluado (n insuficiente) (+4) | estimación de tipo BORROWED_COHORT_ESTIMATE (+1) | n=0 intervalos (<10) (-10) | n=0 intervalos (<3) (-20) | estimación prestada de cohorte (-8),,,,,,EMPIRICAL_BAYES_SHRINKAGE,0,Solo un evento observado para esta combinación - no se puede estimar vida útil todavía sin cohorte.
Linac-153935,UC CHRISTUS - CECA,1026565,Temperature controller,2022-08-09T03:02:00.000Z,2022-08-09T03:02:00.000Z,1,0,,,NONE,INSUFFICIENT_DATA,Un solo evento observado y sin cohorte disponible - sin base estadística suficiente para estimar vida útil.,,,,,,,,,,,1,0,0,,,NO_DATA,,,INSUFFICIENT_DATA,NO_MANUFACTURER_DATA,6,Insuficiente,0 intervalo(s) válidos (+0) | match exacto/alias (REF_EXACT) (+12) | asociación single (+12) | sin cobertura calculable (+0) | sin intervalos suficientes (+0) | sin cohorte disponible (+0) | hay datos de uso/contrato/horario (+8) | Weibull no evaluado (n insuficiente) (+4) | estimación de tipo INSUFFICIENT_DATA (+0) | n=0 intervalos (<10) (-10) | n=0 intervalos (<3) (-20),,INSUFFICIENT_DATA,6,Insuficiente,0 intervalo(s) válidos (+0) | match exacto/alias (REF_EXACT) (+12) | asociación single (+12) | sin cobertura calculable (+0) | sin intervalos suficientes (+0) | sin cohorte disponible (+0) | hay datos de uso/contrato/horario (+8) | Weibull no evaluado (n insuficiente) (+4) | estimación de tipo INSUFFICIENT_DATA (+0) | n=0 intervalos (<10) (-10) | n=0 intervalos (<3) (-20),,,,,,NONE,0.25,Solo un evento observado para esta combinación - no se puede estimar vida útil todavía sin cohorte.
LINAC-153038,FUNDACION ARTURO LOPEZ PEREZ,1549509_FCO,"Modkit, IntegrityTM R4.0 for IntegrityTM R3.2_FCO",2022-08-12T19:00:00.000Z,2022-08-12T19:00:00.000Z,1,0,,,NONE,INSUFFICIENT_DATA,Un solo evento observado y sin cohorte disponible - sin base estadística suficiente para estimar vida útil.,,,,,,,,,,,1,0,0,,,NO_DATA,,,INSUFFICIENT_DATA,NO_MANUFACTURER_DATA,2,Insuficiente,0 intervalo(s) válidos (+0) | match por método débil (REF_LIKE) (+8) | asociación single (+12) | sin cobertura calculable (+0) | sin intervalos suficientes (+0) | sin cohorte disponible (+0) | hay datos de uso/contrato/horario (+8) | Weibull no evaluado (n insuficiente) (+4) | estimación de tipo INSUFFICIENT_DATA (+0) | n=0 intervalos (<10) (-10) | n=0 intervalos (<3) (-20),,INSUFFICIENT_DATA,2,Insuficiente,0 intervalo(s) válidos (+0) | match por método débil (REF_LIKE) (+8) | asociación single (+12) | sin cobertura calculable (+0) | sin intervalos suficientes (+0) | sin cohorte disponible (+0) | hay datos de uso/contrato/horario (+8) | Weibull no evaluado (n insuficiente) (+4) | estimación de tipo INSUFFICIENT_DATA (+0) | n=0 intervalos (<10) (-10) | n=0 intervalos (<3) (-20),,,,,,NONE,0,Solo un evento observado para esta combinación - no se puede estimar vida útil todavía sin cohorte.
LINAC-153038,FUNDACION ARTURO LOPEZ PEREZ,1514986,ASSY DIAPHAGM PCB,2022-08-12T19:00:00.000Z,2022-08-12T19:00:00.000Z,1,0,,,NONE,INSUFFICIENT_DATA,Un solo evento observado y sin cohorte disponible - sin base estadística suficiente para estimar vida útil.,,,,,,,,,,,1,0,0,,,NO_DATA,,,INSUFFICIENT_DATA,NO_MANUFACTURER_DATA,6,Insuficiente,0 intervalo(s) válidos (+0) | match exacto/alias (REF_EXACT) (+12) | asociación single (+12) | sin cobertura calculable (+0) | sin intervalos suficientes (+0) | sin cohorte disponible (+0) | hay datos de uso/contrato/horario (+8) | Weibull no evaluado (n insuficiente) (+4) | estimación de tipo INSUFFICIENT_DATA (+0) | n=0 intervalos (<10) (-10) | n=0 intervalos (<3) (-20),,INSUFFICIENT_DATA,6,Insuficiente,0 intervalo(s) válidos (+0) | match exacto/alias (REF_EXACT) (+12) | asociación single (+12) | sin cobertura calculable (+0) | sin intervalos suficientes (+0) | sin cohorte disponible (+0) | hay datos de uso/contrato/horario (+8) | Weibull no evaluado (n insuficiente) (+4) | estimación de tipo INSUFFICIENT_DATA (+0) | n=0 intervalos (<10) (-10) | n=0 intervalos (<3) (-20),,,,,,NONE,0,Solo un evento observado para esta combinación - no se puede estimar vida útil todavía sin cohorte.
LINAC-153038,FUNDACION ARTURO LOPEZ PEREZ,1539233_FCO,NSS 4.0 Upgrade ModKit_FCO,2022-08-12T19:00:00.000Z,2022-08-12T19:00:00.000Z,1,0,,,NONE,INSUFFICIENT_DATA,Un solo evento observado y sin cohorte disponible - sin base estadística suficiente para estimar vida útil.,,,,,,,,,,,1,0,0,,,NO_DATA,,,INSUFFICIENT_DATA,NO_MANUFACTURER_DATA,2,Insuficiente,0 intervalo(s) válidos (+0) | match por método débil (REF_LIKE) (+8) | asociación single (+12) | sin cobertura calculable (+0) | sin intervalos suficientes (+0) | sin cohorte disponible (+0) | hay datos de uso/contrato/horario (+8) | Weibull no evaluado (n insuficiente) (+4) | estimación de tipo INSUFFICIENT_DATA (+0) | n=0 intervalos (<10) (-10) | n=0 intervalos (<3) (-20),,INSUFFICIENT_DATA,2,Insuficiente,0 intervalo(s) válidos (+0) | match por método débil (REF_LIKE) (+8) | asociación single (+12) | sin cobertura calculable (+0) | sin intervalos suficientes (+0) | sin cohorte disponible (+0) | hay datos de uso/contrato/horario (+8) | Weibull no evaluado (n insuficiente) (+4) | estimación de tipo INSUFFICIENT_DATA (+0) | n=0 intervalos (<10) (-10) | n=0 intervalos (<3) (-20),,,,,,NONE,0,Solo un evento observado para esta combinación - no se puede estimar vida útil todavía sin cohorte.
LINAC-153038,FUNDACION ARTURO LOPEZ PEREZ,45133308530,"New fast tune magnetron, MG6370",2022-09-09T11:00:00.000Z,2022-09-09T11:00:00.000Z,1,0,,422.2,EMPIRICAL_BAYES_SHRINKAGE,BORROWED_COHORT_ESTIMATE,"Un solo evento observado, sin intervalo propio - se usa 100% la estimación de la cohorte (same_client_same_part).",422.2,13.87,,422.2,,,,0,1,same_client_same_part,1,0,0,0.87,,NO_DATA,,2023-11-05T15:48:00.000Z,BORROWED_COHORT_ESTIMATE,NO_MANUFACTURER_DATA,11,Insuficiente,0 intervalo(s) válidos (+0) | match exacto/alias (REF_EXACT) (+12) | asociación single (+12) | sin cobertura calculable (+0) | sin intervalos suficientes (+0) | hay estimación de cohorte disponible (+12) | hay datos de uso/contrato/horario (+8) | Weibull no evaluado (n insuficiente) (+4) | estimación de tipo BORROWED_COHORT_ESTIMATE (+1) | n=0 intervalos (<10) (-10) | n=0 intervalos (<3) (-20) | estimación prestada de cohorte (-8),,BORROWED_COHORT_ESTIMATE,11,Insuficiente,0 intervalo(s) válidos (+0) | match exacto/alias (REF_EXACT) (+12) | asociación single (+12) | sin cobertura calculable (+0) | sin intervalos suficientes (+0) | hay estimación de cohorte disponible (+12) | hay datos de uso/contrato/horario (+8) | Weibull no evaluado (n insuficiente) (+4) | estimación de tipo BORROWED_COHORT_ESTIMATE (+1) | n=0 intervalos (<10) (-10) | n=0 intervalos (<3) (-20) | estimación prestada de cohorte (-8),,,,,,EMPIRICAL_BAYES_SHRINKAGE,0.75,Solo un evento observado para esta combinación - no se puede estimar vida útil todavía sin cohorte.
Linac-153935,UC CHRISTUS - CECA,1514986,ASSY DIAPHAGM PCB,2022-09-22T12:30:00.000Z,2022-09-22T12:30:00.000Z,1,0,,,NONE,INSUFFICIENT_DATA,Un solo evento observado y sin cohorte disponible - sin base estadística suficiente para estimar vida útil.,,,,,,,,,,,1,0,0,,,NO_DATA,,,INSUFFICIENT_DATA,NO_MANUFACTURER_DATA,6,Insuficiente,0 intervalo(s) válidos (+0) | match exacto/alias (REF_EXACT) (+12) | asociación single (+12) | sin cobertura calculable (+0) | sin intervalos suficientes (+0) | sin cohorte disponible (+0) | hay datos de uso/contrato/horario (+8) | Weibull no evaluado (n insuficiente) (+4) | estimación de tipo INSUFFICIENT_DATA (+0) | n=0 intervalos (<10) (-10) | n=0 intervalos (<3) (-20),,INSUFFICIENT_DATA,6,Insuficiente,0 intervalo(s) válidos (+0) | match exacto/alias (REF_EXACT) (+12) | asociación single (+12) | sin cobertura calculable (+0) | sin intervalos suficientes (+0) | sin cohorte disponible (+0) | hay datos de uso/contrato/horario (+8) | Weibull no evaluado (n insuficiente) (+4) | estimación de tipo INSUFFICIENT_DATA (+0) | n=0 intervalos (<10) (-10) | n=0 intervalos (<3) (-20),,,,,,NONE,0,Solo un evento observado para esta combinación - no se puede estimar vida útil todavía sin cohorte.
Linac-151673,CLINICA ALEMANA DE SANTIAGO,1522567,RF output window,2022-10-14T11:00:00.000Z,2022-10-14T11:00:00.000Z,1,0,,243.22,EMPIRICAL_BAYES_SHRINKAGE,BORROWED_COHORT_ESTIMATE,"Un solo evento observado, sin intervalo propio - se usa 100% la estimación de la cohorte (same_client_same_part).",243.22,7.99,,243.22,,,,0,1,same_client_same_part,1,0,0,1.5,,NO_DATA,,2023-06-14T16:16:48.000Z,BORROWED_COHORT_ESTIMATE,NO_MANUFACTURER_DATA,11,Insuficiente,0 intervalo(s) válidos (+0) | match exacto/alias (REF_EXACT) (+12) | asociación single (+12) | sin cobertura calculable (+0) | sin intervalos suficientes (+0) | hay estimación de cohorte disponible (+12) | hay datos de uso/contrato/horario (+8) | Weibull no evaluado (n insuficiente) (+4) | estimación de tipo BORROWED_COHORT_ESTIMATE (+1) | n=0 intervalos (<10) (-10) | n=0 intervalos (<3) (-20) | estimación prestada de cohorte (-8),,BORROWED_COHORT_ESTIMATE,11,Insuficiente,0 intervalo(s) válidos (+0) | match exacto/alias (REF_EXACT) (+12) | asociación single (+12) | sin cobertura calculable (+0) | sin intervalos suficientes (+0) | hay estimación de cohorte disponible (+12) | hay datos de uso/contrato/horario (+8) | Weibull no evaluado (n insuficiente) (+4) | estimación de tipo BORROWED_COHORT_ESTIMATE (+1) | n=0 intervalos (<10) (-10) | n=0 intervalos (<3) (-20) | estimación prestada de cohorte (-8),,,,,,EMPIRICAL_BAYES_SHRINKAGE,0.25,Solo un evento observado para esta combinación - no se puede estimar vida útil todavía sin cohorte.
INC-INFINITY01,Instituto Nacional del Cáncer (INC),1505146,"PCB ASSEMBLY, CITB",2022-10-24T12:18:00.000Z,2022-10-24T12:18:00.000Z,1,0,,,NONE,INSUFFICIENT_DATA,Un solo evento observado y sin cohorte disponible - sin base estadística suficiente para estimar vida útil.,,,,,,,,,,,1,0,0,,,NO_DATA,,,INSUFFICIENT_DATA,NO_MANUFACTURER_DATA,6,Insuficiente,0 intervalo(s) válidos (+0) | match exacto/alias (REF_EXACT) (+12) | asociación single (+12) | sin cobertura calculable (+0) | sin intervalos suficientes (+0) | sin cohorte disponible (+0) | hay datos de uso/contrato/horario (+8) | Weibull no evaluado (n insuficiente) (+4) | estimación de tipo INSUFFICIENT_DATA (+0) | n=0 intervalos (<10) (-10) | n=0 intervalos (<3) (-20),,INSUFFICIENT_DATA,6,Insuficiente,0 intervalo(s) válidos (+0) | match exacto/alias (REF_EXACT) (+12) | asociación single (+12) | sin cobertura calculable (+0) | sin intervalos suficientes (+0) | sin cohorte disponible (+0) | hay datos de uso/contrato/horario (+8) | Weibull no evaluado (n insuficiente) (+4) | estimación de tipo INSUFFICIENT_DATA (+0) | n=0 intervalos (<10) (-10) | n=0 intervalos (<3) (-20),,,,,,NONE,0,Solo un evento observado para esta combinación - no se puede estimar vida útil todavía sin cohorte.
INC-INFINITY01,Instituto Nacional del Cáncer (INC),1546731,"Contactor (CON A), 24V, 50Hz, 50 A, Siemens 3RT 1036-1AB00",2022-10-24T12:18:00.000Z,2022-10-24T12:18:00.000Z,1,0,,247.65,EMPIRICAL_BAYES_SHRINKAGE,BORROWED_COHORT_ESTIMATE,"Un solo evento observado, sin intervalo propio - se usa 100% la estimación de la cohorte (same_client_same_part).",247.65,8.14,,247.65,,,,0,1,same_client_same_part,1,0,0,1.47,,NO_DATA,,2023-06-29T03:54:00.000Z,BORROWED_COHORT_ESTIMATE,NO_MANUFACTURER_DATA,11,Insuficiente,0 intervalo(s) válidos (+0) | match exacto/alias (REF_EXACT) (+12) | asociación single (+12) | sin cobertura calculable (+0) | sin intervalos suficientes (+0) | hay estimación de cohorte disponible (+12) | hay datos de uso/contrato/horario (+8) | Weibull no evaluado (n insuficiente) (+4) | estimación de tipo BORROWED_COHORT_ESTIMATE (+1) | n=0 intervalos (<10) (-10) | n=0 intervalos (<3) (-20) | estimación prestada de cohorte (-8),,BORROWED_COHORT_ESTIMATE,11,Insuficiente,0 intervalo(s) válidos (+0) | match exacto/alias (REF_EXACT) (+12) | asociación single (+12) | sin cobertura calculable (+0) | sin intervalos suficientes (+0) | hay estimación de cohorte disponible (+12) | hay datos de uso/contrato/horario (+8) | Weibull no evaluado (n insuficiente) (+4) | estimación de tipo BORROWED_COHORT_ESTIMATE (+1) | n=0 intervalos (<10) (-10) | n=0 intervalos (<3) (-20) | estimación prestada de cohorte (-8),,,,,,EMPIRICAL_BAYES_SHRINKAGE,0,Solo un evento observado para esta combinación - no se puede estimar vida útil todavía sin cohorte.
LINAC-153038,FUNDACION ARTURO LOPEZ PEREZ,1556287,"KIT, SPARES, DIAPHRAGM BRAKE",2022-10-25T19:30:00.000Z,2022-10-25T19:30:00.000Z,1,0,,161.36,EMPIRICAL_BAYES_SHRINKAGE,BORROWED_COHORT_ESTIMATE,"Un solo evento observado, sin intervalo propio - se usa 100% la estimación de la cohorte (same_client_same_part).",161.36,5.3,,161.36,,,,0,1,same_client_same_part,1,0,0,2.26,,NO_DATA,,2023-04-05T04:08:24.000Z,BORROWED_COHORT_ESTIMATE,NO_MANUFACTURER_DATA,11,Insuficiente,0 intervalo(s) válidos (+0) | match exacto/alias (REF_EXACT) (+12) | asociación single (+12) | sin cobertura calculable (+0) | sin intervalos suficientes (+0) | hay estimación de cohorte disponible (+12) | hay datos de uso/contrato/horario (+8) | Weibull no evaluado (n insuficiente) (+4) | estimación de tipo BORROWED_COHORT_ESTIMATE (+1) | n=0 intervalos (<10) (-10) | n=0 intervalos (<3) (-20) | estimación prestada de cohorte (-8),,BORROWED_COHORT_ESTIMATE,11,Insuficiente,0 intervalo(s) válidos (+0) | match exacto/alias (REF_EXACT) (+12) | asociación single (+12) | sin cobertura calculable (+0) | sin intervalos suficientes (+0) | hay estimación de cohorte disponible (+12) | hay datos de uso/contrato/horario (+8) | Weibull no evaluado (n insuficiente) (+4) | estimación de tipo BORROWED_COHORT_ESTIMATE (+1) | n=0 intervalos (<10) (-10) | n=0 intervalos (<3) (-20) | estimación prestada de cohorte (-8),,,,,,EMPIRICAL_BAYES_SHRINKAGE,0,Solo un evento observado para esta combinación - no se puede estimar vida útil todavía sin cohorte.
LINAC-153038,FUNDACION ARTURO LOPEZ PEREZ,1534191,"Thumbwheel PWB Side A MKII, VersaHD",2022-10-28T12:30:00.000Z,2022-10-28T12:30:00.000Z,1,0,,,NONE,INSUFFICIENT_DATA,Un solo evento observado y sin cohorte disponible - sin base estadística suficiente para estimar vida útil.,,,,,,,,,,,1,0,0,,,NO_DATA,,,INSUFFICIENT_DATA,NO_MANUFACTURER_DATA,6,Insuficiente,0 intervalo(s) válidos (+0) | match exacto/alias (REF_EXACT) (+12) | asociación single (+12) | sin cobertura calculable (+0) | sin intervalos suficientes (+0) | sin cohorte disponible (+0) | hay datos de uso/contrato/horario (+8) | Weibull no evaluado (n insuficiente) (+4) | estimación de tipo INSUFFICIENT_DATA (+0) | n=0 intervalos (<10) (-10) | n=0 intervalos (<3) (-20),,INSUFFICIENT_DATA,6,Insuficiente,0 intervalo(s) válidos (+0) | match exacto/alias (REF_EXACT) (+12) | asociación single (+12) | sin cobertura calculable (+0) | sin intervalos suficientes (+0) | sin cohorte disponible (+0) | hay datos de uso/contrato/horario (+8) | Weibull no evaluado (n insuficiente) (+4) | estimación de tipo INSUFFICIENT_DATA (+0) | n=0 intervalos (<10) (-10) | n=0 intervalos (<3) (-20),,,,,,NONE,1,Solo un evento observado para esta combinación - no se puede estimar vida útil todavía sin cohorte.
LINAC-153038,FUNDACION ARTURO LOPEZ PEREZ,1534195,"Thumbwheel PWB Side B MKII, VersaHD",2022-10-28T12:30:00.000Z,2022-10-28T12:30:00.000Z,1,0,,,NONE,INSUFFICIENT_DATA,Un solo evento observado y sin cohorte disponible - sin base estadística suficiente para estimar vida útil.,,,,,,,,,,,1,0,0,,,NO_DATA,,,INSUFFICIENT_DATA,NO_MANUFACTURER_DATA,6,Insuficiente,0 intervalo(s) válidos (+0) | match exacto/alias (REF_EXACT) (+12) | asociación single (+12) | sin cobertura calculable (+0) | sin intervalos suficientes (+0) | sin cohorte disponible (+0) | hay datos de uso/contrato/horario (+8) | Weibull no evaluado (n insuficiente) (+4) | estimación de tipo INSUFFICIENT_DATA (+0) | n=0 intervalos (<10) (-10) | n=0 intervalos (<3) (-20),,INSUFFICIENT_DATA,6,Insuficiente,0 intervalo(s) válidos (+0) | match exacto/alias (REF_EXACT) (+12) | asociación single (+12) | sin cobertura calculable (+0) | sin intervalos suficientes (+0) | sin cohorte disponible (+0) | hay datos de uso/contrato/horario (+8) | Weibull no evaluado (n insuficiente) (+4) | estimación de tipo INSUFFICIENT_DATA (+0) | n=0 intervalos (<10) (-10) | n=0 intervalos (<3) (-20),,,,,,NONE,1,Solo un evento observado para esta combinación - no se puede estimar vida útil todavía sin cohorte.
Linac-152171,CLINICA ALEMANA DE SANTIAGO,1016984,FRU ISO ROTATION BRAKE,2022-10-26T20:30:00.000Z,2022-10-26T20:30:00.000Z,1,0,,,NONE,INSUFFICIENT_DATA,Un solo evento observado y sin cohorte disponible - sin base estadística suficiente para estimar vida útil.,,,,,,,,,,,1,0,0,,,NO_DATA,,,INSUFFICIENT_DATA,NO_MANUFACTURER_DATA,0,Insuficiente,0 intervalo(s) válidos (+0) | match exacto/alias (REF_EXACT) (+12) | asociación multi (+5) | sin cobertura calculable (+0) | sin intervalos suficientes (+0) | sin cohorte disponible (+0) | hay datos de uso/contrato/horario (+8) | Weibull no evaluado (n insuficiente) (+4) | estimación de tipo INSUFFICIENT_DATA (+0) | n=0 intervalos (<10) (-10) | n=0 intervalos (<3) (-20) | asociación desde task con múltiples equipos (-8),,INSUFFICIENT_DATA,0,Insuficiente,0 intervalo(s) válidos (+0) | match exacto/alias (REF_EXACT) (+12) | asociación multi (+5) | sin cobertura calculable (+0) | sin intervalos suficientes (+0) | sin cohorte disponible (+0) | hay datos de uso/contrato/horario (+8) | Weibull no evaluado (n insuficiente) (+4) | estimación de tipo INSUFFICIENT_DATA (+0) | n=0 intervalos (<10) (-10) | n=0 intervalos (<3) (-20) | asociación desde task con múltiples equipos (-8),,,,,,NONE,0.5,Solo un evento observado para esta combinación - no se puede estimar vida útil todavía sin cohorte.
Linac-151673,CLINICA ALEMANA DE SANTIAGO,1016984,FRU ISO ROTATION BRAKE,2022-10-26T20:30:00.000Z,2022-10-26T20:30:00.000Z,1,0,,,NONE,INSUFFICIENT_DATA,Un solo evento observado y sin cohorte disponible - sin base estadística suficiente para estimar vida útil.,,,,,,,,,,,1,0,0,,,NO_DATA,,,INSUFFICIENT_DATA,NO_MANUFACTURER_DATA,0,Insuficiente,0 intervalo(s) válidos (+0) | match exacto/alias (REF_EXACT) (+12) | asociación multi (+5) | sin cobertura calculable (+0) | sin intervalos suficientes (+0) | sin cohorte disponible (+0) | hay datos de uso/contrato/horario (+8) | Weibull no evaluado (n insuficiente) (+4) | estimación de tipo INSUFFICIENT_DATA (+0) | n=0 intervalos (<10) (-10) | n=0 intervalos (<3) (-20) | asociación desde task con múltiples equipos (-8),,INSUFFICIENT_DATA,0,Insuficiente,0 intervalo(s) válidos (+0) | match exacto/alias (REF_EXACT) (+12) | asociación multi (+5) | sin cobertura calculable (+0) | sin intervalos suficientes (+0) | sin cohorte disponible (+0) | hay datos de uso/contrato/horario (+8) | Weibull no evaluado (n insuficiente) (+4) | estimación de tipo INSUFFICIENT_DATA (+0) | n=0 intervalos (<10) (-10) | n=0 intervalos (<3) (-20) | asociación desde task con múltiples equipos (-8),,,,,,NONE,0.5,Solo un evento observado para esta combinación - no se puede estimar vida útil todavía sin cohorte.
LINAC-153038,FUNDACION ARTURO LOPEZ PEREZ,45133903384,"PCB, auxiliary power supply",2022-11-05T11:00:00.000Z,2022-11-05T11:00:00.000Z,1,0,,,NONE,INSUFFICIENT_DATA,Un solo evento observado y sin cohorte disponible - sin base estadística suficiente para estimar vida útil.,,,,,,,,,,,1,0,0,,,NO_DATA,,,INSUFFICIENT_DATA,NO_MANUFACTURER_DATA,6,Insuficiente,0 intervalo(s) válidos (+0) | match exacto/alias (REF_EXACT) (+12) | asociación single (+12) | sin cobertura calculable (+0) | sin intervalos suficientes (+0) | sin cohorte disponible (+0) | hay datos de uso/contrato/horario (+8) | Weibull no evaluado (n insuficiente) (+4) | estimación de tipo INSUFFICIENT_DATA (+0) | n=0 intervalos (<10) (-10) | n=0 intervalos (<3) (-20),,INSUFFICIENT_DATA,6,Insuficiente,0 intervalo(s) válidos (+0) | match exacto/alias (REF_EXACT) (+12) | asociación single (+12) | sin cobertura calculable (+0) | sin intervalos suficientes (+0) | sin cohorte disponible (+0) | hay datos de uso/contrato/horario (+8) | Weibull no evaluado (n insuficiente) (+4) | estimación de tipo INSUFFICIENT_DATA (+0) | n=0 intervalos (<10) (-10) | n=0 intervalos (<3) (-20),,,,,,NONE,1,Solo un evento observado para esta combinación - no se puede estimar vida útil todavía sin cohorte.
Linac-201110,CLÍNICA SANATORIO ALEMÁN (ONCORAD),1020469,"PCB ASSEMBLY, DOSE A BMEI",2022-11-11T21:00:00.000Z,2022-11-11T21:00:00.000Z,1,0,,,NONE,INSUFFICIENT_DATA,Un solo evento observado y sin cohorte disponible - sin base estadística suficiente para estimar vida útil.,,,,,,,,,,,1,0,0,,,NO_DATA,,,INSUFFICIENT_DATA,NO_MANUFACTURER_DATA,2,Insuficiente,0 intervalo(s) válidos (+0) | match por método débil (REF_LIKE) (+8) | asociación single (+12) | sin cobertura calculable (+0) | sin intervalos suficientes (+0) | sin cohorte disponible (+0) | hay datos de uso/contrato/horario (+8) | Weibull no evaluado (n insuficiente) (+4) | estimación de tipo INSUFFICIENT_DATA (+0) | n=0 intervalos (<10) (-10) | n=0 intervalos (<3) (-20),,INSUFFICIENT_DATA,2,Insuficiente,0 intervalo(s) válidos (+0) | match por método débil (REF_LIKE) (+8) | asociación single (+12) | sin cobertura calculable (+0) | sin intervalos suficientes (+0) | sin cohorte disponible (+0) | hay datos de uso/contrato/horario (+8) | Weibull no evaluado (n insuficiente) (+4) | estimación de tipo INSUFFICIENT_DATA (+0) | n=0 intervalos (<10) (-10) | n=0 intervalos (<3) (-20),,,,,,NONE,0.75,Solo un evento observado para esta combinación - no se puede estimar vida útil todavía sin cohorte.
Linac-201110,CLÍNICA SANATORIO ALEMÁN (ONCORAD),1511693,CHARGING HIGH VOLTAGE CABLE,2022-11-10T15:00:00.000Z,2022-11-10T15:00:00.000Z,1,0,,,NONE,INSUFFICIENT_DATA,Un solo evento observado y sin cohorte disponible - sin base estadística suficiente para estimar vida útil.,,,,,,,,,,,1,0,0,,,NO_DATA,,,INSUFFICIENT_DATA,NO_MANUFACTURER_DATA,6,Insuficiente,0 intervalo(s) válidos (+0) | match exacto/alias (REF_EXACT) (+12) | asociación single (+12) | sin cobertura calculable (+0) | sin intervalos suficientes (+0) | sin cohorte disponible (+0) | hay datos de uso/contrato/horario (+8) | Weibull no evaluado (n insuficiente) (+4) | estimación de tipo INSUFFICIENT_DATA (+0) | n=0 intervalos (<10) (-10) | n=0 intervalos (<3) (-20),,INSUFFICIENT_DATA,6,Insuficiente,0 intervalo(s) válidos (+0) | match exacto/alias (REF_EXACT) (+12) | asociación single (+12) | sin cobertura calculable (+0) | sin intervalos suficientes (+0) | sin cohorte disponible (+0) | hay datos de uso/contrato/horario (+8) | Weibull no evaluado (n insuficiente) (+4) | estimación de tipo INSUFFICIENT_DATA (+0) | n=0 intervalos (<10) (-10) | n=0 intervalos (<3) (-20),,,,,,NONE,0,Solo un evento observado para esta combinación - no se puede estimar vida útil todavía sin cohorte.
INC-INFINITY01,Instituto Nacional del Cáncer (INC),1024129,Agility pixel calibration tool,2022-11-14T11:39:00.000Z,2022-11-14T11:39:00.000Z,1,0,,,NONE,INSUFFICIENT_DATA,Un solo evento observado y sin cohorte disponible - sin base estadística suficiente para estimar vida útil.,,,,,,,,,,,1,0,0,,,NO_DATA,,,INSUFFICIENT_DATA,NO_MANUFACTURER_DATA,6,Insuficiente,0 intervalo(s) válidos (+0) | match exacto/alias (REF_EXACT) (+12) | asociación single (+12) | sin cobertura calculable (+0) | sin intervalos suficientes (+0) | sin cohorte disponible (+0) | hay datos de uso/contrato/horario (+8) | Weibull no evaluado (n insuficiente) (+4) | estimación de tipo INSUFFICIENT_DATA (+0) | n=0 intervalos (<10) (-10) | n=0 intervalos (<3) (-20),,INSUFFICIENT_DATA,6,Insuficiente,0 intervalo(s) válidos (+0) | match exacto/alias (REF_EXACT) (+12) | asociación single (+12) | sin cobertura calculable (+0) | sin intervalos suficientes (+0) | sin cohorte disponible (+0) | hay datos de uso/contrato/horario (+8) | Weibull no evaluado (n insuficiente) (+4) | estimación de tipo INSUFFICIENT_DATA (+0) | n=0 intervalos (<10) (-10) | n=0 intervalos (<3) (-20),,,,,,NONE,0,Solo un evento observado para esta combinación - no se puede estimar vida útil todavía sin cohorte.
Linac-154325,HOSPITAL CARLOS VAN BUREN (SSVSA),1541718,"FRU, Pancake Motor Assembly",2022-11-16T13:00:00.000Z,2022-11-16T13:00:00.000Z,1,0,,70.54,EMPIRICAL_BAYES_SHRINKAGE,BORROWED_COHORT_ESTIMATE,"Un solo evento observado, sin intervalo propio - se usa 100% la estimación de la cohorte (same_client_same_part).",70.54,2.32,,70.54,,,,0,1,same_client_same_part,1,0,0,5.18,,NO_DATA,,2023-01-26T01:57:36.000Z,BORROWED_COHORT_ESTIMATE,NO_MANUFACTURER_DATA,11,Insuficiente,0 intervalo(s) válidos (+0) | match exacto/alias (REF_EXACT) (+12) | asociación single (+12) | sin cobertura calculable (+0) | sin intervalos suficientes (+0) | hay estimación de cohorte disponible (+12) | hay datos de uso/contrato/horario (+8) | Weibull no evaluado (n insuficiente) (+4) | estimación de tipo BORROWED_COHORT_ESTIMATE (+1) | n=0 intervalos (<10) (-10) | n=0 intervalos (<3) (-20) | estimación prestada de cohorte (-8),,BORROWED_COHORT_ESTIMATE,11,Insuficiente,0 intervalo(s) válidos (+0) | match exacto/alias (REF_EXACT) (+12) | asociación single (+12) | sin cobertura calculable (+0) | sin intervalos suficientes (+0) | hay estimación de cohorte disponible (+12) | hay datos de uso/contrato/horario (+8) | Weibull no evaluado (n insuficiente) (+4) | estimación de tipo BORROWED_COHORT_ESTIMATE (+1) | n=0 intervalos (<10) (-10) | n=0 intervalos (<3) (-20) | estimación prestada de cohorte (-8),,,,,,EMPIRICAL_BAYES_SHRINKAGE,0,Solo un evento observado para esta combinación - no se puede estimar vida útil todavía sin cohorte.
LINAC-153038,FUNDACION ARTURO LOPEZ PEREZ,1022378,"DIODE ASSY, FRU",2022-11-18T21:30:00.000Z,2022-11-18T21:30:00.000Z,1,0,,229.11,EMPIRICAL_BAYES_SHRINKAGE,BORROWED_COHORT_ESTIMATE,"Un solo evento observado, sin intervalo propio - se usa 100% la estimación de la cohorte (same_client_same_part).",229.11,7.53,,229.11,,,,0,1,same_client_same_part,1,0,0,1.59,,NO_DATA,,2023-07-06T00:08:24.000Z,BORROWED_COHORT_ESTIMATE,NO_MANUFACTURER_DATA,11,Insuficiente,0 intervalo(s) válidos (+0) | match exacto/alias (REF_EXACT) (+12) | asociación single (+12) | sin cobertura calculable (+0) | sin intervalos suficientes (+0) | hay estimación de cohorte disponible (+12) | hay datos de uso/contrato/horario (+8) | Weibull no evaluado (n insuficiente) (+4) | estimación de tipo BORROWED_COHORT_ESTIMATE (+1) | n=0 intervalos (<10) (-10) | n=0 intervalos (<3) (-20) | estimación prestada de cohorte (-8),,BORROWED_COHORT_ESTIMATE,11,Insuficiente,0 intervalo(s) válidos (+0) | match exacto/alias (REF_EXACT) (+12) | asociación single (+12) | sin cobertura calculable (+0) | sin intervalos suficientes (+0) | hay estimación de cohorte disponible (+12) | hay datos de uso/contrato/horario (+8) | Weibull no evaluado (n insuficiente) (+4) | estimación de tipo BORROWED_COHORT_ESTIMATE (+1) | n=0 intervalos (<10) (-10) | n=0 intervalos (<3) (-20) | estimación prestada de cohorte (-8),,,,,,EMPIRICAL_BAYES_SHRINKAGE,1,Solo un evento observado para esta combinación - no se puede estimar vida útil todavía sin cohorte.
Linac-201110,CLÍNICA SANATORIO ALEMÁN (ONCORAD),1535987,"FRU, DOSE BOARD",2022-12-07T15:00:00.000Z,2022-12-07T15:00:00.000Z,1,0,,297.52,EMPIRICAL_BAYES_SHRINKAGE,BORROWED_COHORT_ESTIMATE,"Un solo evento observado, sin intervalo propio - se usa 100% la estimación de la cohorte (same_client_same_part).",297.52,9.77,,297.52,,,,0,1,same_client_same_part,1,0,0,1.23,,NO_DATA,,2023-10-01T03:28:48.000Z,BORROWED_COHORT_ESTIMATE,NO_MANUFACTURER_DATA,11,Insuficiente,0 intervalo(s) válidos (+0) | match exacto/alias (REF_EXACT) (+12) | asociación single (+12) | sin cobertura calculable (+0) | sin intervalos suficientes (+0) | hay estimación de cohorte disponible (+12) | hay datos de uso/contrato/horario (+8) | Weibull no evaluado (n insuficiente) (+4) | estimación de tipo BORROWED_COHORT_ESTIMATE (+1) | n=0 intervalos (<10) (-10) | n=0 intervalos (<3) (-20) | estimación prestada de cohorte (-8),,BORROWED_COHORT_ESTIMATE,11,Insuficiente,0 intervalo(s) válidos (+0) | match exacto/alias (REF_EXACT) (+12) | asociación single (+12) | sin cobertura calculable (+0) | sin intervalos suficientes (+0) | hay estimación de cohorte disponible (+12) | hay datos de uso/contrato/horario (+8) | Weibull no evaluado (n insuficiente) (+4) | estimación de tipo BORROWED_COHORT_ESTIMATE (+1) | n=0 intervalos (<10) (-10) | n=0 intervalos (<3) (-20) | estimación prestada de cohorte (-8),,,,,,EMPIRICAL_BAYES_SHRINKAGE,0,Solo un evento observado para esta combinación - no se puede estimar vida útil todavía sin cohorte.
Linac-154325,HOSPITAL CARLOS VAN BUREN (SSVSA),1538094,"CONTROL BOARD,KV GEN,SHFR400",2022-11-30T18:00:00.000Z,2022-11-30T18:00:00.000Z,1,0,,,NONE,INSUFFICIENT_DATA,Un solo evento observado y sin cohorte disponible - sin base estadística suficiente para estimar vida útil.,,,,,,,,,,,1,0,0,,,NO_DATA,,,INSUFFICIENT_DATA,NO_MANUFACTURER_DATA,6,Insuficiente,0 intervalo(s) válidos (+0) | match exacto/alias (REF_NORMALIZED_EXACT) (+12) | asociación single (+12) | sin cobertura calculable (+0) | sin intervalos suficientes (+0) | sin cohorte disponible (+0) | hay datos de uso/contrato/horario (+8) | Weibull no evaluado (n insuficiente) (+4) | estimación de tipo INSUFFICIENT_DATA (+0) | n=0 intervalos (<10) (-10) | n=0 intervalos (<3) (-20),,INSUFFICIENT_DATA,6,Insuficiente,0 intervalo(s) válidos (+0) | match exacto/alias (REF_NORMALIZED_EXACT) (+12) | asociación single (+12) | sin cobertura calculable (+0) | sin intervalos suficientes (+0) | sin cohorte disponible (+0) | hay datos de uso/contrato/horario (+8) | Weibull no evaluado (n insuficiente) (+4) | estimación de tipo INSUFFICIENT_DATA (+0) | n=0 intervalos (<10) (-10) | n=0 intervalos (<3) (-20),,,,,,NONE,0,Solo un evento observado para esta combinación - no se puede estimar vida útil todavía sin cohorte.
Linac-154325,HOSPITAL CARLOS VAN BUREN (SSVSA),45133502026_usado,X-ray tube (MR),2022-11-30T18:00:00.000Z,2022-11-30T18:00:00.000Z,1,0,,326.11,EMPIRICAL_BAYES_SHRINKAGE,BORROWED_COHORT_ESTIMATE,"Un solo evento observado, sin intervalo propio - se usa 100% la estimación de la cohorte (same_client_same_part).",326.11,10.71,,326.11,,,,0,1,same_client_same_part,1,0,0,1.12,,NO_DATA,,2023-10-22T20:38:24.000Z,BORROWED_COHORT_ESTIMATE,NO_MANUFACTURER_DATA,7,Insuficiente,0 intervalo(s) válidos (+0) | match por método débil (REF_LIKE) (+8) | asociación single (+12) | sin cobertura calculable (+0) | sin intervalos suficientes (+0) | hay estimación de cohorte disponible (+12) | hay datos de uso/contrato/horario (+8) | Weibull no evaluado (n insuficiente) (+4) | estimación de tipo BORROWED_COHORT_ESTIMATE (+1) | n=0 intervalos (<10) (-10) | n=0 intervalos (<3) (-20) | estimación prestada de cohorte (-8),,BORROWED_COHORT_ESTIMATE,7,Insuficiente,0 intervalo(s) válidos (+0) | match por método débil (REF_LIKE) (+8) | asociación single (+12) | sin cobertura calculable (+0) | sin intervalos suficientes (+0) | hay estimación de cohorte disponible (+12) | hay datos de uso/contrato/horario (+8) | Weibull no evaluado (n insuficiente) (+4) | estimación de tipo BORROWED_COHORT_ESTIMATE (+1) | n=0 intervalos (<10) (-10) | n=0 intervalos (<3) (-20) | estimación prestada de cohorte (-8),,,,,,EMPIRICAL_BAYES_SHRINKAGE,0,Solo un evento observado para esta combinación - no se puede estimar vida útil todavía sin cohorte.
Linac-105157,TORRE MÉDICA - RANCAGUA,45133308034,"Magnetron, MG6363",2022-04-11T14:00:00.000Z,2022-04-11T14:00:00.000Z,1,0,,,NONE,INSUFFICIENT_DATA,Un solo evento observado y sin cohorte disponible - sin base estadística suficiente para estimar vida útil.,,,,,,,,,,,1,0,0,,,NO_DATA,,,INSUFFICIENT_DATA,NO_MANUFACTURER_DATA,6,Insuficiente,0 intervalo(s) válidos (+0) | match exacto/alias (REF_EXACT) (+12) | asociación single (+12) | sin cobertura calculable (+0) | sin intervalos suficientes (+0) | sin cohorte disponible (+0) | hay datos de uso/contrato/horario (+8) | Weibull no evaluado (n insuficiente) (+4) | estimación de tipo INSUFFICIENT_DATA (+0) | n=0 intervalos (<10) (-10) | n=0 intervalos (<3) (-20),,INSUFFICIENT_DATA,6,Insuficiente,0 intervalo(s) válidos (+0) | match exacto/alias (REF_EXACT) (+12) | asociación single (+12) | sin cobertura calculable (+0) | sin intervalos suficientes (+0) | sin cohorte disponible (+0) | hay datos de uso/contrato/horario (+8) | Weibull no evaluado (n insuficiente) (+4) | estimación de tipo INSUFFICIENT_DATA (+0) | n=0 intervalos (<10) (-10) | n=0 intervalos (<3) (-20),,,,,,NONE,0,Solo un evento observado para esta combinación - no se puede estimar vida útil todavía sin cohorte.
LINAC-153038,FUNDACION ARTURO LOPEZ PEREZ,45133318520,"PCB 1, MkI,side A, switches & LEDs",2023-01-11T20:48:00.000Z,2023-01-11T20:48:00.000Z,1,0,,,NONE,INSUFFICIENT_DATA,Un solo evento observado y sin cohorte disponible - sin base estadística suficiente para estimar vida útil.,,,,,,,,,,,1,0,0,,,NO_DATA,,,INSUFFICIENT_DATA,NO_MANUFACTURER_DATA,6,Insuficiente,0 intervalo(s) válidos (+0) | match exacto/alias (REF_EXACT) (+12) | asociación single (+12) | sin cobertura calculable (+0) | sin intervalos suficientes (+0) | sin cohorte disponible (+0) | hay datos de uso/contrato/horario (+8) | Weibull no evaluado (n insuficiente) (+4) | estimación de tipo INSUFFICIENT_DATA (+0) | n=0 intervalos (<10) (-10) | n=0 intervalos (<3) (-20),,INSUFFICIENT_DATA,6,Insuficiente,0 intervalo(s) válidos (+0) | match exacto/alias (REF_EXACT) (+12) | asociación single (+12) | sin cobertura calculable (+0) | sin intervalos suficientes (+0) | sin cohorte disponible (+0) | hay datos de uso/contrato/horario (+8) | Weibull no evaluado (n insuficiente) (+4) | estimación de tipo INSUFFICIENT_DATA (+0) | n=0 intervalos (<10) (-10) | n=0 intervalos (<3) (-20),,,,,,NONE,0,Solo un evento observado para esta combinación - no se puede estimar vida útil todavía sin cohorte.
INC-INFINITY01,Instituto Nacional del Cáncer (INC),1551103,"MOD KIT, DISC SPRING GANTRY (fco)",2023-02-03T11:00:00.000Z,2023-02-03T11:00:00.000Z,1,0,,,NONE,INSUFFICIENT_DATA,Un solo evento observado y sin cohorte disponible - sin base estadística suficiente para estimar vida útil.,,,,,,,,,,,1,0,0,,,NO_DATA,,,INSUFFICIENT_DATA,NO_MANUFACTURER_DATA,6,Insuficiente,0 intervalo(s) válidos (+0) | match exacto/alias (REF_EXACT) (+12) | asociación single (+12) | sin cobertura calculable (+0) | sin intervalos suficientes (+0) | sin cohorte disponible (+0) | hay datos de uso/contrato/horario (+8) | Weibull no evaluado (n insuficiente) (+4) | estimación de tipo INSUFFICIENT_DATA (+0) | n=0 intervalos (<10) (-10) | n=0 intervalos (<3) (-20),,INSUFFICIENT_DATA,6,Insuficiente,0 intervalo(s) válidos (+0) | match exacto/alias (REF_EXACT) (+12) | asociación single (+12) | sin cobertura calculable (+0) | sin intervalos suficientes (+0) | sin cohorte disponible (+0) | hay datos de uso/contrato/horario (+8) | Weibull no evaluado (n insuficiente) (+4) | estimación de tipo INSUFFICIENT_DATA (+0) | n=0 intervalos (<10) (-10) | n=0 intervalos (<3) (-20),,,,,,NONE,0.13,Solo un evento observado para esta combinación - no se puede estimar vida útil todavía sin cohorte.
LINAC-153038,FUNDACION ARTURO LOPEZ PEREZ,45133407315,Monitor 19 TFT Fascia Lado A y B,2023-02-16T20:00:00.000Z,2023-02-16T20:00:00.000Z,1,0,,,NONE,INSUFFICIENT_DATA,Un solo evento observado y sin cohorte disponible - sin base estadística suficiente para estimar vida útil.,,,,,,,,,,,1,0,0,,,NO_DATA,,,INSUFFICIENT_DATA,NO_MANUFACTURER_DATA,6,Insuficiente,0 intervalo(s) válidos (+0) | match exacto/alias (REF_EXACT) (+12) | asociación single (+12) | sin cobertura calculable (+0) | sin intervalos suficientes (+0) | sin cohorte disponible (+0) | hay datos de uso/contrato/horario (+8) | Weibull no evaluado (n insuficiente) (+4) | estimación de tipo INSUFFICIENT_DATA (+0) | n=0 intervalos (<10) (-10) | n=0 intervalos (<3) (-20),,INSUFFICIENT_DATA,6,Insuficiente,0 intervalo(s) válidos (+0) | match exacto/alias (REF_EXACT) (+12) | asociación single (+12) | sin cobertura calculable (+0) | sin intervalos suficientes (+0) | sin cohorte disponible (+0) | hay datos de uso/contrato/horario (+8) | Weibull no evaluado (n insuficiente) (+4) | estimación de tipo INSUFFICIENT_DATA (+0) | n=0 intervalos (<10) (-10) | n=0 intervalos (<3) (-20),,,,,,NONE,0.25,Solo un evento observado para esta combinación - no se puede estimar vida útil todavía sin cohorte.
LINAC-153038,FUNDACION ARTURO LOPEZ PEREZ,261308039505J,Seal BS1806/223 o ring Viton,2023-02-27T09:30:00.000Z,2023-02-27T09:30:00.000Z,1,0,,,NONE,INSUFFICIENT_DATA,Un solo evento observado y sin cohorte disponible - sin base estadística suficiente para estimar vida útil.,,,,,,,,,,,1,0,0,,,NO_DATA,,,INSUFFICIENT_DATA,NO_MANUFACTURER_DATA,6,Insuficiente,0 intervalo(s) válidos (+0) | match exacto/alias (REF_EXACT) (+12) | asociación single (+12) | sin cobertura calculable (+0) | sin intervalos suficientes (+0) | sin cohorte disponible (+0) | hay datos de uso/contrato/horario (+8) | Weibull no evaluado (n insuficiente) (+4) | estimación de tipo INSUFFICIENT_DATA (+0) | n=0 intervalos (<10) (-10) | n=0 intervalos (<3) (-20),,INSUFFICIENT_DATA,6,Insuficiente,0 intervalo(s) válidos (+0) | match exacto/alias (REF_EXACT) (+12) | asociación single (+12) | sin cobertura calculable (+0) | sin intervalos suficientes (+0) | sin cohorte disponible (+0) | hay datos de uso/contrato/horario (+8) | Weibull no evaluado (n insuficiente) (+4) | estimación de tipo INSUFFICIENT_DATA (+0) | n=0 intervalos (<10) (-10) | n=0 intervalos (<3) (-20),,,,,,NONE,1,Solo un evento observado para esta combinación - no se puede estimar vida útil todavía sin cohorte.
LINAC-153038,FUNDACION ARTURO LOPEZ PEREZ,1513849,RF input window spares kit (Gun),2023-02-27T09:30:00.000Z,2023-02-27T09:30:00.000Z,1,0,,,NONE,INSUFFICIENT_DATA,Un solo evento observado y sin cohorte disponible - sin base estadística suficiente para estimar vida útil.,,,,,,,,,,,1,0,0,,,NO_DATA,,,INSUFFICIENT_DATA,NO_MANUFACTURER_DATA,6,Insuficiente,0 intervalo(s) válidos (+0) | match exacto/alias (REF_EXACT) (+12) | asociación single (+12) | sin cobertura calculable (+0) | sin intervalos suficientes (+0) | sin cohorte disponible (+0) | hay datos de uso/contrato/horario (+8) | Weibull no evaluado (n insuficiente) (+4) | estimación de tipo INSUFFICIENT_DATA (+0) | n=0 intervalos (<10) (-10) | n=0 intervalos (<3) (-20),,INSUFFICIENT_DATA,6,Insuficiente,0 intervalo(s) válidos (+0) | match exacto/alias (REF_EXACT) (+12) | asociación single (+12) | sin cobertura calculable (+0) | sin intervalos suficientes (+0) | sin cohorte disponible (+0) | hay datos de uso/contrato/horario (+8) | Weibull no evaluado (n insuficiente) (+4) | estimación de tipo INSUFFICIENT_DATA (+0) | n=0 intervalos (<10) (-10) | n=0 intervalos (<3) (-20),,,,,,NONE,1,Solo un evento observado para esta combinación - no se puede estimar vida útil todavía sin cohorte.
Linac-153935,UC CHRISTUS - CECA,4513330223101R,Pressure gauge,2023-03-17T19:33:00.000Z,2023-03-17T19:33:00.000Z,1,0,,,NONE,INSUFFICIENT_DATA,Un solo evento observado y sin cohorte disponible - sin base estadística suficiente para estimar vida útil.,,,,,,,,,,,1,0,0,,,NO_DATA,,,INSUFFICIENT_DATA,NO_MANUFACTURER_DATA,6,Insuficiente,0 intervalo(s) válidos (+0) | match exacto/alias (REF_EXACT) (+12) | asociación single (+12) | sin cobertura calculable (+0) | sin intervalos suficientes (+0) | sin cohorte disponible (+0) | hay datos de uso/contrato/horario (+8) | Weibull no evaluado (n insuficiente) (+4) | estimación de tipo INSUFFICIENT_DATA (+0) | n=0 intervalos (<10) (-10) | n=0 intervalos (<3) (-20),,INSUFFICIENT_DATA,6,Insuficiente,0 intervalo(s) válidos (+0) | match exacto/alias (REF_EXACT) (+12) | asociación single (+12) | sin cobertura calculable (+0) | sin intervalos suficientes (+0) | sin cohorte disponible (+0) | hay datos de uso/contrato/horario (+8) | Weibull no evaluado (n insuficiente) (+4) | estimación de tipo INSUFFICIENT_DATA (+0) | n=0 intervalos (<10) (-10) | n=0 intervalos (<3) (-20),,,,,,NONE,0.03,Solo un evento observado para esta combinación - no se puede estimar vida útil todavía sin cohorte.
Linac-154325,HOSPITAL CARLOS VAN BUREN (SSVSA),1534191,"Thumbwheel PWB Side A MKII, VersaHD",2023-04-18T22:30:00.000Z,2023-04-18T22:30:00.000Z,1,0,,,NONE,INSUFFICIENT_DATA,Un solo evento observado y sin cohorte disponible - sin base estadística suficiente para estimar vida útil.,,,,,,,,,,,1,0,0,,,NO_DATA,,,INSUFFICIENT_DATA,NO_MANUFACTURER_DATA,6,Insuficiente,0 intervalo(s) válidos (+0) | match exacto/alias (REF_EXACT) (+12) | asociación single (+12) | sin cobertura calculable (+0) | sin intervalos suficientes (+0) | sin cohorte disponible (+0) | hay datos de uso/contrato/horario (+8) | Weibull no evaluado (n insuficiente) (+4) | estimación de tipo INSUFFICIENT_DATA (+0) | n=0 intervalos (<10) (-10) | n=0 intervalos (<3) (-20),,INSUFFICIENT_DATA,6,Insuficiente,0 intervalo(s) válidos (+0) | match exacto/alias (REF_EXACT) (+12) | asociación single (+12) | sin cobertura calculable (+0) | sin intervalos suficientes (+0) | sin cohorte disponible (+0) | hay datos de uso/contrato/horario (+8) | Weibull no evaluado (n insuficiente) (+4) | estimación de tipo INSUFFICIENT_DATA (+0) | n=0 intervalos (<10) (-10) | n=0 intervalos (<3) (-20),,,,,,NONE,1,Solo un evento observado para esta combinación - no se puede estimar vida útil todavía sin cohorte.
HDR_10806,CLÍNICA SANATORIO ALEMÁN (ONCORAD),106931-00,Opto Interface Board,2023-04-21T12:30:00.000Z,2023-04-21T12:30:00.000Z,1,0,,,NONE,INSUFFICIENT_DATA,Un solo evento observado y sin cohorte disponible - sin base estadística suficiente para estimar vida útil.,,,,,,,,,,,1,0,0,,,NO_DATA,,,INSUFFICIENT_DATA,NO_MANUFACTURER_DATA,6,Insuficiente,0 intervalo(s) válidos (+0) | match exacto/alias (REF_EXACT) (+12) | asociación single (+12) | sin cobertura calculable (+0) | sin intervalos suficientes (+0) | sin cohorte disponible (+0) | hay datos de uso/contrato/horario (+8) | Weibull no evaluado (n insuficiente) (+4) | estimación de tipo INSUFFICIENT_DATA (+0) | n=0 intervalos (<10) (-10) | n=0 intervalos (<3) (-20),,INSUFFICIENT_DATA,6,Insuficiente,0 intervalo(s) válidos (+0) | match exacto/alias (REF_EXACT) (+12) | asociación single (+12) | sin cobertura calculable (+0) | sin intervalos suficientes (+0) | sin cohorte disponible (+0) | hay datos de uso/contrato/horario (+8) | Weibull no evaluado (n insuficiente) (+4) | estimación de tipo INSUFFICIENT_DATA (+0) | n=0 intervalos (<10) (-10) | n=0 intervalos (<3) (-20),,,,,,NONE,0,Solo un evento observado para esta combinación - no se puede estimar vida útil todavía sin cohorte.
LINAC-153038,FUNDACION ARTURO LOPEZ PEREZ,1534583,"CCP MGMT COMP, HP Z2 MINI G4",2023-05-05T11:00:00.000Z,2023-05-05T11:00:00.000Z,1,0,,,NONE,INSUFFICIENT_DATA,Un solo evento observado y sin cohorte disponible - sin base estadística suficiente para estimar vida útil.,,,,,,,,,,,1,0,0,,,NO_DATA,,,INSUFFICIENT_DATA,NO_MANUFACTURER_DATA,2,Insuficiente,0 intervalo(s) válidos (+0) | match por método débil (REF_LIKE) (+8) | asociación single (+12) | sin cobertura calculable (+0) | sin intervalos suficientes (+0) | sin cohorte disponible (+0) | hay datos de uso/contrato/horario (+8) | Weibull no evaluado (n insuficiente) (+4) | estimación de tipo INSUFFICIENT_DATA (+0) | n=0 intervalos (<10) (-10) | n=0 intervalos (<3) (-20),,INSUFFICIENT_DATA,2,Insuficiente,0 intervalo(s) válidos (+0) | match por método débil (REF_LIKE) (+8) | asociación single (+12) | sin cobertura calculable (+0) | sin intervalos suficientes (+0) | sin cohorte disponible (+0) | hay datos de uso/contrato/horario (+8) | Weibull no evaluado (n insuficiente) (+4) | estimación de tipo INSUFFICIENT_DATA (+0) | n=0 intervalos (<10) (-10) | n=0 intervalos (<3) (-20),,,,,,NONE,0.75,Solo un evento observado para esta combinación - no se puede estimar vida útil todavía sin cohorte.
APOTECA-CHEMO,FUNDACION ARTURO LOPEZ PEREZ,2279013,Manual Barcode reader APOTECAchemo,2023-05-11T12:30:00.000Z,2023-05-11T12:30:00.000Z,1,0,,,NONE,INSUFFICIENT_DATA,Un solo evento observado y sin cohorte disponible - sin base estadística suficiente para estimar vida útil.,,,,,,,,,,,1,0,0,,,NO_DATA,,,INSUFFICIENT_DATA,NO_MANUFACTURER_DATA,6,Insuficiente,0 intervalo(s) válidos (+0) | match exacto/alias (REF_EXACT) (+12) | asociación single (+12) | sin cobertura calculable (+0) | sin intervalos suficientes (+0) | sin cohorte disponible (+0) | hay datos de uso/contrato/horario (+8) | Weibull no evaluado (n insuficiente) (+4) | estimación de tipo INSUFFICIENT_DATA (+0) | n=0 intervalos (<10) (-10) | n=0 intervalos (<3) (-20),,INSUFFICIENT_DATA,6,Insuficiente,0 intervalo(s) válidos (+0) | match exacto/alias (REF_EXACT) (+12) | asociación single (+12) | sin cobertura calculable (+0) | sin intervalos suficientes (+0) | sin cohorte disponible (+0) | hay datos de uso/contrato/horario (+8) | Weibull no evaluado (n insuficiente) (+4) | estimación de tipo INSUFFICIENT_DATA (+0) | n=0 intervalos (<10) (-10) | n=0 intervalos (<3) (-20),,,,,,NONE,0,Solo un evento observado para esta combinación - no se puede estimar vida útil todavía sin cohorte.
Linac-153935,UC CHRISTUS - CECA,03-999-1141,Clamp modifications,2023-05-11T19:30:00.000Z,2023-05-11T19:30:00.000Z,1,0,,,NONE,INSUFFICIENT_DATA,Un solo evento observado y sin cohorte disponible - sin base estadística suficiente para estimar vida útil.,,,,,,,,,,,1,0,0,,,NO_DATA,,,INSUFFICIENT_DATA,NO_MANUFACTURER_DATA,6,Insuficiente,0 intervalo(s) válidos (+0) | match exacto/alias (REF_EXACT) (+12) | asociación single (+12) | sin cobertura calculable (+0) | sin intervalos suficientes (+0) | sin cohorte disponible (+0) | hay datos de uso/contrato/horario (+8) | Weibull no evaluado (n insuficiente) (+4) | estimación de tipo INSUFFICIENT_DATA (+0) | n=0 intervalos (<10) (-10) | n=0 intervalos (<3) (-20),,INSUFFICIENT_DATA,6,Insuficiente,0 intervalo(s) válidos (+0) | match exacto/alias (REF_EXACT) (+12) | asociación single (+12) | sin cobertura calculable (+0) | sin intervalos suficientes (+0) | sin cohorte disponible (+0) | hay datos de uso/contrato/horario (+8) | Weibull no evaluado (n insuficiente) (+4) | estimación de tipo INSUFFICIENT_DATA (+0) | n=0 intervalos (<10) (-10) | n=0 intervalos (<3) (-20),,,,,,NONE,0.25,Solo un evento observado para esta combinación - no se puede estimar vida útil todavía sin cohorte.
Linac-152171,CLINICA ALEMANA DE SANTIAGO,1006737_usado,SIB PCB,2023-05-11T23:30:00.000Z,2023-05-11T23:30:00.000Z,1,0,,324.06,EMPIRICAL_BAYES_SHRINKAGE,BORROWED_COHORT_ESTIMATE,"Un solo evento observado, sin intervalo propio - se usa 100% la estimación de la cohorte (same_client_same_part).",324.06,10.65,,324.06,,,,0,1,same_client_same_part,1,0,0,1.13,,NO_DATA,,2024-03-31T00:56:24.000Z,BORROWED_COHORT_ESTIMATE,NO_MANUFACTURER_DATA,0,Insuficiente,0 intervalo(s) válidos (+0) | match por método débil (REF_LIKE) (+8) | asociación multi (+5) | sin cobertura calculable (+0) | sin intervalos suficientes (+0) | hay estimación de cohorte disponible (+12) | hay datos de uso/contrato/horario (+8) | Weibull no evaluado (n insuficiente) (+4) | estimación de tipo BORROWED_COHORT_ESTIMATE (+1) | n=0 intervalos (<10) (-10) | n=0 intervalos (<3) (-20) | estimación prestada de cohorte (-8) | asociación desde task con múltiples equipos (-8),,BORROWED_COHORT_ESTIMATE,0,Insuficiente,0 intervalo(s) válidos (+0) | match por método débil (REF_LIKE) (+8) | asociación multi (+5) | sin cobertura calculable (+0) | sin intervalos suficientes (+0) | hay estimación de cohorte disponible (+12) | hay datos de uso/contrato/horario (+8) | Weibull no evaluado (n insuficiente) (+4) | estimación de tipo BORROWED_COHORT_ESTIMATE (+1) | n=0 intervalos (<10) (-10) | n=0 intervalos (<3) (-20) | estimación prestada de cohorte (-8) | asociación desde task con múltiples equipos (-8),,,,,,EMPIRICAL_BAYES_SHRINKAGE,1,Solo un evento observado para esta combinación - no se puede estimar vida útil todavía sin cohorte.
LINAC-153038,FUNDACION ARTURO LOPEZ PEREZ,4513341185001U,"Cable Assy, Pl9 to S",2023-05-13T12:00:00.000Z,2023-05-13T12:00:00.000Z,1,0,,375.17,EMPIRICAL_BAYES_SHRINKAGE,BORROWED_COHORT_ESTIMATE,"Un solo evento observado, sin intervalo propio - se usa 100% la estimación de la cohorte (same_client_same_part).",375.17,12.32,,375.17,,,,0,1,same_client_same_part,1,0,0,0.97,,NO_DATA,,2024-05-22T16:04:48.000Z,BORROWED_COHORT_ESTIMATE,NO_MANUFACTURER_DATA,11,Insuficiente,0 intervalo(s) válidos (+0) | match exacto/alias (REF_EXACT) (+12) | asociación single (+12) | sin cobertura calculable (+0) | sin intervalos suficientes (+0) | hay estimación de cohorte disponible (+12) | hay datos de uso/contrato/horario (+8) | Weibull no evaluado (n insuficiente) (+4) | estimación de tipo BORROWED_COHORT_ESTIMATE (+1) | n=0 intervalos (<10) (-10) | n=0 intervalos (<3) (-20) | estimación prestada de cohorte (-8),,BORROWED_COHORT_ESTIMATE,11,Insuficiente,0 intervalo(s) válidos (+0) | match exacto/alias (REF_EXACT) (+12) | asociación single (+12) | sin cobertura calculable (+0) | sin intervalos suficientes (+0) | hay estimación de cohorte disponible (+12) | hay datos de uso/contrato/horario (+8) | Weibull no evaluado (n insuficiente) (+4) | estimación de tipo BORROWED_COHORT_ESTIMATE (+1) | n=0 intervalos (<10) (-10) | n=0 intervalos (<3) (-20) | estimación prestada de cohorte (-8),,,,,,EMPIRICAL_BAYES_SHRINKAGE,1,Solo un evento observado para esta combinación - no se puede estimar vida útil todavía sin cohorte.
Linac-154325,HOSPITAL CARLOS VAN BUREN (SSVSA),1006737_usado,SIB PCB,2023-06-16T10:30:00.000Z,2023-06-16T10:30:00.000Z,1,0,,256.47,EMPIRICAL_BAYES_SHRINKAGE,BORROWED_COHORT_ESTIMATE,"Un solo evento observado, sin intervalo propio - se usa 100% la estimación de la cohorte (same_client_same_part).",256.47,8.43,,256.47,,,,0,1,same_client_same_part,1,0,0,1.42,,NO_DATA,,2024-02-27T21:46:48.000Z,BORROWED_COHORT_ESTIMATE,NO_MANUFACTURER_DATA,7,Insuficiente,0 intervalo(s) válidos (+0) | match por método débil (REF_LIKE) (+8) | asociación single (+12) | sin cobertura calculable (+0) | sin intervalos suficientes (+0) | hay estimación de cohorte disponible (+12) | hay datos de uso/contrato/horario (+8) | Weibull no evaluado (n insuficiente) (+4) | estimación de tipo BORROWED_COHORT_ESTIMATE (+1) | n=0 intervalos (<10) (-10) | n=0 intervalos (<3) (-20) | estimación prestada de cohorte (-8),,BORROWED_COHORT_ESTIMATE,7,Insuficiente,0 intervalo(s) válidos (+0) | match por método débil (REF_LIKE) (+8) | asociación single (+12) | sin cobertura calculable (+0) | sin intervalos suficientes (+0) | hay estimación de cohorte disponible (+12) | hay datos de uso/contrato/horario (+8) | Weibull no evaluado (n insuficiente) (+4) | estimación de tipo BORROWED_COHORT_ESTIMATE (+1) | n=0 intervalos (<10) (-10) | n=0 intervalos (<3) (-20) | estimación prestada de cohorte (-8),,,,,,EMPIRICAL_BAYES_SHRINKAGE,0.83,Solo un evento observado para esta combinación - no se puede estimar vida útil todavía sin cohorte.
LINAC-153038,FUNDACION ARTURO LOPEZ PEREZ,4513316442301M,FILTER ELEMENT 5 MICRON,2023-05-12T16:00:00.000Z,2023-05-12T16:00:00.000Z,1,0,,367.81,EMPIRICAL_BAYES_SHRINKAGE,BORROWED_COHORT_ESTIMATE,"Un solo evento observado, sin intervalo propio - se usa 100% la estimación de la cohorte (same_client_same_part).",367.81,12.08,,367.81,,,,0,1,same_client_same_part,1,0,0,0.99,,NO_DATA,,2024-05-14T11:26:24.000Z,BORROWED_COHORT_ESTIMATE,NO_MANUFACTURER_DATA,11,Insuficiente,0 intervalo(s) válidos (+0) | match exacto/alias (REF_EXACT) (+12) | asociación single (+12) | sin cobertura calculable (+0) | sin intervalos suficientes (+0) | hay estimación de cohorte disponible (+12) | hay datos de uso/contrato/horario (+8) | Weibull no evaluado (n insuficiente) (+4) | estimación de tipo BORROWED_COHORT_ESTIMATE (+1) | n=0 intervalos (<10) (-10) | n=0 intervalos (<3) (-20) | estimación prestada de cohorte (-8),,BORROWED_COHORT_ESTIMATE,11,Insuficiente,0 intervalo(s) válidos (+0) | match exacto/alias (REF_EXACT) (+12) | asociación single (+12) | sin cobertura calculable (+0) | sin intervalos suficientes (+0) | hay estimación de cohorte disponible (+12) | hay datos de uso/contrato/horario (+8) | Weibull no evaluado (n insuficiente) (+4) | estimación de tipo BORROWED_COHORT_ESTIMATE (+1) | n=0 intervalos (<10) (-10) | n=0 intervalos (<3) (-20) | estimación prestada de cohorte (-8),,,,,,EMPIRICAL_BAYES_SHRINKAGE,0.63,Solo un evento observado para esta combinación - no se puede estimar vida útil todavía sin cohorte.
LINAC-153038,FUNDACION ARTURO LOPEZ PEREZ,1534908,Y1 Leaf Drive Module (Target),2023-05-27T13:00:00.000Z,2023-05-27T13:00:00.000Z,1,0,,,NONE,INSUFFICIENT_DATA,Un solo evento observado y sin cohorte disponible - sin base estadística suficiente para estimar vida útil.,,,,,,,,,,,1,0,0,,,NO_DATA,,,INSUFFICIENT_DATA,NO_MANUFACTURER_DATA,6,Insuficiente,0 intervalo(s) válidos (+0) | match exacto/alias (REF_EXACT) (+12) | asociación single (+12) | sin cobertura calculable (+0) | sin intervalos suficientes (+0) | sin cohorte disponible (+0) | hay datos de uso/contrato/horario (+8) | Weibull no evaluado (n insuficiente) (+4) | estimación de tipo INSUFFICIENT_DATA (+0) | n=0 intervalos (<10) (-10) | n=0 intervalos (<3) (-20),,INSUFFICIENT_DATA,6,Insuficiente,0 intervalo(s) válidos (+0) | match exacto/alias (REF_EXACT) (+12) | asociación single (+12) | sin cobertura calculable (+0) | sin intervalos suficientes (+0) | sin cohorte disponible (+0) | hay datos de uso/contrato/horario (+8) | Weibull no evaluado (n insuficiente) (+4) | estimación de tipo INSUFFICIENT_DATA (+0) | n=0 intervalos (<10) (-10) | n=0 intervalos (<3) (-20),,,,,,NONE,1,Solo un evento observado para esta combinación - no se puede estimar vida útil todavía sin cohorte.
LINAC-153038,FUNDACION ARTURO LOPEZ PEREZ,1011030,"Lens, Collimator",2023-05-27T13:00:00.000Z,2023-05-27T13:00:00.000Z,1,0,,,NONE,INSUFFICIENT_DATA,Un solo evento observado y sin cohorte disponible - sin base estadística suficiente para estimar vida útil.,,,,,,,,,,,1,0,0,,,NO_DATA,,,INSUFFICIENT_DATA,NO_MANUFACTURER_DATA,6,Insuficiente,0 intervalo(s) válidos (+0) | match exacto/alias (REF_EXACT) (+12) | asociación single (+12) | sin cobertura calculable (+0) | sin intervalos suficientes (+0) | sin cohorte disponible (+0) | hay datos de uso/contrato/horario (+8) | Weibull no evaluado (n insuficiente) (+4) | estimación de tipo INSUFFICIENT_DATA (+0) | n=0 intervalos (<10) (-10) | n=0 intervalos (<3) (-20),,INSUFFICIENT_DATA,6,Insuficiente,0 intervalo(s) válidos (+0) | match exacto/alias (REF_EXACT) (+12) | asociación single (+12) | sin cobertura calculable (+0) | sin intervalos suficientes (+0) | sin cohorte disponible (+0) | hay datos de uso/contrato/horario (+8) | Weibull no evaluado (n insuficiente) (+4) | estimación de tipo INSUFFICIENT_DATA (+0) | n=0 intervalos (<10) (-10) | n=0 intervalos (<3) (-20),,,,,,NONE,1,Solo un evento observado para esta combinación - no se puede estimar vida útil todavía sin cohorte.
LINAC-153038,FUNDACION ARTURO LOPEZ PEREZ,R1510261,"DETECTOR,XRD,1640, AL5 IVIEW",2023-05-27T13:00:00.000Z,2023-05-27T13:00:00.000Z,1,0,,,NONE,INSUFFICIENT_DATA,Un solo evento observado y sin cohorte disponible - sin base estadística suficiente para estimar vida útil.,,,,,,,,,,,1,0,0,,,NO_DATA,,,INSUFFICIENT_DATA,NO_MANUFACTURER_DATA,6,Insuficiente,0 intervalo(s) válidos (+0) | match exacto/alias (REF_EXACT) (+12) | asociación single (+12) | sin cobertura calculable (+0) | sin intervalos suficientes (+0) | sin cohorte disponible (+0) | hay datos de uso/contrato/horario (+8) | Weibull no evaluado (n insuficiente) (+4) | estimación de tipo INSUFFICIENT_DATA (+0) | n=0 intervalos (<10) (-10) | n=0 intervalos (<3) (-20),,INSUFFICIENT_DATA,6,Insuficiente,0 intervalo(s) válidos (+0) | match exacto/alias (REF_EXACT) (+12) | asociación single (+12) | sin cobertura calculable (+0) | sin intervalos suficientes (+0) | sin cohorte disponible (+0) | hay datos de uso/contrato/horario (+8) | Weibull no evaluado (n insuficiente) (+4) | estimación de tipo INSUFFICIENT_DATA (+0) | n=0 intervalos (<10) (-10) | n=0 intervalos (<3) (-20),,,,,,NONE,1,Solo un evento observado para esta combinación - no se puede estimar vida útil todavía sin cohorte.
LINAC-153038,FUNDACION ARTURO LOPEZ PEREZ,1557545,"Camera, DX9",2023-05-27T13:00:00.000Z,2023-05-27T13:00:00.000Z,1,0,,158.78,EMPIRICAL_BAYES_SHRINKAGE,BORROWED_COHORT_ESTIMATE,"Un solo evento observado, sin intervalo propio - se usa 100% la estimación de la cohorte (same_client_same_part).",158.78,5.22,,158.78,,,,0,1,same_client_same_part,1,0,0,2.3,,NO_DATA,,2023-11-02T07:43:12.000Z,BORROWED_COHORT_ESTIMATE,NO_MANUFACTURER_DATA,11,Insuficiente,0 intervalo(s) válidos (+0) | match exacto/alias (REF_EXACT) (+12) | asociación single (+12) | sin cobertura calculable (+0) | sin intervalos suficientes (+0) | hay estimación de cohorte disponible (+12) | hay datos de uso/contrato/horario (+8) | Weibull no evaluado (n insuficiente) (+4) | estimación de tipo BORROWED_COHORT_ESTIMATE (+1) | n=0 intervalos (<10) (-10) | n=0 intervalos (<3) (-20) | estimación prestada de cohorte (-8),,BORROWED_COHORT_ESTIMATE,11,Insuficiente,0 intervalo(s) válidos (+0) | match exacto/alias (REF_EXACT) (+12) | asociación single (+12) | sin cobertura calculable (+0) | sin intervalos suficientes (+0) | hay estimación de cohorte disponible (+12) | hay datos de uso/contrato/horario (+8) | Weibull no evaluado (n insuficiente) (+4) | estimación de tipo BORROWED_COHORT_ESTIMATE (+1) | n=0 intervalos (<10) (-10) | n=0 intervalos (<3) (-20) | estimación prestada de cohorte (-8),,,,,,EMPIRICAL_BAYES_SHRINKAGE,1,Solo un evento observado para esta combinación - no se puede estimar vida útil todavía sin cohorte.
LINAC-153038,FUNDACION ARTURO LOPEZ PEREZ,1010260,BEAM SPLITTER MIRROR,2023-05-27T13:00:00.000Z,2023-05-27T13:00:00.000Z,1,0,,,NONE,INSUFFICIENT_DATA,Un solo evento observado y sin cohorte disponible - sin base estadística suficiente para estimar vida útil.,,,,,,,,,,,1,0,0,,,NO_DATA,,,INSUFFICIENT_DATA,NO_MANUFACTURER_DATA,6,Insuficiente,0 intervalo(s) válidos (+0) | match exacto/alias (REF_EXACT) (+12) | asociación single (+12) | sin cobertura calculable (+0) | sin intervalos suficientes (+0) | sin cohorte disponible (+0) | hay datos de uso/contrato/horario (+8) | Weibull no evaluado (n insuficiente) (+4) | estimación de tipo INSUFFICIENT_DATA (+0) | n=0 intervalos (<10) (-10) | n=0 intervalos (<3) (-20),,INSUFFICIENT_DATA,6,Insuficiente,0 intervalo(s) válidos (+0) | match exacto/alias (REF_EXACT) (+12) | asociación single (+12) | sin cobertura calculable (+0) | sin intervalos suficientes (+0) | sin cohorte disponible (+0) | hay datos de uso/contrato/horario (+8) | Weibull no evaluado (n insuficiente) (+4) | estimación de tipo INSUFFICIENT_DATA (+0) | n=0 intervalos (<10) (-10) | n=0 intervalos (<3) (-20),,,,,,NONE,1,Solo un evento observado para esta combinación - no se puede estimar vida útil todavía sin cohorte.
Linac-152171,CLINICA ALEMANA DE SANTIAGO,451362610003J,Belt - m/c 151270 onwards,2023-06-30T21:00:00.000Z,2023-06-30T21:00:00.000Z,1,0,,,NONE,INSUFFICIENT_DATA,Un solo evento observado y sin cohorte disponible - sin base estadística suficiente para estimar vida útil.,,,,,,,,,,,1,0,0,,,NO_DATA,,,INSUFFICIENT_DATA,NO_MANUFACTURER_DATA,6,Insuficiente,0 intervalo(s) válidos (+0) | match exacto/alias (REF_EXACT) (+12) | asociación single (+12) | sin cobertura calculable (+0) | sin intervalos suficientes (+0) | sin cohorte disponible (+0) | hay datos de uso/contrato/horario (+8) | Weibull no evaluado (n insuficiente) (+4) | estimación de tipo INSUFFICIENT_DATA (+0) | n=0 intervalos (<10) (-10) | n=0 intervalos (<3) (-20),,INSUFFICIENT_DATA,6,Insuficiente,0 intervalo(s) válidos (+0) | match exacto/alias (REF_EXACT) (+12) | asociación single (+12) | sin cobertura calculable (+0) | sin intervalos suficientes (+0) | sin cohorte disponible (+0) | hay datos de uso/contrato/horario (+8) | Weibull no evaluado (n insuficiente) (+4) | estimación de tipo INSUFFICIENT_DATA (+0) | n=0 intervalos (<10) (-10) | n=0 intervalos (<3) (-20),,,,,,NONE,0.25,Solo un evento observado para esta combinación - no se puede estimar vida útil todavía sin cohorte.
Linac-152171,CLINICA ALEMANA DE SANTIAGO,1551103,"MOD KIT, DISC SPRING GANTRY (fco)",2023-06-30T23:00:00.000Z,2023-06-30T23:00:00.000Z,1,0,,,NONE,INSUFFICIENT_DATA,Un solo evento observado y sin cohorte disponible - sin base estadística suficiente para estimar vida útil.,,,,,,,,,,,1,0,0,,,NO_DATA,,,INSUFFICIENT_DATA,NO_MANUFACTURER_DATA,0,Insuficiente,0 intervalo(s) válidos (+0) | match exacto/alias (REF_EXACT) (+12) | asociación multi (+5) | sin cobertura calculable (+0) | sin intervalos suficientes (+0) | sin cohorte disponible (+0) | hay datos de uso/contrato/horario (+8) | Weibull no evaluado (n insuficiente) (+4) | estimación de tipo INSUFFICIENT_DATA (+0) | n=0 intervalos (<10) (-10) | n=0 intervalos (<3) (-20) | asociación desde task con múltiples equipos (-8),,INSUFFICIENT_DATA,0,Insuficiente,0 intervalo(s) válidos (+0) | match exacto/alias (REF_EXACT) (+12) | asociación multi (+5) | sin cobertura calculable (+0) | sin intervalos suficientes (+0) | sin cohorte disponible (+0) | hay datos de uso/contrato/horario (+8) | Weibull no evaluado (n insuficiente) (+4) | estimación de tipo INSUFFICIENT_DATA (+0) | n=0 intervalos (<10) (-10) | n=0 intervalos (<3) (-20) | asociación desde task con múltiples equipos (-8),,,,,,NONE,1,Solo un evento observado para esta combinación - no se puede estimar vida útil todavía sin cohorte.
Linac-151673,CLINICA ALEMANA DE SANTIAGO,1551103,"MOD KIT, DISC SPRING GANTRY (fco)",2023-06-30T23:00:00.000Z,2023-06-30T23:00:00.000Z,1,0,,,NONE,INSUFFICIENT_DATA,Un solo evento observado y sin cohorte disponible - sin base estadística suficiente para estimar vida útil.,,,,,,,,,,,1,0,0,,,NO_DATA,,,INSUFFICIENT_DATA,NO_MANUFACTURER_DATA,0,Insuficiente,0 intervalo(s) válidos (+0) | match exacto/alias (REF_EXACT) (+12) | asociación multi (+5) | sin cobertura calculable (+0) | sin intervalos suficientes (+0) | sin cohorte disponible (+0) | hay datos de uso/contrato/horario (+8) | Weibull no evaluado (n insuficiente) (+4) | estimación de tipo INSUFFICIENT_DATA (+0) | n=0 intervalos (<10) (-10) | n=0 intervalos (<3) (-20) | asociación desde task con múltiples equipos (-8),,INSUFFICIENT_DATA,0,Insuficiente,0 intervalo(s) válidos (+0) | match exacto/alias (REF_EXACT) (+12) | asociación multi (+5) | sin cobertura calculable (+0) | sin intervalos suficientes (+0) | sin cohorte disponible (+0) | hay datos de uso/contrato/horario (+8) | Weibull no evaluado (n insuficiente) (+4) | estimación de tipo INSUFFICIENT_DATA (+0) | n=0 intervalos (<10) (-10) | n=0 intervalos (<3) (-20) | asociación desde task con múltiples equipos (-8),,,,,,NONE,1,Solo un evento observado para esta combinación - no se puede estimar vida útil todavía sin cohorte.
Linac-152171,CLINICA ALEMANA DE SANTIAGO,45133501070,HANDHELD CONTROLLER,2023-07-03T16:15:00.000Z,2023-07-03T16:15:00.000Z,1,0,,,NONE,INSUFFICIENT_DATA,Un solo evento observado y sin cohorte disponible - sin base estadística suficiente para estimar vida útil.,,,,,,,,,,,1,0,0,,,NO_DATA,,,INSUFFICIENT_DATA,NO_MANUFACTURER_DATA,6,Insuficiente,0 intervalo(s) válidos (+0) | match exacto/alias (REF_EXACT) (+12) | asociación single (+12) | sin cobertura calculable (+0) | sin intervalos suficientes (+0) | sin cohorte disponible (+0) | hay datos de uso/contrato/horario (+8) | Weibull no evaluado (n insuficiente) (+4) | estimación de tipo INSUFFICIENT_DATA (+0) | n=0 intervalos (<10) (-10) | n=0 intervalos (<3) (-20),,INSUFFICIENT_DATA,6,Insuficiente,0 intervalo(s) válidos (+0) | match exacto/alias (REF_EXACT) (+12) | asociación single (+12) | sin cobertura calculable (+0) | sin intervalos suficientes (+0) | sin cohorte disponible (+0) | hay datos de uso/contrato/horario (+8) | Weibull no evaluado (n insuficiente) (+4) | estimación de tipo INSUFFICIENT_DATA (+0) | n=0 intervalos (<10) (-10) | n=0 intervalos (<3) (-20),,,,,,NONE,0,Solo un evento observado para esta combinación - no se puede estimar vida útil todavía sin cohorte.
INC-INFINITY01,Instituto Nacional del Cáncer (INC),1507972,"PCB assy ODI,Voltage Regulator PCB Assy",2023-07-11T14:27:00.000Z,2023-07-11T14:27:00.000Z,1,0,,,NONE,INSUFFICIENT_DATA,Un solo evento observado y sin cohorte disponible - sin base estadística suficiente para estimar vida útil.,,,,,,,,,,,1,0,0,,,NO_DATA,,,INSUFFICIENT_DATA,NO_MANUFACTURER_DATA,6,Insuficiente,0 intervalo(s) válidos (+0) | match exacto/alias (REF_EXACT) (+12) | asociación single (+12) | sin cobertura calculable (+0) | sin intervalos suficientes (+0) | sin cohorte disponible (+0) | hay datos de uso/contrato/horario (+8) | Weibull no evaluado (n insuficiente) (+4) | estimación de tipo INSUFFICIENT_DATA (+0) | n=0 intervalos (<10) (-10) | n=0 intervalos (<3) (-20),,INSUFFICIENT_DATA,6,Insuficiente,0 intervalo(s) válidos (+0) | match exacto/alias (REF_EXACT) (+12) | asociación single (+12) | sin cobertura calculable (+0) | sin intervalos suficientes (+0) | sin cohorte disponible (+0) | hay datos de uso/contrato/horario (+8) | Weibull no evaluado (n insuficiente) (+4) | estimación de tipo INSUFFICIENT_DATA (+0) | n=0 intervalos (<10) (-10) | n=0 intervalos (<3) (-20),,,,,,NONE,0.2,Solo un evento observado para esta combinación - no se puede estimar vida útil todavía sin cohorte.
CLC-2,CLÍNICA LAS CONDES,1023530,ARM CONTROL BOARD (ACB) - IViEWGT,2023-06-28T14:16:00.000Z,2023-06-28T14:16:00.000Z,1,0,,,NONE,INSUFFICIENT_DATA,Un solo evento observado y sin cohorte disponible - sin base estadística suficiente para estimar vida útil.,,,,,,,,,,,1,0,0,,,NO_DATA,,,INSUFFICIENT_DATA,NO_MANUFACTURER_DATA,6,Insuficiente,0 intervalo(s) válidos (+0) | match exacto/alias (REF_EXACT) (+12) | asociación single (+12) | sin cobertura calculable (+0) | sin intervalos suficientes (+0) | sin cohorte disponible (+0) | hay datos de uso/contrato/horario (+8) | Weibull no evaluado (n insuficiente) (+4) | estimación de tipo INSUFFICIENT_DATA (+0) | n=0 intervalos (<10) (-10) | n=0 intervalos (<3) (-20),,INSUFFICIENT_DATA,6,Insuficiente,0 intervalo(s) válidos (+0) | match exacto/alias (REF_EXACT) (+12) | asociación single (+12) | sin cobertura calculable (+0) | sin intervalos suficientes (+0) | sin cohorte disponible (+0) | hay datos de uso/contrato/horario (+8) | Weibull no evaluado (n insuficiente) (+4) | estimación de tipo INSUFFICIENT_DATA (+0) | n=0 intervalos (<10) (-10) | n=0 intervalos (<3) (-20),,,,,,NONE,0,Solo un evento observado para esta combinación - no se puede estimar vida útil todavía sin cohorte.
LINAC-153038,FUNDACION ARTURO LOPEZ PEREZ,1500998,Projector Assy Quad LED,2023-07-15T16:39:00.000Z,2023-07-15T16:39:00.000Z,1,0,,549.76,EMPIRICAL_BAYES_SHRINKAGE,BORROWED_COHORT_ESTIMATE,"Un solo evento observado, sin intervalo propio - se usa 100% la estimación de la cohorte (same_client_same_part).",549.76,18.06,,549.76,,,,0,1,same_client_same_part,1,0,0,0.66,,NO_DATA,,2025-01-15T10:53:24.000Z,BORROWED_COHORT_ESTIMATE,NO_MANUFACTURER_DATA,11,Insuficiente,0 intervalo(s) válidos (+0) | match exacto/alias (REF_EXACT) (+12) | asociación single (+12) | sin cobertura calculable (+0) | sin intervalos suficientes (+0) | hay estimación de cohorte disponible (+12) | hay datos de uso/contrato/horario (+8) | Weibull no evaluado (n insuficiente) (+4) | estimación de tipo BORROWED_COHORT_ESTIMATE (+1) | n=0 intervalos (<10) (-10) | n=0 intervalos (<3) (-20) | estimación prestada de cohorte (-8),,BORROWED_COHORT_ESTIMATE,11,Insuficiente,0 intervalo(s) válidos (+0) | match exacto/alias (REF_EXACT) (+12) | asociación single (+12) | sin cobertura calculable (+0) | sin intervalos suficientes (+0) | hay estimación de cohorte disponible (+12) | hay datos de uso/contrato/horario (+8) | Weibull no evaluado (n insuficiente) (+4) | estimación de tipo BORROWED_COHORT_ESTIMATE (+1) | n=0 intervalos (<10) (-10) | n=0 intervalos (<3) (-20) | estimación prestada de cohorte (-8),,,,,,EMPIRICAL_BAYES_SHRINKAGE,1,Solo un evento observado para esta combinación - no se puede estimar vida útil todavía sin cohorte.
LINAC-153038,FUNDACION ARTURO LOPEZ PEREZ,1551103,"MOD KIT, DISC SPRING GANTRY (fco)",2023-07-15T13:00:00.000Z,2023-07-15T13:00:00.000Z,1,0,,,NONE,INSUFFICIENT_DATA,Un solo evento observado y sin cohorte disponible - sin base estadística suficiente para estimar vida útil.,,,,,,,,,,,1,0,0,,,NO_DATA,,,INSUFFICIENT_DATA,NO_MANUFACTURER_DATA,6,Insuficiente,0 intervalo(s) válidos (+0) | match exacto/alias (REF_EXACT) (+12) | asociación single (+12) | sin cobertura calculable (+0) | sin intervalos suficientes (+0) | sin cohorte disponible (+0) | hay datos de uso/contrato/horario (+8) | Weibull no evaluado (n insuficiente) (+4) | estimación de tipo INSUFFICIENT_DATA (+0) | n=0 intervalos (<10) (-10) | n=0 intervalos (<3) (-20),,INSUFFICIENT_DATA,6,Insuficiente,0 intervalo(s) válidos (+0) | match exacto/alias (REF_EXACT) (+12) | asociación single (+12) | sin cobertura calculable (+0) | sin intervalos suficientes (+0) | sin cohorte disponible (+0) | hay datos de uso/contrato/horario (+8) | Weibull no evaluado (n insuficiente) (+4) | estimación de tipo INSUFFICIENT_DATA (+0) | n=0 intervalos (<10) (-10) | n=0 intervalos (<3) (-20),,,,,,NONE,1,Solo un evento observado para esta combinación - no se puede estimar vida útil todavía sin cohorte.
CLC-2,CLÍNICA LAS CONDES,1512130,PCB ASSY RELAY OUT - ROC,2023-07-21T14:30:00.000Z,2023-07-21T14:30:00.000Z,1,0,,,NONE,INSUFFICIENT_DATA,Un solo evento observado y sin cohorte disponible - sin base estadística suficiente para estimar vida útil.,,,,,,,,,,,1,0,0,,,NO_DATA,,,INSUFFICIENT_DATA,NO_MANUFACTURER_DATA,6,Insuficiente,0 intervalo(s) válidos (+0) | match exacto/alias (REF_EXACT) (+12) | asociación single (+12) | sin cobertura calculable (+0) | sin intervalos suficientes (+0) | sin cohorte disponible (+0) | hay datos de uso/contrato/horario (+8) | Weibull no evaluado (n insuficiente) (+4) | estimación de tipo INSUFFICIENT_DATA (+0) | n=0 intervalos (<10) (-10) | n=0 intervalos (<3) (-20),,INSUFFICIENT_DATA,6,Insuficiente,0 intervalo(s) válidos (+0) | match exacto/alias (REF_EXACT) (+12) | asociación single (+12) | sin cobertura calculable (+0) | sin intervalos suficientes (+0) | sin cohorte disponible (+0) | hay datos de uso/contrato/horario (+8) | Weibull no evaluado (n insuficiente) (+4) | estimación de tipo INSUFFICIENT_DATA (+0) | n=0 intervalos (<10) (-10) | n=0 intervalos (<3) (-20),,,,,,NONE,0,Solo un evento observado para esta combinación - no se puede estimar vida útil todavía sin cohorte.
CLC-2,CLÍNICA LAS CONDES,1008517,MTU PCB 1553 - XVI only,2023-07-21T14:30:00.000Z,2023-07-21T14:30:00.000Z,1,0,,,NONE,INSUFFICIENT_DATA,Un solo evento observado y sin cohorte disponible - sin base estadística suficiente para estimar vida útil.,,,,,,,,,,,1,0,0,,,NO_DATA,,,INSUFFICIENT_DATA,NO_MANUFACTURER_DATA,6,Insuficiente,0 intervalo(s) válidos (+0) | match exacto/alias (REF_EXACT) (+12) | asociación single (+12) | sin cobertura calculable (+0) | sin intervalos suficientes (+0) | sin cohorte disponible (+0) | hay datos de uso/contrato/horario (+8) | Weibull no evaluado (n insuficiente) (+4) | estimación de tipo INSUFFICIENT_DATA (+0) | n=0 intervalos (<10) (-10) | n=0 intervalos (<3) (-20),,INSUFFICIENT_DATA,6,Insuficiente,0 intervalo(s) válidos (+0) | match exacto/alias (REF_EXACT) (+12) | asociación single (+12) | sin cobertura calculable (+0) | sin intervalos suficientes (+0) | sin cohorte disponible (+0) | hay datos de uso/contrato/horario (+8) | Weibull no evaluado (n insuficiente) (+4) | estimación de tipo INSUFFICIENT_DATA (+0) | n=0 intervalos (<10) (-10) | n=0 intervalos (<3) (-20),,,,,,NONE,0,Solo un evento observado para esta combinación - no se puede estimar vida útil todavía sin cohorte.
Linac-153935,UC CHRISTUS - CECA,45133411846,"CABLE ASSY, PL5 TO SK5A",2023-07-22T13:00:00.000Z,2023-07-22T13:00:00.000Z,1,0,,222.83,EMPIRICAL_BAYES_SHRINKAGE,BORROWED_COHORT_ESTIMATE,"Un solo evento observado, sin intervalo propio - se usa 100% la estimación de la cohorte (same_client_same_part).",222.83,7.32,,222.83,,,,0,1,same_client_same_part,1,0,0,1.64,,NO_DATA,,2024-03-01T08:55:12.000Z,BORROWED_COHORT_ESTIMATE,NO_MANUFACTURER_DATA,7,Insuficiente,0 intervalo(s) válidos (+0) | match por método débil (REF_LIKE) (+8) | asociación single (+12) | sin cobertura calculable (+0) | sin intervalos suficientes (+0) | hay estimación de cohorte disponible (+12) | hay datos de uso/contrato/horario (+8) | Weibull no evaluado (n insuficiente) (+4) | estimación de tipo BORROWED_COHORT_ESTIMATE (+1) | n=0 intervalos (<10) (-10) | n=0 intervalos (<3) (-20) | estimación prestada de cohorte (-8),,BORROWED_COHORT_ESTIMATE,7,Insuficiente,0 intervalo(s) válidos (+0) | match por método débil (REF_LIKE) (+8) | asociación single (+12) | sin cobertura calculable (+0) | sin intervalos suficientes (+0) | hay estimación de cohorte disponible (+12) | hay datos de uso/contrato/horario (+8) | Weibull no evaluado (n insuficiente) (+4) | estimación de tipo BORROWED_COHORT_ESTIMATE (+1) | n=0 intervalos (<10) (-10) | n=0 intervalos (<3) (-20) | estimación prestada de cohorte (-8),,,,,,EMPIRICAL_BAYES_SHRINKAGE,1,Solo un evento observado para esta combinación - no se puede estimar vida útil todavía sin cohorte.
CLC-1,CLÍNICA LAS CONDES,1504218,Medical Ethernet Isolator,2023-07-31T18:00:00.000Z,2023-07-31T18:00:00.000Z,1,0,,,NONE,INSUFFICIENT_DATA,Un solo evento observado y sin cohorte disponible - sin base estadística suficiente para estimar vida útil.,,,,,,,,,,,1,0,0,,,NO_DATA,,,INSUFFICIENT_DATA,NO_MANUFACTURER_DATA,6,Insuficiente,0 intervalo(s) válidos (+0) | match exacto/alias (REF_EXACT) (+12) | asociación single (+12) | sin cobertura calculable (+0) | sin intervalos suficientes (+0) | sin cohorte disponible (+0) | hay datos de uso/contrato/horario (+8) | Weibull no evaluado (n insuficiente) (+4) | estimación de tipo INSUFFICIENT_DATA (+0) | n=0 intervalos (<10) (-10) | n=0 intervalos (<3) (-20),,INSUFFICIENT_DATA,6,Insuficiente,0 intervalo(s) válidos (+0) | match exacto/alias (REF_EXACT) (+12) | asociación single (+12) | sin cobertura calculable (+0) | sin intervalos suficientes (+0) | sin cohorte disponible (+0) | hay datos de uso/contrato/horario (+8) | Weibull no evaluado (n insuficiente) (+4) | estimación de tipo INSUFFICIENT_DATA (+0) | n=0 intervalos (<10) (-10) | n=0 intervalos (<3) (-20),,,,,,NONE,0,Solo un evento observado para esta combinación - no se puede estimar vida útil todavía sin cohorte.
LINAC-153038,FUNDACION ARTURO LOPEZ PEREZ,1531145,"Assy, Fan 70x70x15mm",2023-08-01T16:10:00.000Z,2023-08-01T16:10:00.000Z,1,0,,,NONE,INSUFFICIENT_DATA,Un solo evento observado y sin cohorte disponible - sin base estadística suficiente para estimar vida útil.,,,,,,,,,,,1,0,0,,,NO_DATA,,,INSUFFICIENT_DATA,NO_MANUFACTURER_DATA,6,Insuficiente,0 intervalo(s) válidos (+0) | match exacto/alias (REF_EXACT) (+12) | asociación single (+12) | sin cobertura calculable (+0) | sin intervalos suficientes (+0) | sin cohorte disponible (+0) | hay datos de uso/contrato/horario (+8) | Weibull no evaluado (n insuficiente) (+4) | estimación de tipo INSUFFICIENT_DATA (+0) | n=0 intervalos (<10) (-10) | n=0 intervalos (<3) (-20),,INSUFFICIENT_DATA,6,Insuficiente,0 intervalo(s) válidos (+0) | match exacto/alias (REF_EXACT) (+12) | asociación single (+12) | sin cobertura calculable (+0) | sin intervalos suficientes (+0) | sin cohorte disponible (+0) | hay datos de uso/contrato/horario (+8) | Weibull no evaluado (n insuficiente) (+4) | estimación de tipo INSUFFICIENT_DATA (+0) | n=0 intervalos (<10) (-10) | n=0 intervalos (<3) (-20),,,,,,NONE,0,Solo un evento observado para esta combinación - no se puede estimar vida útil todavía sin cohorte.
Linac-154325,HOSPITAL CARLOS VAN BUREN (SSVSA),1535807,FCO Mod-kit “Transformer T2 and NTC”,2023-08-05T01:39:00.000Z,2023-08-05T01:39:00.000Z,1,0,,,NONE,INSUFFICIENT_DATA,Un solo evento observado y sin cohorte disponible - sin base estadística suficiente para estimar vida útil.,,,,,,,,,,,1,0,0,,,NO_DATA,,,INSUFFICIENT_DATA,NO_MANUFACTURER_DATA,6,Insuficiente,0 intervalo(s) válidos (+0) | match exacto/alias (REF_EXACT) (+12) | asociación single (+12) | sin cobertura calculable (+0) | sin intervalos suficientes (+0) | sin cohorte disponible (+0) | hay datos de uso/contrato/horario (+8) | Weibull no evaluado (n insuficiente) (+4) | estimación de tipo INSUFFICIENT_DATA (+0) | n=0 intervalos (<10) (-10) | n=0 intervalos (<3) (-20),,INSUFFICIENT_DATA,6,Insuficiente,0 intervalo(s) válidos (+0) | match exacto/alias (REF_EXACT) (+12) | asociación single (+12) | sin cobertura calculable (+0) | sin intervalos suficientes (+0) | sin cohorte disponible (+0) | hay datos de uso/contrato/horario (+8) | Weibull no evaluado (n insuficiente) (+4) | estimación de tipo INSUFFICIENT_DATA (+0) | n=0 intervalos (<10) (-10) | n=0 intervalos (<3) (-20),,,,,,NONE,0.4,Solo un evento observado para esta combinación - no se puede estimar vida útil todavía sin cohorte.
INC-INFINITY01,Instituto Nacional del Cáncer (INC),1019597,FRAME GRABBER,2023-08-09T18:16:00.000Z,2023-08-09T18:16:00.000Z,1,0,,,NONE,INSUFFICIENT_DATA,Un solo evento observado y sin cohorte disponible - sin base estadística suficiente para estimar vida útil.,,,,,,,,,,,1,0,0,,,NO_DATA,,,INSUFFICIENT_DATA,NO_MANUFACTURER_DATA,6,Insuficiente,0 intervalo(s) válidos (+0) | match exacto/alias (REF_EXACT) (+12) | asociación single (+12) | sin cobertura calculable (+0) | sin intervalos suficientes (+0) | sin cohorte disponible (+0) | hay datos de uso/contrato/horario (+8) | Weibull no evaluado (n insuficiente) (+4) | estimación de tipo INSUFFICIENT_DATA (+0) | n=0 intervalos (<10) (-10) | n=0 intervalos (<3) (-20),,INSUFFICIENT_DATA,6,Insuficiente,0 intervalo(s) válidos (+0) | match exacto/alias (REF_EXACT) (+12) | asociación single (+12) | sin cobertura calculable (+0) | sin intervalos suficientes (+0) | sin cohorte disponible (+0) | hay datos de uso/contrato/horario (+8) | Weibull no evaluado (n insuficiente) (+4) | estimación de tipo INSUFFICIENT_DATA (+0) | n=0 intervalos (<10) (-10) | n=0 intervalos (<3) (-20),,,,,,NONE,1,Solo un evento observado para esta combinación - no se puede estimar vida útil todavía sin cohorte.
INC-INFINITY01,Instituto Nacional del Cáncer (INC),1015075,"Cable, retractile, MLC (SK25AA–SK26A)",2023-08-09T18:16:00.000Z,2023-08-09T18:16:00.000Z,1,0,,326.76,EMPIRICAL_BAYES_SHRINKAGE,BORROWED_COHORT_ESTIMATE,"Un solo evento observado, sin intervalo propio - se usa 100% la estimación de la cohorte (same_client_same_part).",326.76,10.73,,326.76,,,,0,1,same_client_same_part,1,0,0,1.12,,NO_DATA,,2024-07-01T12:30:24.000Z,BORROWED_COHORT_ESTIMATE,NO_MANUFACTURER_DATA,11,Insuficiente,0 intervalo(s) válidos (+0) | match exacto/alias (REF_EXACT) (+12) | asociación single (+12) | sin cobertura calculable (+0) | sin intervalos suficientes (+0) | hay estimación de cohorte disponible (+12) | hay datos de uso/contrato/horario (+8) | Weibull no evaluado (n insuficiente) (+4) | estimación de tipo BORROWED_COHORT_ESTIMATE (+1) | n=0 intervalos (<10) (-10) | n=0 intervalos (<3) (-20) | estimación prestada de cohorte (-8),,BORROWED_COHORT_ESTIMATE,11,Insuficiente,0 intervalo(s) válidos (+0) | match exacto/alias (REF_EXACT) (+12) | asociación single (+12) | sin cobertura calculable (+0) | sin intervalos suficientes (+0) | hay estimación de cohorte disponible (+12) | hay datos de uso/contrato/horario (+8) | Weibull no evaluado (n insuficiente) (+4) | estimación de tipo BORROWED_COHORT_ESTIMATE (+1) | n=0 intervalos (<10) (-10) | n=0 intervalos (<3) (-20) | estimación prestada de cohorte (-8),,,,,,EMPIRICAL_BAYES_SHRINKAGE,1,Solo un evento observado para esta combinación - no se puede estimar vida útil todavía sin cohorte.
INC-INFINITY01,Instituto Nacional del Cáncer (INC),1523707,PCI LIB PCB - CCP,2023-08-09T18:16:00.000Z,2023-08-09T18:16:00.000Z,1,0,,,NONE,INSUFFICIENT_DATA,Un solo evento observado y sin cohorte disponible - sin base estadística suficiente para estimar vida útil.,,,,,,,,,,,1,0,0,,,NO_DATA,,,INSUFFICIENT_DATA,NO_MANUFACTURER_DATA,6,Insuficiente,0 intervalo(s) válidos (+0) | match exacto/alias (REF_EXACT) (+12) | asociación single (+12) | sin cobertura calculable (+0) | sin intervalos suficientes (+0) | sin cohorte disponible (+0) | hay datos de uso/contrato/horario (+8) | Weibull no evaluado (n insuficiente) (+4) | estimación de tipo INSUFFICIENT_DATA (+0) | n=0 intervalos (<10) (-10) | n=0 intervalos (<3) (-20),,INSUFFICIENT_DATA,6,Insuficiente,0 intervalo(s) válidos (+0) | match exacto/alias (REF_EXACT) (+12) | asociación single (+12) | sin cobertura calculable (+0) | sin intervalos suficientes (+0) | sin cohorte disponible (+0) | hay datos de uso/contrato/horario (+8) | Weibull no evaluado (n insuficiente) (+4) | estimación de tipo INSUFFICIENT_DATA (+0) | n=0 intervalos (<10) (-10) | n=0 intervalos (<3) (-20),,,,,,NONE,1,Solo un evento observado para esta combinación - no se puede estimar vida útil todavía sin cohorte.
INC-INFINITY01,Instituto Nacional del Cáncer (INC),1015076,"Cable, retractile, MLC (SK25BB–SK26B)",2023-08-09T18:16:00.000Z,2023-08-09T18:16:00.000Z,1,0,,348.39,EMPIRICAL_BAYES_SHRINKAGE,BORROWED_COHORT_ESTIMATE,"Un solo evento observado, sin intervalo propio - se usa 100% la estimación de la cohorte (same_client_same_part).",348.39,11.45,,348.39,,,,0,1,same_client_same_part,1,0,0,1.05,,NO_DATA,,2024-07-23T03:37:36.000Z,BORROWED_COHORT_ESTIMATE,NO_MANUFACTURER_DATA,11,Insuficiente,0 intervalo(s) válidos (+0) | match exacto/alias (REF_EXACT) (+12) | asociación single (+12) | sin cobertura calculable (+0) | sin intervalos suficientes (+0) | hay estimación de cohorte disponible (+12) | hay datos de uso/contrato/horario (+8) | Weibull no evaluado (n insuficiente) (+4) | estimación de tipo BORROWED_COHORT_ESTIMATE (+1) | n=0 intervalos (<10) (-10) | n=0 intervalos (<3) (-20) | estimación prestada de cohorte (-8),,BORROWED_COHORT_ESTIMATE,11,Insuficiente,0 intervalo(s) válidos (+0) | match exacto/alias (REF_EXACT) (+12) | asociación single (+12) | sin cobertura calculable (+0) | sin intervalos suficientes (+0) | hay estimación de cohorte disponible (+12) | hay datos de uso/contrato/horario (+8) | Weibull no evaluado (n insuficiente) (+4) | estimación de tipo BORROWED_COHORT_ESTIMATE (+1) | n=0 intervalos (<10) (-10) | n=0 intervalos (<3) (-20) | estimación prestada de cohorte (-8),,,,,,EMPIRICAL_BAYES_SHRINKAGE,1,Solo un evento observado para esta combinación - no se puede estimar vida útil todavía sin cohorte.
Linac-109256,UC CHRISTUS - SCA,4513316442301M,FILTER ELEMENT 5 MICRON,2023-08-04T13:00:00.000Z,2023-08-04T13:00:00.000Z,1,0,,367.81,EMPIRICAL_BAYES_SHRINKAGE,BORROWED_COHORT_ESTIMATE,"Un solo evento observado, sin intervalo propio - se usa 100% la estimación de la cohorte (same_client_same_part).",367.81,12.08,,367.81,,,,0,1,same_client_same_part,1,0,0,0.99,,NO_DATA,,2024-08-06T08:26:24.000Z,BORROWED_COHORT_ESTIMATE,NO_MANUFACTURER_DATA,11,Insuficiente,0 intervalo(s) válidos (+0) | match exacto/alias (REF_EXACT) (+12) | asociación single (+12) | sin cobertura calculable (+0) | sin intervalos suficientes (+0) | hay estimación de cohorte disponible (+12) | hay datos de uso/contrato/horario (+8) | Weibull no evaluado (n insuficiente) (+4) | estimación de tipo BORROWED_COHORT_ESTIMATE (+1) | n=0 intervalos (<10) (-10) | n=0 intervalos (<3) (-20) | estimación prestada de cohorte (-8),,BORROWED_COHORT_ESTIMATE,11,Insuficiente,0 intervalo(s) válidos (+0) | match exacto/alias (REF_EXACT) (+12) | asociación single (+12) | sin cobertura calculable (+0) | sin intervalos suficientes (+0) | hay estimación de cohorte disponible (+12) | hay datos de uso/contrato/horario (+8) | Weibull no evaluado (n insuficiente) (+4) | estimación de tipo BORROWED_COHORT_ESTIMATE (+1) | n=0 intervalos (<10) (-10) | n=0 intervalos (<3) (-20) | estimación prestada de cohorte (-8),,,,,,EMPIRICAL_BAYES_SHRINKAGE,0,Solo un evento observado para esta combinación - no se puede estimar vida útil todavía sin cohorte.
Linac-154325,HOSPITAL CARLOS VAN BUREN (SSVSA),1027687,Detector imaging panel (AP),2023-08-21T14:07:00.000Z,2023-08-21T14:07:00.000Z,1,0,,,NONE,INSUFFICIENT_DATA,Un solo evento observado y sin cohorte disponible - sin base estadística suficiente para estimar vida útil.,,,,,,,,,,,1,0,0,,,NO_DATA,,,INSUFFICIENT_DATA,NO_MANUFACTURER_DATA,6,Insuficiente,0 intervalo(s) válidos (+0) | match exacto/alias (REF_EXACT) (+12) | asociación single (+12) | sin cobertura calculable (+0) | sin intervalos suficientes (+0) | sin cohorte disponible (+0) | hay datos de uso/contrato/horario (+8) | Weibull no evaluado (n insuficiente) (+4) | estimación de tipo INSUFFICIENT_DATA (+0) | n=0 intervalos (<10) (-10) | n=0 intervalos (<3) (-20),,INSUFFICIENT_DATA,6,Insuficiente,0 intervalo(s) válidos (+0) | match exacto/alias (REF_EXACT) (+12) | asociación single (+12) | sin cobertura calculable (+0) | sin intervalos suficientes (+0) | sin cohorte disponible (+0) | hay datos de uso/contrato/horario (+8) | Weibull no evaluado (n insuficiente) (+4) | estimación de tipo INSUFFICIENT_DATA (+0) | n=0 intervalos (<10) (-10) | n=0 intervalos (<3) (-20),,,,,,NONE,0,Solo un evento observado para esta combinación - no se puede estimar vida útil todavía sin cohorte.
Linac-153935,UC CHRISTUS - CECA,1509604,"KIT, SPARES, HORIZ ADJUSTER",2023-08-25T13:00:00.000Z,2023-08-25T13:00:00.000Z,1,0,,,NONE,INSUFFICIENT_DATA,Un solo evento observado y sin cohorte disponible - sin base estadística suficiente para estimar vida útil.,,,,,,,,,,,1,0,0,,,NO_DATA,,,INSUFFICIENT_DATA,NO_MANUFACTURER_DATA,6,Insuficiente,0 intervalo(s) válidos (+0) | match exacto/alias (REF_EXACT) (+12) | asociación single (+12) | sin cobertura calculable (+0) | sin intervalos suficientes (+0) | sin cohorte disponible (+0) | hay datos de uso/contrato/horario (+8) | Weibull no evaluado (n insuficiente) (+4) | estimación de tipo INSUFFICIENT_DATA (+0) | n=0 intervalos (<10) (-10) | n=0 intervalos (<3) (-20),,INSUFFICIENT_DATA,6,Insuficiente,0 intervalo(s) válidos (+0) | match exacto/alias (REF_EXACT) (+12) | asociación single (+12) | sin cobertura calculable (+0) | sin intervalos suficientes (+0) | sin cohorte disponible (+0) | hay datos de uso/contrato/horario (+8) | Weibull no evaluado (n insuficiente) (+4) | estimación de tipo INSUFFICIENT_DATA (+0) | n=0 intervalos (<10) (-10) | n=0 intervalos (<3) (-20),,,,,,NONE,0,Solo un evento observado para esta combinación - no se puede estimar vida útil todavía sin cohorte.
Linac-153935,UC CHRISTUS - CECA,1507972,"PCB assy ODI,Voltage Regulator PCB Assy",2023-08-25T13:00:00.000Z,2023-08-25T13:00:00.000Z,1,0,,,NONE,INSUFFICIENT_DATA,Un solo evento observado y sin cohorte disponible - sin base estadística suficiente para estimar vida útil.,,,,,,,,,,,1,0,0,,,NO_DATA,,,INSUFFICIENT_DATA,NO_MANUFACTURER_DATA,6,Insuficiente,0 intervalo(s) válidos (+0) | match exacto/alias (REF_EXACT) (+12) | asociación single (+12) | sin cobertura calculable (+0) | sin intervalos suficientes (+0) | sin cohorte disponible (+0) | hay datos de uso/contrato/horario (+8) | Weibull no evaluado (n insuficiente) (+4) | estimación de tipo INSUFFICIENT_DATA (+0) | n=0 intervalos (<10) (-10) | n=0 intervalos (<3) (-20),,INSUFFICIENT_DATA,6,Insuficiente,0 intervalo(s) válidos (+0) | match exacto/alias (REF_EXACT) (+12) | asociación single (+12) | sin cobertura calculable (+0) | sin intervalos suficientes (+0) | sin cohorte disponible (+0) | hay datos de uso/contrato/horario (+8) | Weibull no evaluado (n insuficiente) (+4) | estimación de tipo INSUFFICIENT_DATA (+0) | n=0 intervalos (<10) (-10) | n=0 intervalos (<3) (-20),,,,,,NONE,0,Solo un evento observado para esta combinación - no se puede estimar vida útil todavía sin cohorte.
Linac-153935,UC CHRISTUS - CECA,45133502026_usado,X-ray tube (MR),2023-08-24T19:00:00.000Z,2023-08-24T19:00:00.000Z,1,0,,326.11,EMPIRICAL_BAYES_SHRINKAGE,BORROWED_COHORT_ESTIMATE,"Un solo evento observado, sin intervalo propio - se usa 100% la estimación de la cohorte (same_client_same_part).",326.11,10.71,,326.11,,,,0,1,same_client_same_part,1,0,0,1.12,,NO_DATA,,2024-07-15T21:38:24.000Z,BORROWED_COHORT_ESTIMATE,NO_MANUFACTURER_DATA,7,Insuficiente,0 intervalo(s) válidos (+0) | match por método débil (REF_LIKE) (+8) | asociación single (+12) | sin cobertura calculable (+0) | sin intervalos suficientes (+0) | hay estimación de cohorte disponible (+12) | hay datos de uso/contrato/horario (+8) | Weibull no evaluado (n insuficiente) (+4) | estimación de tipo BORROWED_COHORT_ESTIMATE (+1) | n=0 intervalos (<10) (-10) | n=0 intervalos (<3) (-20) | estimación prestada de cohorte (-8),,BORROWED_COHORT_ESTIMATE,7,Insuficiente,0 intervalo(s) válidos (+0) | match por método débil (REF_LIKE) (+8) | asociación single (+12) | sin cobertura calculable (+0) | sin intervalos suficientes (+0) | hay estimación de cohorte disponible (+12) | hay datos de uso/contrato/horario (+8) | Weibull no evaluado (n insuficiente) (+4) | estimación de tipo BORROWED_COHORT_ESTIMATE (+1) | n=0 intervalos (<10) (-10) | n=0 intervalos (<3) (-20) | estimación prestada de cohorte (-8),,,,,,EMPIRICAL_BAYES_SHRINKAGE,0,Solo un evento observado para esta combinación - no se puede estimar vida útil todavía sin cohorte.
Linac-153935,UC CHRISTUS - CECA,45133165177,THYRATRON e2v CX1154L,2023-08-30T17:30:00.000Z,2023-08-30T17:30:00.000Z,1,0,,249.18,EMPIRICAL_BAYES_SHRINKAGE,BORROWED_COHORT_ESTIMATE,"Un solo evento observado, sin intervalo propio - se usa 100% la estimación de la cohorte (same_client_same_part).",249.18,8.19,,249.18,,,,0,1,same_client_same_part,1,0,0,1.47,,NO_DATA,,2024-05-05T21:49:12.000Z,BORROWED_COHORT_ESTIMATE,NO_MANUFACTURER_DATA,11,Insuficiente,0 intervalo(s) válidos (+0) | match exacto/alias (REF_EXACT) (+12) | asociación single (+12) | sin cobertura calculable (+0) | sin intervalos suficientes (+0) | hay estimación de cohorte disponible (+12) | hay datos de uso/contrato/horario (+8) | Weibull no evaluado (n insuficiente) (+4) | estimación de tipo BORROWED_COHORT_ESTIMATE (+1) | n=0 intervalos (<10) (-10) | n=0 intervalos (<3) (-20) | estimación prestada de cohorte (-8),,BORROWED_COHORT_ESTIMATE,11,Insuficiente,0 intervalo(s) válidos (+0) | match exacto/alias (REF_EXACT) (+12) | asociación single (+12) | sin cobertura calculable (+0) | sin intervalos suficientes (+0) | hay estimación de cohorte disponible (+12) | hay datos de uso/contrato/horario (+8) | Weibull no evaluado (n insuficiente) (+4) | estimación de tipo BORROWED_COHORT_ESTIMATE (+1) | n=0 intervalos (<10) (-10) | n=0 intervalos (<3) (-20) | estimación prestada de cohorte (-8),,,,,,EMPIRICAL_BAYES_SHRINKAGE,0,Solo un evento observado para esta combinación - no se puede estimar vida útil todavía sin cohorte.
Linac-154325,HOSPITAL CARLOS VAN BUREN (SSVSA),1024183,"Water pump, Flowjet 436990",2023-09-08T19:30:00.000Z,2023-09-08T19:30:00.000Z,1,0,,,NONE,INSUFFICIENT_DATA,Un solo evento observado y sin cohorte disponible - sin base estadística suficiente para estimar vida útil.,,,,,,,,,,,1,0,0,,,NO_DATA,,,INSUFFICIENT_DATA,NO_MANUFACTURER_DATA,6,Insuficiente,0 intervalo(s) válidos (+0) | match exacto/alias (REF_EXACT) (+12) | asociación single (+12) | sin cobertura calculable (+0) | sin intervalos suficientes (+0) | sin cohorte disponible (+0) | hay datos de uso/contrato/horario (+8) | Weibull no evaluado (n insuficiente) (+4) | estimación de tipo INSUFFICIENT_DATA (+0) | n=0 intervalos (<10) (-10) | n=0 intervalos (<3) (-20),,INSUFFICIENT_DATA,6,Insuficiente,0 intervalo(s) válidos (+0) | match exacto/alias (REF_EXACT) (+12) | asociación single (+12) | sin cobertura calculable (+0) | sin intervalos suficientes (+0) | sin cohorte disponible (+0) | hay datos de uso/contrato/horario (+8) | Weibull no evaluado (n insuficiente) (+4) | estimación de tipo INSUFFICIENT_DATA (+0) | n=0 intervalos (<10) (-10) | n=0 intervalos (<3) (-20),,,,,,NONE,0,Solo un evento observado para esta combinación - no se puede estimar vida útil todavía sin cohorte.
Linac-152171,CLINICA ALEMANA DE SANTIAGO,1016518,Detector Panel PSU (XRD- EPS),2023-09-13T19:14:00.000Z,2023-09-13T19:14:00.000Z,1,0,,359.13,EMPIRICAL_BAYES_SHRINKAGE,BORROWED_COHORT_ESTIMATE,"Un solo evento observado, sin intervalo propio - se usa 100% la estimación de la cohorte (same_client_same_part).",359.13,11.8,,359.13,,,,0,1,same_client_same_part,1,0,0,1.02,,NO_DATA,,2024-09-06T22:21:12.000Z,BORROWED_COHORT_ESTIMATE,NO_MANUFACTURER_DATA,11,Insuficiente,0 intervalo(s) válidos (+0) | match exacto/alias (REF_EXACT) (+12) | asociación single (+12) | sin cobertura calculable (+0) | sin intervalos suficientes (+0) | hay estimación de cohorte disponible (+12) | hay datos de uso/contrato/horario (+8) | Weibull no evaluado (n insuficiente) (+4) | estimación de tipo BORROWED_COHORT_ESTIMATE (+1) | n=0 intervalos (<10) (-10) | n=0 intervalos (<3) (-20) | estimación prestada de cohorte (-8),,BORROWED_COHORT_ESTIMATE,11,Insuficiente,0 intervalo(s) válidos (+0) | match exacto/alias (REF_EXACT) (+12) | asociación single (+12) | sin cobertura calculable (+0) | sin intervalos suficientes (+0) | hay estimación de cohorte disponible (+12) | hay datos de uso/contrato/horario (+8) | Weibull no evaluado (n insuficiente) (+4) | estimación de tipo BORROWED_COHORT_ESTIMATE (+1) | n=0 intervalos (<10) (-10) | n=0 intervalos (<3) (-20) | estimación prestada de cohorte (-8),,,,,,EMPIRICAL_BAYES_SHRINKAGE,0,Solo un evento observado para esta combinación - no se puede estimar vida útil todavía sin cohorte.
INC-INFINITY01,Instituto Nacional del Cáncer (INC),1564298,Diaphragm/DLG PCB,2023-10-06T14:06:00.000Z,2023-10-06T14:06:00.000Z,1,0,,169.03,EMPIRICAL_BAYES_SHRINKAGE,BORROWED_COHORT_ESTIMATE,"Un solo evento observado, sin intervalo propio - se usa 100% la estimación de la cohorte (same_client_same_part).",169.03,5.55,,169.03,,,,0,1,same_client_same_part,1,0,0,2.16,,NO_DATA,,2024-03-23T14:49:12.000Z,BORROWED_COHORT_ESTIMATE,NO_MANUFACTURER_DATA,11,Insuficiente,0 intervalo(s) válidos (+0) | match exacto/alias (REF_EXACT) (+12) | asociación single (+12) | sin cobertura calculable (+0) | sin intervalos suficientes (+0) | hay estimación de cohorte disponible (+12) | hay datos de uso/contrato/horario (+8) | Weibull no evaluado (n insuficiente) (+4) | estimación de tipo BORROWED_COHORT_ESTIMATE (+1) | n=0 intervalos (<10) (-10) | n=0 intervalos (<3) (-20) | estimación prestada de cohorte (-8),,BORROWED_COHORT_ESTIMATE,11,Insuficiente,0 intervalo(s) válidos (+0) | match exacto/alias (REF_EXACT) (+12) | asociación single (+12) | sin cobertura calculable (+0) | sin intervalos suficientes (+0) | hay estimación de cohorte disponible (+12) | hay datos de uso/contrato/horario (+8) | Weibull no evaluado (n insuficiente) (+4) | estimación de tipo BORROWED_COHORT_ESTIMATE (+1) | n=0 intervalos (<10) (-10) | n=0 intervalos (<3) (-20) | estimación prestada de cohorte (-8),,,,,,EMPIRICAL_BAYES_SHRINKAGE,0,Solo un evento observado para esta combinación - no se puede estimar vida útil todavía sin cohorte.
Linac-154325,HOSPITAL CARLOS VAN BUREN (SSVSA),4513316442101T,"Potentiometer, 20k, 10 turns Coarse/Check",2023-10-25T10:30:00.000Z,2023-10-25T10:30:00.000Z,1,0,,301.18,EMPIRICAL_BAYES_SHRINKAGE,BORROWED_COHORT_ESTIMATE,"Un solo evento observado, sin intervalo propio - se usa 100% la estimación de la cohorte (same_client_same_part).",301.18,9.89,,301.18,,,,0,1,same_client_same_part,1,0,0,1.21,,NO_DATA,,2024-08-21T14:49:12.000Z,BORROWED_COHORT_ESTIMATE,NO_MANUFACTURER_DATA,11,Insuficiente,0 intervalo(s) válidos (+0) | match exacto/alias (REF_EXACT) (+12) | asociación single (+12) | sin cobertura calculable (+0) | sin intervalos suficientes (+0) | hay estimación de cohorte disponible (+12) | hay datos de uso/contrato/horario (+8) | Weibull no evaluado (n insuficiente) (+4) | estimación de tipo BORROWED_COHORT_ESTIMATE (+1) | n=0 intervalos (<10) (-10) | n=0 intervalos (<3) (-20) | estimación prestada de cohorte (-8),,BORROWED_COHORT_ESTIMATE,11,Insuficiente,0 intervalo(s) válidos (+0) | match exacto/alias (REF_EXACT) (+12) | asociación single (+12) | sin cobertura calculable (+0) | sin intervalos suficientes (+0) | hay estimación de cohorte disponible (+12) | hay datos de uso/contrato/horario (+8) | Weibull no evaluado (n insuficiente) (+4) | estimación de tipo BORROWED_COHORT_ESTIMATE (+1) | n=0 intervalos (<10) (-10) | n=0 intervalos (<3) (-20) | estimación prestada de cohorte (-8),,,,,,EMPIRICAL_BAYES_SHRINKAGE,0,Solo un evento observado para esta combinación - no se puede estimar vida útil todavía sin cohorte.
Linac-109374,UC CHRISTUS - CECA,1509023,"Cable assembly, PL60kV1/8/9 to SK16kV8/9 and PL16kV1 HHC/Data trigger - Reeling",2023-11-09T19:00:00.000Z,2023-11-09T19:00:00.000Z,1,0,,,NONE,INSUFFICIENT_DATA,Un solo evento observado y sin cohorte disponible - sin base estadística suficiente para estimar vida útil.,,,,,,,,,,,1,0,0,,,NO_DATA,,,INSUFFICIENT_DATA,NO_MANUFACTURER_DATA,6,Insuficiente,0 intervalo(s) válidos (+0) | match exacto/alias (REF_EXACT) (+12) | asociación single (+12) | sin cobertura calculable (+0) | sin intervalos suficientes (+0) | sin cohorte disponible (+0) | hay datos de uso/contrato/horario (+8) | Weibull no evaluado (n insuficiente) (+4) | estimación de tipo INSUFFICIENT_DATA (+0) | n=0 intervalos (<10) (-10) | n=0 intervalos (<3) (-20),,INSUFFICIENT_DATA,6,Insuficiente,0 intervalo(s) válidos (+0) | match exacto/alias (REF_EXACT) (+12) | asociación single (+12) | sin cobertura calculable (+0) | sin intervalos suficientes (+0) | sin cohorte disponible (+0) | hay datos de uso/contrato/horario (+8) | Weibull no evaluado (n insuficiente) (+4) | estimación de tipo INSUFFICIENT_DATA (+0) | n=0 intervalos (<10) (-10) | n=0 intervalos (<3) (-20),,,,,,NONE,0.15,Solo un evento observado para esta combinación - no se puede estimar vida útil todavía sin cohorte.
Linac-109374,UC CHRISTUS - CECA,1509024,"Cable Assy, Area 60 to PLGIPI 1",2023-11-09T19:00:00.000Z,2023-11-09T19:00:00.000Z,1,0,,,NONE,INSUFFICIENT_DATA,Un solo evento observado y sin cohorte disponible - sin base estadística suficiente para estimar vida útil.,,,,,,,,,,,1,0,0,,,NO_DATA,,,INSUFFICIENT_DATA,NO_MANUFACTURER_DATA,6,Insuficiente,0 intervalo(s) válidos (+0) | match exacto/alias (REF_EXACT) (+12) | asociación single (+12) | sin cobertura calculable (+0) | sin intervalos suficientes (+0) | sin cohorte disponible (+0) | hay datos de uso/contrato/horario (+8) | Weibull no evaluado (n insuficiente) (+4) | estimación de tipo INSUFFICIENT_DATA (+0) | n=0 intervalos (<10) (-10) | n=0 intervalos (<3) (-20),,INSUFFICIENT_DATA,6,Insuficiente,0 intervalo(s) válidos (+0) | match exacto/alias (REF_EXACT) (+12) | asociación single (+12) | sin cobertura calculable (+0) | sin intervalos suficientes (+0) | sin cohorte disponible (+0) | hay datos de uso/contrato/horario (+8) | Weibull no evaluado (n insuficiente) (+4) | estimación de tipo INSUFFICIENT_DATA (+0) | n=0 intervalos (<10) (-10) | n=0 intervalos (<3) (-20),,,,,,NONE,0.15,Solo un evento observado para esta combinación - no se puede estimar vida útil todavía sin cohorte.
Linac-109256,UC CHRISTUS - SCA,45133412189,LEVER ASSEMBLY,2023-11-24T14:00:00.000Z,2023-11-24T14:00:00.000Z,1,0,,,NONE,INSUFFICIENT_DATA,Un solo evento observado y sin cohorte disponible - sin base estadística suficiente para estimar vida útil.,,,,,,,,,,,1,0,0,,,NO_DATA,,,INSUFFICIENT_DATA,NO_MANUFACTURER_DATA,6,Insuficiente,0 intervalo(s) válidos (+0) | match exacto/alias (REF_EXACT) (+12) | asociación single (+12) | sin cobertura calculable (+0) | sin intervalos suficientes (+0) | sin cohorte disponible (+0) | hay datos de uso/contrato/horario (+8) | Weibull no evaluado (n insuficiente) (+4) | estimación de tipo INSUFFICIENT_DATA (+0) | n=0 intervalos (<10) (-10) | n=0 intervalos (<3) (-20),,INSUFFICIENT_DATA,6,Insuficiente,0 intervalo(s) válidos (+0) | match exacto/alias (REF_EXACT) (+12) | asociación single (+12) | sin cobertura calculable (+0) | sin intervalos suficientes (+0) | sin cohorte disponible (+0) | hay datos de uso/contrato/horario (+8) | Weibull no evaluado (n insuficiente) (+4) | estimación de tipo INSUFFICIENT_DATA (+0) | n=0 intervalos (<10) (-10) | n=0 intervalos (<3) (-20),,,,,,NONE,0,Solo un evento observado para esta combinación - no se puede estimar vida útil todavía sin cohorte.
LINAC-153038,FUNDACION ARTURO LOPEZ PEREZ,45133305658_usado,Multiplex terminal unit (MTU),2023-11-20T17:00:00.000Z,2023-11-20T17:00:00.000Z,1,0,,,NONE,INSUFFICIENT_DATA,Un solo evento observado y sin cohorte disponible - sin base estadística suficiente para estimar vida útil.,,,,,,,,,,,1,0,0,,,NO_DATA,,,INSUFFICIENT_DATA,NO_MANUFACTURER_DATA,2,Insuficiente,0 intervalo(s) válidos (+0) | match por método débil (REF_LIKE) (+8) | asociación single (+12) | sin cobertura calculable (+0) | sin intervalos suficientes (+0) | sin cohorte disponible (+0) | hay datos de uso/contrato/horario (+8) | Weibull no evaluado (n insuficiente) (+4) | estimación de tipo INSUFFICIENT_DATA (+0) | n=0 intervalos (<10) (-10) | n=0 intervalos (<3) (-20),,INSUFFICIENT_DATA,2,Insuficiente,0 intervalo(s) válidos (+0) | match por método débil (REF_LIKE) (+8) | asociación single (+12) | sin cobertura calculable (+0) | sin intervalos suficientes (+0) | sin cohorte disponible (+0) | hay datos de uso/contrato/horario (+8) | Weibull no evaluado (n insuficiente) (+4) | estimación de tipo INSUFFICIENT_DATA (+0) | n=0 intervalos (<10) (-10) | n=0 intervalos (<3) (-20),,,,,,NONE,0,Solo un evento observado para esta combinación - no se puede estimar vida útil todavía sin cohorte.
Linac-151673,CLINICA ALEMANA DE SANTIAGO,45133165177,THYRATRON e2v CX1154L,2024-01-02T10:50:00.000Z,2024-01-02T10:50:00.000Z,1,0,,558.15,EMPIRICAL_BAYES_SHRINKAGE,BORROWED_COHORT_ESTIMATE,"Un solo evento observado, sin intervalo propio - se usa 100% la estimación de la cohorte (same_client_same_part).",558.15,18.34,,558.15,,,,0,1,same_client_same_part,1,0,0,0.65,,NO_DATA,,2025-07-13T14:26:00.000Z,BORROWED_COHORT_ESTIMATE,NO_MANUFACTURER_DATA,11,Insuficiente,0 intervalo(s) válidos (+0) | match exacto/alias (REF_EXACT) (+12) | asociación single (+12) | sin cobertura calculable (+0) | sin intervalos suficientes (+0) | hay estimación de cohorte disponible (+12) | hay datos de uso/contrato/horario (+8) | Weibull no evaluado (n insuficiente) (+4) | estimación de tipo BORROWED_COHORT_ESTIMATE (+1) | n=0 intervalos (<10) (-10) | n=0 intervalos (<3) (-20) | estimación prestada de cohorte (-8),,BORROWED_COHORT_ESTIMATE,11,Insuficiente,0 intervalo(s) válidos (+0) | match exacto/alias (REF_EXACT) (+12) | asociación single (+12) | sin cobertura calculable (+0) | sin intervalos suficientes (+0) | hay estimación de cohorte disponible (+12) | hay datos de uso/contrato/horario (+8) | Weibull no evaluado (n insuficiente) (+4) | estimación de tipo BORROWED_COHORT_ESTIMATE (+1) | n=0 intervalos (<10) (-10) | n=0 intervalos (<3) (-20) | estimación prestada de cohorte (-8),,,,,,EMPIRICAL_BAYES_SHRINKAGE,0.33,Solo un evento observado para esta combinación - no se puede estimar vida útil todavía sin cohorte.
LINAC-153038,FUNDACION ARTURO LOPEZ PEREZ,1007099,Longitudinal PCB limit switch assembly,2024-01-05T21:00:00.000Z,2024-01-05T21:00:00.000Z,1,0,,,NONE,INSUFFICIENT_DATA,Un solo evento observado y sin cohorte disponible - sin base estadística suficiente para estimar vida útil.,,,,,,,,,,,1,0,0,,,NO_DATA,,,INSUFFICIENT_DATA,NO_MANUFACTURER_DATA,6,Insuficiente,0 intervalo(s) válidos (+0) | match exacto/alias (REF_EXACT) (+12) | asociación single (+12) | sin cobertura calculable (+0) | sin intervalos suficientes (+0) | sin cohorte disponible (+0) | hay datos de uso/contrato/horario (+8) | Weibull no evaluado (n insuficiente) (+4) | estimación de tipo INSUFFICIENT_DATA (+0) | n=0 intervalos (<10) (-10) | n=0 intervalos (<3) (-20),,INSUFFICIENT_DATA,6,Insuficiente,0 intervalo(s) válidos (+0) | match exacto/alias (REF_EXACT) (+12) | asociación single (+12) | sin cobertura calculable (+0) | sin intervalos suficientes (+0) | sin cohorte disponible (+0) | hay datos de uso/contrato/horario (+8) | Weibull no evaluado (n insuficiente) (+4) | estimación de tipo INSUFFICIENT_DATA (+0) | n=0 intervalos (<10) (-10) | n=0 intervalos (<3) (-20),,,,,,NONE,0.75,Solo un evento observado para esta combinación - no se puede estimar vida útil todavía sin cohorte.
LINAC-153038,FUNDACION ARTURO LOPEZ PEREZ,1027687,Detector imaging panel (AP),2024-01-06T12:00:00.000Z,2024-01-06T12:00:00.000Z,1,0,,,NONE,INSUFFICIENT_DATA,Un solo evento observado y sin cohorte disponible - sin base estadística suficiente para estimar vida útil.,,,,,,,,,,,1,0,0,,,NO_DATA,,,INSUFFICIENT_DATA,NO_MANUFACTURER_DATA,6,Insuficiente,0 intervalo(s) válidos (+0) | match exacto/alias (REF_EXACT) (+12) | asociación single (+12) | sin cobertura calculable (+0) | sin intervalos suficientes (+0) | sin cohorte disponible (+0) | hay datos de uso/contrato/horario (+8) | Weibull no evaluado (n insuficiente) (+4) | estimación de tipo INSUFFICIENT_DATA (+0) | n=0 intervalos (<10) (-10) | n=0 intervalos (<3) (-20),,INSUFFICIENT_DATA,6,Insuficiente,0 intervalo(s) válidos (+0) | match exacto/alias (REF_EXACT) (+12) | asociación single (+12) | sin cobertura calculable (+0) | sin intervalos suficientes (+0) | sin cohorte disponible (+0) | hay datos de uso/contrato/horario (+8) | Weibull no evaluado (n insuficiente) (+4) | estimación de tipo INSUFFICIENT_DATA (+0) | n=0 intervalos (<10) (-10) | n=0 intervalos (<3) (-20),,,,,,NONE,1,Solo un evento observado para esta combinación - no se puede estimar vida útil todavía sin cohorte.
Linac-201110,CLÍNICA SANATORIO ALEMÁN (ONCORAD),1018265_proveedor_local,"Proveedor Local, FRU MOTOR BRUSH SET (ELECTROCRAFT)",2024-01-12T19:00:00.000Z,2024-01-12T19:00:00.000Z,1,0,,398.36,EMPIRICAL_BAYES_SHRINKAGE,BORROWED_COHORT_ESTIMATE,"Un solo evento observado, sin intervalo propio - se usa 100% la estimación de la cohorte (same_client_same_part).",398.36,13.09,,398.36,,,,0,1,same_client_same_part,1,0,0,0.92,,NO_DATA,,2025-02-14T03:38:24.000Z,BORROWED_COHORT_ESTIMATE,NO_MANUFACTURER_DATA,7,Insuficiente,0 intervalo(s) válidos (+0) | match por método débil (REF_LIKE) (+8) | asociación single (+12) | sin cobertura calculable (+0) | sin intervalos suficientes (+0) | hay estimación de cohorte disponible (+12) | hay datos de uso/contrato/horario (+8) | Weibull no evaluado (n insuficiente) (+4) | estimación de tipo BORROWED_COHORT_ESTIMATE (+1) | n=0 intervalos (<10) (-10) | n=0 intervalos (<3) (-20) | estimación prestada de cohorte (-8),,BORROWED_COHORT_ESTIMATE,7,Insuficiente,0 intervalo(s) válidos (+0) | match por método débil (REF_LIKE) (+8) | asociación single (+12) | sin cobertura calculable (+0) | sin intervalos suficientes (+0) | hay estimación de cohorte disponible (+12) | hay datos de uso/contrato/horario (+8) | Weibull no evaluado (n insuficiente) (+4) | estimación de tipo BORROWED_COHORT_ESTIMATE (+1) | n=0 intervalos (<10) (-10) | n=0 intervalos (<3) (-20) | estimación prestada de cohorte (-8),,,,,,EMPIRICAL_BAYES_SHRINKAGE,0,Solo un evento observado para esta combinación - no se puede estimar vida útil todavía sin cohorte.
Linac-153935,UC CHRISTUS - CECA,4513341220301G,"CABLE, T-GUARD AND LAT MOTOR",2024-01-18T18:30:00.000Z,2024-01-18T18:30:00.000Z,1,0,,327.54,EMPIRICAL_BAYES_SHRINKAGE,BORROWED_COHORT_ESTIMATE,"Un solo evento observado, sin intervalo propio - se usa 100% la estimación de la cohorte (same_client_same_part).",327.54,10.76,,327.54,,,,0,1,same_client_same_part,1,0,0,1.12,,NO_DATA,,2024-12-11T07:27:36.000Z,BORROWED_COHORT_ESTIMATE,NO_MANUFACTURER_DATA,11,Insuficiente,0 intervalo(s) válidos (+0) | match exacto/alias (REF_EXACT) (+12) | asociación single (+12) | sin cobertura calculable (+0) | sin intervalos suficientes (+0) | hay estimación de cohorte disponible (+12) | hay datos de uso/contrato/horario (+8) | Weibull no evaluado (n insuficiente) (+4) | estimación de tipo BORROWED_COHORT_ESTIMATE (+1) | n=0 intervalos (<10) (-10) | n=0 intervalos (<3) (-20) | estimación prestada de cohorte (-8),,BORROWED_COHORT_ESTIMATE,11,Insuficiente,0 intervalo(s) válidos (+0) | match exacto/alias (REF_EXACT) (+12) | asociación single (+12) | sin cobertura calculable (+0) | sin intervalos suficientes (+0) | hay estimación de cohorte disponible (+12) | hay datos de uso/contrato/horario (+8) | Weibull no evaluado (n insuficiente) (+4) | estimación de tipo BORROWED_COHORT_ESTIMATE (+1) | n=0 intervalos (<10) (-10) | n=0 intervalos (<3) (-20) | estimación prestada de cohorte (-8),,,,,,EMPIRICAL_BAYES_SHRINKAGE,0,Solo un evento observado para esta combinación - no se puede estimar vida útil todavía sin cohorte.
Linac-109256,UC CHRISTUS - SCA,1027687,Detector imaging panel (AP),2024-01-19T12:00:00.000Z,2024-01-19T12:00:00.000Z,1,0,,,NONE,INSUFFICIENT_DATA,Un solo evento observado y sin cohorte disponible - sin base estadística suficiente para estimar vida útil.,,,,,,,,,,,1,0,0,,,NO_DATA,,,INSUFFICIENT_DATA,NO_MANUFACTURER_DATA,6,Insuficiente,0 intervalo(s) válidos (+0) | match exacto/alias (REF_EXACT) (+12) | asociación single (+12) | sin cobertura calculable (+0) | sin intervalos suficientes (+0) | sin cohorte disponible (+0) | hay datos de uso/contrato/horario (+8) | Weibull no evaluado (n insuficiente) (+4) | estimación de tipo INSUFFICIENT_DATA (+0) | n=0 intervalos (<10) (-10) | n=0 intervalos (<3) (-20),,INSUFFICIENT_DATA,6,Insuficiente,0 intervalo(s) válidos (+0) | match exacto/alias (REF_EXACT) (+12) | asociación single (+12) | sin cobertura calculable (+0) | sin intervalos suficientes (+0) | sin cohorte disponible (+0) | hay datos de uso/contrato/horario (+8) | Weibull no evaluado (n insuficiente) (+4) | estimación de tipo INSUFFICIENT_DATA (+0) | n=0 intervalos (<10) (-10) | n=0 intervalos (<3) (-20),,,,,,NONE,0,Solo un evento observado para esta combinación - no se puede estimar vida útil todavía sin cohorte.
Linac-109256,UC CHRISTUS - SCA,1500613,X-Ray Window Assembly VersaHD,2024-01-19T12:00:00.000Z,2024-01-19T12:00:00.000Z,1,0,,,NONE,INSUFFICIENT_DATA,Un solo evento observado y sin cohorte disponible - sin base estadística suficiente para estimar vida útil.,,,,,,,,,,,1,0,0,,,NO_DATA,,,INSUFFICIENT_DATA,NO_MANUFACTURER_DATA,6,Insuficiente,0 intervalo(s) válidos (+0) | match exacto/alias (REF_EXACT) (+12) | asociación single (+12) | sin cobertura calculable (+0) | sin intervalos suficientes (+0) | sin cohorte disponible (+0) | hay datos de uso/contrato/horario (+8) | Weibull no evaluado (n insuficiente) (+4) | estimación de tipo INSUFFICIENT_DATA (+0) | n=0 intervalos (<10) (-10) | n=0 intervalos (<3) (-20),,INSUFFICIENT_DATA,6,Insuficiente,0 intervalo(s) válidos (+0) | match exacto/alias (REF_EXACT) (+12) | asociación single (+12) | sin cobertura calculable (+0) | sin intervalos suficientes (+0) | sin cohorte disponible (+0) | hay datos de uso/contrato/horario (+8) | Weibull no evaluado (n insuficiente) (+4) | estimación de tipo INSUFFICIENT_DATA (+0) | n=0 intervalos (<10) (-10) | n=0 intervalos (<3) (-20),,,,,,NONE,0,Solo un evento observado para esta combinación - no se puede estimar vida útil todavía sin cohorte.
Linac-153935,UC CHRISTUS - CECA,1014204,Ceramic ion chamber (MR),2024-01-29T12:30:00.000Z,2024-01-29T12:30:00.000Z,1,0,,578.95,EMPIRICAL_BAYES_SHRINKAGE,BORROWED_COHORT_ESTIMATE,"Un solo evento observado, sin intervalo propio - se usa 100% la estimación de la cohorte (same_client_same_part).",578.95,19.02,,578.95,,,,0,1,same_client_same_part,1,0,0,0.63,,NO_DATA,,2025-08-30T11:18:00.000Z,BORROWED_COHORT_ESTIMATE,NO_MANUFACTURER_DATA,11,Insuficiente,0 intervalo(s) válidos (+0) | match exacto/alias (REF_EXACT) (+12) | asociación single (+12) | sin cobertura calculable (+0) | sin intervalos suficientes (+0) | hay estimación de cohorte disponible (+12) | hay datos de uso/contrato/horario (+8) | Weibull no evaluado (n insuficiente) (+4) | estimación de tipo BORROWED_COHORT_ESTIMATE (+1) | n=0 intervalos (<10) (-10) | n=0 intervalos (<3) (-20) | estimación prestada de cohorte (-8),,BORROWED_COHORT_ESTIMATE,11,Insuficiente,0 intervalo(s) válidos (+0) | match exacto/alias (REF_EXACT) (+12) | asociación single (+12) | sin cobertura calculable (+0) | sin intervalos suficientes (+0) | hay estimación de cohorte disponible (+12) | hay datos de uso/contrato/horario (+8) | Weibull no evaluado (n insuficiente) (+4) | estimación de tipo BORROWED_COHORT_ESTIMATE (+1) | n=0 intervalos (<10) (-10) | n=0 intervalos (<3) (-20) | estimación prestada de cohorte (-8),,,,,,EMPIRICAL_BAYES_SHRINKAGE,0,Solo un evento observado para esta combinación - no se puede estimar vida útil todavía sin cohorte.
Linac-154325,HOSPITAL CARLOS VAN BUREN (SSVSA),1538261,"FRU KIT, FLIGHT TUBE DRIVE",2024-01-22T03:00:00.000Z,2024-01-22T03:00:00.000Z,1,0,,347.58,EMPIRICAL_BAYES_SHRINKAGE,BORROWED_COHORT_ESTIMATE,"Un solo evento observado, sin intervalo propio - se usa 100% la estimación de la cohorte (same_client_same_part).",347.58,11.42,,347.58,,,,0,1,same_client_same_part,1,0,0,1.05,,NO_DATA,,2025-01-03T16:55:12.000Z,BORROWED_COHORT_ESTIMATE,NO_MANUFACTURER_DATA,11,Insuficiente,0 intervalo(s) válidos (+0) | match exacto/alias (REF_EXACT) (+12) | asociación single (+12) | sin cobertura calculable (+0) | sin intervalos suficientes (+0) | hay estimación de cohorte disponible (+12) | hay datos de uso/contrato/horario (+8) | Weibull no evaluado (n insuficiente) (+4) | estimación de tipo BORROWED_COHORT_ESTIMATE (+1) | n=0 intervalos (<10) (-10) | n=0 intervalos (<3) (-20) | estimación prestada de cohorte (-8),,BORROWED_COHORT_ESTIMATE,11,Insuficiente,0 intervalo(s) válidos (+0) | match exacto/alias (REF_EXACT) (+12) | asociación single (+12) | sin cobertura calculable (+0) | sin intervalos suficientes (+0) | hay estimación de cohorte disponible (+12) | hay datos de uso/contrato/horario (+8) | Weibull no evaluado (n insuficiente) (+4) | estimación de tipo BORROWED_COHORT_ESTIMATE (+1) | n=0 intervalos (<10) (-10) | n=0 intervalos (<3) (-20) | estimación prestada de cohorte (-8),,,,,,EMPIRICAL_BAYES_SHRINKAGE,1,Solo un evento observado para esta combinación - no se puede estimar vida útil todavía sin cohorte.
153038,ACME,1564298,Diaphragm/DLG PCB,2024-02-15T15:00:00.000Z,2024-02-15T15:00:00.000Z,1,0,,143.89,EMPIRICAL_BAYES_SHRINKAGE,BORROWED_COHORT_ESTIMATE,"Un solo evento observado, sin intervalo propio - se usa 100% la estimación de la cohorte (same_client_same_part).",143.89,4.73,,143.89,,,,0,1,same_client_same_part,1,0,0,2.54,,NO_DATA,,2024-07-08T12:21:36.000Z,BORROWED_COHORT_ESTIMATE,NO_MANUFACTURER_DATA,11,Insuficiente,0 intervalo(s) válidos (+0) | match exacto/alias (REF_EXACT) (+12) | asociación single (+12) | sin cobertura calculable (+0) | sin intervalos suficientes (+0) | hay estimación de cohorte disponible (+12) | hay datos de uso/contrato/horario (+8) | Weibull no evaluado (n insuficiente) (+4) | estimación de tipo BORROWED_COHORT_ESTIMATE (+1) | n=0 intervalos (<10) (-10) | n=0 intervalos (<3) (-20) | estimación prestada de cohorte (-8),,BORROWED_COHORT_ESTIMATE,11,Insuficiente,0 intervalo(s) válidos (+0) | match exacto/alias (REF_EXACT) (+12) | asociación single (+12) | sin cobertura calculable (+0) | sin intervalos suficientes (+0) | hay estimación de cohorte disponible (+12) | hay datos de uso/contrato/horario (+8) | Weibull no evaluado (n insuficiente) (+4) | estimación de tipo BORROWED_COHORT_ESTIMATE (+1) | n=0 intervalos (<10) (-10) | n=0 intervalos (<3) (-20) | estimación prestada de cohorte (-8),,,,,,EMPIRICAL_BAYES_SHRINKAGE,0,Solo un evento observado para esta combinación - no se puede estimar vida útil todavía sin cohorte.
153038,ACME,1534958,Leaf motor spares kit,2024-02-15T15:00:00.000Z,2024-02-15T15:00:00.000Z,1,0,,70.52,EMPIRICAL_BAYES_SHRINKAGE,BORROWED_COHORT_ESTIMATE,"Un solo evento observado, sin intervalo propio - se usa 100% la estimación de la cohorte (same_client_same_part).",70.52,2.32,,70.52,,,,0,1,same_client_same_part,1,0,0,5.18,,NO_DATA,,2024-04-26T03:28:48.000Z,BORROWED_COHORT_ESTIMATE,NO_MANUFACTURER_DATA,11,Insuficiente,0 intervalo(s) válidos (+0) | match exacto/alias (REF_EXACT) (+12) | asociación single (+12) | sin cobertura calculable (+0) | sin intervalos suficientes (+0) | hay estimación de cohorte disponible (+12) | hay datos de uso/contrato/horario (+8) | Weibull no evaluado (n insuficiente) (+4) | estimación de tipo BORROWED_COHORT_ESTIMATE (+1) | n=0 intervalos (<10) (-10) | n=0 intervalos (<3) (-20) | estimación prestada de cohorte (-8),,BORROWED_COHORT_ESTIMATE,11,Insuficiente,0 intervalo(s) válidos (+0) | match exacto/alias (REF_EXACT) (+12) | asociación single (+12) | sin cobertura calculable (+0) | sin intervalos suficientes (+0) | hay estimación de cohorte disponible (+12) | hay datos de uso/contrato/horario (+8) | Weibull no evaluado (n insuficiente) (+4) | estimación de tipo BORROWED_COHORT_ESTIMATE (+1) | n=0 intervalos (<10) (-10) | n=0 intervalos (<3) (-20) | estimación prestada de cohorte (-8),,,,,,EMPIRICAL_BAYES_SHRINKAGE,0,Solo un evento observado para esta combinación - no se puede estimar vida útil todavía sin cohorte.
CLC-2,CLÍNICA LAS CONDES,1509023,"Cable assembly, PL60kV1/8/9 to SK16kV8/9 and PL16kV1 HHC/Data trigger - Reeling",2024-02-19T18:00:00.000Z,2024-02-19T18:00:00.000Z,1,0,,,NONE,INSUFFICIENT_DATA,Un solo evento observado y sin cohorte disponible - sin base estadística suficiente para estimar vida útil.,,,,,,,,,,,1,0,0,,,NO_DATA,,,INSUFFICIENT_DATA,NO_MANUFACTURER_DATA,6,Insuficiente,0 intervalo(s) válidos (+0) | match exacto/alias (REF_EXACT) (+12) | asociación single (+12) | sin cobertura calculable (+0) | sin intervalos suficientes (+0) | sin cohorte disponible (+0) | hay datos de uso/contrato/horario (+8) | Weibull no evaluado (n insuficiente) (+4) | estimación de tipo INSUFFICIENT_DATA (+0) | n=0 intervalos (<10) (-10) | n=0 intervalos (<3) (-20),,INSUFFICIENT_DATA,6,Insuficiente,0 intervalo(s) válidos (+0) | match exacto/alias (REF_EXACT) (+12) | asociación single (+12) | sin cobertura calculable (+0) | sin intervalos suficientes (+0) | sin cohorte disponible (+0) | hay datos de uso/contrato/horario (+8) | Weibull no evaluado (n insuficiente) (+4) | estimación de tipo INSUFFICIENT_DATA (+0) | n=0 intervalos (<10) (-10) | n=0 intervalos (<3) (-20),,,,,,NONE,0,Solo un evento observado para esta combinación - no se puede estimar vida útil todavía sin cohorte.
Linac-151673,CLINICA ALEMANA DE SANTIAGO,1556287,"KIT, SPARES, DIAPHRAGM BRAKE",2024-02-21T19:30:00.000Z,2024-02-21T19:30:00.000Z,1,0,,161.36,EMPIRICAL_BAYES_SHRINKAGE,BORROWED_COHORT_ESTIMATE,"Un solo evento observado, sin intervalo propio - se usa 100% la estimación de la cohorte (same_client_same_part).",161.36,5.3,,161.36,,,,0,1,same_client_same_part,1,0,0,2.26,,NO_DATA,,2024-08-01T04:08:24.000Z,BORROWED_COHORT_ESTIMATE,NO_MANUFACTURER_DATA,11,Insuficiente,0 intervalo(s) válidos (+0) | match exacto/alias (REF_EXACT) (+12) | asociación single (+12) | sin cobertura calculable (+0) | sin intervalos suficientes (+0) | hay estimación de cohorte disponible (+12) | hay datos de uso/contrato/horario (+8) | Weibull no evaluado (n insuficiente) (+4) | estimación de tipo BORROWED_COHORT_ESTIMATE (+1) | n=0 intervalos (<10) (-10) | n=0 intervalos (<3) (-20) | estimación prestada de cohorte (-8),,BORROWED_COHORT_ESTIMATE,11,Insuficiente,0 intervalo(s) válidos (+0) | match exacto/alias (REF_EXACT) (+12) | asociación single (+12) | sin cobertura calculable (+0) | sin intervalos suficientes (+0) | hay estimación de cohorte disponible (+12) | hay datos de uso/contrato/horario (+8) | Weibull no evaluado (n insuficiente) (+4) | estimación de tipo BORROWED_COHORT_ESTIMATE (+1) | n=0 intervalos (<10) (-10) | n=0 intervalos (<3) (-20) | estimación prestada de cohorte (-8),,,,,,EMPIRICAL_BAYES_SHRINKAGE,0,Solo un evento observado para esta combinación - no se puede estimar vida útil todavía sin cohorte.
Linac-153935,UC CHRISTUS - CECA,1508955,Camera & Lens (Agility),2024-02-23T12:00:00.000Z,2024-02-23T12:00:00.000Z,1,0,,,NONE,INSUFFICIENT_DATA,Un solo evento observado y sin cohorte disponible - sin base estadística suficiente para estimar vida útil.,,,,,,,,,,,1,0,0,,,NO_DATA,,,INSUFFICIENT_DATA,NO_MANUFACTURER_DATA,6,Insuficiente,0 intervalo(s) válidos (+0) | match exacto/alias (REF_EXACT) (+12) | asociación single (+12) | sin cobertura calculable (+0) | sin intervalos suficientes (+0) | sin cohorte disponible (+0) | hay datos de uso/contrato/horario (+8) | Weibull no evaluado (n insuficiente) (+4) | estimación de tipo INSUFFICIENT_DATA (+0) | n=0 intervalos (<10) (-10) | n=0 intervalos (<3) (-20),,INSUFFICIENT_DATA,6,Insuficiente,0 intervalo(s) válidos (+0) | match exacto/alias (REF_EXACT) (+12) | asociación single (+12) | sin cobertura calculable (+0) | sin intervalos suficientes (+0) | sin cohorte disponible (+0) | hay datos de uso/contrato/horario (+8) | Weibull no evaluado (n insuficiente) (+4) | estimación de tipo INSUFFICIENT_DATA (+0) | n=0 intervalos (<10) (-10) | n=0 intervalos (<3) (-20),,,,,,NONE,0,Solo un evento observado para esta combinación - no se puede estimar vida útil todavía sin cohorte.
Linac-153935,UC CHRISTUS - CECA,1011030,"Lens, Collimator",2024-02-23T12:00:00.000Z,2024-02-23T12:00:00.000Z,1,0,,,NONE,INSUFFICIENT_DATA,Un solo evento observado y sin cohorte disponible - sin base estadística suficiente para estimar vida útil.,,,,,,,,,,,1,0,0,,,NO_DATA,,,INSUFFICIENT_DATA,NO_MANUFACTURER_DATA,6,Insuficiente,0 intervalo(s) válidos (+0) | match exacto/alias (REF_EXACT) (+12) | asociación single (+12) | sin cobertura calculable (+0) | sin intervalos suficientes (+0) | sin cohorte disponible (+0) | hay datos de uso/contrato/horario (+8) | Weibull no evaluado (n insuficiente) (+4) | estimación de tipo INSUFFICIENT_DATA (+0) | n=0 intervalos (<10) (-10) | n=0 intervalos (<3) (-20),,INSUFFICIENT_DATA,6,Insuficiente,0 intervalo(s) válidos (+0) | match exacto/alias (REF_EXACT) (+12) | asociación single (+12) | sin cobertura calculable (+0) | sin intervalos suficientes (+0) | sin cohorte disponible (+0) | hay datos de uso/contrato/horario (+8) | Weibull no evaluado (n insuficiente) (+4) | estimación de tipo INSUFFICIENT_DATA (+0) | n=0 intervalos (<10) (-10) | n=0 intervalos (<3) (-20),,,,,,NONE,0,Solo un evento observado para esta combinación - no se puede estimar vida útil todavía sin cohorte.
CLC-1,CLÍNICA LAS CONDES,1548845,"ASSEMBLY, X-RAY TUBE VAREX",2024-02-27T12:15:00.000Z,2024-02-27T12:15:00.000Z,1,0,,,NONE,INSUFFICIENT_DATA,Un solo evento observado y sin cohorte disponible - sin base estadística suficiente para estimar vida útil.,,,,,,,,,,,1,0,0,,,NO_DATA,,,INSUFFICIENT_DATA,NO_MANUFACTURER_DATA,6,Insuficiente,0 intervalo(s) válidos (+0) | match exacto/alias (REF_EXACT) (+12) | asociación single (+12) | sin cobertura calculable (+0) | sin intervalos suficientes (+0) | sin cohorte disponible (+0) | hay datos de uso/contrato/horario (+8) | Weibull no evaluado (n insuficiente) (+4) | estimación de tipo INSUFFICIENT_DATA (+0) | n=0 intervalos (<10) (-10) | n=0 intervalos (<3) (-20),,INSUFFICIENT_DATA,6,Insuficiente,0 intervalo(s) válidos (+0) | match exacto/alias (REF_EXACT) (+12) | asociación single (+12) | sin cobertura calculable (+0) | sin intervalos suficientes (+0) | sin cohorte disponible (+0) | hay datos de uso/contrato/horario (+8) | Weibull no evaluado (n insuficiente) (+4) | estimación de tipo INSUFFICIENT_DATA (+0) | n=0 intervalos (<10) (-10) | n=0 intervalos (<3) (-20),,,,,,NONE,0,Solo un evento observado para esta combinación - no se puede estimar vida útil todavía sin cohorte.
CLC-2,CLÍNICA LAS CONDES,1018559,"ASSY, BRACKET & FAN",2024-02-28T12:15:00.000Z,2024-02-28T12:15:00.000Z,1,0,,314.51,EMPIRICAL_BAYES_SHRINKAGE,BORROWED_COHORT_ESTIMATE,"Un solo evento observado, sin intervalo propio - se usa 100% la estimación de la cohorte (same_part_global).",314.51,10.33,,314.51,,,,0,1,same_part_global,1,0,0,1.16,,NO_DATA,,2025-01-08T00:29:24.000Z,BORROWED_COHORT_ESTIMATE,NO_MANUFACTURER_DATA,11,Insuficiente,0 intervalo(s) válidos (+0) | match exacto/alias (REF_EXACT) (+12) | asociación single (+12) | sin cobertura calculable (+0) | sin intervalos suficientes (+0) | hay estimación de cohorte disponible (+12) | hay datos de uso/contrato/horario (+8) | Weibull no evaluado (n insuficiente) (+4) | estimación de tipo BORROWED_COHORT_ESTIMATE (+1) | n=0 intervalos (<10) (-10) | n=0 intervalos (<3) (-20) | estimación prestada de cohorte (-8),,BORROWED_COHORT_ESTIMATE,11,Insuficiente,0 intervalo(s) válidos (+0) | match exacto/alias (REF_EXACT) (+12) | asociación single (+12) | sin cobertura calculable (+0) | sin intervalos suficientes (+0) | hay estimación de cohorte disponible (+12) | hay datos de uso/contrato/horario (+8) | Weibull no evaluado (n insuficiente) (+4) | estimación de tipo BORROWED_COHORT_ESTIMATE (+1) | n=0 intervalos (<10) (-10) | n=0 intervalos (<3) (-20) | estimación prestada de cohorte (-8),,,,,,EMPIRICAL_BAYES_SHRINKAGE,0,Solo un evento observado para esta combinación - no se puede estimar vida útil todavía sin cohorte.
LINAC-153038,FUNDACION ARTURO LOPEZ PEREZ,1017632_usado,PCB ASSY CAMERA CCU,2024-03-12T10:00:00.000Z,2024-03-12T10:00:00.000Z,1,0,,76.84,EMPIRICAL_BAYES_SHRINKAGE,BORROWED_COHORT_ESTIMATE,"Un solo evento observado, sin intervalo propio - se usa 100% la estimación de la cohorte (same_client_same_part).",76.84,2.52,,76.84,,,,0,1,same_client_same_part,1,0,0,4.75,,NO_DATA,,2024-05-28T06:09:36.000Z,BORROWED_COHORT_ESTIMATE,NO_MANUFACTURER_DATA,7,Insuficiente,0 intervalo(s) válidos (+0) | match por método débil (REF_LIKE) (+8) | asociación single (+12) | sin cobertura calculable (+0) | sin intervalos suficientes (+0) | hay estimación de cohorte disponible (+12) | hay datos de uso/contrato/horario (+8) | Weibull no evaluado (n insuficiente) (+4) | estimación de tipo BORROWED_COHORT_ESTIMATE (+1) | n=0 intervalos (<10) (-10) | n=0 intervalos (<3) (-20) | estimación prestada de cohorte (-8),,BORROWED_COHORT_ESTIMATE,7,Insuficiente,0 intervalo(s) válidos (+0) | match por método débil (REF_LIKE) (+8) | asociación single (+12) | sin cobertura calculable (+0) | sin intervalos suficientes (+0) | hay estimación de cohorte disponible (+12) | hay datos de uso/contrato/horario (+8) | Weibull no evaluado (n insuficiente) (+4) | estimación de tipo BORROWED_COHORT_ESTIMATE (+1) | n=0 intervalos (<10) (-10) | n=0 intervalos (<3) (-20) | estimación prestada de cohorte (-8),,,,,,EMPIRICAL_BAYES_SHRINKAGE,0.39,Solo un evento observado para esta combinación - no se puede estimar vida útil todavía sin cohorte.
INC-INFINITY01,Instituto Nacional del Cáncer (INC),1018559,"ASSY, BRACKET & FAN",2024-03-14T15:50:00.000Z,2024-03-14T15:50:00.000Z,1,0,,266.76,EMPIRICAL_BAYES_SHRINKAGE,BORROWED_COHORT_ESTIMATE,"Un solo evento observado, sin intervalo propio - se usa 100% la estimación de la cohorte (same_client_same_part).",266.76,8.76,,266.76,,,,0,1,same_client_same_part,1,0,0,1.37,,NO_DATA,,2024-12-06T10:04:24.000Z,BORROWED_COHORT_ESTIMATE,NO_MANUFACTURER_DATA,11,Insuficiente,0 intervalo(s) válidos (+0) | match exacto/alias (REF_EXACT) (+12) | asociación single (+12) | sin cobertura calculable (+0) | sin intervalos suficientes (+0) | hay estimación de cohorte disponible (+12) | hay datos de uso/contrato/horario (+8) | Weibull no evaluado (n insuficiente) (+4) | estimación de tipo BORROWED_COHORT_ESTIMATE (+1) | n=0 intervalos (<10) (-10) | n=0 intervalos (<3) (-20) | estimación prestada de cohorte (-8),,BORROWED_COHORT_ESTIMATE,11,Insuficiente,0 intervalo(s) válidos (+0) | match exacto/alias (REF_EXACT) (+12) | asociación single (+12) | sin cobertura calculable (+0) | sin intervalos suficientes (+0) | hay estimación de cohorte disponible (+12) | hay datos de uso/contrato/horario (+8) | Weibull no evaluado (n insuficiente) (+4) | estimación de tipo BORROWED_COHORT_ESTIMATE (+1) | n=0 intervalos (<10) (-10) | n=0 intervalos (<3) (-20) | estimación prestada de cohorte (-8),,,,,,EMPIRICAL_BAYES_SHRINKAGE,0,Solo un evento observado para esta combinación - no se puede estimar vida útil todavía sin cohorte.
LINAC-153038,FUNDACION ARTURO LOPEZ PEREZ,4513316442101T,"Potentiometer, 20k, 10 turns Coarse/Check",2024-03-21T10:00:00.000Z,2024-03-21T10:00:00.000Z,1,0,,301.18,EMPIRICAL_BAYES_SHRINKAGE,BORROWED_COHORT_ESTIMATE,"Un solo evento observado, sin intervalo propio - se usa 100% la estimación de la cohorte (same_client_same_part).",301.18,9.89,,301.18,,,,0,1,same_client_same_part,1,0,0,1.21,,NO_DATA,,2025-01-16T14:19:12.000Z,BORROWED_COHORT_ESTIMATE,NO_MANUFACTURER_DATA,11,Insuficiente,0 intervalo(s) válidos (+0) | match exacto/alias (REF_EXACT) (+12) | asociación single (+12) | sin cobertura calculable (+0) | sin intervalos suficientes (+0) | hay estimación de cohorte disponible (+12) | hay datos de uso/contrato/horario (+8) | Weibull no evaluado (n insuficiente) (+4) | estimación de tipo BORROWED_COHORT_ESTIMATE (+1) | n=0 intervalos (<10) (-10) | n=0 intervalos (<3) (-20) | estimación prestada de cohorte (-8),,BORROWED_COHORT_ESTIMATE,11,Insuficiente,0 intervalo(s) válidos (+0) | match exacto/alias (REF_EXACT) (+12) | asociación single (+12) | sin cobertura calculable (+0) | sin intervalos suficientes (+0) | hay estimación de cohorte disponible (+12) | hay datos de uso/contrato/horario (+8) | Weibull no evaluado (n insuficiente) (+4) | estimación de tipo BORROWED_COHORT_ESTIMATE (+1) | n=0 intervalos (<10) (-10) | n=0 intervalos (<3) (-20) | estimación prestada de cohorte (-8),,,,,,EMPIRICAL_BAYES_SHRINKAGE,0.75,Solo un evento observado para esta combinación - no se puede estimar vida útil todavía sin cohorte.
Linac-109256,UC CHRISTUS - SCA,1014474,Cable Assy sw1/sw2 T,2024-04-04T20:15:00.000Z,2024-04-04T20:15:00.000Z,1,0,,,NONE,INSUFFICIENT_DATA,Un solo evento observado y sin cohorte disponible - sin base estadística suficiente para estimar vida útil.,,,,,,,,,,,1,0,0,,,NO_DATA,,,INSUFFICIENT_DATA,NO_MANUFACTURER_DATA,6,Insuficiente,0 intervalo(s) válidos (+0) | match exacto/alias (REF_EXACT) (+12) | asociación single (+12) | sin cobertura calculable (+0) | sin intervalos suficientes (+0) | sin cohorte disponible (+0) | hay datos de uso/contrato/horario (+8) | Weibull no evaluado (n insuficiente) (+4) | estimación de tipo INSUFFICIENT_DATA (+0) | n=0 intervalos (<10) (-10) | n=0 intervalos (<3) (-20),,INSUFFICIENT_DATA,6,Insuficiente,0 intervalo(s) válidos (+0) | match exacto/alias (REF_EXACT) (+12) | asociación single (+12) | sin cobertura calculable (+0) | sin intervalos suficientes (+0) | sin cohorte disponible (+0) | hay datos de uso/contrato/horario (+8) | Weibull no evaluado (n insuficiente) (+4) | estimación de tipo INSUFFICIENT_DATA (+0) | n=0 intervalos (<10) (-10) | n=0 intervalos (<3) (-20),,,,,,NONE,0,Solo un evento observado para esta combinación - no se puede estimar vida útil todavía sin cohorte.
Linac-201110,CLÍNICA SANATORIO ALEMÁN (ONCORAD),45133328445,"CAMERA, REMOTE HEAD",2024-04-02T12:00:00.000Z,2024-04-02T12:00:00.000Z,1,0,,,NONE,INSUFFICIENT_DATA,Un solo evento observado y sin cohorte disponible - sin base estadística suficiente para estimar vida útil.,,,,,,,,,,,1,0,0,,,NO_DATA,,,INSUFFICIENT_DATA,NO_MANUFACTURER_DATA,6,Insuficiente,0 intervalo(s) válidos (+0) | match exacto/alias (REF_NORMALIZED_EXACT) (+12) | asociación single (+12) | sin cobertura calculable (+0) | sin intervalos suficientes (+0) | sin cohorte disponible (+0) | hay datos de uso/contrato/horario (+8) | Weibull no evaluado (n insuficiente) (+4) | estimación de tipo INSUFFICIENT_DATA (+0) | n=0 intervalos (<10) (-10) | n=0 intervalos (<3) (-20),,INSUFFICIENT_DATA,6,Insuficiente,0 intervalo(s) válidos (+0) | match exacto/alias (REF_NORMALIZED_EXACT) (+12) | asociación single (+12) | sin cobertura calculable (+0) | sin intervalos suficientes (+0) | sin cohorte disponible (+0) | hay datos de uso/contrato/horario (+8) | Weibull no evaluado (n insuficiente) (+4) | estimación de tipo INSUFFICIENT_DATA (+0) | n=0 intervalos (<10) (-10) | n=0 intervalos (<3) (-20),,,,,,NONE,0,Solo un evento observado para esta combinación - no se puede estimar vida útil todavía sin cohorte.
INC-INFINITY01,Instituto Nacional del Cáncer (INC),1565836,"KIT, SPARES, DLG BRAKE",2024-04-08T22:43:00.000Z,2024-04-08T22:43:00.000Z,1,0,,143.74,EMPIRICAL_BAYES_SHRINKAGE,BORROWED_COHORT_ESTIMATE,"Un solo evento observado, sin intervalo propio - se usa 100% la estimación de la cohorte (same_client_same_part).",143.74,4.72,,143.74,,,,0,1,same_client_same_part,1,0,0,2.54,,NO_DATA,,2024-08-30T16:28:36.000Z,BORROWED_COHORT_ESTIMATE,NO_MANUFACTURER_DATA,11,Insuficiente,0 intervalo(s) válidos (+0) | match exacto/alias (REF_EXACT) (+12) | asociación single (+12) | sin cobertura calculable (+0) | sin intervalos suficientes (+0) | hay estimación de cohorte disponible (+12) | hay datos de uso/contrato/horario (+8) | Weibull no evaluado (n insuficiente) (+4) | estimación de tipo BORROWED_COHORT_ESTIMATE (+1) | n=0 intervalos (<10) (-10) | n=0 intervalos (<3) (-20) | estimación prestada de cohorte (-8),,BORROWED_COHORT_ESTIMATE,11,Insuficiente,0 intervalo(s) válidos (+0) | match exacto/alias (REF_EXACT) (+12) | asociación single (+12) | sin cobertura calculable (+0) | sin intervalos suficientes (+0) | hay estimación de cohorte disponible (+12) | hay datos de uso/contrato/horario (+8) | Weibull no evaluado (n insuficiente) (+4) | estimación de tipo BORROWED_COHORT_ESTIMATE (+1) | n=0 intervalos (<10) (-10) | n=0 intervalos (<3) (-20) | estimación prestada de cohorte (-8),,,,,,EMPIRICAL_BAYES_SHRINKAGE,0.14,Solo un evento observado para esta combinación - no se puede estimar vida útil todavía sin cohorte.
Linac-154325,HOSPITAL CARLOS VAN BUREN (SSVSA),1551103,"MOD KIT, DISC SPRING GANTRY (fco)",2024-04-18T23:00:00.000Z,2024-04-18T23:00:00.000Z,1,0,,,NONE,INSUFFICIENT_DATA,Un solo evento observado y sin cohorte disponible - sin base estadística suficiente para estimar vida útil.,,,,,,,,,,,1,0,0,,,NO_DATA,,,INSUFFICIENT_DATA,NO_MANUFACTURER_DATA,6,Insuficiente,0 intervalo(s) válidos (+0) | match exacto/alias (REF_EXACT) (+12) | asociación single (+12) | sin cobertura calculable (+0) | sin intervalos suficientes (+0) | sin cohorte disponible (+0) | hay datos de uso/contrato/horario (+8) | Weibull no evaluado (n insuficiente) (+4) | estimación de tipo INSUFFICIENT_DATA (+0) | n=0 intervalos (<10) (-10) | n=0 intervalos (<3) (-20),,INSUFFICIENT_DATA,6,Insuficiente,0 intervalo(s) válidos (+0) | match exacto/alias (REF_EXACT) (+12) | asociación single (+12) | sin cobertura calculable (+0) | sin intervalos suficientes (+0) | sin cohorte disponible (+0) | hay datos de uso/contrato/horario (+8) | Weibull no evaluado (n insuficiente) (+4) | estimación de tipo INSUFFICIENT_DATA (+0) | n=0 intervalos (<10) (-10) | n=0 intervalos (<3) (-20),,,,,,NONE,1,Solo un evento observado para esta combinación - no se puede estimar vida útil todavía sin cohorte.
Linac-109256,UC CHRISTUS - SCA,8010-00059-6,TPUS AUTOSCAN PROBE (Clarity),2024-04-23T20:30:00.000Z,2024-04-23T20:30:00.000Z,1,0,,,NONE,INSUFFICIENT_DATA,Un solo evento observado y sin cohorte disponible - sin base estadística suficiente para estimar vida útil.,,,,,,,,,,,1,0,0,,,NO_DATA,,,INSUFFICIENT_DATA,NO_MANUFACTURER_DATA,6,Insuficiente,0 intervalo(s) válidos (+0) | match exacto/alias (REF_EXACT) (+12) | asociación single (+12) | sin cobertura calculable (+0) | sin intervalos suficientes (+0) | sin cohorte disponible (+0) | hay datos de uso/contrato/horario (+8) | Weibull no evaluado (n insuficiente) (+4) | estimación de tipo INSUFFICIENT_DATA (+0) | n=0 intervalos (<10) (-10) | n=0 intervalos (<3) (-20),,INSUFFICIENT_DATA,6,Insuficiente,0 intervalo(s) válidos (+0) | match exacto/alias (REF_EXACT) (+12) | asociación single (+12) | sin cobertura calculable (+0) | sin intervalos suficientes (+0) | sin cohorte disponible (+0) | hay datos de uso/contrato/horario (+8) | Weibull no evaluado (n insuficiente) (+4) | estimación de tipo INSUFFICIENT_DATA (+0) | n=0 intervalos (<10) (-10) | n=0 intervalos (<3) (-20),,,,,,NONE,0.25,Solo un evento observado para esta combinación - no se puede estimar vida útil todavía sin cohorte.
INC-INFINITY01,Instituto Nacional del Cáncer (INC),1554784,Camera cable,2024-05-07T15:53:00.000Z,2024-05-07T15:53:00.000Z,1,0,,,NONE,INSUFFICIENT_DATA,Un solo evento observado y sin cohorte disponible - sin base estadística suficiente para estimar vida útil.,,,,,,,,,,,1,0,0,,,NO_DATA,,,INSUFFICIENT_DATA,NO_MANUFACTURER_DATA,6,Insuficiente,0 intervalo(s) válidos (+0) | match exacto/alias (REF_EXACT) (+12) | asociación single (+12) | sin cobertura calculable (+0) | sin intervalos suficientes (+0) | sin cohorte disponible (+0) | hay datos de uso/contrato/horario (+8) | Weibull no evaluado (n insuficiente) (+4) | estimación de tipo INSUFFICIENT_DATA (+0) | n=0 intervalos (<10) (-10) | n=0 intervalos (<3) (-20),,INSUFFICIENT_DATA,6,Insuficiente,0 intervalo(s) válidos (+0) | match exacto/alias (REF_EXACT) (+12) | asociación single (+12) | sin cobertura calculable (+0) | sin intervalos suficientes (+0) | sin cohorte disponible (+0) | hay datos de uso/contrato/horario (+8) | Weibull no evaluado (n insuficiente) (+4) | estimación de tipo INSUFFICIENT_DATA (+0) | n=0 intervalos (<10) (-10) | n=0 intervalos (<3) (-20),,,,,,NONE,0,Solo un evento observado para esta combinación - no se puede estimar vida útil todavía sin cohorte.
APOTECA-CHEMO,FUNDACION ARTURO LOPEZ PEREZ,128338,Air filter 519 (EN1822-1 Class H14),2024-05-09T12:30:00.000Z,2024-05-09T12:30:00.000Z,1,0,,,NONE,INSUFFICIENT_DATA,Un solo evento observado y sin cohorte disponible - sin base estadística suficiente para estimar vida útil.,,,,,,,,,,,1,0,0,,,NO_DATA,,,INSUFFICIENT_DATA,NO_MANUFACTURER_DATA,6,Insuficiente,0 intervalo(s) válidos (+0) | match exacto/alias (REF_EXACT) (+12) | asociación single (+12) | sin cobertura calculable (+0) | sin intervalos suficientes (+0) | sin cohorte disponible (+0) | hay datos de uso/contrato/horario (+8) | Weibull no evaluado (n insuficiente) (+4) | estimación de tipo INSUFFICIENT_DATA (+0) | n=0 intervalos (<10) (-10) | n=0 intervalos (<3) (-20),,INSUFFICIENT_DATA,6,Insuficiente,0 intervalo(s) válidos (+0) | match exacto/alias (REF_EXACT) (+12) | asociación single (+12) | sin cobertura calculable (+0) | sin intervalos suficientes (+0) | sin cohorte disponible (+0) | hay datos de uso/contrato/horario (+8) | Weibull no evaluado (n insuficiente) (+4) | estimación de tipo INSUFFICIENT_DATA (+0) | n=0 intervalos (<10) (-10) | n=0 intervalos (<3) (-20),,,,,,NONE,0,Solo un evento observado para esta combinación - no se puede estimar vida útil todavía sin cohorte.
APOTECA-CHEMO,FUNDACION ARTURO LOPEZ PEREZ,2455263,Filter Bag with elastic corde for fixing filter bag,2024-05-09T12:30:00.000Z,2024-05-09T12:30:00.000Z,1,0,,,NONE,INSUFFICIENT_DATA,Un solo evento observado y sin cohorte disponible - sin base estadística suficiente para estimar vida útil.,,,,,,,,,,,1,0,0,,,NO_DATA,,,INSUFFICIENT_DATA,NO_MANUFACTURER_DATA,6,Insuficiente,0 intervalo(s) válidos (+0) | match exacto/alias (REF_EXACT) (+12) | asociación single (+12) | sin cobertura calculable (+0) | sin intervalos suficientes (+0) | sin cohorte disponible (+0) | hay datos de uso/contrato/horario (+8) | Weibull no evaluado (n insuficiente) (+4) | estimación de tipo INSUFFICIENT_DATA (+0) | n=0 intervalos (<10) (-10) | n=0 intervalos (<3) (-20),,INSUFFICIENT_DATA,6,Insuficiente,0 intervalo(s) válidos (+0) | match exacto/alias (REF_EXACT) (+12) | asociación single (+12) | sin cobertura calculable (+0) | sin intervalos suficientes (+0) | sin cohorte disponible (+0) | hay datos de uso/contrato/horario (+8) | Weibull no evaluado (n insuficiente) (+4) | estimación de tipo INSUFFICIENT_DATA (+0) | n=0 intervalos (<10) (-10) | n=0 intervalos (<3) (-20),,,,,,NONE,0,Solo un evento observado para esta combinación - no se puede estimar vida útil todavía sin cohorte.
APOTECA-CHEMO,FUNDACION ARTURO LOPEZ PEREZ,129530,Elastic belt for air filter,2024-05-09T12:30:00.000Z,2024-05-09T12:30:00.000Z,1,0,,,NONE,INSUFFICIENT_DATA,Un solo evento observado y sin cohorte disponible - sin base estadística suficiente para estimar vida útil.,,,,,,,,,,,1,0,0,,,NO_DATA,,,INSUFFICIENT_DATA,NO_MANUFACTURER_DATA,6,Insuficiente,0 intervalo(s) válidos (+0) | match exacto/alias (REF_EXACT) (+12) | asociación single (+12) | sin cobertura calculable (+0) | sin intervalos suficientes (+0) | sin cohorte disponible (+0) | hay datos de uso/contrato/horario (+8) | Weibull no evaluado (n insuficiente) (+4) | estimación de tipo INSUFFICIENT_DATA (+0) | n=0 intervalos (<10) (-10) | n=0 intervalos (<3) (-20),,INSUFFICIENT_DATA,6,Insuficiente,0 intervalo(s) válidos (+0) | match exacto/alias (REF_EXACT) (+12) | asociación single (+12) | sin cobertura calculable (+0) | sin intervalos suficientes (+0) | sin cohorte disponible (+0) | hay datos de uso/contrato/horario (+8) | Weibull no evaluado (n insuficiente) (+4) | estimación de tipo INSUFFICIENT_DATA (+0) | n=0 intervalos (<10) (-10) | n=0 intervalos (<3) (-20),,,,,,NONE,0,Solo un evento observado para esta combinación - no se puede estimar vida útil todavía sin cohorte.
Linac-109256,UC CHRISTUS - SCA,45133308244,"Cable, Varian IPCU to Varian ion pump",2024-05-17T16:31:00.000Z,2024-05-17T16:31:00.000Z,1,0,,,NONE,INSUFFICIENT_DATA,Un solo evento observado y sin cohorte disponible - sin base estadística suficiente para estimar vida útil.,,,,,,,,,,,1,0,0,,,NO_DATA,,,INSUFFICIENT_DATA,NO_MANUFACTURER_DATA,6,Insuficiente,0 intervalo(s) válidos (+0) | match exacto/alias (REF_EXACT) (+12) | asociación single (+12) | sin cobertura calculable (+0) | sin intervalos suficientes (+0) | sin cohorte disponible (+0) | hay datos de uso/contrato/horario (+8) | Weibull no evaluado (n insuficiente) (+4) | estimación de tipo INSUFFICIENT_DATA (+0) | n=0 intervalos (<10) (-10) | n=0 intervalos (<3) (-20),,INSUFFICIENT_DATA,6,Insuficiente,0 intervalo(s) válidos (+0) | match exacto/alias (REF_EXACT) (+12) | asociación single (+12) | sin cobertura calculable (+0) | sin intervalos suficientes (+0) | sin cohorte disponible (+0) | hay datos de uso/contrato/horario (+8) | Weibull no evaluado (n insuficiente) (+4) | estimación de tipo INSUFFICIENT_DATA (+0) | n=0 intervalos (<10) (-10) | n=0 intervalos (<3) (-20),,,,,,NONE,0,Solo un evento observado para esta combinación - no se puede estimar vida útil todavía sin cohorte.
Linac-109374,UC CHRISTUS - CECA,1011030,"Lens, Collimator",2024-05-17T20:39:00.000Z,2024-05-17T20:39:00.000Z,1,0,,,NONE,INSUFFICIENT_DATA,Un solo evento observado y sin cohorte disponible - sin base estadística suficiente para estimar vida útil.,,,,,,,,,,,1,0,0,,,NO_DATA,,,INSUFFICIENT_DATA,NO_MANUFACTURER_DATA,6,Insuficiente,0 intervalo(s) válidos (+0) | match exacto/alias (REF_EXACT) (+12) | asociación single (+12) | sin cobertura calculable (+0) | sin intervalos suficientes (+0) | sin cohorte disponible (+0) | hay datos de uso/contrato/horario (+8) | Weibull no evaluado (n insuficiente) (+4) | estimación de tipo INSUFFICIENT_DATA (+0) | n=0 intervalos (<10) (-10) | n=0 intervalos (<3) (-20),,INSUFFICIENT_DATA,6,Insuficiente,0 intervalo(s) válidos (+0) | match exacto/alias (REF_EXACT) (+12) | asociación single (+12) | sin cobertura calculable (+0) | sin intervalos suficientes (+0) | sin cohorte disponible (+0) | hay datos de uso/contrato/horario (+8) | Weibull no evaluado (n insuficiente) (+4) | estimación de tipo INSUFFICIENT_DATA (+0) | n=0 intervalos (<10) (-10) | n=0 intervalos (<3) (-20),,,,,,NONE,0.08,Solo un evento observado para esta combinación - no se puede estimar vida útil todavía sin cohorte.
Linac-109374,UC CHRISTUS - CECA,1557545,"Camera, DX9",2024-05-17T20:39:00.000Z,2024-05-17T20:39:00.000Z,1,0,,158.78,EMPIRICAL_BAYES_SHRINKAGE,BORROWED_COHORT_ESTIMATE,"Un solo evento observado, sin intervalo propio - se usa 100% la estimación de la cohorte (same_client_same_part).",158.78,5.22,,158.78,,,,0,1,same_client_same_part,1,0,0,2.3,,NO_DATA,,2024-10-23T15:22:12.000Z,BORROWED_COHORT_ESTIMATE,NO_MANUFACTURER_DATA,11,Insuficiente,0 intervalo(s) válidos (+0) | match exacto/alias (REF_EXACT) (+12) | asociación single (+12) | sin cobertura calculable (+0) | sin intervalos suficientes (+0) | hay estimación de cohorte disponible (+12) | hay datos de uso/contrato/horario (+8) | Weibull no evaluado (n insuficiente) (+4) | estimación de tipo BORROWED_COHORT_ESTIMATE (+1) | n=0 intervalos (<10) (-10) | n=0 intervalos (<3) (-20) | estimación prestada de cohorte (-8),,BORROWED_COHORT_ESTIMATE,11,Insuficiente,0 intervalo(s) válidos (+0) | match exacto/alias (REF_EXACT) (+12) | asociación single (+12) | sin cobertura calculable (+0) | sin intervalos suficientes (+0) | hay estimación de cohorte disponible (+12) | hay datos de uso/contrato/horario (+8) | Weibull no evaluado (n insuficiente) (+4) | estimación de tipo BORROWED_COHORT_ESTIMATE (+1) | n=0 intervalos (<10) (-10) | n=0 intervalos (<3) (-20) | estimación prestada de cohorte (-8),,,,,,EMPIRICAL_BAYES_SHRINKAGE,0.08,Solo un evento observado para esta combinación - no se puede estimar vida útil todavía sin cohorte.
Linac-109374,UC CHRISTUS - CECA,1565836,"KIT, SPARES, DLG BRAKE",2024-05-17T20:39:00.000Z,2024-05-17T20:39:00.000Z,1,0,,143.74,EMPIRICAL_BAYES_SHRINKAGE,BORROWED_COHORT_ESTIMATE,"Un solo evento observado, sin intervalo propio - se usa 100% la estimación de la cohorte (same_client_same_part).",143.74,4.72,,143.74,,,,0,1,same_client_same_part,1,0,0,2.54,,NO_DATA,,2024-10-08T14:24:36.000Z,BORROWED_COHORT_ESTIMATE,NO_MANUFACTURER_DATA,11,Insuficiente,0 intervalo(s) válidos (+0) | match exacto/alias (REF_EXACT) (+12) | asociación single (+12) | sin cobertura calculable (+0) | sin intervalos suficientes (+0) | hay estimación de cohorte disponible (+12) | hay datos de uso/contrato/horario (+8) | Weibull no evaluado (n insuficiente) (+4) | estimación de tipo BORROWED_COHORT_ESTIMATE (+1) | n=0 intervalos (<10) (-10) | n=0 intervalos (<3) (-20) | estimación prestada de cohorte (-8),,BORROWED_COHORT_ESTIMATE,11,Insuficiente,0 intervalo(s) válidos (+0) | match exacto/alias (REF_EXACT) (+12) | asociación single (+12) | sin cobertura calculable (+0) | sin intervalos suficientes (+0) | hay estimación de cohorte disponible (+12) | hay datos de uso/contrato/horario (+8) | Weibull no evaluado (n insuficiente) (+4) | estimación de tipo BORROWED_COHORT_ESTIMATE (+1) | n=0 intervalos (<10) (-10) | n=0 intervalos (<3) (-20) | estimación prestada de cohorte (-8),,,,,,EMPIRICAL_BAYES_SHRINKAGE,0.08,Solo un evento observado para esta combinación - no se puede estimar vida útil todavía sin cohorte.
Linac-109256,UC CHRISTUS - SCA,1010848,"Mirror assembly, optics (Agility)",2024-05-17T20:00:00.000Z,2024-05-17T20:00:00.000Z,1,0,,350.86,EMPIRICAL_BAYES_SHRINKAGE,BORROWED_COHORT_ESTIMATE,"Un solo evento observado, sin intervalo propio - se usa 100% la estimación de la cohorte (same_client_same_part).",350.86,11.53,,350.86,,,,0,1,same_client_same_part,1,0,0,1.04,,NO_DATA,,2025-05-03T16:38:24.000Z,BORROWED_COHORT_ESTIMATE,NO_MANUFACTURER_DATA,11,Insuficiente,0 intervalo(s) válidos (+0) | match exacto/alias (REF_EXACT) (+12) | asociación single (+12) | sin cobertura calculable (+0) | sin intervalos suficientes (+0) | hay estimación de cohorte disponible (+12) | hay datos de uso/contrato/horario (+8) | Weibull no evaluado (n insuficiente) (+4) | estimación de tipo BORROWED_COHORT_ESTIMATE (+1) | n=0 intervalos (<10) (-10) | n=0 intervalos (<3) (-20) | estimación prestada de cohorte (-8),,BORROWED_COHORT_ESTIMATE,11,Insuficiente,0 intervalo(s) válidos (+0) | match exacto/alias (REF_EXACT) (+12) | asociación single (+12) | sin cobertura calculable (+0) | sin intervalos suficientes (+0) | hay estimación de cohorte disponible (+12) | hay datos de uso/contrato/horario (+8) | Weibull no evaluado (n insuficiente) (+4) | estimación de tipo BORROWED_COHORT_ESTIMATE (+1) | n=0 intervalos (<10) (-10) | n=0 intervalos (<3) (-20) | estimación prestada de cohorte (-8),,,,,,EMPIRICAL_BAYES_SHRINKAGE,0,Solo un evento observado para esta combinación - no se puede estimar vida útil todavía sin cohorte.
Linac-109256,UC CHRISTUS - SCA,4513316442101T,"Potentiometer, 20k, 10 turns Coarse/Check",2024-05-22T22:00:00.000Z,2024-05-22T22:00:00.000Z,1,0,,301.18,EMPIRICAL_BAYES_SHRINKAGE,BORROWED_COHORT_ESTIMATE,"Un solo evento observado, sin intervalo propio - se usa 100% la estimación de la cohorte (same_client_same_part).",301.18,9.89,,301.18,,,,0,1,same_client_same_part,1,0,0,1.21,,NO_DATA,,2025-03-20T02:19:12.000Z,BORROWED_COHORT_ESTIMATE,NO_MANUFACTURER_DATA,11,Insuficiente,0 intervalo(s) válidos (+0) | match exacto/alias (REF_EXACT) (+12) | asociación single (+12) | sin cobertura calculable (+0) | sin intervalos suficientes (+0) | hay estimación de cohorte disponible (+12) | hay datos de uso/contrato/horario (+8) | Weibull no evaluado (n insuficiente) (+4) | estimación de tipo BORROWED_COHORT_ESTIMATE (+1) | n=0 intervalos (<10) (-10) | n=0 intervalos (<3) (-20) | estimación prestada de cohorte (-8),,BORROWED_COHORT_ESTIMATE,11,Insuficiente,0 intervalo(s) válidos (+0) | match exacto/alias (REF_EXACT) (+12) | asociación single (+12) | sin cobertura calculable (+0) | sin intervalos suficientes (+0) | hay estimación de cohorte disponible (+12) | hay datos de uso/contrato/horario (+8) | Weibull no evaluado (n insuficiente) (+4) | estimación de tipo BORROWED_COHORT_ESTIMATE (+1) | n=0 intervalos (<10) (-10) | n=0 intervalos (<3) (-20) | estimación prestada de cohorte (-8),,,,,,EMPIRICAL_BAYES_SHRINKAGE,0.75,Solo un evento observado para esta combinación - no se puede estimar vida útil todavía sin cohorte.
INC-INFINITY01,Instituto Nacional del Cáncer (INC),45133411846,"CABLE ASSY, PL5 TO SK5A",2024-05-31T00:49:00.000Z,2024-05-31T00:49:00.000Z,1,0,,222.83,EMPIRICAL_BAYES_SHRINKAGE,BORROWED_COHORT_ESTIMATE,"Un solo evento observado, sin intervalo propio - se usa 100% la estimación de la cohorte (same_client_same_part).",222.83,7.32,,222.83,,,,0,1,same_client_same_part,1,0,0,1.64,,NO_DATA,,2025-01-08T20:44:12.000Z,BORROWED_COHORT_ESTIMATE,NO_MANUFACTURER_DATA,7,Insuficiente,0 intervalo(s) válidos (+0) | match por método débil (REF_LIKE) (+8) | asociación single (+12) | sin cobertura calculable (+0) | sin intervalos suficientes (+0) | hay estimación de cohorte disponible (+12) | hay datos de uso/contrato/horario (+8) | Weibull no evaluado (n insuficiente) (+4) | estimación de tipo BORROWED_COHORT_ESTIMATE (+1) | n=0 intervalos (<10) (-10) | n=0 intervalos (<3) (-20) | estimación prestada de cohorte (-8),,BORROWED_COHORT_ESTIMATE,7,Insuficiente,0 intervalo(s) válidos (+0) | match por método débil (REF_LIKE) (+8) | asociación single (+12) | sin cobertura calculable (+0) | sin intervalos suficientes (+0) | hay estimación de cohorte disponible (+12) | hay datos de uso/contrato/horario (+8) | Weibull no evaluado (n insuficiente) (+4) | estimación de tipo BORROWED_COHORT_ESTIMATE (+1) | n=0 intervalos (<10) (-10) | n=0 intervalos (<3) (-20) | estimación prestada de cohorte (-8),,,,,,EMPIRICAL_BAYES_SHRINKAGE,1,Solo un evento observado para esta combinación - no se puede estimar vida útil todavía sin cohorte.
INC-INFINITY01,Instituto Nacional del Cáncer (INC),4513341220301G,"CABLE, T-GUARD AND LAT MOTOR",2024-05-31T00:49:00.000Z,2024-05-31T00:49:00.000Z,1,0,,327.54,EMPIRICAL_BAYES_SHRINKAGE,BORROWED_COHORT_ESTIMATE,"Un solo evento observado, sin intervalo propio - se usa 100% la estimación de la cohorte (same_client_same_part).",327.54,10.76,,327.54,,,,0,1,same_client_same_part,1,0,0,1.12,,NO_DATA,,2025-04-23T13:46:36.000Z,BORROWED_COHORT_ESTIMATE,NO_MANUFACTURER_DATA,11,Insuficiente,0 intervalo(s) válidos (+0) | match exacto/alias (REF_EXACT) (+12) | asociación single (+12) | sin cobertura calculable (+0) | sin intervalos suficientes (+0) | hay estimación de cohorte disponible (+12) | hay datos de uso/contrato/horario (+8) | Weibull no evaluado (n insuficiente) (+4) | estimación de tipo BORROWED_COHORT_ESTIMATE (+1) | n=0 intervalos (<10) (-10) | n=0 intervalos (<3) (-20) | estimación prestada de cohorte (-8),,BORROWED_COHORT_ESTIMATE,11,Insuficiente,0 intervalo(s) válidos (+0) | match exacto/alias (REF_EXACT) (+12) | asociación single (+12) | sin cobertura calculable (+0) | sin intervalos suficientes (+0) | hay estimación de cohorte disponible (+12) | hay datos de uso/contrato/horario (+8) | Weibull no evaluado (n insuficiente) (+4) | estimación de tipo BORROWED_COHORT_ESTIMATE (+1) | n=0 intervalos (<10) (-10) | n=0 intervalos (<3) (-20) | estimación prestada de cohorte (-8),,,,,,EMPIRICAL_BAYES_SHRINKAGE,1,Solo un evento observado para esta combinación - no se puede estimar vida útil todavía sin cohorte.
INC-INFINITY01,Instituto Nacional del Cáncer (INC),4513341185001U,"Cable Assy, Pl9 to S",2024-05-31T00:49:00.000Z,2024-05-31T00:49:00.000Z,1,0,,375.17,EMPIRICAL_BAYES_SHRINKAGE,BORROWED_COHORT_ESTIMATE,"Un solo evento observado, sin intervalo propio - se usa 100% la estimación de la cohorte (same_client_same_part).",375.17,12.32,,375.17,,,,0,1,same_client_same_part,1,0,0,0.97,,NO_DATA,,2025-06-10T04:53:48.000Z,BORROWED_COHORT_ESTIMATE,NO_MANUFACTURER_DATA,11,Insuficiente,0 intervalo(s) válidos (+0) | match exacto/alias (REF_EXACT) (+12) | asociación single (+12) | sin cobertura calculable (+0) | sin intervalos suficientes (+0) | hay estimación de cohorte disponible (+12) | hay datos de uso/contrato/horario (+8) | Weibull no evaluado (n insuficiente) (+4) | estimación de tipo BORROWED_COHORT_ESTIMATE (+1) | n=0 intervalos (<10) (-10) | n=0 intervalos (<3) (-20) | estimación prestada de cohorte (-8),,BORROWED_COHORT_ESTIMATE,11,Insuficiente,0 intervalo(s) válidos (+0) | match exacto/alias (REF_EXACT) (+12) | asociación single (+12) | sin cobertura calculable (+0) | sin intervalos suficientes (+0) | hay estimación de cohorte disponible (+12) | hay datos de uso/contrato/horario (+8) | Weibull no evaluado (n insuficiente) (+4) | estimación de tipo BORROWED_COHORT_ESTIMATE (+1) | n=0 intervalos (<10) (-10) | n=0 intervalos (<3) (-20) | estimación prestada de cohorte (-8),,,,,,EMPIRICAL_BAYES_SHRINKAGE,1,Solo un evento observado para esta combinación - no se puede estimar vida útil todavía sin cohorte.
Linac-154325,HOSPITAL CARLOS VAN BUREN (SSVSA),45133308730,HHC reciever unit MK2,2024-05-31T10:30:00.000Z,2024-05-31T10:30:00.000Z,1,0,,,NONE,INSUFFICIENT_DATA,Un solo evento observado y sin cohorte disponible - sin base estadística suficiente para estimar vida útil.,,,,,,,,,,,1,0,0,,,NO_DATA,,,INSUFFICIENT_DATA,NO_MANUFACTURER_DATA,6,Insuficiente,0 intervalo(s) válidos (+0) | match exacto/alias (REF_EXACT) (+12) | asociación single (+12) | sin cobertura calculable (+0) | sin intervalos suficientes (+0) | sin cohorte disponible (+0) | hay datos de uso/contrato/horario (+8) | Weibull no evaluado (n insuficiente) (+4) | estimación de tipo INSUFFICIENT_DATA (+0) | n=0 intervalos (<10) (-10) | n=0 intervalos (<3) (-20),,INSUFFICIENT_DATA,6,Insuficiente,0 intervalo(s) válidos (+0) | match exacto/alias (REF_EXACT) (+12) | asociación single (+12) | sin cobertura calculable (+0) | sin intervalos suficientes (+0) | sin cohorte disponible (+0) | hay datos de uso/contrato/horario (+8) | Weibull no evaluado (n insuficiente) (+4) | estimación de tipo INSUFFICIENT_DATA (+0) | n=0 intervalos (<10) (-10) | n=0 intervalos (<3) (-20),,,,,,NONE,1,Solo un evento observado para esta combinación - no se puede estimar vida útil todavía sin cohorte.
Linac-153935,UC CHRISTUS - CECA,45133902974,"PCB ASSY,MOVEMENTS ENABLE (HME)",2024-06-05T18:27:00.000Z,2024-06-05T18:27:00.000Z,1,0,,,NONE,INSUFFICIENT_DATA,Un solo evento observado y sin cohorte disponible - sin base estadística suficiente para estimar vida útil.,,,,,,,,,,,1,0,0,,,NO_DATA,,,INSUFFICIENT_DATA,NO_MANUFACTURER_DATA,6,Insuficiente,0 intervalo(s) válidos (+0) | match exacto/alias (REF_EXACT) (+12) | asociación single (+12) | sin cobertura calculable (+0) | sin intervalos suficientes (+0) | sin cohorte disponible (+0) | hay datos de uso/contrato/horario (+8) | Weibull no evaluado (n insuficiente) (+4) | estimación de tipo INSUFFICIENT_DATA (+0) | n=0 intervalos (<10) (-10) | n=0 intervalos (<3) (-20),,INSUFFICIENT_DATA,6,Insuficiente,0 intervalo(s) válidos (+0) | match exacto/alias (REF_EXACT) (+12) | asociación single (+12) | sin cobertura calculable (+0) | sin intervalos suficientes (+0) | sin cohorte disponible (+0) | hay datos de uso/contrato/horario (+8) | Weibull no evaluado (n insuficiente) (+4) | estimación de tipo INSUFFICIENT_DATA (+0) | n=0 intervalos (<10) (-10) | n=0 intervalos (<3) (-20),,,,,,NONE,0,Solo un evento observado para esta combinación - no se puede estimar vida útil todavía sin cohorte.
Linac-151673,CLINICA ALEMANA DE SANTIAGO,1517657,"PCB ASSY, LEAF MOTOR DRIVE - 1 Only",2024-06-13T12:45:00.000Z,2024-06-13T12:45:00.000Z,1,0,,209.12,EMPIRICAL_BAYES_SHRINKAGE,BORROWED_COHORT_ESTIMATE,"Un solo evento observado, sin intervalo propio - se usa 100% la estimación de la cohorte (same_client_same_part).",209.12,6.87,,209.12,,,,0,1,same_client_same_part,1,0,0,1.75,,NO_DATA,,2025-01-08T15:37:48.000Z,BORROWED_COHORT_ESTIMATE,NO_MANUFACTURER_DATA,11,Insuficiente,0 intervalo(s) válidos (+0) | match exacto/alias (REF_EXACT) (+12) | asociación single (+12) | sin cobertura calculable (+0) | sin intervalos suficientes (+0) | hay estimación de cohorte disponible (+12) | hay datos de uso/contrato/horario (+8) | Weibull no evaluado (n insuficiente) (+4) | estimación de tipo BORROWED_COHORT_ESTIMATE (+1) | n=0 intervalos (<10) (-10) | n=0 intervalos (<3) (-20) | estimación prestada de cohorte (-8),,BORROWED_COHORT_ESTIMATE,11,Insuficiente,0 intervalo(s) válidos (+0) | match exacto/alias (REF_EXACT) (+12) | asociación single (+12) | sin cobertura calculable (+0) | sin intervalos suficientes (+0) | hay estimación de cohorte disponible (+12) | hay datos de uso/contrato/horario (+8) | Weibull no evaluado (n insuficiente) (+4) | estimación de tipo BORROWED_COHORT_ESTIMATE (+1) | n=0 intervalos (<10) (-10) | n=0 intervalos (<3) (-20) | estimación prestada de cohorte (-8),,,,,,EMPIRICAL_BAYES_SHRINKAGE,0,Solo un evento observado para esta combinación - no se puede estimar vida útil todavía sin cohorte.
Linac-109374,UC CHRISTUS - CECA,1554784,Camera cable,2024-06-18T22:16:00.000Z,2024-06-18T22:16:00.000Z,1,0,,,NONE,INSUFFICIENT_DATA,Un solo evento observado y sin cohorte disponible - sin base estadística suficiente para estimar vida útil.,,,,,,,,,,,1,0,0,,,NO_DATA,,,INSUFFICIENT_DATA,NO_MANUFACTURER_DATA,6,Insuficiente,0 intervalo(s) válidos (+0) | match exacto/alias (REF_EXACT) (+12) | asociación single (+12) | sin cobertura calculable (+0) | sin intervalos suficientes (+0) | sin cohorte disponible (+0) | hay datos de uso/contrato/horario (+8) | Weibull no evaluado (n insuficiente) (+4) | estimación de tipo INSUFFICIENT_DATA (+0) | n=0 intervalos (<10) (-10) | n=0 intervalos (<3) (-20),,INSUFFICIENT_DATA,6,Insuficiente,0 intervalo(s) válidos (+0) | match exacto/alias (REF_EXACT) (+12) | asociación single (+12) | sin cobertura calculable (+0) | sin intervalos suficientes (+0) | sin cohorte disponible (+0) | hay datos de uso/contrato/horario (+8) | Weibull no evaluado (n insuficiente) (+4) | estimación de tipo INSUFFICIENT_DATA (+0) | n=0 intervalos (<10) (-10) | n=0 intervalos (<3) (-20),,,,,,NONE,0,Solo un evento observado para esta combinación - no se puede estimar vida útil todavía sin cohorte.
Linac-109256,UC CHRISTUS - SCA,1549950,"HHC kit,Synergy/Infinity",2024-06-25T22:51:00.000Z,2024-06-25T22:51:00.000Z,1,0,,144.13,EMPIRICAL_BAYES_SHRINKAGE,BORROWED_COHORT_ESTIMATE,"Un solo evento observado, sin intervalo propio - se usa 100% la estimación de la cohorte (same_client_same_part).",144.13,4.73,,144.13,,,,0,1,same_client_same_part,1,0,0,2.53,,NO_DATA,,2024-11-17T01:58:12.000Z,BORROWED_COHORT_ESTIMATE,NO_MANUFACTURER_DATA,11,Insuficiente,0 intervalo(s) válidos (+0) | match exacto/alias (REF_EXACT) (+12) | asociación single (+12) | sin cobertura calculable (+0) | sin intervalos suficientes (+0) | hay estimación de cohorte disponible (+12) | hay datos de uso/contrato/horario (+8) | Weibull no evaluado (n insuficiente) (+4) | estimación de tipo BORROWED_COHORT_ESTIMATE (+1) | n=0 intervalos (<10) (-10) | n=0 intervalos (<3) (-20) | estimación prestada de cohorte (-8),,BORROWED_COHORT_ESTIMATE,11,Insuficiente,0 intervalo(s) válidos (+0) | match exacto/alias (REF_EXACT) (+12) | asociación single (+12) | sin cobertura calculable (+0) | sin intervalos suficientes (+0) | hay estimación de cohorte disponible (+12) | hay datos de uso/contrato/horario (+8) | Weibull no evaluado (n insuficiente) (+4) | estimación de tipo BORROWED_COHORT_ESTIMATE (+1) | n=0 intervalos (<10) (-10) | n=0 intervalos (<3) (-20) | estimación prestada de cohorte (-8),,,,,,EMPIRICAL_BAYES_SHRINKAGE,0.33,Solo un evento observado para esta combinación - no se puede estimar vida útil todavía sin cohorte.
LINAC-153038,FUNDACION ARTURO LOPEZ PEREZ,1568178,SIB PCB,2024-07-02T15:00:00.000Z,2024-07-02T15:00:00.000Z,1,0,,122.28,EMPIRICAL_BAYES_SHRINKAGE,BORROWED_COHORT_ESTIMATE,"Un solo evento observado, sin intervalo propio - se usa 100% la estimación de la cohorte (same_client_same_part).",122.28,4.02,,122.28,,,,0,1,same_client_same_part,1,0,0,2.99,,NO_DATA,,2024-11-01T21:43:12.000Z,BORROWED_COHORT_ESTIMATE,NO_MANUFACTURER_DATA,11,Insuficiente,0 intervalo(s) válidos (+0) | match exacto/alias (REF_EXACT) (+12) | asociación single (+12) | sin cobertura calculable (+0) | sin intervalos suficientes (+0) | hay estimación de cohorte disponible (+12) | hay datos de uso/contrato/horario (+8) | Weibull no evaluado (n insuficiente) (+4) | estimación de tipo BORROWED_COHORT_ESTIMATE (+1) | n=0 intervalos (<10) (-10) | n=0 intervalos (<3) (-20) | estimación prestada de cohorte (-8),,BORROWED_COHORT_ESTIMATE,11,Insuficiente,0 intervalo(s) válidos (+0) | match exacto/alias (REF_EXACT) (+12) | asociación single (+12) | sin cobertura calculable (+0) | sin intervalos suficientes (+0) | hay estimación de cohorte disponible (+12) | hay datos de uso/contrato/horario (+8) | Weibull no evaluado (n insuficiente) (+4) | estimación de tipo BORROWED_COHORT_ESTIMATE (+1) | n=0 intervalos (<10) (-10) | n=0 intervalos (<3) (-20) | estimación prestada de cohorte (-8),,,,,,EMPIRICAL_BAYES_SHRINKAGE,0,Solo un evento observado para esta combinación - no se puede estimar vida útil todavía sin cohorte.
Linac-201110,CLÍNICA SANATORIO ALEMÁN (ONCORAD),1519710,"FRU, HT CABLE, cable assembly, Transformer M2, M4 -Magnetron",2024-07-04T16:30:00.000Z,2024-07-04T16:30:00.000Z,1,0,,,NONE,INSUFFICIENT_DATA,Un solo evento observado y sin cohorte disponible - sin base estadística suficiente para estimar vida útil.,,,,,,,,,,,1,0,0,,,NO_DATA,,,INSUFFICIENT_DATA,NO_MANUFACTURER_DATA,6,Insuficiente,0 intervalo(s) válidos (+0) | match exacto/alias (REF_EXACT) (+12) | asociación single (+12) | sin cobertura calculable (+0) | sin intervalos suficientes (+0) | sin cohorte disponible (+0) | hay datos de uso/contrato/horario (+8) | Weibull no evaluado (n insuficiente) (+4) | estimación de tipo INSUFFICIENT_DATA (+0) | n=0 intervalos (<10) (-10) | n=0 intervalos (<3) (-20),,INSUFFICIENT_DATA,6,Insuficiente,0 intervalo(s) válidos (+0) | match exacto/alias (REF_EXACT) (+12) | asociación single (+12) | sin cobertura calculable (+0) | sin intervalos suficientes (+0) | sin cohorte disponible (+0) | hay datos de uso/contrato/horario (+8) | Weibull no evaluado (n insuficiente) (+4) | estimación de tipo INSUFFICIENT_DATA (+0) | n=0 intervalos (<10) (-10) | n=0 intervalos (<3) (-20),,,,,,NONE,0,Solo un evento observado para esta combinación - no se puede estimar vida útil todavía sin cohorte.
LINAC-153038,FUNDACION ARTURO LOPEZ PEREZ,1569678,FCO Hardware ModKit (Solenoid Microswitch ModKit for imaging Arms),2024-07-09T21:00:00.000Z,2024-07-09T21:00:00.000Z,1,0,,,NONE,INSUFFICIENT_DATA,Un solo evento observado y sin cohorte disponible - sin base estadística suficiente para estimar vida útil.,,,,,,,,,,,1,0,0,,,NO_DATA,,,INSUFFICIENT_DATA,NO_MANUFACTURER_DATA,6,Insuficiente,0 intervalo(s) válidos (+0) | match exacto/alias (REF_EXACT) (+12) | asociación single (+12) | sin cobertura calculable (+0) | sin intervalos suficientes (+0) | sin cohorte disponible (+0) | hay datos de uso/contrato/horario (+8) | Weibull no evaluado (n insuficiente) (+4) | estimación de tipo INSUFFICIENT_DATA (+0) | n=0 intervalos (<10) (-10) | n=0 intervalos (<3) (-20),,INSUFFICIENT_DATA,6,Insuficiente,0 intervalo(s) válidos (+0) | match exacto/alias (REF_EXACT) (+12) | asociación single (+12) | sin cobertura calculable (+0) | sin intervalos suficientes (+0) | sin cohorte disponible (+0) | hay datos de uso/contrato/horario (+8) | Weibull no evaluado (n insuficiente) (+4) | estimación de tipo INSUFFICIENT_DATA (+0) | n=0 intervalos (<10) (-10) | n=0 intervalos (<3) (-20),,,,,,NONE,0.25,Solo un evento observado para esta combinación - no se puede estimar vida útil todavía sin cohorte.
Linac-154325,HOSPITAL CARLOS VAN BUREN (SSVSA),1022378,"DIODE ASSY, FRU",2024-07-10T12:21:00.000Z,2024-07-10T12:21:00.000Z,1,0,,229.11,EMPIRICAL_BAYES_SHRINKAGE,BORROWED_COHORT_ESTIMATE,"Un solo evento observado, sin intervalo propio - se usa 100% la estimación de la cohorte (same_client_same_part).",229.11,7.53,,229.11,,,,0,1,same_client_same_part,1,0,0,1.59,,NO_DATA,,2025-02-24T14:59:24.000Z,BORROWED_COHORT_ESTIMATE,NO_MANUFACTURER_DATA,11,Insuficiente,0 intervalo(s) válidos (+0) | match exacto/alias (REF_EXACT) (+12) | asociación single (+12) | sin cobertura calculable (+0) | sin intervalos suficientes (+0) | hay estimación de cohorte disponible (+12) | hay datos de uso/contrato/horario (+8) | Weibull no evaluado (n insuficiente) (+4) | estimación de tipo BORROWED_COHORT_ESTIMATE (+1) | n=0 intervalos (<10) (-10) | n=0 intervalos (<3) (-20) | estimación prestada de cohorte (-8),,BORROWED_COHORT_ESTIMATE,11,Insuficiente,0 intervalo(s) válidos (+0) | match exacto/alias (REF_EXACT) (+12) | asociación single (+12) | sin cobertura calculable (+0) | sin intervalos suficientes (+0) | hay estimación de cohorte disponible (+12) | hay datos de uso/contrato/horario (+8) | Weibull no evaluado (n insuficiente) (+4) | estimación de tipo BORROWED_COHORT_ESTIMATE (+1) | n=0 intervalos (<10) (-10) | n=0 intervalos (<3) (-20) | estimación prestada de cohorte (-8),,,,,,EMPIRICAL_BAYES_SHRINKAGE,0.08,Solo un evento observado para esta combinación - no se puede estimar vida útil todavía sin cohorte.
Linac-109256,UC CHRISTUS - SCA,1505146,"PCB ASSEMBLY, CITB",2024-07-10T22:00:00.000Z,2024-07-10T22:00:00.000Z,1,0,,,NONE,INSUFFICIENT_DATA,Un solo evento observado y sin cohorte disponible - sin base estadística suficiente para estimar vida útil.,,,,,,,,,,,1,0,0,,,NO_DATA,,,INSUFFICIENT_DATA,NO_MANUFACTURER_DATA,6,Insuficiente,0 intervalo(s) válidos (+0) | match exacto/alias (REF_EXACT) (+12) | asociación single (+12) | sin cobertura calculable (+0) | sin intervalos suficientes (+0) | sin cohorte disponible (+0) | hay datos de uso/contrato/horario (+8) | Weibull no evaluado (n insuficiente) (+4) | estimación de tipo INSUFFICIENT_DATA (+0) | n=0 intervalos (<10) (-10) | n=0 intervalos (<3) (-20),,INSUFFICIENT_DATA,6,Insuficiente,0 intervalo(s) válidos (+0) | match exacto/alias (REF_EXACT) (+12) | asociación single (+12) | sin cobertura calculable (+0) | sin intervalos suficientes (+0) | sin cohorte disponible (+0) | hay datos de uso/contrato/horario (+8) | Weibull no evaluado (n insuficiente) (+4) | estimación de tipo INSUFFICIENT_DATA (+0) | n=0 intervalos (<10) (-10) | n=0 intervalos (<3) (-20),,,,,,NONE,0.75,Solo un evento observado para esta combinación - no se puede estimar vida útil todavía sin cohorte.
Linac-153935,UC CHRISTUS - CECA,1569678,FCO Hardware ModKit (Solenoid Microswitch ModKit for imaging Arms),2024-07-11T23:25:00.000Z,2024-07-11T23:25:00.000Z,1,0,,,NONE,INSUFFICIENT_DATA,Un solo evento observado y sin cohorte disponible - sin base estadística suficiente para estimar vida útil.,,,,,,,,,,,1,0,0,,,NO_DATA,,,INSUFFICIENT_DATA,NO_MANUFACTURER_DATA,6,Insuficiente,0 intervalo(s) válidos (+0) | match exacto/alias (REF_EXACT) (+12) | asociación single (+12) | sin cobertura calculable (+0) | sin intervalos suficientes (+0) | sin cohorte disponible (+0) | hay datos de uso/contrato/horario (+8) | Weibull no evaluado (n insuficiente) (+4) | estimación de tipo INSUFFICIENT_DATA (+0) | n=0 intervalos (<10) (-10) | n=0 intervalos (<3) (-20),,INSUFFICIENT_DATA,6,Insuficiente,0 intervalo(s) válidos (+0) | match exacto/alias (REF_EXACT) (+12) | asociación single (+12) | sin cobertura calculable (+0) | sin intervalos suficientes (+0) | sin cohorte disponible (+0) | hay datos de uso/contrato/horario (+8) | Weibull no evaluado (n insuficiente) (+4) | estimación de tipo INSUFFICIENT_DATA (+0) | n=0 intervalos (<10) (-10) | n=0 intervalos (<3) (-20),,,,,,NONE,0.45,Solo un evento observado para esta combinación - no se puede estimar vida útil todavía sin cohorte.
Linac-151673,CLINICA ALEMANA DE SANTIAGO,1569678,FCO Hardware ModKit (Solenoid Microswitch ModKit for imaging Arms),2024-07-15T21:00:00.000Z,2024-07-15T21:00:00.000Z,1,0,,,NONE,INSUFFICIENT_DATA,Un solo evento observado y sin cohorte disponible - sin base estadística suficiente para estimar vida útil.,,,,,,,,,,,1,0,0,,,NO_DATA,,,INSUFFICIENT_DATA,NO_MANUFACTURER_DATA,0,Insuficiente,0 intervalo(s) válidos (+0) | match exacto/alias (REF_EXACT) (+12) | asociación multi (+5) | sin cobertura calculable (+0) | sin intervalos suficientes (+0) | sin cohorte disponible (+0) | hay datos de uso/contrato/horario (+8) | Weibull no evaluado (n insuficiente) (+4) | estimación de tipo INSUFFICIENT_DATA (+0) | n=0 intervalos (<10) (-10) | n=0 intervalos (<3) (-20) | asociación desde task con múltiples equipos (-8),,INSUFFICIENT_DATA,0,Insuficiente,0 intervalo(s) válidos (+0) | match exacto/alias (REF_EXACT) (+12) | asociación multi (+5) | sin cobertura calculable (+0) | sin intervalos suficientes (+0) | sin cohorte disponible (+0) | hay datos de uso/contrato/horario (+8) | Weibull no evaluado (n insuficiente) (+4) | estimación de tipo INSUFFICIENT_DATA (+0) | n=0 intervalos (<10) (-10) | n=0 intervalos (<3) (-20) | asociación desde task con múltiples equipos (-8),,,,,,NONE,0.25,Solo un evento observado para esta combinación - no se puede estimar vida útil todavía sin cohorte.
Linac-152171,CLINICA ALEMANA DE SANTIAGO,1569678,FCO Hardware ModKit (Solenoid Microswitch ModKit for imaging Arms),2024-07-15T21:00:00.000Z,2024-07-15T21:00:00.000Z,1,0,,,NONE,INSUFFICIENT_DATA,Un solo evento observado y sin cohorte disponible - sin base estadística suficiente para estimar vida útil.,,,,,,,,,,,1,0,0,,,NO_DATA,,,INSUFFICIENT_DATA,NO_MANUFACTURER_DATA,0,Insuficiente,0 intervalo(s) válidos (+0) | match exacto/alias (REF_EXACT) (+12) | asociación multi (+5) | sin cobertura calculable (+0) | sin intervalos suficientes (+0) | sin cohorte disponible (+0) | hay datos de uso/contrato/horario (+8) | Weibull no evaluado (n insuficiente) (+4) | estimación de tipo INSUFFICIENT_DATA (+0) | n=0 intervalos (<10) (-10) | n=0 intervalos (<3) (-20) | asociación desde task con múltiples equipos (-8),,INSUFFICIENT_DATA,0,Insuficiente,0 intervalo(s) válidos (+0) | match exacto/alias (REF_EXACT) (+12) | asociación multi (+5) | sin cobertura calculable (+0) | sin intervalos suficientes (+0) | sin cohorte disponible (+0) | hay datos de uso/contrato/horario (+8) | Weibull no evaluado (n insuficiente) (+4) | estimación de tipo INSUFFICIENT_DATA (+0) | n=0 intervalos (<10) (-10) | n=0 intervalos (<3) (-20) | asociación desde task con múltiples equipos (-8),,,,,,NONE,0.25,Solo un evento observado para esta combinación - no se puede estimar vida útil todavía sin cohorte.
INC-INFINITY01,Instituto Nacional del Cáncer (INC),1007498,Longitudinal potentiometer - complete assembly,2024-07-24T20:27:00.000Z,2024-07-24T20:27:00.000Z,1,0,,,NONE,INSUFFICIENT_DATA,Un solo evento observado y sin cohorte disponible - sin base estadística suficiente para estimar vida útil.,,,,,,,,,,,1,0,0,,,NO_DATA,,,INSUFFICIENT_DATA,NO_MANUFACTURER_DATA,6,Insuficiente,0 intervalo(s) válidos (+0) | match exacto/alias (REF_EXACT) (+12) | asociación single (+12) | sin cobertura calculable (+0) | sin intervalos suficientes (+0) | sin cohorte disponible (+0) | hay datos de uso/contrato/horario (+8) | Weibull no evaluado (n insuficiente) (+4) | estimación de tipo INSUFFICIENT_DATA (+0) | n=0 intervalos (<10) (-10) | n=0 intervalos (<3) (-20),,INSUFFICIENT_DATA,6,Insuficiente,0 intervalo(s) válidos (+0) | match exacto/alias (REF_EXACT) (+12) | asociación single (+12) | sin cobertura calculable (+0) | sin intervalos suficientes (+0) | sin cohorte disponible (+0) | hay datos de uso/contrato/horario (+8) | Weibull no evaluado (n insuficiente) (+4) | estimación de tipo INSUFFICIENT_DATA (+0) | n=0 intervalos (<10) (-10) | n=0 intervalos (<3) (-20),,,,,,NONE,0.6,Solo un evento observado para esta combinación - no se puede estimar vida útil todavía sin cohorte.
INC-INFINITY01,Instituto Nacional del Cáncer (INC),45133411787,Longitudinal Drive Motor and Clutch Assembly,2024-07-26T02:05:00.000Z,2024-07-26T02:05:00.000Z,1,0,,,NONE,INSUFFICIENT_DATA,Un solo evento observado y sin cohorte disponible - sin base estadística suficiente para estimar vida útil.,,,,,,,,,,,1,0,0,,,NO_DATA,,,INSUFFICIENT_DATA,NO_MANUFACTURER_DATA,6,Insuficiente,0 intervalo(s) válidos (+0) | match exacto/alias (REF_EXACT) (+12) | asociación single (+12) | sin cobertura calculable (+0) | sin intervalos suficientes (+0) | sin cohorte disponible (+0) | hay datos de uso/contrato/horario (+8) | Weibull no evaluado (n insuficiente) (+4) | estimación de tipo INSUFFICIENT_DATA (+0) | n=0 intervalos (<10) (-10) | n=0 intervalos (<3) (-20),,INSUFFICIENT_DATA,6,Insuficiente,0 intervalo(s) válidos (+0) | match exacto/alias (REF_EXACT) (+12) | asociación single (+12) | sin cobertura calculable (+0) | sin intervalos suficientes (+0) | sin cohorte disponible (+0) | hay datos de uso/contrato/horario (+8) | Weibull no evaluado (n insuficiente) (+4) | estimación de tipo INSUFFICIENT_DATA (+0) | n=0 intervalos (<10) (-10) | n=0 intervalos (<3) (-20),,,,,,NONE,1,Solo un evento observado para esta combinación - no se puede estimar vida útil todavía sin cohorte.
INC-INFINITY01,Instituto Nacional del Cáncer (INC),1004818,"ASSEMBLY, KV ACB BREACKOUT",2024-07-26T02:05:00.000Z,2024-07-26T02:05:00.000Z,1,0,,,NONE,INSUFFICIENT_DATA,Un solo evento observado y sin cohorte disponible - sin base estadística suficiente para estimar vida útil.,,,,,,,,,,,1,0,0,,,NO_DATA,,,INSUFFICIENT_DATA,NO_MANUFACTURER_DATA,6,Insuficiente,0 intervalo(s) válidos (+0) | match exacto/alias (REF_EXACT) (+12) | asociación single (+12) | sin cobertura calculable (+0) | sin intervalos suficientes (+0) | sin cohorte disponible (+0) | hay datos de uso/contrato/horario (+8) | Weibull no evaluado (n insuficiente) (+4) | estimación de tipo INSUFFICIENT_DATA (+0) | n=0 intervalos (<10) (-10) | n=0 intervalos (<3) (-20),,INSUFFICIENT_DATA,6,Insuficiente,0 intervalo(s) válidos (+0) | match exacto/alias (REF_EXACT) (+12) | asociación single (+12) | sin cobertura calculable (+0) | sin intervalos suficientes (+0) | sin cohorte disponible (+0) | hay datos de uso/contrato/horario (+8) | Weibull no evaluado (n insuficiente) (+4) | estimación de tipo INSUFFICIENT_DATA (+0) | n=0 intervalos (<10) (-10) | n=0 intervalos (<3) (-20),,,,,,NONE,1,Solo un evento observado para esta combinación - no se puede estimar vida útil todavía sin cohorte.
INC-INFINITY01,Instituto Nacional del Cáncer (INC),1007099,Longitudinal PCB limit switch assembly,2024-08-01T00:56:00.000Z,2024-08-01T00:56:00.000Z,1,0,,,NONE,INSUFFICIENT_DATA,Un solo evento observado y sin cohorte disponible - sin base estadística suficiente para estimar vida útil.,,,,,,,,,,,1,0,0,,,NO_DATA,,,INSUFFICIENT_DATA,NO_MANUFACTURER_DATA,6,Insuficiente,0 intervalo(s) válidos (+0) | match exacto/alias (REF_EXACT) (+12) | asociación single (+12) | sin cobertura calculable (+0) | sin intervalos suficientes (+0) | sin cohorte disponible (+0) | hay datos de uso/contrato/horario (+8) | Weibull no evaluado (n insuficiente) (+4) | estimación de tipo INSUFFICIENT_DATA (+0) | n=0 intervalos (<10) (-10) | n=0 intervalos (<3) (-20),,INSUFFICIENT_DATA,6,Insuficiente,0 intervalo(s) válidos (+0) | match exacto/alias (REF_EXACT) (+12) | asociación single (+12) | sin cobertura calculable (+0) | sin intervalos suficientes (+0) | sin cohorte disponible (+0) | hay datos de uso/contrato/horario (+8) | Weibull no evaluado (n insuficiente) (+4) | estimación de tipo INSUFFICIENT_DATA (+0) | n=0 intervalos (<10) (-10) | n=0 intervalos (<3) (-20),,,,,,NONE,1,Solo un evento observado para esta combinación - no se puede estimar vida útil todavía sin cohorte.
Linac-153935,UC CHRISTUS - CECA,1505146,"PCB ASSEMBLY, CITB",2024-08-02T22:12:00.000Z,2024-08-02T22:12:00.000Z,1,0,,,NONE,INSUFFICIENT_DATA,Un solo evento observado y sin cohorte disponible - sin base estadística suficiente para estimar vida útil.,,,,,,,,,,,1,0,0,,,NO_DATA,,,INSUFFICIENT_DATA,NO_MANUFACTURER_DATA,6,Insuficiente,0 intervalo(s) válidos (+0) | match exacto/alias (REF_EXACT) (+12) | asociación single (+12) | sin cobertura calculable (+0) | sin intervalos suficientes (+0) | sin cohorte disponible (+0) | hay datos de uso/contrato/horario (+8) | Weibull no evaluado (n insuficiente) (+4) | estimación de tipo INSUFFICIENT_DATA (+0) | n=0 intervalos (<10) (-10) | n=0 intervalos (<3) (-20),,INSUFFICIENT_DATA,6,Insuficiente,0 intervalo(s) válidos (+0) | match exacto/alias (REF_EXACT) (+12) | asociación single (+12) | sin cobertura calculable (+0) | sin intervalos suficientes (+0) | sin cohorte disponible (+0) | hay datos de uso/contrato/horario (+8) | Weibull no evaluado (n insuficiente) (+4) | estimación de tipo INSUFFICIENT_DATA (+0) | n=0 intervalos (<10) (-10) | n=0 intervalos (<3) (-20),,,,,,NONE,0.85,Solo un evento observado para esta combinación - no se puede estimar vida útil todavía sin cohorte.
Linac-109374,UC CHRISTUS - CECA,1007099,Longitudinal PCB limit switch assembly,2024-08-05T19:41:00.000Z,2024-08-05T19:41:00.000Z,1,0,,,NONE,INSUFFICIENT_DATA,Un solo evento observado y sin cohorte disponible - sin base estadística suficiente para estimar vida útil.,,,,,,,,,,,1,0,0,,,NO_DATA,,,INSUFFICIENT_DATA,NO_MANUFACTURER_DATA,6,Insuficiente,0 intervalo(s) válidos (+0) | match exacto/alias (REF_EXACT) (+12) | asociación single (+12) | sin cobertura calculable (+0) | sin intervalos suficientes (+0) | sin cohorte disponible (+0) | hay datos de uso/contrato/horario (+8) | Weibull no evaluado (n insuficiente) (+4) | estimación de tipo INSUFFICIENT_DATA (+0) | n=0 intervalos (<10) (-10) | n=0 intervalos (<3) (-20),,INSUFFICIENT_DATA,6,Insuficiente,0 intervalo(s) válidos (+0) | match exacto/alias (REF_EXACT) (+12) | asociación single (+12) | sin cobertura calculable (+0) | sin intervalos suficientes (+0) | sin cohorte disponible (+0) | hay datos de uso/contrato/horario (+8) | Weibull no evaluado (n insuficiente) (+4) | estimación de tipo INSUFFICIENT_DATA (+0) | n=0 intervalos (<10) (-10) | n=0 intervalos (<3) (-20),,,,,,NONE,0,Solo un evento observado para esta combinación - no se puede estimar vida útil todavía sin cohorte.
Linac-201110,CLÍNICA SANATORIO ALEMÁN (ONCORAD),45133327647,"FAN, SUB ASSY",2024-08-09T12:30:00.000Z,2024-08-09T12:30:00.000Z,1,0,,,NONE,INSUFFICIENT_DATA,Un solo evento observado y sin cohorte disponible - sin base estadística suficiente para estimar vida útil.,,,,,,,,,,,1,0,0,,,NO_DATA,,,INSUFFICIENT_DATA,NO_MANUFACTURER_DATA,6,Insuficiente,0 intervalo(s) válidos (+0) | match exacto/alias (REF_EXACT) (+12) | asociación single (+12) | sin cobertura calculable (+0) | sin intervalos suficientes (+0) | sin cohorte disponible (+0) | hay datos de uso/contrato/horario (+8) | Weibull no evaluado (n insuficiente) (+4) | estimación de tipo INSUFFICIENT_DATA (+0) | n=0 intervalos (<10) (-10) | n=0 intervalos (<3) (-20),,INSUFFICIENT_DATA,6,Insuficiente,0 intervalo(s) válidos (+0) | match exacto/alias (REF_EXACT) (+12) | asociación single (+12) | sin cobertura calculable (+0) | sin intervalos suficientes (+0) | sin cohorte disponible (+0) | hay datos de uso/contrato/horario (+8) | Weibull no evaluado (n insuficiente) (+4) | estimación de tipo INSUFFICIENT_DATA (+0) | n=0 intervalos (<10) (-10) | n=0 intervalos (<3) (-20),,,,,,NONE,0,Solo un evento observado para esta combinación - no se puede estimar vida útil todavía sin cohorte.
Linac-152171,CLINICA ALEMANA DE SANTIAGO,1015493,Expansion Pressure Vessel,2024-08-15T00:12:00.000Z,2024-08-15T00:12:00.000Z,1,0,,,NONE,INSUFFICIENT_DATA,Un solo evento observado y sin cohorte disponible - sin base estadística suficiente para estimar vida útil.,,,,,,,,,,,1,0,0,,,NO_DATA,,,INSUFFICIENT_DATA,NO_MANUFACTURER_DATA,6,Insuficiente,0 intervalo(s) válidos (+0) | match exacto/alias (REF_EXACT) (+12) | asociación single (+12) | sin cobertura calculable (+0) | sin intervalos suficientes (+0) | sin cohorte disponible (+0) | hay datos de uso/contrato/horario (+8) | Weibull no evaluado (n insuficiente) (+4) | estimación de tipo INSUFFICIENT_DATA (+0) | n=0 intervalos (<10) (-10) | n=0 intervalos (<3) (-20),,INSUFFICIENT_DATA,6,Insuficiente,0 intervalo(s) válidos (+0) | match exacto/alias (REF_EXACT) (+12) | asociación single (+12) | sin cobertura calculable (+0) | sin intervalos suficientes (+0) | sin cohorte disponible (+0) | hay datos de uso/contrato/horario (+8) | Weibull no evaluado (n insuficiente) (+4) | estimación de tipo INSUFFICIENT_DATA (+0) | n=0 intervalos (<10) (-10) | n=0 intervalos (<3) (-20),,,,,,NONE,1,Solo un evento observado para esta combinación - no se puede estimar vida útil todavía sin cohorte.
Linac-153935,UC CHRISTUS - CECA,1527814,"PSU, ION PUMP",2024-08-16T16:19:00.000Z,2024-08-16T16:19:00.000Z,1,0,,480.73,EMPIRICAL_BAYES_SHRINKAGE,BORROWED_COHORT_ESTIMATE,"Un solo evento observado, sin intervalo propio - se usa 100% la estimación de la cohorte (same_client_same_part).",480.73,15.79,,480.73,,,,0,1,same_client_same_part,1,0,0,0.76,,NO_DATA,,2025-12-10T09:50:12.000Z,BORROWED_COHORT_ESTIMATE,NO_MANUFACTURER_DATA,11,Insuficiente,0 intervalo(s) válidos (+0) | match exacto/alias (REF_EXACT) (+12) | asociación single (+12) | sin cobertura calculable (+0) | sin intervalos suficientes (+0) | hay estimación de cohorte disponible (+12) | hay datos de uso/contrato/horario (+8) | Weibull no evaluado (n insuficiente) (+4) | estimación de tipo BORROWED_COHORT_ESTIMATE (+1) | n=0 intervalos (<10) (-10) | n=0 intervalos (<3) (-20) | estimación prestada de cohorte (-8),,BORROWED_COHORT_ESTIMATE,11,Insuficiente,0 intervalo(s) válidos (+0) | match exacto/alias (REF_EXACT) (+12) | asociación single (+12) | sin cobertura calculable (+0) | sin intervalos suficientes (+0) | hay estimación de cohorte disponible (+12) | hay datos de uso/contrato/horario (+8) | Weibull no evaluado (n insuficiente) (+4) | estimación de tipo BORROWED_COHORT_ESTIMATE (+1) | n=0 intervalos (<10) (-10) | n=0 intervalos (<3) (-20) | estimación prestada de cohorte (-8),,,,,,EMPIRICAL_BAYES_SHRINKAGE,0,Solo un evento observado para esta combinación - no se puede estimar vida útil todavía sin cohorte.
Linac-154325,HOSPITAL CARLOS VAN BUREN (SSVSA),1016984,FRU ISO ROTATION BRAKE,2024-08-28T22:00:00.000Z,2024-08-28T22:00:00.000Z,1,0,,,NONE,INSUFFICIENT_DATA,Un solo evento observado y sin cohorte disponible - sin base estadística suficiente para estimar vida útil.,,,,,,,,,,,1,0,0,,,NO_DATA,,,INSUFFICIENT_DATA,NO_MANUFACTURER_DATA,6,Insuficiente,0 intervalo(s) válidos (+0) | match exacto/alias (REF_EXACT) (+12) | asociación single (+12) | sin cobertura calculable (+0) | sin intervalos suficientes (+0) | sin cohorte disponible (+0) | hay datos de uso/contrato/horario (+8) | Weibull no evaluado (n insuficiente) (+4) | estimación de tipo INSUFFICIENT_DATA (+0) | n=0 intervalos (<10) (-10) | n=0 intervalos (<3) (-20),,INSUFFICIENT_DATA,6,Insuficiente,0 intervalo(s) válidos (+0) | match exacto/alias (REF_EXACT) (+12) | asociación single (+12) | sin cobertura calculable (+0) | sin intervalos suficientes (+0) | sin cohorte disponible (+0) | hay datos de uso/contrato/horario (+8) | Weibull no evaluado (n insuficiente) (+4) | estimación de tipo INSUFFICIENT_DATA (+0) | n=0 intervalos (<10) (-10) | n=0 intervalos (<3) (-20),,,,,,NONE,1,Solo un evento observado para esta combinación - no se puede estimar vida útil todavía sin cohorte.
Linac-109256,UC CHRISTUS - SCA,45133318990,FRU X-Brake,2024-08-30T00:16:00.000Z,2024-08-30T00:16:00.000Z,1,0,,,NONE,INSUFFICIENT_DATA,Un solo evento observado y sin cohorte disponible - sin base estadística suficiente para estimar vida útil.,,,,,,,,,,,1,0,0,,,NO_DATA,,,INSUFFICIENT_DATA,NO_MANUFACTURER_DATA,6,Insuficiente,0 intervalo(s) válidos (+0) | match exacto/alias (REF_EXACT) (+12) | asociación single (+12) | sin cobertura calculable (+0) | sin intervalos suficientes (+0) | sin cohorte disponible (+0) | hay datos de uso/contrato/horario (+8) | Weibull no evaluado (n insuficiente) (+4) | estimación de tipo INSUFFICIENT_DATA (+0) | n=0 intervalos (<10) (-10) | n=0 intervalos (<3) (-20),,INSUFFICIENT_DATA,6,Insuficiente,0 intervalo(s) válidos (+0) | match exacto/alias (REF_EXACT) (+12) | asociación single (+12) | sin cobertura calculable (+0) | sin intervalos suficientes (+0) | sin cohorte disponible (+0) | hay datos de uso/contrato/horario (+8) | Weibull no evaluado (n insuficiente) (+4) | estimación de tipo INSUFFICIENT_DATA (+0) | n=0 intervalos (<10) (-10) | n=0 intervalos (<3) (-20),,,,,,NONE,1,Solo un evento observado para esta combinación - no se puede estimar vida útil todavía sin cohorte.
Linac-154325,HOSPITAL CARLOS VAN BUREN (SSVSA),351372100645P,Resistor 330R +/- 5%,2024-08-30T16:00:00.000Z,2024-08-30T16:00:00.000Z,1,0,,,NONE,INSUFFICIENT_DATA,Un solo evento observado y sin cohorte disponible - sin base estadística suficiente para estimar vida útil.,,,,,,,,,,,1,0,0,,,NO_DATA,,,INSUFFICIENT_DATA,NO_MANUFACTURER_DATA,2,Insuficiente,0 intervalo(s) válidos (+0) | match por método débil (REF_LIKE) (+8) | asociación single (+12) | sin cobertura calculable (+0) | sin intervalos suficientes (+0) | sin cohorte disponible (+0) | hay datos de uso/contrato/horario (+8) | Weibull no evaluado (n insuficiente) (+4) | estimación de tipo INSUFFICIENT_DATA (+0) | n=0 intervalos (<10) (-10) | n=0 intervalos (<3) (-20),,INSUFFICIENT_DATA,2,Insuficiente,0 intervalo(s) válidos (+0) | match por método débil (REF_LIKE) (+8) | asociación single (+12) | sin cobertura calculable (+0) | sin intervalos suficientes (+0) | sin cohorte disponible (+0) | hay datos de uso/contrato/horario (+8) | Weibull no evaluado (n insuficiente) (+4) | estimación de tipo INSUFFICIENT_DATA (+0) | n=0 intervalos (<10) (-10) | n=0 intervalos (<3) (-20),,,,,,NONE,0,Solo un evento observado para esta combinación - no se puede estimar vida útil todavía sin cohorte.
Linac-154325,HOSPITAL CARLOS VAN BUREN (SSVSA),45133308790,TRANSFORMADOR GUN,2024-08-30T16:00:00.000Z,2024-08-30T16:00:00.000Z,1,0,,,NONE,INSUFFICIENT_DATA,Un solo evento observado y sin cohorte disponible - sin base estadística suficiente para estimar vida útil.,,,,,,,,,,,1,0,0,,,NO_DATA,,,INSUFFICIENT_DATA,NO_MANUFACTURER_DATA,6,Insuficiente,0 intervalo(s) válidos (+0) | match exacto/alias (REF_EXACT) (+12) | asociación single (+12) | sin cobertura calculable (+0) | sin intervalos suficientes (+0) | sin cohorte disponible (+0) | hay datos de uso/contrato/horario (+8) | Weibull no evaluado (n insuficiente) (+4) | estimación de tipo INSUFFICIENT_DATA (+0) | n=0 intervalos (<10) (-10) | n=0 intervalos (<3) (-20),,INSUFFICIENT_DATA,6,Insuficiente,0 intervalo(s) válidos (+0) | match exacto/alias (REF_EXACT) (+12) | asociación single (+12) | sin cobertura calculable (+0) | sin intervalos suficientes (+0) | sin cohorte disponible (+0) | hay datos de uso/contrato/horario (+8) | Weibull no evaluado (n insuficiente) (+4) | estimación de tipo INSUFFICIENT_DATA (+0) | n=0 intervalos (<10) (-10) | n=0 intervalos (<3) (-20),,,,,,NONE,0,Solo un evento observado para esta combinación - no se puede estimar vida útil todavía sin cohorte.
Linac-109374,UC CHRISTUS - CECA,1536279___1525429,Assy 160 MLC PSU Universal,2024-08-30T21:47:00.000Z,2024-08-30T21:47:00.000Z,1,0,,,NONE,INSUFFICIENT_DATA,Un solo evento observado y sin cohorte disponible - sin base estadística suficiente para estimar vida útil.,,,,,,,,,,,1,0,0,,,NO_DATA,,,INSUFFICIENT_DATA,NO_MANUFACTURER_DATA,2,Insuficiente,0 intervalo(s) válidos (+0) | match por método débil (REF_LIKE) (+8) | asociación single (+12) | sin cobertura calculable (+0) | sin intervalos suficientes (+0) | sin cohorte disponible (+0) | hay datos de uso/contrato/horario (+8) | Weibull no evaluado (n insuficiente) (+4) | estimación de tipo INSUFFICIENT_DATA (+0) | n=0 intervalos (<10) (-10) | n=0 intervalos (<3) (-20),,INSUFFICIENT_DATA,2,Insuficiente,0 intervalo(s) válidos (+0) | match por método débil (REF_LIKE) (+8) | asociación single (+12) | sin cobertura calculable (+0) | sin intervalos suficientes (+0) | sin cohorte disponible (+0) | hay datos de uso/contrato/horario (+8) | Weibull no evaluado (n insuficiente) (+4) | estimación de tipo INSUFFICIENT_DATA (+0) | n=0 intervalos (<10) (-10) | n=0 intervalos (<3) (-20),,,,,,NONE,0,Solo un evento observado para esta combinación - no se puede estimar vida útil todavía sin cohorte.
CLC-1,CLÍNICA LAS CONDES,4513316442101T,"Potentiometer, 20k, 10 turns Coarse/Check",2024-09-12T14:32:00.000Z,2024-09-12T14:32:00.000Z,1,0,,301.18,EMPIRICAL_BAYES_SHRINKAGE,BORROWED_COHORT_ESTIMATE,"Un solo evento observado, sin intervalo propio - se usa 100% la estimación de la cohorte (same_client_same_part).",301.18,9.89,,301.18,,,,0,1,same_client_same_part,1,0,0,1.21,,NO_DATA,,2025-07-10T18:51:12.000Z,BORROWED_COHORT_ESTIMATE,NO_MANUFACTURER_DATA,7,Insuficiente,0 intervalo(s) válidos (+0) | match por método débil (REF_LIKE) (+8) | asociación single (+12) | sin cobertura calculable (+0) | sin intervalos suficientes (+0) | hay estimación de cohorte disponible (+12) | hay datos de uso/contrato/horario (+8) | Weibull no evaluado (n insuficiente) (+4) | estimación de tipo BORROWED_COHORT_ESTIMATE (+1) | n=0 intervalos (<10) (-10) | n=0 intervalos (<3) (-20) | estimación prestada de cohorte (-8),,BORROWED_COHORT_ESTIMATE,7,Insuficiente,0 intervalo(s) válidos (+0) | match por método débil (REF_LIKE) (+8) | asociación single (+12) | sin cobertura calculable (+0) | sin intervalos suficientes (+0) | hay estimación de cohorte disponible (+12) | hay datos de uso/contrato/horario (+8) | Weibull no evaluado (n insuficiente) (+4) | estimación de tipo BORROWED_COHORT_ESTIMATE (+1) | n=0 intervalos (<10) (-10) | n=0 intervalos (<3) (-20) | estimación prestada de cohorte (-8),,,,,,EMPIRICAL_BAYES_SHRINKAGE,0,Solo un evento observado para esta combinación - no se puede estimar vida útil todavía sin cohorte.
CLC-1,CLÍNICA LAS CONDES,4513316441202U,"Potentiometer, 20k, 1 turn Fine",2024-09-12T14:32:00.000Z,2024-09-12T14:32:00.000Z,1,0,,273.05,EMPIRICAL_BAYES_SHRINKAGE,BORROWED_COHORT_ESTIMATE,"Un solo evento observado, sin intervalo propio - se usa 100% la estimación de la cohorte (same_client_same_part).",273.05,8.97,,273.05,,,,0,1,same_client_same_part,1,0,0,1.34,,NO_DATA,,2025-06-12T15:44:00.000Z,BORROWED_COHORT_ESTIMATE,NO_MANUFACTURER_DATA,7,Insuficiente,0 intervalo(s) válidos (+0) | match por método débil (REF_LIKE) (+8) | asociación single (+12) | sin cobertura calculable (+0) | sin intervalos suficientes (+0) | hay estimación de cohorte disponible (+12) | hay datos de uso/contrato/horario (+8) | Weibull no evaluado (n insuficiente) (+4) | estimación de tipo BORROWED_COHORT_ESTIMATE (+1) | n=0 intervalos (<10) (-10) | n=0 intervalos (<3) (-20) | estimación prestada de cohorte (-8),,BORROWED_COHORT_ESTIMATE,7,Insuficiente,0 intervalo(s) válidos (+0) | match por método débil (REF_LIKE) (+8) | asociación single (+12) | sin cobertura calculable (+0) | sin intervalos suficientes (+0) | hay estimación de cohorte disponible (+12) | hay datos de uso/contrato/horario (+8) | Weibull no evaluado (n insuficiente) (+4) | estimación de tipo BORROWED_COHORT_ESTIMATE (+1) | n=0 intervalos (<10) (-10) | n=0 intervalos (<3) (-20) | estimación prestada de cohorte (-8),,,,,,EMPIRICAL_BAYES_SHRINKAGE,0,Solo un evento observado para esta combinación - no se puede estimar vida útil todavía sin cohorte.
Linac-201172,INRAD,4513331845902F,FRU EIM Z-DRIVE PCB,2024-09-16T20:19:00.000Z,2024-09-16T20:19:00.000Z,1,0,,,NONE,INSUFFICIENT_DATA,Un solo evento observado y sin cohorte disponible - sin base estadística suficiente para estimar vida útil.,,,,,,,,,,,1,0,0,,,NO_DATA,,,INSUFFICIENT_DATA,NO_MANUFACTURER_DATA,2,Insuficiente,0 intervalo(s) válidos (+0) | match por método débil (REF_LIKE) (+8) | asociación single (+12) | sin cobertura calculable (+0) | sin intervalos suficientes (+0) | sin cohorte disponible (+0) | hay datos de uso/contrato/horario (+8) | Weibull no evaluado (n insuficiente) (+4) | estimación de tipo INSUFFICIENT_DATA (+0) | n=0 intervalos (<10) (-10) | n=0 intervalos (<3) (-20),,INSUFFICIENT_DATA,2,Insuficiente,0 intervalo(s) válidos (+0) | match por método débil (REF_LIKE) (+8) | asociación single (+12) | sin cobertura calculable (+0) | sin intervalos suficientes (+0) | sin cohorte disponible (+0) | hay datos de uso/contrato/horario (+8) | Weibull no evaluado (n insuficiente) (+4) | estimación de tipo INSUFFICIENT_DATA (+0) | n=0 intervalos (<10) (-10) | n=0 intervalos (<3) (-20),,,,,,NONE,0.41,Solo un evento observado para esta combinación - no se puede estimar vida útil todavía sin cohorte.
INC-156473,Instituto Nacional del Cáncer (INC),1516753,Thyratron Pulser PCB,2024-10-01T17:37:00.000Z,2024-10-01T17:37:00.000Z,1,0,,,NONE,INSUFFICIENT_DATA,Un solo evento observado y sin cohorte disponible - sin base estadística suficiente para estimar vida útil.,,,,,,,,,,,1,0,0,,,NO_DATA,,,INSUFFICIENT_DATA,NO_MANUFACTURER_DATA,6,Insuficiente,0 intervalo(s) válidos (+0) | match exacto/alias (REF_EXACT) (+12) | asociación single (+12) | sin cobertura calculable (+0) | sin intervalos suficientes (+0) | sin cohorte disponible (+0) | hay datos de uso/contrato/horario (+8) | Weibull no evaluado (n insuficiente) (+4) | estimación de tipo INSUFFICIENT_DATA (+0) | n=0 intervalos (<10) (-10) | n=0 intervalos (<3) (-20),,INSUFFICIENT_DATA,6,Insuficiente,0 intervalo(s) válidos (+0) | match exacto/alias (REF_EXACT) (+12) | asociación single (+12) | sin cobertura calculable (+0) | sin intervalos suficientes (+0) | sin cohorte disponible (+0) | hay datos de uso/contrato/horario (+8) | Weibull no evaluado (n insuficiente) (+4) | estimación de tipo INSUFFICIENT_DATA (+0) | n=0 intervalos (<10) (-10) | n=0 intervalos (<3) (-20),,,,,,NONE,0,Solo un evento observado para esta combinación - no se puede estimar vida útil todavía sin cohorte.
INC-156473,Instituto Nacional del Cáncer (INC),351372700256A,Module Semikron SKKT,2024-10-01T17:37:00.000Z,2024-10-01T17:37:00.000Z,1,0,,,NONE,INSUFFICIENT_DATA,Un solo evento observado y sin cohorte disponible - sin base estadística suficiente para estimar vida útil.,,,,,,,,,,,1,0,0,,,NO_DATA,,,INSUFFICIENT_DATA,NO_MANUFACTURER_DATA,2,Insuficiente,0 intervalo(s) válidos (+0) | match por método débil (REF_LIKE) (+8) | asociación single (+12) | sin cobertura calculable (+0) | sin intervalos suficientes (+0) | sin cohorte disponible (+0) | hay datos de uso/contrato/horario (+8) | Weibull no evaluado (n insuficiente) (+4) | estimación de tipo INSUFFICIENT_DATA (+0) | n=0 intervalos (<10) (-10) | n=0 intervalos (<3) (-20),,INSUFFICIENT_DATA,2,Insuficiente,0 intervalo(s) válidos (+0) | match por método débil (REF_LIKE) (+8) | asociación single (+12) | sin cobertura calculable (+0) | sin intervalos suficientes (+0) | sin cohorte disponible (+0) | hay datos de uso/contrato/horario (+8) | Weibull no evaluado (n insuficiente) (+4) | estimación de tipo INSUFFICIENT_DATA (+0) | n=0 intervalos (<10) (-10) | n=0 intervalos (<3) (-20),,,,,,NONE,0,Solo un evento observado para esta combinación - no se puede estimar vida útil todavía sin cohorte.
INC-156473,Instituto Nacional del Cáncer (INC),1020850,"Programmable Pulse Generator, PPG-CVDR PCB",2024-10-01T17:37:00.000Z,2024-10-01T17:37:00.000Z,1,0,,,NONE,INSUFFICIENT_DATA,Un solo evento observado y sin cohorte disponible - sin base estadística suficiente para estimar vida útil.,,,,,,,,,,,1,0,0,,,NO_DATA,,,INSUFFICIENT_DATA,NO_MANUFACTURER_DATA,6,Insuficiente,0 intervalo(s) válidos (+0) | match exacto/alias (REF_EXACT) (+12) | asociación single (+12) | sin cobertura calculable (+0) | sin intervalos suficientes (+0) | sin cohorte disponible (+0) | hay datos de uso/contrato/horario (+8) | Weibull no evaluado (n insuficiente) (+4) | estimación de tipo INSUFFICIENT_DATA (+0) | n=0 intervalos (<10) (-10) | n=0 intervalos (<3) (-20),,INSUFFICIENT_DATA,6,Insuficiente,0 intervalo(s) válidos (+0) | match exacto/alias (REF_EXACT) (+12) | asociación single (+12) | sin cobertura calculable (+0) | sin intervalos suficientes (+0) | sin cohorte disponible (+0) | hay datos de uso/contrato/horario (+8) | Weibull no evaluado (n insuficiente) (+4) | estimación de tipo INSUFFICIENT_DATA (+0) | n=0 intervalos (<10) (-10) | n=0 intervalos (<3) (-20),,,,,,NONE,0,Solo un evento observado para esta combinación - no se puede estimar vida útil todavía sin cohorte.
INC-156473,Instituto Nacional del Cáncer (INC),351372406262U,Fuse link 240V/63A,2024-10-01T17:37:00.000Z,2024-10-01T17:37:00.000Z,1,0,,,NONE,INSUFFICIENT_DATA,Un solo evento observado y sin cohorte disponible - sin base estadística suficiente para estimar vida útil.,,,,,,,,,,,1,0,0,,,NO_DATA,,,INSUFFICIENT_DATA,NO_MANUFACTURER_DATA,2,Insuficiente,0 intervalo(s) válidos (+0) | match por método débil (REF_LIKE) (+8) | asociación single (+12) | sin cobertura calculable (+0) | sin intervalos suficientes (+0) | sin cohorte disponible (+0) | hay datos de uso/contrato/horario (+8) | Weibull no evaluado (n insuficiente) (+4) | estimación de tipo INSUFFICIENT_DATA (+0) | n=0 intervalos (<10) (-10) | n=0 intervalos (<3) (-20),,INSUFFICIENT_DATA,2,Insuficiente,0 intervalo(s) válidos (+0) | match por método débil (REF_LIKE) (+8) | asociación single (+12) | sin cobertura calculable (+0) | sin intervalos suficientes (+0) | sin cohorte disponible (+0) | hay datos de uso/contrato/horario (+8) | Weibull no evaluado (n insuficiente) (+4) | estimación de tipo INSUFFICIENT_DATA (+0) | n=0 intervalos (<10) (-10) | n=0 intervalos (<3) (-20),,,,,,NONE,0,Solo un evento observado para esta combinación - no se puede estimar vida útil todavía sin cohorte.
INC-156473,Instituto Nacional del Cáncer (INC),1568178,SIB PCB,2024-10-01T17:37:00.000Z,2024-10-01T17:37:00.000Z,1,0,,122.28,EMPIRICAL_BAYES_SHRINKAGE,BORROWED_COHORT_ESTIMATE,"Un solo evento observado, sin intervalo propio - se usa 100% la estimación de la cohorte (same_client_same_part).",122.28,4.02,,122.28,,,,0,1,same_client_same_part,1,0,0,2.99,,NO_DATA,,2025-02-01T00:20:12.000Z,BORROWED_COHORT_ESTIMATE,NO_MANUFACTURER_DATA,11,Insuficiente,0 intervalo(s) válidos (+0) | match exacto/alias (REF_EXACT) (+12) | asociación single (+12) | sin cobertura calculable (+0) | sin intervalos suficientes (+0) | hay estimación de cohorte disponible (+12) | hay datos de uso/contrato/horario (+8) | Weibull no evaluado (n insuficiente) (+4) | estimación de tipo BORROWED_COHORT_ESTIMATE (+1) | n=0 intervalos (<10) (-10) | n=0 intervalos (<3) (-20) | estimación prestada de cohorte (-8),,BORROWED_COHORT_ESTIMATE,11,Insuficiente,0 intervalo(s) válidos (+0) | match exacto/alias (REF_EXACT) (+12) | asociación single (+12) | sin cobertura calculable (+0) | sin intervalos suficientes (+0) | hay estimación de cohorte disponible (+12) | hay datos de uso/contrato/horario (+8) | Weibull no evaluado (n insuficiente) (+4) | estimación de tipo BORROWED_COHORT_ESTIMATE (+1) | n=0 intervalos (<10) (-10) | n=0 intervalos (<3) (-20) | estimación prestada de cohorte (-8),,,,,,EMPIRICAL_BAYES_SHRINKAGE,0,Solo un evento observado para esta combinación - no se puede estimar vida útil todavía sin cohorte.
INC-156473,Instituto Nacional del Cáncer (INC),45133165177,THYRATRON e2v CX1154L,2024-10-01T17:37:00.000Z,2024-10-01T17:37:00.000Z,1,0,,249.18,EMPIRICAL_BAYES_SHRINKAGE,BORROWED_COHORT_ESTIMATE,"Un solo evento observado, sin intervalo propio - se usa 100% la estimación de la cohorte (same_part_global).",249.18,8.19,,249.18,,,,0,1,same_part_global,1,0,0,1.47,,NO_DATA,,2025-06-07T21:56:12.000Z,BORROWED_COHORT_ESTIMATE,NO_MANUFACTURER_DATA,11,Insuficiente,0 intervalo(s) válidos (+0) | match exacto/alias (REF_EXACT) (+12) | asociación single (+12) | sin cobertura calculable (+0) | sin intervalos suficientes (+0) | hay estimación de cohorte disponible (+12) | hay datos de uso/contrato/horario (+8) | Weibull no evaluado (n insuficiente) (+4) | estimación de tipo BORROWED_COHORT_ESTIMATE (+1) | n=0 intervalos (<10) (-10) | n=0 intervalos (<3) (-20) | estimación prestada de cohorte (-8),,BORROWED_COHORT_ESTIMATE,11,Insuficiente,0 intervalo(s) válidos (+0) | match exacto/alias (REF_EXACT) (+12) | asociación single (+12) | sin cobertura calculable (+0) | sin intervalos suficientes (+0) | hay estimación de cohorte disponible (+12) | hay datos de uso/contrato/horario (+8) | Weibull no evaluado (n insuficiente) (+4) | estimación de tipo BORROWED_COHORT_ESTIMATE (+1) | n=0 intervalos (<10) (-10) | n=0 intervalos (<3) (-20) | estimación prestada de cohorte (-8),,,,,,EMPIRICAL_BAYES_SHRINKAGE,0,Solo un evento observado para esta combinación - no se puede estimar vida útil todavía sin cohorte.
INC-156473,Instituto Nacional del Cáncer (INC),1022378,"DIODE ASSY, FRU",2024-10-01T17:37:00.000Z,2024-10-01T17:37:00.000Z,1,0,,229.11,EMPIRICAL_BAYES_SHRINKAGE,BORROWED_COHORT_ESTIMATE,"Un solo evento observado, sin intervalo propio - se usa 100% la estimación de la cohorte (same_client_same_part).",229.11,7.53,,229.11,,,,0,1,same_client_same_part,1,0,0,1.59,,NO_DATA,,2025-05-18T20:15:24.000Z,BORROWED_COHORT_ESTIMATE,NO_MANUFACTURER_DATA,11,Insuficiente,0 intervalo(s) válidos (+0) | match exacto/alias (REF_EXACT) (+12) | asociación single (+12) | sin cobertura calculable (+0) | sin intervalos suficientes (+0) | hay estimación de cohorte disponible (+12) | hay datos de uso/contrato/horario (+8) | Weibull no evaluado (n insuficiente) (+4) | estimación de tipo BORROWED_COHORT_ESTIMATE (+1) | n=0 intervalos (<10) (-10) | n=0 intervalos (<3) (-20) | estimación prestada de cohorte (-8),,BORROWED_COHORT_ESTIMATE,11,Insuficiente,0 intervalo(s) válidos (+0) | match exacto/alias (REF_EXACT) (+12) | asociación single (+12) | sin cobertura calculable (+0) | sin intervalos suficientes (+0) | hay estimación de cohorte disponible (+12) | hay datos de uso/contrato/horario (+8) | Weibull no evaluado (n insuficiente) (+4) | estimación de tipo BORROWED_COHORT_ESTIMATE (+1) | n=0 intervalos (<10) (-10) | n=0 intervalos (<3) (-20) | estimación prestada de cohorte (-8),,,,,,EMPIRICAL_BAYES_SHRINKAGE,0,Solo un evento observado para esta combinación - no se puede estimar vida útil todavía sin cohorte.
INC-156473,Instituto Nacional del Cáncer (INC),1018874,"Diode, SI 1N416CM-D023",2024-10-01T17:37:00.000Z,2024-10-01T17:37:00.000Z,1,0,,546.61,EMPIRICAL_BAYES_SHRINKAGE,BORROWED_COHORT_ESTIMATE,"Un solo evento observado, sin intervalo propio - se usa 100% la estimación de la cohorte (same_client_same_part).",546.61,17.96,,546.61,,,,0,1,same_client_same_part,1,0,0,0.67,,NO_DATA,,2026-04-01T08:15:24.000Z,BORROWED_COHORT_ESTIMATE,NO_MANUFACTURER_DATA,11,Insuficiente,0 intervalo(s) válidos (+0) | match exacto/alias (REF_EXACT) (+12) | asociación single (+12) | sin cobertura calculable (+0) | sin intervalos suficientes (+0) | hay estimación de cohorte disponible (+12) | hay datos de uso/contrato/horario (+8) | Weibull no evaluado (n insuficiente) (+4) | estimación de tipo BORROWED_COHORT_ESTIMATE (+1) | n=0 intervalos (<10) (-10) | n=0 intervalos (<3) (-20) | estimación prestada de cohorte (-8),,BORROWED_COHORT_ESTIMATE,11,Insuficiente,0 intervalo(s) válidos (+0) | match exacto/alias (REF_EXACT) (+12) | asociación single (+12) | sin cobertura calculable (+0) | sin intervalos suficientes (+0) | hay estimación de cohorte disponible (+12) | hay datos de uso/contrato/horario (+8) | Weibull no evaluado (n insuficiente) (+4) | estimación de tipo BORROWED_COHORT_ESTIMATE (+1) | n=0 intervalos (<10) (-10) | n=0 intervalos (<3) (-20) | estimación prestada de cohorte (-8),,,,,,EMPIRICAL_BAYES_SHRINKAGE,0,Solo un evento observado para esta combinación - no se puede estimar vida útil todavía sin cohorte.
INC-156473,Instituto Nacional del Cáncer (INC),1535662,"Control PCB, type A (PCB13 C to G)",2024-10-01T17:37:00.000Z,2024-10-01T17:37:00.000Z,1,0,,,NONE,INSUFFICIENT_DATA,Un solo evento observado y sin cohorte disponible - sin base estadística suficiente para estimar vida útil.,,,,,,,,,,,1,0,0,,,NO_DATA,,,INSUFFICIENT_DATA,NO_MANUFACTURER_DATA,6,Insuficiente,0 intervalo(s) válidos (+0) | match exacto/alias (REF_EXACT) (+12) | asociación single (+12) | sin cobertura calculable (+0) | sin intervalos suficientes (+0) | sin cohorte disponible (+0) | hay datos de uso/contrato/horario (+8) | Weibull no evaluado (n insuficiente) (+4) | estimación de tipo INSUFFICIENT_DATA (+0) | n=0 intervalos (<10) (-10) | n=0 intervalos (<3) (-20),,INSUFFICIENT_DATA,6,Insuficiente,0 intervalo(s) válidos (+0) | match exacto/alias (REF_EXACT) (+12) | asociación single (+12) | sin cobertura calculable (+0) | sin intervalos suficientes (+0) | sin cohorte disponible (+0) | hay datos de uso/contrato/horario (+8) | Weibull no evaluado (n insuficiente) (+4) | estimación de tipo INSUFFICIENT_DATA (+0) | n=0 intervalos (<10) (-10) | n=0 intervalos (<3) (-20),,,,,,NONE,0,Solo un evento observado para esta combinación - no se puede estimar vida útil todavía sin cohorte.
Linac-109374,UC CHRISTUS - CECA,1547675,Screen assembly crosswire Agility Head,2024-10-04T19:42:00.000Z,2024-10-04T19:42:00.000Z,1,0,,,NONE,INSUFFICIENT_DATA,Un solo evento observado y sin cohorte disponible - sin base estadística suficiente para estimar vida útil.,,,,,,,,,,,1,0,0,,,NO_DATA,,,INSUFFICIENT_DATA,NO_MANUFACTURER_DATA,6,Insuficiente,0 intervalo(s) válidos (+0) | match exacto/alias (REF_EXACT) (+12) | asociación single (+12) | sin cobertura calculable (+0) | sin intervalos suficientes (+0) | sin cohorte disponible (+0) | hay datos de uso/contrato/horario (+8) | Weibull no evaluado (n insuficiente) (+4) | estimación de tipo INSUFFICIENT_DATA (+0) | n=0 intervalos (<10) (-10) | n=0 intervalos (<3) (-20),,INSUFFICIENT_DATA,6,Insuficiente,0 intervalo(s) válidos (+0) | match exacto/alias (REF_EXACT) (+12) | asociación single (+12) | sin cobertura calculable (+0) | sin intervalos suficientes (+0) | sin cohorte disponible (+0) | hay datos de uso/contrato/horario (+8) | Weibull no evaluado (n insuficiente) (+4) | estimación de tipo INSUFFICIENT_DATA (+0) | n=0 intervalos (<10) (-10) | n=0 intervalos (<3) (-20),,,,,,NONE,0.1,Solo un evento observado para esta combinación - no se puede estimar vida útil todavía sin cohorte.
Linac-109374,UC CHRISTUS - CECA,1022592,"CABLE, PL26-C8 TO PL26-Q4",2024-10-04T19:42:00.000Z,2024-10-04T19:42:00.000Z,1,0,,,NONE,INSUFFICIENT_DATA,Un solo evento observado y sin cohorte disponible - sin base estadística suficiente para estimar vida útil.,,,,,,,,,,,1,0,0,,,NO_DATA,,,INSUFFICIENT_DATA,NO_MANUFACTURER_DATA,6,Insuficiente,0 intervalo(s) válidos (+0) | match exacto/alias (REF_EXACT) (+12) | asociación single (+12) | sin cobertura calculable (+0) | sin intervalos suficientes (+0) | sin cohorte disponible (+0) | hay datos de uso/contrato/horario (+8) | Weibull no evaluado (n insuficiente) (+4) | estimación de tipo INSUFFICIENT_DATA (+0) | n=0 intervalos (<10) (-10) | n=0 intervalos (<3) (-20),,INSUFFICIENT_DATA,6,Insuficiente,0 intervalo(s) válidos (+0) | match exacto/alias (REF_EXACT) (+12) | asociación single (+12) | sin cobertura calculable (+0) | sin intervalos suficientes (+0) | sin cohorte disponible (+0) | hay datos de uso/contrato/horario (+8) | Weibull no evaluado (n insuficiente) (+4) | estimación de tipo INSUFFICIENT_DATA (+0) | n=0 intervalos (<10) (-10) | n=0 intervalos (<3) (-20),,,,,,NONE,0.1,Solo un evento observado para esta combinación - no se puede estimar vida útil todavía sin cohorte.
Linac-109374,UC CHRISTUS - CECA,1532758,Diaphragm motor spares kit,2024-10-04T19:42:00.000Z,2024-10-04T19:42:00.000Z,1,0,,,NONE,INSUFFICIENT_DATA,Un solo evento observado y sin cohorte disponible - sin base estadística suficiente para estimar vida útil.,,,,,,,,,,,1,0,0,,,NO_DATA,,,INSUFFICIENT_DATA,NO_MANUFACTURER_DATA,6,Insuficiente,0 intervalo(s) válidos (+0) | match exacto/alias (REF_EXACT) (+12) | asociación single (+12) | sin cobertura calculable (+0) | sin intervalos suficientes (+0) | sin cohorte disponible (+0) | hay datos de uso/contrato/horario (+8) | Weibull no evaluado (n insuficiente) (+4) | estimación de tipo INSUFFICIENT_DATA (+0) | n=0 intervalos (<10) (-10) | n=0 intervalos (<3) (-20),,INSUFFICIENT_DATA,6,Insuficiente,0 intervalo(s) válidos (+0) | match exacto/alias (REF_EXACT) (+12) | asociación single (+12) | sin cobertura calculable (+0) | sin intervalos suficientes (+0) | sin cohorte disponible (+0) | hay datos de uso/contrato/horario (+8) | Weibull no evaluado (n insuficiente) (+4) | estimación de tipo INSUFFICIENT_DATA (+0) | n=0 intervalos (<10) (-10) | n=0 intervalos (<3) (-20),,,,,,NONE,0.1,Solo un evento observado para esta combinación - no se puede estimar vida útil todavía sin cohorte.
Linac-109374,UC CHRISTUS - CECA,1022593,"CABLE, PL26-C11 TO PL26-K4",2024-10-04T19:42:00.000Z,2024-10-04T19:42:00.000Z,1,0,,,NONE,INSUFFICIENT_DATA,Un solo evento observado y sin cohorte disponible - sin base estadística suficiente para estimar vida útil.,,,,,,,,,,,1,0,0,,,NO_DATA,,,INSUFFICIENT_DATA,NO_MANUFACTURER_DATA,6,Insuficiente,0 intervalo(s) válidos (+0) | match exacto/alias (REF_EXACT) (+12) | asociación single (+12) | sin cobertura calculable (+0) | sin intervalos suficientes (+0) | sin cohorte disponible (+0) | hay datos de uso/contrato/horario (+8) | Weibull no evaluado (n insuficiente) (+4) | estimación de tipo INSUFFICIENT_DATA (+0) | n=0 intervalos (<10) (-10) | n=0 intervalos (<3) (-20),,INSUFFICIENT_DATA,6,Insuficiente,0 intervalo(s) válidos (+0) | match exacto/alias (REF_EXACT) (+12) | asociación single (+12) | sin cobertura calculable (+0) | sin intervalos suficientes (+0) | sin cohorte disponible (+0) | hay datos de uso/contrato/horario (+8) | Weibull no evaluado (n insuficiente) (+4) | estimación de tipo INSUFFICIENT_DATA (+0) | n=0 intervalos (<10) (-10) | n=0 intervalos (<3) (-20),,,,,,NONE,0.1,Solo un evento observado para esta combinación - no se puede estimar vida útil todavía sin cohorte.
Linac-109374,UC CHRISTUS - CECA,1505938,PCB Assy Intermediate Diaphragm,2024-10-04T19:42:00.000Z,2024-10-04T19:42:00.000Z,1,0,,,NONE,INSUFFICIENT_DATA,Un solo evento observado y sin cohorte disponible - sin base estadística suficiente para estimar vida útil.,,,,,,,,,,,1,0,0,,,NO_DATA,,,INSUFFICIENT_DATA,NO_MANUFACTURER_DATA,6,Insuficiente,0 intervalo(s) válidos (+0) | match exacto/alias (REF_EXACT) (+12) | asociación single (+12) | sin cobertura calculable (+0) | sin intervalos suficientes (+0) | sin cohorte disponible (+0) | hay datos de uso/contrato/horario (+8) | Weibull no evaluado (n insuficiente) (+4) | estimación de tipo INSUFFICIENT_DATA (+0) | n=0 intervalos (<10) (-10) | n=0 intervalos (<3) (-20),,INSUFFICIENT_DATA,6,Insuficiente,0 intervalo(s) válidos (+0) | match exacto/alias (REF_EXACT) (+12) | asociación single (+12) | sin cobertura calculable (+0) | sin intervalos suficientes (+0) | sin cohorte disponible (+0) | hay datos de uso/contrato/horario (+8) | Weibull no evaluado (n insuficiente) (+4) | estimación de tipo INSUFFICIENT_DATA (+0) | n=0 intervalos (<10) (-10) | n=0 intervalos (<3) (-20),,,,,,NONE,0.1,Solo un evento observado para esta combinación - no se puede estimar vida útil todavía sin cohorte.
Linac-152171,CLINICA ALEMANA DE SANTIAGO,1534014,"Kit, Enhanced, Agility Guide Lubrication",2024-10-19T20:30:00.000Z,2024-10-19T20:30:00.000Z,1,0,,,NONE,INSUFFICIENT_DATA,Un solo evento observado y sin cohorte disponible - sin base estadística suficiente para estimar vida útil.,,,,,,,,,,,1,0,0,,,NO_DATA,,,INSUFFICIENT_DATA,NO_MANUFACTURER_DATA,6,Insuficiente,0 intervalo(s) válidos (+0) | match exacto/alias (REF_EXACT) (+12) | asociación single (+12) | sin cobertura calculable (+0) | sin intervalos suficientes (+0) | sin cohorte disponible (+0) | hay datos de uso/contrato/horario (+8) | Weibull no evaluado (n insuficiente) (+4) | estimación de tipo INSUFFICIENT_DATA (+0) | n=0 intervalos (<10) (-10) | n=0 intervalos (<3) (-20),,INSUFFICIENT_DATA,6,Insuficiente,0 intervalo(s) válidos (+0) | match exacto/alias (REF_EXACT) (+12) | asociación single (+12) | sin cobertura calculable (+0) | sin intervalos suficientes (+0) | sin cohorte disponible (+0) | hay datos de uso/contrato/horario (+8) | Weibull no evaluado (n insuficiente) (+4) | estimación de tipo INSUFFICIENT_DATA (+0) | n=0 intervalos (<10) (-10) | n=0 intervalos (<3) (-20),,,,,,NONE,1,Solo un evento observado para esta combinación - no se puede estimar vida útil todavía sin cohorte.
Linac-153935,UC CHRISTUS - CECA,1516727,Kit Beam MU Dose Monitoring BMDM,2024-10-21T13:57:00.000Z,2024-10-21T13:57:00.000Z,1,0,,475.5,EMPIRICAL_BAYES_SHRINKAGE,BORROWED_COHORT_ESTIMATE,"Un solo evento observado, sin intervalo propio - se usa 100% la estimación de la cohorte (same_client_same_part).",475.5,15.62,,475.5,,,,0,1,same_client_same_part,1,0,0,0.77,,NO_DATA,,2026-02-09T01:57:00.000Z,BORROWED_COHORT_ESTIMATE,NO_MANUFACTURER_DATA,11,Insuficiente,0 intervalo(s) válidos (+0) | match exacto/alias (REF_EXACT) (+12) | asociación single (+12) | sin cobertura calculable (+0) | sin intervalos suficientes (+0) | hay estimación de cohorte disponible (+12) | hay datos de uso/contrato/horario (+8) | Weibull no evaluado (n insuficiente) (+4) | estimación de tipo BORROWED_COHORT_ESTIMATE (+1) | n=0 intervalos (<10) (-10) | n=0 intervalos (<3) (-20) | estimación prestada de cohorte (-8),,BORROWED_COHORT_ESTIMATE,11,Insuficiente,0 intervalo(s) válidos (+0) | match exacto/alias (REF_EXACT) (+12) | asociación single (+12) | sin cobertura calculable (+0) | sin intervalos suficientes (+0) | hay estimación de cohorte disponible (+12) | hay datos de uso/contrato/horario (+8) | Weibull no evaluado (n insuficiente) (+4) | estimación de tipo BORROWED_COHORT_ESTIMATE (+1) | n=0 intervalos (<10) (-10) | n=0 intervalos (<3) (-20) | estimación prestada de cohorte (-8),,,,,,EMPIRICAL_BAYES_SHRINKAGE,,Solo un evento observado para esta combinación - no se puede estimar vida útil todavía sin cohorte.
Linac-154325,HOSPITAL CARLOS VAN BUREN (SSVSA),1018265_proveedor_local,"Proveedor Local, FRU MOTOR BRUSH SET (ELECTROCRAFT)",2024-10-23T11:32:00.000Z,2024-10-23T11:32:00.000Z,1,0,,398.36,EMPIRICAL_BAYES_SHRINKAGE,BORROWED_COHORT_ESTIMATE,"Un solo evento observado, sin intervalo propio - se usa 100% la estimación de la cohorte (same_client_same_part).",398.36,13.09,,398.36,,,,0,1,same_client_same_part,1,0,0,0.92,,NO_DATA,,2025-11-25T20:10:24.000Z,BORROWED_COHORT_ESTIMATE,NO_MANUFACTURER_DATA,7,Insuficiente,0 intervalo(s) válidos (+0) | match por método débil (REF_LIKE) (+8) | asociación single (+12) | sin cobertura calculable (+0) | sin intervalos suficientes (+0) | hay estimación de cohorte disponible (+12) | hay datos de uso/contrato/horario (+8) | Weibull no evaluado (n insuficiente) (+4) | estimación de tipo BORROWED_COHORT_ESTIMATE (+1) | n=0 intervalos (<10) (-10) | n=0 intervalos (<3) (-20) | estimación prestada de cohorte (-8),,BORROWED_COHORT_ESTIMATE,7,Insuficiente,0 intervalo(s) válidos (+0) | match por método débil (REF_LIKE) (+8) | asociación single (+12) | sin cobertura calculable (+0) | sin intervalos suficientes (+0) | hay estimación de cohorte disponible (+12) | hay datos de uso/contrato/horario (+8) | Weibull no evaluado (n insuficiente) (+4) | estimación de tipo BORROWED_COHORT_ESTIMATE (+1) | n=0 intervalos (<10) (-10) | n=0 intervalos (<3) (-20) | estimación prestada de cohorte (-8),,,,,,EMPIRICAL_BAYES_SHRINKAGE,1,Solo un evento observado para esta combinación - no se puede estimar vida útil todavía sin cohorte.
LINAC-153038,FUNDACION ARTURO LOPEZ PEREZ,1565836,"KIT, SPARES, DLG BRAKE",2024-11-06T21:31:00.000Z,2024-11-06T21:31:00.000Z,1,0,,143.74,EMPIRICAL_BAYES_SHRINKAGE,BORROWED_COHORT_ESTIMATE,"Un solo evento observado, sin intervalo propio - se usa 100% la estimación de la cohorte (same_client_same_part).",143.74,4.72,,143.74,,,,0,1,same_client_same_part,1,0,0,2.54,,NO_DATA,,2025-03-30T15:16:36.000Z,BORROWED_COHORT_ESTIMATE,NO_MANUFACTURER_DATA,11,Insuficiente,0 intervalo(s) válidos (+0) | match exacto/alias (REF_EXACT) (+12) | asociación single (+12) | sin cobertura calculable (+0) | sin intervalos suficientes (+0) | hay estimación de cohorte disponible (+12) | hay datos de uso/contrato/horario (+8) | Weibull no evaluado (n insuficiente) (+4) | estimación de tipo BORROWED_COHORT_ESTIMATE (+1) | n=0 intervalos (<10) (-10) | n=0 intervalos (<3) (-20) | estimación prestada de cohorte (-8),,BORROWED_COHORT_ESTIMATE,11,Insuficiente,0 intervalo(s) válidos (+0) | match exacto/alias (REF_EXACT) (+12) | asociación single (+12) | sin cobertura calculable (+0) | sin intervalos suficientes (+0) | hay estimación de cohorte disponible (+12) | hay datos de uso/contrato/horario (+8) | Weibull no evaluado (n insuficiente) (+4) | estimación de tipo BORROWED_COHORT_ESTIMATE (+1) | n=0 intervalos (<10) (-10) | n=0 intervalos (<3) (-20) | estimación prestada de cohorte (-8),,,,,,EMPIRICAL_BAYES_SHRINKAGE,0.32,Solo un evento observado para esta combinación - no se puede estimar vida útil todavía sin cohorte.
INC-156473,Instituto Nacional del Cáncer (INC),1014474,Cable Assy sw1/sw2 T,2024-11-14T21:35:00.000Z,2024-11-14T21:35:00.000Z,1,0,,,NONE,INSUFFICIENT_DATA,Un solo evento observado y sin cohorte disponible - sin base estadística suficiente para estimar vida útil.,,,,,,,,,,,1,0,0,,,NO_DATA,,,INSUFFICIENT_DATA,NO_MANUFACTURER_DATA,6,Insuficiente,0 intervalo(s) válidos (+0) | match exacto/alias (REF_EXACT) (+12) | asociación single (+12) | sin cobertura calculable (+0) | sin intervalos suficientes (+0) | sin cohorte disponible (+0) | hay datos de uso/contrato/horario (+8) | Weibull no evaluado (n insuficiente) (+4) | estimación de tipo INSUFFICIENT_DATA (+0) | n=0 intervalos (<10) (-10) | n=0 intervalos (<3) (-20),,INSUFFICIENT_DATA,6,Insuficiente,0 intervalo(s) válidos (+0) | match exacto/alias (REF_EXACT) (+12) | asociación single (+12) | sin cobertura calculable (+0) | sin intervalos suficientes (+0) | sin cohorte disponible (+0) | hay datos de uso/contrato/horario (+8) | Weibull no evaluado (n insuficiente) (+4) | estimación de tipo INSUFFICIENT_DATA (+0) | n=0 intervalos (<10) (-10) | n=0 intervalos (<3) (-20),,,,,,NONE,0.53,Solo un evento observado para esta combinación - no se puede estimar vida útil todavía sin cohorte.
Linac-201172,INRAD,1018459,Microswitch with lever,2024-11-19T21:03:00.000Z,2024-11-19T21:03:00.000Z,1,0,,,NONE,INSUFFICIENT_DATA,Un solo evento observado y sin cohorte disponible - sin base estadística suficiente para estimar vida útil.,,,,,,,,,,,1,0,0,,,NO_DATA,,,INSUFFICIENT_DATA,NO_MANUFACTURER_DATA,6,Insuficiente,0 intervalo(s) válidos (+0) | match exacto/alias (REF_EXACT) (+12) | asociación single (+12) | sin cobertura calculable (+0) | sin intervalos suficientes (+0) | sin cohorte disponible (+0) | hay datos de uso/contrato/horario (+8) | Weibull no evaluado (n insuficiente) (+4) | estimación de tipo INSUFFICIENT_DATA (+0) | n=0 intervalos (<10) (-10) | n=0 intervalos (<3) (-20),,INSUFFICIENT_DATA,6,Insuficiente,0 intervalo(s) válidos (+0) | match exacto/alias (REF_EXACT) (+12) | asociación single (+12) | sin cobertura calculable (+0) | sin intervalos suficientes (+0) | sin cohorte disponible (+0) | hay datos de uso/contrato/horario (+8) | Weibull no evaluado (n insuficiente) (+4) | estimación de tipo INSUFFICIENT_DATA (+0) | n=0 intervalos (<10) (-10) | n=0 intervalos (<3) (-20),,,,,,NONE,0.17,Solo un evento observado para esta combinación - no se puede estimar vida útil todavía sin cohorte.
INC-156473,Instituto Nacional del Cáncer (INC),1531790,"X, Y check or coarse potentiometer (D SHAPE), lateral o longitudinal",2024-11-26T00:00:00.000Z,2024-11-26T00:00:00.000Z,1,0,,,NONE,INSUFFICIENT_DATA,Un solo evento observado y sin cohorte disponible - sin base estadística suficiente para estimar vida útil.,,,,,,,,,,,1,0,0,,,NO_DATA,,,INSUFFICIENT_DATA,NO_MANUFACTURER_DATA,6,Insuficiente,0 intervalo(s) válidos (+0) | match exacto/alias (REF_EXACT) (+12) | asociación single (+12) | sin cobertura calculable (+0) | sin intervalos suficientes (+0) | sin cohorte disponible (+0) | hay datos de uso/contrato/horario (+8) | Weibull no evaluado (n insuficiente) (+4) | estimación de tipo INSUFFICIENT_DATA (+0) | n=0 intervalos (<10) (-10) | n=0 intervalos (<3) (-20),,INSUFFICIENT_DATA,6,Insuficiente,0 intervalo(s) válidos (+0) | match exacto/alias (REF_EXACT) (+12) | asociación single (+12) | sin cobertura calculable (+0) | sin intervalos suficientes (+0) | sin cohorte disponible (+0) | hay datos de uso/contrato/horario (+8) | Weibull no evaluado (n insuficiente) (+4) | estimación de tipo INSUFFICIENT_DATA (+0) | n=0 intervalos (<10) (-10) | n=0 intervalos (<3) (-20),,,,,,NONE,1,Solo un evento observado para esta combinación - no se puede estimar vida útil todavía sin cohorte.
Linac-156187,RADIO ONCOLOGÍA DEL SUR,1507972,"PCB assy ODI,Voltage Regulator PCB Assy",2024-11-29T17:00:00.000Z,2024-11-29T17:00:00.000Z,1,0,,,NONE,INSUFFICIENT_DATA,Un solo evento observado y sin cohorte disponible - sin base estadística suficiente para estimar vida útil.,,,,,,,,,,,1,0,0,,,NO_DATA,,,INSUFFICIENT_DATA,NO_MANUFACTURER_DATA,6,Insuficiente,0 intervalo(s) válidos (+0) | match exacto/alias (REF_EXACT) (+12) | asociación single (+12) | sin cobertura calculable (+0) | sin intervalos suficientes (+0) | sin cohorte disponible (+0) | hay datos de uso/contrato/horario (+8) | Weibull no evaluado (n insuficiente) (+4) | estimación de tipo INSUFFICIENT_DATA (+0) | n=0 intervalos (<10) (-10) | n=0 intervalos (<3) (-20),,INSUFFICIENT_DATA,6,Insuficiente,0 intervalo(s) válidos (+0) | match exacto/alias (REF_EXACT) (+12) | asociación single (+12) | sin cobertura calculable (+0) | sin intervalos suficientes (+0) | sin cohorte disponible (+0) | hay datos de uso/contrato/horario (+8) | Weibull no evaluado (n insuficiente) (+4) | estimación de tipo INSUFFICIENT_DATA (+0) | n=0 intervalos (<10) (-10) | n=0 intervalos (<3) (-20),,,,,,NONE,0,Solo un evento observado para esta combinación - no se puede estimar vida útil todavía sin cohorte.
Linac-152171,CLINICA ALEMANA DE SANTIAGO,45133502026_usado,X-ray tube (MR),2024-12-21T11:00:00.000Z,2024-12-21T11:00:00.000Z,1,0,,326.11,EMPIRICAL_BAYES_SHRINKAGE,BORROWED_COHORT_ESTIMATE,"Un solo evento observado, sin intervalo propio - se usa 100% la estimación de la cohorte (same_client_same_part).",326.11,10.71,,326.11,,,,0,1,same_client_same_part,1,0,0,1.12,,NO_DATA,,2025-11-12T13:38:24.000Z,BORROWED_COHORT_ESTIMATE,NO_MANUFACTURER_DATA,7,Insuficiente,0 intervalo(s) válidos (+0) | match por método débil (REF_LIKE) (+8) | asociación single (+12) | sin cobertura calculable (+0) | sin intervalos suficientes (+0) | hay estimación de cohorte disponible (+12) | hay datos de uso/contrato/horario (+8) | Weibull no evaluado (n insuficiente) (+4) | estimación de tipo BORROWED_COHORT_ESTIMATE (+1) | n=0 intervalos (<10) (-10) | n=0 intervalos (<3) (-20) | estimación prestada de cohorte (-8),,BORROWED_COHORT_ESTIMATE,7,Insuficiente,0 intervalo(s) válidos (+0) | match por método débil (REF_LIKE) (+8) | asociación single (+12) | sin cobertura calculable (+0) | sin intervalos suficientes (+0) | hay estimación de cohorte disponible (+12) | hay datos de uso/contrato/horario (+8) | Weibull no evaluado (n insuficiente) (+4) | estimación de tipo BORROWED_COHORT_ESTIMATE (+1) | n=0 intervalos (<10) (-10) | n=0 intervalos (<3) (-20) | estimación prestada de cohorte (-8),,,,,,EMPIRICAL_BAYES_SHRINKAGE,1,Solo un evento observado para esta combinación - no se puede estimar vida útil todavía sin cohorte.
Linac-153935,UC CHRISTUS - CECA,1565768,"(CCU) PCB ASSY, CAM CID8726DX9 AGI",2024-12-30T21:52:00.000Z,2024-12-30T21:52:00.000Z,1,0,,226.81,EMPIRICAL_BAYES_SHRINKAGE,BORROWED_COHORT_ESTIMATE,"Un solo evento observado, sin intervalo propio - se usa 100% la estimación de la cohorte (same_client_same_part).",226.81,7.45,,226.81,,,,0,1,same_client_same_part,1,0,0,1.61,,NO_DATA,,2025-08-14T17:18:24.000Z,BORROWED_COHORT_ESTIMATE,NO_MANUFACTURER_DATA,11,Insuficiente,0 intervalo(s) válidos (+0) | match exacto/alias (REF_EXACT) (+12) | asociación single (+12) | sin cobertura calculable (+0) | sin intervalos suficientes (+0) | hay estimación de cohorte disponible (+12) | hay datos de uso/contrato/horario (+8) | Weibull no evaluado (n insuficiente) (+4) | estimación de tipo BORROWED_COHORT_ESTIMATE (+1) | n=0 intervalos (<10) (-10) | n=0 intervalos (<3) (-20) | estimación prestada de cohorte (-8),,BORROWED_COHORT_ESTIMATE,11,Insuficiente,0 intervalo(s) válidos (+0) | match exacto/alias (REF_EXACT) (+12) | asociación single (+12) | sin cobertura calculable (+0) | sin intervalos suficientes (+0) | hay estimación de cohorte disponible (+12) | hay datos de uso/contrato/horario (+8) | Weibull no evaluado (n insuficiente) (+4) | estimación de tipo BORROWED_COHORT_ESTIMATE (+1) | n=0 intervalos (<10) (-10) | n=0 intervalos (<3) (-20) | estimación prestada de cohorte (-8),,,,,,EMPIRICAL_BAYES_SHRINKAGE,0.42,Solo un evento observado para esta combinación - no se puede estimar vida útil todavía sin cohorte.
Linac-153935,UC CHRISTUS - CECA,1564361,"Programmed PCB Assy, Router",2024-12-30T21:52:00.000Z,2024-12-30T21:52:00.000Z,1,0,,125.73,EMPIRICAL_BAYES_SHRINKAGE,BORROWED_COHORT_ESTIMATE,"Un solo evento observado, sin intervalo propio - se usa 100% la estimación de la cohorte (same_client_same_part).",125.73,4.13,,125.73,,,,0,1,same_client_same_part,1,0,0,2.91,,NO_DATA,,2025-05-05T15:23:12.000Z,BORROWED_COHORT_ESTIMATE,NO_MANUFACTURER_DATA,11,Insuficiente,0 intervalo(s) válidos (+0) | match exacto/alias (REF_EXACT) (+12) | asociación single (+12) | sin cobertura calculable (+0) | sin intervalos suficientes (+0) | hay estimación de cohorte disponible (+12) | hay datos de uso/contrato/horario (+8) | Weibull no evaluado (n insuficiente) (+4) | estimación de tipo BORROWED_COHORT_ESTIMATE (+1) | n=0 intervalos (<10) (-10) | n=0 intervalos (<3) (-20) | estimación prestada de cohorte (-8),,BORROWED_COHORT_ESTIMATE,11,Insuficiente,0 intervalo(s) válidos (+0) | match exacto/alias (REF_EXACT) (+12) | asociación single (+12) | sin cobertura calculable (+0) | sin intervalos suficientes (+0) | hay estimación de cohorte disponible (+12) | hay datos de uso/contrato/horario (+8) | Weibull no evaluado (n insuficiente) (+4) | estimación de tipo BORROWED_COHORT_ESTIMATE (+1) | n=0 intervalos (<10) (-10) | n=0 intervalos (<3) (-20) | estimación prestada de cohorte (-8),,,,,,EMPIRICAL_BAYES_SHRINKAGE,0.42,Solo un evento observado para esta combinación - no se puede estimar vida útil todavía sin cohorte.
LINAC-153038,FUNDACION ARTURO LOPEZ PEREZ,1005032,Signal Condition PCB (SCC-RHA-Rev. 01),2025-01-13T20:53:00.000Z,2025-01-13T20:53:00.000Z,1,0,,,NONE,INSUFFICIENT_DATA,Un solo evento observado y sin cohorte disponible - sin base estadística suficiente para estimar vida útil.,,,,,,,,,,,1,0,0,,,NO_DATA,,,INSUFFICIENT_DATA,NO_MANUFACTURER_DATA,6,Insuficiente,0 intervalo(s) válidos (+0) | match exacto/alias (REF_EXACT) (+12) | asociación single (+12) | sin cobertura calculable (+0) | sin intervalos suficientes (+0) | sin cohorte disponible (+0) | hay datos de uso/contrato/horario (+8) | Weibull no evaluado (n insuficiente) (+4) | estimación de tipo INSUFFICIENT_DATA (+0) | n=0 intervalos (<10) (-10) | n=0 intervalos (<3) (-20),,INSUFFICIENT_DATA,6,Insuficiente,0 intervalo(s) válidos (+0) | match exacto/alias (REF_EXACT) (+12) | asociación single (+12) | sin cobertura calculable (+0) | sin intervalos suficientes (+0) | sin cohorte disponible (+0) | hay datos de uso/contrato/horario (+8) | Weibull no evaluado (n insuficiente) (+4) | estimación de tipo INSUFFICIENT_DATA (+0) | n=0 intervalos (<10) (-10) | n=0 intervalos (<3) (-20),,,,,,NONE,0.69,Solo un evento observado para esta combinación - no se puede estimar vida útil todavía sin cohorte.
LINAC-153038,FUNDACION ARTURO LOPEZ PEREZ,1005033,Signal Condition PCB (RHCA-B),2025-01-13T20:53:00.000Z,2025-01-13T20:53:00.000Z,1,0,,,NONE,INSUFFICIENT_DATA,Un solo evento observado y sin cohorte disponible - sin base estadística suficiente para estimar vida útil.,,,,,,,,,,,1,0,0,,,NO_DATA,,,INSUFFICIENT_DATA,NO_MANUFACTURER_DATA,6,Insuficiente,0 intervalo(s) válidos (+0) | match exacto/alias (REF_EXACT) (+12) | asociación single (+12) | sin cobertura calculable (+0) | sin intervalos suficientes (+0) | sin cohorte disponible (+0) | hay datos de uso/contrato/horario (+8) | Weibull no evaluado (n insuficiente) (+4) | estimación de tipo INSUFFICIENT_DATA (+0) | n=0 intervalos (<10) (-10) | n=0 intervalos (<3) (-20),,INSUFFICIENT_DATA,6,Insuficiente,0 intervalo(s) válidos (+0) | match exacto/alias (REF_EXACT) (+12) | asociación single (+12) | sin cobertura calculable (+0) | sin intervalos suficientes (+0) | sin cohorte disponible (+0) | hay datos de uso/contrato/horario (+8) | Weibull no evaluado (n insuficiente) (+4) | estimación de tipo INSUFFICIENT_DATA (+0) | n=0 intervalos (<10) (-10) | n=0 intervalos (<3) (-20),,,,,,NONE,0.69,Solo un evento observado para esta combinación - no se puede estimar vida útil todavía sin cohorte.
Linac-156187,RADIO ONCOLOGÍA DEL SUR,1022378,"DIODE ASSY, FRU",2025-01-13T16:00:00.000Z,2025-01-13T16:00:00.000Z,1,0,,229.11,EMPIRICAL_BAYES_SHRINKAGE,BORROWED_COHORT_ESTIMATE,"Un solo evento observado, sin intervalo propio - se usa 100% la estimación de la cohorte (same_client_same_part).",229.11,7.53,,229.11,,,,0,1,same_client_same_part,1,0,0,1.59,,NO_DATA,,2025-08-30T18:38:24.000Z,BORROWED_COHORT_ESTIMATE,NO_MANUFACTURER_DATA,7,Insuficiente,0 intervalo(s) válidos (+0) | match por método débil (REF_LIKE) (+8) | asociación single (+12) | sin cobertura calculable (+0) | sin intervalos suficientes (+0) | hay estimación de cohorte disponible (+12) | hay datos de uso/contrato/horario (+8) | Weibull no evaluado (n insuficiente) (+4) | estimación de tipo BORROWED_COHORT_ESTIMATE (+1) | n=0 intervalos (<10) (-10) | n=0 intervalos (<3) (-20) | estimación prestada de cohorte (-8),,BORROWED_COHORT_ESTIMATE,7,Insuficiente,0 intervalo(s) válidos (+0) | match por método débil (REF_LIKE) (+8) | asociación single (+12) | sin cobertura calculable (+0) | sin intervalos suficientes (+0) | hay estimación de cohorte disponible (+12) | hay datos de uso/contrato/horario (+8) | Weibull no evaluado (n insuficiente) (+4) | estimación de tipo BORROWED_COHORT_ESTIMATE (+1) | n=0 intervalos (<10) (-10) | n=0 intervalos (<3) (-20) | estimación prestada de cohorte (-8),,,,,,EMPIRICAL_BAYES_SHRINKAGE,0,Solo un evento observado para esta combinación - no se puede estimar vida útil todavía sin cohorte.
Linac-109374,UC CHRISTUS - CECA,1548845,"ASSEMBLY, X-RAY TUBE VAREX",2025-01-17T17:52:00.000Z,2025-01-17T17:52:00.000Z,1,0,,,NONE,INSUFFICIENT_DATA,Un solo evento observado y sin cohorte disponible - sin base estadística suficiente para estimar vida útil.,,,,,,,,,,,1,0,0,,,NO_DATA,,,INSUFFICIENT_DATA,NO_MANUFACTURER_DATA,6,Insuficiente,0 intervalo(s) válidos (+0) | match exacto/alias (REF_EXACT) (+12) | asociación single (+12) | sin cobertura calculable (+0) | sin intervalos suficientes (+0) | sin cohorte disponible (+0) | hay datos de uso/contrato/horario (+8) | Weibull no evaluado (n insuficiente) (+4) | estimación de tipo INSUFFICIENT_DATA (+0) | n=0 intervalos (<10) (-10) | n=0 intervalos (<3) (-20),,INSUFFICIENT_DATA,6,Insuficiente,0 intervalo(s) válidos (+0) | match exacto/alias (REF_EXACT) (+12) | asociación single (+12) | sin cobertura calculable (+0) | sin intervalos suficientes (+0) | sin cohorte disponible (+0) | hay datos de uso/contrato/horario (+8) | Weibull no evaluado (n insuficiente) (+4) | estimación de tipo INSUFFICIENT_DATA (+0) | n=0 intervalos (<10) (-10) | n=0 intervalos (<3) (-20),,,,,,NONE,0,Solo un evento observado para esta combinación - no se puede estimar vida útil todavía sin cohorte.
LINAC-153038,FUNDACION ARTURO LOPEZ PEREZ,351372700257X,Module Semikron SKRC,2025-01-20T21:54:00.000Z,2025-01-20T21:54:00.000Z,1,0,,,NONE,INSUFFICIENT_DATA,Un solo evento observado y sin cohorte disponible - sin base estadística suficiente para estimar vida útil.,,,,,,,,,,,1,0,0,,,NO_DATA,,,INSUFFICIENT_DATA,NO_MANUFACTURER_DATA,6,Insuficiente,0 intervalo(s) válidos (+0) | match exacto/alias (REF_EXACT) (+12) | asociación single (+12) | sin cobertura calculable (+0) | sin intervalos suficientes (+0) | sin cohorte disponible (+0) | hay datos de uso/contrato/horario (+8) | Weibull no evaluado (n insuficiente) (+4) | estimación de tipo INSUFFICIENT_DATA (+0) | n=0 intervalos (<10) (-10) | n=0 intervalos (<3) (-20),,INSUFFICIENT_DATA,6,Insuficiente,0 intervalo(s) válidos (+0) | match exacto/alias (REF_EXACT) (+12) | asociación single (+12) | sin cobertura calculable (+0) | sin intervalos suficientes (+0) | sin cohorte disponible (+0) | hay datos de uso/contrato/horario (+8) | Weibull no evaluado (n insuficiente) (+4) | estimación de tipo INSUFFICIENT_DATA (+0) | n=0 intervalos (<10) (-10) | n=0 intervalos (<3) (-20),,,,,,NONE,1,Solo un evento observado para esta combinación - no se puede estimar vida útil todavía sin cohorte.
LINAC-153038,FUNDACION ARTURO LOPEZ PEREZ,821321900373H,Fuse link 240V/80A,2025-01-22T00:03:00.000Z,2025-01-22T00:03:00.000Z,1,0,,,NONE,INSUFFICIENT_DATA,Un solo evento observado y sin cohorte disponible - sin base estadística suficiente para estimar vida útil.,,,,,,,,,,,1,0,0,,,NO_DATA,,,INSUFFICIENT_DATA,NO_MANUFACTURER_DATA,2,Insuficiente,0 intervalo(s) válidos (+0) | match por método débil (REF_LIKE) (+8) | asociación single (+12) | sin cobertura calculable (+0) | sin intervalos suficientes (+0) | sin cohorte disponible (+0) | hay datos de uso/contrato/horario (+8) | Weibull no evaluado (n insuficiente) (+4) | estimación de tipo INSUFFICIENT_DATA (+0) | n=0 intervalos (<10) (-10) | n=0 intervalos (<3) (-20),,INSUFFICIENT_DATA,2,Insuficiente,0 intervalo(s) válidos (+0) | match por método débil (REF_LIKE) (+8) | asociación single (+12) | sin cobertura calculable (+0) | sin intervalos suficientes (+0) | sin cohorte disponible (+0) | hay datos de uso/contrato/horario (+8) | Weibull no evaluado (n insuficiente) (+4) | estimación de tipo INSUFFICIENT_DATA (+0) | n=0 intervalos (<10) (-10) | n=0 intervalos (<3) (-20),,,,,,NONE,1,Solo un evento observado para esta combinación - no se puede estimar vida útil todavía sin cohorte.
Linac-109256,UC CHRISTUS - SCA,1557545,"Camera, DX9",2025-01-27T23:59:00.000Z,2025-01-27T23:59:00.000Z,1,0,,158.78,EMPIRICAL_BAYES_SHRINKAGE,BORROWED_COHORT_ESTIMATE,"Un solo evento observado, sin intervalo propio - se usa 100% la estimación de la cohorte (same_client_same_part).",158.78,5.22,,158.78,,,,0,1,same_client_same_part,1,0,0,2.3,,NO_DATA,,2025-07-05T18:42:12.000Z,BORROWED_COHORT_ESTIMATE,NO_MANUFACTURER_DATA,11,Insuficiente,0 intervalo(s) válidos (+0) | match exacto/alias (REF_EXACT) (+12) | asociación single (+12) | sin cobertura calculable (+0) | sin intervalos suficientes (+0) | hay estimación de cohorte disponible (+12) | hay datos de uso/contrato/horario (+8) | Weibull no evaluado (n insuficiente) (+4) | estimación de tipo BORROWED_COHORT_ESTIMATE (+1) | n=0 intervalos (<10) (-10) | n=0 intervalos (<3) (-20) | estimación prestada de cohorte (-8),,BORROWED_COHORT_ESTIMATE,11,Insuficiente,0 intervalo(s) válidos (+0) | match exacto/alias (REF_EXACT) (+12) | asociación single (+12) | sin cobertura calculable (+0) | sin intervalos suficientes (+0) | hay estimación de cohorte disponible (+12) | hay datos de uso/contrato/horario (+8) | Weibull no evaluado (n insuficiente) (+4) | estimación de tipo BORROWED_COHORT_ESTIMATE (+1) | n=0 intervalos (<10) (-10) | n=0 intervalos (<3) (-20) | estimación prestada de cohorte (-8),,,,,,EMPIRICAL_BAYES_SHRINKAGE,1,Solo un evento observado para esta combinación - no se puede estimar vida útil todavía sin cohorte.
Linac-109374,UC CHRISTUS - CECA,45133304800,SL ELECTRON GUN ASSY,2025-01-30T21:14:00.000Z,2025-01-30T21:14:00.000Z,1,0,,443.82,EMPIRICAL_BAYES_SHRINKAGE,BORROWED_COHORT_ESTIMATE,"Un solo evento observado, sin intervalo propio - se usa 100% la estimación de la cohorte (same_client_same_part).",443.82,14.58,,443.82,,,,0,1,same_client_same_part,1,0,0,0.82,,NO_DATA,,2026-04-19T16:54:48.000Z,BORROWED_COHORT_ESTIMATE,NO_MANUFACTURER_DATA,11,Insuficiente,0 intervalo(s) válidos (+0) | match exacto/alias (REF_EXACT) (+12) | asociación single (+12) | sin cobertura calculable (+0) | sin intervalos suficientes (+0) | hay estimación de cohorte disponible (+12) | hay datos de uso/contrato/horario (+8) | Weibull no evaluado (n insuficiente) (+4) | estimación de tipo BORROWED_COHORT_ESTIMATE (+1) | n=0 intervalos (<10) (-10) | n=0 intervalos (<3) (-20) | estimación prestada de cohorte (-8),,BORROWED_COHORT_ESTIMATE,11,Insuficiente,0 intervalo(s) válidos (+0) | match exacto/alias (REF_EXACT) (+12) | asociación single (+12) | sin cobertura calculable (+0) | sin intervalos suficientes (+0) | hay estimación de cohorte disponible (+12) | hay datos de uso/contrato/horario (+8) | Weibull no evaluado (n insuficiente) (+4) | estimación de tipo BORROWED_COHORT_ESTIMATE (+1) | n=0 intervalos (<10) (-10) | n=0 intervalos (<3) (-20) | estimación prestada de cohorte (-8),,,,,,EMPIRICAL_BAYES_SHRINKAGE,0.87,Solo un evento observado para esta combinación - no se puede estimar vida útil todavía sin cohorte.
Linac-153935,UC CHRISTUS - CECA,1024939,"ASSY, 40X40X10MM FAN, HEATSINK",2025-02-05T21:09:00.000Z,2025-02-05T21:09:00.000Z,1,0,,340.49,EMPIRICAL_BAYES_SHRINKAGE,BORROWED_COHORT_ESTIMATE,"Un solo evento observado, sin intervalo propio - se usa 100% la estimación de la cohorte (same_client_same_part).",340.49,11.19,,340.49,,,,0,1,same_client_same_part,1,0,0,1.07,,NO_DATA,,2026-01-12T08:54:36.000Z,BORROWED_COHORT_ESTIMATE,NO_MANUFACTURER_DATA,11,Insuficiente,0 intervalo(s) válidos (+0) | match exacto/alias (REF_EXACT) (+12) | asociación single (+12) | sin cobertura calculable (+0) | sin intervalos suficientes (+0) | hay estimación de cohorte disponible (+12) | hay datos de uso/contrato/horario (+8) | Weibull no evaluado (n insuficiente) (+4) | estimación de tipo BORROWED_COHORT_ESTIMATE (+1) | n=0 intervalos (<10) (-10) | n=0 intervalos (<3) (-20) | estimación prestada de cohorte (-8),,BORROWED_COHORT_ESTIMATE,11,Insuficiente,0 intervalo(s) válidos (+0) | match exacto/alias (REF_EXACT) (+12) | asociación single (+12) | sin cobertura calculable (+0) | sin intervalos suficientes (+0) | hay estimación de cohorte disponible (+12) | hay datos de uso/contrato/horario (+8) | Weibull no evaluado (n insuficiente) (+4) | estimación de tipo BORROWED_COHORT_ESTIMATE (+1) | n=0 intervalos (<10) (-10) | n=0 intervalos (<3) (-20) | estimación prestada de cohorte (-8),,,,,,EMPIRICAL_BAYES_SHRINKAGE,0.83,Solo un evento observado para esta combinación - no se puede estimar vida útil todavía sin cohorte.
Linac-109256,UC CHRISTUS - SCA,1502613,Laser ODI Spares Kit,2025-02-12T20:30:00.000Z,2025-02-12T20:30:00.000Z,1,0,,351.96,EMPIRICAL_BAYES_SHRINKAGE,BORROWED_COHORT_ESTIMATE,"Un solo evento observado, sin intervalo propio - se usa 100% la estimación de la cohorte (same_client_same_part).",351.96,11.56,,351.96,,,,0,1,same_client_same_part,1,0,0,1.04,,NO_DATA,,2026-01-30T19:32:24.000Z,BORROWED_COHORT_ESTIMATE,NO_MANUFACTURER_DATA,11,Insuficiente,0 intervalo(s) válidos (+0) | match exacto/alias (REF_EXACT) (+12) | asociación single (+12) | sin cobertura calculable (+0) | sin intervalos suficientes (+0) | hay estimación de cohorte disponible (+12) | hay datos de uso/contrato/horario (+8) | Weibull no evaluado (n insuficiente) (+4) | estimación de tipo BORROWED_COHORT_ESTIMATE (+1) | n=0 intervalos (<10) (-10) | n=0 intervalos (<3) (-20) | estimación prestada de cohorte (-8),,BORROWED_COHORT_ESTIMATE,11,Insuficiente,0 intervalo(s) válidos (+0) | match exacto/alias (REF_EXACT) (+12) | asociación single (+12) | sin cobertura calculable (+0) | sin intervalos suficientes (+0) | hay estimación de cohorte disponible (+12) | hay datos de uso/contrato/horario (+8) | Weibull no evaluado (n insuficiente) (+4) | estimación de tipo BORROWED_COHORT_ESTIMATE (+1) | n=0 intervalos (<10) (-10) | n=0 intervalos (<3) (-20) | estimación prestada de cohorte (-8),,,,,,EMPIRICAL_BAYES_SHRINKAGE,0,Solo un evento observado para esta combinación - no se puede estimar vida útil todavía sin cohorte.
Linac-109374,UC CHRISTUS - CECA,45133411788,Longitudinal Brake assembly (MR),2025-02-20T15:19:00.000Z,2025-02-20T15:19:00.000Z,1,0,,,NONE,INSUFFICIENT_DATA,Un solo evento observado y sin cohorte disponible - sin base estadística suficiente para estimar vida útil.,,,,,,,,,,,1,0,0,,,NO_DATA,,,INSUFFICIENT_DATA,NO_MANUFACTURER_DATA,6,Insuficiente,0 intervalo(s) válidos (+0) | match exacto/alias (REF_EXACT) (+12) | asociación single (+12) | sin cobertura calculable (+0) | sin intervalos suficientes (+0) | sin cohorte disponible (+0) | hay datos de uso/contrato/horario (+8) | Weibull no evaluado (n insuficiente) (+4) | estimación de tipo INSUFFICIENT_DATA (+0) | n=0 intervalos (<10) (-10) | n=0 intervalos (<3) (-20),,INSUFFICIENT_DATA,6,Insuficiente,0 intervalo(s) válidos (+0) | match exacto/alias (REF_EXACT) (+12) | asociación single (+12) | sin cobertura calculable (+0) | sin intervalos suficientes (+0) | sin cohorte disponible (+0) | hay datos de uso/contrato/horario (+8) | Weibull no evaluado (n insuficiente) (+4) | estimación de tipo INSUFFICIENT_DATA (+0) | n=0 intervalos (<10) (-10) | n=0 intervalos (<3) (-20),,,,,,NONE,0,Solo un evento observado para esta combinación - no se puede estimar vida útil todavía sin cohorte.
Linac-201110,CLÍNICA SANATORIO ALEMÁN (ONCORAD),1515997,"THYRATRON,GL1551A",2025-02-21T11:30:00.000Z,2025-02-21T11:30:00.000Z,1,0,,,NONE,INSUFFICIENT_DATA,Un solo evento observado y sin cohorte disponible - sin base estadística suficiente para estimar vida útil.,,,,,,,,,,,1,0,0,,,NO_DATA,,,INSUFFICIENT_DATA,NO_MANUFACTURER_DATA,6,Insuficiente,0 intervalo(s) válidos (+0) | match exacto/alias (REF_EXACT) (+12) | asociación single (+12) | sin cobertura calculable (+0) | sin intervalos suficientes (+0) | sin cohorte disponible (+0) | hay datos de uso/contrato/horario (+8) | Weibull no evaluado (n insuficiente) (+4) | estimación de tipo INSUFFICIENT_DATA (+0) | n=0 intervalos (<10) (-10) | n=0 intervalos (<3) (-20),,INSUFFICIENT_DATA,6,Insuficiente,0 intervalo(s) válidos (+0) | match exacto/alias (REF_EXACT) (+12) | asociación single (+12) | sin cobertura calculable (+0) | sin intervalos suficientes (+0) | sin cohorte disponible (+0) | hay datos de uso/contrato/horario (+8) | Weibull no evaluado (n insuficiente) (+4) | estimación de tipo INSUFFICIENT_DATA (+0) | n=0 intervalos (<10) (-10) | n=0 intervalos (<3) (-20),,,,,,NONE,0,Solo un evento observado para esta combinación - no se puede estimar vida útil todavía sin cohorte.
INC-156473,Instituto Nacional del Cáncer (INC),45133308730,HHC reciever unit MK2,2025-02-24T21:11:00.000Z,2025-02-24T21:11:00.000Z,1,0,,,NONE,INSUFFICIENT_DATA,Un solo evento observado y sin cohorte disponible - sin base estadística suficiente para estimar vida útil.,,,,,,,,,,,1,0,0,,,NO_DATA,,,INSUFFICIENT_DATA,NO_MANUFACTURER_DATA,6,Insuficiente,0 intervalo(s) válidos (+0) | match exacto/alias (REF_EXACT) (+12) | asociación single (+12) | sin cobertura calculable (+0) | sin intervalos suficientes (+0) | sin cohorte disponible (+0) | hay datos de uso/contrato/horario (+8) | Weibull no evaluado (n insuficiente) (+4) | estimación de tipo INSUFFICIENT_DATA (+0) | n=0 intervalos (<10) (-10) | n=0 intervalos (<3) (-20),,INSUFFICIENT_DATA,6,Insuficiente,0 intervalo(s) válidos (+0) | match exacto/alias (REF_EXACT) (+12) | asociación single (+12) | sin cobertura calculable (+0) | sin intervalos suficientes (+0) | sin cohorte disponible (+0) | hay datos de uso/contrato/horario (+8) | Weibull no evaluado (n insuficiente) (+4) | estimación de tipo INSUFFICIENT_DATA (+0) | n=0 intervalos (<10) (-10) | n=0 intervalos (<3) (-20),,,,,,NONE,0,Solo un evento observado para esta combinación - no se puede estimar vida útil todavía sin cohorte.
Linac-109256,UC CHRISTUS - SCA,1021309___1564281,"PCB ASSY, WEDGE CONTROL",2025-03-14T20:40:00.000Z,2025-03-14T20:40:00.000Z,1,0,,275.61,EMPIRICAL_BAYES_SHRINKAGE,BORROWED_COHORT_ESTIMATE,"Un solo evento observado, sin intervalo propio - se usa 100% la estimación de la cohorte (same_client_same_part).",275.61,9.05,,275.61,,,,0,1,same_client_same_part,1,0,0,1.33,,NO_DATA,,2025-12-15T11:18:24.000Z,BORROWED_COHORT_ESTIMATE,NO_MANUFACTURER_DATA,7,Insuficiente,0 intervalo(s) válidos (+0) | match por método débil (REF_LIKE) (+8) | asociación single (+12) | sin cobertura calculable (+0) | sin intervalos suficientes (+0) | hay estimación de cohorte disponible (+12) | hay datos de uso/contrato/horario (+8) | Weibull no evaluado (n insuficiente) (+4) | estimación de tipo BORROWED_COHORT_ESTIMATE (+1) | n=0 intervalos (<10) (-10) | n=0 intervalos (<3) (-20) | estimación prestada de cohorte (-8),,BORROWED_COHORT_ESTIMATE,7,Insuficiente,0 intervalo(s) válidos (+0) | match por método débil (REF_LIKE) (+8) | asociación single (+12) | sin cobertura calculable (+0) | sin intervalos suficientes (+0) | hay estimación de cohorte disponible (+12) | hay datos de uso/contrato/horario (+8) | Weibull no evaluado (n insuficiente) (+4) | estimación de tipo BORROWED_COHORT_ESTIMATE (+1) | n=0 intervalos (<10) (-10) | n=0 intervalos (<3) (-20) | estimación prestada de cohorte (-8),,,,,,EMPIRICAL_BAYES_SHRINKAGE,0,Solo un evento observado para esta combinación - no se puede estimar vida útil todavía sin cohorte.
Linac-154325,HOSPITAL CARLOS VAN BUREN (SSVSA),45133400146,Slitless flight tube kit,2025-03-15T22:44:00.000Z,2025-03-15T22:44:00.000Z,1,0,,,NONE,INSUFFICIENT_DATA,Un solo evento observado y sin cohorte disponible - sin base estadística suficiente para estimar vida útil.,,,,,,,,,,,1,0,0,,,NO_DATA,,,INSUFFICIENT_DATA,NO_MANUFACTURER_DATA,6,Insuficiente,0 intervalo(s) válidos (+0) | match exacto/alias (REF_EXACT) (+12) | asociación single (+12) | sin cobertura calculable (+0) | sin intervalos suficientes (+0) | sin cohorte disponible (+0) | hay datos de uso/contrato/horario (+8) | Weibull no evaluado (n insuficiente) (+4) | estimación de tipo INSUFFICIENT_DATA (+0) | n=0 intervalos (<10) (-10) | n=0 intervalos (<3) (-20),,INSUFFICIENT_DATA,6,Insuficiente,0 intervalo(s) válidos (+0) | match exacto/alias (REF_EXACT) (+12) | asociación single (+12) | sin cobertura calculable (+0) | sin intervalos suficientes (+0) | sin cohorte disponible (+0) | hay datos de uso/contrato/horario (+8) | Weibull no evaluado (n insuficiente) (+4) | estimación de tipo INSUFFICIENT_DATA (+0) | n=0 intervalos (<10) (-10) | n=0 intervalos (<3) (-20),,,,,,NONE,1,Solo un evento observado para esta combinación - no se puede estimar vida útil todavía sin cohorte.
Linac-154325,HOSPITAL CARLOS VAN BUREN (SSVSA),45133304100,Drift tube assembly,2025-03-15T22:44:00.000Z,2025-03-15T22:44:00.000Z,1,0,,,NONE,INSUFFICIENT_DATA,Un solo evento observado y sin cohorte disponible - sin base estadística suficiente para estimar vida útil.,,,,,,,,,,,1,0,0,,,NO_DATA,,,INSUFFICIENT_DATA,NO_MANUFACTURER_DATA,6,Insuficiente,0 intervalo(s) válidos (+0) | match exacto/alias (REF_EXACT) (+12) | asociación single (+12) | sin cobertura calculable (+0) | sin intervalos suficientes (+0) | sin cohorte disponible (+0) | hay datos de uso/contrato/horario (+8) | Weibull no evaluado (n insuficiente) (+4) | estimación de tipo INSUFFICIENT_DATA (+0) | n=0 intervalos (<10) (-10) | n=0 intervalos (<3) (-20),,INSUFFICIENT_DATA,6,Insuficiente,0 intervalo(s) válidos (+0) | match exacto/alias (REF_EXACT) (+12) | asociación single (+12) | sin cobertura calculable (+0) | sin intervalos suficientes (+0) | sin cohorte disponible (+0) | hay datos de uso/contrato/horario (+8) | Weibull no evaluado (n insuficiente) (+4) | estimación de tipo INSUFFICIENT_DATA (+0) | n=0 intervalos (<10) (-10) | n=0 intervalos (<3) (-20),,,,,,NONE,1,Solo un evento observado para esta combinación - no se puede estimar vida útil todavía sin cohorte.
Linac-154325,HOSPITAL CARLOS VAN BUREN (SSVSA),45133304200,Target Drive Assembly,2025-03-15T22:44:00.000Z,2025-03-15T22:44:00.000Z,1,0,,,NONE,INSUFFICIENT_DATA,Un solo evento observado y sin cohorte disponible - sin base estadística suficiente para estimar vida útil.,,,,,,,,,,,1,0,0,,,NO_DATA,,,INSUFFICIENT_DATA,NO_MANUFACTURER_DATA,6,Insuficiente,0 intervalo(s) válidos (+0) | match exacto/alias (REF_EXACT) (+12) | asociación single (+12) | sin cobertura calculable (+0) | sin intervalos suficientes (+0) | sin cohorte disponible (+0) | hay datos de uso/contrato/horario (+8) | Weibull no evaluado (n insuficiente) (+4) | estimación de tipo INSUFFICIENT_DATA (+0) | n=0 intervalos (<10) (-10) | n=0 intervalos (<3) (-20),,INSUFFICIENT_DATA,6,Insuficiente,0 intervalo(s) válidos (+0) | match exacto/alias (REF_EXACT) (+12) | asociación single (+12) | sin cobertura calculable (+0) | sin intervalos suficientes (+0) | sin cohorte disponible (+0) | hay datos de uso/contrato/horario (+8) | Weibull no evaluado (n insuficiente) (+4) | estimación de tipo INSUFFICIENT_DATA (+0) | n=0 intervalos (<10) (-10) | n=0 intervalos (<3) (-20),,,,,,NONE,1,Solo un evento observado para esta combinación - no se puede estimar vida útil todavía sin cohorte.
Linac-154325,HOSPITAL CARLOS VAN BUREN (SSVSA),261308039505,Seal,2025-03-15T22:44:00.000Z,2025-03-15T22:44:00.000Z,1,0,,,NONE,INSUFFICIENT_DATA,Un solo evento observado y sin cohorte disponible - sin base estadística suficiente para estimar vida útil.,,,,,,,,,,,1,0,0,,,NO_DATA,,,INSUFFICIENT_DATA,NO_MANUFACTURER_DATA,6,Insuficiente,0 intervalo(s) válidos (+0) | match exacto/alias (REF_EXACT) (+12) | asociación single (+12) | sin cobertura calculable (+0) | sin intervalos suficientes (+0) | sin cohorte disponible (+0) | hay datos de uso/contrato/horario (+8) | Weibull no evaluado (n insuficiente) (+4) | estimación de tipo INSUFFICIENT_DATA (+0) | n=0 intervalos (<10) (-10) | n=0 intervalos (<3) (-20),,INSUFFICIENT_DATA,6,Insuficiente,0 intervalo(s) válidos (+0) | match exacto/alias (REF_EXACT) (+12) | asociación single (+12) | sin cobertura calculable (+0) | sin intervalos suficientes (+0) | sin cohorte disponible (+0) | hay datos de uso/contrato/horario (+8) | Weibull no evaluado (n insuficiente) (+4) | estimación de tipo INSUFFICIENT_DATA (+0) | n=0 intervalos (<10) (-10) | n=0 intervalos (<3) (-20),,,,,,NONE,1,Solo un evento observado para esta combinación - no se puede estimar vida útil todavía sin cohorte.
Linac-154325,HOSPITAL CARLOS VAN BUREN (SSVSA),1515219,"Kit, Gasket, 70mm",2025-03-15T22:44:00.000Z,2025-03-15T22:44:00.000Z,1,0,,,NONE,INSUFFICIENT_DATA,Un solo evento observado y sin cohorte disponible - sin base estadística suficiente para estimar vida útil.,,,,,,,,,,,1,0,0,,,NO_DATA,,,INSUFFICIENT_DATA,NO_MANUFACTURER_DATA,6,Insuficiente,0 intervalo(s) válidos (+0) | match exacto/alias (REF_EXACT) (+12) | asociación single (+12) | sin cobertura calculable (+0) | sin intervalos suficientes (+0) | sin cohorte disponible (+0) | hay datos de uso/contrato/horario (+8) | Weibull no evaluado (n insuficiente) (+4) | estimación de tipo INSUFFICIENT_DATA (+0) | n=0 intervalos (<10) (-10) | n=0 intervalos (<3) (-20),,INSUFFICIENT_DATA,6,Insuficiente,0 intervalo(s) válidos (+0) | match exacto/alias (REF_EXACT) (+12) | asociación single (+12) | sin cobertura calculable (+0) | sin intervalos suficientes (+0) | sin cohorte disponible (+0) | hay datos de uso/contrato/horario (+8) | Weibull no evaluado (n insuficiente) (+4) | estimación de tipo INSUFFICIENT_DATA (+0) | n=0 intervalos (<10) (-10) | n=0 intervalos (<3) (-20),,,,,,NONE,1,Solo un evento observado para esta combinación - no se puede estimar vida útil todavía sin cohorte.
INC-156473,Instituto Nacional del Cáncer (INC),45133304800,SL ELECTRON GUN ASSY,2025-03-20T20:51:00.000Z,2025-03-20T20:51:00.000Z,1,0,,419.48,EMPIRICAL_BAYES_SHRINKAGE,BORROWED_COHORT_ESTIMATE,"Un solo evento observado, sin intervalo propio - se usa 100% la estimación de la cohorte (same_client_same_part).",419.48,13.78,,419.48,,,,0,1,same_client_same_part,1,0,0,0.87,,NO_DATA,,2026-05-14T08:22:12.000Z,BORROWED_COHORT_ESTIMATE,NO_MANUFACTURER_DATA,11,Insuficiente,0 intervalo(s) válidos (+0) | match exacto/alias (REF_EXACT) (+12) | asociación single (+12) | sin cobertura calculable (+0) | sin intervalos suficientes (+0) | hay estimación de cohorte disponible (+12) | hay datos de uso/contrato/horario (+8) | Weibull no evaluado (n insuficiente) (+4) | estimación de tipo BORROWED_COHORT_ESTIMATE (+1) | n=0 intervalos (<10) (-10) | n=0 intervalos (<3) (-20) | estimación prestada de cohorte (-8),,BORROWED_COHORT_ESTIMATE,11,Insuficiente,0 intervalo(s) válidos (+0) | match exacto/alias (REF_EXACT) (+12) | asociación single (+12) | sin cobertura calculable (+0) | sin intervalos suficientes (+0) | hay estimación de cohorte disponible (+12) | hay datos de uso/contrato/horario (+8) | Weibull no evaluado (n insuficiente) (+4) | estimación de tipo BORROWED_COHORT_ESTIMATE (+1) | n=0 intervalos (<10) (-10) | n=0 intervalos (<3) (-20) | estimación prestada de cohorte (-8),,,,,,EMPIRICAL_BAYES_SHRINKAGE,0.68,Solo un evento observado para esta combinación - no se puede estimar vida útil todavía sin cohorte.
Linac-156187,RADIO ONCOLOGÍA DEL SUR,1564298,Diaphragm/DLG PCB,2025-03-25T18:30:00.000Z,2025-03-25T18:30:00.000Z,1,0,,143.89,EMPIRICAL_BAYES_SHRINKAGE,BORROWED_COHORT_ESTIMATE,"Un solo evento observado, sin intervalo propio - se usa 100% la estimación de la cohorte (same_client_same_part).",143.89,4.73,,143.89,,,,0,1,same_client_same_part,1,0,0,2.54,,NO_DATA,,2025-08-16T15:51:36.000Z,BORROWED_COHORT_ESTIMATE,NO_MANUFACTURER_DATA,11,Insuficiente,0 intervalo(s) válidos (+0) | match exacto/alias (REF_EXACT) (+12) | asociación single (+12) | sin cobertura calculable (+0) | sin intervalos suficientes (+0) | hay estimación de cohorte disponible (+12) | hay datos de uso/contrato/horario (+8) | Weibull no evaluado (n insuficiente) (+4) | estimación de tipo BORROWED_COHORT_ESTIMATE (+1) | n=0 intervalos (<10) (-10) | n=0 intervalos (<3) (-20) | estimación prestada de cohorte (-8),,BORROWED_COHORT_ESTIMATE,11,Insuficiente,0 intervalo(s) válidos (+0) | match exacto/alias (REF_EXACT) (+12) | asociación single (+12) | sin cobertura calculable (+0) | sin intervalos suficientes (+0) | hay estimación de cohorte disponible (+12) | hay datos de uso/contrato/horario (+8) | Weibull no evaluado (n insuficiente) (+4) | estimación de tipo BORROWED_COHORT_ESTIMATE (+1) | n=0 intervalos (<10) (-10) | n=0 intervalos (<3) (-20) | estimación prestada de cohorte (-8),,,,,,EMPIRICAL_BAYES_SHRINKAGE,0,Solo un evento observado para esta combinación - no se puede estimar vida útil todavía sin cohorte.
INC-156473,Instituto Nacional del Cáncer (INC),1522567,RF output window,2025-04-06T01:34:00.000Z,2025-04-06T01:34:00.000Z,1,0,,243.22,EMPIRICAL_BAYES_SHRINKAGE,BORROWED_COHORT_ESTIMATE,"Un solo evento observado, sin intervalo propio - se usa 100% la estimación de la cohorte (same_client_same_part).",243.22,7.99,,243.22,,,,0,1,same_client_same_part,1,0,0,1.5,,NO_DATA,,2025-12-05T06:50:48.000Z,BORROWED_COHORT_ESTIMATE,NO_MANUFACTURER_DATA,11,Insuficiente,0 intervalo(s) válidos (+0) | match exacto/alias (REF_EXACT) (+12) | asociación single (+12) | sin cobertura calculable (+0) | sin intervalos suficientes (+0) | hay estimación de cohorte disponible (+12) | hay datos de uso/contrato/horario (+8) | Weibull no evaluado (n insuficiente) (+4) | estimación de tipo BORROWED_COHORT_ESTIMATE (+1) | n=0 intervalos (<10) (-10) | n=0 intervalos (<3) (-20) | estimación prestada de cohorte (-8),,BORROWED_COHORT_ESTIMATE,11,Insuficiente,0 intervalo(s) válidos (+0) | match exacto/alias (REF_EXACT) (+12) | asociación single (+12) | sin cobertura calculable (+0) | sin intervalos suficientes (+0) | hay estimación de cohorte disponible (+12) | hay datos de uso/contrato/horario (+8) | Weibull no evaluado (n insuficiente) (+4) | estimación de tipo BORROWED_COHORT_ESTIMATE (+1) | n=0 intervalos (<10) (-10) | n=0 intervalos (<3) (-20) | estimación prestada de cohorte (-8),,,,,,EMPIRICAL_BAYES_SHRINKAGE,1,Solo un evento observado para esta combinación - no se puede estimar vida útil todavía sin cohorte.
INC-156473,Instituto Nacional del Cáncer (INC),261308039505,Seal,2025-04-06T01:34:00.000Z,2025-04-06T01:34:00.000Z,1,0,,,NONE,INSUFFICIENT_DATA,Un solo evento observado y sin cohorte disponible - sin base estadística suficiente para estimar vida útil.,,,,,,,,,,,1,0,0,,,NO_DATA,,,INSUFFICIENT_DATA,NO_MANUFACTURER_DATA,6,Insuficiente,0 intervalo(s) válidos (+0) | match exacto/alias (REF_EXACT) (+12) | asociación single (+12) | sin cobertura calculable (+0) | sin intervalos suficientes (+0) | sin cohorte disponible (+0) | hay datos de uso/contrato/horario (+8) | Weibull no evaluado (n insuficiente) (+4) | estimación de tipo INSUFFICIENT_DATA (+0) | n=0 intervalos (<10) (-10) | n=0 intervalos (<3) (-20),,INSUFFICIENT_DATA,6,Insuficiente,0 intervalo(s) válidos (+0) | match exacto/alias (REF_EXACT) (+12) | asociación single (+12) | sin cobertura calculable (+0) | sin intervalos suficientes (+0) | sin cohorte disponible (+0) | hay datos de uso/contrato/horario (+8) | Weibull no evaluado (n insuficiente) (+4) | estimación de tipo INSUFFICIENT_DATA (+0) | n=0 intervalos (<10) (-10) | n=0 intervalos (<3) (-20),,,,,,NONE,1,Solo un evento observado para esta combinación - no se puede estimar vida útil todavía sin cohorte.
INC-156473,Instituto Nacional del Cáncer (INC),1515219,"Kit, Gasket, 70mm",2025-04-06T01:34:00.000Z,2025-04-06T01:34:00.000Z,1,0,,,NONE,INSUFFICIENT_DATA,Un solo evento observado y sin cohorte disponible - sin base estadística suficiente para estimar vida útil.,,,,,,,,,,,1,0,0,,,NO_DATA,,,INSUFFICIENT_DATA,NO_MANUFACTURER_DATA,6,Insuficiente,0 intervalo(s) válidos (+0) | match exacto/alias (REF_EXACT) (+12) | asociación single (+12) | sin cobertura calculable (+0) | sin intervalos suficientes (+0) | sin cohorte disponible (+0) | hay datos de uso/contrato/horario (+8) | Weibull no evaluado (n insuficiente) (+4) | estimación de tipo INSUFFICIENT_DATA (+0) | n=0 intervalos (<10) (-10) | n=0 intervalos (<3) (-20),,INSUFFICIENT_DATA,6,Insuficiente,0 intervalo(s) válidos (+0) | match exacto/alias (REF_EXACT) (+12) | asociación single (+12) | sin cobertura calculable (+0) | sin intervalos suficientes (+0) | sin cohorte disponible (+0) | hay datos de uso/contrato/horario (+8) | Weibull no evaluado (n insuficiente) (+4) | estimación de tipo INSUFFICIENT_DATA (+0) | n=0 intervalos (<10) (-10) | n=0 intervalos (<3) (-20),,,,,,NONE,1,Solo un evento observado para esta combinación - no se puede estimar vida útil todavía sin cohorte.
INC-156473,Instituto Nacional del Cáncer (INC),1515098,ION PUMP - SPARE,2025-04-06T01:34:00.000Z,2025-04-06T01:34:00.000Z,1,0,,351.42,EMPIRICAL_BAYES_SHRINKAGE,BORROWED_COHORT_ESTIMATE,"Un solo evento observado, sin intervalo propio - se usa 100% la estimación de la cohorte (same_client_same_part).",351.42,11.54,,351.42,,,,0,1,same_client_same_part,1,0,0,1.04,,NO_DATA,,2026-03-23T11:38:48.000Z,BORROWED_COHORT_ESTIMATE,NO_MANUFACTURER_DATA,11,Insuficiente,0 intervalo(s) válidos (+0) | match exacto/alias (REF_EXACT) (+12) | asociación single (+12) | sin cobertura calculable (+0) | sin intervalos suficientes (+0) | hay estimación de cohorte disponible (+12) | hay datos de uso/contrato/horario (+8) | Weibull no evaluado (n insuficiente) (+4) | estimación de tipo BORROWED_COHORT_ESTIMATE (+1) | n=0 intervalos (<10) (-10) | n=0 intervalos (<3) (-20) | estimación prestada de cohorte (-8),,BORROWED_COHORT_ESTIMATE,11,Insuficiente,0 intervalo(s) válidos (+0) | match exacto/alias (REF_EXACT) (+12) | asociación single (+12) | sin cobertura calculable (+0) | sin intervalos suficientes (+0) | hay estimación de cohorte disponible (+12) | hay datos de uso/contrato/horario (+8) | Weibull no evaluado (n insuficiente) (+4) | estimación de tipo BORROWED_COHORT_ESTIMATE (+1) | n=0 intervalos (<10) (-10) | n=0 intervalos (<3) (-20) | estimación prestada de cohorte (-8),,,,,,EMPIRICAL_BAYES_SHRINKAGE,1,Solo un evento observado para esta combinación - no se puede estimar vida útil todavía sin cohorte.
Linac-153935,UC CHRISTUS - CECA,1522567,RF output window,2025-04-10T19:23:00.000Z,2025-04-10T19:23:00.000Z,1,0,,243.22,EMPIRICAL_BAYES_SHRINKAGE,BORROWED_COHORT_ESTIMATE,"Un solo evento observado, sin intervalo propio - se usa 100% la estimación de la cohorte (same_part_global).",243.22,7.99,,243.22,,,,0,1,same_part_global,1,0,0,1.5,,NO_DATA,,2025-12-10T00:39:48.000Z,BORROWED_COHORT_ESTIMATE,NO_MANUFACTURER_DATA,11,Insuficiente,0 intervalo(s) válidos (+0) | match exacto/alias (REF_EXACT) (+12) | asociación single (+12) | sin cobertura calculable (+0) | sin intervalos suficientes (+0) | hay estimación de cohorte disponible (+12) | hay datos de uso/contrato/horario (+8) | Weibull no evaluado (n insuficiente) (+4) | estimación de tipo BORROWED_COHORT_ESTIMATE (+1) | n=0 intervalos (<10) (-10) | n=0 intervalos (<3) (-20) | estimación prestada de cohorte (-8),,BORROWED_COHORT_ESTIMATE,11,Insuficiente,0 intervalo(s) válidos (+0) | match exacto/alias (REF_EXACT) (+12) | asociación single (+12) | sin cobertura calculable (+0) | sin intervalos suficientes (+0) | hay estimación de cohorte disponible (+12) | hay datos de uso/contrato/horario (+8) | Weibull no evaluado (n insuficiente) (+4) | estimación de tipo BORROWED_COHORT_ESTIMATE (+1) | n=0 intervalos (<10) (-10) | n=0 intervalos (<3) (-20) | estimación prestada de cohorte (-8),,,,,,EMPIRICAL_BAYES_SHRINKAGE,0,Solo un evento observado para esta combinación - no se puede estimar vida útil todavía sin cohorte.
Linac-153935,UC CHRISTUS - CECA,1538261,"FRU KIT, FLIGHT TUBE DRIVE",2025-04-10T19:23:00.000Z,2025-04-10T19:23:00.000Z,1,0,,347.58,EMPIRICAL_BAYES_SHRINKAGE,BORROWED_COHORT_ESTIMATE,"Un solo evento observado, sin intervalo propio - se usa 100% la estimación de la cohorte (same_part_global).",347.58,11.42,,347.58,,,,0,1,same_part_global,1,0,0,1.05,,NO_DATA,,2026-03-24T09:18:12.000Z,BORROWED_COHORT_ESTIMATE,NO_MANUFACTURER_DATA,11,Insuficiente,0 intervalo(s) válidos (+0) | match exacto/alias (REF_EXACT) (+12) | asociación single (+12) | sin cobertura calculable (+0) | sin intervalos suficientes (+0) | hay estimación de cohorte disponible (+12) | hay datos de uso/contrato/horario (+8) | Weibull no evaluado (n insuficiente) (+4) | estimación de tipo BORROWED_COHORT_ESTIMATE (+1) | n=0 intervalos (<10) (-10) | n=0 intervalos (<3) (-20) | estimación prestada de cohorte (-8),,BORROWED_COHORT_ESTIMATE,11,Insuficiente,0 intervalo(s) válidos (+0) | match exacto/alias (REF_EXACT) (+12) | asociación single (+12) | sin cobertura calculable (+0) | sin intervalos suficientes (+0) | hay estimación de cohorte disponible (+12) | hay datos de uso/contrato/horario (+8) | Weibull no evaluado (n insuficiente) (+4) | estimación de tipo BORROWED_COHORT_ESTIMATE (+1) | n=0 intervalos (<10) (-10) | n=0 intervalos (<3) (-20) | estimación prestada de cohorte (-8),,,,,,EMPIRICAL_BAYES_SHRINKAGE,0,Solo un evento observado para esta combinación - no se puede estimar vida útil todavía sin cohorte.
Linac-154325,HOSPITAL CARLOS VAN BUREN (SSVSA),03-999-1290,Handheld Controller,2025-04-22T11:48:00.000Z,2025-04-22T11:48:00.000Z,1,0,,477.06,EMPIRICAL_BAYES_SHRINKAGE,BORROWED_COHORT_ESTIMATE,"Un solo evento observado, sin intervalo propio - se usa 100% la estimación de la cohorte (same_client_same_part).",477.06,15.67,,477.06,,,,0,1,same_client_same_part,1,0,0,0.77,,NO_DATA,,2026-08-12T13:14:24.000Z,BORROWED_COHORT_ESTIMATE,NO_MANUFACTURER_DATA,11,Insuficiente,0 intervalo(s) válidos (+0) | match exacto/alias (REF_EXACT) (+12) | asociación single (+12) | sin cobertura calculable (+0) | sin intervalos suficientes (+0) | hay estimación de cohorte disponible (+12) | hay datos de uso/contrato/horario (+8) | Weibull no evaluado (n insuficiente) (+4) | estimación de tipo BORROWED_COHORT_ESTIMATE (+1) | n=0 intervalos (<10) (-10) | n=0 intervalos (<3) (-20) | estimación prestada de cohorte (-8),,BORROWED_COHORT_ESTIMATE,11,Insuficiente,0 intervalo(s) válidos (+0) | match exacto/alias (REF_EXACT) (+12) | asociación single (+12) | sin cobertura calculable (+0) | sin intervalos suficientes (+0) | hay estimación de cohorte disponible (+12) | hay datos de uso/contrato/horario (+8) | Weibull no evaluado (n insuficiente) (+4) | estimación de tipo BORROWED_COHORT_ESTIMATE (+1) | n=0 intervalos (<10) (-10) | n=0 intervalos (<3) (-20) | estimación prestada de cohorte (-8),,,,,,EMPIRICAL_BAYES_SHRINKAGE,1,Solo un evento observado para esta combinación - no se puede estimar vida útil todavía sin cohorte.
INC-156473,Instituto Nacional del Cáncer (INC),1018265_proveedor_local,"Proveedor Local, FRU MOTOR BRUSH SET (ELECTROCRAFT)",2025-04-24T18:24:00.000Z,2025-04-24T18:24:00.000Z,1,0,,253.35,EMPIRICAL_BAYES_SHRINKAGE,BORROWED_COHORT_ESTIMATE,"Un solo evento observado, sin intervalo propio - se usa 100% la estimación de la cohorte (same_client_same_part).",253.35,8.32,,253.35,,,,0,1,same_client_same_part,1,0,0,1.44,,NO_DATA,,2026-01-03T02:48:00.000Z,BORROWED_COHORT_ESTIMATE,NO_MANUFACTURER_DATA,7,Insuficiente,0 intervalo(s) válidos (+0) | match por método débil (REF_LIKE) (+8) | asociación single (+12) | sin cobertura calculable (+0) | sin intervalos suficientes (+0) | hay estimación de cohorte disponible (+12) | hay datos de uso/contrato/horario (+8) | Weibull no evaluado (n insuficiente) (+4) | estimación de tipo BORROWED_COHORT_ESTIMATE (+1) | n=0 intervalos (<10) (-10) | n=0 intervalos (<3) (-20) | estimación prestada de cohorte (-8),,BORROWED_COHORT_ESTIMATE,7,Insuficiente,0 intervalo(s) válidos (+0) | match por método débil (REF_LIKE) (+8) | asociación single (+12) | sin cobertura calculable (+0) | sin intervalos suficientes (+0) | hay estimación de cohorte disponible (+12) | hay datos de uso/contrato/horario (+8) | Weibull no evaluado (n insuficiente) (+4) | estimación de tipo BORROWED_COHORT_ESTIMATE (+1) | n=0 intervalos (<10) (-10) | n=0 intervalos (<3) (-20) | estimación prestada de cohorte (-8),,,,,,EMPIRICAL_BAYES_SHRINKAGE,0,Solo un evento observado para esta combinación - no se puede estimar vida útil todavía sin cohorte.
Linac-109374,UC CHRISTUS - CECA,1539679___1571202,"MRT 14791, GENERAL FKP ASSY",2025-04-25T20:00:00.000Z,2025-04-25T20:00:00.000Z,1,0,,,NONE,INSUFFICIENT_DATA,Un solo evento observado y sin cohorte disponible - sin base estadística suficiente para estimar vida útil.,,,,,,,,,,,1,0,0,,,NO_DATA,,,INSUFFICIENT_DATA,NO_MANUFACTURER_DATA,2,Insuficiente,0 intervalo(s) válidos (+0) | match por método débil (REF_LIKE) (+8) | asociación single (+12) | sin cobertura calculable (+0) | sin intervalos suficientes (+0) | sin cohorte disponible (+0) | hay datos de uso/contrato/horario (+8) | Weibull no evaluado (n insuficiente) (+4) | estimación de tipo INSUFFICIENT_DATA (+0) | n=0 intervalos (<10) (-10) | n=0 intervalos (<3) (-20),,INSUFFICIENT_DATA,2,Insuficiente,0 intervalo(s) válidos (+0) | match por método débil (REF_LIKE) (+8) | asociación single (+12) | sin cobertura calculable (+0) | sin intervalos suficientes (+0) | sin cohorte disponible (+0) | hay datos de uso/contrato/horario (+8) | Weibull no evaluado (n insuficiente) (+4) | estimación de tipo INSUFFICIENT_DATA (+0) | n=0 intervalos (<10) (-10) | n=0 intervalos (<3) (-20),,,,,,NONE,0,Solo un evento observado para esta combinación - no se puede estimar vida útil todavía sin cohorte.
CLC-1,CLÍNICA LAS CONDES,1564361,"Programmed PCB Assy, Router",2025-05-20T17:26:00.000Z,2025-05-20T17:26:00.000Z,1,0,,125.73,EMPIRICAL_BAYES_SHRINKAGE,BORROWED_COHORT_ESTIMATE,"Un solo evento observado, sin intervalo propio - se usa 100% la estimación de la cohorte (same_client_same_part).",125.73,4.13,,125.73,,,,0,1,same_client_same_part,1,0,0,2.91,,NO_DATA,,2025-09-23T10:57:12.000Z,BORROWED_COHORT_ESTIMATE,NO_MANUFACTURER_DATA,11,Insuficiente,0 intervalo(s) válidos (+0) | match exacto/alias (REF_EXACT) (+12) | asociación single (+12) | sin cobertura calculable (+0) | sin intervalos suficientes (+0) | hay estimación de cohorte disponible (+12) | hay datos de uso/contrato/horario (+8) | Weibull no evaluado (n insuficiente) (+4) | estimación de tipo BORROWED_COHORT_ESTIMATE (+1) | n=0 intervalos (<10) (-10) | n=0 intervalos (<3) (-20) | estimación prestada de cohorte (-8),,BORROWED_COHORT_ESTIMATE,11,Insuficiente,0 intervalo(s) válidos (+0) | match exacto/alias (REF_EXACT) (+12) | asociación single (+12) | sin cobertura calculable (+0) | sin intervalos suficientes (+0) | hay estimación de cohorte disponible (+12) | hay datos de uso/contrato/horario (+8) | Weibull no evaluado (n insuficiente) (+4) | estimación de tipo BORROWED_COHORT_ESTIMATE (+1) | n=0 intervalos (<10) (-10) | n=0 intervalos (<3) (-20) | estimación prestada de cohorte (-8),,,,,,EMPIRICAL_BAYES_SHRINKAGE,0,Solo un evento observado para esta combinación - no se puede estimar vida útil todavía sin cohorte.
CLC-1,CLÍNICA LAS CONDES,1557545,"Camera, DX9",2025-05-20T17:26:00.000Z,2025-05-20T17:26:00.000Z,1,0,,158.78,EMPIRICAL_BAYES_SHRINKAGE,BORROWED_COHORT_ESTIMATE,"Un solo evento observado, sin intervalo propio - se usa 100% la estimación de la cohorte (same_client_same_part).",158.78,5.22,,158.78,,,,0,1,same_client_same_part,1,0,0,2.3,,NO_DATA,,2025-10-26T12:09:12.000Z,BORROWED_COHORT_ESTIMATE,NO_MANUFACTURER_DATA,11,Insuficiente,0 intervalo(s) válidos (+0) | match exacto/alias (REF_EXACT) (+12) | asociación single (+12) | sin cobertura calculable (+0) | sin intervalos suficientes (+0) | hay estimación de cohorte disponible (+12) | hay datos de uso/contrato/horario (+8) | Weibull no evaluado (n insuficiente) (+4) | estimación de tipo BORROWED_COHORT_ESTIMATE (+1) | n=0 intervalos (<10) (-10) | n=0 intervalos (<3) (-20) | estimación prestada de cohorte (-8),,BORROWED_COHORT_ESTIMATE,11,Insuficiente,0 intervalo(s) válidos (+0) | match exacto/alias (REF_EXACT) (+12) | asociación single (+12) | sin cobertura calculable (+0) | sin intervalos suficientes (+0) | hay estimación de cohorte disponible (+12) | hay datos de uso/contrato/horario (+8) | Weibull no evaluado (n insuficiente) (+4) | estimación de tipo BORROWED_COHORT_ESTIMATE (+1) | n=0 intervalos (<10) (-10) | n=0 intervalos (<3) (-20) | estimación prestada de cohorte (-8),,,,,,EMPIRICAL_BAYES_SHRINKAGE,0,Solo un evento observado para esta combinación - no se puede estimar vida útil todavía sin cohorte.
CLC-1,CLÍNICA LAS CONDES,1011030,"Lens, Collimator",2025-05-20T17:26:00.000Z,2025-05-20T17:26:00.000Z,1,0,,,NONE,INSUFFICIENT_DATA,Un solo evento observado y sin cohorte disponible - sin base estadística suficiente para estimar vida útil.,,,,,,,,,,,1,0,0,,,NO_DATA,,,INSUFFICIENT_DATA,NO_MANUFACTURER_DATA,6,Insuficiente,0 intervalo(s) válidos (+0) | match exacto/alias (REF_EXACT) (+12) | asociación single (+12) | sin cobertura calculable (+0) | sin intervalos suficientes (+0) | sin cohorte disponible (+0) | hay datos de uso/contrato/horario (+8) | Weibull no evaluado (n insuficiente) (+4) | estimación de tipo INSUFFICIENT_DATA (+0) | n=0 intervalos (<10) (-10) | n=0 intervalos (<3) (-20),,INSUFFICIENT_DATA,6,Insuficiente,0 intervalo(s) válidos (+0) | match exacto/alias (REF_EXACT) (+12) | asociación single (+12) | sin cobertura calculable (+0) | sin intervalos suficientes (+0) | sin cohorte disponible (+0) | hay datos de uso/contrato/horario (+8) | Weibull no evaluado (n insuficiente) (+4) | estimación de tipo INSUFFICIENT_DATA (+0) | n=0 intervalos (<10) (-10) | n=0 intervalos (<3) (-20),,,,,,NONE,0,Solo un evento observado para esta combinación - no se puede estimar vida útil todavía sin cohorte.
CLC-1,CLÍNICA LAS CONDES,1565835,"KIT, SPARES, DIAPHRAGM BRAKE",2025-05-20T17:26:00.000Z,2025-05-20T17:26:00.000Z,1,0,,123.86,EMPIRICAL_BAYES_SHRINKAGE,BORROWED_COHORT_ESTIMATE,"Un solo evento observado, sin intervalo propio - se usa 100% la estimación de la cohorte (same_client_same_part).",123.86,4.07,,123.86,,,,0,1,same_client_same_part,1,0,0,2.95,,NO_DATA,,2025-09-21T14:04:24.000Z,BORROWED_COHORT_ESTIMATE,NO_MANUFACTURER_DATA,11,Insuficiente,0 intervalo(s) válidos (+0) | match exacto/alias (REF_EXACT) (+12) | asociación single (+12) | sin cobertura calculable (+0) | sin intervalos suficientes (+0) | hay estimación de cohorte disponible (+12) | hay datos de uso/contrato/horario (+8) | Weibull no evaluado (n insuficiente) (+4) | estimación de tipo BORROWED_COHORT_ESTIMATE (+1) | n=0 intervalos (<10) (-10) | n=0 intervalos (<3) (-20) | estimación prestada de cohorte (-8),,BORROWED_COHORT_ESTIMATE,11,Insuficiente,0 intervalo(s) válidos (+0) | match exacto/alias (REF_EXACT) (+12) | asociación single (+12) | sin cobertura calculable (+0) | sin intervalos suficientes (+0) | hay estimación de cohorte disponible (+12) | hay datos de uso/contrato/horario (+8) | Weibull no evaluado (n insuficiente) (+4) | estimación de tipo BORROWED_COHORT_ESTIMATE (+1) | n=0 intervalos (<10) (-10) | n=0 intervalos (<3) (-20) | estimación prestada de cohorte (-8),,,,,,EMPIRICAL_BAYES_SHRINKAGE,0,Solo un evento observado para esta combinación - no se puede estimar vida útil todavía sin cohorte.
CLC-1,CLÍNICA LAS CONDES,1565836,"KIT, SPARES, DLG BRAKE",2025-05-20T17:26:00.000Z,2025-05-20T17:26:00.000Z,1,0,,143.74,EMPIRICAL_BAYES_SHRINKAGE,BORROWED_COHORT_ESTIMATE,"Un solo evento observado, sin intervalo propio - se usa 100% la estimación de la cohorte (same_client_same_part).",143.74,4.72,,143.74,,,,0,1,same_client_same_part,1,0,0,2.54,,NO_DATA,,2025-10-11T11:11:36.000Z,BORROWED_COHORT_ESTIMATE,NO_MANUFACTURER_DATA,11,Insuficiente,0 intervalo(s) válidos (+0) | match exacto/alias (REF_EXACT) (+12) | asociación single (+12) | sin cobertura calculable (+0) | sin intervalos suficientes (+0) | hay estimación de cohorte disponible (+12) | hay datos de uso/contrato/horario (+8) | Weibull no evaluado (n insuficiente) (+4) | estimación de tipo BORROWED_COHORT_ESTIMATE (+1) | n=0 intervalos (<10) (-10) | n=0 intervalos (<3) (-20) | estimación prestada de cohorte (-8),,BORROWED_COHORT_ESTIMATE,11,Insuficiente,0 intervalo(s) válidos (+0) | match exacto/alias (REF_EXACT) (+12) | asociación single (+12) | sin cobertura calculable (+0) | sin intervalos suficientes (+0) | hay estimación de cohorte disponible (+12) | hay datos de uso/contrato/horario (+8) | Weibull no evaluado (n insuficiente) (+4) | estimación de tipo BORROWED_COHORT_ESTIMATE (+1) | n=0 intervalos (<10) (-10) | n=0 intervalos (<3) (-20) | estimación prestada de cohorte (-8),,,,,,EMPIRICAL_BAYES_SHRINKAGE,0,Solo un evento observado para esta combinación - no se puede estimar vida útil todavía sin cohorte.
CLC-1,CLÍNICA LAS CONDES,1531145,"Assy, Fan 70x70x15mm",2025-05-20T17:26:00.000Z,2025-05-20T17:26:00.000Z,1,0,,,NONE,INSUFFICIENT_DATA,Un solo evento observado y sin cohorte disponible - sin base estadística suficiente para estimar vida útil.,,,,,,,,,,,1,0,0,,,NO_DATA,,,INSUFFICIENT_DATA,NO_MANUFACTURER_DATA,6,Insuficiente,0 intervalo(s) válidos (+0) | match exacto/alias (REF_EXACT) (+12) | asociación single (+12) | sin cobertura calculable (+0) | sin intervalos suficientes (+0) | sin cohorte disponible (+0) | hay datos de uso/contrato/horario (+8) | Weibull no evaluado (n insuficiente) (+4) | estimación de tipo INSUFFICIENT_DATA (+0) | n=0 intervalos (<10) (-10) | n=0 intervalos (<3) (-20),,INSUFFICIENT_DATA,6,Insuficiente,0 intervalo(s) válidos (+0) | match exacto/alias (REF_EXACT) (+12) | asociación single (+12) | sin cobertura calculable (+0) | sin intervalos suficientes (+0) | sin cohorte disponible (+0) | hay datos de uso/contrato/horario (+8) | Weibull no evaluado (n insuficiente) (+4) | estimación de tipo INSUFFICIENT_DATA (+0) | n=0 intervalos (<10) (-10) | n=0 intervalos (<3) (-20),,,,,,NONE,0,Solo un evento observado para esta combinación - no se puede estimar vida útil todavía sin cohorte.
CLC-1,CLÍNICA LAS CONDES,1018559,"ASSY, BRACKET & FAN",2025-05-20T17:26:00.000Z,2025-05-20T17:26:00.000Z,1,0,,314.51,EMPIRICAL_BAYES_SHRINKAGE,BORROWED_COHORT_ESTIMATE,"Un solo evento observado, sin intervalo propio - se usa 100% la estimación de la cohorte (same_part_global).",314.51,10.33,,314.51,,,,0,1,same_part_global,1,0,0,1.16,,NO_DATA,,2026-03-31T05:40:24.000Z,BORROWED_COHORT_ESTIMATE,NO_MANUFACTURER_DATA,11,Insuficiente,0 intervalo(s) válidos (+0) | match exacto/alias (REF_EXACT) (+12) | asociación single (+12) | sin cobertura calculable (+0) | sin intervalos suficientes (+0) | hay estimación de cohorte disponible (+12) | hay datos de uso/contrato/horario (+8) | Weibull no evaluado (n insuficiente) (+4) | estimación de tipo BORROWED_COHORT_ESTIMATE (+1) | n=0 intervalos (<10) (-10) | n=0 intervalos (<3) (-20) | estimación prestada de cohorte (-8),,BORROWED_COHORT_ESTIMATE,11,Insuficiente,0 intervalo(s) válidos (+0) | match exacto/alias (REF_EXACT) (+12) | asociación single (+12) | sin cobertura calculable (+0) | sin intervalos suficientes (+0) | hay estimación de cohorte disponible (+12) | hay datos de uso/contrato/horario (+8) | Weibull no evaluado (n insuficiente) (+4) | estimación de tipo BORROWED_COHORT_ESTIMATE (+1) | n=0 intervalos (<10) (-10) | n=0 intervalos (<3) (-20) | estimación prestada de cohorte (-8),,,,,,EMPIRICAL_BAYES_SHRINKAGE,0,Solo un evento observado para esta combinación - no se puede estimar vida útil todavía sin cohorte.
CLC-1,CLÍNICA LAS CONDES,1532592,BMDM spares kit,2025-05-20T17:26:00.000Z,2025-05-20T17:26:00.000Z,1,0,,,NONE,INSUFFICIENT_DATA,Un solo evento observado y sin cohorte disponible - sin base estadística suficiente para estimar vida útil.,,,,,,,,,,,1,0,0,,,NO_DATA,,,INSUFFICIENT_DATA,NO_MANUFACTURER_DATA,6,Insuficiente,0 intervalo(s) válidos (+0) | match exacto/alias (REF_EXACT) (+12) | asociación single (+12) | sin cobertura calculable (+0) | sin intervalos suficientes (+0) | sin cohorte disponible (+0) | hay datos de uso/contrato/horario (+8) | Weibull no evaluado (n insuficiente) (+4) | estimación de tipo INSUFFICIENT_DATA (+0) | n=0 intervalos (<10) (-10) | n=0 intervalos (<3) (-20),,INSUFFICIENT_DATA,6,Insuficiente,0 intervalo(s) válidos (+0) | match exacto/alias (REF_EXACT) (+12) | asociación single (+12) | sin cobertura calculable (+0) | sin intervalos suficientes (+0) | sin cohorte disponible (+0) | hay datos de uso/contrato/horario (+8) | Weibull no evaluado (n insuficiente) (+4) | estimación de tipo INSUFFICIENT_DATA (+0) | n=0 intervalos (<10) (-10) | n=0 intervalos (<3) (-20),,,,,,NONE,0,Solo un evento observado para esta combinación - no se puede estimar vida útil todavía sin cohorte.
CLC-1,CLÍNICA LAS CONDES,4513316442301M,FILTER ELEMENT 5 MICRON,2025-05-20T17:32:00.000Z,2025-05-20T17:32:00.000Z,1,0,,367.81,EMPIRICAL_BAYES_SHRINKAGE,BORROWED_COHORT_ESTIMATE,"Un solo evento observado, sin intervalo propio - se usa 100% la estimación de la cohorte (same_client_same_part).",367.81,12.08,,367.81,,,,0,1,same_client_same_part,1,0,0,0.99,,NO_DATA,,2026-05-23T12:58:24.000Z,BORROWED_COHORT_ESTIMATE,NO_MANUFACTURER_DATA,11,Insuficiente,0 intervalo(s) válidos (+0) | match exacto/alias (REF_EXACT) (+12) | asociación single (+12) | sin cobertura calculable (+0) | sin intervalos suficientes (+0) | hay estimación de cohorte disponible (+12) | hay datos de uso/contrato/horario (+8) | Weibull no evaluado (n insuficiente) (+4) | estimación de tipo BORROWED_COHORT_ESTIMATE (+1) | n=0 intervalos (<10) (-10) | n=0 intervalos (<3) (-20) | estimación prestada de cohorte (-8),,BORROWED_COHORT_ESTIMATE,11,Insuficiente,0 intervalo(s) válidos (+0) | match exacto/alias (REF_EXACT) (+12) | asociación single (+12) | sin cobertura calculable (+0) | sin intervalos suficientes (+0) | hay estimación de cohorte disponible (+12) | hay datos de uso/contrato/horario (+8) | Weibull no evaluado (n insuficiente) (+4) | estimación de tipo BORROWED_COHORT_ESTIMATE (+1) | n=0 intervalos (<10) (-10) | n=0 intervalos (<3) (-20) | estimación prestada de cohorte (-8),,,,,,EMPIRICAL_BAYES_SHRINKAGE,0,Solo un evento observado para esta combinación - no se puede estimar vida útil todavía sin cohorte.
CLC-1,CLÍNICA LAS CONDES,1515098,ION PUMP - SPARE,2025-05-20T17:32:00.000Z,2025-05-20T17:32:00.000Z,1,0,,351.42,EMPIRICAL_BAYES_SHRINKAGE,BORROWED_COHORT_ESTIMATE,"Un solo evento observado, sin intervalo propio - se usa 100% la estimación de la cohorte (same_client_same_part).",351.42,11.54,,351.42,,,,0,1,same_client_same_part,1,0,0,1.04,,NO_DATA,,2026-05-07T03:36:48.000Z,BORROWED_COHORT_ESTIMATE,NO_MANUFACTURER_DATA,11,Insuficiente,0 intervalo(s) válidos (+0) | match exacto/alias (REF_EXACT) (+12) | asociación single (+12) | sin cobertura calculable (+0) | sin intervalos suficientes (+0) | hay estimación de cohorte disponible (+12) | hay datos de uso/contrato/horario (+8) | Weibull no evaluado (n insuficiente) (+4) | estimación de tipo BORROWED_COHORT_ESTIMATE (+1) | n=0 intervalos (<10) (-10) | n=0 intervalos (<3) (-20) | estimación prestada de cohorte (-8),,BORROWED_COHORT_ESTIMATE,11,Insuficiente,0 intervalo(s) válidos (+0) | match exacto/alias (REF_EXACT) (+12) | asociación single (+12) | sin cobertura calculable (+0) | sin intervalos suficientes (+0) | hay estimación de cohorte disponible (+12) | hay datos de uso/contrato/horario (+8) | Weibull no evaluado (n insuficiente) (+4) | estimación de tipo BORROWED_COHORT_ESTIMATE (+1) | n=0 intervalos (<10) (-10) | n=0 intervalos (<3) (-20) | estimación prestada de cohorte (-8),,,,,,EMPIRICAL_BAYES_SHRINKAGE,0,Solo un evento observado para esta combinación - no se puede estimar vida útil todavía sin cohorte.
CLC-1,CLÍNICA LAS CONDES,45133304800,SL ELECTRON GUN ASSY,2025-05-20T17:32:00.000Z,2025-05-20T17:32:00.000Z,1,0,,425.98,EMPIRICAL_BAYES_SHRINKAGE,BORROWED_COHORT_ESTIMATE,"Un solo evento observado, sin intervalo propio - se usa 100% la estimación de la cohorte (same_client_same_part).",425.98,13.99,,425.98,,,,0,1,same_client_same_part,1,0,0,0.86,,NO_DATA,,2026-07-20T17:03:12.000Z,BORROWED_COHORT_ESTIMATE,NO_MANUFACTURER_DATA,11,Insuficiente,0 intervalo(s) válidos (+0) | match exacto/alias (REF_EXACT) (+12) | asociación single (+12) | sin cobertura calculable (+0) | sin intervalos suficientes (+0) | hay estimación de cohorte disponible (+12) | hay datos de uso/contrato/horario (+8) | Weibull no evaluado (n insuficiente) (+4) | estimación de tipo BORROWED_COHORT_ESTIMATE (+1) | n=0 intervalos (<10) (-10) | n=0 intervalos (<3) (-20) | estimación prestada de cohorte (-8),,BORROWED_COHORT_ESTIMATE,11,Insuficiente,0 intervalo(s) válidos (+0) | match exacto/alias (REF_EXACT) (+12) | asociación single (+12) | sin cobertura calculable (+0) | sin intervalos suficientes (+0) | hay estimación de cohorte disponible (+12) | hay datos de uso/contrato/horario (+8) | Weibull no evaluado (n insuficiente) (+4) | estimación de tipo BORROWED_COHORT_ESTIMATE (+1) | n=0 intervalos (<10) (-10) | n=0 intervalos (<3) (-20) | estimación prestada de cohorte (-8),,,,,,EMPIRICAL_BAYES_SHRINKAGE,0,Solo un evento observado para esta combinación - no se puede estimar vida útil todavía sin cohorte.
CLC-1,CLÍNICA LAS CONDES,1018265_proveedor_local,"Proveedor Local, FRU MOTOR BRUSH SET (ELECTROCRAFT)",2025-05-22T22:12:00.000Z,2025-05-22T22:12:00.000Z,1,0,,398.36,EMPIRICAL_BAYES_SHRINKAGE,BORROWED_COHORT_ESTIMATE,"Un solo evento observado, sin intervalo propio - se usa 100% la estimación de la cohorte (same_client_same_part).",398.36,13.09,,398.36,,,,0,1,same_client_same_part,1,0,0,0.92,,NO_DATA,,2026-06-25T06:50:24.000Z,BORROWED_COHORT_ESTIMATE,NO_MANUFACTURER_DATA,7,Insuficiente,0 intervalo(s) válidos (+0) | match por método débil (REF_LIKE) (+8) | asociación single (+12) | sin cobertura calculable (+0) | sin intervalos suficientes (+0) | hay estimación de cohorte disponible (+12) | hay datos de uso/contrato/horario (+8) | Weibull no evaluado (n insuficiente) (+4) | estimación de tipo BORROWED_COHORT_ESTIMATE (+1) | n=0 intervalos (<10) (-10) | n=0 intervalos (<3) (-20) | estimación prestada de cohorte (-8),,BORROWED_COHORT_ESTIMATE,7,Insuficiente,0 intervalo(s) válidos (+0) | match por método débil (REF_LIKE) (+8) | asociación single (+12) | sin cobertura calculable (+0) | sin intervalos suficientes (+0) | hay estimación de cohorte disponible (+12) | hay datos de uso/contrato/horario (+8) | Weibull no evaluado (n insuficiente) (+4) | estimación de tipo BORROWED_COHORT_ESTIMATE (+1) | n=0 intervalos (<10) (-10) | n=0 intervalos (<3) (-20) | estimación prestada de cohorte (-8),,,,,,EMPIRICAL_BAYES_SHRINKAGE,0.85,Solo un evento observado para esta combinación - no se puede estimar vida útil todavía sin cohorte.
Linac-151673,CLINICA ALEMANA DE SANTIAGO,45133308034,"Magnetron, MG6363",2025-05-27T23:07:00.000Z,2025-05-27T23:07:00.000Z,1,0,,,NONE,INSUFFICIENT_DATA,Un solo evento observado y sin cohorte disponible - sin base estadística suficiente para estimar vida útil.,,,,,,,,,,,1,0,0,,,NO_DATA,,,INSUFFICIENT_DATA,NO_MANUFACTURER_DATA,6,Insuficiente,0 intervalo(s) válidos (+0) | match exacto/alias (REF_EXACT) (+12) | asociación single (+12) | sin cobertura calculable (+0) | sin intervalos suficientes (+0) | sin cohorte disponible (+0) | hay datos de uso/contrato/horario (+8) | Weibull no evaluado (n insuficiente) (+4) | estimación de tipo INSUFFICIENT_DATA (+0) | n=0 intervalos (<10) (-10) | n=0 intervalos (<3) (-20),,INSUFFICIENT_DATA,6,Insuficiente,0 intervalo(s) válidos (+0) | match exacto/alias (REF_EXACT) (+12) | asociación single (+12) | sin cobertura calculable (+0) | sin intervalos suficientes (+0) | sin cohorte disponible (+0) | hay datos de uso/contrato/horario (+8) | Weibull no evaluado (n insuficiente) (+4) | estimación de tipo INSUFFICIENT_DATA (+0) | n=0 intervalos (<10) (-10) | n=0 intervalos (<3) (-20),,,,,,NONE,1,Solo un evento observado para esta combinación - no se puede estimar vida útil todavía sin cohorte.
INC-156473,Instituto Nacional del Cáncer (INC),1553878___1552668,"Z Motor - ElektroCraft - FRU, Z drive motor/brake assembly",2025-05-30T22:21:00.000Z,2025-05-30T22:21:00.000Z,1,0,,,NONE,INSUFFICIENT_DATA,Un solo evento observado y sin cohorte disponible - sin base estadística suficiente para estimar vida útil.,,,,,,,,,,,1,0,0,,,NO_DATA,,,INSUFFICIENT_DATA,NO_MANUFACTURER_DATA,2,Insuficiente,0 intervalo(s) válidos (+0) | match por método débil (REF_LIKE) (+8) | asociación single (+12) | sin cobertura calculable (+0) | sin intervalos suficientes (+0) | sin cohorte disponible (+0) | hay datos de uso/contrato/horario (+8) | Weibull no evaluado (n insuficiente) (+4) | estimación de tipo INSUFFICIENT_DATA (+0) | n=0 intervalos (<10) (-10) | n=0 intervalos (<3) (-20),,INSUFFICIENT_DATA,2,Insuficiente,0 intervalo(s) válidos (+0) | match por método débil (REF_LIKE) (+8) | asociación single (+12) | sin cobertura calculable (+0) | sin intervalos suficientes (+0) | sin cohorte disponible (+0) | hay datos de uso/contrato/horario (+8) | Weibull no evaluado (n insuficiente) (+4) | estimación de tipo INSUFFICIENT_DATA (+0) | n=0 intervalos (<10) (-10) | n=0 intervalos (<3) (-20),,,,,,NONE,0.93,Solo un evento observado para esta combinación - no se puede estimar vida útil todavía sin cohorte.
Linac-201110,CLÍNICA SANATORIO ALEMÁN (ONCORAD),45133326590,CAMERA LENS ASSEMBLY,2025-05-27T12:30:00.000Z,2025-05-27T12:30:00.000Z,1,0,,,NONE,INSUFFICIENT_DATA,Un solo evento observado y sin cohorte disponible - sin base estadística suficiente para estimar vida útil.,,,,,,,,,,,1,0,0,,,NO_DATA,,,INSUFFICIENT_DATA,NO_MANUFACTURER_DATA,6,Insuficiente,0 intervalo(s) válidos (+0) | match exacto/alias (REF_EXACT) (+12) | asociación single (+12) | sin cobertura calculable (+0) | sin intervalos suficientes (+0) | sin cohorte disponible (+0) | hay datos de uso/contrato/horario (+8) | Weibull no evaluado (n insuficiente) (+4) | estimación de tipo INSUFFICIENT_DATA (+0) | n=0 intervalos (<10) (-10) | n=0 intervalos (<3) (-20),,INSUFFICIENT_DATA,6,Insuficiente,0 intervalo(s) válidos (+0) | match exacto/alias (REF_EXACT) (+12) | asociación single (+12) | sin cobertura calculable (+0) | sin intervalos suficientes (+0) | sin cohorte disponible (+0) | hay datos de uso/contrato/horario (+8) | Weibull no evaluado (n insuficiente) (+4) | estimación de tipo INSUFFICIENT_DATA (+0) | n=0 intervalos (<10) (-10) | n=0 intervalos (<3) (-20),,,,,,NONE,0,Solo un evento observado para esta combinación - no se puede estimar vida útil todavía sin cohorte.
Linac-109256,UC CHRISTUS - SCA,1572991,FRU Z MTR BRUSH SET (E'CRAFT),2025-06-05T19:05:00.000Z,2025-06-05T19:05:00.000Z,1,0,,,NONE,INSUFFICIENT_DATA,Un solo evento observado y sin cohorte disponible - sin base estadística suficiente para estimar vida útil.,,,,,,,,,,,1,0,0,,,NO_DATA,,,INSUFFICIENT_DATA,NO_MANUFACTURER_DATA,6,Insuficiente,0 intervalo(s) válidos (+0) | match exacto/alias (REF_EXACT) (+12) | asociación single (+12) | sin cobertura calculable (+0) | sin intervalos suficientes (+0) | sin cohorte disponible (+0) | hay datos de uso/contrato/horario (+8) | Weibull no evaluado (n insuficiente) (+4) | estimación de tipo INSUFFICIENT_DATA (+0) | n=0 intervalos (<10) (-10) | n=0 intervalos (<3) (-20),,INSUFFICIENT_DATA,6,Insuficiente,0 intervalo(s) válidos (+0) | match exacto/alias (REF_EXACT) (+12) | asociación single (+12) | sin cobertura calculable (+0) | sin intervalos suficientes (+0) | sin cohorte disponible (+0) | hay datos de uso/contrato/horario (+8) | Weibull no evaluado (n insuficiente) (+4) | estimación de tipo INSUFFICIENT_DATA (+0) | n=0 intervalos (<10) (-10) | n=0 intervalos (<3) (-20),,,,,,NONE,0,Solo un evento observado para esta combinación - no se puede estimar vida útil todavía sin cohorte.
CLC-1,CLÍNICA LAS CONDES,1564298,Diaphragm/DLG PCB,2025-06-12T21:07:00.000Z,2025-06-12T21:07:00.000Z,1,0,,143.89,EMPIRICAL_BAYES_SHRINKAGE,BORROWED_COHORT_ESTIMATE,"Un solo evento observado, sin intervalo propio - se usa 100% la estimación de la cohorte (same_client_same_part).",143.89,4.73,,143.89,,,,0,1,same_client_same_part,1,0,0,2.54,,NO_DATA,,2025-11-03T18:28:36.000Z,BORROWED_COHORT_ESTIMATE,NO_MANUFACTURER_DATA,11,Insuficiente,0 intervalo(s) válidos (+0) | match exacto/alias (REF_EXACT) (+12) | asociación single (+12) | sin cobertura calculable (+0) | sin intervalos suficientes (+0) | hay estimación de cohorte disponible (+12) | hay datos de uso/contrato/horario (+8) | Weibull no evaluado (n insuficiente) (+4) | estimación de tipo BORROWED_COHORT_ESTIMATE (+1) | n=0 intervalos (<10) (-10) | n=0 intervalos (<3) (-20) | estimación prestada de cohorte (-8),,BORROWED_COHORT_ESTIMATE,11,Insuficiente,0 intervalo(s) válidos (+0) | match exacto/alias (REF_EXACT) (+12) | asociación single (+12) | sin cobertura calculable (+0) | sin intervalos suficientes (+0) | hay estimación de cohorte disponible (+12) | hay datos de uso/contrato/horario (+8) | Weibull no evaluado (n insuficiente) (+4) | estimación de tipo BORROWED_COHORT_ESTIMATE (+1) | n=0 intervalos (<10) (-10) | n=0 intervalos (<3) (-20) | estimación prestada de cohorte (-8),,,,,,EMPIRICAL_BAYES_SHRINKAGE,0.31,Solo un evento observado para esta combinación - no se puede estimar vida útil todavía sin cohorte.
CLC-1,CLÍNICA LAS CONDES,1010848,"Mirror assembly, optics (Agility)",2025-06-25T23:27:00.000Z,2025-06-25T23:27:00.000Z,1,0,,350.86,EMPIRICAL_BAYES_SHRINKAGE,BORROWED_COHORT_ESTIMATE,"Un solo evento observado, sin intervalo propio - se usa 100% la estimación de la cohorte (same_client_same_part).",350.86,11.53,,350.86,,,,0,1,same_client_same_part,1,0,0,1.04,,NO_DATA,,2026-06-11T20:05:24.000Z,BORROWED_COHORT_ESTIMATE,NO_MANUFACTURER_DATA,11,Insuficiente,0 intervalo(s) válidos (+0) | match exacto/alias (REF_EXACT) (+12) | asociación single (+12) | sin cobertura calculable (+0) | sin intervalos suficientes (+0) | hay estimación de cohorte disponible (+12) | hay datos de uso/contrato/horario (+8) | Weibull no evaluado (n insuficiente) (+4) | estimación de tipo BORROWED_COHORT_ESTIMATE (+1) | n=0 intervalos (<10) (-10) | n=0 intervalos (<3) (-20) | estimación prestada de cohorte (-8),,BORROWED_COHORT_ESTIMATE,11,Insuficiente,0 intervalo(s) válidos (+0) | match exacto/alias (REF_EXACT) (+12) | asociación single (+12) | sin cobertura calculable (+0) | sin intervalos suficientes (+0) | hay estimación de cohorte disponible (+12) | hay datos de uso/contrato/horario (+8) | Weibull no evaluado (n insuficiente) (+4) | estimación de tipo BORROWED_COHORT_ESTIMATE (+1) | n=0 intervalos (<10) (-10) | n=0 intervalos (<3) (-20) | estimación prestada de cohorte (-8),,,,,,EMPIRICAL_BAYES_SHRINKAGE,1,Solo un evento observado para esta combinación - no se puede estimar vida útil todavía sin cohorte.
Linac-152171,CLINICA ALEMANA DE SANTIAGO,1501074,DOSE B version 2,2025-07-02T18:05:00.000Z,2025-07-02T18:05:00.000Z,1,0,,377.95,EMPIRICAL_BAYES_SHRINKAGE,BORROWED_COHORT_ESTIMATE,"Un solo evento observado, sin intervalo propio - se usa 100% la estimación de la cohorte (same_client_same_part).",377.95,12.42,,377.95,,,,0,1,same_client_same_part,1,0,0,0.97,,NO_DATA,,2026-07-15T16:53:00.000Z,BORROWED_COHORT_ESTIMATE,NO_MANUFACTURER_DATA,11,Insuficiente,0 intervalo(s) válidos (+0) | match exacto/alias (REF_EXACT) (+12) | asociación single (+12) | sin cobertura calculable (+0) | sin intervalos suficientes (+0) | hay estimación de cohorte disponible (+12) | hay datos de uso/contrato/horario (+8) | Weibull no evaluado (n insuficiente) (+4) | estimación de tipo BORROWED_COHORT_ESTIMATE (+1) | n=0 intervalos (<10) (-10) | n=0 intervalos (<3) (-20) | estimación prestada de cohorte (-8),,BORROWED_COHORT_ESTIMATE,11,Insuficiente,0 intervalo(s) válidos (+0) | match exacto/alias (REF_EXACT) (+12) | asociación single (+12) | sin cobertura calculable (+0) | sin intervalos suficientes (+0) | hay estimación de cohorte disponible (+12) | hay datos de uso/contrato/horario (+8) | Weibull no evaluado (n insuficiente) (+4) | estimación de tipo BORROWED_COHORT_ESTIMATE (+1) | n=0 intervalos (<10) (-10) | n=0 intervalos (<3) (-20) | estimación prestada de cohorte (-8),,,,,,EMPIRICAL_BAYES_SHRINKAGE,0,Solo un evento observado para esta combinación - no se puede estimar vida útil todavía sin cohorte.
APOTECA-PS,FUNDACION ARTURO LOPEZ PEREZ,2276501,SCANNER GRYPHON GD4430-HCK1,2025-07-09T20:30:00.000Z,2025-07-09T20:30:00.000Z,1,0,,,NONE,INSUFFICIENT_DATA,Un solo evento observado y sin cohorte disponible - sin base estadística suficiente para estimar vida útil.,,,,,,,,,,,1,0,0,,,NO_DATA,,,INSUFFICIENT_DATA,NO_MANUFACTURER_DATA,6,Insuficiente,0 intervalo(s) válidos (+0) | match exacto/alias (REF_EXACT) (+12) | asociación single (+12) | sin cobertura calculable (+0) | sin intervalos suficientes (+0) | sin cohorte disponible (+0) | hay datos de uso/contrato/horario (+8) | Weibull no evaluado (n insuficiente) (+4) | estimación de tipo INSUFFICIENT_DATA (+0) | n=0 intervalos (<10) (-10) | n=0 intervalos (<3) (-20),,INSUFFICIENT_DATA,6,Insuficiente,0 intervalo(s) válidos (+0) | match exacto/alias (REF_EXACT) (+12) | asociación single (+12) | sin cobertura calculable (+0) | sin intervalos suficientes (+0) | sin cohorte disponible (+0) | hay datos de uso/contrato/horario (+8) | Weibull no evaluado (n insuficiente) (+4) | estimación de tipo INSUFFICIENT_DATA (+0) | n=0 intervalos (<10) (-10) | n=0 intervalos (<3) (-20),,,,,,NONE,0,Solo un evento observado para esta combinación - no se puede estimar vida útil todavía sin cohorte.
INC-156473,Instituto Nacional del Cáncer (INC),1565768,"(CCU) PCB ASSY, CAM CID8726DX9 AGI",2025-07-11T17:27:00.000Z,2025-07-11T17:27:00.000Z,1,0,,162.74,EMPIRICAL_BAYES_SHRINKAGE,BORROWED_COHORT_ESTIMATE,"Un solo evento observado, sin intervalo propio - se usa 100% la estimación de la cohorte (same_client_same_part).",162.74,5.35,,162.74,,,,0,1,same_client_same_part,1,0,0,2.24,,NO_DATA,,2025-12-21T11:12:36.000Z,BORROWED_COHORT_ESTIMATE,NO_MANUFACTURER_DATA,11,Insuficiente,0 intervalo(s) válidos (+0) | match exacto/alias (REF_EXACT) (+12) | asociación single (+12) | sin cobertura calculable (+0) | sin intervalos suficientes (+0) | hay estimación de cohorte disponible (+12) | hay datos de uso/contrato/horario (+8) | Weibull no evaluado (n insuficiente) (+4) | estimación de tipo BORROWED_COHORT_ESTIMATE (+1) | n=0 intervalos (<10) (-10) | n=0 intervalos (<3) (-20) | estimación prestada de cohorte (-8),,BORROWED_COHORT_ESTIMATE,11,Insuficiente,0 intervalo(s) válidos (+0) | match exacto/alias (REF_EXACT) (+12) | asociación single (+12) | sin cobertura calculable (+0) | sin intervalos suficientes (+0) | hay estimación de cohorte disponible (+12) | hay datos de uso/contrato/horario (+8) | Weibull no evaluado (n insuficiente) (+4) | estimación de tipo BORROWED_COHORT_ESTIMATE (+1) | n=0 intervalos (<10) (-10) | n=0 intervalos (<3) (-20) | estimación prestada de cohorte (-8),,,,,,EMPIRICAL_BAYES_SHRINKAGE,0,Solo un evento observado para esta combinación - no se puede estimar vida útil todavía sin cohorte.
Linac-156187,RADIO ONCOLOGÍA DEL SUR,45133304800,SL ELECTRON GUN ASSY,2025-07-10T12:30:00.000Z,2025-07-10T12:30:00.000Z,1,0,,425.98,EMPIRICAL_BAYES_SHRINKAGE,BORROWED_COHORT_ESTIMATE,"Un solo evento observado, sin intervalo propio - se usa 100% la estimación de la cohorte (same_client_same_part).",425.98,13.99,,425.98,,,,0,1,same_client_same_part,1,0,0,0.86,,NO_DATA,,2026-09-09T12:01:12.000Z,BORROWED_COHORT_ESTIMATE,NO_MANUFACTURER_DATA,11,Insuficiente,0 intervalo(s) válidos (+0) | match exacto/alias (REF_EXACT) (+12) | asociación single (+12) | sin cobertura calculable (+0) | sin intervalos suficientes (+0) | hay estimación de cohorte disponible (+12) | hay datos de uso/contrato/horario (+8) | Weibull no evaluado (n insuficiente) (+4) | estimación de tipo BORROWED_COHORT_ESTIMATE (+1) | n=0 intervalos (<10) (-10) | n=0 intervalos (<3) (-20) | estimación prestada de cohorte (-8),,BORROWED_COHORT_ESTIMATE,11,Insuficiente,0 intervalo(s) válidos (+0) | match exacto/alias (REF_EXACT) (+12) | asociación single (+12) | sin cobertura calculable (+0) | sin intervalos suficientes (+0) | hay estimación de cohorte disponible (+12) | hay datos de uso/contrato/horario (+8) | Weibull no evaluado (n insuficiente) (+4) | estimación de tipo BORROWED_COHORT_ESTIMATE (+1) | n=0 intervalos (<10) (-10) | n=0 intervalos (<3) (-20) | estimación prestada de cohorte (-8),,,,,,EMPIRICAL_BAYES_SHRINKAGE,0,Solo un evento observado para esta combinación - no se puede estimar vida útil todavía sin cohorte.
INC-156473,Instituto Nacional del Cáncer (INC),45133326590,CAMERA LENS ASSEMBLY,2025-07-15T19:35:00.000Z,2025-07-15T19:35:00.000Z,1,0,,,NONE,INSUFFICIENT_DATA,Un solo evento observado y sin cohorte disponible - sin base estadística suficiente para estimar vida útil.,,,,,,,,,,,1,0,0,,,NO_DATA,,,INSUFFICIENT_DATA,NO_MANUFACTURER_DATA,6,Insuficiente,0 intervalo(s) válidos (+0) | match exacto/alias (REF_EXACT) (+12) | asociación single (+12) | sin cobertura calculable (+0) | sin intervalos suficientes (+0) | sin cohorte disponible (+0) | hay datos de uso/contrato/horario (+8) | Weibull no evaluado (n insuficiente) (+4) | estimación de tipo INSUFFICIENT_DATA (+0) | n=0 intervalos (<10) (-10) | n=0 intervalos (<3) (-20),,INSUFFICIENT_DATA,6,Insuficiente,0 intervalo(s) válidos (+0) | match exacto/alias (REF_EXACT) (+12) | asociación single (+12) | sin cobertura calculable (+0) | sin intervalos suficientes (+0) | sin cohorte disponible (+0) | hay datos de uso/contrato/horario (+8) | Weibull no evaluado (n insuficiente) (+4) | estimación de tipo INSUFFICIENT_DATA (+0) | n=0 intervalos (<10) (-10) | n=0 intervalos (<3) (-20),,,,,,NONE,0,Solo un evento observado para esta combinación - no se puede estimar vida útil todavía sin cohorte.
INC-156473,Instituto Nacional del Cáncer (INC),451362610003J,Belt - m/c 151270 onwards,2025-07-17T16:16:00.000Z,2025-07-17T16:16:00.000Z,1,0,,,NONE,INSUFFICIENT_DATA,Un solo evento observado y sin cohorte disponible - sin base estadística suficiente para estimar vida útil.,,,,,,,,,,,1,0,0,,,NO_DATA,,,INSUFFICIENT_DATA,NO_MANUFACTURER_DATA,6,Insuficiente,0 intervalo(s) válidos (+0) | match exacto/alias (REF_EXACT) (+12) | asociación single (+12) | sin cobertura calculable (+0) | sin intervalos suficientes (+0) | sin cohorte disponible (+0) | hay datos de uso/contrato/horario (+8) | Weibull no evaluado (n insuficiente) (+4) | estimación de tipo INSUFFICIENT_DATA (+0) | n=0 intervalos (<10) (-10) | n=0 intervalos (<3) (-20),,INSUFFICIENT_DATA,6,Insuficiente,0 intervalo(s) válidos (+0) | match exacto/alias (REF_EXACT) (+12) | asociación single (+12) | sin cobertura calculable (+0) | sin intervalos suficientes (+0) | sin cohorte disponible (+0) | hay datos de uso/contrato/horario (+8) | Weibull no evaluado (n insuficiente) (+4) | estimación de tipo INSUFFICIENT_DATA (+0) | n=0 intervalos (<10) (-10) | n=0 intervalos (<3) (-20),,,,,,NONE,0,Solo un evento observado para esta combinación - no se puede estimar vida útil todavía sin cohorte.
INC-156473,Instituto Nacional del Cáncer (INC),1023592,"PCB, LED ASSEMBLY - EIM",2025-07-18T18:51:00.000Z,2025-07-18T18:51:00.000Z,1,0,,,NONE,INSUFFICIENT_DATA,Un solo evento observado y sin cohorte disponible - sin base estadística suficiente para estimar vida útil.,,,,,,,,,,,1,0,0,,,NO_DATA,,,INSUFFICIENT_DATA,NO_MANUFACTURER_DATA,6,Insuficiente,0 intervalo(s) válidos (+0) | match exacto/alias (REF_EXACT) (+12) | asociación single (+12) | sin cobertura calculable (+0) | sin intervalos suficientes (+0) | sin cohorte disponible (+0) | hay datos de uso/contrato/horario (+8) | Weibull no evaluado (n insuficiente) (+4) | estimación de tipo INSUFFICIENT_DATA (+0) | n=0 intervalos (<10) (-10) | n=0 intervalos (<3) (-20),,INSUFFICIENT_DATA,6,Insuficiente,0 intervalo(s) válidos (+0) | match exacto/alias (REF_EXACT) (+12) | asociación single (+12) | sin cobertura calculable (+0) | sin intervalos suficientes (+0) | sin cohorte disponible (+0) | hay datos de uso/contrato/horario (+8) | Weibull no evaluado (n insuficiente) (+4) | estimación de tipo INSUFFICIENT_DATA (+0) | n=0 intervalos (<10) (-10) | n=0 intervalos (<3) (-20),,,,,,NONE,0,Solo un evento observado para esta combinación - no se puede estimar vida útil todavía sin cohorte.
Linac-154325,HOSPITAL CARLOS VAN BUREN (SSVSA),1016422,SWITCH MICRO LEVER SS-5GL,2025-07-25T20:30:00.000Z,2025-07-25T20:30:00.000Z,1,0,,,NONE,INSUFFICIENT_DATA,Un solo evento observado y sin cohorte disponible - sin base estadística suficiente para estimar vida útil.,,,,,,,,,,,1,0,0,,,NO_DATA,,,INSUFFICIENT_DATA,NO_MANUFACTURER_DATA,6,Insuficiente,0 intervalo(s) válidos (+0) | match exacto/alias (REF_EXACT) (+12) | asociación single (+12) | sin cobertura calculable (+0) | sin intervalos suficientes (+0) | sin cohorte disponible (+0) | hay datos de uso/contrato/horario (+8) | Weibull no evaluado (n insuficiente) (+4) | estimación de tipo INSUFFICIENT_DATA (+0) | n=0 intervalos (<10) (-10) | n=0 intervalos (<3) (-20),,INSUFFICIENT_DATA,6,Insuficiente,0 intervalo(s) válidos (+0) | match exacto/alias (REF_EXACT) (+12) | asociación single (+12) | sin cobertura calculable (+0) | sin intervalos suficientes (+0) | sin cohorte disponible (+0) | hay datos de uso/contrato/horario (+8) | Weibull no evaluado (n insuficiente) (+4) | estimación de tipo INSUFFICIENT_DATA (+0) | n=0 intervalos (<10) (-10) | n=0 intervalos (<3) (-20),,,,,,NONE,0,Solo un evento observado para esta combinación - no se puede estimar vida útil todavía sin cohorte.
Linac-109374,UC CHRISTUS - CECA,1522567,RF output window,2025-08-04T11:30:00.000Z,2025-08-04T11:30:00.000Z,1,0,,243.22,EMPIRICAL_BAYES_SHRINKAGE,BORROWED_COHORT_ESTIMATE,"Un solo evento observado, sin intervalo propio - se usa 100% la estimación de la cohorte (same_part_global).",243.22,7.99,,243.22,,,,0,1,same_part_global,1,0,0,1.5,,NO_DATA,,2026-04-04T16:46:48.000Z,BORROWED_COHORT_ESTIMATE,NO_MANUFACTURER_DATA,11,Insuficiente,0 intervalo(s) válidos (+0) | match exacto/alias (REF_EXACT) (+12) | asociación single (+12) | sin cobertura calculable (+0) | sin intervalos suficientes (+0) | hay estimación de cohorte disponible (+12) | hay datos de uso/contrato/horario (+8) | Weibull no evaluado (n insuficiente) (+4) | estimación de tipo BORROWED_COHORT_ESTIMATE (+1) | n=0 intervalos (<10) (-10) | n=0 intervalos (<3) (-20) | estimación prestada de cohorte (-8),,BORROWED_COHORT_ESTIMATE,11,Insuficiente,0 intervalo(s) válidos (+0) | match exacto/alias (REF_EXACT) (+12) | asociación single (+12) | sin cobertura calculable (+0) | sin intervalos suficientes (+0) | hay estimación de cohorte disponible (+12) | hay datos de uso/contrato/horario (+8) | Weibull no evaluado (n insuficiente) (+4) | estimación de tipo BORROWED_COHORT_ESTIMATE (+1) | n=0 intervalos (<10) (-10) | n=0 intervalos (<3) (-20) | estimación prestada de cohorte (-8),,,,,,EMPIRICAL_BAYES_SHRINKAGE,0.5,Solo un evento observado para esta combinación - no se puede estimar vida útil todavía sin cohorte.
Linac-154325,HOSPITAL CARLOS VAN BUREN (SSVSA),1568178,SIB PCB,2025-08-07T11:30:00.000Z,2025-08-07T11:30:00.000Z,1,0,,122.28,EMPIRICAL_BAYES_SHRINKAGE,BORROWED_COHORT_ESTIMATE,"Un solo evento observado, sin intervalo propio - se usa 100% la estimación de la cohorte (same_client_same_part).",122.28,4.02,,122.28,,,,0,1,same_client_same_part,1,0,0,2.99,,NO_DATA,,2025-12-07T18:13:12.000Z,BORROWED_COHORT_ESTIMATE,NO_MANUFACTURER_DATA,11,Insuficiente,0 intervalo(s) válidos (+0) | match exacto/alias (REF_EXACT) (+12) | asociación single (+12) | sin cobertura calculable (+0) | sin intervalos suficientes (+0) | hay estimación de cohorte disponible (+12) | hay datos de uso/contrato/horario (+8) | Weibull no evaluado (n insuficiente) (+4) | estimación de tipo BORROWED_COHORT_ESTIMATE (+1) | n=0 intervalos (<10) (-10) | n=0 intervalos (<3) (-20) | estimación prestada de cohorte (-8),,BORROWED_COHORT_ESTIMATE,11,Insuficiente,0 intervalo(s) válidos (+0) | match exacto/alias (REF_EXACT) (+12) | asociación single (+12) | sin cobertura calculable (+0) | sin intervalos suficientes (+0) | hay estimación de cohorte disponible (+12) | hay datos de uso/contrato/horario (+8) | Weibull no evaluado (n insuficiente) (+4) | estimación de tipo BORROWED_COHORT_ESTIMATE (+1) | n=0 intervalos (<10) (-10) | n=0 intervalos (<3) (-20) | estimación prestada de cohorte (-8),,,,,,EMPIRICAL_BAYES_SHRINKAGE,0.34,Solo un evento observado para esta combinación - no se puede estimar vida útil todavía sin cohorte.
Linac-201110,CLÍNICA SANATORIO ALEMÁN (ONCORAD),45133317853,"PCB, interconnect (C) (PCB 840A)",2025-06-16T12:30:00.000Z,2025-06-16T12:30:00.000Z,1,0,,,NONE,INSUFFICIENT_DATA,Un solo evento observado y sin cohorte disponible - sin base estadística suficiente para estimar vida útil.,,,,,,,,,,,1,0,0,,,NO_DATA,,,INSUFFICIENT_DATA,NO_MANUFACTURER_DATA,6,Insuficiente,0 intervalo(s) válidos (+0) | match exacto/alias (REF_EXACT) (+12) | asociación single (+12) | sin cobertura calculable (+0) | sin intervalos suficientes (+0) | sin cohorte disponible (+0) | hay datos de uso/contrato/horario (+8) | Weibull no evaluado (n insuficiente) (+4) | estimación de tipo INSUFFICIENT_DATA (+0) | n=0 intervalos (<10) (-10) | n=0 intervalos (<3) (-20),,INSUFFICIENT_DATA,6,Insuficiente,0 intervalo(s) válidos (+0) | match exacto/alias (REF_EXACT) (+12) | asociación single (+12) | sin cobertura calculable (+0) | sin intervalos suficientes (+0) | sin cohorte disponible (+0) | hay datos de uso/contrato/horario (+8) | Weibull no evaluado (n insuficiente) (+4) | estimación de tipo INSUFFICIENT_DATA (+0) | n=0 intervalos (<10) (-10) | n=0 intervalos (<3) (-20),,,,,,NONE,0,Solo un evento observado para esta combinación - no se puede estimar vida útil todavía sin cohorte.
Linac-152171,CLINICA ALEMANA DE SANTIAGO,1018874,"Diode, SI 1N416CM-D023",2025-08-06T13:00:00.000Z,2025-08-06T13:00:00.000Z,1,0,,546.61,EMPIRICAL_BAYES_SHRINKAGE,BORROWED_COHORT_ESTIMATE,"Un solo evento observado, sin intervalo propio - se usa 100% la estimación de la cohorte (same_client_same_part).",546.61,17.96,,546.61,,,,0,1,same_client_same_part,1,0,0,0.67,,NO_DATA,,2027-02-04T03:38:24.000Z,BORROWED_COHORT_ESTIMATE,NO_MANUFACTURER_DATA,11,Insuficiente,0 intervalo(s) válidos (+0) | match exacto/alias (REF_EXACT) (+12) | asociación single (+12) | sin cobertura calculable (+0) | sin intervalos suficientes (+0) | hay estimación de cohorte disponible (+12) | hay datos de uso/contrato/horario (+8) | Weibull no evaluado (n insuficiente) (+4) | estimación de tipo BORROWED_COHORT_ESTIMATE (+1) | n=0 intervalos (<10) (-10) | n=0 intervalos (<3) (-20) | estimación prestada de cohorte (-8),,BORROWED_COHORT_ESTIMATE,11,Insuficiente,0 intervalo(s) válidos (+0) | match exacto/alias (REF_EXACT) (+12) | asociación single (+12) | sin cobertura calculable (+0) | sin intervalos suficientes (+0) | hay estimación de cohorte disponible (+12) | hay datos de uso/contrato/horario (+8) | Weibull no evaluado (n insuficiente) (+4) | estimación de tipo BORROWED_COHORT_ESTIMATE (+1) | n=0 intervalos (<10) (-10) | n=0 intervalos (<3) (-20) | estimación prestada de cohorte (-8),,,,,,EMPIRICAL_BAYES_SHRINKAGE,0,Solo un evento observado para esta combinación - no se puede estimar vida útil todavía sin cohorte.
Linac-109496,CLINICA ALEMANA DE SANTIAGO,45133318457,"PCB, level translator - LTU",2025-08-18T11:30:00.000Z,2025-08-18T11:30:00.000Z,1,0,,,NONE,INSUFFICIENT_DATA,Un solo evento observado y sin cohorte disponible - sin base estadística suficiente para estimar vida útil.,,,,,,,,,,,1,0,0,,,NO_DATA,,,INSUFFICIENT_DATA,NO_MANUFACTURER_DATA,6,Insuficiente,0 intervalo(s) válidos (+0) | match exacto/alias (REF_EXACT) (+12) | asociación single (+12) | sin cobertura calculable (+0) | sin intervalos suficientes (+0) | sin cohorte disponible (+0) | hay datos de uso/contrato/horario (+8) | Weibull no evaluado (n insuficiente) (+4) | estimación de tipo INSUFFICIENT_DATA (+0) | n=0 intervalos (<10) (-10) | n=0 intervalos (<3) (-20),,INSUFFICIENT_DATA,6,Insuficiente,0 intervalo(s) válidos (+0) | match exacto/alias (REF_EXACT) (+12) | asociación single (+12) | sin cobertura calculable (+0) | sin intervalos suficientes (+0) | sin cohorte disponible (+0) | hay datos de uso/contrato/horario (+8) | Weibull no evaluado (n insuficiente) (+4) | estimación de tipo INSUFFICIENT_DATA (+0) | n=0 intervalos (<10) (-10) | n=0 intervalos (<3) (-20),,,,,,NONE,0,Solo un evento observado para esta combinación - no se puede estimar vida útil todavía sin cohorte.
Linac-109496,CLINICA ALEMANA DE SANTIAGO,03-999-1002,HexaPOD™ evo controller 48 V evo,2025-03-31T13:30:00.000Z,2025-03-31T13:30:00.000Z,1,0,,,NONE,INSUFFICIENT_DATA,Un solo evento observado y sin cohorte disponible - sin base estadística suficiente para estimar vida útil.,,,,,,,,,,,1,0,0,,,NO_DATA,,,INSUFFICIENT_DATA,NO_MANUFACTURER_DATA,6,Insuficiente,0 intervalo(s) válidos (+0) | match exacto/alias (REF_EXACT) (+12) | asociación single (+12) | sin cobertura calculable (+0) | sin intervalos suficientes (+0) | sin cohorte disponible (+0) | hay datos de uso/contrato/horario (+8) | Weibull no evaluado (n insuficiente) (+4) | estimación de tipo INSUFFICIENT_DATA (+0) | n=0 intervalos (<10) (-10) | n=0 intervalos (<3) (-20),,INSUFFICIENT_DATA,6,Insuficiente,0 intervalo(s) válidos (+0) | match exacto/alias (REF_EXACT) (+12) | asociación single (+12) | sin cobertura calculable (+0) | sin intervalos suficientes (+0) | sin cohorte disponible (+0) | hay datos de uso/contrato/horario (+8) | Weibull no evaluado (n insuficiente) (+4) | estimación de tipo INSUFFICIENT_DATA (+0) | n=0 intervalos (<10) (-10) | n=0 intervalos (<3) (-20),,,,,,NONE,0,Solo un evento observado para esta combinación - no se puede estimar vida útil todavía sin cohorte.
Linac-154325,HOSPITAL CARLOS VAN BUREN (SSVSA),1531145,"Assy, Fan 70x70x15mm",2025-08-12T15:30:00.000Z,2025-08-12T15:30:00.000Z,1,0,,,NONE,INSUFFICIENT_DATA,Un solo evento observado y sin cohorte disponible - sin base estadística suficiente para estimar vida útil.,,,,,,,,,,,1,0,0,,,NO_DATA,,,INSUFFICIENT_DATA,NO_MANUFACTURER_DATA,6,Insuficiente,0 intervalo(s) válidos (+0) | match exacto/alias (REF_EXACT) (+12) | asociación single (+12) | sin cobertura calculable (+0) | sin intervalos suficientes (+0) | sin cohorte disponible (+0) | hay datos de uso/contrato/horario (+8) | Weibull no evaluado (n insuficiente) (+4) | estimación de tipo INSUFFICIENT_DATA (+0) | n=0 intervalos (<10) (-10) | n=0 intervalos (<3) (-20),,INSUFFICIENT_DATA,6,Insuficiente,0 intervalo(s) válidos (+0) | match exacto/alias (REF_EXACT) (+12) | asociación single (+12) | sin cobertura calculable (+0) | sin intervalos suficientes (+0) | sin cohorte disponible (+0) | hay datos de uso/contrato/horario (+8) | Weibull no evaluado (n insuficiente) (+4) | estimación de tipo INSUFFICIENT_DATA (+0) | n=0 intervalos (<10) (-10) | n=0 intervalos (<3) (-20),,,,,,NONE,0,Solo un evento observado para esta combinación - no se puede estimar vida útil todavía sin cohorte.
Linac-156187,RADIO ONCOLOGÍA DEL SUR,1018559,"ASSY, BRACKET & FAN",2025-08-22T20:50:00.000Z,2025-08-22T20:50:00.000Z,1,0,,314.51,EMPIRICAL_BAYES_SHRINKAGE,BORROWED_COHORT_ESTIMATE,"Un solo evento observado, sin intervalo propio - se usa 100% la estimación de la cohorte (same_client_same_part).",314.51,10.33,,314.51,,,,0,1,same_client_same_part,1,0,0,1.16,,NO_DATA,,2026-07-03T09:04:24.000Z,BORROWED_COHORT_ESTIMATE,NO_MANUFACTURER_DATA,11,Insuficiente,0 intervalo(s) válidos (+0) | match exacto/alias (REF_EXACT) (+12) | asociación single (+12) | sin cobertura calculable (+0) | sin intervalos suficientes (+0) | hay estimación de cohorte disponible (+12) | hay datos de uso/contrato/horario (+8) | Weibull no evaluado (n insuficiente) (+4) | estimación de tipo BORROWED_COHORT_ESTIMATE (+1) | n=0 intervalos (<10) (-10) | n=0 intervalos (<3) (-20) | estimación prestada de cohorte (-8),,BORROWED_COHORT_ESTIMATE,11,Insuficiente,0 intervalo(s) válidos (+0) | match exacto/alias (REF_EXACT) (+12) | asociación single (+12) | sin cobertura calculable (+0) | sin intervalos suficientes (+0) | hay estimación de cohorte disponible (+12) | hay datos de uso/contrato/horario (+8) | Weibull no evaluado (n insuficiente) (+4) | estimación de tipo BORROWED_COHORT_ESTIMATE (+1) | n=0 intervalos (<10) (-10) | n=0 intervalos (<3) (-20) | estimación prestada de cohorte (-8),,,,,,EMPIRICAL_BAYES_SHRINKAGE,0.58,Solo un evento observado para esta combinación - no se puede estimar vida útil todavía sin cohorte.
Linac-109496,CLINICA ALEMANA DE SANTIAGO,1531790,"X, Y check or coarse potentiometer (D SHAPE), lateral o longitudinal",2025-09-03T20:32:00.000Z,2025-09-03T20:32:00.000Z,1,0,,,NONE,INSUFFICIENT_DATA,Un solo evento observado y sin cohorte disponible - sin base estadística suficiente para estimar vida útil.,,,,,,,,,,,1,0,0,,,NO_DATA,,,INSUFFICIENT_DATA,NO_MANUFACTURER_DATA,6,Insuficiente,0 intervalo(s) válidos (+0) | match exacto/alias (REF_EXACT) (+12) | asociación single (+12) | sin cobertura calculable (+0) | sin intervalos suficientes (+0) | sin cohorte disponible (+0) | hay datos de uso/contrato/horario (+8) | Weibull no evaluado (n insuficiente) (+4) | estimación de tipo INSUFFICIENT_DATA (+0) | n=0 intervalos (<10) (-10) | n=0 intervalos (<3) (-20),,INSUFFICIENT_DATA,6,Insuficiente,0 intervalo(s) válidos (+0) | match exacto/alias (REF_EXACT) (+12) | asociación single (+12) | sin cobertura calculable (+0) | sin intervalos suficientes (+0) | sin cohorte disponible (+0) | hay datos de uso/contrato/horario (+8) | Weibull no evaluado (n insuficiente) (+4) | estimación de tipo INSUFFICIENT_DATA (+0) | n=0 intervalos (<10) (-10) | n=0 intervalos (<3) (-20),,,,,,NONE,0.02,Solo un evento observado para esta combinación - no se puede estimar vida útil todavía sin cohorte.
Linac-109496,CLINICA ALEMANA DE SANTIAGO,1531853,"Y and X-drive fine potentiometer （ DSHAPE ), Lateral and longitudinal",2025-09-03T20:32:00.000Z,2025-09-03T20:32:00.000Z,1,0,,103.56,EMPIRICAL_BAYES_SHRINKAGE,BORROWED_COHORT_ESTIMATE,"Un solo evento observado, sin intervalo propio - se usa 100% la estimación de la cohorte (same_client_same_part).",103.56,3.4,,103.56,,,,0,1,same_client_same_part,1,0,0,3.53,,NO_DATA,,2025-12-16T09:58:24.000Z,BORROWED_COHORT_ESTIMATE,NO_MANUFACTURER_DATA,11,Insuficiente,0 intervalo(s) válidos (+0) | match exacto/alias (REF_EXACT) (+12) | asociación single (+12) | sin cobertura calculable (+0) | sin intervalos suficientes (+0) | hay estimación de cohorte disponible (+12) | hay datos de uso/contrato/horario (+8) | Weibull no evaluado (n insuficiente) (+4) | estimación de tipo BORROWED_COHORT_ESTIMATE (+1) | n=0 intervalos (<10) (-10) | n=0 intervalos (<3) (-20) | estimación prestada de cohorte (-8),,BORROWED_COHORT_ESTIMATE,11,Insuficiente,0 intervalo(s) válidos (+0) | match exacto/alias (REF_EXACT) (+12) | asociación single (+12) | sin cobertura calculable (+0) | sin intervalos suficientes (+0) | hay estimación de cohorte disponible (+12) | hay datos de uso/contrato/horario (+8) | Weibull no evaluado (n insuficiente) (+4) | estimación de tipo BORROWED_COHORT_ESTIMATE (+1) | n=0 intervalos (<10) (-10) | n=0 intervalos (<3) (-20) | estimación prestada de cohorte (-8),,,,,,EMPIRICAL_BAYES_SHRINKAGE,0.02,Solo un evento observado para esta combinación - no se puede estimar vida útil todavía sin cohorte.
Linac-109452,SERVICIO DE SALUD DE MAGALLANES,1534958,Leaf motor spares kit,2025-09-05T17:00:00.000Z,2025-09-05T17:00:00.000Z,1,0,,70.52,EMPIRICAL_BAYES_SHRINKAGE,BORROWED_COHORT_ESTIMATE,"Un solo evento observado, sin intervalo propio - se usa 100% la estimación de la cohorte (same_client_same_part).",70.52,2.32,,70.52,,,,0,1,same_client_same_part,1,0,0,5.18,,NO_DATA,,2025-11-15T05:28:48.000Z,BORROWED_COHORT_ESTIMATE,NO_MANUFACTURER_DATA,11,Insuficiente,0 intervalo(s) válidos (+0) | match exacto/alias (REF_EXACT) (+12) | asociación single (+12) | sin cobertura calculable (+0) | sin intervalos suficientes (+0) | hay estimación de cohorte disponible (+12) | hay datos de uso/contrato/horario (+8) | Weibull no evaluado (n insuficiente) (+4) | estimación de tipo BORROWED_COHORT_ESTIMATE (+1) | n=0 intervalos (<10) (-10) | n=0 intervalos (<3) (-20) | estimación prestada de cohorte (-8),,BORROWED_COHORT_ESTIMATE,11,Insuficiente,0 intervalo(s) válidos (+0) | match exacto/alias (REF_EXACT) (+12) | asociación single (+12) | sin cobertura calculable (+0) | sin intervalos suficientes (+0) | hay estimación de cohorte disponible (+12) | hay datos de uso/contrato/horario (+8) | Weibull no evaluado (n insuficiente) (+4) | estimación de tipo BORROWED_COHORT_ESTIMATE (+1) | n=0 intervalos (<10) (-10) | n=0 intervalos (<3) (-20) | estimación prestada de cohorte (-8),,,,,,EMPIRICAL_BAYES_SHRINKAGE,0,Solo un evento observado para esta combinación - no se puede estimar vida útil todavía sin cohorte.
CLC-1,CLÍNICA LAS CONDES,1567908,KV DCB Control Board,2025-09-09T16:41:00.000Z,2025-09-09T16:41:00.000Z,1,0,,,NONE,INSUFFICIENT_DATA,Un solo evento observado y sin cohorte disponible - sin base estadística suficiente para estimar vida útil.,,,,,,,,,,,1,0,0,,,NO_DATA,,,INSUFFICIENT_DATA,NO_MANUFACTURER_DATA,6,Insuficiente,0 intervalo(s) válidos (+0) | match exacto/alias (REF_EXACT) (+12) | asociación single (+12) | sin cobertura calculable (+0) | sin intervalos suficientes (+0) | sin cohorte disponible (+0) | hay datos de uso/contrato/horario (+8) | Weibull no evaluado (n insuficiente) (+4) | estimación de tipo INSUFFICIENT_DATA (+0) | n=0 intervalos (<10) (-10) | n=0 intervalos (<3) (-20),,INSUFFICIENT_DATA,6,Insuficiente,0 intervalo(s) válidos (+0) | match exacto/alias (REF_EXACT) (+12) | asociación single (+12) | sin cobertura calculable (+0) | sin intervalos suficientes (+0) | sin cohorte disponible (+0) | hay datos de uso/contrato/horario (+8) | Weibull no evaluado (n insuficiente) (+4) | estimación de tipo INSUFFICIENT_DATA (+0) | n=0 intervalos (<10) (-10) | n=0 intervalos (<3) (-20),,,,,,NONE,0,Solo un evento observado para esta combinación - no se puede estimar vida útil todavía sin cohorte.
CLC-1,CLÍNICA LAS CONDES,1567203,"Prog, pcb assy, MTU",2025-09-09T16:41:00.000Z,2025-09-09T16:41:00.000Z,1,0,,,NONE,INSUFFICIENT_DATA,Un solo evento observado y sin cohorte disponible - sin base estadística suficiente para estimar vida útil.,,,,,,,,,,,1,0,0,,,NO_DATA,,,INSUFFICIENT_DATA,NO_MANUFACTURER_DATA,6,Insuficiente,0 intervalo(s) válidos (+0) | match exacto/alias (REF_EXACT) (+12) | asociación single (+12) | sin cobertura calculable (+0) | sin intervalos suficientes (+0) | sin cohorte disponible (+0) | hay datos de uso/contrato/horario (+8) | Weibull no evaluado (n insuficiente) (+4) | estimación de tipo INSUFFICIENT_DATA (+0) | n=0 intervalos (<10) (-10) | n=0 intervalos (<3) (-20),,INSUFFICIENT_DATA,6,Insuficiente,0 intervalo(s) válidos (+0) | match exacto/alias (REF_EXACT) (+12) | asociación single (+12) | sin cobertura calculable (+0) | sin intervalos suficientes (+0) | sin cohorte disponible (+0) | hay datos de uso/contrato/horario (+8) | Weibull no evaluado (n insuficiente) (+4) | estimación de tipo INSUFFICIENT_DATA (+0) | n=0 intervalos (<10) (-10) | n=0 intervalos (<3) (-20),,,,,,NONE,0,Solo un evento observado para esta combinación - no se puede estimar vida útil todavía sin cohorte.
Linac-154325,HOSPITAL CARLOS VAN BUREN (SSVSA),1572991,FRU Z MTR BRUSH SET (E'CRAFT),2025-10-01T15:35:00.000Z,2025-10-01T15:35:00.000Z,1,0,,,NONE,INSUFFICIENT_DATA,Un solo evento observado y sin cohorte disponible - sin base estadística suficiente para estimar vida útil.,,,,,,,,,,,1,0,0,,,NO_DATA,,,INSUFFICIENT_DATA,NO_MANUFACTURER_DATA,6,Insuficiente,0 intervalo(s) válidos (+0) | match exacto/alias (REF_EXACT) (+12) | asociación single (+12) | sin cobertura calculable (+0) | sin intervalos suficientes (+0) | sin cohorte disponible (+0) | hay datos de uso/contrato/horario (+8) | Weibull no evaluado (n insuficiente) (+4) | estimación de tipo INSUFFICIENT_DATA (+0) | n=0 intervalos (<10) (-10) | n=0 intervalos (<3) (-20),,INSUFFICIENT_DATA,6,Insuficiente,0 intervalo(s) válidos (+0) | match exacto/alias (REF_EXACT) (+12) | asociación single (+12) | sin cobertura calculable (+0) | sin intervalos suficientes (+0) | sin cohorte disponible (+0) | hay datos de uso/contrato/horario (+8) | Weibull no evaluado (n insuficiente) (+4) | estimación de tipo INSUFFICIENT_DATA (+0) | n=0 intervalos (<10) (-10) | n=0 intervalos (<3) (-20),,,,,,NONE,0,Solo un evento observado para esta combinación - no se puede estimar vida útil todavía sin cohorte.
Linac-201110,CLÍNICA SANATORIO ALEMÁN (ONCORAD),1564298,Diaphragm/DLG PCB,2025-10-02T19:00:00.000Z,2025-10-02T19:00:00.000Z,1,0,,143.89,EMPIRICAL_BAYES_SHRINKAGE,BORROWED_COHORT_ESTIMATE,"Un solo evento observado, sin intervalo propio - se usa 100% la estimación de la cohorte (same_client_same_part).",143.89,4.73,,143.89,,,,0,1,same_client_same_part,1,0,0,2.54,,NO_DATA,,2026-02-23T16:21:36.000Z,BORROWED_COHORT_ESTIMATE,NO_MANUFACTURER_DATA,11,Insuficiente,0 intervalo(s) válidos (+0) | match exacto/alias (REF_EXACT) (+12) | asociación single (+12) | sin cobertura calculable (+0) | sin intervalos suficientes (+0) | hay estimación de cohorte disponible (+12) | hay datos de uso/contrato/horario (+8) | Weibull no evaluado (n insuficiente) (+4) | estimación de tipo BORROWED_COHORT_ESTIMATE (+1) | n=0 intervalos (<10) (-10) | n=0 intervalos (<3) (-20) | estimación prestada de cohorte (-8),,BORROWED_COHORT_ESTIMATE,11,Insuficiente,0 intervalo(s) válidos (+0) | match exacto/alias (REF_EXACT) (+12) | asociación single (+12) | sin cobertura calculable (+0) | sin intervalos suficientes (+0) | hay estimación de cohorte disponible (+12) | hay datos de uso/contrato/horario (+8) | Weibull no evaluado (n insuficiente) (+4) | estimación de tipo BORROWED_COHORT_ESTIMATE (+1) | n=0 intervalos (<10) (-10) | n=0 intervalos (<3) (-20) | estimación prestada de cohorte (-8),,,,,,EMPIRICAL_BAYES_SHRINKAGE,0,Solo un evento observado para esta combinación - no se puede estimar vida útil todavía sin cohorte.
Linac-152171,CLINICA ALEMANA DE SANTIAGO,1549950,"HHC kit,Synergy/Infinity",2025-10-24T18:26:00.000Z,2025-10-24T18:26:00.000Z,1,0,,144.13,EMPIRICAL_BAYES_SHRINKAGE,BORROWED_COHORT_ESTIMATE,"Un solo evento observado, sin intervalo propio - se usa 100% la estimación de la cohorte (same_client_same_part).",144.13,4.73,,144.13,,,,0,1,same_client_same_part,1,0,0,2.53,,NO_DATA,,2026-03-17T21:33:12.000Z,BORROWED_COHORT_ESTIMATE,NO_MANUFACTURER_DATA,11,Insuficiente,0 intervalo(s) válidos (+0) | match exacto/alias (REF_EXACT) (+12) | asociación single (+12) | sin cobertura calculable (+0) | sin intervalos suficientes (+0) | hay estimación de cohorte disponible (+12) | hay datos de uso/contrato/horario (+8) | Weibull no evaluado (n insuficiente) (+4) | estimación de tipo BORROWED_COHORT_ESTIMATE (+1) | n=0 intervalos (<10) (-10) | n=0 intervalos (<3) (-20) | estimación prestada de cohorte (-8),,BORROWED_COHORT_ESTIMATE,11,Insuficiente,0 intervalo(s) válidos (+0) | match exacto/alias (REF_EXACT) (+12) | asociación single (+12) | sin cobertura calculable (+0) | sin intervalos suficientes (+0) | hay estimación de cohorte disponible (+12) | hay datos de uso/contrato/horario (+8) | Weibull no evaluado (n insuficiente) (+4) | estimación de tipo BORROWED_COHORT_ESTIMATE (+1) | n=0 intervalos (<10) (-10) | n=0 intervalos (<3) (-20) | estimación prestada de cohorte (-8),,,,,,EMPIRICAL_BAYES_SHRINKAGE,0,Solo un evento observado para esta combinación - no se puede estimar vida útil todavía sin cohorte.
Linac-109256,UC CHRISTUS - SCA,1565836,"KIT, SPARES, DLG BRAKE",2025-10-25T23:40:00.000Z,2025-10-25T23:40:00.000Z,1,0,,143.74,EMPIRICAL_BAYES_SHRINKAGE,BORROWED_COHORT_ESTIMATE,"Un solo evento observado, sin intervalo propio - se usa 100% la estimación de la cohorte (same_client_same_part).",143.74,4.72,,143.74,,,,0,1,same_client_same_part,1,0,0,2.54,,NO_DATA,,2026-03-18T17:25:36.000Z,BORROWED_COHORT_ESTIMATE,NO_MANUFACTURER_DATA,11,Insuficiente,0 intervalo(s) válidos (+0) | match exacto/alias (REF_EXACT) (+12) | asociación single (+12) | sin cobertura calculable (+0) | sin intervalos suficientes (+0) | hay estimación de cohorte disponible (+12) | hay datos de uso/contrato/horario (+8) | Weibull no evaluado (n insuficiente) (+4) | estimación de tipo BORROWED_COHORT_ESTIMATE (+1) | n=0 intervalos (<10) (-10) | n=0 intervalos (<3) (-20) | estimación prestada de cohorte (-8),,BORROWED_COHORT_ESTIMATE,11,Insuficiente,0 intervalo(s) válidos (+0) | match exacto/alias (REF_EXACT) (+12) | asociación single (+12) | sin cobertura calculable (+0) | sin intervalos suficientes (+0) | hay estimación de cohorte disponible (+12) | hay datos de uso/contrato/horario (+8) | Weibull no evaluado (n insuficiente) (+4) | estimación de tipo BORROWED_COHORT_ESTIMATE (+1) | n=0 intervalos (<10) (-10) | n=0 intervalos (<3) (-20) | estimación prestada de cohorte (-8),,,,,,EMPIRICAL_BAYES_SHRINKAGE,1,Solo un evento observado para esta combinación - no se puede estimar vida útil todavía sin cohorte.
Linac-109256,UC CHRISTUS - SCA,1565835,"KIT, SPARES, DIAPHRAGM BRAKE",2025-10-25T23:40:00.000Z,2025-10-25T23:40:00.000Z,1,0,,123.86,EMPIRICAL_BAYES_SHRINKAGE,BORROWED_COHORT_ESTIMATE,"Un solo evento observado, sin intervalo propio - se usa 100% la estimación de la cohorte (same_client_same_part).",123.86,4.07,,123.86,,,,0,1,same_client_same_part,1,0,0,2.95,,NO_DATA,,2026-02-26T20:18:24.000Z,BORROWED_COHORT_ESTIMATE,NO_MANUFACTURER_DATA,11,Insuficiente,0 intervalo(s) válidos (+0) | match exacto/alias (REF_EXACT) (+12) | asociación single (+12) | sin cobertura calculable (+0) | sin intervalos suficientes (+0) | hay estimación de cohorte disponible (+12) | hay datos de uso/contrato/horario (+8) | Weibull no evaluado (n insuficiente) (+4) | estimación de tipo BORROWED_COHORT_ESTIMATE (+1) | n=0 intervalos (<10) (-10) | n=0 intervalos (<3) (-20) | estimación prestada de cohorte (-8),,BORROWED_COHORT_ESTIMATE,11,Insuficiente,0 intervalo(s) válidos (+0) | match exacto/alias (REF_EXACT) (+12) | asociación single (+12) | sin cobertura calculable (+0) | sin intervalos suficientes (+0) | hay estimación de cohorte disponible (+12) | hay datos de uso/contrato/horario (+8) | Weibull no evaluado (n insuficiente) (+4) | estimación de tipo BORROWED_COHORT_ESTIMATE (+1) | n=0 intervalos (<10) (-10) | n=0 intervalos (<3) (-20) | estimación prestada de cohorte (-8),,,,,,EMPIRICAL_BAYES_SHRINKAGE,1,Solo un evento observado para esta combinación - no se puede estimar vida útil todavía sin cohorte.
INC-156473,Instituto Nacional del Cáncer (INC),1549950,"HHC kit,Synergy/Infinity",2025-11-07T13:05:00.000Z,2025-11-07T13:05:00.000Z,1,0,,144.13,EMPIRICAL_BAYES_SHRINKAGE,BORROWED_COHORT_ESTIMATE,"Un solo evento observado, sin intervalo propio - se usa 100% la estimación de la cohorte (same_client_same_part).",144.13,4.73,,144.13,,,,0,1,same_client_same_part,1,0,0,2.53,,NO_DATA,,2026-03-31T16:12:12.000Z,BORROWED_COHORT_ESTIMATE,NO_MANUFACTURER_DATA,11,Insuficiente,0 intervalo(s) válidos (+0) | match exacto/alias (REF_EXACT) (+12) | asociación single (+12) | sin cobertura calculable (+0) | sin intervalos suficientes (+0) | hay estimación de cohorte disponible (+12) | hay datos de uso/contrato/horario (+8) | Weibull no evaluado (n insuficiente) (+4) | estimación de tipo BORROWED_COHORT_ESTIMATE (+1) | n=0 intervalos (<10) (-10) | n=0 intervalos (<3) (-20) | estimación prestada de cohorte (-8),,BORROWED_COHORT_ESTIMATE,11,Insuficiente,0 intervalo(s) válidos (+0) | match exacto/alias (REF_EXACT) (+12) | asociación single (+12) | sin cobertura calculable (+0) | sin intervalos suficientes (+0) | hay estimación de cohorte disponible (+12) | hay datos de uso/contrato/horario (+8) | Weibull no evaluado (n insuficiente) (+4) | estimación de tipo BORROWED_COHORT_ESTIMATE (+1) | n=0 intervalos (<10) (-10) | n=0 intervalos (<3) (-20) | estimación prestada de cohorte (-8),,,,,,EMPIRICAL_BAYES_SHRINKAGE,0,Solo un evento observado para esta combinación - no se puede estimar vida útil todavía sin cohorte.
Linac-156187,RADIO ONCOLOGÍA DEL SUR,1018265_proveedor_local,"Proveedor Local, FRU MOTOR BRUSH SET (ELECTROCRAFT)",2025-11-10T11:38:00.000Z,2025-11-10T11:38:00.000Z,1,0,,398.36,EMPIRICAL_BAYES_SHRINKAGE,BORROWED_COHORT_ESTIMATE,"Un solo evento observado, sin intervalo propio - se usa 100% la estimación de la cohorte (same_client_same_part).",398.36,13.09,,398.36,,,,0,1,same_client_same_part,1,0,0,0.92,,NO_DATA,,2026-12-13T20:16:24.000Z,BORROWED_COHORT_ESTIMATE,NO_MANUFACTURER_DATA,7,Insuficiente,0 intervalo(s) válidos (+0) | match por método débil (REF_LIKE) (+8) | asociación single (+12) | sin cobertura calculable (+0) | sin intervalos suficientes (+0) | hay estimación de cohorte disponible (+12) | hay datos de uso/contrato/horario (+8) | Weibull no evaluado (n insuficiente) (+4) | estimación de tipo BORROWED_COHORT_ESTIMATE (+1) | n=0 intervalos (<10) (-10) | n=0 intervalos (<3) (-20) | estimación prestada de cohorte (-8),,BORROWED_COHORT_ESTIMATE,7,Insuficiente,0 intervalo(s) válidos (+0) | match por método débil (REF_LIKE) (+8) | asociación single (+12) | sin cobertura calculable (+0) | sin intervalos suficientes (+0) | hay estimación de cohorte disponible (+12) | hay datos de uso/contrato/horario (+8) | Weibull no evaluado (n insuficiente) (+4) | estimación de tipo BORROWED_COHORT_ESTIMATE (+1) | n=0 intervalos (<10) (-10) | n=0 intervalos (<3) (-20) | estimación prestada de cohorte (-8),,,,,,EMPIRICAL_BAYES_SHRINKAGE,0,Solo un evento observado para esta combinación - no se puede estimar vida útil todavía sin cohorte.
Linac-154325,HOSPITAL CARLOS VAN BUREN (SSVSA),1557545,"Camera, DX9",2025-11-17T14:51:00.000Z,2025-11-17T14:51:00.000Z,1,0,,158.78,EMPIRICAL_BAYES_SHRINKAGE,BORROWED_COHORT_ESTIMATE,"Un solo evento observado, sin intervalo propio - se usa 100% la estimación de la cohorte (same_client_same_part).",158.78,5.22,,158.78,,,,0,1,same_client_same_part,1,0,0,2.3,,NO_DATA,,2026-04-25T09:34:12.000Z,BORROWED_COHORT_ESTIMATE,NO_MANUFACTURER_DATA,11,Insuficiente,0 intervalo(s) válidos (+0) | match exacto/alias (REF_EXACT) (+12) | asociación single (+12) | sin cobertura calculable (+0) | sin intervalos suficientes (+0) | hay estimación de cohorte disponible (+12) | hay datos de uso/contrato/horario (+8) | Weibull no evaluado (n insuficiente) (+4) | estimación de tipo BORROWED_COHORT_ESTIMATE (+1) | n=0 intervalos (<10) (-10) | n=0 intervalos (<3) (-20) | estimación prestada de cohorte (-8),,BORROWED_COHORT_ESTIMATE,11,Insuficiente,0 intervalo(s) válidos (+0) | match exacto/alias (REF_EXACT) (+12) | asociación single (+12) | sin cobertura calculable (+0) | sin intervalos suficientes (+0) | hay estimación de cohorte disponible (+12) | hay datos de uso/contrato/horario (+8) | Weibull no evaluado (n insuficiente) (+4) | estimación de tipo BORROWED_COHORT_ESTIMATE (+1) | n=0 intervalos (<10) (-10) | n=0 intervalos (<3) (-20) | estimación prestada de cohorte (-8),,,,,,EMPIRICAL_BAYES_SHRINKAGE,0,Solo un evento observado para esta combinación - no se puede estimar vida útil todavía sin cohorte.
Linac-154325,HOSPITAL CARLOS VAN BUREN (SSVSA),1011030,"Lens, Collimator",2025-11-17T14:51:00.000Z,2025-11-17T14:51:00.000Z,1,0,,,NONE,INSUFFICIENT_DATA,Un solo evento observado y sin cohorte disponible - sin base estadística suficiente para estimar vida útil.,,,,,,,,,,,1,0,0,,,NO_DATA,,,INSUFFICIENT_DATA,NO_MANUFACTURER_DATA,6,Insuficiente,0 intervalo(s) válidos (+0) | match exacto/alias (REF_EXACT) (+12) | asociación single (+12) | sin cobertura calculable (+0) | sin intervalos suficientes (+0) | sin cohorte disponible (+0) | hay datos de uso/contrato/horario (+8) | Weibull no evaluado (n insuficiente) (+4) | estimación de tipo INSUFFICIENT_DATA (+0) | n=0 intervalos (<10) (-10) | n=0 intervalos (<3) (-20),,INSUFFICIENT_DATA,6,Insuficiente,0 intervalo(s) válidos (+0) | match exacto/alias (REF_EXACT) (+12) | asociación single (+12) | sin cobertura calculable (+0) | sin intervalos suficientes (+0) | sin cohorte disponible (+0) | hay datos de uso/contrato/horario (+8) | Weibull no evaluado (n insuficiente) (+4) | estimación de tipo INSUFFICIENT_DATA (+0) | n=0 intervalos (<10) (-10) | n=0 intervalos (<3) (-20),,,,,,NONE,0,Solo un evento observado para esta combinación - no se puede estimar vida útil todavía sin cohorte.
Linac-154325,HOSPITAL CARLOS VAN BUREN (SSVSA),1564361,"Programmed PCB Assy, Router",2025-11-17T14:51:00.000Z,2025-11-17T14:51:00.000Z,1,0,,125.73,EMPIRICAL_BAYES_SHRINKAGE,BORROWED_COHORT_ESTIMATE,"Un solo evento observado, sin intervalo propio - se usa 100% la estimación de la cohorte (same_client_same_part).",125.73,4.13,,125.73,,,,0,1,same_client_same_part,1,0,0,2.91,,NO_DATA,,2026-03-23T08:22:12.000Z,BORROWED_COHORT_ESTIMATE,NO_MANUFACTURER_DATA,11,Insuficiente,0 intervalo(s) válidos (+0) | match exacto/alias (REF_EXACT) (+12) | asociación single (+12) | sin cobertura calculable (+0) | sin intervalos suficientes (+0) | hay estimación de cohorte disponible (+12) | hay datos de uso/contrato/horario (+8) | Weibull no evaluado (n insuficiente) (+4) | estimación de tipo BORROWED_COHORT_ESTIMATE (+1) | n=0 intervalos (<10) (-10) | n=0 intervalos (<3) (-20) | estimación prestada de cohorte (-8),,BORROWED_COHORT_ESTIMATE,11,Insuficiente,0 intervalo(s) válidos (+0) | match exacto/alias (REF_EXACT) (+12) | asociación single (+12) | sin cobertura calculable (+0) | sin intervalos suficientes (+0) | hay estimación de cohorte disponible (+12) | hay datos de uso/contrato/horario (+8) | Weibull no evaluado (n insuficiente) (+4) | estimación de tipo BORROWED_COHORT_ESTIMATE (+1) | n=0 intervalos (<10) (-10) | n=0 intervalos (<3) (-20) | estimación prestada de cohorte (-8),,,,,,EMPIRICAL_BAYES_SHRINKAGE,0,Solo un evento observado para esta combinación - no se puede estimar vida útil todavía sin cohorte.
Linac-154325,HOSPITAL CARLOS VAN BUREN (SSVSA),1564169,"Kit, Luminus proj assy and PCB assy, LED control",2025-11-17T14:51:00.000Z,2025-11-17T14:51:00.000Z,1,0,,117.46,EMPIRICAL_BAYES_SHRINKAGE,BORROWED_COHORT_ESTIMATE,"Un solo evento observado, sin intervalo propio - se usa 100% la estimación de la cohorte (same_client_same_part).",117.46,3.86,,117.46,,,,0,1,same_client_same_part,1,0,0,3.11,,NO_DATA,,2026-03-15T01:53:24.000Z,BORROWED_COHORT_ESTIMATE,NO_MANUFACTURER_DATA,11,Insuficiente,0 intervalo(s) válidos (+0) | match exacto/alias (REF_EXACT) (+12) | asociación single (+12) | sin cobertura calculable (+0) | sin intervalos suficientes (+0) | hay estimación de cohorte disponible (+12) | hay datos de uso/contrato/horario (+8) | Weibull no evaluado (n insuficiente) (+4) | estimación de tipo BORROWED_COHORT_ESTIMATE (+1) | n=0 intervalos (<10) (-10) | n=0 intervalos (<3) (-20) | estimación prestada de cohorte (-8),,BORROWED_COHORT_ESTIMATE,11,Insuficiente,0 intervalo(s) válidos (+0) | match exacto/alias (REF_EXACT) (+12) | asociación single (+12) | sin cobertura calculable (+0) | sin intervalos suficientes (+0) | hay estimación de cohorte disponible (+12) | hay datos de uso/contrato/horario (+8) | Weibull no evaluado (n insuficiente) (+4) | estimación de tipo BORROWED_COHORT_ESTIMATE (+1) | n=0 intervalos (<10) (-10) | n=0 intervalos (<3) (-20) | estimación prestada de cohorte (-8),,,,,,EMPIRICAL_BAYES_SHRINKAGE,0,Solo un evento observado para esta combinación - no se puede estimar vida útil todavía sin cohorte.
Linac-154325,HOSPITAL CARLOS VAN BUREN (SSVSA),1565768,"(CCU) PCB ASSY, CAM CID8726DX9 AGI",2025-11-17T14:51:00.000Z,2025-11-17T14:51:00.000Z,1,0,,162.74,EMPIRICAL_BAYES_SHRINKAGE,BORROWED_COHORT_ESTIMATE,"Un solo evento observado, sin intervalo propio - se usa 100% la estimación de la cohorte (same_client_same_part).",162.74,5.35,,162.74,,,,0,1,same_client_same_part,1,0,0,2.24,,NO_DATA,,2026-04-29T08:36:36.000Z,BORROWED_COHORT_ESTIMATE,NO_MANUFACTURER_DATA,11,Insuficiente,0 intervalo(s) válidos (+0) | match exacto/alias (REF_EXACT) (+12) | asociación single (+12) | sin cobertura calculable (+0) | sin intervalos suficientes (+0) | hay estimación de cohorte disponible (+12) | hay datos de uso/contrato/horario (+8) | Weibull no evaluado (n insuficiente) (+4) | estimación de tipo BORROWED_COHORT_ESTIMATE (+1) | n=0 intervalos (<10) (-10) | n=0 intervalos (<3) (-20) | estimación prestada de cohorte (-8),,BORROWED_COHORT_ESTIMATE,11,Insuficiente,0 intervalo(s) válidos (+0) | match exacto/alias (REF_EXACT) (+12) | asociación single (+12) | sin cobertura calculable (+0) | sin intervalos suficientes (+0) | hay estimación de cohorte disponible (+12) | hay datos de uso/contrato/horario (+8) | Weibull no evaluado (n insuficiente) (+4) | estimación de tipo BORROWED_COHORT_ESTIMATE (+1) | n=0 intervalos (<10) (-10) | n=0 intervalos (<3) (-20) | estimación prestada de cohorte (-8),,,,,,EMPIRICAL_BAYES_SHRINKAGE,0,Solo un evento observado para esta combinación - no se puede estimar vida útil todavía sin cohorte.
INC-156473,Instituto Nacional del Cáncer (INC),1565835,"KIT, SPARES, DIAPHRAGM BRAKE",2025-11-21T20:17:00.000Z,2025-11-21T20:17:00.000Z,1,0,,123.86,EMPIRICAL_BAYES_SHRINKAGE,BORROWED_COHORT_ESTIMATE,"Un solo evento observado, sin intervalo propio - se usa 100% la estimación de la cohorte (same_client_same_part).",123.86,4.07,,123.86,,,,0,1,same_client_same_part,1,0,0,2.95,,NO_DATA,,2026-03-25T16:55:24.000Z,BORROWED_COHORT_ESTIMATE,NO_MANUFACTURER_DATA,11,Insuficiente,0 intervalo(s) válidos (+0) | match exacto/alias (REF_EXACT) (+12) | asociación single (+12) | sin cobertura calculable (+0) | sin intervalos suficientes (+0) | hay estimación de cohorte disponible (+12) | hay datos de uso/contrato/horario (+8) | Weibull no evaluado (n insuficiente) (+4) | estimación de tipo BORROWED_COHORT_ESTIMATE (+1) | n=0 intervalos (<10) (-10) | n=0 intervalos (<3) (-20) | estimación prestada de cohorte (-8),,BORROWED_COHORT_ESTIMATE,11,Insuficiente,0 intervalo(s) válidos (+0) | match exacto/alias (REF_EXACT) (+12) | asociación single (+12) | sin cobertura calculable (+0) | sin intervalos suficientes (+0) | hay estimación de cohorte disponible (+12) | hay datos de uso/contrato/horario (+8) | Weibull no evaluado (n insuficiente) (+4) | estimación de tipo BORROWED_COHORT_ESTIMATE (+1) | n=0 intervalos (<10) (-10) | n=0 intervalos (<3) (-20) | estimación prestada de cohorte (-8),,,,,,EMPIRICAL_BAYES_SHRINKAGE,0.39,Solo un evento observado para esta combinación - no se puede estimar vida útil todavía sin cohorte.
Linac-154325,HOSPITAL CARLOS VAN BUREN (SSVSA),1501074,DOSE B version 2,2025-11-24T14:30:00.000Z,2025-11-24T14:30:00.000Z,1,0,,377.95,EMPIRICAL_BAYES_SHRINKAGE,BORROWED_COHORT_ESTIMATE,"Un solo evento observado, sin intervalo propio - se usa 100% la estimación de la cohorte (same_client_same_part).",377.95,12.42,,377.95,,,,0,1,same_client_same_part,1,0,0,0.97,,NO_DATA,,2026-12-07T13:18:00.000Z,BORROWED_COHORT_ESTIMATE,NO_MANUFACTURER_DATA,11,Insuficiente,0 intervalo(s) válidos (+0) | match exacto/alias (REF_EXACT) (+12) | asociación single (+12) | sin cobertura calculable (+0) | sin intervalos suficientes (+0) | hay estimación de cohorte disponible (+12) | hay datos de uso/contrato/horario (+8) | Weibull no evaluado (n insuficiente) (+4) | estimación de tipo BORROWED_COHORT_ESTIMATE (+1) | n=0 intervalos (<10) (-10) | n=0 intervalos (<3) (-20) | estimación prestada de cohorte (-8),,BORROWED_COHORT_ESTIMATE,11,Insuficiente,0 intervalo(s) válidos (+0) | match exacto/alias (REF_EXACT) (+12) | asociación single (+12) | sin cobertura calculable (+0) | sin intervalos suficientes (+0) | hay estimación de cohorte disponible (+12) | hay datos de uso/contrato/horario (+8) | Weibull no evaluado (n insuficiente) (+4) | estimación de tipo BORROWED_COHORT_ESTIMATE (+1) | n=0 intervalos (<10) (-10) | n=0 intervalos (<3) (-20) | estimación prestada de cohorte (-8),,,,,,EMPIRICAL_BAYES_SHRINKAGE,0,Solo un evento observado para esta combinación - no se puede estimar vida útil todavía sin cohorte.
Linac-109452,SERVICIO DE SALUD DE MAGALLANES,1531848,X-drive subassembly （D- SHAPE）,2025-11-25T19:00:00.000Z,2025-11-25T19:00:00.000Z,1,0,,,NONE,INSUFFICIENT_DATA,Un solo evento observado y sin cohorte disponible - sin base estadística suficiente para estimar vida útil.,,,,,,,,,,,1,0,0,,,NO_DATA,,,INSUFFICIENT_DATA,NO_MANUFACTURER_DATA,6,Insuficiente,0 intervalo(s) válidos (+0) | match exacto/alias (REF_EXACT) (+12) | asociación single (+12) | sin cobertura calculable (+0) | sin intervalos suficientes (+0) | sin cohorte disponible (+0) | hay datos de uso/contrato/horario (+8) | Weibull no evaluado (n insuficiente) (+4) | estimación de tipo INSUFFICIENT_DATA (+0) | n=0 intervalos (<10) (-10) | n=0 intervalos (<3) (-20),,INSUFFICIENT_DATA,6,Insuficiente,0 intervalo(s) válidos (+0) | match exacto/alias (REF_EXACT) (+12) | asociación single (+12) | sin cobertura calculable (+0) | sin intervalos suficientes (+0) | sin cohorte disponible (+0) | hay datos de uso/contrato/horario (+8) | Weibull no evaluado (n insuficiente) (+4) | estimación de tipo INSUFFICIENT_DATA (+0) | n=0 intervalos (<10) (-10) | n=0 intervalos (<3) (-20),,,,,,NONE,0.33,Solo un evento observado para esta combinación - no se puede estimar vida útil todavía sin cohorte.
Linac-109496,CLINICA ALEMANA DE SANTIAGO,1007288,KV DCB Control Board,2025-12-10T18:52:00.000Z,2025-12-10T18:52:00.000Z,1,0,,,NONE,INSUFFICIENT_DATA,Un solo evento observado y sin cohorte disponible - sin base estadística suficiente para estimar vida útil.,,,,,,,,,,,1,0,0,,,NO_DATA,,,INSUFFICIENT_DATA,NO_MANUFACTURER_DATA,6,Insuficiente,0 intervalo(s) válidos (+0) | match exacto/alias (REF_EXACT) (+12) | asociación single (+12) | sin cobertura calculable (+0) | sin intervalos suficientes (+0) | sin cohorte disponible (+0) | hay datos de uso/contrato/horario (+8) | Weibull no evaluado (n insuficiente) (+4) | estimación de tipo INSUFFICIENT_DATA (+0) | n=0 intervalos (<10) (-10) | n=0 intervalos (<3) (-20),,INSUFFICIENT_DATA,6,Insuficiente,0 intervalo(s) válidos (+0) | match exacto/alias (REF_EXACT) (+12) | asociación single (+12) | sin cobertura calculable (+0) | sin intervalos suficientes (+0) | sin cohorte disponible (+0) | hay datos de uso/contrato/horario (+8) | Weibull no evaluado (n insuficiente) (+4) | estimación de tipo INSUFFICIENT_DATA (+0) | n=0 intervalos (<10) (-10) | n=0 intervalos (<3) (-20),,,,,,NONE,0,Solo un evento observado para esta combinación - no se puede estimar vida útil todavía sin cohorte.
Linac-156187,RADIO ONCOLOGÍA DEL SUR,1517657,"PCB ASSY, LEAF MOTOR DRIVE - 1 Only",2025-12-12T11:15:00.000Z,2025-12-12T11:15:00.000Z,1,0,,241.54,EMPIRICAL_BAYES_SHRINKAGE,BORROWED_COHORT_ESTIMATE,"Un solo evento observado, sin intervalo propio - se usa 100% la estimación de la cohorte (same_client_same_part).",241.54,7.93,,241.54,,,,0,1,same_client_same_part,1,0,0,1.51,,NO_DATA,,2026-08-11T00:12:36.000Z,BORROWED_COHORT_ESTIMATE,NO_MANUFACTURER_DATA,11,Insuficiente,0 intervalo(s) válidos (+0) | match exacto/alias (REF_EXACT) (+12) | asociación single (+12) | sin cobertura calculable (+0) | sin intervalos suficientes (+0) | hay estimación de cohorte disponible (+12) | hay datos de uso/contrato/horario (+8) | Weibull no evaluado (n insuficiente) (+4) | estimación de tipo BORROWED_COHORT_ESTIMATE (+1) | n=0 intervalos (<10) (-10) | n=0 intervalos (<3) (-20) | estimación prestada de cohorte (-8),,BORROWED_COHORT_ESTIMATE,11,Insuficiente,0 intervalo(s) válidos (+0) | match exacto/alias (REF_EXACT) (+12) | asociación single (+12) | sin cobertura calculable (+0) | sin intervalos suficientes (+0) | hay estimación de cohorte disponible (+12) | hay datos de uso/contrato/horario (+8) | Weibull no evaluado (n insuficiente) (+4) | estimación de tipo BORROWED_COHORT_ESTIMATE (+1) | n=0 intervalos (<10) (-10) | n=0 intervalos (<3) (-20) | estimación prestada de cohorte (-8),,,,,,EMPIRICAL_BAYES_SHRINKAGE,0.2,Solo un evento observado para esta combinación - no se puede estimar vida útil todavía sin cohorte.
Linac-201110,CLÍNICA SANATORIO ALEMÁN (ONCORAD),1572991,FRU Z MTR BRUSH SET (E'CRAFT),2025-12-17T15:45:00.000Z,2025-12-17T15:45:00.000Z,1,0,,,NONE,INSUFFICIENT_DATA,Un solo evento observado y sin cohorte disponible - sin base estadística suficiente para estimar vida útil.,,,,,,,,,,,1,0,0,,,NO_DATA,,,INSUFFICIENT_DATA,NO_MANUFACTURER_DATA,6,Insuficiente,0 intervalo(s) válidos (+0) | match exacto/alias (REF_EXACT) (+12) | asociación single (+12) | sin cobertura calculable (+0) | sin intervalos suficientes (+0) | sin cohorte disponible (+0) | hay datos de uso/contrato/horario (+8) | Weibull no evaluado (n insuficiente) (+4) | estimación de tipo INSUFFICIENT_DATA (+0) | n=0 intervalos (<10) (-10) | n=0 intervalos (<3) (-20),,INSUFFICIENT_DATA,6,Insuficiente,0 intervalo(s) válidos (+0) | match exacto/alias (REF_EXACT) (+12) | asociación single (+12) | sin cobertura calculable (+0) | sin intervalos suficientes (+0) | sin cohorte disponible (+0) | hay datos de uso/contrato/horario (+8) | Weibull no evaluado (n insuficiente) (+4) | estimación de tipo INSUFFICIENT_DATA (+0) | n=0 intervalos (<10) (-10) | n=0 intervalos (<3) (-20),,,,,,NONE,0,Solo un evento observado para esta combinación - no se puede estimar vida útil todavía sin cohorte.
Linac-152171,CLINICA ALEMANA DE SANTIAGO,4513341185001U,"Cable Assy, Pl9 to S",2026-01-27T10:30:00.000Z,2026-01-27T10:30:00.000Z,1,0,,375.17,EMPIRICAL_BAYES_SHRINKAGE,BORROWED_COHORT_ESTIMATE,"Un solo evento observado, sin intervalo propio - se usa 100% la estimación de la cohorte (same_client_same_part).",375.17,12.32,,375.17,,,,0,1,same_client_same_part,1,0,0,0.97,,NO_DATA,,2027-02-06T14:34:48.000Z,BORROWED_COHORT_ESTIMATE,NO_MANUFACTURER_DATA,11,Insuficiente,0 intervalo(s) válidos (+0) | match exacto/alias (REF_EXACT) (+12) | asociación single (+12) | sin cobertura calculable (+0) | sin intervalos suficientes (+0) | hay estimación de cohorte disponible (+12) | hay datos de uso/contrato/horario (+8) | Weibull no evaluado (n insuficiente) (+4) | estimación de tipo BORROWED_COHORT_ESTIMATE (+1) | n=0 intervalos (<10) (-10) | n=0 intervalos (<3) (-20) | estimación prestada de cohorte (-8),,BORROWED_COHORT_ESTIMATE,11,Insuficiente,0 intervalo(s) válidos (+0) | match exacto/alias (REF_EXACT) (+12) | asociación single (+12) | sin cobertura calculable (+0) | sin intervalos suficientes (+0) | hay estimación de cohorte disponible (+12) | hay datos de uso/contrato/horario (+8) | Weibull no evaluado (n insuficiente) (+4) | estimación de tipo BORROWED_COHORT_ESTIMATE (+1) | n=0 intervalos (<10) (-10) | n=0 intervalos (<3) (-20) | estimación prestada de cohorte (-8),,,,,,EMPIRICAL_BAYES_SHRINKAGE,0.5,Solo un evento observado para esta combinación - no se puede estimar vida útil todavía sin cohorte.
Linac-109374,UC CHRISTUS - CECA,1018559,"ASSY, BRACKET & FAN",2026-02-04T10:30:00.000Z,2026-02-04T10:30:00.000Z,1,0,,370.71,EMPIRICAL_BAYES_SHRINKAGE,BORROWED_COHORT_ESTIMATE,"Un solo evento observado, sin intervalo propio - se usa 100% la estimación de la cohorte (same_client_same_part).",370.71,12.18,,370.71,,,,0,1,same_client_same_part,1,0,0,0.99,,NO_DATA,,2027-02-10T03:32:24.000Z,BORROWED_COHORT_ESTIMATE,NO_MANUFACTURER_DATA,11,Insuficiente,0 intervalo(s) válidos (+0) | match exacto/alias (REF_EXACT) (+12) | asociación single (+12) | sin cobertura calculable (+0) | sin intervalos suficientes (+0) | hay estimación de cohorte disponible (+12) | hay datos de uso/contrato/horario (+8) | Weibull no evaluado (n insuficiente) (+4) | estimación de tipo BORROWED_COHORT_ESTIMATE (+1) | n=0 intervalos (<10) (-10) | n=0 intervalos (<3) (-20) | estimación prestada de cohorte (-8),,BORROWED_COHORT_ESTIMATE,11,Insuficiente,0 intervalo(s) válidos (+0) | match exacto/alias (REF_EXACT) (+12) | asociación single (+12) | sin cobertura calculable (+0) | sin intervalos suficientes (+0) | hay estimación de cohorte disponible (+12) | hay datos de uso/contrato/horario (+8) | Weibull no evaluado (n insuficiente) (+4) | estimación de tipo BORROWED_COHORT_ESTIMATE (+1) | n=0 intervalos (<10) (-10) | n=0 intervalos (<3) (-20) | estimación prestada de cohorte (-8),,,,,,EMPIRICAL_BAYES_SHRINKAGE,0.25,Solo un evento observado para esta combinación - no se puede estimar vida útil todavía sin cohorte.
Linac-109374,UC CHRISTUS - CECA,1538261,"FRU KIT, FLIGHT TUBE DRIVE",2026-02-04T13:20:00.000Z,2026-02-04T13:20:00.000Z,1,0,,347.58,EMPIRICAL_BAYES_SHRINKAGE,BORROWED_COHORT_ESTIMATE,"Un solo evento observado, sin intervalo propio - se usa 100% la estimación de la cohorte (same_part_global).",347.58,11.42,,347.58,,,,0,1,same_part_global,1,0,0,1.05,,NO_DATA,,2027-01-18T03:15:12.000Z,BORROWED_COHORT_ESTIMATE,NO_MANUFACTURER_DATA,11,Insuficiente,0 intervalo(s) válidos (+0) | match exacto/alias (REF_EXACT) (+12) | asociación single (+12) | sin cobertura calculable (+0) | sin intervalos suficientes (+0) | hay estimación de cohorte disponible (+12) | hay datos de uso/contrato/horario (+8) | Weibull no evaluado (n insuficiente) (+4) | estimación de tipo BORROWED_COHORT_ESTIMATE (+1) | n=0 intervalos (<10) (-10) | n=0 intervalos (<3) (-20) | estimación prestada de cohorte (-8),,BORROWED_COHORT_ESTIMATE,11,Insuficiente,0 intervalo(s) válidos (+0) | match exacto/alias (REF_EXACT) (+12) | asociación single (+12) | sin cobertura calculable (+0) | sin intervalos suficientes (+0) | hay estimación de cohorte disponible (+12) | hay datos de uso/contrato/horario (+8) | Weibull no evaluado (n insuficiente) (+4) | estimación de tipo BORROWED_COHORT_ESTIMATE (+1) | n=0 intervalos (<10) (-10) | n=0 intervalos (<3) (-20) | estimación prestada de cohorte (-8),,,,,,EMPIRICAL_BAYES_SHRINKAGE,0,Solo un evento observado para esta combinación - no se puede estimar vida útil todavía sin cohorte.
Linac-109374,UC CHRISTUS - CECA,1515098,ION PUMP - SPARE,2026-02-04T13:20:00.000Z,2026-02-04T13:20:00.000Z,1,0,,386.68,EMPIRICAL_BAYES_SHRINKAGE,BORROWED_COHORT_ESTIMATE,"Un solo evento observado, sin intervalo propio - se usa 100% la estimación de la cohorte (same_client_same_part).",386.68,12.7,,386.68,,,,0,1,same_client_same_part,1,0,0,0.94,,NO_DATA,,2027-02-26T05:39:12.000Z,BORROWED_COHORT_ESTIMATE,NO_MANUFACTURER_DATA,11,Insuficiente,0 intervalo(s) válidos (+0) | match exacto/alias (REF_EXACT) (+12) | asociación single (+12) | sin cobertura calculable (+0) | sin intervalos suficientes (+0) | hay estimación de cohorte disponible (+12) | hay datos de uso/contrato/horario (+8) | Weibull no evaluado (n insuficiente) (+4) | estimación de tipo BORROWED_COHORT_ESTIMATE (+1) | n=0 intervalos (<10) (-10) | n=0 intervalos (<3) (-20) | estimación prestada de cohorte (-8),,BORROWED_COHORT_ESTIMATE,11,Insuficiente,0 intervalo(s) válidos (+0) | match exacto/alias (REF_EXACT) (+12) | asociación single (+12) | sin cobertura calculable (+0) | sin intervalos suficientes (+0) | hay estimación de cohorte disponible (+12) | hay datos de uso/contrato/horario (+8) | Weibull no evaluado (n insuficiente) (+4) | estimación de tipo BORROWED_COHORT_ESTIMATE (+1) | n=0 intervalos (<10) (-10) | n=0 intervalos (<3) (-20) | estimación prestada de cohorte (-8),,,,,,EMPIRICAL_BAYES_SHRINKAGE,0,Solo un evento observado para esta combinación - no se puede estimar vida útil todavía sin cohorte.
Linac-109496,CLINICA ALEMANA DE SANTIAGO,1539679___1571202,"MRT 14791, GENERAL FKP ASSY",2026-02-13T18:30:00.000Z,2026-02-13T18:30:00.000Z,1,0,,,NONE,INSUFFICIENT_DATA,Un solo evento observado y sin cohorte disponible - sin base estadística suficiente para estimar vida útil.,,,,,,,,,,,1,0,0,,,NO_DATA,,,INSUFFICIENT_DATA,NO_MANUFACTURER_DATA,2,Insuficiente,0 intervalo(s) válidos (+0) | match por método débil (REF_LIKE) (+8) | asociación single (+12) | sin cobertura calculable (+0) | sin intervalos suficientes (+0) | sin cohorte disponible (+0) | hay datos de uso/contrato/horario (+8) | Weibull no evaluado (n insuficiente) (+4) | estimación de tipo INSUFFICIENT_DATA (+0) | n=0 intervalos (<10) (-10) | n=0 intervalos (<3) (-20),,INSUFFICIENT_DATA,2,Insuficiente,0 intervalo(s) válidos (+0) | match por método débil (REF_LIKE) (+8) | asociación single (+12) | sin cobertura calculable (+0) | sin intervalos suficientes (+0) | sin cohorte disponible (+0) | hay datos de uso/contrato/horario (+8) | Weibull no evaluado (n insuficiente) (+4) | estimación de tipo INSUFFICIENT_DATA (+0) | n=0 intervalos (<10) (-10) | n=0 intervalos (<3) (-20),,,,,,NONE,0,Solo un evento observado para esta combinación - no se puede estimar vida útil todavía sin cohorte.
Linac-109374,UC CHRISTUS - CECA,1568178,SIB PCB,2026-02-25T10:42:00.000Z,2026-02-25T10:42:00.000Z,1,0,,122.28,EMPIRICAL_BAYES_SHRINKAGE,BORROWED_COHORT_ESTIMATE,"Un solo evento observado, sin intervalo propio - se usa 100% la estimación de la cohorte (same_part_global).",122.28,4.02,,122.28,,,,0,1,same_part_global,1,0,0,2.99,,NO_DATA,,2026-06-27T17:25:12.000Z,BORROWED_COHORT_ESTIMATE,NO_MANUFACTURER_DATA,11,Insuficiente,0 intervalo(s) válidos (+0) | match exacto/alias (REF_EXACT) (+12) | asociación single (+12) | sin cobertura calculable (+0) | sin intervalos suficientes (+0) | hay estimación de cohorte disponible (+12) | hay datos de uso/contrato/horario (+8) | Weibull no evaluado (n insuficiente) (+4) | estimación de tipo BORROWED_COHORT_ESTIMATE (+1) | n=0 intervalos (<10) (-10) | n=0 intervalos (<3) (-20) | estimación prestada de cohorte (-8),,BORROWED_COHORT_ESTIMATE,11,Insuficiente,0 intervalo(s) válidos (+0) | match exacto/alias (REF_EXACT) (+12) | asociación single (+12) | sin cobertura calculable (+0) | sin intervalos suficientes (+0) | hay estimación de cohorte disponible (+12) | hay datos de uso/contrato/horario (+8) | Weibull no evaluado (n insuficiente) (+4) | estimación de tipo BORROWED_COHORT_ESTIMATE (+1) | n=0 intervalos (<10) (-10) | n=0 intervalos (<3) (-20) | estimación prestada de cohorte (-8),,,,,,EMPIRICAL_BAYES_SHRINKAGE,0.4,Solo un evento observado para esta combinación - no se puede estimar vida útil todavía sin cohorte.
INC-156473,Instituto Nacional del Cáncer (INC),1550513,Extended imaging module (XIM),2026-03-03T22:00:00.000Z,2026-03-03T22:00:00.000Z,1,0,,232.36,EMPIRICAL_BAYES_SHRINKAGE,BORROWED_COHORT_ESTIMATE,"Un solo evento observado, sin intervalo propio - se usa 100% la estimación de la cohorte (same_client_same_part).",232.36,7.63,,232.36,,,,0,1,same_client_same_part,1,0,0,1.57,,NO_DATA,,2026-10-22T06:38:24.000Z,BORROWED_COHORT_ESTIMATE,NO_MANUFACTURER_DATA,11,Insuficiente,0 intervalo(s) válidos (+0) | match exacto/alias (REF_EXACT) (+12) | asociación single (+12) | sin cobertura calculable (+0) | sin intervalos suficientes (+0) | hay estimación de cohorte disponible (+12) | hay datos de uso/contrato/horario (+8) | Weibull no evaluado (n insuficiente) (+4) | estimación de tipo BORROWED_COHORT_ESTIMATE (+1) | n=0 intervalos (<10) (-10) | n=0 intervalos (<3) (-20) | estimación prestada de cohorte (-8),,BORROWED_COHORT_ESTIMATE,11,Insuficiente,0 intervalo(s) válidos (+0) | match exacto/alias (REF_EXACT) (+12) | asociación single (+12) | sin cobertura calculable (+0) | sin intervalos suficientes (+0) | hay estimación de cohorte disponible (+12) | hay datos de uso/contrato/horario (+8) | Weibull no evaluado (n insuficiente) (+4) | estimación de tipo BORROWED_COHORT_ESTIMATE (+1) | n=0 intervalos (<10) (-10) | n=0 intervalos (<3) (-20) | estimación prestada de cohorte (-8),,,,,,EMPIRICAL_BAYES_SHRINKAGE,1,Solo un evento observado para esta combinación - no se puede estimar vida útil todavía sin cohorte.
INC-156473,Instituto Nacional del Cáncer (INC),1022386,"SK60-CAN/PL601BA1 to SK13BB6/SK13A10, CAN/ Control - reeling",2026-03-04T16:30:00.000Z,2026-03-04T16:30:00.000Z,1,0,,,NONE,INSUFFICIENT_DATA,Un solo evento observado y sin cohorte disponible - sin base estadística suficiente para estimar vida útil.,,,,,,,,,,,1,0,0,,,NO_DATA,,,INSUFFICIENT_DATA,NO_MANUFACTURER_DATA,6,Insuficiente,0 intervalo(s) válidos (+0) | match exacto/alias (REF_EXACT) (+12) | asociación single (+12) | sin cobertura calculable (+0) | sin intervalos suficientes (+0) | sin cohorte disponible (+0) | hay datos de uso/contrato/horario (+8) | Weibull no evaluado (n insuficiente) (+4) | estimación de tipo INSUFFICIENT_DATA (+0) | n=0 intervalos (<10) (-10) | n=0 intervalos (<3) (-20),,INSUFFICIENT_DATA,6,Insuficiente,0 intervalo(s) válidos (+0) | match exacto/alias (REF_EXACT) (+12) | asociación single (+12) | sin cobertura calculable (+0) | sin intervalos suficientes (+0) | sin cohorte disponible (+0) | hay datos de uso/contrato/horario (+8) | Weibull no evaluado (n insuficiente) (+4) | estimación de tipo INSUFFICIENT_DATA (+0) | n=0 intervalos (<10) (-10) | n=0 intervalos (<3) (-20),,,,,,NONE,0,Solo un evento observado para esta combinación - no se puede estimar vida útil todavía sin cohorte.
INC-156473,Instituto Nacional del Cáncer (INC),1007288,KV DCB Control Board,2026-03-05T11:00:00.000Z,2026-03-05T11:00:00.000Z,1,0,,,NONE,INSUFFICIENT_DATA,Un solo evento observado y sin cohorte disponible - sin base estadística suficiente para estimar vida útil.,,,,,,,,,,,1,0,0,,,NO_DATA,,,INSUFFICIENT_DATA,NO_MANUFACTURER_DATA,6,Insuficiente,0 intervalo(s) válidos (+0) | match exacto/alias (REF_EXACT) (+12) | asociación single (+12) | sin cobertura calculable (+0) | sin intervalos suficientes (+0) | sin cohorte disponible (+0) | hay datos de uso/contrato/horario (+8) | Weibull no evaluado (n insuficiente) (+4) | estimación de tipo INSUFFICIENT_DATA (+0) | n=0 intervalos (<10) (-10) | n=0 intervalos (<3) (-20),,INSUFFICIENT_DATA,6,Insuficiente,0 intervalo(s) válidos (+0) | match exacto/alias (REF_EXACT) (+12) | asociación single (+12) | sin cobertura calculable (+0) | sin intervalos suficientes (+0) | sin cohorte disponible (+0) | hay datos de uso/contrato/horario (+8) | Weibull no evaluado (n insuficiente) (+4) | estimación de tipo INSUFFICIENT_DATA (+0) | n=0 intervalos (<10) (-10) | n=0 intervalos (<3) (-20),,,,,,NONE,0.25,Solo un evento observado para esta combinación - no se puede estimar vida útil todavía sin cohorte.
INC-156473,Instituto Nacional del Cáncer (INC),1505891,"Interface Board, SPEC, SHFR400, KV Gen",2026-03-05T11:00:00.000Z,2026-03-05T11:00:00.000Z,1,0,,,NONE,INSUFFICIENT_DATA,Un solo evento observado y sin cohorte disponible - sin base estadística suficiente para estimar vida útil.,,,,,,,,,,,1,0,0,,,NO_DATA,,,INSUFFICIENT_DATA,NO_MANUFACTURER_DATA,6,Insuficiente,0 intervalo(s) válidos (+0) | match exacto/alias (REF_EXACT) (+12) | asociación single (+12) | sin cobertura calculable (+0) | sin intervalos suficientes (+0) | sin cohorte disponible (+0) | hay datos de uso/contrato/horario (+8) | Weibull no evaluado (n insuficiente) (+4) | estimación de tipo INSUFFICIENT_DATA (+0) | n=0 intervalos (<10) (-10) | n=0 intervalos (<3) (-20),,INSUFFICIENT_DATA,6,Insuficiente,0 intervalo(s) válidos (+0) | match exacto/alias (REF_EXACT) (+12) | asociación single (+12) | sin cobertura calculable (+0) | sin intervalos suficientes (+0) | sin cohorte disponible (+0) | hay datos de uso/contrato/horario (+8) | Weibull no evaluado (n insuficiente) (+4) | estimación de tipo INSUFFICIENT_DATA (+0) | n=0 intervalos (<10) (-10) | n=0 intervalos (<3) (-20),,,,,,NONE,0.25,Solo un evento observado para esta combinación - no se puede estimar vida útil todavía sin cohorte.
INC-156473,Instituto Nacional del Cáncer (INC),1567203,"Prog, pcb assy, MTU",2026-03-05T11:00:00.000Z,2026-03-05T11:00:00.000Z,1,0,,,NONE,INSUFFICIENT_DATA,Un solo evento observado y sin cohorte disponible - sin base estadística suficiente para estimar vida útil.,,,,,,,,,,,1,0,0,,,NO_DATA,,,INSUFFICIENT_DATA,NO_MANUFACTURER_DATA,6,Insuficiente,0 intervalo(s) válidos (+0) | match exacto/alias (REF_EXACT) (+12) | asociación single (+12) | sin cobertura calculable (+0) | sin intervalos suficientes (+0) | sin cohorte disponible (+0) | hay datos de uso/contrato/horario (+8) | Weibull no evaluado (n insuficiente) (+4) | estimación de tipo INSUFFICIENT_DATA (+0) | n=0 intervalos (<10) (-10) | n=0 intervalos (<3) (-20),,INSUFFICIENT_DATA,6,Insuficiente,0 intervalo(s) válidos (+0) | match exacto/alias (REF_EXACT) (+12) | asociación single (+12) | sin cobertura calculable (+0) | sin intervalos suficientes (+0) | sin cohorte disponible (+0) | hay datos de uso/contrato/horario (+8) | Weibull no evaluado (n insuficiente) (+4) | estimación de tipo INSUFFICIENT_DATA (+0) | n=0 intervalos (<10) (-10) | n=0 intervalos (<3) (-20),,,,,,NONE,0.25,Solo un evento observado para esta combinación - no se puede estimar vida útil todavía sin cohorte.
INC-156473,Instituto Nacional del Cáncer (INC),1513681,"MV, DCB, PROGRAMED",2026-03-05T11:00:00.000Z,2026-03-05T11:00:00.000Z,1,0,,,NONE,INSUFFICIENT_DATA,Un solo evento observado y sin cohorte disponible - sin base estadística suficiente para estimar vida útil.,,,,,,,,,,,1,0,0,,,NO_DATA,,,INSUFFICIENT_DATA,NO_MANUFACTURER_DATA,6,Insuficiente,0 intervalo(s) válidos (+0) | match exacto/alias (REF_EXACT) (+12) | asociación single (+12) | sin cobertura calculable (+0) | sin intervalos suficientes (+0) | sin cohorte disponible (+0) | hay datos de uso/contrato/horario (+8) | Weibull no evaluado (n insuficiente) (+4) | estimación de tipo INSUFFICIENT_DATA (+0) | n=0 intervalos (<10) (-10) | n=0 intervalos (<3) (-20),,INSUFFICIENT_DATA,6,Insuficiente,0 intervalo(s) válidos (+0) | match exacto/alias (REF_EXACT) (+12) | asociación single (+12) | sin cobertura calculable (+0) | sin intervalos suficientes (+0) | sin cohorte disponible (+0) | hay datos de uso/contrato/horario (+8) | Weibull no evaluado (n insuficiente) (+4) | estimación de tipo INSUFFICIENT_DATA (+0) | n=0 intervalos (<10) (-10) | n=0 intervalos (<3) (-20),,,,,,NONE,0.25,Solo un evento observado para esta combinación - no se puede estimar vida útil todavía sin cohorte.
INC-156473,Instituto Nacional del Cáncer (INC),1009687,Fru Squirrel frame grabber,2026-03-05T11:00:00.000Z,2026-03-05T11:00:00.000Z,1,0,,,NONE,INSUFFICIENT_DATA,Un solo evento observado y sin cohorte disponible - sin base estadística suficiente para estimar vida útil.,,,,,,,,,,,1,0,0,,,NO_DATA,,,INSUFFICIENT_DATA,NO_MANUFACTURER_DATA,6,Insuficiente,0 intervalo(s) válidos (+0) | match exacto/alias (REF_EXACT) (+12) | asociación single (+12) | sin cobertura calculable (+0) | sin intervalos suficientes (+0) | sin cohorte disponible (+0) | hay datos de uso/contrato/horario (+8) | Weibull no evaluado (n insuficiente) (+4) | estimación de tipo INSUFFICIENT_DATA (+0) | n=0 intervalos (<10) (-10) | n=0 intervalos (<3) (-20),,INSUFFICIENT_DATA,6,Insuficiente,0 intervalo(s) válidos (+0) | match exacto/alias (REF_EXACT) (+12) | asociación single (+12) | sin cobertura calculable (+0) | sin intervalos suficientes (+0) | sin cohorte disponible (+0) | hay datos de uso/contrato/horario (+8) | Weibull no evaluado (n insuficiente) (+4) | estimación de tipo INSUFFICIENT_DATA (+0) | n=0 intervalos (<10) (-10) | n=0 intervalos (<3) (-20),,,,,,NONE,0.25,Solo un evento observado para esta combinación - no se puede estimar vida útil todavía sin cohorte.
Linac-153935,UC CHRISTUS - CECA,1568178,SIB PCB,2026-03-07T16:36:00.000Z,2026-03-07T16:36:00.000Z,1,0,,122.28,EMPIRICAL_BAYES_SHRINKAGE,BORROWED_COHORT_ESTIMATE,"Un solo evento observado, sin intervalo propio - se usa 100% la estimación de la cohorte (same_part_global).",122.28,4.02,,122.28,,,,0,1,same_part_global,1,0,0,2.99,,NO_DATA,,2026-07-07T23:19:12.000Z,BORROWED_COHORT_ESTIMATE,NO_MANUFACTURER_DATA,11,Insuficiente,0 intervalo(s) válidos (+0) | match exacto/alias (REF_EXACT) (+12) | asociación single (+12) | sin cobertura calculable (+0) | sin intervalos suficientes (+0) | hay estimación de cohorte disponible (+12) | hay datos de uso/contrato/horario (+8) | Weibull no evaluado (n insuficiente) (+4) | estimación de tipo BORROWED_COHORT_ESTIMATE (+1) | n=0 intervalos (<10) (-10) | n=0 intervalos (<3) (-20) | estimación prestada de cohorte (-8),,BORROWED_COHORT_ESTIMATE,11,Insuficiente,0 intervalo(s) válidos (+0) | match exacto/alias (REF_EXACT) (+12) | asociación single (+12) | sin cobertura calculable (+0) | sin intervalos suficientes (+0) | hay estimación de cohorte disponible (+12) | hay datos de uso/contrato/horario (+8) | Weibull no evaluado (n insuficiente) (+4) | estimación de tipo BORROWED_COHORT_ESTIMATE (+1) | n=0 intervalos (<10) (-10) | n=0 intervalos (<3) (-20) | estimación prestada de cohorte (-8),,,,,,EMPIRICAL_BAYES_SHRINKAGE,1,Solo un evento observado para esta combinación - no se puede estimar vida útil todavía sin cohorte.
Linac-156187,RADIO ONCOLOGÍA DEL SUR,1024939,"ASSY, 40X40X10MM FAN, HEATSINK",2026-02-27T17:00:00.000Z,2026-02-27T17:00:00.000Z,1,0,,343.28,EMPIRICAL_BAYES_SHRINKAGE,BORROWED_COHORT_ESTIMATE,"Un solo evento observado, sin intervalo propio - se usa 100% la estimación de la cohorte (same_client_same_part).",343.28,11.28,,343.28,,,,0,1,same_client_same_part,1,0,0,1.06,,NO_DATA,,2027-02-05T23:43:12.000Z,BORROWED_COHORT_ESTIMATE,NO_MANUFACTURER_DATA,11,Insuficiente,0 intervalo(s) válidos (+0) | match exacto/alias (REF_EXACT) (+12) | asociación single (+12) | sin cobertura calculable (+0) | sin intervalos suficientes (+0) | hay estimación de cohorte disponible (+12) | hay datos de uso/contrato/horario (+8) | Weibull no evaluado (n insuficiente) (+4) | estimación de tipo BORROWED_COHORT_ESTIMATE (+1) | n=0 intervalos (<10) (-10) | n=0 intervalos (<3) (-20) | estimación prestada de cohorte (-8),,BORROWED_COHORT_ESTIMATE,11,Insuficiente,0 intervalo(s) válidos (+0) | match exacto/alias (REF_EXACT) (+12) | asociación single (+12) | sin cobertura calculable (+0) | sin intervalos suficientes (+0) | hay estimación de cohorte disponible (+12) | hay datos de uso/contrato/horario (+8) | Weibull no evaluado (n insuficiente) (+4) | estimación de tipo BORROWED_COHORT_ESTIMATE (+1) | n=0 intervalos (<10) (-10) | n=0 intervalos (<3) (-20) | estimación prestada de cohorte (-8),,,,,,EMPIRICAL_BAYES_SHRINKAGE,0,Solo un evento observado para esta combinación - no se puede estimar vida útil todavía sin cohorte.
INC-156473,Instituto Nacional del Cáncer (INC),1509024,"Cable Assy, Area 60 to PLGIPI 1",2026-03-27T18:58:00.000Z,2026-03-27T18:58:00.000Z,1,0,,,NONE,INSUFFICIENT_DATA,Un solo evento observado y sin cohorte disponible - sin base estadística suficiente para estimar vida útil.,,,,,,,,,,,1,0,0,,,NO_DATA,,,INSUFFICIENT_DATA,NO_MANUFACTURER_DATA,6,Insuficiente,0 intervalo(s) válidos (+0) | match exacto/alias (REF_EXACT) (+12) | asociación single (+12) | sin cobertura calculable (+0) | sin intervalos suficientes (+0) | sin cohorte disponible (+0) | hay datos de uso/contrato/horario (+8) | Weibull no evaluado (n insuficiente) (+4) | estimación de tipo INSUFFICIENT_DATA (+0) | n=0 intervalos (<10) (-10) | n=0 intervalos (<3) (-20),,INSUFFICIENT_DATA,6,Insuficiente,0 intervalo(s) válidos (+0) | match exacto/alias (REF_EXACT) (+12) | asociación single (+12) | sin cobertura calculable (+0) | sin intervalos suficientes (+0) | sin cohorte disponible (+0) | hay datos de uso/contrato/horario (+8) | Weibull no evaluado (n insuficiente) (+4) | estimación de tipo INSUFFICIENT_DATA (+0) | n=0 intervalos (<10) (-10) | n=0 intervalos (<3) (-20),,,,,,NONE,0,Solo un evento observado para esta combinación - no se puede estimar vida útil todavía sin cohorte.
APOTECA-CHEMO,FUNDACION ARTURO LOPEZ PEREZ,2297542,BALL RUNNER BLOCK WJ200QM-01-06 (Puerta deslizante),2026-03-30T19:00:00.000Z,2026-03-30T19:00:00.000Z,1,0,,,NONE,INSUFFICIENT_DATA,Un solo evento observado y sin cohorte disponible - sin base estadística suficiente para estimar vida útil.,,,,,,,,,,,1,0,0,,,NO_DATA,,,INSUFFICIENT_DATA,NO_MANUFACTURER_DATA,6,Insuficiente,0 intervalo(s) válidos (+0) | match exacto/alias (REF_EXACT) (+12) | asociación single (+12) | sin cobertura calculable (+0) | sin intervalos suficientes (+0) | sin cohorte disponible (+0) | hay datos de uso/contrato/horario (+8) | Weibull no evaluado (n insuficiente) (+4) | estimación de tipo INSUFFICIENT_DATA (+0) | n=0 intervalos (<10) (-10) | n=0 intervalos (<3) (-20),,INSUFFICIENT_DATA,6,Insuficiente,0 intervalo(s) válidos (+0) | match exacto/alias (REF_EXACT) (+12) | asociación single (+12) | sin cobertura calculable (+0) | sin intervalos suficientes (+0) | sin cohorte disponible (+0) | hay datos de uso/contrato/horario (+8) | Weibull no evaluado (n insuficiente) (+4) | estimación de tipo INSUFFICIENT_DATA (+0) | n=0 intervalos (<10) (-10) | n=0 intervalos (<3) (-20),,,,,,NONE,0,Solo un evento observado para esta combinación - no se puede estimar vida útil todavía sin cohorte.
Linac-152171,CLINICA ALEMANA DE SANTIAGO,45133302334,"DRIVE ASSEMBLY, MAGNETRON",2026-04-02T18:32:00.000Z,2026-04-02T18:32:00.000Z,1,0,,,NONE,INSUFFICIENT_DATA,Un solo evento observado y sin cohorte disponible - sin base estadística suficiente para estimar vida útil.,,,,,,,,,,,1,0,0,,,NO_DATA,,,INSUFFICIENT_DATA,NO_MANUFACTURER_DATA,6,Insuficiente,0 intervalo(s) válidos (+0) | match exacto/alias (REF_EXACT) (+12) | asociación single (+12) | sin cobertura calculable (+0) | sin intervalos suficientes (+0) | sin cohorte disponible (+0) | hay datos de uso/contrato/horario (+8) | Weibull no evaluado (n insuficiente) (+4) | estimación de tipo INSUFFICIENT_DATA (+0) | n=0 intervalos (<10) (-10) | n=0 intervalos (<3) (-20),,INSUFFICIENT_DATA,6,Insuficiente,0 intervalo(s) válidos (+0) | match exacto/alias (REF_EXACT) (+12) | asociación single (+12) | sin cobertura calculable (+0) | sin intervalos suficientes (+0) | sin cohorte disponible (+0) | hay datos de uso/contrato/horario (+8) | Weibull no evaluado (n insuficiente) (+4) | estimación de tipo INSUFFICIENT_DATA (+0) | n=0 intervalos (<10) (-10) | n=0 intervalos (<3) (-20),,,,,,NONE,0,Solo un evento observado para esta combinación - no se puede estimar vida útil todavía sin cohorte.
CLC-1,CLÍNICA LAS CONDES,1024545,USER INTERFACE SIDE B FRU,2026-04-16T14:30:00.000Z,2026-04-16T14:30:00.000Z,1,0,,,NONE,INSUFFICIENT_DATA,Un solo evento observado y sin cohorte disponible - sin base estadística suficiente para estimar vida útil.,,,,,,,,,,,1,0,0,,,NO_DATA,,,INSUFFICIENT_DATA,NO_MANUFACTURER_DATA,6,Insuficiente,0 intervalo(s) válidos (+0) | match exacto/alias (REF_EXACT) (+12) | asociación single (+12) | sin cobertura calculable (+0) | sin intervalos suficientes (+0) | sin cohorte disponible (+0) | hay datos de uso/contrato/horario (+8) | Weibull no evaluado (n insuficiente) (+4) | estimación de tipo INSUFFICIENT_DATA (+0) | n=0 intervalos (<10) (-10) | n=0 intervalos (<3) (-20),,INSUFFICIENT_DATA,6,Insuficiente,0 intervalo(s) válidos (+0) | match exacto/alias (REF_EXACT) (+12) | asociación single (+12) | sin cobertura calculable (+0) | sin intervalos suficientes (+0) | sin cohorte disponible (+0) | hay datos de uso/contrato/horario (+8) | Weibull no evaluado (n insuficiente) (+4) | estimación de tipo INSUFFICIENT_DATA (+0) | n=0 intervalos (<10) (-10) | n=0 intervalos (<3) (-20),,,,,,NONE,0,Solo un evento observado para esta combinación - no se puede estimar vida útil todavía sin cohorte.
Linac-152171,CLINICA ALEMANA DE SANTIAGO,1014204,Ceramic ion chamber (MR),2026-04-20T14:30:00.000Z,2026-04-20T14:30:00.000Z,1,0,,578.95,EMPIRICAL_BAYES_SHRINKAGE,BORROWED_COHORT_ESTIMATE,"Un solo evento observado, sin intervalo propio - se usa 100% la estimación de la cohorte (same_client_same_part).",578.95,19.02,,578.95,,,,0,1,same_client_same_part,1,0,0,0.63,,NO_DATA,,2027-11-20T13:18:00.000Z,BORROWED_COHORT_ESTIMATE,NO_MANUFACTURER_DATA,11,Insuficiente,0 intervalo(s) válidos (+0) | match exacto/alias (REF_EXACT) (+12) | asociación single (+12) | sin cobertura calculable (+0) | sin intervalos suficientes (+0) | hay estimación de cohorte disponible (+12) | hay datos de uso/contrato/horario (+8) | Weibull no evaluado (n insuficiente) (+4) | estimación de tipo BORROWED_COHORT_ESTIMATE (+1) | n=0 intervalos (<10) (-10) | n=0 intervalos (<3) (-20) | estimación prestada de cohorte (-8),,BORROWED_COHORT_ESTIMATE,11,Insuficiente,0 intervalo(s) válidos (+0) | match exacto/alias (REF_EXACT) (+12) | asociación single (+12) | sin cobertura calculable (+0) | sin intervalos suficientes (+0) | hay estimación de cohorte disponible (+12) | hay datos de uso/contrato/horario (+8) | Weibull no evaluado (n insuficiente) (+4) | estimación de tipo BORROWED_COHORT_ESTIMATE (+1) | n=0 intervalos (<10) (-10) | n=0 intervalos (<3) (-20) | estimación prestada de cohorte (-8),,,,,,EMPIRICAL_BAYES_SHRINKAGE,0,Solo un evento observado para esta combinación - no se puede estimar vida útil todavía sin cohorte.
INC-156473,Instituto Nacional del Cáncer (INC),1517657,"PCB ASSY, LEAF MOTOR DRIVE - 1 Only",2026-05-07T19:47:00.000Z,2026-05-07T19:47:00.000Z,1,0,,242.95,EMPIRICAL_BAYES_SHRINKAGE,BORROWED_COHORT_ESTIMATE,"Un solo evento observado, sin intervalo propio - se usa 100% la estimación de la cohorte (same_client_same_part).",242.95,7.98,,242.95,,,,0,1,same_client_same_part,1,0,0,1.5,,NO_DATA,,2027-01-05T18:35:00.000Z,BORROWED_COHORT_ESTIMATE,NO_MANUFACTURER_DATA,11,Insuficiente,0 intervalo(s) válidos (+0) | match exacto/alias (REF_EXACT) (+12) | asociación single (+12) | sin cobertura calculable (+0) | sin intervalos suficientes (+0) | hay estimación de cohorte disponible (+12) | hay datos de uso/contrato/horario (+8) | Weibull no evaluado (n insuficiente) (+4) | estimación de tipo BORROWED_COHORT_ESTIMATE (+1) | n=0 intervalos (<10) (-10) | n=0 intervalos (<3) (-20) | estimación prestada de cohorte (-8),,BORROWED_COHORT_ESTIMATE,11,Insuficiente,0 intervalo(s) válidos (+0) | match exacto/alias (REF_EXACT) (+12) | asociación single (+12) | sin cobertura calculable (+0) | sin intervalos suficientes (+0) | hay estimación de cohorte disponible (+12) | hay datos de uso/contrato/horario (+8) | Weibull no evaluado (n insuficiente) (+4) | estimación de tipo BORROWED_COHORT_ESTIMATE (+1) | n=0 intervalos (<10) (-10) | n=0 intervalos (<3) (-20) | estimación prestada de cohorte (-8),,,,,,EMPIRICAL_BAYES_SHRINKAGE,0,Solo un evento observado para esta combinación - no se puede estimar vida útil todavía sin cohorte.
Linac-154325,HOSPITAL CARLOS VAN BUREN (SSVSA),1569146,"FRU, KV ACB programmed",2026-05-13T19:44:00.000Z,2026-05-13T19:44:00.000Z,1,0,,,NONE,INSUFFICIENT_DATA,Un solo evento observado y sin cohorte disponible - sin base estadística suficiente para estimar vida útil.,,,,,,,,,,,1,0,0,,,NO_DATA,,,INSUFFICIENT_DATA,NO_MANUFACTURER_DATA,6,Insuficiente,0 intervalo(s) válidos (+0) | match exacto/alias (REF_EXACT) (+12) | asociación single (+12) | sin cobertura calculable (+0) | sin intervalos suficientes (+0) | sin cohorte disponible (+0) | hay datos de uso/contrato/horario (+8) | Weibull no evaluado (n insuficiente) (+4) | estimación de tipo INSUFFICIENT_DATA (+0) | n=0 intervalos (<10) (-10) | n=0 intervalos (<3) (-20),,INSUFFICIENT_DATA,6,Insuficiente,0 intervalo(s) válidos (+0) | match exacto/alias (REF_EXACT) (+12) | asociación single (+12) | sin cobertura calculable (+0) | sin intervalos suficientes (+0) | sin cohorte disponible (+0) | hay datos de uso/contrato/horario (+8) | Weibull no evaluado (n insuficiente) (+4) | estimación de tipo INSUFFICIENT_DATA (+0) | n=0 intervalos (<10) (-10) | n=0 intervalos (<3) (-20),,,,,,NONE,0,Solo un evento observado para esta combinación - no se puede estimar vida útil todavía sin cohorte.
INC-156473,Instituto Nacional del Cáncer (INC),45133318990,FRU X-Brake,2026-05-29T00:14:00.000Z,2026-05-29T00:14:00.000Z,1,0,,,NONE,INSUFFICIENT_DATA,Un solo evento observado y sin cohorte disponible - sin base estadística suficiente para estimar vida útil.,,,,,,,,,,,1,0,0,,,NO_DATA,,,INSUFFICIENT_DATA,NO_MANUFACTURER_DATA,6,Insuficiente,0 intervalo(s) válidos (+0) | match exacto/alias (REF_EXACT) (+12) | asociación single (+12) | sin cobertura calculable (+0) | sin intervalos suficientes (+0) | sin cohorte disponible (+0) | hay datos de uso/contrato/horario (+8) | Weibull no evaluado (n insuficiente) (+4) | estimación de tipo INSUFFICIENT_DATA (+0) | n=0 intervalos (<10) (-10) | n=0 intervalos (<3) (-20),,INSUFFICIENT_DATA,6,Insuficiente,0 intervalo(s) válidos (+0) | match exacto/alias (REF_EXACT) (+12) | asociación single (+12) | sin cobertura calculable (+0) | sin intervalos suficientes (+0) | sin cohorte disponible (+0) | hay datos de uso/contrato/horario (+8) | Weibull no evaluado (n insuficiente) (+4) | estimación de tipo INSUFFICIENT_DATA (+0) | n=0 intervalos (<10) (-10) | n=0 intervalos (<3) (-20),,,,,,NONE,1,Solo un evento observado para esta combinación - no se puede estimar vida útil todavía sin cohorte.
Linac-109256,UC CHRISTUS - SCA,1531145,"Assy, Fan 70x70x15mm",2026-05-29T12:30:00.000Z,2026-05-29T12:30:00.000Z,1,0,,,NONE,INSUFFICIENT_DATA,Un solo evento observado y sin cohorte disponible - sin base estadística suficiente para estimar vida útil.,,,,,,,,,,,1,0,0,,,NO_DATA,,,INSUFFICIENT_DATA,NO_MANUFACTURER_DATA,6,Insuficiente,0 intervalo(s) válidos (+0) | match exacto/alias (REF_EXACT) (+12) | asociación single (+12) | sin cobertura calculable (+0) | sin intervalos suficientes (+0) | sin cohorte disponible (+0) | hay datos de uso/contrato/horario (+8) | Weibull no evaluado (n insuficiente) (+4) | estimación de tipo INSUFFICIENT_DATA (+0) | n=0 intervalos (<10) (-10) | n=0 intervalos (<3) (-20),,INSUFFICIENT_DATA,6,Insuficiente,0 intervalo(s) válidos (+0) | match exacto/alias (REF_EXACT) (+12) | asociación single (+12) | sin cobertura calculable (+0) | sin intervalos suficientes (+0) | sin cohorte disponible (+0) | hay datos de uso/contrato/horario (+8) | Weibull no evaluado (n insuficiente) (+4) | estimación de tipo INSUFFICIENT_DATA (+0) | n=0 intervalos (<10) (-10) | n=0 intervalos (<3) (-20),,,,,,NONE,0.67,Solo un evento observado para esta combinación - no se puede estimar vida útil todavía sin cohorte.
Linac-109256,UC CHRISTUS - SCA,1564361,"Programmed PCB Assy, Router",2026-05-29T19:00:00.000Z,2026-05-29T19:00:00.000Z,1,0,,125.73,EMPIRICAL_BAYES_SHRINKAGE,BORROWED_COHORT_ESTIMATE,"Un solo evento observado, sin intervalo propio - se usa 100% la estimación de la cohorte (same_client_same_part).",125.73,4.13,,125.73,,,,0,1,same_client_same_part,1,0,0,2.91,,NO_DATA,,2026-10-02T12:31:12.000Z,BORROWED_COHORT_ESTIMATE,NO_MANUFACTURER_DATA,11,Insuficiente,0 intervalo(s) válidos (+0) | match exacto/alias (REF_EXACT) (+12) | asociación single (+12) | sin cobertura calculable (+0) | sin intervalos suficientes (+0) | hay estimación de cohorte disponible (+12) | hay datos de uso/contrato/horario (+8) | Weibull no evaluado (n insuficiente) (+4) | estimación de tipo BORROWED_COHORT_ESTIMATE (+1) | n=0 intervalos (<10) (-10) | n=0 intervalos (<3) (-20) | estimación prestada de cohorte (-8),,BORROWED_COHORT_ESTIMATE,11,Insuficiente,0 intervalo(s) válidos (+0) | match exacto/alias (REF_EXACT) (+12) | asociación single (+12) | sin cobertura calculable (+0) | sin intervalos suficientes (+0) | hay estimación de cohorte disponible (+12) | hay datos de uso/contrato/horario (+8) | Weibull no evaluado (n insuficiente) (+4) | estimación de tipo BORROWED_COHORT_ESTIMATE (+1) | n=0 intervalos (<10) (-10) | n=0 intervalos (<3) (-20) | estimación prestada de cohorte (-8),,,,,,EMPIRICAL_BAYES_SHRINKAGE,0,Solo un evento observado para esta combinación - no se puede estimar vida útil todavía sin cohorte.
Linac-109256,UC CHRISTUS - SCA,1017632_usado,PCB ASSY CAMERA CCU,2026-05-29T19:00:00.000Z,2026-05-29T19:00:00.000Z,1,0,,76.84,EMPIRICAL_BAYES_SHRINKAGE,BORROWED_COHORT_ESTIMATE,"Un solo evento observado, sin intervalo propio - se usa 100% la estimación de la cohorte (same_client_same_part).",76.84,2.52,,76.84,,,,0,1,same_client_same_part,1,0,0,4.75,,NO_DATA,,2026-08-14T15:09:36.000Z,BORROWED_COHORT_ESTIMATE,NO_MANUFACTURER_DATA,7,Insuficiente,0 intervalo(s) válidos (+0) | match por método débil (REF_LIKE) (+8) | asociación single (+12) | sin cobertura calculable (+0) | sin intervalos suficientes (+0) | hay estimación de cohorte disponible (+12) | hay datos de uso/contrato/horario (+8) | Weibull no evaluado (n insuficiente) (+4) | estimación de tipo BORROWED_COHORT_ESTIMATE (+1) | n=0 intervalos (<10) (-10) | n=0 intervalos (<3) (-20) | estimación prestada de cohorte (-8),,BORROWED_COHORT_ESTIMATE,7,Insuficiente,0 intervalo(s) válidos (+0) | match por método débil (REF_LIKE) (+8) | asociación single (+12) | sin cobertura calculable (+0) | sin intervalos suficientes (+0) | hay estimación de cohorte disponible (+12) | hay datos de uso/contrato/horario (+8) | Weibull no evaluado (n insuficiente) (+4) | estimación de tipo BORROWED_COHORT_ESTIMATE (+1) | n=0 intervalos (<10) (-10) | n=0 intervalos (<3) (-20) | estimación prestada de cohorte (-8),,,,,,EMPIRICAL_BAYES_SHRINKAGE,0,Solo un evento observado para esta combinación - no se puede estimar vida útil todavía sin cohorte.
Linac-156187,RADIO ONCOLOGÍA DEL SUR,45133904594,PS & DPT PCB - Area 12,2026-06-02T15:00:00.000Z,2026-06-02T15:00:00.000Z,1,0,,,NONE,INSUFFICIENT_DATA,Un solo evento observado y sin cohorte disponible - sin base estadística suficiente para estimar vida útil.,,,,,,,,,,,1,0,0,,,NO_DATA,,,INSUFFICIENT_DATA,NO_MANUFACTURER_DATA,6,Insuficiente,0 intervalo(s) válidos (+0) | match exacto/alias (REF_EXACT) (+12) | asociación single (+12) | sin cobertura calculable (+0) | sin intervalos suficientes (+0) | sin cohorte disponible (+0) | hay datos de uso/contrato/horario (+8) | Weibull no evaluado (n insuficiente) (+4) | estimación de tipo INSUFFICIENT_DATA (+0) | n=0 intervalos (<10) (-10) | n=0 intervalos (<3) (-20),,INSUFFICIENT_DATA,6,Insuficiente,0 intervalo(s) válidos (+0) | match exacto/alias (REF_EXACT) (+12) | asociación single (+12) | sin cobertura calculable (+0) | sin intervalos suficientes (+0) | sin cohorte disponible (+0) | hay datos de uso/contrato/horario (+8) | Weibull no evaluado (n insuficiente) (+4) | estimación de tipo INSUFFICIENT_DATA (+0) | n=0 intervalos (<10) (-10) | n=0 intervalos (<3) (-20),,,,,,NONE,0,Solo un evento observado para esta combinación - no se puede estimar vida útil todavía sin cohorte.
Linac-156187,RADIO ONCOLOGÍA DEL SUR,1541718,"FRU, Pancake Motor Assembly",2026-05-29T04:00:00.000Z,2026-05-29T04:00:00.000Z,1,0,,70.54,EMPIRICAL_BAYES_SHRINKAGE,BORROWED_COHORT_ESTIMATE,"Un solo evento observado, sin intervalo propio - se usa 100% la estimación de la cohorte (same_client_same_part).",70.54,2.32,,70.54,,,,0,1,same_client_same_part,1,0,0,5.18,,NO_DATA,,2026-08-07T16:57:36.000Z,BORROWED_COHORT_ESTIMATE,NO_MANUFACTURER_DATA,11,Insuficiente,0 intervalo(s) válidos (+0) | match exacto/alias (REF_EXACT) (+12) | asociación single (+12) | sin cobertura calculable (+0) | sin intervalos suficientes (+0) | hay estimación de cohorte disponible (+12) | hay datos de uso/contrato/horario (+8) | Weibull no evaluado (n insuficiente) (+4) | estimación de tipo BORROWED_COHORT_ESTIMATE (+1) | n=0 intervalos (<10) (-10) | n=0 intervalos (<3) (-20) | estimación prestada de cohorte (-8),,BORROWED_COHORT_ESTIMATE,11,Insuficiente,0 intervalo(s) válidos (+0) | match exacto/alias (REF_EXACT) (+12) | asociación single (+12) | sin cobertura calculable (+0) | sin intervalos suficientes (+0) | hay estimación de cohorte disponible (+12) | hay datos de uso/contrato/horario (+8) | Weibull no evaluado (n insuficiente) (+4) | estimación de tipo BORROWED_COHORT_ESTIMATE (+1) | n=0 intervalos (<10) (-10) | n=0 intervalos (<3) (-20) | estimación prestada de cohorte (-8),,,,,,EMPIRICAL_BAYES_SHRINKAGE,0.5,Solo un evento observado para esta combinación - no se puede estimar vida útil todavía sin cohorte.
Linac-153935,UC CHRISTUS - CECA,45133412329,"SOLENOID, LOCKING ASSY",2026-06-11T20:08:00.000Z,2026-06-11T20:08:00.000Z,1,0,,,NONE,INSUFFICIENT_DATA,Un solo evento observado y sin cohorte disponible - sin base estadística suficiente para estimar vida útil.,,,,,,,,,,,1,0,0,,,NO_DATA,,,INSUFFICIENT_DATA,NO_MANUFACTURER_DATA,6,Insuficiente,0 intervalo(s) válidos (+0) | match exacto/alias (REF_EXACT) (+12) | asociación single (+12) | sin cobertura calculable (+0) | sin intervalos suficientes (+0) | sin cohorte disponible (+0) | hay datos de uso/contrato/horario (+8) | Weibull no evaluado (n insuficiente) (+4) | estimación de tipo INSUFFICIENT_DATA (+0) | n=0 intervalos (<10) (-10) | n=0 intervalos (<3) (-20),,INSUFFICIENT_DATA,6,Insuficiente,0 intervalo(s) válidos (+0) | match exacto/alias (REF_EXACT) (+12) | asociación single (+12) | sin cobertura calculable (+0) | sin intervalos suficientes (+0) | sin cohorte disponible (+0) | hay datos de uso/contrato/horario (+8) | Weibull no evaluado (n insuficiente) (+4) | estimación de tipo INSUFFICIENT_DATA (+0) | n=0 intervalos (<10) (-10) | n=0 intervalos (<3) (-20),,,,,,NONE,0,Solo un evento observado para esta combinación - no se puede estimar vida útil todavía sin cohorte.
Linac-154325,HOSPITAL CARLOS VAN BUREN (SSVSA),1505978,Detector imaging panel AP,2026-06-19T21:03:00.000Z,2026-06-19T21:03:00.000Z,1,0,,,NONE,INSUFFICIENT_DATA,Un solo evento observado y sin cohorte disponible - sin base estadística suficiente para estimar vida útil.,,,,,,,,,,,1,0,0,,,NO_DATA,,,INSUFFICIENT_DATA,NO_MANUFACTURER_DATA,6,Insuficiente,0 intervalo(s) válidos (+0) | match exacto/alias (REF_EXACT) (+12) | asociación single (+12) | sin cobertura calculable (+0) | sin intervalos suficientes (+0) | sin cohorte disponible (+0) | hay datos de uso/contrato/horario (+8) | Weibull no evaluado (n insuficiente) (+4) | estimación de tipo INSUFFICIENT_DATA (+0) | n=0 intervalos (<10) (-10) | n=0 intervalos (<3) (-20),,INSUFFICIENT_DATA,6,Insuficiente,0 intervalo(s) válidos (+0) | match exacto/alias (REF_EXACT) (+12) | asociación single (+12) | sin cobertura calculable (+0) | sin intervalos suficientes (+0) | sin cohorte disponible (+0) | hay datos de uso/contrato/horario (+8) | Weibull no evaluado (n insuficiente) (+4) | estimación de tipo INSUFFICIENT_DATA (+0) | n=0 intervalos (<10) (-10) | n=0 intervalos (<3) (-20),,,,,,NONE,0.28,Solo un evento observado para esta combinación - no se puede estimar vida útil todavía sin cohorte.
Linac-109374,UC CHRISTUS - CECA,1532592,BMDM spares kit,2026-06-27T17:25:00.000Z,2026-06-27T17:25:00.000Z,1,0,,,NONE,INSUFFICIENT_DATA,Un solo evento observado y sin cohorte disponible - sin base estadística suficiente para estimar vida útil.,,,,,,,,,,,1,0,0,,,NO_DATA,,,INSUFFICIENT_DATA,NO_MANUFACTURER_DATA,6,Insuficiente,0 intervalo(s) válidos (+0) | match exacto/alias (REF_EXACT) (+12) | asociación single (+12) | sin cobertura calculable (+0) | sin intervalos suficientes (+0) | sin cohorte disponible (+0) | hay datos de uso/contrato/horario (+8) | Weibull no evaluado (n insuficiente) (+4) | estimación de tipo INSUFFICIENT_DATA (+0) | n=0 intervalos (<10) (-10) | n=0 intervalos (<3) (-20),,INSUFFICIENT_DATA,6,Insuficiente,0 intervalo(s) válidos (+0) | match exacto/alias (REF_EXACT) (+12) | asociación single (+12) | sin cobertura calculable (+0) | sin intervalos suficientes (+0) | sin cohorte disponible (+0) | hay datos de uso/contrato/horario (+8) | Weibull no evaluado (n insuficiente) (+4) | estimación de tipo INSUFFICIENT_DATA (+0) | n=0 intervalos (<10) (-10) | n=0 intervalos (<3) (-20),,,,,,NONE,1,Solo un evento observado para esta combinación - no se puede estimar vida útil todavía sin cohorte.