equipment_internal_id,dolibarr_ref,insight_type,insight_text,severity
LINAC-153038,1534958,MATCH_QUALITY,"El match con Dolibarr es exacto, lo que aumenta la confiabilidad de esta estimación.",positive
LINAC-153038,1534958,ABOVE_GLOBAL_AVERAGE,Este repuesto presenta mayor duración observada que el promedio global.,positive
LINAC-153038,1534958,AFTER_HOURS_EXPOSURE,"La máquina presenta actividad fuera de horario relevante; esto podría ser un factor explicativo, pero no prueba causalidad.",info
Linac-153935,1534958,MATCH_QUALITY,"El match con Dolibarr es exacto, lo que aumenta la confiabilidad de esta estimación.",positive
Linac-152171,1534958,MATCH_QUALITY,"El match con Dolibarr es exacto, lo que aumenta la confiabilidad de esta estimación.",positive
Linac-152171,1534958,BELOW_GLOBAL_AVERAGE,"Este repuesto presenta menor duración observada que el promedio global - no implica una causa específica, es solo una comparación descriptiva.",warning
Linac-152171,1534958,AFTER_HOURS_EXPOSURE,"La máquina presenta actividad fuera de horario relevante; esto podría ser un factor explicativo, pero no prueba causalidad.",info
INC-INFINITY01,1534958,MATCH_QUALITY,"El match con Dolibarr es exacto, lo que aumenta la confiabilidad de esta estimación.",positive
INC-INFINITY01,1534958,BELOW_GLOBAL_AVERAGE,"Este repuesto presenta menor duración observada que el promedio global - no implica una causa específica, es solo una comparación descriptiva.",warning
Linac-153935,1517657,MATCH_QUALITY,"El match con Dolibarr es exacto, lo que aumenta la confiabilidad de esta estimación.",positive
Linac-153935,1517657,AFTER_HOURS_EXPOSURE,"La máquina presenta actividad fuera de horario relevante; esto podría ser un factor explicativo, pero no prueba causalidad.",info
INC-156473,1534958,MATCH_QUALITY,"El match con Dolibarr es exacto, lo que aumenta la confiabilidad de esta estimación.",positive
INC-156473,1534958,BELOW_GLOBAL_AVERAGE,"Este repuesto presenta menor duración observada que el promedio global - no implica una causa específica, es solo una comparación descriptiva.",warning
INC-156473,1541718,MATCH_QUALITY,"El match con Dolibarr es exacto, lo que aumenta la confiabilidad de esta estimación.",positive
INC-156473,1541718,BELOW_GLOBAL_AVERAGE,"Este repuesto presenta menor duración observada que el promedio global - no implica una causa específica, es solo una comparación descriptiva.",warning
Linac-154325,821321900352,MATCH_QUALITY,"El match con Dolibarr es exacto, lo que aumenta la confiabilidad de esta estimación.",positive
Linac-154325,821321900352,AFTER_HOURS_EXPOSURE,"La máquina presenta actividad fuera de horario relevante; esto podría ser un factor explicativo, pero no prueba causalidad.",info
LINAC-153038,45133304800,MATCH_QUALITY,"El match con Dolibarr es exacto, lo que aumenta la confiabilidad de esta estimación.",positive
LINAC-153038,45133304800,BELOW_GLOBAL_AVERAGE,"Este repuesto presenta menor duración observada que el promedio global - no implica una causa específica, es solo una comparación descriptiva.",warning
LINAC-153038,45133304800,AFTER_HOURS_EXPOSURE,"La máquina presenta actividad fuera de horario relevante; esto podría ser un factor explicativo, pero no prueba causalidad.",info
Linac-154325,1534958,MATCH_QUALITY,"El match con Dolibarr es exacto, lo que aumenta la confiabilidad de esta estimación.",positive
Linac-154325,1534958,ABOVE_GLOBAL_AVERAGE,Este repuesto presenta mayor duración observada que el promedio global.,positive
Linac-154325,1534958,AFTER_HOURS_EXPOSURE,"La máquina presenta actividad fuera de horario relevante; esto podría ser un factor explicativo, pero no prueba causalidad.",info
Linac-156187,1534958,MATCH_QUALITY,"El match con Dolibarr es exacto, lo que aumenta la confiabilidad de esta estimación.",positive
Linac-153935,1018559,MATCH_QUALITY,"El match con Dolibarr es exacto, lo que aumenta la confiabilidad de esta estimación.",positive
LINAC-153038,1502613,MATCH_QUALITY,"El match con Dolibarr es exacto, lo que aumenta la confiabilidad de esta estimación.",positive
LINAC-153038,1502613,BELOW_GLOBAL_AVERAGE,"Este repuesto presenta menor duración observada que el promedio global - no implica una causa específica, es solo una comparación descriptiva.",warning
LINAC-153038,1502613,AFTER_HOURS_EXPOSURE,"La máquina presenta actividad fuera de horario relevante; esto podría ser un factor explicativo, pero no prueba causalidad.",info
LINAC-153038,1024939,MATCH_QUALITY,"El match con Dolibarr es exacto, lo que aumenta la confiabilidad de esta estimación.",positive
LINAC-153038,1024939,BELOW_GLOBAL_AVERAGE,"Este repuesto presenta menor duración observada que el promedio global - no implica una causa específica, es solo una comparación descriptiva.",warning
LINAC-153038,1024939,AFTER_HOURS_EXPOSURE,"La máquina presenta actividad fuera de horario relevante; esto podría ser un factor explicativo, pero no prueba causalidad.",info
Linac-152171,1564298,MATCH_QUALITY,"El match con Dolibarr es exacto, lo que aumenta la confiabilidad de esta estimación.",positive
Linac-152171,1564298,ABOVE_GLOBAL_AVERAGE,Este repuesto presenta mayor duración observada que el promedio global.,positive
Linac-152171,1564298,AFTER_HOURS_EXPOSURE,"La máquina presenta actividad fuera de horario relevante; esto podría ser un factor explicativo, pero no prueba causalidad.",info
Linac-109256,1564298,MATCH_QUALITY,"El match con Dolibarr es exacto, lo que aumenta la confiabilidad de esta estimación.",positive
Linac-109256,1564298,BELOW_GLOBAL_AVERAGE,"Este repuesto presenta menor duración observada que el promedio global - no implica una causa específica, es solo una comparación descriptiva.",warning
Linac-109256,1564298,AFTER_HOURS_EXPOSURE,"La máquina presenta actividad fuera de horario relevante; esto podría ser un factor explicativo, pero no prueba causalidad.",info
Linac-153935,1502613,MATCH_QUALITY,"El match con Dolibarr es exacto, lo que aumenta la confiabilidad de esta estimación.",positive
Linac-153935,1502613,AFTER_HOURS_EXPOSURE,"La máquina presenta actividad fuera de horario relevante; esto podría ser un factor explicativo, pero no prueba causalidad.",info
Linac-153935,1018265_proveedor_local,ABOVE_GLOBAL_AVERAGE,Este repuesto presenta mayor duración observada que el promedio global.,positive
Linac-153935,1018265_proveedor_local,AFTER_HOURS_EXPOSURE,"La máquina presenta actividad fuera de horario relevante; esto podría ser un factor explicativo, pero no prueba causalidad.",info
Linac-201110,4714201102,MATCH_QUALITY,"El match con Dolibarr es exacto, lo que aumenta la confiabilidad de esta estimación.",positive
Linac-151673,1534958,LOW_DATA_VOLUME,La estimación tiene confiabilidad reducida por n < 3 (2 intervalo(s) propios). Combina 29% de historial propio (n=2) y 71% de historial de cohorte (same_client_same_part).,warning
Linac-151673,1534958,MATCH_QUALITY,"El match con Dolibarr es exacto, lo que aumenta la confiabilidad de esta estimación.",positive
Linac-151673,1534958,COHORT_USED,El modelo usa cohorte (same_client_same_part) porque no hay suficientes eventos propios en esta máquina.,info
Linac-151673,1534958,AFTER_HOURS_EXPOSURE,"La máquina presenta actividad fuera de horario relevante; esto podría ser un factor explicativo, pero no prueba causalidad.",info
LINAC-153038,1006737_usado,BELOW_GLOBAL_AVERAGE,"Este repuesto presenta menor duración observada que el promedio global - no implica una causa específica, es solo una comparación descriptiva.",warning
LINAC-153038,1515098,MATCH_QUALITY,"El match con Dolibarr es exacto, lo que aumenta la confiabilidad de esta estimación.",positive
LINAC-153038,1515098,BELOW_GLOBAL_AVERAGE,"Este repuesto presenta menor duración observada que el promedio global - no implica una causa específica, es solo una comparación descriptiva.",warning
LINAC-153038,1515098,AFTER_HOURS_EXPOSURE,"La máquina presenta actividad fuera de horario relevante; esto podría ser un factor explicativo, pero no prueba causalidad.",info
INC-INFINITY01,1018265_proveedor_local,BELOW_GLOBAL_AVERAGE,"Este repuesto presenta menor duración observada que el promedio global - no implica una causa específica, es solo una comparación descriptiva.",warning
Linac-151673,1564298,MATCH_QUALITY,"El match con Dolibarr es exacto, lo que aumenta la confiabilidad de esta estimación.",positive
Linac-151673,1564298,BELOW_GLOBAL_AVERAGE,"Este repuesto presenta menor duración observada que el promedio global - no implica una causa específica, es solo una comparación descriptiva.",warning
Linac-154325,1016476,MATCH_QUALITY,"El match con Dolibarr es exacto, lo que aumenta la confiabilidad de esta estimación.",positive
Linac-154325,1016476,BELOW_GLOBAL_AVERAGE,"Este repuesto presenta menor duración observada que el promedio global - no implica una causa específica, es solo una comparación descriptiva.",warning
Linac-154325,1016476,AFTER_HOURS_EXPOSURE,"La máquina presenta actividad fuera de horario relevante; esto podría ser un factor explicativo, pero no prueba causalidad.",info
Linac-109374,1534958,MATCH_QUALITY,"El match con Dolibarr es exacto, lo que aumenta la confiabilidad de esta estimación.",positive
Linac-109374,1534958,ABOVE_GLOBAL_AVERAGE,Este repuesto presenta mayor duración observada que el promedio global.,positive
Linac-109374,1534958,AFTER_HOURS_EXPOSURE,"La máquina presenta actividad fuera de horario relevante; esto podría ser un factor explicativo, pero no prueba causalidad.",info
Linac-109374,1502613,MATCH_QUALITY,"El match con Dolibarr es exacto, lo que aumenta la confiabilidad de esta estimación.",positive
Linac-109374,1502613,BELOW_GLOBAL_AVERAGE,"Este repuesto presenta menor duración observada que el promedio global - no implica una causa específica, es solo una comparación descriptiva.",warning
Linac-109374,1564298,MATCH_QUALITY,"El match con Dolibarr es exacto, lo que aumenta la confiabilidad de esta estimación.",positive
Linac-109374,1564298,BELOW_GLOBAL_AVERAGE,"Este repuesto presenta menor duración observada que el promedio global - no implica una causa específica, es solo una comparación descriptiva.",warning
INC-156473,1564298,MATCH_QUALITY,"El match con Dolibarr es exacto, lo que aumenta la confiabilidad de esta estimación.",positive
Linac-151673,1016474_usado,LOW_DATA_VOLUME,La estimación tiene confiabilidad reducida por n < 3 (2 intervalo(s) propios). Combina 29% de historial propio (n=2) y 71% de historial de cohorte (same_client_same_part).,warning
Linac-151673,1016474_usado,COHORT_USED,El modelo usa cohorte (same_client_same_part) porque no hay suficientes eventos propios en esta máquina.,info
LINAC-153038,1016476,LOW_DATA_VOLUME,La estimación tiene confiabilidad reducida por n < 3 (2 intervalo(s) propios). Combina 29% de historial propio (n=2) y 71% de historial de cohorte (same_client_same_part).,warning
LINAC-153038,1016476,MATCH_QUALITY,"El match con Dolibarr es exacto, lo que aumenta la confiabilidad de esta estimación.",positive
LINAC-153038,1016476,COHORT_USED,El modelo usa cohorte (same_client_same_part) porque no hay suficientes eventos propios en esta máquina.,info
LINAC-153038,1016476,AFTER_HOURS_EXPOSURE,"La máquina presenta actividad fuera de horario relevante; esto podría ser un factor explicativo, pero no prueba causalidad.",info
Linac-152171,45133304800,LOW_DATA_VOLUME,La estimación tiene confiabilidad reducida por n < 3 (2 intervalo(s) propios). Combina 29% de historial propio (n=2) y 71% de historial de cohorte (same_client_same_part).,warning
Linac-152171,45133304800,MATCH_QUALITY,"El match con Dolibarr es exacto, lo que aumenta la confiabilidad de esta estimación.",positive
Linac-152171,45133304800,COHORT_USED,El modelo usa cohorte (same_client_same_part) porque no hay suficientes eventos propios en esta máquina.,info
Linac-154325,1010848,LOW_DATA_VOLUME,La estimación tiene confiabilidad reducida por n < 3 (2 intervalo(s) propios). Combina 29% de historial propio (n=2) y 71% de historial de cohorte (same_client_same_part).,warning
Linac-154325,1010848,MATCH_QUALITY,"El match con Dolibarr es exacto, lo que aumenta la confiabilidad de esta estimación.",positive
Linac-154325,1010848,COHORT_USED,El modelo usa cohorte (same_client_same_part) porque no hay suficientes eventos propios en esta máquina.,info
Linac-154325,1010848,AFTER_HOURS_EXPOSURE,"La máquina presenta actividad fuera de horario relevante; esto podría ser un factor explicativo, pero no prueba causalidad.",info
APOTECA-CHEMO,019149,LOW_DATA_VOLUME,La estimación tiene confiabilidad reducida por n < 3 (2 intervalo(s) propios). Combina 29% de historial propio (n=2) y 71% de historial de cohorte (same_client_same_part).,warning
APOTECA-CHEMO,019149,MATCH_QUALITY,"El match con Dolibarr es exacto, lo que aumenta la confiabilidad de esta estimación.",positive
APOTECA-CHEMO,019149,COHORT_USED,El modelo usa cohorte (same_client_same_part) porque no hay suficientes eventos propios en esta máquina.,info
LINAC-153038,1517657,LOW_DATA_VOLUME,La estimación tiene confiabilidad reducida por n < 3 (2 intervalo(s) propios). Combina 29% de historial propio (n=2) y 71% de historial de cohorte (same_client_same_part).,warning
LINAC-153038,1517657,MATCH_QUALITY,"El match con Dolibarr es exacto, lo que aumenta la confiabilidad de esta estimación.",positive
LINAC-153038,1517657,COHORT_USED,El modelo usa cohorte (same_client_same_part) porque no hay suficientes eventos propios en esta máquina.,info
LINAC-153038,1517657,AFTER_HOURS_EXPOSURE,"La máquina presenta actividad fuera de horario relevante; esto podría ser un factor explicativo, pero no prueba causalidad.",info
LINAC-153038,1511862,LOW_DATA_VOLUME,La estimación tiene confiabilidad reducida por n < 3 (2 intervalo(s) propios). Combina 29% de historial propio (n=2) y 71% de historial de cohorte (same_client_same_part).,warning
LINAC-153038,1511862,MATCH_QUALITY,"El match con Dolibarr es exacto, lo que aumenta la confiabilidad de esta estimación.",positive
LINAC-153038,1511862,COHORT_USED,El modelo usa cohorte (same_client_same_part) porque no hay suficientes eventos propios en esta máquina.,info
LINAC-153038,1511862,AFTER_HOURS_EXPOSURE,"La máquina presenta actividad fuera de horario relevante; esto podría ser un factor explicativo, pero no prueba causalidad.",info
LINAC-153038,1501074,LOW_DATA_VOLUME,La estimación tiene confiabilidad reducida por n < 3 (2 intervalo(s) propios). Combina 29% de historial propio (n=2) y 71% de historial de cohorte (same_client_same_part).,warning
LINAC-153038,1501074,MATCH_QUALITY,"El match con Dolibarr es exacto, lo que aumenta la confiabilidad de esta estimación.",positive
LINAC-153038,1501074,COHORT_USED,El modelo usa cohorte (same_client_same_part) porque no hay suficientes eventos propios en esta máquina.,info
LINAC-153038,1501074,AFTER_HOURS_EXPOSURE,"La máquina presenta actividad fuera de horario relevante; esto podría ser un factor explicativo, pero no prueba causalidad.",info
LINAC-153038,1016474_usado,LOW_DATA_VOLUME,La estimación tiene confiabilidad reducida por n < 3 (2 intervalo(s) propios). Combina 29% de historial propio (n=2) y 71% de historial de cohorte (same_client_same_part).,warning
LINAC-153038,1016474_usado,COHORT_USED,El modelo usa cohorte (same_client_same_part) porque no hay suficientes eventos propios en esta máquina.,info
LINAC-153038,1016474_usado,AFTER_HOURS_EXPOSURE,"La máquina presenta actividad fuera de horario relevante; esto podría ser un factor explicativo, pero no prueba causalidad.",info
Linac-154325,1502613,LOW_DATA_VOLUME,La estimación tiene confiabilidad reducida por n < 3 (2 intervalo(s) propios). Combina 29% de historial propio (n=2) y 71% de historial de cohorte (same_client_same_part).,warning
Linac-154325,1502613,MATCH_QUALITY,"El match con Dolibarr es exacto, lo que aumenta la confiabilidad de esta estimación.",positive
Linac-154325,1502613,COHORT_USED,El modelo usa cohorte (same_client_same_part) porque no hay suficientes eventos propios en esta máquina.,info
Linac-152171,1017632_usado,LOW_DATA_VOLUME,La estimación tiene confiabilidad reducida por n < 3 (2 intervalo(s) propios). Combina 29% de historial propio (n=2) y 71% de historial de cohorte (same_client_same_part).,warning
Linac-152171,1017632_usado,COHORT_USED,El modelo usa cohorte (same_client_same_part) porque no hay suficientes eventos propios en esta máquina.,info
LINAC-153038,1527814,LOW_DATA_VOLUME,La estimación tiene confiabilidad reducida por n < 3 (2 intervalo(s) propios). Combina 29% de historial propio (n=2) y 71% de historial de cohorte (same_client_same_part).,warning
LINAC-153038,1527814,MATCH_QUALITY,"El match con Dolibarr es exacto, lo que aumenta la confiabilidad de esta estimación.",positive
LINAC-153038,1527814,COHORT_USED,El modelo usa cohorte (same_client_same_part) porque no hay suficientes eventos propios en esta máquina.,info
LINAC-153038,1527814,AFTER_HOURS_EXPOSURE,"La máquina presenta actividad fuera de horario relevante; esto podría ser un factor explicativo, pero no prueba causalidad.",info
INC-INFINITY01,1010848,LOW_DATA_VOLUME,La estimación tiene confiabilidad reducida por n < 3 (2 intervalo(s) propios). Combina 29% de historial propio (n=2) y 71% de historial de cohorte (same_client_same_part).,warning
INC-INFINITY01,1010848,MATCH_QUALITY,"El match con Dolibarr es exacto, lo que aumenta la confiabilidad de esta estimación.",positive
INC-INFINITY01,1010848,COHORT_USED,El modelo usa cohorte (same_client_same_part) porque no hay suficientes eventos propios en esta máquina.,info
LINAC-153038,1016478,LOW_DATA_VOLUME,La estimación tiene confiabilidad reducida por n < 3 (2 intervalo(s) propios). Combina 29% de historial propio (n=2) y 71% de historial de cohorte (same_client_same_part).,warning
LINAC-153038,1016478,MATCH_QUALITY,"El match con Dolibarr es exacto, lo que aumenta la confiabilidad de esta estimación.",positive
LINAC-153038,1016478,COHORT_USED,El modelo usa cohorte (same_client_same_part) porque no hay suficientes eventos propios en esta máquina.,info
LINAC-153038,1016478,AFTER_HOURS_EXPOSURE,"La máquina presenta actividad fuera de horario relevante; esto podría ser un factor explicativo, pero no prueba causalidad.",info
HDR_10806,080140,LOW_DATA_VOLUME,La estimación tiene confiabilidad reducida por n < 3 (1 intervalo(s) propios). Combina 17% de historial propio (n=1) y 83% de historial de cohorte (same_client_same_part).,warning
HDR_10806,080140,MATCH_QUALITY,"El match con Dolibarr es exacto, lo que aumenta la confiabilidad de esta estimación.",positive
HDR_10806,080140,COHORT_USED,El modelo usa cohorte (same_client_same_part) porque no hay suficientes eventos propios en esta máquina.,info
Linac-154325,4513316442301M,LOW_DATA_VOLUME,La estimación tiene confiabilidad reducida por n < 3 (2 intervalo(s) propios). Combina 29% de historial propio (n=2) y 71% de historial de cohorte (same_client_same_part).,warning
Linac-154325,4513316442301M,MATCH_QUALITY,"El match con Dolibarr es exacto, lo que aumenta la confiabilidad de esta estimación.",positive
Linac-154325,4513316442301M,COHORT_USED,El modelo usa cohorte (same_client_same_part) porque no hay suficientes eventos propios en esta máquina.,info
Linac-153935,1564298,LOW_DATA_VOLUME,La estimación tiene confiabilidad reducida por n < 3 (2 intervalo(s) propios). Combina 29% de historial propio (n=2) y 71% de historial de cohorte (same_client_same_part).,warning
Linac-153935,1564298,MATCH_QUALITY,"El match con Dolibarr es exacto, lo que aumenta la confiabilidad de esta estimación.",positive
Linac-153935,1564298,COHORT_USED,El modelo usa cohorte (same_client_same_part) porque no hay suficientes eventos propios en esta máquina.,info
Linac-153935,1564298,AFTER_HOURS_EXPOSURE,"La máquina presenta actividad fuera de horario relevante; esto podría ser un factor explicativo, pero no prueba causalidad.",info
Linac-152171,4513316442301M,LOW_DATA_VOLUME,La estimación tiene confiabilidad reducida por n < 3 (2 intervalo(s) propios). Combina 29% de historial propio (n=2) y 71% de historial de cohorte (same_client_same_part).,warning
Linac-152171,4513316442301M,MATCH_QUALITY,"El match con Dolibarr es exacto, lo que aumenta la confiabilidad de esta estimación.",positive
Linac-152171,4513316442301M,COHORT_USED,El modelo usa cohorte (same_client_same_part) porque no hay suficientes eventos propios en esta máquina.,info
Linac-152171,4513316442301M,AFTER_HOURS_EXPOSURE,"La máquina presenta actividad fuera de horario relevante; esto podría ser un factor explicativo, pero no prueba causalidad.",info
Linac-154325,1541744,LOW_DATA_VOLUME,La estimación tiene confiabilidad reducida por n < 3 (2 intervalo(s) propios). Combina 29% de historial propio (n=2) y 71% de historial de cohorte (same_client_same_part).,warning
Linac-154325,1541744,MATCH_QUALITY,"El match con Dolibarr es exacto, lo que aumenta la confiabilidad de esta estimación.",positive
Linac-154325,1541744,COHORT_USED,El modelo usa cohorte (same_client_same_part) porque no hay suficientes eventos propios en esta máquina.,info
Linac-154325,1541744,AFTER_HOURS_EXPOSURE,"La máquina presenta actividad fuera de horario relevante; esto podría ser un factor explicativo, pero no prueba causalidad.",info
Linac-154325,1515098,LOW_DATA_VOLUME,La estimación tiene confiabilidad reducida por n < 3 (2 intervalo(s) propios). Combina 29% de historial propio (n=2) y 71% de historial de cohorte (same_client_same_part).,warning
Linac-154325,1515098,MATCH_QUALITY,"El match con Dolibarr es exacto, lo que aumenta la confiabilidad de esta estimación.",positive
Linac-154325,1515098,COHORT_USED,El modelo usa cohorte (same_client_same_part) porque no hay suficientes eventos propios en esta máquina.,info
Linac-154325,1515098,AFTER_HOURS_EXPOSURE,"La máquina presenta actividad fuera de horario relevante; esto podría ser un factor explicativo, pero no prueba causalidad.",info
Linac-154325,1564298,LOW_DATA_VOLUME,La estimación tiene confiabilidad reducida por n < 3 (2 intervalo(s) propios). Combina 29% de historial propio (n=2) y 71% de historial de cohorte (same_client_same_part).,warning
Linac-154325,1564298,MATCH_QUALITY,"El match con Dolibarr es exacto, lo que aumenta la confiabilidad de esta estimación.",positive
Linac-154325,1564298,COHORT_USED,El modelo usa cohorte (same_client_same_part) porque no hay suficientes eventos propios en esta máquina.,info
Linac-154325,1564298,AFTER_HOURS_EXPOSURE,"La máquina presenta actividad fuera de horario relevante; esto podría ser un factor explicativo, pero no prueba causalidad.",info
Linac-109374,1024939,LOW_DATA_VOLUME,La estimación tiene confiabilidad reducida por n < 3 (2 intervalo(s) propios). Combina 29% de historial propio (n=2) y 71% de historial de cohorte (same_client_same_part).,warning
Linac-109374,1024939,MATCH_QUALITY,"El match con Dolibarr es exacto, lo que aumenta la confiabilidad de esta estimación.",positive
Linac-109374,1024939,COHORT_USED,El modelo usa cohorte (same_client_same_part) porque no hay suficientes eventos propios en esta máquina.,info
Linac-109374,1565768,LOW_DATA_VOLUME,La estimación tiene confiabilidad reducida por n < 3 (2 intervalo(s) propios). Combina 29% de historial propio (n=2) y 71% de historial de cohorte (same_client_same_part).,warning
Linac-109374,1565768,MATCH_QUALITY,"El match con Dolibarr es exacto, lo que aumenta la confiabilidad de esta estimación.",positive
Linac-109374,1565768,COHORT_USED,El modelo usa cohorte (same_client_same_part) porque no hay suficientes eventos propios en esta máquina.,info
Linac-109374,1556287,LOW_DATA_VOLUME,La estimación tiene confiabilidad reducida por n < 3 (2 intervalo(s) propios). Combina 29% de historial propio (n=2) y 71% de historial de cohorte (same_client_same_part).,warning
Linac-109374,1556287,MATCH_QUALITY,"El match con Dolibarr es exacto, lo que aumenta la confiabilidad de esta estimación.",positive
Linac-109374,1556287,COHORT_USED,El modelo usa cohorte (same_client_same_part) porque no hay suficientes eventos propios en esta máquina.,info
Linac-109374,1556287,AFTER_HOURS_EXPOSURE,"La máquina presenta actividad fuera de horario relevante; esto podría ser un factor explicativo, pero no prueba causalidad.",info
Linac-152171,1564169,LOW_DATA_VOLUME,La estimación tiene confiabilidad reducida por n < 3 (2 intervalo(s) propios). Combina 29% de historial propio (n=2) y 71% de historial de cohorte (same_client_same_part).,warning
Linac-152171,1564169,MATCH_QUALITY,"El match con Dolibarr es exacto, lo que aumenta la confiabilidad de esta estimación.",positive
Linac-152171,1564169,COHORT_USED,El modelo usa cohorte (same_client_same_part) porque no hay suficientes eventos propios en esta máquina.,info
Linac-152171,1564169,AFTER_HOURS_EXPOSURE,"La máquina presenta actividad fuera de horario relevante; esto podría ser un factor explicativo, pero no prueba causalidad.",info
Linac-153935,1010848,LOW_DATA_VOLUME,La estimación tiene confiabilidad reducida por n < 3 (2 intervalo(s) propios). Combina 29% de historial propio (n=2) y 71% de historial de cohorte (same_client_same_part).,warning
Linac-153935,1010848,MATCH_QUALITY,"El match con Dolibarr es exacto, lo que aumenta la confiabilidad de esta estimación.",positive
Linac-153935,1010848,COHORT_USED,El modelo usa cohorte (same_client_same_part) porque no hay suficientes eventos propios en esta máquina.,info
Linac-153935,1010848,AFTER_HOURS_EXPOSURE,"La máquina presenta actividad fuera de horario relevante; esto podría ser un factor explicativo, pero no prueba causalidad.",info
Linac-156187,1502613,LOW_DATA_VOLUME,La estimación tiene confiabilidad reducida por n < 3 (2 intervalo(s) propios). Combina 29% de historial propio (n=2) y 71% de historial de cohorte (same_client_same_part).,warning
Linac-156187,1502613,MATCH_QUALITY,"El match con Dolibarr es exacto, lo que aumenta la confiabilidad de esta estimación.",positive
Linac-156187,1502613,COHORT_USED,El modelo usa cohorte (same_client_same_part) porque no hay suficientes eventos propios en esta máquina.,info
Linac-153935,1017632_usado,LOW_DATA_VOLUME,La estimación tiene confiabilidad reducida por n < 3 (1 intervalo(s) propios). Combina 17% de historial propio (n=1) y 83% de historial de cohorte (same_client_same_part).,warning
Linac-153935,1017632_usado,COHORT_USED,El modelo usa cohorte (same_client_same_part) porque no hay suficientes eventos propios en esta máquina.,info
TPS-FALP,653950,LOW_DATA_VOLUME,La estimación tiene confiabilidad reducida por n < 3 (1 intervalo(s) propios). Combina 17% de historial propio (n=1) y 83% de historial de cohorte (same_client_same_part).,warning
TPS-FALP,653950,COHORT_USED,El modelo usa cohorte (same_client_same_part) porque no hay suficientes eventos propios en esta máquina.,info
TPS-FALP,653950,AFTER_HOURS_EXPOSURE,"La máquina presenta actividad fuera de horario relevante; esto podría ser un factor explicativo, pero no prueba causalidad.",info
Linac-201110,923931518204,LOW_DATA_VOLUME,La estimación tiene confiabilidad reducida por n < 3 (1 intervalo(s) propios). Combina 17% de historial propio (n=1) y 83% de historial de cohorte (same_client_same_part).,warning
Linac-201110,923931518204,MATCH_QUALITY,"El match con Dolibarr es exacto, lo que aumenta la confiabilidad de esta estimación.",positive
Linac-201110,923931518204,COHORT_USED,El modelo usa cohorte (same_client_same_part) porque no hay suficientes eventos propios en esta máquina.,info
Linac-152171,45133165177,LOW_DATA_VOLUME,La estimación tiene confiabilidad reducida por n < 3 (1 intervalo(s) propios). Combina 17% de historial propio (n=1) y 83% de historial de cohorte (same_client_same_part).,warning
Linac-152171,45133165177,MATCH_QUALITY,"El match con Dolibarr es exacto, lo que aumenta la confiabilidad de esta estimación.",positive
Linac-152171,45133165177,COHORT_USED,El modelo usa cohorte (same_client_same_part) porque no hay suficientes eventos propios en esta máquina.,info
Linac-105277,1018874,LOW_DATA_VOLUME,La estimación tiene confiabilidad reducida por n < 3 (1 intervalo(s) propios). Combina 17% de historial propio (n=1) y 83% de historial de cohorte (same_client_same_part).,warning
Linac-105277,1018874,MATCH_QUALITY,"El match con Dolibarr es exacto, lo que aumenta la confiabilidad de esta estimación.",positive
Linac-105277,1018874,COHORT_USED,El modelo usa cohorte (same_client_same_part) porque no hay suficientes eventos propios en esta máquina.,info
Linac-152171,1016474_usado,LOW_DATA_VOLUME,La estimación tiene confiabilidad reducida por n < 3 (1 intervalo(s) propios). Combina 17% de historial propio (n=1) y 83% de historial de cohorte (same_client_same_part).,warning
Linac-152171,1016474_usado,COHORT_USED,El modelo usa cohorte (same_client_same_part) porque no hay suficientes eventos propios en esta máquina.,info
153038,821321900352,LOW_DATA_VOLUME,No hay base estadística suficiente para estimar vida útil de este repuesto en esta máquina.,info
153038,821321900352,MATCH_QUALITY,"El match con Dolibarr es exacto, lo que aumenta la confiabilidad de esta estimación.",positive
153038,821321900352,AFTER_HOURS_EXPOSURE,"La máquina presenta actividad fuera de horario relevante; esto podría ser un factor explicativo, pero no prueba causalidad.",info
Linac-153935,1510260R,LOW_DATA_VOLUME,La estimación tiene confiabilidad reducida por n < 3 (1 intervalo(s) propios). Combina 17% de historial propio (n=1) y 83% de historial de cohorte (same_client_same_part).,warning
Linac-153935,1510260R,MATCH_QUALITY,"El match con Dolibarr es exacto, lo que aumenta la confiabilidad de esta estimación.",positive
Linac-153935,1510260R,COHORT_USED,El modelo usa cohorte (same_client_same_part) porque no hay suficientes eventos propios en esta máquina.,info
Linac-153935,1510260R,AFTER_HOURS_EXPOSURE,"La máquina presenta actividad fuera de horario relevante; esto podría ser un factor explicativo, pero no prueba causalidad.",info
Linac-201110,1502964,LOW_DATA_VOLUME,La estimación tiene confiabilidad reducida por n < 3 (1 intervalo(s) propios). Combina 17% de historial propio (n=1) y 83% de historial de cohorte (same_client_same_part).,warning
Linac-201110,1502964,MATCH_QUALITY,"El match con Dolibarr es exacto, lo que aumenta la confiabilidad de esta estimación.",positive
Linac-201110,1502964,COHORT_USED,El modelo usa cohorte (same_client_same_part) porque no hay suficientes eventos propios en esta máquina.,info
Linac-201110,1502964,AFTER_HOURS_EXPOSURE,"La máquina presenta actividad fuera de horario relevante; esto podría ser un factor explicativo, pero no prueba causalidad.",info
LINAC-153038,1014204,LOW_DATA_VOLUME,La estimación tiene confiabilidad reducida por n < 3 (1 intervalo(s) propios). Combina 17% de historial propio (n=1) y 83% de historial de cohorte (same_client_same_part).,warning
LINAC-153038,1014204,COHORT_USED,El modelo usa cohorte (same_client_same_part) porque no hay suficientes eventos propios en esta máquina.,info
LINAC-153038,1014204,AFTER_HOURS_EXPOSURE,"La máquina presenta actividad fuera de horario relevante; esto podría ser un factor explicativo, pero no prueba causalidad.",info
Linac-153935,1016472_usado,LOW_DATA_VOLUME,La estimación tiene confiabilidad reducida por n < 3 (1 intervalo(s) propios). Combina 17% de historial propio (n=1) y 83% de historial de cohorte (same_client_same_part).,warning
Linac-153935,1016472_usado,COHORT_USED,El modelo usa cohorte (same_client_same_part) porque no hay suficientes eventos propios en esta máquina.,info
Linac-153935,1016472_usado,AFTER_HOURS_EXPOSURE,"La máquina presenta actividad fuera de horario relevante; esto podría ser un factor explicativo, pero no prueba causalidad.",info
Linac-153935,1016476,LOW_DATA_VOLUME,La estimación tiene confiabilidad reducida por n < 3 (1 intervalo(s) propios). Combina 17% de historial propio (n=1) y 83% de historial de cohorte (same_client_same_part).,warning
Linac-153935,1016476,MATCH_QUALITY,"El match con Dolibarr es exacto, lo que aumenta la confiabilidad de esta estimación.",positive
Linac-153935,1016476,COHORT_USED,El modelo usa cohorte (same_client_same_part) porque no hay suficientes eventos propios en esta máquina.,info
Linac-153935,1016476,AFTER_HOURS_EXPOSURE,"La máquina presenta actividad fuera de horario relevante; esto podría ser un factor explicativo, pero no prueba causalidad.",info
Linac-154325,1500998,LOW_DATA_VOLUME,La estimación tiene confiabilidad reducida por n < 3 (1 intervalo(s) propios). Combina 17% de historial propio (n=1) y 83% de historial de cohorte (same_client_same_part).,warning
Linac-154325,1500998,MATCH_QUALITY,"El match con Dolibarr es exacto, lo que aumenta la confiabilidad de esta estimación.",positive
Linac-154325,1500998,COHORT_USED,El modelo usa cohorte (same_client_same_part) porque no hay suficientes eventos propios en esta máquina.,info
Linac-201110,4513316442101T,LOW_DATA_VOLUME,La estimación tiene confiabilidad reducida por n < 3 (1 intervalo(s) propios). Combina 17% de historial propio (n=1) y 83% de historial de cohorte (same_client_same_part).,warning
Linac-201110,4513316442101T,COHORT_USED,El modelo usa cohorte (same_client_same_part) porque no hay suficientes eventos propios en esta máquina.,info
APOTECA-CHEMO,2327189,LOW_DATA_VOLUME,La estimación tiene confiabilidad reducida por n < 3 (1 intervalo(s) propios). Combina 17% de historial propio (n=1) y 83% de historial de cohorte (same_client_same_part).,warning
APOTECA-CHEMO,2327189,MATCH_QUALITY,"El match con Dolibarr es exacto, lo que aumenta la confiabilidad de esta estimación.",positive
APOTECA-CHEMO,2327189,COHORT_USED,El modelo usa cohorte (same_client_same_part) porque no hay suficientes eventos propios en esta máquina.,info
LINAC-153038,45133502026_usado,LOW_DATA_VOLUME,La estimación tiene confiabilidad reducida por n < 3 (1 intervalo(s) propios). Combina 17% de historial propio (n=1) y 83% de historial de cohorte (same_client_same_part).,warning
LINAC-153038,45133502026_usado,COHORT_USED,El modelo usa cohorte (same_client_same_part) porque no hay suficientes eventos propios en esta máquina.,info
LINAC-153038,1519103,LOW_DATA_VOLUME,La estimación tiene confiabilidad reducida por n < 3 (1 intervalo(s) propios). Combina 17% de historial propio (n=1) y 83% de historial de cohorte (same_client_same_part).,warning
LINAC-153038,1519103,COHORT_USED,El modelo usa cohorte (same_client_same_part) porque no hay suficientes eventos propios en esta máquina.,info
LINAC-153038,1519103,AFTER_HOURS_EXPOSURE,"La máquina presenta actividad fuera de horario relevante; esto podría ser un factor explicativo, pero no prueba causalidad.",info
Linac-201172,1535987,LOW_DATA_VOLUME,La estimación tiene confiabilidad reducida por n < 3 (1 intervalo(s) propios). Combina 17% de historial propio (n=1) y 83% de historial de cohorte (same_client_same_part).,warning
Linac-201172,1535987,MATCH_QUALITY,"El match con Dolibarr es exacto, lo que aumenta la confiabilidad de esta estimación.",positive
Linac-201172,1535987,COHORT_USED,El modelo usa cohorte (same_client_same_part) porque no hay suficientes eventos propios en esta máquina.,info
LINAC-153038,1016518,LOW_DATA_VOLUME,La estimación tiene confiabilidad reducida por n < 3 (1 intervalo(s) propios). Combina 17% de historial propio (n=1) y 83% de historial de cohorte (same_client_same_part).,warning
LINAC-153038,1016518,MATCH_QUALITY,"El match con Dolibarr es exacto, lo que aumenta la confiabilidad de esta estimación.",positive
LINAC-153038,1016518,COHORT_USED,El modelo usa cohorte (same_client_same_part) porque no hay suficientes eventos propios en esta máquina.,info
Linac-152171,45133308530,LOW_DATA_VOLUME,La estimación tiene confiabilidad reducida por n < 3 (1 intervalo(s) propios). Combina 17% de historial propio (n=1) y 83% de historial de cohorte (same_client_same_part).,warning
Linac-152171,45133308530,COHORT_USED,El modelo usa cohorte (same_client_same_part) porque no hay suficientes eventos propios en esta máquina.,info
Linac-152171,45133308530,AFTER_HOURS_EXPOSURE,"La máquina presenta actividad fuera de horario relevante; esto podría ser un factor explicativo, pero no prueba causalidad.",info
Linac-153935,4513341185001U,LOW_DATA_VOLUME,La estimación tiene confiabilidad reducida por n < 3 (1 intervalo(s) propios). Combina 17% de historial propio (n=1) y 83% de historial de cohorte (same_client_same_part).,warning
Linac-153935,4513341185001U,MATCH_QUALITY,"El match con Dolibarr es exacto, lo que aumenta la confiabilidad de esta estimación.",positive
Linac-153935,4513341185001U,COHORT_USED,El modelo usa cohorte (same_client_same_part) porque no hay suficientes eventos propios en esta máquina.,info
Linac-153935,4513341185001U,AFTER_HOURS_EXPOSURE,"La máquina presenta actividad fuera de horario relevante; esto podría ser un factor explicativo, pero no prueba causalidad.",info
LINAC-153038,1016472_usado,LOW_DATA_VOLUME,La estimación tiene confiabilidad reducida por n < 3 (1 intervalo(s) propios). Combina 17% de historial propio (n=1) y 83% de historial de cohorte (same_client_same_part).,warning
LINAC-153038,1016472_usado,COHORT_USED,El modelo usa cohorte (same_client_same_part) porque no hay suficientes eventos propios en esta máquina.,info
LINAC-153038,1016472_usado,AFTER_HOURS_EXPOSURE,"La máquina presenta actividad fuera de horario relevante; esto podría ser un factor explicativo, pero no prueba causalidad.",info
LINAC-153038,4513341220301G,LOW_DATA_VOLUME,La estimación tiene confiabilidad reducida por n < 3 (1 intervalo(s) propios). Combina 17% de historial propio (n=1) y 83% de historial de cohorte (same_client_same_part).,warning
LINAC-153038,4513341220301G,COHORT_USED,El modelo usa cohorte (same_client_same_part) porque no hay suficientes eventos propios en esta máquina.,info
LINAC-153038,4513341220301G,AFTER_HOURS_EXPOSURE,"La máquina presenta actividad fuera de horario relevante; esto podría ser un factor explicativo, pero no prueba causalidad.",info
Linac-152171,1541718,LOW_DATA_VOLUME,La estimación tiene confiabilidad reducida por n < 3 (1 intervalo(s) propios). Combina 17% de historial propio (n=1) y 83% de historial de cohorte (same_client_same_part).,warning
Linac-152171,1541718,MATCH_QUALITY,"El match con Dolibarr es exacto, lo que aumenta la confiabilidad de esta estimación.",positive
Linac-152171,1541718,COHORT_USED,El modelo usa cohorte (same_client_same_part) porque no hay suficientes eventos propios en esta máquina.,info
Linac-153935,4513316442301M,LOW_DATA_VOLUME,La estimación tiene confiabilidad reducida por n < 3 (1 intervalo(s) propios). Combina 17% de historial propio (n=1) y 83% de historial de cohorte (same_client_same_part).,warning
Linac-153935,4513316442301M,COHORT_USED,El modelo usa cohorte (same_client_same_part) porque no hay suficientes eventos propios en esta máquina.,info
LINAC-153038,1538261,LOW_DATA_VOLUME,La estimación tiene confiabilidad reducida por n < 3 (1 intervalo(s) propios). Combina 17% de historial propio (n=1) y 83% de historial de cohorte (same_client_same_part).,warning
LINAC-153038,1538261,MATCH_QUALITY,"El match con Dolibarr es exacto, lo que aumenta la confiabilidad de esta estimación.",positive
LINAC-153038,1538261,COHORT_USED,El modelo usa cohorte (same_client_same_part) porque no hay suficientes eventos propios en esta máquina.,info
LINAC-153038,1538261,AFTER_HOURS_EXPOSURE,"La máquina presenta actividad fuera de horario relevante; esto podría ser un factor explicativo, pero no prueba causalidad.",info
Linac-151673,1006737_usado,LOW_DATA_VOLUME,La estimación tiene confiabilidad reducida por n < 3 (1 intervalo(s) propios). Combina 17% de historial propio (n=1) y 83% de historial de cohorte (same_client_same_part).,warning
Linac-151673,1006737_usado,COHORT_USED,El modelo usa cohorte (same_client_same_part) porque no hay suficientes eventos propios en esta máquina.,info
Linac-151673,1006737_usado,AFTER_HOURS_EXPOSURE,"La máquina presenta actividad fuera de horario relevante; esto podría ser un factor explicativo, pero no prueba causalidad.",info
INC-INFINITY01,1006737_usado,LOW_DATA_VOLUME,La estimación tiene confiabilidad reducida por n < 3 (1 intervalo(s) propios). Combina 17% de historial propio (n=1) y 83% de historial de cohorte (same_client_same_part).,warning
INC-INFINITY01,1006737_usado,COHORT_USED,El modelo usa cohorte (same_client_same_part) porque no hay suficientes eventos propios en esta máquina.,info
INC-INFINITY01,1006737_usado,AFTER_HOURS_EXPOSURE,"La máquina presenta actividad fuera de horario relevante; esto podría ser un factor explicativo, pero no prueba causalidad.",info
Linac-153935,45133304800,LOW_DATA_VOLUME,La estimación tiene confiabilidad reducida por n < 3 (1 intervalo(s) propios). Combina 17% de historial propio (n=1) y 83% de historial de cohorte (same_client_same_part).,warning
Linac-153935,45133304800,MATCH_QUALITY,"El match con Dolibarr es exacto, lo que aumenta la confiabilidad de esta estimación.",positive
Linac-153935,45133304800,COHORT_USED,El modelo usa cohorte (same_client_same_part) porque no hay suficientes eventos propios en esta máquina.,info
LINAC-153038,45133411846,LOW_DATA_VOLUME,La estimación tiene confiabilidad reducida por n < 3 (1 intervalo(s) propios). Combina 17% de historial propio (n=1) y 83% de historial de cohorte (same_client_same_part).,warning
LINAC-153038,45133411846,COHORT_USED,El modelo usa cohorte (same_client_same_part) porque no hay suficientes eventos propios en esta máquina.,info
LINAC-153038,45133411846,AFTER_HOURS_EXPOSURE,"La máquina presenta actividad fuera de horario relevante; esto podría ser un factor explicativo, pero no prueba causalidad.",info
Linac-153935,03-999-1290,LOW_DATA_VOLUME,La estimación tiene confiabilidad reducida por n < 3 (1 intervalo(s) propios). Combina 17% de historial propio (n=1) y 83% de historial de cohorte (same_client_same_part).,warning
Linac-153935,03-999-1290,MATCH_QUALITY,"El match con Dolibarr es exacto, lo que aumenta la confiabilidad de esta estimación.",positive
Linac-153935,03-999-1290,COHORT_USED,El modelo usa cohorte (same_client_same_part) porque no hay suficientes eventos propios en esta máquina.,info
Linac-153935,03-999-1290,AFTER_HOURS_EXPOSURE,"La máquina presenta actividad fuera de horario relevante; esto podría ser un factor explicativo, pero no prueba causalidad.",info
Linac-201172,1050661,LOW_DATA_VOLUME,La estimación tiene confiabilidad reducida por n < 3 (1 intervalo(s) propios). Combina 17% de historial propio (n=1) y 83% de historial de cohorte (same_client_same_part).,warning
Linac-201172,1050661,MATCH_QUALITY,"El match con Dolibarr es exacto, lo que aumenta la confiabilidad de esta estimación.",positive
Linac-201172,1050661,COHORT_USED,El modelo usa cohorte (same_client_same_part) porque no hay suficientes eventos propios en esta máquina.,info
INC-INFINITY01,1502613,LOW_DATA_VOLUME,La estimación tiene confiabilidad reducida por n < 3 (1 intervalo(s) propios). Combina 17% de historial propio (n=1) y 83% de historial de cohorte (same_client_same_part).,warning
INC-INFINITY01,1502613,MATCH_QUALITY,"El match con Dolibarr es exacto, lo que aumenta la confiabilidad de esta estimación.",positive
INC-INFINITY01,1502613,COHORT_USED,El modelo usa cohorte (same_client_same_part) porque no hay suficientes eventos propios en esta máquina.,info
Linac-151238,45133903544_Iss.04,LOW_DATA_VOLUME,La estimación tiene confiabilidad reducida por n < 3 (1 intervalo(s) propios). Combina 17% de historial propio (n=1) y 83% de historial de cohorte (same_client_same_part).,warning
Linac-151238,45133903544_Iss.04,COHORT_USED,El modelo usa cohorte (same_client_same_part) porque no hay suficientes eventos propios en esta máquina.,info
Linac-152171,1527814,LOW_DATA_VOLUME,La estimación tiene confiabilidad reducida por n < 3 (1 intervalo(s) propios). Combina 17% de historial propio (n=1) y 83% de historial de cohorte (same_client_same_part).,warning
Linac-152171,1527814,MATCH_QUALITY,"El match con Dolibarr es exacto, lo que aumenta la confiabilidad de esta estimación.",positive
Linac-152171,1527814,COHORT_USED,El modelo usa cohorte (same_client_same_part) porque no hay suficientes eventos propios en esta máquina.,info
Linac-201172,1018265_proveedor_local,LOW_DATA_VOLUME,La estimación tiene confiabilidad reducida por n < 3 (1 intervalo(s) propios). Combina 17% de historial propio (n=1) y 83% de historial de cohorte (same_client_same_part).,warning
Linac-201172,1018265_proveedor_local,COHORT_USED,El modelo usa cohorte (same_client_same_part) porque no hay suficientes eventos propios en esta máquina.,info
INC-INFINITY01,45133304800,LOW_DATA_VOLUME,La estimación tiene confiabilidad reducida por n < 3 (1 intervalo(s) propios). Combina 17% de historial propio (n=1) y 83% de historial de cohorte (same_client_same_part).,warning
INC-INFINITY01,45133304800,MATCH_QUALITY,"El match con Dolibarr es exacto, lo que aumenta la confiabilidad de esta estimación.",positive
INC-INFINITY01,45133304800,COHORT_USED,El modelo usa cohorte (same_client_same_part) porque no hay suficientes eventos propios en esta máquina.,info
INC-INFINITY01,45133304800,AFTER_HOURS_EXPOSURE,"La máquina presenta actividad fuera de horario relevante; esto podría ser un factor explicativo, pero no prueba causalidad.",info
LINAC-153038,45133165177,LOW_DATA_VOLUME,La estimación tiene confiabilidad reducida por n < 3 (1 intervalo(s) propios). Combina 17% de historial propio (n=1) y 83% de historial de cohorte (same_client_same_part).,warning
LINAC-153038,45133165177,MATCH_QUALITY,"El match con Dolibarr es exacto, lo que aumenta la confiabilidad de esta estimación.",positive
LINAC-153038,45133165177,COHORT_USED,El modelo usa cohorte (same_client_same_part) porque no hay suficientes eventos propios en esta máquina.,info
LINAC-153038,45133165177,AFTER_HOURS_EXPOSURE,"La máquina presenta actividad fuera de horario relevante; esto podría ser un factor explicativo, pero no prueba causalidad.",info
LINAC-153038,1018265_proveedor_local,LOW_DATA_VOLUME,La estimación tiene confiabilidad reducida por n < 3 (1 intervalo(s) propios). Combina 17% de historial propio (n=1) y 83% de historial de cohorte (same_client_same_part).,warning
LINAC-153038,1018265_proveedor_local,COHORT_USED,El modelo usa cohorte (same_client_same_part) porque no hay suficientes eventos propios en esta máquina.,info
LINAC-153038,1018265_proveedor_local,AFTER_HOURS_EXPOSURE,"La máquina presenta actividad fuera de horario relevante; esto podría ser un factor explicativo, pero no prueba causalidad.",info
Linac-151673,1515098,LOW_DATA_VOLUME,La estimación tiene confiabilidad reducida por n < 3 (1 intervalo(s) propios). Combina 17% de historial propio (n=1) y 83% de historial de cohorte (same_client_same_part).,warning
Linac-151673,1515098,MATCH_QUALITY,"El match con Dolibarr es exacto, lo que aumenta la confiabilidad de esta estimación.",positive
Linac-151673,1515098,COHORT_USED,El modelo usa cohorte (same_client_same_part) porque no hay suficientes eventos propios en esta máquina.,info
Linac-152171,1010848,LOW_DATA_VOLUME,La estimación tiene confiabilidad reducida por n < 3 (1 intervalo(s) propios). Combina 17% de historial propio (n=1) y 83% de historial de cohorte (same_client_same_part).,warning
Linac-152171,1010848,MATCH_QUALITY,"El match con Dolibarr es exacto, lo que aumenta la confiabilidad de esta estimación.",positive
Linac-152171,1010848,COHORT_USED,El modelo usa cohorte (same_client_same_part) porque no hay suficientes eventos propios en esta máquina.,info
LINAC-153038,1010848,LOW_DATA_VOLUME,La estimación tiene confiabilidad reducida por n < 3 (1 intervalo(s) propios). Combina 17% de historial propio (n=1) y 83% de historial de cohorte (same_client_same_part).,warning
LINAC-153038,1010848,MATCH_QUALITY,"El match con Dolibarr es exacto, lo que aumenta la confiabilidad de esta estimación.",positive
LINAC-153038,1010848,COHORT_USED,El modelo usa cohorte (same_client_same_part) porque no hay suficientes eventos propios en esta máquina.,info
LINAC-153038,1010848,AFTER_HOURS_EXPOSURE,"La máquina presenta actividad fuera de horario relevante; esto podría ser un factor explicativo, pero no prueba causalidad.",info
CLC-1,1024939,LOW_DATA_VOLUME,La estimación tiene confiabilidad reducida por n < 3 (1 intervalo(s) propios). Combina 17% de historial propio (n=1) y 83% de historial de cohorte (same_client_same_part).,warning
CLC-1,1024939,MATCH_QUALITY,"El match con Dolibarr es exacto, lo que aumenta la confiabilidad de esta estimación.",positive
CLC-1,1024939,COHORT_USED,El modelo usa cohorte (same_client_same_part) porque no hay suficientes eventos propios en esta máquina.,info
INC-INFINITY01,4513316442301M,LOW_DATA_VOLUME,La estimación tiene confiabilidad reducida por n < 3 (1 intervalo(s) propios). Combina 17% de historial propio (n=1) y 83% de historial de cohorte (same_client_same_part).,warning
INC-INFINITY01,4513316442301M,MATCH_QUALITY,"El match con Dolibarr es exacto, lo que aumenta la confiabilidad de esta estimación.",positive
INC-INFINITY01,4513316442301M,COHORT_USED,El modelo usa cohorte (same_client_same_part) porque no hay suficientes eventos propios en esta máquina.,info
INC-INFINITY01,4513316442301M,AFTER_HOURS_EXPOSURE,"La máquina presenta actividad fuera de horario relevante; esto podría ser un factor explicativo, pero no prueba causalidad.",info
Linac-109256,1018265_proveedor_local,LOW_DATA_VOLUME,La estimación tiene confiabilidad reducida por n < 3 (1 intervalo(s) propios). Combina 17% de historial propio (n=1) y 83% de historial de cohorte (same_client_same_part).,warning
Linac-109256,1018265_proveedor_local,COHORT_USED,El modelo usa cohorte (same_client_same_part) porque no hay suficientes eventos propios en esta máquina.,info
Linac-109256,1018265_proveedor_local,AFTER_HOURS_EXPOSURE,"La máquina presenta actividad fuera de horario relevante; esto podría ser un factor explicativo, pero no prueba causalidad.",info
Linac-153935,1556287,LOW_DATA_VOLUME,La estimación tiene confiabilidad reducida por n < 3 (1 intervalo(s) propios). Combina 17% de historial propio (n=1) y 83% de historial de cohorte (same_client_same_part).,warning
Linac-153935,1556287,MATCH_QUALITY,"El match con Dolibarr es exacto, lo que aumenta la confiabilidad de esta estimación.",positive
Linac-153935,1556287,COHORT_USED,El modelo usa cohorte (same_client_same_part) porque no hay suficientes eventos propios en esta máquina.,info
Linac-109256,1018559,LOW_DATA_VOLUME,La estimación tiene confiabilidad reducida por n < 3 (1 intervalo(s) propios). Combina 17% de historial propio (n=1) y 83% de historial de cohorte (same_client_same_part).,warning
Linac-109256,1018559,MATCH_QUALITY,"El match con Dolibarr es exacto, lo que aumenta la confiabilidad de esta estimación.",positive
Linac-109256,1018559,COHORT_USED,El modelo usa cohorte (same_client_same_part) porque no hay suficientes eventos propios en esta máquina.,info
INC-INFINITY01,1517657,LOW_DATA_VOLUME,La estimación tiene confiabilidad reducida por n < 3 (1 intervalo(s) propios). Combina 17% de historial propio (n=1) y 83% de historial de cohorte (same_client_same_part).,warning
INC-INFINITY01,1517657,MATCH_QUALITY,"El match con Dolibarr es exacto, lo que aumenta la confiabilidad de esta estimación.",positive
INC-INFINITY01,1517657,COHORT_USED,El modelo usa cohorte (same_client_same_part) porque no hay suficientes eventos propios en esta máquina.,info
Linac-153935,1515098,LOW_DATA_VOLUME,La estimación tiene confiabilidad reducida por n < 3 (1 intervalo(s) propios). Combina 17% de historial propio (n=1) y 83% de historial de cohorte (same_client_same_part).,warning
Linac-153935,1515098,MATCH_QUALITY,"El match con Dolibarr es exacto, lo que aumenta la confiabilidad de esta estimación.",positive
Linac-153935,1515098,COHORT_USED,El modelo usa cohorte (same_client_same_part) porque no hay suficientes eventos propios en esta máquina.,info
Linac-152171,1515098,LOW_DATA_VOLUME,La estimación tiene confiabilidad reducida por n < 3 (1 intervalo(s) propios). Combina 17% de historial propio (n=1) y 83% de historial de cohorte (same_client_same_part).,warning
Linac-152171,1515098,MATCH_QUALITY,"El match con Dolibarr es exacto, lo que aumenta la confiabilidad de esta estimación.",positive
Linac-152171,1515098,COHORT_USED,El modelo usa cohorte (same_client_same_part) porque no hay suficientes eventos propios en esta máquina.,info
APOTECA-CHEMO,T00010988-01-NR2,LOW_DATA_VOLUME,La estimación tiene confiabilidad reducida por n < 3 (1 intervalo(s) propios). Combina 17% de historial propio (n=1) y 83% de historial de cohorte (same_client_same_part).,warning
APOTECA-CHEMO,T00010988-01-NR2,MATCH_QUALITY,"El match con Dolibarr es exacto, lo que aumenta la confiabilidad de esta estimación.",positive
APOTECA-CHEMO,T00010988-01-NR2,COHORT_USED,El modelo usa cohorte (same_client_same_part) porque no hay suficientes eventos propios en esta máquina.,info
LINAC-153038,1564298,LOW_DATA_VOLUME,La estimación tiene confiabilidad reducida por n < 3 (1 intervalo(s) propios). Combina 17% de historial propio (n=1) y 83% de historial de cohorte (same_client_same_part).,warning
LINAC-153038,1564298,MATCH_QUALITY,"El match con Dolibarr es exacto, lo que aumenta la confiabilidad de esta estimación.",positive
LINAC-153038,1564298,COHORT_USED,El modelo usa cohorte (same_client_same_part) porque no hay suficientes eventos propios en esta máquina.,info
LINAC-153038,1564298,AFTER_HOURS_EXPOSURE,"La máquina presenta actividad fuera de horario relevante; esto podría ser un factor explicativo, pero no prueba causalidad.",info
Linac-109256,45133304800,LOW_DATA_VOLUME,La estimación tiene confiabilidad reducida por n < 3 (1 intervalo(s) propios). Combina 17% de historial propio (n=1) y 83% de historial de cohorte (same_client_same_part).,warning
Linac-109256,45133304800,MATCH_QUALITY,"El match con Dolibarr es exacto, lo que aumenta la confiabilidad de esta estimación.",positive
Linac-109256,45133304800,COHORT_USED,El modelo usa cohorte (same_client_same_part) porque no hay suficientes eventos propios en esta máquina.,info
Linac-154325,45133304800,LOW_DATA_VOLUME,La estimación tiene confiabilidad reducida por n < 3 (1 intervalo(s) propios). Combina 17% de historial propio (n=1) y 83% de historial de cohorte (same_client_same_part).,warning
Linac-154325,45133304800,MATCH_QUALITY,"El match con Dolibarr es exacto, lo que aumenta la confiabilidad de esta estimación.",positive
Linac-154325,45133304800,COHORT_USED,El modelo usa cohorte (same_client_same_part) porque no hay suficientes eventos propios en esta máquina.,info
Linac-154325,45133304800,AFTER_HOURS_EXPOSURE,"La máquina presenta actividad fuera de horario relevante; esto podría ser un factor explicativo, pero no prueba causalidad.",info
CLC-1,1502613,LOW_DATA_VOLUME,La estimación tiene confiabilidad reducida por n < 3 (1 intervalo(s) propios). Combina 17% de historial propio (n=1) y 83% de historial de cohorte (same_client_same_part).,warning
CLC-1,1502613,MATCH_QUALITY,"El match con Dolibarr es exacto, lo que aumenta la confiabilidad de esta estimación.",positive
CLC-1,1502613,COHORT_USED,El modelo usa cohorte (same_client_same_part) porque no hay suficientes eventos propios en esta máquina.,info
Linac-201110,1532627,LOW_DATA_VOLUME,La estimación tiene confiabilidad reducida por n < 3 (1 intervalo(s) propios). Combina 17% de historial propio (n=1) y 83% de historial de cohorte (same_client_same_part).,warning
Linac-201110,1532627,MATCH_QUALITY,"El match con Dolibarr es exacto, lo que aumenta la confiabilidad de esta estimación.",positive
Linac-201110,1532627,COHORT_USED,El modelo usa cohorte (same_client_same_part) porque no hay suficientes eventos propios en esta máquina.,info
Linac-154325,1527814,LOW_DATA_VOLUME,La estimación tiene confiabilidad reducida por n < 3 (1 intervalo(s) propios). Combina 17% de historial propio (n=1) y 83% de historial de cohorte (same_client_same_part).,warning
Linac-154325,1527814,MATCH_QUALITY,"El match con Dolibarr es exacto, lo que aumenta la confiabilidad de esta estimación.",positive
Linac-154325,1527814,COHORT_USED,El modelo usa cohorte (same_client_same_part) porque no hay suficientes eventos propios en esta máquina.,info
Linac-154325,1527814,AFTER_HOURS_EXPOSURE,"La máquina presenta actividad fuera de horario relevante; esto podría ser un factor explicativo, pero no prueba causalidad.",info
Linac-154325,1517657,LOW_DATA_VOLUME,La estimación tiene confiabilidad reducida por n < 3 (1 intervalo(s) propios). Combina 17% de historial propio (n=1) y 83% de historial de cohorte (same_client_same_part).,warning
Linac-154325,1517657,MATCH_QUALITY,"El match con Dolibarr es exacto, lo que aumenta la confiabilidad de esta estimación.",positive
Linac-154325,1517657,COHORT_USED,El modelo usa cohorte (same_client_same_part) porque no hay suficientes eventos propios en esta máquina.,info
LINAC-153038,1021309___1564281,LOW_DATA_VOLUME,La estimación tiene confiabilidad reducida por n < 3 (1 intervalo(s) propios). Combina 17% de historial propio (n=1) y 83% de historial de cohorte (same_client_same_part).,warning
LINAC-153038,1021309___1564281,COHORT_USED,El modelo usa cohorte (same_client_same_part) porque no hay suficientes eventos propios en esta máquina.,info
LINAC-153038,1021309___1564281,AFTER_HOURS_EXPOSURE,"La máquina presenta actividad fuera de horario relevante; esto podría ser un factor explicativo, pero no prueba causalidad.",info
Linac-109256,1024939,LOW_DATA_VOLUME,La estimación tiene confiabilidad reducida por n < 3 (1 intervalo(s) propios). Combina 17% de historial propio (n=1) y 83% de historial de cohorte (same_client_same_part).,warning
Linac-109256,1024939,MATCH_QUALITY,"El match con Dolibarr es exacto, lo que aumenta la confiabilidad de esta estimación.",positive
Linac-109256,1024939,COHORT_USED,El modelo usa cohorte (same_client_same_part) porque no hay suficientes eventos propios en esta máquina.,info
Linac-109256,1527814,LOW_DATA_VOLUME,La estimación tiene confiabilidad reducida por n < 3 (1 intervalo(s) propios). Combina 17% de historial propio (n=1) y 83% de historial de cohorte (same_client_same_part).,warning
Linac-109256,1527814,MATCH_QUALITY,"El match con Dolibarr es exacto, lo que aumenta la confiabilidad de esta estimación.",positive
Linac-109256,1527814,COHORT_USED,El modelo usa cohorte (same_client_same_part) porque no hay suficientes eventos propios en esta máquina.,info
Linac-109256,4513316441202U,LOW_DATA_VOLUME,La estimación tiene confiabilidad reducida por n < 3 (1 intervalo(s) propios). Combina 17% de historial propio (n=1) y 83% de historial de cohorte (same_client_same_part).,warning
Linac-109256,4513316441202U,COHORT_USED,El modelo usa cohorte (same_client_same_part) porque no hay suficientes eventos propios en esta máquina.,info
Linac-109256,4513316441202U,AFTER_HOURS_EXPOSURE,"La máquina presenta actividad fuera de horario relevante; esto podría ser un factor explicativo, pero no prueba causalidad.",info
Linac-109256,1541744,LOW_DATA_VOLUME,La estimación tiene confiabilidad reducida por n < 3 (1 intervalo(s) propios). Combina 17% de historial propio (n=1) y 83% de historial de cohorte (same_client_same_part).,warning
Linac-109256,1541744,MATCH_QUALITY,"El match con Dolibarr es exacto, lo que aumenta la confiabilidad de esta estimación.",positive
Linac-109256,1541744,COHORT_USED,El modelo usa cohorte (same_client_same_part) porque no hay suficientes eventos propios en esta máquina.,info
Linac-109256,1546731,LOW_DATA_VOLUME,La estimación tiene confiabilidad reducida por n < 3 (1 intervalo(s) propios). Combina 17% de historial propio (n=1) y 83% de historial de cohorte (same_client_same_part).,warning
Linac-109256,1546731,MATCH_QUALITY,"El match con Dolibarr es exacto, lo que aumenta la confiabilidad de esta estimación.",positive
Linac-109256,1546731,COHORT_USED,El modelo usa cohorte (same_client_same_part) porque no hay suficientes eventos propios en esta máquina.,info
Linac-109256,1546731,AFTER_HOURS_EXPOSURE,"La máquina presenta actividad fuera de horario relevante; esto podría ser un factor explicativo, pero no prueba causalidad.",info
Linac-151673,45133411846,LOW_DATA_VOLUME,La estimación tiene confiabilidad reducida por n < 3 (1 intervalo(s) propios). Combina 17% de historial propio (n=1) y 83% de historial de cohorte (same_client_same_part).,warning
Linac-151673,45133411846,COHORT_USED,El modelo usa cohorte (same_client_same_part) porque no hay suficientes eventos propios en esta máquina.,info
Linac-151673,45133411846,AFTER_HOURS_EXPOSURE,"La máquina presenta actividad fuera de horario relevante; esto podría ser un factor explicativo, pero no prueba causalidad.",info
LINAC-153038,1549950,LOW_DATA_VOLUME,La estimación tiene confiabilidad reducida por n < 3 (1 intervalo(s) propios). Combina 17% de historial propio (n=1) y 83% de historial de cohorte (same_client_same_part).,warning
LINAC-153038,1549950,MATCH_QUALITY,"El match con Dolibarr es exacto, lo que aumenta la confiabilidad de esta estimación.",positive
LINAC-153038,1549950,COHORT_USED,El modelo usa cohorte (same_client_same_part) porque no hay suficientes eventos propios en esta máquina.,info
LINAC-153038,1549950,AFTER_HOURS_EXPOSURE,"La máquina presenta actividad fuera de horario relevante; esto podría ser un factor explicativo, pero no prueba causalidad.",info
Linac-109374,1517657,LOW_DATA_VOLUME,La estimación tiene confiabilidad reducida por n < 3 (1 intervalo(s) propios). Combina 17% de historial propio (n=1) y 83% de historial de cohorte (same_client_same_part).,warning
Linac-109374,1517657,MATCH_QUALITY,"El match con Dolibarr es exacto, lo que aumenta la confiabilidad de esta estimación.",positive
Linac-109374,1517657,COHORT_USED,El modelo usa cohorte (same_client_same_part) porque no hay suficientes eventos propios en esta máquina.,info
Linac-109374,1517657,AFTER_HOURS_EXPOSURE,"La máquina presenta actividad fuera de horario relevante; esto podría ser un factor explicativo, pero no prueba causalidad.",info
Linac-109374,1550513,LOW_DATA_VOLUME,La estimación tiene confiabilidad reducida por n < 3 (1 intervalo(s) propios). Combina 17% de historial propio (n=1) y 83% de historial de cohorte (same_client_same_part).,warning
Linac-109374,1550513,MATCH_QUALITY,"El match con Dolibarr es exacto, lo que aumenta la confiabilidad de esta estimación.",positive
Linac-109374,1550513,COHORT_USED,El modelo usa cohorte (same_client_same_part) porque no hay suficientes eventos propios en esta máquina.,info
Linac-109374,1015075,LOW_DATA_VOLUME,La estimación tiene confiabilidad reducida por n < 3 (1 intervalo(s) propios). Combina 17% de historial propio (n=1) y 83% de historial de cohorte (same_client_same_part).,warning
Linac-109374,1015075,MATCH_QUALITY,"El match con Dolibarr es exacto, lo que aumenta la confiabilidad de esta estimación.",positive
Linac-109374,1015075,COHORT_USED,El modelo usa cohorte (same_client_same_part) porque no hay suficientes eventos propios en esta máquina.,info
Linac-109374,1015076,LOW_DATA_VOLUME,La estimación tiene confiabilidad reducida por n < 3 (1 intervalo(s) propios). Combina 17% de historial propio (n=1) y 83% de historial de cohorte (same_client_same_part).,warning
Linac-109374,1015076,MATCH_QUALITY,"El match con Dolibarr es exacto, lo que aumenta la confiabilidad de esta estimación.",positive
Linac-109374,1015076,COHORT_USED,El modelo usa cohorte (same_client_same_part) porque no hay suficientes eventos propios en esta máquina.,info
Linac-152171,1517657,LOW_DATA_VOLUME,La estimación tiene confiabilidad reducida por n < 3 (1 intervalo(s) propios). Combina 17% de historial propio (n=1) y 83% de historial de cohorte (same_client_same_part).,warning
Linac-152171,1517657,MATCH_QUALITY,"El match con Dolibarr es exacto, lo que aumenta la confiabilidad de esta estimación.",positive
Linac-152171,1517657,COHORT_USED,El modelo usa cohorte (same_client_same_part) porque no hay suficientes eventos propios en esta máquina.,info
Linac-152171,1517657,AFTER_HOURS_EXPOSURE,"La máquina presenta actividad fuera de horario relevante; esto podría ser un factor explicativo, pero no prueba causalidad.",info
Linac-156187,1522567,LOW_DATA_VOLUME,La estimación tiene confiabilidad reducida por n < 3 (1 intervalo(s) propios). Combina 17% de historial propio (n=1) y 83% de historial de cohorte (same_client_same_part).,warning
Linac-156187,1522567,MATCH_QUALITY,"El match con Dolibarr es exacto, lo que aumenta la confiabilidad de esta estimación.",positive
Linac-156187,1522567,COHORT_USED,El modelo usa cohorte (same_client_same_part) porque no hay suficientes eventos propios en esta máquina.,info
INC-156473,45133302612,LOW_DATA_VOLUME,La estimación tiene confiabilidad reducida por n < 3 (1 intervalo(s) propios). Combina 17% de historial propio (n=1) y 83% de historial de cohorte (same_client_same_part).,warning
INC-156473,45133302612,MATCH_QUALITY,"El match con Dolibarr es exacto, lo que aumenta la confiabilidad de esta estimación.",positive
INC-156473,45133302612,COHORT_USED,El modelo usa cohorte (same_client_same_part) porque no hay suficientes eventos propios en esta máquina.,info
INC-156473,45133302612,AFTER_HOURS_EXPOSURE,"La máquina presenta actividad fuera de horario relevante; esto podría ser un factor explicativo, pero no prueba causalidad.",info
Linac-109256,1534958,LOW_DATA_VOLUME,La estimación tiene confiabilidad reducida por n < 3 (1 intervalo(s) propios). Combina 17% de historial propio (n=1) y 83% de historial de cohorte (same_client_same_part).,warning
Linac-109256,1534958,MATCH_QUALITY,"El match con Dolibarr es exacto, lo que aumenta la confiabilidad de esta estimación.",positive
Linac-109256,1534958,COHORT_USED,El modelo usa cohorte (same_client_same_part) porque no hay suficientes eventos propios en esta máquina.,info
Linac-109256,1534958,AFTER_HOURS_EXPOSURE,"La máquina presenta actividad fuera de horario relevante; esto podría ser un factor explicativo, pero no prueba causalidad.",info
LINAC-153038,1015076,LOW_DATA_VOLUME,La estimación tiene confiabilidad reducida por n < 3 (1 intervalo(s) propios). Combina 17% de historial propio (n=1) y 83% de historial de cohorte (same_client_same_part).,warning
LINAC-153038,1015076,MATCH_QUALITY,"El match con Dolibarr es exacto, lo que aumenta la confiabilidad de esta estimación.",positive
LINAC-153038,1015076,COHORT_USED,El modelo usa cohorte (same_client_same_part) porque no hay suficientes eventos propios en esta máquina.,info
LINAC-153038,1015076,AFTER_HOURS_EXPOSURE,"La máquina presenta actividad fuera de horario relevante; esto podría ser un factor explicativo, pero no prueba causalidad.",info
LINAC-153038,1015075,LOW_DATA_VOLUME,La estimación tiene confiabilidad reducida por n < 3 (1 intervalo(s) propios). Combina 17% de historial propio (n=1) y 83% de historial de cohorte (same_client_same_part).,warning
LINAC-153038,1015075,MATCH_QUALITY,"El match con Dolibarr es exacto, lo que aumenta la confiabilidad de esta estimación.",positive
LINAC-153038,1015075,COHORT_USED,El modelo usa cohorte (same_client_same_part) porque no hay suficientes eventos propios en esta máquina.,info
LINAC-153038,1015075,AFTER_HOURS_EXPOSURE,"La máquina presenta actividad fuera de horario relevante; esto podría ser un factor explicativo, pero no prueba causalidad.",info
CLC-1,1021309___1564281,LOW_DATA_VOLUME,La estimación tiene confiabilidad reducida por n < 3 (1 intervalo(s) propios). Combina 17% de historial propio (n=1) y 83% de historial de cohorte (same_client_same_part).,warning
CLC-1,1021309___1564281,COHORT_USED,El modelo usa cohorte (same_client_same_part) porque no hay suficientes eventos propios en esta máquina.,info
CLC-1,1517657,LOW_DATA_VOLUME,La estimación tiene confiabilidad reducida por n < 3 (1 intervalo(s) propios). Combina 17% de historial propio (n=1) y 83% de historial de cohorte (same_client_same_part).,warning
CLC-1,1517657,MATCH_QUALITY,"El match con Dolibarr es exacto, lo que aumenta la confiabilidad de esta estimación.",positive
CLC-1,1517657,COHORT_USED,El modelo usa cohorte (same_client_same_part) porque no hay suficientes eventos propios en esta máquina.,info
CLC-1,1517657,AFTER_HOURS_EXPOSURE,"La máquina presenta actividad fuera de horario relevante; esto podría ser un factor explicativo, pero no prueba causalidad.",info
CLC-1,1564169,LOW_DATA_VOLUME,La estimación tiene confiabilidad reducida por n < 3 (1 intervalo(s) propios). Combina 17% de historial propio (n=1) y 83% de historial de cohorte (same_client_same_part).,warning
CLC-1,1564169,MATCH_QUALITY,"El match con Dolibarr es exacto, lo que aumenta la confiabilidad de esta estimación.",positive
CLC-1,1564169,COHORT_USED,El modelo usa cohorte (same_client_same_part) porque no hay suficientes eventos propios en esta máquina.,info
CLC-1,1564169,AFTER_HOURS_EXPOSURE,"La máquina presenta actividad fuera de horario relevante; esto podría ser un factor explicativo, pero no prueba causalidad.",info
Linac-156187,1568178,LOW_DATA_VOLUME,La estimación tiene confiabilidad reducida por n < 3 (1 intervalo(s) propios). Combina 17% de historial propio (n=1) y 83% de historial de cohorte (same_client_same_part).,warning
Linac-156187,1568178,MATCH_QUALITY,"El match con Dolibarr es exacto, lo que aumenta la confiabilidad de esta estimación.",positive
Linac-156187,1568178,COHORT_USED,El modelo usa cohorte (same_client_same_part) porque no hay suficientes eventos propios en esta máquina.,info
Linac-152171,1564361,LOW_DATA_VOLUME,La estimación tiene confiabilidad reducida por n < 3 (1 intervalo(s) propios). Combina 17% de historial propio (n=1) y 83% de historial de cohorte (same_client_same_part).,warning
Linac-152171,1564361,MATCH_QUALITY,"El match con Dolibarr es exacto, lo que aumenta la confiabilidad de esta estimación.",positive
Linac-152171,1564361,COHORT_USED,El modelo usa cohorte (same_client_same_part) porque no hay suficientes eventos propios en esta máquina.,info
Linac-152171,1564361,AFTER_HOURS_EXPOSURE,"La máquina presenta actividad fuera de horario relevante; esto podría ser un factor explicativo, pero no prueba causalidad.",info
INC-156473,1557545,LOW_DATA_VOLUME,La estimación tiene confiabilidad reducida por n < 3 (1 intervalo(s) propios). Combina 17% de historial propio (n=1) y 83% de historial de cohorte (same_client_same_part).,warning
INC-156473,1557545,MATCH_QUALITY,"El match con Dolibarr es exacto, lo que aumenta la confiabilidad de esta estimación.",positive
INC-156473,1557545,COHORT_USED,El modelo usa cohorte (same_client_same_part) porque no hay suficientes eventos propios en esta máquina.,info
Linac-152171,1022378,LOW_DATA_VOLUME,La estimación tiene confiabilidad reducida por n < 3 (1 intervalo(s) propios). Combina 17% de historial propio (n=1) y 83% de historial de cohorte (same_client_same_part).,warning
Linac-152171,1022378,MATCH_QUALITY,"El match con Dolibarr es exacto, lo que aumenta la confiabilidad de esta estimación.",positive
Linac-152171,1022378,COHORT_USED,El modelo usa cohorte (same_client_same_part) porque no hay suficientes eventos propios en esta máquina.,info
Linac-154325,1565836,LOW_DATA_VOLUME,La estimación tiene confiabilidad reducida por n < 3 (1 intervalo(s) propios). Combina 17% de historial propio (n=1) y 83% de historial de cohorte (same_client_same_part).,warning
Linac-154325,1565836,MATCH_QUALITY,"El match con Dolibarr es exacto, lo que aumenta la confiabilidad de esta estimación.",positive
Linac-154325,1565836,COHORT_USED,El modelo usa cohorte (same_client_same_part) porque no hay suficientes eventos propios en esta máquina.,info
Linac-156187,1549816,LOW_DATA_VOLUME,La estimación tiene confiabilidad reducida por n < 3 (1 intervalo(s) propios). Combina 17% de historial propio (n=1) y 83% de historial de cohorte (same_client_same_part).,warning
Linac-156187,1549816,MATCH_QUALITY,"El match con Dolibarr es exacto, lo que aumenta la confiabilidad de esta estimación.",positive
Linac-156187,1549816,COHORT_USED,El modelo usa cohorte (same_client_same_part) porque no hay suficientes eventos propios en esta máquina.,info
Linac-109452,1531853,LOW_DATA_VOLUME,La estimación tiene confiabilidad reducida por n < 3 (1 intervalo(s) propios). Combina 17% de historial propio (n=1) y 83% de historial de cohorte (same_client_same_part).,warning
Linac-109452,1531853,MATCH_QUALITY,"El match con Dolibarr es exacto, lo que aumenta la confiabilidad de esta estimación.",positive
Linac-109452,1531853,COHORT_USED,El modelo usa cohorte (same_client_same_part) porque no hay suficientes eventos propios en esta máquina.,info
Linac-109452,1531790,LOW_DATA_VOLUME,No hay base estadística suficiente para estimar vida útil de este repuesto en esta máquina.,info
Linac-109452,1531790,MATCH_QUALITY,"El match con Dolibarr es exacto, lo que aumenta la confiabilidad de esta estimación.",positive
Linac-154325,1565835,LOW_DATA_VOLUME,La estimación tiene confiabilidad reducida por n < 3 (1 intervalo(s) propios). Combina 17% de historial propio (n=1) y 83% de historial de cohorte (same_client_same_part).,warning
Linac-154325,1565835,MATCH_QUALITY,"El match con Dolibarr es exacto, lo que aumenta la confiabilidad de esta estimación.",positive
Linac-154325,1565835,COHORT_USED,El modelo usa cohorte (same_client_same_part) porque no hay suficientes eventos propios en esta máquina.,info
Linac-154325,1565835,AFTER_HOURS_EXPOSURE,"La máquina presenta actividad fuera de horario relevante; esto podría ser un factor explicativo, pero no prueba causalidad.",info
Linac-153935,1564169,LOW_DATA_VOLUME,La estimación tiene confiabilidad reducida por n < 3 (1 intervalo(s) propios). Combina 17% de historial propio (n=1) y 83% de historial de cohorte (same_client_same_part).,warning
Linac-153935,1564169,MATCH_QUALITY,"El match con Dolibarr es exacto, lo que aumenta la confiabilidad de esta estimación.",positive
Linac-153935,1564169,COHORT_USED,El modelo usa cohorte (same_client_same_part) porque no hay suficientes eventos propios en esta máquina.,info
Linac-153935,1564169,AFTER_HOURS_EXPOSURE,"La máquina presenta actividad fuera de horario relevante; esto podría ser un factor explicativo, pero no prueba causalidad.",info
INC-156473,1018559,LOW_DATA_VOLUME,La estimación tiene confiabilidad reducida por n < 3 (1 intervalo(s) propios). Combina 17% de historial propio (n=1) y 83% de historial de cohorte (same_client_same_part).,warning
INC-156473,1018559,MATCH_QUALITY,"El match con Dolibarr es exacto, lo que aumenta la confiabilidad de esta estimación.",positive
INC-156473,1018559,COHORT_USED,El modelo usa cohorte (same_client_same_part) porque no hay suficientes eventos propios en esta máquina.,info
INC-156473,1018559,AFTER_HOURS_EXPOSURE,"La máquina presenta actividad fuera de horario relevante; esto podría ser un factor explicativo, pero no prueba causalidad.",info
Linac-109374,1516727,LOW_DATA_VOLUME,La estimación tiene confiabilidad reducida por n < 3 (1 intervalo(s) propios). Combina 17% de historial propio (n=1) y 83% de historial de cohorte (same_client_same_part).,warning
Linac-109374,1516727,MATCH_QUALITY,"El match con Dolibarr es exacto, lo que aumenta la confiabilidad de esta estimación.",positive
Linac-109374,1516727,COHORT_USED,El modelo usa cohorte (same_client_same_part) porque no hay suficientes eventos propios en esta máquina.,info
Linac-201073,923931518204,LOW_DATA_VOLUME,"La estimación tiene confiabilidad reducida por n < 3 (0 intervalo(s) propios). Un solo evento observado, sin intervalo propio - se usa 100% la estimación de la cohorte (same_client_same_part).",warning
Linac-201073,923931518204,MATCH_QUALITY,"El match con Dolibarr es exacto, lo que aumenta la confiabilidad de esta estimación.",positive
Linac-201073,923931518204,COHORT_USED,El modelo usa cohorte (same_client_same_part) porque no hay suficientes eventos propios en esta máquina.,info
153038,1026565,LOW_DATA_VOLUME,Solo existe un evento observado para este repuesto en esta máquina - no hay base estadística suficiente todavía.,info
153038,1026565,MATCH_QUALITY,"El match con Dolibarr es exacto, lo que aumenta la confiabilidad de esta estimación.",positive
153038,1026565,AFTER_HOURS_EXPOSURE,"La máquina presenta actividad fuera de horario relevante; esto podría ser un factor explicativo, pero no prueba causalidad.",info
TPS-FALP,669324-B21,LOW_DATA_VOLUME,Solo existe un evento observado para este repuesto en esta máquina - no hay base estadística suficiente todavía.,info
TPS-FALP,669324-B21,MATCH_QUALITY,"El match con Dolibarr es exacto, lo que aumenta la confiabilidad de esta estimación.",positive
TPS-FALP,669324-B21,AFTER_HOURS_EXPOSURE,"La máquina presenta actividad fuera de horario relevante; esto podría ser un factor explicativo, pero no prueba causalidad.",info
Linac-152280,45133327662,LOW_DATA_VOLUME,Solo existe un evento observado para este repuesto en esta máquina - no hay base estadística suficiente todavía.,info
Linac-152280,45133327662,AFTER_HOURS_EXPOSURE,"La máquina presenta actividad fuera de horario relevante; esto podría ser un factor explicativo, pero no prueba causalidad.",info
Linac-201172,45133318864,LOW_DATA_VOLUME,Solo existe un evento observado para este repuesto en esta máquina - no hay base estadística suficiente todavía.,info
Linac-201172,45133318864,MATCH_QUALITY,"El match con Dolibarr es exacto, lo que aumenta la confiabilidad de esta estimación.",positive
Linac-151673,1505720,LOW_DATA_VOLUME,Solo existe un evento observado para este repuesto en esta máquina - no hay base estadística suficiente todavía.,info
Linac-151673,1505720,MATCH_QUALITY,"El match con Dolibarr es exacto, lo que aumenta la confiabilidad de esta estimación.",positive
Linac-151673,1505720,AFTER_HOURS_EXPOSURE,"La máquina presenta actividad fuera de horario relevante; esto podría ser un factor explicativo, pero no prueba causalidad.",info
Linac-152171,1023530,LOW_DATA_VOLUME,Solo existe un evento observado para este repuesto en esta máquina - no hay base estadística suficiente todavía.,info
Linac-152171,1023530,MATCH_QUALITY,"El match con Dolibarr es exacto, lo que aumenta la confiabilidad de esta estimación.",positive
Linac-154325,1017392,LOW_DATA_VOLUME,Solo existe un evento observado para este repuesto en esta máquina - no hay base estadística suficiente todavía.,info
Linac-154325,1017392,MATCH_QUALITY,"El match con Dolibarr es exacto, lo que aumenta la confiabilidad de esta estimación.",positive
Linac-151673,1023530,LOW_DATA_VOLUME,Solo existe un evento observado para este repuesto en esta máquina - no hay base estadística suficiente todavía.,info
Linac-151673,1023530,MATCH_QUALITY,"El match con Dolibarr es exacto, lo que aumenta la confiabilidad de esta estimación.",positive
153038,45133304100,LOW_DATA_VOLUME,Solo existe un evento observado para este repuesto en esta máquina - no hay base estadística suficiente todavía.,info
153038,1515098,LOW_DATA_VOLUME,"La estimación tiene confiabilidad reducida por n < 3 (0 intervalo(s) propios). Un solo evento observado, sin intervalo propio - se usa 100% la estimación de la cohorte (same_client_same_part).",warning
153038,1515098,MATCH_QUALITY,"El match con Dolibarr es exacto, lo que aumenta la confiabilidad de esta estimación.",positive
153038,1515098,COHORT_USED,El modelo usa cohorte (same_client_same_part) porque no hay suficientes eventos propios en esta máquina.,info
Linac-153038,1516753,LOW_DATA_VOLUME,Solo existe un evento observado para este repuesto en esta máquina - no hay base estadística suficiente todavía.,info
Linac-153038,1516753,MATCH_QUALITY,"El match con Dolibarr es exacto, lo que aumenta la confiabilidad de esta estimación.",positive
Linac-153038,1516753,AFTER_HOURS_EXPOSURE,"La máquina presenta actividad fuera de horario relevante; esto podría ser un factor explicativo, pero no prueba causalidad.",info
Linac-153038,45133165177,LOW_DATA_VOLUME,"La estimación tiene confiabilidad reducida por n < 3 (0 intervalo(s) propios). Un solo evento observado, sin intervalo propio - se usa 100% la estimación de la cohorte (same_client_same_part).",warning
Linac-153038,45133165177,MATCH_QUALITY,"El match con Dolibarr es exacto, lo que aumenta la confiabilidad de esta estimación.",positive
Linac-153038,45133165177,COHORT_USED,El modelo usa cohorte (same_client_same_part) porque no hay suficientes eventos propios en esta máquina.,info
Linac-153038,45133165177,AFTER_HOURS_EXPOSURE,"La máquina presenta actividad fuera de horario relevante; esto podría ser un factor explicativo, pero no prueba causalidad.",info
OIS-FALP,653950,LOW_DATA_VOLUME,"La estimación tiene confiabilidad reducida por n < 3 (0 intervalo(s) propios). Un solo evento observado, sin intervalo propio - se usa 100% la estimación de la cohorte (same_client_same_part).",warning
OIS-FALP,653950,ASSOCIATION_QUALITY,"La asociación repuesto-máquina proviene de una task con múltiples equipos, lo que reduce la confiabilidad de esta estimación.",warning
OIS-FALP,653950,COHORT_USED,El modelo usa cohorte (same_client_same_part) porque no hay suficientes eventos propios en esta máquina.,info
OIS-FALP,653950,AFTER_HOURS_EXPOSURE,"La máquina presenta actividad fuera de horario relevante; esto podría ser un factor explicativo, pero no prueba causalidad.",info
153038,1014474,LOW_DATA_VOLUME,Solo existe un evento observado para este repuesto en esta máquina - no hay base estadística suficiente todavía.,info
153038,1014474,MATCH_QUALITY,"El match con Dolibarr es exacto, lo que aumenta la confiabilidad de esta estimación.",positive
153038,1014474,AFTER_HOURS_EXPOSURE,"La máquina presenta actividad fuera de horario relevante; esto podría ser un factor explicativo, pero no prueba causalidad.",info
Linac-154325,03-999-1204,LOW_DATA_VOLUME,Solo existe un evento observado para este repuesto en esta máquina - no hay base estadística suficiente todavía.,info
Linac-154325,03-999-1204,MATCH_QUALITY,"El match con Dolibarr es exacto, lo que aumenta la confiabilidad de esta estimación.",positive
Linac-154325,03-999-1204,AFTER_HOURS_EXPOSURE,"La máquina presenta actividad fuera de horario relevante; esto podría ser un factor explicativo, pero no prueba causalidad.",info
153038,1502613,LOW_DATA_VOLUME,"La estimación tiene confiabilidad reducida por n < 3 (0 intervalo(s) propios). Un solo evento observado, sin intervalo propio - se usa 100% la estimación de la cohorte (same_client_same_part).",warning
153038,1502613,MATCH_QUALITY,"El match con Dolibarr es exacto, lo que aumenta la confiabilidad de esta estimación.",positive
153038,1502613,COHORT_USED,El modelo usa cohorte (same_client_same_part) porque no hay suficientes eventos propios en esta máquina.,info
153038,1502613,AFTER_HOURS_EXPOSURE,"La máquina presenta actividad fuera de horario relevante; esto podría ser un factor explicativo, pero no prueba causalidad.",info
Linac-153038,45133308790,LOW_DATA_VOLUME,Solo existe un evento observado para este repuesto en esta máquina - no hay base estadística suficiente todavía.,info
Linac-153038,45133308790,MATCH_QUALITY,"El match con Dolibarr es exacto, lo que aumenta la confiabilidad de esta estimación.",positive
Linac-105277,1007897,LOW_DATA_VOLUME,Solo existe un evento observado para este repuesto en esta máquina - no hay base estadística suficiente todavía.,info
Linac-105277,1007897,MATCH_QUALITY,"El match con Dolibarr es exacto, lo que aumenta la confiabilidad de esta estimación.",positive
Linac-152171,4513316484002R,LOW_DATA_VOLUME,Solo existe un evento observado para este repuesto en esta máquina - no hay base estadística suficiente todavía.,info
Linac-152171,4513316484002R,MATCH_QUALITY,"El match con Dolibarr es exacto, lo que aumenta la confiabilidad de esta estimación.",positive
Linac-153038,1016476,LOW_DATA_VOLUME,"La estimación tiene confiabilidad reducida por n < 3 (0 intervalo(s) propios). Un solo evento observado, sin intervalo propio - se usa 100% la estimación de la cohorte (same_client_same_part).",warning
Linac-153038,1016476,MATCH_QUALITY,"El match con Dolibarr es exacto, lo que aumenta la confiabilidad de esta estimación.",positive
Linac-153038,1016476,COHORT_USED,El modelo usa cohorte (same_client_same_part) porque no hay suficientes eventos propios en esta máquina.,info
Linac-153038,1016476,AFTER_HOURS_EXPOSURE,"La máquina presenta actividad fuera de horario relevante; esto podría ser un factor explicativo, pero no prueba causalidad.",info
Linac-153038,1010848,LOW_DATA_VOLUME,"La estimación tiene confiabilidad reducida por n < 3 (0 intervalo(s) propios). Un solo evento observado, sin intervalo propio - se usa 100% la estimación de la cohorte (same_client_same_part).",warning
Linac-153038,1010848,MATCH_QUALITY,"El match con Dolibarr es exacto, lo que aumenta la confiabilidad de esta estimación.",positive
Linac-153038,1010848,COHORT_USED,El modelo usa cohorte (same_client_same_part) porque no hay suficientes eventos propios en esta máquina.,info
Linac-153038,1507089,LOW_DATA_VOLUME,Solo existe un evento observado para este repuesto en esta máquina - no hay base estadística suficiente todavía.,info
Linac-153038,1507089,MATCH_QUALITY,"El match con Dolibarr es exacto, lo que aumenta la confiabilidad de esta estimación.",positive
Linac-153038,45133501070,LOW_DATA_VOLUME,Solo existe un evento observado para este repuesto en esta máquina - no hay base estadística suficiente todavía.,info
Linac-153038,45133501070,MATCH_QUALITY,"El match con Dolibarr es exacto, lo que aumenta la confiabilidad de esta estimación.",positive
Linac-153038,1018559,LOW_DATA_VOLUME,"La estimación tiene confiabilidad reducida por n < 3 (0 intervalo(s) propios). Un solo evento observado, sin intervalo propio - se usa 100% la estimación de la cohorte (same_client_same_part).",warning
Linac-153038,1018559,MATCH_QUALITY,"El match con Dolibarr es exacto, lo que aumenta la confiabilidad de esta estimación.",positive
Linac-153038,1018559,COHORT_USED,El modelo usa cohorte (same_client_same_part) porque no hay suficientes eventos propios en esta máquina.,info
Linac-153038,R1510260,LOW_DATA_VOLUME,Solo existe un evento observado para este repuesto en esta máquina - no hay base estadística suficiente todavía.,info
Linac-153038,R1510260,MATCH_QUALITY,"El match con Dolibarr es exacto, lo que aumenta la confiabilidad de esta estimación.",positive
Linac-153038,R1510260,AFTER_HOURS_EXPOSURE,"La máquina presenta actividad fuera de horario relevante; esto podría ser un factor explicativo, pero no prueba causalidad.",info
Linac-154325,45133305658_usado,LOW_DATA_VOLUME,Solo existe un evento observado para este repuesto en esta máquina - no hay base estadística suficiente todavía.,info
Linac-154325,45133305658_usado,AFTER_HOURS_EXPOSURE,"La máquina presenta actividad fuera de horario relevante; esto podría ser un factor explicativo, pero no prueba causalidad.",info
Linac-152280,1020850,LOW_DATA_VOLUME,Solo existe un evento observado para este repuesto en esta máquina - no hay base estadística suficiente todavía.,info
Linac-153935,1507089,LOW_DATA_VOLUME,Solo existe un evento observado para este repuesto en esta máquina - no hay base estadística suficiente todavía.,info
Linac-153935,1507089,MATCH_QUALITY,"El match con Dolibarr es exacto, lo que aumenta la confiabilidad de esta estimación.",positive
Linac-152171,1022096,LOW_DATA_VOLUME,Solo existe un evento observado para este repuesto en esta máquina - no hay base estadística suficiente todavía.,info
Linac-152171,1022096,MATCH_QUALITY,"El match con Dolibarr es exacto, lo que aumenta la confiabilidad de esta estimación.",positive
Linac-152171,1516727,LOW_DATA_VOLUME,"La estimación tiene confiabilidad reducida por n < 3 (0 intervalo(s) propios). Un solo evento observado, sin intervalo propio - se usa 100% la estimación de la cohorte (same_client_same_part).",warning
Linac-152171,1516727,MATCH_QUALITY,"El match con Dolibarr es exacto, lo que aumenta la confiabilidad de esta estimación.",positive
Linac-152171,1516727,COHORT_USED,El modelo usa cohorte (same_client_same_part) porque no hay suficientes eventos propios en esta máquina.,info
Linac-105277,45133315188,LOW_DATA_VOLUME,Solo existe un evento observado para este repuesto en esta máquina - no hay base estadística suficiente todavía.,info
Linac-105277,45133315188,MATCH_QUALITY,"El match con Dolibarr es exacto, lo que aumenta la confiabilidad de esta estimación.",positive
Linac-154325,45133411788,LOW_DATA_VOLUME,Solo existe un evento observado para este repuesto en esta máquina - no hay base estadística suficiente todavía.,info
Linac-154325,45133411788,MATCH_QUALITY,"El match con Dolibarr es exacto, lo que aumenta la confiabilidad de esta estimación.",positive
Linac-154325,45133411788,AFTER_HOURS_EXPOSURE,"La máquina presenta actividad fuera de horario relevante; esto podría ser un factor explicativo, pero no prueba causalidad.",info
Linac-151238,1015076,LOW_DATA_VOLUME,"La estimación tiene confiabilidad reducida por n < 3 (0 intervalo(s) propios). Un solo evento observado, sin intervalo propio - se usa 100% la estimación de la cohorte (same_client_same_part).",warning
Linac-151238,1015076,COHORT_USED,El modelo usa cohorte (same_client_same_part) porque no hay suficientes eventos propios en esta máquina.,info
APOTECA-CHEMO,2231762,LOW_DATA_VOLUME,Solo existe un evento observado para este repuesto en esta máquina - no hay base estadística suficiente todavía.,info
APOTECA-CHEMO,2231762,MATCH_QUALITY,"El match con Dolibarr es exacto, lo que aumenta la confiabilidad de esta estimación.",positive
Linac-201110,BJ4853.222.02,LOW_DATA_VOLUME,Solo existe un evento observado para este repuesto en esta máquina - no hay base estadística suficiente todavía.,info
Linac-201110,BJ4853.222.02,MATCH_QUALITY,"El match con Dolibarr es exacto, lo que aumenta la confiabilidad de esta estimación.",positive
Linac-201110,BJ4853.223.02,LOW_DATA_VOLUME,Solo existe un evento observado para este repuesto en esta máquina - no hay base estadística suficiente todavía.,info
Linac-201110,BJ4853.223.02,MATCH_QUALITY,"El match con Dolibarr es exacto, lo que aumenta la confiabilidad de esta estimación.",positive
Linac-151238,45133308243_01,LOW_DATA_VOLUME,Solo existe un evento observado para este repuesto en esta máquina - no hay base estadística suficiente todavía.,info
Linac-151238,45133308243_01,MATCH_QUALITY,"El match con Dolibarr es exacto, lo que aumenta la confiabilidad de esta estimación.",positive
APOTECA-CHEMO,420017,LOW_DATA_VOLUME,Solo existe un evento observado para este repuesto en esta máquina - no hay base estadística suficiente todavía.,info
APOTECA-CHEMO,420017,MATCH_QUALITY,"El match con Dolibarr es exacto, lo que aumenta la confiabilidad de esta estimación.",positive
Linac-154325,1007288,LOW_DATA_VOLUME,Solo existe un evento observado para este repuesto en esta máquina - no hay base estadística suficiente todavía.,info
Linac-154325,1007288,MATCH_QUALITY,"El match con Dolibarr es exacto, lo que aumenta la confiabilidad de esta estimación.",positive
Linac-154325,1007288,AFTER_HOURS_EXPOSURE,"La máquina presenta actividad fuera de horario relevante; esto podría ser un factor explicativo, pero no prueba causalidad.",info
TPS-UC,SKM_300_GB_128D,LOW_DATA_VOLUME,Solo existe un evento observado para este repuesto en esta máquina - no hay base estadística suficiente todavía.,info
TPS-UC,SKM_300_GB_128D,ASSOCIATION_QUALITY,"La asociación repuesto-máquina proviene de una task con múltiples equipos, lo que reduce la confiabilidad de esta estimación.",warning
TPS-UC,SKM_300_GB_128D,AFTER_HOURS_EXPOSURE,"La máquina presenta actividad fuera de horario relevante; esto podría ser un factor explicativo, pero no prueba causalidad.",info
OIS-UC,SKM_300_GB_128D,LOW_DATA_VOLUME,Solo existe un evento observado para este repuesto en esta máquina - no hay base estadística suficiente todavía.,info
OIS-UC,SKM_300_GB_128D,ASSOCIATION_QUALITY,"La asociación repuesto-máquina proviene de una task con múltiples equipos, lo que reduce la confiabilidad de esta estimación.",warning
OIS-UC,SKM_300_GB_128D,AFTER_HOURS_EXPOSURE,"La máquina presenta actividad fuera de horario relevante; esto podría ser un factor explicativo, pero no prueba causalidad.",info
Linac-153935,45133302802,LOW_DATA_VOLUME,Solo existe un evento observado para este repuesto en esta máquina - no hay base estadística suficiente todavía.,info
Linac-153935,45133302802,MATCH_QUALITY,"El match con Dolibarr es exacto, lo que aumenta la confiabilidad de esta estimación.",positive
Linac-153935,45133302802,AFTER_HOURS_EXPOSURE,"La máquina presenta actividad fuera de horario relevante; esto podría ser un factor explicativo, pero no prueba causalidad.",info
Linac-151238,1502964,LOW_DATA_VOLUME,"La estimación tiene confiabilidad reducida por n < 3 (0 intervalo(s) propios). Un solo evento observado, sin intervalo propio - se usa 100% la estimación de la cohorte (same_client_same_part).",warning
Linac-151238,1502964,MATCH_QUALITY,"El match con Dolibarr es exacto, lo que aumenta la confiabilidad de esta estimación.",positive
Linac-151238,1502964,COHORT_USED,El modelo usa cohorte (same_client_same_part) porque no hay suficientes eventos propios en esta máquina.,info
APOTECA-CHEMO,2466801,LOW_DATA_VOLUME,Solo existe un evento observado para este repuesto en esta máquina - no hay base estadística suficiente todavía.,info
APOTECA-CHEMO,2466801,MATCH_QUALITY,"El match con Dolibarr es exacto, lo que aumenta la confiabilidad de esta estimación.",positive
Linac-153935,45133904894,LOW_DATA_VOLUME,Solo existe un evento observado para este repuesto en esta máquina - no hay base estadística suficiente todavía.,info
Linac-153935,45133904894,AFTER_HOURS_EXPOSURE,"La máquina presenta actividad fuera de horario relevante; esto podría ser un factor explicativo, pero no prueba causalidad.",info
Linac-201110,BJ6219.002.02,LOW_DATA_VOLUME,Solo existe un evento observado para este repuesto en esta máquina - no hay base estadística suficiente todavía.,info
Linac-201110,4714501006,LOW_DATA_VOLUME,Solo existe un evento observado para este repuesto en esta máquina - no hay base estadística suficiente todavía.,info
Linac-201110,4714501006,MATCH_QUALITY,"El match con Dolibarr es exacto, lo que aumenta la confiabilidad de esta estimación.",positive
Linac-201110,4714501006,AFTER_HOURS_EXPOSURE,"La máquina presenta actividad fuera de horario relevante; esto podría ser un factor explicativo, pero no prueba causalidad.",info
Linac-151238,262285518838K,LOW_DATA_VOLUME,Solo existe un evento observado para este repuesto en esta máquina - no hay base estadística suficiente todavía.,info
Linac-151238,262285518838K,MATCH_QUALITY,"El match con Dolibarr es exacto, lo que aumenta la confiabilidad de esta estimación.",positive
Linac-154325,1525500,LOW_DATA_VOLUME,Solo existe un evento observado para este repuesto en esta máquina - no hay base estadística suficiente todavía.,info
Linac-154325,1525500,MATCH_QUALITY,"El match con Dolibarr es exacto, lo que aumenta la confiabilidad de esta estimación.",positive
Linac-201110,4513332766303F,LOW_DATA_VOLUME,Solo existe un evento observado para este repuesto en esta máquina - no hay base estadística suficiente todavía.,info
Linac-201110,45133327662,LOW_DATA_VOLUME,Solo existe un evento observado para este repuesto en esta máquina - no hay base estadística suficiente todavía.,info
Linac-201110,45133327662,MATCH_QUALITY,"El match con Dolibarr es exacto, lo que aumenta la confiabilidad de esta estimación.",positive
Linac-201110,1010495,LOW_DATA_VOLUME,Solo existe un evento observado para este repuesto en esta máquina - no hay base estadística suficiente todavía.,info
Linac-201110,1010495,MATCH_QUALITY,"El match con Dolibarr es exacto, lo que aumenta la confiabilidad de esta estimación.",positive
Linac-201110,1007545,LOW_DATA_VOLUME,Solo existe un evento observado para este repuesto en esta máquina - no hay base estadística suficiente todavía.,info
Linac-201110,1007545,MATCH_QUALITY,"El match con Dolibarr es exacto, lo que aumenta la confiabilidad de esta estimación.",positive
OIS-UC,C7976A,LOW_DATA_VOLUME,Solo existe un evento observado para este repuesto en esta máquina - no hay base estadística suficiente todavía.,info
OIS-UC,C7976A,MATCH_QUALITY,"El match con Dolibarr es exacto, lo que aumenta la confiabilidad de esta estimación.",positive
LINAC-153038,45133304326,LOW_DATA_VOLUME,Solo existe un evento observado para este repuesto en esta máquina - no hay base estadística suficiente todavía.,info
LINAC-153038,45133304326,MATCH_QUALITY,"El match con Dolibarr es exacto, lo que aumenta la confiabilidad de esta estimación.",positive
LINAC-153038,45133304326,AFTER_HOURS_EXPOSURE,"La máquina presenta actividad fuera de horario relevante; esto podría ser un factor explicativo, pero no prueba causalidad.",info
Linac-151673,451362610003J,LOW_DATA_VOLUME,Solo existe un evento observado para este repuesto en esta máquina - no hay base estadística suficiente todavía.,info
Linac-151673,451362610003J,MATCH_QUALITY,"El match con Dolibarr es exacto, lo que aumenta la confiabilidad de esta estimación.",positive
Linac-151673,1541718,LOW_DATA_VOLUME,"La estimación tiene confiabilidad reducida por n < 3 (0 intervalo(s) propios). Un solo evento observado, sin intervalo propio - se usa 100% la estimación de la cohorte (same_client_same_part).",warning
Linac-151673,1541718,MATCH_QUALITY,"El match con Dolibarr es exacto, lo que aumenta la confiabilidad de esta estimación.",positive
Linac-151673,1541718,COHORT_USED,El modelo usa cohorte (same_client_same_part) porque no hay suficientes eventos propios en esta máquina.,info
LINAC-153038,1022096,LOW_DATA_VOLUME,Solo existe un evento observado para este repuesto en esta máquina - no hay base estadística suficiente todavía.,info
LINAC-153038,1022096,MATCH_QUALITY,"El match con Dolibarr es exacto, lo que aumenta la confiabilidad de esta estimación.",positive
LINAC-153038,1022096,AFTER_HOURS_EXPOSURE,"La máquina presenta actividad fuera de horario relevante; esto podría ser un factor explicativo, pero no prueba causalidad.",info
Linac-151673,1010848,LOW_DATA_VOLUME,"La estimación tiene confiabilidad reducida por n < 3 (0 intervalo(s) propios). Un solo evento observado, sin intervalo propio - se usa 100% la estimación de la cohorte (same_client_same_part).",warning
Linac-151673,1010848,MATCH_QUALITY,"El match con Dolibarr es exacto, lo que aumenta la confiabilidad de esta estimación.",positive
Linac-151673,1010848,COHORT_USED,El modelo usa cohorte (same_client_same_part) porque no hay suficientes eventos propios en esta máquina.,info
Linac-201172,BJ9100.009,LOW_DATA_VOLUME,Solo existe un evento observado para este repuesto en esta máquina - no hay base estadística suficiente todavía.,info
Linac-201172,BJ9100.009,MATCH_QUALITY,"El match con Dolibarr es exacto, lo que aumenta la confiabilidad de esta estimación.",positive
Linac-153935,749796-001,LOW_DATA_VOLUME,Solo existe un evento observado para este repuesto en esta máquina - no hay base estadística suficiente todavía.,info
Linac-153935,749796-001,AFTER_HOURS_EXPOSURE,"La máquina presenta actividad fuera de horario relevante; esto podría ser un factor explicativo, pero no prueba causalidad.",info
Linac-151673,45133304800,LOW_DATA_VOLUME,"La estimación tiene confiabilidad reducida por n < 3 (0 intervalo(s) propios). Un solo evento observado, sin intervalo propio - se usa 100% la estimación de la cohorte (same_client_same_part).",warning
Linac-151673,45133304800,MATCH_QUALITY,"El match con Dolibarr es exacto, lo que aumenta la confiabilidad de esta estimación.",positive
Linac-151673,45133304800,COHORT_USED,El modelo usa cohorte (same_client_same_part) porque no hay suficientes eventos propios en esta máquina.,info
Linac-151673,4513316442301M,LOW_DATA_VOLUME,"La estimación tiene confiabilidad reducida por n < 3 (0 intervalo(s) propios). Un solo evento observado, sin intervalo propio - se usa 100% la estimación de la cohorte (same_client_same_part).",warning
Linac-151673,4513316442301M,COHORT_USED,El modelo usa cohorte (same_client_same_part) porque no hay suficientes eventos propios en esta máquina.,info
Linac-151673,4513316442301M,AFTER_HOURS_EXPOSURE,"La máquina presenta actividad fuera de horario relevante; esto podría ser un factor explicativo, pero no prueba causalidad.",info
Linac-151673,1022595,LOW_DATA_VOLUME,Solo existe un evento observado para este repuesto en esta máquina - no hay base estadística suficiente todavía.,info
Linac-151673,1022595,MATCH_QUALITY,"El match con Dolibarr es exacto, lo que aumenta la confiabilidad de esta estimación.",positive
Linac-151673,1022595,AFTER_HOURS_EXPOSURE,"La máquina presenta actividad fuera de horario relevante; esto podría ser un factor explicativo, pero no prueba causalidad.",info
Linac-153935,45133502668,LOW_DATA_VOLUME,Solo existe un evento observado para este repuesto en esta máquina - no hay base estadística suficiente todavía.,info
Linac-153935,45133502668,MATCH_QUALITY,"El match con Dolibarr es exacto, lo que aumenta la confiabilidad de esta estimación.",positive
Linac-153935,45133502668,AFTER_HOURS_EXPOSURE,"La máquina presenta actividad fuera de horario relevante; esto podría ser un factor explicativo, pero no prueba causalidad.",info
Linac-153935,1016246,LOW_DATA_VOLUME,Solo existe un evento observado para este repuesto en esta máquina - no hay base estadística suficiente todavía.,info
Linac-153935,1016246,MATCH_QUALITY,"El match con Dolibarr es exacto, lo que aumenta la confiabilidad de esta estimación.",positive
Linac-153935,1016246,AFTER_HOURS_EXPOSURE,"La máquina presenta actividad fuera de horario relevante; esto podría ser un factor explicativo, pero no prueba causalidad.",info
APOTECA-CHEMO,F153053FV,LOW_DATA_VOLUME,Solo existe un evento observado para este repuesto en esta máquina - no hay base estadística suficiente todavía.,info
APOTECA-CHEMO,F153053FV,MATCH_QUALITY,"El match con Dolibarr es exacto, lo que aumenta la confiabilidad de esta estimación.",positive
LINAC-153038,45133318440,LOW_DATA_VOLUME,Solo existe un evento observado para este repuesto en esta máquina - no hay base estadística suficiente todavía.,info
LINAC-153038,45133318440,MATCH_QUALITY,"El match con Dolibarr es exacto, lo que aumenta la confiabilidad de esta estimación.",positive
LINAC-153038,4513316441202U,LOW_DATA_VOLUME,"La estimación tiene confiabilidad reducida por n < 3 (0 intervalo(s) propios). Un solo evento observado, sin intervalo propio - se usa 100% la estimación de la cohorte (same_client_same_part).",warning
LINAC-153038,4513316441202U,COHORT_USED,El modelo usa cohorte (same_client_same_part) porque no hay suficientes eventos propios en esta máquina.,info
LINAC-153038,45133317157,LOW_DATA_VOLUME,Solo existe un evento observado para este repuesto en esta máquina - no hay base estadística suficiente todavía.,info
LINAC-153038,45133317157,MATCH_QUALITY,"El match con Dolibarr es exacto, lo que aumenta la confiabilidad de esta estimación.",positive
Linac-201172,BJ4853.222.02,LOW_DATA_VOLUME,Solo existe un evento observado para este repuesto en esta máquina - no hay base estadística suficiente todavía.,info
Linac-201172,BJ4853.222.02,MATCH_QUALITY,"El match con Dolibarr es exacto, lo que aumenta la confiabilidad de esta estimación.",positive
Linac-201172,1015076,LOW_DATA_VOLUME,"La estimación tiene confiabilidad reducida por n < 3 (0 intervalo(s) propios). Un solo evento observado, sin intervalo propio - se usa 100% la estimación de la cohorte (same_client_same_part).",warning
Linac-201172,1015076,MATCH_QUALITY,"El match con Dolibarr es exacto, lo que aumenta la confiabilidad de esta estimación.",positive
Linac-201172,1015076,COHORT_USED,El modelo usa cohorte (same_client_same_part) porque no hay suficientes eventos propios en esta máquina.,info
Linac-201172,1015075,LOW_DATA_VOLUME,"La estimación tiene confiabilidad reducida por n < 3 (0 intervalo(s) propios). Un solo evento observado, sin intervalo propio - se usa 100% la estimación de la cohorte (same_client_same_part).",warning
Linac-201172,1015075,MATCH_QUALITY,"El match con Dolibarr es exacto, lo que aumenta la confiabilidad de esta estimación.",positive
Linac-201172,1015075,COHORT_USED,El modelo usa cohorte (same_client_same_part) porque no hay suficientes eventos propios en esta máquina.,info
Linac-201172,BJ4853.223.02,LOW_DATA_VOLUME,Solo existe un evento observado para este repuesto en esta máquina - no hay base estadística suficiente todavía.,info
Linac-201172,BJ4853.223.02,MATCH_QUALITY,"El match con Dolibarr es exacto, lo que aumenta la confiabilidad de esta estimación.",positive
LINAC-153038,45133317815_01,LOW_DATA_VOLUME,Solo existe un evento observado para este repuesto en esta máquina - no hay base estadística suficiente todavía.,info
LINAC-153038,R1510260,LOW_DATA_VOLUME,Solo existe un evento observado para este repuesto en esta máquina - no hay base estadística suficiente todavía.,info
LINAC-153038,R1510260,MATCH_QUALITY,"El match con Dolibarr es exacto, lo que aumenta la confiabilidad de esta estimación.",positive
APOTECA-CHEMO,128345,LOW_DATA_VOLUME,Solo existe un evento observado para este repuesto en esta máquina - no hay base estadística suficiente todavía.,info
APOTECA-CHEMO,128345,MATCH_QUALITY,"El match con Dolibarr es exacto, lo que aumenta la confiabilidad de esta estimación.",positive
Linac-201172,923931518204,LOW_DATA_VOLUME,"La estimación tiene confiabilidad reducida por n < 3 (0 intervalo(s) propios). Un solo evento observado, sin intervalo propio - se usa 100% la estimación de la cohorte (same_client_same_part).",warning
Linac-201172,923931518204,MATCH_QUALITY,"El match con Dolibarr es exacto, lo que aumenta la confiabilidad de esta estimación.",positive
Linac-201172,923931518204,COHORT_USED,El modelo usa cohorte (same_client_same_part) porque no hay suficientes eventos propios en esta máquina.,info
Linac-201172,BJ6219.001.02,LOW_DATA_VOLUME,Solo existe un evento observado para este repuesto en esta máquina - no hay base estadística suficiente todavía.,info
Linac-201172,BJ6219.001.02,MATCH_QUALITY,"El match con Dolibarr es exacto, lo que aumenta la confiabilidad de esta estimación.",positive
Linac-153935,1021309___1564281,LOW_DATA_VOLUME,"La estimación tiene confiabilidad reducida por n < 3 (0 intervalo(s) propios). Un solo evento observado, sin intervalo propio - se usa 100% la estimación de la cohorte (same_client_same_part).",warning
Linac-153935,1021309___1564281,COHORT_USED,El modelo usa cohorte (same_client_same_part) porque no hay suficientes eventos propios en esta máquina.,info
Linac-153935,1021309___1564281,AFTER_HOURS_EXPOSURE,"La máquina presenta actividad fuera de horario relevante; esto podría ser un factor explicativo, pero no prueba causalidad.",info
LINAC-153038,1541653,LOW_DATA_VOLUME,Solo existe un evento observado para este repuesto en esta máquina - no hay base estadística suficiente todavía.,info
LINAC-153038,1541653,MATCH_QUALITY,"El match con Dolibarr es exacto, lo que aumenta la confiabilidad de esta estimación.",positive
LINAC-153038,1541653,AFTER_HOURS_EXPOSURE,"La máquina presenta actividad fuera de horario relevante; esto podría ser un factor explicativo, pero no prueba causalidad.",info
LINAC-153038,45133400146,LOW_DATA_VOLUME,Solo existe un evento observado para este repuesto en esta máquina - no hay base estadística suficiente todavía.,info
LINAC-153038,45133400146,MATCH_QUALITY,"El match con Dolibarr es exacto, lo que aumenta la confiabilidad de esta estimación.",positive
LINAC-153038,45133400146,AFTER_HOURS_EXPOSURE,"La máquina presenta actividad fuera de horario relevante; esto podría ser un factor explicativo, pero no prueba causalidad.",info
Linac-153935,1500443_02,LOW_DATA_VOLUME,Solo existe un evento observado para este repuesto en esta máquina - no hay base estadística suficiente todavía.,info
Linac-153935,1500443_02,AFTER_HOURS_EXPOSURE,"La máquina presenta actividad fuera de horario relevante; esto podría ser un factor explicativo, pero no prueba causalidad.",info
Linac-201172,BJ4853.228.01,LOW_DATA_VOLUME,Solo existe un evento observado para este repuesto en esta máquina - no hay base estadística suficiente todavía.,info
Linac-201172,BJ4853.228.01,MATCH_QUALITY,"El match con Dolibarr es exacto, lo que aumenta la confiabilidad de esta estimación.",positive
Linac-154325,45133904034,LOW_DATA_VOLUME,Solo existe un evento observado para este repuesto en esta máquina - no hay base estadística suficiente todavía.,info
Linac-154325,45133904034,MATCH_QUALITY,"El match con Dolibarr es exacto, lo que aumenta la confiabilidad de esta estimación.",positive
LINAC-153038,1014474,LOW_DATA_VOLUME,Solo existe un evento observado para este repuesto en esta máquina - no hay base estadística suficiente todavía.,info
LINAC-153038,1014474,MATCH_QUALITY,"El match con Dolibarr es exacto, lo que aumenta la confiabilidad de esta estimación.",positive
Linac-153935,1016641,LOW_DATA_VOLUME,Solo existe un evento observado para este repuesto en esta máquina - no hay base estadística suficiente todavía.,info
Linac-153935,1016641,MATCH_QUALITY,"El match con Dolibarr es exacto, lo que aumenta la confiabilidad de esta estimación.",positive
Linac-153935,1016641,AFTER_HOURS_EXPOSURE,"La máquina presenta actividad fuera de horario relevante; esto podría ser un factor explicativo, pero no prueba causalidad.",info
Linac-153935,1531145,LOW_DATA_VOLUME,Solo existe un evento observado para este repuesto en esta máquina - no hay base estadística suficiente todavía.,info
Linac-153935,1531145,MATCH_QUALITY,"El match con Dolibarr es exacto, lo que aumenta la confiabilidad de esta estimación.",positive
Linac-153935,1531145,AFTER_HOURS_EXPOSURE,"La máquina presenta actividad fuera de horario relevante; esto podría ser un factor explicativo, pero no prueba causalidad.",info
LINAC-153038,45133307890,LOW_DATA_VOLUME,Solo existe un evento observado para este repuesto en esta máquina - no hay base estadística suficiente todavía.,info
LINAC-153038,45133307890,MATCH_QUALITY,"El match con Dolibarr es exacto, lo que aumenta la confiabilidad de esta estimación.",positive
LINAC-153038,45133307890,AFTER_HOURS_EXPOSURE,"La máquina presenta actividad fuera de horario relevante; esto podría ser un factor explicativo, pero no prueba causalidad.",info
Linac-201110,4513316441202U,LOW_DATA_VOLUME,"La estimación tiene confiabilidad reducida por n < 3 (0 intervalo(s) propios). Un solo evento observado, sin intervalo propio - se usa 100% la estimación de la cohorte (same_client_same_part).",warning
Linac-201110,4513316441202U,COHORT_USED,El modelo usa cohorte (same_client_same_part) porque no hay suficientes eventos propios en esta máquina.,info
Linac-151673,1014474,LOW_DATA_VOLUME,Solo existe un evento observado para este repuesto en esta máquina - no hay base estadística suficiente todavía.,info
Linac-151673,1014474,MATCH_QUALITY,"El match con Dolibarr es exacto, lo que aumenta la confiabilidad de esta estimación.",positive
Linac-151673,1014474,AFTER_HOURS_EXPOSURE,"La máquina presenta actividad fuera de horario relevante; esto podría ser un factor explicativo, pero no prueba causalidad.",info
APOTECA-CHEMO,128284,LOW_DATA_VOLUME,Solo existe un evento observado para este repuesto en esta máquina - no hay base estadística suficiente todavía.,info
APOTECA-CHEMO,128284,MATCH_QUALITY,"El match con Dolibarr es exacto, lo que aumenta la confiabilidad de esta estimación.",positive
Linac-153935,1016474_usado,LOW_DATA_VOLUME,"La estimación tiene confiabilidad reducida por n < 3 (0 intervalo(s) propios). Un solo evento observado, sin intervalo propio - se usa 100% la estimación de la cohorte (same_client_same_part).",warning
Linac-153935,1016474_usado,COHORT_USED,El modelo usa cohorte (same_client_same_part) porque no hay suficientes eventos propios en esta máquina.,info
Linac-153935,1016474_usado,AFTER_HOURS_EXPOSURE,"La máquina presenta actividad fuera de horario relevante; esto podría ser un factor explicativo, pero no prueba causalidad.",info
Linac-201172,1532627,LOW_DATA_VOLUME,"La estimación tiene confiabilidad reducida por n < 3 (0 intervalo(s) propios). Un solo evento observado, sin intervalo propio - se usa 100% la estimación de la cohorte (same_client_same_part).",warning
Linac-201172,1532627,MATCH_QUALITY,"El match con Dolibarr es exacto, lo que aumenta la confiabilidad de esta estimación.",positive
Linac-201172,1532627,COHORT_USED,El modelo usa cohorte (same_client_same_part) porque no hay suficientes eventos propios en esta máquina.,info
LINAC-153038,1540383,LOW_DATA_VOLUME,Solo existe un evento observado para este repuesto en esta máquina - no hay base estadística suficiente todavía.,info
LINAC-153038,1540383,MATCH_QUALITY,"El match con Dolibarr es exacto, lo que aumenta la confiabilidad de esta estimación.",positive
LINAC-153038,1540383,AFTER_HOURS_EXPOSURE,"La máquina presenta actividad fuera de horario relevante; esto podría ser un factor explicativo, pero no prueba causalidad.",info
Linac-153935,1006737_usado,LOW_DATA_VOLUME,"La estimación tiene confiabilidad reducida por n < 3 (0 intervalo(s) propios). Un solo evento observado, sin intervalo propio - se usa 100% la estimación de la cohorte (same_client_same_part).",warning
Linac-153935,1006737_usado,COHORT_USED,El modelo usa cohorte (same_client_same_part) porque no hay suficientes eventos propios en esta máquina.,info
Linac-153935,1006737_usado,AFTER_HOURS_EXPOSURE,"La máquina presenta actividad fuera de horario relevante; esto podría ser un factor explicativo, pero no prueba causalidad.",info
INC-INFINITY01,1536393,LOW_DATA_VOLUME,Solo existe un evento observado para este repuesto en esta máquina - no hay base estadística suficiente todavía.,info
INC-INFINITY01,1536393,MATCH_QUALITY,"El match con Dolibarr es exacto, lo que aumenta la confiabilidad de esta estimación.",positive
Linac-153935,1010925_usado,LOW_DATA_VOLUME,Solo existe un evento observado para este repuesto en esta máquina - no hay base estadística suficiente todavía.,info
Linac-153935,1010925_usado,AFTER_HOURS_EXPOSURE,"La máquina presenta actividad fuera de horario relevante; esto podría ser un factor explicativo, pero no prueba causalidad.",info
Linac-201172,1511693,LOW_DATA_VOLUME,Solo existe un evento observado para este repuesto en esta máquina - no hay base estadística suficiente todavía.,info
Linac-201172,1511693,AFTER_HOURS_EXPOSURE,"La máquina presenta actividad fuera de horario relevante; esto podría ser un factor explicativo, pero no prueba causalidad.",info
Linac-201172,1519710,LOW_DATA_VOLUME,Solo existe un evento observado para este repuesto en esta máquina - no hay base estadística suficiente todavía.,info
Linac-201172,1519710,AFTER_HOURS_EXPOSURE,"La máquina presenta actividad fuera de horario relevante; esto podría ser un factor explicativo, pero no prueba causalidad.",info
INC-INFINITY01,45133298035,LOW_DATA_VOLUME,Solo existe un evento observado para este repuesto en esta máquina - no hay base estadística suficiente todavía.,info
INC-INFINITY01,45133298035,MATCH_QUALITY,"El match con Dolibarr es exacto, lo que aumenta la confiabilidad de esta estimación.",positive
INC-INFINITY01,45133298035,AFTER_HOURS_EXPOSURE,"La máquina presenta actividad fuera de horario relevante; esto podría ser un factor explicativo, pero no prueba causalidad.",info
INC-INFINITY01,45133308790,LOW_DATA_VOLUME,Solo existe un evento observado para este repuesto en esta máquina - no hay base estadística suficiente todavía.,info
INC-INFINITY01,45133308790,MATCH_QUALITY,"El match con Dolibarr es exacto, lo que aumenta la confiabilidad de esta estimación.",positive
INC-INFINITY01,45133308790,AFTER_HOURS_EXPOSURE,"La máquina presenta actividad fuera de horario relevante; esto podría ser un factor explicativo, pero no prueba causalidad.",info
INC-INFINITY01,351372100645P,LOW_DATA_VOLUME,Solo existe un evento observado para este repuesto en esta máquina - no hay base estadística suficiente todavía.,info
INC-INFINITY01,351372100645P,MATCH_QUALITY,"El match con Dolibarr es exacto, lo que aumenta la confiabilidad de esta estimación.",positive
INC-INFINITY01,351372100645P,AFTER_HOURS_EXPOSURE,"La máquina presenta actividad fuera de horario relevante; esto podría ser un factor explicativo, pero no prueba causalidad.",info
LINAC-153038,451362610002L,LOW_DATA_VOLUME,Solo existe un evento observado para este repuesto en esta máquina - no hay base estadística suficiente todavía.,info
LINAC-153038,451362610002L,AFTER_HOURS_EXPOSURE,"La máquina presenta actividad fuera de horario relevante; esto podría ser un factor explicativo, pero no prueba causalidad.",info
Linac-151673,1531852,LOW_DATA_VOLUME,Solo existe un evento observado para este repuesto en esta máquina - no hay base estadística suficiente todavía.,info
Linac-151673,1531852,MATCH_QUALITY,"El match con Dolibarr es exacto, lo que aumenta la confiabilidad de esta estimación.",positive
Linac-151673,1531852,AFTER_HOURS_EXPOSURE,"La máquina presenta actividad fuera de horario relevante; esto podría ser un factor explicativo, pero no prueba causalidad.",info
LINAC-153038,45133302802,LOW_DATA_VOLUME,Solo existe un evento observado para este repuesto en esta máquina - no hay base estadística suficiente todavía.,info
LINAC-153038,45133302802,MATCH_QUALITY,"El match con Dolibarr es exacto, lo que aumenta la confiabilidad de esta estimación.",positive
LINAC-153038,45133302802,AFTER_HOURS_EXPOSURE,"La máquina presenta actividad fuera de horario relevante; esto podría ser un factor explicativo, pero no prueba causalidad.",info
INC-INFINITY01,1511862,LOW_DATA_VOLUME,"La estimación tiene confiabilidad reducida por n < 3 (0 intervalo(s) propios). Un solo evento observado, sin intervalo propio - se usa 100% la estimación de la cohorte (same_client_same_part).",warning
INC-INFINITY01,1511862,MATCH_QUALITY,"El match con Dolibarr es exacto, lo que aumenta la confiabilidad de esta estimación.",positive
INC-INFINITY01,1511862,COHORT_USED,El modelo usa cohorte (same_client_same_part) porque no hay suficientes eventos propios en esta máquina.,info
LINAC-153038,1502738,LOW_DATA_VOLUME,Solo existe un evento observado para este repuesto en esta máquina - no hay base estadística suficiente todavía.,info
LINAC-153038,1502738,MATCH_QUALITY,"El match con Dolibarr es exacto, lo que aumenta la confiabilidad de esta estimación.",positive
LINAC-153038,1502738,AFTER_HOURS_EXPOSURE,"La máquina presenta actividad fuera de horario relevante; esto podría ser un factor explicativo, pero no prueba causalidad.",info
LINAC-153038,1502740,LOW_DATA_VOLUME,Solo existe un evento observado para este repuesto en esta máquina - no hay base estadística suficiente todavía.,info
LINAC-153038,1502740,MATCH_QUALITY,"El match con Dolibarr es exacto, lo que aumenta la confiabilidad de esta estimación.",positive
LINAC-153038,1502740,AFTER_HOURS_EXPOSURE,"La máquina presenta actividad fuera de horario relevante; esto podría ser un factor explicativo, pero no prueba causalidad.",info
LINAC-153038,1022473,LOW_DATA_VOLUME,Solo existe un evento observado para este repuesto en esta máquina - no hay base estadística suficiente todavía.,info
LINAC-153038,1022473,MATCH_QUALITY,"El match con Dolibarr es exacto, lo que aumenta la confiabilidad de esta estimación.",positive
LINAC-153038,1531848,LOW_DATA_VOLUME,Solo existe un evento observado para este repuesto en esta máquina - no hay base estadística suficiente todavía.,info
LINAC-153038,1531848,MATCH_QUALITY,"El match con Dolibarr es exacto, lo que aumenta la confiabilidad de esta estimación.",positive
LINAC-153038,1531848,AFTER_HOURS_EXPOSURE,"La máquina presenta actividad fuera de horario relevante; esto podría ser un factor explicativo, pero no prueba causalidad.",info
Linac-151238,45133904654,LOW_DATA_VOLUME,Solo existe un evento observado para este repuesto en esta máquina - no hay base estadística suficiente todavía.,info
INC-INFINITY01,1024939,LOW_DATA_VOLUME,"La estimación tiene confiabilidad reducida por n < 3 (0 intervalo(s) propios). Un solo evento observado, sin intervalo propio - se usa 100% la estimación de la cohorte (same_client_same_part).",warning
INC-INFINITY01,1024939,MATCH_QUALITY,"El match con Dolibarr es exacto, lo que aumenta la confiabilidad de esta estimación.",positive
INC-INFINITY01,1024939,COHORT_USED,El modelo usa cohorte (same_client_same_part) porque no hay suficientes eventos propios en esta máquina.,info
INC-INFINITY01,1016474_usado,LOW_DATA_VOLUME,"La estimación tiene confiabilidad reducida por n < 3 (0 intervalo(s) propios). Un solo evento observado, sin intervalo propio - se usa 100% la estimación de la cohorte (same_client_same_part).",warning
INC-INFINITY01,1016474_usado,COHORT_USED,El modelo usa cohorte (same_client_same_part) porque no hay suficientes eventos propios en esta máquina.,info
INC-INFINITY01,1016474_usado,AFTER_HOURS_EXPOSURE,"La máquina presenta actividad fuera de horario relevante; esto podría ser un factor explicativo, pero no prueba causalidad.",info
INC-INFINITY01,45133308530,LOW_DATA_VOLUME,"La estimación tiene confiabilidad reducida por n < 3 (0 intervalo(s) propios). Un solo evento observado, sin intervalo propio - se usa 100% la estimación de la cohorte (same_client_same_part).",warning
INC-INFINITY01,45133308530,MATCH_QUALITY,"El match con Dolibarr es exacto, lo que aumenta la confiabilidad de esta estimación.",positive
INC-INFINITY01,45133308530,COHORT_USED,El modelo usa cohorte (same_client_same_part) porque no hay suficientes eventos propios en esta máquina.,info
INC-INFINITY01,45133308530,AFTER_HOURS_EXPOSURE,"La máquina presenta actividad fuera de horario relevante; esto podría ser un factor explicativo, pero no prueba causalidad.",info
INC-INFINITY01,1549816,LOW_DATA_VOLUME,"La estimación tiene confiabilidad reducida por n < 3 (0 intervalo(s) propios). Un solo evento observado, sin intervalo propio - se usa 100% la estimación de la cohorte (same_client_same_part).",warning
INC-INFINITY01,1549816,MATCH_QUALITY,"El match con Dolibarr es exacto, lo que aumenta la confiabilidad de esta estimación.",positive
INC-INFINITY01,1549816,COHORT_USED,El modelo usa cohorte (same_client_same_part) porque no hay suficientes eventos propios en esta máquina.,info
INC-INFINITY01,1549816,AFTER_HOURS_EXPOSURE,"La máquina presenta actividad fuera de horario relevante; esto podría ser un factor explicativo, pero no prueba causalidad.",info
Linac-201110,1006059,LOW_DATA_VOLUME,Solo existe un evento observado para este repuesto en esta máquina - no hay base estadística suficiente todavía.,info
Linac-201110,1006059,AFTER_HOURS_EXPOSURE,"La máquina presenta actividad fuera de horario relevante; esto podría ser un factor explicativo, pero no prueba causalidad.",info
INC-INFINITY01,1017632_usado,LOW_DATA_VOLUME,"La estimación tiene confiabilidad reducida por n < 3 (0 intervalo(s) propios). Un solo evento observado, sin intervalo propio - se usa 100% la estimación de la cohorte (same_client_same_part).",warning
INC-INFINITY01,1017632_usado,COHORT_USED,El modelo usa cohorte (same_client_same_part) porque no hay suficientes eventos propios en esta máquina.,info
LINAC-153038,1535807,LOW_DATA_VOLUME,Solo existe un evento observado para este repuesto en esta máquina - no hay base estadística suficiente todavía.,info
LINAC-153038,1535807,MATCH_QUALITY,"El match con Dolibarr es exacto, lo que aumenta la confiabilidad de esta estimación.",positive
LINAC-153038,45133317850,LOW_DATA_VOLUME,Solo existe un evento observado para este repuesto en esta máquina - no hay base estadística suficiente todavía.,info
LINAC-153038,45133317850,MATCH_QUALITY,"El match con Dolibarr es exacto, lo que aumenta la confiabilidad de esta estimación.",positive
INC-INFINITY01,45133165177,LOW_DATA_VOLUME,"La estimación tiene confiabilidad reducida por n < 3 (0 intervalo(s) propios). Un solo evento observado, sin intervalo propio - se usa 100% la estimación de la cohorte (same_part_global).",warning
INC-INFINITY01,45133165177,MATCH_QUALITY,"El match con Dolibarr es exacto, lo que aumenta la confiabilidad de esta estimación.",positive
INC-INFINITY01,45133165177,COHORT_USED,El modelo usa cohorte (same_part_global) porque no hay suficientes eventos propios en esta máquina.,info
INC-INFINITY01,45133165177,AFTER_HOURS_EXPOSURE,"La máquina presenta actividad fuera de horario relevante; esto podría ser un factor explicativo, pero no prueba causalidad.",info
INC-INFINITY01,1505856,LOW_DATA_VOLUME,Solo existe un evento observado para este repuesto en esta máquina - no hay base estadística suficiente todavía.,info
INC-INFINITY01,1505856,MATCH_QUALITY,"El match con Dolibarr es exacto, lo que aumenta la confiabilidad de esta estimación.",positive
Linac-153935,1549816,LOW_DATA_VOLUME,"La estimación tiene confiabilidad reducida por n < 3 (0 intervalo(s) propios). Un solo evento observado, sin intervalo propio - se usa 100% la estimación de la cohorte (same_client_same_part).",warning
Linac-153935,1549816,MATCH_QUALITY,"El match con Dolibarr es exacto, lo que aumenta la confiabilidad de esta estimación.",positive
Linac-153935,1549816,COHORT_USED,El modelo usa cohorte (same_client_same_part) porque no hay suficientes eventos propios en esta máquina.,info
Linac-153935,1026565,LOW_DATA_VOLUME,Solo existe un evento observado para este repuesto en esta máquina - no hay base estadística suficiente todavía.,info
Linac-153935,1026565,MATCH_QUALITY,"El match con Dolibarr es exacto, lo que aumenta la confiabilidad de esta estimación.",positive
LINAC-153038,1549509_FCO,LOW_DATA_VOLUME,Solo existe un evento observado para este repuesto en esta máquina - no hay base estadística suficiente todavía.,info
LINAC-153038,1514986,LOW_DATA_VOLUME,Solo existe un evento observado para este repuesto en esta máquina - no hay base estadística suficiente todavía.,info
LINAC-153038,1514986,MATCH_QUALITY,"El match con Dolibarr es exacto, lo que aumenta la confiabilidad de esta estimación.",positive
LINAC-153038,1539233_FCO,LOW_DATA_VOLUME,Solo existe un evento observado para este repuesto en esta máquina - no hay base estadística suficiente todavía.,info
LINAC-153038,45133308530,LOW_DATA_VOLUME,"La estimación tiene confiabilidad reducida por n < 3 (0 intervalo(s) propios). Un solo evento observado, sin intervalo propio - se usa 100% la estimación de la cohorte (same_client_same_part).",warning
LINAC-153038,45133308530,MATCH_QUALITY,"El match con Dolibarr es exacto, lo que aumenta la confiabilidad de esta estimación.",positive
LINAC-153038,45133308530,COHORT_USED,El modelo usa cohorte (same_client_same_part) porque no hay suficientes eventos propios en esta máquina.,info
LINAC-153038,45133308530,AFTER_HOURS_EXPOSURE,"La máquina presenta actividad fuera de horario relevante; esto podría ser un factor explicativo, pero no prueba causalidad.",info
Linac-153935,1514986,LOW_DATA_VOLUME,Solo existe un evento observado para este repuesto en esta máquina - no hay base estadística suficiente todavía.,info
Linac-153935,1514986,MATCH_QUALITY,"El match con Dolibarr es exacto, lo que aumenta la confiabilidad de esta estimación.",positive
Linac-151673,1522567,LOW_DATA_VOLUME,"La estimación tiene confiabilidad reducida por n < 3 (0 intervalo(s) propios). Un solo evento observado, sin intervalo propio - se usa 100% la estimación de la cohorte (same_client_same_part).",warning
Linac-151673,1522567,MATCH_QUALITY,"El match con Dolibarr es exacto, lo que aumenta la confiabilidad de esta estimación.",positive
Linac-151673,1522567,COHORT_USED,El modelo usa cohorte (same_client_same_part) porque no hay suficientes eventos propios en esta máquina.,info
INC-INFINITY01,1505146,LOW_DATA_VOLUME,Solo existe un evento observado para este repuesto en esta máquina - no hay base estadística suficiente todavía.,info
INC-INFINITY01,1505146,MATCH_QUALITY,"El match con Dolibarr es exacto, lo que aumenta la confiabilidad de esta estimación.",positive
INC-INFINITY01,1546731,LOW_DATA_VOLUME,"La estimación tiene confiabilidad reducida por n < 3 (0 intervalo(s) propios). Un solo evento observado, sin intervalo propio - se usa 100% la estimación de la cohorte (same_client_same_part).",warning
INC-INFINITY01,1546731,MATCH_QUALITY,"El match con Dolibarr es exacto, lo que aumenta la confiabilidad de esta estimación.",positive
INC-INFINITY01,1546731,COHORT_USED,El modelo usa cohorte (same_client_same_part) porque no hay suficientes eventos propios en esta máquina.,info
LINAC-153038,1556287,LOW_DATA_VOLUME,"La estimación tiene confiabilidad reducida por n < 3 (0 intervalo(s) propios). Un solo evento observado, sin intervalo propio - se usa 100% la estimación de la cohorte (same_client_same_part).",warning
LINAC-153038,1556287,MATCH_QUALITY,"El match con Dolibarr es exacto, lo que aumenta la confiabilidad de esta estimación.",positive
LINAC-153038,1556287,COHORT_USED,El modelo usa cohorte (same_client_same_part) porque no hay suficientes eventos propios en esta máquina.,info
LINAC-153038,1534191,LOW_DATA_VOLUME,Solo existe un evento observado para este repuesto en esta máquina - no hay base estadística suficiente todavía.,info
LINAC-153038,1534191,MATCH_QUALITY,"El match con Dolibarr es exacto, lo que aumenta la confiabilidad de esta estimación.",positive
LINAC-153038,1534191,AFTER_HOURS_EXPOSURE,"La máquina presenta actividad fuera de horario relevante; esto podría ser un factor explicativo, pero no prueba causalidad.",info
LINAC-153038,1534195,LOW_DATA_VOLUME,Solo existe un evento observado para este repuesto en esta máquina - no hay base estadística suficiente todavía.,info
LINAC-153038,1534195,MATCH_QUALITY,"El match con Dolibarr es exacto, lo que aumenta la confiabilidad de esta estimación.",positive
LINAC-153038,1534195,AFTER_HOURS_EXPOSURE,"La máquina presenta actividad fuera de horario relevante; esto podría ser un factor explicativo, pero no prueba causalidad.",info
Linac-152171,1016984,LOW_DATA_VOLUME,Solo existe un evento observado para este repuesto en esta máquina - no hay base estadística suficiente todavía.,info
Linac-152171,1016984,MATCH_QUALITY,"El match con Dolibarr es exacto, lo que aumenta la confiabilidad de esta estimación.",positive
Linac-152171,1016984,ASSOCIATION_QUALITY,"La asociación repuesto-máquina proviene de una task con múltiples equipos, lo que reduce la confiabilidad de esta estimación.",warning
Linac-152171,1016984,AFTER_HOURS_EXPOSURE,"La máquina presenta actividad fuera de horario relevante; esto podría ser un factor explicativo, pero no prueba causalidad.",info
Linac-151673,1016984,LOW_DATA_VOLUME,Solo existe un evento observado para este repuesto en esta máquina - no hay base estadística suficiente todavía.,info
Linac-151673,1016984,MATCH_QUALITY,"El match con Dolibarr es exacto, lo que aumenta la confiabilidad de esta estimación.",positive
Linac-151673,1016984,ASSOCIATION_QUALITY,"La asociación repuesto-máquina proviene de una task con múltiples equipos, lo que reduce la confiabilidad de esta estimación.",warning
Linac-151673,1016984,AFTER_HOURS_EXPOSURE,"La máquina presenta actividad fuera de horario relevante; esto podría ser un factor explicativo, pero no prueba causalidad.",info
LINAC-153038,45133903384,LOW_DATA_VOLUME,Solo existe un evento observado para este repuesto en esta máquina - no hay base estadística suficiente todavía.,info
LINAC-153038,45133903384,MATCH_QUALITY,"El match con Dolibarr es exacto, lo que aumenta la confiabilidad de esta estimación.",positive
LINAC-153038,45133903384,AFTER_HOURS_EXPOSURE,"La máquina presenta actividad fuera de horario relevante; esto podría ser un factor explicativo, pero no prueba causalidad.",info
Linac-201110,1020469,LOW_DATA_VOLUME,Solo existe un evento observado para este repuesto en esta máquina - no hay base estadística suficiente todavía.,info
Linac-201110,1020469,AFTER_HOURS_EXPOSURE,"La máquina presenta actividad fuera de horario relevante; esto podría ser un factor explicativo, pero no prueba causalidad.",info
Linac-201110,1511693,LOW_DATA_VOLUME,Solo existe un evento observado para este repuesto en esta máquina - no hay base estadística suficiente todavía.,info
Linac-201110,1511693,MATCH_QUALITY,"El match con Dolibarr es exacto, lo que aumenta la confiabilidad de esta estimación.",positive
INC-INFINITY01,1024129,LOW_DATA_VOLUME,Solo existe un evento observado para este repuesto en esta máquina - no hay base estadística suficiente todavía.,info
INC-INFINITY01,1024129,MATCH_QUALITY,"El match con Dolibarr es exacto, lo que aumenta la confiabilidad de esta estimación.",positive
Linac-154325,1541718,LOW_DATA_VOLUME,"La estimación tiene confiabilidad reducida por n < 3 (0 intervalo(s) propios). Un solo evento observado, sin intervalo propio - se usa 100% la estimación de la cohorte (same_client_same_part).",warning
Linac-154325,1541718,MATCH_QUALITY,"El match con Dolibarr es exacto, lo que aumenta la confiabilidad de esta estimación.",positive
Linac-154325,1541718,COHORT_USED,El modelo usa cohorte (same_client_same_part) porque no hay suficientes eventos propios en esta máquina.,info
LINAC-153038,1022378,LOW_DATA_VOLUME,"La estimación tiene confiabilidad reducida por n < 3 (0 intervalo(s) propios). Un solo evento observado, sin intervalo propio - se usa 100% la estimación de la cohorte (same_client_same_part).",warning
LINAC-153038,1022378,MATCH_QUALITY,"El match con Dolibarr es exacto, lo que aumenta la confiabilidad de esta estimación.",positive
LINAC-153038,1022378,COHORT_USED,El modelo usa cohorte (same_client_same_part) porque no hay suficientes eventos propios en esta máquina.,info
LINAC-153038,1022378,AFTER_HOURS_EXPOSURE,"La máquina presenta actividad fuera de horario relevante; esto podría ser un factor explicativo, pero no prueba causalidad.",info
Linac-201110,1535987,LOW_DATA_VOLUME,"La estimación tiene confiabilidad reducida por n < 3 (0 intervalo(s) propios). Un solo evento observado, sin intervalo propio - se usa 100% la estimación de la cohorte (same_client_same_part).",warning
Linac-201110,1535987,MATCH_QUALITY,"El match con Dolibarr es exacto, lo que aumenta la confiabilidad de esta estimación.",positive
Linac-201110,1535987,COHORT_USED,El modelo usa cohorte (same_client_same_part) porque no hay suficientes eventos propios en esta máquina.,info
Linac-154325,1538094,LOW_DATA_VOLUME,Solo existe un evento observado para este repuesto en esta máquina - no hay base estadística suficiente todavía.,info
Linac-154325,1538094,MATCH_QUALITY,"El match con Dolibarr es exacto, lo que aumenta la confiabilidad de esta estimación.",positive
Linac-154325,45133502026_usado,LOW_DATA_VOLUME,"La estimación tiene confiabilidad reducida por n < 3 (0 intervalo(s) propios). Un solo evento observado, sin intervalo propio - se usa 100% la estimación de la cohorte (same_client_same_part).",warning
Linac-154325,45133502026_usado,COHORT_USED,El modelo usa cohorte (same_client_same_part) porque no hay suficientes eventos propios en esta máquina.,info
Linac-105157,45133308034,LOW_DATA_VOLUME,Solo existe un evento observado para este repuesto en esta máquina - no hay base estadística suficiente todavía.,info
Linac-105157,45133308034,MATCH_QUALITY,"El match con Dolibarr es exacto, lo que aumenta la confiabilidad de esta estimación.",positive
LINAC-153038,45133318520,LOW_DATA_VOLUME,Solo existe un evento observado para este repuesto en esta máquina - no hay base estadística suficiente todavía.,info
LINAC-153038,45133318520,MATCH_QUALITY,"El match con Dolibarr es exacto, lo que aumenta la confiabilidad de esta estimación.",positive
INC-INFINITY01,1551103,LOW_DATA_VOLUME,Solo existe un evento observado para este repuesto en esta máquina - no hay base estadística suficiente todavía.,info
INC-INFINITY01,1551103,MATCH_QUALITY,"El match con Dolibarr es exacto, lo que aumenta la confiabilidad de esta estimación.",positive
LINAC-153038,45133407315,LOW_DATA_VOLUME,Solo existe un evento observado para este repuesto en esta máquina - no hay base estadística suficiente todavía.,info
LINAC-153038,45133407315,MATCH_QUALITY,"El match con Dolibarr es exacto, lo que aumenta la confiabilidad de esta estimación.",positive
LINAC-153038,261308039505J,LOW_DATA_VOLUME,Solo existe un evento observado para este repuesto en esta máquina - no hay base estadística suficiente todavía.,info
LINAC-153038,261308039505J,MATCH_QUALITY,"El match con Dolibarr es exacto, lo que aumenta la confiabilidad de esta estimación.",positive
LINAC-153038,261308039505J,AFTER_HOURS_EXPOSURE,"La máquina presenta actividad fuera de horario relevante; esto podría ser un factor explicativo, pero no prueba causalidad.",info
LINAC-153038,1513849,LOW_DATA_VOLUME,Solo existe un evento observado para este repuesto en esta máquina - no hay base estadística suficiente todavía.,info
LINAC-153038,1513849,MATCH_QUALITY,"El match con Dolibarr es exacto, lo que aumenta la confiabilidad de esta estimación.",positive
LINAC-153038,1513849,AFTER_HOURS_EXPOSURE,"La máquina presenta actividad fuera de horario relevante; esto podría ser un factor explicativo, pero no prueba causalidad.",info
Linac-153935,4513330223101R,LOW_DATA_VOLUME,Solo existe un evento observado para este repuesto en esta máquina - no hay base estadística suficiente todavía.,info
Linac-153935,4513330223101R,MATCH_QUALITY,"El match con Dolibarr es exacto, lo que aumenta la confiabilidad de esta estimación.",positive
Linac-154325,1534191,LOW_DATA_VOLUME,Solo existe un evento observado para este repuesto en esta máquina - no hay base estadística suficiente todavía.,info
Linac-154325,1534191,MATCH_QUALITY,"El match con Dolibarr es exacto, lo que aumenta la confiabilidad de esta estimación.",positive
Linac-154325,1534191,AFTER_HOURS_EXPOSURE,"La máquina presenta actividad fuera de horario relevante; esto podría ser un factor explicativo, pero no prueba causalidad.",info
HDR_10806,106931-00,LOW_DATA_VOLUME,Solo existe un evento observado para este repuesto en esta máquina - no hay base estadística suficiente todavía.,info
HDR_10806,106931-00,MATCH_QUALITY,"El match con Dolibarr es exacto, lo que aumenta la confiabilidad de esta estimación.",positive
LINAC-153038,1534583,LOW_DATA_VOLUME,Solo existe un evento observado para este repuesto en esta máquina - no hay base estadística suficiente todavía.,info
LINAC-153038,1534583,AFTER_HOURS_EXPOSURE,"La máquina presenta actividad fuera de horario relevante; esto podría ser un factor explicativo, pero no prueba causalidad.",info
APOTECA-CHEMO,2279013,LOW_DATA_VOLUME,Solo existe un evento observado para este repuesto en esta máquina - no hay base estadística suficiente todavía.,info
APOTECA-CHEMO,2279013,MATCH_QUALITY,"El match con Dolibarr es exacto, lo que aumenta la confiabilidad de esta estimación.",positive
Linac-153935,03-999-1141,LOW_DATA_VOLUME,Solo existe un evento observado para este repuesto en esta máquina - no hay base estadística suficiente todavía.,info
Linac-153935,03-999-1141,MATCH_QUALITY,"El match con Dolibarr es exacto, lo que aumenta la confiabilidad de esta estimación.",positive
Linac-152171,1006737_usado,LOW_DATA_VOLUME,"La estimación tiene confiabilidad reducida por n < 3 (0 intervalo(s) propios). Un solo evento observado, sin intervalo propio - se usa 100% la estimación de la cohorte (same_client_same_part).",warning
Linac-152171,1006737_usado,ASSOCIATION_QUALITY,"La asociación repuesto-máquina proviene de una task con múltiples equipos, lo que reduce la confiabilidad de esta estimación.",warning
Linac-152171,1006737_usado,COHORT_USED,El modelo usa cohorte (same_client_same_part) porque no hay suficientes eventos propios en esta máquina.,info
Linac-152171,1006737_usado,AFTER_HOURS_EXPOSURE,"La máquina presenta actividad fuera de horario relevante; esto podría ser un factor explicativo, pero no prueba causalidad.",info
LINAC-153038,4513341185001U,LOW_DATA_VOLUME,"La estimación tiene confiabilidad reducida por n < 3 (0 intervalo(s) propios). Un solo evento observado, sin intervalo propio - se usa 100% la estimación de la cohorte (same_client_same_part).",warning
LINAC-153038,4513341185001U,MATCH_QUALITY,"El match con Dolibarr es exacto, lo que aumenta la confiabilidad de esta estimación.",positive
LINAC-153038,4513341185001U,COHORT_USED,El modelo usa cohorte (same_client_same_part) porque no hay suficientes eventos propios en esta máquina.,info
LINAC-153038,4513341185001U,AFTER_HOURS_EXPOSURE,"La máquina presenta actividad fuera de horario relevante; esto podría ser un factor explicativo, pero no prueba causalidad.",info
Linac-154325,1006737_usado,LOW_DATA_VOLUME,"La estimación tiene confiabilidad reducida por n < 3 (0 intervalo(s) propios). Un solo evento observado, sin intervalo propio - se usa 100% la estimación de la cohorte (same_client_same_part).",warning
Linac-154325,1006737_usado,COHORT_USED,El modelo usa cohorte (same_client_same_part) porque no hay suficientes eventos propios en esta máquina.,info
Linac-154325,1006737_usado,AFTER_HOURS_EXPOSURE,"La máquina presenta actividad fuera de horario relevante; esto podría ser un factor explicativo, pero no prueba causalidad.",info
LINAC-153038,4513316442301M,LOW_DATA_VOLUME,"La estimación tiene confiabilidad reducida por n < 3 (0 intervalo(s) propios). Un solo evento observado, sin intervalo propio - se usa 100% la estimación de la cohorte (same_client_same_part).",warning
LINAC-153038,4513316442301M,MATCH_QUALITY,"El match con Dolibarr es exacto, lo que aumenta la confiabilidad de esta estimación.",positive
LINAC-153038,4513316442301M,COHORT_USED,El modelo usa cohorte (same_client_same_part) porque no hay suficientes eventos propios en esta máquina.,info
LINAC-153038,4513316442301M,AFTER_HOURS_EXPOSURE,"La máquina presenta actividad fuera de horario relevante; esto podría ser un factor explicativo, pero no prueba causalidad.",info
LINAC-153038,1534908,LOW_DATA_VOLUME,Solo existe un evento observado para este repuesto en esta máquina - no hay base estadística suficiente todavía.,info
LINAC-153038,1534908,MATCH_QUALITY,"El match con Dolibarr es exacto, lo que aumenta la confiabilidad de esta estimación.",positive
LINAC-153038,1534908,AFTER_HOURS_EXPOSURE,"La máquina presenta actividad fuera de horario relevante; esto podría ser un factor explicativo, pero no prueba causalidad.",info
LINAC-153038,1011030,LOW_DATA_VOLUME,Solo existe un evento observado para este repuesto en esta máquina - no hay base estadística suficiente todavía.,info
LINAC-153038,1011030,MATCH_QUALITY,"El match con Dolibarr es exacto, lo que aumenta la confiabilidad de esta estimación.",positive
LINAC-153038,1011030,AFTER_HOURS_EXPOSURE,"La máquina presenta actividad fuera de horario relevante; esto podría ser un factor explicativo, pero no prueba causalidad.",info
LINAC-153038,R1510261,LOW_DATA_VOLUME,Solo existe un evento observado para este repuesto en esta máquina - no hay base estadística suficiente todavía.,info
LINAC-153038,R1510261,MATCH_QUALITY,"El match con Dolibarr es exacto, lo que aumenta la confiabilidad de esta estimación.",positive
LINAC-153038,R1510261,AFTER_HOURS_EXPOSURE,"La máquina presenta actividad fuera de horario relevante; esto podría ser un factor explicativo, pero no prueba causalidad.",info
LINAC-153038,1557545,LOW_DATA_VOLUME,"La estimación tiene confiabilidad reducida por n < 3 (0 intervalo(s) propios). Un solo evento observado, sin intervalo propio - se usa 100% la estimación de la cohorte (same_client_same_part).",warning
LINAC-153038,1557545,MATCH_QUALITY,"El match con Dolibarr es exacto, lo que aumenta la confiabilidad de esta estimación.",positive
LINAC-153038,1557545,COHORT_USED,El modelo usa cohorte (same_client_same_part) porque no hay suficientes eventos propios en esta máquina.,info
LINAC-153038,1557545,AFTER_HOURS_EXPOSURE,"La máquina presenta actividad fuera de horario relevante; esto podría ser un factor explicativo, pero no prueba causalidad.",info
LINAC-153038,1010260,LOW_DATA_VOLUME,Solo existe un evento observado para este repuesto en esta máquina - no hay base estadística suficiente todavía.,info
LINAC-153038,1010260,MATCH_QUALITY,"El match con Dolibarr es exacto, lo que aumenta la confiabilidad de esta estimación.",positive
LINAC-153038,1010260,AFTER_HOURS_EXPOSURE,"La máquina presenta actividad fuera de horario relevante; esto podría ser un factor explicativo, pero no prueba causalidad.",info
Linac-152171,451362610003J,LOW_DATA_VOLUME,Solo existe un evento observado para este repuesto en esta máquina - no hay base estadística suficiente todavía.,info
Linac-152171,451362610003J,MATCH_QUALITY,"El match con Dolibarr es exacto, lo que aumenta la confiabilidad de esta estimación.",positive
Linac-152171,1551103,LOW_DATA_VOLUME,Solo existe un evento observado para este repuesto en esta máquina - no hay base estadística suficiente todavía.,info
Linac-152171,1551103,MATCH_QUALITY,"El match con Dolibarr es exacto, lo que aumenta la confiabilidad de esta estimación.",positive
Linac-152171,1551103,ASSOCIATION_QUALITY,"La asociación repuesto-máquina proviene de una task con múltiples equipos, lo que reduce la confiabilidad de esta estimación.",warning
Linac-152171,1551103,AFTER_HOURS_EXPOSURE,"La máquina presenta actividad fuera de horario relevante; esto podría ser un factor explicativo, pero no prueba causalidad.",info
Linac-151673,1551103,LOW_DATA_VOLUME,Solo existe un evento observado para este repuesto en esta máquina - no hay base estadística suficiente todavía.,info
Linac-151673,1551103,MATCH_QUALITY,"El match con Dolibarr es exacto, lo que aumenta la confiabilidad de esta estimación.",positive
Linac-151673,1551103,ASSOCIATION_QUALITY,"La asociación repuesto-máquina proviene de una task con múltiples equipos, lo que reduce la confiabilidad de esta estimación.",warning
Linac-151673,1551103,AFTER_HOURS_EXPOSURE,"La máquina presenta actividad fuera de horario relevante; esto podría ser un factor explicativo, pero no prueba causalidad.",info
Linac-152171,45133501070,LOW_DATA_VOLUME,Solo existe un evento observado para este repuesto en esta máquina - no hay base estadística suficiente todavía.,info
Linac-152171,45133501070,MATCH_QUALITY,"El match con Dolibarr es exacto, lo que aumenta la confiabilidad de esta estimación.",positive
INC-INFINITY01,1507972,LOW_DATA_VOLUME,Solo existe un evento observado para este repuesto en esta máquina - no hay base estadística suficiente todavía.,info
INC-INFINITY01,1507972,MATCH_QUALITY,"El match con Dolibarr es exacto, lo que aumenta la confiabilidad de esta estimación.",positive
CLC-2,1023530,LOW_DATA_VOLUME,Solo existe un evento observado para este repuesto en esta máquina - no hay base estadística suficiente todavía.,info
CLC-2,1023530,MATCH_QUALITY,"El match con Dolibarr es exacto, lo que aumenta la confiabilidad de esta estimación.",positive
LINAC-153038,1500998,LOW_DATA_VOLUME,"La estimación tiene confiabilidad reducida por n < 3 (0 intervalo(s) propios). Un solo evento observado, sin intervalo propio - se usa 100% la estimación de la cohorte (same_client_same_part).",warning
LINAC-153038,1500998,MATCH_QUALITY,"El match con Dolibarr es exacto, lo que aumenta la confiabilidad de esta estimación.",positive
LINAC-153038,1500998,COHORT_USED,El modelo usa cohorte (same_client_same_part) porque no hay suficientes eventos propios en esta máquina.,info
LINAC-153038,1500998,AFTER_HOURS_EXPOSURE,"La máquina presenta actividad fuera de horario relevante; esto podría ser un factor explicativo, pero no prueba causalidad.",info
LINAC-153038,1551103,LOW_DATA_VOLUME,Solo existe un evento observado para este repuesto en esta máquina - no hay base estadística suficiente todavía.,info
LINAC-153038,1551103,MATCH_QUALITY,"El match con Dolibarr es exacto, lo que aumenta la confiabilidad de esta estimación.",positive
LINAC-153038,1551103,AFTER_HOURS_EXPOSURE,"La máquina presenta actividad fuera de horario relevante; esto podría ser un factor explicativo, pero no prueba causalidad.",info
CLC-2,1512130,LOW_DATA_VOLUME,Solo existe un evento observado para este repuesto en esta máquina - no hay base estadística suficiente todavía.,info
CLC-2,1512130,MATCH_QUALITY,"El match con Dolibarr es exacto, lo que aumenta la confiabilidad de esta estimación.",positive
CLC-2,1008517,LOW_DATA_VOLUME,Solo existe un evento observado para este repuesto en esta máquina - no hay base estadística suficiente todavía.,info
CLC-2,1008517,MATCH_QUALITY,"El match con Dolibarr es exacto, lo que aumenta la confiabilidad de esta estimación.",positive
Linac-153935,45133411846,LOW_DATA_VOLUME,"La estimación tiene confiabilidad reducida por n < 3 (0 intervalo(s) propios). Un solo evento observado, sin intervalo propio - se usa 100% la estimación de la cohorte (same_client_same_part).",warning
Linac-153935,45133411846,COHORT_USED,El modelo usa cohorte (same_client_same_part) porque no hay suficientes eventos propios en esta máquina.,info
Linac-153935,45133411846,AFTER_HOURS_EXPOSURE,"La máquina presenta actividad fuera de horario relevante; esto podría ser un factor explicativo, pero no prueba causalidad.",info
CLC-1,1504218,LOW_DATA_VOLUME,Solo existe un evento observado para este repuesto en esta máquina - no hay base estadística suficiente todavía.,info
CLC-1,1504218,MATCH_QUALITY,"El match con Dolibarr es exacto, lo que aumenta la confiabilidad de esta estimación.",positive
LINAC-153038,1531145,LOW_DATA_VOLUME,Solo existe un evento observado para este repuesto en esta máquina - no hay base estadística suficiente todavía.,info
LINAC-153038,1531145,MATCH_QUALITY,"El match con Dolibarr es exacto, lo que aumenta la confiabilidad de esta estimación.",positive
Linac-154325,1535807,LOW_DATA_VOLUME,Solo existe un evento observado para este repuesto en esta máquina - no hay base estadística suficiente todavía.,info
Linac-154325,1535807,MATCH_QUALITY,"El match con Dolibarr es exacto, lo que aumenta la confiabilidad de esta estimación.",positive
Linac-154325,1535807,AFTER_HOURS_EXPOSURE,"La máquina presenta actividad fuera de horario relevante; esto podría ser un factor explicativo, pero no prueba causalidad.",info
INC-INFINITY01,1019597,LOW_DATA_VOLUME,Solo existe un evento observado para este repuesto en esta máquina - no hay base estadística suficiente todavía.,info
INC-INFINITY01,1019597,MATCH_QUALITY,"El match con Dolibarr es exacto, lo que aumenta la confiabilidad de esta estimación.",positive
INC-INFINITY01,1019597,AFTER_HOURS_EXPOSURE,"La máquina presenta actividad fuera de horario relevante; esto podría ser un factor explicativo, pero no prueba causalidad.",info
INC-INFINITY01,1015075,LOW_DATA_VOLUME,"La estimación tiene confiabilidad reducida por n < 3 (0 intervalo(s) propios). Un solo evento observado, sin intervalo propio - se usa 100% la estimación de la cohorte (same_client_same_part).",warning
INC-INFINITY01,1015075,MATCH_QUALITY,"El match con Dolibarr es exacto, lo que aumenta la confiabilidad de esta estimación.",positive
INC-INFINITY01,1015075,COHORT_USED,El modelo usa cohorte (same_client_same_part) porque no hay suficientes eventos propios en esta máquina.,info
INC-INFINITY01,1015075,AFTER_HOURS_EXPOSURE,"La máquina presenta actividad fuera de horario relevante; esto podría ser un factor explicativo, pero no prueba causalidad.",info
INC-INFINITY01,1523707,LOW_DATA_VOLUME,Solo existe un evento observado para este repuesto en esta máquina - no hay base estadística suficiente todavía.,info
INC-INFINITY01,1523707,MATCH_QUALITY,"El match con Dolibarr es exacto, lo que aumenta la confiabilidad de esta estimación.",positive
INC-INFINITY01,1523707,AFTER_HOURS_EXPOSURE,"La máquina presenta actividad fuera de horario relevante; esto podría ser un factor explicativo, pero no prueba causalidad.",info
INC-INFINITY01,1015076,LOW_DATA_VOLUME,"La estimación tiene confiabilidad reducida por n < 3 (0 intervalo(s) propios). Un solo evento observado, sin intervalo propio - se usa 100% la estimación de la cohorte (same_client_same_part).",warning
INC-INFINITY01,1015076,MATCH_QUALITY,"El match con Dolibarr es exacto, lo que aumenta la confiabilidad de esta estimación.",positive
INC-INFINITY01,1015076,COHORT_USED,El modelo usa cohorte (same_client_same_part) porque no hay suficientes eventos propios en esta máquina.,info
INC-INFINITY01,1015076,AFTER_HOURS_EXPOSURE,"La máquina presenta actividad fuera de horario relevante; esto podría ser un factor explicativo, pero no prueba causalidad.",info
Linac-109256,4513316442301M,LOW_DATA_VOLUME,"La estimación tiene confiabilidad reducida por n < 3 (0 intervalo(s) propios). Un solo evento observado, sin intervalo propio - se usa 100% la estimación de la cohorte (same_client_same_part).",warning
Linac-109256,4513316442301M,MATCH_QUALITY,"El match con Dolibarr es exacto, lo que aumenta la confiabilidad de esta estimación.",positive
Linac-109256,4513316442301M,COHORT_USED,El modelo usa cohorte (same_client_same_part) porque no hay suficientes eventos propios en esta máquina.,info
Linac-154325,1027687,LOW_DATA_VOLUME,Solo existe un evento observado para este repuesto en esta máquina - no hay base estadística suficiente todavía.,info
Linac-154325,1027687,MATCH_QUALITY,"El match con Dolibarr es exacto, lo que aumenta la confiabilidad de esta estimación.",positive
Linac-153935,1509604,LOW_DATA_VOLUME,Solo existe un evento observado para este repuesto en esta máquina - no hay base estadística suficiente todavía.,info
Linac-153935,1509604,MATCH_QUALITY,"El match con Dolibarr es exacto, lo que aumenta la confiabilidad de esta estimación.",positive
Linac-153935,1507972,LOW_DATA_VOLUME,Solo existe un evento observado para este repuesto en esta máquina - no hay base estadística suficiente todavía.,info
Linac-153935,1507972,MATCH_QUALITY,"El match con Dolibarr es exacto, lo que aumenta la confiabilidad de esta estimación.",positive
Linac-153935,45133502026_usado,LOW_DATA_VOLUME,"La estimación tiene confiabilidad reducida por n < 3 (0 intervalo(s) propios). Un solo evento observado, sin intervalo propio - se usa 100% la estimación de la cohorte (same_client_same_part).",warning
Linac-153935,45133502026_usado,COHORT_USED,El modelo usa cohorte (same_client_same_part) porque no hay suficientes eventos propios en esta máquina.,info
Linac-153935,45133165177,LOW_DATA_VOLUME,"La estimación tiene confiabilidad reducida por n < 3 (0 intervalo(s) propios). Un solo evento observado, sin intervalo propio - se usa 100% la estimación de la cohorte (same_client_same_part).",warning
Linac-153935,45133165177,MATCH_QUALITY,"El match con Dolibarr es exacto, lo que aumenta la confiabilidad de esta estimación.",positive
Linac-153935,45133165177,COHORT_USED,El modelo usa cohorte (same_client_same_part) porque no hay suficientes eventos propios en esta máquina.,info
Linac-154325,1024183,LOW_DATA_VOLUME,Solo existe un evento observado para este repuesto en esta máquina - no hay base estadística suficiente todavía.,info
Linac-154325,1024183,MATCH_QUALITY,"El match con Dolibarr es exacto, lo que aumenta la confiabilidad de esta estimación.",positive
Linac-152171,1016518,LOW_DATA_VOLUME,"La estimación tiene confiabilidad reducida por n < 3 (0 intervalo(s) propios). Un solo evento observado, sin intervalo propio - se usa 100% la estimación de la cohorte (same_client_same_part).",warning
Linac-152171,1016518,MATCH_QUALITY,"El match con Dolibarr es exacto, lo que aumenta la confiabilidad de esta estimación.",positive
Linac-152171,1016518,COHORT_USED,El modelo usa cohorte (same_client_same_part) porque no hay suficientes eventos propios en esta máquina.,info
INC-INFINITY01,1564298,LOW_DATA_VOLUME,"La estimación tiene confiabilidad reducida por n < 3 (0 intervalo(s) propios). Un solo evento observado, sin intervalo propio - se usa 100% la estimación de la cohorte (same_client_same_part).",warning
INC-INFINITY01,1564298,MATCH_QUALITY,"El match con Dolibarr es exacto, lo que aumenta la confiabilidad de esta estimación.",positive
INC-INFINITY01,1564298,COHORT_USED,El modelo usa cohorte (same_client_same_part) porque no hay suficientes eventos propios en esta máquina.,info
Linac-154325,4513316442101T,LOW_DATA_VOLUME,"La estimación tiene confiabilidad reducida por n < 3 (0 intervalo(s) propios). Un solo evento observado, sin intervalo propio - se usa 100% la estimación de la cohorte (same_client_same_part).",warning
Linac-154325,4513316442101T,MATCH_QUALITY,"El match con Dolibarr es exacto, lo que aumenta la confiabilidad de esta estimación.",positive
Linac-154325,4513316442101T,COHORT_USED,El modelo usa cohorte (same_client_same_part) porque no hay suficientes eventos propios en esta máquina.,info
Linac-109374,1509023,LOW_DATA_VOLUME,Solo existe un evento observado para este repuesto en esta máquina - no hay base estadística suficiente todavía.,info
Linac-109374,1509023,MATCH_QUALITY,"El match con Dolibarr es exacto, lo que aumenta la confiabilidad de esta estimación.",positive
Linac-109374,1509024,LOW_DATA_VOLUME,Solo existe un evento observado para este repuesto en esta máquina - no hay base estadística suficiente todavía.,info
Linac-109374,1509024,MATCH_QUALITY,"El match con Dolibarr es exacto, lo que aumenta la confiabilidad de esta estimación.",positive
Linac-109256,45133412189,LOW_DATA_VOLUME,Solo existe un evento observado para este repuesto en esta máquina - no hay base estadística suficiente todavía.,info
Linac-109256,45133412189,MATCH_QUALITY,"El match con Dolibarr es exacto, lo que aumenta la confiabilidad de esta estimación.",positive
LINAC-153038,45133305658_usado,LOW_DATA_VOLUME,Solo existe un evento observado para este repuesto en esta máquina - no hay base estadística suficiente todavía.,info
Linac-151673,45133165177,LOW_DATA_VOLUME,"La estimación tiene confiabilidad reducida por n < 3 (0 intervalo(s) propios). Un solo evento observado, sin intervalo propio - se usa 100% la estimación de la cohorte (same_client_same_part).",warning
Linac-151673,45133165177,MATCH_QUALITY,"El match con Dolibarr es exacto, lo que aumenta la confiabilidad de esta estimación.",positive
Linac-151673,45133165177,COHORT_USED,El modelo usa cohorte (same_client_same_part) porque no hay suficientes eventos propios en esta máquina.,info
Linac-151673,45133165177,AFTER_HOURS_EXPOSURE,"La máquina presenta actividad fuera de horario relevante; esto podría ser un factor explicativo, pero no prueba causalidad.",info
LINAC-153038,1007099,LOW_DATA_VOLUME,Solo existe un evento observado para este repuesto en esta máquina - no hay base estadística suficiente todavía.,info
LINAC-153038,1007099,MATCH_QUALITY,"El match con Dolibarr es exacto, lo que aumenta la confiabilidad de esta estimación.",positive
LINAC-153038,1007099,AFTER_HOURS_EXPOSURE,"La máquina presenta actividad fuera de horario relevante; esto podría ser un factor explicativo, pero no prueba causalidad.",info
LINAC-153038,1027687,LOW_DATA_VOLUME,Solo existe un evento observado para este repuesto en esta máquina - no hay base estadística suficiente todavía.,info
LINAC-153038,1027687,MATCH_QUALITY,"El match con Dolibarr es exacto, lo que aumenta la confiabilidad de esta estimación.",positive
LINAC-153038,1027687,AFTER_HOURS_EXPOSURE,"La máquina presenta actividad fuera de horario relevante; esto podría ser un factor explicativo, pero no prueba causalidad.",info
Linac-201110,1018265_proveedor_local,LOW_DATA_VOLUME,"La estimación tiene confiabilidad reducida por n < 3 (0 intervalo(s) propios). Un solo evento observado, sin intervalo propio - se usa 100% la estimación de la cohorte (same_client_same_part).",warning
Linac-201110,1018265_proveedor_local,COHORT_USED,El modelo usa cohorte (same_client_same_part) porque no hay suficientes eventos propios en esta máquina.,info
Linac-153935,4513341220301G,LOW_DATA_VOLUME,"La estimación tiene confiabilidad reducida por n < 3 (0 intervalo(s) propios). Un solo evento observado, sin intervalo propio - se usa 100% la estimación de la cohorte (same_client_same_part).",warning
Linac-153935,4513341220301G,MATCH_QUALITY,"El match con Dolibarr es exacto, lo que aumenta la confiabilidad de esta estimación.",positive
Linac-153935,4513341220301G,COHORT_USED,El modelo usa cohorte (same_client_same_part) porque no hay suficientes eventos propios en esta máquina.,info
Linac-109256,1027687,LOW_DATA_VOLUME,Solo existe un evento observado para este repuesto en esta máquina - no hay base estadística suficiente todavía.,info
Linac-109256,1027687,MATCH_QUALITY,"El match con Dolibarr es exacto, lo que aumenta la confiabilidad de esta estimación.",positive
Linac-109256,1500613,LOW_DATA_VOLUME,Solo existe un evento observado para este repuesto en esta máquina - no hay base estadística suficiente todavía.,info
Linac-109256,1500613,MATCH_QUALITY,"El match con Dolibarr es exacto, lo que aumenta la confiabilidad de esta estimación.",positive
Linac-153935,1014204,LOW_DATA_VOLUME,"La estimación tiene confiabilidad reducida por n < 3 (0 intervalo(s) propios). Un solo evento observado, sin intervalo propio - se usa 100% la estimación de la cohorte (same_client_same_part).",warning
Linac-153935,1014204,MATCH_QUALITY,"El match con Dolibarr es exacto, lo que aumenta la confiabilidad de esta estimación.",positive
Linac-153935,1014204,COHORT_USED,El modelo usa cohorte (same_client_same_part) porque no hay suficientes eventos propios en esta máquina.,info
Linac-154325,1538261,LOW_DATA_VOLUME,"La estimación tiene confiabilidad reducida por n < 3 (0 intervalo(s) propios). Un solo evento observado, sin intervalo propio - se usa 100% la estimación de la cohorte (same_client_same_part).",warning
Linac-154325,1538261,MATCH_QUALITY,"El match con Dolibarr es exacto, lo que aumenta la confiabilidad de esta estimación.",positive
Linac-154325,1538261,COHORT_USED,El modelo usa cohorte (same_client_same_part) porque no hay suficientes eventos propios en esta máquina.,info
Linac-154325,1538261,AFTER_HOURS_EXPOSURE,"La máquina presenta actividad fuera de horario relevante; esto podría ser un factor explicativo, pero no prueba causalidad.",info
153038,1564298,LOW_DATA_VOLUME,"La estimación tiene confiabilidad reducida por n < 3 (0 intervalo(s) propios). Un solo evento observado, sin intervalo propio - se usa 100% la estimación de la cohorte (same_client_same_part).",warning
153038,1564298,MATCH_QUALITY,"El match con Dolibarr es exacto, lo que aumenta la confiabilidad de esta estimación.",positive
153038,1564298,COHORT_USED,El modelo usa cohorte (same_client_same_part) porque no hay suficientes eventos propios en esta máquina.,info
153038,1534958,LOW_DATA_VOLUME,"La estimación tiene confiabilidad reducida por n < 3 (0 intervalo(s) propios). Un solo evento observado, sin intervalo propio - se usa 100% la estimación de la cohorte (same_client_same_part).",warning
153038,1534958,MATCH_QUALITY,"El match con Dolibarr es exacto, lo que aumenta la confiabilidad de esta estimación.",positive
153038,1534958,COHORT_USED,El modelo usa cohorte (same_client_same_part) porque no hay suficientes eventos propios en esta máquina.,info
CLC-2,1509023,LOW_DATA_VOLUME,Solo existe un evento observado para este repuesto en esta máquina - no hay base estadística suficiente todavía.,info
CLC-2,1509023,MATCH_QUALITY,"El match con Dolibarr es exacto, lo que aumenta la confiabilidad de esta estimación.",positive
Linac-151673,1556287,LOW_DATA_VOLUME,"La estimación tiene confiabilidad reducida por n < 3 (0 intervalo(s) propios). Un solo evento observado, sin intervalo propio - se usa 100% la estimación de la cohorte (same_client_same_part).",warning
Linac-151673,1556287,MATCH_QUALITY,"El match con Dolibarr es exacto, lo que aumenta la confiabilidad de esta estimación.",positive
Linac-151673,1556287,COHORT_USED,El modelo usa cohorte (same_client_same_part) porque no hay suficientes eventos propios en esta máquina.,info
Linac-153935,1508955,LOW_DATA_VOLUME,Solo existe un evento observado para este repuesto en esta máquina - no hay base estadística suficiente todavía.,info
Linac-153935,1508955,MATCH_QUALITY,"El match con Dolibarr es exacto, lo que aumenta la confiabilidad de esta estimación.",positive
Linac-153935,1011030,LOW_DATA_VOLUME,Solo existe un evento observado para este repuesto en esta máquina - no hay base estadística suficiente todavía.,info
Linac-153935,1011030,MATCH_QUALITY,"El match con Dolibarr es exacto, lo que aumenta la confiabilidad de esta estimación.",positive
CLC-1,1548845,LOW_DATA_VOLUME,Solo existe un evento observado para este repuesto en esta máquina - no hay base estadística suficiente todavía.,info
CLC-1,1548845,MATCH_QUALITY,"El match con Dolibarr es exacto, lo que aumenta la confiabilidad de esta estimación.",positive
CLC-2,1018559,LOW_DATA_VOLUME,"La estimación tiene confiabilidad reducida por n < 3 (0 intervalo(s) propios). Un solo evento observado, sin intervalo propio - se usa 100% la estimación de la cohorte (same_part_global).",warning
CLC-2,1018559,MATCH_QUALITY,"El match con Dolibarr es exacto, lo que aumenta la confiabilidad de esta estimación.",positive
CLC-2,1018559,COHORT_USED,El modelo usa cohorte (same_part_global) porque no hay suficientes eventos propios en esta máquina.,info
LINAC-153038,1017632_usado,LOW_DATA_VOLUME,"La estimación tiene confiabilidad reducida por n < 3 (0 intervalo(s) propios). Un solo evento observado, sin intervalo propio - se usa 100% la estimación de la cohorte (same_client_same_part).",warning
LINAC-153038,1017632_usado,COHORT_USED,El modelo usa cohorte (same_client_same_part) porque no hay suficientes eventos propios en esta máquina.,info
LINAC-153038,1017632_usado,AFTER_HOURS_EXPOSURE,"La máquina presenta actividad fuera de horario relevante; esto podría ser un factor explicativo, pero no prueba causalidad.",info
INC-INFINITY01,1018559,LOW_DATA_VOLUME,"La estimación tiene confiabilidad reducida por n < 3 (0 intervalo(s) propios). Un solo evento observado, sin intervalo propio - se usa 100% la estimación de la cohorte (same_client_same_part).",warning
INC-INFINITY01,1018559,MATCH_QUALITY,"El match con Dolibarr es exacto, lo que aumenta la confiabilidad de esta estimación.",positive
INC-INFINITY01,1018559,COHORT_USED,El modelo usa cohorte (same_client_same_part) porque no hay suficientes eventos propios en esta máquina.,info
LINAC-153038,4513316442101T,LOW_DATA_VOLUME,"La estimación tiene confiabilidad reducida por n < 3 (0 intervalo(s) propios). Un solo evento observado, sin intervalo propio - se usa 100% la estimación de la cohorte (same_client_same_part).",warning
LINAC-153038,4513316442101T,MATCH_QUALITY,"El match con Dolibarr es exacto, lo que aumenta la confiabilidad de esta estimación.",positive
LINAC-153038,4513316442101T,COHORT_USED,El modelo usa cohorte (same_client_same_part) porque no hay suficientes eventos propios en esta máquina.,info
LINAC-153038,4513316442101T,AFTER_HOURS_EXPOSURE,"La máquina presenta actividad fuera de horario relevante; esto podría ser un factor explicativo, pero no prueba causalidad.",info
Linac-109256,1014474,LOW_DATA_VOLUME,Solo existe un evento observado para este repuesto en esta máquina - no hay base estadística suficiente todavía.,info
Linac-109256,1014474,MATCH_QUALITY,"El match con Dolibarr es exacto, lo que aumenta la confiabilidad de esta estimación.",positive
Linac-201110,45133328445,LOW_DATA_VOLUME,Solo existe un evento observado para este repuesto en esta máquina - no hay base estadística suficiente todavía.,info
Linac-201110,45133328445,MATCH_QUALITY,"El match con Dolibarr es exacto, lo que aumenta la confiabilidad de esta estimación.",positive
INC-INFINITY01,1565836,LOW_DATA_VOLUME,"La estimación tiene confiabilidad reducida por n < 3 (0 intervalo(s) propios). Un solo evento observado, sin intervalo propio - se usa 100% la estimación de la cohorte (same_client_same_part).",warning
INC-INFINITY01,1565836,MATCH_QUALITY,"El match con Dolibarr es exacto, lo que aumenta la confiabilidad de esta estimación.",positive
INC-INFINITY01,1565836,COHORT_USED,El modelo usa cohorte (same_client_same_part) porque no hay suficientes eventos propios en esta máquina.,info
Linac-154325,1551103,LOW_DATA_VOLUME,Solo existe un evento observado para este repuesto en esta máquina - no hay base estadística suficiente todavía.,info
Linac-154325,1551103,MATCH_QUALITY,"El match con Dolibarr es exacto, lo que aumenta la confiabilidad de esta estimación.",positive
Linac-154325,1551103,AFTER_HOURS_EXPOSURE,"La máquina presenta actividad fuera de horario relevante; esto podría ser un factor explicativo, pero no prueba causalidad.",info
Linac-109256,8010-00059-6,LOW_DATA_VOLUME,Solo existe un evento observado para este repuesto en esta máquina - no hay base estadística suficiente todavía.,info
Linac-109256,8010-00059-6,MATCH_QUALITY,"El match con Dolibarr es exacto, lo que aumenta la confiabilidad de esta estimación.",positive
INC-INFINITY01,1554784,LOW_DATA_VOLUME,Solo existe un evento observado para este repuesto en esta máquina - no hay base estadística suficiente todavía.,info
INC-INFINITY01,1554784,MATCH_QUALITY,"El match con Dolibarr es exacto, lo que aumenta la confiabilidad de esta estimación.",positive
APOTECA-CHEMO,128338,LOW_DATA_VOLUME,Solo existe un evento observado para este repuesto en esta máquina - no hay base estadística suficiente todavía.,info
APOTECA-CHEMO,128338,MATCH_QUALITY,"El match con Dolibarr es exacto, lo que aumenta la confiabilidad de esta estimación.",positive
APOTECA-CHEMO,2455263,LOW_DATA_VOLUME,Solo existe un evento observado para este repuesto en esta máquina - no hay base estadística suficiente todavía.,info
APOTECA-CHEMO,2455263,MATCH_QUALITY,"El match con Dolibarr es exacto, lo que aumenta la confiabilidad de esta estimación.",positive
APOTECA-CHEMO,129530,LOW_DATA_VOLUME,Solo existe un evento observado para este repuesto en esta máquina - no hay base estadística suficiente todavía.,info
APOTECA-CHEMO,129530,MATCH_QUALITY,"El match con Dolibarr es exacto, lo que aumenta la confiabilidad de esta estimación.",positive
Linac-109256,45133308244,LOW_DATA_VOLUME,Solo existe un evento observado para este repuesto en esta máquina - no hay base estadística suficiente todavía.,info
Linac-109256,45133308244,MATCH_QUALITY,"El match con Dolibarr es exacto, lo que aumenta la confiabilidad de esta estimación.",positive
Linac-109374,1011030,LOW_DATA_VOLUME,Solo existe un evento observado para este repuesto en esta máquina - no hay base estadística suficiente todavía.,info
Linac-109374,1011030,MATCH_QUALITY,"El match con Dolibarr es exacto, lo que aumenta la confiabilidad de esta estimación.",positive
Linac-109374,1557545,LOW_DATA_VOLUME,"La estimación tiene confiabilidad reducida por n < 3 (0 intervalo(s) propios). Un solo evento observado, sin intervalo propio - se usa 100% la estimación de la cohorte (same_client_same_part).",warning
Linac-109374,1557545,MATCH_QUALITY,"El match con Dolibarr es exacto, lo que aumenta la confiabilidad de esta estimación.",positive
Linac-109374,1557545,COHORT_USED,El modelo usa cohorte (same_client_same_part) porque no hay suficientes eventos propios en esta máquina.,info
Linac-109374,1565836,LOW_DATA_VOLUME,"La estimación tiene confiabilidad reducida por n < 3 (0 intervalo(s) propios). Un solo evento observado, sin intervalo propio - se usa 100% la estimación de la cohorte (same_client_same_part).",warning
Linac-109374,1565836,MATCH_QUALITY,"El match con Dolibarr es exacto, lo que aumenta la confiabilidad de esta estimación.",positive
Linac-109374,1565836,COHORT_USED,El modelo usa cohorte (same_client_same_part) porque no hay suficientes eventos propios en esta máquina.,info
Linac-109256,1010848,LOW_DATA_VOLUME,"La estimación tiene confiabilidad reducida por n < 3 (0 intervalo(s) propios). Un solo evento observado, sin intervalo propio - se usa 100% la estimación de la cohorte (same_client_same_part).",warning
Linac-109256,1010848,MATCH_QUALITY,"El match con Dolibarr es exacto, lo que aumenta la confiabilidad de esta estimación.",positive
Linac-109256,1010848,COHORT_USED,El modelo usa cohorte (same_client_same_part) porque no hay suficientes eventos propios en esta máquina.,info
Linac-109256,4513316442101T,LOW_DATA_VOLUME,"La estimación tiene confiabilidad reducida por n < 3 (0 intervalo(s) propios). Un solo evento observado, sin intervalo propio - se usa 100% la estimación de la cohorte (same_client_same_part).",warning
Linac-109256,4513316442101T,MATCH_QUALITY,"El match con Dolibarr es exacto, lo que aumenta la confiabilidad de esta estimación.",positive
Linac-109256,4513316442101T,COHORT_USED,El modelo usa cohorte (same_client_same_part) porque no hay suficientes eventos propios en esta máquina.,info
Linac-109256,4513316442101T,AFTER_HOURS_EXPOSURE,"La máquina presenta actividad fuera de horario relevante; esto podría ser un factor explicativo, pero no prueba causalidad.",info
INC-INFINITY01,45133411846,LOW_DATA_VOLUME,"La estimación tiene confiabilidad reducida por n < 3 (0 intervalo(s) propios). Un solo evento observado, sin intervalo propio - se usa 100% la estimación de la cohorte (same_client_same_part).",warning
INC-INFINITY01,45133411846,COHORT_USED,El modelo usa cohorte (same_client_same_part) porque no hay suficientes eventos propios en esta máquina.,info
INC-INFINITY01,45133411846,AFTER_HOURS_EXPOSURE,"La máquina presenta actividad fuera de horario relevante; esto podría ser un factor explicativo, pero no prueba causalidad.",info
INC-INFINITY01,4513341220301G,LOW_DATA_VOLUME,"La estimación tiene confiabilidad reducida por n < 3 (0 intervalo(s) propios). Un solo evento observado, sin intervalo propio - se usa 100% la estimación de la cohorte (same_client_same_part).",warning
INC-INFINITY01,4513341220301G,MATCH_QUALITY,"El match con Dolibarr es exacto, lo que aumenta la confiabilidad de esta estimación.",positive
INC-INFINITY01,4513341220301G,COHORT_USED,El modelo usa cohorte (same_client_same_part) porque no hay suficientes eventos propios en esta máquina.,info
INC-INFINITY01,4513341220301G,AFTER_HOURS_EXPOSURE,"La máquina presenta actividad fuera de horario relevante; esto podría ser un factor explicativo, pero no prueba causalidad.",info
INC-INFINITY01,4513341185001U,LOW_DATA_VOLUME,"La estimación tiene confiabilidad reducida por n < 3 (0 intervalo(s) propios). Un solo evento observado, sin intervalo propio - se usa 100% la estimación de la cohorte (same_client_same_part).",warning
INC-INFINITY01,4513341185001U,MATCH_QUALITY,"El match con Dolibarr es exacto, lo que aumenta la confiabilidad de esta estimación.",positive
INC-INFINITY01,4513341185001U,COHORT_USED,El modelo usa cohorte (same_client_same_part) porque no hay suficientes eventos propios en esta máquina.,info
INC-INFINITY01,4513341185001U,AFTER_HOURS_EXPOSURE,"La máquina presenta actividad fuera de horario relevante; esto podría ser un factor explicativo, pero no prueba causalidad.",info
Linac-154325,45133308730,LOW_DATA_VOLUME,Solo existe un evento observado para este repuesto en esta máquina - no hay base estadística suficiente todavía.,info
Linac-154325,45133308730,MATCH_QUALITY,"El match con Dolibarr es exacto, lo que aumenta la confiabilidad de esta estimación.",positive
Linac-154325,45133308730,AFTER_HOURS_EXPOSURE,"La máquina presenta actividad fuera de horario relevante; esto podría ser un factor explicativo, pero no prueba causalidad.",info
Linac-153935,45133902974,LOW_DATA_VOLUME,Solo existe un evento observado para este repuesto en esta máquina - no hay base estadística suficiente todavía.,info
Linac-153935,45133902974,MATCH_QUALITY,"El match con Dolibarr es exacto, lo que aumenta la confiabilidad de esta estimación.",positive
Linac-151673,1517657,LOW_DATA_VOLUME,"La estimación tiene confiabilidad reducida por n < 3 (0 intervalo(s) propios). Un solo evento observado, sin intervalo propio - se usa 100% la estimación de la cohorte (same_client_same_part).",warning
Linac-151673,1517657,MATCH_QUALITY,"El match con Dolibarr es exacto, lo que aumenta la confiabilidad de esta estimación.",positive
Linac-151673,1517657,COHORT_USED,El modelo usa cohorte (same_client_same_part) porque no hay suficientes eventos propios en esta máquina.,info
Linac-109374,1554784,LOW_DATA_VOLUME,Solo existe un evento observado para este repuesto en esta máquina - no hay base estadística suficiente todavía.,info
Linac-109374,1554784,MATCH_QUALITY,"El match con Dolibarr es exacto, lo que aumenta la confiabilidad de esta estimación.",positive
Linac-109256,1549950,LOW_DATA_VOLUME,"La estimación tiene confiabilidad reducida por n < 3 (0 intervalo(s) propios). Un solo evento observado, sin intervalo propio - se usa 100% la estimación de la cohorte (same_client_same_part).",warning
Linac-109256,1549950,MATCH_QUALITY,"El match con Dolibarr es exacto, lo que aumenta la confiabilidad de esta estimación.",positive
Linac-109256,1549950,COHORT_USED,El modelo usa cohorte (same_client_same_part) porque no hay suficientes eventos propios en esta máquina.,info
Linac-109256,1549950,AFTER_HOURS_EXPOSURE,"La máquina presenta actividad fuera de horario relevante; esto podría ser un factor explicativo, pero no prueba causalidad.",info
LINAC-153038,1568178,LOW_DATA_VOLUME,"La estimación tiene confiabilidad reducida por n < 3 (0 intervalo(s) propios). Un solo evento observado, sin intervalo propio - se usa 100% la estimación de la cohorte (same_client_same_part).",warning
LINAC-153038,1568178,MATCH_QUALITY,"El match con Dolibarr es exacto, lo que aumenta la confiabilidad de esta estimación.",positive
LINAC-153038,1568178,COHORT_USED,El modelo usa cohorte (same_client_same_part) porque no hay suficientes eventos propios en esta máquina.,info
Linac-201110,1519710,LOW_DATA_VOLUME,Solo existe un evento observado para este repuesto en esta máquina - no hay base estadística suficiente todavía.,info
Linac-201110,1519710,MATCH_QUALITY,"El match con Dolibarr es exacto, lo que aumenta la confiabilidad de esta estimación.",positive
LINAC-153038,1569678,LOW_DATA_VOLUME,Solo existe un evento observado para este repuesto en esta máquina - no hay base estadística suficiente todavía.,info
LINAC-153038,1569678,MATCH_QUALITY,"El match con Dolibarr es exacto, lo que aumenta la confiabilidad de esta estimación.",positive
Linac-154325,1022378,LOW_DATA_VOLUME,"La estimación tiene confiabilidad reducida por n < 3 (0 intervalo(s) propios). Un solo evento observado, sin intervalo propio - se usa 100% la estimación de la cohorte (same_client_same_part).",warning
Linac-154325,1022378,MATCH_QUALITY,"El match con Dolibarr es exacto, lo que aumenta la confiabilidad de esta estimación.",positive
Linac-154325,1022378,COHORT_USED,El modelo usa cohorte (same_client_same_part) porque no hay suficientes eventos propios en esta máquina.,info
Linac-109256,1505146,LOW_DATA_VOLUME,Solo existe un evento observado para este repuesto en esta máquina - no hay base estadística suficiente todavía.,info
Linac-109256,1505146,MATCH_QUALITY,"El match con Dolibarr es exacto, lo que aumenta la confiabilidad de esta estimación.",positive
Linac-109256,1505146,AFTER_HOURS_EXPOSURE,"La máquina presenta actividad fuera de horario relevante; esto podría ser un factor explicativo, pero no prueba causalidad.",info
Linac-153935,1569678,LOW_DATA_VOLUME,Solo existe un evento observado para este repuesto en esta máquina - no hay base estadística suficiente todavía.,info
Linac-153935,1569678,MATCH_QUALITY,"El match con Dolibarr es exacto, lo que aumenta la confiabilidad de esta estimación.",positive
Linac-153935,1569678,AFTER_HOURS_EXPOSURE,"La máquina presenta actividad fuera de horario relevante; esto podría ser un factor explicativo, pero no prueba causalidad.",info
Linac-151673,1569678,LOW_DATA_VOLUME,Solo existe un evento observado para este repuesto en esta máquina - no hay base estadística suficiente todavía.,info
Linac-151673,1569678,MATCH_QUALITY,"El match con Dolibarr es exacto, lo que aumenta la confiabilidad de esta estimación.",positive
Linac-151673,1569678,ASSOCIATION_QUALITY,"La asociación repuesto-máquina proviene de una task con múltiples equipos, lo que reduce la confiabilidad de esta estimación.",warning
Linac-152171,1569678,LOW_DATA_VOLUME,Solo existe un evento observado para este repuesto en esta máquina - no hay base estadística suficiente todavía.,info
Linac-152171,1569678,MATCH_QUALITY,"El match con Dolibarr es exacto, lo que aumenta la confiabilidad de esta estimación.",positive
Linac-152171,1569678,ASSOCIATION_QUALITY,"La asociación repuesto-máquina proviene de una task con múltiples equipos, lo que reduce la confiabilidad de esta estimación.",warning
INC-INFINITY01,1007498,LOW_DATA_VOLUME,Solo existe un evento observado para este repuesto en esta máquina - no hay base estadística suficiente todavía.,info
INC-INFINITY01,1007498,MATCH_QUALITY,"El match con Dolibarr es exacto, lo que aumenta la confiabilidad de esta estimación.",positive
INC-INFINITY01,1007498,AFTER_HOURS_EXPOSURE,"La máquina presenta actividad fuera de horario relevante; esto podría ser un factor explicativo, pero no prueba causalidad.",info
INC-INFINITY01,45133411787,LOW_DATA_VOLUME,Solo existe un evento observado para este repuesto en esta máquina - no hay base estadística suficiente todavía.,info
INC-INFINITY01,45133411787,MATCH_QUALITY,"El match con Dolibarr es exacto, lo que aumenta la confiabilidad de esta estimación.",positive
INC-INFINITY01,45133411787,AFTER_HOURS_EXPOSURE,"La máquina presenta actividad fuera de horario relevante; esto podría ser un factor explicativo, pero no prueba causalidad.",info
INC-INFINITY01,1004818,LOW_DATA_VOLUME,Solo existe un evento observado para este repuesto en esta máquina - no hay base estadística suficiente todavía.,info
INC-INFINITY01,1004818,MATCH_QUALITY,"El match con Dolibarr es exacto, lo que aumenta la confiabilidad de esta estimación.",positive
INC-INFINITY01,1004818,AFTER_HOURS_EXPOSURE,"La máquina presenta actividad fuera de horario relevante; esto podría ser un factor explicativo, pero no prueba causalidad.",info
INC-INFINITY01,1007099,LOW_DATA_VOLUME,Solo existe un evento observado para este repuesto en esta máquina - no hay base estadística suficiente todavía.,info
INC-INFINITY01,1007099,MATCH_QUALITY,"El match con Dolibarr es exacto, lo que aumenta la confiabilidad de esta estimación.",positive
INC-INFINITY01,1007099,AFTER_HOURS_EXPOSURE,"La máquina presenta actividad fuera de horario relevante; esto podría ser un factor explicativo, pero no prueba causalidad.",info
Linac-153935,1505146,LOW_DATA_VOLUME,Solo existe un evento observado para este repuesto en esta máquina - no hay base estadística suficiente todavía.,info
Linac-153935,1505146,MATCH_QUALITY,"El match con Dolibarr es exacto, lo que aumenta la confiabilidad de esta estimación.",positive
Linac-153935,1505146,AFTER_HOURS_EXPOSURE,"La máquina presenta actividad fuera de horario relevante; esto podría ser un factor explicativo, pero no prueba causalidad.",info
Linac-109374,1007099,LOW_DATA_VOLUME,Solo existe un evento observado para este repuesto en esta máquina - no hay base estadística suficiente todavía.,info
Linac-109374,1007099,MATCH_QUALITY,"El match con Dolibarr es exacto, lo que aumenta la confiabilidad de esta estimación.",positive
Linac-201110,45133327647,LOW_DATA_VOLUME,Solo existe un evento observado para este repuesto en esta máquina - no hay base estadística suficiente todavía.,info
Linac-201110,45133327647,MATCH_QUALITY,"El match con Dolibarr es exacto, lo que aumenta la confiabilidad de esta estimación.",positive
Linac-152171,1015493,LOW_DATA_VOLUME,Solo existe un evento observado para este repuesto en esta máquina - no hay base estadística suficiente todavía.,info
Linac-152171,1015493,MATCH_QUALITY,"El match con Dolibarr es exacto, lo que aumenta la confiabilidad de esta estimación.",positive
Linac-152171,1015493,AFTER_HOURS_EXPOSURE,"La máquina presenta actividad fuera de horario relevante; esto podría ser un factor explicativo, pero no prueba causalidad.",info
Linac-153935,1527814,LOW_DATA_VOLUME,"La estimación tiene confiabilidad reducida por n < 3 (0 intervalo(s) propios). Un solo evento observado, sin intervalo propio - se usa 100% la estimación de la cohorte (same_client_same_part).",warning
Linac-153935,1527814,MATCH_QUALITY,"El match con Dolibarr es exacto, lo que aumenta la confiabilidad de esta estimación.",positive
Linac-153935,1527814,COHORT_USED,El modelo usa cohorte (same_client_same_part) porque no hay suficientes eventos propios en esta máquina.,info
Linac-154325,1016984,LOW_DATA_VOLUME,Solo existe un evento observado para este repuesto en esta máquina - no hay base estadística suficiente todavía.,info
Linac-154325,1016984,MATCH_QUALITY,"El match con Dolibarr es exacto, lo que aumenta la confiabilidad de esta estimación.",positive
Linac-154325,1016984,AFTER_HOURS_EXPOSURE,"La máquina presenta actividad fuera de horario relevante; esto podría ser un factor explicativo, pero no prueba causalidad.",info
Linac-109256,45133318990,LOW_DATA_VOLUME,Solo existe un evento observado para este repuesto en esta máquina - no hay base estadística suficiente todavía.,info
Linac-109256,45133318990,MATCH_QUALITY,"El match con Dolibarr es exacto, lo que aumenta la confiabilidad de esta estimación.",positive
Linac-109256,45133318990,AFTER_HOURS_EXPOSURE,"La máquina presenta actividad fuera de horario relevante; esto podría ser un factor explicativo, pero no prueba causalidad.",info
Linac-154325,351372100645P,LOW_DATA_VOLUME,Solo existe un evento observado para este repuesto en esta máquina - no hay base estadística suficiente todavía.,info
Linac-154325,45133308790,LOW_DATA_VOLUME,Solo existe un evento observado para este repuesto en esta máquina - no hay base estadística suficiente todavía.,info
Linac-154325,45133308790,MATCH_QUALITY,"El match con Dolibarr es exacto, lo que aumenta la confiabilidad de esta estimación.",positive
Linac-109374,1536279___1525429,LOW_DATA_VOLUME,Solo existe un evento observado para este repuesto en esta máquina - no hay base estadística suficiente todavía.,info
CLC-1,4513316442101T,LOW_DATA_VOLUME,"La estimación tiene confiabilidad reducida por n < 3 (0 intervalo(s) propios). Un solo evento observado, sin intervalo propio - se usa 100% la estimación de la cohorte (same_client_same_part).",warning
CLC-1,4513316442101T,COHORT_USED,El modelo usa cohorte (same_client_same_part) porque no hay suficientes eventos propios en esta máquina.,info
CLC-1,4513316441202U,LOW_DATA_VOLUME,"La estimación tiene confiabilidad reducida por n < 3 (0 intervalo(s) propios). Un solo evento observado, sin intervalo propio - se usa 100% la estimación de la cohorte (same_client_same_part).",warning
CLC-1,4513316441202U,COHORT_USED,El modelo usa cohorte (same_client_same_part) porque no hay suficientes eventos propios en esta máquina.,info
Linac-201172,4513331845902F,LOW_DATA_VOLUME,Solo existe un evento observado para este repuesto en esta máquina - no hay base estadística suficiente todavía.,info
Linac-201172,4513331845902F,AFTER_HOURS_EXPOSURE,"La máquina presenta actividad fuera de horario relevante; esto podría ser un factor explicativo, pero no prueba causalidad.",info
INC-156473,1516753,LOW_DATA_VOLUME,Solo existe un evento observado para este repuesto en esta máquina - no hay base estadística suficiente todavía.,info
INC-156473,1516753,MATCH_QUALITY,"El match con Dolibarr es exacto, lo que aumenta la confiabilidad de esta estimación.",positive
INC-156473,351372700256A,LOW_DATA_VOLUME,Solo existe un evento observado para este repuesto en esta máquina - no hay base estadística suficiente todavía.,info
INC-156473,1020850,LOW_DATA_VOLUME,Solo existe un evento observado para este repuesto en esta máquina - no hay base estadística suficiente todavía.,info
INC-156473,1020850,MATCH_QUALITY,"El match con Dolibarr es exacto, lo que aumenta la confiabilidad de esta estimación.",positive
INC-156473,351372406262U,LOW_DATA_VOLUME,Solo existe un evento observado para este repuesto en esta máquina - no hay base estadística suficiente todavía.,info
INC-156473,1568178,LOW_DATA_VOLUME,"La estimación tiene confiabilidad reducida por n < 3 (0 intervalo(s) propios). Un solo evento observado, sin intervalo propio - se usa 100% la estimación de la cohorte (same_client_same_part).",warning
INC-156473,1568178,MATCH_QUALITY,"El match con Dolibarr es exacto, lo que aumenta la confiabilidad de esta estimación.",positive
INC-156473,1568178,COHORT_USED,El modelo usa cohorte (same_client_same_part) porque no hay suficientes eventos propios en esta máquina.,info
INC-156473,45133165177,LOW_DATA_VOLUME,"La estimación tiene confiabilidad reducida por n < 3 (0 intervalo(s) propios). Un solo evento observado, sin intervalo propio - se usa 100% la estimación de la cohorte (same_part_global).",warning
INC-156473,45133165177,MATCH_QUALITY,"El match con Dolibarr es exacto, lo que aumenta la confiabilidad de esta estimación.",positive
INC-156473,45133165177,COHORT_USED,El modelo usa cohorte (same_part_global) porque no hay suficientes eventos propios en esta máquina.,info
INC-156473,1022378,LOW_DATA_VOLUME,"La estimación tiene confiabilidad reducida por n < 3 (0 intervalo(s) propios). Un solo evento observado, sin intervalo propio - se usa 100% la estimación de la cohorte (same_client_same_part).",warning
INC-156473,1022378,MATCH_QUALITY,"El match con Dolibarr es exacto, lo que aumenta la confiabilidad de esta estimación.",positive
INC-156473,1022378,COHORT_USED,El modelo usa cohorte (same_client_same_part) porque no hay suficientes eventos propios en esta máquina.,info
INC-156473,1018874,LOW_DATA_VOLUME,"La estimación tiene confiabilidad reducida por n < 3 (0 intervalo(s) propios). Un solo evento observado, sin intervalo propio - se usa 100% la estimación de la cohorte (same_client_same_part).",warning
INC-156473,1018874,MATCH_QUALITY,"El match con Dolibarr es exacto, lo que aumenta la confiabilidad de esta estimación.",positive
INC-156473,1018874,COHORT_USED,El modelo usa cohorte (same_client_same_part) porque no hay suficientes eventos propios en esta máquina.,info
INC-156473,1535662,LOW_DATA_VOLUME,Solo existe un evento observado para este repuesto en esta máquina - no hay base estadística suficiente todavía.,info
INC-156473,1535662,MATCH_QUALITY,"El match con Dolibarr es exacto, lo que aumenta la confiabilidad de esta estimación.",positive
Linac-109374,1547675,LOW_DATA_VOLUME,Solo existe un evento observado para este repuesto en esta máquina - no hay base estadística suficiente todavía.,info
Linac-109374,1547675,MATCH_QUALITY,"El match con Dolibarr es exacto, lo que aumenta la confiabilidad de esta estimación.",positive
Linac-109374,1022592,LOW_DATA_VOLUME,Solo existe un evento observado para este repuesto en esta máquina - no hay base estadística suficiente todavía.,info
Linac-109374,1022592,MATCH_QUALITY,"El match con Dolibarr es exacto, lo que aumenta la confiabilidad de esta estimación.",positive
Linac-109374,1532758,LOW_DATA_VOLUME,Solo existe un evento observado para este repuesto en esta máquina - no hay base estadística suficiente todavía.,info
Linac-109374,1532758,MATCH_QUALITY,"El match con Dolibarr es exacto, lo que aumenta la confiabilidad de esta estimación.",positive
Linac-109374,1022593,LOW_DATA_VOLUME,Solo existe un evento observado para este repuesto en esta máquina - no hay base estadística suficiente todavía.,info
Linac-109374,1022593,MATCH_QUALITY,"El match con Dolibarr es exacto, lo que aumenta la confiabilidad de esta estimación.",positive
Linac-109374,1505938,LOW_DATA_VOLUME,Solo existe un evento observado para este repuesto en esta máquina - no hay base estadística suficiente todavía.,info
Linac-109374,1505938,MATCH_QUALITY,"El match con Dolibarr es exacto, lo que aumenta la confiabilidad de esta estimación.",positive
Linac-152171,1534014,LOW_DATA_VOLUME,Solo existe un evento observado para este repuesto en esta máquina - no hay base estadística suficiente todavía.,info
Linac-152171,1534014,MATCH_QUALITY,"El match con Dolibarr es exacto, lo que aumenta la confiabilidad de esta estimación.",positive
Linac-152171,1534014,AFTER_HOURS_EXPOSURE,"La máquina presenta actividad fuera de horario relevante; esto podría ser un factor explicativo, pero no prueba causalidad.",info
Linac-153935,1516727,LOW_DATA_VOLUME,"La estimación tiene confiabilidad reducida por n < 3 (0 intervalo(s) propios). Un solo evento observado, sin intervalo propio - se usa 100% la estimación de la cohorte (same_client_same_part).",warning
Linac-153935,1516727,MATCH_QUALITY,"El match con Dolibarr es exacto, lo que aumenta la confiabilidad de esta estimación.",positive
Linac-153935,1516727,COHORT_USED,El modelo usa cohorte (same_client_same_part) porque no hay suficientes eventos propios en esta máquina.,info
Linac-154325,1018265_proveedor_local,LOW_DATA_VOLUME,"La estimación tiene confiabilidad reducida por n < 3 (0 intervalo(s) propios). Un solo evento observado, sin intervalo propio - se usa 100% la estimación de la cohorte (same_client_same_part).",warning
Linac-154325,1018265_proveedor_local,COHORT_USED,El modelo usa cohorte (same_client_same_part) porque no hay suficientes eventos propios en esta máquina.,info
Linac-154325,1018265_proveedor_local,AFTER_HOURS_EXPOSURE,"La máquina presenta actividad fuera de horario relevante; esto podría ser un factor explicativo, pero no prueba causalidad.",info
LINAC-153038,1565836,LOW_DATA_VOLUME,"La estimación tiene confiabilidad reducida por n < 3 (0 intervalo(s) propios). Un solo evento observado, sin intervalo propio - se usa 100% la estimación de la cohorte (same_client_same_part).",warning
LINAC-153038,1565836,MATCH_QUALITY,"El match con Dolibarr es exacto, lo que aumenta la confiabilidad de esta estimación.",positive
LINAC-153038,1565836,COHORT_USED,El modelo usa cohorte (same_client_same_part) porque no hay suficientes eventos propios en esta máquina.,info
LINAC-153038,1565836,AFTER_HOURS_EXPOSURE,"La máquina presenta actividad fuera de horario relevante; esto podría ser un factor explicativo, pero no prueba causalidad.",info
INC-156473,1014474,LOW_DATA_VOLUME,Solo existe un evento observado para este repuesto en esta máquina - no hay base estadística suficiente todavía.,info
INC-156473,1014474,MATCH_QUALITY,"El match con Dolibarr es exacto, lo que aumenta la confiabilidad de esta estimación.",positive
INC-156473,1014474,AFTER_HOURS_EXPOSURE,"La máquina presenta actividad fuera de horario relevante; esto podría ser un factor explicativo, pero no prueba causalidad.",info
Linac-201172,1018459,LOW_DATA_VOLUME,Solo existe un evento observado para este repuesto en esta máquina - no hay base estadística suficiente todavía.,info
Linac-201172,1018459,MATCH_QUALITY,"El match con Dolibarr es exacto, lo que aumenta la confiabilidad de esta estimación.",positive
INC-156473,1531790,LOW_DATA_VOLUME,Solo existe un evento observado para este repuesto en esta máquina - no hay base estadística suficiente todavía.,info
INC-156473,1531790,MATCH_QUALITY,"El match con Dolibarr es exacto, lo que aumenta la confiabilidad de esta estimación.",positive
INC-156473,1531790,AFTER_HOURS_EXPOSURE,"La máquina presenta actividad fuera de horario relevante; esto podría ser un factor explicativo, pero no prueba causalidad.",info
Linac-156187,1507972,LOW_DATA_VOLUME,Solo existe un evento observado para este repuesto en esta máquina - no hay base estadística suficiente todavía.,info
Linac-156187,1507972,MATCH_QUALITY,"El match con Dolibarr es exacto, lo que aumenta la confiabilidad de esta estimación.",positive
Linac-152171,45133502026_usado,LOW_DATA_VOLUME,"La estimación tiene confiabilidad reducida por n < 3 (0 intervalo(s) propios). Un solo evento observado, sin intervalo propio - se usa 100% la estimación de la cohorte (same_client_same_part).",warning
Linac-152171,45133502026_usado,COHORT_USED,El modelo usa cohorte (same_client_same_part) porque no hay suficientes eventos propios en esta máquina.,info
Linac-152171,45133502026_usado,AFTER_HOURS_EXPOSURE,"La máquina presenta actividad fuera de horario relevante; esto podría ser un factor explicativo, pero no prueba causalidad.",info
Linac-153935,1565768,LOW_DATA_VOLUME,"La estimación tiene confiabilidad reducida por n < 3 (0 intervalo(s) propios). Un solo evento observado, sin intervalo propio - se usa 100% la estimación de la cohorte (same_client_same_part).",warning
Linac-153935,1565768,MATCH_QUALITY,"El match con Dolibarr es exacto, lo que aumenta la confiabilidad de esta estimación.",positive
Linac-153935,1565768,COHORT_USED,El modelo usa cohorte (same_client_same_part) porque no hay suficientes eventos propios en esta máquina.,info
Linac-153935,1565768,AFTER_HOURS_EXPOSURE,"La máquina presenta actividad fuera de horario relevante; esto podría ser un factor explicativo, pero no prueba causalidad.",info
Linac-153935,1564361,LOW_DATA_VOLUME,"La estimación tiene confiabilidad reducida por n < 3 (0 intervalo(s) propios). Un solo evento observado, sin intervalo propio - se usa 100% la estimación de la cohorte (same_client_same_part).",warning
Linac-153935,1564361,MATCH_QUALITY,"El match con Dolibarr es exacto, lo que aumenta la confiabilidad de esta estimación.",positive
Linac-153935,1564361,COHORT_USED,El modelo usa cohorte (same_client_same_part) porque no hay suficientes eventos propios en esta máquina.,info
Linac-153935,1564361,AFTER_HOURS_EXPOSURE,"La máquina presenta actividad fuera de horario relevante; esto podría ser un factor explicativo, pero no prueba causalidad.",info
LINAC-153038,1005032,LOW_DATA_VOLUME,Solo existe un evento observado para este repuesto en esta máquina - no hay base estadística suficiente todavía.,info
LINAC-153038,1005032,MATCH_QUALITY,"El match con Dolibarr es exacto, lo que aumenta la confiabilidad de esta estimación.",positive
LINAC-153038,1005032,AFTER_HOURS_EXPOSURE,"La máquina presenta actividad fuera de horario relevante; esto podría ser un factor explicativo, pero no prueba causalidad.",info
LINAC-153038,1005033,LOW_DATA_VOLUME,Solo existe un evento observado para este repuesto en esta máquina - no hay base estadística suficiente todavía.,info
LINAC-153038,1005033,MATCH_QUALITY,"El match con Dolibarr es exacto, lo que aumenta la confiabilidad de esta estimación.",positive
LINAC-153038,1005033,AFTER_HOURS_EXPOSURE,"La máquina presenta actividad fuera de horario relevante; esto podría ser un factor explicativo, pero no prueba causalidad.",info
Linac-156187,1022378,LOW_DATA_VOLUME,"La estimación tiene confiabilidad reducida por n < 3 (0 intervalo(s) propios). Un solo evento observado, sin intervalo propio - se usa 100% la estimación de la cohorte (same_client_same_part).",warning
Linac-156187,1022378,COHORT_USED,El modelo usa cohorte (same_client_same_part) porque no hay suficientes eventos propios en esta máquina.,info
Linac-109374,1548845,LOW_DATA_VOLUME,Solo existe un evento observado para este repuesto en esta máquina - no hay base estadística suficiente todavía.,info
Linac-109374,1548845,MATCH_QUALITY,"El match con Dolibarr es exacto, lo que aumenta la confiabilidad de esta estimación.",positive
LINAC-153038,351372700257X,LOW_DATA_VOLUME,Solo existe un evento observado para este repuesto en esta máquina - no hay base estadística suficiente todavía.,info
LINAC-153038,351372700257X,MATCH_QUALITY,"El match con Dolibarr es exacto, lo que aumenta la confiabilidad de esta estimación.",positive
LINAC-153038,351372700257X,AFTER_HOURS_EXPOSURE,"La máquina presenta actividad fuera de horario relevante; esto podría ser un factor explicativo, pero no prueba causalidad.",info
LINAC-153038,821321900373H,LOW_DATA_VOLUME,Solo existe un evento observado para este repuesto en esta máquina - no hay base estadística suficiente todavía.,info
LINAC-153038,821321900373H,AFTER_HOURS_EXPOSURE,"La máquina presenta actividad fuera de horario relevante; esto podría ser un factor explicativo, pero no prueba causalidad.",info
Linac-109256,1557545,LOW_DATA_VOLUME,"La estimación tiene confiabilidad reducida por n < 3 (0 intervalo(s) propios). Un solo evento observado, sin intervalo propio - se usa 100% la estimación de la cohorte (same_client_same_part).",warning
Linac-109256,1557545,MATCH_QUALITY,"El match con Dolibarr es exacto, lo que aumenta la confiabilidad de esta estimación.",positive
Linac-109256,1557545,COHORT_USED,El modelo usa cohorte (same_client_same_part) porque no hay suficientes eventos propios en esta máquina.,info
Linac-109256,1557545,AFTER_HOURS_EXPOSURE,"La máquina presenta actividad fuera de horario relevante; esto podría ser un factor explicativo, pero no prueba causalidad.",info
Linac-109374,45133304800,LOW_DATA_VOLUME,"La estimación tiene confiabilidad reducida por n < 3 (0 intervalo(s) propios). Un solo evento observado, sin intervalo propio - se usa 100% la estimación de la cohorte (same_client_same_part).",warning
Linac-109374,45133304800,MATCH_QUALITY,"El match con Dolibarr es exacto, lo que aumenta la confiabilidad de esta estimación.",positive
Linac-109374,45133304800,COHORT_USED,El modelo usa cohorte (same_client_same_part) porque no hay suficientes eventos propios en esta máquina.,info
Linac-109374,45133304800,AFTER_HOURS_EXPOSURE,"La máquina presenta actividad fuera de horario relevante; esto podría ser un factor explicativo, pero no prueba causalidad.",info
Linac-153935,1024939,LOW_DATA_VOLUME,"La estimación tiene confiabilidad reducida por n < 3 (0 intervalo(s) propios). Un solo evento observado, sin intervalo propio - se usa 100% la estimación de la cohorte (same_client_same_part).",warning
Linac-153935,1024939,MATCH_QUALITY,"El match con Dolibarr es exacto, lo que aumenta la confiabilidad de esta estimación.",positive
Linac-153935,1024939,COHORT_USED,El modelo usa cohorte (same_client_same_part) porque no hay suficientes eventos propios en esta máquina.,info
Linac-153935,1024939,AFTER_HOURS_EXPOSURE,"La máquina presenta actividad fuera de horario relevante; esto podría ser un factor explicativo, pero no prueba causalidad.",info
Linac-109256,1502613,LOW_DATA_VOLUME,"La estimación tiene confiabilidad reducida por n < 3 (0 intervalo(s) propios). Un solo evento observado, sin intervalo propio - se usa 100% la estimación de la cohorte (same_client_same_part).",warning
Linac-109256,1502613,MATCH_QUALITY,"El match con Dolibarr es exacto, lo que aumenta la confiabilidad de esta estimación.",positive
Linac-109256,1502613,COHORT_USED,El modelo usa cohorte (same_client_same_part) porque no hay suficientes eventos propios en esta máquina.,info
Linac-109374,45133411788,LOW_DATA_VOLUME,Solo existe un evento observado para este repuesto en esta máquina - no hay base estadística suficiente todavía.,info
Linac-109374,45133411788,MATCH_QUALITY,"El match con Dolibarr es exacto, lo que aumenta la confiabilidad de esta estimación.",positive
Linac-201110,1515997,LOW_DATA_VOLUME,Solo existe un evento observado para este repuesto en esta máquina - no hay base estadística suficiente todavía.,info
Linac-201110,1515997,MATCH_QUALITY,"El match con Dolibarr es exacto, lo que aumenta la confiabilidad de esta estimación.",positive
INC-156473,45133308730,LOW_DATA_VOLUME,Solo existe un evento observado para este repuesto en esta máquina - no hay base estadística suficiente todavía.,info
INC-156473,45133308730,MATCH_QUALITY,"El match con Dolibarr es exacto, lo que aumenta la confiabilidad de esta estimación.",positive
Linac-109256,1021309___1564281,LOW_DATA_VOLUME,"La estimación tiene confiabilidad reducida por n < 3 (0 intervalo(s) propios). Un solo evento observado, sin intervalo propio - se usa 100% la estimación de la cohorte (same_client_same_part).",warning
Linac-109256,1021309___1564281,COHORT_USED,El modelo usa cohorte (same_client_same_part) porque no hay suficientes eventos propios en esta máquina.,info
Linac-154325,45133400146,LOW_DATA_VOLUME,Solo existe un evento observado para este repuesto en esta máquina - no hay base estadística suficiente todavía.,info
Linac-154325,45133400146,MATCH_QUALITY,"El match con Dolibarr es exacto, lo que aumenta la confiabilidad de esta estimación.",positive
Linac-154325,45133400146,AFTER_HOURS_EXPOSURE,"La máquina presenta actividad fuera de horario relevante; esto podría ser un factor explicativo, pero no prueba causalidad.",info
Linac-154325,45133304100,LOW_DATA_VOLUME,Solo existe un evento observado para este repuesto en esta máquina - no hay base estadística suficiente todavía.,info
Linac-154325,45133304100,MATCH_QUALITY,"El match con Dolibarr es exacto, lo que aumenta la confiabilidad de esta estimación.",positive
Linac-154325,45133304100,AFTER_HOURS_EXPOSURE,"La máquina presenta actividad fuera de horario relevante; esto podría ser un factor explicativo, pero no prueba causalidad.",info
Linac-154325,45133304200,LOW_DATA_VOLUME,Solo existe un evento observado para este repuesto en esta máquina - no hay base estadística suficiente todavía.,info
Linac-154325,45133304200,MATCH_QUALITY,"El match con Dolibarr es exacto, lo que aumenta la confiabilidad de esta estimación.",positive
Linac-154325,45133304200,AFTER_HOURS_EXPOSURE,"La máquina presenta actividad fuera de horario relevante; esto podría ser un factor explicativo, pero no prueba causalidad.",info
Linac-154325,261308039505,LOW_DATA_VOLUME,Solo existe un evento observado para este repuesto en esta máquina - no hay base estadística suficiente todavía.,info
Linac-154325,261308039505,MATCH_QUALITY,"El match con Dolibarr es exacto, lo que aumenta la confiabilidad de esta estimación.",positive
Linac-154325,261308039505,AFTER_HOURS_EXPOSURE,"La máquina presenta actividad fuera de horario relevante; esto podría ser un factor explicativo, pero no prueba causalidad.",info
Linac-154325,1515219,LOW_DATA_VOLUME,Solo existe un evento observado para este repuesto en esta máquina - no hay base estadística suficiente todavía.,info
Linac-154325,1515219,MATCH_QUALITY,"El match con Dolibarr es exacto, lo que aumenta la confiabilidad de esta estimación.",positive
Linac-154325,1515219,AFTER_HOURS_EXPOSURE,"La máquina presenta actividad fuera de horario relevante; esto podría ser un factor explicativo, pero no prueba causalidad.",info
INC-156473,45133304800,LOW_DATA_VOLUME,"La estimación tiene confiabilidad reducida por n < 3 (0 intervalo(s) propios). Un solo evento observado, sin intervalo propio - se usa 100% la estimación de la cohorte (same_client_same_part).",warning
INC-156473,45133304800,MATCH_QUALITY,"El match con Dolibarr es exacto, lo que aumenta la confiabilidad de esta estimación.",positive
INC-156473,45133304800,COHORT_USED,El modelo usa cohorte (same_client_same_part) porque no hay suficientes eventos propios en esta máquina.,info
INC-156473,45133304800,AFTER_HOURS_EXPOSURE,"La máquina presenta actividad fuera de horario relevante; esto podría ser un factor explicativo, pero no prueba causalidad.",info
Linac-156187,1564298,LOW_DATA_VOLUME,"La estimación tiene confiabilidad reducida por n < 3 (0 intervalo(s) propios). Un solo evento observado, sin intervalo propio - se usa 100% la estimación de la cohorte (same_client_same_part).",warning
Linac-156187,1564298,MATCH_QUALITY,"El match con Dolibarr es exacto, lo que aumenta la confiabilidad de esta estimación.",positive
Linac-156187,1564298,COHORT_USED,El modelo usa cohorte (same_client_same_part) porque no hay suficientes eventos propios en esta máquina.,info
INC-156473,1522567,LOW_DATA_VOLUME,"La estimación tiene confiabilidad reducida por n < 3 (0 intervalo(s) propios). Un solo evento observado, sin intervalo propio - se usa 100% la estimación de la cohorte (same_client_same_part).",warning
INC-156473,1522567,MATCH_QUALITY,"El match con Dolibarr es exacto, lo que aumenta la confiabilidad de esta estimación.",positive
INC-156473,1522567,COHORT_USED,El modelo usa cohorte (same_client_same_part) porque no hay suficientes eventos propios en esta máquina.,info
INC-156473,1522567,AFTER_HOURS_EXPOSURE,"La máquina presenta actividad fuera de horario relevante; esto podría ser un factor explicativo, pero no prueba causalidad.",info
INC-156473,261308039505,LOW_DATA_VOLUME,Solo existe un evento observado para este repuesto en esta máquina - no hay base estadística suficiente todavía.,info
INC-156473,261308039505,MATCH_QUALITY,"El match con Dolibarr es exacto, lo que aumenta la confiabilidad de esta estimación.",positive
INC-156473,261308039505,AFTER_HOURS_EXPOSURE,"La máquina presenta actividad fuera de horario relevante; esto podría ser un factor explicativo, pero no prueba causalidad.",info
INC-156473,1515219,LOW_DATA_VOLUME,Solo existe un evento observado para este repuesto en esta máquina - no hay base estadística suficiente todavía.,info
INC-156473,1515219,MATCH_QUALITY,"El match con Dolibarr es exacto, lo que aumenta la confiabilidad de esta estimación.",positive
INC-156473,1515219,AFTER_HOURS_EXPOSURE,"La máquina presenta actividad fuera de horario relevante; esto podría ser un factor explicativo, pero no prueba causalidad.",info
INC-156473,1515098,LOW_DATA_VOLUME,"La estimación tiene confiabilidad reducida por n < 3 (0 intervalo(s) propios). Un solo evento observado, sin intervalo propio - se usa 100% la estimación de la cohorte (same_client_same_part).",warning
INC-156473,1515098,MATCH_QUALITY,"El match con Dolibarr es exacto, lo que aumenta la confiabilidad de esta estimación.",positive
INC-156473,1515098,COHORT_USED,El modelo usa cohorte (same_client_same_part) porque no hay suficientes eventos propios en esta máquina.,info
INC-156473,1515098,AFTER_HOURS_EXPOSURE,"La máquina presenta actividad fuera de horario relevante; esto podría ser un factor explicativo, pero no prueba causalidad.",info
Linac-153935,1522567,LOW_DATA_VOLUME,"La estimación tiene confiabilidad reducida por n < 3 (0 intervalo(s) propios). Un solo evento observado, sin intervalo propio - se usa 100% la estimación de la cohorte (same_part_global).",warning
Linac-153935,1522567,MATCH_QUALITY,"El match con Dolibarr es exacto, lo que aumenta la confiabilidad de esta estimación.",positive
Linac-153935,1522567,COHORT_USED,El modelo usa cohorte (same_part_global) porque no hay suficientes eventos propios en esta máquina.,info
Linac-153935,1538261,LOW_DATA_VOLUME,"La estimación tiene confiabilidad reducida por n < 3 (0 intervalo(s) propios). Un solo evento observado, sin intervalo propio - se usa 100% la estimación de la cohorte (same_part_global).",warning
Linac-153935,1538261,MATCH_QUALITY,"El match con Dolibarr es exacto, lo que aumenta la confiabilidad de esta estimación.",positive
Linac-153935,1538261,COHORT_USED,El modelo usa cohorte (same_part_global) porque no hay suficientes eventos propios en esta máquina.,info
Linac-154325,03-999-1290,LOW_DATA_VOLUME,"La estimación tiene confiabilidad reducida por n < 3 (0 intervalo(s) propios). Un solo evento observado, sin intervalo propio - se usa 100% la estimación de la cohorte (same_client_same_part).",warning
Linac-154325,03-999-1290,MATCH_QUALITY,"El match con Dolibarr es exacto, lo que aumenta la confiabilidad de esta estimación.",positive
Linac-154325,03-999-1290,COHORT_USED,El modelo usa cohorte (same_client_same_part) porque no hay suficientes eventos propios en esta máquina.,info
Linac-154325,03-999-1290,AFTER_HOURS_EXPOSURE,"La máquina presenta actividad fuera de horario relevante; esto podría ser un factor explicativo, pero no prueba causalidad.",info
INC-156473,1018265_proveedor_local,LOW_DATA_VOLUME,"La estimación tiene confiabilidad reducida por n < 3 (0 intervalo(s) propios). Un solo evento observado, sin intervalo propio - se usa 100% la estimación de la cohorte (same_client_same_part).",warning
INC-156473,1018265_proveedor_local,COHORT_USED,El modelo usa cohorte (same_client_same_part) porque no hay suficientes eventos propios en esta máquina.,info
Linac-109374,1539679___1571202,LOW_DATA_VOLUME,Solo existe un evento observado para este repuesto en esta máquina - no hay base estadística suficiente todavía.,info
CLC-1,1564361,LOW_DATA_VOLUME,"La estimación tiene confiabilidad reducida por n < 3 (0 intervalo(s) propios). Un solo evento observado, sin intervalo propio - se usa 100% la estimación de la cohorte (same_client_same_part).",warning
CLC-1,1564361,MATCH_QUALITY,"El match con Dolibarr es exacto, lo que aumenta la confiabilidad de esta estimación.",positive
CLC-1,1564361,COHORT_USED,El modelo usa cohorte (same_client_same_part) porque no hay suficientes eventos propios en esta máquina.,info
CLC-1,1557545,LOW_DATA_VOLUME,"La estimación tiene confiabilidad reducida por n < 3 (0 intervalo(s) propios). Un solo evento observado, sin intervalo propio - se usa 100% la estimación de la cohorte (same_client_same_part).",warning
CLC-1,1557545,MATCH_QUALITY,"El match con Dolibarr es exacto, lo que aumenta la confiabilidad de esta estimación.",positive
CLC-1,1557545,COHORT_USED,El modelo usa cohorte (same_client_same_part) porque no hay suficientes eventos propios en esta máquina.,info
CLC-1,1011030,LOW_DATA_VOLUME,Solo existe un evento observado para este repuesto en esta máquina - no hay base estadística suficiente todavía.,info
CLC-1,1011030,MATCH_QUALITY,"El match con Dolibarr es exacto, lo que aumenta la confiabilidad de esta estimación.",positive
CLC-1,1565835,LOW_DATA_VOLUME,"La estimación tiene confiabilidad reducida por n < 3 (0 intervalo(s) propios). Un solo evento observado, sin intervalo propio - se usa 100% la estimación de la cohorte (same_client_same_part).",warning
CLC-1,1565835,MATCH_QUALITY,"El match con Dolibarr es exacto, lo que aumenta la confiabilidad de esta estimación.",positive
CLC-1,1565835,COHORT_USED,El modelo usa cohorte (same_client_same_part) porque no hay suficientes eventos propios en esta máquina.,info
CLC-1,1565836,LOW_DATA_VOLUME,"La estimación tiene confiabilidad reducida por n < 3 (0 intervalo(s) propios). Un solo evento observado, sin intervalo propio - se usa 100% la estimación de la cohorte (same_client_same_part).",warning
CLC-1,1565836,MATCH_QUALITY,"El match con Dolibarr es exacto, lo que aumenta la confiabilidad de esta estimación.",positive
CLC-1,1565836,COHORT_USED,El modelo usa cohorte (same_client_same_part) porque no hay suficientes eventos propios en esta máquina.,info
CLC-1,1531145,LOW_DATA_VOLUME,Solo existe un evento observado para este repuesto en esta máquina - no hay base estadística suficiente todavía.,info
CLC-1,1531145,MATCH_QUALITY,"El match con Dolibarr es exacto, lo que aumenta la confiabilidad de esta estimación.",positive
CLC-1,1018559,LOW_DATA_VOLUME,"La estimación tiene confiabilidad reducida por n < 3 (0 intervalo(s) propios). Un solo evento observado, sin intervalo propio - se usa 100% la estimación de la cohorte (same_part_global).",warning
CLC-1,1018559,MATCH_QUALITY,"El match con Dolibarr es exacto, lo que aumenta la confiabilidad de esta estimación.",positive
CLC-1,1018559,COHORT_USED,El modelo usa cohorte (same_part_global) porque no hay suficientes eventos propios en esta máquina.,info
CLC-1,1532592,LOW_DATA_VOLUME,Solo existe un evento observado para este repuesto en esta máquina - no hay base estadística suficiente todavía.,info
CLC-1,1532592,MATCH_QUALITY,"El match con Dolibarr es exacto, lo que aumenta la confiabilidad de esta estimación.",positive
CLC-1,4513316442301M,LOW_DATA_VOLUME,"La estimación tiene confiabilidad reducida por n < 3 (0 intervalo(s) propios). Un solo evento observado, sin intervalo propio - se usa 100% la estimación de la cohorte (same_client_same_part).",warning
CLC-1,4513316442301M,MATCH_QUALITY,"El match con Dolibarr es exacto, lo que aumenta la confiabilidad de esta estimación.",positive
CLC-1,4513316442301M,COHORT_USED,El modelo usa cohorte (same_client_same_part) porque no hay suficientes eventos propios en esta máquina.,info
CLC-1,1515098,LOW_DATA_VOLUME,"La estimación tiene confiabilidad reducida por n < 3 (0 intervalo(s) propios). Un solo evento observado, sin intervalo propio - se usa 100% la estimación de la cohorte (same_client_same_part).",warning
CLC-1,1515098,MATCH_QUALITY,"El match con Dolibarr es exacto, lo que aumenta la confiabilidad de esta estimación.",positive
CLC-1,1515098,COHORT_USED,El modelo usa cohorte (same_client_same_part) porque no hay suficientes eventos propios en esta máquina.,info
CLC-1,45133304800,LOW_DATA_VOLUME,"La estimación tiene confiabilidad reducida por n < 3 (0 intervalo(s) propios). Un solo evento observado, sin intervalo propio - se usa 100% la estimación de la cohorte (same_client_same_part).",warning
CLC-1,45133304800,MATCH_QUALITY,"El match con Dolibarr es exacto, lo que aumenta la confiabilidad de esta estimación.",positive
CLC-1,45133304800,COHORT_USED,El modelo usa cohorte (same_client_same_part) porque no hay suficientes eventos propios en esta máquina.,info
CLC-1,1018265_proveedor_local,LOW_DATA_VOLUME,"La estimación tiene confiabilidad reducida por n < 3 (0 intervalo(s) propios). Un solo evento observado, sin intervalo propio - se usa 100% la estimación de la cohorte (same_client_same_part).",warning
CLC-1,1018265_proveedor_local,COHORT_USED,El modelo usa cohorte (same_client_same_part) porque no hay suficientes eventos propios en esta máquina.,info
CLC-1,1018265_proveedor_local,AFTER_HOURS_EXPOSURE,"La máquina presenta actividad fuera de horario relevante; esto podría ser un factor explicativo, pero no prueba causalidad.",info
Linac-151673,45133308034,LOW_DATA_VOLUME,Solo existe un evento observado para este repuesto en esta máquina - no hay base estadística suficiente todavía.,info
Linac-151673,45133308034,MATCH_QUALITY,"El match con Dolibarr es exacto, lo que aumenta la confiabilidad de esta estimación.",positive
Linac-151673,45133308034,AFTER_HOURS_EXPOSURE,"La máquina presenta actividad fuera de horario relevante; esto podría ser un factor explicativo, pero no prueba causalidad.",info
INC-156473,1553878___1552668,LOW_DATA_VOLUME,Solo existe un evento observado para este repuesto en esta máquina - no hay base estadística suficiente todavía.,info
INC-156473,1553878___1552668,AFTER_HOURS_EXPOSURE,"La máquina presenta actividad fuera de horario relevante; esto podría ser un factor explicativo, pero no prueba causalidad.",info
Linac-201110,45133326590,LOW_DATA_VOLUME,Solo existe un evento observado para este repuesto en esta máquina - no hay base estadística suficiente todavía.,info
Linac-201110,45133326590,MATCH_QUALITY,"El match con Dolibarr es exacto, lo que aumenta la confiabilidad de esta estimación.",positive
Linac-109256,1572991,LOW_DATA_VOLUME,Solo existe un evento observado para este repuesto en esta máquina - no hay base estadística suficiente todavía.,info
Linac-109256,1572991,MATCH_QUALITY,"El match con Dolibarr es exacto, lo que aumenta la confiabilidad de esta estimación.",positive
CLC-1,1564298,LOW_DATA_VOLUME,"La estimación tiene confiabilidad reducida por n < 3 (0 intervalo(s) propios). Un solo evento observado, sin intervalo propio - se usa 100% la estimación de la cohorte (same_client_same_part).",warning
CLC-1,1564298,MATCH_QUALITY,"El match con Dolibarr es exacto, lo que aumenta la confiabilidad de esta estimación.",positive
CLC-1,1564298,COHORT_USED,El modelo usa cohorte (same_client_same_part) porque no hay suficientes eventos propios en esta máquina.,info
CLC-1,1564298,AFTER_HOURS_EXPOSURE,"La máquina presenta actividad fuera de horario relevante; esto podría ser un factor explicativo, pero no prueba causalidad.",info
CLC-1,1010848,LOW_DATA_VOLUME,"La estimación tiene confiabilidad reducida por n < 3 (0 intervalo(s) propios). Un solo evento observado, sin intervalo propio - se usa 100% la estimación de la cohorte (same_client_same_part).",warning
CLC-1,1010848,MATCH_QUALITY,"El match con Dolibarr es exacto, lo que aumenta la confiabilidad de esta estimación.",positive
CLC-1,1010848,COHORT_USED,El modelo usa cohorte (same_client_same_part) porque no hay suficientes eventos propios en esta máquina.,info
CLC-1,1010848,AFTER_HOURS_EXPOSURE,"La máquina presenta actividad fuera de horario relevante; esto podría ser un factor explicativo, pero no prueba causalidad.",info
Linac-152171,1501074,LOW_DATA_VOLUME,"La estimación tiene confiabilidad reducida por n < 3 (0 intervalo(s) propios). Un solo evento observado, sin intervalo propio - se usa 100% la estimación de la cohorte (same_client_same_part).",warning
Linac-152171,1501074,MATCH_QUALITY,"El match con Dolibarr es exacto, lo que aumenta la confiabilidad de esta estimación.",positive
Linac-152171,1501074,COHORT_USED,El modelo usa cohorte (same_client_same_part) porque no hay suficientes eventos propios en esta máquina.,info
APOTECA-PS,2276501,LOW_DATA_VOLUME,Solo existe un evento observado para este repuesto en esta máquina - no hay base estadística suficiente todavía.,info
APOTECA-PS,2276501,MATCH_QUALITY,"El match con Dolibarr es exacto, lo que aumenta la confiabilidad de esta estimación.",positive
INC-156473,1565768,LOW_DATA_VOLUME,"La estimación tiene confiabilidad reducida por n < 3 (0 intervalo(s) propios). Un solo evento observado, sin intervalo propio - se usa 100% la estimación de la cohorte (same_client_same_part).",warning
INC-156473,1565768,MATCH_QUALITY,"El match con Dolibarr es exacto, lo que aumenta la confiabilidad de esta estimación.",positive
INC-156473,1565768,COHORT_USED,El modelo usa cohorte (same_client_same_part) porque no hay suficientes eventos propios en esta máquina.,info
Linac-156187,45133304800,LOW_DATA_VOLUME,"La estimación tiene confiabilidad reducida por n < 3 (0 intervalo(s) propios). Un solo evento observado, sin intervalo propio - se usa 100% la estimación de la cohorte (same_client_same_part).",warning
Linac-156187,45133304800,MATCH_QUALITY,"El match con Dolibarr es exacto, lo que aumenta la confiabilidad de esta estimación.",positive
Linac-156187,45133304800,COHORT_USED,El modelo usa cohorte (same_client_same_part) porque no hay suficientes eventos propios en esta máquina.,info
INC-156473,45133326590,LOW_DATA_VOLUME,Solo existe un evento observado para este repuesto en esta máquina - no hay base estadística suficiente todavía.,info
INC-156473,45133326590,MATCH_QUALITY,"El match con Dolibarr es exacto, lo que aumenta la confiabilidad de esta estimación.",positive
INC-156473,451362610003J,LOW_DATA_VOLUME,Solo existe un evento observado para este repuesto en esta máquina - no hay base estadística suficiente todavía.,info
INC-156473,451362610003J,MATCH_QUALITY,"El match con Dolibarr es exacto, lo que aumenta la confiabilidad de esta estimación.",positive
INC-156473,1023592,LOW_DATA_VOLUME,Solo existe un evento observado para este repuesto en esta máquina - no hay base estadística suficiente todavía.,info
INC-156473,1023592,MATCH_QUALITY,"El match con Dolibarr es exacto, lo que aumenta la confiabilidad de esta estimación.",positive
Linac-154325,1016422,LOW_DATA_VOLUME,Solo existe un evento observado para este repuesto en esta máquina - no hay base estadística suficiente todavía.,info
Linac-154325,1016422,MATCH_QUALITY,"El match con Dolibarr es exacto, lo que aumenta la confiabilidad de esta estimación.",positive
Linac-109374,1522567,LOW_DATA_VOLUME,"La estimación tiene confiabilidad reducida por n < 3 (0 intervalo(s) propios). Un solo evento observado, sin intervalo propio - se usa 100% la estimación de la cohorte (same_part_global).",warning
Linac-109374,1522567,MATCH_QUALITY,"El match con Dolibarr es exacto, lo que aumenta la confiabilidad de esta estimación.",positive
Linac-109374,1522567,COHORT_USED,El modelo usa cohorte (same_part_global) porque no hay suficientes eventos propios en esta máquina.,info
Linac-109374,1522567,AFTER_HOURS_EXPOSURE,"La máquina presenta actividad fuera de horario relevante; esto podría ser un factor explicativo, pero no prueba causalidad.",info
Linac-154325,1568178,LOW_DATA_VOLUME,"La estimación tiene confiabilidad reducida por n < 3 (0 intervalo(s) propios). Un solo evento observado, sin intervalo propio - se usa 100% la estimación de la cohorte (same_client_same_part).",warning
Linac-154325,1568178,MATCH_QUALITY,"El match con Dolibarr es exacto, lo que aumenta la confiabilidad de esta estimación.",positive
Linac-154325,1568178,COHORT_USED,El modelo usa cohorte (same_client_same_part) porque no hay suficientes eventos propios en esta máquina.,info
Linac-154325,1568178,AFTER_HOURS_EXPOSURE,"La máquina presenta actividad fuera de horario relevante; esto podría ser un factor explicativo, pero no prueba causalidad.",info
Linac-201110,45133317853,LOW_DATA_VOLUME,Solo existe un evento observado para este repuesto en esta máquina - no hay base estadística suficiente todavía.,info
Linac-201110,45133317853,MATCH_QUALITY,"El match con Dolibarr es exacto, lo que aumenta la confiabilidad de esta estimación.",positive
Linac-152171,1018874,LOW_DATA_VOLUME,"La estimación tiene confiabilidad reducida por n < 3 (0 intervalo(s) propios). Un solo evento observado, sin intervalo propio - se usa 100% la estimación de la cohorte (same_client_same_part).",warning
Linac-152171,1018874,MATCH_QUALITY,"El match con Dolibarr es exacto, lo que aumenta la confiabilidad de esta estimación.",positive
Linac-152171,1018874,COHORT_USED,El modelo usa cohorte (same_client_same_part) porque no hay suficientes eventos propios en esta máquina.,info
Linac-109496,45133318457,LOW_DATA_VOLUME,Solo existe un evento observado para este repuesto en esta máquina - no hay base estadística suficiente todavía.,info
Linac-109496,45133318457,MATCH_QUALITY,"El match con Dolibarr es exacto, lo que aumenta la confiabilidad de esta estimación.",positive
Linac-109496,03-999-1002,LOW_DATA_VOLUME,Solo existe un evento observado para este repuesto en esta máquina - no hay base estadística suficiente todavía.,info
Linac-109496,03-999-1002,MATCH_QUALITY,"El match con Dolibarr es exacto, lo que aumenta la confiabilidad de esta estimación.",positive
Linac-154325,1531145,LOW_DATA_VOLUME,Solo existe un evento observado para este repuesto en esta máquina - no hay base estadística suficiente todavía.,info
Linac-154325,1531145,MATCH_QUALITY,"El match con Dolibarr es exacto, lo que aumenta la confiabilidad de esta estimación.",positive
Linac-156187,1018559,LOW_DATA_VOLUME,"La estimación tiene confiabilidad reducida por n < 3 (0 intervalo(s) propios). Un solo evento observado, sin intervalo propio - se usa 100% la estimación de la cohorte (same_client_same_part).",warning
Linac-156187,1018559,MATCH_QUALITY,"El match con Dolibarr es exacto, lo que aumenta la confiabilidad de esta estimación.",positive
Linac-156187,1018559,COHORT_USED,El modelo usa cohorte (same_client_same_part) porque no hay suficientes eventos propios en esta máquina.,info
Linac-156187,1018559,AFTER_HOURS_EXPOSURE,"La máquina presenta actividad fuera de horario relevante; esto podría ser un factor explicativo, pero no prueba causalidad.",info
Linac-109496,1531790,LOW_DATA_VOLUME,Solo existe un evento observado para este repuesto en esta máquina - no hay base estadística suficiente todavía.,info
Linac-109496,1531790,MATCH_QUALITY,"El match con Dolibarr es exacto, lo que aumenta la confiabilidad de esta estimación.",positive
Linac-109496,1531853,LOW_DATA_VOLUME,"La estimación tiene confiabilidad reducida por n < 3 (0 intervalo(s) propios). Un solo evento observado, sin intervalo propio - se usa 100% la estimación de la cohorte (same_client_same_part).",warning
Linac-109496,1531853,MATCH_QUALITY,"El match con Dolibarr es exacto, lo que aumenta la confiabilidad de esta estimación.",positive
Linac-109496,1531853,COHORT_USED,El modelo usa cohorte (same_client_same_part) porque no hay suficientes eventos propios en esta máquina.,info
Linac-109452,1534958,LOW_DATA_VOLUME,"La estimación tiene confiabilidad reducida por n < 3 (0 intervalo(s) propios). Un solo evento observado, sin intervalo propio - se usa 100% la estimación de la cohorte (same_client_same_part).",warning
Linac-109452,1534958,MATCH_QUALITY,"El match con Dolibarr es exacto, lo que aumenta la confiabilidad de esta estimación.",positive
Linac-109452,1534958,COHORT_USED,El modelo usa cohorte (same_client_same_part) porque no hay suficientes eventos propios en esta máquina.,info
CLC-1,1567908,LOW_DATA_VOLUME,Solo existe un evento observado para este repuesto en esta máquina - no hay base estadística suficiente todavía.,info
CLC-1,1567908,MATCH_QUALITY,"El match con Dolibarr es exacto, lo que aumenta la confiabilidad de esta estimación.",positive
CLC-1,1567203,LOW_DATA_VOLUME,Solo existe un evento observado para este repuesto en esta máquina - no hay base estadística suficiente todavía.,info
CLC-1,1567203,MATCH_QUALITY,"El match con Dolibarr es exacto, lo que aumenta la confiabilidad de esta estimación.",positive
Linac-154325,1572991,LOW_DATA_VOLUME,Solo existe un evento observado para este repuesto en esta máquina - no hay base estadística suficiente todavía.,info
Linac-154325,1572991,MATCH_QUALITY,"El match con Dolibarr es exacto, lo que aumenta la confiabilidad de esta estimación.",positive
Linac-201110,1564298,LOW_DATA_VOLUME,"La estimación tiene confiabilidad reducida por n < 3 (0 intervalo(s) propios). Un solo evento observado, sin intervalo propio - se usa 100% la estimación de la cohorte (same_client_same_part).",warning
Linac-201110,1564298,MATCH_QUALITY,"El match con Dolibarr es exacto, lo que aumenta la confiabilidad de esta estimación.",positive
Linac-201110,1564298,COHORT_USED,El modelo usa cohorte (same_client_same_part) porque no hay suficientes eventos propios en esta máquina.,info
Linac-152171,1549950,LOW_DATA_VOLUME,"La estimación tiene confiabilidad reducida por n < 3 (0 intervalo(s) propios). Un solo evento observado, sin intervalo propio - se usa 100% la estimación de la cohorte (same_client_same_part).",warning
Linac-152171,1549950,MATCH_QUALITY,"El match con Dolibarr es exacto, lo que aumenta la confiabilidad de esta estimación.",positive
Linac-152171,1549950,COHORT_USED,El modelo usa cohorte (same_client_same_part) porque no hay suficientes eventos propios en esta máquina.,info
Linac-109256,1565836,LOW_DATA_VOLUME,"La estimación tiene confiabilidad reducida por n < 3 (0 intervalo(s) propios). Un solo evento observado, sin intervalo propio - se usa 100% la estimación de la cohorte (same_client_same_part).",warning
Linac-109256,1565836,MATCH_QUALITY,"El match con Dolibarr es exacto, lo que aumenta la confiabilidad de esta estimación.",positive
Linac-109256,1565836,COHORT_USED,El modelo usa cohorte (same_client_same_part) porque no hay suficientes eventos propios en esta máquina.,info
Linac-109256,1565836,AFTER_HOURS_EXPOSURE,"La máquina presenta actividad fuera de horario relevante; esto podría ser un factor explicativo, pero no prueba causalidad.",info
Linac-109256,1565835,LOW_DATA_VOLUME,"La estimación tiene confiabilidad reducida por n < 3 (0 intervalo(s) propios). Un solo evento observado, sin intervalo propio - se usa 100% la estimación de la cohorte (same_client_same_part).",warning
Linac-109256,1565835,MATCH_QUALITY,"El match con Dolibarr es exacto, lo que aumenta la confiabilidad de esta estimación.",positive
Linac-109256,1565835,COHORT_USED,El modelo usa cohorte (same_client_same_part) porque no hay suficientes eventos propios en esta máquina.,info
Linac-109256,1565835,AFTER_HOURS_EXPOSURE,"La máquina presenta actividad fuera de horario relevante; esto podría ser un factor explicativo, pero no prueba causalidad.",info
INC-156473,1549950,LOW_DATA_VOLUME,"La estimación tiene confiabilidad reducida por n < 3 (0 intervalo(s) propios). Un solo evento observado, sin intervalo propio - se usa 100% la estimación de la cohorte (same_client_same_part).",warning
INC-156473,1549950,MATCH_QUALITY,"El match con Dolibarr es exacto, lo que aumenta la confiabilidad de esta estimación.",positive
INC-156473,1549950,COHORT_USED,El modelo usa cohorte (same_client_same_part) porque no hay suficientes eventos propios en esta máquina.,info
Linac-156187,1018265_proveedor_local,LOW_DATA_VOLUME,"La estimación tiene confiabilidad reducida por n < 3 (0 intervalo(s) propios). Un solo evento observado, sin intervalo propio - se usa 100% la estimación de la cohorte (same_client_same_part).",warning
Linac-156187,1018265_proveedor_local,COHORT_USED,El modelo usa cohorte (same_client_same_part) porque no hay suficientes eventos propios en esta máquina.,info
Linac-154325,1557545,LOW_DATA_VOLUME,"La estimación tiene confiabilidad reducida por n < 3 (0 intervalo(s) propios). Un solo evento observado, sin intervalo propio - se usa 100% la estimación de la cohorte (same_client_same_part).",warning
Linac-154325,1557545,MATCH_QUALITY,"El match con Dolibarr es exacto, lo que aumenta la confiabilidad de esta estimación.",positive
Linac-154325,1557545,COHORT_USED,El modelo usa cohorte (same_client_same_part) porque no hay suficientes eventos propios en esta máquina.,info
Linac-154325,1011030,LOW_DATA_VOLUME,Solo existe un evento observado para este repuesto en esta máquina - no hay base estadística suficiente todavía.,info
Linac-154325,1011030,MATCH_QUALITY,"El match con Dolibarr es exacto, lo que aumenta la confiabilidad de esta estimación.",positive
Linac-154325,1564361,LOW_DATA_VOLUME,"La estimación tiene confiabilidad reducida por n < 3 (0 intervalo(s) propios). Un solo evento observado, sin intervalo propio - se usa 100% la estimación de la cohorte (same_client_same_part).",warning
Linac-154325,1564361,MATCH_QUALITY,"El match con Dolibarr es exacto, lo que aumenta la confiabilidad de esta estimación.",positive
Linac-154325,1564361,COHORT_USED,El modelo usa cohorte (same_client_same_part) porque no hay suficientes eventos propios en esta máquina.,info
Linac-154325,1564169,LOW_DATA_VOLUME,"La estimación tiene confiabilidad reducida por n < 3 (0 intervalo(s) propios). Un solo evento observado, sin intervalo propio - se usa 100% la estimación de la cohorte (same_client_same_part).",warning
Linac-154325,1564169,MATCH_QUALITY,"El match con Dolibarr es exacto, lo que aumenta la confiabilidad de esta estimación.",positive
Linac-154325,1564169,COHORT_USED,El modelo usa cohorte (same_client_same_part) porque no hay suficientes eventos propios en esta máquina.,info
Linac-154325,1565768,LOW_DATA_VOLUME,"La estimación tiene confiabilidad reducida por n < 3 (0 intervalo(s) propios). Un solo evento observado, sin intervalo propio - se usa 100% la estimación de la cohorte (same_client_same_part).",warning
Linac-154325,1565768,MATCH_QUALITY,"El match con Dolibarr es exacto, lo que aumenta la confiabilidad de esta estimación.",positive
Linac-154325,1565768,COHORT_USED,El modelo usa cohorte (same_client_same_part) porque no hay suficientes eventos propios en esta máquina.,info
INC-156473,1565835,LOW_DATA_VOLUME,"La estimación tiene confiabilidad reducida por n < 3 (0 intervalo(s) propios). Un solo evento observado, sin intervalo propio - se usa 100% la estimación de la cohorte (same_client_same_part).",warning
INC-156473,1565835,MATCH_QUALITY,"El match con Dolibarr es exacto, lo que aumenta la confiabilidad de esta estimación.",positive
INC-156473,1565835,COHORT_USED,El modelo usa cohorte (same_client_same_part) porque no hay suficientes eventos propios en esta máquina.,info
INC-156473,1565835,AFTER_HOURS_EXPOSURE,"La máquina presenta actividad fuera de horario relevante; esto podría ser un factor explicativo, pero no prueba causalidad.",info
Linac-154325,1501074,LOW_DATA_VOLUME,"La estimación tiene confiabilidad reducida por n < 3 (0 intervalo(s) propios). Un solo evento observado, sin intervalo propio - se usa 100% la estimación de la cohorte (same_client_same_part).",warning
Linac-154325,1501074,MATCH_QUALITY,"El match con Dolibarr es exacto, lo que aumenta la confiabilidad de esta estimación.",positive
Linac-154325,1501074,COHORT_USED,El modelo usa cohorte (same_client_same_part) porque no hay suficientes eventos propios en esta máquina.,info
Linac-109452,1531848,LOW_DATA_VOLUME,Solo existe un evento observado para este repuesto en esta máquina - no hay base estadística suficiente todavía.,info
Linac-109452,1531848,MATCH_QUALITY,"El match con Dolibarr es exacto, lo que aumenta la confiabilidad de esta estimación.",positive
Linac-109452,1531848,AFTER_HOURS_EXPOSURE,"La máquina presenta actividad fuera de horario relevante; esto podría ser un factor explicativo, pero no prueba causalidad.",info
Linac-109496,1007288,LOW_DATA_VOLUME,Solo existe un evento observado para este repuesto en esta máquina - no hay base estadística suficiente todavía.,info
Linac-109496,1007288,MATCH_QUALITY,"El match con Dolibarr es exacto, lo que aumenta la confiabilidad de esta estimación.",positive
Linac-156187,1517657,LOW_DATA_VOLUME,"La estimación tiene confiabilidad reducida por n < 3 (0 intervalo(s) propios). Un solo evento observado, sin intervalo propio - se usa 100% la estimación de la cohorte (same_client_same_part).",warning
Linac-156187,1517657,MATCH_QUALITY,"El match con Dolibarr es exacto, lo que aumenta la confiabilidad de esta estimación.",positive
Linac-156187,1517657,COHORT_USED,El modelo usa cohorte (same_client_same_part) porque no hay suficientes eventos propios en esta máquina.,info
Linac-201110,1572991,LOW_DATA_VOLUME,Solo existe un evento observado para este repuesto en esta máquina - no hay base estadística suficiente todavía.,info
Linac-201110,1572991,MATCH_QUALITY,"El match con Dolibarr es exacto, lo que aumenta la confiabilidad de esta estimación.",positive
Linac-152171,4513341185001U,LOW_DATA_VOLUME,"La estimación tiene confiabilidad reducida por n < 3 (0 intervalo(s) propios). Un solo evento observado, sin intervalo propio - se usa 100% la estimación de la cohorte (same_client_same_part).",warning
Linac-152171,4513341185001U,MATCH_QUALITY,"El match con Dolibarr es exacto, lo que aumenta la confiabilidad de esta estimación.",positive
Linac-152171,4513341185001U,COHORT_USED,El modelo usa cohorte (same_client_same_part) porque no hay suficientes eventos propios en esta máquina.,info
Linac-152171,4513341185001U,AFTER_HOURS_EXPOSURE,"La máquina presenta actividad fuera de horario relevante; esto podría ser un factor explicativo, pero no prueba causalidad.",info
Linac-109374,1018559,LOW_DATA_VOLUME,"La estimación tiene confiabilidad reducida por n < 3 (0 intervalo(s) propios). Un solo evento observado, sin intervalo propio - se usa 100% la estimación de la cohorte (same_client_same_part).",warning
Linac-109374,1018559,MATCH_QUALITY,"El match con Dolibarr es exacto, lo que aumenta la confiabilidad de esta estimación.",positive
Linac-109374,1018559,COHORT_USED,El modelo usa cohorte (same_client_same_part) porque no hay suficientes eventos propios en esta máquina.,info
Linac-109374,1538261,LOW_DATA_VOLUME,"La estimación tiene confiabilidad reducida por n < 3 (0 intervalo(s) propios). Un solo evento observado, sin intervalo propio - se usa 100% la estimación de la cohorte (same_part_global).",warning
Linac-109374,1538261,MATCH_QUALITY,"El match con Dolibarr es exacto, lo que aumenta la confiabilidad de esta estimación.",positive
Linac-109374,1538261,COHORT_USED,El modelo usa cohorte (same_part_global) porque no hay suficientes eventos propios en esta máquina.,info
Linac-109374,1515098,LOW_DATA_VOLUME,"La estimación tiene confiabilidad reducida por n < 3 (0 intervalo(s) propios). Un solo evento observado, sin intervalo propio - se usa 100% la estimación de la cohorte (same_client_same_part).",warning
Linac-109374,1515098,MATCH_QUALITY,"El match con Dolibarr es exacto, lo que aumenta la confiabilidad de esta estimación.",positive
Linac-109374,1515098,COHORT_USED,El modelo usa cohorte (same_client_same_part) porque no hay suficientes eventos propios en esta máquina.,info
Linac-109496,1539679___1571202,LOW_DATA_VOLUME,Solo existe un evento observado para este repuesto en esta máquina - no hay base estadística suficiente todavía.,info
Linac-109374,1568178,LOW_DATA_VOLUME,"La estimación tiene confiabilidad reducida por n < 3 (0 intervalo(s) propios). Un solo evento observado, sin intervalo propio - se usa 100% la estimación de la cohorte (same_part_global).",warning
Linac-109374,1568178,MATCH_QUALITY,"El match con Dolibarr es exacto, lo que aumenta la confiabilidad de esta estimación.",positive
Linac-109374,1568178,COHORT_USED,El modelo usa cohorte (same_part_global) porque no hay suficientes eventos propios en esta máquina.,info
Linac-109374,1568178,AFTER_HOURS_EXPOSURE,"La máquina presenta actividad fuera de horario relevante; esto podría ser un factor explicativo, pero no prueba causalidad.",info
INC-156473,1550513,LOW_DATA_VOLUME,"La estimación tiene confiabilidad reducida por n < 3 (0 intervalo(s) propios). Un solo evento observado, sin intervalo propio - se usa 100% la estimación de la cohorte (same_client_same_part).",warning
INC-156473,1550513,MATCH_QUALITY,"El match con Dolibarr es exacto, lo que aumenta la confiabilidad de esta estimación.",positive
INC-156473,1550513,COHORT_USED,El modelo usa cohorte (same_client_same_part) porque no hay suficientes eventos propios en esta máquina.,info
INC-156473,1550513,AFTER_HOURS_EXPOSURE,"La máquina presenta actividad fuera de horario relevante; esto podría ser un factor explicativo, pero no prueba causalidad.",info
INC-156473,1022386,LOW_DATA_VOLUME,Solo existe un evento observado para este repuesto en esta máquina - no hay base estadística suficiente todavía.,info
INC-156473,1022386,MATCH_QUALITY,"El match con Dolibarr es exacto, lo que aumenta la confiabilidad de esta estimación.",positive
INC-156473,1007288,LOW_DATA_VOLUME,Solo existe un evento observado para este repuesto en esta máquina - no hay base estadística suficiente todavía.,info
INC-156473,1007288,MATCH_QUALITY,"El match con Dolibarr es exacto, lo que aumenta la confiabilidad de esta estimación.",positive
INC-156473,1505891,LOW_DATA_VOLUME,Solo existe un evento observado para este repuesto en esta máquina - no hay base estadística suficiente todavía.,info
INC-156473,1505891,MATCH_QUALITY,"El match con Dolibarr es exacto, lo que aumenta la confiabilidad de esta estimación.",positive
INC-156473,1567203,LOW_DATA_VOLUME,Solo existe un evento observado para este repuesto en esta máquina - no hay base estadística suficiente todavía.,info
INC-156473,1567203,MATCH_QUALITY,"El match con Dolibarr es exacto, lo que aumenta la confiabilidad de esta estimación.",positive
INC-156473,1513681,LOW_DATA_VOLUME,Solo existe un evento observado para este repuesto en esta máquina - no hay base estadística suficiente todavía.,info
INC-156473,1513681,MATCH_QUALITY,"El match con Dolibarr es exacto, lo que aumenta la confiabilidad de esta estimación.",positive
INC-156473,1009687,LOW_DATA_VOLUME,Solo existe un evento observado para este repuesto en esta máquina - no hay base estadística suficiente todavía.,info
INC-156473,1009687,MATCH_QUALITY,"El match con Dolibarr es exacto, lo que aumenta la confiabilidad de esta estimación.",positive
Linac-153935,1568178,LOW_DATA_VOLUME,"La estimación tiene confiabilidad reducida por n < 3 (0 intervalo(s) propios). Un solo evento observado, sin intervalo propio - se usa 100% la estimación de la cohorte (same_part_global).",warning
Linac-153935,1568178,MATCH_QUALITY,"El match con Dolibarr es exacto, lo que aumenta la confiabilidad de esta estimación.",positive
Linac-153935,1568178,COHORT_USED,El modelo usa cohorte (same_part_global) porque no hay suficientes eventos propios en esta máquina.,info
Linac-153935,1568178,AFTER_HOURS_EXPOSURE,"La máquina presenta actividad fuera de horario relevante; esto podría ser un factor explicativo, pero no prueba causalidad.",info
Linac-156187,1024939,LOW_DATA_VOLUME,"La estimación tiene confiabilidad reducida por n < 3 (0 intervalo(s) propios). Un solo evento observado, sin intervalo propio - se usa 100% la estimación de la cohorte (same_client_same_part).",warning
Linac-156187,1024939,MATCH_QUALITY,"El match con Dolibarr es exacto, lo que aumenta la confiabilidad de esta estimación.",positive
Linac-156187,1024939,COHORT_USED,El modelo usa cohorte (same_client_same_part) porque no hay suficientes eventos propios en esta máquina.,info
INC-156473,1509024,LOW_DATA_VOLUME,Solo existe un evento observado para este repuesto en esta máquina - no hay base estadística suficiente todavía.,info
INC-156473,1509024,MATCH_QUALITY,"El match con Dolibarr es exacto, lo que aumenta la confiabilidad de esta estimación.",positive
APOTECA-CHEMO,2297542,LOW_DATA_VOLUME,Solo existe un evento observado para este repuesto en esta máquina - no hay base estadística suficiente todavía.,info
APOTECA-CHEMO,2297542,MATCH_QUALITY,"El match con Dolibarr es exacto, lo que aumenta la confiabilidad de esta estimación.",positive
Linac-152171,45133302334,LOW_DATA_VOLUME,Solo existe un evento observado para este repuesto en esta máquina - no hay base estadística suficiente todavía.,info
Linac-152171,45133302334,MATCH_QUALITY,"El match con Dolibarr es exacto, lo que aumenta la confiabilidad de esta estimación.",positive
CLC-1,1024545,LOW_DATA_VOLUME,Solo existe un evento observado para este repuesto en esta máquina - no hay base estadística suficiente todavía.,info
CLC-1,1024545,MATCH_QUALITY,"El match con Dolibarr es exacto, lo que aumenta la confiabilidad de esta estimación.",positive
Linac-152171,1014204,LOW_DATA_VOLUME,"La estimación tiene confiabilidad reducida por n < 3 (0 intervalo(s) propios). Un solo evento observado, sin intervalo propio - se usa 100% la estimación de la cohorte (same_client_same_part).",warning
Linac-152171,1014204,MATCH_QUALITY,"El match con Dolibarr es exacto, lo que aumenta la confiabilidad de esta estimación.",positive
Linac-152171,1014204,COHORT_USED,El modelo usa cohorte (same_client_same_part) porque no hay suficientes eventos propios en esta máquina.,info
INC-156473,1517657,LOW_DATA_VOLUME,"La estimación tiene confiabilidad reducida por n < 3 (0 intervalo(s) propios). Un solo evento observado, sin intervalo propio - se usa 100% la estimación de la cohorte (same_client_same_part).",warning
INC-156473,1517657,MATCH_QUALITY,"El match con Dolibarr es exacto, lo que aumenta la confiabilidad de esta estimación.",positive
INC-156473,1517657,COHORT_USED,El modelo usa cohorte (same_client_same_part) porque no hay suficientes eventos propios en esta máquina.,info
Linac-154325,1569146,LOW_DATA_VOLUME,Solo existe un evento observado para este repuesto en esta máquina - no hay base estadística suficiente todavía.,info
Linac-154325,1569146,MATCH_QUALITY,"El match con Dolibarr es exacto, lo que aumenta la confiabilidad de esta estimación.",positive
INC-156473,45133318990,LOW_DATA_VOLUME,Solo existe un evento observado para este repuesto en esta máquina - no hay base estadística suficiente todavía.,info
INC-156473,45133318990,MATCH_QUALITY,"El match con Dolibarr es exacto, lo que aumenta la confiabilidad de esta estimación.",positive
INC-156473,45133318990,AFTER_HOURS_EXPOSURE,"La máquina presenta actividad fuera de horario relevante; esto podría ser un factor explicativo, pero no prueba causalidad.",info
Linac-109256,1531145,LOW_DATA_VOLUME,Solo existe un evento observado para este repuesto en esta máquina - no hay base estadística suficiente todavía.,info
Linac-109256,1531145,MATCH_QUALITY,"El match con Dolibarr es exacto, lo que aumenta la confiabilidad de esta estimación.",positive
Linac-109256,1531145,AFTER_HOURS_EXPOSURE,"La máquina presenta actividad fuera de horario relevante; esto podría ser un factor explicativo, pero no prueba causalidad.",info
Linac-109256,1564361,LOW_DATA_VOLUME,"La estimación tiene confiabilidad reducida por n < 3 (0 intervalo(s) propios). Un solo evento observado, sin intervalo propio - se usa 100% la estimación de la cohorte (same_client_same_part).",warning
Linac-109256,1564361,MATCH_QUALITY,"El match con Dolibarr es exacto, lo que aumenta la confiabilidad de esta estimación.",positive
Linac-109256,1564361,COHORT_USED,El modelo usa cohorte (same_client_same_part) porque no hay suficientes eventos propios en esta máquina.,info
Linac-109256,1017632_usado,LOW_DATA_VOLUME,"La estimación tiene confiabilidad reducida por n < 3 (0 intervalo(s) propios). Un solo evento observado, sin intervalo propio - se usa 100% la estimación de la cohorte (same_client_same_part).",warning
Linac-109256,1017632_usado,COHORT_USED,El modelo usa cohorte (same_client_same_part) porque no hay suficientes eventos propios en esta máquina.,info
Linac-156187,45133904594,LOW_DATA_VOLUME,Solo existe un evento observado para este repuesto en esta máquina - no hay base estadística suficiente todavía.,info
Linac-156187,45133904594,MATCH_QUALITY,"El match con Dolibarr es exacto, lo que aumenta la confiabilidad de esta estimación.",positive
Linac-156187,1541718,LOW_DATA_VOLUME,"La estimación tiene confiabilidad reducida por n < 3 (0 intervalo(s) propios). Un solo evento observado, sin intervalo propio - se usa 100% la estimación de la cohorte (same_client_same_part).",warning
Linac-156187,1541718,MATCH_QUALITY,"El match con Dolibarr es exacto, lo que aumenta la confiabilidad de esta estimación.",positive
Linac-156187,1541718,COHORT_USED,El modelo usa cohorte (same_client_same_part) porque no hay suficientes eventos propios en esta máquina.,info
Linac-156187,1541718,AFTER_HOURS_EXPOSURE,"La máquina presenta actividad fuera de horario relevante; esto podría ser un factor explicativo, pero no prueba causalidad.",info
Linac-153935,45133412329,LOW_DATA_VOLUME,Solo existe un evento observado para este repuesto en esta máquina - no hay base estadística suficiente todavía.,info
Linac-153935,45133412329,MATCH_QUALITY,"El match con Dolibarr es exacto, lo que aumenta la confiabilidad de esta estimación.",positive
Linac-154325,1505978,LOW_DATA_VOLUME,Solo existe un evento observado para este repuesto en esta máquina - no hay base estadística suficiente todavía.,info
Linac-154325,1505978,MATCH_QUALITY,"El match con Dolibarr es exacto, lo que aumenta la confiabilidad de esta estimación.",positive
Linac-109374,1532592,LOW_DATA_VOLUME,Solo existe un evento observado para este repuesto en esta máquina - no hay base estadística suficiente todavía.,info
Linac-109374,1532592,MATCH_QUALITY,"El match con Dolibarr es exacto, lo que aumenta la confiabilidad de esta estimación.",positive
Linac-109374,1532592,AFTER_HOURS_EXPOSURE,"La máquina presenta actividad fuera de horario relevante; esto podría ser un factor explicativo, pero no prueba causalidad.",info