ticket_tag_id,zendesk_ticket_id,tag,extracted_at
1|de,1,de,2026-07-01T21:00:58.996Z
1|muestra,1,muestra,2026-07-01T21:00:58.996Z
1|support,1,support,2026-07-01T21:00:58.996Z
1|zendesk,1,zendesk,2026-07-01T21:00:58.996Z
202|angiografía__neuangio_43c,202,angiografía__neuangio_43c,2026-07-01T21:00:58.996Z
202|axesse,202,axesse,2026-07-01T21:00:58.996Z
202|barcoding,202,barcoding,2026-07-01T21:00:58.996Z
202|closed_by_merge,202,closed_by_merge,2026-07-01T21:00:58.996Z
202|dosisoft,202,dosisoft,2026-07-01T21:00:58.996Z
202|elekta,202,elekta,2026-07-01T21:00:58.996Z
202|físico,202,físico,2026-07-01T21:00:58.996Z
202|hardware_y_software,202,hardware_y_software,2026-07-01T21:00:58.996Z
202|infinity,202,infinity,2026-07-01T21:00:58.996Z
202|iview,202,iview,2026-07-01T21:00:58.996Z
202|linac,202,linac,2026-07-01T21:00:58.996Z
202|monaco,202,monaco,2026-07-01T21:00:58.996Z
202|monacosim,202,monacosim,2026-07-01T21:00:58.996Z
202|mosaiq,202,mosaiq,2026-07-01T21:00:58.996Z
202|si,202,si,2026-07-01T21:00:58.996Z
202|storage,202,storage,2026-07-01T21:00:58.996Z
202|versahd,202,versahd,2026-07-01T21:00:58.996Z
202|xvi,202,xvi,2026-07-01T21:00:58.996Z
48|agility,48,agility,2026-07-01T21:00:58.996Z
48|axesse,48,axesse,2026-07-01T21:00:58.996Z
48|cabezal_agility,48,cabezal_agility,2026-07-01T21:00:58.996Z
48|elekta,48,elekta,2026-07-01T21:00:58.996Z
48|físico,48,físico,2026-07-01T21:00:58.996Z
48|hardware_y_software,48,hardware_y_software,2026-07-01T21:00:58.996Z
48|infinity,48,infinity,2026-07-01T21:00:58.996Z
48|mlc,48,mlc,2026-07-01T21:00:58.996Z
48|no,48,no,2026-07-01T21:00:58.996Z
51|axesse,51,axesse,2026-07-01T21:00:58.996Z
51|braquiterapia,51,braquiterapia,2026-07-01T21:00:58.996Z
51|elekta,51,elekta,2026-07-01T21:00:58.996Z
51|fco,51,fco,2026-07-01T21:00:58.996Z
51|físico,51,físico,2026-07-01T21:00:58.996Z
51|hardware_y_software,51,hardware_y_software,2026-07-01T21:00:58.996Z
51|infinity,51,infinity,2026-07-01T21:00:58.996Z
51|monaco,51,monaco,2026-07-01T21:00:58.996Z
51|mosaiq,51,mosaiq,2026-07-01T21:00:58.996Z
51|mosaiq_server,51,mosaiq_server,2026-07-01T21:00:58.996Z
51|no,51,no,2026-07-01T21:00:58.996Z
51|on_hold_1h,51,on_hold_1h,2026-07-01T21:00:58.996Z
27|acelerador_lineal,27,acelerador_lineal,2026-07-01T21:00:58.996Z
27|ingeniero_de_servicio,27,ingeniero_de_servicio,2026-07-01T21:00:58.996Z
27|no,27,no,2026-07-01T21:00:58.996Z
27|on_hold_1h,27,on_hold_1h,2026-07-01T21:00:58.996Z
46|axesse,46,axesse,2026-07-01T21:00:58.996Z
46|dosisoft,46,dosisoft,2026-07-01T21:00:58.996Z
46|elekta,46,elekta,2026-07-01T21:00:58.996Z
46|físico,46,físico,2026-07-01T21:00:58.996Z
46|hardware_y_software,46,hardware_y_software,2026-07-01T21:00:58.996Z
46|iviewgt,46,iviewgt,2026-07-01T21:00:58.996Z
46|no,46,no,2026-07-01T21:00:58.996Z
46|panel,46,panel,2026-07-01T21:00:58.996Z
46|problema,46,problema,2026-07-01T21:00:58.996Z
57|acelerador_lineal,57,acelerador_lineal,2026-07-01T21:00:58.996Z
57|axesse,57,axesse,2026-07-01T21:00:58.996Z
57|braquiterapia,57,braquiterapia,2026-07-01T21:00:58.996Z
57|elekta,57,elekta,2026-07-01T21:00:58.996Z
57|físico,57,físico,2026-07-01T21:00:58.996Z
57|hardware_y_software,57,hardware_y_software,2026-07-01T21:00:58.996Z
57|infinity,57,infinity,2026-07-01T21:00:58.996Z
57|monaco,57,monaco,2026-07-01T21:00:58.996Z
57|mosaiq,57,mosaiq,2026-07-01T21:00:58.996Z
57|no,57,no,2026-07-01T21:00:58.996Z
57|on_hold_1h,57,on_hold_1h,2026-07-01T21:00:58.996Z
39|acelerador_lineal,39,acelerador_lineal,2026-07-01T21:00:58.996Z
39|axesse,39,axesse,2026-07-01T21:00:58.996Z
39|elekta,39,elekta,2026-07-01T21:00:58.996Z
39|físico,39,físico,2026-07-01T21:00:58.996Z
39|hump_error,39,hump_error,2026-07-01T21:00:58.996Z
39|infinity,39,infinity,2026-07-01T21:00:58.996Z
39|no,39,no,2026-07-01T21:00:58.996Z
39|on_hold_1h,39,on_hold_1h,2026-07-01T21:00:58.996Z
63|axesse,63,axesse,2026-07-01T21:00:58.996Z
63|braquiterapia,63,braquiterapia,2026-07-01T21:00:58.996Z
63|elekta,63,elekta,2026-07-01T21:00:58.996Z
63|fco,63,fco,2026-07-01T21:00:58.996Z
63|físico,63,físico,2026-07-01T21:00:58.996Z
63|hardware_y_software,63,hardware_y_software,2026-07-01T21:00:58.996Z
63|infinity,63,infinity,2026-07-01T21:00:58.996Z
63|monaco,63,monaco,2026-07-01T21:00:58.996Z
63|monaco_sim,63,monaco_sim,2026-07-01T21:00:58.996Z
63|monacosim,63,monacosim,2026-07-01T21:00:58.996Z
63|mosaiq,63,mosaiq,2026-07-01T21:00:58.996Z
63|no,63,no,2026-07-01T21:00:58.996Z
60|axesse,60,axesse,2026-07-01T21:00:58.996Z
60|braquiterapia,60,braquiterapia,2026-07-01T21:00:58.996Z
60|elekta,60,elekta,2026-07-01T21:00:58.996Z
60|físico,60,físico,2026-07-01T21:00:58.996Z
60|hardware_y_software,60,hardware_y_software,2026-07-01T21:00:58.996Z
60|infinity,60,infinity,2026-07-01T21:00:58.996Z
60|monaco,60,monaco,2026-07-01T21:00:58.996Z
60|monaco_tps,60,monaco_tps,2026-07-01T21:00:58.996Z
60|mosaiq,60,mosaiq,2026-07-01T21:00:58.996Z
60|no,60,no,2026-07-01T21:00:58.996Z
60|on_hold_1h,60,on_hold_1h,2026-07-01T21:00:58.996Z
60|problema,60,problema,2026-07-01T21:00:58.996Z
67|axesse,67,axesse,2026-07-01T21:00:58.996Z
67|elekta,67,elekta,2026-07-01T21:00:58.996Z
67|físico,67,físico,2026-07-01T21:00:58.996Z
67|hardware_y_software,67,hardware_y_software,2026-07-01T21:00:58.996Z
67|infinity,67,infinity,2026-07-01T21:00:58.996Z
67|linac,67,linac,2026-07-01T21:00:58.996Z
67|monaco,67,monaco,2026-07-01T21:00:58.996Z
67|monacosim,67,monacosim,2026-07-01T21:00:58.996Z
67|mosaiq,67,mosaiq,2026-07-01T21:00:58.996Z
67|mosaiq_server,67,mosaiq_server,2026-07-01T21:00:58.996Z
67|on_hold_1h,67,on_hold_1h,2026-07-01T21:00:58.996Z
67|problema,67,problema,2026-07-01T21:00:58.996Z
67|storage,67,storage,2026-07-01T21:00:58.996Z
67|versahd,67,versahd,2026-07-01T21:00:58.996Z
74|6fff,74,6fff,2026-07-01T21:00:58.996Z
74|acelerador_lineal,74,acelerador_lineal,2026-07-01T21:00:58.996Z
74|axesse,74,axesse,2026-07-01T21:00:58.996Z
74|doseratemoon,74,doseratemoon,2026-07-01T21:00:58.996Z
74|elekta,74,elekta,2026-07-01T21:00:58.996Z
74|físico,74,físico,2026-07-01T21:00:58.996Z
74|hardware_y_software,74,hardware_y_software,2026-07-01T21:00:58.996Z
74|infinity,74,infinity,2026-07-01T21:00:58.996Z
74|linac,74,linac,2026-07-01T21:00:58.996Z
74|no,74,no,2026-07-01T21:00:58.996Z
74|on_hold_1h,74,on_hold_1h,2026-07-01T21:00:58.996Z
74|problema,74,problema,2026-07-01T21:00:58.996Z
74|versahd,74,versahd,2026-07-01T21:00:58.996Z
85|angiografía__neuangio_43c,85,angiografía__neuangio_43c,2026-07-01T21:00:58.996Z
85|axesse,85,axesse,2026-07-01T21:00:58.996Z
85|barcoding,85,barcoding,2026-07-01T21:00:58.996Z
85|closed_by_merge,85,closed_by_merge,2026-07-01T21:00:58.996Z
85|dosisoft,85,dosisoft,2026-07-01T21:00:58.996Z
85|elekta,85,elekta,2026-07-01T21:00:58.996Z
85|físico,85,físico,2026-07-01T21:00:58.996Z
85|hardware_y_software,85,hardware_y_software,2026-07-01T21:00:58.996Z
85|infinity,85,infinity,2026-07-01T21:00:58.996Z
85|iview,85,iview,2026-07-01T21:00:58.996Z
85|linac,85,linac,2026-07-01T21:00:58.996Z
85|monaco,85,monaco,2026-07-01T21:00:58.996Z
85|monacosim,85,monacosim,2026-07-01T21:00:58.996Z
85|mosaiq,85,mosaiq,2026-07-01T21:00:58.996Z
85|no,85,no,2026-07-01T21:00:58.996Z
85|storage,85,storage,2026-07-01T21:00:58.996Z
85|versahd,85,versahd,2026-07-01T21:00:58.996Z
85|xvi,85,xvi,2026-07-01T21:00:58.996Z
61|axesse,61,axesse,2026-07-01T21:00:58.996Z
61|braquiterapia,61,braquiterapia,2026-07-01T21:00:58.996Z
61|elekta,61,elekta,2026-07-01T21:00:58.996Z
61|físico,61,físico,2026-07-01T21:00:58.996Z
61|hardware_y_software,61,hardware_y_software,2026-07-01T21:00:58.996Z
61|infinity,61,infinity,2026-07-01T21:00:58.996Z
61|monaco,61,monaco,2026-07-01T21:00:58.996Z
61|mosaiq,61,mosaiq,2026-07-01T21:00:58.996Z
61|mosaiq_sequencer,61,mosaiq_sequencer,2026-07-01T21:00:58.996Z
61|no,61,no,2026-07-01T21:00:58.996Z
61|on_hold_1h,61,on_hold_1h,2026-07-01T21:00:58.996Z
61|tarea,61,tarea,2026-07-01T21:00:58.996Z
69|axesse,69,axesse,2026-07-01T21:00:58.996Z
69|elekta,69,elekta,2026-07-01T21:00:58.996Z
69|físico,69,físico,2026-07-01T21:00:58.996Z
69|hardware_y_software,69,hardware_y_software,2026-07-01T21:00:58.996Z
69|infinity,69,infinity,2026-07-01T21:00:58.996Z
69|iview,69,iview,2026-07-01T21:00:58.996Z
69|linac,69,linac,2026-07-01T21:00:58.996Z
69|mosaiq,69,mosaiq,2026-07-01T21:00:58.996Z
69|no,69,no,2026-07-01T21:00:58.996Z
69|on_hold_1h,69,on_hold_1h,2026-07-01T21:00:58.996Z
69|problema,69,problema,2026-07-01T21:00:58.996Z
69|sistema_ccp,69,sistema_ccp,2026-07-01T21:00:58.996Z
69|versahd,69,versahd,2026-07-01T21:00:58.996Z
69|xvi,69,xvi,2026-07-01T21:00:58.996Z
54|acelerador_lineal,54,acelerador_lineal,2026-07-01T21:00:58.996Z
54|físico,54,físico,2026-07-01T21:00:58.996Z
54|no,54,no,2026-07-01T21:00:58.996Z
54|on_hold_1h,54,on_hold_1h,2026-07-01T21:00:58.996Z
83|brachy,83,brachy,2026-07-01T21:00:58.996Z
83|comapact,83,comapact,2026-07-01T21:00:58.996Z
83|elekta,83,elekta,2026-07-01T21:00:58.996Z
83|flexitron,83,flexitron,2026-07-01T21:00:58.996Z
83|físico,83,físico,2026-07-01T21:00:58.996Z
83|hardware_y_software,83,hardware_y_software,2026-07-01T21:00:58.996Z
83|infinity,83,infinity,2026-07-01T21:00:58.996Z
83|mosaiq_dicom_namer,83,mosaiq_dicom_namer,2026-07-01T21:00:58.996Z
83|no,83,no,2026-07-01T21:00:58.996Z
83|on_hold_1h,83,on_hold_1h,2026-07-01T21:00:58.996Z
82|brachy,82,brachy,2026-07-01T21:00:58.996Z
82|comapact,82,comapact,2026-07-01T21:00:58.996Z
82|elekta,82,elekta,2026-07-01T21:00:58.996Z
82|flexitron,82,flexitron,2026-07-01T21:00:58.996Z
82|físico,82,físico,2026-07-01T21:00:58.996Z
82|hardware_y_software,82,hardware_y_software,2026-07-01T21:00:58.996Z
82|infinity,82,infinity,2026-07-01T21:00:58.996Z
82|no,82,no,2026-07-01T21:00:58.996Z
82|on_hold_1h,82,on_hold_1h,2026-07-01T21:00:58.996Z
82|problema,82,problema,2026-07-01T21:00:58.996Z
97|acelerador_lineal,97,acelerador_lineal,2026-07-01T21:00:58.996Z
97|compact,97,compact,2026-07-01T21:00:58.996Z
97|elekta,97,elekta,2026-07-01T21:00:58.996Z
97|físico,97,físico,2026-07-01T21:00:58.996Z
97|hardware_y_software,97,hardware_y_software,2026-07-01T21:00:58.996Z
97|monaco,97,monaco,2026-07-01T21:00:58.996Z
97|monacosim,97,monacosim,2026-07-01T21:00:58.996Z
97|mosaiq,97,mosaiq,2026-07-01T21:00:58.996Z
97|no,97,no,2026-07-01T21:00:58.996Z
97|nss,97,nss,2026-07-01T21:00:58.996Z
97|on_hold_1h,97,on_hold_1h,2026-07-01T21:00:58.996Z
97|requerimiento,97,requerimiento,2026-07-01T21:00:58.996Z
97|tcs,97,tcs,2026-07-01T21:00:58.996Z
97|xio,97,xio,2026-07-01T21:00:58.996Z
77|braquiterapia,77,braquiterapia,2026-07-01T21:00:58.996Z
77|compact,77,compact,2026-07-01T21:00:58.996Z
77|elekta,77,elekta,2026-07-01T21:00:58.996Z
77|físico,77,físico,2026-07-01T21:00:58.996Z
77|hardware_y_software,77,hardware_y_software,2026-07-01T21:00:58.996Z
77|monaco,77,monaco,2026-07-01T21:00:58.996Z
77|monacosim,77,monacosim,2026-07-01T21:00:58.996Z
77|mosaiq,77,mosaiq,2026-07-01T21:00:58.996Z
77|no,77,no,2026-07-01T21:00:58.996Z
77|nss,77,nss,2026-07-01T21:00:58.996Z
77|problema,77,problema,2026-07-01T21:00:58.996Z
77|sistema_de_imagen_portal_iview,77,sistema_de_imagen_portal_iview,2026-07-01T21:00:58.996Z
77|tcs,77,tcs,2026-07-01T21:00:58.996Z
77|xio,77,xio,2026-07-01T21:00:58.996Z
78|braquiterapia,78,braquiterapia,2026-07-01T21:00:58.996Z
78|compact,78,compact,2026-07-01T21:00:58.996Z
78|elekta,78,elekta,2026-07-01T21:00:58.996Z
78|físico,78,físico,2026-07-01T21:00:58.996Z
78|hardware_y_software,78,hardware_y_software,2026-07-01T21:00:58.996Z
78|monaco,78,monaco,2026-07-01T21:00:58.996Z
78|monacosim,78,monacosim,2026-07-01T21:00:58.996Z
78|mosaiq,78,mosaiq,2026-07-01T21:00:58.996Z
78|no,78,no,2026-07-01T21:00:58.996Z
78|nss,78,nss,2026-07-01T21:00:58.996Z
78|on_hold_1h,78,on_hold_1h,2026-07-01T21:00:58.996Z
78|problema,78,problema,2026-07-01T21:00:58.996Z
78|sistema_de_imagen_cbct_xvi,78,sistema_de_imagen_cbct_xvi,2026-07-01T21:00:58.996Z
78|tcs,78,tcs,2026-07-01T21:00:58.996Z
78|xio,78,xio,2026-07-01T21:00:58.996Z
40|acelerador_lineal,40,acelerador_lineal,2026-07-01T21:00:58.996Z
40|axesse,40,axesse,2026-07-01T21:00:58.996Z
40|elekta,40,elekta,2026-07-01T21:00:58.996Z
40|físico,40,físico,2026-07-01T21:00:58.996Z
40|hardware_y_software,40,hardware_y_software,2026-07-01T21:00:58.996Z
40|infinity,40,infinity,2026-07-01T21:00:58.996Z
40|no,40,no,2026-07-01T21:00:58.996Z
40|on_hold_1h,40,on_hold_1h,2026-07-01T21:00:58.996Z
151|citrix,151,citrix,2026-07-01T21:00:58.996Z
151|elekta,151,elekta,2026-07-01T21:00:58.996Z
151|hardware_y_software,151,hardware_y_software,2026-07-01T21:00:58.996Z
151|infinity,151,infinity,2026-07-01T21:00:58.996Z
151|integrity,151,integrity,2026-07-01T21:00:58.996Z
151|iview,151,iview,2026-07-01T21:00:58.996Z
151|linac,151,linac,2026-07-01T21:00:58.996Z
151|media,151,media,2026-07-01T21:00:58.996Z
151|monaco,151,monaco,2026-07-01T21:00:58.996Z
151|mosaiq,151,mosaiq,2026-07-01T21:00:58.996Z
151|no,151,no,2026-07-01T21:00:58.996Z
151|storage,151,storage,2026-07-01T21:00:58.996Z
151|suncheck_machine,151,suncheck_machine,2026-07-01T21:00:58.996Z
151|sunnuclear,151,sunnuclear,2026-07-01T21:00:58.996Z
151|xvi,151,xvi,2026-07-01T21:00:58.996Z
156|citrix,156,citrix,2026-07-01T21:00:58.996Z
156|elekta,156,elekta,2026-07-01T21:00:58.996Z
156|hardware_y_software,156,hardware_y_software,2026-07-01T21:00:58.996Z
156|importacion,156,importacion,2026-07-01T21:00:58.996Z
156|incidente,156,incidente,2026-07-01T21:00:58.996Z
156|infinity,156,infinity,2026-07-01T21:00:58.996Z
156|integrity,156,integrity,2026-07-01T21:00:58.996Z
156|iview,156,iview,2026-07-01T21:00:58.996Z
156|linac,156,linac,2026-07-01T21:00:58.996Z
156|media,156,media,2026-07-01T21:00:58.996Z
156|monaco,156,monaco,2026-07-01T21:00:58.996Z
156|monacosim,156,monacosim,2026-07-01T21:00:58.996Z
156|mosaiq,156,mosaiq,2026-07-01T21:00:58.996Z
156|no,156,no,2026-07-01T21:00:58.996Z
156|storage,156,storage,2026-07-01T21:00:58.996Z
156|suncheck_machine,156,suncheck_machine,2026-07-01T21:00:58.996Z
156|sunnuclear,156,sunnuclear,2026-07-01T21:00:58.996Z
156|xvi,156,xvi,2026-07-01T21:00:58.996Z
196|axesse,196,axesse,2026-07-01T21:00:58.996Z
196|braquiterapia,196,braquiterapia,2026-07-01T21:00:58.996Z
196|closed_by_merge,196,closed_by_merge,2026-07-01T21:00:58.996Z
196|elekta,196,elekta,2026-07-01T21:00:58.996Z
196|hardware_y_software,196,hardware_y_software,2026-07-01T21:00:58.996Z
196|infinity,196,infinity,2026-07-01T21:00:58.996Z
196|monaco,196,monaco,2026-07-01T21:00:58.996Z
196|mosaiq,196,mosaiq,2026-07-01T21:00:58.996Z
195|axesse,195,axesse,2026-07-01T21:00:58.996Z
195|braquiterapia,195,braquiterapia,2026-07-01T21:00:58.996Z
195|closed_by_merge,195,closed_by_merge,2026-07-01T21:00:58.996Z
195|elekta,195,elekta,2026-07-01T21:00:58.996Z
195|hardware_y_software,195,hardware_y_software,2026-07-01T21:00:58.996Z
195|infinity,195,infinity,2026-07-01T21:00:58.996Z
195|monaco,195,monaco,2026-07-01T21:00:58.996Z
195|mosaiq,195,mosaiq,2026-07-01T21:00:58.996Z
240|citrix,240,citrix,2026-07-01T21:00:58.996Z
240|closed_by_merge,240,closed_by_merge,2026-07-01T21:00:58.996Z
240|elekta,240,elekta,2026-07-01T21:00:58.996Z
240|físico,240,físico,2026-07-01T21:00:58.996Z
240|hardware_y_software,240,hardware_y_software,2026-07-01T21:00:58.996Z
240|infinity,240,infinity,2026-07-01T21:00:58.996Z
240|integrity,240,integrity,2026-07-01T21:00:58.996Z
240|iview,240,iview,2026-07-01T21:00:58.996Z
240|linac,240,linac,2026-07-01T21:00:58.996Z
240|media,240,media,2026-07-01T21:00:58.996Z
240|monaco,240,monaco,2026-07-01T21:00:58.996Z
240|mosaiq,240,mosaiq,2026-07-01T21:00:58.996Z
240|si,240,si,2026-07-01T21:00:58.996Z
240|storage,240,storage,2026-07-01T21:00:58.996Z
240|suncheck_machine,240,suncheck_machine,2026-07-01T21:00:58.996Z
240|sunnuclear,240,sunnuclear,2026-07-01T21:00:58.996Z
240|xvi,240,xvi,2026-07-01T21:00:58.996Z
219|closed_by_merge,219,closed_by_merge,2026-07-01T21:00:58.996Z
219|elekta,219,elekta,2026-07-01T21:00:58.996Z
219|físico,219,físico,2026-07-01T21:00:58.996Z
219|hardware_y_software,219,hardware_y_software,2026-07-01T21:00:58.996Z
219|hexapod,219,hexapod,2026-07-01T21:00:58.996Z
219|iview,219,iview,2026-07-01T21:00:58.996Z
219|linac,219,linac,2026-07-01T21:00:58.996Z
219|monaco,219,monaco,2026-07-01T21:00:58.996Z
219|mosaiq,219,mosaiq,2026-07-01T21:00:58.996Z
219|platform,219,platform,2026-07-01T21:00:58.996Z
219|suncheck,219,suncheck,2026-07-01T21:00:58.996Z
219|suncheck_machine,219,suncheck_machine,2026-07-01T21:00:58.996Z
219|sunnuclear,219,sunnuclear,2026-07-01T21:00:58.996Z
219|versahd,219,versahd,2026-07-01T21:00:58.996Z
219|xvi,219,xvi,2026-07-01T21:00:58.996Z
235|agility,235,agility,2026-07-01T21:00:58.996Z
235|closed_by_merge,235,closed_by_merge,2026-07-01T21:00:58.996Z
235|dosimetrista,235,dosimetrista,2026-07-01T21:00:58.996Z
235|elekta,235,elekta,2026-07-01T21:00:58.996Z
235|hardware_y_software,235,hardware_y_software,2026-07-01T21:00:58.996Z
235|monaco,235,monaco,2026-07-01T21:00:58.996Z
235|mosaiq,235,mosaiq,2026-07-01T21:00:58.996Z
235|no,235,no,2026-07-01T21:00:58.996Z
235|sinergy,235,sinergy,2026-07-01T21:00:58.996Z
235|suncheck,235,suncheck,2026-07-01T21:00:58.996Z
235|suncheck_machine,235,suncheck_machine,2026-07-01T21:00:58.996Z
235|sunnuclear,235,sunnuclear,2026-07-01T21:00:58.996Z
235|versahd,235,versahd,2026-07-01T21:00:58.996Z
271|axesse,271,axesse,2026-07-01T21:00:58.996Z
271|braquiterapia,271,braquiterapia,2026-07-01T21:00:58.996Z
271|closed_by_merge,271,closed_by_merge,2026-07-01T21:00:58.996Z
271|elekta,271,elekta,2026-07-01T21:00:58.996Z
271|físico,271,físico,2026-07-01T21:00:58.996Z
271|hardware_y_software,271,hardware_y_software,2026-07-01T21:00:58.996Z
271|infinity,271,infinity,2026-07-01T21:00:58.996Z
271|monaco,271,monaco,2026-07-01T21:00:58.996Z
271|mosaiq,271,mosaiq,2026-07-01T21:00:58.996Z
271|si,271,si,2026-07-01T21:00:58.996Z
289|axesse,289,axesse,2026-07-01T21:00:58.996Z
289|braquiterapia,289,braquiterapia,2026-07-01T21:00:58.996Z
289|elekta,289,elekta,2026-07-01T21:00:58.996Z
289|fco,289,fco,2026-07-01T21:00:58.996Z
289|físico,289,físico,2026-07-01T21:00:58.996Z
289|hardware_y_software,289,hardware_y_software,2026-07-01T21:00:58.996Z
289|infinity,289,infinity,2026-07-01T21:00:58.996Z
289|monaco,289,monaco,2026-07-01T21:00:58.996Z
289|mosaiq,289,mosaiq,2026-07-01T21:00:58.996Z
289|no,289,no,2026-07-01T21:00:58.996Z
289|on_hold_1h,289,on_hold_1h,2026-07-01T21:00:58.996Z
314|elekta,314,elekta,2026-07-01T21:00:58.996Z
314|físico,314,físico,2026-07-01T21:00:58.996Z
314|hardware_y_software,314,hardware_y_software,2026-07-01T21:00:58.996Z
314|hexapod,314,hexapod,2026-07-01T21:00:58.996Z
314|iview,314,iview,2026-07-01T21:00:58.996Z
314|linac,314,linac,2026-07-01T21:00:58.996Z
314|monaco,314,monaco,2026-07-01T21:00:58.996Z
314|mosaiq,314,mosaiq,2026-07-01T21:00:58.996Z
314|platform,314,platform,2026-07-01T21:00:58.996Z
314|suncheck,314,suncheck,2026-07-01T21:00:58.996Z
314|suncheck_machine,314,suncheck_machine,2026-07-01T21:00:58.996Z
314|sunnuclear,314,sunnuclear,2026-07-01T21:00:58.996Z
314|versahd,314,versahd,2026-07-01T21:00:58.996Z
314|xvi,314,xvi,2026-07-01T21:00:58.996Z
260|elekta,260,elekta,2026-07-01T21:00:58.996Z
260|físico,260,físico,2026-07-01T21:00:58.996Z
260|hardware_y_software,260,hardware_y_software,2026-07-01T21:00:58.996Z
260|hexapod,260,hexapod,2026-07-01T21:00:58.996Z
260|iba,260,iba,2026-07-01T21:00:58.996Z
260|iguide,260,iguide,2026-07-01T21:00:58.996Z
260|iview,260,iview,2026-07-01T21:00:58.996Z
260|monaco,260,monaco,2026-07-01T21:00:58.996Z
260|monacosim,260,monacosim,2026-07-01T21:00:58.996Z
260|mosaiq,260,mosaiq,2026-07-01T21:00:58.996Z
260|rtp99,260,rtp99,2026-07-01T21:00:58.996Z
260|tcs,260,tcs,2026-07-01T21:00:58.996Z
260|versahd,260,versahd,2026-07-01T21:00:58.996Z
260|xvi,260,xvi,2026-07-01T21:00:58.996Z
297|elekta,297,elekta,2026-07-01T21:00:58.996Z
297|físico,297,físico,2026-07-01T21:00:58.996Z
297|hardware_y_software,297,hardware_y_software,2026-07-01T21:00:58.996Z
297|hexapod,297,hexapod,2026-07-01T21:00:58.996Z
297|iview,297,iview,2026-07-01T21:00:58.996Z
297|linac,297,linac,2026-07-01T21:00:58.996Z
297|monaco,297,monaco,2026-07-01T21:00:58.996Z
297|mosaiq,297,mosaiq,2026-07-01T21:00:58.996Z
297|platform,297,platform,2026-07-01T21:00:58.996Z
297|suncheck,297,suncheck,2026-07-01T21:00:58.996Z
297|suncheck_machine,297,suncheck_machine,2026-07-01T21:00:58.996Z
297|sunnuclear,297,sunnuclear,2026-07-01T21:00:58.996Z
297|versahd,297,versahd,2026-07-01T21:00:58.996Z
297|xvi,297,xvi,2026-07-01T21:00:58.996Z
291|elekta,291,elekta,2026-07-01T21:00:58.996Z
291|físico,291,físico,2026-07-01T21:00:58.996Z
291|hardware_y_software,291,hardware_y_software,2026-07-01T21:00:58.996Z
291|hexapod,291,hexapod,2026-07-01T21:00:58.996Z
291|iview,291,iview,2026-07-01T21:00:58.996Z
291|linac,291,linac,2026-07-01T21:00:58.996Z
291|monaco,291,monaco,2026-07-01T21:00:58.996Z
291|mosaiq,291,mosaiq,2026-07-01T21:00:58.996Z
291|platform,291,platform,2026-07-01T21:00:58.996Z
291|suncheck,291,suncheck,2026-07-01T21:00:58.996Z
291|suncheck_machine,291,suncheck_machine,2026-07-01T21:00:58.996Z
291|sunnuclear,291,sunnuclear,2026-07-01T21:00:58.996Z
291|versahd,291,versahd,2026-07-01T21:00:58.996Z
291|xvi,291,xvi,2026-07-01T21:00:58.996Z
245|elekta,245,elekta,2026-07-01T21:00:58.996Z
245|físico,245,físico,2026-07-01T21:00:58.996Z
245|hardware_y_software,245,hardware_y_software,2026-07-01T21:00:58.996Z
245|hexapod,245,hexapod,2026-07-01T21:00:58.996Z
245|iview,245,iview,2026-07-01T21:00:58.996Z
245|linac,245,linac,2026-07-01T21:00:58.996Z
245|monaco,245,monaco,2026-07-01T21:00:58.996Z
245|mosaiq,245,mosaiq,2026-07-01T21:00:58.996Z
245|platform,245,platform,2026-07-01T21:00:58.996Z
245|suncheck,245,suncheck,2026-07-01T21:00:58.996Z
245|suncheck_machine,245,suncheck_machine,2026-07-01T21:00:58.996Z
245|sunnuclear,245,sunnuclear,2026-07-01T21:00:58.996Z
245|versahd,245,versahd,2026-07-01T21:00:58.996Z
245|xvi,245,xvi,2026-07-01T21:00:58.996Z
87|achemo,87,achemo,2026-07-01T21:00:58.996Z
87|apoteca,87,apoteca,2026-07-01T21:00:58.996Z
87|apoteca_chemo,87,apoteca_chemo,2026-07-01T21:00:58.996Z
87|aps,87,aps,2026-07-01T21:00:58.996Z
87|full_risk_week___weekend_pack,87,full_risk_week___weekend_pack,2026-07-01T21:00:58.996Z
87|hardware_y_software,87,hardware_y_software,2026-07-01T21:00:58.996Z
87|loccioni,87,loccioni,2026-07-01T21:00:58.996Z
87|manager,87,manager,2026-07-01T21:00:58.996Z
87|media,87,media,2026-07-01T21:00:58.996Z
87|meta,87,meta,2026-07-01T21:00:58.996Z
87|no,87,no,2026-07-01T21:00:58.996Z
87|on_hold_1h,87,on_hold_1h,2026-07-01T21:00:58.996Z
87|ps,87,ps,2026-07-01T21:00:58.996Z
87|qf_administrador,87,qf_administrador,2026-07-01T21:00:58.996Z
87|requerimiento,87,requerimiento,2026-07-01T21:00:58.996Z
87|robot,87,robot,2026-07-01T21:00:58.996Z
87|upi,87,upi,2026-07-01T21:00:58.996Z
87|upo,87,upo,2026-07-01T21:00:58.996Z
87|upo-r,87,upo-r,2026-07-01T21:00:58.996Z
329|citrix,329,citrix,2026-07-01T21:00:58.996Z
329|elekta,329,elekta,2026-07-01T21:00:58.996Z
329|físico,329,físico,2026-07-01T21:00:58.996Z
329|hardware_y_software,329,hardware_y_software,2026-07-01T21:00:58.996Z
329|hexapod,329,hexapod,2026-07-01T21:00:58.996Z
329|iview,329,iview,2026-07-01T21:00:58.996Z
329|linac,329,linac,2026-07-01T21:00:58.996Z
329|monaco,329,monaco,2026-07-01T21:00:58.996Z
329|monaco_sim,329,monaco_sim,2026-07-01T21:00:58.996Z
329|mosaiq,329,mosaiq,2026-07-01T21:00:58.996Z
329|no,329,no,2026-07-01T21:00:58.996Z
329|platform,329,platform,2026-07-01T21:00:58.996Z
329|requerimiento,329,requerimiento,2026-07-01T21:00:58.996Z
329|suncheck_machine,329,suncheck_machine,2026-07-01T21:00:58.996Z
329|sunnuclear,329,sunnuclear,2026-07-01T21:00:58.996Z
329|versahd,329,versahd,2026-07-01T21:00:58.996Z
329|xvi,329,xvi,2026-07-01T21:00:58.996Z
290|elekta,290,elekta,2026-07-01T21:00:58.996Z
290|físico,290,físico,2026-07-01T21:00:58.996Z
290|hardware_y_software,290,hardware_y_software,2026-07-01T21:00:58.996Z
290|hexapod,290,hexapod,2026-07-01T21:00:58.996Z
290|incidente,290,incidente,2026-07-01T21:00:58.996Z
290|iview,290,iview,2026-07-01T21:00:58.996Z
290|linac,290,linac,2026-07-01T21:00:58.996Z
290|monaco,290,monaco,2026-07-01T21:00:58.996Z
290|monaco_tps,290,monaco_tps,2026-07-01T21:00:58.996Z
290|mosaiq,290,mosaiq,2026-07-01T21:00:58.996Z
290|no,290,no,2026-07-01T21:00:58.996Z
290|platform,290,platform,2026-07-01T21:00:58.996Z
290|suncheck_machine,290,suncheck_machine,2026-07-01T21:00:58.996Z
290|sunnuclear,290,sunnuclear,2026-07-01T21:00:58.996Z
290|versahd,290,versahd,2026-07-01T21:00:58.996Z
290|xvi,290,xvi,2026-07-01T21:00:58.996Z
348|brachy,348,brachy,2026-07-01T21:00:58.996Z
348|elekta,348,elekta,2026-07-01T21:00:58.996Z
348|hardware_y_software,348,hardware_y_software,2026-07-01T21:00:58.996Z
348|media,348,media,2026-07-01T21:00:58.996Z
348|monaco,348,monaco,2026-07-01T21:00:58.996Z
348|mosaiq,348,mosaiq,2026-07-01T21:00:58.996Z
348|si,348,si,2026-07-01T21:00:58.996Z
348|sinergy,348,sinergy,2026-07-01T21:00:58.996Z
348|supervisor_de_radioterapía,348,supervisor_de_radioterapía,2026-07-01T21:00:58.996Z
348|synergy,348,synergy,2026-07-01T21:00:58.996Z
346|abc,346,abc,2026-07-01T21:00:58.996Z
346|elekta,346,elekta,2026-07-01T21:00:58.996Z
346|físico,346,físico,2026-07-01T21:00:58.996Z
346|hardware_y_software,346,hardware_y_software,2026-07-01T21:00:58.996Z
346|hexapod,346,hexapod,2026-07-01T21:00:58.996Z
346|media,346,media,2026-07-01T21:00:58.996Z
346|monaco,346,monaco,2026-07-01T21:00:58.996Z
346|mosaiq,346,mosaiq,2026-07-01T21:00:58.996Z
346|no,346,no,2026-07-01T21:00:58.996Z
346|versahd,346,versahd,2026-07-01T21:00:58.996Z
351|elekta,351,elekta,2026-07-01T21:00:58.996Z
351|hardware_y_software,351,hardware_y_software,2026-07-01T21:00:58.996Z
351|hexapod,351,hexapod,2026-07-01T21:00:58.996Z
351|iview,351,iview,2026-07-01T21:00:58.996Z
351|linac,351,linac,2026-07-01T21:00:58.996Z
351|monaco,351,monaco,2026-07-01T21:00:58.996Z
351|mosaiq,351,mosaiq,2026-07-01T21:00:58.996Z
351|médico,351,médico,2026-07-01T21:00:58.996Z
351|platform,351,platform,2026-07-01T21:00:58.996Z
351|suncheck,351,suncheck,2026-07-01T21:00:58.996Z
351|suncheck_machine,351,suncheck_machine,2026-07-01T21:00:58.996Z
351|sunnuclear,351,sunnuclear,2026-07-01T21:00:58.996Z
351|versahd,351,versahd,2026-07-01T21:00:58.996Z
351|xvi,351,xvi,2026-07-01T21:00:58.996Z
373|agility,373,agility,2026-07-01T21:00:58.996Z
373|closed_by_merge,373,closed_by_merge,2026-07-01T21:00:58.996Z
373|elekta,373,elekta,2026-07-01T21:00:58.996Z
373|hardware_y_software,373,hardware_y_software,2026-07-01T21:00:58.996Z
373|ingeniero_de_ti,373,ingeniero_de_ti,2026-07-01T21:00:58.996Z
373|monaco,373,monaco,2026-07-01T21:00:58.996Z
373|mosaiq,373,mosaiq,2026-07-01T21:00:58.996Z
373|no,373,no,2026-07-01T21:00:58.996Z
373|sinergy,373,sinergy,2026-07-01T21:00:58.996Z
373|suncheck,373,suncheck,2026-07-01T21:00:58.996Z
373|suncheck_machine,373,suncheck_machine,2026-07-01T21:00:58.996Z
373|sunnuclear,373,sunnuclear,2026-07-01T21:00:58.996Z
373|versahd,373,versahd,2026-07-01T21:00:58.996Z
375|agility,375,agility,2026-07-01T21:00:58.996Z
375|closed_by_merge,375,closed_by_merge,2026-07-01T21:00:58.996Z
375|elekta,375,elekta,2026-07-01T21:00:58.996Z
375|hardware_y_software,375,hardware_y_software,2026-07-01T21:00:58.996Z
375|ingeniero_de_ti,375,ingeniero_de_ti,2026-07-01T21:00:58.996Z
375|monaco,375,monaco,2026-07-01T21:00:58.996Z
375|mosaiq,375,mosaiq,2026-07-01T21:00:58.996Z
375|no,375,no,2026-07-01T21:00:58.996Z
375|sinergy,375,sinergy,2026-07-01T21:00:58.996Z
375|suncheck,375,suncheck,2026-07-01T21:00:58.996Z
375|suncheck_machine,375,suncheck_machine,2026-07-01T21:00:58.996Z
375|sunnuclear,375,sunnuclear,2026-07-01T21:00:58.996Z
375|versahd,375,versahd,2026-07-01T21:00:58.996Z
374|agility,374,agility,2026-07-01T21:00:58.996Z
374|closed_by_merge,374,closed_by_merge,2026-07-01T21:00:58.996Z
374|elekta,374,elekta,2026-07-01T21:00:58.996Z
374|hardware_y_software,374,hardware_y_software,2026-07-01T21:00:58.996Z
374|ingeniero_de_ti,374,ingeniero_de_ti,2026-07-01T21:00:58.996Z
374|monaco,374,monaco,2026-07-01T21:00:58.996Z
374|mosaiq,374,mosaiq,2026-07-01T21:00:58.996Z
374|no,374,no,2026-07-01T21:00:58.996Z
374|sinergy,374,sinergy,2026-07-01T21:00:58.996Z
374|suncheck,374,suncheck,2026-07-01T21:00:58.996Z
374|suncheck_machine,374,suncheck_machine,2026-07-01T21:00:58.996Z
374|sunnuclear,374,sunnuclear,2026-07-01T21:00:58.996Z
374|versahd,374,versahd,2026-07-01T21:00:58.996Z
377|agility,377,agility,2026-07-01T21:00:58.996Z
377|closed_by_merge,377,closed_by_merge,2026-07-01T21:00:58.996Z
377|elekta,377,elekta,2026-07-01T21:00:58.996Z
377|hardware_y_software,377,hardware_y_software,2026-07-01T21:00:58.996Z
377|ingeniero_de_ti,377,ingeniero_de_ti,2026-07-01T21:00:58.996Z
377|monaco,377,monaco,2026-07-01T21:00:58.996Z
377|mosaiq,377,mosaiq,2026-07-01T21:00:58.996Z
377|no,377,no,2026-07-01T21:00:58.996Z
377|sinergy,377,sinergy,2026-07-01T21:00:58.996Z
377|suncheck,377,suncheck,2026-07-01T21:00:58.996Z
377|suncheck_machine,377,suncheck_machine,2026-07-01T21:00:58.996Z
377|sunnuclear,377,sunnuclear,2026-07-01T21:00:58.996Z
377|versahd,377,versahd,2026-07-01T21:00:58.996Z
376|agility,376,agility,2026-07-01T21:00:58.996Z
376|closed_by_merge,376,closed_by_merge,2026-07-01T21:00:58.996Z
376|elekta,376,elekta,2026-07-01T21:00:58.996Z
376|hardware_y_software,376,hardware_y_software,2026-07-01T21:00:58.996Z
376|ingeniero_de_ti,376,ingeniero_de_ti,2026-07-01T21:00:58.996Z
376|monaco,376,monaco,2026-07-01T21:00:58.996Z
376|mosaiq,376,mosaiq,2026-07-01T21:00:58.996Z
376|no,376,no,2026-07-01T21:00:58.996Z
376|sinergy,376,sinergy,2026-07-01T21:00:58.996Z
376|suncheck,376,suncheck,2026-07-01T21:00:58.996Z
376|suncheck_machine,376,suncheck_machine,2026-07-01T21:00:58.996Z
376|sunnuclear,376,sunnuclear,2026-07-01T21:00:58.996Z
376|versahd,376,versahd,2026-07-01T21:00:58.996Z
367|braquiterapia,367,braquiterapia,2026-07-01T21:00:58.996Z
367|compact,367,compact,2026-07-01T21:00:58.996Z
367|elekta,367,elekta,2026-07-01T21:00:58.996Z
367|físico,367,físico,2026-07-01T21:00:58.996Z
367|hardware_y_software,367,hardware_y_software,2026-07-01T21:00:58.996Z
367|monaco,367,monaco,2026-07-01T21:00:58.996Z
367|monacosim,367,monacosim,2026-07-01T21:00:58.996Z
367|mosaiq,367,mosaiq,2026-07-01T21:00:58.996Z
367|nss,367,nss,2026-07-01T21:00:58.996Z
367|si,367,si,2026-07-01T21:00:58.996Z
367|tcs,367,tcs,2026-07-01T21:00:58.996Z
367|xio,367,xio,2026-07-01T21:00:58.996Z
363|abc,363,abc,2026-07-01T21:00:58.996Z
363|elekta,363,elekta,2026-07-01T21:00:58.996Z
363|físico,363,físico,2026-07-01T21:00:58.996Z
363|hardware_y_software,363,hardware_y_software,2026-07-01T21:00:58.996Z
363|hexapod,363,hexapod,2026-07-01T21:00:58.996Z
363|media,363,media,2026-07-01T21:00:58.996Z
363|monaco,363,monaco,2026-07-01T21:00:58.996Z
363|mosaiq,363,mosaiq,2026-07-01T21:00:58.996Z
363|si,363,si,2026-07-01T21:00:58.996Z
363|versahd,363,versahd,2026-07-01T21:00:58.996Z
352|angiografía__neuangio_43c,352,angiografía__neuangio_43c,2026-07-01T21:00:58.996Z
352|axesse,352,axesse,2026-07-01T21:00:58.996Z
352|barcoding,352,barcoding,2026-07-01T21:00:58.996Z
352|dosisoft,352,dosisoft,2026-07-01T21:00:58.996Z
352|elekta,352,elekta,2026-07-01T21:00:58.996Z
352|físico,352,físico,2026-07-01T21:00:58.996Z
352|hardware_y_software,352,hardware_y_software,2026-07-01T21:00:58.996Z
352|infinity,352,infinity,2026-07-01T21:00:58.996Z
352|iview,352,iview,2026-07-01T21:00:58.996Z
352|linac,352,linac,2026-07-01T21:00:58.996Z
352|monaco,352,monaco,2026-07-01T21:00:58.996Z
352|monacosim,352,monacosim,2026-07-01T21:00:58.996Z
352|mosaiq,352,mosaiq,2026-07-01T21:00:58.996Z
352|no,352,no,2026-07-01T21:00:58.996Z
352|storage,352,storage,2026-07-01T21:00:58.996Z
352|versahd,352,versahd,2026-07-01T21:00:58.996Z
352|xvi,352,xvi,2026-07-01T21:00:58.996Z
379|axesse,379,axesse,2026-07-01T21:00:58.996Z
379|braquiterapia,379,braquiterapia,2026-07-01T21:00:58.996Z
379|elekta,379,elekta,2026-07-01T21:00:58.996Z
379|físico,379,físico,2026-07-01T21:00:58.996Z
379|hardware_y_software,379,hardware_y_software,2026-07-01T21:00:58.996Z
379|infinity,379,infinity,2026-07-01T21:00:58.996Z
379|monaco,379,monaco,2026-07-01T21:00:58.996Z
379|mosaiq,379,mosaiq,2026-07-01T21:00:58.996Z
379|si,379,si,2026-07-01T21:00:58.996Z
327|citrix,327,citrix,2026-07-01T21:00:58.996Z
327|elekta,327,elekta,2026-07-01T21:00:58.996Z
327|físico,327,físico,2026-07-01T21:00:58.996Z
327|hardware_y_software,327,hardware_y_software,2026-07-01T21:00:58.996Z
327|infinity,327,infinity,2026-07-01T21:00:58.996Z
327|integrity,327,integrity,2026-07-01T21:00:58.996Z
327|iview,327,iview,2026-07-01T21:00:58.996Z
327|linac,327,linac,2026-07-01T21:00:58.996Z
327|media,327,media,2026-07-01T21:00:58.996Z
327|monaco,327,monaco,2026-07-01T21:00:58.996Z
327|mosaiq,327,mosaiq,2026-07-01T21:00:58.996Z
327|no,327,no,2026-07-01T21:00:58.996Z
327|storage,327,storage,2026-07-01T21:00:58.996Z
327|suncheck_machine,327,suncheck_machine,2026-07-01T21:00:58.996Z
327|sunnuclear,327,sunnuclear,2026-07-01T21:00:58.996Z
327|xvi,327,xvi,2026-07-01T21:00:58.996Z
293|elekta,293,elekta,2026-07-01T21:00:58.996Z
293|físico,293,físico,2026-07-01T21:00:58.996Z
293|hardware_y_software,293,hardware_y_software,2026-07-01T21:00:58.996Z
293|hexapod,293,hexapod,2026-07-01T21:00:58.996Z
293|iba,293,iba,2026-07-01T21:00:58.996Z
293|iview,293,iview,2026-07-01T21:00:58.996Z
293|linac,293,linac,2026-07-01T21:00:58.996Z
293|monaco,293,monaco,2026-07-01T21:00:58.996Z
293|monaco_tps,293,monaco_tps,2026-07-01T21:00:58.996Z
293|mosaiq,293,mosaiq,2026-07-01T21:00:58.996Z
293|no,293,no,2026-07-01T21:00:58.996Z
293|platform,293,platform,2026-07-01T21:00:58.996Z
293|requerimiento,293,requerimiento,2026-07-01T21:00:58.996Z
293|suncheck_machine,293,suncheck_machine,2026-07-01T21:00:58.996Z
293|sunnuclear,293,sunnuclear,2026-07-01T21:00:58.996Z
293|versahd,293,versahd,2026-07-01T21:00:58.996Z
293|xvi,293,xvi,2026-07-01T21:00:58.996Z
381|angiografía__neuangio_43c,381,angiografía__neuangio_43c,2026-07-01T21:00:58.996Z
381|axesse,381,axesse,2026-07-01T21:00:58.996Z
381|barcoding,381,barcoding,2026-07-01T21:00:58.996Z
381|dosisoft,381,dosisoft,2026-07-01T21:00:58.996Z
381|elekta,381,elekta,2026-07-01T21:00:58.996Z
381|físico,381,físico,2026-07-01T21:00:58.996Z
381|hardware_y_software,381,hardware_y_software,2026-07-01T21:00:58.996Z
381|infinity,381,infinity,2026-07-01T21:00:58.996Z
381|iview,381,iview,2026-07-01T21:00:58.996Z
381|linac,381,linac,2026-07-01T21:00:58.996Z
381|monaco,381,monaco,2026-07-01T21:00:58.996Z
381|monacosim,381,monacosim,2026-07-01T21:00:58.996Z
381|mosaiq,381,mosaiq,2026-07-01T21:00:58.996Z
381|no,381,no,2026-07-01T21:00:58.996Z
381|storage,381,storage,2026-07-01T21:00:58.996Z
381|versahd,381,versahd,2026-07-01T21:00:58.996Z
381|xvi,381,xvi,2026-07-01T21:00:58.996Z
334|angiografía__neuangio_43c,334,angiografía__neuangio_43c,2026-07-01T21:00:58.996Z
334|axesse,334,axesse,2026-07-01T21:00:58.996Z
334|barcoding,334,barcoding,2026-07-01T21:00:58.996Z
334|dosisoft,334,dosisoft,2026-07-01T21:00:58.996Z
334|elekta,334,elekta,2026-07-01T21:00:58.996Z
334|físico,334,físico,2026-07-01T21:00:58.996Z
334|hardware_y_software,334,hardware_y_software,2026-07-01T21:00:58.996Z
334|infinity,334,infinity,2026-07-01T21:00:58.996Z
334|iview,334,iview,2026-07-01T21:00:58.996Z
334|linac,334,linac,2026-07-01T21:00:58.996Z
334|monaco,334,monaco,2026-07-01T21:00:58.996Z
334|monacosim,334,monacosim,2026-07-01T21:00:58.996Z
334|mosaiq,334,mosaiq,2026-07-01T21:00:58.996Z
334|no,334,no,2026-07-01T21:00:58.996Z
334|storage,334,storage,2026-07-01T21:00:58.996Z
334|versahd,334,versahd,2026-07-01T21:00:58.996Z
334|xvi,334,xvi,2026-07-01T21:00:58.996Z
300|axesse,300,axesse,2026-07-01T21:00:58.996Z
300|braquiterapia,300,braquiterapia,2026-07-01T21:00:58.996Z
300|elekta,300,elekta,2026-07-01T21:00:58.996Z
300|físico,300,físico,2026-07-01T21:00:58.996Z
300|hardware_y_software,300,hardware_y_software,2026-07-01T21:00:58.996Z
300|infinity,300,infinity,2026-07-01T21:00:58.996Z
300|monaco,300,monaco,2026-07-01T21:00:58.996Z
300|mosaiq,300,mosaiq,2026-07-01T21:00:58.996Z
300|no,300,no,2026-07-01T21:00:58.996Z
401|axesse,401,axesse,2026-07-01T21:00:58.996Z
401|braquiterapia,401,braquiterapia,2026-07-01T21:00:58.996Z
401|elekta,401,elekta,2026-07-01T21:00:58.996Z
401|físico,401,físico,2026-07-01T21:00:58.996Z
401|hardware_y_software,401,hardware_y_software,2026-07-01T21:00:58.996Z
401|infinity,401,infinity,2026-07-01T21:00:58.996Z
401|monaco,401,monaco,2026-07-01T21:00:58.996Z
401|mosaiq,401,mosaiq,2026-07-01T21:00:58.996Z
401|si,401,si,2026-07-01T21:00:58.996Z
399|elekta,399,elekta,2026-07-01T21:00:58.996Z
399|físico,399,físico,2026-07-01T21:00:58.996Z
399|hardware_y_software,399,hardware_y_software,2026-07-01T21:00:58.996Z
399|hexapod,399,hexapod,2026-07-01T21:00:58.996Z
399|iview,399,iview,2026-07-01T21:00:58.996Z
399|linac,399,linac,2026-07-01T21:00:58.996Z
399|monaco,399,monaco,2026-07-01T21:00:58.996Z
399|mosaiq,399,mosaiq,2026-07-01T21:00:58.996Z
399|platform,399,platform,2026-07-01T21:00:58.996Z
399|suncheck,399,suncheck,2026-07-01T21:00:58.996Z
399|suncheck_machine,399,suncheck_machine,2026-07-01T21:00:58.996Z
399|sunnuclear,399,sunnuclear,2026-07-01T21:00:58.996Z
399|versahd,399,versahd,2026-07-01T21:00:58.996Z
399|xvi,399,xvi,2026-07-01T21:00:58.996Z
394|acelerador_lineal,394,acelerador_lineal,2026-07-01T21:00:58.996Z
394|elekta,394,elekta,2026-07-01T21:00:58.996Z
394|físico,394,físico,2026-07-01T21:00:58.996Z
394|hardware_y_software,394,hardware_y_software,2026-07-01T21:00:58.996Z
394|hexapod,394,hexapod,2026-07-01T21:00:58.996Z
394|iview,394,iview,2026-07-01T21:00:58.996Z
394|linac,394,linac,2026-07-01T21:00:58.996Z
394|monaco,394,monaco,2026-07-01T21:00:58.996Z
394|mosaiq,394,mosaiq,2026-07-01T21:00:58.996Z
394|médico,394,médico,2026-07-01T21:00:58.996Z
394|no,394,no,2026-07-01T21:00:58.996Z
394|platform,394,platform,2026-07-01T21:00:58.996Z
394|requerimiento,394,requerimiento,2026-07-01T21:00:58.996Z
394|suncheck_machine,394,suncheck_machine,2026-07-01T21:00:58.996Z
394|sunnuclear,394,sunnuclear,2026-07-01T21:00:58.996Z
394|versahd,394,versahd,2026-07-01T21:00:58.996Z
394|xvi,394,xvi,2026-07-01T21:00:58.996Z
372|agility,372,agility,2026-07-01T21:00:58.996Z
372|elekta,372,elekta,2026-07-01T21:00:58.996Z
372|hardware_y_software,372,hardware_y_software,2026-07-01T21:00:58.996Z
372|ingeniero_de_ti,372,ingeniero_de_ti,2026-07-01T21:00:58.996Z
372|monaco,372,monaco,2026-07-01T21:00:58.996Z
372|mosaiq,372,mosaiq,2026-07-01T21:00:58.996Z
372|no,372,no,2026-07-01T21:00:58.996Z
372|sinergy,372,sinergy,2026-07-01T21:00:58.996Z
372|suncheck,372,suncheck,2026-07-01T21:00:58.996Z
372|suncheck_machine,372,suncheck_machine,2026-07-01T21:00:58.996Z
372|sunnuclear,372,sunnuclear,2026-07-01T21:00:58.996Z
372|versahd,372,versahd,2026-07-01T21:00:58.996Z
331|elekta,331,elekta,2026-07-01T21:00:58.996Z
331|físico,331,físico,2026-07-01T21:00:58.996Z
331|hardware_y_software,331,hardware_y_software,2026-07-01T21:00:58.996Z
331|hexapod,331,hexapod,2026-07-01T21:00:58.996Z
331|incidente,331,incidente,2026-07-01T21:00:58.996Z
331|iview,331,iview,2026-07-01T21:00:58.996Z
331|linac,331,linac,2026-07-01T21:00:58.996Z
331|monaco,331,monaco,2026-07-01T21:00:58.996Z
331|mosaiq,331,mosaiq,2026-07-01T21:00:58.996Z
331|no,331,no,2026-07-01T21:00:58.996Z
331|platform,331,platform,2026-07-01T21:00:58.996Z
331|sistema_de_imagen_cbct_xvi,331,sistema_de_imagen_cbct_xvi,2026-07-01T21:00:58.996Z
331|suncheck_machine,331,suncheck_machine,2026-07-01T21:00:58.996Z
331|sunnuclear,331,sunnuclear,2026-07-01T21:00:58.996Z
331|versahd,331,versahd,2026-07-01T21:00:58.996Z
331|xvi,331,xvi,2026-07-01T21:00:58.996Z
405|angiografía__neuangio_43c,405,angiografía__neuangio_43c,2026-07-01T21:00:58.996Z
405|axesse,405,axesse,2026-07-01T21:00:58.996Z
405|barcoding,405,barcoding,2026-07-01T21:00:58.996Z
405|dosisoft,405,dosisoft,2026-07-01T21:00:58.996Z
405|elekta,405,elekta,2026-07-01T21:00:58.996Z
405|físico,405,físico,2026-07-01T21:00:58.996Z
405|hardware_y_software,405,hardware_y_software,2026-07-01T21:00:58.996Z
405|infinity,405,infinity,2026-07-01T21:00:58.996Z
405|iview,405,iview,2026-07-01T21:00:58.996Z
405|linac,405,linac,2026-07-01T21:00:58.996Z
405|monaco,405,monaco,2026-07-01T21:00:58.996Z
405|monacosim,405,monacosim,2026-07-01T21:00:58.996Z
405|mosaiq,405,mosaiq,2026-07-01T21:00:58.996Z
405|no,405,no,2026-07-01T21:00:58.996Z
405|storage,405,storage,2026-07-01T21:00:58.996Z
405|versahd,405,versahd,2026-07-01T21:00:58.996Z
405|xvi,405,xvi,2026-07-01T21:00:58.996Z
404|axesse,404,axesse,2026-07-01T21:00:58.996Z
404|braquiterapia,404,braquiterapia,2026-07-01T21:00:58.996Z
404|elekta,404,elekta,2026-07-01T21:00:58.996Z
404|físico,404,físico,2026-07-01T21:00:58.996Z
404|hardware_y_software,404,hardware_y_software,2026-07-01T21:00:58.996Z
404|infinity,404,infinity,2026-07-01T21:00:58.996Z
404|monaco,404,monaco,2026-07-01T21:00:58.996Z
404|mosaiq,404,mosaiq,2026-07-01T21:00:58.996Z
404|si,404,si,2026-07-01T21:00:58.996Z
389|axesse,389,axesse,2026-07-01T21:00:58.996Z
389|braquiterapia,389,braquiterapia,2026-07-01T21:00:58.996Z
389|elekta,389,elekta,2026-07-01T21:00:58.996Z
389|físico,389,físico,2026-07-01T21:00:58.996Z
389|hardware_y_software,389,hardware_y_software,2026-07-01T21:00:58.996Z
389|infinity,389,infinity,2026-07-01T21:00:58.996Z
389|monaco,389,monaco,2026-07-01T21:00:58.996Z
389|mosaiq,389,mosaiq,2026-07-01T21:00:58.996Z
389|si,389,si,2026-07-01T21:00:58.996Z
370|agility,370,agility,2026-07-01T21:00:58.996Z
370|elekta,370,elekta,2026-07-01T21:00:58.996Z
370|hardware_y_software,370,hardware_y_software,2026-07-01T21:00:58.996Z
370|monaco,370,monaco,2026-07-01T21:00:58.996Z
370|mosaiq,370,mosaiq,2026-07-01T21:00:58.996Z
370|si,370,si,2026-07-01T21:00:58.996Z
370|sinergy,370,sinergy,2026-07-01T21:00:58.996Z
370|suncheck,370,suncheck,2026-07-01T21:00:58.996Z
370|suncheck_machine,370,suncheck_machine,2026-07-01T21:00:58.996Z
370|sunnuclear,370,sunnuclear,2026-07-01T21:00:58.996Z
370|versahd,370,versahd,2026-07-01T21:00:58.996Z
408|axesse,408,axesse,2026-07-01T21:00:58.996Z
408|braquiterapia,408,braquiterapia,2026-07-01T21:00:58.996Z
408|elekta,408,elekta,2026-07-01T21:00:58.996Z
408|físico,408,físico,2026-07-01T21:00:58.996Z
408|hardware_y_software,408,hardware_y_software,2026-07-01T21:00:58.996Z
408|infinity,408,infinity,2026-07-01T21:00:58.996Z
408|monaco,408,monaco,2026-07-01T21:00:58.996Z
408|mosaiq,408,mosaiq,2026-07-01T21:00:58.996Z
408|si,408,si,2026-07-01T21:00:58.996Z
403|achemo,403,achemo,2026-07-01T21:00:58.996Z
403|apoteca,403,apoteca,2026-07-01T21:00:58.996Z
403|apoteca_chemo,403,apoteca_chemo,2026-07-01T21:00:58.996Z
403|aps,403,aps,2026-07-01T21:00:58.996Z
403|full_risk_week___weekend_pack,403,full_risk_week___weekend_pack,2026-07-01T21:00:58.996Z
403|hardware_y_software,403,hardware_y_software,2026-07-01T21:00:58.996Z
403|incidente,403,incidente,2026-07-01T21:00:58.996Z
403|loccioni,403,loccioni,2026-07-01T21:00:58.996Z
403|manager,403,manager,2026-07-01T21:00:58.996Z
403|media,403,media,2026-07-01T21:00:58.996Z
403|meta,403,meta,2026-07-01T21:00:58.996Z
403|on_hold_1h,403,on_hold_1h,2026-07-01T21:00:58.996Z
403|ps,403,ps,2026-07-01T21:00:58.996Z
403|robot,403,robot,2026-07-01T21:00:58.996Z
403|si,403,si,2026-07-01T21:00:58.996Z
403|upi,403,upi,2026-07-01T21:00:58.996Z
403|upo,403,upo,2026-07-01T21:00:58.996Z
403|upo-r,403,upo-r,2026-07-01T21:00:58.996Z
415|braquiterapia,415,braquiterapia,2026-07-01T21:00:58.996Z
415|compact,415,compact,2026-07-01T21:00:58.996Z
415|elekta,415,elekta,2026-07-01T21:00:58.996Z
415|físico,415,físico,2026-07-01T21:00:58.996Z
415|hardware_y_software,415,hardware_y_software,2026-07-01T21:00:58.996Z
415|monaco,415,monaco,2026-07-01T21:00:58.996Z
415|monacosim,415,monacosim,2026-07-01T21:00:58.996Z
415|mosaiq,415,mosaiq,2026-07-01T21:00:58.996Z
415|nss,415,nss,2026-07-01T21:00:58.996Z
415|si,415,si,2026-07-01T21:00:58.996Z
415|tcs,415,tcs,2026-07-01T21:00:58.996Z
415|xio,415,xio,2026-07-01T21:00:58.996Z
420|elekta,420,elekta,2026-07-01T21:00:58.996Z
420|físico,420,físico,2026-07-01T21:00:58.996Z
420|hardware_y_software,420,hardware_y_software,2026-07-01T21:00:58.996Z
420|hexapod,420,hexapod,2026-07-01T21:00:58.996Z
420|iview,420,iview,2026-07-01T21:00:58.996Z
420|linac,420,linac,2026-07-01T21:00:58.996Z
420|monaco,420,monaco,2026-07-01T21:00:58.996Z
420|mosaiq,420,mosaiq,2026-07-01T21:00:58.996Z
420|platform,420,platform,2026-07-01T21:00:58.996Z
420|problema,420,problema,2026-07-01T21:00:58.996Z
420|suncheck,420,suncheck,2026-07-01T21:00:58.996Z
420|suncheck_machine,420,suncheck_machine,2026-07-01T21:00:58.996Z
420|sunnuclear,420,sunnuclear,2026-07-01T21:00:58.996Z
420|versahd,420,versahd,2026-07-01T21:00:58.996Z
420|xvi,420,xvi,2026-07-01T21:00:58.996Z
423|citrix,423,citrix,2026-07-01T21:00:58.996Z
423|elekta,423,elekta,2026-07-01T21:00:58.996Z
423|físico,423,físico,2026-07-01T21:00:58.996Z
423|hardware_y_software,423,hardware_y_software,2026-07-01T21:00:58.996Z
423|infinity,423,infinity,2026-07-01T21:00:58.996Z
423|integrity,423,integrity,2026-07-01T21:00:58.996Z
423|iview,423,iview,2026-07-01T21:00:58.996Z
423|linac,423,linac,2026-07-01T21:00:58.996Z
423|media,423,media,2026-07-01T21:00:58.996Z
423|monaco,423,monaco,2026-07-01T21:00:58.996Z
423|mosaiq,423,mosaiq,2026-07-01T21:00:58.996Z
423|no,423,no,2026-07-01T21:00:58.996Z
423|storage,423,storage,2026-07-01T21:00:58.996Z
423|suncheck_machine,423,suncheck_machine,2026-07-01T21:00:58.996Z
423|sunnuclear,423,sunnuclear,2026-07-01T21:00:58.996Z
423|xvi,423,xvi,2026-07-01T21:00:58.996Z
421|citrix,421,citrix,2026-07-01T21:00:58.996Z
421|elekta,421,elekta,2026-07-01T21:00:58.996Z
421|físico,421,físico,2026-07-01T21:00:58.996Z
421|hardware_y_software,421,hardware_y_software,2026-07-01T21:00:58.996Z
421|infinity,421,infinity,2026-07-01T21:00:58.996Z
421|iview,421,iview,2026-07-01T21:00:58.996Z
421|linac,421,linac,2026-07-01T21:00:58.996Z
421|media,421,media,2026-07-01T21:00:58.996Z
421|monaco,421,monaco,2026-07-01T21:00:58.996Z
421|monaco_tps,421,monaco_tps,2026-07-01T21:00:58.996Z
421|mosaiq,421,mosaiq,2026-07-01T21:00:58.996Z
421|on_hold_1h,421,on_hold_1h,2026-07-01T21:00:58.996Z
421|problema,421,problema,2026-07-01T21:00:58.996Z
421|si,421,si,2026-07-01T21:00:58.996Z
421|storage,421,storage,2026-07-01T21:00:58.996Z
421|suncheck_machine,421,suncheck_machine,2026-07-01T21:00:58.996Z
421|sunnuclear,421,sunnuclear,2026-07-01T21:00:58.996Z
421|xvi,421,xvi,2026-07-01T21:00:58.996Z
366|elekta,366,elekta,2026-07-01T21:00:58.996Z
366|físico,366,físico,2026-07-01T21:00:58.996Z
366|hardware_y_software,366,hardware_y_software,2026-07-01T21:00:58.996Z
366|hexapod,366,hexapod,2026-07-01T21:00:58.996Z
366|iview,366,iview,2026-07-01T21:00:58.996Z
366|linac,366,linac,2026-07-01T21:00:58.996Z
366|monaco,366,monaco,2026-07-01T21:00:58.996Z
366|mosaiq,366,mosaiq,2026-07-01T21:00:58.996Z
366|no,366,no,2026-07-01T21:00:58.996Z
366|platform,366,platform,2026-07-01T21:00:58.996Z
366|requerimiento,366,requerimiento,2026-07-01T21:00:58.996Z
366|suncheck,366,suncheck,2026-07-01T21:00:58.996Z
366|suncheck_machine,366,suncheck_machine,2026-07-01T21:00:58.996Z
366|sunnuclear,366,sunnuclear,2026-07-01T21:00:58.996Z
366|versahd,366,versahd,2026-07-01T21:00:58.996Z
366|xvi,366,xvi,2026-07-01T21:00:58.996Z
393|elekta,393,elekta,2026-07-01T21:00:58.996Z
393|físico,393,físico,2026-07-01T21:00:58.996Z
393|hardware_y_software,393,hardware_y_software,2026-07-01T21:00:58.996Z
393|hexapod,393,hexapod,2026-07-01T21:00:58.996Z
393|iview,393,iview,2026-07-01T21:00:58.996Z
393|linac,393,linac,2026-07-01T21:00:58.996Z
393|monaco,393,monaco,2026-07-01T21:00:58.996Z
393|monacosim,393,monacosim,2026-07-01T21:00:58.996Z
393|mosaiq,393,mosaiq,2026-07-01T21:00:58.996Z
393|no,393,no,2026-07-01T21:00:58.996Z
393|platform,393,platform,2026-07-01T21:00:58.996Z
393|suncheck,393,suncheck,2026-07-01T21:00:58.996Z
393|suncheck_machine,393,suncheck_machine,2026-07-01T21:00:58.996Z
393|sunnuclear,393,sunnuclear,2026-07-01T21:00:58.996Z
393|tarea,393,tarea,2026-07-01T21:00:58.996Z
393|versahd,393,versahd,2026-07-01T21:00:58.996Z
393|xvi,393,xvi,2026-07-01T21:00:58.996Z
432|axesse,432,axesse,2026-07-01T21:00:58.996Z
432|braquiterapia,432,braquiterapia,2026-07-01T21:00:58.996Z
432|elekta,432,elekta,2026-07-01T21:00:58.996Z
432|físico,432,físico,2026-07-01T21:00:58.996Z
432|hardware_y_software,432,hardware_y_software,2026-07-01T21:00:58.996Z
432|infinity,432,infinity,2026-07-01T21:00:58.996Z
432|monaco,432,monaco,2026-07-01T21:00:58.996Z
432|mosaiq,432,mosaiq,2026-07-01T21:00:58.996Z
432|no,432,no,2026-07-01T21:00:58.996Z
298|citrix,298,citrix,2026-07-01T21:00:58.996Z
298|elekta,298,elekta,2026-07-01T21:00:58.996Z
298|físico,298,físico,2026-07-01T21:00:58.996Z
298|hardware_y_software,298,hardware_y_software,2026-07-01T21:00:58.996Z
298|infinity,298,infinity,2026-07-01T21:00:58.996Z
298|integrity,298,integrity,2026-07-01T21:00:58.996Z
298|iview,298,iview,2026-07-01T21:00:58.996Z
298|linac,298,linac,2026-07-01T21:00:58.996Z
298|media,298,media,2026-07-01T21:00:58.996Z
298|monaco,298,monaco,2026-07-01T21:00:58.996Z
298|mosaiq,298,mosaiq,2026-07-01T21:00:58.996Z
298|no,298,no,2026-07-01T21:00:58.996Z
298|storage,298,storage,2026-07-01T21:00:58.996Z
298|suncheck_machine,298,suncheck_machine,2026-07-01T21:00:58.996Z
298|sunnuclear,298,sunnuclear,2026-07-01T21:00:58.996Z
298|xvi,298,xvi,2026-07-01T21:00:58.996Z
445|citrix,445,citrix,2026-07-01T21:00:58.996Z
445|elekta,445,elekta,2026-07-01T21:00:58.996Z
445|físico,445,físico,2026-07-01T21:00:58.996Z
445|hardware_y_software,445,hardware_y_software,2026-07-01T21:00:58.996Z
445|infinity,445,infinity,2026-07-01T21:00:58.996Z
445|iview,445,iview,2026-07-01T21:00:58.996Z
445|linac,445,linac,2026-07-01T21:00:58.996Z
445|media,445,media,2026-07-01T21:00:58.996Z
445|monaco,445,monaco,2026-07-01T21:00:58.996Z
445|mosaiq,445,mosaiq,2026-07-01T21:00:58.996Z
445|no,445,no,2026-07-01T21:00:58.996Z
445|on_hold_1h,445,on_hold_1h,2026-07-01T21:00:58.996Z
445|storage,445,storage,2026-07-01T21:00:58.996Z
445|suncheck_machine,445,suncheck_machine,2026-07-01T21:00:58.996Z
445|sunnuclear,445,sunnuclear,2026-07-01T21:00:58.996Z
445|xvi,445,xvi,2026-07-01T21:00:58.996Z
341|elekta,341,elekta,2026-07-01T21:00:58.996Z
341|hardware_y_software,341,hardware_y_software,2026-07-01T21:00:58.996Z
341|hexapod,341,hexapod,2026-07-01T21:00:58.996Z
341|incidente,341,incidente,2026-07-01T21:00:58.996Z
341|iview,341,iview,2026-07-01T21:00:58.996Z
341|linac,341,linac,2026-07-01T21:00:58.996Z
341|monaco,341,monaco,2026-07-01T21:00:58.996Z
341|monaco_tps,341,monaco_tps,2026-07-01T21:00:58.996Z
341|mosaiq,341,mosaiq,2026-07-01T21:00:58.996Z
341|no,341,no,2026-07-01T21:00:58.996Z
341|platform,341,platform,2026-07-01T21:00:58.996Z
341|suncheck_machine,341,suncheck_machine,2026-07-01T21:00:58.996Z
341|sunnuclear,341,sunnuclear,2026-07-01T21:00:58.996Z
341|tens,341,tens,2026-07-01T21:00:58.996Z
341|versahd,341,versahd,2026-07-01T21:00:58.996Z
341|xvi,341,xvi,2026-07-01T21:00:58.996Z
427|axesse,427,axesse,2026-07-01T21:00:58.996Z
427|braquiterapia,427,braquiterapia,2026-07-01T21:00:58.996Z
427|elekta,427,elekta,2026-07-01T21:00:58.996Z
427|físico,427,físico,2026-07-01T21:00:58.996Z
427|hardware_y_software,427,hardware_y_software,2026-07-01T21:00:58.996Z
427|infinity,427,infinity,2026-07-01T21:00:58.996Z
427|monaco,427,monaco,2026-07-01T21:00:58.996Z
427|mosaiq,427,mosaiq,2026-07-01T21:00:58.996Z
427|no,427,no,2026-07-01T21:00:58.996Z
431|angiografía__neuangio_43c,431,angiografía__neuangio_43c,2026-07-01T21:00:58.996Z
431|axesse,431,axesse,2026-07-01T21:00:58.996Z
431|barcoding,431,barcoding,2026-07-01T21:00:58.996Z
431|dosisoft,431,dosisoft,2026-07-01T21:00:58.996Z
431|elekta,431,elekta,2026-07-01T21:00:58.996Z
431|físico,431,físico,2026-07-01T21:00:58.996Z
431|hardware_y_software,431,hardware_y_software,2026-07-01T21:00:58.996Z
431|infinity,431,infinity,2026-07-01T21:00:58.996Z
431|iview,431,iview,2026-07-01T21:00:58.996Z
431|linac,431,linac,2026-07-01T21:00:58.996Z
431|monaco,431,monaco,2026-07-01T21:00:58.996Z
431|monacosim,431,monacosim,2026-07-01T21:00:58.996Z
431|mosaiq,431,mosaiq,2026-07-01T21:00:58.996Z
431|no,431,no,2026-07-01T21:00:58.996Z
431|storage,431,storage,2026-07-01T21:00:58.996Z
431|versahd,431,versahd,2026-07-01T21:00:58.996Z
431|xvi,431,xvi,2026-07-01T21:00:58.996Z
407|axesse,407,axesse,2026-07-01T21:00:58.996Z
407|braquiterapia,407,braquiterapia,2026-07-01T21:00:58.996Z
407|elekta,407,elekta,2026-07-01T21:00:58.996Z
407|físico,407,físico,2026-07-01T21:00:58.996Z
407|hardware_y_software,407,hardware_y_software,2026-07-01T21:00:58.996Z
407|infinity,407,infinity,2026-07-01T21:00:58.996Z
407|monaco,407,monaco,2026-07-01T21:00:58.996Z
407|mosaiq,407,mosaiq,2026-07-01T21:00:58.996Z
407|no,407,no,2026-07-01T21:00:58.996Z
333|elekta,333,elekta,2026-07-01T21:00:58.996Z
333|físico,333,físico,2026-07-01T21:00:58.996Z
333|hardware_y_software,333,hardware_y_software,2026-07-01T21:00:58.996Z
333|hexapod,333,hexapod,2026-07-01T21:00:58.996Z
333|iba,333,iba,2026-07-01T21:00:58.996Z
333|iguide,333,iguide,2026-07-01T21:00:58.996Z
333|iview,333,iview,2026-07-01T21:00:58.996Z
333|monaco,333,monaco,2026-07-01T21:00:58.996Z
333|monacosim,333,monacosim,2026-07-01T21:00:58.996Z
333|mosaiq,333,mosaiq,2026-07-01T21:00:58.996Z
333|no,333,no,2026-07-01T21:00:58.996Z
333|rtp99,333,rtp99,2026-07-01T21:00:58.996Z
333|tcs,333,tcs,2026-07-01T21:00:58.996Z
333|versahd,333,versahd,2026-07-01T21:00:58.996Z
333|xvi,333,xvi,2026-07-01T21:00:58.996Z
365|elekta,365,elekta,2026-07-01T21:00:58.996Z
365|físico,365,físico,2026-07-01T21:00:58.996Z
365|hardware_y_software,365,hardware_y_software,2026-07-01T21:00:58.996Z
365|hexapod,365,hexapod,2026-07-01T21:00:58.996Z
365|iview,365,iview,2026-07-01T21:00:58.996Z
365|linac,365,linac,2026-07-01T21:00:58.996Z
365|monaco,365,monaco,2026-07-01T21:00:58.996Z
365|mosaiq,365,mosaiq,2026-07-01T21:00:58.996Z
365|no,365,no,2026-07-01T21:00:58.996Z
365|platform,365,platform,2026-07-01T21:00:58.996Z
365|problema,365,problema,2026-07-01T21:00:58.996Z
365|sistema_de_imagen_cbct_xvi,365,sistema_de_imagen_cbct_xvi,2026-07-01T21:00:58.996Z
365|suncheck_machine,365,suncheck_machine,2026-07-01T21:00:58.996Z
365|sunnuclear,365,sunnuclear,2026-07-01T21:00:58.996Z
365|versahd,365,versahd,2026-07-01T21:00:58.996Z
365|xvi,365,xvi,2026-07-01T21:00:58.996Z
429|agility,429,agility,2026-07-01T21:00:58.996Z
429|elekta,429,elekta,2026-07-01T21:00:58.996Z
429|hardware_y_software,429,hardware_y_software,2026-07-01T21:00:58.996Z
429|monaco,429,monaco,2026-07-01T21:00:58.996Z
429|mosaiq,429,mosaiq,2026-07-01T21:00:58.996Z
429|si,429,si,2026-07-01T21:00:58.996Z
429|sinergy,429,sinergy,2026-07-01T21:00:58.996Z
429|suncheck,429,suncheck,2026-07-01T21:00:58.996Z
429|suncheck_machine,429,suncheck_machine,2026-07-01T21:00:58.996Z
429|sunnuclear,429,sunnuclear,2026-07-01T21:00:58.996Z
429|versahd,429,versahd,2026-07-01T21:00:58.996Z
422|citrix,422,citrix,2026-07-01T21:00:58.996Z
422|elekta,422,elekta,2026-07-01T21:00:58.996Z
422|físico,422,físico,2026-07-01T21:00:58.996Z
422|hardware_y_software,422,hardware_y_software,2026-07-01T21:00:58.996Z
422|infinity,422,infinity,2026-07-01T21:00:58.996Z
422|integrity,422,integrity,2026-07-01T21:00:58.996Z
422|iview,422,iview,2026-07-01T21:00:58.996Z
422|linac,422,linac,2026-07-01T21:00:58.996Z
422|media,422,media,2026-07-01T21:00:58.996Z
422|monaco,422,monaco,2026-07-01T21:00:58.996Z
422|mosaiq,422,mosaiq,2026-07-01T21:00:58.996Z
422|no,422,no,2026-07-01T21:00:58.996Z
422|storage,422,storage,2026-07-01T21:00:58.996Z
422|suncheck_machine,422,suncheck_machine,2026-07-01T21:00:58.996Z
422|sunnuclear,422,sunnuclear,2026-07-01T21:00:58.996Z
422|xvi,422,xvi,2026-07-01T21:00:58.996Z
451|citrix,451,citrix,2026-07-01T21:00:58.996Z
451|elekta,451,elekta,2026-07-01T21:00:58.996Z
451|físico,451,físico,2026-07-01T21:00:58.996Z
451|hardware_y_software,451,hardware_y_software,2026-07-01T21:00:58.996Z
451|infinity,451,infinity,2026-07-01T21:00:58.996Z
451|iview,451,iview,2026-07-01T21:00:58.996Z
451|linac,451,linac,2026-07-01T21:00:58.996Z
451|media,451,media,2026-07-01T21:00:58.996Z
451|monaco,451,monaco,2026-07-01T21:00:58.996Z
451|mosaiq,451,mosaiq,2026-07-01T21:00:58.996Z
451|on_hold_1h,451,on_hold_1h,2026-07-01T21:00:58.996Z
451|si,451,si,2026-07-01T21:00:58.996Z
451|storage,451,storage,2026-07-01T21:00:58.996Z
451|suncheck_machine,451,suncheck_machine,2026-07-01T21:00:58.996Z
451|sunnuclear,451,sunnuclear,2026-07-01T21:00:58.996Z
451|xvi,451,xvi,2026-07-01T21:00:58.996Z
430|axesse,430,axesse,2026-07-01T21:00:58.996Z
430|elekta,430,elekta,2026-07-01T21:00:58.996Z
430|hardware_y_software,430,hardware_y_software,2026-07-01T21:00:58.996Z
430|infinity,430,infinity,2026-07-01T21:00:58.996Z
430|monaco,430,monaco,2026-07-01T21:00:58.996Z
430|mosaiq,430,mosaiq,2026-07-01T21:00:58.996Z
430|mosaiq_esi,430,mosaiq_esi,2026-07-01T21:00:58.996Z
430|no,430,no,2026-07-01T21:00:58.996Z
430|on_hold_1h,430,on_hold_1h,2026-07-01T21:00:58.996Z
430|problema,430,problema,2026-07-01T21:00:58.996Z
424|elekta,424,elekta,2026-07-01T21:00:58.996Z
424|físico,424,físico,2026-07-01T21:00:58.996Z
424|hardware_y_software,424,hardware_y_software,2026-07-01T21:00:58.996Z
424|hexapod,424,hexapod,2026-07-01T21:00:58.996Z
424|iview,424,iview,2026-07-01T21:00:58.996Z
424|linac,424,linac,2026-07-01T21:00:58.996Z
424|monaco,424,monaco,2026-07-01T21:00:58.996Z
424|mosaiq,424,mosaiq,2026-07-01T21:00:58.996Z
424|platform,424,platform,2026-07-01T21:00:58.996Z
424|suncheck,424,suncheck,2026-07-01T21:00:58.996Z
424|suncheck_machine,424,suncheck_machine,2026-07-01T21:00:58.996Z
424|sunnuclear,424,sunnuclear,2026-07-01T21:00:58.996Z
424|versahd,424,versahd,2026-07-01T21:00:58.996Z
424|xvi,424,xvi,2026-07-01T21:00:58.996Z
443|brachy,443,brachy,2026-07-01T21:00:58.996Z
443|elekta,443,elekta,2026-07-01T21:00:58.996Z
443|hardware_y_software,443,hardware_y_software,2026-07-01T21:00:58.996Z
443|media,443,media,2026-07-01T21:00:58.996Z
443|monaco,443,monaco,2026-07-01T21:00:58.996Z
443|mosaiq,443,mosaiq,2026-07-01T21:00:58.996Z
443|no,443,no,2026-07-01T21:00:58.996Z
443|on_hold_1h,443,on_hold_1h,2026-07-01T21:00:58.996Z
443|sinergy,443,sinergy,2026-07-01T21:00:58.996Z
443|supervisor_de_radioterapía,443,supervisor_de_radioterapía,2026-07-01T21:00:58.996Z
443|synergy,443,synergy,2026-07-01T21:00:58.996Z
452|acelerador_lineal,452,acelerador_lineal,2026-07-01T21:00:58.996Z
452|axesse,452,axesse,2026-07-01T21:00:58.996Z
452|elekta,452,elekta,2026-07-01T21:00:58.996Z
452|físico,452,físico,2026-07-01T21:00:58.996Z
452|hardware_y_software,452,hardware_y_software,2026-07-01T21:00:58.996Z
452|infinity,452,infinity,2026-07-01T21:00:58.996Z
452|monaco,452,monaco,2026-07-01T21:00:58.996Z
452|mosaiq,452,mosaiq,2026-07-01T21:00:58.996Z
452|no,452,no,2026-07-01T21:00:58.996Z
452|on_hold_1h,452,on_hold_1h,2026-07-01T21:00:58.996Z
452|requerimiento,452,requerimiento,2026-07-01T21:00:58.996Z
456|acelerador_lineal,456,acelerador_lineal,2026-07-01T21:00:58.996Z
456|brachy,456,brachy,2026-07-01T21:00:58.996Z
456|elekta,456,elekta,2026-07-01T21:00:58.996Z
456|hardware_y_software,456,hardware_y_software,2026-07-01T21:00:58.996Z
456|media,456,media,2026-07-01T21:00:58.996Z
456|monaco,456,monaco,2026-07-01T21:00:58.996Z
456|mosaiq,456,mosaiq,2026-07-01T21:00:58.996Z
456|no,456,no,2026-07-01T21:00:58.996Z
456|sinergy,456,sinergy,2026-07-01T21:00:58.996Z
456|supervisor_de_radioterapía,456,supervisor_de_radioterapía,2026-07-01T21:00:58.996Z
456|synergy,456,synergy,2026-07-01T21:00:58.996Z
453|agility,453,agility,2026-07-01T21:00:58.996Z
453|elekta,453,elekta,2026-07-01T21:00:58.996Z
453|hardware_y_software,453,hardware_y_software,2026-07-01T21:00:58.996Z
453|ingeniero_de_ti,453,ingeniero_de_ti,2026-07-01T21:00:58.996Z
453|monaco,453,monaco,2026-07-01T21:00:58.996Z
453|mosaiq,453,mosaiq,2026-07-01T21:00:58.996Z
453|no,453,no,2026-07-01T21:00:58.996Z
453|on_hold_1h,453,on_hold_1h,2026-07-01T21:00:58.996Z
453|requerimiento,453,requerimiento,2026-07-01T21:00:58.996Z
453|sinergy,453,sinergy,2026-07-01T21:00:58.996Z
453|suncheck,453,suncheck,2026-07-01T21:00:58.996Z
453|suncheck_machine,453,suncheck_machine,2026-07-01T21:00:58.996Z
453|sunnuclear,453,sunnuclear,2026-07-01T21:00:58.996Z
453|versahd,453,versahd,2026-07-01T21:00:58.996Z
468|abc,468,abc,2026-07-01T21:00:58.996Z
468|elekta,468,elekta,2026-07-01T21:00:58.996Z
468|físico,468,físico,2026-07-01T21:00:58.996Z
468|hardware_y_software,468,hardware_y_software,2026-07-01T21:00:58.996Z
468|hexapod,468,hexapod,2026-07-01T21:00:58.996Z
468|media,468,media,2026-07-01T21:00:58.996Z
468|monaco,468,monaco,2026-07-01T21:00:58.996Z
468|mosaiq,468,mosaiq,2026-07-01T21:00:58.996Z
468|si,468,si,2026-07-01T21:00:58.996Z
468|versahd,468,versahd,2026-07-01T21:00:58.996Z
467|abc,467,abc,2026-07-01T21:00:58.996Z
467|elekta,467,elekta,2026-07-01T21:00:58.996Z
467|físico,467,físico,2026-07-01T21:00:58.996Z
467|hardware_y_software,467,hardware_y_software,2026-07-01T21:00:58.996Z
467|hexapod,467,hexapod,2026-07-01T21:00:58.996Z
467|media,467,media,2026-07-01T21:00:58.996Z
467|monaco,467,monaco,2026-07-01T21:00:58.996Z
467|mosaiq,467,mosaiq,2026-07-01T21:00:58.996Z
467|no,467,no,2026-07-01T21:00:58.996Z
467|versahd,467,versahd,2026-07-01T21:00:58.996Z
358|abc,358,abc,2026-07-01T21:00:58.996Z
358|elekta,358,elekta,2026-07-01T21:00:58.996Z
358|físico,358,físico,2026-07-01T21:00:58.996Z
358|hardware_y_software,358,hardware_y_software,2026-07-01T21:00:58.996Z
358|hexapod,358,hexapod,2026-07-01T21:00:58.996Z
358|media,358,media,2026-07-01T21:00:58.996Z
358|monaco,358,monaco,2026-07-01T21:00:58.996Z
358|mosaiq,358,mosaiq,2026-07-01T21:00:58.996Z
358|no,358,no,2026-07-01T21:00:58.996Z
358|versahd,358,versahd,2026-07-01T21:00:58.996Z
435|angiografía__neuangio_43c,435,angiografía__neuangio_43c,2026-07-01T21:00:58.996Z
435|axesse,435,axesse,2026-07-01T21:00:58.996Z
435|barcoding,435,barcoding,2026-07-01T21:00:58.996Z
435|elekta,435,elekta,2026-07-01T21:00:58.996Z
435|físico,435,físico,2026-07-01T21:00:58.996Z
435|hardware_y_software,435,hardware_y_software,2026-07-01T21:00:58.996Z
435|infinity,435,infinity,2026-07-01T21:00:58.996Z
435|iview,435,iview,2026-07-01T21:00:58.996Z
435|linac,435,linac,2026-07-01T21:00:58.996Z
435|monaco,435,monaco,2026-07-01T21:00:58.996Z
435|monaco_tps,435,monaco_tps,2026-07-01T21:00:58.996Z
435|monacosim,435,monacosim,2026-07-01T21:00:58.996Z
435|mosaiq,435,mosaiq,2026-07-01T21:00:58.996Z
435|no,435,no,2026-07-01T21:00:58.996Z
435|on_hold_1h,435,on_hold_1h,2026-07-01T21:00:58.996Z
435|problema,435,problema,2026-07-01T21:00:58.996Z
435|storage,435,storage,2026-07-01T21:00:58.996Z
435|versahd,435,versahd,2026-07-01T21:00:58.996Z
435|xvi,435,xvi,2026-07-01T21:00:58.996Z
438|acelerador_lineal,438,acelerador_lineal,2026-07-01T21:00:58.996Z
438|brachy,438,brachy,2026-07-01T21:00:58.996Z
438|elekta,438,elekta,2026-07-01T21:00:58.996Z
438|hardware_y_software,438,hardware_y_software,2026-07-01T21:00:58.996Z
438|media,438,media,2026-07-01T21:00:58.996Z
438|monaco,438,monaco,2026-07-01T21:00:58.996Z
438|mosaiq,438,mosaiq,2026-07-01T21:00:58.996Z
438|no,438,no,2026-07-01T21:00:58.996Z
438|sinergy,438,sinergy,2026-07-01T21:00:58.996Z
438|supervisor_de_radioterapía,438,supervisor_de_radioterapía,2026-07-01T21:00:58.996Z
438|synergy,438,synergy,2026-07-01T21:00:58.996Z
360|acelerador_lineal,360,acelerador_lineal,2026-07-01T21:00:58.996Z
360|brachy,360,brachy,2026-07-01T21:00:58.996Z
360|elekta,360,elekta,2026-07-01T21:00:58.996Z
360|hardware_y_software,360,hardware_y_software,2026-07-01T21:00:58.996Z
360|media,360,media,2026-07-01T21:00:58.996Z
360|monaco,360,monaco,2026-07-01T21:00:58.996Z
360|mosaiq,360,mosaiq,2026-07-01T21:00:58.996Z
360|no,360,no,2026-07-01T21:00:58.996Z
360|sinergy,360,sinergy,2026-07-01T21:00:58.996Z
360|supervisor_de_radioterapía,360,supervisor_de_radioterapía,2026-07-01T21:00:58.996Z
360|synergy,360,synergy,2026-07-01T21:00:58.996Z
485|agility,485,agility,2026-07-01T21:00:58.996Z
485|elekta,485,elekta,2026-07-01T21:00:58.996Z
485|hardware_y_software,485,hardware_y_software,2026-07-01T21:00:58.996Z
485|monaco,485,monaco,2026-07-01T21:00:58.996Z
485|mosaiq,485,mosaiq,2026-07-01T21:00:58.996Z
485|no,485,no,2026-07-01T21:00:58.996Z
485|on_hold_1h,485,on_hold_1h,2026-07-01T21:00:58.996Z
485|problema,485,problema,2026-07-01T21:00:58.996Z
485|sinergy,485,sinergy,2026-07-01T21:00:58.996Z
485|sistema_ccp,485,sistema_ccp,2026-07-01T21:00:58.996Z
485|suncheck_machine,485,suncheck_machine,2026-07-01T21:00:58.996Z
485|sunnuclear,485,sunnuclear,2026-07-01T21:00:58.996Z
485|versahd,485,versahd,2026-07-01T21:00:58.996Z
480|agility,480,agility,2026-07-01T21:00:58.996Z
480|elekta,480,elekta,2026-07-01T21:00:58.996Z
480|hardware_y_software,480,hardware_y_software,2026-07-01T21:00:58.996Z
480|monaco,480,monaco,2026-07-01T21:00:58.996Z
480|mosaiq,480,mosaiq,2026-07-01T21:00:58.996Z
480|sinergy,480,sinergy,2026-07-01T21:00:58.996Z
480|suncheck,480,suncheck,2026-07-01T21:00:58.996Z
480|suncheck_machine,480,suncheck_machine,2026-07-01T21:00:58.996Z
480|sunnuclear,480,sunnuclear,2026-07-01T21:00:58.996Z
480|versahd,480,versahd,2026-07-01T21:00:58.996Z
496|elekta,496,elekta,2026-07-01T21:00:58.996Z
496|físico,496,físico,2026-07-01T21:00:58.996Z
496|hardware_y_software,496,hardware_y_software,2026-07-01T21:00:58.996Z
496|hexapod,496,hexapod,2026-07-01T21:00:58.996Z
496|iview,496,iview,2026-07-01T21:00:58.996Z
496|linac,496,linac,2026-07-01T21:00:58.996Z
496|monaco,496,monaco,2026-07-01T21:00:58.996Z
496|mosaiq,496,mosaiq,2026-07-01T21:00:58.996Z
496|platform,496,platform,2026-07-01T21:00:58.996Z
496|suncheck,496,suncheck,2026-07-01T21:00:58.996Z
496|suncheck_machine,496,suncheck_machine,2026-07-01T21:00:58.996Z
496|sunnuclear,496,sunnuclear,2026-07-01T21:00:58.996Z
496|versahd,496,versahd,2026-07-01T21:00:58.996Z
496|xvi,496,xvi,2026-07-01T21:00:58.996Z
493|elekta,493,elekta,2026-07-01T21:00:58.996Z
493|físico,493,físico,2026-07-01T21:00:58.996Z
493|hardware_y_software,493,hardware_y_software,2026-07-01T21:00:58.996Z
493|hexapod,493,hexapod,2026-07-01T21:00:58.996Z
493|iview,493,iview,2026-07-01T21:00:58.996Z
493|linac,493,linac,2026-07-01T21:00:58.996Z
493|monaco,493,monaco,2026-07-01T21:00:58.996Z
493|mosaiq,493,mosaiq,2026-07-01T21:00:58.996Z
493|platform,493,platform,2026-07-01T21:00:58.996Z
493|problema,493,problema,2026-07-01T21:00:58.996Z
493|suncheck,493,suncheck,2026-07-01T21:00:58.996Z
493|suncheck_machine,493,suncheck_machine,2026-07-01T21:00:58.996Z
493|sunnuclear,493,sunnuclear,2026-07-01T21:00:58.996Z
493|versahd,493,versahd,2026-07-01T21:00:58.996Z
493|xvi,493,xvi,2026-07-01T21:00:58.996Z
491|angiografía__neuangio_43c,491,angiografía__neuangio_43c,2026-07-01T21:00:58.996Z
491|axesse,491,axesse,2026-07-01T21:00:58.996Z
491|barcoding,491,barcoding,2026-07-01T21:00:58.996Z
491|elekta,491,elekta,2026-07-01T21:00:58.996Z
491|físico,491,físico,2026-07-01T21:00:58.996Z
491|hardware_y_software,491,hardware_y_software,2026-07-01T21:00:58.996Z
491|infinity,491,infinity,2026-07-01T21:00:58.996Z
491|iview,491,iview,2026-07-01T21:00:58.996Z
491|linac,491,linac,2026-07-01T21:00:58.996Z
491|monaco,491,monaco,2026-07-01T21:00:58.996Z
491|monacosim,491,monacosim,2026-07-01T21:00:58.996Z
491|mosaiq,491,mosaiq,2026-07-01T21:00:58.996Z
491|no,491,no,2026-07-01T21:00:58.996Z
491|on_hold_1h,491,on_hold_1h,2026-07-01T21:00:58.996Z
491|storage,491,storage,2026-07-01T21:00:58.996Z
491|versahd,491,versahd,2026-07-01T21:00:58.996Z
491|xvi,491,xvi,2026-07-01T21:00:58.996Z
486|angiografía__neuangio_43c,486,angiografía__neuangio_43c,2026-07-01T21:00:58.996Z
486|axesse,486,axesse,2026-07-01T21:00:58.996Z
486|barcoding,486,barcoding,2026-07-01T21:00:58.996Z
486|dosisoft,486,dosisoft,2026-07-01T21:00:58.996Z
486|elekta,486,elekta,2026-07-01T21:00:58.996Z
486|físico,486,físico,2026-07-01T21:00:58.996Z
486|hardware_y_software,486,hardware_y_software,2026-07-01T21:00:58.996Z
486|infinity,486,infinity,2026-07-01T21:00:58.996Z
486|iview,486,iview,2026-07-01T21:00:58.996Z
486|linac,486,linac,2026-07-01T21:00:58.996Z
486|monaco,486,monaco,2026-07-01T21:00:58.996Z
486|monacosim,486,monacosim,2026-07-01T21:00:58.996Z
486|mosaiq,486,mosaiq,2026-07-01T21:00:58.996Z
486|no,486,no,2026-07-01T21:00:58.996Z
486|storage,486,storage,2026-07-01T21:00:58.996Z
486|versahd,486,versahd,2026-07-01T21:00:58.996Z
486|xvi,486,xvi,2026-07-01T21:00:58.996Z
465|angiografía__neuangio_43c,465,angiografía__neuangio_43c,2026-07-01T21:00:58.996Z
465|axesse,465,axesse,2026-07-01T21:00:58.996Z
465|barcoding,465,barcoding,2026-07-01T21:00:58.996Z
465|dosisoft,465,dosisoft,2026-07-01T21:00:58.996Z
465|elekta,465,elekta,2026-07-01T21:00:58.996Z
465|físico,465,físico,2026-07-01T21:00:58.996Z
465|hardware_y_software,465,hardware_y_software,2026-07-01T21:00:58.996Z
465|infinity,465,infinity,2026-07-01T21:00:58.996Z
465|iview,465,iview,2026-07-01T21:00:58.996Z
465|linac,465,linac,2026-07-01T21:00:58.996Z
465|monaco,465,monaco,2026-07-01T21:00:58.996Z
465|monacosim,465,monacosim,2026-07-01T21:00:58.996Z
465|mosaiq,465,mosaiq,2026-07-01T21:00:58.996Z
465|no,465,no,2026-07-01T21:00:58.996Z
465|storage,465,storage,2026-07-01T21:00:58.996Z
465|versahd,465,versahd,2026-07-01T21:00:58.996Z
465|xvi,465,xvi,2026-07-01T21:00:58.996Z
8648|elekta,8648,elekta,2026-07-01T21:00:58.996Z
8648|físico,8648,físico,2026-07-01T21:00:58.996Z
8648|hardware_y_software,8648,hardware_y_software,2026-07-01T21:00:58.996Z
8648|hexapod,8648,hexapod,2026-07-01T21:00:58.996Z
8648|iview,8648,iview,2026-07-01T21:00:58.996Z
8648|linac,8648,linac,2026-07-01T21:00:58.996Z
8648|monaco,8648,monaco,2026-07-01T21:00:58.996Z
8648|mosaiq,8648,mosaiq,2026-07-01T21:00:58.996Z
8648|platform,8648,platform,2026-07-01T21:00:58.996Z
8648|suncheck,8648,suncheck,2026-07-01T21:00:58.996Z
8648|suncheck_machine,8648,suncheck_machine,2026-07-01T21:00:58.996Z
8648|sunnuclear,8648,sunnuclear,2026-07-01T21:00:58.996Z
8648|versahd,8648,versahd,2026-07-01T21:00:58.996Z
8648|xvi,8648,xvi,2026-07-01T21:00:58.996Z
499|elekta,499,elekta,2026-07-01T21:00:58.996Z
499|físico,499,físico,2026-07-01T21:00:58.996Z
499|hardware_y_software,499,hardware_y_software,2026-07-01T21:00:58.996Z
499|hexapod,499,hexapod,2026-07-01T21:00:58.996Z
499|iview,499,iview,2026-07-01T21:00:58.996Z
499|linac,499,linac,2026-07-01T21:00:58.996Z
499|monaco,499,monaco,2026-07-01T21:00:58.996Z
499|mosaiq,499,mosaiq,2026-07-01T21:00:58.996Z
499|platform,499,platform,2026-07-01T21:00:58.996Z
499|suncheck,499,suncheck,2026-07-01T21:00:58.996Z
499|suncheck_machine,499,suncheck_machine,2026-07-01T21:00:58.996Z
499|sunnuclear,499,sunnuclear,2026-07-01T21:00:58.996Z
499|versahd,499,versahd,2026-07-01T21:00:58.996Z
499|xvi,499,xvi,2026-07-01T21:00:58.996Z
8647|agility,8647,agility,2026-07-01T21:00:58.996Z
8647|elekta,8647,elekta,2026-07-01T21:00:58.996Z
8647|hardware_y_software,8647,hardware_y_software,2026-07-01T21:00:58.996Z
8647|monaco,8647,monaco,2026-07-01T21:00:58.996Z
8647|mosaiq,8647,mosaiq,2026-07-01T21:00:58.996Z
8647|sinergy,8647,sinergy,2026-07-01T21:00:58.996Z
8647|suncheck,8647,suncheck,2026-07-01T21:00:58.996Z
8647|suncheck_machine,8647,suncheck_machine,2026-07-01T21:00:58.996Z
8647|sunnuclear,8647,sunnuclear,2026-07-01T21:00:58.996Z
8647|versahd,8647,versahd,2026-07-01T21:00:58.996Z
492|agility,492,agility,2026-07-01T21:00:58.996Z
492|elekta,492,elekta,2026-07-01T21:00:58.996Z
492|hardware_y_software,492,hardware_y_software,2026-07-01T21:00:58.996Z
492|monaco,492,monaco,2026-07-01T21:00:58.996Z
492|mosaiq,492,mosaiq,2026-07-01T21:00:58.996Z
492|sinergy,492,sinergy,2026-07-01T21:00:58.996Z
492|suncheck,492,suncheck,2026-07-01T21:00:58.996Z
492|suncheck_machine,492,suncheck_machine,2026-07-01T21:00:58.996Z
492|sunnuclear,492,sunnuclear,2026-07-01T21:00:58.996Z
492|versahd,492,versahd,2026-07-01T21:00:58.996Z
487|agility,487,agility,2026-07-01T21:00:58.996Z
487|elekta,487,elekta,2026-07-01T21:00:58.996Z
487|hardware_y_software,487,hardware_y_software,2026-07-01T21:00:58.996Z
487|monaco,487,monaco,2026-07-01T21:00:58.996Z
487|mosaiq,487,mosaiq,2026-07-01T21:00:58.996Z
487|no,487,no,2026-07-01T21:00:58.996Z
487|sinergy,487,sinergy,2026-07-01T21:00:58.996Z
487|suncheck,487,suncheck,2026-07-01T21:00:58.996Z
487|suncheck_machine,487,suncheck_machine,2026-07-01T21:00:58.996Z
487|sunnuclear,487,sunnuclear,2026-07-01T21:00:58.996Z
487|versahd,487,versahd,2026-07-01T21:00:58.996Z
8652|acelerador_lineal,8652,acelerador_lineal,2026-07-01T21:00:58.996Z
8652|brachy,8652,brachy,2026-07-01T21:00:58.996Z
8652|elekta,8652,elekta,2026-07-01T21:00:58.996Z
8652|hardware_y_software,8652,hardware_y_software,2026-07-01T21:00:58.996Z
8652|media,8652,media,2026-07-01T21:00:58.996Z
8652|monaco,8652,monaco,2026-07-01T21:00:58.996Z
8652|mosaiq,8652,mosaiq,2026-07-01T21:00:58.996Z
8652|no,8652,no,2026-07-01T21:00:58.996Z
8652|sinergy,8652,sinergy,2026-07-01T21:00:58.996Z
8652|supervisor_de_radioterapía,8652,supervisor_de_radioterapía,2026-07-01T21:00:58.996Z
8652|synergy,8652,synergy,2026-07-01T21:00:58.996Z
428|elekta,428,elekta,2026-07-01T21:00:58.996Z
428|hardware_y_software,428,hardware_y_software,2026-07-01T21:00:58.996Z
428|hexapod,428,hexapod,2026-07-01T21:00:58.996Z
428|iview,428,iview,2026-07-01T21:00:58.996Z
428|linac,428,linac,2026-07-01T21:00:58.996Z
428|monaco,428,monaco,2026-07-01T21:00:58.996Z
428|monaco_tps,428,monaco_tps,2026-07-01T21:00:58.996Z
428|mosaiq,428,mosaiq,2026-07-01T21:00:58.996Z
428|médico,428,médico,2026-07-01T21:00:58.996Z
428|no,428,no,2026-07-01T21:00:58.996Z
428|platform,428,platform,2026-07-01T21:00:58.996Z
428|requerimiento,428,requerimiento,2026-07-01T21:00:58.996Z
428|suncheck_machine,428,suncheck_machine,2026-07-01T21:00:58.996Z
428|sunnuclear,428,sunnuclear,2026-07-01T21:00:58.996Z
428|versahd,428,versahd,2026-07-01T21:00:58.996Z
428|xvi,428,xvi,2026-07-01T21:00:58.996Z
458|elekta,458,elekta,2026-07-01T21:00:58.996Z
458|físico,458,físico,2026-07-01T21:00:58.996Z
458|hardware_y_software,458,hardware_y_software,2026-07-01T21:00:58.996Z
458|hexapod,458,hexapod,2026-07-01T21:00:58.996Z
458|iview,458,iview,2026-07-01T21:00:58.996Z
458|linac,458,linac,2026-07-01T21:00:58.996Z
458|monaco,458,monaco,2026-07-01T21:00:58.996Z
458|monaco_tps,458,monaco_tps,2026-07-01T21:00:58.996Z
458|mosaiq,458,mosaiq,2026-07-01T21:00:58.996Z
458|no,458,no,2026-07-01T21:00:58.996Z
458|platform,458,platform,2026-07-01T21:00:58.996Z
458|problema,458,problema,2026-07-01T21:00:58.996Z
458|suncheck_machine,458,suncheck_machine,2026-07-01T21:00:58.996Z
458|sunnuclear,458,sunnuclear,2026-07-01T21:00:58.996Z
458|versahd,458,versahd,2026-07-01T21:00:58.996Z
458|xvi,458,xvi,2026-07-01T21:00:58.996Z
8656|elekta,8656,elekta,2026-07-01T21:00:58.996Z
8656|físico,8656,físico,2026-07-01T21:00:58.996Z
8656|hardware_y_software,8656,hardware_y_software,2026-07-01T21:00:58.996Z
8656|hexapod,8656,hexapod,2026-07-01T21:00:58.996Z
8656|iview,8656,iview,2026-07-01T21:00:58.996Z
8656|linac,8656,linac,2026-07-01T21:00:58.996Z
8656|monaco,8656,monaco,2026-07-01T21:00:58.996Z
8656|mosaiq,8656,mosaiq,2026-07-01T21:00:58.996Z
8656|platform,8656,platform,2026-07-01T21:00:58.996Z
8656|suncheck,8656,suncheck,2026-07-01T21:00:58.996Z
8656|suncheck_machine,8656,suncheck_machine,2026-07-01T21:00:58.996Z
8656|sunnuclear,8656,sunnuclear,2026-07-01T21:00:58.996Z
8656|versahd,8656,versahd,2026-07-01T21:00:58.996Z
8656|xvi,8656,xvi,2026-07-01T21:00:58.996Z
8664|citrix,8664,citrix,2026-07-01T21:00:58.996Z
8664|elekta,8664,elekta,2026-07-01T21:00:58.996Z
8664|físico,8664,físico,2026-07-01T21:00:58.996Z
8664|hardware_y_software,8664,hardware_y_software,2026-07-01T21:00:58.996Z
8664|infinity,8664,infinity,2026-07-01T21:00:58.996Z
8664|iview,8664,iview,2026-07-01T21:00:58.996Z
8664|linac,8664,linac,2026-07-01T21:00:58.996Z
8664|media,8664,media,2026-07-01T21:00:58.996Z
8664|monaco,8664,monaco,2026-07-01T21:00:58.996Z
8664|monaco_tps,8664,monaco_tps,2026-07-01T21:00:58.996Z
8664|mosaiq,8664,mosaiq,2026-07-01T21:00:58.996Z
8664|no,8664,no,2026-07-01T21:00:58.996Z
8664|on_hold_1h,8664,on_hold_1h,2026-07-01T21:00:58.996Z
8664|problema,8664,problema,2026-07-01T21:00:58.996Z
8664|storage,8664,storage,2026-07-01T21:00:58.996Z
8664|suncheck_machine,8664,suncheck_machine,2026-07-01T21:00:58.996Z
8664|sunnuclear,8664,sunnuclear,2026-07-01T21:00:58.996Z
8664|xvi,8664,xvi,2026-07-01T21:00:58.996Z
476|acelerador_lineal,476,acelerador_lineal,2026-07-01T21:00:58.996Z
476|brachy,476,brachy,2026-07-01T21:00:58.996Z
476|elekta,476,elekta,2026-07-01T21:00:58.996Z
476|hardware_y_software,476,hardware_y_software,2026-07-01T21:00:58.996Z
476|media,476,media,2026-07-01T21:00:58.996Z
476|monaco,476,monaco,2026-07-01T21:00:58.996Z
476|mosaiq,476,mosaiq,2026-07-01T21:00:58.996Z
476|no,476,no,2026-07-01T21:00:58.996Z
476|sinergy,476,sinergy,2026-07-01T21:00:58.996Z
476|supervisor_de_radioterapía,476,supervisor_de_radioterapía,2026-07-01T21:00:58.996Z
476|synergy,476,synergy,2026-07-01T21:00:58.996Z
446|brachy,446,brachy,2026-07-01T21:00:58.996Z
446|elekta,446,elekta,2026-07-01T21:00:58.996Z
446|hardware_y_software,446,hardware_y_software,2026-07-01T21:00:58.996Z
446|media,446,media,2026-07-01T21:00:58.996Z
446|monaco,446,monaco,2026-07-01T21:00:58.996Z
446|mosaiq,446,mosaiq,2026-07-01T21:00:58.996Z
446|no,446,no,2026-07-01T21:00:58.996Z
446|sinergy,446,sinergy,2026-07-01T21:00:58.996Z
446|supervisor_de_radioterapía,446,supervisor_de_radioterapía,2026-07-01T21:00:58.996Z
446|synergy,446,synergy,2026-07-01T21:00:58.996Z
412|axesse,412,axesse,2026-07-01T21:00:58.996Z
412|braquiterapia,412,braquiterapia,2026-07-01T21:00:58.996Z
412|elekta,412,elekta,2026-07-01T21:00:58.996Z
412|físico,412,físico,2026-07-01T21:00:58.996Z
412|hardware_y_software,412,hardware_y_software,2026-07-01T21:00:58.996Z
412|infinity,412,infinity,2026-07-01T21:00:58.996Z
412|monaco,412,monaco,2026-07-01T21:00:58.996Z
412|mosaiq,412,mosaiq,2026-07-01T21:00:58.996Z
412|no,412,no,2026-07-01T21:00:58.996Z
8667|elekta,8667,elekta,2026-07-01T21:00:58.996Z
8667|físico,8667,físico,2026-07-01T21:00:58.996Z
8667|hardware_y_software,8667,hardware_y_software,2026-07-01T21:00:58.996Z
8667|hexapod,8667,hexapod,2026-07-01T21:00:58.996Z
8667|iba,8667,iba,2026-07-01T21:00:58.996Z
8667|iguide,8667,iguide,2026-07-01T21:00:58.996Z
8667|iview,8667,iview,2026-07-01T21:00:58.996Z
8667|monaco,8667,monaco,2026-07-01T21:00:58.996Z
8667|monacosim,8667,monacosim,2026-07-01T21:00:58.996Z
8667|mosaiq,8667,mosaiq,2026-07-01T21:00:58.996Z
8667|rtp99,8667,rtp99,2026-07-01T21:00:58.996Z
8667|si,8667,si,2026-07-01T21:00:58.996Z
8667|sistema_camilla_precise,8667,sistema_camilla_precise,2026-07-01T21:00:58.996Z
8667|tcs,8667,tcs,2026-07-01T21:00:58.996Z
8667|versahd,8667,versahd,2026-07-01T21:00:58.996Z
8667|xvi,8667,xvi,2026-07-01T21:00:58.996Z
8658|elekta,8658,elekta,2026-07-01T21:00:58.996Z
8658|físico,8658,físico,2026-07-01T21:00:58.996Z
8658|hardware_y_software,8658,hardware_y_software,2026-07-01T21:00:58.996Z
8658|hexapod,8658,hexapod,2026-07-01T21:00:58.996Z
8658|iba,8658,iba,2026-07-01T21:00:58.996Z
8658|iguide,8658,iguide,2026-07-01T21:00:58.996Z
8658|iview,8658,iview,2026-07-01T21:00:58.996Z
8658|monaco,8658,monaco,2026-07-01T21:00:58.996Z
8658|monacosim,8658,monacosim,2026-07-01T21:00:58.996Z
8658|mosaiq,8658,mosaiq,2026-07-01T21:00:58.996Z
8658|no,8658,no,2026-07-01T21:00:58.996Z
8658|rtp99,8658,rtp99,2026-07-01T21:00:58.996Z
8658|sistema_camilla_precise,8658,sistema_camilla_precise,2026-07-01T21:00:58.996Z
8658|tcs,8658,tcs,2026-07-01T21:00:58.996Z
8658|versahd,8658,versahd,2026-07-01T21:00:58.996Z
8658|xvi,8658,xvi,2026-07-01T21:00:58.996Z
498|elekta,498,elekta,2026-07-01T21:00:58.996Z
498|físico,498,físico,2026-07-01T21:00:58.996Z
498|hardware_y_software,498,hardware_y_software,2026-07-01T21:00:58.996Z
498|hexapod,498,hexapod,2026-07-01T21:00:58.996Z
498|iview,498,iview,2026-07-01T21:00:58.996Z
498|linac,498,linac,2026-07-01T21:00:58.996Z
498|monaco,498,monaco,2026-07-01T21:00:58.996Z
498|monaco_tps,498,monaco_tps,2026-07-01T21:00:58.996Z
498|mosaiq,498,mosaiq,2026-07-01T21:00:58.996Z
498|médico,498,médico,2026-07-01T21:00:58.996Z
498|no,498,no,2026-07-01T21:00:58.996Z
498|platform,498,platform,2026-07-01T21:00:58.996Z
498|requerimiento,498,requerimiento,2026-07-01T21:00:58.996Z
498|suncheck_machine,498,suncheck_machine,2026-07-01T21:00:58.996Z
498|sunnuclear,498,sunnuclear,2026-07-01T21:00:58.996Z
498|versahd,498,versahd,2026-07-01T21:00:58.996Z
498|xvi,498,xvi,2026-07-01T21:00:58.996Z
8663|angiografía__neuangio_43c,8663,angiografía__neuangio_43c,2026-07-01T21:00:58.996Z
8663|axesse,8663,axesse,2026-07-01T21:00:58.996Z
8663|barcoding,8663,barcoding,2026-07-01T21:00:58.996Z
8663|dosisoft,8663,dosisoft,2026-07-01T21:00:58.996Z
8663|elekta,8663,elekta,2026-07-01T21:00:58.996Z
8663|físico,8663,físico,2026-07-01T21:00:58.996Z
8663|hardware_y_software,8663,hardware_y_software,2026-07-01T21:00:58.996Z
8663|infinity,8663,infinity,2026-07-01T21:00:58.996Z
8663|iview,8663,iview,2026-07-01T21:00:58.996Z
8663|linac,8663,linac,2026-07-01T21:00:58.996Z
8663|monaco,8663,monaco,2026-07-01T21:00:58.996Z
8663|monacosim,8663,monacosim,2026-07-01T21:00:58.996Z
8663|mosaiq,8663,mosaiq,2026-07-01T21:00:58.996Z
8663|no,8663,no,2026-07-01T21:00:58.996Z
8663|storage,8663,storage,2026-07-01T21:00:58.996Z
8663|versahd,8663,versahd,2026-07-01T21:00:58.996Z
8663|xvi,8663,xvi,2026-07-01T21:00:58.996Z
497|citrix,497,citrix,2026-07-01T21:00:58.996Z
497|elekta,497,elekta,2026-07-01T21:00:58.996Z
497|físico,497,físico,2026-07-01T21:00:58.996Z
497|hardware_y_software,497,hardware_y_software,2026-07-01T21:00:58.996Z
497|infinity,497,infinity,2026-07-01T21:00:58.996Z
497|integrity,497,integrity,2026-07-01T21:00:58.996Z
497|iview,497,iview,2026-07-01T21:00:58.996Z
497|linac,497,linac,2026-07-01T21:00:58.996Z
497|media,497,media,2026-07-01T21:00:58.996Z
497|monaco,497,monaco,2026-07-01T21:00:58.996Z
497|mosaiq,497,mosaiq,2026-07-01T21:00:58.996Z
497|si,497,si,2026-07-01T21:00:58.996Z
497|storage,497,storage,2026-07-01T21:00:58.996Z
497|suncheck_machine,497,suncheck_machine,2026-07-01T21:00:58.996Z
497|sunnuclear,497,sunnuclear,2026-07-01T21:00:58.996Z
497|xvi,497,xvi,2026-07-01T21:00:58.996Z
8666|citrix,8666,citrix,2026-07-01T21:00:58.996Z
8666|elekta,8666,elekta,2026-07-01T21:00:58.996Z
8666|físico,8666,físico,2026-07-01T21:00:58.996Z
8666|hardware_y_software,8666,hardware_y_software,2026-07-01T21:00:58.996Z
8666|infinity,8666,infinity,2026-07-01T21:00:58.996Z
8666|integrity,8666,integrity,2026-07-01T21:00:58.996Z
8666|iview,8666,iview,2026-07-01T21:00:58.996Z
8666|linac,8666,linac,2026-07-01T21:00:58.996Z
8666|media,8666,media,2026-07-01T21:00:58.996Z
8666|monaco,8666,monaco,2026-07-01T21:00:58.996Z
8666|mosaiq,8666,mosaiq,2026-07-01T21:00:58.996Z
8666|no,8666,no,2026-07-01T21:00:58.996Z
8666|storage,8666,storage,2026-07-01T21:00:58.996Z
8666|suncheck_machine,8666,suncheck_machine,2026-07-01T21:00:58.996Z
8666|sunnuclear,8666,sunnuclear,2026-07-01T21:00:58.996Z
8666|xvi,8666,xvi,2026-07-01T21:00:58.996Z
8672|citrix,8672,citrix,2026-07-01T21:00:58.996Z
8672|elekta,8672,elekta,2026-07-01T21:00:58.996Z
8672|hardware_y_software,8672,hardware_y_software,2026-07-01T21:00:58.996Z
8672|infinity,8672,infinity,2026-07-01T21:00:58.996Z
8672|integrity,8672,integrity,2026-07-01T21:00:58.996Z
8672|iview,8672,iview,2026-07-01T21:00:58.996Z
8672|linac,8672,linac,2026-07-01T21:00:58.996Z
8672|media,8672,media,2026-07-01T21:00:58.996Z
8672|monaco,8672,monaco,2026-07-01T21:00:58.996Z
8672|mosaiq,8672,mosaiq,2026-07-01T21:00:58.996Z
8672|no,8672,no,2026-07-01T21:00:58.996Z
8672|storage,8672,storage,2026-07-01T21:00:58.996Z
8672|suncheck_machine,8672,suncheck_machine,2026-07-01T21:00:58.996Z
8672|sunnuclear,8672,sunnuclear,2026-07-01T21:00:58.996Z
8672|xvi,8672,xvi,2026-07-01T21:00:58.996Z
8678|citrix,8678,citrix,2026-07-01T21:00:58.996Z
8678|elekta,8678,elekta,2026-07-01T21:00:58.996Z
8678|físico,8678,físico,2026-07-01T21:00:58.996Z
8678|hardware_y_software,8678,hardware_y_software,2026-07-01T21:00:58.996Z
8678|infinity,8678,infinity,2026-07-01T21:00:58.996Z
8678|integrity,8678,integrity,2026-07-01T21:00:58.996Z
8678|iview,8678,iview,2026-07-01T21:00:58.996Z
8678|linac,8678,linac,2026-07-01T21:00:58.996Z
8678|media,8678,media,2026-07-01T21:00:58.996Z
8678|monaco,8678,monaco,2026-07-01T21:00:58.996Z
8678|mosaiq,8678,mosaiq,2026-07-01T21:00:58.996Z
8678|si,8678,si,2026-07-01T21:00:58.996Z
8678|storage,8678,storage,2026-07-01T21:00:58.996Z
8678|suncheck_machine,8678,suncheck_machine,2026-07-01T21:00:58.996Z
8678|sunnuclear,8678,sunnuclear,2026-07-01T21:00:58.996Z
8678|xvi,8678,xvi,2026-07-01T21:00:58.996Z
8673|axesse,8673,axesse,2026-07-01T21:00:58.996Z
8673|braquiterapia,8673,braquiterapia,2026-07-01T21:00:58.996Z
8673|elekta,8673,elekta,2026-07-01T21:00:58.996Z
8673|físico,8673,físico,2026-07-01T21:00:58.996Z
8673|hardware_y_software,8673,hardware_y_software,2026-07-01T21:00:58.996Z
8673|infinity,8673,infinity,2026-07-01T21:00:58.996Z
8673|monaco,8673,monaco,2026-07-01T21:00:58.996Z
8673|mosaiq,8673,mosaiq,2026-07-01T21:00:58.996Z
8673|si,8673,si,2026-07-01T21:00:58.996Z
8685|elekta,8685,elekta,2026-07-01T21:00:58.996Z
8685|físico,8685,físico,2026-07-01T21:00:58.996Z
8685|hardware_y_software,8685,hardware_y_software,2026-07-01T21:00:58.996Z
8685|hexapod,8685,hexapod,2026-07-01T21:00:58.996Z
8685|iba,8685,iba,2026-07-01T21:00:58.996Z
8685|iguide,8685,iguide,2026-07-01T21:00:58.996Z
8685|iview,8685,iview,2026-07-01T21:00:58.996Z
8685|monaco,8685,monaco,2026-07-01T21:00:58.996Z
8685|monacosim,8685,monacosim,2026-07-01T21:00:58.996Z
8685|mosaiq,8685,mosaiq,2026-07-01T21:00:58.996Z
8685|no,8685,no,2026-07-01T21:00:58.996Z
8685|on_hold_1h,8685,on_hold_1h,2026-07-01T21:00:58.996Z
8685|rtp99,8685,rtp99,2026-07-01T21:00:58.996Z
8685|tcs,8685,tcs,2026-07-01T21:00:58.996Z
8685|versahd,8685,versahd,2026-07-01T21:00:58.996Z
8685|xvi,8685,xvi,2026-07-01T21:00:58.996Z
8683|citrix,8683,citrix,2026-07-01T21:00:58.996Z
8683|elekta,8683,elekta,2026-07-01T21:00:58.996Z
8683|físico,8683,físico,2026-07-01T21:00:58.996Z
8683|hardware_y_software,8683,hardware_y_software,2026-07-01T21:00:58.996Z
8683|infinity,8683,infinity,2026-07-01T21:00:58.996Z
8683|iview,8683,iview,2026-07-01T21:00:58.996Z
8683|linac,8683,linac,2026-07-01T21:00:58.996Z
8683|media,8683,media,2026-07-01T21:00:58.996Z
8683|monaco,8683,monaco,2026-07-01T21:00:58.996Z
8683|mosaiq,8683,mosaiq,2026-07-01T21:00:58.996Z
8683|no,8683,no,2026-07-01T21:00:58.996Z
8683|on_hold_1h,8683,on_hold_1h,2026-07-01T21:00:58.996Z
8683|storage,8683,storage,2026-07-01T21:00:58.996Z
8683|suncheck_machine,8683,suncheck_machine,2026-07-01T21:00:58.996Z
8683|sunnuclear,8683,sunnuclear,2026-07-01T21:00:58.996Z
8683|xvi,8683,xvi,2026-07-01T21:00:58.996Z
501|elekta,501,elekta,2026-07-01T21:00:58.996Z
501|físico,501,físico,2026-07-01T21:00:58.996Z
501|hardware_y_software,501,hardware_y_software,2026-07-01T21:00:58.996Z
501|hexapod,501,hexapod,2026-07-01T21:00:58.996Z
501|iview,501,iview,2026-07-01T21:00:58.996Z
501|linac,501,linac,2026-07-01T21:00:58.996Z
501|monaco,501,monaco,2026-07-01T21:00:58.996Z
501|mosaiq,501,mosaiq,2026-07-01T21:00:58.996Z
501|platform,501,platform,2026-07-01T21:00:58.996Z
501|problema,501,problema,2026-07-01T21:00:58.996Z
501|si,501,si,2026-07-01T21:00:58.996Z
501|suncheck,501,suncheck,2026-07-01T21:00:58.996Z
501|suncheck_machine,501,suncheck_machine,2026-07-01T21:00:58.996Z
501|sunnuclear,501,sunnuclear,2026-07-01T21:00:58.996Z
501|versahd,501,versahd,2026-07-01T21:00:58.996Z
501|xvi,501,xvi,2026-07-01T21:00:58.996Z
8677|elekta,8677,elekta,2026-07-01T21:00:58.996Z
8677|físico,8677,físico,2026-07-01T21:00:58.996Z
8677|hardware_y_software,8677,hardware_y_software,2026-07-01T21:00:58.996Z
8677|hexapod,8677,hexapod,2026-07-01T21:00:58.996Z
8677|iview,8677,iview,2026-07-01T21:00:58.996Z
8677|linac,8677,linac,2026-07-01T21:00:58.996Z
8677|monaco,8677,monaco,2026-07-01T21:00:58.996Z
8677|monaco_tps,8677,monaco_tps,2026-07-01T21:00:58.996Z
8677|mosaiq,8677,mosaiq,2026-07-01T21:00:58.996Z
8677|no,8677,no,2026-07-01T21:00:58.996Z
8677|platform,8677,platform,2026-07-01T21:00:58.996Z
8677|problema,8677,problema,2026-07-01T21:00:58.996Z
8677|suncheck_machine,8677,suncheck_machine,2026-07-01T21:00:58.996Z
8677|sunnuclear,8677,sunnuclear,2026-07-01T21:00:58.996Z
8677|versahd,8677,versahd,2026-07-01T21:00:58.996Z
8677|xvi,8677,xvi,2026-07-01T21:00:58.996Z
8691|axesse,8691,axesse,2026-07-01T21:00:58.996Z
8691|braquiterapia,8691,braquiterapia,2026-07-01T21:00:58.996Z
8691|elekta,8691,elekta,2026-07-01T21:00:58.996Z
8691|físico,8691,físico,2026-07-01T21:00:58.996Z
8691|hardware_y_software,8691,hardware_y_software,2026-07-01T21:00:58.996Z
8691|infinity,8691,infinity,2026-07-01T21:00:58.996Z
8691|monaco,8691,monaco,2026-07-01T21:00:58.996Z
8691|mosaiq,8691,mosaiq,2026-07-01T21:00:58.996Z
8691|si,8691,si,2026-07-01T21:00:58.996Z
8686|angiografía__neuangio_43c,8686,angiografía__neuangio_43c,2026-07-01T21:00:58.996Z
8686|axesse,8686,axesse,2026-07-01T21:00:58.996Z
8686|barcoding,8686,barcoding,2026-07-01T21:00:58.996Z
8686|dosisoft,8686,dosisoft,2026-07-01T21:00:58.996Z
8686|elekta,8686,elekta,2026-07-01T21:00:58.996Z
8686|físico,8686,físico,2026-07-01T21:00:58.996Z
8686|hardware_y_software,8686,hardware_y_software,2026-07-01T21:00:58.996Z
8686|infinity,8686,infinity,2026-07-01T21:00:58.996Z
8686|iview,8686,iview,2026-07-01T21:00:58.996Z
8686|linac,8686,linac,2026-07-01T21:00:58.996Z
8686|monaco,8686,monaco,2026-07-01T21:00:58.996Z
8686|monacosim,8686,monacosim,2026-07-01T21:00:58.996Z
8686|mosaiq,8686,mosaiq,2026-07-01T21:00:58.996Z
8686|no,8686,no,2026-07-01T21:00:58.996Z
8686|storage,8686,storage,2026-07-01T21:00:58.996Z
8686|versahd,8686,versahd,2026-07-01T21:00:58.996Z
8686|xvi,8686,xvi,2026-07-01T21:00:58.996Z
8670|elekta,8670,elekta,2026-07-01T21:00:58.996Z
8670|físico,8670,físico,2026-07-01T21:00:58.996Z
8670|hardware_y_software,8670,hardware_y_software,2026-07-01T21:00:58.996Z
8670|hexapod,8670,hexapod,2026-07-01T21:00:58.996Z
8670|iview,8670,iview,2026-07-01T21:00:58.996Z
8670|linac,8670,linac,2026-07-01T21:00:58.996Z
8670|monaco,8670,monaco,2026-07-01T21:00:58.996Z
8670|monaco_tps,8670,monaco_tps,2026-07-01T21:00:58.996Z
8670|mosaiq,8670,mosaiq,2026-07-01T21:00:58.996Z
8670|no,8670,no,2026-07-01T21:00:58.996Z
8670|platform,8670,platform,2026-07-01T21:00:58.996Z
8670|problema,8670,problema,2026-07-01T21:00:58.996Z
8670|suncheck_machine,8670,suncheck_machine,2026-07-01T21:00:58.996Z
8670|sunnuclear,8670,sunnuclear,2026-07-01T21:00:58.996Z
8670|versahd,8670,versahd,2026-07-01T21:00:58.996Z
8670|xvi,8670,xvi,2026-07-01T21:00:58.996Z
8699|elekta,8699,elekta,2026-07-01T21:00:58.996Z
8699|físico,8699,físico,2026-07-01T21:00:58.996Z
8699|hardware_y_software,8699,hardware_y_software,2026-07-01T21:00:58.996Z
8699|hexapod,8699,hexapod,2026-07-01T21:00:58.996Z
8699|iview,8699,iview,2026-07-01T21:00:58.996Z
8699|linac,8699,linac,2026-07-01T21:00:58.996Z
8699|monaco,8699,monaco,2026-07-01T21:00:58.996Z
8699|mosaiq,8699,mosaiq,2026-07-01T21:00:58.996Z
8699|no,8699,no,2026-07-01T21:00:58.996Z
8699|platform,8699,platform,2026-07-01T21:00:58.996Z
8699|problema,8699,problema,2026-07-01T21:00:58.996Z
8699|sistema_de_imagen_portal_iview,8699,sistema_de_imagen_portal_iview,2026-07-01T21:00:58.996Z
8699|suncheck_machine,8699,suncheck_machine,2026-07-01T21:00:58.996Z
8699|sunnuclear,8699,sunnuclear,2026-07-01T21:00:58.996Z
8699|versahd,8699,versahd,2026-07-01T21:00:58.996Z
8699|xvi,8699,xvi,2026-07-01T21:00:58.996Z
8684|acelerador_lineal,8684,acelerador_lineal,2026-07-01T21:00:58.996Z
8684|elekta,8684,elekta,2026-07-01T21:00:58.996Z
8684|físico,8684,físico,2026-07-01T21:00:58.996Z
8684|hardware_y_software,8684,hardware_y_software,2026-07-01T21:00:58.996Z
8684|hexapod,8684,hexapod,2026-07-01T21:00:58.996Z
8684|iview,8684,iview,2026-07-01T21:00:58.996Z
8684|linac,8684,linac,2026-07-01T21:00:58.996Z
8684|monaco,8684,monaco,2026-07-01T21:00:58.996Z
8684|mosaiq,8684,mosaiq,2026-07-01T21:00:58.996Z
8684|médico,8684,médico,2026-07-01T21:00:58.996Z
8684|no,8684,no,2026-07-01T21:00:58.996Z
8684|platform,8684,platform,2026-07-01T21:00:58.996Z
8684|problema,8684,problema,2026-07-01T21:00:58.996Z
8684|suncheck_machine,8684,suncheck_machine,2026-07-01T21:00:58.996Z
8684|sunnuclear,8684,sunnuclear,2026-07-01T21:00:58.996Z
8684|versahd,8684,versahd,2026-07-01T21:00:58.996Z
8684|xvi,8684,xvi,2026-07-01T21:00:58.996Z
8679|acelerador_lineal,8679,acelerador_lineal,2026-07-01T21:00:58.996Z
8679|elekta,8679,elekta,2026-07-01T21:00:58.996Z
8679|físico,8679,físico,2026-07-01T21:00:58.996Z
8679|hardware_y_software,8679,hardware_y_software,2026-07-01T21:00:58.996Z
8679|hexapod,8679,hexapod,2026-07-01T21:00:58.996Z
8679|iview,8679,iview,2026-07-01T21:00:58.996Z
8679|linac,8679,linac,2026-07-01T21:00:58.996Z
8679|monaco,8679,monaco,2026-07-01T21:00:58.996Z
8679|mosaiq,8679,mosaiq,2026-07-01T21:00:58.996Z
8679|no,8679,no,2026-07-01T21:00:58.996Z
8679|platform,8679,platform,2026-07-01T21:00:58.996Z
8679|problema,8679,problema,2026-07-01T21:00:58.996Z
8679|suncheck_machine,8679,suncheck_machine,2026-07-01T21:00:58.996Z
8679|sunnuclear,8679,sunnuclear,2026-07-01T21:00:58.996Z
8679|versahd,8679,versahd,2026-07-01T21:00:58.996Z
8679|xvi,8679,xvi,2026-07-01T21:00:58.996Z
8705|elekta,8705,elekta,2026-07-01T21:00:58.996Z
8705|físico,8705,físico,2026-07-01T21:00:58.996Z
8705|hardware_y_software,8705,hardware_y_software,2026-07-01T21:00:58.996Z
8705|hexapod,8705,hexapod,2026-07-01T21:00:58.996Z
8705|iview,8705,iview,2026-07-01T21:00:58.996Z
8705|linac,8705,linac,2026-07-01T21:00:58.996Z
8705|monaco,8705,monaco,2026-07-01T21:00:58.996Z
8705|mosaiq,8705,mosaiq,2026-07-01T21:00:58.996Z
8705|platform,8705,platform,2026-07-01T21:00:58.996Z
8705|suncheck,8705,suncheck,2026-07-01T21:00:58.996Z
8705|suncheck_machine,8705,suncheck_machine,2026-07-01T21:00:58.996Z
8705|sunnuclear,8705,sunnuclear,2026-07-01T21:00:58.996Z
8705|versahd,8705,versahd,2026-07-01T21:00:58.996Z
8705|xvi,8705,xvi,2026-07-01T21:00:58.996Z
8716|agility,8716,agility,2026-07-01T21:00:58.996Z
8716|elekta,8716,elekta,2026-07-01T21:00:58.996Z
8716|hardware_y_software,8716,hardware_y_software,2026-07-01T21:00:58.996Z
8716|monaco,8716,monaco,2026-07-01T21:00:58.996Z
8716|mosaiq,8716,mosaiq,2026-07-01T21:00:58.996Z
8716|sinergy,8716,sinergy,2026-07-01T21:00:58.996Z
8716|suncheck,8716,suncheck,2026-07-01T21:00:58.996Z
8716|suncheck_machine,8716,suncheck_machine,2026-07-01T21:00:58.996Z
8716|sunnuclear,8716,sunnuclear,2026-07-01T21:00:58.996Z
8716|versahd,8716,versahd,2026-07-01T21:00:58.996Z
8716|xvi,8716,xvi,2026-07-01T21:00:58.996Z
8711|angiografía__neuangio_43c,8711,angiografía__neuangio_43c,2026-07-01T21:00:58.996Z
8711|axesse,8711,axesse,2026-07-01T21:00:58.996Z
8711|barcoding,8711,barcoding,2026-07-01T21:00:58.996Z
8711|dosisoft,8711,dosisoft,2026-07-01T21:00:58.996Z
8711|elekta,8711,elekta,2026-07-01T21:00:58.996Z
8711|físico,8711,físico,2026-07-01T21:00:58.996Z
8711|hardware_y_software,8711,hardware_y_software,2026-07-01T21:00:58.996Z
8711|infinity,8711,infinity,2026-07-01T21:00:58.996Z
8711|iview,8711,iview,2026-07-01T21:00:58.996Z
8711|linac,8711,linac,2026-07-01T21:00:58.996Z
8711|monaco,8711,monaco,2026-07-01T21:00:58.996Z
8711|monacosim,8711,monacosim,2026-07-01T21:00:58.996Z
8711|mosaiq,8711,mosaiq,2026-07-01T21:00:58.996Z
8711|no,8711,no,2026-07-01T21:00:58.996Z
8711|storage,8711,storage,2026-07-01T21:00:58.996Z
8711|versahd,8711,versahd,2026-07-01T21:00:58.996Z
8711|xvi,8711,xvi,2026-07-01T21:00:58.996Z
8718|brachy,8718,brachy,2026-07-01T21:00:58.996Z
8718|comapact,8718,comapact,2026-07-01T21:00:58.996Z
8718|compact,8718,compact,2026-07-01T21:00:58.996Z
8718|elekta,8718,elekta,2026-07-01T21:00:58.996Z
8718|flexitron,8718,flexitron,2026-07-01T21:00:58.996Z
8718|físico,8718,físico,2026-07-01T21:00:58.996Z
8718|hardware_y_software,8718,hardware_y_software,2026-07-01T21:00:58.996Z
8718|integrity,8718,integrity,2026-07-01T21:00:58.996Z
8718|on_hold_1h,8718,on_hold_1h,2026-07-01T21:00:58.996Z
8718|problema,8718,problema,2026-07-01T21:00:58.996Z
8718|si,8718,si,2026-07-01T21:00:58.996Z
8722|agility,8722,agility,2026-07-01T21:00:58.996Z
8722|elekta,8722,elekta,2026-07-01T21:00:58.996Z
8722|hardware_y_software,8722,hardware_y_software,2026-07-01T21:00:58.996Z
8722|monaco,8722,monaco,2026-07-01T21:00:58.996Z
8722|mosaiq,8722,mosaiq,2026-07-01T21:00:58.996Z
8722|sinergy,8722,sinergy,2026-07-01T21:00:58.996Z
8722|suncheck,8722,suncheck,2026-07-01T21:00:58.996Z
8722|suncheck_machine,8722,suncheck_machine,2026-07-01T21:00:58.996Z
8722|sunnuclear,8722,sunnuclear,2026-07-01T21:00:58.996Z
8722|versahd,8722,versahd,2026-07-01T21:00:58.996Z
481|axesse,481,axesse,2026-07-01T21:00:58.996Z
481|braquiterapia,481,braquiterapia,2026-07-01T21:00:58.996Z
481|elekta,481,elekta,2026-07-01T21:00:58.996Z
481|físico,481,físico,2026-07-01T21:00:58.996Z
481|hardware_y_software,481,hardware_y_software,2026-07-01T21:00:58.996Z
481|infinity,481,infinity,2026-07-01T21:00:58.996Z
481|monaco,481,monaco,2026-07-01T21:00:58.996Z
481|mosaiq,481,mosaiq,2026-07-01T21:00:58.996Z
481|no,481,no,2026-07-01T21:00:58.996Z
8714|elekta,8714,elekta,2026-07-01T21:00:58.996Z
8714|físico,8714,físico,2026-07-01T21:00:58.996Z
8714|hardware_y_software,8714,hardware_y_software,2026-07-01T21:00:58.996Z
8714|hexapod,8714,hexapod,2026-07-01T21:00:58.996Z
8714|iview,8714,iview,2026-07-01T21:00:58.996Z
8714|linac,8714,linac,2026-07-01T21:00:58.996Z
8714|monaco,8714,monaco,2026-07-01T21:00:58.996Z
8714|mosaiq,8714,mosaiq,2026-07-01T21:00:58.996Z
8714|platform,8714,platform,2026-07-01T21:00:58.996Z
8714|suncheck,8714,suncheck,2026-07-01T21:00:58.996Z
8714|suncheck_machine,8714,suncheck_machine,2026-07-01T21:00:58.996Z
8714|sunnuclear,8714,sunnuclear,2026-07-01T21:00:58.996Z
8714|versahd,8714,versahd,2026-07-01T21:00:58.996Z
8714|xvi,8714,xvi,2026-07-01T21:00:58.996Z
8745|braquiterapia,8745,braquiterapia,2026-07-01T21:00:58.996Z
8745|compact,8745,compact,2026-07-01T21:00:58.996Z
8745|elekta,8745,elekta,2026-07-01T21:00:58.996Z
8745|físico,8745,físico,2026-07-01T21:00:58.996Z
8745|hardware_y_software,8745,hardware_y_software,2026-07-01T21:00:58.996Z
8745|monaco,8745,monaco,2026-07-01T21:00:58.996Z
8745|monacosim,8745,monacosim,2026-07-01T21:00:58.996Z
8745|mosaiq,8745,mosaiq,2026-07-01T21:00:58.996Z
8745|nss,8745,nss,2026-07-01T21:00:58.996Z
8745|si,8745,si,2026-07-01T21:00:58.996Z
8745|tcs,8745,tcs,2026-07-01T21:00:58.996Z
8745|xio,8745,xio,2026-07-01T21:00:58.996Z
8733|acelerador_lineal,8733,acelerador_lineal,2026-07-01T21:00:58.996Z
8733|elekta,8733,elekta,2026-07-01T21:00:58.996Z
8733|físico,8733,físico,2026-07-01T21:00:58.996Z
8733|hardware_y_software,8733,hardware_y_software,2026-07-01T21:00:58.996Z
8733|hexapod,8733,hexapod,2026-07-01T21:00:58.996Z
8733|iview,8733,iview,2026-07-01T21:00:58.996Z
8733|linac,8733,linac,2026-07-01T21:00:58.996Z
8733|monaco,8733,monaco,2026-07-01T21:00:58.996Z
8733|mosaiq,8733,mosaiq,2026-07-01T21:00:58.996Z
8733|no,8733,no,2026-07-01T21:00:58.996Z
8733|platform,8733,platform,2026-07-01T21:00:58.996Z
8733|problema,8733,problema,2026-07-01T21:00:58.996Z
8733|suncheck_machine,8733,suncheck_machine,2026-07-01T21:00:58.996Z
8733|sunnuclear,8733,sunnuclear,2026-07-01T21:00:58.996Z
8733|versahd,8733,versahd,2026-07-01T21:00:58.996Z
8733|xvi,8733,xvi,2026-07-01T21:00:58.996Z
8735|elekta,8735,elekta,2026-07-01T21:00:58.996Z
8735|físico,8735,físico,2026-07-01T21:00:58.996Z
8735|hardware_y_software,8735,hardware_y_software,2026-07-01T21:00:58.996Z
8735|hexapod,8735,hexapod,2026-07-01T21:00:58.996Z
8735|iview,8735,iview,2026-07-01T21:00:58.996Z
8735|linac,8735,linac,2026-07-01T21:00:58.996Z
8735|monaco,8735,monaco,2026-07-01T21:00:58.996Z
8735|mosaiq,8735,mosaiq,2026-07-01T21:00:58.996Z
8735|platform,8735,platform,2026-07-01T21:00:58.996Z
8735|suncheck,8735,suncheck,2026-07-01T21:00:58.996Z
8735|suncheck_machine,8735,suncheck_machine,2026-07-01T21:00:58.996Z
8735|sunnuclear,8735,sunnuclear,2026-07-01T21:00:58.996Z
8735|versahd,8735,versahd,2026-07-01T21:00:58.996Z
8735|xvi,8735,xvi,2026-07-01T21:00:58.996Z
8739|brachy,8739,brachy,2026-07-01T21:00:58.996Z
8739|elekta,8739,elekta,2026-07-01T21:00:58.996Z
8739|hardware_y_software,8739,hardware_y_software,2026-07-01T21:00:58.996Z
8739|media,8739,media,2026-07-01T21:00:58.996Z
8739|monaco,8739,monaco,2026-07-01T21:00:58.996Z
8739|mosaiq,8739,mosaiq,2026-07-01T21:00:58.996Z
8739|no,8739,no,2026-07-01T21:00:58.996Z
8739|sinergy,8739,sinergy,2026-07-01T21:00:58.996Z
8739|sistema_de_imagen_cbct_xvi,8739,sistema_de_imagen_cbct_xvi,2026-07-01T21:00:58.996Z
8739|supervisor_de_radioterapía,8739,supervisor_de_radioterapía,2026-07-01T21:00:58.996Z
8739|synergy,8739,synergy,2026-07-01T21:00:58.996Z
8723|brachy,8723,brachy,2026-07-01T21:00:58.996Z
8723|cabezal_agility,8723,cabezal_agility,2026-07-01T21:00:58.996Z
8723|elekta,8723,elekta,2026-07-01T21:00:58.996Z
8723|hardware_y_software,8723,hardware_y_software,2026-07-01T21:00:58.996Z
8723|media,8723,media,2026-07-01T21:00:58.996Z
8723|monaco,8723,monaco,2026-07-01T21:00:58.996Z
8723|mosaiq,8723,mosaiq,2026-07-01T21:00:58.996Z
8723|no,8723,no,2026-07-01T21:00:58.996Z
8723|sinergy,8723,sinergy,2026-07-01T21:00:58.996Z
8723|supervisor_de_radioterapía,8723,supervisor_de_radioterapía,2026-07-01T21:00:58.996Z
8723|synergy,8723,synergy,2026-07-01T21:00:58.996Z
8742|acelerador_lineal,8742,acelerador_lineal,2026-07-01T21:00:58.996Z
8742|brachy,8742,brachy,2026-07-01T21:00:58.996Z
8742|elekta,8742,elekta,2026-07-01T21:00:58.996Z
8742|hardware_y_software,8742,hardware_y_software,2026-07-01T21:00:58.996Z
8742|media,8742,media,2026-07-01T21:00:58.996Z
8742|monaco,8742,monaco,2026-07-01T21:00:58.996Z
8742|mosaiq,8742,mosaiq,2026-07-01T21:00:58.996Z
8742|si,8742,si,2026-07-01T21:00:58.996Z
8742|sinergy,8742,sinergy,2026-07-01T21:00:58.996Z
8742|supervisor_de_radioterapía,8742,supervisor_de_radioterapía,2026-07-01T21:00:58.996Z
8742|synergy,8742,synergy,2026-07-01T21:00:58.996Z
8724|acelerador_lineal,8724,acelerador_lineal,2026-07-01T21:00:58.996Z
8724|brachy,8724,brachy,2026-07-01T21:00:58.996Z
8724|elekta,8724,elekta,2026-07-01T21:00:58.996Z
8724|hardware_y_software,8724,hardware_y_software,2026-07-01T21:00:58.996Z
8724|media,8724,media,2026-07-01T21:00:58.996Z
8724|monaco,8724,monaco,2026-07-01T21:00:58.996Z
8724|mosaiq,8724,mosaiq,2026-07-01T21:00:58.996Z
8724|no,8724,no,2026-07-01T21:00:58.996Z
8724|sinergy,8724,sinergy,2026-07-01T21:00:58.996Z
8724|supervisor_de_radioterapía,8724,supervisor_de_radioterapía,2026-07-01T21:00:58.996Z
8724|synergy,8724,synergy,2026-07-01T21:00:58.996Z
8701|angiografía__neuangio_43c,8701,angiografía__neuangio_43c,2026-07-01T21:00:58.996Z
8701|axesse,8701,axesse,2026-07-01T21:00:58.996Z
8701|barcoding,8701,barcoding,2026-07-01T21:00:58.996Z
8701|dosisoft,8701,dosisoft,2026-07-01T21:00:58.996Z
8701|elekta,8701,elekta,2026-07-01T21:00:58.996Z
8701|físico,8701,físico,2026-07-01T21:00:58.996Z
8701|hardware_y_software,8701,hardware_y_software,2026-07-01T21:00:58.996Z
8701|infinity,8701,infinity,2026-07-01T21:00:58.996Z
8701|iview,8701,iview,2026-07-01T21:00:58.996Z
8701|linac,8701,linac,2026-07-01T21:00:58.996Z
8701|monaco,8701,monaco,2026-07-01T21:00:58.996Z
8701|monacosim,8701,monacosim,2026-07-01T21:00:58.996Z
8701|mosaiq,8701,mosaiq,2026-07-01T21:00:58.996Z
8701|no,8701,no,2026-07-01T21:00:58.996Z
8701|storage,8701,storage,2026-07-01T21:00:58.996Z
8701|versahd,8701,versahd,2026-07-01T21:00:58.996Z
8701|xvi,8701,xvi,2026-07-01T21:00:58.996Z
8751|elekta,8751,elekta,2026-07-01T21:00:58.996Z
8751|físico,8751,físico,2026-07-01T21:00:58.996Z
8751|hardware_y_software,8751,hardware_y_software,2026-07-01T21:00:58.996Z
8751|hexapod,8751,hexapod,2026-07-01T21:00:58.996Z
8751|incidente,8751,incidente,2026-07-01T21:00:58.996Z
8751|iview,8751,iview,2026-07-01T21:00:58.996Z
8751|linac,8751,linac,2026-07-01T21:00:58.996Z
8751|monaco,8751,monaco,2026-07-01T21:00:58.996Z
8751|mosaiq,8751,mosaiq,2026-07-01T21:00:58.996Z
8751|no,8751,no,2026-07-01T21:00:58.996Z
8751|platform,8751,platform,2026-07-01T21:00:58.996Z
8751|suncheck,8751,suncheck,2026-07-01T21:00:58.996Z
8751|suncheck_machine,8751,suncheck_machine,2026-07-01T21:00:58.996Z
8751|sunnuclear,8751,sunnuclear,2026-07-01T21:00:58.996Z
8751|versahd,8751,versahd,2026-07-01T21:00:58.996Z
8751|xvi,8751,xvi,2026-07-01T21:00:58.996Z
490|angiografía__neuangio_43c,490,angiografía__neuangio_43c,2026-07-01T21:00:58.996Z
490|axesse,490,axesse,2026-07-01T21:00:58.996Z
490|barcoding,490,barcoding,2026-07-01T21:00:58.996Z
490|dosisoft,490,dosisoft,2026-07-01T21:00:58.996Z
490|elekta,490,elekta,2026-07-01T21:00:58.996Z
490|físico,490,físico,2026-07-01T21:00:58.996Z
490|hardware_y_software,490,hardware_y_software,2026-07-01T21:00:58.996Z
490|infinity,490,infinity,2026-07-01T21:00:58.996Z
490|iview,490,iview,2026-07-01T21:00:58.996Z
490|linac,490,linac,2026-07-01T21:00:58.996Z
490|monaco,490,monaco,2026-07-01T21:00:58.996Z
490|monacosim,490,monacosim,2026-07-01T21:00:58.996Z
490|mosaiq,490,mosaiq,2026-07-01T21:00:58.996Z
490|no,490,no,2026-07-01T21:00:58.996Z
490|on_hold_1h,490,on_hold_1h,2026-07-01T21:00:58.996Z
490|storage,490,storage,2026-07-01T21:00:58.996Z
490|versahd,490,versahd,2026-07-01T21:00:58.996Z
490|xvi,490,xvi,2026-07-01T21:00:58.996Z
8766|citrix,8766,citrix,2026-07-01T21:00:58.996Z
8766|elekta,8766,elekta,2026-07-01T21:00:58.996Z
8766|físico,8766,físico,2026-07-01T21:00:58.996Z
8766|hardware_y_software,8766,hardware_y_software,2026-07-01T21:00:58.996Z
8766|infinity,8766,infinity,2026-07-01T21:00:58.996Z
8766|integrity,8766,integrity,2026-07-01T21:00:58.996Z
8766|iview,8766,iview,2026-07-01T21:00:58.996Z
8766|linac,8766,linac,2026-07-01T21:00:58.996Z
8766|media,8766,media,2026-07-01T21:00:58.996Z
8766|monaco,8766,monaco,2026-07-01T21:00:58.996Z
8766|mosaiq,8766,mosaiq,2026-07-01T21:00:58.996Z
8766|no,8766,no,2026-07-01T21:00:58.996Z
8766|storage,8766,storage,2026-07-01T21:00:58.996Z
8766|suncheck_machine,8766,suncheck_machine,2026-07-01T21:00:58.996Z
8766|sunnuclear,8766,sunnuclear,2026-07-01T21:00:58.996Z
8766|xvi,8766,xvi,2026-07-01T21:00:58.996Z
8693|brachy,8693,brachy,2026-07-01T21:00:58.996Z
8693|braquiterapia,8693,braquiterapia,2026-07-01T21:00:58.996Z
8693|comapact,8693,comapact,2026-07-01T21:00:58.996Z
8693|compact,8693,compact,2026-07-01T21:00:58.996Z
8693|elekta,8693,elekta,2026-07-01T21:00:58.996Z
8693|físico,8693,físico,2026-07-01T21:00:58.996Z
8693|hardware_y_software,8693,hardware_y_software,2026-07-01T21:00:58.996Z
8693|on_hold_1h,8693,on_hold_1h,2026-07-01T21:00:58.996Z
8693|problema,8693,problema,2026-07-01T21:00:58.996Z
8693|si,8693,si,2026-07-01T21:00:58.996Z
8772|citrix,8772,citrix,2026-07-01T21:00:58.996Z
8772|elekta,8772,elekta,2026-07-01T21:00:58.996Z
8772|físico,8772,físico,2026-07-01T21:00:58.996Z
8772|hardware_y_software,8772,hardware_y_software,2026-07-01T21:00:58.996Z
8772|infinity,8772,infinity,2026-07-01T21:00:58.996Z
8772|integrity,8772,integrity,2026-07-01T21:00:58.996Z
8772|iview,8772,iview,2026-07-01T21:00:58.996Z
8772|linac,8772,linac,2026-07-01T21:00:58.996Z
8772|media,8772,media,2026-07-01T21:00:58.996Z
8772|monaco,8772,monaco,2026-07-01T21:00:58.996Z
8772|mosaiq,8772,mosaiq,2026-07-01T21:00:58.996Z
8772|no,8772,no,2026-07-01T21:00:58.996Z
8772|storage,8772,storage,2026-07-01T21:00:58.996Z
8772|suncheck_machine,8772,suncheck_machine,2026-07-01T21:00:58.996Z
8772|sunnuclear,8772,sunnuclear,2026-07-01T21:00:58.996Z
8772|xvi,8772,xvi,2026-07-01T21:00:58.996Z
8749|citrix,8749,citrix,2026-07-01T21:00:58.996Z
8749|elekta,8749,elekta,2026-07-01T21:00:58.996Z
8749|físico,8749,físico,2026-07-01T21:00:58.996Z
8749|hardware_y_software,8749,hardware_y_software,2026-07-01T21:00:58.996Z
8749|infinity,8749,infinity,2026-07-01T21:00:58.996Z
8749|integrity,8749,integrity,2026-07-01T21:00:58.996Z
8749|iview,8749,iview,2026-07-01T21:00:58.996Z
8749|linac,8749,linac,2026-07-01T21:00:58.996Z
8749|media,8749,media,2026-07-01T21:00:58.996Z
8749|monaco,8749,monaco,2026-07-01T21:00:58.996Z
8749|mosaiq,8749,mosaiq,2026-07-01T21:00:58.996Z
8749|no,8749,no,2026-07-01T21:00:58.996Z
8749|storage,8749,storage,2026-07-01T21:00:58.996Z
8749|suncheck_machine,8749,suncheck_machine,2026-07-01T21:00:58.996Z
8749|sunnuclear,8749,sunnuclear,2026-07-01T21:00:58.996Z
8749|xvi,8749,xvi,2026-07-01T21:00:58.996Z
8778|angiografía__neuangio_43c,8778,angiografía__neuangio_43c,2026-07-01T21:00:58.996Z
8778|axesse,8778,axesse,2026-07-01T21:00:58.996Z
8778|barcoding,8778,barcoding,2026-07-01T21:00:58.996Z
8778|dosisoft,8778,dosisoft,2026-07-01T21:00:58.996Z
8778|elekta,8778,elekta,2026-07-01T21:00:58.996Z
8778|físico,8778,físico,2026-07-01T21:00:58.996Z
8778|hardware_y_software,8778,hardware_y_software,2026-07-01T21:00:58.996Z
8778|infinity,8778,infinity,2026-07-01T21:00:58.996Z
8778|iview,8778,iview,2026-07-01T21:00:58.996Z
8778|linac,8778,linac,2026-07-01T21:00:58.996Z
8778|monaco,8778,monaco,2026-07-01T21:00:58.996Z
8778|monacosim,8778,monacosim,2026-07-01T21:00:58.996Z
8778|mosaiq,8778,mosaiq,2026-07-01T21:00:58.996Z
8778|si,8778,si,2026-07-01T21:00:58.996Z
8778|storage,8778,storage,2026-07-01T21:00:58.996Z
8778|versahd,8778,versahd,2026-07-01T21:00:58.996Z
8778|xvi,8778,xvi,2026-07-01T21:00:58.996Z
8790|abc,8790,abc,2026-07-01T21:00:58.996Z
8790|closed_by_merge,8790,closed_by_merge,2026-07-01T21:00:58.996Z
8790|elekta,8790,elekta,2026-07-01T21:00:58.996Z
8790|físico,8790,físico,2026-07-01T21:00:58.996Z
8790|hardware_y_software,8790,hardware_y_software,2026-07-01T21:00:58.996Z
8790|hexapod,8790,hexapod,2026-07-01T21:00:58.996Z
8790|media,8790,media,2026-07-01T21:00:58.996Z
8790|monaco,8790,monaco,2026-07-01T21:00:58.996Z
8790|mosaiq,8790,mosaiq,2026-07-01T21:00:58.996Z
8790|si,8790,si,2026-07-01T21:00:58.996Z
8790|versahd,8790,versahd,2026-07-01T21:00:58.996Z
8783|citrix,8783,citrix,2026-07-01T21:00:58.996Z
8783|elekta,8783,elekta,2026-07-01T21:00:58.996Z
8783|físico,8783,físico,2026-07-01T21:00:58.996Z
8783|hardware_y_software,8783,hardware_y_software,2026-07-01T21:00:58.996Z
8783|infinity,8783,infinity,2026-07-01T21:00:58.996Z
8783|iview,8783,iview,2026-07-01T21:00:58.996Z
8783|linac,8783,linac,2026-07-01T21:00:58.996Z
8783|media,8783,media,2026-07-01T21:00:58.996Z
8783|monaco,8783,monaco,2026-07-01T21:00:58.996Z
8783|mosaiq,8783,mosaiq,2026-07-01T21:00:58.996Z
8783|no,8783,no,2026-07-01T21:00:58.996Z
8783|on_hold_1h,8783,on_hold_1h,2026-07-01T21:00:58.996Z
8783|storage,8783,storage,2026-07-01T21:00:58.996Z
8783|suncheck_machine,8783,suncheck_machine,2026-07-01T21:00:58.996Z
8783|sunnuclear,8783,sunnuclear,2026-07-01T21:00:58.996Z
8783|xvi,8783,xvi,2026-07-01T21:00:58.996Z
8777|angiografía__neuangio_43c,8777,angiografía__neuangio_43c,2026-07-01T21:00:58.996Z
8777|axesse,8777,axesse,2026-07-01T21:00:58.996Z
8777|barcoding,8777,barcoding,2026-07-01T21:00:58.996Z
8777|dosisoft,8777,dosisoft,2026-07-01T21:00:58.996Z
8777|elekta,8777,elekta,2026-07-01T21:00:58.996Z
8777|físico,8777,físico,2026-07-01T21:00:58.996Z
8777|hardware_y_software,8777,hardware_y_software,2026-07-01T21:00:58.996Z
8777|infinity,8777,infinity,2026-07-01T21:00:58.996Z
8777|iview,8777,iview,2026-07-01T21:00:58.996Z
8777|linac,8777,linac,2026-07-01T21:00:58.996Z
8777|monaco,8777,monaco,2026-07-01T21:00:58.996Z
8777|monacosim,8777,monacosim,2026-07-01T21:00:58.996Z
8777|mosaiq,8777,mosaiq,2026-07-01T21:00:58.996Z
8777|si,8777,si,2026-07-01T21:00:58.996Z
8777|storage,8777,storage,2026-07-01T21:00:58.996Z
8777|versahd,8777,versahd,2026-07-01T21:00:58.996Z
8777|xvi,8777,xvi,2026-07-01T21:00:58.996Z
8762|acelerador_lineal,8762,acelerador_lineal,2026-07-01T21:00:58.996Z
8762|brachy,8762,brachy,2026-07-01T21:00:58.996Z
8762|elekta,8762,elekta,2026-07-01T21:00:58.996Z
8762|hardware_y_software,8762,hardware_y_software,2026-07-01T21:00:58.996Z
8762|media,8762,media,2026-07-01T21:00:58.996Z
8762|monaco,8762,monaco,2026-07-01T21:00:58.996Z
8762|mosaiq,8762,mosaiq,2026-07-01T21:00:58.996Z
8762|no,8762,no,2026-07-01T21:00:58.996Z
8762|sinergy,8762,sinergy,2026-07-01T21:00:58.996Z
8762|supervisor_de_radioterapía,8762,supervisor_de_radioterapía,2026-07-01T21:00:58.996Z
8762|synergy,8762,synergy,2026-07-01T21:00:58.996Z
8707|brachy,8707,brachy,2026-07-01T21:00:58.996Z
8707|comapact,8707,comapact,2026-07-01T21:00:58.996Z
8707|compact,8707,compact,2026-07-01T21:00:58.996Z
8707|elekta,8707,elekta,2026-07-01T21:00:58.996Z
8707|flexitron,8707,flexitron,2026-07-01T21:00:58.996Z
8707|físico,8707,físico,2026-07-01T21:00:58.996Z
8707|hardware_y_software,8707,hardware_y_software,2026-07-01T21:00:58.996Z
8707|no,8707,no,2026-07-01T21:00:58.996Z
8768|brachy,8768,brachy,2026-07-01T21:00:58.996Z
8768|elekta,8768,elekta,2026-07-01T21:00:58.996Z
8768|hardware_y_software,8768,hardware_y_software,2026-07-01T21:00:58.996Z
8768|incidente,8768,incidente,2026-07-01T21:00:58.996Z
8768|integrity,8768,integrity,2026-07-01T21:00:58.996Z
8768|media,8768,media,2026-07-01T21:00:58.996Z
8768|monaco,8768,monaco,2026-07-01T21:00:58.996Z
8768|mosaiq,8768,mosaiq,2026-07-01T21:00:58.996Z
8768|on_hold_1h,8768,on_hold_1h,2026-07-01T21:00:58.996Z
8768|si,8768,si,2026-07-01T21:00:58.996Z
8768|sinergy,8768,sinergy,2026-07-01T21:00:58.996Z
8768|supervisor_de_radioterapía,8768,supervisor_de_radioterapía,2026-07-01T21:00:58.996Z
8768|synergy,8768,synergy,2026-07-01T21:00:58.996Z
8725|angiografía__neuangio_43c,8725,angiografía__neuangio_43c,2026-07-01T21:00:58.996Z
8725|axesse,8725,axesse,2026-07-01T21:00:58.996Z
8725|barcoding,8725,barcoding,2026-07-01T21:00:58.996Z
8725|elekta,8725,elekta,2026-07-01T21:00:58.996Z
8725|físico,8725,físico,2026-07-01T21:00:58.996Z
8725|hardware_y_software,8725,hardware_y_software,2026-07-01T21:00:58.996Z
8725|infinity,8725,infinity,2026-07-01T21:00:58.996Z
8725|iview,8725,iview,2026-07-01T21:00:58.996Z
8725|linac,8725,linac,2026-07-01T21:00:58.996Z
8725|monaco,8725,monaco,2026-07-01T21:00:58.996Z
8725|monacosim,8725,monacosim,2026-07-01T21:00:58.996Z
8725|mosaiq,8725,mosaiq,2026-07-01T21:00:58.996Z
8725|no,8725,no,2026-07-01T21:00:58.996Z
8725|on_hold_1h,8725,on_hold_1h,2026-07-01T21:00:58.996Z
8725|problema,8725,problema,2026-07-01T21:00:58.996Z
8725|storage,8725,storage,2026-07-01T21:00:58.996Z
8725|versahd,8725,versahd,2026-07-01T21:00:58.996Z
8725|xvi,8725,xvi,2026-07-01T21:00:58.996Z
8709|elekta,8709,elekta,2026-07-01T21:00:58.996Z
8709|físico,8709,físico,2026-07-01T21:00:58.996Z
8709|hardware_y_software,8709,hardware_y_software,2026-07-01T21:00:58.996Z
8709|hexapod,8709,hexapod,2026-07-01T21:00:58.996Z
8709|incidente,8709,incidente,2026-07-01T21:00:58.996Z
8709|iview,8709,iview,2026-07-01T21:00:58.996Z
8709|linac,8709,linac,2026-07-01T21:00:58.996Z
8709|monaco,8709,monaco,2026-07-01T21:00:58.996Z
8709|mosaiq,8709,mosaiq,2026-07-01T21:00:58.996Z
8709|no,8709,no,2026-07-01T21:00:58.996Z
8709|platform,8709,platform,2026-07-01T21:00:58.996Z
8709|suncheck,8709,suncheck,2026-07-01T21:00:58.996Z
8709|suncheck_machine,8709,suncheck_machine,2026-07-01T21:00:58.996Z
8709|sunnuclear,8709,sunnuclear,2026-07-01T21:00:58.996Z
8709|versahd,8709,versahd,2026-07-01T21:00:58.996Z
8709|xvi,8709,xvi,2026-07-01T21:00:58.996Z
8792|elekta,8792,elekta,2026-07-01T21:00:58.996Z
8792|físico,8792,físico,2026-07-01T21:00:58.996Z
8792|hardware_y_software,8792,hardware_y_software,2026-07-01T21:00:58.996Z
8792|hexapod,8792,hexapod,2026-07-01T21:00:58.996Z
8792|iview,8792,iview,2026-07-01T21:00:58.996Z
8792|linac,8792,linac,2026-07-01T21:00:58.996Z
8792|monaco,8792,monaco,2026-07-01T21:00:58.996Z
8792|mosaiq,8792,mosaiq,2026-07-01T21:00:58.996Z
8792|platform,8792,platform,2026-07-01T21:00:58.996Z
8792|suncheck,8792,suncheck,2026-07-01T21:00:58.996Z
8792|suncheck_machine,8792,suncheck_machine,2026-07-01T21:00:58.996Z
8792|sunnuclear,8792,sunnuclear,2026-07-01T21:00:58.996Z
8792|versahd,8792,versahd,2026-07-01T21:00:58.996Z
8792|xvi,8792,xvi,2026-07-01T21:00:58.996Z
397|elekta,397,elekta,2026-07-01T21:00:58.996Z
397|físico,397,físico,2026-07-01T21:00:58.996Z
397|hardware_y_software,397,hardware_y_software,2026-07-01T21:00:58.996Z
397|hexapod,397,hexapod,2026-07-01T21:00:58.996Z
397|iview,397,iview,2026-07-01T21:00:58.996Z
397|linac,397,linac,2026-07-01T21:00:58.996Z
397|monaco,397,monaco,2026-07-01T21:00:58.996Z
397|mosaiq,397,mosaiq,2026-07-01T21:00:58.996Z
397|no,397,no,2026-07-01T21:00:58.996Z
397|platform,397,platform,2026-07-01T21:00:58.996Z
397|problema,397,problema,2026-07-01T21:00:58.996Z
397|sistema_de_imagen_cbct_xvi,397,sistema_de_imagen_cbct_xvi,2026-07-01T21:00:58.996Z
397|suncheck_machine,397,suncheck_machine,2026-07-01T21:00:58.996Z
397|sunnuclear,397,sunnuclear,2026-07-01T21:00:58.996Z
397|versahd,397,versahd,2026-07-01T21:00:58.996Z
397|xvi,397,xvi,2026-07-01T21:00:58.996Z
8784|abc,8784,abc,2026-07-01T21:00:58.996Z
8784|elekta,8784,elekta,2026-07-01T21:00:58.996Z
8784|físico,8784,físico,2026-07-01T21:00:58.996Z
8784|hardware_y_software,8784,hardware_y_software,2026-07-01T21:00:58.996Z
8784|hexapod,8784,hexapod,2026-07-01T21:00:58.996Z
8784|media,8784,media,2026-07-01T21:00:58.996Z
8784|monaco,8784,monaco,2026-07-01T21:00:58.996Z
8784|mosaiq,8784,mosaiq,2026-07-01T21:00:58.996Z
8784|si,8784,si,2026-07-01T21:00:58.996Z
8784|versahd,8784,versahd,2026-07-01T21:00:58.996Z
479|agility,479,agility,2026-07-01T21:00:58.996Z
479|elekta,479,elekta,2026-07-01T21:00:58.996Z
479|hardware_y_software,479,hardware_y_software,2026-07-01T21:00:58.996Z
479|monaco,479,monaco,2026-07-01T21:00:58.996Z
479|mosaiq,479,mosaiq,2026-07-01T21:00:58.996Z
479|problema,479,problema,2026-07-01T21:00:58.996Z
479|sinergy,479,sinergy,2026-07-01T21:00:58.996Z
479|suncheck,479,suncheck,2026-07-01T21:00:58.996Z
479|suncheck_machine,479,suncheck_machine,2026-07-01T21:00:58.996Z
479|sunnuclear,479,sunnuclear,2026-07-01T21:00:58.996Z
479|versahd,479,versahd,2026-07-01T21:00:58.996Z
8720|agility,8720,agility,2026-07-01T21:00:58.996Z
8720|elekta,8720,elekta,2026-07-01T21:00:58.996Z
8720|hardware_y_software,8720,hardware_y_software,2026-07-01T21:00:58.996Z
8720|monaco,8720,monaco,2026-07-01T21:00:58.996Z
8720|mosaiq,8720,mosaiq,2026-07-01T21:00:58.996Z
8720|sinergy,8720,sinergy,2026-07-01T21:00:58.996Z
8720|suncheck,8720,suncheck,2026-07-01T21:00:58.996Z
8720|suncheck_machine,8720,suncheck_machine,2026-07-01T21:00:58.996Z
8720|sunnuclear,8720,sunnuclear,2026-07-01T21:00:58.996Z
8720|versahd,8720,versahd,2026-07-01T21:00:58.996Z
8787|acelerador_lineal,8787,acelerador_lineal,2026-07-01T21:00:58.996Z
8787|brachy,8787,brachy,2026-07-01T21:00:58.996Z
8787|elekta,8787,elekta,2026-07-01T21:00:58.996Z
8787|hardware_y_software,8787,hardware_y_software,2026-07-01T21:00:58.996Z
8787|media,8787,media,2026-07-01T21:00:58.996Z
8787|monaco,8787,monaco,2026-07-01T21:00:58.996Z
8787|mosaiq,8787,mosaiq,2026-07-01T21:00:58.996Z
8787|no,8787,no,2026-07-01T21:00:58.996Z
8787|sinergy,8787,sinergy,2026-07-01T21:00:58.996Z
8787|supervisor_de_radioterapía,8787,supervisor_de_radioterapía,2026-07-01T21:00:58.996Z
8787|synergy,8787,synergy,2026-07-01T21:00:58.996Z
8759|agility,8759,agility,2026-07-01T21:00:58.996Z
8759|elekta,8759,elekta,2026-07-01T21:00:58.996Z
8759|hardware_y_software,8759,hardware_y_software,2026-07-01T21:00:58.996Z
8759|monaco,8759,monaco,2026-07-01T21:00:58.996Z
8759|mosaiq,8759,mosaiq,2026-07-01T21:00:58.996Z
8759|problema,8759,problema,2026-07-01T21:00:58.996Z
8759|sinergy,8759,sinergy,2026-07-01T21:00:58.996Z
8759|suncheck,8759,suncheck,2026-07-01T21:00:58.996Z
8759|suncheck_machine,8759,suncheck_machine,2026-07-01T21:00:58.996Z
8759|sunnuclear,8759,sunnuclear,2026-07-01T21:00:58.996Z
8759|versahd,8759,versahd,2026-07-01T21:00:58.996Z
8719|agility,8719,agility,2026-07-01T21:00:58.996Z
8719|elekta,8719,elekta,2026-07-01T21:00:58.996Z
8719|hardware_y_software,8719,hardware_y_software,2026-07-01T21:00:58.996Z
8719|linac,8719,linac,2026-07-01T21:00:58.996Z
8719|monaco,8719,monaco,2026-07-01T21:00:58.996Z
8719|mosaiq,8719,mosaiq,2026-07-01T21:00:58.996Z
8719|sinergy,8719,sinergy,2026-07-01T21:00:58.996Z
8719|suncheck,8719,suncheck,2026-07-01T21:00:58.996Z
8719|suncheck_machine,8719,suncheck_machine,2026-07-01T21:00:58.996Z
8719|sunnuclear,8719,sunnuclear,2026-07-01T21:00:58.996Z
8719|versahd,8719,versahd,2026-07-01T21:00:58.996Z
8719|xvi,8719,xvi,2026-07-01T21:00:58.996Z
8754|agility,8754,agility,2026-07-01T21:00:58.996Z
8754|elekta,8754,elekta,2026-07-01T21:00:58.996Z
8754|hardware_y_software,8754,hardware_y_software,2026-07-01T21:00:58.996Z
8754|monaco,8754,monaco,2026-07-01T21:00:58.996Z
8754|mosaiq,8754,mosaiq,2026-07-01T21:00:58.996Z
8754|no,8754,no,2026-07-01T21:00:58.996Z
8754|on_hold_1h,8754,on_hold_1h,2026-07-01T21:00:58.996Z
8754|requerimiento,8754,requerimiento,2026-07-01T21:00:58.996Z
8754|sinergy,8754,sinergy,2026-07-01T21:00:58.996Z
8754|suncheck,8754,suncheck,2026-07-01T21:00:58.996Z
8754|suncheck_machine,8754,suncheck_machine,2026-07-01T21:00:58.996Z
8754|sunnuclear,8754,sunnuclear,2026-07-01T21:00:58.996Z
8754|versahd,8754,versahd,2026-07-01T21:00:58.996Z
8800|elekta,8800,elekta,2026-07-01T21:00:58.996Z
8800|físico,8800,físico,2026-07-01T21:00:58.996Z
8800|hardware_y_software,8800,hardware_y_software,2026-07-01T21:00:58.996Z
8800|hexapod,8800,hexapod,2026-07-01T21:00:58.996Z
8800|media,8800,media,2026-07-01T21:00:58.996Z
8800|monaco,8800,monaco,2026-07-01T21:00:58.996Z
8800|mosaiq,8800,mosaiq,2026-07-01T21:00:58.996Z
8800|problema,8800,problema,2026-07-01T21:00:58.996Z
8800|si,8800,si,2026-07-01T21:00:58.996Z
8800|sistema_ccp,8800,sistema_ccp,2026-07-01T21:00:58.996Z
8800|versahd,8800,versahd,2026-07-01T21:00:58.996Z
8756|achemo,8756,achemo,2026-07-01T21:00:58.996Z
8756|apoteca,8756,apoteca,2026-07-01T21:00:58.996Z
8756|apoteca_manager,8756,apoteca_manager,2026-07-01T21:00:58.996Z
8756|aps,8756,aps,2026-07-01T21:00:58.996Z
8756|full_risk_week___weekend_pack,8756,full_risk_week___weekend_pack,2026-07-01T21:00:58.996Z
8756|hardware_y_software,8756,hardware_y_software,2026-07-01T21:00:58.996Z
8756|loccioni,8756,loccioni,2026-07-01T21:00:58.996Z
8756|manager,8756,manager,2026-07-01T21:00:58.996Z
8756|media,8756,media,2026-07-01T21:00:58.996Z
8756|meta,8756,meta,2026-07-01T21:00:58.996Z
8756|no,8756,no,2026-07-01T21:00:58.996Z
8756|on_hold_1h,8756,on_hold_1h,2026-07-01T21:00:58.996Z
8756|problema,8756,problema,2026-07-01T21:00:58.996Z
8756|ps,8756,ps,2026-07-01T21:00:58.996Z
8756|robot,8756,robot,2026-07-01T21:00:58.996Z
8756|upi,8756,upi,2026-07-01T21:00:58.996Z
8756|upo,8756,upo,2026-07-01T21:00:58.996Z
8756|upo-r,8756,upo-r,2026-07-01T21:00:58.996Z
8816|citrix,8816,citrix,2026-07-01T21:00:58.996Z
8816|elekta,8816,elekta,2026-07-01T21:00:58.996Z
8816|físico,8816,físico,2026-07-01T21:00:58.996Z
8816|hardware_y_software,8816,hardware_y_software,2026-07-01T21:00:58.996Z
8816|infinity,8816,infinity,2026-07-01T21:00:58.996Z
8816|integrity,8816,integrity,2026-07-01T21:00:58.996Z
8816|iview,8816,iview,2026-07-01T21:00:58.996Z
8816|linac,8816,linac,2026-07-01T21:00:58.996Z
8816|media,8816,media,2026-07-01T21:00:58.996Z
8816|monaco,8816,monaco,2026-07-01T21:00:58.996Z
8816|mosaiq,8816,mosaiq,2026-07-01T21:00:58.996Z
8816|no,8816,no,2026-07-01T21:00:58.996Z
8816|storage,8816,storage,2026-07-01T21:00:58.996Z
8816|suncheck_machine,8816,suncheck_machine,2026-07-01T21:00:58.996Z
8816|sunnuclear,8816,sunnuclear,2026-07-01T21:00:58.996Z
8816|xvi,8816,xvi,2026-07-01T21:00:58.996Z
8788|agility,8788,agility,2026-07-01T21:00:58.996Z
8788|elekta,8788,elekta,2026-07-01T21:00:58.996Z
8788|hardware_y_software,8788,hardware_y_software,2026-07-01T21:00:58.996Z
8788|monaco,8788,monaco,2026-07-01T21:00:58.996Z
8788|mosaiq,8788,mosaiq,2026-07-01T21:00:58.996Z
8788|sinergy,8788,sinergy,2026-07-01T21:00:58.996Z
8788|suncheck,8788,suncheck,2026-07-01T21:00:58.996Z
8788|suncheck_machine,8788,suncheck_machine,2026-07-01T21:00:58.996Z
8788|sunnuclear,8788,sunnuclear,2026-07-01T21:00:58.996Z
8788|versahd,8788,versahd,2026-07-01T21:00:58.996Z
8770|braquiterapia,8770,braquiterapia,2026-07-01T21:00:58.996Z
8770|compact,8770,compact,2026-07-01T21:00:58.996Z
8770|elekta,8770,elekta,2026-07-01T21:00:58.996Z
8770|físico,8770,físico,2026-07-01T21:00:58.996Z
8770|hardware_y_software,8770,hardware_y_software,2026-07-01T21:00:58.996Z
8770|monaco,8770,monaco,2026-07-01T21:00:58.996Z
8770|monacosim,8770,monacosim,2026-07-01T21:00:58.996Z
8770|mosaiq,8770,mosaiq,2026-07-01T21:00:58.996Z
8770|no,8770,no,2026-07-01T21:00:58.996Z
8770|nss,8770,nss,2026-07-01T21:00:58.996Z
8770|tcs,8770,tcs,2026-07-01T21:00:58.996Z
8770|xio,8770,xio,2026-07-01T21:00:58.996Z
8795|angiografía__neuangio_43c,8795,angiografía__neuangio_43c,2026-07-01T21:00:58.996Z
8795|axesse,8795,axesse,2026-07-01T21:00:58.996Z
8795|barcoding,8795,barcoding,2026-07-01T21:00:58.996Z
8795|dosisoft,8795,dosisoft,2026-07-01T21:00:58.996Z
8795|elekta,8795,elekta,2026-07-01T21:00:58.996Z
8795|físico,8795,físico,2026-07-01T21:00:58.996Z
8795|hardware_y_software,8795,hardware_y_software,2026-07-01T21:00:58.996Z
8795|infinity,8795,infinity,2026-07-01T21:00:58.996Z
8795|iview,8795,iview,2026-07-01T21:00:58.996Z
8795|linac,8795,linac,2026-07-01T21:00:58.996Z
8795|monaco,8795,monaco,2026-07-01T21:00:58.996Z
8795|monacosim,8795,monacosim,2026-07-01T21:00:58.996Z
8795|mosaiq,8795,mosaiq,2026-07-01T21:00:58.996Z
8795|no,8795,no,2026-07-01T21:00:58.996Z
8795|storage,8795,storage,2026-07-01T21:00:58.996Z
8795|versahd,8795,versahd,2026-07-01T21:00:58.996Z
8795|xvi,8795,xvi,2026-07-01T21:00:58.996Z
8820|agility,8820,agility,2026-07-01T21:00:58.996Z
8820|elekta,8820,elekta,2026-07-01T21:00:58.996Z
8820|hardware_y_software,8820,hardware_y_software,2026-07-01T21:00:58.996Z
8820|monaco,8820,monaco,2026-07-01T21:00:58.996Z
8820|mosaiq,8820,mosaiq,2026-07-01T21:00:58.996Z
8820|sinergy,8820,sinergy,2026-07-01T21:00:58.996Z
8820|suncheck,8820,suncheck,2026-07-01T21:00:58.996Z
8820|suncheck_machine,8820,suncheck_machine,2026-07-01T21:00:58.996Z
8820|sunnuclear,8820,sunnuclear,2026-07-01T21:00:58.996Z
8820|versahd,8820,versahd,2026-07-01T21:00:58.996Z
8843|angiografía__neuangio_43c,8843,angiografía__neuangio_43c,2026-07-01T21:00:58.996Z
8843|axesse,8843,axesse,2026-07-01T21:00:58.996Z
8843|barcoding,8843,barcoding,2026-07-01T21:00:58.996Z
8843|dosisoft,8843,dosisoft,2026-07-01T21:00:58.996Z
8843|elekta,8843,elekta,2026-07-01T21:00:58.996Z
8843|físico,8843,físico,2026-07-01T21:00:58.996Z
8843|hardware_y_software,8843,hardware_y_software,2026-07-01T21:00:58.996Z
8843|infinity,8843,infinity,2026-07-01T21:00:58.996Z
8843|iview,8843,iview,2026-07-01T21:00:58.996Z
8843|linac,8843,linac,2026-07-01T21:00:58.996Z
8843|monaco,8843,monaco,2026-07-01T21:00:58.996Z
8843|monacosim,8843,monacosim,2026-07-01T21:00:58.996Z
8843|mosaiq,8843,mosaiq,2026-07-01T21:00:58.996Z
8843|no,8843,no,2026-07-01T21:00:58.996Z
8843|storage,8843,storage,2026-07-01T21:00:58.996Z
8843|versahd,8843,versahd,2026-07-01T21:00:58.996Z
8843|xvi,8843,xvi,2026-07-01T21:00:58.996Z
8812|citrix,8812,citrix,2026-07-01T21:00:58.996Z
8812|elekta,8812,elekta,2026-07-01T21:00:58.996Z
8812|físico,8812,físico,2026-07-01T21:00:58.996Z
8812|hardware_y_software,8812,hardware_y_software,2026-07-01T21:00:58.996Z
8812|infinity,8812,infinity,2026-07-01T21:00:58.996Z
8812|integrity,8812,integrity,2026-07-01T21:00:58.996Z
8812|iview,8812,iview,2026-07-01T21:00:58.996Z
8812|linac,8812,linac,2026-07-01T21:00:58.996Z
8812|media,8812,media,2026-07-01T21:00:58.996Z
8812|monaco,8812,monaco,2026-07-01T21:00:58.996Z
8812|mosaiq,8812,mosaiq,2026-07-01T21:00:58.996Z
8812|no,8812,no,2026-07-01T21:00:58.996Z
8812|storage,8812,storage,2026-07-01T21:00:58.996Z
8812|suncheck_machine,8812,suncheck_machine,2026-07-01T21:00:58.996Z
8812|sunnuclear,8812,sunnuclear,2026-07-01T21:00:58.996Z
8812|xvi,8812,xvi,2026-07-01T21:00:58.996Z
8836|axesse,8836,axesse,2026-07-01T21:00:58.996Z
8836|braquiterapia,8836,braquiterapia,2026-07-01T21:00:58.996Z
8836|elekta,8836,elekta,2026-07-01T21:00:58.996Z
8836|físico,8836,físico,2026-07-01T21:00:58.996Z
8836|hardware_y_software,8836,hardware_y_software,2026-07-01T21:00:58.996Z
8836|infinity,8836,infinity,2026-07-01T21:00:58.996Z
8836|monaco,8836,monaco,2026-07-01T21:00:58.996Z
8836|mosaiq,8836,mosaiq,2026-07-01T21:00:58.996Z
8836|no,8836,no,2026-07-01T21:00:58.996Z
8830|angiografía__neuangio_43c,8830,angiografía__neuangio_43c,2026-07-01T21:00:58.996Z
8830|axesse,8830,axesse,2026-07-01T21:00:58.996Z
8830|barcoding,8830,barcoding,2026-07-01T21:00:58.996Z
8830|dosisoft,8830,dosisoft,2026-07-01T21:00:58.996Z
8830|elekta,8830,elekta,2026-07-01T21:00:58.996Z
8830|físico,8830,físico,2026-07-01T21:00:58.996Z
8830|hardware_y_software,8830,hardware_y_software,2026-07-01T21:00:58.996Z
8830|infinity,8830,infinity,2026-07-01T21:00:58.996Z
8830|iview,8830,iview,2026-07-01T21:00:58.996Z
8830|linac,8830,linac,2026-07-01T21:00:58.996Z
8830|monaco,8830,monaco,2026-07-01T21:00:58.996Z
8830|monacosim,8830,monacosim,2026-07-01T21:00:58.996Z
8830|mosaiq,8830,mosaiq,2026-07-01T21:00:58.996Z
8830|no,8830,no,2026-07-01T21:00:58.996Z
8830|storage,8830,storage,2026-07-01T21:00:58.996Z
8830|versahd,8830,versahd,2026-07-01T21:00:58.996Z
8830|xvi,8830,xvi,2026-07-01T21:00:58.996Z
8825|citrix,8825,citrix,2026-07-01T21:00:58.996Z
8825|elekta,8825,elekta,2026-07-01T21:00:58.996Z
8825|físico,8825,físico,2026-07-01T21:00:58.996Z
8825|hardware_y_software,8825,hardware_y_software,2026-07-01T21:00:58.996Z
8825|infinity,8825,infinity,2026-07-01T21:00:58.996Z
8825|integrity,8825,integrity,2026-07-01T21:00:58.996Z
8825|iview,8825,iview,2026-07-01T21:00:58.996Z
8825|linac,8825,linac,2026-07-01T21:00:58.996Z
8825|media,8825,media,2026-07-01T21:00:58.996Z
8825|monaco,8825,monaco,2026-07-01T21:00:58.996Z
8825|mosaiq,8825,mosaiq,2026-07-01T21:00:58.996Z
8825|no,8825,no,2026-07-01T21:00:58.996Z
8825|storage,8825,storage,2026-07-01T21:00:58.996Z
8825|suncheck_machine,8825,suncheck_machine,2026-07-01T21:00:58.996Z
8825|sunnuclear,8825,sunnuclear,2026-07-01T21:00:58.996Z
8825|xvi,8825,xvi,2026-07-01T21:00:58.996Z
8848|elekta,8848,elekta,2026-07-01T21:00:58.996Z
8848|físico,8848,físico,2026-07-01T21:00:58.996Z
8848|hardware_y_software,8848,hardware_y_software,2026-07-01T21:00:58.996Z
8848|hexapod,8848,hexapod,2026-07-01T21:00:58.996Z
8848|iview,8848,iview,2026-07-01T21:00:58.996Z
8848|linac,8848,linac,2026-07-01T21:00:58.996Z
8848|monaco,8848,monaco,2026-07-01T21:00:58.996Z
8848|mosaiq,8848,mosaiq,2026-07-01T21:00:58.996Z
8848|médico,8848,médico,2026-07-01T21:00:58.996Z
8848|platform,8848,platform,2026-07-01T21:00:58.996Z
8848|suncheck,8848,suncheck,2026-07-01T21:00:58.996Z
8848|suncheck_machine,8848,suncheck_machine,2026-07-01T21:00:58.996Z
8848|sunnuclear,8848,sunnuclear,2026-07-01T21:00:58.996Z
8848|versahd,8848,versahd,2026-07-01T21:00:58.996Z
8848|xvi,8848,xvi,2026-07-01T21:00:58.996Z
8835|axesse,8835,axesse,2026-07-01T21:00:58.996Z
8835|braquiterapia,8835,braquiterapia,2026-07-01T21:00:58.996Z
8835|elekta,8835,elekta,2026-07-01T21:00:58.996Z
8835|físico,8835,físico,2026-07-01T21:00:58.996Z
8835|hardware_y_software,8835,hardware_y_software,2026-07-01T21:00:58.996Z
8835|infinity,8835,infinity,2026-07-01T21:00:58.996Z
8835|monaco,8835,monaco,2026-07-01T21:00:58.996Z
8835|mosaiq,8835,mosaiq,2026-07-01T21:00:58.996Z
8835|no,8835,no,2026-07-01T21:00:58.996Z
8741|brachy,8741,brachy,2026-07-01T21:00:58.996Z
8741|braquiterapia,8741,braquiterapia,2026-07-01T21:00:58.996Z
8741|elekta,8741,elekta,2026-07-01T21:00:58.996Z
8741|físico,8741,físico,2026-07-01T21:00:58.996Z
8741|hardware_y_software,8741,hardware_y_software,2026-07-01T21:00:58.996Z
8741|media,8741,media,2026-07-01T21:00:58.996Z
8741|monaco,8741,monaco,2026-07-01T21:00:58.996Z
8741|mosaiq,8741,mosaiq,2026-07-01T21:00:58.996Z
8741|no,8741,no,2026-07-01T21:00:58.996Z
8741|sinergy,8741,sinergy,2026-07-01T21:00:58.996Z
8741|synergy,8741,synergy,2026-07-01T21:00:58.996Z
8876|elekta,8876,elekta,2026-07-01T21:00:58.996Z
8876|físico,8876,físico,2026-07-01T21:00:58.996Z
8876|hardware_y_software,8876,hardware_y_software,2026-07-01T21:00:58.996Z
8876|hexapod,8876,hexapod,2026-07-01T21:00:58.996Z
8876|iview,8876,iview,2026-07-01T21:00:58.996Z
8876|linac,8876,linac,2026-07-01T21:00:58.996Z
8876|monaco,8876,monaco,2026-07-01T21:00:58.996Z
8876|mosaiq,8876,mosaiq,2026-07-01T21:00:58.996Z
8876|platform,8876,platform,2026-07-01T21:00:58.996Z
8876|suncheck,8876,suncheck,2026-07-01T21:00:58.996Z
8876|suncheck_machine,8876,suncheck_machine,2026-07-01T21:00:58.996Z
8876|sunnuclear,8876,sunnuclear,2026-07-01T21:00:58.996Z
8876|versahd,8876,versahd,2026-07-01T21:00:58.996Z
8876|xvi,8876,xvi,2026-07-01T21:00:58.996Z
8862|elekta,8862,elekta,2026-07-01T21:00:58.996Z
8862|físico,8862,físico,2026-07-01T21:00:58.996Z
8862|hardware_y_software,8862,hardware_y_software,2026-07-01T21:00:58.996Z
8862|hexapod,8862,hexapod,2026-07-01T21:00:58.996Z
8862|iview,8862,iview,2026-07-01T21:00:58.996Z
8862|linac,8862,linac,2026-07-01T21:00:58.996Z
8862|monaco,8862,monaco,2026-07-01T21:00:58.996Z
8862|mosaiq,8862,mosaiq,2026-07-01T21:00:58.996Z
8862|no,8862,no,2026-07-01T21:00:58.996Z
8862|platform,8862,platform,2026-07-01T21:00:58.996Z
8862|problema,8862,problema,2026-07-01T21:00:58.996Z
8862|sistema_de_imagen_cbct_xvi,8862,sistema_de_imagen_cbct_xvi,2026-07-01T21:00:58.996Z
8862|suncheck_machine,8862,suncheck_machine,2026-07-01T21:00:58.996Z
8862|sunnuclear,8862,sunnuclear,2026-07-01T21:00:58.996Z
8862|versahd,8862,versahd,2026-07-01T21:00:58.996Z
8862|xvi,8862,xvi,2026-07-01T21:00:58.996Z
8847|elekta,8847,elekta,2026-07-01T21:00:58.996Z
8847|físico,8847,físico,2026-07-01T21:00:58.996Z
8847|hardware_y_software,8847,hardware_y_software,2026-07-01T21:00:58.996Z
8847|hexapod,8847,hexapod,2026-07-01T21:00:58.996Z
8847|iview,8847,iview,2026-07-01T21:00:58.996Z
8847|linac,8847,linac,2026-07-01T21:00:58.996Z
8847|monaco,8847,monaco,2026-07-01T21:00:58.996Z
8847|mosaiq,8847,mosaiq,2026-07-01T21:00:58.996Z
8847|médico,8847,médico,2026-07-01T21:00:58.996Z
8847|no,8847,no,2026-07-01T21:00:58.996Z
8847|platform,8847,platform,2026-07-01T21:00:58.996Z
8847|problema,8847,problema,2026-07-01T21:00:58.996Z
8847|sistema_de_imagen_cbct_xvi,8847,sistema_de_imagen_cbct_xvi,2026-07-01T21:00:58.996Z
8847|suncheck_machine,8847,suncheck_machine,2026-07-01T21:00:58.996Z
8847|sunnuclear,8847,sunnuclear,2026-07-01T21:00:58.996Z
8847|versahd,8847,versahd,2026-07-01T21:00:58.996Z
8847|xvi,8847,xvi,2026-07-01T21:00:58.996Z
8813|angiografía__neuangio_43c,8813,angiografía__neuangio_43c,2026-07-01T21:00:58.996Z
8813|axesse,8813,axesse,2026-07-01T21:00:58.996Z
8813|barcoding,8813,barcoding,2026-07-01T21:00:58.996Z
8813|dosisoft,8813,dosisoft,2026-07-01T21:00:58.996Z
8813|elekta,8813,elekta,2026-07-01T21:00:58.996Z
8813|físico,8813,físico,2026-07-01T21:00:58.996Z
8813|hardware_y_software,8813,hardware_y_software,2026-07-01T21:00:58.996Z
8813|infinity,8813,infinity,2026-07-01T21:00:58.996Z
8813|iview,8813,iview,2026-07-01T21:00:58.996Z
8813|linac,8813,linac,2026-07-01T21:00:58.996Z
8813|monaco,8813,monaco,2026-07-01T21:00:58.996Z
8813|monacosim,8813,monacosim,2026-07-01T21:00:58.996Z
8813|mosaiq,8813,mosaiq,2026-07-01T21:00:58.996Z
8813|no,8813,no,2026-07-01T21:00:58.996Z
8813|storage,8813,storage,2026-07-01T21:00:58.996Z
8813|versahd,8813,versahd,2026-07-01T21:00:58.996Z
8813|xvi,8813,xvi,2026-07-01T21:00:58.996Z
425|brachy,425,brachy,2026-07-01T21:00:58.996Z
425|comapact,425,comapact,2026-07-01T21:00:58.996Z
425|elekta,425,elekta,2026-07-01T21:00:58.996Z
425|flexitron,425,flexitron,2026-07-01T21:00:58.996Z
425|hardware_y_software,425,hardware_y_software,2026-07-01T21:00:58.996Z
425|incidente,425,incidente,2026-07-01T21:00:58.996Z
425|infinity,425,infinity,2026-07-01T21:00:58.996Z
425|mosaiq,425,mosaiq,2026-07-01T21:00:58.996Z
425|mosaiq_server,425,mosaiq_server,2026-07-01T21:00:58.996Z
425|no,425,no,2026-07-01T21:00:58.996Z
8822|closed_by_merge,8822,closed_by_merge,2026-07-01T21:00:58.996Z
8822|elekta,8822,elekta,2026-07-01T21:00:58.996Z
8822|físico,8822,físico,2026-07-01T21:00:58.996Z
8822|hardware_y_software,8822,hardware_y_software,2026-07-01T21:00:58.996Z
8822|hexapod,8822,hexapod,2026-07-01T21:00:58.996Z
8822|iview,8822,iview,2026-07-01T21:00:58.996Z
8822|linac,8822,linac,2026-07-01T21:00:58.996Z
8822|monaco,8822,monaco,2026-07-01T21:00:58.996Z
8822|mosaiq,8822,mosaiq,2026-07-01T21:00:58.996Z
8822|platform,8822,platform,2026-07-01T21:00:58.996Z
8822|suncheck,8822,suncheck,2026-07-01T21:00:58.996Z
8822|suncheck_machine,8822,suncheck_machine,2026-07-01T21:00:58.996Z
8822|sunnuclear,8822,sunnuclear,2026-07-01T21:00:58.996Z
8822|versahd,8822,versahd,2026-07-01T21:00:58.996Z
8822|xvi,8822,xvi,2026-07-01T21:00:58.996Z
8894|angiografía__neuangio_43c,8894,angiografía__neuangio_43c,2026-07-01T21:00:58.996Z
8894|axesse,8894,axesse,2026-07-01T21:00:58.996Z
8894|barcoding,8894,barcoding,2026-07-01T21:00:58.996Z
8894|dosisoft,8894,dosisoft,2026-07-01T21:00:58.996Z
8894|elekta,8894,elekta,2026-07-01T21:00:58.996Z
8894|físico,8894,físico,2026-07-01T21:00:58.996Z
8894|hardware_y_software,8894,hardware_y_software,2026-07-01T21:00:58.996Z
8894|infinity,8894,infinity,2026-07-01T21:00:58.996Z
8894|iview,8894,iview,2026-07-01T21:00:58.996Z
8894|linac,8894,linac,2026-07-01T21:00:58.996Z
8894|monaco,8894,monaco,2026-07-01T21:00:58.996Z
8894|monacosim,8894,monacosim,2026-07-01T21:00:58.996Z
8894|mosaiq,8894,mosaiq,2026-07-01T21:00:58.996Z
8894|si,8894,si,2026-07-01T21:00:58.996Z
8894|storage,8894,storage,2026-07-01T21:00:58.996Z
8894|versahd,8894,versahd,2026-07-01T21:00:58.996Z
8894|xvi,8894,xvi,2026-07-01T21:00:58.996Z
8893|axesse,8893,axesse,2026-07-01T21:00:58.996Z
8893|braquiterapia,8893,braquiterapia,2026-07-01T21:00:58.996Z
8893|elekta,8893,elekta,2026-07-01T21:00:58.996Z
8893|físico,8893,físico,2026-07-01T21:00:58.996Z
8893|hardware_y_software,8893,hardware_y_software,2026-07-01T21:00:58.996Z
8893|infinity,8893,infinity,2026-07-01T21:00:58.996Z
8893|monaco,8893,monaco,2026-07-01T21:00:58.996Z
8893|mosaiq,8893,mosaiq,2026-07-01T21:00:58.996Z
8893|no,8893,no,2026-07-01T21:00:58.996Z
8889|angiografía__neuangio_43c,8889,angiografía__neuangio_43c,2026-07-01T21:00:58.996Z
8889|axesse,8889,axesse,2026-07-01T21:00:58.996Z
8889|barcoding,8889,barcoding,2026-07-01T21:00:58.996Z
8889|dosisoft,8889,dosisoft,2026-07-01T21:00:58.996Z
8889|elekta,8889,elekta,2026-07-01T21:00:58.996Z
8889|físico,8889,físico,2026-07-01T21:00:58.996Z
8889|hardware_y_software,8889,hardware_y_software,2026-07-01T21:00:58.996Z
8889|infinity,8889,infinity,2026-07-01T21:00:58.996Z
8889|iview,8889,iview,2026-07-01T21:00:58.996Z
8889|linac,8889,linac,2026-07-01T21:00:58.996Z
8889|monaco,8889,monaco,2026-07-01T21:00:58.996Z
8889|monacosim,8889,monacosim,2026-07-01T21:00:58.996Z
8889|mosaiq,8889,mosaiq,2026-07-01T21:00:58.996Z
8889|no,8889,no,2026-07-01T21:00:58.996Z
8889|storage,8889,storage,2026-07-01T21:00:58.996Z
8889|versahd,8889,versahd,2026-07-01T21:00:58.996Z
8889|xvi,8889,xvi,2026-07-01T21:00:58.996Z
8887|angiografía__neuangio_43c,8887,angiografía__neuangio_43c,2026-07-01T21:00:58.996Z
8887|axesse,8887,axesse,2026-07-01T21:00:58.996Z
8887|barcoding,8887,barcoding,2026-07-01T21:00:58.996Z
8887|dosisoft,8887,dosisoft,2026-07-01T21:00:58.996Z
8887|elekta,8887,elekta,2026-07-01T21:00:58.996Z
8887|físico,8887,físico,2026-07-01T21:00:58.996Z
8887|hardware_y_software,8887,hardware_y_software,2026-07-01T21:00:58.996Z
8887|infinity,8887,infinity,2026-07-01T21:00:58.996Z
8887|iview,8887,iview,2026-07-01T21:00:58.996Z
8887|linac,8887,linac,2026-07-01T21:00:58.996Z
8887|monaco,8887,monaco,2026-07-01T21:00:58.996Z
8887|monacosim,8887,monacosim,2026-07-01T21:00:58.996Z
8887|mosaiq,8887,mosaiq,2026-07-01T21:00:58.996Z
8887|no,8887,no,2026-07-01T21:00:58.996Z
8887|storage,8887,storage,2026-07-01T21:00:58.996Z
8887|versahd,8887,versahd,2026-07-01T21:00:58.996Z
8887|xvi,8887,xvi,2026-07-01T21:00:58.996Z
8866|angiografía__neuangio_43c,8866,angiografía__neuangio_43c,2026-07-01T21:00:58.996Z
8866|axesse,8866,axesse,2026-07-01T21:00:58.996Z
8866|barcoding,8866,barcoding,2026-07-01T21:00:58.996Z
8866|dosisoft,8866,dosisoft,2026-07-01T21:00:58.996Z
8866|elekta,8866,elekta,2026-07-01T21:00:58.996Z
8866|físico,8866,físico,2026-07-01T21:00:58.996Z
8866|hardware_y_software,8866,hardware_y_software,2026-07-01T21:00:58.996Z
8866|infinity,8866,infinity,2026-07-01T21:00:58.996Z
8866|iview,8866,iview,2026-07-01T21:00:58.996Z
8866|linac,8866,linac,2026-07-01T21:00:58.996Z
8866|monaco,8866,monaco,2026-07-01T21:00:58.996Z
8866|monacosim,8866,monacosim,2026-07-01T21:00:58.996Z
8866|mosaiq,8866,mosaiq,2026-07-01T21:00:58.996Z
8866|no,8866,no,2026-07-01T21:00:58.996Z
8866|storage,8866,storage,2026-07-01T21:00:58.996Z
8866|versahd,8866,versahd,2026-07-01T21:00:58.996Z
8866|xvi,8866,xvi,2026-07-01T21:00:58.996Z
8870|axesse,8870,axesse,2026-07-01T21:00:58.996Z
8870|braquiterapia,8870,braquiterapia,2026-07-01T21:00:58.996Z
8870|elekta,8870,elekta,2026-07-01T21:00:58.996Z
8870|físico,8870,físico,2026-07-01T21:00:58.996Z
8870|hardware_y_software,8870,hardware_y_software,2026-07-01T21:00:58.996Z
8870|infinity,8870,infinity,2026-07-01T21:00:58.996Z
8870|monaco,8870,monaco,2026-07-01T21:00:58.996Z
8870|mosaiq,8870,mosaiq,2026-07-01T21:00:58.996Z
8870|no,8870,no,2026-07-01T21:00:58.996Z
8861|angiografía__neuangio_43c,8861,angiografía__neuangio_43c,2026-07-01T21:00:58.996Z
8861|axesse,8861,axesse,2026-07-01T21:00:58.996Z
8861|barcoding,8861,barcoding,2026-07-01T21:00:58.996Z
8861|dosisoft,8861,dosisoft,2026-07-01T21:00:58.996Z
8861|elekta,8861,elekta,2026-07-01T21:00:58.996Z
8861|físico,8861,físico,2026-07-01T21:00:58.996Z
8861|hardware_y_software,8861,hardware_y_software,2026-07-01T21:00:58.996Z
8861|infinity,8861,infinity,2026-07-01T21:00:58.996Z
8861|iview,8861,iview,2026-07-01T21:00:58.996Z
8861|linac,8861,linac,2026-07-01T21:00:58.996Z
8861|monaco,8861,monaco,2026-07-01T21:00:58.996Z
8861|monacosim,8861,monacosim,2026-07-01T21:00:58.996Z
8861|mosaiq,8861,mosaiq,2026-07-01T21:00:58.996Z
8861|no,8861,no,2026-07-01T21:00:58.996Z
8861|storage,8861,storage,2026-07-01T21:00:58.996Z
8861|versahd,8861,versahd,2026-07-01T21:00:58.996Z
8861|xvi,8861,xvi,2026-07-01T21:00:58.996Z
8857|angiografía__neuangio_43c,8857,angiografía__neuangio_43c,2026-07-01T21:00:58.996Z
8857|axesse,8857,axesse,2026-07-01T21:00:58.996Z
8857|barcoding,8857,barcoding,2026-07-01T21:00:58.996Z
8857|dosisoft,8857,dosisoft,2026-07-01T21:00:58.996Z
8857|elekta,8857,elekta,2026-07-01T21:00:58.996Z
8857|físico,8857,físico,2026-07-01T21:00:58.996Z
8857|hardware_y_software,8857,hardware_y_software,2026-07-01T21:00:58.996Z
8857|infinity,8857,infinity,2026-07-01T21:00:58.996Z
8857|iview,8857,iview,2026-07-01T21:00:58.996Z
8857|linac,8857,linac,2026-07-01T21:00:58.996Z
8857|monaco,8857,monaco,2026-07-01T21:00:58.996Z
8857|monacosim,8857,monacosim,2026-07-01T21:00:58.996Z
8857|mosaiq,8857,mosaiq,2026-07-01T21:00:58.996Z
8857|no,8857,no,2026-07-01T21:00:58.996Z
8857|storage,8857,storage,2026-07-01T21:00:58.996Z
8857|versahd,8857,versahd,2026-07-01T21:00:58.996Z
8857|xvi,8857,xvi,2026-07-01T21:00:58.996Z
8833|axesse,8833,axesse,2026-07-01T21:00:58.996Z
8833|braquiterapia,8833,braquiterapia,2026-07-01T21:00:58.996Z
8833|elekta,8833,elekta,2026-07-01T21:00:58.996Z
8833|físico,8833,físico,2026-07-01T21:00:58.996Z
8833|hardware_y_software,8833,hardware_y_software,2026-07-01T21:00:58.996Z
8833|infinity,8833,infinity,2026-07-01T21:00:58.996Z
8833|monaco,8833,monaco,2026-07-01T21:00:58.996Z
8833|mosaiq,8833,mosaiq,2026-07-01T21:00:58.996Z
8833|no,8833,no,2026-07-01T21:00:58.996Z
8752|abc,8752,abc,2026-07-01T21:00:58.996Z
8752|elekta,8752,elekta,2026-07-01T21:00:58.996Z
8752|físico,8752,físico,2026-07-01T21:00:58.996Z
8752|hardware_y_software,8752,hardware_y_software,2026-07-01T21:00:58.996Z
8752|hexapod,8752,hexapod,2026-07-01T21:00:58.996Z
8752|media,8752,media,2026-07-01T21:00:58.996Z
8752|monaco,8752,monaco,2026-07-01T21:00:58.996Z
8752|mosaiq,8752,mosaiq,2026-07-01T21:00:58.996Z
8752|si,8752,si,2026-07-01T21:00:58.996Z
8752|versahd,8752,versahd,2026-07-01T21:00:58.996Z
8890|acelerador_lineal,8890,acelerador_lineal,2026-07-01T21:00:58.996Z
8890|elekta,8890,elekta,2026-07-01T21:00:58.996Z
8890|físico,8890,físico,2026-07-01T21:00:58.996Z
8890|hardware_y_software,8890,hardware_y_software,2026-07-01T21:00:58.996Z
8890|hexapod,8890,hexapod,2026-07-01T21:00:58.996Z
8890|iview,8890,iview,2026-07-01T21:00:58.996Z
8890|linac,8890,linac,2026-07-01T21:00:58.996Z
8890|monaco,8890,monaco,2026-07-01T21:00:58.996Z
8890|mosaiq,8890,mosaiq,2026-07-01T21:00:58.996Z
8890|platform,8890,platform,2026-07-01T21:00:58.996Z
8890|problema,8890,problema,2026-07-01T21:00:58.996Z
8890|si,8890,si,2026-07-01T21:00:58.996Z
8890|suncheck_machine,8890,suncheck_machine,2026-07-01T21:00:58.996Z
8890|sunnuclear,8890,sunnuclear,2026-07-01T21:00:58.996Z
8890|versahd,8890,versahd,2026-07-01T21:00:58.996Z
8890|xvi,8890,xvi,2026-07-01T21:00:58.996Z
8907|closed_by_merge,8907,closed_by_merge,2026-07-01T21:00:58.996Z
8907|elekta,8907,elekta,2026-07-01T21:00:58.996Z
8907|físico,8907,físico,2026-07-01T21:00:58.996Z
8907|hardware_y_software,8907,hardware_y_software,2026-07-01T21:00:58.996Z
8907|hexapod,8907,hexapod,2026-07-01T21:00:58.996Z
8907|iview,8907,iview,2026-07-01T21:00:58.996Z
8907|linac,8907,linac,2026-07-01T21:00:58.996Z
8907|monaco,8907,monaco,2026-07-01T21:00:58.996Z
8907|mosaiq,8907,mosaiq,2026-07-01T21:00:58.996Z
8907|médico,8907,médico,2026-07-01T21:00:58.996Z
8907|platform,8907,platform,2026-07-01T21:00:58.996Z
8907|suncheck,8907,suncheck,2026-07-01T21:00:58.996Z
8907|suncheck_machine,8907,suncheck_machine,2026-07-01T21:00:58.996Z
8907|sunnuclear,8907,sunnuclear,2026-07-01T21:00:58.996Z
8907|versahd,8907,versahd,2026-07-01T21:00:58.996Z
8907|xvi,8907,xvi,2026-07-01T21:00:58.996Z
8903|angiografía__neuangio_43c,8903,angiografía__neuangio_43c,2026-07-01T21:00:58.996Z
8903|axesse,8903,axesse,2026-07-01T21:00:58.996Z
8903|barcoding,8903,barcoding,2026-07-01T21:00:58.996Z
8903|dosisoft,8903,dosisoft,2026-07-01T21:00:58.996Z
8903|elekta,8903,elekta,2026-07-01T21:00:58.996Z
8903|físico,8903,físico,2026-07-01T21:00:58.996Z
8903|hardware_y_software,8903,hardware_y_software,2026-07-01T21:00:58.996Z
8903|infinity,8903,infinity,2026-07-01T21:00:58.996Z
8903|iview,8903,iview,2026-07-01T21:00:58.996Z
8903|linac,8903,linac,2026-07-01T21:00:58.996Z
8903|monaco,8903,monaco,2026-07-01T21:00:58.996Z
8903|monacosim,8903,monacosim,2026-07-01T21:00:58.996Z
8903|mosaiq,8903,mosaiq,2026-07-01T21:00:58.996Z
8903|si,8903,si,2026-07-01T21:00:58.996Z
8903|storage,8903,storage,2026-07-01T21:00:58.996Z
8903|versahd,8903,versahd,2026-07-01T21:00:58.996Z
8903|xvi,8903,xvi,2026-07-01T21:00:58.996Z
8779|citrix,8779,citrix,2026-07-01T21:00:58.996Z
8779|elekta,8779,elekta,2026-07-01T21:00:58.996Z
8779|físico,8779,físico,2026-07-01T21:00:58.996Z
8779|hardware_y_software,8779,hardware_y_software,2026-07-01T21:00:58.996Z
8779|infinity,8779,infinity,2026-07-01T21:00:58.996Z
8779|integrity,8779,integrity,2026-07-01T21:00:58.996Z
8779|iview,8779,iview,2026-07-01T21:00:58.996Z
8779|linac,8779,linac,2026-07-01T21:00:58.996Z
8779|media,8779,media,2026-07-01T21:00:58.996Z
8779|monaco,8779,monaco,2026-07-01T21:00:58.996Z
8779|mosaiq,8779,mosaiq,2026-07-01T21:00:58.996Z
8779|no,8779,no,2026-07-01T21:00:58.996Z
8779|storage,8779,storage,2026-07-01T21:00:58.996Z
8779|suncheck_machine,8779,suncheck_machine,2026-07-01T21:00:58.996Z
8779|sunnuclear,8779,sunnuclear,2026-07-01T21:00:58.996Z
8779|xvi,8779,xvi,2026-07-01T21:00:58.996Z
8748|elekta,8748,elekta,2026-07-01T21:00:58.996Z
8748|hardware_y_software,8748,hardware_y_software,2026-07-01T21:00:58.996Z
8748|hexapod,8748,hexapod,2026-07-01T21:00:58.996Z
8748|iview,8748,iview,2026-07-01T21:00:58.996Z
8748|linac,8748,linac,2026-07-01T21:00:58.996Z
8748|monaco,8748,monaco,2026-07-01T21:00:58.996Z
8748|mosaiq,8748,mosaiq,2026-07-01T21:00:58.996Z
8748|no,8748,no,2026-07-01T21:00:58.996Z
8748|platform,8748,platform,2026-07-01T21:00:58.996Z
8748|problema,8748,problema,2026-07-01T21:00:58.996Z
8748|suncheck,8748,suncheck,2026-07-01T21:00:58.996Z
8748|suncheck_machine,8748,suncheck_machine,2026-07-01T21:00:58.996Z
8748|sunnuclear,8748,sunnuclear,2026-07-01T21:00:58.996Z
8748|versahd,8748,versahd,2026-07-01T21:00:58.996Z
8748|xvi,8748,xvi,2026-07-01T21:00:58.996Z
8888|angiografía__neuangio_43c,8888,angiografía__neuangio_43c,2026-07-01T21:00:58.996Z
8888|axesse,8888,axesse,2026-07-01T21:00:58.996Z
8888|barcoding,8888,barcoding,2026-07-01T21:00:58.996Z
8888|elekta,8888,elekta,2026-07-01T21:00:58.996Z
8888|físico,8888,físico,2026-07-01T21:00:58.996Z
8888|hardware_y_software,8888,hardware_y_software,2026-07-01T21:00:58.996Z
8888|infinity,8888,infinity,2026-07-01T21:00:58.996Z
8888|iview,8888,iview,2026-07-01T21:00:58.996Z
8888|linac,8888,linac,2026-07-01T21:00:58.996Z
8888|monaco,8888,monaco,2026-07-01T21:00:58.996Z
8888|monacosim,8888,monacosim,2026-07-01T21:00:58.996Z
8888|mosaiq,8888,mosaiq,2026-07-01T21:00:58.996Z
8888|no,8888,no,2026-07-01T21:00:58.996Z
8888|on_hold_1h,8888,on_hold_1h,2026-07-01T21:00:58.996Z
8888|storage,8888,storage,2026-07-01T21:00:58.996Z
8888|versahd,8888,versahd,2026-07-01T21:00:58.996Z
8888|xvi,8888,xvi,2026-07-01T21:00:58.996Z
8911|citrix,8911,citrix,2026-07-01T21:00:58.996Z
8911|elekta,8911,elekta,2026-07-01T21:00:58.996Z
8911|físico,8911,físico,2026-07-01T21:00:58.996Z
8911|hardware_y_software,8911,hardware_y_software,2026-07-01T21:00:58.996Z
8911|infinity,8911,infinity,2026-07-01T21:00:58.996Z
8911|iview,8911,iview,2026-07-01T21:00:58.996Z
8911|linac,8911,linac,2026-07-01T21:00:58.996Z
8911|media,8911,media,2026-07-01T21:00:58.996Z
8911|monaco,8911,monaco,2026-07-01T21:00:58.996Z
8911|mosaiq,8911,mosaiq,2026-07-01T21:00:58.996Z
8911|on_hold_1h,8911,on_hold_1h,2026-07-01T21:00:58.996Z
8911|si,8911,si,2026-07-01T21:00:58.996Z
8911|storage,8911,storage,2026-07-01T21:00:58.996Z
8911|suncheck_machine,8911,suncheck_machine,2026-07-01T21:00:58.996Z
8911|sunnuclear,8911,sunnuclear,2026-07-01T21:00:58.996Z
8911|xvi,8911,xvi,2026-07-01T21:00:58.996Z
8697|acelerador_lineal,8697,acelerador_lineal,2026-07-01T21:00:58.996Z
8697|elekta,8697,elekta,2026-07-01T21:00:58.996Z
8697|físico,8697,físico,2026-07-01T21:00:58.996Z
8697|hardware_y_software,8697,hardware_y_software,2026-07-01T21:00:58.996Z
8697|hexapod,8697,hexapod,2026-07-01T21:00:58.996Z
8697|incidente,8697,incidente,2026-07-01T21:00:58.996Z
8697|iview,8697,iview,2026-07-01T21:00:58.996Z
8697|linac,8697,linac,2026-07-01T21:00:58.996Z
8697|monaco,8697,monaco,2026-07-01T21:00:58.996Z
8697|mosaiq,8697,mosaiq,2026-07-01T21:00:58.996Z
8697|no,8697,no,2026-07-01T21:00:58.996Z
8697|platform,8697,platform,2026-07-01T21:00:58.996Z
8697|suncheck_machine,8697,suncheck_machine,2026-07-01T21:00:58.996Z
8697|sunnuclear,8697,sunnuclear,2026-07-01T21:00:58.996Z
8697|versahd,8697,versahd,2026-07-01T21:00:58.996Z
8697|xvi,8697,xvi,2026-07-01T21:00:58.996Z
8920|citrix,8920,citrix,2026-07-01T21:00:58.996Z
8920|closed_by_merge,8920,closed_by_merge,2026-07-01T21:00:58.996Z
8920|elekta,8920,elekta,2026-07-01T21:00:58.996Z
8920|hardware_y_software,8920,hardware_y_software,2026-07-01T21:00:58.996Z
8920|infinity,8920,infinity,2026-07-01T21:00:58.996Z
8920|integrity,8920,integrity,2026-07-01T21:00:58.996Z
8920|iview,8920,iview,2026-07-01T21:00:58.996Z
8920|linac,8920,linac,2026-07-01T21:00:58.996Z
8920|media,8920,media,2026-07-01T21:00:58.996Z
8920|monaco,8920,monaco,2026-07-01T21:00:58.996Z
8920|mosaiq,8920,mosaiq,2026-07-01T21:00:58.996Z
8920|no,8920,no,2026-07-01T21:00:58.996Z
8920|storage,8920,storage,2026-07-01T21:00:58.996Z
8920|suncheck_machine,8920,suncheck_machine,2026-07-01T21:00:58.996Z
8920|sunnuclear,8920,sunnuclear,2026-07-01T21:00:58.996Z
8920|xvi,8920,xvi,2026-07-01T21:00:58.996Z
8675|agility,8675,agility,2026-07-01T21:00:58.996Z
8675|elekta,8675,elekta,2026-07-01T21:00:58.996Z
8675|físico,8675,físico,2026-07-01T21:00:58.996Z
8675|hardware_y_software,8675,hardware_y_software,2026-07-01T21:00:58.996Z
8675|monaco,8675,monaco,2026-07-01T21:00:58.996Z
8675|mosaiq,8675,mosaiq,2026-07-01T21:00:58.996Z
8675|no,8675,no,2026-07-01T21:00:58.996Z
8675|on_hold_1h,8675,on_hold_1h,2026-07-01T21:00:58.996Z
8675|requerimiento,8675,requerimiento,2026-07-01T21:00:58.996Z
8675|sinergy,8675,sinergy,2026-07-01T21:00:58.996Z
8675|suncheck,8675,suncheck,2026-07-01T21:00:58.996Z
8675|suncheck_machine,8675,suncheck_machine,2026-07-01T21:00:58.996Z
8675|sunnuclear,8675,sunnuclear,2026-07-01T21:00:58.996Z
8675|versahd,8675,versahd,2026-07-01T21:00:58.996Z
8878|acelerador_lineal,8878,acelerador_lineal,2026-07-01T21:00:58.996Z
8878|elekta,8878,elekta,2026-07-01T21:00:58.996Z
8878|físico,8878,físico,2026-07-01T21:00:58.996Z
8878|hardware_y_software,8878,hardware_y_software,2026-07-01T21:00:58.996Z
8878|hexapod,8878,hexapod,2026-07-01T21:00:58.996Z
8878|iba,8878,iba,2026-07-01T21:00:58.996Z
8878|iguide,8878,iguide,2026-07-01T21:00:58.996Z
8878|iview,8878,iview,2026-07-01T21:00:58.996Z
8878|monaco,8878,monaco,2026-07-01T21:00:58.996Z
8878|monacosim,8878,monacosim,2026-07-01T21:00:58.996Z
8878|mosaiq,8878,mosaiq,2026-07-01T21:00:58.996Z
8878|no,8878,no,2026-07-01T21:00:58.996Z
8878|rtp99,8878,rtp99,2026-07-01T21:00:58.996Z
8878|tcs,8878,tcs,2026-07-01T21:00:58.996Z
8878|versahd,8878,versahd,2026-07-01T21:00:58.996Z
8878|xvi,8878,xvi,2026-07-01T21:00:58.996Z
8934|acelerador_lineal,8934,acelerador_lineal,2026-07-01T21:00:58.996Z
8934|elekta,8934,elekta,2026-07-01T21:00:58.996Z
8934|físico,8934,físico,2026-07-01T21:00:58.996Z
8934|hardware_y_software,8934,hardware_y_software,2026-07-01T21:00:58.996Z
8934|hexapod,8934,hexapod,2026-07-01T21:00:58.996Z
8934|incidente,8934,incidente,2026-07-01T21:00:58.996Z
8934|iview,8934,iview,2026-07-01T21:00:58.996Z
8934|linac,8934,linac,2026-07-01T21:00:58.996Z
8934|monaco,8934,monaco,2026-07-01T21:00:58.996Z
8934|mosaiq,8934,mosaiq,2026-07-01T21:00:58.996Z
8934|no,8934,no,2026-07-01T21:00:58.996Z
8934|platform,8934,platform,2026-07-01T21:00:58.996Z
8934|suncheck_machine,8934,suncheck_machine,2026-07-01T21:00:58.996Z
8934|sunnuclear,8934,sunnuclear,2026-07-01T21:00:58.996Z
8934|versahd,8934,versahd,2026-07-01T21:00:58.996Z
8934|xvi,8934,xvi,2026-07-01T21:00:58.996Z
8928|acelerador_lineal,8928,acelerador_lineal,2026-07-01T21:00:58.996Z
8928|brachy,8928,brachy,2026-07-01T21:00:58.996Z
8928|elekta,8928,elekta,2026-07-01T21:00:58.996Z
8928|hardware_y_software,8928,hardware_y_software,2026-07-01T21:00:58.996Z
8928|media,8928,media,2026-07-01T21:00:58.996Z
8928|monaco,8928,monaco,2026-07-01T21:00:58.996Z
8928|mosaiq,8928,mosaiq,2026-07-01T21:00:58.996Z
8928|no,8928,no,2026-07-01T21:00:58.996Z
8928|sinergy,8928,sinergy,2026-07-01T21:00:58.996Z
8928|supervisor_de_radioterapía,8928,supervisor_de_radioterapía,2026-07-01T21:00:58.996Z
8928|synergy,8928,synergy,2026-07-01T21:00:58.996Z
8912|brachy,8912,brachy,2026-07-01T21:00:58.996Z
8912|cabezal_agility,8912,cabezal_agility,2026-07-01T21:00:58.996Z
8912|elekta,8912,elekta,2026-07-01T21:00:58.996Z
8912|hardware_y_software,8912,hardware_y_software,2026-07-01T21:00:58.996Z
8912|media,8912,media,2026-07-01T21:00:58.996Z
8912|monaco,8912,monaco,2026-07-01T21:00:58.996Z
8912|mosaiq,8912,mosaiq,2026-07-01T21:00:58.996Z
8912|no,8912,no,2026-07-01T21:00:58.996Z
8912|redacted_content,8912,redacted_content,2026-07-01T21:00:58.996Z
8912|sinergy,8912,sinergy,2026-07-01T21:00:58.996Z
8912|supervisor_de_radioterapía,8912,supervisor_de_radioterapía,2026-07-01T21:00:58.996Z
8912|synergy,8912,synergy,2026-07-01T21:00:58.996Z
8916|angiografía__neuangio_43c,8916,angiografía__neuangio_43c,2026-07-01T21:00:58.996Z
8916|axesse,8916,axesse,2026-07-01T21:00:58.996Z
8916|barcoding,8916,barcoding,2026-07-01T21:00:58.996Z
8916|dosisoft,8916,dosisoft,2026-07-01T21:00:58.996Z
8916|elekta,8916,elekta,2026-07-01T21:00:58.996Z
8916|físico,8916,físico,2026-07-01T21:00:58.996Z
8916|hardware_y_software,8916,hardware_y_software,2026-07-01T21:00:58.996Z
8916|infinity,8916,infinity,2026-07-01T21:00:58.996Z
8916|iview,8916,iview,2026-07-01T21:00:58.996Z
8916|linac,8916,linac,2026-07-01T21:00:58.996Z
8916|monaco,8916,monaco,2026-07-01T21:00:58.996Z
8916|monacosim,8916,monacosim,2026-07-01T21:00:58.996Z
8916|mosaiq,8916,mosaiq,2026-07-01T21:00:58.996Z
8916|si,8916,si,2026-07-01T21:00:58.996Z
8916|storage,8916,storage,2026-07-01T21:00:58.996Z
8916|versahd,8916,versahd,2026-07-01T21:00:58.996Z
8916|xvi,8916,xvi,2026-07-01T21:00:58.996Z
8935|elekta,8935,elekta,2026-07-01T21:00:58.996Z
8935|físico,8935,físico,2026-07-01T21:00:58.996Z
8935|hardware_y_software,8935,hardware_y_software,2026-07-01T21:00:58.996Z
8935|hexapod,8935,hexapod,2026-07-01T21:00:58.996Z
8935|iview,8935,iview,2026-07-01T21:00:58.996Z
8935|linac,8935,linac,2026-07-01T21:00:58.996Z
8935|monaco,8935,monaco,2026-07-01T21:00:58.996Z
8935|mosaiq,8935,mosaiq,2026-07-01T21:00:58.996Z
8935|no,8935,no,2026-07-01T21:00:58.996Z
8935|on_hold_1h,8935,on_hold_1h,2026-07-01T21:00:58.996Z
8935|platform,8935,platform,2026-07-01T21:00:58.996Z
8935|requerimiento,8935,requerimiento,2026-07-01T21:00:58.996Z
8935|suncheck_machine,8935,suncheck_machine,2026-07-01T21:00:58.996Z
8935|sunnuclear,8935,sunnuclear,2026-07-01T21:00:58.996Z
8935|versahd,8935,versahd,2026-07-01T21:00:58.996Z
8935|xvi,8935,xvi,2026-07-01T21:00:58.996Z
8871|elekta,8871,elekta,2026-07-01T21:00:58.996Z
8871|hardware_y_software,8871,hardware_y_software,2026-07-01T21:00:58.996Z
8871|hexapod,8871,hexapod,2026-07-01T21:00:58.996Z
8871|iview,8871,iview,2026-07-01T21:00:58.996Z
8871|linac,8871,linac,2026-07-01T21:00:58.996Z
8871|monaco,8871,monaco,2026-07-01T21:00:58.996Z
8871|mosaiq,8871,mosaiq,2026-07-01T21:00:58.996Z
8871|médico,8871,médico,2026-07-01T21:00:58.996Z
8871|no,8871,no,2026-07-01T21:00:58.996Z
8871|platform,8871,platform,2026-07-01T21:00:58.996Z
8871|problema,8871,problema,2026-07-01T21:00:58.996Z
8871|suncheck,8871,suncheck,2026-07-01T21:00:58.996Z
8871|suncheck_machine,8871,suncheck_machine,2026-07-01T21:00:58.996Z
8871|sunnuclear,8871,sunnuclear,2026-07-01T21:00:58.996Z
8871|versahd,8871,versahd,2026-07-01T21:00:58.996Z
8871|xvi,8871,xvi,2026-07-01T21:00:58.996Z
8927|axesse,8927,axesse,2026-07-01T21:00:58.996Z
8927|braquiterapia,8927,braquiterapia,2026-07-01T21:00:58.996Z
8927|elekta,8927,elekta,2026-07-01T21:00:58.996Z
8927|físico,8927,físico,2026-07-01T21:00:58.996Z
8927|hardware_y_software,8927,hardware_y_software,2026-07-01T21:00:58.996Z
8927|infinity,8927,infinity,2026-07-01T21:00:58.996Z
8927|monaco,8927,monaco,2026-07-01T21:00:58.996Z
8927|mosaiq,8927,mosaiq,2026-07-01T21:00:58.996Z
8927|si,8927,si,2026-07-01T21:00:58.996Z
8884|axesse,8884,axesse,2026-07-01T21:00:58.996Z
8884|braquiterapia,8884,braquiterapia,2026-07-01T21:00:58.996Z
8884|elekta,8884,elekta,2026-07-01T21:00:58.996Z
8884|físico,8884,físico,2026-07-01T21:00:58.996Z
8884|hardware_y_software,8884,hardware_y_software,2026-07-01T21:00:58.996Z
8884|infinity,8884,infinity,2026-07-01T21:00:58.996Z
8884|monaco,8884,monaco,2026-07-01T21:00:58.996Z
8884|mosaiq,8884,mosaiq,2026-07-01T21:00:58.996Z
8884|no,8884,no,2026-07-01T21:00:58.996Z
8933|axesse,8933,axesse,2026-07-01T21:00:58.996Z
8933|braquiterapia,8933,braquiterapia,2026-07-01T21:00:58.996Z
8933|elekta,8933,elekta,2026-07-01T21:00:58.996Z
8933|físico,8933,físico,2026-07-01T21:00:58.996Z
8933|hardware_y_software,8933,hardware_y_software,2026-07-01T21:00:58.996Z
8933|infinity,8933,infinity,2026-07-01T21:00:58.996Z
8933|monaco,8933,monaco,2026-07-01T21:00:58.996Z
8933|mosaiq,8933,mosaiq,2026-07-01T21:00:58.996Z
8933|no,8933,no,2026-07-01T21:00:58.996Z
8931|elekta,8931,elekta,2026-07-01T21:00:58.996Z
8931|físico,8931,físico,2026-07-01T21:00:58.996Z
8931|hardware_y_software,8931,hardware_y_software,2026-07-01T21:00:58.996Z
8931|hexapod,8931,hexapod,2026-07-01T21:00:58.996Z
8931|integrity,8931,integrity,2026-07-01T21:00:58.996Z
8931|iview,8931,iview,2026-07-01T21:00:58.996Z
8931|linac,8931,linac,2026-07-01T21:00:58.996Z
8931|monaco,8931,monaco,2026-07-01T21:00:58.996Z
8931|mosaiq,8931,mosaiq,2026-07-01T21:00:58.996Z
8931|no,8931,no,2026-07-01T21:00:58.996Z
8931|on_hold_1h,8931,on_hold_1h,2026-07-01T21:00:58.996Z
8931|platform,8931,platform,2026-07-01T21:00:58.996Z
8931|problema,8931,problema,2026-07-01T21:00:58.996Z
8931|suncheck_machine,8931,suncheck_machine,2026-07-01T21:00:58.996Z
8931|sunnuclear,8931,sunnuclear,2026-07-01T21:00:58.996Z
8931|versahd,8931,versahd,2026-07-01T21:00:58.996Z
8931|xvi,8931,xvi,2026-07-01T21:00:58.996Z
8941|elekta,8941,elekta,2026-07-01T21:00:58.996Z
8941|físico,8941,físico,2026-07-01T21:00:58.996Z
8941|hardware_y_software,8941,hardware_y_software,2026-07-01T21:00:58.996Z
8941|hexapod,8941,hexapod,2026-07-01T21:00:58.996Z
8941|incidente,8941,incidente,2026-07-01T21:00:58.996Z
8941|iview,8941,iview,2026-07-01T21:00:58.996Z
8941|linac,8941,linac,2026-07-01T21:00:58.996Z
8941|monaco,8941,monaco,2026-07-01T21:00:58.996Z
8941|monaco_tps,8941,monaco_tps,2026-07-01T21:00:58.996Z
8941|mosaiq,8941,mosaiq,2026-07-01T21:00:58.996Z
8941|no,8941,no,2026-07-01T21:00:58.996Z
8941|platform,8941,platform,2026-07-01T21:00:58.996Z
8941|suncheck_machine,8941,suncheck_machine,2026-07-01T21:00:58.996Z
8941|sunnuclear,8941,sunnuclear,2026-07-01T21:00:58.996Z
8941|versahd,8941,versahd,2026-07-01T21:00:58.996Z
8941|xvi,8941,xvi,2026-07-01T21:00:58.996Z
8867|angiografía__neuangio_43c,8867,angiografía__neuangio_43c,2026-07-01T21:00:58.996Z
8867|axesse,8867,axesse,2026-07-01T21:00:58.996Z
8867|barcoding,8867,barcoding,2026-07-01T21:00:58.996Z
8867|dosisoft,8867,dosisoft,2026-07-01T21:00:58.996Z
8867|elekta,8867,elekta,2026-07-01T21:00:58.996Z
8867|físico,8867,físico,2026-07-01T21:00:58.996Z
8867|hardware_y_software,8867,hardware_y_software,2026-07-01T21:00:58.996Z
8867|infinity,8867,infinity,2026-07-01T21:00:58.996Z
8867|iview,8867,iview,2026-07-01T21:00:58.996Z
8867|linac,8867,linac,2026-07-01T21:00:58.996Z
8867|monaco,8867,monaco,2026-07-01T21:00:58.996Z
8867|monacosim,8867,monacosim,2026-07-01T21:00:58.996Z
8867|mosaiq,8867,mosaiq,2026-07-01T21:00:58.996Z
8867|no,8867,no,2026-07-01T21:00:58.996Z
8867|storage,8867,storage,2026-07-01T21:00:58.996Z
8867|versahd,8867,versahd,2026-07-01T21:00:58.996Z
8867|xvi,8867,xvi,2026-07-01T21:00:58.996Z
8944|axesse,8944,axesse,2026-07-01T21:00:58.996Z
8944|elekta,8944,elekta,2026-07-01T21:00:58.996Z
8944|físico,8944,físico,2026-07-01T21:00:58.996Z
8944|hardware_y_software,8944,hardware_y_software,2026-07-01T21:00:58.996Z
8944|infinity,8944,infinity,2026-07-01T21:00:58.996Z
8944|monaco,8944,monaco,2026-07-01T21:00:58.996Z
8944|mosaiq,8944,mosaiq,2026-07-01T21:00:58.996Z
8944|no,8944,no,2026-07-01T21:00:58.996Z
8944|on_hold_1h,8944,on_hold_1h,2026-07-01T21:00:58.996Z
8926|angiografía__neuangio_43c,8926,angiografía__neuangio_43c,2026-07-01T21:00:58.996Z
8926|axesse,8926,axesse,2026-07-01T21:00:58.996Z
8926|barcoding,8926,barcoding,2026-07-01T21:00:58.996Z
8926|dosisoft,8926,dosisoft,2026-07-01T21:00:58.996Z
8926|elekta,8926,elekta,2026-07-01T21:00:58.996Z
8926|físico,8926,físico,2026-07-01T21:00:58.996Z
8926|hardware_y_software,8926,hardware_y_software,2026-07-01T21:00:58.996Z
8926|infinity,8926,infinity,2026-07-01T21:00:58.996Z
8926|iview,8926,iview,2026-07-01T21:00:58.996Z
8926|linac,8926,linac,2026-07-01T21:00:58.996Z
8926|monaco,8926,monaco,2026-07-01T21:00:58.996Z
8926|monacosim,8926,monacosim,2026-07-01T21:00:58.996Z
8926|mosaiq,8926,mosaiq,2026-07-01T21:00:58.996Z
8926|no,8926,no,2026-07-01T21:00:58.996Z
8926|storage,8926,storage,2026-07-01T21:00:58.996Z
8926|versahd,8926,versahd,2026-07-01T21:00:58.996Z
8926|xvi,8926,xvi,2026-07-01T21:00:58.996Z
8930|acelerador_lineal,8930,acelerador_lineal,2026-07-01T21:00:58.996Z
8930|elekta,8930,elekta,2026-07-01T21:00:58.996Z
8930|físico,8930,físico,2026-07-01T21:00:58.996Z
8930|hardware_y_software,8930,hardware_y_software,2026-07-01T21:00:58.996Z
8930|hexapod,8930,hexapod,2026-07-01T21:00:58.996Z
8930|iview,8930,iview,2026-07-01T21:00:58.996Z
8930|linac,8930,linac,2026-07-01T21:00:58.996Z
8930|monaco,8930,monaco,2026-07-01T21:00:58.996Z
8930|mosaiq,8930,mosaiq,2026-07-01T21:00:58.996Z
8930|no,8930,no,2026-07-01T21:00:58.996Z
8930|platform,8930,platform,2026-07-01T21:00:58.996Z
8930|requerimiento,8930,requerimiento,2026-07-01T21:00:58.996Z
8930|suncheck_machine,8930,suncheck_machine,2026-07-01T21:00:58.996Z
8930|sunnuclear,8930,sunnuclear,2026-07-01T21:00:58.996Z
8930|versahd,8930,versahd,2026-07-01T21:00:58.996Z
8930|xvi,8930,xvi,2026-07-01T21:00:58.996Z
8917|citrix,8917,citrix,2026-07-01T21:00:58.996Z
8917|elekta,8917,elekta,2026-07-01T21:00:58.996Z
8917|físico,8917,físico,2026-07-01T21:00:58.996Z
8917|hardware_y_software,8917,hardware_y_software,2026-07-01T21:00:58.996Z
8917|infinity,8917,infinity,2026-07-01T21:00:58.996Z
8917|integrity,8917,integrity,2026-07-01T21:00:58.996Z
8917|iview,8917,iview,2026-07-01T21:00:58.996Z
8917|linac,8917,linac,2026-07-01T21:00:58.996Z
8917|media,8917,media,2026-07-01T21:00:58.996Z
8917|monaco,8917,monaco,2026-07-01T21:00:58.996Z
8917|mosaiq,8917,mosaiq,2026-07-01T21:00:58.996Z
8917|on_hold_1h,8917,on_hold_1h,2026-07-01T21:00:58.996Z
8917|problema,8917,problema,2026-07-01T21:00:58.996Z
8917|si,8917,si,2026-07-01T21:00:58.996Z
8917|storage,8917,storage,2026-07-01T21:00:58.996Z
8917|suncheck_machine,8917,suncheck_machine,2026-07-01T21:00:58.996Z
8917|sunnuclear,8917,sunnuclear,2026-07-01T21:00:58.996Z
8917|xvi,8917,xvi,2026-07-01T21:00:58.996Z
8947|elekta,8947,elekta,2026-07-01T21:00:58.996Z
8947|físico,8947,físico,2026-07-01T21:00:58.996Z
8947|hardware_y_software,8947,hardware_y_software,2026-07-01T21:00:58.996Z
8947|hexapod,8947,hexapod,2026-07-01T21:00:58.996Z
8947|incidente,8947,incidente,2026-07-01T21:00:58.996Z
8947|iview,8947,iview,2026-07-01T21:00:58.996Z
8947|linac,8947,linac,2026-07-01T21:00:58.996Z
8947|monaco,8947,monaco,2026-07-01T21:00:58.996Z
8947|monaco_tps,8947,monaco_tps,2026-07-01T21:00:58.996Z
8947|mosaiq,8947,mosaiq,2026-07-01T21:00:58.996Z
8947|no,8947,no,2026-07-01T21:00:58.996Z
8947|platform,8947,platform,2026-07-01T21:00:58.996Z
8947|suncheck_machine,8947,suncheck_machine,2026-07-01T21:00:58.996Z
8947|sunnuclear,8947,sunnuclear,2026-07-01T21:00:58.996Z
8947|versahd,8947,versahd,2026-07-01T21:00:58.996Z
8947|xvi,8947,xvi,2026-07-01T21:00:58.996Z
8891|elekta,8891,elekta,2026-07-01T21:00:58.996Z
8891|físico,8891,físico,2026-07-01T21:00:58.996Z
8891|hardware_y_software,8891,hardware_y_software,2026-07-01T21:00:58.996Z
8891|hexapod,8891,hexapod,2026-07-01T21:00:58.996Z
8891|iview,8891,iview,2026-07-01T21:00:58.996Z
8891|linac,8891,linac,2026-07-01T21:00:58.996Z
8891|monaco,8891,monaco,2026-07-01T21:00:58.996Z
8891|mosaiq,8891,mosaiq,2026-07-01T21:00:58.996Z
8891|mosaiq_dicom_namer,8891,mosaiq_dicom_namer,2026-07-01T21:00:58.996Z
8891|no,8891,no,2026-07-01T21:00:58.996Z
8891|platform,8891,platform,2026-07-01T21:00:58.996Z
8891|problema,8891,problema,2026-07-01T21:00:58.996Z
8891|suncheck_machine,8891,suncheck_machine,2026-07-01T21:00:58.996Z
8891|sunnuclear,8891,sunnuclear,2026-07-01T21:00:58.996Z
8891|versahd,8891,versahd,2026-07-01T21:00:58.996Z
8891|xvi,8891,xvi,2026-07-01T21:00:58.996Z
8950|axesse,8950,axesse,2026-07-01T21:00:58.996Z
8950|braquiterapia,8950,braquiterapia,2026-07-01T21:00:58.996Z
8950|elekta,8950,elekta,2026-07-01T21:00:58.996Z
8950|físico,8950,físico,2026-07-01T21:00:58.996Z
8950|hardware_y_software,8950,hardware_y_software,2026-07-01T21:00:58.996Z
8950|infinity,8950,infinity,2026-07-01T21:00:58.996Z
8950|monaco,8950,monaco,2026-07-01T21:00:58.996Z
8950|mosaiq,8950,mosaiq,2026-07-01T21:00:58.996Z
8950|no,8950,no,2026-07-01T21:00:58.996Z
8955|elekta,8955,elekta,2026-07-01T21:00:58.996Z
8955|físico,8955,físico,2026-07-01T21:00:58.996Z
8955|hardware_y_software,8955,hardware_y_software,2026-07-01T21:00:58.996Z
8955|hexapod,8955,hexapod,2026-07-01T21:00:58.996Z
8955|incidente,8955,incidente,2026-07-01T21:00:58.996Z
8955|iview,8955,iview,2026-07-01T21:00:58.996Z
8955|linac,8955,linac,2026-07-01T21:00:58.996Z
8955|monaco,8955,monaco,2026-07-01T21:00:58.996Z
8955|monaco_tps,8955,monaco_tps,2026-07-01T21:00:58.996Z
8955|mosaiq,8955,mosaiq,2026-07-01T21:00:58.996Z
8955|no,8955,no,2026-07-01T21:00:58.996Z
8955|platform,8955,platform,2026-07-01T21:00:58.996Z
8955|suncheck_machine,8955,suncheck_machine,2026-07-01T21:00:58.996Z
8955|sunnuclear,8955,sunnuclear,2026-07-01T21:00:58.996Z
8955|versahd,8955,versahd,2026-07-01T21:00:58.996Z
8955|xvi,8955,xvi,2026-07-01T21:00:58.996Z
8694|acelerador_lineal,8694,acelerador_lineal,2026-07-01T21:00:58.996Z
8694|brachy,8694,brachy,2026-07-01T21:00:58.996Z
8694|comapact,8694,comapact,2026-07-01T21:00:58.996Z
8694|compact,8694,compact,2026-07-01T21:00:58.996Z
8694|elekta,8694,elekta,2026-07-01T21:00:58.996Z
8694|flexitron,8694,flexitron,2026-07-01T21:00:58.996Z
8694|físico,8694,físico,2026-07-01T21:00:58.996Z
8694|hardware_y_software,8694,hardware_y_software,2026-07-01T21:00:58.996Z
8694|no,8694,no,2026-07-01T21:00:58.996Z
8694|on_hold_1h,8694,on_hold_1h,2026-07-01T21:00:58.996Z
8694|problema,8694,problema,2026-07-01T21:00:58.996Z
8973|citrix,8973,citrix,2026-07-01T21:00:58.996Z
8973|elekta,8973,elekta,2026-07-01T21:00:58.996Z
8973|hardware_y_software,8973,hardware_y_software,2026-07-01T21:00:58.996Z
8973|infinity,8973,infinity,2026-07-01T21:00:58.996Z
8973|iview,8973,iview,2026-07-01T21:00:58.996Z
8973|linac,8973,linac,2026-07-01T21:00:58.996Z
8973|media,8973,media,2026-07-01T21:00:58.996Z
8973|monaco,8973,monaco,2026-07-01T21:00:58.996Z
8973|monaco_tps,8973,monaco_tps,2026-07-01T21:00:58.996Z
8973|mosaiq,8973,mosaiq,2026-07-01T21:00:58.996Z
8973|on_hold_1h,8973,on_hold_1h,2026-07-01T21:00:58.996Z
8973|si,8973,si,2026-07-01T21:00:58.996Z
8973|storage,8973,storage,2026-07-01T21:00:58.996Z
8973|suncheck_machine,8973,suncheck_machine,2026-07-01T21:00:58.996Z
8973|sunnuclear,8973,sunnuclear,2026-07-01T21:00:58.996Z
8973|xvi,8973,xvi,2026-07-01T21:00:58.996Z
8975|citrix,8975,citrix,2026-07-01T21:00:58.996Z
8975|elekta,8975,elekta,2026-07-01T21:00:58.996Z
8975|hardware_y_software,8975,hardware_y_software,2026-07-01T21:00:58.996Z
8975|infinity,8975,infinity,2026-07-01T21:00:58.996Z
8975|integrity,8975,integrity,2026-07-01T21:00:58.996Z
8975|iview,8975,iview,2026-07-01T21:00:58.996Z
8975|linac,8975,linac,2026-07-01T21:00:58.996Z
8975|media,8975,media,2026-07-01T21:00:58.996Z
8975|monaco,8975,monaco,2026-07-01T21:00:58.996Z
8975|mosaiq,8975,mosaiq,2026-07-01T21:00:58.996Z
8975|si,8975,si,2026-07-01T21:00:58.996Z
8975|storage,8975,storage,2026-07-01T21:00:58.996Z
8975|suncheck_machine,8975,suncheck_machine,2026-07-01T21:00:58.996Z
8975|sunnuclear,8975,sunnuclear,2026-07-01T21:00:58.996Z
8975|xvi,8975,xvi,2026-07-01T21:00:58.996Z
8967|citrix,8967,citrix,2026-07-01T21:00:58.996Z
8967|elekta,8967,elekta,2026-07-01T21:00:58.996Z
8967|hardware_y_software,8967,hardware_y_software,2026-07-01T21:00:58.996Z
8967|infinity,8967,infinity,2026-07-01T21:00:58.996Z
8967|integrity,8967,integrity,2026-07-01T21:00:58.996Z
8967|iview,8967,iview,2026-07-01T21:00:58.996Z
8967|linac,8967,linac,2026-07-01T21:00:58.996Z
8967|media,8967,media,2026-07-01T21:00:58.996Z
8967|monaco,8967,monaco,2026-07-01T21:00:58.996Z
8967|mosaiq,8967,mosaiq,2026-07-01T21:00:58.996Z
8967|no,8967,no,2026-07-01T21:00:58.996Z
8967|storage,8967,storage,2026-07-01T21:00:58.996Z
8967|suncheck_machine,8967,suncheck_machine,2026-07-01T21:00:58.996Z
8967|sunnuclear,8967,sunnuclear,2026-07-01T21:00:58.996Z
8967|xvi,8967,xvi,2026-07-01T21:00:58.996Z
8688|brachy,8688,brachy,2026-07-01T21:00:58.996Z
8688|braquiterapia,8688,braquiterapia,2026-07-01T21:00:58.996Z
8688|comapact,8688,comapact,2026-07-01T21:00:58.996Z
8688|compact,8688,compact,2026-07-01T21:00:58.996Z
8688|elekta,8688,elekta,2026-07-01T21:00:58.996Z
8688|flexitron,8688,flexitron,2026-07-01T21:00:58.996Z
8688|físico,8688,físico,2026-07-01T21:00:58.996Z
8688|hardware_y_software,8688,hardware_y_software,2026-07-01T21:00:58.996Z
8688|si,8688,si,2026-07-01T21:00:58.996Z
8997|citrix,8997,citrix,2026-07-01T21:00:58.996Z
8997|closed_by_merge,8997,closed_by_merge,2026-07-01T21:00:58.996Z
8997|elekta,8997,elekta,2026-07-01T21:00:58.996Z
8997|hardware_y_software,8997,hardware_y_software,2026-07-01T21:00:58.996Z
8997|hexapod,8997,hexapod,2026-07-01T21:00:58.996Z
8997|iview,8997,iview,2026-07-01T21:00:58.996Z
8997|linac,8997,linac,2026-07-01T21:00:58.996Z
8997|monaco,8997,monaco,2026-07-01T21:00:58.996Z
8997|mosaiq,8997,mosaiq,2026-07-01T21:00:58.996Z
8997|médico,8997,médico,2026-07-01T21:00:58.996Z
8997|platform,8997,platform,2026-07-01T21:00:58.996Z
8997|suncheck,8997,suncheck,2026-07-01T21:00:58.996Z
8997|suncheck_machine,8997,suncheck_machine,2026-07-01T21:00:58.996Z
8997|sunnuclear,8997,sunnuclear,2026-07-01T21:00:58.996Z
8997|versahd,8997,versahd,2026-07-01T21:00:58.996Z
8997|xvi,8997,xvi,2026-07-01T21:00:58.996Z
8956|axesse,8956,axesse,2026-07-01T21:00:58.996Z
8956|braquiterapia,8956,braquiterapia,2026-07-01T21:00:58.996Z
8956|elekta,8956,elekta,2026-07-01T21:00:58.996Z
8956|físico,8956,físico,2026-07-01T21:00:58.996Z
8956|hardware_y_software,8956,hardware_y_software,2026-07-01T21:00:58.996Z
8956|infinity,8956,infinity,2026-07-01T21:00:58.996Z
8956|monaco,8956,monaco,2026-07-01T21:00:58.996Z
8956|mosaiq,8956,mosaiq,2026-07-01T21:00:58.996Z
8956|no,8956,no,2026-07-01T21:00:58.996Z
8855|acelerador_lineal,8855,acelerador_lineal,2026-07-01T21:00:58.996Z
8855|brachy,8855,brachy,2026-07-01T21:00:58.996Z
8855|elekta,8855,elekta,2026-07-01T21:00:58.996Z
8855|hardware_y_software,8855,hardware_y_software,2026-07-01T21:00:58.996Z
8855|media,8855,media,2026-07-01T21:00:58.996Z
8855|monaco,8855,monaco,2026-07-01T21:00:58.996Z
8855|mosaiq,8855,mosaiq,2026-07-01T21:00:58.996Z
8855|si,8855,si,2026-07-01T21:00:58.996Z
8855|sinergy,8855,sinergy,2026-07-01T21:00:58.996Z
8855|supervisor_de_radioterapía,8855,supervisor_de_radioterapía,2026-07-01T21:00:58.996Z
8855|synergy,8855,synergy,2026-07-01T21:00:58.996Z
8983|elekta,8983,elekta,2026-07-01T21:00:58.996Z
8983|físico,8983,físico,2026-07-01T21:00:58.996Z
8983|hardware_y_software,8983,hardware_y_software,2026-07-01T21:00:58.996Z
8983|hexapod,8983,hexapod,2026-07-01T21:00:58.996Z
8983|iview,8983,iview,2026-07-01T21:00:58.996Z
8983|linac,8983,linac,2026-07-01T21:00:58.996Z
8983|monaco,8983,monaco,2026-07-01T21:00:58.996Z
8983|mosaiq,8983,mosaiq,2026-07-01T21:00:58.996Z
8983|on_hold_1h,8983,on_hold_1h,2026-07-01T21:00:58.996Z
8983|platform,8983,platform,2026-07-01T21:00:58.996Z
8983|problema,8983,problema,2026-07-01T21:00:58.996Z
8983|si,8983,si,2026-07-01T21:00:58.996Z
8983|suncheck,8983,suncheck,2026-07-01T21:00:58.996Z
8983|suncheck_machine,8983,suncheck_machine,2026-07-01T21:00:58.996Z
8983|sunnuclear,8983,sunnuclear,2026-07-01T21:00:58.996Z
8983|versahd,8983,versahd,2026-07-01T21:00:58.996Z
8983|xvi,8983,xvi,2026-07-01T21:00:58.996Z
8980|citrix,8980,citrix,2026-07-01T21:00:58.996Z
8980|elekta,8980,elekta,2026-07-01T21:00:58.996Z
8980|físico,8980,físico,2026-07-01T21:00:58.996Z
8980|hardware_y_software,8980,hardware_y_software,2026-07-01T21:00:58.996Z
8980|infinity,8980,infinity,2026-07-01T21:00:58.996Z
8980|integrity,8980,integrity,2026-07-01T21:00:58.996Z
8980|iview,8980,iview,2026-07-01T21:00:58.996Z
8980|linac,8980,linac,2026-07-01T21:00:58.996Z
8980|media,8980,media,2026-07-01T21:00:58.996Z
8980|monaco,8980,monaco,2026-07-01T21:00:58.996Z
8980|mosaiq,8980,mosaiq,2026-07-01T21:00:58.996Z
8980|problema,8980,problema,2026-07-01T21:00:58.996Z
8980|si,8980,si,2026-07-01T21:00:58.996Z
8980|storage,8980,storage,2026-07-01T21:00:58.996Z
8980|suncheck_machine,8980,suncheck_machine,2026-07-01T21:00:58.996Z
8980|sunnuclear,8980,sunnuclear,2026-07-01T21:00:58.996Z
8980|xvi,8980,xvi,2026-07-01T21:00:58.996Z
8962|acelerador_lineal,8962,acelerador_lineal,2026-07-01T21:00:58.996Z
8962|axesse,8962,axesse,2026-07-01T21:00:58.996Z
8962|braquiterapia,8962,braquiterapia,2026-07-01T21:00:58.996Z
8962|elekta,8962,elekta,2026-07-01T21:00:58.996Z
8962|físico,8962,físico,2026-07-01T21:00:58.996Z
8962|hardware_y_software,8962,hardware_y_software,2026-07-01T21:00:58.996Z
8962|infinity,8962,infinity,2026-07-01T21:00:58.996Z
8962|monaco,8962,monaco,2026-07-01T21:00:58.996Z
8962|mosaiq,8962,mosaiq,2026-07-01T21:00:58.996Z
8962|no,8962,no,2026-07-01T21:00:58.996Z
8962|requerimiento,8962,requerimiento,2026-07-01T21:00:58.996Z
8938|acelerador_lineal,8938,acelerador_lineal,2026-07-01T21:00:58.996Z
8938|citrix,8938,citrix,2026-07-01T21:00:58.996Z
8938|elekta,8938,elekta,2026-07-01T21:00:58.996Z
8938|físico,8938,físico,2026-07-01T21:00:58.996Z
8938|hardware_y_software,8938,hardware_y_software,2026-07-01T21:00:58.996Z
8938|infinity,8938,infinity,2026-07-01T21:00:58.996Z
8938|iview,8938,iview,2026-07-01T21:00:58.996Z
8938|linac,8938,linac,2026-07-01T21:00:58.996Z
8938|media,8938,media,2026-07-01T21:00:58.996Z
8938|monaco,8938,monaco,2026-07-01T21:00:58.996Z
8938|mosaiq,8938,mosaiq,2026-07-01T21:00:58.996Z
8938|no,8938,no,2026-07-01T21:00:58.996Z
8938|requerimiento,8938,requerimiento,2026-07-01T21:00:58.996Z
8938|storage,8938,storage,2026-07-01T21:00:58.996Z
8938|suncheck_machine,8938,suncheck_machine,2026-07-01T21:00:58.996Z
8938|sunnuclear,8938,sunnuclear,2026-07-01T21:00:58.996Z
8938|xvi,8938,xvi,2026-07-01T21:00:58.996Z
8929|acelerador_lineal,8929,acelerador_lineal,2026-07-01T21:00:58.996Z
8929|axesse,8929,axesse,2026-07-01T21:00:58.996Z
8929|braquiterapia,8929,braquiterapia,2026-07-01T21:00:58.996Z
8929|elekta,8929,elekta,2026-07-01T21:00:58.996Z
8929|físico,8929,físico,2026-07-01T21:00:58.996Z
8929|hardware_y_software,8929,hardware_y_software,2026-07-01T21:00:58.996Z
8929|incidente,8929,incidente,2026-07-01T21:00:58.996Z
8929|infinity,8929,infinity,2026-07-01T21:00:58.996Z
8929|monaco,8929,monaco,2026-07-01T21:00:58.996Z
8929|mosaiq,8929,mosaiq,2026-07-01T21:00:58.996Z
8929|no,8929,no,2026-07-01T21:00:58.996Z
8840|acelerador_lineal,8840,acelerador_lineal,2026-07-01T21:00:58.996Z
8840|agility,8840,agility,2026-07-01T21:00:58.996Z
8840|elekta,8840,elekta,2026-07-01T21:00:58.996Z
8840|hardware_y_software,8840,hardware_y_software,2026-07-01T21:00:58.996Z
8840|monaco,8840,monaco,2026-07-01T21:00:58.996Z
8840|mosaiq,8840,mosaiq,2026-07-01T21:00:58.996Z
8840|no,8840,no,2026-07-01T21:00:58.996Z
8840|problema,8840,problema,2026-07-01T21:00:58.996Z
8840|sinergy,8840,sinergy,2026-07-01T21:00:58.996Z
8840|suncheck_machine,8840,suncheck_machine,2026-07-01T21:00:58.996Z
8840|sunnuclear,8840,sunnuclear,2026-07-01T21:00:58.996Z
8840|versahd,8840,versahd,2026-07-01T21:00:58.996Z
8992|consultas_rt,8992,consultas_rt,2026-07-01T21:00:58.996Z
8992|elekta,8992,elekta,2026-07-01T21:00:58.996Z
8992|físico,8992,físico,2026-07-01T21:00:58.996Z
8992|hardware_y_software,8992,hardware_y_software,2026-07-01T21:00:58.996Z
8992|hexapod,8992,hexapod,2026-07-01T21:00:58.996Z
8992|iview,8992,iview,2026-07-01T21:00:58.996Z
8992|linac,8992,linac,2026-07-01T21:00:58.996Z
8992|monaco,8992,monaco,2026-07-01T21:00:58.996Z
8992|mosaiq,8992,mosaiq,2026-07-01T21:00:58.996Z
8992|no,8992,no,2026-07-01T21:00:58.996Z
8992|on_hold_1h,8992,on_hold_1h,2026-07-01T21:00:58.996Z
8992|platform,8992,platform,2026-07-01T21:00:58.996Z
8992|requerimiento,8992,requerimiento,2026-07-01T21:00:58.996Z
8992|suncheck_machine,8992,suncheck_machine,2026-07-01T21:00:58.996Z
8992|sunnuclear,8992,sunnuclear,2026-07-01T21:00:58.996Z
8992|versahd,8992,versahd,2026-07-01T21:00:58.996Z
8992|xvi,8992,xvi,2026-07-01T21:00:58.996Z
9013|elekta,9013,elekta,2026-07-01T21:00:58.996Z
9013|físico,9013,físico,2026-07-01T21:00:58.996Z
9013|hardware_y_software,9013,hardware_y_software,2026-07-01T21:00:58.996Z
9013|hexapod,9013,hexapod,2026-07-01T21:00:58.996Z
9013|iview,9013,iview,2026-07-01T21:00:58.996Z
9013|linac,9013,linac,2026-07-01T21:00:58.996Z
9013|monaco,9013,monaco,2026-07-01T21:00:58.996Z
9013|mosaiq,9013,mosaiq,2026-07-01T21:00:58.996Z
9013|platform,9013,platform,2026-07-01T21:00:58.996Z
9013|requerimiento,9013,requerimiento,2026-07-01T21:00:58.996Z
9013|sistema_ccp,9013,sistema_ccp,2026-07-01T21:00:58.996Z
9013|suncheck_machine,9013,suncheck_machine,2026-07-01T21:00:58.996Z
9013|sunnuclear,9013,sunnuclear,2026-07-01T21:00:58.996Z
9013|versahd,9013,versahd,2026-07-01T21:00:58.996Z
9013|xvi,9013,xvi,2026-07-01T21:00:58.996Z
8995|citrix,8995,citrix,2026-07-01T21:00:58.996Z
8995|elekta,8995,elekta,2026-07-01T21:00:58.996Z
8995|hardware_y_software,8995,hardware_y_software,2026-07-01T21:00:58.996Z
8995|hexapod,8995,hexapod,2026-07-01T21:00:58.996Z
8995|iview,8995,iview,2026-07-01T21:00:58.996Z
8995|linac,8995,linac,2026-07-01T21:00:58.996Z
8995|monaco,8995,monaco,2026-07-01T21:00:58.996Z
8995|monacosim,8995,monacosim,2026-07-01T21:00:58.996Z
8995|mosaiq,8995,mosaiq,2026-07-01T21:00:58.996Z
8995|mosaiq_server,8995,mosaiq_server,2026-07-01T21:00:58.996Z
8995|médico,8995,médico,2026-07-01T21:00:58.996Z
8995|no,8995,no,2026-07-01T21:00:58.996Z
8995|on_hold_1h,8995,on_hold_1h,2026-07-01T21:00:58.996Z
8995|platform,8995,platform,2026-07-01T21:00:58.996Z
8995|suncheck_machine,8995,suncheck_machine,2026-07-01T21:00:58.996Z
8995|sunnuclear,8995,sunnuclear,2026-07-01T21:00:58.996Z
8995|tarea,8995,tarea,2026-07-01T21:00:58.996Z
8995|versahd,8995,versahd,2026-07-01T21:00:58.996Z
8995|xvi,8995,xvi,2026-07-01T21:00:58.996Z
9029|elekta,9029,elekta,2026-07-01T21:00:58.996Z
9029|físico,9029,físico,2026-07-01T21:00:58.996Z
9029|hardware_y_software,9029,hardware_y_software,2026-07-01T21:00:58.996Z
9029|hexapod,9029,hexapod,2026-07-01T21:00:58.996Z
9029|iview,9029,iview,2026-07-01T21:00:58.996Z
9029|linac,9029,linac,2026-07-01T21:00:58.996Z
9029|monaco,9029,monaco,2026-07-01T21:00:58.996Z
9029|monaco_tps,9029,monaco_tps,2026-07-01T21:00:58.996Z
9029|mosaiq,9029,mosaiq,2026-07-01T21:00:58.996Z
9029|no,9029,no,2026-07-01T21:00:58.996Z
9029|platform,9029,platform,2026-07-01T21:00:58.996Z
9029|requerimiento,9029,requerimiento,2026-07-01T21:00:58.996Z
9029|suncheck_machine,9029,suncheck_machine,2026-07-01T21:00:58.996Z
9029|sunnuclear,9029,sunnuclear,2026-07-01T21:00:58.996Z
9029|versahd,9029,versahd,2026-07-01T21:00:58.996Z
9029|xvi,9029,xvi,2026-07-01T21:00:58.996Z
8986|acelerador_lineal,8986,acelerador_lineal,2026-07-01T21:00:58.996Z
8986|citrix,8986,citrix,2026-07-01T21:00:58.996Z
8986|elekta,8986,elekta,2026-07-01T21:00:58.996Z
8986|físico,8986,físico,2026-07-01T21:00:58.996Z
8986|hardware_y_software,8986,hardware_y_software,2026-07-01T21:00:58.996Z
8986|incidente,8986,incidente,2026-07-01T21:00:58.996Z
8986|infinity,8986,infinity,2026-07-01T21:00:58.996Z
8986|iview,8986,iview,2026-07-01T21:00:58.996Z
8986|linac,8986,linac,2026-07-01T21:00:58.996Z
8986|media,8986,media,2026-07-01T21:00:58.996Z
8986|monaco,8986,monaco,2026-07-01T21:00:58.996Z
8986|mosaiq,8986,mosaiq,2026-07-01T21:00:58.996Z
8986|no,8986,no,2026-07-01T21:00:58.996Z
8986|storage,8986,storage,2026-07-01T21:00:58.996Z
8986|suncheck_machine,8986,suncheck_machine,2026-07-01T21:00:58.996Z
8986|sunnuclear,8986,sunnuclear,2026-07-01T21:00:58.996Z
8986|xvi,8986,xvi,2026-07-01T21:00:58.996Z
8942|citrix,8942,citrix,2026-07-01T21:00:58.996Z
8942|elekta,8942,elekta,2026-07-01T21:00:58.996Z
8942|hardware_y_software,8942,hardware_y_software,2026-07-01T21:00:58.996Z
8942|incidente,8942,incidente,2026-07-01T21:00:58.996Z
8942|infinity,8942,infinity,2026-07-01T21:00:58.996Z
8942|integrity,8942,integrity,2026-07-01T21:00:58.996Z
8942|iview,8942,iview,2026-07-01T21:00:58.996Z
8942|linac,8942,linac,2026-07-01T21:00:58.996Z
8942|media,8942,media,2026-07-01T21:00:58.996Z
8942|monaco,8942,monaco,2026-07-01T21:00:58.996Z
8942|mosaiq,8942,mosaiq,2026-07-01T21:00:58.996Z
8942|no,8942,no,2026-07-01T21:00:58.996Z
8942|storage,8942,storage,2026-07-01T21:00:58.996Z
8942|suncheck_machine,8942,suncheck_machine,2026-07-01T21:00:58.996Z
8942|sunnuclear,8942,sunnuclear,2026-07-01T21:00:58.996Z
8942|xvi,8942,xvi,2026-07-01T21:00:58.996Z
8991|acelerador_lineal,8991,acelerador_lineal,2026-07-01T21:00:58.996Z
8991|brachy,8991,brachy,2026-07-01T21:00:58.996Z
8991|elekta,8991,elekta,2026-07-01T21:00:58.996Z
8991|hardware_y_software,8991,hardware_y_software,2026-07-01T21:00:58.996Z
8991|media,8991,media,2026-07-01T21:00:58.996Z
8991|monaco,8991,monaco,2026-07-01T21:00:58.996Z
8991|mosaiq,8991,mosaiq,2026-07-01T21:00:58.996Z
8991|no,8991,no,2026-07-01T21:00:58.996Z
8991|sinergy,8991,sinergy,2026-07-01T21:00:58.996Z
8991|supervisor_de_radioterapía,8991,supervisor_de_radioterapía,2026-07-01T21:00:58.996Z
8991|synergy,8991,synergy,2026-07-01T21:00:58.996Z
8991|tarea,8991,tarea,2026-07-01T21:00:58.996Z
9022|acelerador_lineal,9022,acelerador_lineal,2026-07-01T21:00:58.996Z
9022|citrix,9022,citrix,2026-07-01T21:00:58.996Z
9022|elekta,9022,elekta,2026-07-01T21:00:58.996Z
9022|físico,9022,físico,2026-07-01T21:00:58.996Z
9022|hardware_y_software,9022,hardware_y_software,2026-07-01T21:00:58.996Z
9022|infinity,9022,infinity,2026-07-01T21:00:58.996Z
9022|iview,9022,iview,2026-07-01T21:00:58.996Z
9022|linac,9022,linac,2026-07-01T21:00:58.996Z
9022|media,9022,media,2026-07-01T21:00:58.996Z
9022|monaco,9022,monaco,2026-07-01T21:00:58.996Z
9022|mosaiq,9022,mosaiq,2026-07-01T21:00:58.996Z
9022|no,9022,no,2026-07-01T21:00:58.996Z
9022|problema,9022,problema,2026-07-01T21:00:58.996Z
9022|storage,9022,storage,2026-07-01T21:00:58.996Z
9022|suncheck_machine,9022,suncheck_machine,2026-07-01T21:00:58.996Z
9022|sunnuclear,9022,sunnuclear,2026-07-01T21:00:58.996Z
9022|xvi,9022,xvi,2026-07-01T21:00:58.996Z
9015|cabezal_agility,9015,cabezal_agility,2026-07-01T21:00:58.996Z
9015|citrix,9015,citrix,2026-07-01T21:00:58.996Z
9015|elekta,9015,elekta,2026-07-01T21:00:58.996Z
9015|físico,9015,físico,2026-07-01T21:00:58.996Z
9015|hardware_y_software,9015,hardware_y_software,2026-07-01T21:00:58.996Z
9015|infinity,9015,infinity,2026-07-01T21:00:58.996Z
9015|iview,9015,iview,2026-07-01T21:00:58.996Z
9015|linac,9015,linac,2026-07-01T21:00:58.996Z
9015|media,9015,media,2026-07-01T21:00:58.996Z
9015|monaco,9015,monaco,2026-07-01T21:00:58.996Z
9015|mosaiq,9015,mosaiq,2026-07-01T21:00:58.996Z
9015|no,9015,no,2026-07-01T21:00:58.996Z
9015|problema,9015,problema,2026-07-01T21:00:58.996Z
9015|storage,9015,storage,2026-07-01T21:00:58.996Z
9015|suncheck_machine,9015,suncheck_machine,2026-07-01T21:00:58.996Z
9015|sunnuclear,9015,sunnuclear,2026-07-01T21:00:58.996Z
9015|xvi,9015,xvi,2026-07-01T21:00:58.996Z
9046|elekta,9046,elekta,2026-07-01T21:00:58.996Z
9046|físico,9046,físico,2026-07-01T21:00:58.996Z
9046|hardware_y_software,9046,hardware_y_software,2026-07-01T21:00:58.996Z
9046|hexapod,9046,hexapod,2026-07-01T21:00:58.996Z
9046|iview,9046,iview,2026-07-01T21:00:58.996Z
9046|linac,9046,linac,2026-07-01T21:00:58.996Z
9046|monaco,9046,monaco,2026-07-01T21:00:58.996Z
9046|mosaiq,9046,mosaiq,2026-07-01T21:00:58.996Z
9046|mosaiq_workstation,9046,mosaiq_workstation,2026-07-01T21:00:58.996Z
9046|no,9046,no,2026-07-01T21:00:58.996Z
9046|platform,9046,platform,2026-07-01T21:00:58.996Z
9046|problema,9046,problema,2026-07-01T21:00:58.996Z
9046|suncheck_machine,9046,suncheck_machine,2026-07-01T21:00:58.996Z
9046|sunnuclear,9046,sunnuclear,2026-07-01T21:00:58.996Z
9046|versahd,9046,versahd,2026-07-01T21:00:58.996Z
9046|xvi,9046,xvi,2026-07-01T21:00:58.996Z
9045|elekta,9045,elekta,2026-07-01T21:00:58.996Z
9045|físico,9045,físico,2026-07-01T21:00:58.996Z
9045|hardware_y_software,9045,hardware_y_software,2026-07-01T21:00:58.996Z
9045|hexapod,9045,hexapod,2026-07-01T21:00:58.996Z
9045|iview,9045,iview,2026-07-01T21:00:58.996Z
9045|linac,9045,linac,2026-07-01T21:00:58.996Z
9045|monaco,9045,monaco,2026-07-01T21:00:58.996Z
9045|mosaiq,9045,mosaiq,2026-07-01T21:00:58.996Z
9045|mosaiq_workstation,9045,mosaiq_workstation,2026-07-01T21:00:58.996Z
9045|no,9045,no,2026-07-01T21:00:58.996Z
9045|platform,9045,platform,2026-07-01T21:00:58.996Z
9045|problema,9045,problema,2026-07-01T21:00:58.996Z
9045|suncheck_machine,9045,suncheck_machine,2026-07-01T21:00:58.996Z
9045|sunnuclear,9045,sunnuclear,2026-07-01T21:00:58.996Z
9045|versahd,9045,versahd,2026-07-01T21:00:58.996Z
9045|xvi,9045,xvi,2026-07-01T21:00:58.996Z
447|acelerador_lineal,447,acelerador_lineal,2026-07-01T21:00:58.996Z
447|elekta,447,elekta,2026-07-01T21:00:58.996Z
447|físico,447,físico,2026-07-01T21:00:58.996Z
447|hardware_y_software,447,hardware_y_software,2026-07-01T21:00:58.996Z
447|hexapod,447,hexapod,2026-07-01T21:00:58.996Z
447|iba,447,iba,2026-07-01T21:00:58.996Z
447|iguide,447,iguide,2026-07-01T21:00:58.996Z
447|iview,447,iview,2026-07-01T21:00:58.996Z
447|monaco,447,monaco,2026-07-01T21:00:58.996Z
447|monacosim,447,monacosim,2026-07-01T21:00:58.996Z
447|mosaiq,447,mosaiq,2026-07-01T21:00:58.996Z
447|no,447,no,2026-07-01T21:00:58.996Z
447|problema,447,problema,2026-07-01T21:00:58.996Z
447|rtp99,447,rtp99,2026-07-01T21:00:58.996Z
447|tcs,447,tcs,2026-07-01T21:00:58.996Z
447|versahd,447,versahd,2026-07-01T21:00:58.996Z
447|xvi,447,xvi,2026-07-01T21:00:58.996Z
9055|axesse,9055,axesse,2026-07-01T21:00:58.996Z
9055|barcoding,9055,barcoding,2026-07-01T21:00:58.996Z
9055|braquiterapia,9055,braquiterapia,2026-07-01T21:00:58.996Z
9055|dosisoft,9055,dosisoft,2026-07-01T21:00:58.996Z
9055|elekta,9055,elekta,2026-07-01T21:00:58.996Z
9055|físico,9055,físico,2026-07-01T21:00:58.996Z
9055|hardware_y_software,9055,hardware_y_software,2026-07-01T21:00:58.996Z
9055|infinity,9055,infinity,2026-07-01T21:00:58.996Z
9055|iview,9055,iview,2026-07-01T21:00:58.996Z
9055|linac,9055,linac,2026-07-01T21:00:58.996Z
9055|monaco,9055,monaco,2026-07-01T21:00:58.996Z
9055|monacosim,9055,monacosim,2026-07-01T21:00:58.996Z
9055|mosaiq,9055,mosaiq,2026-07-01T21:00:58.996Z
9055|problema,9055,problema,2026-07-01T21:00:58.996Z
9055|si,9055,si,2026-07-01T21:00:58.996Z
9055|storage,9055,storage,2026-07-01T21:00:58.996Z
9055|versahd,9055,versahd,2026-07-01T21:00:58.996Z
9055|xvi,9055,xvi,2026-07-01T21:00:58.996Z
8769|brachy,8769,brachy,2026-07-01T21:00:58.996Z
8769|comapact,8769,comapact,2026-07-01T21:00:58.996Z
8769|compact,8769,compact,2026-07-01T21:00:58.996Z
8769|elekta,8769,elekta,2026-07-01T21:00:58.996Z
8769|flexitron,8769,flexitron,2026-07-01T21:00:58.996Z
8769|físico,8769,físico,2026-07-01T21:00:58.996Z
8769|hardware_y_software,8769,hardware_y_software,2026-07-01T21:00:58.996Z
8769|monaco_sim,8769,monaco_sim,2026-07-01T21:00:58.996Z
8769|no,8769,no,2026-07-01T21:00:58.996Z
8769|on_hold_1h,8769,on_hold_1h,2026-07-01T21:00:58.996Z
8769|requerimiento,8769,requerimiento,2026-07-01T21:00:58.996Z
8922|closed_by_merge,8922,closed_by_merge,2026-07-01T21:00:58.996Z
8922|elekta,8922,elekta,2026-07-01T21:00:58.996Z
8922|físico,8922,físico,2026-07-01T21:00:58.996Z
8922|hardware_y_software,8922,hardware_y_software,2026-07-01T21:00:58.996Z
8922|hexapod,8922,hexapod,2026-07-01T21:00:58.996Z
8922|iview,8922,iview,2026-07-01T21:00:58.996Z
8922|linac,8922,linac,2026-07-01T21:00:58.996Z
8922|monaco,8922,monaco,2026-07-01T21:00:58.996Z
8922|mosaiq,8922,mosaiq,2026-07-01T21:00:58.996Z
8922|no,8922,no,2026-07-01T21:00:58.996Z
8922|on_hold_1h,8922,on_hold_1h,2026-07-01T21:00:58.996Z
8922|platform,8922,platform,2026-07-01T21:00:58.996Z
8922|problema,8922,problema,2026-07-01T21:00:58.996Z
8922|sistema_de_imagen_cbct_xvi,8922,sistema_de_imagen_cbct_xvi,2026-07-01T21:00:58.996Z
8922|suncheck_machine,8922,suncheck_machine,2026-07-01T21:00:58.996Z
8922|sunnuclear,8922,sunnuclear,2026-07-01T21:00:58.996Z
8922|versahd,8922,versahd,2026-07-01T21:00:58.996Z
8922|xvi,8922,xvi,2026-07-01T21:00:58.996Z
9059|elekta,9059,elekta,2026-07-01T21:00:58.996Z
9059|físico,9059,físico,2026-07-01T21:00:58.996Z
9059|hardware_y_software,9059,hardware_y_software,2026-07-01T21:00:58.996Z
9059|hexapod,9059,hexapod,2026-07-01T21:00:58.996Z
9059|incidente,9059,incidente,2026-07-01T21:00:58.996Z
9059|iview,9059,iview,2026-07-01T21:00:58.996Z
9059|linac,9059,linac,2026-07-01T21:00:58.996Z
9059|monaco,9059,monaco,2026-07-01T21:00:58.996Z
9059|mosaiq,9059,mosaiq,2026-07-01T21:00:58.996Z
9059|no,9059,no,2026-07-01T21:00:58.996Z
9059|platform,9059,platform,2026-07-01T21:00:58.996Z
9059|suncheck,9059,suncheck,2026-07-01T21:00:58.996Z
9059|suncheck_machine,9059,suncheck_machine,2026-07-01T21:00:58.996Z
9059|sunnuclear,9059,sunnuclear,2026-07-01T21:00:58.996Z
9059|versahd,9059,versahd,2026-07-01T21:00:58.996Z
9059|xvi,9059,xvi,2026-07-01T21:00:58.996Z
8953|agility,8953,agility,2026-07-01T21:00:58.996Z
8953|elekta,8953,elekta,2026-07-01T21:00:58.996Z
8953|hardware_y_software,8953,hardware_y_software,2026-07-01T21:00:58.996Z
8953|monaco,8953,monaco,2026-07-01T21:00:58.996Z
8953|mosaiq,8953,mosaiq,2026-07-01T21:00:58.996Z
8953|requerimiento,8953,requerimiento,2026-07-01T21:00:58.996Z
8953|sinergy,8953,sinergy,2026-07-01T21:00:58.996Z
8953|suncheck,8953,suncheck,2026-07-01T21:00:58.996Z
8953|suncheck_machine,8953,suncheck_machine,2026-07-01T21:00:58.996Z
8953|sunnuclear,8953,sunnuclear,2026-07-01T21:00:58.996Z
8953|versahd,8953,versahd,2026-07-01T21:00:58.996Z
9011|elekta,9011,elekta,2026-07-01T21:00:58.996Z
9011|físico,9011,físico,2026-07-01T21:00:58.996Z
9011|hardware_y_software,9011,hardware_y_software,2026-07-01T21:00:58.996Z
9011|hexapod,9011,hexapod,2026-07-01T21:00:58.996Z
9011|iview,9011,iview,2026-07-01T21:00:58.996Z
9011|linac,9011,linac,2026-07-01T21:00:58.996Z
9011|monaco,9011,monaco,2026-07-01T21:00:58.996Z
9011|mosaiq,9011,mosaiq,2026-07-01T21:00:58.996Z
9011|no,9011,no,2026-07-01T21:00:58.996Z
9011|platform,9011,platform,2026-07-01T21:00:58.996Z
9011|problema,9011,problema,2026-07-01T21:00:58.996Z
9011|suncheck,9011,suncheck,2026-07-01T21:00:58.996Z
9011|suncheck_machine,9011,suncheck_machine,2026-07-01T21:00:58.996Z
9011|sunnuclear,9011,sunnuclear,2026-07-01T21:00:58.996Z
9011|versahd,9011,versahd,2026-07-01T21:00:58.996Z
9011|xvi,9011,xvi,2026-07-01T21:00:58.996Z
9091|acelerador_lineal,9091,acelerador_lineal,2026-07-01T21:00:58.996Z
9091|elekta,9091,elekta,2026-07-01T21:00:58.996Z
9091|físico,9091,físico,2026-07-01T21:00:58.996Z
9091|hardware_y_software,9091,hardware_y_software,2026-07-01T21:00:58.996Z
9091|hexapod,9091,hexapod,2026-07-01T21:00:58.996Z
9091|iview,9091,iview,2026-07-01T21:00:58.996Z
9091|linac,9091,linac,2026-07-01T21:00:58.996Z
9091|monaco,9091,monaco,2026-07-01T21:00:58.996Z
9091|mosaiq,9091,mosaiq,2026-07-01T21:00:58.996Z
9091|no,9091,no,2026-07-01T21:00:58.996Z
9091|platform,9091,platform,2026-07-01T21:00:58.996Z
9091|problema,9091,problema,2026-07-01T21:00:58.996Z
9091|suncheck_machine,9091,suncheck_machine,2026-07-01T21:00:58.996Z
9091|sunnuclear,9091,sunnuclear,2026-07-01T21:00:58.996Z
9091|versahd,9091,versahd,2026-07-01T21:00:58.996Z
9091|xvi,9091,xvi,2026-07-01T21:00:58.996Z
9090|elekta,9090,elekta,2026-07-01T21:00:58.996Z
9090|físico,9090,físico,2026-07-01T21:00:58.996Z
9090|hardware_y_software,9090,hardware_y_software,2026-07-01T21:00:58.996Z
9090|hexapod,9090,hexapod,2026-07-01T21:00:58.996Z
9090|iview,9090,iview,2026-07-01T21:00:58.996Z
9090|linac,9090,linac,2026-07-01T21:00:58.996Z
9090|monaco,9090,monaco,2026-07-01T21:00:58.996Z
9090|mosaiq,9090,mosaiq,2026-07-01T21:00:58.996Z
9090|no,9090,no,2026-07-01T21:00:58.996Z
9090|platform,9090,platform,2026-07-01T21:00:58.996Z
9090|problema,9090,problema,2026-07-01T21:00:58.996Z
9090|sistema_de_imagen_portal_iview,9090,sistema_de_imagen_portal_iview,2026-07-01T21:00:58.996Z
9090|suncheck_machine,9090,suncheck_machine,2026-07-01T21:00:58.996Z
9090|sunnuclear,9090,sunnuclear,2026-07-01T21:00:58.996Z
9090|versahd,9090,versahd,2026-07-01T21:00:58.996Z
9090|xvi,9090,xvi,2026-07-01T21:00:58.996Z
9060|elekta,9060,elekta,2026-07-01T21:00:58.996Z
9060|físico,9060,físico,2026-07-01T21:00:58.996Z
9060|hardware_y_software,9060,hardware_y_software,2026-07-01T21:00:58.996Z
9060|hexapod,9060,hexapod,2026-07-01T21:00:58.996Z
9060|incidente,9060,incidente,2026-07-01T21:00:58.996Z
9060|iview,9060,iview,2026-07-01T21:00:58.996Z
9060|linac,9060,linac,2026-07-01T21:00:58.996Z
9060|monaco,9060,monaco,2026-07-01T21:00:58.996Z
9060|mosaiq,9060,mosaiq,2026-07-01T21:00:58.996Z
9060|no,9060,no,2026-07-01T21:00:58.996Z
9060|platform,9060,platform,2026-07-01T21:00:58.996Z
9060|sistema_de_imagen_portal_iview,9060,sistema_de_imagen_portal_iview,2026-07-01T21:00:58.996Z
9060|suncheck_machine,9060,suncheck_machine,2026-07-01T21:00:58.996Z
9060|sunnuclear,9060,sunnuclear,2026-07-01T21:00:58.996Z
9060|versahd,9060,versahd,2026-07-01T21:00:58.996Z
9060|xvi,9060,xvi,2026-07-01T21:00:58.996Z
9085|agility,9085,agility,2026-07-01T21:00:58.996Z
9085|consultas_rt,9085,consultas_rt,2026-07-01T21:00:58.996Z
9085|dosimetrista,9085,dosimetrista,2026-07-01T21:00:58.996Z
9085|elekta,9085,elekta,2026-07-01T21:00:58.996Z
9085|hardware_y_software,9085,hardware_y_software,2026-07-01T21:00:58.996Z
9085|monaco,9085,monaco,2026-07-01T21:00:58.996Z
9085|mosaiq,9085,mosaiq,2026-07-01T21:00:58.996Z
9085|no,9085,no,2026-07-01T21:00:58.996Z
9085|requerimiento,9085,requerimiento,2026-07-01T21:00:58.996Z
9085|sinergy,9085,sinergy,2026-07-01T21:00:58.996Z
9085|suncheck_machine,9085,suncheck_machine,2026-07-01T21:00:58.996Z
9085|sunnuclear,9085,sunnuclear,2026-07-01T21:00:58.996Z
9085|versahd,9085,versahd,2026-07-01T21:00:58.996Z
9081|acelerador_lineal,9081,acelerador_lineal,2026-07-01T21:00:58.996Z
9081|brachy,9081,brachy,2026-07-01T21:00:58.996Z
9081|elekta,9081,elekta,2026-07-01T21:00:58.996Z
9081|hardware_y_software,9081,hardware_y_software,2026-07-01T21:00:58.996Z
9081|media,9081,media,2026-07-01T21:00:58.996Z
9081|monaco,9081,monaco,2026-07-01T21:00:58.996Z
9081|mosaiq,9081,mosaiq,2026-07-01T21:00:58.996Z
9081|no,9081,no,2026-07-01T21:00:58.996Z
9081|on_hold_1h,9081,on_hold_1h,2026-07-01T21:00:58.996Z
9081|sinergy,9081,sinergy,2026-07-01T21:00:58.996Z
9081|supervisor_de_radioterapía,9081,supervisor_de_radioterapía,2026-07-01T21:00:58.996Z
9081|synergy,9081,synergy,2026-07-01T21:00:58.996Z
9081|tarea,9081,tarea,2026-07-01T21:00:58.996Z
8958|elekta,8958,elekta,2026-07-01T21:00:58.996Z
8958|hardware_y_software,8958,hardware_y_software,2026-07-01T21:00:58.996Z
8958|hexapod,8958,hexapod,2026-07-01T21:00:58.996Z
8958|iview,8958,iview,2026-07-01T21:00:58.996Z
8958|linac,8958,linac,2026-07-01T21:00:58.996Z
8958|monaco,8958,monaco,2026-07-01T21:00:58.996Z
8958|mosaiq,8958,mosaiq,2026-07-01T21:00:58.996Z
8958|mosaiq_esi,8958,mosaiq_esi,2026-07-01T21:00:58.996Z
8958|médico,8958,médico,2026-07-01T21:00:58.996Z
8958|no,8958,no,2026-07-01T21:00:58.996Z
8958|platform,8958,platform,2026-07-01T21:00:58.996Z
8958|problema,8958,problema,2026-07-01T21:00:58.996Z
8958|suncheck_machine,8958,suncheck_machine,2026-07-01T21:00:58.996Z
8958|sunnuclear,8958,sunnuclear,2026-07-01T21:00:58.996Z
8958|versahd,8958,versahd,2026-07-01T21:00:58.996Z
8958|xvi,8958,xvi,2026-07-01T21:00:58.996Z
9089|axesse,9089,axesse,2026-07-01T21:00:58.996Z
9089|braquiterapia,9089,braquiterapia,2026-07-01T21:00:58.996Z
9089|clarity,9089,clarity,2026-07-01T21:00:58.996Z
9089|elekta,9089,elekta,2026-07-01T21:00:58.996Z
9089|físico,9089,físico,2026-07-01T21:00:58.996Z
9089|hardware_y_software,9089,hardware_y_software,2026-07-01T21:00:58.996Z
9089|incidente,9089,incidente,2026-07-01T21:00:58.996Z
9089|infinity,9089,infinity,2026-07-01T21:00:58.996Z
9089|monaco,9089,monaco,2026-07-01T21:00:58.996Z
9089|mosaiq,9089,mosaiq,2026-07-01T21:00:58.996Z
9089|si,9089,si,2026-07-01T21:00:58.996Z
9115|acelerador_lineal,9115,acelerador_lineal,2026-07-01T21:00:58.996Z
9115|brachy,9115,brachy,2026-07-01T21:00:58.996Z
9115|elekta,9115,elekta,2026-07-01T21:00:58.996Z
9115|flexitron,9115,flexitron,2026-07-01T21:00:58.996Z
9115|físico,9115,físico,2026-07-01T21:00:58.996Z
9115|hardware_y_software,9115,hardware_y_software,2026-07-01T21:00:58.996Z
9115|infinity,9115,infinity,2026-07-01T21:00:58.996Z
9115|no,9115,no,2026-07-01T21:00:58.996Z
9115|problema,9115,problema,2026-07-01T21:00:58.996Z
8895|elekta,8895,elekta,2026-07-01T21:00:58.996Z
8895|físico,8895,físico,2026-07-01T21:00:58.996Z
8895|hardware_y_software,8895,hardware_y_software,2026-07-01T21:00:58.996Z
8895|hexapod,8895,hexapod,2026-07-01T21:00:58.996Z
8895|iview,8895,iview,2026-07-01T21:00:58.996Z
8895|linac,8895,linac,2026-07-01T21:00:58.996Z
8895|monaco,8895,monaco,2026-07-01T21:00:58.996Z
8895|mosaiq,8895,mosaiq,2026-07-01T21:00:58.996Z
8895|no,8895,no,2026-07-01T21:00:58.996Z
8895|platform,8895,platform,2026-07-01T21:00:58.996Z
8895|problema,8895,problema,2026-07-01T21:00:58.996Z
8895|sistema_de_imagen_cbct_xvi,8895,sistema_de_imagen_cbct_xvi,2026-07-01T21:00:58.996Z
8895|suncheck_machine,8895,suncheck_machine,2026-07-01T21:00:58.996Z
8895|sunnuclear,8895,sunnuclear,2026-07-01T21:00:58.996Z
8895|versahd,8895,versahd,2026-07-01T21:00:58.996Z
8895|xvi,8895,xvi,2026-07-01T21:00:58.996Z
9092|agility,9092,agility,2026-07-01T21:00:58.996Z
9092|elekta,9092,elekta,2026-07-01T21:00:58.996Z
9092|hardware_y_software,9092,hardware_y_software,2026-07-01T21:00:58.996Z
9092|incidente,9092,incidente,2026-07-01T21:00:58.996Z
9092|monaco,9092,monaco,2026-07-01T21:00:58.996Z
9092|mosaiq,9092,mosaiq,2026-07-01T21:00:58.996Z
9092|si,9092,si,2026-07-01T21:00:58.996Z
9092|sinergy,9092,sinergy,2026-07-01T21:00:58.996Z
9092|suncheck,9092,suncheck,2026-07-01T21:00:58.996Z
9092|suncheck_machine,9092,suncheck_machine,2026-07-01T21:00:58.996Z
9092|sunnuclear,9092,sunnuclear,2026-07-01T21:00:58.996Z
9092|versahd,9092,versahd,2026-07-01T21:00:58.996Z
9082|citrix,9082,citrix,2026-07-01T21:00:58.996Z
9082|elekta,9082,elekta,2026-07-01T21:00:58.996Z
9082|hardware_y_software,9082,hardware_y_software,2026-07-01T21:00:58.996Z
9082|infinity,9082,infinity,2026-07-01T21:00:58.996Z
9082|integrity,9082,integrity,2026-07-01T21:00:58.996Z
9082|iview,9082,iview,2026-07-01T21:00:58.996Z
9082|linac,9082,linac,2026-07-01T21:00:58.996Z
9082|media,9082,media,2026-07-01T21:00:58.996Z
9082|monaco,9082,monaco,2026-07-01T21:00:58.996Z
9082|mosaiq,9082,mosaiq,2026-07-01T21:00:58.996Z
9082|problema,9082,problema,2026-07-01T21:00:58.996Z
9082|si,9082,si,2026-07-01T21:00:58.996Z
9082|storage,9082,storage,2026-07-01T21:00:58.996Z
9082|suncheck_machine,9082,suncheck_machine,2026-07-01T21:00:58.996Z
9082|sunnuclear,9082,sunnuclear,2026-07-01T21:00:58.996Z
9082|xvi,9082,xvi,2026-07-01T21:00:58.996Z
9072|citrix,9072,citrix,2026-07-01T21:00:58.996Z
9072|elekta,9072,elekta,2026-07-01T21:00:58.996Z
9072|físico,9072,físico,2026-07-01T21:00:58.996Z
9072|hardware_y_software,9072,hardware_y_software,2026-07-01T21:00:58.996Z
9072|infinity,9072,infinity,2026-07-01T21:00:58.996Z
9072|integrity,9072,integrity,2026-07-01T21:00:58.996Z
9072|iview,9072,iview,2026-07-01T21:00:58.996Z
9072|linac,9072,linac,2026-07-01T21:00:58.996Z
9072|media,9072,media,2026-07-01T21:00:58.996Z
9072|monaco,9072,monaco,2026-07-01T21:00:58.996Z
9072|mosaiq,9072,mosaiq,2026-07-01T21:00:58.996Z
9072|problema,9072,problema,2026-07-01T21:00:58.996Z
9072|si,9072,si,2026-07-01T21:00:58.996Z
9072|storage,9072,storage,2026-07-01T21:00:58.996Z
9072|suncheck_machine,9072,suncheck_machine,2026-07-01T21:00:58.996Z
9072|sunnuclear,9072,sunnuclear,2026-07-01T21:00:58.996Z
9072|xvi,9072,xvi,2026-07-01T21:00:58.996Z
9126|citrix,9126,citrix,2026-07-01T21:00:58.996Z
9126|elekta,9126,elekta,2026-07-01T21:00:58.996Z
9126|físico,9126,físico,2026-07-01T21:00:58.996Z
9126|hardware_y_software,9126,hardware_y_software,2026-07-01T21:00:58.996Z
9126|infinity,9126,infinity,2026-07-01T21:00:58.996Z
9126|integrity,9126,integrity,2026-07-01T21:00:58.996Z
9126|iview,9126,iview,2026-07-01T21:00:58.996Z
9126|linac,9126,linac,2026-07-01T21:00:58.996Z
9126|media,9126,media,2026-07-01T21:00:58.996Z
9126|monaco,9126,monaco,2026-07-01T21:00:58.996Z
9126|mosaiq,9126,mosaiq,2026-07-01T21:00:58.996Z
9126|problema,9126,problema,2026-07-01T21:00:58.996Z
9126|si,9126,si,2026-07-01T21:00:58.996Z
9126|storage,9126,storage,2026-07-01T21:00:58.996Z
9126|suncheck_machine,9126,suncheck_machine,2026-07-01T21:00:58.996Z
9126|sunnuclear,9126,sunnuclear,2026-07-01T21:00:58.996Z
9126|xvi,9126,xvi,2026-07-01T21:00:58.996Z
9129|elekta,9129,elekta,2026-07-01T21:00:58.996Z
9129|físico,9129,físico,2026-07-01T21:00:58.996Z
9129|hardware_y_software,9129,hardware_y_software,2026-07-01T21:00:58.996Z
9129|hexapod,9129,hexapod,2026-07-01T21:00:58.996Z
9129|iview,9129,iview,2026-07-01T21:00:58.996Z
9129|linac,9129,linac,2026-07-01T21:00:58.996Z
9129|monaco,9129,monaco,2026-07-01T21:00:58.996Z
9129|monaco_tps,9129,monaco_tps,2026-07-01T21:00:58.996Z
9129|mosaiq,9129,mosaiq,2026-07-01T21:00:58.996Z
9129|no,9129,no,2026-07-01T21:00:58.996Z
9129|platform,9129,platform,2026-07-01T21:00:58.996Z
9129|problema,9129,problema,2026-07-01T21:00:58.996Z
9129|suncheck_machine,9129,suncheck_machine,2026-07-01T21:00:58.996Z
9129|sunnuclear,9129,sunnuclear,2026-07-01T21:00:58.996Z
9129|versahd,9129,versahd,2026-07-01T21:00:58.996Z
9129|xvi,9129,xvi,2026-07-01T21:00:58.996Z
9084|agility,9084,agility,2026-07-01T21:00:58.996Z
9084|elekta,9084,elekta,2026-07-01T21:00:58.996Z
9084|físico,9084,físico,2026-07-01T21:00:58.996Z
9084|hardware_y_software,9084,hardware_y_software,2026-07-01T21:00:58.996Z
9084|monaco,9084,monaco,2026-07-01T21:00:58.996Z
9084|mosaiq,9084,mosaiq,2026-07-01T21:00:58.996Z
9084|no,9084,no,2026-07-01T21:00:58.996Z
9084|requerimiento,9084,requerimiento,2026-07-01T21:00:58.996Z
9084|sinergy,9084,sinergy,2026-07-01T21:00:58.996Z
9084|suncheck,9084,suncheck,2026-07-01T21:00:58.996Z
9084|suncheck_machine,9084,suncheck_machine,2026-07-01T21:00:58.996Z
9084|sunnuclear,9084,sunnuclear,2026-07-01T21:00:58.996Z
9084|versahd,9084,versahd,2026-07-01T21:00:58.996Z
9121|elekta,9121,elekta,2026-07-01T21:00:58.996Z
9121|físico,9121,físico,2026-07-01T21:00:58.996Z
9121|hardware_y_software,9121,hardware_y_software,2026-07-01T21:00:58.996Z
9121|hexapod,9121,hexapod,2026-07-01T21:00:58.996Z
9121|iview,9121,iview,2026-07-01T21:00:58.996Z
9121|linac,9121,linac,2026-07-01T21:00:58.996Z
9121|monaco,9121,monaco,2026-07-01T21:00:58.996Z
9121|mosaiq,9121,mosaiq,2026-07-01T21:00:58.996Z
9121|no,9121,no,2026-07-01T21:00:58.996Z
9121|platform,9121,platform,2026-07-01T21:00:58.996Z
9121|problema,9121,problema,2026-07-01T21:00:58.996Z
9121|sistema_de_imagen_portal_iview,9121,sistema_de_imagen_portal_iview,2026-07-01T21:00:58.996Z
9121|suncheck_machine,9121,suncheck_machine,2026-07-01T21:00:58.996Z
9121|sunnuclear,9121,sunnuclear,2026-07-01T21:00:58.996Z
9121|versahd,9121,versahd,2026-07-01T21:00:58.996Z
9121|xvi,9121,xvi,2026-07-01T21:00:58.996Z
9130|axesse,9130,axesse,2026-07-01T21:00:58.996Z
9130|braquiterapia,9130,braquiterapia,2026-07-01T21:00:58.996Z
9130|clarity,9130,clarity,2026-07-01T21:00:58.996Z
9130|elekta,9130,elekta,2026-07-01T21:00:58.996Z
9130|físico,9130,físico,2026-07-01T21:00:58.996Z
9130|hardware_y_software,9130,hardware_y_software,2026-07-01T21:00:58.996Z
9130|infinity,9130,infinity,2026-07-01T21:00:58.996Z
9130|monaco,9130,monaco,2026-07-01T21:00:58.996Z
9130|mosaiq,9130,mosaiq,2026-07-01T21:00:58.996Z
9130|no,9130,no,2026-07-01T21:00:58.996Z
9130|problema,9130,problema,2026-07-01T21:00:58.996Z
9105|acelerador_lineal,9105,acelerador_lineal,2026-07-01T21:00:58.996Z
9105|axesse,9105,axesse,2026-07-01T21:00:58.996Z
9105|braquiterapia,9105,braquiterapia,2026-07-01T21:00:58.996Z
9105|elekta,9105,elekta,2026-07-01T21:00:58.996Z
9105|físico,9105,físico,2026-07-01T21:00:58.996Z
9105|hardware_y_software,9105,hardware_y_software,2026-07-01T21:00:58.996Z
9105|infinity,9105,infinity,2026-07-01T21:00:58.996Z
9105|no,9105,no,2026-07-01T21:00:58.996Z
9105|problema,9105,problema,2026-07-01T21:00:58.996Z
9103|axesse,9103,axesse,2026-07-01T21:00:58.996Z
9103|braquiterapia,9103,braquiterapia,2026-07-01T21:00:58.996Z
9103|clarity,9103,clarity,2026-07-01T21:00:58.996Z
9103|elekta,9103,elekta,2026-07-01T21:00:58.996Z
9103|físico,9103,físico,2026-07-01T21:00:58.996Z
9103|hardware_y_software,9103,hardware_y_software,2026-07-01T21:00:58.996Z
9103|infinity,9103,infinity,2026-07-01T21:00:58.996Z
9103|monaco,9103,monaco,2026-07-01T21:00:58.996Z
9103|mosaiq,9103,mosaiq,2026-07-01T21:00:58.996Z
9103|no,9103,no,2026-07-01T21:00:58.996Z
9103|requerimiento,9103,requerimiento,2026-07-01T21:00:58.996Z
9018|axesse,9018,axesse,2026-07-01T21:00:58.996Z
9018|braquiterapia,9018,braquiterapia,2026-07-01T21:00:58.996Z
9018|clarity,9018,clarity,2026-07-01T21:00:58.996Z
9018|elekta,9018,elekta,2026-07-01T21:00:58.996Z
9018|físico,9018,físico,2026-07-01T21:00:58.996Z
9018|hardware_y_software,9018,hardware_y_software,2026-07-01T21:00:58.996Z
9018|infinity,9018,infinity,2026-07-01T21:00:58.996Z
9018|monaco,9018,monaco,2026-07-01T21:00:58.996Z
9018|mosaiq,9018,mosaiq,2026-07-01T21:00:58.996Z
9018|no,9018,no,2026-07-01T21:00:58.996Z
9018|problema,9018,problema,2026-07-01T21:00:58.996Z
9139|acelerador_lineal,9139,acelerador_lineal,2026-07-01T21:00:58.996Z
9139|elekta,9139,elekta,2026-07-01T21:00:58.996Z
9139|físico,9139,físico,2026-07-01T21:00:58.996Z
9139|hardware_y_software,9139,hardware_y_software,2026-07-01T21:00:58.996Z
9139|infinity,9139,infinity,2026-07-01T21:00:58.996Z
9139|iview,9139,iview,2026-07-01T21:00:58.996Z
9139|linac,9139,linac,2026-07-01T21:00:58.996Z
9139|problema,9139,problema,2026-07-01T21:00:58.996Z
9139|si,9139,si,2026-07-01T21:00:58.996Z
9139|xvi,9139,xvi,2026-07-01T21:00:58.996Z
8832|acelerador_lineal,8832,acelerador_lineal,2026-07-01T21:00:58.996Z
8832|axesse,8832,axesse,2026-07-01T21:00:58.996Z
8832|elekta,8832,elekta,2026-07-01T21:00:58.996Z
8832|físico,8832,físico,2026-07-01T21:00:58.996Z
8832|hardware_y_software,8832,hardware_y_software,2026-07-01T21:00:58.996Z
8832|infinity,8832,infinity,2026-07-01T21:00:58.996Z
8832|problema,8832,problema,2026-07-01T21:00:58.996Z
8832|si,8832,si,2026-07-01T21:00:58.996Z
9145|elekta,9145,elekta,2026-07-01T21:00:58.996Z
9145|físico,9145,físico,2026-07-01T21:00:58.996Z
9145|hardware_y_software,9145,hardware_y_software,2026-07-01T21:00:58.996Z
9145|infinity,9145,infinity,2026-07-01T21:00:58.996Z
9145|integrity,9145,integrity,2026-07-01T21:00:58.996Z
9145|iview,9145,iview,2026-07-01T21:00:58.996Z
9145|linac,9145,linac,2026-07-01T21:00:58.996Z
9145|problema,9145,problema,2026-07-01T21:00:58.996Z
9145|si,9145,si,2026-07-01T21:00:58.996Z
9145|xvi,9145,xvi,2026-07-01T21:00:58.996Z
9146|elekta,9146,elekta,2026-07-01T21:00:58.996Z
9146|físico,9146,físico,2026-07-01T21:00:58.996Z
9146|hardware_y_software,9146,hardware_y_software,2026-07-01T21:00:58.996Z
9146|hexapod,9146,hexapod,2026-07-01T21:00:58.996Z
9146|iview,9146,iview,2026-07-01T21:00:58.996Z
9146|linac,9146,linac,2026-07-01T21:00:58.996Z
9146|monaco,9146,monaco,2026-07-01T21:00:58.996Z
9146|monaco_tps,9146,monaco_tps,2026-07-01T21:00:58.996Z
9146|mosaiq,9146,mosaiq,2026-07-01T21:00:58.996Z
9146|no,9146,no,2026-07-01T21:00:58.996Z
9146|platform,9146,platform,2026-07-01T21:00:58.996Z
9146|requerimiento,9146,requerimiento,2026-07-01T21:00:58.996Z
9146|suncheck_machine,9146,suncheck_machine,2026-07-01T21:00:58.996Z
9146|sunnuclear,9146,sunnuclear,2026-07-01T21:00:58.996Z
9146|versahd,9146,versahd,2026-07-01T21:00:58.996Z
9146|xvi,9146,xvi,2026-07-01T21:00:58.996Z
9144|elekta,9144,elekta,2026-07-01T21:00:58.996Z
9144|físico,9144,físico,2026-07-01T21:00:58.996Z
9144|hardware_y_software,9144,hardware_y_software,2026-07-01T21:00:58.996Z
9144|hexapod,9144,hexapod,2026-07-01T21:00:58.996Z
9144|iview,9144,iview,2026-07-01T21:00:58.996Z
9144|linac,9144,linac,2026-07-01T21:00:58.996Z
9144|monaco,9144,monaco,2026-07-01T21:00:58.996Z
9144|mosaiq,9144,mosaiq,2026-07-01T21:00:58.996Z
9144|platform,9144,platform,2026-07-01T21:00:58.996Z
9144|problema,9144,problema,2026-07-01T21:00:58.996Z
9144|si,9144,si,2026-07-01T21:00:58.996Z
9144|suncheck,9144,suncheck,2026-07-01T21:00:58.996Z
9144|suncheck_machine,9144,suncheck_machine,2026-07-01T21:00:58.996Z
9144|sunnuclear,9144,sunnuclear,2026-07-01T21:00:58.996Z
9144|versahd,9144,versahd,2026-07-01T21:00:58.996Z
9144|xvi,9144,xvi,2026-07-01T21:00:58.996Z
9156|citrix,9156,citrix,2026-07-01T21:00:58.996Z
9156|elekta,9156,elekta,2026-07-01T21:00:58.996Z
9156|físico,9156,físico,2026-07-01T21:00:58.996Z
9156|hardware_y_software,9156,hardware_y_software,2026-07-01T21:00:58.996Z
9156|infinity,9156,infinity,2026-07-01T21:00:58.996Z
9156|integrity,9156,integrity,2026-07-01T21:00:58.996Z
9156|iview,9156,iview,2026-07-01T21:00:58.996Z
9156|linac,9156,linac,2026-07-01T21:00:58.996Z
9156|media,9156,media,2026-07-01T21:00:58.996Z
9156|monaco,9156,monaco,2026-07-01T21:00:58.996Z
9156|mosaiq,9156,mosaiq,2026-07-01T21:00:58.996Z
9156|problema,9156,problema,2026-07-01T21:00:58.996Z
9156|si,9156,si,2026-07-01T21:00:58.996Z
9156|storage,9156,storage,2026-07-01T21:00:58.996Z
9156|suncheck_machine,9156,suncheck_machine,2026-07-01T21:00:58.996Z
9156|sunnuclear,9156,sunnuclear,2026-07-01T21:00:58.996Z
9156|xvi,9156,xvi,2026-07-01T21:00:58.996Z
8869|elekta,8869,elekta,2026-07-01T21:00:58.996Z
8869|hardware_y_software,8869,hardware_y_software,2026-07-01T21:00:58.996Z
8869|hexapod,8869,hexapod,2026-07-01T21:00:58.996Z
8869|incidente,8869,incidente,2026-07-01T21:00:58.996Z
8869|iview,8869,iview,2026-07-01T21:00:58.996Z
8869|linac,8869,linac,2026-07-01T21:00:58.996Z
8869|monaco,8869,monaco,2026-07-01T21:00:58.996Z
8869|monaco_tps,8869,monaco_tps,2026-07-01T21:00:58.996Z
8869|mosaiq,8869,mosaiq,2026-07-01T21:00:58.996Z
8869|no,8869,no,2026-07-01T21:00:58.996Z
8869|on_hold_1h,8869,on_hold_1h,2026-07-01T21:00:58.996Z
8869|platform,8869,platform,2026-07-01T21:00:58.996Z
8869|suncheck_machine,8869,suncheck_machine,2026-07-01T21:00:58.996Z
8869|sunnuclear,8869,sunnuclear,2026-07-01T21:00:58.996Z
8869|tens,8869,tens,2026-07-01T21:00:58.996Z
8869|versahd,8869,versahd,2026-07-01T21:00:58.996Z
8869|xvi,8869,xvi,2026-07-01T21:00:58.996Z
9155|acelerador_lineal,9155,acelerador_lineal,2026-07-01T21:00:58.996Z
9155|elekta,9155,elekta,2026-07-01T21:00:58.996Z
9155|físico,9155,físico,2026-07-01T21:00:58.996Z
9155|hardware_y_software,9155,hardware_y_software,2026-07-01T21:00:58.996Z
9155|hexapod,9155,hexapod,2026-07-01T21:00:58.996Z
9155|iba,9155,iba,2026-07-01T21:00:58.996Z
9155|iguide,9155,iguide,2026-07-01T21:00:58.996Z
9155|iview,9155,iview,2026-07-01T21:00:58.996Z
9155|monaco,9155,monaco,2026-07-01T21:00:58.996Z
9155|monacosim,9155,monacosim,2026-07-01T21:00:58.996Z
9155|mosaiq,9155,mosaiq,2026-07-01T21:00:58.996Z
9155|no,9155,no,2026-07-01T21:00:58.996Z
9155|problema,9155,problema,2026-07-01T21:00:58.996Z
9155|rtp99,9155,rtp99,2026-07-01T21:00:58.996Z
9155|tcs,9155,tcs,2026-07-01T21:00:58.996Z
9155|versahd,9155,versahd,2026-07-01T21:00:58.996Z
9155|xvi,9155,xvi,2026-07-01T21:00:58.996Z
9167|abc,9167,abc,2026-07-01T21:00:58.996Z
9167|elekta,9167,elekta,2026-07-01T21:00:58.996Z
9167|físico,9167,físico,2026-07-01T21:00:58.996Z
9167|hardware_y_software,9167,hardware_y_software,2026-07-01T21:00:58.996Z
9167|hexapod,9167,hexapod,2026-07-01T21:00:58.996Z
9167|media,9167,media,2026-07-01T21:00:58.996Z
9167|monaco,9167,monaco,2026-07-01T21:00:58.996Z
9167|mosaiq,9167,mosaiq,2026-07-01T21:00:58.996Z
9167|problema,9167,problema,2026-07-01T21:00:58.996Z
9167|si,9167,si,2026-07-01T21:00:58.996Z
9167|versahd,9167,versahd,2026-07-01T21:00:58.996Z
9136|acelerador_lineal,9136,acelerador_lineal,2026-07-01T21:00:58.996Z
9136|elekta,9136,elekta,2026-07-01T21:00:58.996Z
9136|físico,9136,físico,2026-07-01T21:00:58.996Z
9136|hardware_y_software,9136,hardware_y_software,2026-07-01T21:00:58.996Z
9136|hexapod,9136,hexapod,2026-07-01T21:00:58.996Z
9136|iview,9136,iview,2026-07-01T21:00:58.996Z
9136|linac,9136,linac,2026-07-01T21:00:58.996Z
9136|monaco,9136,monaco,2026-07-01T21:00:58.996Z
9136|mosaiq,9136,mosaiq,2026-07-01T21:00:58.996Z
9136|no,9136,no,2026-07-01T21:00:58.996Z
9136|platform,9136,platform,2026-07-01T21:00:58.996Z
9136|requerimiento,9136,requerimiento,2026-07-01T21:00:58.996Z
9136|suncheck_machine,9136,suncheck_machine,2026-07-01T21:00:58.996Z
9136|sunnuclear,9136,sunnuclear,2026-07-01T21:00:58.996Z
9136|versahd,9136,versahd,2026-07-01T21:00:58.996Z
9136|xvi,9136,xvi,2026-07-01T21:00:58.996Z
9162|citrix,9162,citrix,2026-07-01T21:00:58.996Z
9162|closed_by_merge,9162,closed_by_merge,2026-07-01T21:00:58.996Z
9162|elekta,9162,elekta,2026-07-01T21:00:58.996Z
9162|hardware_y_software,9162,hardware_y_software,2026-07-01T21:00:58.996Z
9162|infinity,9162,infinity,2026-07-01T21:00:58.996Z
9162|integrity,9162,integrity,2026-07-01T21:00:58.996Z
9162|iview,9162,iview,2026-07-01T21:00:58.996Z
9162|linac,9162,linac,2026-07-01T21:00:58.996Z
9162|media,9162,media,2026-07-01T21:00:58.996Z
9162|monaco,9162,monaco,2026-07-01T21:00:58.996Z
9162|mosaiq,9162,mosaiq,2026-07-01T21:00:58.996Z
9162|no,9162,no,2026-07-01T21:00:58.996Z
9162|requerimiento,9162,requerimiento,2026-07-01T21:00:58.996Z
9162|storage,9162,storage,2026-07-01T21:00:58.996Z
9162|suncheck_machine,9162,suncheck_machine,2026-07-01T21:00:58.996Z
9162|sunnuclear,9162,sunnuclear,2026-07-01T21:00:58.996Z
9162|xvi,9162,xvi,2026-07-01T21:00:58.996Z
9172|acelerador_lineal,9172,acelerador_lineal,2026-07-01T21:00:58.996Z
9172|elekta,9172,elekta,2026-07-01T21:00:58.996Z
9172|físico,9172,físico,2026-07-01T21:00:58.996Z
9172|hardware_y_software,9172,hardware_y_software,2026-07-01T21:00:58.996Z
9172|hexapod,9172,hexapod,2026-07-01T21:00:58.996Z
9172|incidente,9172,incidente,2026-07-01T21:00:58.996Z
9172|iview,9172,iview,2026-07-01T21:00:58.996Z
9172|linac,9172,linac,2026-07-01T21:00:58.996Z
9172|monaco,9172,monaco,2026-07-01T21:00:58.996Z
9172|mosaiq,9172,mosaiq,2026-07-01T21:00:58.996Z
9172|platform,9172,platform,2026-07-01T21:00:58.996Z
9172|si,9172,si,2026-07-01T21:00:58.996Z
9172|suncheck_machine,9172,suncheck_machine,2026-07-01T21:00:58.996Z
9172|sunnuclear,9172,sunnuclear,2026-07-01T21:00:58.996Z
9172|versahd,9172,versahd,2026-07-01T21:00:58.996Z
9172|xvi,9172,xvi,2026-07-01T21:00:58.996Z
9147|citrix,9147,citrix,2026-07-01T21:00:58.996Z
9147|elekta,9147,elekta,2026-07-01T21:00:58.996Z
9147|físico,9147,físico,2026-07-01T21:00:58.996Z
9147|hardware_y_software,9147,hardware_y_software,2026-07-01T21:00:58.996Z
9147|infinity,9147,infinity,2026-07-01T21:00:58.996Z
9147|integrity,9147,integrity,2026-07-01T21:00:58.996Z
9147|iview,9147,iview,2026-07-01T21:00:58.996Z
9147|linac,9147,linac,2026-07-01T21:00:58.996Z
9147|media,9147,media,2026-07-01T21:00:58.996Z
9147|monaco,9147,monaco,2026-07-01T21:00:58.996Z
9147|mosaiq,9147,mosaiq,2026-07-01T21:00:58.996Z
9147|no,9147,no,2026-07-01T21:00:58.996Z
9147|requerimiento,9147,requerimiento,2026-07-01T21:00:58.996Z
9147|storage,9147,storage,2026-07-01T21:00:58.996Z
9147|suncheck_machine,9147,suncheck_machine,2026-07-01T21:00:58.996Z
9147|sunnuclear,9147,sunnuclear,2026-07-01T21:00:58.996Z
9147|xvi,9147,xvi,2026-07-01T21:00:58.996Z
9186|acelerador_lineal,9186,acelerador_lineal,2026-07-01T21:00:58.996Z
9186|brachy,9186,brachy,2026-07-01T21:00:58.996Z
9186|elekta,9186,elekta,2026-07-01T21:00:58.996Z
9186|hardware_y_software,9186,hardware_y_software,2026-07-01T21:00:58.996Z
9186|media,9186,media,2026-07-01T21:00:58.996Z
9186|monaco,9186,monaco,2026-07-01T21:00:58.996Z
9186|mosaiq,9186,mosaiq,2026-07-01T21:00:58.996Z
9186|no,9186,no,2026-07-01T21:00:58.996Z
9186|problema,9186,problema,2026-07-01T21:00:58.996Z
9186|sinergy,9186,sinergy,2026-07-01T21:00:58.996Z
9186|supervisor_de_radioterapía,9186,supervisor_de_radioterapía,2026-07-01T21:00:58.996Z
9186|synergy,9186,synergy,2026-07-01T21:00:58.996Z
9203|citrix,9203,citrix,2026-07-01T21:00:58.996Z
9203|elekta,9203,elekta,2026-07-01T21:00:58.996Z
9203|físico,9203,físico,2026-07-01T21:00:58.996Z
9203|hardware_y_software,9203,hardware_y_software,2026-07-01T21:00:58.996Z
9203|infinity,9203,infinity,2026-07-01T21:00:58.996Z
9203|integrity,9203,integrity,2026-07-01T21:00:58.996Z
9203|iview,9203,iview,2026-07-01T21:00:58.996Z
9203|linac,9203,linac,2026-07-01T21:00:58.996Z
9203|media,9203,media,2026-07-01T21:00:58.996Z
9203|monaco,9203,monaco,2026-07-01T21:00:58.996Z
9203|mosaiq,9203,mosaiq,2026-07-01T21:00:58.996Z
9203|problema,9203,problema,2026-07-01T21:00:58.996Z
9203|si,9203,si,2026-07-01T21:00:58.996Z
9203|storage,9203,storage,2026-07-01T21:00:58.996Z
9203|suncheck_machine,9203,suncheck_machine,2026-07-01T21:00:58.996Z
9203|sunnuclear,9203,sunnuclear,2026-07-01T21:00:58.996Z
9203|xvi,9203,xvi,2026-07-01T21:00:58.996Z
9185|agility,9185,agility,2026-07-01T21:00:58.996Z
9185|elekta,9185,elekta,2026-07-01T21:00:58.996Z
9185|hardware_y_software,9185,hardware_y_software,2026-07-01T21:00:58.996Z
9185|incidente,9185,incidente,2026-07-01T21:00:58.996Z
9185|monaco,9185,monaco,2026-07-01T21:00:58.996Z
9185|mosaiq,9185,mosaiq,2026-07-01T21:00:58.996Z
9185|si,9185,si,2026-07-01T21:00:58.996Z
9185|sinergy,9185,sinergy,2026-07-01T21:00:58.996Z
9185|suncheck,9185,suncheck,2026-07-01T21:00:58.996Z
9185|suncheck_machine,9185,suncheck_machine,2026-07-01T21:00:58.996Z
9185|sunnuclear,9185,sunnuclear,2026-07-01T21:00:58.996Z
9185|supervisor_de_equipo_médicos,9185,supervisor_de_equipo_médicos,2026-07-01T21:00:58.996Z
9185|versahd,9185,versahd,2026-07-01T21:00:58.996Z
9178|axesse,9178,axesse,2026-07-01T21:00:58.996Z
9178|braquiterapia,9178,braquiterapia,2026-07-01T21:00:58.996Z
9178|clarity,9178,clarity,2026-07-01T21:00:58.996Z
9178|elekta,9178,elekta,2026-07-01T21:00:58.996Z
9178|físico,9178,físico,2026-07-01T21:00:58.996Z
9178|hardware_y_software,9178,hardware_y_software,2026-07-01T21:00:58.996Z
9178|infinity,9178,infinity,2026-07-01T21:00:58.996Z
9178|monaco,9178,monaco,2026-07-01T21:00:58.996Z
9178|mosaiq,9178,mosaiq,2026-07-01T21:00:58.996Z
9178|no,9178,no,2026-07-01T21:00:58.996Z
9178|problema,9178,problema,2026-07-01T21:00:58.996Z
9137|acelerador_lineal,9137,acelerador_lineal,2026-07-01T21:00:58.996Z
9137|agility,9137,agility,2026-07-01T21:00:58.996Z
9137|elekta,9137,elekta,2026-07-01T21:00:58.996Z
9137|linac,9137,linac,2026-07-01T21:00:58.996Z
9137|no,9137,no,2026-07-01T21:00:58.996Z
9137|requerimiento,9137,requerimiento,2026-07-01T21:00:58.996Z
9137|sinergy,9137,sinergy,2026-07-01T21:00:58.996Z
9137|suncheck_machine,9137,suncheck_machine,2026-07-01T21:00:58.996Z
9137|supervisor_de_equipo_médicos,9137,supervisor_de_equipo_médicos,2026-07-01T21:00:58.996Z
9001|agility,9001,agility,2026-07-01T21:00:58.996Z
9001|elekta,9001,elekta,2026-07-01T21:00:58.996Z
9001|hardware_y_software,9001,hardware_y_software,2026-07-01T21:00:58.996Z
9001|incidente,9001,incidente,2026-07-01T21:00:58.996Z
9001|monaco,9001,monaco,2026-07-01T21:00:58.996Z
9001|mosaiq,9001,mosaiq,2026-07-01T21:00:58.996Z
9001|no,9001,no,2026-07-01T21:00:58.996Z
9001|sinergy,9001,sinergy,2026-07-01T21:00:58.996Z
9001|suncheck,9001,suncheck,2026-07-01T21:00:58.996Z
9001|suncheck_machine,9001,suncheck_machine,2026-07-01T21:00:58.996Z
9001|sunnuclear,9001,sunnuclear,2026-07-01T21:00:58.996Z
9001|versahd,9001,versahd,2026-07-01T21:00:58.996Z
8839|acelerador_lineal,8839,acelerador_lineal,2026-07-01T21:00:58.996Z
8839|agility,8839,agility,2026-07-01T21:00:58.996Z
8839|elekta,8839,elekta,2026-07-01T21:00:58.996Z
8839|hardware_y_software,8839,hardware_y_software,2026-07-01T21:00:58.996Z
8839|no,8839,no,2026-07-01T21:00:58.996Z
8839|requerimiento,8839,requerimiento,2026-07-01T21:00:58.996Z
8839|suncheck_machine,8839,suncheck_machine,2026-07-01T21:00:58.996Z
9170|acelerador_lineal,9170,acelerador_lineal,2026-07-01T21:00:58.996Z
9170|elekta,9170,elekta,2026-07-01T21:00:58.996Z
9170|físico,9170,físico,2026-07-01T21:00:58.996Z
9170|iview,9170,iview,2026-07-01T21:00:58.996Z
9170|linac,9170,linac,2026-07-01T21:00:58.996Z
9170|problema,9170,problema,2026-07-01T21:00:58.996Z
9170|si,9170,si,2026-07-01T21:00:58.996Z
9170|versahd,9170,versahd,2026-07-01T21:00:58.996Z
9170|xvi,9170,xvi,2026-07-01T21:00:58.996Z
9206|agility,9206,agility,2026-07-01T21:00:58.996Z
9206|elekta,9206,elekta,2026-07-01T21:00:58.996Z
9206|hardware_y_software,9206,hardware_y_software,2026-07-01T21:00:58.996Z
9206|incidente,9206,incidente,2026-07-01T21:00:58.996Z
9206|monaco,9206,monaco,2026-07-01T21:00:58.996Z
9206|mosaiq,9206,mosaiq,2026-07-01T21:00:58.996Z
9206|no,9206,no,2026-07-01T21:00:58.996Z
9206|sinergy,9206,sinergy,2026-07-01T21:00:58.996Z
9206|suncheck,9206,suncheck,2026-07-01T21:00:58.996Z
9206|suncheck_machine,9206,suncheck_machine,2026-07-01T21:00:58.996Z
9206|sunnuclear,9206,sunnuclear,2026-07-01T21:00:58.996Z
9206|supervisor_de_equipo_médicos,9206,supervisor_de_equipo_médicos,2026-07-01T21:00:58.996Z
9206|versahd,9206,versahd,2026-07-01T21:00:58.996Z
9202|agility,9202,agility,2026-07-01T21:00:58.996Z
9202|elekta,9202,elekta,2026-07-01T21:00:58.996Z
9202|hardware_y_software,9202,hardware_y_software,2026-07-01T21:00:58.996Z
9202|monaco,9202,monaco,2026-07-01T21:00:58.996Z
9202|mosaiq,9202,mosaiq,2026-07-01T21:00:58.996Z
9202|no,9202,no,2026-07-01T21:00:58.996Z
9202|problema,9202,problema,2026-07-01T21:00:58.996Z
9202|sinergy,9202,sinergy,2026-07-01T21:00:58.996Z
9202|suncheck,9202,suncheck,2026-07-01T21:00:58.996Z
9202|suncheck_machine,9202,suncheck_machine,2026-07-01T21:00:58.996Z
9202|sunnuclear,9202,sunnuclear,2026-07-01T21:00:58.996Z
9202|supervisor_de_equipo_médicos,9202,supervisor_de_equipo_médicos,2026-07-01T21:00:58.996Z
9202|versahd,9202,versahd,2026-07-01T21:00:58.996Z
9164|agility,9164,agility,2026-07-01T21:00:58.996Z
9164|elekta,9164,elekta,2026-07-01T21:00:58.996Z
9164|hardware_y_software,9164,hardware_y_software,2026-07-01T21:00:58.996Z
9164|monaco,9164,monaco,2026-07-01T21:00:58.996Z
9164|mosaiq,9164,mosaiq,2026-07-01T21:00:58.996Z
9164|no,9164,no,2026-07-01T21:00:58.996Z
9164|requerimiento,9164,requerimiento,2026-07-01T21:00:58.996Z
9164|sinergy,9164,sinergy,2026-07-01T21:00:58.996Z
9164|suncheck,9164,suncheck,2026-07-01T21:00:58.996Z
9164|suncheck_machine,9164,suncheck_machine,2026-07-01T21:00:58.996Z
9164|sunnuclear,9164,sunnuclear,2026-07-01T21:00:58.996Z
9164|supervisor_de_equipo_médicos,9164,supervisor_de_equipo_médicos,2026-07-01T21:00:58.996Z
9164|versahd,9164,versahd,2026-07-01T21:00:58.996Z
8918|consultas,8918,consultas,2026-07-01T21:00:58.996Z
8918|elekta,8918,elekta,2026-07-01T21:00:58.996Z
8918|hardware_y_software,8918,hardware_y_software,2026-07-01T21:00:58.996Z
8918|hexapod,8918,hexapod,2026-07-01T21:00:58.996Z
8918|iview,8918,iview,2026-07-01T21:00:58.996Z
8918|linac,8918,linac,2026-07-01T21:00:58.996Z
8918|monaco,8918,monaco,2026-07-01T21:00:58.996Z
8918|mosaiq,8918,mosaiq,2026-07-01T21:00:58.996Z
8918|mosaiq_workstation,8918,mosaiq_workstation,2026-07-01T21:00:58.996Z
8918|médico,8918,médico,2026-07-01T21:00:58.996Z
8918|no,8918,no,2026-07-01T21:00:58.996Z
8918|on_hold_1h,8918,on_hold_1h,2026-07-01T21:00:58.996Z
8918|platform,8918,platform,2026-07-01T21:00:58.996Z
8918|suncheck_machine,8918,suncheck_machine,2026-07-01T21:00:58.996Z
8918|sunnuclear,8918,sunnuclear,2026-07-01T21:00:58.996Z
8918|versahd,8918,versahd,2026-07-01T21:00:58.996Z
8918|xvi,8918,xvi,2026-07-01T21:00:58.996Z
8823|consultas_rt,8823,consultas_rt,2026-07-01T21:00:58.996Z
8823|elekta,8823,elekta,2026-07-01T21:00:58.996Z
8823|hardware_y_software,8823,hardware_y_software,2026-07-01T21:00:58.996Z
8823|hexapod,8823,hexapod,2026-07-01T21:00:58.996Z
8823|incidente,8823,incidente,2026-07-01T21:00:58.996Z
8823|iview,8823,iview,2026-07-01T21:00:58.996Z
8823|linac,8823,linac,2026-07-01T21:00:58.996Z
8823|monaco,8823,monaco,2026-07-01T21:00:58.996Z
8823|mosaiq,8823,mosaiq,2026-07-01T21:00:58.996Z
8823|médico,8823,médico,2026-07-01T21:00:58.996Z
8823|on_hold_1h,8823,on_hold_1h,2026-07-01T21:00:58.996Z
8823|platform,8823,platform,2026-07-01T21:00:58.996Z
8823|si,8823,si,2026-07-01T21:00:58.996Z
8823|suncheck_machine,8823,suncheck_machine,2026-07-01T21:00:58.996Z
8823|sunnuclear,8823,sunnuclear,2026-07-01T21:00:58.996Z
8823|versahd,8823,versahd,2026-07-01T21:00:58.996Z
8823|xvi,8823,xvi,2026-07-01T21:00:58.996Z
9218|agility,9218,agility,2026-07-01T21:00:58.996Z
9218|elekta,9218,elekta,2026-07-01T21:00:58.996Z
9218|hardware_y_software,9218,hardware_y_software,2026-07-01T21:00:58.996Z
9218|monaco,9218,monaco,2026-07-01T21:00:58.996Z
9218|mosaiq,9218,mosaiq,2026-07-01T21:00:58.996Z
9218|no,9218,no,2026-07-01T21:00:58.996Z
9218|problema,9218,problema,2026-07-01T21:00:58.996Z
9218|sinergy,9218,sinergy,2026-07-01T21:00:58.996Z
9218|suncheck,9218,suncheck,2026-07-01T21:00:58.996Z
9218|suncheck_machine,9218,suncheck_machine,2026-07-01T21:00:58.996Z
9218|sunnuclear,9218,sunnuclear,2026-07-01T21:00:58.996Z
9218|supervisor_de_equipo_médicos,9218,supervisor_de_equipo_médicos,2026-07-01T21:00:58.996Z
9218|versahd,9218,versahd,2026-07-01T21:00:58.996Z
9219|acelerador_lineal,9219,acelerador_lineal,2026-07-01T21:00:58.996Z
9219|brachy,9219,brachy,2026-07-01T21:00:58.996Z
9219|elekta,9219,elekta,2026-07-01T21:00:58.996Z
9219|hardware_y_software,9219,hardware_y_software,2026-07-01T21:00:58.996Z
9219|media,9219,media,2026-07-01T21:00:58.996Z
9219|monaco,9219,monaco,2026-07-01T21:00:58.996Z
9219|mosaiq,9219,mosaiq,2026-07-01T21:00:58.996Z
9219|problema,9219,problema,2026-07-01T21:00:58.996Z
9219|si,9219,si,2026-07-01T21:00:58.996Z
9219|sinergy,9219,sinergy,2026-07-01T21:00:58.996Z
9219|supervisor_de_radioterapía,9219,supervisor_de_radioterapía,2026-07-01T21:00:58.996Z
9219|synergy,9219,synergy,2026-07-01T21:00:58.996Z
9063|acelerador_lineal,9063,acelerador_lineal,2026-07-01T21:00:58.996Z
9063|brachy,9063,brachy,2026-07-01T21:00:58.996Z
9063|elekta,9063,elekta,2026-07-01T21:00:58.996Z
9063|hardware_y_software,9063,hardware_y_software,2026-07-01T21:00:58.996Z
9063|media,9063,media,2026-07-01T21:00:58.996Z
9063|monaco,9063,monaco,2026-07-01T21:00:58.996Z
9063|mosaiq,9063,mosaiq,2026-07-01T21:00:58.996Z
9063|problema,9063,problema,2026-07-01T21:00:58.996Z
9063|si,9063,si,2026-07-01T21:00:58.996Z
9063|sinergy,9063,sinergy,2026-07-01T21:00:58.996Z
9063|supervisor_de_radioterapía,9063,supervisor_de_radioterapía,2026-07-01T21:00:58.996Z
9063|synergy,9063,synergy,2026-07-01T21:00:58.996Z
9225|elekta,9225,elekta,2026-07-01T21:00:58.996Z
9225|físico,9225,físico,2026-07-01T21:00:58.996Z
9225|hardware_y_software,9225,hardware_y_software,2026-07-01T21:00:58.996Z
9225|hexapod,9225,hexapod,2026-07-01T21:00:58.996Z
9225|iview,9225,iview,2026-07-01T21:00:58.996Z
9225|linac,9225,linac,2026-07-01T21:00:58.996Z
9225|monaco,9225,monaco,2026-07-01T21:00:58.996Z
9225|mosaiq,9225,mosaiq,2026-07-01T21:00:58.996Z
9225|platform,9225,platform,2026-07-01T21:00:58.996Z
9225|problema,9225,problema,2026-07-01T21:00:58.996Z
9225|si,9225,si,2026-07-01T21:00:58.996Z
9225|suncheck,9225,suncheck,2026-07-01T21:00:58.996Z
9225|suncheck_machine,9225,suncheck_machine,2026-07-01T21:00:58.996Z
9225|sunnuclear,9225,sunnuclear,2026-07-01T21:00:58.996Z
9225|versahd,9225,versahd,2026-07-01T21:00:58.996Z
9225|xvi,9225,xvi,2026-07-01T21:00:58.996Z
9226|elekta,9226,elekta,2026-07-01T21:00:58.996Z
9226|físico,9226,físico,2026-07-01T21:00:58.996Z
9226|hardware_y_software,9226,hardware_y_software,2026-07-01T21:00:58.996Z
9226|hexapod,9226,hexapod,2026-07-01T21:00:58.996Z
9226|iview,9226,iview,2026-07-01T21:00:58.996Z
9226|linac,9226,linac,2026-07-01T21:00:58.996Z
9226|monaco,9226,monaco,2026-07-01T21:00:58.996Z
9226|mosaiq,9226,mosaiq,2026-07-01T21:00:58.996Z
9226|no,9226,no,2026-07-01T21:00:58.996Z
9226|platform,9226,platform,2026-07-01T21:00:58.996Z
9226|requerimiento,9226,requerimiento,2026-07-01T21:00:58.996Z
9226|suncheck,9226,suncheck,2026-07-01T21:00:58.996Z
9226|suncheck_machine,9226,suncheck_machine,2026-07-01T21:00:58.996Z
9226|sunnuclear,9226,sunnuclear,2026-07-01T21:00:58.996Z
9226|versahd,9226,versahd,2026-07-01T21:00:58.996Z
9226|xvi,9226,xvi,2026-07-01T21:00:58.996Z
9222|axesse,9222,axesse,2026-07-01T21:00:58.996Z
9222|braquiterapia,9222,braquiterapia,2026-07-01T21:00:58.996Z
9222|clarity,9222,clarity,2026-07-01T21:00:58.996Z
9222|elekta,9222,elekta,2026-07-01T21:00:58.996Z
9222|físico,9222,físico,2026-07-01T21:00:58.996Z
9222|hardware_y_software,9222,hardware_y_software,2026-07-01T21:00:58.996Z
9222|infinity,9222,infinity,2026-07-01T21:00:58.996Z
9222|monaco,9222,monaco,2026-07-01T21:00:58.996Z
9222|mosaiq,9222,mosaiq,2026-07-01T21:00:58.996Z
9222|requerimiento,9222,requerimiento,2026-07-01T21:00:58.996Z
9222|si,9222,si,2026-07-01T21:00:58.996Z
9176|citrix,9176,citrix,2026-07-01T21:00:58.996Z
9176|elekta,9176,elekta,2026-07-01T21:00:58.996Z
9176|físico,9176,físico,2026-07-01T21:00:58.996Z
9176|hardware_y_software,9176,hardware_y_software,2026-07-01T21:00:58.996Z
9176|infinity,9176,infinity,2026-07-01T21:00:58.996Z
9176|integrity,9176,integrity,2026-07-01T21:00:58.996Z
9176|iview,9176,iview,2026-07-01T21:00:58.996Z
9176|linac,9176,linac,2026-07-01T21:00:58.996Z
9176|media,9176,media,2026-07-01T21:00:58.996Z
9176|monaco,9176,monaco,2026-07-01T21:00:58.996Z
9176|mosaiq,9176,mosaiq,2026-07-01T21:00:58.996Z
9176|problema,9176,problema,2026-07-01T21:00:58.996Z
9176|si,9176,si,2026-07-01T21:00:58.996Z
9176|storage,9176,storage,2026-07-01T21:00:58.996Z
9176|suncheck_machine,9176,suncheck_machine,2026-07-01T21:00:58.996Z
9176|sunnuclear,9176,sunnuclear,2026-07-01T21:00:58.996Z
9176|xvi,9176,xvi,2026-07-01T21:00:58.996Z
9229|elekta,9229,elekta,2026-07-01T21:00:58.996Z
9229|físico,9229,físico,2026-07-01T21:00:58.996Z
9229|hardware_y_software,9229,hardware_y_software,2026-07-01T21:00:58.996Z
9229|hexapod,9229,hexapod,2026-07-01T21:00:58.996Z
9229|iview,9229,iview,2026-07-01T21:00:58.996Z
9229|linac,9229,linac,2026-07-01T21:00:58.996Z
9229|monaco,9229,monaco,2026-07-01T21:00:58.996Z
9229|mosaiq,9229,mosaiq,2026-07-01T21:00:58.996Z
9229|no,9229,no,2026-07-01T21:00:58.996Z
9229|platform,9229,platform,2026-07-01T21:00:58.996Z
9229|problema,9229,problema,2026-07-01T21:00:58.996Z
9229|suncheck,9229,suncheck,2026-07-01T21:00:58.996Z
9229|suncheck_machine,9229,suncheck_machine,2026-07-01T21:00:58.996Z
9229|sunnuclear,9229,sunnuclear,2026-07-01T21:00:58.996Z
9229|versahd,9229,versahd,2026-07-01T21:00:58.996Z
9229|xvi,9229,xvi,2026-07-01T21:00:58.996Z
9179|axesse,9179,axesse,2026-07-01T21:00:58.996Z
9179|braquiterapia,9179,braquiterapia,2026-07-01T21:00:58.996Z
9179|clarity,9179,clarity,2026-07-01T21:00:58.996Z
9179|elekta,9179,elekta,2026-07-01T21:00:58.996Z
9179|físico,9179,físico,2026-07-01T21:00:58.996Z
9179|hardware_y_software,9179,hardware_y_software,2026-07-01T21:00:58.996Z
9179|infinity,9179,infinity,2026-07-01T21:00:58.996Z
9179|monaco,9179,monaco,2026-07-01T21:00:58.996Z
9179|mosaiq,9179,mosaiq,2026-07-01T21:00:58.996Z
9179|no,9179,no,2026-07-01T21:00:58.996Z
9179|problema,9179,problema,2026-07-01T21:00:58.996Z
9244|axesse,9244,axesse,2026-07-01T21:00:58.996Z
9244|barcoding,9244,barcoding,2026-07-01T21:00:58.996Z
9244|braquiterapia,9244,braquiterapia,2026-07-01T21:00:58.996Z
9244|dosisoft,9244,dosisoft,2026-07-01T21:00:58.996Z
9244|elekta,9244,elekta,2026-07-01T21:00:58.996Z
9244|físico,9244,físico,2026-07-01T21:00:58.996Z
9244|hardware_y_software,9244,hardware_y_software,2026-07-01T21:00:58.996Z
9244|infinity,9244,infinity,2026-07-01T21:00:58.996Z
9244|iview,9244,iview,2026-07-01T21:00:58.996Z
9244|linac,9244,linac,2026-07-01T21:00:58.996Z
9244|monaco,9244,monaco,2026-07-01T21:00:58.996Z
9244|monacosim,9244,monacosim,2026-07-01T21:00:58.996Z
9244|mosaiq,9244,mosaiq,2026-07-01T21:00:58.996Z
9244|problema,9244,problema,2026-07-01T21:00:58.996Z
9244|si,9244,si,2026-07-01T21:00:58.996Z
9244|storage,9244,storage,2026-07-01T21:00:58.996Z
9244|versahd,9244,versahd,2026-07-01T21:00:58.996Z
9244|xvi,9244,xvi,2026-07-01T21:00:58.996Z
9247|acelerador_lineal,9247,acelerador_lineal,2026-07-01T21:00:58.996Z
9247|elekta,9247,elekta,2026-07-01T21:00:58.996Z
9247|físico,9247,físico,2026-07-01T21:00:58.996Z
9247|hardware_y_software,9247,hardware_y_software,2026-07-01T21:00:58.996Z
9247|hexapod,9247,hexapod,2026-07-01T21:00:58.996Z
9247|iview,9247,iview,2026-07-01T21:00:58.996Z
9247|linac,9247,linac,2026-07-01T21:00:58.996Z
9247|monaco,9247,monaco,2026-07-01T21:00:58.996Z
9247|mosaiq,9247,mosaiq,2026-07-01T21:00:58.996Z
9247|no,9247,no,2026-07-01T21:00:58.996Z
9247|platform,9247,platform,2026-07-01T21:00:58.996Z
9247|problema,9247,problema,2026-07-01T21:00:58.996Z
9247|suncheck_machine,9247,suncheck_machine,2026-07-01T21:00:58.996Z
9247|sunnuclear,9247,sunnuclear,2026-07-01T21:00:58.996Z
9247|versahd,9247,versahd,2026-07-01T21:00:58.996Z
9247|xvi,9247,xvi,2026-07-01T21:00:58.996Z
9256|cabezal_agility,9256,cabezal_agility,2026-07-01T21:00:58.996Z
9256|elekta,9256,elekta,2026-07-01T21:00:58.996Z
9256|físico,9256,físico,2026-07-01T21:00:58.996Z
9256|hardware_y_software,9256,hardware_y_software,2026-07-01T21:00:58.996Z
9256|hexapod,9256,hexapod,2026-07-01T21:00:58.996Z
9256|incidente,9256,incidente,2026-07-01T21:00:58.996Z
9256|iview,9256,iview,2026-07-01T21:00:58.996Z
9256|linac,9256,linac,2026-07-01T21:00:58.996Z
9256|monaco,9256,monaco,2026-07-01T21:00:58.996Z
9256|mosaiq,9256,mosaiq,2026-07-01T21:00:58.996Z
9256|no,9256,no,2026-07-01T21:00:58.996Z
9256|platform,9256,platform,2026-07-01T21:00:58.996Z
9256|suncheck_machine,9256,suncheck_machine,2026-07-01T21:00:58.996Z
9256|sunnuclear,9256,sunnuclear,2026-07-01T21:00:58.996Z
9256|versahd,9256,versahd,2026-07-01T21:00:58.996Z
9256|xvi,9256,xvi,2026-07-01T21:00:58.996Z
9254|acelerador_lineal,9254,acelerador_lineal,2026-07-01T21:00:58.996Z
9254|elekta,9254,elekta,2026-07-01T21:00:58.996Z
9254|físico,9254,físico,2026-07-01T21:00:58.996Z
9254|hardware_y_software,9254,hardware_y_software,2026-07-01T21:00:58.996Z
9254|hexapod,9254,hexapod,2026-07-01T21:00:58.996Z
9254|iview,9254,iview,2026-07-01T21:00:58.996Z
9254|linac,9254,linac,2026-07-01T21:00:58.996Z
9254|monaco,9254,monaco,2026-07-01T21:00:58.996Z
9254|mosaiq,9254,mosaiq,2026-07-01T21:00:58.996Z
9254|no,9254,no,2026-07-01T21:00:58.996Z
9254|platform,9254,platform,2026-07-01T21:00:58.996Z
9254|requerimiento,9254,requerimiento,2026-07-01T21:00:58.996Z
9254|suncheck_machine,9254,suncheck_machine,2026-07-01T21:00:58.996Z
9254|sunnuclear,9254,sunnuclear,2026-07-01T21:00:58.996Z
9254|versahd,9254,versahd,2026-07-01T21:00:58.996Z
9254|xvi,9254,xvi,2026-07-01T21:00:58.996Z
9250|cabezal_agility,9250,cabezal_agility,2026-07-01T21:00:58.996Z
9250|elekta,9250,elekta,2026-07-01T21:00:58.996Z
9250|físico,9250,físico,2026-07-01T21:00:58.996Z
9250|hardware_y_software,9250,hardware_y_software,2026-07-01T21:00:58.996Z
9250|hexapod,9250,hexapod,2026-07-01T21:00:58.996Z
9250|incidente,9250,incidente,2026-07-01T21:00:58.996Z
9250|iview,9250,iview,2026-07-01T21:00:58.996Z
9250|linac,9250,linac,2026-07-01T21:00:58.996Z
9250|monaco,9250,monaco,2026-07-01T21:00:58.996Z
9250|mosaiq,9250,mosaiq,2026-07-01T21:00:58.996Z
9250|médico,9250,médico,2026-07-01T21:00:58.996Z
9250|no,9250,no,2026-07-01T21:00:58.996Z
9250|platform,9250,platform,2026-07-01T21:00:58.996Z
9250|suncheck_machine,9250,suncheck_machine,2026-07-01T21:00:58.996Z
9250|sunnuclear,9250,sunnuclear,2026-07-01T21:00:58.996Z
9250|versahd,9250,versahd,2026-07-01T21:00:58.996Z
9250|xvi,9250,xvi,2026-07-01T21:00:58.996Z
9242|acelerador_lineal,9242,acelerador_lineal,2026-07-01T21:00:58.996Z
9242|elekta,9242,elekta,2026-07-01T21:00:58.996Z
9242|físico,9242,físico,2026-07-01T21:00:58.996Z
9242|hardware_y_software,9242,hardware_y_software,2026-07-01T21:00:58.996Z
9242|hexapod,9242,hexapod,2026-07-01T21:00:58.996Z
9242|media,9242,media,2026-07-01T21:00:58.996Z
9242|monaco,9242,monaco,2026-07-01T21:00:58.996Z
9242|mosaiq,9242,mosaiq,2026-07-01T21:00:58.996Z
9242|problema,9242,problema,2026-07-01T21:00:58.996Z
9242|si,9242,si,2026-07-01T21:00:58.996Z
9242|versahd,9242,versahd,2026-07-01T21:00:58.996Z
9239|agility,9239,agility,2026-07-01T21:00:58.996Z
9239|elekta,9239,elekta,2026-07-01T21:00:58.996Z
9239|hardware_y_software,9239,hardware_y_software,2026-07-01T21:00:58.996Z
9239|incidente,9239,incidente,2026-07-01T21:00:58.996Z
9239|monaco,9239,monaco,2026-07-01T21:00:58.996Z
9239|mosaiq,9239,mosaiq,2026-07-01T21:00:58.996Z
9239|si,9239,si,2026-07-01T21:00:58.996Z
9239|sinergy,9239,sinergy,2026-07-01T21:00:58.996Z
9239|suncheck,9239,suncheck,2026-07-01T21:00:58.996Z
9239|suncheck_machine,9239,suncheck_machine,2026-07-01T21:00:58.996Z
9239|sunnuclear,9239,sunnuclear,2026-07-01T21:00:58.996Z
9239|supervisor_de_equipo_médicos,9239,supervisor_de_equipo_médicos,2026-07-01T21:00:58.996Z
9239|versahd,9239,versahd,2026-07-01T21:00:58.996Z
9191|elekta,9191,elekta,2026-07-01T21:00:58.996Z
9191|físico,9191,físico,2026-07-01T21:00:58.996Z
9191|hexapod,9191,hexapod,2026-07-01T21:00:58.996Z
9191|integrity,9191,integrity,2026-07-01T21:00:58.996Z
9191|no,9191,no,2026-07-01T21:00:58.996Z
9191|problema,9191,problema,2026-07-01T21:00:58.996Z
9191|versahd,9191,versahd,2026-07-01T21:00:58.996Z
9190|elekta,9190,elekta,2026-07-01T21:00:58.996Z
9190|físico,9190,físico,2026-07-01T21:00:58.996Z
9190|hexapod,9190,hexapod,2026-07-01T21:00:58.996Z
9190|integrity,9190,integrity,2026-07-01T21:00:58.996Z
9190|no,9190,no,2026-07-01T21:00:58.996Z
9190|problema,9190,problema,2026-07-01T21:00:58.996Z
9190|versahd,9190,versahd,2026-07-01T21:00:58.996Z
354|acelerador_lineal,354,acelerador_lineal,2026-07-01T21:00:58.996Z
354|elekta,354,elekta,2026-07-01T21:00:58.996Z
354|físico,354,físico,2026-07-01T21:00:58.996Z
354|hexapod,354,hexapod,2026-07-01T21:00:58.996Z
354|no,354,no,2026-07-01T21:00:58.996Z
354|problema,354,problema,2026-07-01T21:00:58.996Z
354|versahd,354,versahd,2026-07-01T21:00:58.996Z
9241|elekta,9241,elekta,2026-07-01T21:00:58.996Z
9241|físico,9241,físico,2026-07-01T21:00:58.996Z
9241|hardware_y_software,9241,hardware_y_software,2026-07-01T21:00:58.996Z
9241|hexapod,9241,hexapod,2026-07-01T21:00:58.996Z
9241|iview,9241,iview,2026-07-01T21:00:58.996Z
9241|linac,9241,linac,2026-07-01T21:00:58.996Z
9241|monaco,9241,monaco,2026-07-01T21:00:58.996Z
9241|mosaiq,9241,mosaiq,2026-07-01T21:00:58.996Z
9241|mosaiq_workstation,9241,mosaiq_workstation,2026-07-01T21:00:58.996Z
9241|no,9241,no,2026-07-01T21:00:58.996Z
9241|platform,9241,platform,2026-07-01T21:00:58.996Z
9241|problema,9241,problema,2026-07-01T21:00:58.996Z
9241|suncheck_machine,9241,suncheck_machine,2026-07-01T21:00:58.996Z
9241|sunnuclear,9241,sunnuclear,2026-07-01T21:00:58.996Z
9241|versahd,9241,versahd,2026-07-01T21:00:58.996Z
9241|xvi,9241,xvi,2026-07-01T21:00:58.996Z
9259|elekta,9259,elekta,2026-07-01T21:00:58.996Z
9259|físico,9259,físico,2026-07-01T21:00:58.996Z
9259|hardware_y_software,9259,hardware_y_software,2026-07-01T21:00:58.996Z
9259|hexapod,9259,hexapod,2026-07-01T21:00:58.996Z
9259|iview,9259,iview,2026-07-01T21:00:58.996Z
9259|linac,9259,linac,2026-07-01T21:00:58.996Z
9259|monaco,9259,monaco,2026-07-01T21:00:58.996Z
9259|mosaiq,9259,mosaiq,2026-07-01T21:00:58.996Z
9259|platform,9259,platform,2026-07-01T21:00:58.996Z
9259|requerimiento,9259,requerimiento,2026-07-01T21:00:58.996Z
9259|suncheck,9259,suncheck,2026-07-01T21:00:58.996Z
9259|suncheck_machine,9259,suncheck_machine,2026-07-01T21:00:58.996Z
9259|sunnuclear,9259,sunnuclear,2026-07-01T21:00:58.996Z
9259|versahd,9259,versahd,2026-07-01T21:00:58.996Z
9259|xvi,9259,xvi,2026-07-01T21:00:58.996Z
9267|cabezal_agility,9267,cabezal_agility,2026-07-01T21:00:58.996Z
9267|elekta,9267,elekta,2026-07-01T21:00:58.996Z
9267|físico,9267,físico,2026-07-01T21:00:58.996Z
9267|hexapod,9267,hexapod,2026-07-01T21:00:58.996Z
9267|problema,9267,problema,2026-07-01T21:00:58.996Z
9267|si,9267,si,2026-07-01T21:00:58.996Z
9267|versahd,9267,versahd,2026-07-01T21:00:58.996Z
9262|abc,9262,abc,2026-07-01T21:00:58.996Z
9262|elekta,9262,elekta,2026-07-01T21:00:58.996Z
9262|físico,9262,físico,2026-07-01T21:00:58.996Z
9262|hardware_y_software,9262,hardware_y_software,2026-07-01T21:00:58.996Z
9262|hexapod,9262,hexapod,2026-07-01T21:00:58.996Z
9262|media,9262,media,2026-07-01T21:00:58.996Z
9262|monaco,9262,monaco,2026-07-01T21:00:58.996Z
9262|mosaiq,9262,mosaiq,2026-07-01T21:00:58.996Z
9262|problema,9262,problema,2026-07-01T21:00:58.996Z
9262|si,9262,si,2026-07-01T21:00:58.996Z
9262|versahd,9262,versahd,2026-07-01T21:00:58.996Z
9266|elekta,9266,elekta,2026-07-01T21:00:58.996Z
9266|físico,9266,físico,2026-07-01T21:00:58.996Z
9266|hardware_y_software,9266,hardware_y_software,2026-07-01T21:00:58.996Z
9266|hexapod,9266,hexapod,2026-07-01T21:00:58.996Z
9266|iview,9266,iview,2026-07-01T21:00:58.996Z
9266|linac,9266,linac,2026-07-01T21:00:58.996Z
9266|monaco,9266,monaco,2026-07-01T21:00:58.996Z
9266|mosaiq,9266,mosaiq,2026-07-01T21:00:58.996Z
9266|no,9266,no,2026-07-01T21:00:58.996Z
9266|platform,9266,platform,2026-07-01T21:00:58.996Z
9266|problema,9266,problema,2026-07-01T21:00:58.996Z
9266|sistema_camilla_precise,9266,sistema_camilla_precise,2026-07-01T21:00:58.996Z
9266|suncheck_machine,9266,suncheck_machine,2026-07-01T21:00:58.996Z
9266|sunnuclear,9266,sunnuclear,2026-07-01T21:00:58.996Z
9266|versahd,9266,versahd,2026-07-01T21:00:58.996Z
9266|xvi,9266,xvi,2026-07-01T21:00:58.996Z
9277|abc,9277,abc,2026-07-01T21:00:58.996Z
9277|elekta,9277,elekta,2026-07-01T21:00:58.996Z
9277|físico,9277,físico,2026-07-01T21:00:58.996Z
9277|hardware_y_software,9277,hardware_y_software,2026-07-01T21:00:58.996Z
9277|hexapod,9277,hexapod,2026-07-01T21:00:58.996Z
9277|media,9277,media,2026-07-01T21:00:58.996Z
9277|monaco,9277,monaco,2026-07-01T21:00:58.996Z
9277|mosaiq,9277,mosaiq,2026-07-01T21:00:58.996Z
9277|problema,9277,problema,2026-07-01T21:00:58.996Z
9277|si,9277,si,2026-07-01T21:00:58.996Z
9277|versahd,9277,versahd,2026-07-01T21:00:58.996Z
9273|acelerador_lineal,9273,acelerador_lineal,2026-07-01T21:00:58.996Z
9273|elekta,9273,elekta,2026-07-01T21:00:58.996Z
9273|físico,9273,físico,2026-07-01T21:00:58.996Z
9273|problema,9273,problema,2026-07-01T21:00:58.996Z
9273|si,9273,si,2026-07-01T21:00:58.996Z
9273|versahd,9273,versahd,2026-07-01T21:00:58.996Z
9269|agility,9269,agility,2026-07-01T21:00:58.996Z
9269|elekta,9269,elekta,2026-07-01T21:00:58.996Z
9269|hardware_y_software,9269,hardware_y_software,2026-07-01T21:00:58.996Z
9269|monaco,9269,monaco,2026-07-01T21:00:58.996Z
9269|mosaiq,9269,mosaiq,2026-07-01T21:00:58.996Z
9269|no,9269,no,2026-07-01T21:00:58.996Z
9269|requerimiento,9269,requerimiento,2026-07-01T21:00:58.996Z
9269|sinergy,9269,sinergy,2026-07-01T21:00:58.996Z
9269|suncheck,9269,suncheck,2026-07-01T21:00:58.996Z
9269|suncheck_machine,9269,suncheck_machine,2026-07-01T21:00:58.996Z
9269|sunnuclear,9269,sunnuclear,2026-07-01T21:00:58.996Z
9269|supervisor_de_equipo_médicos,9269,supervisor_de_equipo_médicos,2026-07-01T21:00:58.996Z
9269|versahd,9269,versahd,2026-07-01T21:00:58.996Z
9184|abc,9184,abc,2026-07-01T21:00:58.996Z
9184|elekta,9184,elekta,2026-07-01T21:00:58.996Z
9184|físico,9184,físico,2026-07-01T21:00:58.996Z
9184|hardware_y_software,9184,hardware_y_software,2026-07-01T21:00:58.996Z
9184|hexapod,9184,hexapod,2026-07-01T21:00:58.996Z
9184|media,9184,media,2026-07-01T21:00:58.996Z
9184|monaco,9184,monaco,2026-07-01T21:00:58.996Z
9184|mosaiq,9184,mosaiq,2026-07-01T21:00:58.996Z
9184|no,9184,no,2026-07-01T21:00:58.996Z
9184|problema,9184,problema,2026-07-01T21:00:58.996Z
9184|versahd,9184,versahd,2026-07-01T21:00:58.996Z
9243|abc,9243,abc,2026-07-01T21:00:58.996Z
9243|elekta,9243,elekta,2026-07-01T21:00:58.996Z
9243|físico,9243,físico,2026-07-01T21:00:58.996Z
9243|hardware_y_software,9243,hardware_y_software,2026-07-01T21:00:58.996Z
9243|hexapod,9243,hexapod,2026-07-01T21:00:58.996Z
9243|media,9243,media,2026-07-01T21:00:58.996Z
9243|monaco,9243,monaco,2026-07-01T21:00:58.996Z
9243|mosaiq,9243,mosaiq,2026-07-01T21:00:58.996Z
9243|no,9243,no,2026-07-01T21:00:58.996Z
9243|problema,9243,problema,2026-07-01T21:00:58.996Z
9243|versahd,9243,versahd,2026-07-01T21:00:58.996Z
9230|elekta,9230,elekta,2026-07-01T21:00:58.996Z
9230|físico,9230,físico,2026-07-01T21:00:58.996Z
9230|hardware_y_software,9230,hardware_y_software,2026-07-01T21:00:58.996Z
9230|hexapod,9230,hexapod,2026-07-01T21:00:58.996Z
9230|iview,9230,iview,2026-07-01T21:00:58.996Z
9230|linac,9230,linac,2026-07-01T21:00:58.996Z
9230|monaco,9230,monaco,2026-07-01T21:00:58.996Z
9230|mosaiq,9230,mosaiq,2026-07-01T21:00:58.996Z
9230|no,9230,no,2026-07-01T21:00:58.996Z
9230|platform,9230,platform,2026-07-01T21:00:58.996Z
9230|requerimiento,9230,requerimiento,2026-07-01T21:00:58.996Z
9230|suncheck,9230,suncheck,2026-07-01T21:00:58.996Z
9230|suncheck_machine,9230,suncheck_machine,2026-07-01T21:00:58.996Z
9230|sunnuclear,9230,sunnuclear,2026-07-01T21:00:58.996Z
9230|versahd,9230,versahd,2026-07-01T21:00:58.996Z
9230|xvi,9230,xvi,2026-07-01T21:00:58.996Z
9161|abc,9161,abc,2026-07-01T21:00:58.996Z
9161|elekta,9161,elekta,2026-07-01T21:00:58.996Z
9161|físico,9161,físico,2026-07-01T21:00:58.996Z
9161|hardware_y_software,9161,hardware_y_software,2026-07-01T21:00:58.996Z
9161|hexapod,9161,hexapod,2026-07-01T21:00:58.996Z
9161|media,9161,media,2026-07-01T21:00:58.996Z
9161|monaco,9161,monaco,2026-07-01T21:00:58.996Z
9161|mosaiq,9161,mosaiq,2026-07-01T21:00:58.996Z
9161|no,9161,no,2026-07-01T21:00:58.996Z
9161|problema,9161,problema,2026-07-01T21:00:58.996Z
9161|versahd,9161,versahd,2026-07-01T21:00:58.996Z
9149|abc,9149,abc,2026-07-01T21:00:58.996Z
9149|elekta,9149,elekta,2026-07-01T21:00:58.996Z
9149|físico,9149,físico,2026-07-01T21:00:58.996Z
9149|hardware_y_software,9149,hardware_y_software,2026-07-01T21:00:58.996Z
9149|hexapod,9149,hexapod,2026-07-01T21:00:58.996Z
9149|media,9149,media,2026-07-01T21:00:58.996Z
9149|monaco,9149,monaco,2026-07-01T21:00:58.996Z
9149|mosaiq,9149,mosaiq,2026-07-01T21:00:58.996Z
9149|no,9149,no,2026-07-01T21:00:58.996Z
9149|problema,9149,problema,2026-07-01T21:00:58.996Z
9149|versahd,9149,versahd,2026-07-01T21:00:58.996Z
9279|acelerador_lineal,9279,acelerador_lineal,2026-07-01T21:00:58.996Z
9279|elekta,9279,elekta,2026-07-01T21:00:58.996Z
9279|físico,9279,físico,2026-07-01T21:00:58.996Z
9279|hardware_y_software,9279,hardware_y_software,2026-07-01T21:00:58.996Z
9279|hexapod,9279,hexapod,2026-07-01T21:00:58.996Z
9279|iview,9279,iview,2026-07-01T21:00:58.996Z
9279|linac,9279,linac,2026-07-01T21:00:58.996Z
9279|monaco,9279,monaco,2026-07-01T21:00:58.996Z
9279|mosaiq,9279,mosaiq,2026-07-01T21:00:58.996Z
9279|no,9279,no,2026-07-01T21:00:58.996Z
9279|platform,9279,platform,2026-07-01T21:00:58.996Z
9279|requerimiento,9279,requerimiento,2026-07-01T21:00:58.996Z
9279|suncheck_machine,9279,suncheck_machine,2026-07-01T21:00:58.996Z
9279|sunnuclear,9279,sunnuclear,2026-07-01T21:00:58.996Z
9279|versahd,9279,versahd,2026-07-01T21:00:58.996Z
9279|xvi,9279,xvi,2026-07-01T21:00:58.996Z
9274|elekta,9274,elekta,2026-07-01T21:00:58.996Z
9274|físico,9274,físico,2026-07-01T21:00:58.996Z
9274|hardware_y_software,9274,hardware_y_software,2026-07-01T21:00:58.996Z
9274|hexapod,9274,hexapod,2026-07-01T21:00:58.996Z
9274|iview,9274,iview,2026-07-01T21:00:58.996Z
9274|linac,9274,linac,2026-07-01T21:00:58.996Z
9274|monaco,9274,monaco,2026-07-01T21:00:58.996Z
9274|mosaiq,9274,mosaiq,2026-07-01T21:00:58.996Z
9274|platform,9274,platform,2026-07-01T21:00:58.996Z
9274|problema,9274,problema,2026-07-01T21:00:58.996Z
9274|si,9274,si,2026-07-01T21:00:58.996Z
9274|sistema_ccp,9274,sistema_ccp,2026-07-01T21:00:58.996Z
9274|suncheck_machine,9274,suncheck_machine,2026-07-01T21:00:58.996Z
9274|sunnuclear,9274,sunnuclear,2026-07-01T21:00:58.996Z
9274|versahd,9274,versahd,2026-07-01T21:00:58.996Z
9274|xvi,9274,xvi,2026-07-01T21:00:58.996Z
9282|citrix,9282,citrix,2026-07-01T21:00:58.996Z
9282|elekta,9282,elekta,2026-07-01T21:00:58.996Z
9282|físico,9282,físico,2026-07-01T21:00:58.996Z
9282|hardware_y_software,9282,hardware_y_software,2026-07-01T21:00:58.996Z
9282|infinity,9282,infinity,2026-07-01T21:00:58.996Z
9282|integrity,9282,integrity,2026-07-01T21:00:58.996Z
9282|iview,9282,iview,2026-07-01T21:00:58.996Z
9282|linac,9282,linac,2026-07-01T21:00:58.996Z
9282|media,9282,media,2026-07-01T21:00:58.996Z
9282|monaco,9282,monaco,2026-07-01T21:00:58.996Z
9282|mosaiq,9282,mosaiq,2026-07-01T21:00:58.996Z
9282|problema,9282,problema,2026-07-01T21:00:58.996Z
9282|si,9282,si,2026-07-01T21:00:58.996Z
9282|storage,9282,storage,2026-07-01T21:00:58.996Z
9282|suncheck_machine,9282,suncheck_machine,2026-07-01T21:00:58.996Z
9282|sunnuclear,9282,sunnuclear,2026-07-01T21:00:58.996Z
9282|xvi,9282,xvi,2026-07-01T21:00:58.996Z
307|abc,307,abc,2026-07-01T21:00:58.996Z
307|elekta,307,elekta,2026-07-01T21:00:58.996Z
307|físico,307,físico,2026-07-01T21:00:58.996Z
307|hardware_y_software,307,hardware_y_software,2026-07-01T21:00:58.996Z
307|hexapod,307,hexapod,2026-07-01T21:00:58.996Z
307|media,307,media,2026-07-01T21:00:58.996Z
307|monaco,307,monaco,2026-07-01T21:00:58.996Z
307|mosaiq,307,mosaiq,2026-07-01T21:00:58.996Z
307|no,307,no,2026-07-01T21:00:58.996Z
307|on_hold_1h,307,on_hold_1h,2026-07-01T21:00:58.996Z
307|problema,307,problema,2026-07-01T21:00:58.996Z
307|versahd,307,versahd,2026-07-01T21:00:58.996Z
9314|citrix,9314,citrix,2026-07-01T21:00:58.996Z
9314|elekta,9314,elekta,2026-07-01T21:00:58.996Z
9314|físico,9314,físico,2026-07-01T21:00:58.996Z
9314|hardware_y_software,9314,hardware_y_software,2026-07-01T21:00:58.996Z
9314|infinity,9314,infinity,2026-07-01T21:00:58.996Z
9314|integrity,9314,integrity,2026-07-01T21:00:58.996Z
9314|iview,9314,iview,2026-07-01T21:00:58.996Z
9314|linac,9314,linac,2026-07-01T21:00:58.996Z
9314|media,9314,media,2026-07-01T21:00:58.996Z
9314|monaco,9314,monaco,2026-07-01T21:00:58.996Z
9314|mosaiq,9314,mosaiq,2026-07-01T21:00:58.996Z
9314|problema,9314,problema,2026-07-01T21:00:58.996Z
9314|si,9314,si,2026-07-01T21:00:58.996Z
9314|storage,9314,storage,2026-07-01T21:00:58.996Z
9314|suncheck_machine,9314,suncheck_machine,2026-07-01T21:00:58.996Z
9314|sunnuclear,9314,sunnuclear,2026-07-01T21:00:58.996Z
9314|xvi,9314,xvi,2026-07-01T21:00:58.996Z
9321|citrix,9321,citrix,2026-07-01T21:00:58.996Z
9321|elekta,9321,elekta,2026-07-01T21:00:58.996Z
9321|físico,9321,físico,2026-07-01T21:00:58.996Z
9321|hardware_y_software,9321,hardware_y_software,2026-07-01T21:00:58.996Z
9321|infinity,9321,infinity,2026-07-01T21:00:58.996Z
9321|integrity,9321,integrity,2026-07-01T21:00:58.996Z
9321|iview,9321,iview,2026-07-01T21:00:58.996Z
9321|linac,9321,linac,2026-07-01T21:00:58.996Z
9321|media,9321,media,2026-07-01T21:00:58.996Z
9321|monaco,9321,monaco,2026-07-01T21:00:58.996Z
9321|mosaiq,9321,mosaiq,2026-07-01T21:00:58.996Z
9321|problema,9321,problema,2026-07-01T21:00:58.996Z
9321|si,9321,si,2026-07-01T21:00:58.996Z
9321|storage,9321,storage,2026-07-01T21:00:58.996Z
9321|suncheck_machine,9321,suncheck_machine,2026-07-01T21:00:58.996Z
9321|sunnuclear,9321,sunnuclear,2026-07-01T21:00:58.996Z
9321|xvi,9321,xvi,2026-07-01T21:00:58.996Z
9263|axesse,9263,axesse,2026-07-01T21:00:58.996Z
9263|barcoding,9263,barcoding,2026-07-01T21:00:58.996Z
9263|braquiterapia,9263,braquiterapia,2026-07-01T21:00:58.996Z
9263|dosisoft,9263,dosisoft,2026-07-01T21:00:58.996Z
9263|elekta,9263,elekta,2026-07-01T21:00:58.996Z
9263|físico,9263,físico,2026-07-01T21:00:58.996Z
9263|hardware_y_software,9263,hardware_y_software,2026-07-01T21:00:58.996Z
9263|infinity,9263,infinity,2026-07-01T21:00:58.996Z
9263|iview,9263,iview,2026-07-01T21:00:58.996Z
9263|linac,9263,linac,2026-07-01T21:00:58.996Z
9263|monaco,9263,monaco,2026-07-01T21:00:58.996Z
9263|monacosim,9263,monacosim,2026-07-01T21:00:58.996Z
9263|mosaiq,9263,mosaiq,2026-07-01T21:00:58.996Z
9263|no,9263,no,2026-07-01T21:00:58.996Z
9263|requerimiento,9263,requerimiento,2026-07-01T21:00:58.996Z
9263|storage,9263,storage,2026-07-01T21:00:58.996Z
9263|versahd,9263,versahd,2026-07-01T21:00:58.996Z
9263|xvi,9263,xvi,2026-07-01T21:00:58.996Z
9173|axesse,9173,axesse,2026-07-01T21:00:58.996Z
9173|barcoding,9173,barcoding,2026-07-01T21:00:58.996Z
9173|braquiterapia,9173,braquiterapia,2026-07-01T21:00:58.996Z
9173|dosisoft,9173,dosisoft,2026-07-01T21:00:58.996Z
9173|elekta,9173,elekta,2026-07-01T21:00:58.996Z
9173|físico,9173,físico,2026-07-01T21:00:58.996Z
9173|hardware_y_software,9173,hardware_y_software,2026-07-01T21:00:58.996Z
9173|infinity,9173,infinity,2026-07-01T21:00:58.996Z
9173|iview,9173,iview,2026-07-01T21:00:58.996Z
9173|linac,9173,linac,2026-07-01T21:00:58.996Z
9173|monaco,9173,monaco,2026-07-01T21:00:58.996Z
9173|monacosim,9173,monacosim,2026-07-01T21:00:58.996Z
9173|mosaiq,9173,mosaiq,2026-07-01T21:00:58.996Z
9173|no,9173,no,2026-07-01T21:00:58.996Z
9173|problema,9173,problema,2026-07-01T21:00:58.996Z
9173|storage,9173,storage,2026-07-01T21:00:58.996Z
9173|versahd,9173,versahd,2026-07-01T21:00:58.996Z
9173|xvi,9173,xvi,2026-07-01T21:00:58.996Z
9248|acelerador_lineal,9248,acelerador_lineal,2026-07-01T21:00:58.996Z
9248|elekta,9248,elekta,2026-07-01T21:00:58.996Z
9248|físico,9248,físico,2026-07-01T21:00:58.996Z
9248|infinity,9248,infinity,2026-07-01T21:00:58.996Z
9248|problema,9248,problema,2026-07-01T21:00:58.996Z
9248|si,9248,si,2026-07-01T21:00:58.996Z
9307|agility,9307,agility,2026-07-01T21:00:58.996Z
9307|elekta,9307,elekta,2026-07-01T21:00:58.996Z
9307|hardware_y_software,9307,hardware_y_software,2026-07-01T21:00:58.996Z
9307|monaco,9307,monaco,2026-07-01T21:00:58.996Z
9307|mosaiq,9307,mosaiq,2026-07-01T21:00:58.996Z
9307|problema,9307,problema,2026-07-01T21:00:58.996Z
9307|si,9307,si,2026-07-01T21:00:58.996Z
9307|sinergy,9307,sinergy,2026-07-01T21:00:58.996Z
9307|suncheck,9307,suncheck,2026-07-01T21:00:58.996Z
9307|suncheck_machine,9307,suncheck_machine,2026-07-01T21:00:58.996Z
9307|sunnuclear,9307,sunnuclear,2026-07-01T21:00:58.996Z
9307|supervisor_de_equipo_médicos,9307,supervisor_de_equipo_médicos,2026-07-01T21:00:58.996Z
9307|versahd,9307,versahd,2026-07-01T21:00:58.996Z
9324|citrix,9324,citrix,2026-07-01T21:00:58.996Z
9324|elekta,9324,elekta,2026-07-01T21:00:58.996Z
9324|físico,9324,físico,2026-07-01T21:00:58.996Z
9324|hardware_y_software,9324,hardware_y_software,2026-07-01T21:00:58.996Z
9324|hexapod,9324,hexapod,2026-07-01T21:00:58.996Z
9324|iview,9324,iview,2026-07-01T21:00:58.996Z
9324|linac,9324,linac,2026-07-01T21:00:58.996Z
9324|monaco,9324,monaco,2026-07-01T21:00:58.996Z
9324|mosaiq,9324,mosaiq,2026-07-01T21:00:58.996Z
9324|mosaiq_workstation,9324,mosaiq_workstation,2026-07-01T21:00:58.996Z
9324|no,9324,no,2026-07-01T21:00:58.996Z
9324|platform,9324,platform,2026-07-01T21:00:58.996Z
9324|requerimiento,9324,requerimiento,2026-07-01T21:00:58.996Z
9324|suncheck_machine,9324,suncheck_machine,2026-07-01T21:00:58.996Z
9324|sunnuclear,9324,sunnuclear,2026-07-01T21:00:58.996Z
9324|versahd,9324,versahd,2026-07-01T21:00:58.996Z
9324|xvi,9324,xvi,2026-07-01T21:00:58.996Z
9310|acelerador_lineal,9310,acelerador_lineal,2026-07-01T21:00:58.996Z
9310|elekta,9310,elekta,2026-07-01T21:00:58.996Z
9310|no,9310,no,2026-07-01T21:00:58.996Z
9310|requerimiento,9310,requerimiento,2026-07-01T21:00:58.996Z
9310|sinergy,9310,sinergy,2026-07-01T21:00:58.996Z
9310|supervisor_de_radioterapía,9310,supervisor_de_radioterapía,2026-07-01T21:00:58.996Z
9310|synergy,9310,synergy,2026-07-01T21:00:58.996Z
9308|acelerador_lineal,9308,acelerador_lineal,2026-07-01T21:00:58.996Z
9308|elekta,9308,elekta,2026-07-01T21:00:58.996Z
9308|no,9308,no,2026-07-01T21:00:58.996Z
9308|problema,9308,problema,2026-07-01T21:00:58.996Z
9308|sinergy,9308,sinergy,2026-07-01T21:00:58.996Z
9308|supervisor_de_radioterapía,9308,supervisor_de_radioterapía,2026-07-01T21:00:58.996Z
9308|synergy,9308,synergy,2026-07-01T21:00:58.996Z
9339|físico,9339,físico,2026-07-01T21:00:58.996Z
9339|hardware_y_software,9339,hardware_y_software,2026-07-01T21:00:58.996Z
9339|infinity,9339,infinity,2026-07-01T21:00:58.996Z
9339|integrity,9339,integrity,2026-07-01T21:00:58.996Z
9339|iview,9339,iview,2026-07-01T21:00:58.996Z
9339|linac,9339,linac,2026-07-01T21:00:58.996Z
9339|problema,9339,problema,2026-07-01T21:00:58.996Z
9339|si,9339,si,2026-07-01T21:00:58.996Z
9339|sunnuclear,9339,sunnuclear,2026-07-01T21:00:58.996Z
9339|xvi,9339,xvi,2026-07-01T21:00:58.996Z
9297|acelerador_lineal,9297,acelerador_lineal,2026-07-01T21:00:58.996Z
9297|citrix,9297,citrix,2026-07-01T21:00:58.996Z
9297|elekta,9297,elekta,2026-07-01T21:00:58.996Z
9297|físico,9297,físico,2026-07-01T21:00:58.996Z
9297|hardware_y_software,9297,hardware_y_software,2026-07-01T21:00:58.996Z
9297|infinity,9297,infinity,2026-07-01T21:00:58.996Z
9297|iview,9297,iview,2026-07-01T21:00:58.996Z
9297|linac,9297,linac,2026-07-01T21:00:58.996Z
9297|media,9297,media,2026-07-01T21:00:58.996Z
9297|monaco,9297,monaco,2026-07-01T21:00:58.996Z
9297|mosaiq,9297,mosaiq,2026-07-01T21:00:58.996Z
9297|on_hold_1h,9297,on_hold_1h,2026-07-01T21:00:58.996Z
9297|problema,9297,problema,2026-07-01T21:00:58.996Z
9297|si,9297,si,2026-07-01T21:00:58.996Z
9297|storage,9297,storage,2026-07-01T21:00:58.996Z
9297|suncheck_machine,9297,suncheck_machine,2026-07-01T21:00:58.996Z
9297|sunnuclear,9297,sunnuclear,2026-07-01T21:00:58.996Z
9297|xvi,9297,xvi,2026-07-01T21:00:58.996Z
9246|acelerador_lineal,9246,acelerador_lineal,2026-07-01T21:00:58.996Z
9246|elekta,9246,elekta,2026-07-01T21:00:58.996Z
9246|físico,9246,físico,2026-07-01T21:00:58.996Z
9246|infinity,9246,infinity,2026-07-01T21:00:58.996Z
9246|requerimiento,9246,requerimiento,2026-07-01T21:00:58.996Z
9246|si,9246,si,2026-07-01T21:00:58.996Z
9237|axesse,9237,axesse,2026-07-01T21:00:58.996Z
9237|barcoding,9237,barcoding,2026-07-01T21:00:58.996Z
9237|braquiterapia,9237,braquiterapia,2026-07-01T21:00:58.996Z
9237|dosisoft,9237,dosisoft,2026-07-01T21:00:58.996Z
9237|elekta,9237,elekta,2026-07-01T21:00:58.996Z
9237|físico,9237,físico,2026-07-01T21:00:58.996Z
9237|hardware_y_software,9237,hardware_y_software,2026-07-01T21:00:58.996Z
9237|infinity,9237,infinity,2026-07-01T21:00:58.996Z
9237|iview,9237,iview,2026-07-01T21:00:58.996Z
9237|linac,9237,linac,2026-07-01T21:00:58.996Z
9237|monaco,9237,monaco,2026-07-01T21:00:58.996Z
9237|monacosim,9237,monacosim,2026-07-01T21:00:58.996Z
9237|mosaiq,9237,mosaiq,2026-07-01T21:00:58.996Z
9237|no,9237,no,2026-07-01T21:00:58.996Z
9237|requerimiento,9237,requerimiento,2026-07-01T21:00:58.996Z
9237|storage,9237,storage,2026-07-01T21:00:58.996Z
9237|versahd,9237,versahd,2026-07-01T21:00:58.996Z
9237|xvi,9237,xvi,2026-07-01T21:00:58.996Z
9211|acelerador_lineal,9211,acelerador_lineal,2026-07-01T21:00:58.996Z
9211|axesse,9211,axesse,2026-07-01T21:00:58.996Z
9211|elekta,9211,elekta,2026-07-01T21:00:58.996Z
9211|físico,9211,físico,2026-07-01T21:00:58.996Z
9211|infinity,9211,infinity,2026-07-01T21:00:58.996Z
9211|no,9211,no,2026-07-01T21:00:58.996Z
9211|problema,9211,problema,2026-07-01T21:00:58.996Z
9333|acelerador_lineal,9333,acelerador_lineal,2026-07-01T21:00:58.996Z
9333|agility,9333,agility,2026-07-01T21:00:58.996Z
9333|elekta,9333,elekta,2026-07-01T21:00:58.996Z
9333|hardware_y_software,9333,hardware_y_software,2026-07-01T21:00:58.996Z
9333|incidente,9333,incidente,2026-07-01T21:00:58.996Z
9333|mosaiq,9333,mosaiq,2026-07-01T21:00:58.996Z
9333|no,9333,no,2026-07-01T21:00:58.996Z
9333|sinergy,9333,sinergy,2026-07-01T21:00:58.996Z
9333|supervisor_de_equipo_médicos,9333,supervisor_de_equipo_médicos,2026-07-01T21:00:58.996Z
9333|versahd,9333,versahd,2026-07-01T21:00:58.996Z
9328|acelerador_lineal,9328,acelerador_lineal,2026-07-01T21:00:58.996Z
9328|elekta,9328,elekta,2026-07-01T21:00:58.996Z
9328|fco,9328,fco,2026-07-01T21:00:58.996Z
9328|no,9328,no,2026-07-01T21:00:58.996Z
9328|sinergy,9328,sinergy,2026-07-01T21:00:58.996Z
9328|supervisor_de_radioterapía,9328,supervisor_de_radioterapía,2026-07-01T21:00:58.996Z
9328|synergy,9328,synergy,2026-07-01T21:00:58.996Z
9315|acelerador_lineal,9315,acelerador_lineal,2026-07-01T21:00:58.996Z
9315|elekta,9315,elekta,2026-07-01T21:00:58.996Z
9315|físico,9315,físico,2026-07-01T21:00:58.996Z
9315|problema,9315,problema,2026-07-01T21:00:58.996Z
9315|si,9315,si,2026-07-01T21:00:58.996Z
9315|versahd,9315,versahd,2026-07-01T21:00:58.996Z
9288|acelerador_lineal,9288,acelerador_lineal,2026-07-01T21:00:58.996Z
9288|elekta,9288,elekta,2026-07-01T21:00:58.996Z
9288|físico,9288,físico,2026-07-01T21:00:58.996Z
9288|problema,9288,problema,2026-07-01T21:00:58.996Z
9288|si,9288,si,2026-07-01T21:00:58.996Z
9288|versahd,9288,versahd,2026-07-01T21:00:58.996Z
9348|elekta,9348,elekta,2026-07-01T21:00:58.996Z
9348|físico,9348,físico,2026-07-01T21:00:58.996Z
9348|hardware_y_software,9348,hardware_y_software,2026-07-01T21:00:58.996Z
9348|hexapod,9348,hexapod,2026-07-01T21:00:58.996Z
9348|iview,9348,iview,2026-07-01T21:00:58.996Z
9348|linac,9348,linac,2026-07-01T21:00:58.996Z
9348|monaco,9348,monaco,2026-07-01T21:00:58.996Z
9348|mosaiq,9348,mosaiq,2026-07-01T21:00:58.996Z
9348|mosaiq_workstation,9348,mosaiq_workstation,2026-07-01T21:00:58.996Z
9348|médico,9348,médico,2026-07-01T21:00:58.996Z
9348|no,9348,no,2026-07-01T21:00:58.996Z
9348|platform,9348,platform,2026-07-01T21:00:58.996Z
9348|requerimiento,9348,requerimiento,2026-07-01T21:00:58.996Z
9348|suncheck_machine,9348,suncheck_machine,2026-07-01T21:00:58.996Z
9348|sunnuclear,9348,sunnuclear,2026-07-01T21:00:58.996Z
9348|versahd,9348,versahd,2026-07-01T21:00:58.996Z
9348|xvi,9348,xvi,2026-07-01T21:00:58.996Z
9354|acelerador_lineal,9354,acelerador_lineal,2026-07-01T21:00:58.996Z
9354|elekta,9354,elekta,2026-07-01T21:00:58.996Z
9354|físico,9354,físico,2026-07-01T21:00:58.996Z
9354|hardware_y_software,9354,hardware_y_software,2026-07-01T21:00:58.996Z
9354|hexapod,9354,hexapod,2026-07-01T21:00:58.996Z
9354|iview,9354,iview,2026-07-01T21:00:58.996Z
9354|linac,9354,linac,2026-07-01T21:00:58.996Z
9354|monaco,9354,monaco,2026-07-01T21:00:58.996Z
9354|mosaiq,9354,mosaiq,2026-07-01T21:00:58.996Z
9354|platform,9354,platform,2026-07-01T21:00:58.996Z
9354|problema,9354,problema,2026-07-01T21:00:58.996Z
9354|si,9354,si,2026-07-01T21:00:58.996Z
9354|suncheck_machine,9354,suncheck_machine,2026-07-01T21:00:58.996Z
9354|sunnuclear,9354,sunnuclear,2026-07-01T21:00:58.996Z
9354|versahd,9354,versahd,2026-07-01T21:00:58.996Z
9354|xvi,9354,xvi,2026-07-01T21:00:58.996Z
9353|citrix,9353,citrix,2026-07-01T21:00:58.996Z
9353|elekta,9353,elekta,2026-07-01T21:00:58.996Z
9353|hardware_y_software,9353,hardware_y_software,2026-07-01T21:00:58.996Z
9353|hexapod,9353,hexapod,2026-07-01T21:00:58.996Z
9353|instalación,9353,instalación,2026-07-01T21:00:58.996Z
9353|iview,9353,iview,2026-07-01T21:00:58.996Z
9353|linac,9353,linac,2026-07-01T21:00:58.996Z
9353|monaco,9353,monaco,2026-07-01T21:00:58.996Z
9353|monaco_sim,9353,monaco_sim,2026-07-01T21:00:58.996Z
9353|mosaiq,9353,mosaiq,2026-07-01T21:00:58.996Z
9353|no,9353,no,2026-07-01T21:00:58.996Z
9353|platform,9353,platform,2026-07-01T21:00:58.996Z
9353|suncheck_machine,9353,suncheck_machine,2026-07-01T21:00:58.996Z
9353|sunnuclear,9353,sunnuclear,2026-07-01T21:00:58.996Z
9353|tens,9353,tens,2026-07-01T21:00:58.996Z
9353|versahd,9353,versahd,2026-07-01T21:00:58.996Z
9353|xvi,9353,xvi,2026-07-01T21:00:58.996Z
9301|elekta,9301,elekta,2026-07-01T21:00:58.996Z
9301|físico,9301,físico,2026-07-01T21:00:58.996Z
9301|hardware_y_software,9301,hardware_y_software,2026-07-01T21:00:58.996Z
9301|hexapod,9301,hexapod,2026-07-01T21:00:58.996Z
9301|iview,9301,iview,2026-07-01T21:00:58.996Z
9301|linac,9301,linac,2026-07-01T21:00:58.996Z
9301|monaco,9301,monaco,2026-07-01T21:00:58.996Z
9301|mosaiq,9301,mosaiq,2026-07-01T21:00:58.996Z
9301|no,9301,no,2026-07-01T21:00:58.996Z
9301|platform,9301,platform,2026-07-01T21:00:58.996Z
9301|problema,9301,problema,2026-07-01T21:00:58.996Z
9301|suncheck,9301,suncheck,2026-07-01T21:00:58.996Z
9301|suncheck_machine,9301,suncheck_machine,2026-07-01T21:00:58.996Z
9301|sunnuclear,9301,sunnuclear,2026-07-01T21:00:58.996Z
9301|versahd,9301,versahd,2026-07-01T21:00:58.996Z
9301|xvi,9301,xvi,2026-07-01T21:00:58.996Z
9224|consultas,9224,consultas,2026-07-01T21:00:58.996Z
9224|elekta,9224,elekta,2026-07-01T21:00:58.996Z
9224|hardware_y_software,9224,hardware_y_software,2026-07-01T21:00:58.996Z
9224|hexapod,9224,hexapod,2026-07-01T21:00:58.996Z
9224|iview,9224,iview,2026-07-01T21:00:58.996Z
9224|linac,9224,linac,2026-07-01T21:00:58.996Z
9224|monaco,9224,monaco,2026-07-01T21:00:58.996Z
9224|mosaiq,9224,mosaiq,2026-07-01T21:00:58.996Z
9224|médico,9224,médico,2026-07-01T21:00:58.996Z
9224|no,9224,no,2026-07-01T21:00:58.996Z
9224|platform,9224,platform,2026-07-01T21:00:58.996Z
9224|sistema_de_imagen_cbct_xvi,9224,sistema_de_imagen_cbct_xvi,2026-07-01T21:00:58.996Z
9224|suncheck_machine,9224,suncheck_machine,2026-07-01T21:00:58.996Z
9224|sunnuclear,9224,sunnuclear,2026-07-01T21:00:58.996Z
9224|versahd,9224,versahd,2026-07-01T21:00:58.996Z
9224|xvi,9224,xvi,2026-07-01T21:00:58.996Z
9365|citrix,9365,citrix,2026-07-01T21:00:58.996Z
9365|elekta,9365,elekta,2026-07-01T21:00:58.996Z
9365|hardware_y_software,9365,hardware_y_software,2026-07-01T21:00:58.996Z
9365|incidente,9365,incidente,2026-07-01T21:00:58.996Z
9365|infinity,9365,infinity,2026-07-01T21:00:58.996Z
9365|integrity,9365,integrity,2026-07-01T21:00:58.996Z
9365|iview,9365,iview,2026-07-01T21:00:58.996Z
9365|linac,9365,linac,2026-07-01T21:00:58.996Z
9365|media,9365,media,2026-07-01T21:00:58.996Z
9365|monaco,9365,monaco,2026-07-01T21:00:58.996Z
9365|mosaiq,9365,mosaiq,2026-07-01T21:00:58.996Z
9365|si,9365,si,2026-07-01T21:00:58.996Z
9365|storage,9365,storage,2026-07-01T21:00:58.996Z
9365|suncheck_machine,9365,suncheck_machine,2026-07-01T21:00:58.996Z
9365|sunnuclear,9365,sunnuclear,2026-07-01T21:00:58.996Z
9365|xvi,9365,xvi,2026-07-01T21:00:58.996Z
9361|citrix,9361,citrix,2026-07-01T21:00:58.996Z
9361|elekta,9361,elekta,2026-07-01T21:00:58.996Z
9361|físico,9361,físico,2026-07-01T21:00:58.996Z
9361|hardware_y_software,9361,hardware_y_software,2026-07-01T21:00:58.996Z
9361|infinity,9361,infinity,2026-07-01T21:00:58.996Z
9361|integrity,9361,integrity,2026-07-01T21:00:58.996Z
9361|iview,9361,iview,2026-07-01T21:00:58.996Z
9361|linac,9361,linac,2026-07-01T21:00:58.996Z
9361|media,9361,media,2026-07-01T21:00:58.996Z
9361|monaco,9361,monaco,2026-07-01T21:00:58.996Z
9361|mosaiq,9361,mosaiq,2026-07-01T21:00:58.996Z
9361|problema,9361,problema,2026-07-01T21:00:58.996Z
9361|si,9361,si,2026-07-01T21:00:58.996Z
9361|storage,9361,storage,2026-07-01T21:00:58.996Z
9361|suncheck_machine,9361,suncheck_machine,2026-07-01T21:00:58.996Z
9361|sunnuclear,9361,sunnuclear,2026-07-01T21:00:58.996Z
9361|xvi,9361,xvi,2026-07-01T21:00:58.996Z
9281|acelerador_lineal,9281,acelerador_lineal,2026-07-01T21:00:58.996Z
9281|elekta,9281,elekta,2026-07-01T21:00:58.996Z
9281|físico,9281,físico,2026-07-01T21:00:58.996Z
9281|hardware_y_software,9281,hardware_y_software,2026-07-01T21:00:58.996Z
9281|hexapod,9281,hexapod,2026-07-01T21:00:58.996Z
9281|iba,9281,iba,2026-07-01T21:00:58.996Z
9281|iguide,9281,iguide,2026-07-01T21:00:58.996Z
9281|iview,9281,iview,2026-07-01T21:00:58.996Z
9281|monaco,9281,monaco,2026-07-01T21:00:58.996Z
9281|monacosim,9281,monacosim,2026-07-01T21:00:58.996Z
9281|mosaiq,9281,mosaiq,2026-07-01T21:00:58.996Z
9281|no,9281,no,2026-07-01T21:00:58.996Z
9281|requerimiento,9281,requerimiento,2026-07-01T21:00:58.996Z
9281|rtp99,9281,rtp99,2026-07-01T21:00:58.996Z
9281|tcs,9281,tcs,2026-07-01T21:00:58.996Z
9281|versahd,9281,versahd,2026-07-01T21:00:58.996Z
9281|xvi,9281,xvi,2026-07-01T21:00:58.996Z
9261|axesse,9261,axesse,2026-07-01T21:00:58.996Z
9261|barcoding,9261,barcoding,2026-07-01T21:00:58.996Z
9261|braquiterapia,9261,braquiterapia,2026-07-01T21:00:58.996Z
9261|dosisoft,9261,dosisoft,2026-07-01T21:00:58.996Z
9261|elekta,9261,elekta,2026-07-01T21:00:58.996Z
9261|físico,9261,físico,2026-07-01T21:00:58.996Z
9261|hardware_y_software,9261,hardware_y_software,2026-07-01T21:00:58.996Z
9261|infinity,9261,infinity,2026-07-01T21:00:58.996Z
9261|iview,9261,iview,2026-07-01T21:00:58.996Z
9261|linac,9261,linac,2026-07-01T21:00:58.996Z
9261|monaco,9261,monaco,2026-07-01T21:00:58.996Z
9261|monacosim,9261,monacosim,2026-07-01T21:00:58.996Z
9261|mosaiq,9261,mosaiq,2026-07-01T21:00:58.996Z
9261|no,9261,no,2026-07-01T21:00:58.996Z
9261|problema,9261,problema,2026-07-01T21:00:58.996Z
9261|storage,9261,storage,2026-07-01T21:00:58.996Z
9261|versahd,9261,versahd,2026-07-01T21:00:58.996Z
9261|xvi,9261,xvi,2026-07-01T21:00:58.996Z
8993|citrix,8993,citrix,2026-07-01T21:00:58.996Z
8993|elekta,8993,elekta,2026-07-01T21:00:58.996Z
8993|hardware_y_software,8993,hardware_y_software,2026-07-01T21:00:58.996Z
8993|infinity,8993,infinity,2026-07-01T21:00:58.996Z
8993|iview,8993,iview,2026-07-01T21:00:58.996Z
8993|linac,8993,linac,2026-07-01T21:00:58.996Z
8993|media,8993,media,2026-07-01T21:00:58.996Z
8993|monaco,8993,monaco,2026-07-01T21:00:58.996Z
8993|mosaiq,8993,mosaiq,2026-07-01T21:00:58.996Z
8993|on_hold_1h,8993,on_hold_1h,2026-07-01T21:00:58.996Z
8993|problema,8993,problema,2026-07-01T21:00:58.996Z
8993|si,8993,si,2026-07-01T21:00:58.996Z
8993|sistema_ccp,8993,sistema_ccp,2026-07-01T21:00:58.996Z
8993|storage,8993,storage,2026-07-01T21:00:58.996Z
8993|suncheck_machine,8993,suncheck_machine,2026-07-01T21:00:58.996Z
8993|sunnuclear,8993,sunnuclear,2026-07-01T21:00:58.996Z
8993|xvi,8993,xvi,2026-07-01T21:00:58.996Z
9356|acelerador_lineal,9356,acelerador_lineal,2026-07-01T21:00:58.996Z
9356|elekta,9356,elekta,2026-07-01T21:00:58.996Z
9356|hardware_y_software,9356,hardware_y_software,2026-07-01T21:00:58.996Z
9356|no,9356,no,2026-07-01T21:00:58.996Z
9356|sinergy,9356,sinergy,2026-07-01T21:00:58.996Z
9356|supervisor_de_radioterapía,9356,supervisor_de_radioterapía,2026-07-01T21:00:58.996Z
9356|synergy,9356,synergy,2026-07-01T21:00:58.996Z
9356|tarea,9356,tarea,2026-07-01T21:00:58.996Z
9405|closed_by_merge,9405,closed_by_merge,2026-07-01T21:00:58.996Z
9405|elekta,9405,elekta,2026-07-01T21:00:58.996Z
9405|hardware_y_software,9405,hardware_y_software,2026-07-01T21:00:58.996Z
9405|hexapod,9405,hexapod,2026-07-01T21:00:58.996Z
9405|iview,9405,iview,2026-07-01T21:00:58.996Z
9405|linac,9405,linac,2026-07-01T21:00:58.996Z
9405|monaco,9405,monaco,2026-07-01T21:00:58.996Z
9405|mosaiq,9405,mosaiq,2026-07-01T21:00:58.996Z
9405|médico,9405,médico,2026-07-01T21:00:58.996Z
9405|platform,9405,platform,2026-07-01T21:00:58.996Z
9405|suncheck,9405,suncheck,2026-07-01T21:00:58.996Z
9405|suncheck_machine,9405,suncheck_machine,2026-07-01T21:00:58.996Z
9405|sunnuclear,9405,sunnuclear,2026-07-01T21:00:58.996Z
9405|versahd,9405,versahd,2026-07-01T21:00:58.996Z
9405|xvi,9405,xvi,2026-07-01T21:00:58.996Z
9364|brachy,9364,brachy,2026-07-01T21:00:58.996Z
9364|elekta,9364,elekta,2026-07-01T21:00:58.996Z
9364|flexitron,9364,flexitron,2026-07-01T21:00:58.996Z
9364|hardware_y_software,9364,hardware_y_software,2026-07-01T21:00:58.996Z
9364|media,9364,media,2026-07-01T21:00:58.996Z
9364|monaco,9364,monaco,2026-07-01T21:00:58.996Z
9364|mosaiq,9364,mosaiq,2026-07-01T21:00:58.996Z
9364|no,9364,no,2026-07-01T21:00:58.996Z
9364|requerimiento,9364,requerimiento,2026-07-01T21:00:58.996Z
9364|sinergy,9364,sinergy,2026-07-01T21:00:58.996Z
9364|supervisor_de_radioterapía,9364,supervisor_de_radioterapía,2026-07-01T21:00:58.996Z
9364|synergy,9364,synergy,2026-07-01T21:00:58.996Z
9403|agility,9403,agility,2026-07-01T21:00:58.996Z
9403|elekta,9403,elekta,2026-07-01T21:00:58.996Z
9403|hardware_y_software,9403,hardware_y_software,2026-07-01T21:00:58.996Z
9403|monaco,9403,monaco,2026-07-01T21:00:58.996Z
9403|mosaiq,9403,mosaiq,2026-07-01T21:00:58.996Z
9403|no,9403,no,2026-07-01T21:00:58.996Z
9403|problema,9403,problema,2026-07-01T21:00:58.996Z
9403|sinergy,9403,sinergy,2026-07-01T21:00:58.996Z
9403|suncheck,9403,suncheck,2026-07-01T21:00:58.996Z
9403|suncheck_machine,9403,suncheck_machine,2026-07-01T21:00:58.996Z
9403|sunnuclear,9403,sunnuclear,2026-07-01T21:00:58.996Z
9403|supervisor_de_equipo_médicos,9403,supervisor_de_equipo_médicos,2026-07-01T21:00:58.996Z
9403|versahd,9403,versahd,2026-07-01T21:00:58.996Z
9401|agility,9401,agility,2026-07-01T21:00:58.996Z
9401|elekta,9401,elekta,2026-07-01T21:00:58.996Z
9401|hardware_y_software,9401,hardware_y_software,2026-07-01T21:00:58.996Z
9401|monaco,9401,monaco,2026-07-01T21:00:58.996Z
9401|mosaiq,9401,mosaiq,2026-07-01T21:00:58.996Z
9401|no,9401,no,2026-07-01T21:00:58.996Z
9401|problema,9401,problema,2026-07-01T21:00:58.996Z
9401|sinergy,9401,sinergy,2026-07-01T21:00:58.996Z
9401|suncheck,9401,suncheck,2026-07-01T21:00:58.996Z
9401|suncheck_machine,9401,suncheck_machine,2026-07-01T21:00:58.996Z
9401|sunnuclear,9401,sunnuclear,2026-07-01T21:00:58.996Z
9401|supervisor_de_equipo_médicos,9401,supervisor_de_equipo_médicos,2026-07-01T21:00:58.996Z
9401|versahd,9401,versahd,2026-07-01T21:00:58.996Z
9378|no,9378,no,2026-07-01T21:00:58.996Z
9378|on_hold_1h,9378,on_hold_1h,2026-07-01T21:00:58.996Z
9378|problema,9378,problema,2026-07-01T21:00:58.996Z
9378|suncheck,9378,suncheck,2026-07-01T21:00:58.996Z
9378|suncheck_machine,9378,suncheck_machine,2026-07-01T21:00:58.996Z
9378|sunnuclear,9378,sunnuclear,2026-07-01T21:00:58.996Z
9153|brachy,9153,brachy,2026-07-01T21:00:58.996Z
9153|elekta,9153,elekta,2026-07-01T21:00:58.996Z
9153|físico,9153,físico,2026-07-01T21:00:58.996Z
9153|hardware_y_software,9153,hardware_y_software,2026-07-01T21:00:58.996Z
9153|media,9153,media,2026-07-01T21:00:58.996Z
9153|monaco,9153,monaco,2026-07-01T21:00:58.996Z
9153|mosaiq,9153,mosaiq,2026-07-01T21:00:58.996Z
9153|no,9153,no,2026-07-01T21:00:58.996Z
9153|on_hold_1h,9153,on_hold_1h,2026-07-01T21:00:58.996Z
9153|problema,9153,problema,2026-07-01T21:00:58.996Z
9153|sinergy,9153,sinergy,2026-07-01T21:00:58.996Z
9153|sistema_de_imagen_portal_iview,9153,sistema_de_imagen_portal_iview,2026-07-01T21:00:58.996Z
9153|synergy,9153,synergy,2026-07-01T21:00:58.996Z
9419|acelerador_lineal,9419,acelerador_lineal,2026-07-01T21:00:58.996Z
9419|elekta,9419,elekta,2026-07-01T21:00:58.996Z
9419|físico,9419,físico,2026-07-01T21:00:58.996Z
9419|hexapod,9419,hexapod,2026-07-01T21:00:58.996Z
9419|no,9419,no,2026-07-01T21:00:58.996Z
9419|problema,9419,problema,2026-07-01T21:00:58.996Z
9419|versahd,9419,versahd,2026-07-01T21:00:58.996Z
9448|closed_by_merge,9448,closed_by_merge,2026-07-01T21:00:58.996Z
9448|elekta,9448,elekta,2026-07-01T21:00:58.996Z
9448|error,9448,error,2026-07-01T21:00:58.996Z
9448|hardware_y_software,9448,hardware_y_software,2026-07-01T21:00:58.996Z
9448|hexapod,9448,hexapod,2026-07-01T21:00:58.996Z
9448|iview,9448,iview,2026-07-01T21:00:58.996Z
9448|linac,9448,linac,2026-07-01T21:00:58.996Z
9448|monaco,9448,monaco,2026-07-01T21:00:58.996Z
9448|mosaiq,9448,mosaiq,2026-07-01T21:00:58.996Z
9448|platform,9448,platform,2026-07-01T21:00:58.996Z
9448|problema,9448,problema,2026-07-01T21:00:58.996Z
9448|suncheck,9448,suncheck,2026-07-01T21:00:58.996Z
9448|suncheck_machine,9448,suncheck_machine,2026-07-01T21:00:58.996Z
9448|sunnuclear,9448,sunnuclear,2026-07-01T21:00:58.996Z
9448|versahd,9448,versahd,2026-07-01T21:00:58.996Z
9448|xvi,9448,xvi,2026-07-01T21:00:58.996Z
9285|acelerador_lineal,9285,acelerador_lineal,2026-07-01T21:00:58.996Z
9285|brachy,9285,brachy,2026-07-01T21:00:58.996Z
9285|comapact,9285,comapact,2026-07-01T21:00:58.996Z
9285|compact,9285,compact,2026-07-01T21:00:58.996Z
9285|elekta,9285,elekta,2026-07-01T21:00:58.996Z
9285|flexitron,9285,flexitron,2026-07-01T21:00:58.996Z
9285|físico,9285,físico,2026-07-01T21:00:58.996Z
9285|hardware_y_software,9285,hardware_y_software,2026-07-01T21:00:58.996Z
9285|problema,9285,problema,2026-07-01T21:00:58.996Z
9285|si,9285,si,2026-07-01T21:00:58.996Z
9413|elekta,9413,elekta,2026-07-01T21:00:58.996Z
9413|físico,9413,físico,2026-07-01T21:00:58.996Z
9413|iview,9413,iview,2026-07-01T21:00:58.996Z
9413|linac,9413,linac,2026-07-01T21:00:58.996Z
9413|problema,9413,problema,2026-07-01T21:00:58.996Z
9413|si,9413,si,2026-07-01T21:00:58.996Z
9413|sistema_de_imagen_cbct_xvi,9413,sistema_de_imagen_cbct_xvi,2026-07-01T21:00:58.996Z
9413|versahd,9413,versahd,2026-07-01T21:00:58.996Z
9413|xvi,9413,xvi,2026-07-01T21:00:58.996Z
9157|acelerador_lineal,9157,acelerador_lineal,2026-07-01T21:00:58.996Z
9157|elekta,9157,elekta,2026-07-01T21:00:58.996Z
9157|físico,9157,físico,2026-07-01T21:00:58.996Z
9157|infinity,9157,infinity,2026-07-01T21:00:58.996Z
9157|no,9157,no,2026-07-01T21:00:58.996Z
9157|problema,9157,problema,2026-07-01T21:00:58.996Z
9451|agility,9451,agility,2026-07-01T21:00:58.996Z
9451|elekta,9451,elekta,2026-07-01T21:00:58.996Z
9451|hardware_y_software,9451,hardware_y_software,2026-07-01T21:00:58.996Z
9451|incidente,9451,incidente,2026-07-01T21:00:58.996Z
9451|monaco,9451,monaco,2026-07-01T21:00:58.996Z
9451|mosaiq,9451,mosaiq,2026-07-01T21:00:58.996Z
9451|no,9451,no,2026-07-01T21:00:58.996Z
9451|sinergy,9451,sinergy,2026-07-01T21:00:58.996Z
9451|suncheck,9451,suncheck,2026-07-01T21:00:58.996Z
9451|suncheck_machine,9451,suncheck_machine,2026-07-01T21:00:58.996Z
9451|sunnuclear,9451,sunnuclear,2026-07-01T21:00:58.996Z
9451|versahd,9451,versahd,2026-07-01T21:00:58.996Z
9444|axesse,9444,axesse,2026-07-01T21:00:58.996Z
9444|barcoding,9444,barcoding,2026-07-01T21:00:58.996Z
9444|braquiterapia,9444,braquiterapia,2026-07-01T21:00:58.996Z
9444|dosisoft,9444,dosisoft,2026-07-01T21:00:58.996Z
9444|elekta,9444,elekta,2026-07-01T21:00:58.996Z
9444|físico,9444,físico,2026-07-01T21:00:58.996Z
9444|hardware_y_software,9444,hardware_y_software,2026-07-01T21:00:58.996Z
9444|infinity,9444,infinity,2026-07-01T21:00:58.996Z
9444|iview,9444,iview,2026-07-01T21:00:58.996Z
9444|linac,9444,linac,2026-07-01T21:00:58.996Z
9444|monaco,9444,monaco,2026-07-01T21:00:58.996Z
9444|monacosim,9444,monacosim,2026-07-01T21:00:58.996Z
9444|mosaiq,9444,mosaiq,2026-07-01T21:00:58.996Z
9444|no,9444,no,2026-07-01T21:00:58.996Z
9444|problema,9444,problema,2026-07-01T21:00:58.996Z
9444|storage,9444,storage,2026-07-01T21:00:58.996Z
9444|versahd,9444,versahd,2026-07-01T21:00:58.996Z
9444|xvi,9444,xvi,2026-07-01T21:00:58.996Z
9376|elekta,9376,elekta,2026-07-01T21:00:58.996Z
9376|hardware_y_software,9376,hardware_y_software,2026-07-01T21:00:58.996Z
9376|hexapod,9376,hexapod,2026-07-01T21:00:58.996Z
9376|incidente,9376,incidente,2026-07-01T21:00:58.996Z
9376|iview,9376,iview,2026-07-01T21:00:58.996Z
9376|linac,9376,linac,2026-07-01T21:00:58.996Z
9376|monaco,9376,monaco,2026-07-01T21:00:58.996Z
9376|mosaiq,9376,mosaiq,2026-07-01T21:00:58.996Z
9376|mosaiq_workstation,9376,mosaiq_workstation,2026-07-01T21:00:58.996Z
9376|médico,9376,médico,2026-07-01T21:00:58.996Z
9376|platform,9376,platform,2026-07-01T21:00:58.996Z
9376|si,9376,si,2026-07-01T21:00:58.996Z
9376|suncheck_machine,9376,suncheck_machine,2026-07-01T21:00:58.996Z
9376|sunnuclear,9376,sunnuclear,2026-07-01T21:00:58.996Z
9376|versahd,9376,versahd,2026-07-01T21:00:58.996Z
9376|xvi,9376,xvi,2026-07-01T21:00:58.996Z
9468|agility,9468,agility,2026-07-01T21:00:58.996Z
9468|elekta,9468,elekta,2026-07-01T21:00:58.996Z
9468|hardware_y_software,9468,hardware_y_software,2026-07-01T21:00:58.996Z
9468|monaco,9468,monaco,2026-07-01T21:00:58.996Z
9468|mosaiq,9468,mosaiq,2026-07-01T21:00:58.996Z
9468|no,9468,no,2026-07-01T21:00:58.996Z
9468|problema,9468,problema,2026-07-01T21:00:58.996Z
9468|sinergy,9468,sinergy,2026-07-01T21:00:58.996Z
9468|suncheck,9468,suncheck,2026-07-01T21:00:58.996Z
9468|suncheck_machine,9468,suncheck_machine,2026-07-01T21:00:58.996Z
9468|sunnuclear,9468,sunnuclear,2026-07-01T21:00:58.996Z
9468|supervisor_de_equipo_médicos,9468,supervisor_de_equipo_médicos,2026-07-01T21:00:58.996Z
9468|versahd,9468,versahd,2026-07-01T21:00:58.996Z
9461|brachy,9461,brachy,2026-07-01T21:00:58.996Z
9461|comapact,9461,comapact,2026-07-01T21:00:58.996Z
9461|compact,9461,compact,2026-07-01T21:00:58.996Z
9461|elekta,9461,elekta,2026-07-01T21:00:58.996Z
9461|flexitron,9461,flexitron,2026-07-01T21:00:58.996Z
9461|físico,9461,físico,2026-07-01T21:00:58.996Z
9461|hardware_y_software,9461,hardware_y_software,2026-07-01T21:00:58.996Z
9461|no,9461,no,2026-07-01T21:00:58.996Z
9461|requerimiento,9461,requerimiento,2026-07-01T21:00:58.996Z
9410|elekta,9410,elekta,2026-07-01T21:00:58.996Z
9410|incidente,9410,incidente,2026-07-01T21:00:58.996Z
9410|infinity,9410,infinity,2026-07-01T21:00:58.996Z
9410|integrity,9410,integrity,2026-07-01T21:00:58.996Z
9410|linac,9410,linac,2026-07-01T21:00:58.996Z
9410|si,9410,si,2026-07-01T21:00:58.996Z
9410|xvi,9410,xvi,2026-07-01T21:00:58.996Z
9258|elekta,9258,elekta,2026-07-01T21:00:58.996Z
9258|físico,9258,físico,2026-07-01T21:00:58.996Z
9258|infinity,9258,infinity,2026-07-01T21:00:58.996Z
9258|linac,9258,linac,2026-07-01T21:00:58.996Z
9258|no,9258,no,2026-07-01T21:00:58.996Z
9258|problema,9258,problema,2026-07-01T21:00:58.996Z
9258|sistema_de_imagen_cbct_xvi,9258,sistema_de_imagen_cbct_xvi,2026-07-01T21:00:58.996Z
9258|xvi,9258,xvi,2026-07-01T21:00:58.996Z
9414|citrix,9414,citrix,2026-07-01T21:00:58.996Z
9414|elekta,9414,elekta,2026-07-01T21:00:58.996Z
9414|físico,9414,físico,2026-07-01T21:00:58.996Z
9414|hardware_y_software,9414,hardware_y_software,2026-07-01T21:00:58.996Z
9414|infinity,9414,infinity,2026-07-01T21:00:58.996Z
9414|iview,9414,iview,2026-07-01T21:00:58.996Z
9414|linac,9414,linac,2026-07-01T21:00:58.996Z
9414|media,9414,media,2026-07-01T21:00:58.996Z
9414|monaco,9414,monaco,2026-07-01T21:00:58.996Z
9414|mosaiq,9414,mosaiq,2026-07-01T21:00:58.996Z
9414|no,9414,no,2026-07-01T21:00:58.996Z
9414|on_hold_1h,9414,on_hold_1h,2026-07-01T21:00:58.996Z
9414|requerimiento,9414,requerimiento,2026-07-01T21:00:58.996Z
9414|sistema_ccp,9414,sistema_ccp,2026-07-01T21:00:58.996Z
9414|storage,9414,storage,2026-07-01T21:00:58.996Z
9414|suncheck_machine,9414,suncheck_machine,2026-07-01T21:00:58.996Z
9414|sunnuclear,9414,sunnuclear,2026-07-01T21:00:58.996Z
9414|xvi,9414,xvi,2026-07-01T21:00:58.996Z
9435|acelerador_lineal,9435,acelerador_lineal,2026-07-01T21:00:58.996Z
9435|braquiterapia,9435,braquiterapia,2026-07-01T21:00:58.996Z
9435|compact,9435,compact,2026-07-01T21:00:58.996Z
9435|elekta,9435,elekta,2026-07-01T21:00:58.996Z
9435|hardware_y_software,9435,hardware_y_software,2026-07-01T21:00:58.996Z
9435|monaco,9435,monaco,2026-07-01T21:00:58.996Z
9435|monacosim,9435,monacosim,2026-07-01T21:00:58.996Z
9435|mosaiq,9435,mosaiq,2026-07-01T21:00:58.996Z
9435|no,9435,no,2026-07-01T21:00:58.996Z
9435|requerimiento,9435,requerimiento,2026-07-01T21:00:58.996Z
9435|tcs,9435,tcs,2026-07-01T21:00:58.996Z
9435|xio,9435,xio,2026-07-01T21:00:58.996Z
9442|cabezal_agility,9442,cabezal_agility,2026-07-01T21:00:58.996Z
9442|elekta,9442,elekta,2026-07-01T21:00:58.996Z
9442|físico,9442,físico,2026-07-01T21:00:58.996Z
9442|hardware_y_software,9442,hardware_y_software,2026-07-01T21:00:58.996Z
9442|no,9442,no,2026-07-01T21:00:58.996Z
9442|problema,9442,problema,2026-07-01T21:00:58.996Z
9442|versahd,9442,versahd,2026-07-01T21:00:58.996Z
9500|agility,9500,agility,2026-07-01T21:00:58.996Z
9500|elekta,9500,elekta,2026-07-01T21:00:58.996Z
9500|hardware_y_software,9500,hardware_y_software,2026-07-01T21:00:58.996Z
9500|monaco,9500,monaco,2026-07-01T21:00:58.996Z
9500|mosaiq,9500,mosaiq,2026-07-01T21:00:58.996Z
9500|no,9500,no,2026-07-01T21:00:58.996Z
9500|problema,9500,problema,2026-07-01T21:00:58.996Z
9500|sinergy,9500,sinergy,2026-07-01T21:00:58.996Z
9500|suncheck,9500,suncheck,2026-07-01T21:00:58.996Z
9500|suncheck_machine,9500,suncheck_machine,2026-07-01T21:00:58.996Z
9500|sunnuclear,9500,sunnuclear,2026-07-01T21:00:58.996Z
9500|supervisor_de_equipo_médicos,9500,supervisor_de_equipo_médicos,2026-07-01T21:00:58.996Z
9500|versahd,9500,versahd,2026-07-01T21:00:58.996Z
9499|agility,9499,agility,2026-07-01T21:00:58.996Z
9499|elekta,9499,elekta,2026-07-01T21:00:58.996Z
9499|hardware_y_software,9499,hardware_y_software,2026-07-01T21:00:58.996Z
9499|monaco,9499,monaco,2026-07-01T21:00:58.996Z
9499|mosaiq,9499,mosaiq,2026-07-01T21:00:58.996Z
9499|no,9499,no,2026-07-01T21:00:58.996Z
9499|problema,9499,problema,2026-07-01T21:00:58.996Z
9499|sinergy,9499,sinergy,2026-07-01T21:00:58.996Z
9499|suncheck,9499,suncheck,2026-07-01T21:00:58.996Z
9499|suncheck_machine,9499,suncheck_machine,2026-07-01T21:00:58.996Z
9499|sunnuclear,9499,sunnuclear,2026-07-01T21:00:58.996Z
9499|supervisor_de_equipo_médicos,9499,supervisor_de_equipo_médicos,2026-07-01T21:00:58.996Z
9499|versahd,9499,versahd,2026-07-01T21:00:58.996Z
9372|elekta,9372,elekta,2026-07-01T21:00:58.996Z
9372|físico,9372,físico,2026-07-01T21:00:58.996Z
9372|hardware_y_software,9372,hardware_y_software,2026-07-01T21:00:58.996Z
9372|hexapod,9372,hexapod,2026-07-01T21:00:58.996Z
9372|iba,9372,iba,2026-07-01T21:00:58.996Z
9372|iguide,9372,iguide,2026-07-01T21:00:58.996Z
9372|iview,9372,iview,2026-07-01T21:00:58.996Z
9372|monaco,9372,monaco,2026-07-01T21:00:58.996Z
9372|monacosim,9372,monacosim,2026-07-01T21:00:58.996Z
9372|mosaiq,9372,mosaiq,2026-07-01T21:00:58.996Z
9372|no,9372,no,2026-07-01T21:00:58.996Z
9372|on_hold_1h,9372,on_hold_1h,2026-07-01T21:00:58.996Z
9372|problema,9372,problema,2026-07-01T21:00:58.996Z
9372|rtp99,9372,rtp99,2026-07-01T21:00:58.996Z
9372|sistema_ccp,9372,sistema_ccp,2026-07-01T21:00:58.996Z
9372|tcs,9372,tcs,2026-07-01T21:00:58.996Z
9372|versahd,9372,versahd,2026-07-01T21:00:58.996Z
9372|xvi,9372,xvi,2026-07-01T21:00:58.996Z
9142|acelerador_lineal,9142,acelerador_lineal,2026-07-01T21:00:58.996Z
9142|braquiterapia,9142,braquiterapia,2026-07-01T21:00:58.996Z
9142|compact,9142,compact,2026-07-01T21:00:58.996Z
9142|elekta,9142,elekta,2026-07-01T21:00:58.996Z
9142|físico,9142,físico,2026-07-01T21:00:58.996Z
9142|hardware_y_software,9142,hardware_y_software,2026-07-01T21:00:58.996Z
9142|monaco,9142,monaco,2026-07-01T21:00:58.996Z
9142|monacosim,9142,monacosim,2026-07-01T21:00:58.996Z
9142|mosaiq,9142,mosaiq,2026-07-01T21:00:58.996Z
9142|no,9142,no,2026-07-01T21:00:58.996Z
9142|nss,9142,nss,2026-07-01T21:00:58.996Z
9142|on_hold_1h,9142,on_hold_1h,2026-07-01T21:00:58.996Z
9142|requerimiento,9142,requerimiento,2026-07-01T21:00:58.996Z
9142|tcs,9142,tcs,2026-07-01T21:00:58.996Z
9142|xio,9142,xio,2026-07-01T21:00:58.996Z
8905|citrix,8905,citrix,2026-07-01T21:00:58.996Z
8905|elekta,8905,elekta,2026-07-01T21:00:58.996Z
8905|hardware_y_software,8905,hardware_y_software,2026-07-01T21:00:58.996Z
8905|infinity,8905,infinity,2026-07-01T21:00:58.996Z
8905|iview,8905,iview,2026-07-01T21:00:58.996Z
8905|linac,8905,linac,2026-07-01T21:00:58.996Z
8905|media,8905,media,2026-07-01T21:00:58.996Z
8905|monaco,8905,monaco,2026-07-01T21:00:58.996Z
8905|mosaiq,8905,mosaiq,2026-07-01T21:00:58.996Z
8905|no,8905,no,2026-07-01T21:00:58.996Z
8905|on_hold_1h,8905,on_hold_1h,2026-07-01T21:00:58.996Z
8905|problema,8905,problema,2026-07-01T21:00:58.996Z
8905|storage,8905,storage,2026-07-01T21:00:58.996Z
8905|suncheck,8905,suncheck,2026-07-01T21:00:58.996Z
8905|suncheck_machine,8905,suncheck_machine,2026-07-01T21:00:58.996Z
8905|sunnuclear,8905,sunnuclear,2026-07-01T21:00:58.996Z
8905|xvi,8905,xvi,2026-07-01T21:00:58.996Z
9480|achemo,9480,achemo,2026-07-01T21:00:58.996Z
9480|apoteca,9480,apoteca,2026-07-01T21:00:58.996Z
9480|apoteca_manager,9480,apoteca_manager,2026-07-01T21:00:58.996Z
9480|aps,9480,aps,2026-07-01T21:00:58.996Z
9480|full_risk_week___weekend_pack,9480,full_risk_week___weekend_pack,2026-07-01T21:00:58.996Z
9480|hardware_y_software,9480,hardware_y_software,2026-07-01T21:00:58.996Z
9480|loccioni,9480,loccioni,2026-07-01T21:00:58.996Z
9480|manager,9480,manager,2026-07-01T21:00:58.996Z
9480|media,9480,media,2026-07-01T21:00:58.996Z
9480|meta,9480,meta,2026-07-01T21:00:58.996Z
9480|no,9480,no,2026-07-01T21:00:58.996Z
9480|ps,9480,ps,2026-07-01T21:00:58.996Z
9480|requerimiento,9480,requerimiento,2026-07-01T21:00:58.996Z
9480|robot,9480,robot,2026-07-01T21:00:58.996Z
9480|upi,9480,upi,2026-07-01T21:00:58.996Z
9480|upo,9480,upo,2026-07-01T21:00:58.996Z
9480|upo-r,9480,upo-r,2026-07-01T21:00:58.996Z
9447|elekta,9447,elekta,2026-07-01T21:00:58.996Z
9447|error,9447,error,2026-07-01T21:00:58.996Z
9447|físico,9447,físico,2026-07-01T21:00:58.996Z
9447|hardware_y_software,9447,hardware_y_software,2026-07-01T21:00:58.996Z
9447|hexapod,9447,hexapod,2026-07-01T21:00:58.996Z
9447|iview,9447,iview,2026-07-01T21:00:58.996Z
9447|linac,9447,linac,2026-07-01T21:00:58.996Z
9447|monaco,9447,monaco,2026-07-01T21:00:58.996Z
9447|mosaiq,9447,mosaiq,2026-07-01T21:00:58.996Z
9447|no,9447,no,2026-07-01T21:00:58.996Z
9447|platform,9447,platform,2026-07-01T21:00:58.996Z
9447|problema,9447,problema,2026-07-01T21:00:58.996Z
9447|sistema_de_imagen_cbct_xvi,9447,sistema_de_imagen_cbct_xvi,2026-07-01T21:00:58.996Z
9447|suncheck_machine,9447,suncheck_machine,2026-07-01T21:00:58.996Z
9447|sunnuclear,9447,sunnuclear,2026-07-01T21:00:58.996Z
9447|versahd,9447,versahd,2026-07-01T21:00:58.996Z
9447|xvi,9447,xvi,2026-07-01T21:00:58.996Z
9375|elekta,9375,elekta,2026-07-01T21:00:58.996Z
9375|hardware_y_software,9375,hardware_y_software,2026-07-01T21:00:58.996Z
9375|hexapod,9375,hexapod,2026-07-01T21:00:58.996Z
9375|iview,9375,iview,2026-07-01T21:00:58.996Z
9375|linac,9375,linac,2026-07-01T21:00:58.996Z
9375|monaco,9375,monaco,2026-07-01T21:00:58.996Z
9375|mosaiq,9375,mosaiq,2026-07-01T21:00:58.996Z
9375|mosaiq_workstation,9375,mosaiq_workstation,2026-07-01T21:00:58.996Z
9375|no,9375,no,2026-07-01T21:00:58.996Z
9375|platform,9375,platform,2026-07-01T21:00:58.996Z
9375|requerimiento,9375,requerimiento,2026-07-01T21:00:58.996Z
9375|suncheck_machine,9375,suncheck_machine,2026-07-01T21:00:58.996Z
9375|sunnuclear,9375,sunnuclear,2026-07-01T21:00:58.996Z
9375|tens,9375,tens,2026-07-01T21:00:58.996Z
9375|versahd,9375,versahd,2026-07-01T21:00:58.996Z
9375|xvi,9375,xvi,2026-07-01T21:00:58.996Z
9482|agility,9482,agility,2026-07-01T21:00:58.996Z
9482|elekta,9482,elekta,2026-07-01T21:00:58.996Z
9482|hardware_y_software,9482,hardware_y_software,2026-07-01T21:00:58.996Z
9482|problema,9482,problema,2026-07-01T21:00:58.996Z
9482|si,9482,si,2026-07-01T21:00:58.996Z
9482|sinergy,9482,sinergy,2026-07-01T21:00:58.996Z
9482|sistema_de_imagen_cbct_xvi,9482,sistema_de_imagen_cbct_xvi,2026-07-01T21:00:58.996Z
9482|versahd,9482,versahd,2026-07-01T21:00:58.996Z
9511|elekta,9511,elekta,2026-07-01T21:00:58.996Z
9511|hardware_y_software,9511,hardware_y_software,2026-07-01T21:00:58.996Z
9511|hexapod,9511,hexapod,2026-07-01T21:00:58.996Z
9511|iview,9511,iview,2026-07-01T21:00:58.996Z
9511|linac,9511,linac,2026-07-01T21:00:58.996Z
9511|monaco,9511,monaco,2026-07-01T21:00:58.996Z
9511|monaco_tps,9511,monaco_tps,2026-07-01T21:00:58.996Z
9511|mosaiq,9511,mosaiq,2026-07-01T21:00:58.996Z
9511|platform,9511,platform,2026-07-01T21:00:58.996Z
9511|problema,9511,problema,2026-07-01T21:00:58.996Z
9511|si,9511,si,2026-07-01T21:00:58.996Z
9511|suncheck_machine,9511,suncheck_machine,2026-07-01T21:00:58.996Z
9511|sunnuclear,9511,sunnuclear,2026-07-01T21:00:58.996Z
9511|versahd,9511,versahd,2026-07-01T21:00:58.996Z
9511|xvi,9511,xvi,2026-07-01T21:00:58.996Z
9484|elekta,9484,elekta,2026-07-01T21:00:58.996Z
9484|físico,9484,físico,2026-07-01T21:00:58.996Z
9484|hardware_y_software,9484,hardware_y_software,2026-07-01T21:00:58.996Z
9484|hexapod,9484,hexapod,2026-07-01T21:00:58.996Z
9484|iview,9484,iview,2026-07-01T21:00:58.996Z
9484|linac,9484,linac,2026-07-01T21:00:58.996Z
9484|monaco,9484,monaco,2026-07-01T21:00:58.996Z
9484|mosaiq,9484,mosaiq,2026-07-01T21:00:58.996Z
9484|mosaiq_workstation,9484,mosaiq_workstation,2026-07-01T21:00:58.996Z
9484|no,9484,no,2026-07-01T21:00:58.996Z
9484|platform,9484,platform,2026-07-01T21:00:58.996Z
9484|problema,9484,problema,2026-07-01T21:00:58.996Z
9484|suncheck_machine,9484,suncheck_machine,2026-07-01T21:00:58.996Z
9484|sunnuclear,9484,sunnuclear,2026-07-01T21:00:58.996Z
9484|versahd,9484,versahd,2026-07-01T21:00:58.996Z
9484|xvi,9484,xvi,2026-07-01T21:00:58.996Z
9530|axesse,9530,axesse,2026-07-01T21:00:58.996Z
9530|braquiterapia,9530,braquiterapia,2026-07-01T21:00:58.996Z
9530|clarity,9530,clarity,2026-07-01T21:00:58.996Z
9530|elekta,9530,elekta,2026-07-01T21:00:58.996Z
9530|físico,9530,físico,2026-07-01T21:00:58.996Z
9530|hardware_y_software,9530,hardware_y_software,2026-07-01T21:00:58.996Z
9530|infinity,9530,infinity,2026-07-01T21:00:58.996Z
9530|monaco,9530,monaco,2026-07-01T21:00:58.996Z
9530|mosaiq,9530,mosaiq,2026-07-01T21:00:58.996Z
9530|problema,9530,problema,2026-07-01T21:00:58.996Z
9530|si,9530,si,2026-07-01T21:00:58.996Z
8736|elekta,8736,elekta,2026-07-01T21:00:58.996Z
8736|físico,8736,físico,2026-07-01T21:00:58.996Z
8736|hardware_y_software,8736,hardware_y_software,2026-07-01T21:00:58.996Z
8736|hexapod,8736,hexapod,2026-07-01T21:00:58.996Z
8736|media,8736,media,2026-07-01T21:00:58.996Z
8736|monaco,8736,monaco,2026-07-01T21:00:58.996Z
8736|mosaiq,8736,mosaiq,2026-07-01T21:00:58.996Z
8736|no,8736,no,2026-07-01T21:00:58.996Z
8736|on_hold_1h,8736,on_hold_1h,2026-07-01T21:00:58.996Z
8736|requerimiento,8736,requerimiento,2026-07-01T21:00:58.996Z
8736|suncheck,8736,suncheck,2026-07-01T21:00:58.996Z
8736|versahd,8736,versahd,2026-07-01T21:00:58.996Z
9544|brachy,9544,brachy,2026-07-01T21:00:58.996Z
9544|cabezal_agility,9544,cabezal_agility,2026-07-01T21:00:58.996Z
9544|elekta,9544,elekta,2026-07-01T21:00:58.996Z
9544|flexitron,9544,flexitron,2026-07-01T21:00:58.996Z
9544|físico,9544,físico,2026-07-01T21:00:58.996Z
9544|hardware_y_software,9544,hardware_y_software,2026-07-01T21:00:58.996Z
9544|infinity,9544,infinity,2026-07-01T21:00:58.996Z
9544|problema,9544,problema,2026-07-01T21:00:58.996Z
9544|si,9544,si,2026-07-01T21:00:58.996Z
8791|brachy,8791,brachy,2026-07-01T21:00:58.996Z
8791|elekta,8791,elekta,2026-07-01T21:00:58.996Z
8791|flexitron,8791,flexitron,2026-07-01T21:00:58.996Z
8791|físico,8791,físico,2026-07-01T21:00:58.996Z
8791|hardware_y_software,8791,hardware_y_software,2026-07-01T21:00:58.996Z
8791|infinity,8791,infinity,2026-07-01T21:00:58.996Z
8791|mosaiq_sequencer,8791,mosaiq_sequencer,2026-07-01T21:00:58.996Z
8791|no,8791,no,2026-07-01T21:00:58.996Z
8791|on_hold_1h,8791,on_hold_1h,2026-07-01T21:00:58.996Z
8791|problema,8791,problema,2026-07-01T21:00:58.996Z
9540|elekta,9540,elekta,2026-07-01T21:00:58.996Z
9540|físico,9540,físico,2026-07-01T21:00:58.996Z
9540|hardware_y_software,9540,hardware_y_software,2026-07-01T21:00:58.996Z
9540|hexapod,9540,hexapod,2026-07-01T21:00:58.996Z
9540|iview,9540,iview,2026-07-01T21:00:58.996Z
9540|linac,9540,linac,2026-07-01T21:00:58.996Z
9540|monaco,9540,monaco,2026-07-01T21:00:58.996Z
9540|mosaiq,9540,mosaiq,2026-07-01T21:00:58.996Z
9540|no,9540,no,2026-07-01T21:00:58.996Z
9540|platform,9540,platform,2026-07-01T21:00:58.996Z
9540|problema,9540,problema,2026-07-01T21:00:58.996Z
9540|suncheck,9540,suncheck,2026-07-01T21:00:58.996Z
9540|suncheck_machine,9540,suncheck_machine,2026-07-01T21:00:58.996Z
9540|sunnuclear,9540,sunnuclear,2026-07-01T21:00:58.996Z
9540|versahd,9540,versahd,2026-07-01T21:00:58.996Z
9540|xvi,9540,xvi,2026-07-01T21:00:58.996Z
9531|elekta,9531,elekta,2026-07-01T21:00:58.996Z
9531|error,9531,error,2026-07-01T21:00:58.996Z
9531|físico,9531,físico,2026-07-01T21:00:58.996Z
9531|hardware_y_software,9531,hardware_y_software,2026-07-01T21:00:58.996Z
9531|hexapod,9531,hexapod,2026-07-01T21:00:58.996Z
9531|incidente,9531,incidente,2026-07-01T21:00:58.996Z
9531|iview,9531,iview,2026-07-01T21:00:58.996Z
9531|linac,9531,linac,2026-07-01T21:00:58.996Z
9531|monaco,9531,monaco,2026-07-01T21:00:58.996Z
9531|mosaiq,9531,mosaiq,2026-07-01T21:00:58.996Z
9531|no,9531,no,2026-07-01T21:00:58.996Z
9531|platform,9531,platform,2026-07-01T21:00:58.996Z
9531|suncheck,9531,suncheck,2026-07-01T21:00:58.996Z
9531|suncheck_machine,9531,suncheck_machine,2026-07-01T21:00:58.996Z
9531|sunnuclear,9531,sunnuclear,2026-07-01T21:00:58.996Z
9531|versahd,9531,versahd,2026-07-01T21:00:58.996Z
9531|xvi,9531,xvi,2026-07-01T21:00:58.996Z
9498|acelerador_lineal,9498,acelerador_lineal,2026-07-01T21:00:58.996Z
9498|elekta,9498,elekta,2026-07-01T21:00:58.996Z
9498|físico,9498,físico,2026-07-01T21:00:58.996Z
9498|hardware_y_software,9498,hardware_y_software,2026-07-01T21:00:58.996Z
9498|hexapod,9498,hexapod,2026-07-01T21:00:58.996Z
9498|incidente,9498,incidente,2026-07-01T21:00:58.996Z
9498|iview,9498,iview,2026-07-01T21:00:58.996Z
9498|linac,9498,linac,2026-07-01T21:00:58.996Z
9498|monaco,9498,monaco,2026-07-01T21:00:58.996Z
9498|mosaiq,9498,mosaiq,2026-07-01T21:00:58.996Z
9498|no,9498,no,2026-07-01T21:00:58.996Z
9498|platform,9498,platform,2026-07-01T21:00:58.996Z
9498|suncheck_machine,9498,suncheck_machine,2026-07-01T21:00:58.996Z
9498|sunnuclear,9498,sunnuclear,2026-07-01T21:00:58.996Z
9498|versahd,9498,versahd,2026-07-01T21:00:58.996Z
9498|xvi,9498,xvi,2026-07-01T21:00:58.996Z
9560|closed_by_merge,9560,closed_by_merge,2026-07-01T21:00:58.996Z
9560|elekta,9560,elekta,2026-07-01T21:00:58.996Z
9560|físico,9560,físico,2026-07-01T21:00:58.996Z
9560|hardware_y_software,9560,hardware_y_software,2026-07-01T21:00:58.996Z
9560|hexapod,9560,hexapod,2026-07-01T21:00:58.996Z
9560|incidente,9560,incidente,2026-07-01T21:00:58.996Z
9560|iview,9560,iview,2026-07-01T21:00:58.996Z
9560|linac,9560,linac,2026-07-01T21:00:58.996Z
9560|monaco,9560,monaco,2026-07-01T21:00:58.996Z
9560|mosaiq,9560,mosaiq,2026-07-01T21:00:58.996Z
9560|no,9560,no,2026-07-01T21:00:58.996Z
9560|platform,9560,platform,2026-07-01T21:00:58.996Z
9560|sistema_camilla_precise,9560,sistema_camilla_precise,2026-07-01T21:00:58.996Z
9560|suncheck_machine,9560,suncheck_machine,2026-07-01T21:00:58.996Z
9560|sunnuclear,9560,sunnuclear,2026-07-01T21:00:58.996Z
9560|versahd,9560,versahd,2026-07-01T21:00:58.996Z
9560|xvi,9560,xvi,2026-07-01T21:00:58.996Z
9563|agility,9563,agility,2026-07-01T21:00:58.996Z
9563|elekta,9563,elekta,2026-07-01T21:00:58.996Z
9563|hardware_y_software,9563,hardware_y_software,2026-07-01T21:00:58.996Z
9563|monaco,9563,monaco,2026-07-01T21:00:58.996Z
9563|mosaiq,9563,mosaiq,2026-07-01T21:00:58.996Z
9563|problema,9563,problema,2026-07-01T21:00:58.996Z
9563|si,9563,si,2026-07-01T21:00:58.996Z
9563|sinergy,9563,sinergy,2026-07-01T21:00:58.996Z
9563|suncheck,9563,suncheck,2026-07-01T21:00:58.996Z
9563|suncheck_machine,9563,suncheck_machine,2026-07-01T21:00:58.996Z
9563|sunnuclear,9563,sunnuclear,2026-07-01T21:00:58.996Z
9563|supervisor_de_equipo_médicos,9563,supervisor_de_equipo_médicos,2026-07-01T21:00:58.996Z
9563|versahd,9563,versahd,2026-07-01T21:00:58.996Z
9521|elekta,9521,elekta,2026-07-01T21:00:58.996Z
9521|hardware_y_software,9521,hardware_y_software,2026-07-01T21:00:58.996Z
9521|hexapod,9521,hexapod,2026-07-01T21:00:58.996Z
9521|iview,9521,iview,2026-07-01T21:00:58.996Z
9521|linac,9521,linac,2026-07-01T21:00:58.996Z
9521|monaco,9521,monaco,2026-07-01T21:00:58.996Z
9521|monaco_tps,9521,monaco_tps,2026-07-01T21:00:58.996Z
9521|mosaiq,9521,mosaiq,2026-07-01T21:00:58.996Z
9521|no,9521,no,2026-07-01T21:00:58.996Z
9521|platform,9521,platform,2026-07-01T21:00:58.996Z
9521|problema,9521,problema,2026-07-01T21:00:58.996Z
9521|suncheck_machine,9521,suncheck_machine,2026-07-01T21:00:58.996Z
9521|sunnuclear,9521,sunnuclear,2026-07-01T21:00:58.996Z
9521|versahd,9521,versahd,2026-07-01T21:00:58.996Z
9521|xvi,9521,xvi,2026-07-01T21:00:58.996Z
9556|acelerador_lineal,9556,acelerador_lineal,2026-07-01T21:00:58.996Z
9556|braquiterapia,9556,braquiterapia,2026-07-01T21:00:58.996Z
9556|closed_by_merge,9556,closed_by_merge,2026-07-01T21:00:58.996Z
9556|compact,9556,compact,2026-07-01T21:00:58.996Z
9556|elekta,9556,elekta,2026-07-01T21:00:58.996Z
9556|hardware_y_software,9556,hardware_y_software,2026-07-01T21:00:58.996Z
9556|monaco,9556,monaco,2026-07-01T21:00:58.996Z
9556|monacosim,9556,monacosim,2026-07-01T21:00:58.996Z
9556|mosaiq,9556,mosaiq,2026-07-01T21:00:58.996Z
9556|no,9556,no,2026-07-01T21:00:58.996Z
9556|problema,9556,problema,2026-07-01T21:00:58.996Z
9556|tcs,9556,tcs,2026-07-01T21:00:58.996Z
9556|xio,9556,xio,2026-07-01T21:00:58.996Z
9569|axesse,9569,axesse,2026-07-01T21:00:58.996Z
9569|barcoding,9569,barcoding,2026-07-01T21:00:58.996Z
9569|braquiterapia,9569,braquiterapia,2026-07-01T21:00:58.996Z
9569|dosisoft,9569,dosisoft,2026-07-01T21:00:58.996Z
9569|elekta,9569,elekta,2026-07-01T21:00:58.996Z
9569|físico,9569,físico,2026-07-01T21:00:58.996Z
9569|hardware_y_software,9569,hardware_y_software,2026-07-01T21:00:58.996Z
9569|infinity,9569,infinity,2026-07-01T21:00:58.996Z
9569|iview,9569,iview,2026-07-01T21:00:58.996Z
9569|linac,9569,linac,2026-07-01T21:00:58.996Z
9569|monaco,9569,monaco,2026-07-01T21:00:58.996Z
9569|monacosim,9569,monacosim,2026-07-01T21:00:58.996Z
9569|mosaiq,9569,mosaiq,2026-07-01T21:00:58.996Z
9569|no,9569,no,2026-07-01T21:00:58.996Z
9569|requerimiento,9569,requerimiento,2026-07-01T21:00:58.996Z
9569|storage,9569,storage,2026-07-01T21:00:58.996Z
9569|versahd,9569,versahd,2026-07-01T21:00:58.996Z
9569|xvi,9569,xvi,2026-07-01T21:00:58.996Z
9568|axesse,9568,axesse,2026-07-01T21:00:58.996Z
9568|barcoding,9568,barcoding,2026-07-01T21:00:58.996Z
9568|braquiterapia,9568,braquiterapia,2026-07-01T21:00:58.996Z
9568|dosisoft,9568,dosisoft,2026-07-01T21:00:58.996Z
9568|elekta,9568,elekta,2026-07-01T21:00:58.996Z
9568|físico,9568,físico,2026-07-01T21:00:58.996Z
9568|hardware_y_software,9568,hardware_y_software,2026-07-01T21:00:58.996Z
9568|infinity,9568,infinity,2026-07-01T21:00:58.996Z
9568|iview,9568,iview,2026-07-01T21:00:58.996Z
9568|linac,9568,linac,2026-07-01T21:00:58.996Z
9568|monaco,9568,monaco,2026-07-01T21:00:58.996Z
9568|monacosim,9568,monacosim,2026-07-01T21:00:58.996Z
9568|mosaiq,9568,mosaiq,2026-07-01T21:00:58.996Z
9568|no,9568,no,2026-07-01T21:00:58.996Z
9568|problema,9568,problema,2026-07-01T21:00:58.996Z
9568|storage,9568,storage,2026-07-01T21:00:58.996Z
9568|versahd,9568,versahd,2026-07-01T21:00:58.996Z
9568|xvi,9568,xvi,2026-07-01T21:00:58.996Z
9583|citrix,9583,citrix,2026-07-01T21:00:58.996Z
9583|elekta,9583,elekta,2026-07-01T21:00:58.996Z
9583|físico,9583,físico,2026-07-01T21:00:58.996Z
9583|hardware_y_software,9583,hardware_y_software,2026-07-01T21:00:58.996Z
9583|infinity,9583,infinity,2026-07-01T21:00:58.996Z
9583|integrity,9583,integrity,2026-07-01T21:00:58.996Z
9583|iview,9583,iview,2026-07-01T21:00:58.996Z
9583|linac,9583,linac,2026-07-01T21:00:58.996Z
9583|media,9583,media,2026-07-01T21:00:58.996Z
9583|monaco,9583,monaco,2026-07-01T21:00:58.996Z
9583|mosaiq,9583,mosaiq,2026-07-01T21:00:58.996Z
9583|problema,9583,problema,2026-07-01T21:00:58.996Z
9583|si,9583,si,2026-07-01T21:00:58.996Z
9583|storage,9583,storage,2026-07-01T21:00:58.996Z
9583|suncheck_machine,9583,suncheck_machine,2026-07-01T21:00:58.996Z
9583|sunnuclear,9583,sunnuclear,2026-07-01T21:00:58.996Z
9583|xvi,9583,xvi,2026-07-01T21:00:58.996Z
9582|citrix,9582,citrix,2026-07-01T21:00:58.996Z
9582|elekta,9582,elekta,2026-07-01T21:00:58.996Z
9582|físico,9582,físico,2026-07-01T21:00:58.996Z
9582|hardware_y_software,9582,hardware_y_software,2026-07-01T21:00:58.996Z
9582|infinity,9582,infinity,2026-07-01T21:00:58.996Z
9582|integrity,9582,integrity,2026-07-01T21:00:58.996Z
9582|iview,9582,iview,2026-07-01T21:00:58.996Z
9582|linac,9582,linac,2026-07-01T21:00:58.996Z
9582|media,9582,media,2026-07-01T21:00:58.996Z
9582|monaco,9582,monaco,2026-07-01T21:00:58.996Z
9582|mosaiq,9582,mosaiq,2026-07-01T21:00:58.996Z
9582|problema,9582,problema,2026-07-01T21:00:58.996Z
9582|si,9582,si,2026-07-01T21:00:58.996Z
9582|storage,9582,storage,2026-07-01T21:00:58.996Z
9582|suncheck_machine,9582,suncheck_machine,2026-07-01T21:00:58.996Z
9582|sunnuclear,9582,sunnuclear,2026-07-01T21:00:58.996Z
9582|xvi,9582,xvi,2026-07-01T21:00:58.996Z
9545|acelerador_lineal,9545,acelerador_lineal,2026-07-01T21:00:58.996Z
9545|agility,9545,agility,2026-07-01T21:00:58.996Z
9545|elekta,9545,elekta,2026-07-01T21:00:58.996Z
9545|no,9545,no,2026-07-01T21:00:58.996Z
9545|problema,9545,problema,2026-07-01T21:00:58.996Z
9545|sinergy,9545,sinergy,2026-07-01T21:00:58.996Z
9545|versahd,9545,versahd,2026-07-01T21:00:58.996Z
9538|acelerador_lineal,9538,acelerador_lineal,2026-07-01T21:00:58.996Z
9538|axesse,9538,axesse,2026-07-01T21:00:58.996Z
9538|consultas,9538,consultas,2026-07-01T21:00:58.996Z
9538|elekta,9538,elekta,2026-07-01T21:00:58.996Z
9538|físico,9538,físico,2026-07-01T21:00:58.996Z
9538|infinity,9538,infinity,2026-07-01T21:00:58.996Z
9538|no,9538,no,2026-07-01T21:00:58.996Z
9555|acelerador_lineal,9555,acelerador_lineal,2026-07-01T21:00:58.996Z
9555|elekta,9555,elekta,2026-07-01T21:00:58.996Z
9555|físico,9555,físico,2026-07-01T21:00:58.996Z
9555|hexapod,9555,hexapod,2026-07-01T21:00:58.996Z
9555|iguide,9555,iguide,2026-07-01T21:00:58.996Z
9555|problema,9555,problema,2026-07-01T21:00:58.996Z
9555|si,9555,si,2026-07-01T21:00:58.996Z
9555|versahd,9555,versahd,2026-07-01T21:00:58.996Z
9473|acelerador_lineal,9473,acelerador_lineal,2026-07-01T21:00:58.996Z
9473|agility,9473,agility,2026-07-01T21:00:58.996Z
9473|elekta,9473,elekta,2026-07-01T21:00:58.996Z
9473|no,9473,no,2026-07-01T21:00:58.996Z
9473|problema,9473,problema,2026-07-01T21:00:58.996Z
9473|sinergy,9473,sinergy,2026-07-01T21:00:58.996Z
9559|elekta,9559,elekta,2026-07-01T21:00:58.996Z
9559|físico,9559,físico,2026-07-01T21:00:58.996Z
9559|infinity,9559,infinity,2026-07-01T21:00:58.996Z
9559|integrity,9559,integrity,2026-07-01T21:00:58.996Z
9559|linac,9559,linac,2026-07-01T21:00:58.996Z
9559|no,9559,no,2026-07-01T21:00:58.996Z
9559|problema,9559,problema,2026-07-01T21:00:58.996Z
9298|acelerador_lineal,9298,acelerador_lineal,2026-07-01T21:00:58.996Z
9298|compact,9298,compact,2026-07-01T21:00:58.996Z
9298|elekta,9298,elekta,2026-07-01T21:00:58.996Z
9298|incidente,9298,incidente,2026-07-01T21:00:58.996Z
9298|no,9298,no,2026-07-01T21:00:58.996Z
9270|acelerador_lineal,9270,acelerador_lineal,2026-07-01T21:00:58.996Z
9270|compact,9270,compact,2026-07-01T21:00:58.996Z
9270|coordinadora,9270,coordinadora,2026-07-01T21:00:58.996Z
9270|elekta,9270,elekta,2026-07-01T21:00:58.996Z
9270|no,9270,no,2026-07-01T21:00:58.996Z
9270|requerimiento,9270,requerimiento,2026-07-01T21:00:58.996Z
9245|acelerador_lineal,9245,acelerador_lineal,2026-07-01T21:00:58.996Z
9245|mosaiq,9245,mosaiq,2026-07-01T21:00:58.996Z
9245|no,9245,no,2026-07-01T21:00:58.996Z
9245|problema,9245,problema,2026-07-01T21:00:58.996Z
9245|xvi,9245,xvi,2026-07-01T21:00:58.996Z
9109|linac,9109,linac,2026-07-01T21:00:58.996Z
9109|no,9109,no,2026-07-01T21:00:58.996Z
9109|sistema_de_imagen_cbct_xvi,9109,sistema_de_imagen_cbct_xvi,2026-07-01T21:00:58.996Z
9109|tarea,9109,tarea,2026-07-01T21:00:58.996Z
9109|xvi,9109,xvi,2026-07-01T21:00:58.996Z
9581|cabezal_agility,9581,cabezal_agility,2026-07-01T21:00:58.996Z
9581|elekta,9581,elekta,2026-07-01T21:00:58.996Z
9581|incidente,9581,incidente,2026-07-01T21:00:58.996Z
9581|infinity,9581,infinity,2026-07-01T21:00:58.996Z
9581|iview,9581,iview,2026-07-01T21:00:58.996Z
9581|linac,9581,linac,2026-07-01T21:00:58.996Z
9581|si,9581,si,2026-07-01T21:00:58.996Z
9581|xvi,9581,xvi,2026-07-01T21:00:58.996Z
9590|cabezal_agility,9590,cabezal_agility,2026-07-01T21:00:58.996Z
9590|elekta,9590,elekta,2026-07-01T21:00:58.996Z
9590|físico,9590,físico,2026-07-01T21:00:58.996Z
9590|hardware_y_software,9590,hardware_y_software,2026-07-01T21:00:58.996Z
9590|hexapod,9590,hexapod,2026-07-01T21:00:58.996Z
9590|iview,9590,iview,2026-07-01T21:00:58.996Z
9590|linac,9590,linac,2026-07-01T21:00:58.996Z
9590|monaco,9590,monaco,2026-07-01T21:00:58.996Z
9590|mosaiq,9590,mosaiq,2026-07-01T21:00:58.996Z
9590|médico,9590,médico,2026-07-01T21:00:58.996Z
9590|no,9590,no,2026-07-01T21:00:58.996Z
9590|platform,9590,platform,2026-07-01T21:00:58.996Z
9590|requerimiento,9590,requerimiento,2026-07-01T21:00:58.996Z
9590|suncheck_machine,9590,suncheck_machine,2026-07-01T21:00:58.996Z
9590|sunnuclear,9590,sunnuclear,2026-07-01T21:00:58.996Z
9590|versahd,9590,versahd,2026-07-01T21:00:58.996Z
9590|xvi,9590,xvi,2026-07-01T21:00:58.996Z
9476|elekta,9476,elekta,2026-07-01T21:00:58.996Z
9476|físico,9476,físico,2026-07-01T21:00:58.996Z
9476|hardware_y_software,9476,hardware_y_software,2026-07-01T21:00:58.996Z
9476|hexapod,9476,hexapod,2026-07-01T21:00:58.996Z
9476|iview,9476,iview,2026-07-01T21:00:58.996Z
9476|linac,9476,linac,2026-07-01T21:00:58.996Z
9476|monaco,9476,monaco,2026-07-01T21:00:58.996Z
9476|mosaiq,9476,mosaiq,2026-07-01T21:00:58.996Z
9476|no,9476,no,2026-07-01T21:00:58.996Z
9476|platform,9476,platform,2026-07-01T21:00:58.996Z
9476|problema,9476,problema,2026-07-01T21:00:58.996Z
9476|sistema_camilla_precise,9476,sistema_camilla_precise,2026-07-01T21:00:58.996Z
9476|suncheck_machine,9476,suncheck_machine,2026-07-01T21:00:58.996Z
9476|sunnuclear,9476,sunnuclear,2026-07-01T21:00:58.996Z
9476|versahd,9476,versahd,2026-07-01T21:00:58.996Z
9476|xvi,9476,xvi,2026-07-01T21:00:58.996Z
9548|acelerador_lineal,9548,acelerador_lineal,2026-07-01T21:00:58.996Z
9548|axesse,9548,axesse,2026-07-01T21:00:58.996Z
9548|elekta,9548,elekta,2026-07-01T21:00:58.996Z
9548|físico,9548,físico,2026-07-01T21:00:58.996Z
9548|infinity,9548,infinity,2026-07-01T21:00:58.996Z
9548|no,9548,no,2026-07-01T21:00:58.996Z
9548|problema,9548,problema,2026-07-01T21:00:58.996Z
9589|acelerador_lineal,9589,acelerador_lineal,2026-07-01T21:00:58.996Z
9589|agility,9589,agility,2026-07-01T21:00:58.996Z
9589|elekta,9589,elekta,2026-07-01T21:00:58.996Z
9589|problema,9589,problema,2026-07-01T21:00:58.996Z
9589|si,9589,si,2026-07-01T21:00:58.996Z
9589|sinergy,9589,sinergy,2026-07-01T21:00:58.996Z
9589|versahd,9589,versahd,2026-07-01T21:00:58.996Z
9599|elekta,9599,elekta,2026-07-01T21:00:58.996Z
9599|físico,9599,físico,2026-07-01T21:00:58.996Z
9599|infinity,9599,infinity,2026-07-01T21:00:58.996Z
9599|integrity,9599,integrity,2026-07-01T21:00:58.996Z
9599|iview,9599,iview,2026-07-01T21:00:58.996Z
9599|linac,9599,linac,2026-07-01T21:00:58.996Z
9599|no,9599,no,2026-07-01T21:00:58.996Z
9599|problema,9599,problema,2026-07-01T21:00:58.996Z
9599|xvi,9599,xvi,2026-07-01T21:00:58.996Z
9565|acelerador_lineal,9565,acelerador_lineal,2026-07-01T21:00:58.996Z
9565|compact,9565,compact,2026-07-01T21:00:58.996Z
9565|elekta,9565,elekta,2026-07-01T21:00:58.996Z
9565|no,9565,no,2026-07-01T21:00:58.996Z
9565|problema,9565,problema,2026-07-01T21:00:58.996Z
9537|elekta,9537,elekta,2026-07-01T21:00:58.996Z
9537|físico,9537,físico,2026-07-01T21:00:58.996Z
9537|hardware_y_software,9537,hardware_y_software,2026-07-01T21:00:58.996Z
9537|hexapod,9537,hexapod,2026-07-01T21:00:58.996Z
9537|iview,9537,iview,2026-07-01T21:00:58.996Z
9537|linac,9537,linac,2026-07-01T21:00:58.996Z
9537|monaco,9537,monaco,2026-07-01T21:00:58.996Z
9537|mosaiq,9537,mosaiq,2026-07-01T21:00:58.996Z
9537|no,9537,no,2026-07-01T21:00:58.996Z
9537|platform,9537,platform,2026-07-01T21:00:58.996Z
9537|requerimiento,9537,requerimiento,2026-07-01T21:00:58.996Z
9537|suncheck,9537,suncheck,2026-07-01T21:00:58.996Z
9537|suncheck_machine,9537,suncheck_machine,2026-07-01T21:00:58.996Z
9537|sunnuclear,9537,sunnuclear,2026-07-01T21:00:58.996Z
9537|versahd,9537,versahd,2026-07-01T21:00:58.996Z
9537|xvi,9537,xvi,2026-07-01T21:00:58.996Z
9607|acelerador_lineal,9607,acelerador_lineal,2026-07-01T21:00:58.996Z
9607|axesse,9607,axesse,2026-07-01T21:00:58.996Z
9607|elekta,9607,elekta,2026-07-01T21:00:58.996Z
9607|físico,9607,físico,2026-07-01T21:00:58.996Z
9607|infinity,9607,infinity,2026-07-01T21:00:58.996Z
9607|no,9607,no,2026-07-01T21:00:58.996Z
9607|problema,9607,problema,2026-07-01T21:00:58.996Z
9616|agility,9616,agility,2026-07-01T21:00:58.996Z
9616|elekta,9616,elekta,2026-07-01T21:00:58.996Z
9616|hardware_y_software,9616,hardware_y_software,2026-07-01T21:00:58.996Z
9616|monaco,9616,monaco,2026-07-01T21:00:58.996Z
9616|mosaiq,9616,mosaiq,2026-07-01T21:00:58.996Z
9616|problema,9616,problema,2026-07-01T21:00:58.996Z
9616|si,9616,si,2026-07-01T21:00:58.996Z
9616|sinergy,9616,sinergy,2026-07-01T21:00:58.996Z
9616|suncheck,9616,suncheck,2026-07-01T21:00:58.996Z
9616|suncheck_machine,9616,suncheck_machine,2026-07-01T21:00:58.996Z
9616|sunnuclear,9616,sunnuclear,2026-07-01T21:00:58.996Z
9616|supervisor_de_equipo_médicos,9616,supervisor_de_equipo_médicos,2026-07-01T21:00:58.996Z
9616|versahd,9616,versahd,2026-07-01T21:00:58.996Z
9624|elekta,9624,elekta,2026-07-01T21:00:58.996Z
9624|físico,9624,físico,2026-07-01T21:00:58.996Z
9624|hardware_y_software,9624,hardware_y_software,2026-07-01T21:00:58.996Z
9624|hexapod,9624,hexapod,2026-07-01T21:00:58.996Z
9624|iview,9624,iview,2026-07-01T21:00:58.996Z
9624|linac,9624,linac,2026-07-01T21:00:58.996Z
9624|monaco,9624,monaco,2026-07-01T21:00:58.996Z
9624|mosaiq,9624,mosaiq,2026-07-01T21:00:58.996Z
9624|no,9624,no,2026-07-01T21:00:58.996Z
9624|platform,9624,platform,2026-07-01T21:00:58.996Z
9624|problema,9624,problema,2026-07-01T21:00:58.996Z
9624|suncheck,9624,suncheck,2026-07-01T21:00:58.996Z
9624|suncheck_machine,9624,suncheck_machine,2026-07-01T21:00:58.996Z
9624|sunnuclear,9624,sunnuclear,2026-07-01T21:00:58.996Z
9624|versahd,9624,versahd,2026-07-01T21:00:58.996Z
9624|xvi,9624,xvi,2026-07-01T21:00:58.996Z
9626|closed_by_merge,9626,closed_by_merge,2026-07-01T21:00:58.996Z
9626|elekta,9626,elekta,2026-07-01T21:00:58.996Z
9626|físico,9626,físico,2026-07-01T21:00:58.996Z
9626|hardware_y_software,9626,hardware_y_software,2026-07-01T21:00:58.996Z
9626|hexapod,9626,hexapod,2026-07-01T21:00:58.996Z
9626|media,9626,media,2026-07-01T21:00:58.996Z
9626|monaco,9626,monaco,2026-07-01T21:00:58.996Z
9626|mosaiq,9626,mosaiq,2026-07-01T21:00:58.996Z
9626|no,9626,no,2026-07-01T21:00:58.996Z
9626|on_hold_1h,9626,on_hold_1h,2026-07-01T21:00:58.996Z
9626|problema,9626,problema,2026-07-01T21:00:58.996Z
9626|versahd,9626,versahd,2026-07-01T21:00:58.996Z
9623|agility,9623,agility,2026-07-01T21:00:58.996Z
9623|elekta,9623,elekta,2026-07-01T21:00:58.996Z
9623|problema,9623,problema,2026-07-01T21:00:58.996Z
9623|si,9623,si,2026-07-01T21:00:58.996Z
9623|sinergy,9623,sinergy,2026-07-01T21:00:58.996Z
9623|sistema_camilla_precise,9623,sistema_camilla_precise,2026-07-01T21:00:58.996Z
9623|supervisor_de_equipo_médicos,9623,supervisor_de_equipo_médicos,2026-07-01T21:00:58.996Z
9617|acelerador_lineal,9617,acelerador_lineal,2026-07-01T21:00:58.996Z
9617|agility,9617,agility,2026-07-01T21:00:58.996Z
9617|elekta,9617,elekta,2026-07-01T21:00:58.996Z
9617|no,9617,no,2026-07-01T21:00:58.996Z
9617|problema,9617,problema,2026-07-01T21:00:58.996Z
9617|supervisor_de_equipo_médicos,9617,supervisor_de_equipo_médicos,2026-07-01T21:00:58.996Z
9617|versahd,9617,versahd,2026-07-01T21:00:58.996Z
9620|elekta,9620,elekta,2026-07-01T21:00:58.996Z
9620|hardware_y_software,9620,hardware_y_software,2026-07-01T21:00:58.996Z
9620|hexapod,9620,hexapod,2026-07-01T21:00:58.996Z
9620|iview,9620,iview,2026-07-01T21:00:58.996Z
9620|linac,9620,linac,2026-07-01T21:00:58.996Z
9620|monaco,9620,monaco,2026-07-01T21:00:58.996Z
9620|mosaiq,9620,mosaiq,2026-07-01T21:00:58.996Z
9620|no,9620,no,2026-07-01T21:00:58.996Z
9620|platform,9620,platform,2026-07-01T21:00:58.996Z
9620|requerimiento,9620,requerimiento,2026-07-01T21:00:58.996Z
9620|sistema_de_imagen_cbct_xvi,9620,sistema_de_imagen_cbct_xvi,2026-07-01T21:00:58.996Z
9620|suncheck_machine,9620,suncheck_machine,2026-07-01T21:00:58.996Z
9620|sunnuclear,9620,sunnuclear,2026-07-01T21:00:58.996Z
9620|versahd,9620,versahd,2026-07-01T21:00:58.996Z
9620|xvi,9620,xvi,2026-07-01T21:00:58.996Z
9598|brachy,9598,brachy,2026-07-01T21:00:58.996Z
9598|comapact,9598,comapact,2026-07-01T21:00:58.996Z
9598|compact,9598,compact,2026-07-01T21:00:58.996Z
9598|consultas,9598,consultas,2026-07-01T21:00:58.996Z
9598|elekta,9598,elekta,2026-07-01T21:00:58.996Z
9598|flexitron,9598,flexitron,2026-07-01T21:00:58.996Z
9598|físico,9598,físico,2026-07-01T21:00:58.996Z
9598|hardware_y_software,9598,hardware_y_software,2026-07-01T21:00:58.996Z
9598|monaco,9598,monaco,2026-07-01T21:00:58.996Z
9598|monaco_tps,9598,monaco_tps,2026-07-01T21:00:58.996Z
9598|no,9598,no,2026-07-01T21:00:58.996Z
9166|elekta,9166,elekta,2026-07-01T21:00:58.996Z
9166|físico,9166,físico,2026-07-01T21:00:58.996Z
9166|hardware_y_software,9166,hardware_y_software,2026-07-01T21:00:58.996Z
9166|hexapod,9166,hexapod,2026-07-01T21:00:58.996Z
9166|incidente,9166,incidente,2026-07-01T21:00:58.996Z
9166|iview,9166,iview,2026-07-01T21:00:58.996Z
9166|linac,9166,linac,2026-07-01T21:00:58.996Z
9166|monaco,9166,monaco,2026-07-01T21:00:58.996Z
9166|mosaiq,9166,mosaiq,2026-07-01T21:00:58.996Z
9166|mosaiq_sequencer,9166,mosaiq_sequencer,2026-07-01T21:00:58.996Z
9166|no,9166,no,2026-07-01T21:00:58.996Z
9166|platform,9166,platform,2026-07-01T21:00:58.996Z
9166|suncheck_machine,9166,suncheck_machine,2026-07-01T21:00:58.996Z
9166|sunnuclear,9166,sunnuclear,2026-07-01T21:00:58.996Z
9166|versahd,9166,versahd,2026-07-01T21:00:58.996Z
9166|xvi,9166,xvi,2026-07-01T21:00:58.996Z
9502|elekta,9502,elekta,2026-07-01T21:00:58.996Z
9502|hardware_y_software,9502,hardware_y_software,2026-07-01T21:00:58.996Z
9502|hexapod,9502,hexapod,2026-07-01T21:00:58.996Z
9502|iview,9502,iview,2026-07-01T21:00:58.996Z
9502|linac,9502,linac,2026-07-01T21:00:58.996Z
9502|monaco,9502,monaco,2026-07-01T21:00:58.996Z
9502|mosaiq,9502,mosaiq,2026-07-01T21:00:58.996Z
9502|mosaiq_sequencer,9502,mosaiq_sequencer,2026-07-01T21:00:58.996Z
9502|médico,9502,médico,2026-07-01T21:00:58.996Z
9502|no,9502,no,2026-07-01T21:00:58.996Z
9502|platform,9502,platform,2026-07-01T21:00:58.996Z
9502|requerimiento,9502,requerimiento,2026-07-01T21:00:58.996Z
9502|suncheck_machine,9502,suncheck_machine,2026-07-01T21:00:58.996Z
9502|sunnuclear,9502,sunnuclear,2026-07-01T21:00:58.996Z
9502|versahd,9502,versahd,2026-07-01T21:00:58.996Z
9502|xvi,9502,xvi,2026-07-01T21:00:58.996Z
9652|acelerador_lineal,9652,acelerador_lineal,2026-07-01T21:00:58.996Z
9652|elekta,9652,elekta,2026-07-01T21:00:58.996Z
9652|físico,9652,físico,2026-07-01T21:00:58.996Z
9652|hardware_y_software,9652,hardware_y_software,2026-07-01T21:00:58.996Z
9652|hexapod,9652,hexapod,2026-07-01T21:00:58.996Z
9652|iview,9652,iview,2026-07-01T21:00:58.996Z
9652|linac,9652,linac,2026-07-01T21:00:58.996Z
9652|monaco,9652,monaco,2026-07-01T21:00:58.996Z
9652|mosaiq,9652,mosaiq,2026-07-01T21:00:58.996Z
9652|no,9652,no,2026-07-01T21:00:58.996Z
9652|platform,9652,platform,2026-07-01T21:00:58.996Z
9652|problema,9652,problema,2026-07-01T21:00:58.996Z
9652|suncheck_machine,9652,suncheck_machine,2026-07-01T21:00:58.996Z
9652|sunnuclear,9652,sunnuclear,2026-07-01T21:00:58.996Z
9652|versahd,9652,versahd,2026-07-01T21:00:58.996Z
9652|xvi,9652,xvi,2026-07-01T21:00:58.996Z
9630|elekta,9630,elekta,2026-07-01T21:00:58.996Z
9630|hardware_y_software,9630,hardware_y_software,2026-07-01T21:00:58.996Z
9630|hexapod,9630,hexapod,2026-07-01T21:00:58.996Z
9630|iview,9630,iview,2026-07-01T21:00:58.996Z
9630|linac,9630,linac,2026-07-01T21:00:58.996Z
9630|monaco,9630,monaco,2026-07-01T21:00:58.996Z
9630|monaco_tps,9630,monaco_tps,2026-07-01T21:00:58.996Z
9630|mosaiq,9630,mosaiq,2026-07-01T21:00:58.996Z
9630|no,9630,no,2026-07-01T21:00:58.996Z
9630|platform,9630,platform,2026-07-01T21:00:58.996Z
9630|suncheck_machine,9630,suncheck_machine,2026-07-01T21:00:58.996Z
9630|sunnuclear,9630,sunnuclear,2026-07-01T21:00:58.996Z
9630|tarea,9630,tarea,2026-07-01T21:00:58.996Z
9630|versahd,9630,versahd,2026-07-01T21:00:58.996Z
9630|xvi,9630,xvi,2026-07-01T21:00:58.996Z
9668|abc,9668,abc,2026-07-01T21:00:58.996Z
9668|elekta,9668,elekta,2026-07-01T21:00:58.996Z
9668|físico,9668,físico,2026-07-01T21:00:58.996Z
9668|hardware_y_software,9668,hardware_y_software,2026-07-01T21:00:58.996Z
9668|hexapod,9668,hexapod,2026-07-01T21:00:58.996Z
9668|media,9668,media,2026-07-01T21:00:58.996Z
9668|monaco,9668,monaco,2026-07-01T21:00:58.996Z
9668|mosaiq,9668,mosaiq,2026-07-01T21:00:58.996Z
9668|problema,9668,problema,2026-07-01T21:00:58.996Z
9668|si,9668,si,2026-07-01T21:00:58.996Z
9668|versahd,9668,versahd,2026-07-01T21:00:58.996Z
9664|consultas_rt,9664,consultas_rt,2026-07-01T21:00:58.996Z
9664|elekta,9664,elekta,2026-07-01T21:00:58.996Z
9664|físico,9664,físico,2026-07-01T21:00:58.996Z
9664|hardware_y_software,9664,hardware_y_software,2026-07-01T21:00:58.996Z
9664|hexapod,9664,hexapod,2026-07-01T21:00:58.996Z
9664|iview,9664,iview,2026-07-01T21:00:58.996Z
9664|linac,9664,linac,2026-07-01T21:00:58.996Z
9664|monaco,9664,monaco,2026-07-01T21:00:58.996Z
9664|mosaiq,9664,mosaiq,2026-07-01T21:00:58.996Z
9664|no,9664,no,2026-07-01T21:00:58.996Z
9664|platform,9664,platform,2026-07-01T21:00:58.996Z
9664|problema,9664,problema,2026-07-01T21:00:58.996Z
9664|suncheck_machine,9664,suncheck_machine,2026-07-01T21:00:58.996Z
9664|sunnuclear,9664,sunnuclear,2026-07-01T21:00:58.996Z
9664|versahd,9664,versahd,2026-07-01T21:00:58.996Z
9664|xvi,9664,xvi,2026-07-01T21:00:58.996Z
9663|elekta,9663,elekta,2026-07-01T21:00:58.996Z
9663|físico,9663,físico,2026-07-01T21:00:58.996Z
9663|hardware_y_software,9663,hardware_y_software,2026-07-01T21:00:58.996Z
9663|hexapod,9663,hexapod,2026-07-01T21:00:58.996Z
9663|iview,9663,iview,2026-07-01T21:00:58.996Z
9663|linac,9663,linac,2026-07-01T21:00:58.996Z
9663|monaco,9663,monaco,2026-07-01T21:00:58.996Z
9663|mosaiq,9663,mosaiq,2026-07-01T21:00:58.996Z
9663|no,9663,no,2026-07-01T21:00:58.996Z
9663|platform,9663,platform,2026-07-01T21:00:58.996Z
9663|problema,9663,problema,2026-07-01T21:00:58.996Z
9663|suncheck,9663,suncheck,2026-07-01T21:00:58.996Z
9663|suncheck_machine,9663,suncheck_machine,2026-07-01T21:00:58.996Z
9663|sunnuclear,9663,sunnuclear,2026-07-01T21:00:58.996Z
9663|versahd,9663,versahd,2026-07-01T21:00:58.996Z
9663|xvi,9663,xvi,2026-07-01T21:00:58.996Z
9654|axesse,9654,axesse,2026-07-01T21:00:58.996Z
9654|braquiterapia,9654,braquiterapia,2026-07-01T21:00:58.996Z
9654|clarity,9654,clarity,2026-07-01T21:00:58.996Z
9654|elekta,9654,elekta,2026-07-01T21:00:58.996Z
9654|físico,9654,físico,2026-07-01T21:00:58.996Z
9654|hardware_y_software,9654,hardware_y_software,2026-07-01T21:00:58.996Z
9654|infinity,9654,infinity,2026-07-01T21:00:58.996Z
9654|monaco,9654,monaco,2026-07-01T21:00:58.996Z
9654|mosaiq,9654,mosaiq,2026-07-01T21:00:58.996Z
9654|no,9654,no,2026-07-01T21:00:58.996Z
9654|problema,9654,problema,2026-07-01T21:00:58.996Z
9576|acelerador_lineal,9576,acelerador_lineal,2026-07-01T21:00:58.996Z
9576|braquiterapia,9576,braquiterapia,2026-07-01T21:00:58.996Z
9576|closed_by_merge,9576,closed_by_merge,2026-07-01T21:00:58.996Z
9576|compact,9576,compact,2026-07-01T21:00:58.996Z
9576|elekta,9576,elekta,2026-07-01T21:00:58.996Z
9576|hardware_y_software,9576,hardware_y_software,2026-07-01T21:00:58.996Z
9576|monaco,9576,monaco,2026-07-01T21:00:58.996Z
9576|monacosim,9576,monacosim,2026-07-01T21:00:58.996Z
9576|mosaiq,9576,mosaiq,2026-07-01T21:00:58.996Z
9576|no,9576,no,2026-07-01T21:00:58.996Z
9576|requerimiento,9576,requerimiento,2026-07-01T21:00:58.996Z
9576|tcs,9576,tcs,2026-07-01T21:00:58.996Z
9576|xio,9576,xio,2026-07-01T21:00:58.996Z
9691|acelerador_lineal,9691,acelerador_lineal,2026-07-01T21:00:58.996Z
9691|elekta,9691,elekta,2026-07-01T21:00:58.996Z
9691|físico,9691,físico,2026-07-01T21:00:58.996Z
9691|hardware_y_software,9691,hardware_y_software,2026-07-01T21:00:58.996Z
9691|hexapod,9691,hexapod,2026-07-01T21:00:58.996Z
9691|iba,9691,iba,2026-07-01T21:00:58.996Z
9691|iguide,9691,iguide,2026-07-01T21:00:58.996Z
9691|iview,9691,iview,2026-07-01T21:00:58.996Z
9691|monaco,9691,monaco,2026-07-01T21:00:58.996Z
9691|monacosim,9691,monacosim,2026-07-01T21:00:58.996Z
9691|mosaiq,9691,mosaiq,2026-07-01T21:00:58.996Z
9691|requerimiento,9691,requerimiento,2026-07-01T21:00:58.996Z
9691|rtp99,9691,rtp99,2026-07-01T21:00:58.996Z
9691|si,9691,si,2026-07-01T21:00:58.996Z
9691|tcs,9691,tcs,2026-07-01T21:00:58.996Z
9691|versahd,9691,versahd,2026-07-01T21:00:58.996Z
9691|xvi,9691,xvi,2026-07-01T21:00:58.996Z
9660|acelerador_lineal,9660,acelerador_lineal,2026-07-01T21:00:58.996Z
9660|elekta,9660,elekta,2026-07-01T21:00:58.996Z
9660|físico,9660,físico,2026-07-01T21:00:58.996Z
9660|hardware_y_software,9660,hardware_y_software,2026-07-01T21:00:58.996Z
9660|hexapod,9660,hexapod,2026-07-01T21:00:58.996Z
9660|iba,9660,iba,2026-07-01T21:00:58.996Z
9660|iguide,9660,iguide,2026-07-01T21:00:58.996Z
9660|iview,9660,iview,2026-07-01T21:00:58.996Z
9660|monaco,9660,monaco,2026-07-01T21:00:58.996Z
9660|monacosim,9660,monacosim,2026-07-01T21:00:58.996Z
9660|mosaiq,9660,mosaiq,2026-07-01T21:00:58.996Z
9660|requerimiento,9660,requerimiento,2026-07-01T21:00:58.996Z
9660|rtp99,9660,rtp99,2026-07-01T21:00:58.996Z
9660|si,9660,si,2026-07-01T21:00:58.996Z
9660|tcs,9660,tcs,2026-07-01T21:00:58.996Z
9660|versahd,9660,versahd,2026-07-01T21:00:58.996Z
9660|xvi,9660,xvi,2026-07-01T21:00:58.996Z
9680|acelerador_lineal,9680,acelerador_lineal,2026-07-01T21:00:58.996Z
9680|axesse,9680,axesse,2026-07-01T21:00:58.996Z
9680|elekta,9680,elekta,2026-07-01T21:00:58.996Z
9680|físico,9680,físico,2026-07-01T21:00:58.996Z
9680|hardware_y_software,9680,hardware_y_software,2026-07-01T21:00:58.996Z
9680|infinity,9680,infinity,2026-07-01T21:00:58.996Z
9680|requerimiento,9680,requerimiento,2026-07-01T21:00:58.996Z
9680|si,9680,si,2026-07-01T21:00:58.996Z
9628|agility,9628,agility,2026-07-01T21:00:58.996Z
9628|elekta,9628,elekta,2026-07-01T21:00:58.996Z
9628|no,9628,no,2026-07-01T21:00:58.996Z
9628|problema,9628,problema,2026-07-01T21:00:58.996Z
9628|sinergy,9628,sinergy,2026-07-01T21:00:58.996Z
9628|suncheck,9628,suncheck,2026-07-01T21:00:58.996Z
9628|versahd,9628,versahd,2026-07-01T21:00:58.996Z
9670|acelerador_lineal,9670,acelerador_lineal,2026-07-01T21:00:58.996Z
9670|elekta,9670,elekta,2026-07-01T21:00:58.996Z
9670|físico,9670,físico,2026-07-01T21:00:58.996Z
9670|linac,9670,linac,2026-07-01T21:00:58.996Z
9670|no,9670,no,2026-07-01T21:00:58.996Z
9670|requerimiento,9670,requerimiento,2026-07-01T21:00:58.996Z
9670|versahd,9670,versahd,2026-07-01T21:00:58.996Z
9684|axesse,9684,axesse,2026-07-01T21:00:58.996Z
9684|braquiterapia,9684,braquiterapia,2026-07-01T21:00:58.996Z
9684|clarity,9684,clarity,2026-07-01T21:00:58.996Z
9684|elekta,9684,elekta,2026-07-01T21:00:58.996Z
9684|físico,9684,físico,2026-07-01T21:00:58.996Z
9684|hardware_y_software,9684,hardware_y_software,2026-07-01T21:00:58.996Z
9684|infinity,9684,infinity,2026-07-01T21:00:58.996Z
9684|monaco,9684,monaco,2026-07-01T21:00:58.996Z
9684|mosaiq,9684,mosaiq,2026-07-01T21:00:58.996Z
9684|no,9684,no,2026-07-01T21:00:58.996Z
9684|problema,9684,problema,2026-07-01T21:00:58.996Z
9703|acelerador_lineal,9703,acelerador_lineal,2026-07-01T21:00:58.996Z
9703|compact,9703,compact,2026-07-01T21:00:58.996Z
9703|elekta,9703,elekta,2026-07-01T21:00:58.996Z
9703|problema,9703,problema,2026-07-01T21:00:58.996Z
9703|si,9703,si,2026-07-01T21:00:58.996Z
9696|acelerador_lineal,9696,acelerador_lineal,2026-07-01T21:00:58.996Z
9696|compact,9696,compact,2026-07-01T21:00:58.996Z
9696|elekta,9696,elekta,2026-07-01T21:00:58.996Z
9696|problema,9696,problema,2026-07-01T21:00:58.996Z
9696|si,9696,si,2026-07-01T21:00:58.996Z
9696|tcs,9696,tcs,2026-07-01T21:00:58.996Z
463|acelerador_lineal,463,acelerador_lineal,2026-07-01T21:00:58.996Z
463|braquiterapia,463,braquiterapia,2026-07-01T21:00:58.996Z
463|compact,463,compact,2026-07-01T21:00:58.996Z
463|elekta,463,elekta,2026-07-01T21:00:58.996Z
463|físico,463,físico,2026-07-01T21:00:58.996Z
463|hardware_y_software,463,hardware_y_software,2026-07-01T21:00:58.996Z
463|monaco,463,monaco,2026-07-01T21:00:58.996Z
463|monacosim,463,monacosim,2026-07-01T21:00:58.996Z
463|mosaiq,463,mosaiq,2026-07-01T21:00:58.996Z
463|no,463,no,2026-07-01T21:00:58.996Z
463|nss,463,nss,2026-07-01T21:00:58.996Z
463|problema,463,problema,2026-07-01T21:00:58.996Z
463|tcs,463,tcs,2026-07-01T21:00:58.996Z
463|xio,463,xio,2026-07-01T21:00:58.996Z
9592|elekta,9592,elekta,2026-07-01T21:00:58.996Z
9592|físico,9592,físico,2026-07-01T21:00:58.996Z
9592|hardware_y_software,9592,hardware_y_software,2026-07-01T21:00:58.996Z
9592|hexapod,9592,hexapod,2026-07-01T21:00:58.996Z
9592|iview,9592,iview,2026-07-01T21:00:58.996Z
9592|linac,9592,linac,2026-07-01T21:00:58.996Z
9592|monaco,9592,monaco,2026-07-01T21:00:58.996Z
9592|mosaiq,9592,mosaiq,2026-07-01T21:00:58.996Z
9592|no,9592,no,2026-07-01T21:00:58.996Z
9592|platform,9592,platform,2026-07-01T21:00:58.996Z
9592|requerimiento,9592,requerimiento,2026-07-01T21:00:58.996Z
9592|sistema_camilla_precise,9592,sistema_camilla_precise,2026-07-01T21:00:58.996Z
9592|suncheck_machine,9592,suncheck_machine,2026-07-01T21:00:58.996Z
9592|sunnuclear,9592,sunnuclear,2026-07-01T21:00:58.996Z
9592|versahd,9592,versahd,2026-07-01T21:00:58.996Z
9592|xvi,9592,xvi,2026-07-01T21:00:58.996Z
9739|elekta,9739,elekta,2026-07-01T21:00:58.996Z
9739|físico,9739,físico,2026-07-01T21:00:58.996Z
9739|hardware_y_software,9739,hardware_y_software,2026-07-01T21:00:58.996Z
9739|hexapod,9739,hexapod,2026-07-01T21:00:58.996Z
9739|iview,9739,iview,2026-07-01T21:00:58.996Z
9739|linac,9739,linac,2026-07-01T21:00:58.996Z
9739|monaco,9739,monaco,2026-07-01T21:00:58.996Z
9739|mosaiq,9739,mosaiq,2026-07-01T21:00:58.996Z
9739|no,9739,no,2026-07-01T21:00:58.996Z
9739|platform,9739,platform,2026-07-01T21:00:58.996Z
9739|problema,9739,problema,2026-07-01T21:00:58.996Z
9739|sistema_ccp,9739,sistema_ccp,2026-07-01T21:00:58.996Z
9739|suncheck_machine,9739,suncheck_machine,2026-07-01T21:00:58.996Z
9739|sunnuclear,9739,sunnuclear,2026-07-01T21:00:58.996Z
9739|versahd,9739,versahd,2026-07-01T21:00:58.996Z
9739|xvi,9739,xvi,2026-07-01T21:00:58.996Z
9737|acelerador_lineal,9737,acelerador_lineal,2026-07-01T21:00:58.996Z
9737|elekta,9737,elekta,2026-07-01T21:00:58.996Z
9737|físico,9737,físico,2026-07-01T21:00:58.996Z
9737|linac,9737,linac,2026-07-01T21:00:58.996Z
9737|problema,9737,problema,2026-07-01T21:00:58.996Z
9737|si,9737,si,2026-07-01T21:00:58.996Z
9737|versahd,9737,versahd,2026-07-01T21:00:58.996Z
9567|elekta,9567,elekta,2026-07-01T21:00:58.996Z
9567|físico,9567,físico,2026-07-01T21:00:58.996Z
9567|hardware_y_software,9567,hardware_y_software,2026-07-01T21:00:58.996Z
9567|hexapod,9567,hexapod,2026-07-01T21:00:58.996Z
9567|iview,9567,iview,2026-07-01T21:00:58.996Z
9567|linac,9567,linac,2026-07-01T21:00:58.996Z
9567|monaco,9567,monaco,2026-07-01T21:00:58.996Z
9567|mosaiq,9567,mosaiq,2026-07-01T21:00:58.996Z
9567|no,9567,no,2026-07-01T21:00:58.996Z
9567|platform,9567,platform,2026-07-01T21:00:58.996Z
9567|problema,9567,problema,2026-07-01T21:00:58.996Z
9567|suncheck,9567,suncheck,2026-07-01T21:00:58.996Z
9567|suncheck_machine,9567,suncheck_machine,2026-07-01T21:00:58.996Z
9567|sunnuclear,9567,sunnuclear,2026-07-01T21:00:58.996Z
9567|versahd,9567,versahd,2026-07-01T21:00:58.996Z
9567|xvi,9567,xvi,2026-07-01T21:00:58.996Z
9751|closed_by_merge,9751,closed_by_merge,2026-07-01T21:00:58.996Z
9751|elekta,9751,elekta,2026-07-01T21:00:58.996Z
9751|físico,9751,físico,2026-07-01T21:00:58.996Z
9751|hardware_y_software,9751,hardware_y_software,2026-07-01T21:00:58.996Z
9751|hexapod,9751,hexapod,2026-07-01T21:00:58.996Z
9751|iview,9751,iview,2026-07-01T21:00:58.996Z
9751|linac,9751,linac,2026-07-01T21:00:58.996Z
9751|monaco,9751,monaco,2026-07-01T21:00:58.996Z
9751|mosaiq,9751,mosaiq,2026-07-01T21:00:58.996Z
9751|platform,9751,platform,2026-07-01T21:00:58.996Z
9751|suncheck,9751,suncheck,2026-07-01T21:00:58.996Z
9751|suncheck_machine,9751,suncheck_machine,2026-07-01T21:00:58.996Z
9751|sunnuclear,9751,sunnuclear,2026-07-01T21:00:58.996Z
9751|versahd,9751,versahd,2026-07-01T21:00:58.996Z
9751|xvi,9751,xvi,2026-07-01T21:00:58.996Z
9428|brachy,9428,brachy,2026-07-01T21:00:58.996Z
9428|elekta,9428,elekta,2026-07-01T21:00:58.996Z
9428|flexitron,9428,flexitron,2026-07-01T21:00:58.996Z
9428|hardware_y_software,9428,hardware_y_software,2026-07-01T21:00:58.996Z
9428|media,9428,media,2026-07-01T21:00:58.996Z
9428|monaco,9428,monaco,2026-07-01T21:00:58.996Z
9428|mosaiq,9428,mosaiq,2026-07-01T21:00:58.996Z
9428|no,9428,no,2026-07-01T21:00:58.996Z
9428|requerimiento,9428,requerimiento,2026-07-01T21:00:58.996Z
9428|sinergy,9428,sinergy,2026-07-01T21:00:58.996Z
9428|supervisor_de_radioterapía,9428,supervisor_de_radioterapía,2026-07-01T21:00:58.996Z
9428|synergy,9428,synergy,2026-07-01T21:00:58.996Z
9471|brachy,9471,brachy,2026-07-01T21:00:58.996Z
9471|elekta,9471,elekta,2026-07-01T21:00:58.996Z
9471|flexitron,9471,flexitron,2026-07-01T21:00:58.996Z
9471|hardware_y_software,9471,hardware_y_software,2026-07-01T21:00:58.996Z
9471|media,9471,media,2026-07-01T21:00:58.996Z
9471|monaco,9471,monaco,2026-07-01T21:00:58.996Z
9471|mosaiq,9471,mosaiq,2026-07-01T21:00:58.996Z
9471|no,9471,no,2026-07-01T21:00:58.996Z
9471|requerimiento,9471,requerimiento,2026-07-01T21:00:58.996Z
9471|sinergy,9471,sinergy,2026-07-01T21:00:58.996Z
9471|supervisor_de_radioterapía,9471,supervisor_de_radioterapía,2026-07-01T21:00:58.996Z
9471|synergy,9471,synergy,2026-07-01T21:00:58.996Z
9746|elekta,9746,elekta,2026-07-01T21:00:58.996Z
9746|físico,9746,físico,2026-07-01T21:00:58.996Z
9746|hardware_y_software,9746,hardware_y_software,2026-07-01T21:00:58.996Z
9746|hexapod,9746,hexapod,2026-07-01T21:00:58.996Z
9746|iview,9746,iview,2026-07-01T21:00:58.996Z
9746|linac,9746,linac,2026-07-01T21:00:58.996Z
9746|monaco,9746,monaco,2026-07-01T21:00:58.996Z
9746|mosaiq,9746,mosaiq,2026-07-01T21:00:58.996Z
9746|no,9746,no,2026-07-01T21:00:58.996Z
9746|platform,9746,platform,2026-07-01T21:00:58.996Z
9746|requerimiento,9746,requerimiento,2026-07-01T21:00:58.996Z
9746|sistema_camilla_precise,9746,sistema_camilla_precise,2026-07-01T21:00:58.996Z
9746|suncheck_machine,9746,suncheck_machine,2026-07-01T21:00:58.996Z
9746|sunnuclear,9746,sunnuclear,2026-07-01T21:00:58.996Z
9746|versahd,9746,versahd,2026-07-01T21:00:58.996Z
9746|xvi,9746,xvi,2026-07-01T21:00:58.996Z
9734|acelerador_lineal,9734,acelerador_lineal,2026-07-01T21:00:58.996Z
9734|elekta,9734,elekta,2026-07-01T21:00:58.996Z
9734|físico,9734,físico,2026-07-01T21:00:58.996Z
9734|hardware_y_software,9734,hardware_y_software,2026-07-01T21:00:58.996Z
9734|hexapod,9734,hexapod,2026-07-01T21:00:58.996Z
9734|iview,9734,iview,2026-07-01T21:00:58.996Z
9734|linac,9734,linac,2026-07-01T21:00:58.996Z
9734|monaco,9734,monaco,2026-07-01T21:00:58.996Z
9734|mosaiq,9734,mosaiq,2026-07-01T21:00:58.996Z
9734|no,9734,no,2026-07-01T21:00:58.996Z
9734|platform,9734,platform,2026-07-01T21:00:58.996Z
9734|requerimiento,9734,requerimiento,2026-07-01T21:00:58.996Z
9734|suncheck_machine,9734,suncheck_machine,2026-07-01T21:00:58.996Z
9734|sunnuclear,9734,sunnuclear,2026-07-01T21:00:58.996Z
9734|versahd,9734,versahd,2026-07-01T21:00:58.996Z
9734|xvi,9734,xvi,2026-07-01T21:00:58.996Z
9732|elekta,9732,elekta,2026-07-01T21:00:58.996Z
9732|físico,9732,físico,2026-07-01T21:00:58.996Z
9732|infinity,9732,infinity,2026-07-01T21:00:58.996Z
9732|integrity,9732,integrity,2026-07-01T21:00:58.996Z
9732|iview,9732,iview,2026-07-01T21:00:58.996Z
9732|linac,9732,linac,2026-07-01T21:00:58.996Z
9732|no,9732,no,2026-07-01T21:00:58.996Z
9732|problema,9732,problema,2026-07-01T21:00:58.996Z
9732|xvi,9732,xvi,2026-07-01T21:00:58.996Z
9661|cabezal_agility,9661,cabezal_agility,2026-07-01T21:00:58.996Z
9661|elekta,9661,elekta,2026-07-01T21:00:58.996Z
9661|físico,9661,físico,2026-07-01T21:00:58.996Z
9661|hexapod,9661,hexapod,2026-07-01T21:00:58.996Z
9661|no,9661,no,2026-07-01T21:00:58.996Z
9661|problema,9661,problema,2026-07-01T21:00:58.996Z
9661|versahd,9661,versahd,2026-07-01T21:00:58.996Z
9749|acelerador_lineal,9749,acelerador_lineal,2026-07-01T21:00:58.996Z
9749|elekta,9749,elekta,2026-07-01T21:00:58.996Z
9749|físico,9749,físico,2026-07-01T21:00:58.996Z
9749|hexapod,9749,hexapod,2026-07-01T21:00:58.996Z
9749|iview,9749,iview,2026-07-01T21:00:58.996Z
9749|no,9749,no,2026-07-01T21:00:58.996Z
9749|problema,9749,problema,2026-07-01T21:00:58.996Z
9749|versahd,9749,versahd,2026-07-01T21:00:58.996Z
9749|xvi,9749,xvi,2026-07-01T21:00:58.996Z
9685|acelerador_lineal,9685,acelerador_lineal,2026-07-01T21:00:58.996Z
9685|elekta,9685,elekta,2026-07-01T21:00:58.996Z
9685|físico,9685,físico,2026-07-01T21:00:58.996Z
9685|problema,9685,problema,2026-07-01T21:00:58.996Z
9685|si,9685,si,2026-07-01T21:00:58.996Z
9685|versahd,9685,versahd,2026-07-01T21:00:58.996Z
9723|cabezal_agility,9723,cabezal_agility,2026-07-01T21:00:58.996Z
9723|elekta,9723,elekta,2026-07-01T21:00:58.996Z
9723|físico,9723,físico,2026-07-01T21:00:58.996Z
9723|infinity,9723,infinity,2026-07-01T21:00:58.996Z
9723|problema,9723,problema,2026-07-01T21:00:58.996Z
9723|si,9723,si,2026-07-01T21:00:58.996Z
9689|acelerador_lineal,9689,acelerador_lineal,2026-07-01T21:00:58.996Z
9689|elekta,9689,elekta,2026-07-01T21:00:58.996Z
9689|físico,9689,físico,2026-07-01T21:00:58.996Z
9689|problema,9689,problema,2026-07-01T21:00:58.996Z
9689|si,9689,si,2026-07-01T21:00:58.996Z
9689|versahd,9689,versahd,2026-07-01T21:00:58.996Z
9706|agility,9706,agility,2026-07-01T21:00:58.996Z
9706|elekta,9706,elekta,2026-07-01T21:00:58.996Z
9706|hardware_y_software,9706,hardware_y_software,2026-07-01T21:00:58.996Z
9706|monaco,9706,monaco,2026-07-01T21:00:58.996Z
9706|mosaiq,9706,mosaiq,2026-07-01T21:00:58.996Z
9706|no,9706,no,2026-07-01T21:00:58.996Z
9706|problema,9706,problema,2026-07-01T21:00:58.996Z
9706|sinergy,9706,sinergy,2026-07-01T21:00:58.996Z
9706|suncheck,9706,suncheck,2026-07-01T21:00:58.996Z
9706|suncheck_machine,9706,suncheck_machine,2026-07-01T21:00:58.996Z
9706|sunnuclear,9706,sunnuclear,2026-07-01T21:00:58.996Z
9706|supervisor_de_equipo_médicos,9706,supervisor_de_equipo_médicos,2026-07-01T21:00:58.996Z
9706|versahd,9706,versahd,2026-07-01T21:00:58.996Z
9742|agility,9742,agility,2026-07-01T21:00:58.996Z
9742|elekta,9742,elekta,2026-07-01T21:00:58.996Z
9742|hardware_y_software,9742,hardware_y_software,2026-07-01T21:00:58.996Z
9742|monaco,9742,monaco,2026-07-01T21:00:58.996Z
9742|mosaiq,9742,mosaiq,2026-07-01T21:00:58.996Z
9742|no,9742,no,2026-07-01T21:00:58.996Z
9742|problema,9742,problema,2026-07-01T21:00:58.996Z
9742|sinergy,9742,sinergy,2026-07-01T21:00:58.996Z
9742|suncheck,9742,suncheck,2026-07-01T21:00:58.996Z
9742|suncheck_machine,9742,suncheck_machine,2026-07-01T21:00:58.996Z
9742|sunnuclear,9742,sunnuclear,2026-07-01T21:00:58.996Z
9742|supervisor_de_equipo_médicos,9742,supervisor_de_equipo_médicos,2026-07-01T21:00:58.996Z
9742|versahd,9742,versahd,2026-07-01T21:00:58.996Z
9748|elekta,9748,elekta,2026-07-01T21:00:58.996Z
9748|hardware_y_software,9748,hardware_y_software,2026-07-01T21:00:58.996Z
9748|hexapod,9748,hexapod,2026-07-01T21:00:58.996Z
9748|iview,9748,iview,2026-07-01T21:00:58.996Z
9748|linac,9748,linac,2026-07-01T21:00:58.996Z
9748|monaco,9748,monaco,2026-07-01T21:00:58.996Z
9748|monaco_tps,9748,monaco_tps,2026-07-01T21:00:58.996Z
9748|mosaiq,9748,mosaiq,2026-07-01T21:00:58.996Z
9748|no,9748,no,2026-07-01T21:00:58.996Z
9748|platform,9748,platform,2026-07-01T21:00:58.996Z
9748|requerimiento,9748,requerimiento,2026-07-01T21:00:58.996Z
9748|suncheck_machine,9748,suncheck_machine,2026-07-01T21:00:58.996Z
9748|sunnuclear,9748,sunnuclear,2026-07-01T21:00:58.996Z
9748|versahd,9748,versahd,2026-07-01T21:00:58.996Z
9748|xvi,9748,xvi,2026-07-01T21:00:58.996Z
9743|elekta,9743,elekta,2026-07-01T21:00:58.996Z
9743|físico,9743,físico,2026-07-01T21:00:58.996Z
9743|hardware_y_software,9743,hardware_y_software,2026-07-01T21:00:58.996Z
9743|hexapod,9743,hexapod,2026-07-01T21:00:58.996Z
9743|incidente,9743,incidente,2026-07-01T21:00:58.996Z
9743|iview,9743,iview,2026-07-01T21:00:58.996Z
9743|linac,9743,linac,2026-07-01T21:00:58.996Z
9743|monaco,9743,monaco,2026-07-01T21:00:58.996Z
9743|mosaiq,9743,mosaiq,2026-07-01T21:00:58.996Z
9743|mosaiq_workstation,9743,mosaiq_workstation,2026-07-01T21:00:58.996Z
9743|no,9743,no,2026-07-01T21:00:58.996Z
9743|platform,9743,platform,2026-07-01T21:00:58.996Z
9743|suncheck_machine,9743,suncheck_machine,2026-07-01T21:00:58.996Z
9743|sunnuclear,9743,sunnuclear,2026-07-01T21:00:58.996Z
9743|versahd,9743,versahd,2026-07-01T21:00:58.996Z
9743|xvi,9743,xvi,2026-07-01T21:00:58.996Z
9764|acelerador_lineal,9764,acelerador_lineal,2026-07-01T21:00:58.996Z
9764|elekta,9764,elekta,2026-07-01T21:00:58.996Z
9764|físico,9764,físico,2026-07-01T21:00:58.996Z
9764|hexapod,9764,hexapod,2026-07-01T21:00:58.996Z
9764|problema,9764,problema,2026-07-01T21:00:58.996Z
9764|si,9764,si,2026-07-01T21:00:58.996Z
9764|versahd,9764,versahd,2026-07-01T21:00:58.996Z
9695|acelerador_lineal,9695,acelerador_lineal,2026-07-01T21:00:58.996Z
9695|elekta,9695,elekta,2026-07-01T21:00:58.996Z
9695|físico,9695,físico,2026-07-01T21:00:58.996Z
9695|hexapod,9695,hexapod,2026-07-01T21:00:58.996Z
9695|no,9695,no,2026-07-01T21:00:58.996Z
9695|problema,9695,problema,2026-07-01T21:00:58.996Z
9695|versahd,9695,versahd,2026-07-01T21:00:58.996Z
9774|citrix,9774,citrix,2026-07-01T21:00:58.996Z
9774|elekta,9774,elekta,2026-07-01T21:00:58.996Z
9774|físico,9774,físico,2026-07-01T21:00:58.996Z
9774|hardware_y_software,9774,hardware_y_software,2026-07-01T21:00:58.996Z
9774|infinity,9774,infinity,2026-07-01T21:00:58.996Z
9774|integrity,9774,integrity,2026-07-01T21:00:58.996Z
9774|iview,9774,iview,2026-07-01T21:00:58.996Z
9774|linac,9774,linac,2026-07-01T21:00:58.996Z
9774|media,9774,media,2026-07-01T21:00:58.996Z
9774|monaco,9774,monaco,2026-07-01T21:00:58.996Z
9774|mosaiq,9774,mosaiq,2026-07-01T21:00:58.996Z
9774|problema,9774,problema,2026-07-01T21:00:58.996Z
9774|si,9774,si,2026-07-01T21:00:58.996Z
9774|storage,9774,storage,2026-07-01T21:00:58.996Z
9774|suncheck_machine,9774,suncheck_machine,2026-07-01T21:00:58.996Z
9774|sunnuclear,9774,sunnuclear,2026-07-01T21:00:58.996Z
9774|xvi,9774,xvi,2026-07-01T21:00:58.996Z
9775|acelerador_lineal,9775,acelerador_lineal,2026-07-01T21:00:58.996Z
9775|elekta,9775,elekta,2026-07-01T21:00:58.996Z
9775|físico,9775,físico,2026-07-01T21:00:58.996Z
9775|infinity,9775,infinity,2026-07-01T21:00:58.996Z
9775|no,9775,no,2026-07-01T21:00:58.996Z
9775|problema,9775,problema,2026-07-01T21:00:58.996Z
9690|acelerador_lineal,9690,acelerador_lineal,2026-07-01T21:00:58.996Z
9690|axesse,9690,axesse,2026-07-01T21:00:58.996Z
9690|elekta,9690,elekta,2026-07-01T21:00:58.996Z
9690|físico,9690,físico,2026-07-01T21:00:58.996Z
9690|no,9690,no,2026-07-01T21:00:58.996Z
9690|problema,9690,problema,2026-07-01T21:00:58.996Z
9716|elekta,9716,elekta,2026-07-01T21:00:58.996Z
9716|físico,9716,físico,2026-07-01T21:00:58.996Z
9716|hardware_y_software,9716,hardware_y_software,2026-07-01T21:00:58.996Z
9716|hexapod,9716,hexapod,2026-07-01T21:00:58.996Z
9716|iview,9716,iview,2026-07-01T21:00:58.996Z
9716|linac,9716,linac,2026-07-01T21:00:58.996Z
9716|monaco,9716,monaco,2026-07-01T21:00:58.996Z
9716|mosaiq,9716,mosaiq,2026-07-01T21:00:58.996Z
9716|no,9716,no,2026-07-01T21:00:58.996Z
9716|platform,9716,platform,2026-07-01T21:00:58.996Z
9716|requerimiento,9716,requerimiento,2026-07-01T21:00:58.996Z
9716|suncheck,9716,suncheck,2026-07-01T21:00:58.996Z
9716|suncheck_machine,9716,suncheck_machine,2026-07-01T21:00:58.996Z
9716|sunnuclear,9716,sunnuclear,2026-07-01T21:00:58.996Z
9716|versahd,9716,versahd,2026-07-01T21:00:58.996Z
9716|xvi,9716,xvi,2026-07-01T21:00:58.996Z
9677|elekta,9677,elekta,2026-07-01T21:00:58.996Z
9677|error,9677,error,2026-07-01T21:00:58.996Z
9677|hardware_y_software,9677,hardware_y_software,2026-07-01T21:00:58.996Z
9677|hexapod,9677,hexapod,2026-07-01T21:00:58.996Z
9677|iview,9677,iview,2026-07-01T21:00:58.996Z
9677|linac,9677,linac,2026-07-01T21:00:58.996Z
9677|monaco,9677,monaco,2026-07-01T21:00:58.996Z
9677|mosaiq,9677,mosaiq,2026-07-01T21:00:58.996Z
9677|mosaiq_workstation,9677,mosaiq_workstation,2026-07-01T21:00:58.996Z
9677|no,9677,no,2026-07-01T21:00:58.996Z
9677|platform,9677,platform,2026-07-01T21:00:58.996Z
9677|problema,9677,problema,2026-07-01T21:00:58.996Z
9677|suncheck_machine,9677,suncheck_machine,2026-07-01T21:00:58.996Z
9677|sunnuclear,9677,sunnuclear,2026-07-01T21:00:58.996Z
9677|versahd,9677,versahd,2026-07-01T21:00:58.996Z
9677|xvi,9677,xvi,2026-07-01T21:00:58.996Z
9782|acelerador_lineal,9782,acelerador_lineal,2026-07-01T21:00:58.996Z
9782|elekta,9782,elekta,2026-07-01T21:00:58.996Z
9782|físico,9782,físico,2026-07-01T21:00:58.996Z
9782|linac,9782,linac,2026-07-01T21:00:58.996Z
9782|no,9782,no,2026-07-01T21:00:58.996Z
9782|problema,9782,problema,2026-07-01T21:00:58.996Z
9733|acelerador_lineal,9733,acelerador_lineal,2026-07-01T21:00:58.996Z
9733|elekta,9733,elekta,2026-07-01T21:00:58.996Z
9733|físico,9733,físico,2026-07-01T21:00:58.996Z
9733|infinity,9733,infinity,2026-07-01T21:00:58.996Z
9733|linac,9733,linac,2026-07-01T21:00:58.996Z
9733|no,9733,no,2026-07-01T21:00:58.996Z
9733|problema,9733,problema,2026-07-01T21:00:58.996Z
9778|acelerador_lineal,9778,acelerador_lineal,2026-07-01T21:00:58.996Z
9778|elekta,9778,elekta,2026-07-01T21:00:58.996Z
9778|físico,9778,físico,2026-07-01T21:00:58.996Z
9778|hardware_y_software,9778,hardware_y_software,2026-07-01T21:00:58.996Z
9778|infinity,9778,infinity,2026-07-01T21:00:58.996Z
9778|linac,9778,linac,2026-07-01T21:00:58.996Z
9778|no,9778,no,2026-07-01T21:00:58.996Z
9778|problema,9778,problema,2026-07-01T21:00:58.996Z
9785|acelerador_lineal,9785,acelerador_lineal,2026-07-01T21:00:58.996Z
9785|elekta,9785,elekta,2026-07-01T21:00:58.996Z
9785|físico,9785,físico,2026-07-01T21:00:58.996Z
9785|hardware_y_software,9785,hardware_y_software,2026-07-01T21:00:58.996Z
9785|hexapod,9785,hexapod,2026-07-01T21:00:58.996Z
9785|iview,9785,iview,2026-07-01T21:00:58.996Z
9785|linac,9785,linac,2026-07-01T21:00:58.996Z
9785|monaco,9785,monaco,2026-07-01T21:00:58.996Z
9785|mosaiq,9785,mosaiq,2026-07-01T21:00:58.996Z
9785|no,9785,no,2026-07-01T21:00:58.996Z
9785|platform,9785,platform,2026-07-01T21:00:58.996Z
9785|problema,9785,problema,2026-07-01T21:00:58.996Z
9785|suncheck_machine,9785,suncheck_machine,2026-07-01T21:00:58.996Z
9785|sunnuclear,9785,sunnuclear,2026-07-01T21:00:58.996Z
9785|versahd,9785,versahd,2026-07-01T21:00:58.996Z
9785|xvi,9785,xvi,2026-07-01T21:00:58.996Z
9745|elekta,9745,elekta,2026-07-01T21:00:58.996Z
9745|físico,9745,físico,2026-07-01T21:00:58.996Z
9745|hardware_y_software,9745,hardware_y_software,2026-07-01T21:00:58.996Z
9745|hexapod,9745,hexapod,2026-07-01T21:00:58.996Z
9745|iview,9745,iview,2026-07-01T21:00:58.996Z
9745|linac,9745,linac,2026-07-01T21:00:58.996Z
9745|monaco,9745,monaco,2026-07-01T21:00:58.996Z
9745|mosaiq,9745,mosaiq,2026-07-01T21:00:58.996Z
9745|no,9745,no,2026-07-01T21:00:58.996Z
9745|platform,9745,platform,2026-07-01T21:00:58.996Z
9745|problema,9745,problema,2026-07-01T21:00:58.996Z
9745|sistema_camilla_precise,9745,sistema_camilla_precise,2026-07-01T21:00:58.996Z
9745|suncheck_machine,9745,suncheck_machine,2026-07-01T21:00:58.996Z
9745|sunnuclear,9745,sunnuclear,2026-07-01T21:00:58.996Z
9745|versahd,9745,versahd,2026-07-01T21:00:58.996Z
9745|xvi,9745,xvi,2026-07-01T21:00:58.996Z
9770|axesse,9770,axesse,2026-07-01T21:00:58.996Z
9770|barcoding,9770,barcoding,2026-07-01T21:00:58.996Z
9770|braquiterapia,9770,braquiterapia,2026-07-01T21:00:58.996Z
9770|dosisoft,9770,dosisoft,2026-07-01T21:00:58.996Z
9770|elekta,9770,elekta,2026-07-01T21:00:58.996Z
9770|físico,9770,físico,2026-07-01T21:00:58.996Z
9770|hardware_y_software,9770,hardware_y_software,2026-07-01T21:00:58.996Z
9770|infinity,9770,infinity,2026-07-01T21:00:58.996Z
9770|iview,9770,iview,2026-07-01T21:00:58.996Z
9770|linac,9770,linac,2026-07-01T21:00:58.996Z
9770|monaco,9770,monaco,2026-07-01T21:00:58.996Z
9770|monacosim,9770,monacosim,2026-07-01T21:00:58.996Z
9770|mosaiq,9770,mosaiq,2026-07-01T21:00:58.996Z
9770|problema,9770,problema,2026-07-01T21:00:58.996Z
9770|si,9770,si,2026-07-01T21:00:58.996Z
9770|storage,9770,storage,2026-07-01T21:00:58.996Z
9770|versahd,9770,versahd,2026-07-01T21:00:58.996Z
9770|xvi,9770,xvi,2026-07-01T21:00:58.996Z
9801|citrix,9801,citrix,2026-07-01T21:00:58.996Z
9801|elekta,9801,elekta,2026-07-01T21:00:58.996Z
9801|físico,9801,físico,2026-07-01T21:00:58.996Z
9801|hardware_y_software,9801,hardware_y_software,2026-07-01T21:00:58.996Z
9801|infinity,9801,infinity,2026-07-01T21:00:58.996Z
9801|integrity,9801,integrity,2026-07-01T21:00:58.996Z
9801|iview,9801,iview,2026-07-01T21:00:58.996Z
9801|linac,9801,linac,2026-07-01T21:00:58.996Z
9801|media,9801,media,2026-07-01T21:00:58.996Z
9801|monaco,9801,monaco,2026-07-01T21:00:58.996Z
9801|mosaiq,9801,mosaiq,2026-07-01T21:00:58.996Z
9801|problema,9801,problema,2026-07-01T21:00:58.996Z
9801|si,9801,si,2026-07-01T21:00:58.996Z
9801|storage,9801,storage,2026-07-01T21:00:58.996Z
9801|suncheck_machine,9801,suncheck_machine,2026-07-01T21:00:58.996Z
9801|sunnuclear,9801,sunnuclear,2026-07-01T21:00:58.996Z
9801|xvi,9801,xvi,2026-07-01T21:00:58.996Z
9796|citrix,9796,citrix,2026-07-01T21:00:58.996Z
9796|elekta,9796,elekta,2026-07-01T21:00:58.996Z
9796|físico,9796,físico,2026-07-01T21:00:58.996Z
9796|hardware_y_software,9796,hardware_y_software,2026-07-01T21:00:58.996Z
9796|infinity,9796,infinity,2026-07-01T21:00:58.996Z
9796|integrity,9796,integrity,2026-07-01T21:00:58.996Z
9796|iview,9796,iview,2026-07-01T21:00:58.996Z
9796|linac,9796,linac,2026-07-01T21:00:58.996Z
9796|media,9796,media,2026-07-01T21:00:58.996Z
9796|monaco,9796,monaco,2026-07-01T21:00:58.996Z
9796|mosaiq,9796,mosaiq,2026-07-01T21:00:58.996Z
9796|no,9796,no,2026-07-01T21:00:58.996Z
9796|problema,9796,problema,2026-07-01T21:00:58.996Z
9796|storage,9796,storage,2026-07-01T21:00:58.996Z
9796|suncheck_machine,9796,suncheck_machine,2026-07-01T21:00:58.996Z
9796|sunnuclear,9796,sunnuclear,2026-07-01T21:00:58.996Z
9796|xvi,9796,xvi,2026-07-01T21:00:58.996Z
9252|elekta,9252,elekta,2026-07-01T21:00:58.996Z
9252|físico,9252,físico,2026-07-01T21:00:58.996Z
9252|hardware_y_software,9252,hardware_y_software,2026-07-01T21:00:58.996Z
9252|hexapod,9252,hexapod,2026-07-01T21:00:58.996Z
9252|media,9252,media,2026-07-01T21:00:58.996Z
9252|monaco,9252,monaco,2026-07-01T21:00:58.996Z
9252|mosaiq,9252,mosaiq,2026-07-01T21:00:58.996Z
9252|no,9252,no,2026-07-01T21:00:58.996Z
9252|problema,9252,problema,2026-07-01T21:00:58.996Z
9252|sistema_ccp,9252,sistema_ccp,2026-07-01T21:00:58.996Z
9252|system_email_notification_failure,9252,system_email_notification_failure,2026-07-01T21:00:58.996Z
9252|versahd,9252,versahd,2026-07-01T21:00:58.996Z
9566|elekta,9566,elekta,2026-07-01T21:00:58.996Z
9566|hardware_y_software,9566,hardware_y_software,2026-07-01T21:00:58.996Z
9566|hexapod,9566,hexapod,2026-07-01T21:00:58.996Z
9566|iview,9566,iview,2026-07-01T21:00:58.996Z
9566|linac,9566,linac,2026-07-01T21:00:58.996Z
9566|monaco,9566,monaco,2026-07-01T21:00:58.996Z
9566|mosaiq,9566,mosaiq,2026-07-01T21:00:58.996Z
9566|no,9566,no,2026-07-01T21:00:58.996Z
9566|platform,9566,platform,2026-07-01T21:00:58.996Z
9566|problema,9566,problema,2026-07-01T21:00:58.996Z
9566|suncheck,9566,suncheck,2026-07-01T21:00:58.996Z
9566|suncheck_machine,9566,suncheck_machine,2026-07-01T21:00:58.996Z
9566|sunnuclear,9566,sunnuclear,2026-07-01T21:00:58.996Z
9566|versahd,9566,versahd,2026-07-01T21:00:58.996Z
9566|xvi,9566,xvi,2026-07-01T21:00:58.996Z
9805|elekta,9805,elekta,2026-07-01T21:00:58.996Z
9805|físico,9805,físico,2026-07-01T21:00:58.996Z
9805|hardware_y_software,9805,hardware_y_software,2026-07-01T21:00:58.996Z
9805|hexapod,9805,hexapod,2026-07-01T21:00:58.996Z
9805|iview,9805,iview,2026-07-01T21:00:58.996Z
9805|linac,9805,linac,2026-07-01T21:00:58.996Z
9805|monaco,9805,monaco,2026-07-01T21:00:58.996Z
9805|mosaiq,9805,mosaiq,2026-07-01T21:00:58.996Z
9805|no,9805,no,2026-07-01T21:00:58.996Z
9805|platform,9805,platform,2026-07-01T21:00:58.996Z
9805|problema,9805,problema,2026-07-01T21:00:58.996Z
9805|suncheck,9805,suncheck,2026-07-01T21:00:58.996Z
9805|suncheck_machine,9805,suncheck_machine,2026-07-01T21:00:58.996Z
9805|sunnuclear,9805,sunnuclear,2026-07-01T21:00:58.996Z
9805|versahd,9805,versahd,2026-07-01T21:00:58.996Z
9805|xvi,9805,xvi,2026-07-01T21:00:58.996Z
9799|abc,9799,abc,2026-07-01T21:00:58.996Z
9799|elekta,9799,elekta,2026-07-01T21:00:58.996Z
9799|físico,9799,físico,2026-07-01T21:00:58.996Z
9799|hardware_y_software,9799,hardware_y_software,2026-07-01T21:00:58.996Z
9799|hexapod,9799,hexapod,2026-07-01T21:00:58.996Z
9799|media,9799,media,2026-07-01T21:00:58.996Z
9799|monaco,9799,monaco,2026-07-01T21:00:58.996Z
9799|mosaiq,9799,mosaiq,2026-07-01T21:00:58.996Z
9799|no,9799,no,2026-07-01T21:00:58.996Z
9799|problema,9799,problema,2026-07-01T21:00:58.996Z
9799|versahd,9799,versahd,2026-07-01T21:00:58.996Z
9807|agility,9807,agility,2026-07-01T21:00:58.996Z
9807|elekta,9807,elekta,2026-07-01T21:00:58.996Z
9807|hardware_y_software,9807,hardware_y_software,2026-07-01T21:00:58.996Z
9807|monaco,9807,monaco,2026-07-01T21:00:58.996Z
9807|mosaiq,9807,mosaiq,2026-07-01T21:00:58.996Z
9807|problema,9807,problema,2026-07-01T21:00:58.996Z
9807|si,9807,si,2026-07-01T21:00:58.996Z
9807|sinergy,9807,sinergy,2026-07-01T21:00:58.996Z
9807|suncheck,9807,suncheck,2026-07-01T21:00:58.996Z
9807|suncheck_machine,9807,suncheck_machine,2026-07-01T21:00:58.996Z
9807|sunnuclear,9807,sunnuclear,2026-07-01T21:00:58.996Z
9807|supervisor_de_equipo_médicos,9807,supervisor_de_equipo_médicos,2026-07-01T21:00:58.996Z
9807|versahd,9807,versahd,2026-07-01T21:00:58.996Z
9812|elekta,9812,elekta,2026-07-01T21:00:58.996Z
9812|físico,9812,físico,2026-07-01T21:00:58.996Z
9812|hardware_y_software,9812,hardware_y_software,2026-07-01T21:00:58.996Z
9812|hexapod,9812,hexapod,2026-07-01T21:00:58.996Z
9812|iview,9812,iview,2026-07-01T21:00:58.996Z
9812|linac,9812,linac,2026-07-01T21:00:58.996Z
9812|monaco,9812,monaco,2026-07-01T21:00:58.996Z
9812|mosaiq,9812,mosaiq,2026-07-01T21:00:58.996Z
9812|no,9812,no,2026-07-01T21:00:58.996Z
9812|platform,9812,platform,2026-07-01T21:00:58.996Z
9812|problema,9812,problema,2026-07-01T21:00:58.996Z
9812|sistema_camilla_precise,9812,sistema_camilla_precise,2026-07-01T21:00:58.996Z
9812|suncheck_machine,9812,suncheck_machine,2026-07-01T21:00:58.996Z
9812|sunnuclear,9812,sunnuclear,2026-07-01T21:00:58.996Z
9812|versahd,9812,versahd,2026-07-01T21:00:58.996Z
9812|xvi,9812,xvi,2026-07-01T21:00:58.996Z
9781|acelerador_lineal,9781,acelerador_lineal,2026-07-01T21:00:58.996Z
9781|braquiterapia,9781,braquiterapia,2026-07-01T21:00:58.996Z
9781|compact,9781,compact,2026-07-01T21:00:58.996Z
9781|elekta,9781,elekta,2026-07-01T21:00:58.996Z
9781|hardware_y_software,9781,hardware_y_software,2026-07-01T21:00:58.996Z
9781|monaco,9781,monaco,2026-07-01T21:00:58.996Z
9781|monacosim,9781,monacosim,2026-07-01T21:00:58.996Z
9781|mosaiq,9781,mosaiq,2026-07-01T21:00:58.996Z
9781|requerimiento,9781,requerimiento,2026-07-01T21:00:58.996Z
9781|si,9781,si,2026-07-01T21:00:58.996Z
9781|tcs,9781,tcs,2026-07-01T21:00:58.996Z
9781|xio,9781,xio,2026-07-01T21:00:58.996Z
9181|acelerador_lineal,9181,acelerador_lineal,2026-07-01T21:00:58.996Z
9181|braquiterapia,9181,braquiterapia,2026-07-01T21:00:58.996Z
9181|compact,9181,compact,2026-07-01T21:00:58.996Z
9181|elekta,9181,elekta,2026-07-01T21:00:58.996Z
9181|físico,9181,físico,2026-07-01T21:00:58.996Z
9181|hardware_y_software,9181,hardware_y_software,2026-07-01T21:00:58.996Z
9181|monaco,9181,monaco,2026-07-01T21:00:58.996Z
9181|monacosim,9181,monacosim,2026-07-01T21:00:58.996Z
9181|mosaiq,9181,mosaiq,2026-07-01T21:00:58.996Z
9181|no,9181,no,2026-07-01T21:00:58.996Z
9181|nss,9181,nss,2026-07-01T21:00:58.996Z
9181|requerimiento,9181,requerimiento,2026-07-01T21:00:58.996Z
9181|tcs,9181,tcs,2026-07-01T21:00:58.996Z
9181|xio,9181,xio,2026-07-01T21:00:58.996Z
9804|axesse,9804,axesse,2026-07-01T21:00:58.996Z
9804|barcoding,9804,barcoding,2026-07-01T21:00:58.996Z
9804|braquiterapia,9804,braquiterapia,2026-07-01T21:00:58.996Z
9804|dosisoft,9804,dosisoft,2026-07-01T21:00:58.996Z
9804|elekta,9804,elekta,2026-07-01T21:00:58.996Z
9804|físico,9804,físico,2026-07-01T21:00:58.996Z
9804|hardware_y_software,9804,hardware_y_software,2026-07-01T21:00:58.996Z
9804|infinity,9804,infinity,2026-07-01T21:00:58.996Z
9804|iview,9804,iview,2026-07-01T21:00:58.996Z
9804|linac,9804,linac,2026-07-01T21:00:58.996Z
9804|monaco,9804,monaco,2026-07-01T21:00:58.996Z
9804|monacosim,9804,monacosim,2026-07-01T21:00:58.996Z
9804|mosaiq,9804,mosaiq,2026-07-01T21:00:58.996Z
9804|no,9804,no,2026-07-01T21:00:58.996Z
9804|problema,9804,problema,2026-07-01T21:00:58.996Z
9804|storage,9804,storage,2026-07-01T21:00:58.996Z
9804|versahd,9804,versahd,2026-07-01T21:00:58.996Z
9804|xvi,9804,xvi,2026-07-01T21:00:58.996Z
9795|citrix,9795,citrix,2026-07-01T21:00:58.996Z
9795|closed_by_merge,9795,closed_by_merge,2026-07-01T21:00:58.996Z
9795|elekta,9795,elekta,2026-07-01T21:00:58.996Z
9795|físico,9795,físico,2026-07-01T21:00:58.996Z
9795|hardware_y_software,9795,hardware_y_software,2026-07-01T21:00:58.996Z
9795|infinity,9795,infinity,2026-07-01T21:00:58.996Z
9795|integrity,9795,integrity,2026-07-01T21:00:58.996Z
9795|iview,9795,iview,2026-07-01T21:00:58.996Z
9795|linac,9795,linac,2026-07-01T21:00:58.996Z
9795|media,9795,media,2026-07-01T21:00:58.996Z
9795|monaco,9795,monaco,2026-07-01T21:00:58.996Z
9795|mosaiq,9795,mosaiq,2026-07-01T21:00:58.996Z
9795|no,9795,no,2026-07-01T21:00:58.996Z
9795|problema,9795,problema,2026-07-01T21:00:58.996Z
9795|storage,9795,storage,2026-07-01T21:00:58.996Z
9795|suncheck_machine,9795,suncheck_machine,2026-07-01T21:00:58.996Z
9795|sunnuclear,9795,sunnuclear,2026-07-01T21:00:58.996Z
9795|xvi,9795,xvi,2026-07-01T21:00:58.996Z
9816|elekta,9816,elekta,2026-07-01T21:00:58.996Z
9816|hardware_y_software,9816,hardware_y_software,2026-07-01T21:00:58.996Z
9816|infinity,9816,infinity,2026-07-01T21:00:58.996Z
9816|iview,9816,iview,2026-07-01T21:00:58.996Z
9816|linac,9816,linac,2026-07-01T21:00:58.996Z
9816|problema,9816,problema,2026-07-01T21:00:58.996Z
9816|si,9816,si,2026-07-01T21:00:58.996Z
9816|sistema_de_imagen_cbct_xvi,9816,sistema_de_imagen_cbct_xvi,2026-07-01T21:00:58.996Z
9816|xvi,9816,xvi,2026-07-01T21:00:58.996Z
9821|acelerador_lineal,9821,acelerador_lineal,2026-07-01T21:00:58.996Z
9821|braquiterapia,9821,braquiterapia,2026-07-01T21:00:58.996Z
9821|compact,9821,compact,2026-07-01T21:00:58.996Z
9821|elekta,9821,elekta,2026-07-01T21:00:58.996Z
9821|hardware_y_software,9821,hardware_y_software,2026-07-01T21:00:58.996Z
9821|monaco,9821,monaco,2026-07-01T21:00:58.996Z
9821|monacosim,9821,monacosim,2026-07-01T21:00:58.996Z
9821|mosaiq,9821,mosaiq,2026-07-01T21:00:58.996Z
9821|no,9821,no,2026-07-01T21:00:58.996Z
9821|requerimiento,9821,requerimiento,2026-07-01T21:00:58.996Z
9821|tcs,9821,tcs,2026-07-01T21:00:58.996Z
9821|xio,9821,xio,2026-07-01T21:00:58.996Z
9845|citrix,9845,citrix,2026-07-01T21:00:58.996Z
9845|closed_by_merge,9845,closed_by_merge,2026-07-01T21:00:58.996Z
9845|elekta,9845,elekta,2026-07-01T21:00:58.996Z
9845|físico,9845,físico,2026-07-01T21:00:58.996Z
9845|hardware_y_software,9845,hardware_y_software,2026-07-01T21:00:58.996Z
9845|infinity,9845,infinity,2026-07-01T21:00:58.996Z
9845|integrity,9845,integrity,2026-07-01T21:00:58.996Z
9845|iview,9845,iview,2026-07-01T21:00:58.996Z
9845|linac,9845,linac,2026-07-01T21:00:58.996Z
9845|media,9845,media,2026-07-01T21:00:58.996Z
9845|monaco,9845,monaco,2026-07-01T21:00:58.996Z
9845|mosaiq,9845,mosaiq,2026-07-01T21:00:58.996Z
9845|problema,9845,problema,2026-07-01T21:00:58.996Z
9845|si,9845,si,2026-07-01T21:00:58.996Z
9845|storage,9845,storage,2026-07-01T21:00:58.996Z
9845|suncheck_machine,9845,suncheck_machine,2026-07-01T21:00:58.996Z
9845|sunnuclear,9845,sunnuclear,2026-07-01T21:00:58.996Z
9845|xvi,9845,xvi,2026-07-01T21:00:58.996Z
9762|axesse,9762,axesse,2026-07-01T21:00:58.996Z
9762|braquiterapia,9762,braquiterapia,2026-07-01T21:00:58.996Z
9762|clarity,9762,clarity,2026-07-01T21:00:58.996Z
9762|elekta,9762,elekta,2026-07-01T21:00:58.996Z
9762|flexitron,9762,flexitron,2026-07-01T21:00:58.996Z
9762|físico,9762,físico,2026-07-01T21:00:58.996Z
9762|hardware_y_software,9762,hardware_y_software,2026-07-01T21:00:58.996Z
9762|infinity,9762,infinity,2026-07-01T21:00:58.996Z
9762|monaco,9762,monaco,2026-07-01T21:00:58.996Z
9762|mosaiq,9762,mosaiq,2026-07-01T21:00:58.996Z
9762|no,9762,no,2026-07-01T21:00:58.996Z
9762|requerimiento,9762,requerimiento,2026-07-01T21:00:58.996Z
9811|agility,9811,agility,2026-07-01T21:00:58.996Z
9811|elekta,9811,elekta,2026-07-01T21:00:58.996Z
9811|hardware_y_software,9811,hardware_y_software,2026-07-01T21:00:58.996Z
9811|monaco,9811,monaco,2026-07-01T21:00:58.996Z
9811|mosaiq,9811,mosaiq,2026-07-01T21:00:58.996Z
9811|no,9811,no,2026-07-01T21:00:58.996Z
9811|requerimiento,9811,requerimiento,2026-07-01T21:00:58.996Z
9811|sinergy,9811,sinergy,2026-07-01T21:00:58.996Z
9811|suncheck,9811,suncheck,2026-07-01T21:00:58.996Z
9811|suncheck_machine,9811,suncheck_machine,2026-07-01T21:00:58.996Z
9811|sunnuclear,9811,sunnuclear,2026-07-01T21:00:58.996Z
9811|supervisor_de_equipo_médicos,9811,supervisor_de_equipo_médicos,2026-07-01T21:00:58.996Z
9811|versahd,9811,versahd,2026-07-01T21:00:58.996Z
9853|citrix,9853,citrix,2026-07-01T21:00:58.996Z
9853|closed_by_merge,9853,closed_by_merge,2026-07-01T21:00:58.996Z
9853|elekta,9853,elekta,2026-07-01T21:00:58.996Z
9853|físico,9853,físico,2026-07-01T21:00:58.996Z
9853|hardware_y_software,9853,hardware_y_software,2026-07-01T21:00:58.996Z
9853|infinity,9853,infinity,2026-07-01T21:00:58.996Z
9853|integrity,9853,integrity,2026-07-01T21:00:58.996Z
9853|iview,9853,iview,2026-07-01T21:00:58.996Z
9853|linac,9853,linac,2026-07-01T21:00:58.996Z
9853|media,9853,media,2026-07-01T21:00:58.996Z
9853|monaco,9853,monaco,2026-07-01T21:00:58.996Z
9853|mosaiq,9853,mosaiq,2026-07-01T21:00:58.996Z
9853|problema,9853,problema,2026-07-01T21:00:58.996Z
9853|si,9853,si,2026-07-01T21:00:58.996Z
9853|storage,9853,storage,2026-07-01T21:00:58.996Z
9853|suncheck_machine,9853,suncheck_machine,2026-07-01T21:00:58.996Z
9853|sunnuclear,9853,sunnuclear,2026-07-01T21:00:58.996Z
9853|xvi,9853,xvi,2026-07-01T21:00:58.996Z
9822|cabezal_agility,9822,cabezal_agility,2026-07-01T21:00:58.996Z
9822|elekta,9822,elekta,2026-07-01T21:00:58.996Z
9822|físico,9822,físico,2026-07-01T21:00:58.996Z
9822|infinity,9822,infinity,2026-07-01T21:00:58.996Z
9822|iview,9822,iview,2026-07-01T21:00:58.996Z
9822|linac,9822,linac,2026-07-01T21:00:58.996Z
9822|problema,9822,problema,2026-07-01T21:00:58.996Z
9822|si,9822,si,2026-07-01T21:00:58.996Z
9822|xvi,9822,xvi,2026-07-01T21:00:58.996Z
9832|citrix,9832,citrix,2026-07-01T21:00:58.996Z
9832|elekta,9832,elekta,2026-07-01T21:00:58.996Z
9832|físico,9832,físico,2026-07-01T21:00:58.996Z
9832|hardware_y_software,9832,hardware_y_software,2026-07-01T21:00:58.996Z
9832|infinity,9832,infinity,2026-07-01T21:00:58.996Z
9832|integrity,9832,integrity,2026-07-01T21:00:58.996Z
9832|iview,9832,iview,2026-07-01T21:00:58.996Z
9832|linac,9832,linac,2026-07-01T21:00:58.996Z
9832|media,9832,media,2026-07-01T21:00:58.996Z
9832|monaco,9832,monaco,2026-07-01T21:00:58.996Z
9832|mosaiq,9832,mosaiq,2026-07-01T21:00:58.996Z
9832|problema,9832,problema,2026-07-01T21:00:58.996Z
9832|si,9832,si,2026-07-01T21:00:58.996Z
9832|storage,9832,storage,2026-07-01T21:00:58.996Z
9832|suncheck_machine,9832,suncheck_machine,2026-07-01T21:00:58.996Z
9832|sunnuclear,9832,sunnuclear,2026-07-01T21:00:58.996Z
9832|xvi,9832,xvi,2026-07-01T21:00:58.996Z
9841|axesse,9841,axesse,2026-07-01T21:00:58.996Z
9841|barcoding,9841,barcoding,2026-07-01T21:00:58.996Z
9841|braquiterapia,9841,braquiterapia,2026-07-01T21:00:58.996Z
9841|dosisoft,9841,dosisoft,2026-07-01T21:00:58.996Z
9841|elekta,9841,elekta,2026-07-01T21:00:58.996Z
9841|físico,9841,físico,2026-07-01T21:00:58.996Z
9841|hardware_y_software,9841,hardware_y_software,2026-07-01T21:00:58.996Z
9841|infinity,9841,infinity,2026-07-01T21:00:58.996Z
9841|iview,9841,iview,2026-07-01T21:00:58.996Z
9841|linac,9841,linac,2026-07-01T21:00:58.996Z
9841|monaco,9841,monaco,2026-07-01T21:00:58.996Z
9841|monacosim,9841,monacosim,2026-07-01T21:00:58.996Z
9841|mosaiq,9841,mosaiq,2026-07-01T21:00:58.996Z
9841|no,9841,no,2026-07-01T21:00:58.996Z
9841|problema,9841,problema,2026-07-01T21:00:58.996Z
9841|storage,9841,storage,2026-07-01T21:00:58.996Z
9841|versahd,9841,versahd,2026-07-01T21:00:58.996Z
9841|xvi,9841,xvi,2026-07-01T21:00:58.996Z
9847|axesse,9847,axesse,2026-07-01T21:00:58.996Z
9847|braquiterapia,9847,braquiterapia,2026-07-01T21:00:58.996Z
9847|clarity,9847,clarity,2026-07-01T21:00:58.996Z
9847|elekta,9847,elekta,2026-07-01T21:00:58.996Z
9847|físico,9847,físico,2026-07-01T21:00:58.996Z
9847|hardware_y_software,9847,hardware_y_software,2026-07-01T21:00:58.996Z
9847|infinity,9847,infinity,2026-07-01T21:00:58.996Z
9847|monaco,9847,monaco,2026-07-01T21:00:58.996Z
9847|mosaiq,9847,mosaiq,2026-07-01T21:00:58.996Z
9847|no,9847,no,2026-07-01T21:00:58.996Z
9847|problema,9847,problema,2026-07-01T21:00:58.996Z
9854|axesse,9854,axesse,2026-07-01T21:00:58.996Z
9854|braquiterapia,9854,braquiterapia,2026-07-01T21:00:58.996Z
9854|clarity,9854,clarity,2026-07-01T21:00:58.996Z
9854|elekta,9854,elekta,2026-07-01T21:00:58.996Z
9854|físico,9854,físico,2026-07-01T21:00:58.996Z
9854|hardware_y_software,9854,hardware_y_software,2026-07-01T21:00:58.996Z
9854|infinity,9854,infinity,2026-07-01T21:00:58.996Z
9854|monaco,9854,monaco,2026-07-01T21:00:58.996Z
9854|mosaiq,9854,mosaiq,2026-07-01T21:00:58.996Z
9854|problema,9854,problema,2026-07-01T21:00:58.996Z
9854|si,9854,si,2026-07-01T21:00:58.996Z
9851|cabezal_agility,9851,cabezal_agility,2026-07-01T21:00:58.996Z
9851|elekta,9851,elekta,2026-07-01T21:00:58.996Z
9851|físico,9851,físico,2026-07-01T21:00:58.996Z
9851|hardware_y_software,9851,hardware_y_software,2026-07-01T21:00:58.996Z
9851|hexapod,9851,hexapod,2026-07-01T21:00:58.996Z
9851|iba,9851,iba,2026-07-01T21:00:58.996Z
9851|iguide,9851,iguide,2026-07-01T21:00:58.996Z
9851|iview,9851,iview,2026-07-01T21:00:58.996Z
9851|monaco,9851,monaco,2026-07-01T21:00:58.996Z
9851|monacosim,9851,monacosim,2026-07-01T21:00:58.996Z
9851|mosaiq,9851,mosaiq,2026-07-01T21:00:58.996Z
9851|problema,9851,problema,2026-07-01T21:00:58.996Z
9851|rtp99,9851,rtp99,2026-07-01T21:00:58.996Z
9851|si,9851,si,2026-07-01T21:00:58.996Z
9851|tcs,9851,tcs,2026-07-01T21:00:58.996Z
9851|versahd,9851,versahd,2026-07-01T21:00:58.996Z
9851|xvi,9851,xvi,2026-07-01T21:00:58.996Z
9865|citrix,9865,citrix,2026-07-01T21:00:58.996Z
9865|elekta,9865,elekta,2026-07-01T21:00:58.996Z
9865|físico,9865,físico,2026-07-01T21:00:58.996Z
9865|hardware_y_software,9865,hardware_y_software,2026-07-01T21:00:58.996Z
9865|infinity,9865,infinity,2026-07-01T21:00:58.996Z
9865|integrity,9865,integrity,2026-07-01T21:00:58.996Z
9865|iview,9865,iview,2026-07-01T21:00:58.996Z
9865|linac,9865,linac,2026-07-01T21:00:58.996Z
9865|media,9865,media,2026-07-01T21:00:58.996Z
9865|monaco,9865,monaco,2026-07-01T21:00:58.996Z
9865|mosaiq,9865,mosaiq,2026-07-01T21:00:58.996Z
9865|no,9865,no,2026-07-01T21:00:58.996Z
9865|problema,9865,problema,2026-07-01T21:00:58.996Z
9865|storage,9865,storage,2026-07-01T21:00:58.996Z
9865|suncheck_machine,9865,suncheck_machine,2026-07-01T21:00:58.996Z
9865|sunnuclear,9865,sunnuclear,2026-07-01T21:00:58.996Z
9865|xvi,9865,xvi,2026-07-01T21:00:58.996Z
9862|axesse,9862,axesse,2026-07-01T21:00:58.996Z
9862|braquiterapia,9862,braquiterapia,2026-07-01T21:00:58.996Z
9862|clarity,9862,clarity,2026-07-01T21:00:58.996Z
9862|elekta,9862,elekta,2026-07-01T21:00:58.996Z
9862|físico,9862,físico,2026-07-01T21:00:58.996Z
9862|hardware_y_software,9862,hardware_y_software,2026-07-01T21:00:58.996Z
9862|infinity,9862,infinity,2026-07-01T21:00:58.996Z
9862|monaco,9862,monaco,2026-07-01T21:00:58.996Z
9862|mosaiq,9862,mosaiq,2026-07-01T21:00:58.996Z
9862|requerimiento,9862,requerimiento,2026-07-01T21:00:58.996Z
9862|si,9862,si,2026-07-01T21:00:58.996Z
9889|closed_by_merge,9889,closed_by_merge,2026-07-01T21:00:58.996Z
9889|elekta,9889,elekta,2026-07-01T21:00:58.996Z
9889|físico,9889,físico,2026-07-01T21:00:58.996Z
9889|hardware_y_software,9889,hardware_y_software,2026-07-01T21:00:58.996Z
9889|hexapod,9889,hexapod,2026-07-01T21:00:58.996Z
9889|iview,9889,iview,2026-07-01T21:00:58.996Z
9889|linac,9889,linac,2026-07-01T21:00:58.996Z
9889|monaco,9889,monaco,2026-07-01T21:00:58.996Z
9889|mosaiq,9889,mosaiq,2026-07-01T21:00:58.996Z
9889|platform,9889,platform,2026-07-01T21:00:58.996Z
9889|suncheck,9889,suncheck,2026-07-01T21:00:58.996Z
9889|suncheck_machine,9889,suncheck_machine,2026-07-01T21:00:58.996Z
9889|sunnuclear,9889,sunnuclear,2026-07-01T21:00:58.996Z
9889|versahd,9889,versahd,2026-07-01T21:00:58.996Z
9889|xvi,9889,xvi,2026-07-01T21:00:58.996Z
9496|citrix,9496,citrix,2026-07-01T21:00:58.996Z
9496|elekta,9496,elekta,2026-07-01T21:00:58.996Z
9496|físico,9496,físico,2026-07-01T21:00:58.996Z
9496|hardware_y_software,9496,hardware_y_software,2026-07-01T21:00:58.996Z
9496|infinity,9496,infinity,2026-07-01T21:00:58.996Z
9496|integrity,9496,integrity,2026-07-01T21:00:58.996Z
9496|iview,9496,iview,2026-07-01T21:00:58.996Z
9496|linac,9496,linac,2026-07-01T21:00:58.996Z
9496|media,9496,media,2026-07-01T21:00:58.996Z
9496|monaco,9496,monaco,2026-07-01T21:00:58.996Z
9496|mosaiq,9496,mosaiq,2026-07-01T21:00:58.996Z
9496|no,9496,no,2026-07-01T21:00:58.996Z
9496|problema,9496,problema,2026-07-01T21:00:58.996Z
9496|storage,9496,storage,2026-07-01T21:00:58.996Z
9496|suncheck_machine,9496,suncheck_machine,2026-07-01T21:00:58.996Z
9496|sunnuclear,9496,sunnuclear,2026-07-01T21:00:58.996Z
9496|xvi,9496,xvi,2026-07-01T21:00:58.996Z
9878|citrix,9878,citrix,2026-07-01T21:00:58.996Z
9878|elekta,9878,elekta,2026-07-01T21:00:58.996Z
9878|físico,9878,físico,2026-07-01T21:00:58.996Z
9878|hardware_y_software,9878,hardware_y_software,2026-07-01T21:00:58.996Z
9878|infinity,9878,infinity,2026-07-01T21:00:58.996Z
9878|integrity,9878,integrity,2026-07-01T21:00:58.996Z
9878|iview,9878,iview,2026-07-01T21:00:58.996Z
9878|linac,9878,linac,2026-07-01T21:00:58.996Z
9878|media,9878,media,2026-07-01T21:00:58.996Z
9878|monaco,9878,monaco,2026-07-01T21:00:58.996Z
9878|mosaiq,9878,mosaiq,2026-07-01T21:00:58.996Z
9878|problema,9878,problema,2026-07-01T21:00:58.996Z
9878|si,9878,si,2026-07-01T21:00:58.996Z
9878|storage,9878,storage,2026-07-01T21:00:58.996Z
9878|suncheck_machine,9878,suncheck_machine,2026-07-01T21:00:58.996Z
9878|sunnuclear,9878,sunnuclear,2026-07-01T21:00:58.996Z
9878|xvi,9878,xvi,2026-07-01T21:00:58.996Z
9817|elekta,9817,elekta,2026-07-01T21:00:58.996Z
9817|hardware_y_software,9817,hardware_y_software,2026-07-01T21:00:58.996Z
9817|hexapod,9817,hexapod,2026-07-01T21:00:58.996Z
9817|iview,9817,iview,2026-07-01T21:00:58.996Z
9817|linac,9817,linac,2026-07-01T21:00:58.996Z
9817|monaco,9817,monaco,2026-07-01T21:00:58.996Z
9817|mosaiq,9817,mosaiq,2026-07-01T21:00:58.996Z
9817|no,9817,no,2026-07-01T21:00:58.996Z
9817|platform,9817,platform,2026-07-01T21:00:58.996Z
9817|requerimiento,9817,requerimiento,2026-07-01T21:00:58.996Z
9817|suncheck,9817,suncheck,2026-07-01T21:00:58.996Z
9817|suncheck_machine,9817,suncheck_machine,2026-07-01T21:00:58.996Z
9817|sunnuclear,9817,sunnuclear,2026-07-01T21:00:58.996Z
9817|tens,9817,tens,2026-07-01T21:00:58.996Z
9817|versahd,9817,versahd,2026-07-01T21:00:58.996Z
9817|xvi,9817,xvi,2026-07-01T21:00:58.996Z
9868|axesse,9868,axesse,2026-07-01T21:00:58.996Z
9868|barcoding,9868,barcoding,2026-07-01T21:00:58.996Z
9868|braquiterapia,9868,braquiterapia,2026-07-01T21:00:58.996Z
9868|dosisoft,9868,dosisoft,2026-07-01T21:00:58.996Z
9868|elekta,9868,elekta,2026-07-01T21:00:58.996Z
9868|físico,9868,físico,2026-07-01T21:00:58.996Z
9868|hardware_y_software,9868,hardware_y_software,2026-07-01T21:00:58.996Z
9868|infinity,9868,infinity,2026-07-01T21:00:58.996Z
9868|iview,9868,iview,2026-07-01T21:00:58.996Z
9868|linac,9868,linac,2026-07-01T21:00:58.996Z
9868|monaco,9868,monaco,2026-07-01T21:00:58.996Z
9868|monacosim,9868,monacosim,2026-07-01T21:00:58.996Z
9868|mosaiq,9868,mosaiq,2026-07-01T21:00:58.996Z
9868|no,9868,no,2026-07-01T21:00:58.996Z
9868|problema,9868,problema,2026-07-01T21:00:58.996Z
9868|storage,9868,storage,2026-07-01T21:00:58.996Z
9868|versahd,9868,versahd,2026-07-01T21:00:58.996Z
9868|xvi,9868,xvi,2026-07-01T21:00:58.996Z
9905|acelerador_lineal,9905,acelerador_lineal,2026-07-01T21:00:58.996Z
9905|elekta,9905,elekta,2026-07-01T21:00:58.996Z
9905|físico,9905,físico,2026-07-01T21:00:58.996Z
9905|hexapod,9905,hexapod,2026-07-01T21:00:58.996Z
9905|linac,9905,linac,2026-07-01T21:00:58.996Z
9905|problema,9905,problema,2026-07-01T21:00:58.996Z
9905|si,9905,si,2026-07-01T21:00:58.996Z
9905|versahd,9905,versahd,2026-07-01T21:00:58.996Z
9890|axesse,9890,axesse,2026-07-01T21:00:58.996Z
9890|barcoding,9890,barcoding,2026-07-01T21:00:58.996Z
9890|braquiterapia,9890,braquiterapia,2026-07-01T21:00:58.996Z
9890|dosisoft,9890,dosisoft,2026-07-01T21:00:58.996Z
9890|elekta,9890,elekta,2026-07-01T21:00:58.996Z
9890|físico,9890,físico,2026-07-01T21:00:58.996Z
9890|hardware_y_software,9890,hardware_y_software,2026-07-01T21:00:58.996Z
9890|infinity,9890,infinity,2026-07-01T21:00:58.996Z
9890|iview,9890,iview,2026-07-01T21:00:58.996Z
9890|linac,9890,linac,2026-07-01T21:00:58.996Z
9890|monaco,9890,monaco,2026-07-01T21:00:58.996Z
9890|monacosim,9890,monacosim,2026-07-01T21:00:58.996Z
9890|mosaiq,9890,mosaiq,2026-07-01T21:00:58.996Z
9890|no,9890,no,2026-07-01T21:00:58.996Z
9890|problema,9890,problema,2026-07-01T21:00:58.996Z
9890|storage,9890,storage,2026-07-01T21:00:58.996Z
9890|versahd,9890,versahd,2026-07-01T21:00:58.996Z
9890|xvi,9890,xvi,2026-07-01T21:00:58.996Z
9915|agility,9915,agility,2026-07-01T21:00:58.996Z
9915|elekta,9915,elekta,2026-07-01T21:00:58.996Z
9915|hardware_y_software,9915,hardware_y_software,2026-07-01T21:00:58.996Z
9915|monaco,9915,monaco,2026-07-01T21:00:58.996Z
9915|mosaiq,9915,mosaiq,2026-07-01T21:00:58.996Z
9915|problema,9915,problema,2026-07-01T21:00:58.996Z
9915|si,9915,si,2026-07-01T21:00:58.996Z
9915|sinergy,9915,sinergy,2026-07-01T21:00:58.996Z
9915|suncheck,9915,suncheck,2026-07-01T21:00:58.996Z
9915|suncheck_machine,9915,suncheck_machine,2026-07-01T21:00:58.996Z
9915|sunnuclear,9915,sunnuclear,2026-07-01T21:00:58.996Z
9915|supervisor_de_equipo_médicos,9915,supervisor_de_equipo_médicos,2026-07-01T21:00:58.996Z
9915|versahd,9915,versahd,2026-07-01T21:00:58.996Z
9627|cabezal_agility,9627,cabezal_agility,2026-07-01T21:00:58.996Z
9627|elekta,9627,elekta,2026-07-01T21:00:58.996Z
9627|físico,9627,físico,2026-07-01T21:00:58.996Z
9627|hardware_y_software,9627,hardware_y_software,2026-07-01T21:00:58.996Z
9627|hexapod,9627,hexapod,2026-07-01T21:00:58.996Z
9627|iba,9627,iba,2026-07-01T21:00:58.996Z
9627|iguide,9627,iguide,2026-07-01T21:00:58.996Z
9627|iview,9627,iview,2026-07-01T21:00:58.996Z
9627|monaco,9627,monaco,2026-07-01T21:00:58.996Z
9627|monacosim,9627,monacosim,2026-07-01T21:00:58.996Z
9627|mosaiq,9627,mosaiq,2026-07-01T21:00:58.996Z
9627|no,9627,no,2026-07-01T21:00:58.996Z
9627|problema,9627,problema,2026-07-01T21:00:58.996Z
9627|rtp99,9627,rtp99,2026-07-01T21:00:58.996Z
9627|tcs,9627,tcs,2026-07-01T21:00:58.996Z
9627|versahd,9627,versahd,2026-07-01T21:00:58.996Z
9627|xvi,9627,xvi,2026-07-01T21:00:58.996Z
9921|citrix,9921,citrix,2026-07-01T21:00:58.996Z
9921|elekta,9921,elekta,2026-07-01T21:00:58.996Z
9921|hardware_y_software,9921,hardware_y_software,2026-07-01T21:00:58.996Z
9921|hexapod,9921,hexapod,2026-07-01T21:00:58.996Z
9921|iview,9921,iview,2026-07-01T21:00:58.996Z
9921|linac,9921,linac,2026-07-01T21:00:58.996Z
9921|monaco,9921,monaco,2026-07-01T21:00:58.996Z
9921|mosaiq,9921,mosaiq,2026-07-01T21:00:58.996Z
9921|no,9921,no,2026-07-01T21:00:58.996Z
9921|platform,9921,platform,2026-07-01T21:00:58.996Z
9921|requerimiento,9921,requerimiento,2026-07-01T21:00:58.996Z
9921|suncheck,9921,suncheck,2026-07-01T21:00:58.996Z
9921|suncheck_machine,9921,suncheck_machine,2026-07-01T21:00:58.996Z
9921|sunnuclear,9921,sunnuclear,2026-07-01T21:00:58.996Z
9921|tens,9921,tens,2026-07-01T21:00:58.996Z
9921|versahd,9921,versahd,2026-07-01T21:00:58.996Z
9921|xvi,9921,xvi,2026-07-01T21:00:58.996Z
9941|closed_by_merge,9941,closed_by_merge,2026-07-01T21:00:58.996Z
9941|elekta,9941,elekta,2026-07-01T21:00:58.996Z
9941|físico,9941,físico,2026-07-01T21:00:58.996Z
9941|infinity,9941,infinity,2026-07-01T21:00:58.996Z
9941|linac,9941,linac,2026-07-01T21:00:58.996Z
9941|problema,9941,problema,2026-07-01T21:00:58.996Z
9941|si,9941,si,2026-07-01T21:00:58.996Z
9941|sistema_de_imagen_cbct_xvi,9941,sistema_de_imagen_cbct_xvi,2026-07-01T21:00:58.996Z
9941|xvi,9941,xvi,2026-07-01T21:00:58.996Z
9950|abc,9950,abc,2026-07-01T21:00:58.996Z
9950|closed_by_merge,9950,closed_by_merge,2026-07-01T21:00:58.996Z
9950|elekta,9950,elekta,2026-07-01T21:00:58.996Z
9950|físico,9950,físico,2026-07-01T21:00:58.996Z
9950|hardware_y_software,9950,hardware_y_software,2026-07-01T21:00:58.996Z
9950|hexapod,9950,hexapod,2026-07-01T21:00:58.996Z
9950|media,9950,media,2026-07-01T21:00:58.996Z
9950|monaco,9950,monaco,2026-07-01T21:00:58.996Z
9950|mosaiq,9950,mosaiq,2026-07-01T21:00:58.996Z
9950|on_hold_1h,9950,on_hold_1h,2026-07-01T21:00:58.996Z
9950|problema,9950,problema,2026-07-01T21:00:58.996Z
9950|si,9950,si,2026-07-01T21:00:58.996Z
9950|versahd,9950,versahd,2026-07-01T21:00:58.996Z
9936|elekta,9936,elekta,2026-07-01T21:00:58.996Z
9936|físico,9936,físico,2026-07-01T21:00:58.996Z
9936|hardware_y_software,9936,hardware_y_software,2026-07-01T21:00:58.996Z
9936|hexapod,9936,hexapod,2026-07-01T21:00:58.996Z
9936|iview,9936,iview,2026-07-01T21:00:58.996Z
9936|linac,9936,linac,2026-07-01T21:00:58.996Z
9936|monaco,9936,monaco,2026-07-01T21:00:58.996Z
9936|mosaiq,9936,mosaiq,2026-07-01T21:00:58.996Z
9936|no,9936,no,2026-07-01T21:00:58.996Z
9936|on_hold_1h,9936,on_hold_1h,2026-07-01T21:00:58.996Z
9936|platform,9936,platform,2026-07-01T21:00:58.996Z
9936|problema,9936,problema,2026-07-01T21:00:58.996Z
9936|suncheck_machine,9936,suncheck_machine,2026-07-01T21:00:58.996Z
9936|sundose,9936,sundose,2026-07-01T21:00:58.996Z
9936|sunnuclear,9936,sunnuclear,2026-07-01T21:00:58.996Z
9936|versahd,9936,versahd,2026-07-01T21:00:58.996Z
9936|xvi,9936,xvi,2026-07-01T21:00:58.996Z
9783|citrix,9783,citrix,2026-07-01T21:00:58.996Z
9783|elekta,9783,elekta,2026-07-01T21:00:58.996Z
9783|físico,9783,físico,2026-07-01T21:00:58.996Z
9783|hardware_y_software,9783,hardware_y_software,2026-07-01T21:00:58.996Z
9783|infinity,9783,infinity,2026-07-01T21:00:58.996Z
9783|iview,9783,iview,2026-07-01T21:00:58.996Z
9783|linac,9783,linac,2026-07-01T21:00:58.996Z
9783|media,9783,media,2026-07-01T21:00:58.996Z
9783|monaco,9783,monaco,2026-07-01T21:00:58.996Z
9783|mosaiq,9783,mosaiq,2026-07-01T21:00:58.996Z
9783|no,9783,no,2026-07-01T21:00:58.996Z
9783|on_hold_1h,9783,on_hold_1h,2026-07-01T21:00:58.996Z
9783|problema,9783,problema,2026-07-01T21:00:58.996Z
9783|storage,9783,storage,2026-07-01T21:00:58.996Z
9783|suncheck,9783,suncheck,2026-07-01T21:00:58.996Z
9783|suncheck_machine,9783,suncheck_machine,2026-07-01T21:00:58.996Z
9783|sunnuclear,9783,sunnuclear,2026-07-01T21:00:58.996Z
9783|xvi,9783,xvi,2026-07-01T21:00:58.996Z
9948|acelerador_lineal,9948,acelerador_lineal,2026-07-01T21:00:58.996Z
9948|elekta,9948,elekta,2026-07-01T21:00:58.996Z
9948|físico,9948,físico,2026-07-01T21:00:58.996Z
9948|hardware_y_software,9948,hardware_y_software,2026-07-01T21:00:58.996Z
9948|hexapod,9948,hexapod,2026-07-01T21:00:58.996Z
9948|iview,9948,iview,2026-07-01T21:00:58.996Z
9948|linac,9948,linac,2026-07-01T21:00:58.996Z
9948|monaco,9948,monaco,2026-07-01T21:00:58.996Z
9948|mosaiq,9948,mosaiq,2026-07-01T21:00:58.996Z
9948|no,9948,no,2026-07-01T21:00:58.996Z
9948|platform,9948,platform,2026-07-01T21:00:58.996Z
9948|problema,9948,problema,2026-07-01T21:00:58.996Z
9948|suncheck_machine,9948,suncheck_machine,2026-07-01T21:00:58.996Z
9948|sunnuclear,9948,sunnuclear,2026-07-01T21:00:58.996Z
9948|versahd,9948,versahd,2026-07-01T21:00:58.996Z
9948|xvi,9948,xvi,2026-07-01T21:00:58.996Z
9724|acelerador_lineal,9724,acelerador_lineal,2026-07-01T21:00:58.996Z
9724|elekta,9724,elekta,2026-07-01T21:00:58.996Z
9724|físico,9724,físico,2026-07-01T21:00:58.996Z
9724|infinity,9724,infinity,2026-07-01T21:00:58.996Z
9724|linac,9724,linac,2026-07-01T21:00:58.996Z
9724|no,9724,no,2026-07-01T21:00:58.996Z
9724|problema,9724,problema,2026-07-01T21:00:58.996Z
9946|acelerador_lineal,9946,acelerador_lineal,2026-07-01T21:00:58.996Z
9946|axesse,9946,axesse,2026-07-01T21:00:58.996Z
9946|braquiterapia,9946,braquiterapia,2026-07-01T21:00:58.996Z
9946|elekta,9946,elekta,2026-07-01T21:00:58.996Z
9946|físico,9946,físico,2026-07-01T21:00:58.996Z
9946|hardware_y_software,9946,hardware_y_software,2026-07-01T21:00:58.996Z
9946|infinity,9946,infinity,2026-07-01T21:00:58.996Z
9946|monaco,9946,monaco,2026-07-01T21:00:58.996Z
9946|mosaiq,9946,mosaiq,2026-07-01T21:00:58.996Z
9946|no,9946,no,2026-07-01T21:00:58.996Z
9946|requerimiento,9946,requerimiento,2026-07-01T21:00:58.996Z
9961|elekta,9961,elekta,2026-07-01T21:00:58.996Z
9961|hardware_y_software,9961,hardware_y_software,2026-07-01T21:00:58.996Z
9961|hexapod,9961,hexapod,2026-07-01T21:00:58.996Z
9961|iview,9961,iview,2026-07-01T21:00:58.996Z
9961|linac,9961,linac,2026-07-01T21:00:58.996Z
9961|monaco,9961,monaco,2026-07-01T21:00:58.996Z
9961|monaco_tps,9961,monaco_tps,2026-07-01T21:00:58.996Z
9961|mosaiq,9961,mosaiq,2026-07-01T21:00:58.996Z
9961|no,9961,no,2026-07-01T21:00:58.996Z
9961|platform,9961,platform,2026-07-01T21:00:58.996Z
9961|requerimiento,9961,requerimiento,2026-07-01T21:00:58.996Z
9961|suncheck_machine,9961,suncheck_machine,2026-07-01T21:00:58.996Z
9961|sunnuclear,9961,sunnuclear,2026-07-01T21:00:58.996Z
9961|tens,9961,tens,2026-07-01T21:00:58.996Z
9961|versahd,9961,versahd,2026-07-01T21:00:58.996Z
9961|xvi,9961,xvi,2026-07-01T21:00:58.996Z
9672|citrix,9672,citrix,2026-07-01T21:00:58.996Z
9672|elekta,9672,elekta,2026-07-01T21:00:58.996Z
9672|físico,9672,físico,2026-07-01T21:00:58.996Z
9672|hardware_y_software,9672,hardware_y_software,2026-07-01T21:00:58.996Z
9672|infinity,9672,infinity,2026-07-01T21:00:58.996Z
9672|integrity,9672,integrity,2026-07-01T21:00:58.996Z
9672|iview,9672,iview,2026-07-01T21:00:58.996Z
9672|linac,9672,linac,2026-07-01T21:00:58.996Z
9672|media,9672,media,2026-07-01T21:00:58.996Z
9672|monaco,9672,monaco,2026-07-01T21:00:58.996Z
9672|mosaiq,9672,mosaiq,2026-07-01T21:00:58.996Z
9672|no,9672,no,2026-07-01T21:00:58.996Z
9672|problema,9672,problema,2026-07-01T21:00:58.996Z
9672|storage,9672,storage,2026-07-01T21:00:58.996Z
9672|suncheck_machine,9672,suncheck_machine,2026-07-01T21:00:58.996Z
9672|sunnuclear,9672,sunnuclear,2026-07-01T21:00:58.996Z
9672|xvi,9672,xvi,2026-07-01T21:00:58.996Z
9433|acelerador_lineal,9433,acelerador_lineal,2026-07-01T21:00:58.996Z
9433|braquiterapia,9433,braquiterapia,2026-07-01T21:00:58.996Z
9433|compact,9433,compact,2026-07-01T21:00:58.996Z
9433|elekta,9433,elekta,2026-07-01T21:00:58.996Z
9433|hardware_y_software,9433,hardware_y_software,2026-07-01T21:00:58.996Z
9433|monaco,9433,monaco,2026-07-01T21:00:58.996Z
9433|monacosim,9433,monacosim,2026-07-01T21:00:58.996Z
9433|mosaiq,9433,mosaiq,2026-07-01T21:00:58.996Z
9433|no,9433,no,2026-07-01T21:00:58.996Z
9433|requerimiento,9433,requerimiento,2026-07-01T21:00:58.996Z
9433|tcs,9433,tcs,2026-07-01T21:00:58.996Z
9433|xio,9433,xio,2026-07-01T21:00:58.996Z
9952|citrix,9952,citrix,2026-07-01T21:00:58.996Z
9952|elekta,9952,elekta,2026-07-01T21:00:58.996Z
9952|hardware_y_software,9952,hardware_y_software,2026-07-01T21:00:58.996Z
9952|infinity,9952,infinity,2026-07-01T21:00:58.996Z
9952|integrity,9952,integrity,2026-07-01T21:00:58.996Z
9952|iview,9952,iview,2026-07-01T21:00:58.996Z
9952|linac,9952,linac,2026-07-01T21:00:58.996Z
9952|media,9952,media,2026-07-01T21:00:58.996Z
9952|monaco,9952,monaco,2026-07-01T21:00:58.996Z
9952|mosaiq,9952,mosaiq,2026-07-01T21:00:58.996Z
9952|problema,9952,problema,2026-07-01T21:00:58.996Z
9952|si,9952,si,2026-07-01T21:00:58.996Z
9952|storage,9952,storage,2026-07-01T21:00:58.996Z
9952|suncheck_machine,9952,suncheck_machine,2026-07-01T21:00:58.996Z
9952|sunnuclear,9952,sunnuclear,2026-07-01T21:00:58.996Z
9952|xvi,9952,xvi,2026-07-01T21:00:58.996Z
9974|axesse,9974,axesse,2026-07-01T21:00:58.996Z
9974|braquiterapia,9974,braquiterapia,2026-07-01T21:00:58.996Z
9974|clarity,9974,clarity,2026-07-01T21:00:58.996Z
9974|elekta,9974,elekta,2026-07-01T21:00:58.996Z
9974|físico,9974,físico,2026-07-01T21:00:58.996Z
9974|hardware_y_software,9974,hardware_y_software,2026-07-01T21:00:58.996Z
9974|infinity,9974,infinity,2026-07-01T21:00:58.996Z
9974|monaco,9974,monaco,2026-07-01T21:00:58.996Z
9974|mosaiq,9974,mosaiq,2026-07-01T21:00:58.996Z
9974|no,9974,no,2026-07-01T21:00:58.996Z
9974|problema,9974,problema,2026-07-01T21:00:58.996Z
9910|axesse,9910,axesse,2026-07-01T21:00:58.996Z
9910|braquiterapia,9910,braquiterapia,2026-07-01T21:00:58.996Z
9910|clarity,9910,clarity,2026-07-01T21:00:58.996Z
9910|elekta,9910,elekta,2026-07-01T21:00:58.996Z
9910|físico,9910,físico,2026-07-01T21:00:58.996Z
9910|hardware_y_software,9910,hardware_y_software,2026-07-01T21:00:58.996Z
9910|infinity,9910,infinity,2026-07-01T21:00:58.996Z
9910|monaco,9910,monaco,2026-07-01T21:00:58.996Z
9910|mosaiq,9910,mosaiq,2026-07-01T21:00:58.996Z
9910|no,9910,no,2026-07-01T21:00:58.996Z
9910|requerimiento,9910,requerimiento,2026-07-01T21:00:58.996Z
9970|acelerador_lineal,9970,acelerador_lineal,2026-07-01T21:00:58.996Z
9970|elekta,9970,elekta,2026-07-01T21:00:58.996Z
9970|físico,9970,físico,2026-07-01T21:00:58.996Z
9970|hardware_y_software,9970,hardware_y_software,2026-07-01T21:00:58.996Z
9970|hexapod,9970,hexapod,2026-07-01T21:00:58.996Z
9970|iview,9970,iview,2026-07-01T21:00:58.996Z
9970|linac,9970,linac,2026-07-01T21:00:58.996Z
9970|monaco,9970,monaco,2026-07-01T21:00:58.996Z
9970|mosaiq,9970,mosaiq,2026-07-01T21:00:58.996Z
9970|no,9970,no,2026-07-01T21:00:58.996Z
9970|platform,9970,platform,2026-07-01T21:00:58.996Z
9970|requerimiento,9970,requerimiento,2026-07-01T21:00:58.996Z
9970|suncheck_machine,9970,suncheck_machine,2026-07-01T21:00:58.996Z
9970|sunnuclear,9970,sunnuclear,2026-07-01T21:00:58.996Z
9970|versahd,9970,versahd,2026-07-01T21:00:58.996Z
9970|xvi,9970,xvi,2026-07-01T21:00:58.996Z
9980|acelerador_lineal,9980,acelerador_lineal,2026-07-01T21:00:58.996Z
9980|elekta,9980,elekta,2026-07-01T21:00:58.996Z
9980|físico,9980,físico,2026-07-01T21:00:58.996Z
9980|hardware_y_software,9980,hardware_y_software,2026-07-01T21:00:58.996Z
9980|hexapod,9980,hexapod,2026-07-01T21:00:58.996Z
9980|iba,9980,iba,2026-07-01T21:00:58.996Z
9980|iguide,9980,iguide,2026-07-01T21:00:58.996Z
9980|iview,9980,iview,2026-07-01T21:00:58.996Z
9980|monaco,9980,monaco,2026-07-01T21:00:58.996Z
9980|monacosim,9980,monacosim,2026-07-01T21:00:58.996Z
9980|mosaiq,9980,mosaiq,2026-07-01T21:00:58.996Z
9980|on_hold_1h,9980,on_hold_1h,2026-07-01T21:00:58.996Z
9980|requerimiento,9980,requerimiento,2026-07-01T21:00:58.996Z
9980|rtp99,9980,rtp99,2026-07-01T21:00:58.996Z
9980|si,9980,si,2026-07-01T21:00:58.996Z
9980|tcs,9980,tcs,2026-07-01T21:00:58.996Z
9980|versahd,9980,versahd,2026-07-01T21:00:58.996Z
9980|xvi,9980,xvi,2026-07-01T21:00:58.996Z
9953|acelerador_lineal,9953,acelerador_lineal,2026-07-01T21:00:58.996Z
9953|elekta,9953,elekta,2026-07-01T21:00:58.996Z
9953|físico,9953,físico,2026-07-01T21:00:58.996Z
9953|hardware_y_software,9953,hardware_y_software,2026-07-01T21:00:58.996Z
9953|hexapod,9953,hexapod,2026-07-01T21:00:58.996Z
9953|iba,9953,iba,2026-07-01T21:00:58.996Z
9953|iguide,9953,iguide,2026-07-01T21:00:58.996Z
9953|iview,9953,iview,2026-07-01T21:00:58.996Z
9953|monaco,9953,monaco,2026-07-01T21:00:58.996Z
9953|monacosim,9953,monacosim,2026-07-01T21:00:58.996Z
9953|mosaiq,9953,mosaiq,2026-07-01T21:00:58.996Z
9953|no,9953,no,2026-07-01T21:00:58.996Z
9953|requerimiento,9953,requerimiento,2026-07-01T21:00:58.996Z
9953|rtp99,9953,rtp99,2026-07-01T21:00:58.996Z
9953|tcs,9953,tcs,2026-07-01T21:00:58.996Z
9953|versahd,9953,versahd,2026-07-01T21:00:58.996Z
9953|xvi,9953,xvi,2026-07-01T21:00:58.996Z
10000|citrix,10000,citrix,2026-07-01T21:00:58.996Z
10000|closed_by_merge,10000,closed_by_merge,2026-07-01T21:00:58.996Z
10000|elekta,10000,elekta,2026-07-01T21:00:58.996Z
10000|hardware_y_software,10000,hardware_y_software,2026-07-01T21:00:58.996Z
10000|infinity,10000,infinity,2026-07-01T21:00:58.996Z
10000|integrity,10000,integrity,2026-07-01T21:00:58.996Z
10000|iview,10000,iview,2026-07-01T21:00:58.996Z
10000|linac,10000,linac,2026-07-01T21:00:58.996Z
10000|media,10000,media,2026-07-01T21:00:58.996Z
10000|monaco,10000,monaco,2026-07-01T21:00:58.996Z
10000|mosaiq,10000,mosaiq,2026-07-01T21:00:58.996Z
10000|problema,10000,problema,2026-07-01T21:00:58.996Z
10000|si,10000,si,2026-07-01T21:00:58.996Z
10000|storage,10000,storage,2026-07-01T21:00:58.996Z
10000|suncheck_machine,10000,suncheck_machine,2026-07-01T21:00:58.996Z
10000|sunnuclear,10000,sunnuclear,2026-07-01T21:00:58.996Z
10000|xvi,10000,xvi,2026-07-01T21:00:58.996Z
9979|elekta,9979,elekta,2026-07-01T21:00:58.996Z
9979|físico,9979,físico,2026-07-01T21:00:58.996Z
9979|hardware_y_software,9979,hardware_y_software,2026-07-01T21:00:58.996Z
9979|hexapod,9979,hexapod,2026-07-01T21:00:58.996Z
9979|iview,9979,iview,2026-07-01T21:00:58.996Z
9979|linac,9979,linac,2026-07-01T21:00:58.996Z
9979|monaco,9979,monaco,2026-07-01T21:00:58.996Z
9979|monaco_tps,9979,monaco_tps,2026-07-01T21:00:58.996Z
9979|mosaiq,9979,mosaiq,2026-07-01T21:00:58.996Z
9979|no,9979,no,2026-07-01T21:00:58.996Z
9979|platform,9979,platform,2026-07-01T21:00:58.996Z
9979|problema,9979,problema,2026-07-01T21:00:58.996Z
9979|suncheck_machine,9979,suncheck_machine,2026-07-01T21:00:58.996Z
9979|sunnuclear,9979,sunnuclear,2026-07-01T21:00:58.996Z
9979|versahd,9979,versahd,2026-07-01T21:00:58.996Z
9979|xvi,9979,xvi,2026-07-01T21:00:58.996Z
9740|acelerador_lineal,9740,acelerador_lineal,2026-07-01T21:00:58.996Z
9740|citrix,9740,citrix,2026-07-01T21:00:58.996Z
9740|elekta,9740,elekta,2026-07-01T21:00:58.996Z
9740|físico,9740,físico,2026-07-01T21:00:58.996Z
9740|hardware_y_software,9740,hardware_y_software,2026-07-01T21:00:58.996Z
9740|infinity,9740,infinity,2026-07-01T21:00:58.996Z
9740|iview,9740,iview,2026-07-01T21:00:58.996Z
9740|linac,9740,linac,2026-07-01T21:00:58.996Z
9740|media,9740,media,2026-07-01T21:00:58.996Z
9740|monaco,9740,monaco,2026-07-01T21:00:58.996Z
9740|mosaiq,9740,mosaiq,2026-07-01T21:00:58.996Z
9740|no,9740,no,2026-07-01T21:00:58.996Z
9740|on_hold_1h,9740,on_hold_1h,2026-07-01T21:00:58.996Z
9740|requerimiento,9740,requerimiento,2026-07-01T21:00:58.996Z
9740|storage,9740,storage,2026-07-01T21:00:58.996Z
9740|suncheck_machine,9740,suncheck_machine,2026-07-01T21:00:58.996Z
9740|sunnuclear,9740,sunnuclear,2026-07-01T21:00:58.996Z
9740|xvi,9740,xvi,2026-07-01T21:00:58.996Z
9981|elekta,9981,elekta,2026-07-01T21:00:58.996Z
9981|físico,9981,físico,2026-07-01T21:00:58.996Z
9981|hardware_y_software,9981,hardware_y_software,2026-07-01T21:00:58.996Z
9981|hexapod,9981,hexapod,2026-07-01T21:00:58.996Z
9981|incidente,9981,incidente,2026-07-01T21:00:58.996Z
9981|iview,9981,iview,2026-07-01T21:00:58.996Z
9981|linac,9981,linac,2026-07-01T21:00:58.996Z
9981|monaco,9981,monaco,2026-07-01T21:00:58.996Z
9981|mosaiq,9981,mosaiq,2026-07-01T21:00:58.996Z
9981|no,9981,no,2026-07-01T21:00:58.996Z
9981|platform,9981,platform,2026-07-01T21:00:58.996Z
9981|sistema_camilla_hexapod,9981,sistema_camilla_hexapod,2026-07-01T21:00:58.996Z
9981|suncheck_machine,9981,suncheck_machine,2026-07-01T21:00:58.996Z
9981|sunnuclear,9981,sunnuclear,2026-07-01T21:00:58.996Z
9981|versahd,9981,versahd,2026-07-01T21:00:58.996Z
9981|xvi,9981,xvi,2026-07-01T21:00:58.996Z
10007|cabezal_agility,10007,cabezal_agility,2026-07-01T21:00:58.996Z
10007|elekta,10007,elekta,2026-07-01T21:00:58.996Z
10007|físico,10007,físico,2026-07-01T21:00:58.996Z
10007|hardware_y_software,10007,hardware_y_software,2026-07-01T21:00:58.996Z
10007|hexapod,10007,hexapod,2026-07-01T21:00:58.996Z
10007|iview,10007,iview,2026-07-01T21:00:58.996Z
10007|linac,10007,linac,2026-07-01T21:00:58.996Z
10007|monaco,10007,monaco,2026-07-01T21:00:58.996Z
10007|mosaiq,10007,mosaiq,2026-07-01T21:00:58.996Z
10007|no,10007,no,2026-07-01T21:00:58.996Z
10007|platform,10007,platform,2026-07-01T21:00:58.996Z
10007|requerimiento,10007,requerimiento,2026-07-01T21:00:58.996Z
10007|suncheck_machine,10007,suncheck_machine,2026-07-01T21:00:58.996Z
10007|sunnuclear,10007,sunnuclear,2026-07-01T21:00:58.996Z
10007|versahd,10007,versahd,2026-07-01T21:00:58.996Z
10007|xvi,10007,xvi,2026-07-01T21:00:58.996Z
10010|elekta,10010,elekta,2026-07-01T21:00:58.996Z
10010|físico,10010,físico,2026-07-01T21:00:58.996Z
10010|hardware_y_software,10010,hardware_y_software,2026-07-01T21:00:58.996Z
10010|hexapod,10010,hexapod,2026-07-01T21:00:58.996Z
10010|incidente,10010,incidente,2026-07-01T21:00:58.996Z
10010|iview,10010,iview,2026-07-01T21:00:58.996Z
10010|linac,10010,linac,2026-07-01T21:00:58.996Z
10010|monaco,10010,monaco,2026-07-01T21:00:58.996Z
10010|mosaiq,10010,mosaiq,2026-07-01T21:00:58.996Z
10010|mosaiq_workstation,10010,mosaiq_workstation,2026-07-01T21:00:58.996Z
10010|no,10010,no,2026-07-01T21:00:58.996Z
10010|platform,10010,platform,2026-07-01T21:00:58.996Z
10010|suncheck_machine,10010,suncheck_machine,2026-07-01T21:00:58.996Z
10010|sunnuclear,10010,sunnuclear,2026-07-01T21:00:58.996Z
10010|versahd,10010,versahd,2026-07-01T21:00:58.996Z
10010|xvi,10010,xvi,2026-07-01T21:00:58.996Z
10002|acelerador_lineal,10002,acelerador_lineal,2026-07-01T21:00:58.996Z
10002|elekta,10002,elekta,2026-07-01T21:00:58.996Z
10002|físico,10002,físico,2026-07-01T21:00:58.996Z
10002|problema,10002,problema,2026-07-01T21:00:58.996Z
10002|si,10002,si,2026-07-01T21:00:58.996Z
10002|versahd,10002,versahd,2026-07-01T21:00:58.996Z
9709|acelerador_lineal,9709,acelerador_lineal,2026-07-01T21:00:58.996Z
9709|axesse,9709,axesse,2026-07-01T21:00:58.996Z
9709|elekta,9709,elekta,2026-07-01T21:00:58.996Z
9709|físico,9709,físico,2026-07-01T21:00:58.996Z
9709|hardware_y_software,9709,hardware_y_software,2026-07-01T21:00:58.996Z
9709|no,9709,no,2026-07-01T21:00:58.996Z
9709|problema,9709,problema,2026-07-01T21:00:58.996Z
9995|cabezal_agility,9995,cabezal_agility,2026-07-01T21:00:58.996Z
9995|elekta,9995,elekta,2026-07-01T21:00:58.996Z
9995|físico,9995,físico,2026-07-01T21:00:58.996Z
9995|hardware_y_software,9995,hardware_y_software,2026-07-01T21:00:58.996Z
9995|hexapod,9995,hexapod,2026-07-01T21:00:58.996Z
9995|iba,9995,iba,2026-07-01T21:00:58.996Z
9995|iguide,9995,iguide,2026-07-01T21:00:58.996Z
9995|iview,9995,iview,2026-07-01T21:00:58.996Z
9995|monaco,9995,monaco,2026-07-01T21:00:58.996Z
9995|monacosim,9995,monacosim,2026-07-01T21:00:58.996Z
9995|mosaiq,9995,mosaiq,2026-07-01T21:00:58.996Z
9995|no,9995,no,2026-07-01T21:00:58.996Z
9995|problema,9995,problema,2026-07-01T21:00:58.996Z
9995|rtp99,9995,rtp99,2026-07-01T21:00:58.996Z
9995|tcs,9995,tcs,2026-07-01T21:00:58.996Z
9995|versahd,9995,versahd,2026-07-01T21:00:58.996Z
9995|xvi,9995,xvi,2026-07-01T21:00:58.996Z
10009|elekta,10009,elekta,2026-07-01T21:00:58.996Z
10009|físico,10009,físico,2026-07-01T21:00:58.996Z
10009|hardware_y_software,10009,hardware_y_software,2026-07-01T21:00:58.996Z
10009|hexapod,10009,hexapod,2026-07-01T21:00:58.996Z
10009|iview,10009,iview,2026-07-01T21:00:58.996Z
10009|linac,10009,linac,2026-07-01T21:00:58.996Z
10009|monaco,10009,monaco,2026-07-01T21:00:58.996Z
10009|mosaiq,10009,mosaiq,2026-07-01T21:00:58.996Z
10009|no,10009,no,2026-07-01T21:00:58.996Z
10009|platform,10009,platform,2026-07-01T21:00:58.996Z
10009|problema,10009,problema,2026-07-01T21:00:58.996Z
10009|sistema_camilla_precise,10009,sistema_camilla_precise,2026-07-01T21:00:58.996Z
10009|suncheck_machine,10009,suncheck_machine,2026-07-01T21:00:58.996Z
10009|sunnuclear,10009,sunnuclear,2026-07-01T21:00:58.996Z
10009|versahd,10009,versahd,2026-07-01T21:00:58.996Z
10009|xvi,10009,xvi,2026-07-01T21:00:58.996Z
10008|elekta,10008,elekta,2026-07-01T21:00:58.996Z
10008|físico,10008,físico,2026-07-01T21:00:58.996Z
10008|hardware_y_software,10008,hardware_y_software,2026-07-01T21:00:58.996Z
10008|hexapod,10008,hexapod,2026-07-01T21:00:58.996Z
10008|iview,10008,iview,2026-07-01T21:00:58.996Z
10008|linac,10008,linac,2026-07-01T21:00:58.996Z
10008|monaco,10008,monaco,2026-07-01T21:00:58.996Z
10008|mosaiq,10008,mosaiq,2026-07-01T21:00:58.996Z
10008|no,10008,no,2026-07-01T21:00:58.996Z
10008|on_hold_1h,10008,on_hold_1h,2026-07-01T21:00:58.996Z
10008|platform,10008,platform,2026-07-01T21:00:58.996Z
10008|requerimiento,10008,requerimiento,2026-07-01T21:00:58.996Z
10008|sistema_de_imagen_cbct_xvi,10008,sistema_de_imagen_cbct_xvi,2026-07-01T21:00:58.996Z
10008|suncheck_machine,10008,suncheck_machine,2026-07-01T21:00:58.996Z
10008|sunnuclear,10008,sunnuclear,2026-07-01T21:00:58.996Z
10008|versahd,10008,versahd,2026-07-01T21:00:58.996Z
10008|xvi,10008,xvi,2026-07-01T21:00:58.996Z
10026|brachy,10026,brachy,2026-07-01T21:00:58.996Z
10026|elekta,10026,elekta,2026-07-01T21:00:58.996Z
10026|flexitron,10026,flexitron,2026-07-01T21:00:58.996Z
10026|hardware_y_software,10026,hardware_y_software,2026-07-01T21:00:58.996Z
10026|media,10026,media,2026-07-01T21:00:58.996Z
10026|monaco,10026,monaco,2026-07-01T21:00:58.996Z
10026|mosaiq,10026,mosaiq,2026-07-01T21:00:58.996Z
10026|no,10026,no,2026-07-01T21:00:58.996Z
10026|problema,10026,problema,2026-07-01T21:00:58.996Z
10026|sinergy,10026,sinergy,2026-07-01T21:00:58.996Z
10026|supervisor_de_radioterapía,10026,supervisor_de_radioterapía,2026-07-01T21:00:58.996Z
10026|synergy,10026,synergy,2026-07-01T21:00:58.996Z
10028|citrix,10028,citrix,2026-07-01T21:00:58.996Z
10028|elekta,10028,elekta,2026-07-01T21:00:58.996Z
10028|hardware_y_software,10028,hardware_y_software,2026-07-01T21:00:58.996Z
10028|hexapod,10028,hexapod,2026-07-01T21:00:58.996Z
10028|iview,10028,iview,2026-07-01T21:00:58.996Z
10028|linac,10028,linac,2026-07-01T21:00:58.996Z
10028|monaco,10028,monaco,2026-07-01T21:00:58.996Z
10028|monaco_sim,10028,monaco_sim,2026-07-01T21:00:58.996Z
10028|mosaiq,10028,mosaiq,2026-07-01T21:00:58.996Z
10028|no,10028,no,2026-07-01T21:00:58.996Z
10028|platform,10028,platform,2026-07-01T21:00:58.996Z
10028|requerimiento,10028,requerimiento,2026-07-01T21:00:58.996Z
10028|suncheck_machine,10028,suncheck_machine,2026-07-01T21:00:58.996Z
10028|sunnuclear,10028,sunnuclear,2026-07-01T21:00:58.996Z
10028|tens,10028,tens,2026-07-01T21:00:58.996Z
10028|versahd,10028,versahd,2026-07-01T21:00:58.996Z
10028|xvi,10028,xvi,2026-07-01T21:00:58.996Z
9217|elekta,9217,elekta,2026-07-01T21:00:58.996Z
9217|físico,9217,físico,2026-07-01T21:00:58.996Z
9217|hardware_y_software,9217,hardware_y_software,2026-07-01T21:00:58.996Z
9217|hexapod,9217,hexapod,2026-07-01T21:00:58.996Z
9217|iview,9217,iview,2026-07-01T21:00:58.996Z
9217|linac,9217,linac,2026-07-01T21:00:58.996Z
9217|monaco,9217,monaco,2026-07-01T21:00:58.996Z
9217|monaco_tps,9217,monaco_tps,2026-07-01T21:00:58.996Z
9217|mosaiq,9217,mosaiq,2026-07-01T21:00:58.996Z
9217|médico,9217,médico,2026-07-01T21:00:58.996Z
9217|no,9217,no,2026-07-01T21:00:58.996Z
9217|platform,9217,platform,2026-07-01T21:00:58.996Z
9217|problema,9217,problema,2026-07-01T21:00:58.996Z
9217|suncheck_machine,9217,suncheck_machine,2026-07-01T21:00:58.996Z
9217|sunnuclear,9217,sunnuclear,2026-07-01T21:00:58.996Z
9217|versahd,9217,versahd,2026-07-01T21:00:58.996Z
9217|xvi,9217,xvi,2026-07-01T21:00:58.996Z
9996|elekta,9996,elekta,2026-07-01T21:00:58.996Z
9996|hardware_y_software,9996,hardware_y_software,2026-07-01T21:00:58.996Z
9996|hexapod,9996,hexapod,2026-07-01T21:00:58.996Z
9996|iview,9996,iview,2026-07-01T21:00:58.996Z
9996|linac,9996,linac,2026-07-01T21:00:58.996Z
9996|monaco,9996,monaco,2026-07-01T21:00:58.996Z
9996|mosaiq,9996,mosaiq,2026-07-01T21:00:58.996Z
9996|no,9996,no,2026-07-01T21:00:58.996Z
9996|on_hold_1h,9996,on_hold_1h,2026-07-01T21:00:58.996Z
9996|platform,9996,platform,2026-07-01T21:00:58.996Z
9996|requerimiento,9996,requerimiento,2026-07-01T21:00:58.996Z
9996|sistema_de_imagen_cbct_xvi,9996,sistema_de_imagen_cbct_xvi,2026-07-01T21:00:58.996Z
9996|suncheck_machine,9996,suncheck_machine,2026-07-01T21:00:58.996Z
9996|sunnuclear,9996,sunnuclear,2026-07-01T21:00:58.996Z
9996|tens,9996,tens,2026-07-01T21:00:58.996Z
9996|versahd,9996,versahd,2026-07-01T21:00:58.996Z
9996|xvi,9996,xvi,2026-07-01T21:00:58.996Z
10033|elekta,10033,elekta,2026-07-01T21:00:58.996Z
10033|físico,10033,físico,2026-07-01T21:00:58.996Z
10033|hardware_y_software,10033,hardware_y_software,2026-07-01T21:00:58.996Z
10033|hexapod,10033,hexapod,2026-07-01T21:00:58.996Z
10033|iview,10033,iview,2026-07-01T21:00:58.996Z
10033|linac,10033,linac,2026-07-01T21:00:58.996Z
10033|monaco,10033,monaco,2026-07-01T21:00:58.996Z
10033|mosaiq,10033,mosaiq,2026-07-01T21:00:58.996Z
10033|no,10033,no,2026-07-01T21:00:58.996Z
10033|platform,10033,platform,2026-07-01T21:00:58.996Z
10033|requerimiento,10033,requerimiento,2026-07-01T21:00:58.996Z
10033|sistema_camilla_precise,10033,sistema_camilla_precise,2026-07-01T21:00:58.996Z
10033|suncheck_machine,10033,suncheck_machine,2026-07-01T21:00:58.996Z
10033|sunnuclear,10033,sunnuclear,2026-07-01T21:00:58.996Z
10033|versahd,10033,versahd,2026-07-01T21:00:58.996Z
10033|xvi,10033,xvi,2026-07-01T21:00:58.996Z
9918|elekta,9918,elekta,2026-07-01T21:00:58.996Z
9918|físico,9918,físico,2026-07-01T21:00:58.996Z
9918|hardware_y_software,9918,hardware_y_software,2026-07-01T21:00:58.996Z
9918|hexapod,9918,hexapod,2026-07-01T21:00:58.996Z
9918|media,9918,media,2026-07-01T21:00:58.996Z
9918|monaco,9918,monaco,2026-07-01T21:00:58.996Z
9918|mosaiq,9918,mosaiq,2026-07-01T21:00:58.996Z
9918|no,9918,no,2026-07-01T21:00:58.996Z
9918|on_hold_1h,9918,on_hold_1h,2026-07-01T21:00:58.996Z
9918|problema,9918,problema,2026-07-01T21:00:58.996Z
9918|sistema_de_imagen_cbct_xvi,9918,sistema_de_imagen_cbct_xvi,2026-07-01T21:00:58.996Z
9918|versahd,9918,versahd,2026-07-01T21:00:58.996Z
10071|agility,10071,agility,2026-07-01T21:00:58.996Z
10071|elekta,10071,elekta,2026-07-01T21:00:58.996Z
10071|hardware_y_software,10071,hardware_y_software,2026-07-01T21:00:58.996Z
10071|monaco,10071,monaco,2026-07-01T21:00:58.996Z
10071|mosaiq,10071,mosaiq,2026-07-01T21:00:58.996Z
10071|no,10071,no,2026-07-01T21:00:58.996Z
10071|problema,10071,problema,2026-07-01T21:00:58.996Z
10071|sinergy,10071,sinergy,2026-07-01T21:00:58.996Z
10071|sistema_de_imagen_cbct_xvi,10071,sistema_de_imagen_cbct_xvi,2026-07-01T21:00:58.996Z
10071|suncheck_machine,10071,suncheck_machine,2026-07-01T21:00:58.996Z
10071|sunnuclear,10071,sunnuclear,2026-07-01T21:00:58.996Z
10071|versahd,10071,versahd,2026-07-01T21:00:58.996Z
10053|elekta,10053,elekta,2026-07-01T21:00:58.996Z
10053|físico,10053,físico,2026-07-01T21:00:58.996Z
10053|hardware_y_software,10053,hardware_y_software,2026-07-01T21:00:58.996Z
10053|hexapod,10053,hexapod,2026-07-01T21:00:58.996Z
10053|iview,10053,iview,2026-07-01T21:00:58.996Z
10053|linac,10053,linac,2026-07-01T21:00:58.996Z
10053|monaco,10053,monaco,2026-07-01T21:00:58.996Z
10053|mosaiq,10053,mosaiq,2026-07-01T21:00:58.996Z
10053|no,10053,no,2026-07-01T21:00:58.996Z
10053|on_hold_1h,10053,on_hold_1h,2026-07-01T21:00:58.996Z
10053|platform,10053,platform,2026-07-01T21:00:58.996Z
10053|requerimiento,10053,requerimiento,2026-07-01T21:00:58.996Z
10053|sistema_camilla_precise,10053,sistema_camilla_precise,2026-07-01T21:00:58.996Z
10053|suncheck_machine,10053,suncheck_machine,2026-07-01T21:00:58.996Z
10053|sunnuclear,10053,sunnuclear,2026-07-01T21:00:58.996Z
10053|versahd,10053,versahd,2026-07-01T21:00:58.996Z
10053|xvi,10053,xvi,2026-07-01T21:00:58.996Z
10032|elekta,10032,elekta,2026-07-01T21:00:58.996Z
10032|físico,10032,físico,2026-07-01T21:00:58.996Z
10032|hardware_y_software,10032,hardware_y_software,2026-07-01T21:00:58.996Z
10032|hexapod,10032,hexapod,2026-07-01T21:00:58.996Z
10032|iview,10032,iview,2026-07-01T21:00:58.996Z
10032|linac,10032,linac,2026-07-01T21:00:58.996Z
10032|monaco,10032,monaco,2026-07-01T21:00:58.996Z
10032|mosaiq,10032,mosaiq,2026-07-01T21:00:58.996Z
10032|platform,10032,platform,2026-07-01T21:00:58.996Z
10032|requerimiento,10032,requerimiento,2026-07-01T21:00:58.996Z
10032|sistema_de_imagen_cbct_xvi,10032,sistema_de_imagen_cbct_xvi,2026-07-01T21:00:58.996Z
10032|suncheck_machine,10032,suncheck_machine,2026-07-01T21:00:58.996Z
10032|sunnuclear,10032,sunnuclear,2026-07-01T21:00:58.996Z
10032|versahd,10032,versahd,2026-07-01T21:00:58.996Z
10032|xvi,10032,xvi,2026-07-01T21:00:58.996Z
10069|error,10069,error,2026-07-01T21:00:58.996Z
10069|mosaiq,10069,mosaiq,2026-07-01T21:00:58.996Z
10069|mosaiq_server,10069,mosaiq_server,2026-07-01T21:00:58.996Z
10069|no,10069,no,2026-07-01T21:00:58.996Z
10069|tarea,10069,tarea,2026-07-01T21:00:58.996Z
10073|acelerador_lineal,10073,acelerador_lineal,2026-07-01T21:00:58.996Z
10073|axesse,10073,axesse,2026-07-01T21:00:58.996Z
10073|elekta,10073,elekta,2026-07-01T21:00:58.996Z
10073|físico,10073,físico,2026-07-01T21:00:58.996Z
10073|hardware_y_software,10073,hardware_y_software,2026-07-01T21:00:58.996Z
10073|no,10073,no,2026-07-01T21:00:58.996Z
10073|problema,10073,problema,2026-07-01T21:00:58.996Z
10070|axesse,10070,axesse,2026-07-01T21:00:58.996Z
10070|barcoding,10070,barcoding,2026-07-01T21:00:58.996Z
10070|braquiterapia,10070,braquiterapia,2026-07-01T21:00:58.996Z
10070|dosisoft,10070,dosisoft,2026-07-01T21:00:58.996Z
10070|elekta,10070,elekta,2026-07-01T21:00:58.996Z
10070|físico,10070,físico,2026-07-01T21:00:58.996Z
10070|hardware_y_software,10070,hardware_y_software,2026-07-01T21:00:58.996Z
10070|infinity,10070,infinity,2026-07-01T21:00:58.996Z
10070|iview,10070,iview,2026-07-01T21:00:58.996Z
10070|linac,10070,linac,2026-07-01T21:00:58.996Z
10070|monaco,10070,monaco,2026-07-01T21:00:58.996Z
10070|monacosim,10070,monacosim,2026-07-01T21:00:58.996Z
10070|mosaiq,10070,mosaiq,2026-07-01T21:00:58.996Z
10070|no,10070,no,2026-07-01T21:00:58.996Z
10070|problema,10070,problema,2026-07-01T21:00:58.996Z
10070|storage,10070,storage,2026-07-01T21:00:58.996Z
10070|versahd,10070,versahd,2026-07-01T21:00:58.996Z
10070|xvi,10070,xvi,2026-07-01T21:00:58.996Z
10087|axesse,10087,axesse,2026-07-01T21:00:58.996Z
10087|braquiterapia,10087,braquiterapia,2026-07-01T21:00:58.996Z
10087|clarity,10087,clarity,2026-07-01T21:00:58.996Z
10087|elekta,10087,elekta,2026-07-01T21:00:58.996Z
10087|físico,10087,físico,2026-07-01T21:00:58.996Z
10087|hardware_y_software,10087,hardware_y_software,2026-07-01T21:00:58.996Z
10087|infinity,10087,infinity,2026-07-01T21:00:58.996Z
10087|monaco,10087,monaco,2026-07-01T21:00:58.996Z
10087|mosaiq,10087,mosaiq,2026-07-01T21:00:58.996Z
10087|no,10087,no,2026-07-01T21:00:58.996Z
10087|oncentra,10087,oncentra,2026-07-01T21:00:58.996Z
10087|problema,10087,problema,2026-07-01T21:00:58.996Z
10077|elekta,10077,elekta,2026-07-01T21:00:58.996Z
10077|físico,10077,físico,2026-07-01T21:00:58.996Z
10077|hardware_y_software,10077,hardware_y_software,2026-07-01T21:00:58.996Z
10077|hexapod,10077,hexapod,2026-07-01T21:00:58.996Z
10077|iview,10077,iview,2026-07-01T21:00:58.996Z
10077|linac,10077,linac,2026-07-01T21:00:58.996Z
10077|monaco,10077,monaco,2026-07-01T21:00:58.996Z
10077|mosaiq,10077,mosaiq,2026-07-01T21:00:58.996Z
10077|no,10077,no,2026-07-01T21:00:58.996Z
10077|platform,10077,platform,2026-07-01T21:00:58.996Z
10077|problema,10077,problema,2026-07-01T21:00:58.996Z
10077|sistema_camilla_precise,10077,sistema_camilla_precise,2026-07-01T21:00:58.996Z
10077|suncheck_machine,10077,suncheck_machine,2026-07-01T21:00:58.996Z
10077|sunnuclear,10077,sunnuclear,2026-07-01T21:00:58.996Z
10077|versahd,10077,versahd,2026-07-01T21:00:58.996Z
10077|xvi,10077,xvi,2026-07-01T21:00:58.996Z
10072|acelerador_lineal,10072,acelerador_lineal,2026-07-01T21:00:58.996Z
10072|elekta,10072,elekta,2026-07-01T21:00:58.996Z
10072|físico,10072,físico,2026-07-01T21:00:58.996Z
10072|infinity,10072,infinity,2026-07-01T21:00:58.996Z
10072|iview,10072,iview,2026-07-01T21:00:58.996Z
10072|linac,10072,linac,2026-07-01T21:00:58.996Z
10072|no,10072,no,2026-07-01T21:00:58.996Z
10072|problema,10072,problema,2026-07-01T21:00:58.996Z
10072|xvi,10072,xvi,2026-07-01T21:00:58.996Z
10060|acelerador_lineal,10060,acelerador_lineal,2026-07-01T21:00:58.996Z
10060|axesse,10060,axesse,2026-07-01T21:00:58.996Z
10060|braquiterapia,10060,braquiterapia,2026-07-01T21:00:58.996Z
10060|elekta,10060,elekta,2026-07-01T21:00:58.996Z
10060|físico,10060,físico,2026-07-01T21:00:58.996Z
10060|hardware_y_software,10060,hardware_y_software,2026-07-01T21:00:58.996Z
10060|infinity,10060,infinity,2026-07-01T21:00:58.996Z
10060|monaco,10060,monaco,2026-07-01T21:00:58.996Z
10060|mosaiq,10060,mosaiq,2026-07-01T21:00:58.996Z
10060|no,10060,no,2026-07-01T21:00:58.996Z
10060|problema,10060,problema,2026-07-01T21:00:58.996Z
10095|elekta,10095,elekta,2026-07-01T21:00:58.996Z
10095|hardware_y_software,10095,hardware_y_software,2026-07-01T21:00:58.996Z
10095|hexapod,10095,hexapod,2026-07-01T21:00:58.996Z
10095|iview,10095,iview,2026-07-01T21:00:58.996Z
10095|linac,10095,linac,2026-07-01T21:00:58.996Z
10095|monaco,10095,monaco,2026-07-01T21:00:58.996Z
10095|mosaiq,10095,mosaiq,2026-07-01T21:00:58.996Z
10095|mosaiq_workstation,10095,mosaiq_workstation,2026-07-01T21:00:58.996Z
10095|no,10095,no,2026-07-01T21:00:58.996Z
10095|platform,10095,platform,2026-07-01T21:00:58.996Z
10095|requerimiento,10095,requerimiento,2026-07-01T21:00:58.996Z
10095|suncheck_machine,10095,suncheck_machine,2026-07-01T21:00:58.996Z
10095|sunnuclear,10095,sunnuclear,2026-07-01T21:00:58.996Z
10095|tens,10095,tens,2026-07-01T21:00:58.996Z
10095|versahd,10095,versahd,2026-07-01T21:00:58.996Z
10095|xvi,10095,xvi,2026-07-01T21:00:58.996Z
10112|citrix,10112,citrix,2026-07-01T21:00:58.996Z
10112|elekta,10112,elekta,2026-07-01T21:00:58.996Z
10112|físico,10112,físico,2026-07-01T21:00:58.996Z
10112|hardware_y_software,10112,hardware_y_software,2026-07-01T21:00:58.996Z
10112|infinity,10112,infinity,2026-07-01T21:00:58.996Z
10112|integrity,10112,integrity,2026-07-01T21:00:58.996Z
10112|iview,10112,iview,2026-07-01T21:00:58.996Z
10112|linac,10112,linac,2026-07-01T21:00:58.996Z
10112|media,10112,media,2026-07-01T21:00:58.996Z
10112|monaco,10112,monaco,2026-07-01T21:00:58.996Z
10112|mosaiq,10112,mosaiq,2026-07-01T21:00:58.996Z
10112|problema,10112,problema,2026-07-01T21:00:58.996Z
10112|si,10112,si,2026-07-01T21:00:58.996Z
10112|storage,10112,storage,2026-07-01T21:00:58.996Z
10112|suncheck_machine,10112,suncheck_machine,2026-07-01T21:00:58.996Z
10112|sunnuclear,10112,sunnuclear,2026-07-01T21:00:58.996Z
10112|xvi,10112,xvi,2026-07-01T21:00:58.996Z
10088|acelerador_lineal,10088,acelerador_lineal,2026-07-01T21:00:58.996Z
10088|brachy,10088,brachy,2026-07-01T21:00:58.996Z
10088|elekta,10088,elekta,2026-07-01T21:00:58.996Z
10088|flexitron,10088,flexitron,2026-07-01T21:00:58.996Z
10088|físico,10088,físico,2026-07-01T21:00:58.996Z
10088|hardware_y_software,10088,hardware_y_software,2026-07-01T21:00:58.996Z
10088|infinity,10088,infinity,2026-07-01T21:00:58.996Z
10088|no,10088,no,2026-07-01T21:00:58.996Z
10088|requerimiento,10088,requerimiento,2026-07-01T21:00:58.996Z
10056|acelerador_lineal,10056,acelerador_lineal,2026-07-01T21:00:58.996Z
10056|brachy,10056,brachy,2026-07-01T21:00:58.996Z
10056|elekta,10056,elekta,2026-07-01T21:00:58.996Z
10056|flexitron,10056,flexitron,2026-07-01T21:00:58.996Z
10056|físico,10056,físico,2026-07-01T21:00:58.996Z
10056|hardware_y_software,10056,hardware_y_software,2026-07-01T21:00:58.996Z
10056|infinity,10056,infinity,2026-07-01T21:00:58.996Z
10056|problema,10056,problema,2026-07-01T21:00:58.996Z
10056|si,10056,si,2026-07-01T21:00:58.996Z
10124|acelerador_lineal,10124,acelerador_lineal,2026-07-01T21:00:58.996Z
10124|elekta,10124,elekta,2026-07-01T21:00:58.996Z
10124|físico,10124,físico,2026-07-01T21:00:58.996Z
10124|hardware_y_software,10124,hardware_y_software,2026-07-01T21:00:58.996Z
10124|hexapod,10124,hexapod,2026-07-01T21:00:58.996Z
10124|media,10124,media,2026-07-01T21:00:58.996Z
10124|monaco,10124,monaco,2026-07-01T21:00:58.996Z
10124|mosaiq,10124,mosaiq,2026-07-01T21:00:58.996Z
10124|no,10124,no,2026-07-01T21:00:58.996Z
10124|problema,10124,problema,2026-07-01T21:00:58.996Z
10124|versahd,10124,versahd,2026-07-01T21:00:58.996Z
10108|acelerador_lineal,10108,acelerador_lineal,2026-07-01T21:00:58.996Z
10108|consultas,10108,consultas,2026-07-01T21:00:58.996Z
10115|acelerador_lineal,10115,acelerador_lineal,2026-07-01T21:00:58.996Z
10115|citrix,10115,citrix,2026-07-01T21:00:58.996Z
10115|elekta,10115,elekta,2026-07-01T21:00:58.996Z
10115|físico,10115,físico,2026-07-01T21:00:58.996Z
10115|hardware_y_software,10115,hardware_y_software,2026-07-01T21:00:58.996Z
10115|infinity,10115,infinity,2026-07-01T21:00:58.996Z
10115|iview,10115,iview,2026-07-01T21:00:58.996Z
10115|linac,10115,linac,2026-07-01T21:00:58.996Z
10115|media,10115,media,2026-07-01T21:00:58.996Z
10115|monaco,10115,monaco,2026-07-01T21:00:58.996Z
10115|mosaiq,10115,mosaiq,2026-07-01T21:00:58.996Z
10115|no,10115,no,2026-07-01T21:00:58.996Z
10115|problema,10115,problema,2026-07-01T21:00:58.996Z
10115|storage,10115,storage,2026-07-01T21:00:58.996Z
10115|suncheck_machine,10115,suncheck_machine,2026-07-01T21:00:58.996Z
10115|sunnuclear,10115,sunnuclear,2026-07-01T21:00:58.996Z
10115|xvi,10115,xvi,2026-07-01T21:00:58.996Z
8798|angiografía__neuangio_43c,8798,angiografía__neuangio_43c,2026-07-01T21:00:58.996Z
8798|axesse,8798,axesse,2026-07-01T21:00:58.996Z
8798|barcoding,8798,barcoding,2026-07-01T21:00:58.996Z
8798|clarity,8798,clarity,2026-07-01T21:00:58.996Z
8798|elekta,8798,elekta,2026-07-01T21:00:58.996Z
8798|físico,8798,físico,2026-07-01T21:00:58.996Z
8798|hardware_y_software,8798,hardware_y_software,2026-07-01T21:00:58.996Z
8798|infinity,8798,infinity,2026-07-01T21:00:58.996Z
8798|iview,8798,iview,2026-07-01T21:00:58.996Z
8798|linac,8798,linac,2026-07-01T21:00:58.996Z
8798|monaco,8798,monaco,2026-07-01T21:00:58.996Z
8798|monacosim,8798,monacosim,2026-07-01T21:00:58.996Z
8798|mosaiq,8798,mosaiq,2026-07-01T21:00:58.996Z
8798|no,8798,no,2026-07-01T21:00:58.996Z
8798|on_hold_1h,8798,on_hold_1h,2026-07-01T21:00:58.996Z
8798|problema,8798,problema,2026-07-01T21:00:58.996Z
8798|storage,8798,storage,2026-07-01T21:00:58.996Z
8798|versahd,8798,versahd,2026-07-01T21:00:58.996Z
8798|xvi,8798,xvi,2026-07-01T21:00:58.996Z
10127|acelerador_lineal,10127,acelerador_lineal,2026-07-01T21:00:58.996Z
10127|agility,10127,agility,2026-07-01T21:00:58.996Z
10127|elekta,10127,elekta,2026-07-01T21:00:58.996Z
10127|hardware_y_software,10127,hardware_y_software,2026-07-01T21:00:58.996Z
10127|incidente,10127,incidente,2026-07-01T21:00:58.996Z
10127|monaco,10127,monaco,2026-07-01T21:00:58.996Z
10127|mosaiq,10127,mosaiq,2026-07-01T21:00:58.996Z
10127|no,10127,no,2026-07-01T21:00:58.996Z
10127|sinergy,10127,sinergy,2026-07-01T21:00:58.996Z
10127|suncheck_machine,10127,suncheck_machine,2026-07-01T21:00:58.996Z
10127|sunnuclear,10127,sunnuclear,2026-07-01T21:00:58.996Z
10127|supervisor_de_equipo_médicos,10127,supervisor_de_equipo_médicos,2026-07-01T21:00:58.996Z
10127|versahd,10127,versahd,2026-07-01T21:00:58.996Z
10107|citrix,10107,citrix,2026-07-01T21:00:58.996Z
10107|elekta,10107,elekta,2026-07-01T21:00:58.996Z
10107|hardware_y_software,10107,hardware_y_software,2026-07-01T21:00:58.996Z
10107|hexapod,10107,hexapod,2026-07-01T21:00:58.996Z
10107|iview,10107,iview,2026-07-01T21:00:58.996Z
10107|linac,10107,linac,2026-07-01T21:00:58.996Z
10107|monaco,10107,monaco,2026-07-01T21:00:58.996Z
10107|monaco_sim,10107,monaco_sim,2026-07-01T21:00:58.996Z
10107|mosaiq,10107,mosaiq,2026-07-01T21:00:58.996Z
10107|no,10107,no,2026-07-01T21:00:58.996Z
10107|platform,10107,platform,2026-07-01T21:00:58.996Z
10107|requerimiento,10107,requerimiento,2026-07-01T21:00:58.996Z
10107|suncheck_machine,10107,suncheck_machine,2026-07-01T21:00:58.996Z
10107|sunnuclear,10107,sunnuclear,2026-07-01T21:00:58.996Z
10107|tens,10107,tens,2026-07-01T21:00:58.996Z
10107|versahd,10107,versahd,2026-07-01T21:00:58.996Z
10107|xvi,10107,xvi,2026-07-01T21:00:58.996Z
10130|elekta,10130,elekta,2026-07-01T21:00:58.996Z
10130|hardware_y_software,10130,hardware_y_software,2026-07-01T21:00:58.996Z
10130|hexapod,10130,hexapod,2026-07-01T21:00:58.996Z
10130|iview,10130,iview,2026-07-01T21:00:58.996Z
10130|linac,10130,linac,2026-07-01T21:00:58.996Z
10130|monaco,10130,monaco,2026-07-01T21:00:58.996Z
10130|monaco_tps,10130,monaco_tps,2026-07-01T21:00:58.996Z
10130|mosaiq,10130,mosaiq,2026-07-01T21:00:58.996Z
10130|no,10130,no,2026-07-01T21:00:58.996Z
10130|platform,10130,platform,2026-07-01T21:00:58.996Z
10130|requerimiento,10130,requerimiento,2026-07-01T21:00:58.996Z
10130|suncheck_machine,10130,suncheck_machine,2026-07-01T21:00:58.996Z
10130|sunnuclear,10130,sunnuclear,2026-07-01T21:00:58.996Z
10130|tens,10130,tens,2026-07-01T21:00:58.996Z
10130|versahd,10130,versahd,2026-07-01T21:00:58.996Z
10130|xvi,10130,xvi,2026-07-01T21:00:58.996Z
10142|acelerador_lineal,10142,acelerador_lineal,2026-07-01T21:00:58.996Z
10142|citrix,10142,citrix,2026-07-01T21:00:58.996Z
10142|elekta,10142,elekta,2026-07-01T21:00:58.996Z
10142|físico,10142,físico,2026-07-01T21:00:58.996Z
10142|hardware_y_software,10142,hardware_y_software,2026-07-01T21:00:58.996Z
10142|infinity,10142,infinity,2026-07-01T21:00:58.996Z
10142|iview,10142,iview,2026-07-01T21:00:58.996Z
10142|linac,10142,linac,2026-07-01T21:00:58.996Z
10142|media,10142,media,2026-07-01T21:00:58.996Z
10142|monaco,10142,monaco,2026-07-01T21:00:58.996Z
10142|mosaiq,10142,mosaiq,2026-07-01T21:00:58.996Z
10142|problema,10142,problema,2026-07-01T21:00:58.996Z
10142|si,10142,si,2026-07-01T21:00:58.996Z
10142|storage,10142,storage,2026-07-01T21:00:58.996Z
10142|suncheck_machine,10142,suncheck_machine,2026-07-01T21:00:58.996Z
10142|sunnuclear,10142,sunnuclear,2026-07-01T21:00:58.996Z
10142|xvi,10142,xvi,2026-07-01T21:00:58.996Z
10111|acelerador_lineal,10111,acelerador_lineal,2026-07-01T21:00:58.996Z
10111|citrix,10111,citrix,2026-07-01T21:00:58.996Z
10111|elekta,10111,elekta,2026-07-01T21:00:58.996Z
10111|físico,10111,físico,2026-07-01T21:00:58.996Z
10111|hardware_y_software,10111,hardware_y_software,2026-07-01T21:00:58.996Z
10111|infinity,10111,infinity,2026-07-01T21:00:58.996Z
10111|iview,10111,iview,2026-07-01T21:00:58.996Z
10111|linac,10111,linac,2026-07-01T21:00:58.996Z
10111|media,10111,media,2026-07-01T21:00:58.996Z
10111|monaco,10111,monaco,2026-07-01T21:00:58.996Z
10111|mosaiq,10111,mosaiq,2026-07-01T21:00:58.996Z
10111|no,10111,no,2026-07-01T21:00:58.996Z
10111|problema,10111,problema,2026-07-01T21:00:58.996Z
10111|storage,10111,storage,2026-07-01T21:00:58.996Z
10111|suncheck_machine,10111,suncheck_machine,2026-07-01T21:00:58.996Z
10111|sunnuclear,10111,sunnuclear,2026-07-01T21:00:58.996Z
10111|xvi,10111,xvi,2026-07-01T21:00:58.996Z
10065|citrix,10065,citrix,2026-07-01T21:00:58.996Z
10065|elekta,10065,elekta,2026-07-01T21:00:58.996Z
10065|físico,10065,físico,2026-07-01T21:00:58.996Z
10065|hardware_y_software,10065,hardware_y_software,2026-07-01T21:00:58.996Z
10065|infinity,10065,infinity,2026-07-01T21:00:58.996Z
10065|iview,10065,iview,2026-07-01T21:00:58.996Z
10065|linac,10065,linac,2026-07-01T21:00:58.996Z
10065|media,10065,media,2026-07-01T21:00:58.996Z
10065|monaco,10065,monaco,2026-07-01T21:00:58.996Z
10065|mosaiq,10065,mosaiq,2026-07-01T21:00:58.996Z
10065|no,10065,no,2026-07-01T21:00:58.996Z
10065|on_hold_1h,10065,on_hold_1h,2026-07-01T21:00:58.996Z
10065|problema,10065,problema,2026-07-01T21:00:58.996Z
10065|sistema_camilla_ibeam_evo,10065,sistema_camilla_ibeam_evo,2026-07-01T21:00:58.996Z
10065|storage,10065,storage,2026-07-01T21:00:58.996Z
10065|suncheck_machine,10065,suncheck_machine,2026-07-01T21:00:58.996Z
10065|sunnuclear,10065,sunnuclear,2026-07-01T21:00:58.996Z
10065|xvi,10065,xvi,2026-07-01T21:00:58.996Z
10135|acelerador_lineal,10135,acelerador_lineal,2026-07-01T21:00:58.996Z
10135|axesse,10135,axesse,2026-07-01T21:00:58.996Z
10135|braquiterapia,10135,braquiterapia,2026-07-01T21:00:58.996Z
10135|elekta,10135,elekta,2026-07-01T21:00:58.996Z
10135|físico,10135,físico,2026-07-01T21:00:58.996Z
10135|hardware_y_software,10135,hardware_y_software,2026-07-01T21:00:58.996Z
10135|infinity,10135,infinity,2026-07-01T21:00:58.996Z
10135|monaco,10135,monaco,2026-07-01T21:00:58.996Z
10135|mosaiq,10135,mosaiq,2026-07-01T21:00:58.996Z
10135|no,10135,no,2026-07-01T21:00:58.996Z
10135|problema,10135,problema,2026-07-01T21:00:58.996Z
10125|acelerador_lineal,10125,acelerador_lineal,2026-07-01T21:00:58.996Z
10125|citrix,10125,citrix,2026-07-01T21:00:58.996Z
10125|elekta,10125,elekta,2026-07-01T21:00:58.996Z
10125|físico,10125,físico,2026-07-01T21:00:58.996Z
10125|hardware_y_software,10125,hardware_y_software,2026-07-01T21:00:58.996Z
10125|infinity,10125,infinity,2026-07-01T21:00:58.996Z
10125|iview,10125,iview,2026-07-01T21:00:58.996Z
10125|linac,10125,linac,2026-07-01T21:00:58.996Z
10125|media,10125,media,2026-07-01T21:00:58.996Z
10125|monaco,10125,monaco,2026-07-01T21:00:58.996Z
10125|mosaiq,10125,mosaiq,2026-07-01T21:00:58.996Z
10125|problema,10125,problema,2026-07-01T21:00:58.996Z
10125|si,10125,si,2026-07-01T21:00:58.996Z
10125|storage,10125,storage,2026-07-01T21:00:58.996Z
10125|suncheck_machine,10125,suncheck_machine,2026-07-01T21:00:58.996Z
10125|sunnuclear,10125,sunnuclear,2026-07-01T21:00:58.996Z
10125|xvi,10125,xvi,2026-07-01T21:00:58.996Z
10156|acelerador_lineal,10156,acelerador_lineal,2026-07-01T21:00:58.996Z
10156|agility,10156,agility,2026-07-01T21:00:58.996Z
10156|elekta,10156,elekta,2026-07-01T21:00:58.996Z
10156|hardware_y_software,10156,hardware_y_software,2026-07-01T21:00:58.996Z
10156|monaco,10156,monaco,2026-07-01T21:00:58.996Z
10156|mosaiq,10156,mosaiq,2026-07-01T21:00:58.996Z
10156|no,10156,no,2026-07-01T21:00:58.996Z
10156|problema,10156,problema,2026-07-01T21:00:58.996Z
10156|sinergy,10156,sinergy,2026-07-01T21:00:58.996Z
10156|suncheck_machine,10156,suncheck_machine,2026-07-01T21:00:58.996Z
10156|sunnuclear,10156,sunnuclear,2026-07-01T21:00:58.996Z
10156|supervisor_de_equipo_médicos,10156,supervisor_de_equipo_médicos,2026-07-01T21:00:58.996Z
10156|versahd,10156,versahd,2026-07-01T21:00:58.996Z
10151|elekta,10151,elekta,2026-07-01T21:00:58.996Z
10151|físico,10151,físico,2026-07-01T21:00:58.996Z
10151|hardware_y_software,10151,hardware_y_software,2026-07-01T21:00:58.996Z
10151|hexapod,10151,hexapod,2026-07-01T21:00:58.996Z
10151|iba,10151,iba,2026-07-01T21:00:58.996Z
10151|iguide,10151,iguide,2026-07-01T21:00:58.996Z
10151|iview,10151,iview,2026-07-01T21:00:58.996Z
10151|monaco,10151,monaco,2026-07-01T21:00:58.996Z
10151|monacosim,10151,monacosim,2026-07-01T21:00:58.996Z
10151|mosaiq,10151,mosaiq,2026-07-01T21:00:58.996Z
10151|problema,10151,problema,2026-07-01T21:00:58.996Z
10151|rtp99,10151,rtp99,2026-07-01T21:00:58.996Z
10151|si,10151,si,2026-07-01T21:00:58.996Z
10151|sistema_de_imagen_cbct_xvi,10151,sistema_de_imagen_cbct_xvi,2026-07-01T21:00:58.996Z
10151|tcs,10151,tcs,2026-07-01T21:00:58.996Z
10151|versahd,10151,versahd,2026-07-01T21:00:58.996Z
10151|xvi,10151,xvi,2026-07-01T21:00:58.996Z
10080|acelerador_lineal,10080,acelerador_lineal,2026-07-01T21:00:58.996Z
10080|agility,10080,agility,2026-07-01T21:00:58.996Z
10080|elekta,10080,elekta,2026-07-01T21:00:58.996Z
10080|hardware_y_software,10080,hardware_y_software,2026-07-01T21:00:58.996Z
10080|monaco,10080,monaco,2026-07-01T21:00:58.996Z
10080|mosaiq,10080,mosaiq,2026-07-01T21:00:58.996Z
10080|problema,10080,problema,2026-07-01T21:00:58.996Z
10080|si,10080,si,2026-07-01T21:00:58.996Z
10080|sinergy,10080,sinergy,2026-07-01T21:00:58.996Z
10080|suncheck_machine,10080,suncheck_machine,2026-07-01T21:00:58.996Z
10080|sunnuclear,10080,sunnuclear,2026-07-01T21:00:58.996Z
10080|versahd,10080,versahd,2026-07-01T21:00:58.996Z
10161|citrix,10161,citrix,2026-07-01T21:00:58.996Z
10161|elekta,10161,elekta,2026-07-01T21:00:58.996Z
10161|físico,10161,físico,2026-07-01T21:00:58.996Z
10161|hardware_y_software,10161,hardware_y_software,2026-07-01T21:00:58.996Z
10161|infinity,10161,infinity,2026-07-01T21:00:58.996Z
10161|iview,10161,iview,2026-07-01T21:00:58.996Z
10161|linac,10161,linac,2026-07-01T21:00:58.996Z
10161|media,10161,media,2026-07-01T21:00:58.996Z
10161|monaco,10161,monaco,2026-07-01T21:00:58.996Z
10161|mosaiq,10161,mosaiq,2026-07-01T21:00:58.996Z
10161|problema,10161,problema,2026-07-01T21:00:58.996Z
10161|si,10161,si,2026-07-01T21:00:58.996Z
10161|storage,10161,storage,2026-07-01T21:00:58.996Z
10161|suncheck_machine,10161,suncheck_machine,2026-07-01T21:00:58.996Z
10161|sunnuclear,10161,sunnuclear,2026-07-01T21:00:58.996Z
10161|trm__room_monitor_,10161,trm__room_monitor_,2026-07-01T21:00:58.996Z
10161|xvi,10161,xvi,2026-07-01T21:00:58.996Z
10167|elekta,10167,elekta,2026-07-01T21:00:58.996Z
10167|físico,10167,físico,2026-07-01T21:00:58.996Z
10167|hardware_y_software,10167,hardware_y_software,2026-07-01T21:00:58.996Z
10167|hexapod,10167,hexapod,2026-07-01T21:00:58.996Z
10167|iview,10167,iview,2026-07-01T21:00:58.996Z
10167|linac,10167,linac,2026-07-01T21:00:58.996Z
10167|monaco,10167,monaco,2026-07-01T21:00:58.996Z
10167|mosaiq,10167,mosaiq,2026-07-01T21:00:58.996Z
10167|mosaiq_server,10167,mosaiq_server,2026-07-01T21:00:58.996Z
10167|no,10167,no,2026-07-01T21:00:58.996Z
10167|on_hold_1h,10167,on_hold_1h,2026-07-01T21:00:58.996Z
10167|platform,10167,platform,2026-07-01T21:00:58.996Z
10167|problema,10167,problema,2026-07-01T21:00:58.996Z
10167|suncheck_machine,10167,suncheck_machine,2026-07-01T21:00:58.996Z
10167|sunnuclear,10167,sunnuclear,2026-07-01T21:00:58.996Z
10167|versahd,10167,versahd,2026-07-01T21:00:58.996Z
10167|xvi,10167,xvi,2026-07-01T21:00:58.996Z
10189|acelerador_lineal,10189,acelerador_lineal,2026-07-01T21:00:58.996Z
10189|axesse,10189,axesse,2026-07-01T21:00:58.996Z
10189|braquiterapia,10189,braquiterapia,2026-07-01T21:00:58.996Z
10189|elekta,10189,elekta,2026-07-01T21:00:58.996Z
10189|físico,10189,físico,2026-07-01T21:00:58.996Z
10189|hardware_y_software,10189,hardware_y_software,2026-07-01T21:00:58.996Z
10189|infinity,10189,infinity,2026-07-01T21:00:58.996Z
10189|monaco,10189,monaco,2026-07-01T21:00:58.996Z
10189|mosaiq,10189,mosaiq,2026-07-01T21:00:58.996Z
10189|no,10189,no,2026-07-01T21:00:58.996Z
10189|problema,10189,problema,2026-07-01T21:00:58.996Z
10184|acelerador_lineal,10184,acelerador_lineal,2026-07-01T21:00:58.996Z
10184|elekta,10184,elekta,2026-07-01T21:00:58.996Z
10184|físico,10184,físico,2026-07-01T21:00:58.996Z
10184|hardware_y_software,10184,hardware_y_software,2026-07-01T21:00:58.996Z
10184|hexapod,10184,hexapod,2026-07-01T21:00:58.996Z
10184|iview,10184,iview,2026-07-01T21:00:58.996Z
10184|linac,10184,linac,2026-07-01T21:00:58.996Z
10184|monaco,10184,monaco,2026-07-01T21:00:58.996Z
10184|mosaiq,10184,mosaiq,2026-07-01T21:00:58.996Z
10184|no,10184,no,2026-07-01T21:00:58.996Z
10184|platform,10184,platform,2026-07-01T21:00:58.996Z
10184|problema,10184,problema,2026-07-01T21:00:58.996Z
10184|suncheck_machine,10184,suncheck_machine,2026-07-01T21:00:58.996Z
10184|sunnuclear,10184,sunnuclear,2026-07-01T21:00:58.996Z
10184|versahd,10184,versahd,2026-07-01T21:00:58.996Z
10184|xvi,10184,xvi,2026-07-01T21:00:58.996Z
10175|citrix,10175,citrix,2026-07-01T21:00:58.996Z
10175|elekta,10175,elekta,2026-07-01T21:00:58.996Z
10175|físico,10175,físico,2026-07-01T21:00:58.996Z
10175|hardware_y_software,10175,hardware_y_software,2026-07-01T21:00:58.996Z
10175|infinity,10175,infinity,2026-07-01T21:00:58.996Z
10175|iview,10175,iview,2026-07-01T21:00:58.996Z
10175|linac,10175,linac,2026-07-01T21:00:58.996Z
10175|media,10175,media,2026-07-01T21:00:58.996Z
10175|monaco,10175,monaco,2026-07-01T21:00:58.996Z
10175|mosaiq,10175,mosaiq,2026-07-01T21:00:58.996Z
10175|no,10175,no,2026-07-01T21:00:58.996Z
10175|problema,10175,problema,2026-07-01T21:00:58.996Z
10175|sistema_camilla_precise,10175,sistema_camilla_precise,2026-07-01T21:00:58.996Z
10175|storage,10175,storage,2026-07-01T21:00:58.996Z
10175|suncheck_machine,10175,suncheck_machine,2026-07-01T21:00:58.996Z
10175|sunnuclear,10175,sunnuclear,2026-07-01T21:00:58.996Z
10175|xvi,10175,xvi,2026-07-01T21:00:58.996Z
10193|acelerador_lineal,10193,acelerador_lineal,2026-07-01T21:00:58.996Z
10193|agility,10193,agility,2026-07-01T21:00:58.996Z
10193|elekta,10193,elekta,2026-07-01T21:00:58.996Z
10193|hardware_y_software,10193,hardware_y_software,2026-07-01T21:00:58.996Z
10193|monaco,10193,monaco,2026-07-01T21:00:58.996Z
10193|mosaiq,10193,mosaiq,2026-07-01T21:00:58.996Z
10193|no,10193,no,2026-07-01T21:00:58.996Z
10193|requerimiento,10193,requerimiento,2026-07-01T21:00:58.996Z
10193|sinergy,10193,sinergy,2026-07-01T21:00:58.996Z
10193|suncheck_machine,10193,suncheck_machine,2026-07-01T21:00:58.996Z
10193|sunnuclear,10193,sunnuclear,2026-07-01T21:00:58.996Z
10193|supervisor_de_equipo_médicos,10193,supervisor_de_equipo_médicos,2026-07-01T21:00:58.996Z
10193|versahd,10193,versahd,2026-07-01T21:00:58.996Z
10190|acelerador_lineal,10190,acelerador_lineal,2026-07-01T21:00:58.996Z
10190|elekta,10190,elekta,2026-07-01T21:00:58.996Z
10190|físico,10190,físico,2026-07-01T21:00:58.996Z
10190|hardware_y_software,10190,hardware_y_software,2026-07-01T21:00:58.996Z
10190|hexapod,10190,hexapod,2026-07-01T21:00:58.996Z
10190|iba,10190,iba,2026-07-01T21:00:58.996Z
10190|iguide,10190,iguide,2026-07-01T21:00:58.996Z
10190|iview,10190,iview,2026-07-01T21:00:58.996Z
10190|monaco,10190,monaco,2026-07-01T21:00:58.996Z
10190|monacosim,10190,monacosim,2026-07-01T21:00:58.996Z
10190|mosaiq,10190,mosaiq,2026-07-01T21:00:58.996Z
10190|problema,10190,problema,2026-07-01T21:00:58.996Z
10190|rtp99,10190,rtp99,2026-07-01T21:00:58.996Z
10190|si,10190,si,2026-07-01T21:00:58.996Z
10190|tcs,10190,tcs,2026-07-01T21:00:58.996Z
10190|versahd,10190,versahd,2026-07-01T21:00:58.996Z
10190|xvi,10190,xvi,2026-07-01T21:00:58.996Z
9873|elekta,9873,elekta,2026-07-01T21:00:58.996Z
9873|físico,9873,físico,2026-07-01T21:00:58.996Z
9873|hardware_y_software,9873,hardware_y_software,2026-07-01T21:00:58.996Z
9873|hexapod,9873,hexapod,2026-07-01T21:00:58.996Z
9873|incidente,9873,incidente,2026-07-01T21:00:58.996Z
9873|iview,9873,iview,2026-07-01T21:00:58.996Z
9873|linac,9873,linac,2026-07-01T21:00:58.996Z
9873|monaco,9873,monaco,2026-07-01T21:00:58.996Z
9873|mosaiq,9873,mosaiq,2026-07-01T21:00:58.996Z
9873|platform,9873,platform,2026-07-01T21:00:58.996Z
9873|si,9873,si,2026-07-01T21:00:58.996Z
9873|suncheck,9873,suncheck,2026-07-01T21:00:58.996Z
9873|suncheck_machine,9873,suncheck_machine,2026-07-01T21:00:58.996Z
9873|sunnuclear,9873,sunnuclear,2026-07-01T21:00:58.996Z
9873|versahd,9873,versahd,2026-07-01T21:00:58.996Z
9873|xvi,9873,xvi,2026-07-01T21:00:58.996Z
10188|acelerador_lineal,10188,acelerador_lineal,2026-07-01T21:00:58.996Z
10188|axesse,10188,axesse,2026-07-01T21:00:58.996Z
10188|braquiterapia,10188,braquiterapia,2026-07-01T21:00:58.996Z
10188|elekta,10188,elekta,2026-07-01T21:00:58.996Z
10188|físico,10188,físico,2026-07-01T21:00:58.996Z
10188|hardware_y_software,10188,hardware_y_software,2026-07-01T21:00:58.996Z
10188|infinity,10188,infinity,2026-07-01T21:00:58.996Z
10188|monaco,10188,monaco,2026-07-01T21:00:58.996Z
10188|mosaiq,10188,mosaiq,2026-07-01T21:00:58.996Z
10188|no,10188,no,2026-07-01T21:00:58.996Z
10188|requerimiento,10188,requerimiento,2026-07-01T21:00:58.996Z
10186|acelerador_lineal,10186,acelerador_lineal,2026-07-01T21:00:58.996Z
10186|axesse,10186,axesse,2026-07-01T21:00:58.996Z
10186|braquiterapia,10186,braquiterapia,2026-07-01T21:00:58.996Z
10186|elekta,10186,elekta,2026-07-01T21:00:58.996Z
10186|físico,10186,físico,2026-07-01T21:00:58.996Z
10186|hardware_y_software,10186,hardware_y_software,2026-07-01T21:00:58.996Z
10186|infinity,10186,infinity,2026-07-01T21:00:58.996Z
10186|monaco,10186,monaco,2026-07-01T21:00:58.996Z
10186|mosaiq,10186,mosaiq,2026-07-01T21:00:58.996Z
10186|no,10186,no,2026-07-01T21:00:58.996Z
10186|problema,10186,problema,2026-07-01T21:00:58.996Z
10157|acelerador_lineal,10157,acelerador_lineal,2026-07-01T21:00:58.996Z
10157|agility,10157,agility,2026-07-01T21:00:58.996Z
10157|elekta,10157,elekta,2026-07-01T21:00:58.996Z
10157|hardware_y_software,10157,hardware_y_software,2026-07-01T21:00:58.996Z
10157|monaco,10157,monaco,2026-07-01T21:00:58.996Z
10157|mosaiq,10157,mosaiq,2026-07-01T21:00:58.996Z
10157|problema,10157,problema,2026-07-01T21:00:58.996Z
10157|si,10157,si,2026-07-01T21:00:58.996Z
10157|sinergy,10157,sinergy,2026-07-01T21:00:58.996Z
10157|suncheck_machine,10157,suncheck_machine,2026-07-01T21:00:58.996Z
10157|sunnuclear,10157,sunnuclear,2026-07-01T21:00:58.996Z
10157|supervisor_de_equipo_médicos,10157,supervisor_de_equipo_médicos,2026-07-01T21:00:58.996Z
10157|versahd,10157,versahd,2026-07-01T21:00:58.996Z
10210|agility,10210,agility,2026-07-01T21:00:58.996Z
10210|elekta,10210,elekta,2026-07-01T21:00:58.996Z
10210|hardware_y_software,10210,hardware_y_software,2026-07-01T21:00:58.996Z
10210|monaco,10210,monaco,2026-07-01T21:00:58.996Z
10210|mosaiq,10210,mosaiq,2026-07-01T21:00:58.996Z
10210|problema,10210,problema,2026-07-01T21:00:58.996Z
10210|si,10210,si,2026-07-01T21:00:58.996Z
10210|sinergy,10210,sinergy,2026-07-01T21:00:58.996Z
10210|suncheck,10210,suncheck,2026-07-01T21:00:58.996Z
10210|suncheck_machine,10210,suncheck_machine,2026-07-01T21:00:58.996Z
10210|sunnuclear,10210,sunnuclear,2026-07-01T21:00:58.996Z
10210|supervisor_de_equipo_médicos,10210,supervisor_de_equipo_médicos,2026-07-01T21:00:58.996Z
10210|versahd,10210,versahd,2026-07-01T21:00:58.996Z
10199|axesse,10199,axesse,2026-07-01T21:00:58.996Z
10199|barcoding,10199,barcoding,2026-07-01T21:00:58.996Z
10199|braquiterapia,10199,braquiterapia,2026-07-01T21:00:58.996Z
10199|dosisoft,10199,dosisoft,2026-07-01T21:00:58.996Z
10199|elekta,10199,elekta,2026-07-01T21:00:58.996Z
10199|físico,10199,físico,2026-07-01T21:00:58.996Z
10199|hardware_y_software,10199,hardware_y_software,2026-07-01T21:00:58.996Z
10199|infinity,10199,infinity,2026-07-01T21:00:58.996Z
10199|iview,10199,iview,2026-07-01T21:00:58.996Z
10199|linac,10199,linac,2026-07-01T21:00:58.996Z
10199|monaco,10199,monaco,2026-07-01T21:00:58.996Z
10199|monacosim,10199,monacosim,2026-07-01T21:00:58.996Z
10199|mosaiq,10199,mosaiq,2026-07-01T21:00:58.996Z
10199|no,10199,no,2026-07-01T21:00:58.996Z
10199|problema,10199,problema,2026-07-01T21:00:58.996Z
10199|storage,10199,storage,2026-07-01T21:00:58.996Z
10199|versahd,10199,versahd,2026-07-01T21:00:58.996Z
10199|xvi,10199,xvi,2026-07-01T21:00:58.996Z
10173|acelerador_lineal,10173,acelerador_lineal,2026-07-01T21:00:58.996Z
10173|axesse,10173,axesse,2026-07-01T21:00:58.996Z
10173|braquiterapia,10173,braquiterapia,2026-07-01T21:00:58.996Z
10173|elekta,10173,elekta,2026-07-01T21:00:58.996Z
10173|físico,10173,físico,2026-07-01T21:00:58.996Z
10173|hardware_y_software,10173,hardware_y_software,2026-07-01T21:00:58.996Z
10173|infinity,10173,infinity,2026-07-01T21:00:58.996Z
10173|monaco,10173,monaco,2026-07-01T21:00:58.996Z
10173|mosaiq,10173,mosaiq,2026-07-01T21:00:58.996Z
10173|problema,10173,problema,2026-07-01T21:00:58.996Z
10173|si,10173,si,2026-07-01T21:00:58.996Z
10232|elekta,10232,elekta,2026-07-01T21:00:58.996Z
10232|físico,10232,físico,2026-07-01T21:00:58.996Z
10232|hardware_y_software,10232,hardware_y_software,2026-07-01T21:00:58.996Z
10232|hexapod,10232,hexapod,2026-07-01T21:00:58.996Z
10232|iview,10232,iview,2026-07-01T21:00:58.996Z
10232|linac,10232,linac,2026-07-01T21:00:58.996Z
10232|monaco,10232,monaco,2026-07-01T21:00:58.996Z
10232|mosaiq,10232,mosaiq,2026-07-01T21:00:58.996Z
10232|platform,10232,platform,2026-07-01T21:00:58.996Z
10232|suncheck,10232,suncheck,2026-07-01T21:00:58.996Z
10232|suncheck_machine,10232,suncheck_machine,2026-07-01T21:00:58.996Z
10232|sunnuclear,10232,sunnuclear,2026-07-01T21:00:58.996Z
10232|versahd,10232,versahd,2026-07-01T21:00:58.996Z
10232|xvi,10232,xvi,2026-07-01T21:00:58.996Z
10110|elekta,10110,elekta,2026-07-01T21:00:58.996Z
10110|físico,10110,físico,2026-07-01T21:00:58.996Z
10110|hardware_y_software,10110,hardware_y_software,2026-07-01T21:00:58.996Z
10110|hexapod,10110,hexapod,2026-07-01T21:00:58.996Z
10110|iview,10110,iview,2026-07-01T21:00:58.996Z
10110|linac,10110,linac,2026-07-01T21:00:58.996Z
10110|monaco,10110,monaco,2026-07-01T21:00:58.996Z
10110|mosaiq,10110,mosaiq,2026-07-01T21:00:58.996Z
10110|no,10110,no,2026-07-01T21:00:58.996Z
10110|platform,10110,platform,2026-07-01T21:00:58.996Z
10110|suncheck,10110,suncheck,2026-07-01T21:00:58.996Z
10110|suncheck_machine,10110,suncheck_machine,2026-07-01T21:00:58.996Z
10110|sunnuclear,10110,sunnuclear,2026-07-01T21:00:58.996Z
10110|tarea,10110,tarea,2026-07-01T21:00:58.996Z
10110|versahd,10110,versahd,2026-07-01T21:00:58.996Z
10110|xvi,10110,xvi,2026-07-01T21:00:58.996Z
10165|acelerador_lineal,10165,acelerador_lineal,2026-07-01T21:00:58.996Z
10165|elekta,10165,elekta,2026-07-01T21:00:58.996Z
10165|físico,10165,físico,2026-07-01T21:00:58.996Z
10165|hardware_y_software,10165,hardware_y_software,2026-07-01T21:00:58.996Z
10165|hexapod,10165,hexapod,2026-07-01T21:00:58.996Z
10165|iba,10165,iba,2026-07-01T21:00:58.996Z
10165|iguide,10165,iguide,2026-07-01T21:00:58.996Z
10165|iview,10165,iview,2026-07-01T21:00:58.996Z
10165|monaco,10165,monaco,2026-07-01T21:00:58.996Z
10165|monacosim,10165,monacosim,2026-07-01T21:00:58.996Z
10165|mosaiq,10165,mosaiq,2026-07-01T21:00:58.996Z
10165|no,10165,no,2026-07-01T21:00:58.996Z
10165|requerimiento,10165,requerimiento,2026-07-01T21:00:58.996Z
10165|rtp99,10165,rtp99,2026-07-01T21:00:58.996Z
10165|tcs,10165,tcs,2026-07-01T21:00:58.996Z
10165|versahd,10165,versahd,2026-07-01T21:00:58.996Z
10165|xvi,10165,xvi,2026-07-01T21:00:58.996Z
10230|acelerador_lineal,10230,acelerador_lineal,2026-07-01T21:00:58.996Z
10230|agility,10230,agility,2026-07-01T21:00:58.996Z
10230|elekta,10230,elekta,2026-07-01T21:00:58.996Z
10230|hardware_y_software,10230,hardware_y_software,2026-07-01T21:00:58.996Z
10230|monaco,10230,monaco,2026-07-01T21:00:58.996Z
10230|mosaiq,10230,mosaiq,2026-07-01T21:00:58.996Z
10230|problema,10230,problema,2026-07-01T21:00:58.996Z
10230|si,10230,si,2026-07-01T21:00:58.996Z
10230|sinergy,10230,sinergy,2026-07-01T21:00:58.996Z
10230|suncheck_machine,10230,suncheck_machine,2026-07-01T21:00:58.996Z
10230|sunnuclear,10230,sunnuclear,2026-07-01T21:00:58.996Z
10230|supervisor_de_equipo_médicos,10230,supervisor_de_equipo_médicos,2026-07-01T21:00:58.996Z
10230|versahd,10230,versahd,2026-07-01T21:00:58.996Z
10113|acelerador_lineal,10113,acelerador_lineal,2026-07-01T21:00:58.996Z
10113|axesse,10113,axesse,2026-07-01T21:00:58.996Z
10113|barcoding,10113,barcoding,2026-07-01T21:00:58.996Z
10113|braquiterapia,10113,braquiterapia,2026-07-01T21:00:58.996Z
10113|elekta,10113,elekta,2026-07-01T21:00:58.996Z
10113|físico,10113,físico,2026-07-01T21:00:58.996Z
10113|hardware_y_software,10113,hardware_y_software,2026-07-01T21:00:58.996Z
10113|infinity,10113,infinity,2026-07-01T21:00:58.996Z
10113|iview,10113,iview,2026-07-01T21:00:58.996Z
10113|linac,10113,linac,2026-07-01T21:00:58.996Z
10113|monaco,10113,monaco,2026-07-01T21:00:58.996Z
10113|monacosim,10113,monacosim,2026-07-01T21:00:58.996Z
10113|mosaiq,10113,mosaiq,2026-07-01T21:00:58.996Z
10113|no,10113,no,2026-07-01T21:00:58.996Z
10113|problema,10113,problema,2026-07-01T21:00:58.996Z
10113|storage,10113,storage,2026-07-01T21:00:58.996Z
10113|versahd,10113,versahd,2026-07-01T21:00:58.996Z
10113|xvi,10113,xvi,2026-07-01T21:00:58.996Z
10137|axesse,10137,axesse,2026-07-01T21:00:58.996Z
10137|braquiterapia,10137,braquiterapia,2026-07-01T21:00:58.996Z
10137|clarity,10137,clarity,2026-07-01T21:00:58.996Z
10137|elekta,10137,elekta,2026-07-01T21:00:58.996Z
10137|físico,10137,físico,2026-07-01T21:00:58.996Z
10137|hardware_y_software,10137,hardware_y_software,2026-07-01T21:00:58.996Z
10137|infinity,10137,infinity,2026-07-01T21:00:58.996Z
10137|monaco,10137,monaco,2026-07-01T21:00:58.996Z
10137|mosaiq,10137,mosaiq,2026-07-01T21:00:58.996Z
10137|problema,10137,problema,2026-07-01T21:00:58.996Z
10137|si,10137,si,2026-07-01T21:00:58.996Z
10144|acelerador_lineal,10144,acelerador_lineal,2026-07-01T21:00:58.996Z
10144|axesse,10144,axesse,2026-07-01T21:00:58.996Z
10144|braquiterapia,10144,braquiterapia,2026-07-01T21:00:58.996Z
10144|elekta,10144,elekta,2026-07-01T21:00:58.996Z
10144|físico,10144,físico,2026-07-01T21:00:58.996Z
10144|hardware_y_software,10144,hardware_y_software,2026-07-01T21:00:58.996Z
10144|infinity,10144,infinity,2026-07-01T21:00:58.996Z
10144|monaco,10144,monaco,2026-07-01T21:00:58.996Z
10144|mosaiq,10144,mosaiq,2026-07-01T21:00:58.996Z
10144|no,10144,no,2026-07-01T21:00:58.996Z
10144|requerimiento,10144,requerimiento,2026-07-01T21:00:58.996Z
10126|acelerador_lineal,10126,acelerador_lineal,2026-07-01T21:00:58.996Z
10126|axesse,10126,axesse,2026-07-01T21:00:58.996Z
10126|braquiterapia,10126,braquiterapia,2026-07-01T21:00:58.996Z
10126|elekta,10126,elekta,2026-07-01T21:00:58.996Z
10126|físico,10126,físico,2026-07-01T21:00:58.996Z
10126|hardware_y_software,10126,hardware_y_software,2026-07-01T21:00:58.996Z
10126|infinity,10126,infinity,2026-07-01T21:00:58.996Z
10126|monaco,10126,monaco,2026-07-01T21:00:58.996Z
10126|mosaiq,10126,mosaiq,2026-07-01T21:00:58.996Z
10126|no,10126,no,2026-07-01T21:00:58.996Z
10126|requerimiento,10126,requerimiento,2026-07-01T21:00:58.996Z
10208|axesse,10208,axesse,2026-07-01T21:00:58.996Z
10208|braquiterapia,10208,braquiterapia,2026-07-01T21:00:58.996Z
10208|clarity,10208,clarity,2026-07-01T21:00:58.996Z
10208|elekta,10208,elekta,2026-07-01T21:00:58.996Z
10208|físico,10208,físico,2026-07-01T21:00:58.996Z
10208|hardware_y_software,10208,hardware_y_software,2026-07-01T21:00:58.996Z
10208|infinity,10208,infinity,2026-07-01T21:00:58.996Z
10208|monaco,10208,monaco,2026-07-01T21:00:58.996Z
10208|mosaiq,10208,mosaiq,2026-07-01T21:00:58.996Z
10208|no,10208,no,2026-07-01T21:00:58.996Z
10208|requerimiento,10208,requerimiento,2026-07-01T21:00:58.996Z
9897|acelerador_lineal,9897,acelerador_lineal,2026-07-01T21:00:58.996Z
9897|elekta,9897,elekta,2026-07-01T21:00:58.996Z
9897|físico,9897,físico,2026-07-01T21:00:58.996Z
9897|hardware_y_software,9897,hardware_y_software,2026-07-01T21:00:58.996Z
9897|hexapod,9897,hexapod,2026-07-01T21:00:58.996Z
9897|iba,9897,iba,2026-07-01T21:00:58.996Z
9897|iguide,9897,iguide,2026-07-01T21:00:58.996Z
9897|iview,9897,iview,2026-07-01T21:00:58.996Z
9897|monaco,9897,monaco,2026-07-01T21:00:58.996Z
9897|monacosim,9897,monacosim,2026-07-01T21:00:58.996Z
9897|mosaiq,9897,mosaiq,2026-07-01T21:00:58.996Z
9897|problema,9897,problema,2026-07-01T21:00:58.996Z
9897|rtp99,9897,rtp99,2026-07-01T21:00:58.996Z
9897|si,9897,si,2026-07-01T21:00:58.996Z
9897|tcs,9897,tcs,2026-07-01T21:00:58.996Z
9897|versahd,9897,versahd,2026-07-01T21:00:58.996Z
9897|xvi,9897,xvi,2026-07-01T21:00:58.996Z
10231|axesse,10231,axesse,2026-07-01T21:00:58.996Z
10231|braquiterapia,10231,braquiterapia,2026-07-01T21:00:58.996Z
10231|clarity,10231,clarity,2026-07-01T21:00:58.996Z
10231|elekta,10231,elekta,2026-07-01T21:00:58.996Z
10231|físico,10231,físico,2026-07-01T21:00:58.996Z
10231|hardware_y_software,10231,hardware_y_software,2026-07-01T21:00:58.996Z
10231|infinity,10231,infinity,2026-07-01T21:00:58.996Z
10231|monaco,10231,monaco,2026-07-01T21:00:58.996Z
10231|mosaiq,10231,mosaiq,2026-07-01T21:00:58.996Z
10231|problema,10231,problema,2026-07-01T21:00:58.996Z
10231|si,10231,si,2026-07-01T21:00:58.996Z
10229|elekta,10229,elekta,2026-07-01T21:00:58.996Z
10229|físico,10229,físico,2026-07-01T21:00:58.996Z
10229|hardware_y_software,10229,hardware_y_software,2026-07-01T21:00:58.996Z
10229|hexapod,10229,hexapod,2026-07-01T21:00:58.996Z
10229|iba,10229,iba,2026-07-01T21:00:58.996Z
10229|iguide,10229,iguide,2026-07-01T21:00:58.996Z
10229|iview,10229,iview,2026-07-01T21:00:58.996Z
10229|monaco,10229,monaco,2026-07-01T21:00:58.996Z
10229|monacosim,10229,monacosim,2026-07-01T21:00:58.996Z
10229|mosaiq,10229,mosaiq,2026-07-01T21:00:58.996Z
10229|problema,10229,problema,2026-07-01T21:00:58.996Z
10229|rtp99,10229,rtp99,2026-07-01T21:00:58.996Z
10229|si,10229,si,2026-07-01T21:00:58.996Z
10229|sistema_de_imagen_portal_iview,10229,sistema_de_imagen_portal_iview,2026-07-01T21:00:58.996Z
10229|tcs,10229,tcs,2026-07-01T21:00:58.996Z
10229|versahd,10229,versahd,2026-07-01T21:00:58.996Z
10229|xvi,10229,xvi,2026-07-01T21:00:58.996Z
10141|acelerador_lineal,10141,acelerador_lineal,2026-07-01T21:00:58.996Z
10141|brachy,10141,brachy,2026-07-01T21:00:58.996Z
10141|elekta,10141,elekta,2026-07-01T21:00:58.996Z
10141|flexitron,10141,flexitron,2026-07-01T21:00:58.996Z
10141|físico,10141,físico,2026-07-01T21:00:58.996Z
10141|hardware_y_software,10141,hardware_y_software,2026-07-01T21:00:58.996Z
10141|infinity,10141,infinity,2026-07-01T21:00:58.996Z
10141|no,10141,no,2026-07-01T21:00:58.996Z
10141|on_hold_1h,10141,on_hold_1h,2026-07-01T21:00:58.996Z
10141|requerimiento,10141,requerimiento,2026-07-01T21:00:58.996Z