zendesk_ticket_id,external_id,type,subject,raw_subject,description,priority,status,via_channel,requester_id,submitter_id,assignee_id,organization_id,group_id,is_public,has_incidents,due_at,satisfaction_rating,ticket_form_id,brand_id,created_at,updated_at,extracted_at
1,,incident,Ticket de muestra: le presentamos el ticket,Ticket de muestra: le presentamos el ticket,"Hola:

Le envío un correo electrónico porque tengo problemas para configurar su nuevo producto. ¿Puede ayudarme a solucionar el problema?

Gracias,
 El cliente

",normal,closed,sample_ticket,14481411156123,14481448391451,14481448391451,,14481465021595,true,false,,offered,14481464796955,14481427110299,2023-04-12T17:00:39Z,2024-02-19T15:02:23Z,2026-08-06T15:19:10.327Z
202,,incident,Interlock Gantry,Interlock Gantry,"Estimados,

A pesar de las tres intervenciones realizadas, continuamos con el ineterlock ""gantry"" lo cual nos dificulta administrar los tratamientos.

Saludos,

Nathalie",high,closed,web,20254050952987,20254050952987,15768454754715,20265216319003,14481465021595,true,false,,unoffered,20427286020763,14481427110299,2024-05-31T19:20:10Z,2024-06-01T01:15:28Z,2026-08-06T15:19:10.327Z
7,,problem,Ticket de prueba: Correo electrónico de un cliente,Ticket de prueba: Correo electrónico de un cliente,"Tengo un problema para configurar su nuevo producto. ¿Puede ayudarme a 
solucionar el problema?

----------------------
Ruben  Cammalleri
Jefe de TI

Servicio Técnico | E&G Medical Systems

+56226537362 <tel:+56226537362> | +56931868061 <tel:+56931868061>
rcammalleri@eygsa.cl
www.eygsa.cl <https://www.eygsa.cl/>
Av. Providencia 2286, Piso 5, Ofc 504",high,closed,email,14734559344539,14734559344539,14734559344539,14481410802331,14481465021595,true,false,,unoffered,14481464796955,14481427110299,2023-05-16T11:35:02Z,2023-05-23T23:03:40Z,2026-08-06T15:19:10.327Z
48,,problem,LA PRUEBAS DEL MLC PARA EL AXESSE FALLA EN LOS CONTROLES ,LA PRUEBAS DEL MLC PARA EL AXESSE FALLA EN LOS CONTROLES ,"Estimados,

En las prueba rutinarias del MLC del Axesse observamos que hay fallas en el posicionamiento y la velocidad del MLC que nos arrojas error en las tolerancias de las pruebas y con esto posiblemente desviación en la verificaciones de los pacientes en dosisoft.

Si pueden verificar los MLC antes de hacer cualquier cambio en dosisoft.

Gracias,

Rita Castillo",normal,closed,web,20254050952475,20254050952475,19579456345883,14741297259931,14481465021595,true,false,,offered,20427286020763,14481427110299,2024-03-06T12:45:57Z,2024-03-11T13:02:04Z,2026-08-06T15:19:10.327Z
51,,incident,"FCO (371-05-MSQ-073) - MOSAIQ® Partial Wedge Fields, CFS and Plan Re-Promotion","FCO (371-05-MSQ-073) - MOSAIQ® Partial Wedge Fields, CFS and Plan Re-Promotion","Hola Estimada/o, Erick Salcedo.

El motivo del presente ticket es enviarle el siguiente boletín informativo liberado recientemente por Elekta.
Agradecemos por favor, tomar conocimiento, registrar dentro de sus documentos y retornar la plantilla o la hoja firmada con su nombre y cargo actual, para poder enviar a Elekta este documento.

Fco en adjunto.",normal,closed,web,20254050952347,15768454754715,15768454754715,14741297259931,14481465021595,true,false,,offered,20427286020763,14481427110299,2024-03-07T18:08:38Z,2024-03-12T13:01:59Z,2026-08-06T15:19:10.327Z
27,,problem,Problema con las láminas o optimización de energías,Problema con las láminas o optimización de energías,testeando base de conocimiento,low,closed,web,15768454754715,15768454754715,15768454754715,14481410802331,14481465021595,true,false,,offered,20427286020763,14481427110299,2024-02-20T23:08:22Z,2024-03-14T00:02:27Z,2026-08-06T15:19:10.327Z
46,,problem,En dosisoft el indice gamma esta fallando para el Acelerador Axesse,En dosisoft el indice gamma esta fallando para el Acelerador Axesse,"Hola Estimado Rita,

El seguimiento de este ticket se estará llevando en la nueva plataforma Zendesk, dejaré un resumen del caso abierto en la plataforma IOSticket:

## Ticket #674652


* * *
Dejo un resumen del caso:

**Rita Castillo** publicado 26/feb./2024 20:03
Estimados,
Buena tardes,  luego de la intervención del viernes en el acelerador Axesse, vemos que los valores gamma da por debajo, que la imagen adquirida es menor que la imagen predictiva y aplicando la normalización a las imágenes el valor de índice gamma da bien, hicimos los mismo con una medida de una paciente que antes de la intervención dio bien y luego nos dio mal, envíe imágenes de comparación a Gloria de Dosisoft pero está de vacaciones, me pidieron abrir un ticket por elekta para poder ver el caso y resolver, de igual forma tomamos imágenes de campos cuadrados de energía de 6 MV y 6 FFF y nos dio fuera del rango de tolerancia. Si puede verificarlo y hacer el ajuste necesario

Saludos,
Rita Castillo

Creado por **![Avatar](http://www.gravatar.com/avatar/d43809129231d5eb4659bb844e46d990?s=80&d=mm)Rita Castillo**26/feb./2024 20:03

**Rita Castillo** añadido **Erick Salcedo** como colaborador 26/feb./2024 20:03

**Rita Castillo** añadido **Rodrigo El Far** como colaborador 26/feb./2024 20:03

Colaboradores para la organización Centro Cáncer UC-Christus añadidos

![Avatar](http://www.gravatar.com/avatar/af844fb8755a334e6893dd44491e5610?s=80&d=mm)



**Rafael Guapache** publicado 27/feb./2024 09:11

Hola Rita, buenos días.

Podemos revisar este tema mañana luego de la jornada de pacientes. Podrás indicarnos una hora aproximada?

Quedamos atentos

Saludos

 ![Avatar](http://www.gravatar.com/avatar/91a772ea306aabaa3e91f3a1b852afb4?s=80&d=mm)
**Cc Collaborator**
**Erick Salcedo** publicado 27/feb./2024 10:04
Estimado Rafael mañana tenemos disponibilidad en este acelerador desde las 19 hrs.
Quedamos atentos

![Avatar](http://www.gravatar.com/avatar/af844fb8755a334e6893dd44491e5610?s=80&d=mm)



**Rafael Guapache** publicado 28/feb./2024 16:32

Hola Erick,

Hoy se nos dificulta asistir, a que horas tenemos disponibilidad del equipo el dia de mañana?

Quedo atento

Saludos

 ![Avatar](http://www.gravatar.com/avatar/91a772ea306aabaa3e91f3a1b852afb4?s=80&d=mm)
**Cc Collaborator**
**Erick Salcedo** publicado 29/feb./2024 08:16
Hola Alejandro hoy a las 6 de la tarde ese equipo estará sin pacientes, una hora mas temprano que ayer, si es que no pasa nada, te ruego que confirmemos esta hora mas tarde, pero si por favor necesito la intervención.",high,closed,web,20254050952475,15768454754715,15768454754715,14741297259931,14481465021595,true,false,,unoffered,20427286020763,14481427110299,2024-03-05T14:33:34Z,2024-03-15T15:02:40Z,2026-08-06T15:19:10.327Z
57,,incident,2T EN EL INFINITY,2T EN EL INFINITY,"Estimados,

Buenas tardes, hemos tenido en varias ocasiones 2T en el Infinity, si pueden revisarlo.

Saludos,

Rita Castillo",normal,closed,web,20254050952475,20254050952475,15768454754715,14741297259931,14481465021595,true,false,,offered,20427286020763,14481427110299,2024-03-11T15:22:41Z,2024-03-19T21:02:34Z,2026-08-06T15:19:10.327Z
39,,problem,El inifinity en varias oportunidad esta con problemas de Hump Err,El inifinity en varias oportunidad esta con problemas de Hump Err,"Estimados,

Buena tardes, el Infinity desde hace dos semanas esta de forma intermitente con problemas de Hump Err, ya el Ing Rafael pudo verificarlo entrando por Intellimax y pudo ver que no había ninguna desviación, pero el interlock aun persiste. Si puede revisarlo.

Saludos,

Rita Castillo",normal,closed,web,20254050952475,20254050952475,15768454754715,14741297259931,14481465021595,true,false,,offered,20427286020763,14481427110299,2024-03-01T18:20:49Z,2024-03-19T21:02:35Z,2026-08-06T15:19:10.327Z
63,,incident,FCO - 382-05-MON-055 - Agility MLC plans may be incorrectly calculated,FCO - 382-05-MON-055 - Agility MLC plans may be incorrectly calculated,"Hola Estimado, Erick Salcedo.

El motivo del presente ticket es enviarle el siguiente boletín informativo liberado recientemente por Elekta.
Agradecemos por favor, tomar conocimiento, registrar dentro de sus documentos y retornar la plantilla o la hoja firmada con su nombre y cargo actual, para poder enviar a Elekta este documento.

Este FCO aplicaría para todas las sedes.

Fco en adjunto.

Que tengas excelente tarde.",normal,closed,web,20254050952347,15768454754715,15768454754715,14741297259931,14481465021595,true,false,,offered,20427286020763,14481427110299,2024-03-15T17:30:17Z,2024-03-22T21:02:35Z,2026-08-06T15:19:10.327Z
60,,incident,En el Monaco01 hay problemas con importa imágenes desde la carpeta de escritorio ,En el Monaco01 hay problemas con importa imágenes desde la carpeta de escritorio ,"Buenas tardes,

Estimados, al importa imágenes en el Monaco01 desde una carpeta de archivo nos da error CMS_SCU, si pueden verificarlo.

Saludos,

Rita Castillo",high,closed,web,20254050952475,20254050952475,14734559344539,14741297259931,14481465021595,true,false,,offered,20427286020763,14481427110299,2024-03-13T16:44:18Z,2024-03-23T15:02:21Z,2026-08-06T15:19:10.327Z
67,,incident,Falla agendamiento de pacientes,Falla agendamiento de pacientes,Mosaiq se cae al agendar pacientes.,urgent,closed,web,20254050952603,20254050952603,22968357015195,20265216319003,14481465021595,true,false,,offered,20427286020763,14481427110299,2024-03-19T20:01:21Z,2024-03-24T18:02:22Z,2026-08-06T15:19:10.327Z
74,,incident,DOSE RATE MON,DOSE RATE MON,"Estimados, buenos días.

Requerimos su asistencia para resolver el interlock Dose Rate Mon que nos está apareciendo con frecuencia en el haz de 6 MV FFF.

Saludos",normal,closed,web,20254050953243,20254050953243,15768454754715,20265216319003,14481465021595,true,false,,offered,20427286020763,14481427110299,2024-03-22T13:40:00Z,2024-03-26T22:02:11Z,2026-08-06T15:19:10.327Z
85,,incident,Run Check Hexapod,Run Check Hexapod,"Estimados,

Buenas tardes, espero que estén bien.

Hemos estado teniendo problemas con el Run Check, la hexapod no logra llegar a la posición de referencia. Los láseres están bien calibrados.

Hoy contamos con disponibilidad desde las 5 pm y mañana desde las 5:30 pm.

Quedamos atentos.

Muchas gracias.",high,closed,web,20254050952987,20254050952987,19579456345883,20265216319003,14481465021595,true,false,,unoffered,20427286020763,14481427110299,2024-03-27T16:06:46Z,2024-03-27T18:38:56Z,2026-08-06T15:19:10.327Z
61,,incident,Configuración de ruta de exportacion de pacientes desde Mosaiq a Monaco,Configuración de ruta de exportacion de pacientes desde Mosaiq a Monaco,"Necesitamos su ayuda para configurar ruta de exportación de pacientes (plan de tratamiento e imágenes) desde Mosaiq a Monaco, esto fue realizado en 2020 por Sebastián Cárcamo, pero posiblemente con las actualizaciones de Mosaiq se perdió dicha configuración.",urgent,closed,web,20254050952603,20254050952603,22968357015195,14741297259931,14481465021595,true,false,,offered,20427286020763,14481427110299,2024-03-14T12:59:54Z,2024-03-29T17:02:24Z,2026-08-06T15:19:10.327Z
69,,incident,TRM no funciona,TRM no funciona,"Hola estimado Wilmer, realizamos el traspaso del ticket:

## Ticket #626488 TRM no funciona
De la plataforma de IOSTicket, a la actual, Zeendesk. Para un seguimiento del caso se copiaran los mensajes registrados hasta el momento de una plataforma a la otra.

##
**Wilmer Useche** publicado 29/feb./2024 07:42
Estimados,
Escribo para comentarles que las pantallas de la TRM se apagarond de forma espontánea y no volvieron a encender. Reiniciamos el equipo varias veces, aún así, la computadora TRM no enciende.
Adicional a esto, el equipo no hizo backup el día de hoy.
Les solicitamos su asistencia al centro lo antes posible
Quedamos atentos a su respuesta.
Saludos cordiales
Wilmer

**Rafael Guapache** publicado 29/feb./2024 09:34
Estimad@ Wilmer
Acusamos recibo,
Nos pondremos en contacto a la brevedad.
Atte.
**E&G Medical Systems**
**servicio@eygsa.cl** **// +56 2 2653 7362**

**Saludos cordiales.**",high,closed,web,20254050953243,15768454754715,19579456345883,20265216319003,14481465021595,true,false,,offered,20427286020763,14481427110299,2024-03-20T19:39:03Z,2024-03-29T18:02:47Z,2026-08-06T15:19:10.327Z
54,,incident,testing - tickets user,testing - tickets user,hola...,normal,closed,web,23649649383707,23649649383707,15768454754715,,14481465021595,true,false,,offered,20427286020763,14481427110299,2024-03-09T21:41:33Z,2024-04-11T21:02:18Z,2026-08-06T15:19:10.327Z
83,,incident,Ticket #629166 Desconexión del DICOM NAMER,Ticket #629166 Desconexión del DICOM NAMER,"**Andrés Aracena** publicado 28/feb./2024 14:44
Estimados:
Junto con saludar. Por medio de la presente les comunico que desde el dia Lunes 26-02-24, se viene presentando desconexión frecuente del DICOM NAMER, no pudiendo realizarse transferencia de imagenes desde el planificador XIO al MOSAIQ y/o IVIEW a MOSAIQ.
Muchas gracias


* * *
Histórico del caso en formato PDF",normal,closed,web,20254050950939,15768454754715,19579486425499,14742056643483,14481465021595,true,false,,offered,20427286020763,14481427110299,2024-03-25T19:15:18Z,2024-04-12T15:02:58Z,2026-08-06T15:19:10.327Z
82,,incident, Ticket #397177 Reporte de evento emitido por el TCS Oncentra, Ticket #397177 Reporte de evento emitido por el TCS Oncentra,"**Andrés Aracena** publicado 15/feb./2024 16:08
Estiamados:

Junto con saludar. Por medio de la presente se les informa sobre Reporte de Evento emitido el dia Lunes 12-02-24 por el Oncentra TCS previo a proceder a irradiar plan de tratamiento; como se observa en la imagen adjunta, este reporte de evento con dodigo 2072, esta relacionado con el cable de chequeo (check cable). Es importamte resaltar, que el equipo post emisión del reporte de evento a permitido la irradiación sin interrupción.

Saludos


* * *
Histórico del caso en formato PDF",normal,closed,web,20254050950939,15768454754715,19579486425499,14742056643483,14481465021595,true,false,,offered,20427286020763,14481427110299,2024-03-25T19:07:39Z,2024-04-12T15:02:59Z,2026-08-06T15:19:10.327Z
97,,incident,Solicitud Cambio Hora Sistema Mosaiq,Solicitud Cambio Hora Sistema Mosaiq,"Favor solicito cambio de horario en sistema MOSAIQ para ser actualizado a horario actual, actualmente por horario diferido hay incompatibilidad de uso.

Gracias",high,closed,web,20254050946715,20254050946715,14734559344539,14742026913435,14481465021595,true,false,,offered,20427286020763,14481427110299,2024-04-08T14:23:55Z,2024-04-16T16:03:08Z,2026-08-06T15:19:10.327Z
77,,incident,Ticket #266989 Cotización disco duro IView,Ticket #266989 Cotización disco duro IView,"**Marianela Hervias Jara** publicado 23/nov./2023 11:12
Estimados, tal como acorde con Manuel Caballero, abro ticket para solicitar una cotización del disco duro del computador del IView y  asistencia de ustedes con el respaldo y licencias de este pc.

**Manuel Caballero** publicado 23/nov./2023 13:19
Estimad@ Marianela Jara
Acusamos recibo,
Nos pondremos en contacto a la brevedad.
Atte.
**E&G Medical Systems**
**servicio@eygsa.cl** **// +56 2 2653 7362**

**Manuel Caballero** publicado 23/nov./2023 13:28
Estimada Marianela, dejo enlaces donde puede realizar compra de discos duros según lo que puedo recomendar, tanto de spdigital y pcfactory cuentan con buena disponibilidad para realizar compra y hecha esta puedo realizar la copia del disco original junto con realizar todas las pruebas necesarias fuera horario de pacientes.
Respecto al respaldo si gusta puede hacerse de manera Semestral (2 veces al año) junto con la mantención, el cual puede ser almacenado en una unidad externa de su preferencia (considerar al menos 250GB de espacio en la unidad).
Quedo atento a sus comentarios, dudas y consultas, que tenga una buena tarde.

Disco 1TB:
https://www.pcfactory.cl/producto/13696-wd-disco-duro-pc-1tb-bluehttps://www.spdigital.cl/disco-duro-1tb-para-pc-wd-blue-35-sata-6-gbs-7200rpm-64mb/

Disco 2TB
https://www.pcfactory.cl/producto/50269-wd-disco-duro-pc-2tb-blue
https://www.spdigital.cl/disco-duro-2tb-para-pc-35-seagate-barracuda-sata-6gbs-7200-rpm/",normal,closed,web,20254050946715,15768454754715,14734559344539,14742026913435,14481465021595,true,false,,offered,20427286020763,14481427110299,2024-03-25T17:34:06Z,2024-04-16T16:03:08Z,2026-08-06T15:19:10.327Z
78,,incident,Ticket #509457 Panel de IView no se retrae,Ticket #509457 Panel de IView no se retrae,"**Marianela Hervias Jara** publicado 07/nov./2023 15:48
Panel de IView no se retrae (2da parte, detector). Manilla se siente más suelta.
Detector se está irradiando en todos los tratamientos.

Se adjunta imagen de referencia

**Manuel Reyes** publicado 07/nov./2023 16:14
Buenas tardes Marianela.
Damos acuse de la información y agendaremos la intervención para solucionar  la anomalía.
NO existe ningún problema que panel se irradie durante tratamientos.


* * *

Mensajes de caso en adjunto en formato PDF.",high,closed,web,20254050946715,15768454754715,19579474867355,14742026913435,14481465021595,true,false,,offered,20427286020763,14481427110299,2024-03-25T17:48:10Z,2024-04-21T18:02:05Z,2026-08-06T15:19:10.327Z
40,,problem,El isocentro del Infinity no coincide con el 0 de la camilla esta desviado +2 mm,El isocentro del Infinity no coincide con el 0 de la camilla esta desviado +2 mm,"Estimados buenos días,

El isocentro del Infinity no coincide con el 0 de la camilla esta desviado +2 mm, si lo pueden verificar.

Saludos,

Rita Castillo",normal,closed,web,20254050952475,20254050952475,15768454754715,14741297259931,14481465021595,true,false,,good,20427286020763,14481427110299,2024-03-04T12:49:55Z,2024-05-03T12:01:48Z,2026-08-06T15:19:10.327Z
151,,incident,SIN ingreso a Citrix/Monaco,SIN ingreso a Citrix/Monaco,No se puede ingresar a citrix ni monaco.,high,closed,web,20254050949787,20254050949787,22968357015195,14741593614363,14481465021595,true,false,,offered,20427286020763,14481427110299,2024-05-09T12:14:40Z,2024-05-14T14:02:38Z,2026-08-06T15:19:10.327Z
156,,incident,falla rescate pacte cecilia troncoso,falla rescate pacte cecilia troncoso,"**Jorge Corvalan** publicado 13/may./2024 08:48


Al importar imágenes del pacs a monacosim aparece la falla adjunta.",normal,closed,web,20254050949019,22968357015195,22968357015195,14741593614363,14481465021595,true,false,,offered,20427286020763,14481427110299,2024-05-13T13:45:42Z,2024-05-17T17:02:58Z,2026-08-06T15:19:10.327Z
196,,incident,Revisión MOSAIQ,Revisión MOSAIQ,"________________________________________________________________________________
Microsoft Teams ¿Necesita ayuda?&lt;https://aka.ms/JoinTeamsMeeting?omkt=es-ES&gt;
Unirse a la reunión ahora&lt;https://teams.microsoft.com/l/meetup-join/19%3ameeting_Yjc1NWU3YjEtNDkzZS00ODUxLWI0NjctOGJiZDQ2NzNhNzZk%40thread.v2/0?context=%7b%22Tid%22%3a%22e52a611f-7c23-4b0a-87d6-cc84798a6827%22%2c%22Oid%22%3a%228f15e5a8-5b37-418b-9206-62f7e7adf92b%22%7d&gt;
Id. de reunión: 271 636 786 736
Código de acceso: vbxnok
________________________________
Para organizadores: Opciones de la reunión&lt;https://teams.microsoft.com/meetingOptions/?organizerId=8f15e5a8-5b37-418b-9206-62f7e7adf92b&tenantId=e52a611f-7c23-4b0a-87d6-cc84798a6827&threadId=19_meeting_Yjc1NWU3YjEtNDkzZS00ODUxLWI0NjctOGJiZDQ2NzNhNzZk@thread.v2&messageId=0&language=es-ES&gt;
[https://www.ucchristus.cl/assets/images/logo.png]
________________________________________________________________________________",,closed,email,26077991072667,26077991072667,14734559344539,14741297259931,14481465021595,true,false,,unoffered,20427286020763,14481427110299,2024-05-29T19:38:35Z,2024-05-29T22:22:53Z,2026-08-06T15:19:10.327Z
195,,incident,Revisión MOSAIQ,Revisión MOSAIQ,"________________________________________________________________________________
Microsoft Teams ¿Necesita ayuda?&lt;https://aka.ms/JoinTeamsMeeting?omkt=es-ES&gt;
Unirse a la reunión ahora&lt;https://teams.microsoft.com/l/meetup-join/19%3ameeting_Yjc1NWU3YjEtNDkzZS00ODUxLWI0NjctOGJiZDQ2NzNhNzZk%40thread.v2/0?context=%7b%22Tid%22%3a%22e52a611f-7c23-4b0a-87d6-cc84798a6827%22%2c%22Oid%22%3a%228f15e5a8-5b37-418b-9206-62f7e7adf92b%22%7d&gt;
Id. de reunión: 271 636 786 736
Código de acceso: vbxnok
________________________________
Para organizadores: Opciones de la reunión&lt;https://teams.microsoft.com/meetingOptions/?organizerId=8f15e5a8-5b37-418b-9206-62f7e7adf92b&tenantId=e52a611f-7c23-4b0a-87d6-cc84798a6827&threadId=19_meeting_Yjc1NWU3YjEtNDkzZS00ODUxLWI0NjctOGJiZDQ2NzNhNzZk@thread.v2&messageId=0&language=es-ES&gt;
[https://www.ucchristus.cl/assets/images/logo.png]
________________________________________________________________________________",,closed,email,26077991072667,26077991072667,14734559344539,14741297259931,14481465021595,true,false,,unoffered,20427286020763,14481427110299,2024-05-29T19:37:48Z,2024-05-29T22:22:53Z,2026-08-06T15:19:10.327Z
240,,incident,No se puede ingresar a MONACO 1 y 2,No se puede ingresar a MONACO 1 y 2,"No se puede iniciar aplicacion MONACO, tanto Monaco 1 como Monaco 2.",urgent,closed,web,20254050948123,20254050948123,22968357015195,14741593614363,14481465021595,true,false,,unoffered,20427286020763,14481427110299,2024-06-18T12:37:00Z,2024-06-18T12:43:11Z,2026-08-06T15:19:10.327Z
219,,incident,Perdida conexión servidor de cálculo,Perdida conexión servidor de cálculo,"Estimados, para informar que de nuevo se perdió la conexión desde los TPS al servidor de cálculo. Espero se pueda revisar lo antes posible que se está trabajando en planes QA
Saludos




[cid:eaccade5-9ccb-4dab-9d74-0211493d45c1]",,closed,email,26080969273499,26080969273499,14481448391451,14741543428379,14481465021595,true,false,,unoffered,20427286020763,14481427110299,2024-06-10T14:42:59Z,2024-06-19T16:32:55Z,2026-08-06T15:19:10.327Z
235,,incident,Revisión Conexión Tablet Láseres Gammex,Revisión Conexión Tablet Láseres Gammex,"Estimados, buenos días. Escribo para solicitar su apoyo en la revisión de la conexión de la Tablet del sistema de Láseres ya que actualmente se encuentra con fallas. Muchas gracias.",normal,closed,web,20254034214299,20254034214299,15768454754715,14741318546075,14481465021595,true,false,,unoffered,20427286020763,14481427110299,2024-06-17T12:44:02Z,2024-06-28T17:00:57Z,2026-08-06T15:19:10.327Z
271,,incident,XVI FAULT 16,XVI FAULT 16,"El día de ayer en la tarde noche comenzó a presentarse fault 16, como quedaban pocos pacientes decidimos continuar sin CBCT, pero al llegar hoy am e intentar reiniciar dos veces el generador el fault 16 persiste inhabilitando la opción de poder usar el XVI.",urgent,closed,web,20254050952347,20254050952347,15768454754715,14741297259931,14481465021595,true,false,,unoffered,20427286020763,14481427110299,2024-07-03T12:17:02Z,2024-07-03T15:55:10Z,2026-08-06T15:19:10.327Z
289,,incident,Axesse - FCO 200-02-103-085-Uncontrolled Xvi ViewGT Arm Extension Modification,Axesse - FCO 200-02-103-085-Uncontrolled Xvi ViewGT Arm Extension Modification,"Hola Estimado, Erick.

El motivo del presente ticket es enviarle el siguiente boletín informativo liberado recientemente por Elekta.

El Fco trata de un reemplazo de un microswitch en los paneles de XVi y IviewGT para el cierre apropiado de los mismos.

Agradecemos por favor, tomar conocimiento, registrar dentro de sus documentos.

Fco en adjunto.",normal,closed,web,20254050952347,15768454754715,15768454754715,14741297259931,14481465021595,true,false,,offered,20427286020763,14481427110299,2024-07-12T01:46:41Z,2024-07-16T02:01:43Z,2026-08-06T15:19:10.327Z
314,,incident,Monitor TPS1 no recibe señal,Monitor TPS1 no recibe señal,"Monitor TPS 01 no recibe señal. Se reinició sistema, se verificó conexión de cables, sin resultado positivo.
Saludos




[cid:fc0c6606-396c-42dc-a7f4-6fbbbe2d0897]",,closed,email,26080969273499,26080969273499,14481448391451,14741543428379,14481465021595,true,false,,offered,20427286020763,14481427110299,2024-07-15T17:18:29Z,2024-07-21T14:02:04Z,2026-08-06T15:19:10.327Z
260,,incident,RV: Elekta Case #03591903 - MONACO electron plan problem    [ ref:!00D600IYoG.!5006g016CMtf:ref ],RV: Elekta Case #03591903 - MONACO electron plan problem    [ ref:!00D600IYoG.!5006g016CMtf:ref ],"Estimado,

 

Con urgencia, ruego indicar si los TPS del Hospital Clinico Magallanes pueden pasar los modelos a modo Clínico y así poder comenzar la planificación con pacientes.

 

Entiendo que todo está relacionado con la problemática del cambio entre el MONACO01 al 03, pero hasta ahora cada vez que ingresan a resolver un problema encontramos los modelos desinstalados y tenemos que reinstalar todo y verificar los cálculos.

 

Necesitamos comenzar con pacientes, favor indicar si podemos hacerlo o si los TPS se encuentran detenidos a la espera de la última revisión.

 

Saludos cordiales,

 

Juan Carlos Leal Chandía

Físico Médico – Unidad de Radioterapia

Hospital Clínico Magallanes

juancarlos.lealc@redsalud.gov.cl

 

 

De: Pimentel, Matheus Rodrigues <Matheus.Pimentel@elekta.com>
Enviado el: miércoles, 26 de junio de 2024 10:33
Para: Juan Carlos Leal Chandía <juancarlos.lealc@redsalud.gov.cl>; ssalice@eygsa.cl
Asunto: Re: Elekta Case #03591903 - MONACO electron plan problem [ ref:!00D600IYoG.!5006g016CMtf:ref ]

 

Hola Juan, buenos dias

 

La conexión se cayó ¿Podrían conectarme de nuevo? Ayer los archivos no se cargaron en mi Driver y estoy hoy transfiriendo poco a poco.

 

https://secure.logmeinrescue.eu/R?i=2&Code=017469 

 

Saludos,

Matheus

 

Restricted Information and Basic Personal Data

Matheus Rodrigues Pimentel​​​​

 | 

Junior System Analyst

Elekta Medical Systems LTDA

Avenida Brigadeiro Faria Lima, 1355 cj. 2001

São Paulo, 

SP ‑ 01452‑919, 

Brazil

Matheus.Pimentel@elekta.com

 | 

www.elekta.com (https://www.elekta.com/)

This message is confidential and may be legally privileged or otherwise protected from disclosure. ​If you are not the intended recipient, please telephone or email the sender and delete this message ​and any attachment from your system; you must not copy or disclose the contents of this message ​or any attachment to any other person.
Any views expressed in this message are those of the individual sender, except where the sender specifies ​and with authority, states them to be the views of Elekta. Elekta may monitor email traffic data.

 

Restricted Information and Basic Personal Data

-------------------------------

From: Pimentel, Matheus Rodrigues <Matheus.Pimentel@elekta.com>
Sent: Tuesday, June 25, 2024 3:08 PM
To: Juan Carlos Leal Chandía <juancarlos.lealc@redsalud.gov.cl>; ssalice@eygsa.cl <ssalice@eygsa.cl>
Subject: Re: Elekta Case #03591903 - MONACO electron plan problem [ ref:!00D600IYoG.!5006g016CMtf:ref ]

 

Hola Juan y Sebastian, buenas tardes

 

Sigue el enlace para la conexión.

https://secure.logmeinrescue.eu/R?i=2&Code=065764

 

Saludos,

Matheus

-------------------------------

From: Pimentel, Matheus Rodrigues <Matheus.Pimentel@elekta.com>
Sent: Monday, June 24, 2024 3:57 PM
To: Juan Carlos Leal Chandía <juancarlos.lealc@redsalud.gov.cl>
Subject: Re: Elekta Case #03591903 - MONACO electron plan problem [ ref:!00D600IYoG.!5006g016CMtf:ref ]

 

Hola Juan,

 

Perdon por el retraso. Yo habia planeado la hora de Chile continental, perdón. 

Sigue el enlace para la conexión.

https://secure.logmeinrescue.eu/R?i=2&Code=055720


Saludos,

Matheus

-------------------------------

From: Juan Carlos Leal Chandía <juancarlos.lealc@redsalud.gov.cl>
Sent: Monday, June 24, 2024 1:24 PM
To: Pimentel, Matheus Rodrigues <matheus.pimentel@elekta.com>
Subject: RE: Elekta Case #03591903 - MONACO electron plan problem [ ref:!00D600IYoG.!5006g016CMtf:ref ]

 

Estimado,

Ningún problema, yo lo espero. Favor considerar que Magallanes tiene zona horaria propia (GMT-3) desfasada de Chile Continental.
Creo que es el mismo huso horario en Brasilia.

Favor confirmar si es a las 15 hora Magallanes/Brasilia u horario continental.

Hay que hacer algo en el TPS para la conexión?

Quedo atento, saludos cordiales,

Juan Carlos Leal Chandía
Físico Médico - Unidad de Radioterapia
Hospital Clínico Magallanes
juancarlos.lealc@redsalud.gov.cl


-----Mensaje original-----
De: Matheus Pimentel <matheus.pimentel@elekta.com>
Enviado el: lunes, 24 de junio de 2024 11:48
Para: Juan Carlos Leal Chandía <juancarlos.lealc@redsalud.gov.cl>
Asunto: Elekta Case #03591903 - MONACO electron plan problem [ ref:!00D600IYoG.!5006g016CMtf:ref ]

Hola Juan, como estas?

Recebimos su llamado para el problema en los electrons en Monaco. Podriam hacer una conexión hoy a las 15:00 horario del Chile?

Quedo atento a su respuesta!

Saludos,
Matheus
ref:!00D600IYoG.!5006g016CMtf:ref

____________________________________________________________________________________________

Please consider the environment before printing this e-mail.

The contents of this e-mail message (including any attachments) are confidential to and are intended to be conveyed for the use of the recipient to whom it is addressed only. If you receive this transmission in error, please notify the sender of this immediately and delete the message from your system. Any distribution, reproduction or use of this message by someone other than recipient is not authorized and may be unlawful.",,closed,email,20254050945435,20254050945435,14481448391451,14741597726619,14481465021595,true,false,,good,20427286020763,14481427110299,2024-06-28T15:49:04Z,2024-07-21T16:02:13Z,2026-08-06T15:19:10.327Z
297,,incident,No inició correctamente el acelerador,No inició correctamente el acelerador,"Se requiere asistencia para hacer iniciar el acelerador. Equipo no operativo por el momento.

Saludos




[cid:ba344410-dc76-4468-b295-f4dc6695e2b6]",,closed,email,26080969273499,26080969273499,19579468718875,14741543428379,14481465021595,true,false,,offered,20427286020763,14481427110299,2024-07-15T11:31:35Z,2024-07-22T14:02:53Z,2026-08-06T15:19:10.327Z
291,,incident,Crear nuevo Usuario para citrixx,Crear nuevo Usuario para citrixx,"Estimados

Recientemente se integró el TM Gianfranco González a nuestra unidad. Por lo que requerimos que nos colaboren en crear su usuario (ggonzalez) en Citrixx.

Saludos




[cid:29407efe-5d35-4a6f-b56d-8f8b26cf33f6]",,closed,email,26080969273499,26080969273499,14481448391451,14741543428379,14481465021595,true,false,,offered,20427286020763,14481427110299,2024-07-12T13:37:34Z,2024-07-22T19:02:38Z,2026-08-06T15:19:10.327Z
245,,incident,Falla de chiller,Falla de chiller,"Para informar nuevamente falla de Chiller, causando sobrecalentamiento del equipo mientras se realizan disparos (Water Temp).



Saludos



[cid:5df69490-133b-4005-a227-4f565d8e9817]",,closed,email,26080969273499,26080969273499,14481448391451,14741543428379,14481465021595,true,false,,offered,20427286020763,14481427110299,2024-06-21T16:10:39Z,2024-07-26T13:02:20Z,2026-08-06T15:19:10.327Z
87,,incident,Incorporación frascos,Incorporación frascos,"Estimados 
favor solicito ingresar los siguientes frascos a sistema apoteca, enviaré información pendiente apenas la tenga

Nombre medicamento Nombre Marca Laboratorio Presentación Densidad (g/mL) Concentración  Solvente Volumen solvente Código SICI
Gemcitabina Gemtero  Hetero  1000 mg  1,033g/mL 38 mg/ml  SF 25 ml  
Cisplatino Cislan Hetero  50 mg  1,007g/mL 1 mg/ml NA NA  
Vinblastina Vinblastina Fressenius 10 mg    1 mg/ml  NA NA  
Topotecan  Topotecan  Biosano  4 mg   1 mg/ml  API 4 ml  


Además quisiera solicitar incorporación al robot de los siguientes frascos ya disponibles en PS 

Herzuma
Irinotecan Aqvida 100 mg 
Irican 
Idarrubicina 

Pueden venir el Lunes a tomar medidas y datos necesarios de esos frascos 
Quedo atenta 

Saludos 
--

Irene Rimeu Montero Arriagada
Encargada de Aseguramiento de Calidad, Subgerencia de Servicios Farmacéuticos .
Jose Manuel Infante 805 Providencia | Santiago
Tel.(56.2) 27067501
      (56.2) 27067548 | https://www.institutoncologicofalp.cl/ (http://www.falp.org)
Fundación Arturo López Pérez


La información contenida en este correo electrónico es confidencial y está dirigida exclusivamente a los destinatarios indicados expresamente. Cualquier uso, reproducción, divulgación o distribución realizada por personas distintas de los destinatarios de este mensaje, está estrictamente prohibida. Si usted ha recibido este correo por error, por favor repórtelo inmediatamente al remitente y bórrelo de su sistema, sin dejar copias. Este correo electrónico no pretende ni debe ser considerado como constitutivo de ninguna relación legal, contractual o de otra índole similar.

Fundación Arturo López Pérez está comprometida con la sustentabilidad. Por favor, no imprima este correo si no es realmente necesario.",normal,closed,email,20254020294427,20254020294427,20238696308635,15484666348187,14481465021595,true,false,,good,22951460465819,14481427110299,2024-03-28T16:54:46Z,2024-07-27T17:02:22Z,2026-08-06T15:19:10.327Z
329,,incident,Descarga de complemento Citrix,Descarga de complemento Citrix,"Estimados

Solicito colaboración para revisar algunos PC si tienen instalado complemento de Citrix que permitan conexión remota. Saludos




[cid:1715d048-e4d3-4f8b-8623-c1cc1df78e97]",normal,closed,email,26080969273499,26080969273499,14481448391451,14741543428379,14481465021595,true,false,,offered,20427286020763,14481427110299,2024-07-19T18:27:34Z,2024-07-27T19:02:14Z,2026-08-06T15:19:10.327Z
290,,incident,RV: pantallazos monaco,RV: pantallazos monaco,"Estimados,

 

Una consulta relacionada con el soporte de Elekta, relativo a algunos problemas que ha tenido nuestro equipo de TMs con MONACO:

* Las mandíbulas pueden no quedar conformadas al campo de las MLC.
* Con lo anterior, MONACO no cierra las láminas que ‘debían’ quedar cubiertas, pero no lo están porque la mandíbula no está ni cerca, exponiendo la franja de láminas en ‘descanso’.
* Sean o no asimétricas, es posible que las mandíbulas no sigan a las láminas entre segmentos, si no se les indicó desde un comienzo la asimetría.
* Una vez ocurre, no es posible reconfigurar el campo y se debe comenzar de nuevo.

 

Adjunto algunas imágenes de muestra.

 

Cualquier información es bienvenida, saludos cordiales,

 

Juan Carlos Leal Chandía

Físico Médico – Unidad de Radioterapia

Hospital Clínico Magallanes

juancarlos.lealc@redsalud.gov.cl

 

 

De: Unidad de Radioterapia Secretaria <radioterapia.hcm@gmail.com>
Enviado el: viernes, 12 de julio de 2024 9:39
Para: Juan Carlos Leal Chandía <JUANCARLOS.LEALC@redsalud.gob.cl>
Asunto: pantallazos monaco",high,closed,email,26080982926747,26080982926747,14481448391451,14741543428379,14481465021595,true,false,,offered,20427286020763,14481427110299,2024-07-12T13:03:57Z,2024-07-28T19:02:19Z,2026-08-06T15:19:10.327Z
348,,incident,Error MLC no Ready,Error MLC no Ready,"Estimados , buenas tardes,

Solicitamos asistencia técnica por error en MLC que no deja continuar el tratamiento.

Se observa que una lamina no se mueve,

Quedo atento.



Saludos cordiales.",urgent,closed,web,20254020297371,20254020297371,20210900681499,14740499786395,14481465021595,true,false,,good,20427286020763,14481427110299,2024-07-26T16:16:32Z,2024-08-02T19:02:57Z,2026-08-06T15:19:10.327Z
346,,incident,Interlock -320V MON VERSA 1,Interlock -320V MON VERSA 1,"Buen día,

Se requiere revisión de acelerador VERSA 1 por interlock -320V MON el cual se viene presentando en algunas energías, especialmente 15MeV y 10 MV.

Saludos,

Manuel C.",normal,closed,web,20254020292379,20254020292379,19579474867355,14741389938587,14481465021595,true,false,,offered,20427286020763,14481427110299,2024-07-26T14:30:04Z,2024-08-04T17:02:28Z,2026-08-06T15:19:10.327Z
351,,incident,Problema lector QR,Problema lector QR,"Estimados
Junto con saludar, informo que el lector QT ha tenido problemas, además se encuentra asociado a un computador el cual no utiliza normalmente la secretaria.
Se podra cambiar al PC de la Secretaria ?

Saludos

[cid:579e6385-5cba-4f03-adba-dfad81f1ad12]",,closed,email,26080969312027,26080969312027,14481448391451,14741543428379,14481465021595,true,false,,offered,20427286020763,14481427110299,2024-07-29T14:55:30Z,2024-08-05T18:02:58Z,2026-08-06T15:19:10.327Z
373,,incident,Configuración MOSAIQ,Configuración MOSAIQ,"Por favor asignar especialista con el fin de revisar la configuración de la estación con dirección IP: 10.6.83.65, en esta no aparecen configuraciones de imágenes. se sugiere revisar archivo IMPACS.INI

Contacto: tecnóloga: srta. Betsabe Díaz",high,closed,web,20253958178715,20253958178715,22968357015195,14741318546075,14481465021595,true,false,,unoffered,20427286020763,14481427110299,2024-08-05T16:35:04Z,2024-08-05T18:29:39Z,2026-08-06T15:19:10.327Z
375,,incident,Configuración MOSAIQ,Configuración MOSAIQ,"Por favor asignar especialista con el fin de revisar la configuración de la estación con dirección IP: 10.6.83.105, en esta no aparecen configuraciones de imágenes. se sugiere revisar archivo IMPACS.INI

Contacto: tecnóloga: srta. Betsabe Díaz",high,closed,web,20253958178715,20253958178715,22968357015195,14741318546075,14481465021595,true,false,,unoffered,20427286020763,14481427110299,2024-08-05T16:37:05Z,2024-08-05T18:29:40Z,2026-08-06T15:19:10.327Z
374,,incident,Configuración MOSAIQ,Configuración MOSAIQ,"Por favor asignar especialista con el fin de revisar la configuración de la estación con dirección IP: 10.6.83.100, en esta no aparecen configuraciones de imágenes. se sugiere revisar archivo IMPACS.INI

Contacto: tecnóloga: srta. Betsabe Díaz",high,closed,web,20253958178715,20253958178715,22968357015195,14741318546075,14481465021595,true,false,,unoffered,20427286020763,14481427110299,2024-08-05T16:36:04Z,2024-08-05T18:29:40Z,2026-08-06T15:19:10.327Z
377,,incident,Configuración MOSAIQ,Configuración MOSAIQ,"Por favor asignar especialista con el fin de revisar la configuración de la estación con dirección IP: 10.6.83.45, en esta no aparecen configuraciones de imágenes. se sugiere revisar archivo IMPACS.INI

Contacto: tecnóloga: srta. Betsabe Díaz",high,closed,web,20253958178715,20253958178715,22968357015195,14741318546075,14481465021595,true,false,,unoffered,20427286020763,14481427110299,2024-08-05T16:38:53Z,2024-08-05T18:29:41Z,2026-08-06T15:19:10.327Z
376,,incident,Configuración MOSAIQ,Configuración MOSAIQ,"Por favor asignar especialista con el fin de revisar la configuración de la estación con dirección IP: 10.76.3.58, en esta no aparecen configuraciones de imágenes. se sugiere revisar archivo IMPACS.INI

Contacto: tecnóloga: srta. Betsabe Díaz",high,closed,web,20253958178715,20253958178715,22968357015195,14741318546075,14481465021595,true,false,,unoffered,20427286020763,14481427110299,2024-08-05T16:38:06Z,2024-08-05T18:29:41Z,2026-08-06T15:19:10.327Z
367,,incident,Acelerador no enciende,Acelerador no enciende,"Equipo no enciende inhibit RT Coms, adicionalmente falla en UPS después de corte de luz",urgent,closed,web,20254050946715,20254050946715,19579474867355,14742026913435,14481465021595,true,false,,offered,20427286020763,14481427110299,2024-08-05T01:01:16Z,2024-08-09T16:02:55Z,2026-08-06T15:19:10.327Z
363,,incident,Equipo VERSA 1 NO OPERATIVO por interlock Vac Targ,Equipo VERSA 1 NO OPERATIVO por interlock Vac Targ,"Buen dia, Se informa que el equipo VERSA 1 amaneció con interlock Vac Targ. Equipo NO OPERATIVO. Saludos, Manuel.",urgent,closed,web,20254020292379,20254020292379,19579474867355,14741389938587,14481465021595,true,false,,offered,20427286020763,14481427110299,2024-08-02T12:49:14Z,2024-08-09T16:02:56Z,2026-08-06T15:19:10.327Z
352,,incident,Dose Rate Mon 6 MV,Dose Rate Mon 6 MV,"Estimados,

Buenas días.

Estamos con interlock de Dose Rate Mon para 6 MV.

Quedamos atentos.

Saludos,

Nathalie",,closed,web,20254050952987,20254050952987,19579474867355,20265216319003,14481465021595,true,false,,offered,20427286020763,14481427110299,2024-07-29T15:54:45Z,2024-08-09T18:02:25Z,2026-08-06T15:19:10.327Z
379,,incident,"PANEL DEL XVI DEL INFINITY SIN TOMAR POSICIÓN (S, M, L)","PANEL DEL XVI DEL INFINITY SIN TOMAR POSICIÓN (S, M, L)","Estimados,

Buenas tardes, hemos tenidos problemas con el posicionamiento del panel de XVI del Infinity, que no toma las posiciones. Ya en el último intento no tomó las posiciones, por lo cual tenemos el equipo parado sin poder adquirir imágenes en el CBCT.",urgent,closed,web,20254050952475,20254050952475,19579474867355,14741297259931,14481465021595,true,false,,offered,20427286020763,14481427110299,2024-08-05T18:49:05Z,2024-08-11T16:02:22Z,2026-08-06T15:19:10.327Z
327,,incident,Panel KV XVI se desconecta al girar gantry,Panel KV XVI se desconecta al girar gantry,"El panel KV del XVI se desconecta al girar gantry, cortando los CBCT. Es necesario reposicionar panel en todos las adquisiciones.

Se adjunta video",high,closed,web,20254050948763,20254050948763,20210900681499,14741593614363,14481465021595,true,false,,offered,20427286020763,14481427110299,2024-07-19T12:02:16Z,2024-08-11T16:02:23Z,2026-08-06T15:19:10.327Z
293,,incident,Curso GO LIVE,Curso GO LIVE,"Estimado equipo EyG, para agradecer la coordinación de la visita Ana Carolina Cartágenes como entrenadora responsable del curso GO LIVE, que se realizó desde el día Miércoles 10 de Julio al viernes 12 de Julio. Siendo muy provechoso en temas concernientes a la entrega de tratamiento de pacientes, configuración de CBCT y promoción de planes, entre otros relacionados.  Notándose un alto nivel de conocimiento en dicha área, por lo que reitero agradecimiento por gestiones de dicha visita.

Por otro lado, dado que el departamento de Tecnología Médica tenía información que la visita iba a ser por parte de Ignacio Verdugo, tenían preparado una serie de consultas en temas relacionados al sistema de planificación de tratamientos (MONACO), ya que esa área también es de su manejo. Carolina nos indicó que lamentaba no poder colaborarnos, pues no tiene capacitación en esa área, algo que entendemos. Pero, aprovecho de extender, que es una necesidad que estamos requiriendo, para continuar fortaleciendo a todo el personal. Es por ello, que consulto, si es posible que se pueda agendar una breve visita de alguien especialista de Elekta que nos ayude en este otro tema?

Saludos





[cid:d80c7a4a-d984-4162-bcd2-634a2536ca53]",normal,closed,email,26080969273499,26080969273499,14481448391451,14741543428379,14481465021595,true,false,,offered,20427286020763,14481427110299,2024-07-12T17:58:51Z,2024-08-12T16:02:45Z,2026-08-06T15:19:10.327Z
381,,incident,Dose Rate Mon 6 FFF,Dose Rate Mon 6 FFF,"Estimados, espero que estén bien.

El día de hoy empezó a aparecer el interlock Dose Rate mon al irradiar con el haz de energía 6 MV FFF.

Quedamos atentos a su respuesta.

Saludos.",high,closed,web,20254050953243,20254050953243,19579474867355,20265216319003,14481465021595,true,false,,offered,20427286020763,14481427110299,2024-08-06T00:53:33Z,2024-08-16T00:02:18Z,2026-08-06T15:19:10.327Z
334,,incident,Dose Rate Mon 10 FFF,Dose Rate Mon 10 FFF,"Estimados,

La noche de ayer apareció el interlock Dose Rate Mon para la energía 10 MV FFF. Solicitamos su asistencia para solucionarlo.

Saludos",normal,closed,web,20254050953243,20254050953243,20210900681499,20265216319003,14481465021595,true,false,,offered,20427286020763,14481427110299,2024-07-23T15:26:05Z,2024-08-16T00:02:19Z,2026-08-06T15:19:10.327Z
300,,incident,Bomba de vacio del gun en el equipo Axesse inestable,Bomba de vacio del gun en el equipo Axesse inestable,"Estimados,

Buenos días, el día de hoy tuvimos problemas con el vacío del gun del equipo Axesse. El sábado hubo un corte de electricidad, al conectar la fuente del gun a la energía eléctrica y al hacer el cambio el cambio, la fuente no partía. Asistió el ingeniero y verificó la bomba de vació, mencionó que puede estar inestable y que ameritaba cambió, que se puede organizar para el próximo cambio del gun.

Saludos,

Rita Castillo",,closed,web,20254050952475,20254050952475,19579474867355,14741297259931,14481465021595,true,false,,offered,20427286020763,14481427110299,2024-07-15T15:09:59Z,2024-08-16T20:02:50Z,2026-08-06T15:19:10.327Z
401,,incident,MLC DEL AXESSE FALLAS EN LAS LÁMINAS 14 DE AMBOS BANDOS,MLC DEL AXESSE FALLAS EN LAS LÁMINAS 14 DE AMBOS BANDOS,"Estimados,

Buenas tardes, las láminas 14 de ambos bandos se quedaron pegadas para el equipo Axesse.",high,closed,web,20254050952475,20254050952475,22297930568347,14741297259931,14481465021595,true,false,,offered,20427286020763,14481427110299,2024-08-13T21:25:28Z,2024-08-18T21:02:14Z,2026-08-06T15:19:10.327Z
399,,incident,Ruido raro en cbct,Ruido raro en cbct,"Cbct tiene un ruido raro. Video muy pesado para email.
Saludos.",,closed,email,26080982926747,26080982926747,19579468718875,14741543428379,14481465021595,true,false,,offered,20427286020763,14481427110299,2024-08-13T14:26:15Z,2024-08-20T17:02:39Z,2026-08-06T15:19:10.327Z
394,,incident,RV: Solicitud de retiro de caja de sala de preparación de paciente,RV: Solicitud de retiro de caja de sala de preparación de paciente,"Estimados,

 

Se ruega gestionar el cambio de las carcasas del acelerador lineal o, en su defecto, quizás encontrar un lugar más adecuado donde dejar este repuesto a la brevedad.

Quizás pueda dejarse la carcasa sin caja en sala de máquinas en el intertanto?

 

Agradeciendo de antemano, saludos cordiales,

 

Juan Carlos Leal Chandía

Físico Médico – Unidad de Radioterapia

Hospital Clínico Magallanes

juancarlos.lealc@redsalud.gov.cl

 

 

De: Enfermera Radioterapia <eu.radioterapia.hcm@redsalud.gob.cl>
Enviado el: lunes, 12 de agosto de 2024 9:43
Para: Juan Carlos Leal Chandía <juancarlos.lealc@redsalud.gob.cl>
CC: Evelyn San Martín <esm.m2010@gmail.com>
Asunto: Solicitud de retiro de caja de sala de preparación de paciente

 

Estimado Juan Carlos,

Junto con saludarte y según lo conversado en la reunión de hoy, solicito por favor realizar las gestiones pertinentes para el retiro de caja de la sala de procedimientos.

Esto debido a que en esa zona se realizan las curaciones de los pacientes en tratamiento que requieren de esta atención de forma diaria.

 

 

Saludos cordiales.

 

Atte.",normal,closed,email,26080982926747,26080982926747,19579468718875,14741543428379,14481465021595,true,false,,offered,20427286020763,14481427110299,2024-08-12T13:08:44Z,2024-08-20T17:02:39Z,2026-08-06T15:19:10.327Z
372,,incident,Configuración MOSAIQ,Configuración MOSAIQ,"Por favor asignar especialista con el fin de revisar la configuración de la estación con dirección IP: 10.6.83.74, en esta no aparecen configuraciones de imágenes. se sugiere revisar archivo IMPACS.INI",high,closed,web,20253958178715,20253958178715,22968357015195,14741318546075,14481465021595,true,false,,offered,20427286020763,14481427110299,2024-08-05T16:33:00Z,2024-08-20T18:03:04Z,2026-08-06T15:19:10.327Z
331,,incident,Se desconecta Sistema XVI,Se desconecta Sistema XVI,"11:30 sistema XVI queda pegado, no permite mover detector y se desconecta desde software.
Se informa a Ing. Roberto que estaba en sitio.




[cid:12b3c612-42a5-4514-ba22-46c676c07a3e]",normal,closed,email,26080969273499,26080969273499,19579468718875,14741543428379,14481465021595,true,false,,offered,20427286020763,14481427110299,2024-07-22T15:34:02Z,2024-08-20T18:03:05Z,2026-08-06T15:19:10.327Z
405,,incident,Ajuste Perfil 10 FFF,Ajuste Perfil 10 FFF,"Estimados, buenas tardes.

En esta oportunidad escribimos para solicitar su asistencia para ajustar el perfil inline de 10FFF. En nuestras mediciones mensuales nos resultó fuera de tolerancia el valor de la simetría del mismo.

Quedamos atentos a su respuesta.

Saludos cordiales",high,closed,web,20254050953243,20254050953243,19579474867355,20265216319003,14481465021595,true,false,,offered,20427286020763,14481427110299,2024-08-16T17:34:44Z,2024-08-23T15:03:11Z,2026-08-06T15:19:10.327Z
404,,incident,Falla equipo Infiniry,Falla equipo Infiniry,"Falla mandíbulas al inicio del equipo, se reinicia 3 veces para partir y liego falla con paciente. Se suma error para tomar imágenes con XVI, interlock Imagine Module.",high,closed,web,20254050952603,20254050952603,19579474867355,14741297259931,14481465021595,true,false,,offered,20427286020763,14481427110299,2024-08-16T14:36:01Z,2024-08-23T15:03:12Z,2026-08-06T15:19:10.327Z
389,,incident,MLC Infinity,MLC Infinity,Estimados tenemos problemas con MLC lamina y banco y1 y y2 con interlock not ready,urgent,closed,web,20254050952347,20254050952347,19579474867355,14741297259931,14481465021595,true,false,,offered,20427286020763,14481427110299,2024-08-09T11:33:00Z,2024-08-23T15:03:12Z,2026-08-06T15:19:10.327Z
370,,incident,Presion de Agua SURAGILITY,Presion de Agua SURAGILITY,"Junto con saludar y esperando que se encuentren bien, comunicar que en el suragility se presenta la alerta de Presion de Agua, esta alerta ha aparecido reiteras veces aun que antes de iniciar los tratamiento se verifico con un valor de 9 PSI al empezar con el primer tramiento se observa un valor 8,5 PSI un cambio bastante brusco y anormal.

Ademas el movimiento longitudinal de la camilla queda bloqueado y hay que moverlo manualmente



Favor informar a soporte , y recordar que es el equipo que va quedar para todos los paciente durante el cambio del Noragility.",urgent,closed,web,20254011642523,20254011642523,19579474867355,14741318546075,14481465021595,true,false,,offered,20427286020763,14481427110299,2024-08-05T14:36:46Z,2024-08-23T19:03:01Z,2026-08-06T15:19:10.327Z
408,,incident,FALLA EN EL MLC DEL INFINITY,FALLA EN EL MLC DEL INFINITY,"Estimados,

Buenos días, presentamos de nuevo falla en el MLC del Infinity.

Saludos,

Rita Castillo",urgent,closed,web,20254050952475,20254050952475,19579474867355,14741297259931,14481465021595,true,false,,offered,20427286020763,14481427110299,2024-08-19T13:17:38Z,2024-08-23T22:02:12Z,2026-08-06T15:19:10.327Z
403,,incident,Parámetros fuera de rango,Parámetros fuera de rango,"Estimados,

favor revisar situación del robot ya que debido a un corte de luz tiró alarma por parámetros fuera de rango.

Gracias!",urgent,closed,web,20254020296603,20254020296603,20238696308635,15484666348187,14481465021595,true,false,,offered,22951460465819,14481427110299,2024-08-14T20:31:53Z,2024-08-24T16:02:17Z,2026-08-06T15:19:10.327Z
415,,incident,Acelerador no reconoce inhibits ,Acelerador no reconoce inhibits ,"Acelerador no deja irradiar y da error de comunicación HHC, no reconoce inhibits de puerta abierta",urgent,closed,web,20254050946715,20254050946715,20210900681499,14742026913435,14481465021595,true,false,,offered,20427286020763,14481427110299,2024-08-21T12:55:15Z,2024-08-25T15:02:14Z,2026-08-06T15:19:10.327Z
420,,incident,Error de interfaz de maquina,Error de interfaz de maquina,"Buenos días

En proceso de registro de offsets (con imagenes portales Iview), mosaiq arroja mensaje, problema con la conexión ATM. Se reinicia Mosaiq y registra otra falla ""RATM Interface Initializacion failed"".

Se envía registro de fotos a Ing. de servicio Roberto A.",,closed,email,26080969273499,26080969273499,19579468718875,14741543428379,14481465021595,true,false,,offered,20427286020763,14481427110299,2024-08-22T11:21:14Z,2024-08-26T16:02:37Z,2026-08-06T15:19:10.327Z
423,,incident,Falla envio de imagenes desde XVI y iView,Falla envio de imagenes desde XVI y iView,Al realizar controles diarios falla el envío de imágenes desde XVI y iView hacia Mosaiq,high,closed,web,20254050948763,20254050948763,14734559344539,14741593614363,14481465021595,true,false,,offered,20427286020763,14481427110299,2024-08-22T15:38:18Z,2024-08-29T22:02:04Z,2026-08-06T15:19:10.327Z
421,,incident,Problemas con exportación de paciente ,Problemas con exportación de paciente ,"Buenos días

Estamos teniendo problemas para poder importar pacientes a mosaiq desde monaco.

Ya se probaron con varios pacientes y sin éxito.

Quedo atento a sus requerimientos.",high,closed,web,20254050949275,20254050949275,14734559344539,14741593614363,14481465021595,true,false,,offered,20427286020763,14481427110299,2024-08-22T12:03:37Z,2024-08-29T22:02:05Z,2026-08-06T15:19:10.327Z
366,,incident,RV: Now Released - SunCHECK V5.0,RV: Now Released - SunCHECK V5.0,"Estimados,

 

Nos dicen desde SunNuclear que hay una actualización disponible de SunCheck. Esta la van a implementar uds?

Quedamos atentos a cualquier instrucción.

 

Saludos cordiales,

 

Juan Carlos Leal Chandía

Físico Médico – Unidad de Radioterapia

Hospital Clínico Magallanes

juancarlos.lealc@redsalud.gov.cl

 

 

De: Michael Bealer <marketing@sunnuclear.com>
Enviado el: jueves, 1 de agosto de 2024 16:34
Para: Juan Carlos Leal Chandía <juancarlos.lealc@redsalud.gob.cl>
Asunto: Now Released - SunCHECK V5.0

 

Dear Juan Carlos Leal,

We are very pleased to announce SunCHECK® version 5.0 is now available. This marks the third significant SunCHECK release in the last 15 months.

As with prior releases, SunCHECK v5.0 is focused on improving workflow and expanding capabilities for our users.Tighter integrations, via scripting and file imports, are now available. Expanded support for treatment devices and machine test protocols will help ensure better alignment of reporting requirements. Key insights on plan feasibility and complexity are now accessible -- helping drive continuous improvement in treatment quality.

With each release, we aim to enhance SunCHECK software performance and usability by addressing the most pressing challenges our users have identified. Plus, we commit to optimizing security through key updates and architecture improvements.

Read on to learn more about SunCHECK v5.0, including how to upgrade.

Sincerely,

Michael Bealer

Product Line Manager, SunCHECK Platform
Sun Nuclear
 

-------------------------------


SunCHECK v5.0 - Key Features

SunCHECK Machine

* New Device Connectivity (PC Electrometer™ and 1D SCANNER™)
Acquire measurements directly in the SunCHECK software and control movement to multiple depths for output measurements.
 
* New Enhanced Imaging QA
Additional tests added and Varian Medical Systems® Halcyon™ & ETHOS™ image-based tasks supported.

SunCHECK Patient

* New Plan Feasibility and Plan Complexity Metric within PlanCHECK™
Assess plan quality and complexity for informed decision making into treatment plan deliverability. 
 
* Additional Varian Medical Systems® Eclipse™ and ARIA® integrations 
Designed to match clinical workflow and ease transfer of key information including Clinical Goals, DVH, and Reports.
 
* Additional DoseCHECK™ support
Perform point dose calculations for orthovoltage/superficial machines within the DoseCHECK workflow.

SunCHECK Platform

* New User Interface 
Improved homepage with Worklist for at-a-glance review, plus new Workspaces for focused action.

In addition, SunCHECK v5.0 addresses 25+ user-requested enhancements and reported issues, including:

·    Importing clinical goals via scripting or DICOM for PlanCHECK and DoseCHECK

·    Optimization of secondary dose calculation to improve speed and workflow

·    Addition of Treatment Error Categories for In-vivo results, associating events with clinical relevance

·    Dedicated ANSM Protocol Support additions of Beam QA and Collimator QA

·    Resolution of log file combination for interrupted treatments (Elekta) and partial log files

The above features, enhancements and improvements, allow SunCHECK to remain at the center of your Quality Management program.

For complete information on these key updates, please see: SunCHECK v5.0 Release Notes (https://www2.sunnuclear.com/e/302621/c1-4c34-4d3c-9248-b96847b15fa7/zs3gt/941566776/h/NWaMX0lrlNEuWFzb0kjhaxOBekckztmBBsL0_3ex168)
 

-------------------------------

It is highly recommended for all SunCHECK users to update to this new version. 

Customer support for SunCHECK Software v3.2.1 or earlier will be limited as of November 9th, 2024.

-------------------------------

Required Actions
Prior to Updating to v5.0

·    IMPORTANT: SunCHECK v4.2.1 upgrade must be completed prior to upgrading to SunCHECK 5.0.

oThis process cannot be completed through the SunCHECK interface. A migration process must be run on the SunCHECK server, which may require IT assistance.

oPlease contact Sun Nuclear Support for more information.

·    If you are using direct device connectivity for the Daily QA™ 3, IC PROFILER™ or the ArcCHECK®, please note the PDI Host must be updated along with SunCHECK v5.0.

oPlease contact Support for additional assistance.

-------------------------------


Download Access & Instructions

The SunCHECK v5.0 release is available for all SunCHECK users with an active support agreement, for download via the Support Site (https://www2.sunnuclear.com/e/302621/home/zs3gx/941566776/h/NWaMX0lrlNEuWFzb0kjhaxOBekckztmBBsL0_3ex168) . If needed, please contact your Sales Representative to update your support agreement.

To download:

* Log in to the Support Site: sunnuclear.com/support (https://www2.sunnuclear.com/e/302621/home/zs3gx/941566776/h/NWaMX0lrlNEuWFzb0kjhaxOBekckztmBBsL0_3ex168)
* Click the “Products and Downloads” in the middle of the page.
* Select one of the following assets that appear in your product list: “SunCHECK”, “SunCHECK Server”, “SNC Server II” or “SNC Server Enterprise”.
* Select “Software (Current Version)” from the navigation on the left side.
* Select the “Download” button for SunCHECK Installer Version 5.0

You may also download the Release Notes for this release from this location.

 

 

  

© 2024 Sun Nuclear, a Mirion Medical company. All rights reserved. PLEASE DO NOT REPLY TO THIS MESSAGE.
To obtain information about Sun Nuclear, visit sunnuclear.com, or call +1 321 259-6862.

Click here (https://www2.sunnuclear.com/emailPreference/e/epc/302621/jsWGq4qHWWmlXH8wpAdCi8Cj4HaulDwBrKBckZG8mtc/111/95ab9dcdf1af953ffabe2b3020bb688e5928e7bfc78f7cc3ae078a9cb8e6d7fb/941566776) to update your email preferences. To unsubscribe, click here (https://www2.sunnuclear.com/unsubscribe/u/302621/95ab9dcdf1af953ffabe2b3020bb688e5928e7bfc78f7cc3ae078a9cb8e6d7fb/941566776) .
Opt-in (https://www2.sunnuclear.com/e/302621/contactpreferences-/zs3h1/941566776/h/NWaMX0lrlNEuWFzb0kjhaxOBekckztmBBsL0_3ex168) to continue to receive marketing messages from Sun Nuclear. View our Privacy Policy here (https://www2.sunnuclear.com/e/302621/privacy-policy/zs3h4/941566776/h/NWaMX0lrlNEuWFzb0kjhaxOBekckztmBBsL0_3ex168) .
View this message online here. (https://www2.sunnuclear.com/webmail/302621/941566776/95ab9dcdf1af953ffabe2b3020bb688e5928e7bfc78f7cc3ae078a9cb8e6d7fb)",normal,closed,email,26080982926747,26080982926747,14481448391451,14741543428379,14481465021595,true,false,,offered,20427286020763,14481427110299,2024-08-02T18:08:02Z,2024-08-30T19:03:08Z,2026-08-06T15:19:10.327Z
393,,incident,Información sobre Mantenimiento de servidores 23/08,Información sobre Mantenimiento de servidores 23/08,"Hola Enrique, espero que te encuentres bien.

Te comento que el día 23 de agosto se realizará el mantenimiento preventivo del Linac y realizaremos de igual manera el mantenimiento de los servidores, por ello, solicito para ese día que luego del horario de pacientes no se utilicen las estaciones mosaiq y monaco, ya que, se apagaran en su totalidad los servidores.

Espero atento tus comentarios,

Saludos.",normal,closed,web,26080969273499,14481448391451,14481448391451,14741543428379,14481465021595,true,false,,offered,20427286020763,14481427110299,2024-08-09T18:02:34Z,2024-08-31T19:02:12Z,2026-08-06T15:19:10.327Z
432,,incident,DOSE RATE MOD 6 FFF INFINITY,DOSE RATE MOD 6 FFF INFINITY,"Estimados,

Buenas tardes, hemos tenido interlock de dose rate para 6FFF en el Infiity, si puede verificarlo y optimizar la energía.

Gracias,

Rita Castillo",high,closed,web,20254050952475,20254050952475,19579474867355,14741297259931,14481465021595,true,false,,good,20427286020763,14481427110299,2024-08-27T18:21:01Z,2024-09-01T21:02:20Z,2026-08-06T15:19:10.327Z
298,,incident,Problema intermitente en proyección de pantalla al interior del bunker,Problema intermitente en proyección de pantalla al interior del bunker,"Estimados,

Junto con saludar les comento que hoy 15/07/2024 vuelve a presentarse el problema de la proyección en el monitor dentro del bunker. Al iniciar el equipo durante la mañana la proyección del televisor instalado muestra una imagen azul, para deshacer esto y que permita ver parámetros dentro en la pantalla se requiere reiniciar el CCP, posterior a esto es cuando recién la pantalla realiza la proyección adecuada. Anteriormente, se creo el ticket #241 respecto a este mismo problema.",normal,closed,web,20254050948123,20254050948123,22968357015195,14741593614363,14481465021595,true,false,,offered,20427286020763,14481427110299,2024-07-15T12:42:35Z,2024-09-03T14:02:39Z,2026-08-06T15:19:10.327Z
445,,incident,Acceso mosaiq nuevo usuario,Acceso mosaiq nuevo usuario,"Saludos

Necesitamos actualización de credenciales para un usuario nuevo para que tenga acceso a MOSAIQ. Quedo atento a los requerimientos.",normal,closed,web,20254050949275,20254050949275,22968357015195,14741593614363,14481465021595,true,false,,good,20427286020763,14481427110299,2024-08-30T15:32:04Z,2024-09-03T16:02:17Z,2026-08-06T15:19:10.327Z
341,,incident,Error al momento de guardar calculo en Mónaco,Error al momento de guardar calculo en Mónaco,"Buenas tardes,

Se crea ticket por problema al momento de guardar calculo en Monaco, lo cual al ser hablado con Juan Martim, indico que plan al momento de optimizar por segunda vez, queda guardado el calculo, sin embargo, esto el día de hoy no ocurrio con dos pacientes:


- Lidia Álvarez
- Santiago Álvarez

Por tal motivo, se escalará con Elekta, para solicitar revisión por Juan de Elekta.

Saludos.",normal,closed,web,26132276827035,14481448391451,14481448391451,14741543428379,14481465021595,true,false,,offered,20427286020763,14481427110299,2024-07-24T18:10:19Z,2024-09-06T22:02:05Z,2026-08-06T15:19:10.327Z
427,,incident,Interlock de último hombre inhabilitado en el bunker del Axesse,Interlock de último hombre inhabilitado en el bunker del Axesse,"Estimados,

Buenos días, para conocer como va el proceso de la reparación de este interlock en el bunker del Axesse, que la última vez quedó inhabilitado y necesitamos su pronta reparación, ya que en nuestro protocolo esta declarado como procedimiento de seguridad.

Saludos,

Rita Castillo",high,closed,web,20254050952475,20254050952475,20210900681499,14741297259931,14481465021595,true,false,,offered,20427286020763,14481427110299,2024-08-23T14:19:13Z,2024-09-07T13:01:59Z,2026-08-06T15:19:10.327Z
431,,incident,Mesa Precise ,Mesa Precise ,"Estimados,

En esta oportunidad reportamos que la mesa de tratamiento tiene los frenos del movimiento longitudinal muy flojos. Cuando está puesto el freno, se puede mover la mesa si se le hace poca fuerza.

Quedamos atentos a su respuesta.

Saludos",urgent,closed,web,20254050953243,20254050953243,20210900681499,20265216319003,14481465021595,true,false,,offered,20427286020763,14481427110299,2024-08-27T18:09:18Z,2024-09-07T21:02:17Z,2026-08-06T15:19:10.327Z
407,,incident,Calibracion de la mesa precise del Infinity,Calibracion de la mesa precise del Infinity,"Estimados,

Buenos días, hemos vistos que en las pruebas diarias del CBCT y el desplazamiento de la mesa precise no coincide con la imagen de referencia, estando fuera de tolerancias. Si pueden verificar y calibrar,.

Muchas gracias,

Rita Castillo",high,closed,web,20254050952475,20254050952475,19579474867355,14741297259931,14481465021595,true,false,,offered,20427286020763,14481427110299,2024-08-19T12:26:03Z,2024-09-07T21:02:17Z,2026-08-06T15:19:10.327Z
333,,incident,interlock filter parit,interlock filter parit,"hola,

nos está apareciendo durante el día hace unos días. Es molesto porque el TM debe descargar el plan y luego volverlo a cargar.

Gracias",normal,closed,web,20254020300315,20254020300315,22297930568347,14741597726619,14481465021595,true,false,,offered,20427286020763,14481427110299,2024-07-23T13:14:51Z,2024-09-08T13:01:49Z,2026-08-06T15:19:10.327Z
365,,incident,problema xvi inicio diario,problema xvi inicio diario,"Estimados,

 

Si bien conversado con Roberto, tenemos un problema a diario con el XVI que parecer ir más allá de la forma en que se apagan los computadores cada día.

El programa del XVI se congela al enviar al paciente con xvi en modo synergistiq. La solución parche es ctrl-alt-supr, finalizar xvi y volver a intentarlo. El numero mágico de veces que debe hacerse suelen ser dos.

 

Entiendo que ya lo están viendo pero Roberto me pidió abrir este ticket.

 

Quedamos atentos, saludos cordiales,

 

Juan Carlos Leal Chandía

Físico Médico – Unidad de Radioterapia

Hospital Clínico Magallanes

juancarlos.lealc@redsalud.gov.cl",normal,closed,email,26080982926747,26080982926747,14481448391451,14741543428379,14481465021595,true,false,,offered,20427286020763,14481427110299,2024-08-02T18:07:12Z,2024-09-08T16:02:22Z,2026-08-06T15:19:10.327Z
429,,incident,Re: [Externo][E&G Medical Systems] Asunto: Presion de Agua SURAGILITY,Re: [Externo][E&G Medical Systems] Asunto: Presion de Agua SURAGILITY,"Este es un seguimiento de su solicitud anterior n.° #370 ""Presion de Agua SURAGILITY""

Estimado Carlos,

Junto con saludar les comento que la fluctuación de presiones continua en el Sur Agility.

Favor su ayuda para mejorar definitivamente esta situación.

Quedo atenta a su respuesta.
Saludos.

Paula Nuñez.",,closed,web,20254011642523,20254020288667,19579474867355,14741318546075,14481465021595,true,false,,offered,20427286020763,14481427110299,2024-08-26T22:23:25Z,2024-09-08T18:02:11Z,2026-08-06T15:19:10.327Z
422,,incident,Desconexión panel XVI al momento de adquirir imágenes,Desconexión panel XVI al momento de adquirir imágenes,"Se desconecta aleatoriamente el panel del XVI durante la adquisición de CBCT, provocando que no se pueda utilizar la imagen.",high,closed,web,20254050948763,20254050948763,20210900681499,14741593614363,14481465021595,true,false,,offered,20427286020763,14481427110299,2024-08-22T12:10:51Z,2024-09-08T19:02:26Z,2026-08-06T15:19:10.327Z
451,,incident,"UPS servidores con alarma, olor a quemado y ruido en sala de servidores","UPS servidores con alarma, olor a quemado y ruido en sala de servidores","En la sala de servidores la UPS esta con alarma, ademas la sala de servidores tiene olor a quemado y tambien tiene un ruido mas fuerte que lo normal de las turbinas de los servidores.

Por favor atender lo antes posible, gracias!",urgent,closed,web,20254050947483,20254050947483,14734559344539,14741593614363,14481465021595,true,false,,offered,20427286020763,14481427110299,2024-09-02T21:27:59Z,2024-09-08T20:02:16Z,2026-08-06T15:19:10.327Z
430,,incident,Alarma PRTG / MOSAIQ Inbound MOSAIQ ADT,Alarma PRTG / MOSAIQ Inbound MOSAIQ ADT,"Buenas noches,

 

Informo que estamos teniendo encolamiento en interfaz Inbound Mosaiq ADT, la cual no funciona al intentar iniciar servicio en servidor, adjunto evidencia del error que se genera:

 

Server IP : 10.180.240.161

 

 

 

Mario Radonich Becar

Ingeniero de Integraciones

Arquitectura Integraciones

Gerencia de Sistemas e Innovación Digital

MiWork Lira 85, 5° Piso

Correo: mradonich@ucchristus.cl

 

De: Francisco Correa Ormeño <fcorreao@ucchristus.cl>
Enviado el: lunes, 26 de agosto de 2024 21:49
Para: 'Karen Frez Jara' <karen.frez@arkadios.cl>; Mario Radonich Becar <mradonich@ucchristus.cl>
CC: Administradores Middleware GTI <admin.middleware@ucchristus.cl>; Operador Team <akt_operadores@arkadios.cl>
Asunto: RE: Alarma PRTG / MOSAIQ Inbound MOSAIQ ADT

 

Karen, se confirma alarma hasta las 24:00 hrs, está en revisión por Arquitectura.

 

Saludos.

 

 

 

Francisco Michel Correa Ormeño 

Analista Técnico Funcional MW

Subgerencia de Infraestructura y Continuidad TI.

Gerencia de Sistemas e Innovación Digital.

Email : fcorreao@ucchristus.cl

 

 

 

 

 

 

 

De: Karen Frez Jara <karen.frez@arkadios.cl>
Enviado el: lunes, 26 de agosto de 2024 21:34
Para: Mario Radonich Becar <mradonich@ucchristus.cl>
CC: Administradores Middleware GTI <admin.middleware@ucchristus.cl>; Francisco Correa Ormeño <fcorreao@ucchristus.cl>; Operador Team <akt_operadores@arkadios.cl>; Karen Frez Jara <karen.frez@arkadios.cl>
Asunto: [Externo] Alarma PRTG / MOSAIQ Inbound MOSAIQ ADT

 

IMPORTANTE: Este correo fue enviado desde una casilla externa a la Red de Salud UC CHRISTUS. NO ABRA LINKS NI ARCHIVOS si no esperaba recibirlos, no conoce al remitente o no sabe si el contenido es seguro. Si el correo le parece sospechoso, reenvíelo a la casilla soc@ucchristus.cl

 

Estimados favor de revisar la siguiente alarma

 

 

De: PRTG Monitor <prtg_alertas@ucchristus.cl>
Enviado el: lunes, 26 de agosto de 2024 21:01
Para: falvaradod@med.puc.cl; Felipe Figueroa Broudissond <felipe.figueroa@arkadios.cl>; Giorgio Herrera Barrera <giorgio.herrera@arkadios.cl>; Ivan Rivas Rojas <ivan.rivas@arkadios.cl>; Karen Frez Jara <karen.frez@arkadios.cl>; Maximiliano Wladimir Carrizo Faune <maximiliano.carrizo@arkadios.cl>; Rienzi Muñoz <rienzi@arkadios.cl>
Asunto: [Red De Salud Ucchristus] MOSAIQ Inbound MOSAIQ ADT (Script (avanzado) (SSH)) Fallo (229 # (Queued) está por encima del limite de error 200 # en Queued)
Importancia: Alta

 

 

 

Sensor Inbound MOSAIQ ADT (Script (avanzado) (SSH)) (https://netmon.ucchristus.cl/sensor.htm?id=63533) ***

 

 

PRTG_Middleware_2k22 (https://netmon.ucchristus.cl/probenode.htm?id=78102)  

 > 

 

Mirth (Syslog2) (https://netmon.ucchristus.cl/group.htm?id=62990)  > 

 

MOSAIQ (https://netmon.ucchristus.cl/device.htm?id=63531)  (10.180.240.113)

 

 

Nuevo estado en 26-08-2024 21:01:10 (LocalTime):
Fallo    
Último mensaje:
229 # (Queued) está por encima del limite de error 200 # en Queued

 

Último escaneo:

Último OK:

Último fallo:

Tiempo de actividad:

Tiempo de inactividad:

Cobertura:

Tipo de sensor:

Intervalo:

4 s

6 m 4 s

4 s

96,6132%

3,3868%

100%

Script (avanzado) (SSH)

60 s

 

Escanear ahora  (https://netmon.ucchristus.cl/scannow.htm?id=63533&action=0&targeturl=/sensor.htm?id=63533)

Confirmar alarma  (https://netmon.ucchristus.cl/acknowledgealarm.htm?id=63533&ackmsg=Acknowledged+via+email&targeturl=/sensor.htm?id=63533)

Pausa  (https://netmon.ucchristus.cl/pause.htm?id=63533&action=0&targeturl=/sensor.htm?id=63533)

Reanudar  (https://netmon.ucchristus.cl/pause.htm?id=63533&action=1&targeturl=/sensor.htm?id=63533)

 

Pausar por 5 minutos  (https://netmon.ucchristus.cl/pauseobjectfor.htm?id=63533&duration=5&targeturl=/sensor.htm?id=63533)

Pausar por 60 minutos  (https://netmon.ucchristus.cl/pauseobjectfor.htm?id=63533&duration=60&targeturl=/sensor.htm?id=63533)

Pausar por 24 horas  (https://netmon.ucchristus.cl/pauseobjectfor.htm?id=63533&duration=1440&targeturl=/sensor.htm?id=63533)

 

 

 

 

Canal

Último valor

Error

0 #

Queued

229 #

Tiempo de ejecución

247 mseg

Tiempo de inactividad

 

 

Comentarios de sensor

Descripción:
Envía mensajes ADT a Mosaiq (Sistema RCE del Centro del Cancer (CECA)) .

Se debe informar a Mario Radonich Becar por correo que MOSAIQ esta encolando y adjuntar la foto del monitoreo

Historial

26-08-2024 20:56:10 Fallo, 214 # (Queued) está por encima del limite de error 200 # en Queued
26-08-2024 20:11:10 Advertencia, 53 # (Queued) está por encima del limite de advertencia 50 # en Queued

 

 

¿No desea recibir este mensaje de correo electrónico?

Modifique los desencadenadores de notificaciones de este sensor (https://netmon.ucchristus.cl/sensor.htm?id=63533&tabid=9) o modifique la configuración de plantilla de notificaciones (https://netmon.ucchristus.cl/editnotification.htm?id=88271) .

 

Enviado 26-08-2024 21:01:13 a falvaradod@med.puc.cl felipe.figueroa@arkadios.cl giorgio.herrera@arkadios.cl ivan.rivas@arkadios.cl karen.frez@arkadios.cl maximiliano.carrizo@arkadios.cl rienzi@arkadios.cl
por Red De Salud Ucchristus (https://netmon.ucchristus.cl) (https://netmon.ucchristus.cl)

 

-------------------------------

PRTG Network Monitor 24.2.96.1375+

© 2024 Paessler AG (https://www.paessler.com)",high,closed,email,26078020182171,14734559344539,14734559344539,14741297259931,14481465021595,true,false,,offered,20427286020763,14481427110299,2024-08-27T13:59:00Z,2024-09-09T17:02:51Z,2026-08-06T15:19:10.327Z
424,,incident,[At:SunNuclear] Problema en suncheck invivo cuando AFS,[At:SunNuclear] Problema en suncheck invivo cuando AFS,"Estimados,

Este tema estaba conversado en cierto nivel con Thiaggo, pero no tenemos ticket:

 

* Sistema SunCheck falla al analizar las mediciones invivo con epid por realizarse la adquisición en modo AFS de máquina. Entonces, aparece como adquisición incompleta (cree que sólo se irradió un campo, por toda la dosis del plan). Nos ocurre tanto en 3dcrt como en vmats de más de un arco.

 

Dado que estamos por utilizar este sistema para la evaluación de nuestros procesos, nos interesa poder resolver a la brevedad este problema.

 

El flujo:

* Plan de tratamiento se exporta simultáneamente a Mosaiq y Suncheck.
* Dosecheck calcula adecuadamente .
* Se adquiere Fx0 de forma adecuada (con ArcCheck en todos los VMAT, epid en 3DCRT).
* Modo QA de la máquina no permite irradiar en modo AFS (automatic … FS) donde los campos se suceden automáticamente.
* En modo AFS, iView rotula la adquisición con el campo de “invocación” (el primero) y luego esa adquisición la recibe SunCheck.
* Fracción falla por “adquisición incompleta, no todos los campos fueron irradiados”.
* Se repite por n fracciones.

 

Atentos a cualquier comentario, saludos cordiales,

 

Juan Carlos Leal Chandía

Físico Médico – Unidad de Radioterapia

Hospital Clínico Magallanes

juancarlos.lealc@redsalud.gov.cl",,closed,email,26080982926747,26080982926747,14481448391451,14741543428379,14481465021595,true,false,,offered,20427286020763,14481427110299,2024-08-22T18:07:38Z,2024-09-10T13:02:03Z,2026-08-06T15:19:10.327Z
443,,incident,Sin conexión Intellimax,Sin conexión Intellimax,"Estimados buenos días.

Junto con saludar, solicito por favor gestionar  habilitar la conexión de Intellimax, según lo reportado por Jorge Garay no tiene acceso a la máquina para rescatar los datos de operación.



Quedo atento a sus comentarios.



Saludos cordiales.",high,closed,web,20254020297371,20254020297371,22968357015195,14740499786395,14481465021595,true,false,,good,20427286020763,14481427110299,2024-08-30T13:18:14Z,2024-09-13T13:02:14Z,2026-08-06T15:19:10.327Z
452,,incident,Cambio de Hora TPS y Servidor Mosaiq,Cambio de Hora TPS y Servidor Mosaiq,"Estimados junto con saludarles la generación de este ticket tiene la intención de conocer la planificación que se hará para el cambio de huso horario de este sábado 07 de septiembre.

Desde TI nos piden tener la información siguiente:

1. Si tienen considerado realizar el ajuste de hora (Si aplica o no) en el sistema.

2. Fecha / Hora realización de la actividad.

3. Si hay alguna actividad que debamos realizar como TI UCCHRISTUS de manera previa.

4. Ingeniero o personal responsable de la actividad (tener un contacto directo al cual acceder en caso de dudas/observaciones/incidencias/etc).",urgent,closed,web,20254050952347,20254050952347,14734559344539,14741297259931,14481465021595,true,false,,offered,20427286020763,14481427110299,2024-09-03T13:05:48Z,2024-09-13T21:02:37Z,2026-08-06T15:19:10.327Z
456,,incident,Cambio Horario de Verano Chile,Cambio Horario de Verano Chile,"Estimado Carlos, buenas tardes.

Se crea ticket para recordar que este sábado 07 se realiza el cambio de hora en Chile. Por favor tener en consideración para ajustar en Synergy y  flexitron.



Saludos cordiales.",high,closed,web,20254020297371,20254020297371,14734559344539,14740499786395,14481465021595,true,false,,offered,20427286020763,14481427110299,2024-09-05T18:28:22Z,2024-09-13T22:02:13Z,2026-08-06T15:19:10.327Z
453,,incident,Cambio de hora en equipos Elekta RT,Cambio de hora en equipos Elekta RT,"Estimado Cesar Gonzalez,

Queríamos informarle que por razón del cambio de horario para este sábado 7 de septiembre, se requiere hacer cambio de hora en plataforma Mosaiq, Monaco y Linac.

En este sentido requerimos coordinar este cambio, para ello:

- Determinar alcance y actores en cambio de hora en servidores Mosaiq APP, SQL, Platform y Dicom-Namer.
- Se requiere dejar los Monaco TPS 1, 2, 3,4 y MonacoSim 1 y 2 encendidos para realizar este cambio remoto el viernes luego de fin de jornada.
- Se requiere acceso a sala de control linac para cambio de hora presencial en SurAgility.

Quedamos atentos a sus comentarios.",normal,closed,web,20253958178715,14734559344539,14734559344539,14741318546075,14481465021595,true,false,,offered,20427286020763,14481427110299,2024-09-04T17:24:58Z,2024-09-14T00:02:00Z,2026-08-06T15:19:10.327Z
468,,incident,Gas Pressure Versa2,Gas Pressure Versa2,"Buenas tardes,

Equipo Versa 2 presenta interlock Gas Pressure que impide realizar tratamientos.

Saludos cordiales,

Gabriela",urgent,closed,web,20254020291995,20254020291995,19579474867355,14741389938587,14481465021595,true,false,,good,20427286020763,14481427110299,2024-09-09T18:58:09Z,2024-09-14T20:02:21Z,2026-08-06T15:19:10.327Z
467,,incident,Posición Gantry Versa1,Posición Gantry Versa1,"Buenas tardes,

El Versa 1 presenta un interlock de posicion de Gantry que corta el tratamiento. Se indica que se deben recalibrar los potenciómetros del Gantry.",urgent,closed,web,20254020291995,20254020291995,19579474867355,14741389938587,14481465021595,true,false,,good,20427286020763,14481427110299,2024-09-09T18:54:31Z,2024-09-14T20:02:22Z,2026-08-06T15:19:10.327Z
358,,incident,Ajuste tasa de dosis de fotones de 10MV,Ajuste tasa de dosis de fotones de 10MV,"Buen dia,

Se requiere ajuste de tasa de dosis de la energía de 10MV de fotones. Continua muy por debajo del valor nominal de instalación.

Saludos,

Manuel.",high,closed,web,20254020292379,20254020292379,19579474867355,14741389938587,14481465021595,true,false,,offered,20427286020763,14481427110299,2024-07-31T19:36:17Z,2024-09-14T20:02:22Z,2026-08-06T15:19:10.327Z
435,,incident,Monitor de TPS se desconecta espontaneamente,Monitor de TPS se desconecta espontaneamente,"Estimados, en esta oportunidad escribo para notificarles que el monitor del monaco03 se apaga de forma espontánea y se enciende luego de unos segundos. Pasa varias veces en una hora, lo que resulta incómodo para el usuario de esa estación.",normal,closed,web,20254050953243,20254050953243,14734559344539,20265216319003,14481465021595,true,false,,offered,20427286020763,14481427110299,2024-08-27T20:23:22Z,2024-09-15T13:01:52Z,2026-08-06T15:19:10.327Z
438,,incident,Gantry cae a Closed,Gantry cae a Closed,"Estimados buenas tardes.

Se crea ticket para solicitar asistencia por error recurrente que cuando gira el gantry en sentido horario cae closed. Para continuar es necesario hacer reset .

Quedo atento a sus comentarios.

Adjunto fotografía.

Saludos cordiales.",high,closed,web,20254020297371,20254020297371,27816237178267,14740499786395,14481465021595,true,false,,offered,20427286020763,14481427110299,2024-08-28T23:12:13Z,2024-09-16T20:02:51Z,2026-08-06T15:19:10.327Z
360,,incident,Couch Synergy rotación lenta,Couch Synergy rotación lenta,"Estimados buenos días.

Junto con saludar, informo que durante pruebas por Física Medica el día de hoy se notó que la mesa gira lenta (es como que el sistema de giro estuviera trabado o con poca fuerza). Tenemos disponibilidad para este sábado 03/08 desde las 14:00 hrs. para que puedan revisar.

Quedo atento a sus comentarios.



Saludos cordiales.",high,closed,web,20254020297371,20254020297371,20210900681499,14740499786395,14481465021595,true,false,,offered,20427286020763,14481427110299,2024-08-01T13:18:17Z,2024-09-16T20:02:52Z,2026-08-06T15:19:10.327Z
485,,incident,Conexión de Intellimax,Conexión de Intellimax,"Situación interna problemas de conectividad. Se requiere saber si la conectividad esta operativo. el ultimo correo de Sebastian Salice dice:

_Nos encontramos en conversación con Elekta para resolver esta caída de Intellimax, ya que no se trata de un error del Zentyal_

Queremos saber si se resolvió, dada la alta demanda que este teniendo el servicio clinico y los trabajos que se realizarán esta semana atendiendo 18 y 19.",urgent,closed,web,20254011642523,20254011642523,22968357015195,14741318546075,14481465021595,true,false,,offered,20427286020763,14481427110299,2024-09-17T12:10:56Z,2024-09-27T13:02:09Z,2026-08-06T15:19:10.327Z
480,,incident,RV: Soporte Fiestas Patrias,RV: Soporte Fiestas Patrias,"Estimados,

 

Junto con saludar les escribo para solicitar su ayuda con contactos de emergencia para los días 18 y 19 de septiembre, dado que el servicio de radioterapia va a seguir funcionando en horario normal.

 

De antemano muchas gracias y quedo atenta a su respuesta,

 

Saludos.

 

 

Paula Núñez C.

Ingeniera de Equipos Médicos de Imágenes y Relacionados.

+56 9 8481 2068

ClinicaAlemana.cl (http://www.clinicaalemana.cl/)

 

 

 

 

 

 

 

 

 

 

 

De: Resquin Valdez Teresa de Jesus <tresquin@alemana.cl>
Enviado el: lunes, 16 de septiembre de 2024 8:01
Para: Nuñez Cisterna Paula Sofia <pnunezc@alemana.cl>; Carvajal Contreras, Claudia Marcela <ccarvajal@alemana.cl>
CC: Castillo Flores Claudia <ccastillof@alemana.cl>; Zelada Gabriel <gzelada@alemana.cl>; Martinez Alan <amartinez@alemana.cl>; Aravena Andrade Diego <daravenaa@alemana.cl>; Pinto Lorena <lpinto@alemana.cl>
Asunto: Soporte Fiestas Patrias

 

Estimada Paula

 

Junto con saludar y esperando estes bien, te escribo para solicitar los contactos en caso de emergencias con el Acelerador durante esta semana, considerando que el servicio de Radioterapia atenderá pacientes los días 18 y 19 de septiembre.

 

Atenta a los comentarios 

 

Felices Fiestas Patrias.

 

 

Teresa Resquin Valdez

Grupo de Fisica Medica

Servicio de Radioterapia

Clinica Alemana-Santiago

Este mensaje y/o documentos adjuntos son confidenciales y están destinados a la(s) persona(s) a la que han sido enviados. Pueden contener información privada y confidencial, cuya difusión se encuentre legalmente prohibida. Si usted no es el destinatario, por favor notifique de inmediato al remitente y elimine el mensaje de sus carpetas y/o archivos.",,closed,email,20254020288667,20254020288667,19579474867355,14741318546075,14481465021595,true,false,,offered,20427286020763,14481427110299,2024-09-16T12:14:01Z,2024-09-27T21:02:46Z,2026-08-06T15:19:10.327Z
496,,incident,Hump err,Hump err,Hump err 6MV,,closed,email,26080982926747,26080982926747,19579468718875,14741543428379,14481465021595,true,false,,offered,20427286020763,14481427110299,2024-09-25T11:21:22Z,2024-09-29T19:02:07Z,2026-08-06T15:19:10.327Z
493,,incident,Falla equipo (No inicia),Falla equipo (No inicia),"Estimados

Hoy el equipo se encontró apagado (7:30am), se informó a Ing. Roberto de situación para que asistiera a terreno y evaluar problema.

Saludos





[cid:665cfc0a-854e-4b6f-a526-1e5c176fa238]",,closed,email,26080969273499,26080969273499,19579468718875,14741543428379,14481465021595,true,false,,offered,20427286020763,14481427110299,2024-09-24T12:22:36Z,2024-09-29T19:02:08Z,2026-08-06T15:19:10.327Z
491,,incident,Intalar Mosaiq ,Intalar Mosaiq ,"Estimado Sebastián,

De acuerdo a lo conversado por whatsapp, creo el ticket para que puedan hacer la instalación del Mosaiq en un PC de la sede de Marcoleta.

Saludos,

Nathalie",high,closed,web,20254050952987,20254050952987,22968357015195,20265216319003,14481465021595,true,false,,offered,20427286020763,14481427110299,2024-09-23T17:27:56Z,2024-09-30T13:02:06Z,2026-08-06T15:19:10.327Z
486,,incident,Calibración Ghosting XVI,Calibración Ghosting XVI,"Estimados, en las mañanas al encender el XVI nos aparece el mensaje que se ve en la foto adjunta. ¿Podrían ayudarnos al respecto?

Gracias y saludos",normal,closed,web,20254050953243,20254050953243,19579474867355,20265216319003,14481465021595,true,false,,offered,20427286020763,14481427110299,2024-09-17T12:55:46Z,2024-10-05T14:02:23Z,2026-08-06T15:19:10.327Z
465,,incident,Calibración Hexapod,Calibración Hexapod,"Estimados, espero que estén muy bien.

En esta oportunidad solicitamos su asistencia para calibrar la hexapod. El día de hoy durante el runcheck se apreció una desviación como la que se muestra en la foto adjunta.

Quedamos atentos.

Saludos",high,closed,web,20254050953243,20254050953243,19579474867355,20265216319003,14481465021595,true,false,,offered,20427286020763,14481427110299,2024-09-09T15:28:28Z,2024-10-05T14:02:23Z,2026-08-06T15:19:10.327Z
8648,,incident,Interlock Dose Rate Mon 12MeV,Interlock Dose Rate Mon 12MeV,"Estimados

Será posible que después de los tratamientos de la jornada de hoy se revise y ajuste si es el caso, la energía de 12MeV. El viernes se realizaron unos disparos con esa energía y presentó reiteradamente el interlock  dose rate mon, sin poder entregar disparos sobre 100UM. Sin embargo, en el control de la mañana no presentó dicha falla, pero quedaría más tranquilo que fuera revisada  la energía lo antes posible.

Quedo atento.

Saludos






[cid:a4ebd309-a59f-4b9d-bb20-8121e884f195]",,closed,email,26080969273499,26080969273499,19579468718875,14741543428379,14481465021595,true,false,,offered,20427286020763,14481427110299,2024-09-30T14:13:04Z,2024-10-06T14:02:12Z,2026-08-06T15:19:10.327Z
499,,incident,Hump error 10MV,Hump error 10MV,"Presencia de interlock Hump Error, se podría realizarse ajuste post tratamientos de pacientes 4:30 pm app.
Quedo atento a disposición.

Saludos




[cid:10864d0e-36e1-49a3-b816-81e92374e67a]",,closed,email,26080969273499,26080969273499,19579468718875,14741543428379,14481465021595,true,false,,offered,20427286020763,14481427110299,2024-09-25T18:31:08Z,2024-10-06T14:02:12Z,2026-08-06T15:19:10.327Z
8647,,incident,Error de Adquisición de imagen,Error de Adquisición de imagen,"Estimados,

Junto con saludar les pido su ayuda con visita técnica urgente dado que tenemos el siguiente error en el conebeam. Atencion de pacientes comienza a las 8:00am.

De antemano muchas gracias.

Quedo atenta a su confirmación.



Obtener Outlook para iOS<https://aka.ms/o0ukef>
Este mensaje y/o documentos adjuntos son confidenciales y están destinados a la(s) persona(s) a la que han sido enviados. Pueden contener información privada y confidencial, cuya difusión se encuentre legalmente prohibida. Si usted no es el destinatario, por favor notifique de inmediato al remitente y elimine el mensaje de sus carpetas y/o archivos.
original-F2816D01-C3F0-4F1E-911D-A172C0630EF6.jpeg",,closed,email,20254020288667,20254020288667,22297930568347,14741318546075,14481465021595,true,false,,offered,20427286020763,14481427110299,2024-09-30T09:24:04Z,2024-10-07T19:02:21Z,2026-08-06T15:19:10.327Z
492,,incident,Detención de Suragility,Detención de Suragility,"Estimados,

 Junto con saludar les reporto que estamos teniendo problemas al finalizar cada paciente el equipo arroja un error (adjunto imagen) y se detiene.

Favor su ayuda con revisión de equipo.

De antemano muchas gracias.

Saludos.

 

 

 

Paula Núñez C.

Ingeniera de Equipos Médicos de Imágenes y Relacionados.

+56 9 8481 2068

ClinicaAlemana.cl (http://www.clinicaalemana.cl/)

 

 

 

 

 

 

 

 

 

 

 

Este mensaje y/o documentos adjuntos son confidenciales y están destinados a la(s) persona(s) a la que han sido enviados. Pueden contener información privada y confidencial, cuya difusión se encuentre legalmente prohibida. Si usted no es el destinatario, por favor notifique de inmediato al remitente y elimine el mensaje de sus carpetas y/o archivos.",,closed,email,20254020288667,20254020288667,19579474867355,14741318546075,14481465021595,true,false,,offered,20427286020763,14481427110299,2024-09-23T18:57:01Z,2024-10-07T19:02:22Z,2026-08-06T15:19:10.327Z
487,,incident,Situación Sur Agility,Situación Sur Agility,"Estimados,

Se levanta la situación de ayer con equipo Suragility:



_Informo que ayer se reportaron en varios pacientes la interrupción de los tratamientos sin alcanzar a entregar completamente las Unidades de Monitor._

_Los pacientes que presentaron este problema fueron copiados a servicio._

_Además las tasas de dosis en tratamientos confórmales y electrones están por debajo de lo esperado. _

_Tenemos disponibilidad de equipo a partir de la 6pm para verificar situación._",urgent,closed,web,20254011642523,20254011642523,19579474867355,14741318546075,14481465021595,true,false,,offered,20427286020763,14481427110299,2024-09-17T13:58:54Z,2024-10-07T19:02:22Z,2026-08-06T15:19:10.327Z
8652,,incident,Problemas couch,Problemas couch,"Estimados buenas tardes.

Junto con saludar, informo que tenemos problemas con la mesa del sistema, se observa que al realizar desplazamiento el controlador de la mesa se apaga (EMI). Nos ha pasado en dos oportunidad.

Quedamos atento a sus comentarios",high,closed,web,20254020297371,20254020297371,27816237178267,14740499786395,14481465021595,true,false,,offered,20427286020763,14481427110299,2024-10-02T16:45:30Z,2024-10-07T20:03:33Z,2026-08-06T15:19:10.327Z
428,,incident,Solicitud de permiso para integración,Solicitud de permiso para integración,"Estimado
Junto con saludar, quisiera sacar las imágenes dicom de synapse para agregar a Mónaco, sin necesidad de un cd intermediario, por lo que sería una integración de ambos sistemas. Esto será posible?

Saludos

Dra. Evelyn San Martin
Oncologa Radioterapeuta
Jefe Unidad Radioterapia
Hospital Clínico Magallanes",normal,closed,email,26080969312027,26080969312027,14481448391451,14741543428379,14481465021595,true,false,,good,20427286020763,14481427110299,2024-08-23T17:27:41Z,2024-10-08T13:02:34Z,2026-08-06T15:19:10.327Z
458,,incident,Mensaje de Monaco referente al DVH,Mensaje de Monaco referente al DVH,"Estimados

al exportarse un paciente a MOSAIQ, arrojó el siguiente mensaje.

[cid:dff5ac55-f529-4920-8914-5b1c3f05c35b]

Agradecemos una orientación de cuál es su causa,

Saludos




[cid:5b8e9581-7202-46f9-8ae2-ff040664e037]",normal,closed,email,26080969273499,26080969273499,14481448391451,14741543428379,14481465021595,true,false,,offered,20427286020763,14481427110299,2024-09-06T12:28:45Z,2024-10-11T15:03:09Z,2026-08-06T15:19:10.327Z
8656,,incident,Alta temperatura de salsa de máquina (acelerador lineal),Alta temperatura de salsa de máquina (acelerador lineal),"Estimados

Cómo ya es de su conocimiento, al terminarse la jornada se midió la temperatura de la sala de máquina del acelerador, encontrándose 30C°.
Esto afecta drásticamente el funcionamiento del equipo, generando variación e inestabilidad  de su rendimiento, por lo mismo, se ha reflejado en las fallas presentadas durante la semana y en especial hoy en la tarde. Los tratamientos se entregaron con disparos secuenciales de 30UM, algo que no podemos esperar a que continúes para el lunes está situación.

Dada la gravedad del asunto, espero sea busqué una pronto solución y poner  en funcionamiento los aires acondicionados.

Saludos

Enrique",,closed,email,26080969273499,26080969273499,19579468718875,14741543428379,14481465021595,true,false,,offered,20427286020763,14481427110299,2024-10-04T20:59:39Z,2024-10-11T20:03:03Z,2026-08-06T15:19:10.327Z
8664,,incident,problemas con exportación de paciente ,problemas con exportación de paciente ,"Estimado

hoy 09/10 tengo problemas con exportar a 2 pacientes , sale el mensaje que envió

Al iniciar el proceso completa las estructuras ,pero después sale este mensaje y falla la exportación

pacientes son Grabriela Barraza y Hector Manzano",urgent,closed,web,26912536492699,26912536492699,28818463039515,14741593614363,14481465021595,true,false,,good,20427286020763,14481427110299,2024-10-09T15:07:18Z,2024-10-13T20:02:20Z,2026-08-06T15:19:10.327Z
476,,incident,MP Septiembre,MP Septiembre,"Estimados buenas tardes.

Junto con saludar, informo que tenemos disponibilidad para realizar el MP de Septiembre el día viernes 27 de 14:00 hr. en adelante.

Solicito confirmar asistencia.

Saludos cordiales.",normal,closed,web,20254020297371,20254020297371,20210900681499,14740499786395,14481465021595,true,false,,offered,20427286020763,14481427110299,2024-09-12T18:03:34Z,2024-10-14T13:02:02Z,2026-08-06T15:19:10.327Z
446,,incident,Movimiento errático Mesa,Movimiento errático Mesa,"Estimados , buenos días.

Informo que la mesa presenta movimientos erráticos en desplazamiento longitudinal y vertical.

Tenemos disponibilidad este Jueves 05/09 desde las 18:20 hrs. para trabajos.

Quedo atento a sus comentarios.



Saludos cordiales.",high,closed,web,20254020297371,20254020297371,27816237178267,14740499786395,14481465021595,true,false,,offered,20427286020763,14481427110299,2024-09-02T13:26:59Z,2024-10-14T13:02:02Z,2026-08-06T15:19:10.327Z
412,,incident,MLC Infinity No Parte,MLC Infinity No Parte,"Buenos días, el MLC del Infinity tanto ayer como hoy hay que hacer dos o tres reboot en la mañana para poder hacerlo partir",high,closed,web,20254050952347,20254050952347,19579474867355,14741297259931,14481465021595,true,false,,offered,20427286020763,14481427110299,2024-08-20T12:07:03Z,2024-10-14T13:02:03Z,2026-08-06T15:19:10.327Z
8667,,incident,"ASU camilla inoperativo, necesario para calibrar potenciometros height de camilla","ASU camilla inoperativo, necesario para calibrar potenciometros height de camilla","Hola

Equipo detenido; se requiere calibrar movimiento height de camilla pero movimiento ASU no disponible. Probablemente interrupción del circuito a nivel de botonera lado A que está suelta.

Saludos",high,closed,web,20254020299291,20254020299291,22297930568347,14741597726619,14481465021595,true,false,,good,20427286020763,14481427110299,2024-10-10T16:36:03Z,2024-10-16T15:02:06Z,2026-08-06T15:19:10.327Z
8658,,incident,suelto pendant lado B,suelto pendant lado B,"Hola a todos, se nos soltó el pendant del lado B

El equipo está operativo.

Solo le falta un tornillo en ese cilindro plateado.

Quedó colgando de un cable pero no arroja ningún error.

Saludos",low,closed,web,20254020300315,20254020300315,22297930568347,14741597726619,14481465021595,true,false,,offered,20427286020763,14481427110299,2024-10-07T13:45:18Z,2024-10-16T15:02:06Z,2026-08-06T15:19:10.327Z
498,,incident,nodo MONACO en TAC imagenologia,nodo MONACO en TAC imagenologia,"Estimado,

 

Se necesita con urgencia crear el nodo MONACO en el TAC de imagenología, para la exportación de imágenes.

 

Quedamos atentos,

 

 

Juan Carlos Leal Chandía

Físico Médico – Unidad de Radioterapia

Hospital Clínico Magallanes

juancarlos.lealc@redsalud.gov.cl",normal,closed,email,26080982926747,26080982926747,14481448391451,14741543428379,14481465021595,true,false,,offered,20427286020763,14481427110299,2024-09-25T17:45:42Z,2024-10-18T13:02:20Z,2026-08-06T15:19:10.327Z
8663,,incident,2R 10 FFF,2R 10 FFF,"Estimados,

Buenos días.

Estamos con 2R en 10FFF, cuando podemos coordinar el correctivo?

Saludos,

Nathalie",normal,closed,web,20254050952987,20254050952987,19579474867355,20265216319003,14481465021595,true,false,,offered,20427286020763,14481427110299,2024-10-09T12:02:43Z,2024-10-18T16:03:12Z,2026-08-06T15:19:10.327Z
497,,incident,fallas DoseRate Mon y 2TL - Equipo Detenido,fallas DoseRate Mon y 2TL - Equipo Detenido,El equipo esta detenido porque da interlocks DoseRate Mon y tambien 2TL reiterados que no dejan finalizar bien un tratamiento.,high,closed,web,20254050947483,20254050947483,19579474867355,14741593614363,14481465021595,true,false,,good,20427286020763,14481427110299,2024-09-25T13:03:05Z,2024-10-18T16:03:13Z,2026-08-06T15:19:10.327Z
8666,,incident,Desconexión aleatoria de tubo de rayos XVI,Desconexión aleatoria de tubo de rayos XVI,"el tubo de rayos del sistema XVI pierde conexión al extenderse para su uso, bloqueándose aleatoriamente para tomar imágenes.

Operadores informan que no frena en su posición de uso y que tiene dos topes para la posición de uso.",normal,closed,web,20254050948763,20254050948763,27816237178267,14741593614363,14481465021595,true,false,,good,20427286020763,14481427110299,2024-10-10T14:28:48Z,2024-10-19T20:02:14Z,2026-08-06T15:19:10.327Z
8672,,incident,Camara de Sala comando Equipo Infinity con desfase en imagen,Camara de Sala comando Equipo Infinity con desfase en imagen,La Camara de Sala comando Equipo Infinity se encuentra con desfase en la imagen mostrada.,high,closed,web,20254050949787,20254050949787,20210900681499,14741593614363,14481465021595,true,false,,offered,20427286020763,14481427110299,2024-10-14T17:39:51Z,2024-10-20T12:01:42Z,2026-08-06T15:19:10.327Z
8678,,incident,Falla MLC,Falla MLC,Interfaz de integrity se queda pegada. Se reinicia desde el CCP Management Panel. Luego MLC se queda pegado. Se intenta reiniciar desde el modo servicio. Luego se apga equipo y falla parking del MLC. Luego se enciende equipo y se intenta de nuevo y pasa lo mismo. Se deja equipo apagado con falla de parking de MLC,urgent,closed,web,20254050947739,20254050947739,19579474867355,14741593614363,14481465021595,true,false,,offered,20427286020763,14481427110299,2024-10-15T23:29:37Z,2024-10-20T18:02:13Z,2026-08-06T15:19:10.327Z
8673,,incident,Gantry 2 Demand ,Gantry 2 Demand ,"Estimados,

Buenas noches, hoy al cambiar entre modo clínico y modo servicio apareció el interlog Gantry 2 Demand dejando el equipo en closed, al reiniciar el equipo el interlog sigue ahí sin la posibilidad de utilizar el equipo,",urgent,closed,web,23562920769947,23562920769947,19579474867355,14741297259931,14481465021595,true,false,,offered,20427286020763,14481427110299,2024-10-14T23:52:32Z,2024-10-20T18:02:14Z,2026-08-06T15:19:10.327Z
8685,,incident,cambio de mails a los que llegan los reportes,cambio de mails a los que llegan los reportes,"Hola!

Pueden actualizar la lista de mails para que los reporte lleguen a estos?

jose.solisc@redsalud.gob.cl, gabriel.veillon@redsalud.gob.cl, constanza.hormazabalg@redsalud.gob.cl, andres.vasqueza@redsalud.gob.cl, isabella.liedtke@redsalud.gob.cl, paula.bravo@redsalud.gob.cl, maria.poncerettyc@redsalud.gob.cl",low,closed,web,20254020300315,20254020300315,19579487161371,14741597726619,14481465021595,true,false,,good,20427286020763,14481427110299,2024-10-17T12:42:02Z,2024-10-21T14:02:15Z,2026-08-06T15:19:10.327Z
8683,,incident,No funciona el envio de imagenes desde XVI y iView,No funciona el envio de imagenes desde XVI y iView,Desde ayer no se pueden enviar las imágenes asociadas a controles diarios.,high,closed,web,20254050948763,20254050948763,28818463039515,14741593614363,14481465021595,true,false,,offered,20427286020763,14481427110299,2024-10-17T11:46:07Z,2024-10-21T14:02:16Z,2026-08-06T15:19:10.327Z
501,,incident,Problema laser SunNuclear,Problema laser SunNuclear,"No funciona bien interfaz de laser. Queda pegada y no conecta.
20240927_081540.jpg",normal,closed,email,26080982926747,26080982926747,14481448391451,14741543428379,14481465021595,true,false,,offered,20427286020763,14481427110299,2024-09-27T11:17:02Z,2024-10-22T13:02:18Z,2026-08-06T15:19:10.327Z
8677,,incident,Monaco 01 no calcula electrón,Monaco 01 no calcula electrón,"Estimados


El TPS MONACO 01, arroja un mensaje de error al realizar cálculo de dosis para un plan de electrones

[cid:1213b3a2-665f-4ee2-950f-3e53c2f6172e]

Al cerrarse el paciente y se abre desde otro TPS, estos si permiten realizar el cálculo, saludos






[cid:9ffd4ed1-1637-4c54-9429-0e83b1100d33]",normal,closed,email,26080969273499,26080969273499,14481448391451,14741543428379,14481465021595,true,false,,offered,20427286020763,14481427110299,2024-10-15T18:50:05Z,2024-10-22T14:02:44Z,2026-08-06T15:19:10.327Z
8691,,incident,El Axesse no inicializa,El Axesse no inicializa,"Buenos días, espero se encuentre bien, hoy en la mañana el equipo Axesse no quiere inicializar, ya que salen dos errores en el _Control System Self,_ esto luego de energizar el equipo, ya que se encontraba sin energía eléctrica",high,closed,web,20254050952475,20254050952475,19579474867355,14741297259931,14481465021595,true,false,,offered,20427286020763,14481427110299,2024-10-21T11:28:19Z,2024-10-25T20:02:21Z,2026-08-06T15:19:10.327Z
8686,,incident,DOSE RATE MON 6MV,DOSE RATE MON 6MV,"Estimados.

Solicitamos su ayuda para corregir el interlock Dose Rate Mon en el haz de 6 MV, está apareciendo un par de veces en cada paciente.

Quedamos atentos.

Saludos cordiales",high,closed,web,20254050953243,20254050953243,19579474867355,20265216319003,14481465021595,true,false,,offered,20427286020763,14481427110299,2024-10-17T15:32:37Z,2024-10-25T20:02:22Z,2026-08-06T15:19:10.327Z
8670,,incident,Falla DVH parte 2 - la venganza del DVH,Falla DVH parte 2 - la venganza del DVH,"Estimados,

 

Si bien el problema exportando el DVH se solucionó con el ajuste de los bin, ahora ocurre que al exportar se cae MONACO y bota otros procesos en el camino.

Si pudieran revisarlo por favor.

 

Saludos cordiales,

 

Juan Carlos Leal Chandía

Físico Médico – Unidad de Radioterapia

Hospital Clínico Magallanes

juancarlos.lealc@redsalud.gov.cl",normal,closed,email,26080982926747,26080982926747,14481448391451,14741543428379,14481465021595,true,false,,offered,20427286020763,14481427110299,2024-10-14T12:45:24Z,2024-10-26T16:02:34Z,2026-08-06T15:19:10.327Z
8699,,incident,Error iview,Error iview,"Tenemos este error repetitivo en iview, durante el uso normal con perfraction
IMG-20241022-WA0005.jpg",normal,closed,email,26080982926747,26080982926747,14481448391451,14741543428379,14481465021595,true,false,,offered,20427286020763,14481427110299,2024-10-22T16:47:04Z,2024-10-27T17:02:36Z,2026-08-06T15:19:10.327Z
8684,,incident,aire acondicionado planificacion,aire acondicionado planificacion,"Estimados,

Aire acondincionado de planificación gotea.

Favor revisar.

Saludos cordiales,

 

Juan Carlos Leal Chandía

Físico Médico – Unidad de Radioterapia

Hospital Clínico Magallanes

juancarlos.lealc@redsalud.gov.cl",normal,closed,email,26080982926747,26080982926747,19579468718875,14741543428379,14481465021595,true,false,,offered,20427286020763,14481427110299,2024-10-17T12:02:40Z,2024-10-29T14:03:12Z,2026-08-06T15:19:10.327Z
8679,,incident,Interlock Dose Diff,Interlock Dose Diff,"Este es un seguimiento de su solicitud anterior n.° #224 ""Re: Trabajos en estación Mo...""

<div class=""zd-comment"" dir=""auto""><p dir=""auto"">Se presenta los siguientes interlock</p>

<p dir=""auto"">lunes 14:         Dose Diff  con 10MV, previo a la entrega del haz.
<br>Miércoles 16:     Dose Diff  con 6FFF, previo a la entrega del haz.
<br>Beam Timer con 6MV</p>

<p dir=""auto"">[cid:86ffd55b-6418-4275-82ba-69b4ae0e18a9]</p>

<p dir=""auto"">[cid:e71c2db7-dab5-40db-8d2d-073946efa982]</p></div>",normal,closed,web,26080969273499,26080969273499,19579468718875,14741543428379,14481465021595,true,false,,offered,20427286020763,14481427110299,2024-10-16T18:24:25Z,2024-10-29T14:03:13Z,2026-08-06T15:19:10.327Z
8705,,incident,Ajuste de Dose Rate Electrones,Ajuste de Dose Rate Electrones,"Estimado Roberto

Hoy se realizará una dosimetría absoluta para las energías de Electrones, por lo que consulto, si es posible aprovechar y hacer una revisión si se requiere realizar ajuste de la dose rate. Sería post tratamiento de los pacientes, 15:00 app.

Saludos




[cid:ededefd0-6e7d-4eef-bb0d-a1c5e9babd11]",,closed,email,26080969273499,26080969273499,19579468718875,14741543428379,14481465021595,true,false,,offered,20427286020763,14481427110299,2024-10-25T14:54:52Z,2024-10-29T21:02:59Z,2026-08-06T15:19:10.327Z
8716,,incident,Xvi no da imagenes,Xvi no da imagenes,"Estimados,

Favor su ayuda tecnica con equipo Suragility, panel xvi no da imagenes.

Saludos.

Obtener Outlook para iOS<https://aka.ms/o0ukef>
Este mensaje y/o documentos adjuntos son confidenciales y están destinados a la(s) persona(s) a la que han sido enviados. Pueden contener información privada y confidencial, cuya difusión se encuentre legalmente prohibida. Si usted no es el destinatario, por favor notifique de inmediato al remitente y elimine el mensaje de sus carpetas y/o archivos.",,closed,email,20254020288667,20254020288667,19579474867355,14741318546075,14481465021595,true,false,,offered,20427286020763,14481427110299,2024-10-31T20:12:28Z,2024-11-08T14:02:15Z,2026-08-06T15:19:10.327Z
8711,,incident,Dose Rate Mon 6 FFF,Dose Rate Mon 6 FFF,"Estimados, gusto en saludarlos.

Nuevamente tenemos el inhibit Dose Rate Mon, pero esta vez en el haz de 6 FFF.

Quedamos atentos a su llamado para coordinar la corrección.

Saludos",high,closed,web,20254050953243,20254050953243,19579474867355,20265216319003,14481465021595,true,false,,offered,20427286020763,14481427110299,2024-10-28T22:23:57Z,2024-11-08T14:02:16Z,2026-08-06T15:19:10.327Z
8718,,incident,Linac Infinity no parte luego de no hacer backups,Linac Infinity no parte luego de no hacer backups,"Buen día,

Se crea este ticket a raíz de llamada telefónica a Manuel por la no partida del linac y backups sin realizar.

 ![](https://eygmedicalsystems.zendesk.com/attachments/token/0iD7APfoSYWeCN0JVYRkwwc95/?name=2024-11-04+09_26_12-WhatsApp.png)

Luego que el sistema hiciera los respaldos, se solicita reinicio de la maquina.

 ![](https://eygmedicalsystems.zendesk.com/attachments/token/1rlq4KZFcshFzzToAZ3VVdnG5/?name=2024-11-04+09_27_07-WhatsApp.png)

En espera de los test del sistema.",high,closed,web,20254050950939,14734559344539,14734559344539,14742056643483,14481465021595,true,false,,offered,20427286020763,14481427110299,2024-11-04T12:28:36Z,2024-11-08T17:03:18Z,2026-08-06T15:19:10.327Z
8722,,incident,Lamina MLC,Lamina MLC,"Estimados,

 

Comentar que hemos tenido reiteradas falla de una lámina, se traba al girar el cabezal a 90° y detiene los tratamientos.

Logramos destrabarla al girar el cabezal a 0°, pero perdemos demasiado tiempo.

 

Favor revisar lo mas pronto posible hoy terminamos cercano a las 20:00hrs.

 

Saludos.

 

 

Paula Núñez C.

Ingeniera de Equipos Médicos de Imágenes y Relacionados.

+56 9 8481 2068

ClinicaAlemana.cl (http://www.clinicaalemana.cl/)

 

 

 

 

 

 

 

 

 

 

 

Este mensaje y/o documentos adjuntos son confidenciales y están destinados a la(s) persona(s) a la que han sido enviados. Pueden contener información privada y confidencial, cuya difusión se encuentre legalmente prohibida. Si usted no es el destinatario, por favor notifique de inmediato al remitente y elimine el mensaje de sus carpetas y/o archivos.",,closed,email,20254020288667,20254020288667,19579474867355,14741318546075,14481465021595,true,false,,offered,20427286020763,14481427110299,2024-11-04T17:58:18Z,2024-11-09T13:01:50Z,2026-08-06T15:19:10.327Z
481,,incident,Carcasa del panel de IVIEW del infinity tiene una grieta,Carcasa del panel de IVIEW del infinity tiene una grieta,"Estimados,

Hemos observado que la carcasa del IVIEW tiene una grieta, si pueden verificar y pedir el cambio de esta.

Muchas gracias",high,closed,web,20254050952475,20254050952475,19579474867355,14741297259931,14481465021595,true,false,,offered,20427286020763,14481427110299,2024-09-16T17:58:32Z,2024-11-09T13:01:50Z,2026-08-06T15:19:10.327Z
8714,,incident,Solicita configuracion especial mosaiq-xvi,Solicita configuracion especial mosaiq-xvi,"Estimados,
Nos interesa poder evaluar la posibilidad de exportar las imagenes de referencia del cbct, directo a xvi, desde otro mosaiq distinto al de la sala de control. De esta forma, no se perderia tiempo de maquina configurando los parametros iniciales en los pacientes nuevos.
Atentos a sus comentarios,",,closed,email,26080982926747,26080982926747,14481448391451,14741543428379,14481465021595,true,false,,offered,20427286020763,14481427110299,2024-10-29T12:55:46Z,2024-11-15T17:02:51Z,2026-08-06T15:19:10.327Z
8745,,incident,Inhibir de freno no desaparece ,Inhibir de freno no desaparece ,"Inhibit de freno PSS HT no se desbloquea, switch de sistema de anti colisión se visualiza suelto en cabezal",urgent,closed,web,20254050946715,20254050946715,20210900681499,14742026913435,14481465021595,true,false,,offered,20427286020763,14481427110299,2024-11-13T12:09:50Z,2024-11-17T16:02:33Z,2026-08-06T15:19:10.327Z
8733,,incident,Falla Sonido retorno Bunker - Sala comando,Falla Sonido retorno Bunker - Sala comando,"Se requiere revisión del sistema de sonido, en la dirección Bunker - Sala comando, no se escucha claramente .

Saludos


[cid:d58f7327-65bc-4654-98d4-ca3660ae5bf8]",normal,closed,email,26080969273499,26080969273499,19579468718875,14741543428379,14481465021595,true,false,,offered,20427286020763,14481427110299,2024-11-08T11:20:36Z,2024-11-17T16:02:34Z,2026-08-06T15:19:10.327Z
8735,,incident,Aire acondicionado sala de maquinas ,Aire acondicionado sala de maquinas ,Problemas con aire acondicionado en la sala de maquinas del acelerador.,normal,closed,mobile,26080969273499,14481448391451,19579468718875,14741543428379,14481465021595,true,false,,offered,20427286020763,14481427110299,2024-11-09T21:05:38Z,2024-11-19T16:03:44Z,2026-08-06T15:19:10.327Z
8739,,incident,Panel XVI no se mueve,Panel XVI no se mueve,"Estimados buenos días.

Junto con saludar, informo que durante la mañana el panel del XVI en 3 oportunidades perdió . aparentemente, conexión lo que no permitía desplazarlo.

Por favor, tenemos disponibilidad para que lo puedan revisar hoy desde las 18:30 h.

Quedo atento a sus comentarios.

Saludos cordiales.",high,closed,web,20254020297371,20254020297371,19579474867355,14740499786395,14481465021595,true,false,,offered,20427286020763,14481427110299,2024-11-11T15:28:23Z,2024-11-22T15:04:51Z,2026-08-06T15:19:10.327Z
8723,,incident,Revisión DLG//Frenos ,Revisión DLG//Frenos ,"Estimado Carlos, buenas tardes.

Según lo mencionado por Jorge Garay en la reunión de la semana pasada, relacionado con los DLG y los frenos, tenemos disponibilidad para que puedan realizar la inspección de ellos en los días que menciono:

- Martes 05/11 desde las 17:00h.
- Miércoles 06711 desde las 16:00h.

Por favor, indicar que día te acomoda o proponer otro.



Saludos cordiales.",high,closed,web,20254020297371,20254020297371,19579474867355,14740499786395,14481465021595,true,false,,good,20427286020763,14481427110299,2024-11-04T18:00:22Z,2024-11-22T15:04:52Z,2026-08-06T15:19:10.327Z
8742,,incident,Error M.Film Vmon,Error M.Film Vmon,"Estimados buenas tardes.

Por favor solicitamos asistencia técnica por error  M.Film Vmon que se nos presentó y que no nos deja continuar.

Saludos cordiales.",urgent,closed,web,20254020297371,20254020297371,19579474867355,14740499786395,14481465021595,true,false,,offered,20427286020763,14481427110299,2024-11-11T21:58:43Z,2024-11-22T16:03:41Z,2026-08-06T15:19:10.327Z
8724,,incident,Reemplazo GUN,Reemplazo GUN,"Estimado Carlos, buenas tardes.



Junto con saludar, con el objetivo de reemplazar el GUN tenemos disponibilidad para realizar el trabajo entre las siguientes fechas:

- Jueves 21/11 desde las 14:00h.
- Viernes 22/11 todo el día.

Quedo atento  a tus comentarios.

Saludos cordiales.",normal,closed,web,20254020297371,20254020297371,19579474867355,14740499786395,14481465021595,true,false,,offered,20427286020763,14481427110299,2024-11-04T18:06:55Z,2024-11-22T16:03:41Z,2026-08-06T15:19:10.327Z
8701,,incident,Table Clutch,Table Clutch,"Estimados, espero que estén muy bien.

En esta oportunidad solicitamos su asistencia para revisar el inhibit Table Clutch, que ha aparecido varias veces en el último par de semanas, solo el día de hoy salió dos veces. Lo resolvimos reiniciando la computadora de la Precise que está en la sala de máquinas a través del botón blanco (CB1).

Gracias y saludos",normal,closed,web,20254050953243,20254050953243,19579474867355,20265216319003,14481465021595,true,false,,offered,20427286020763,14481427110299,2024-10-24T16:07:26Z,2024-11-24T14:02:12Z,2026-08-06T15:19:10.327Z
8751,,incident,Creación carpeta compartida,Creación carpeta compartida,"Estimado equipo EyG, para solitar si es factible, crear una carpeta compartida desde PC del iView que me permita rescatar imagenes del portal.

Quedo Atento

Saludos




[cid:12309164-02ca-4f90-8dfe-8a0a515f8ea4]",normal,closed,email,26080969273499,26080969273499,14481448391451,14741543428379,14481465021595,true,false,,offered,20427286020763,14481427110299,2024-11-14T13:02:08Z,2024-11-25T20:03:16Z,2026-08-06T15:19:10.327Z
490,,incident,Pantalla de sistema Clarity pierde señal ,Pantalla de sistema Clarity pierde señal ,"Estimados,

Buenos días.

La pantalla de la consola Clarity pierde la señal, lo que nos impide observar el seguimiento de la próstata durante la entrega de tratamiento. Revise las conexiones y no observo nada fuera de lugar o suelto.

Quedo atenta para coordinar este correctivo.

Gracias.

Nathalie",high,closed,web,20254050952987,20254050952987,22968357015195,20265216319003,14481465021595,true,false,,offered,20427286020763,14481427110299,2024-09-23T14:05:43Z,2024-11-26T12:01:44Z,2026-08-06T15:19:10.327Z
8766,,incident,No se envian imagenes desde xvi a mosaiq,No se envian imagenes desde xvi a mosaiq,No se envian imagenes desde xvi a mosaiq,high,closed,web,20254050947739,20254050947739,22968357015195,14741593614363,14481465021595,true,false,,offered,20427286020763,14481427110299,2024-11-21T19:01:50Z,2024-11-29T13:01:58Z,2026-08-06T15:19:10.327Z
8693,,incident,Lentitud TPS Oncentra 4.6.3 (equipo en garantia),Lentitud TPS Oncentra 4.6.3 (equipo en garantia),"Lentitud TPS Oncentra 4.6.3 (equipo en garantia).

Equipo no permite la planificación de tratamientos arrojando multiples errores y lentitud extrema.  Además,  segundo equipo TPS Oncentra 4.5.3 , esta inopertaivo por falla vigente (ticket#8688). Tenemos pacientes pendientes por planificar para tratar el día de  hoy.

Quedamos atentos",urgent,closed,web,20254050950939,20254050950939,28818463039515,14742056643483,14481465021595,true,false,,offered,20427286020763,14481427110299,2024-10-21T13:39:37Z,2024-11-29T16:02:46Z,2026-08-06T15:19:10.327Z
8772,,incident,falla detector MV,falla detector MV,detector de silicio amorfo MV no encuentra registro.,high,closed,web,20254050947483,20254050947483,19579474867355,14741593614363,14481465021595,true,false,,offered,20427286020763,14481427110299,2024-11-26T10:52:37Z,2024-12-01T01:01:53Z,2026-08-06T15:19:10.327Z
8749,,incident,Desconexión intermitente tubo rx XVI,Desconexión intermitente tubo rx XVI,Tubo de rayos del XVI se desconecta al momento de realizar CBCT.,urgent,closed,web,20254050948763,20254050948763,19579474867355,14741593614363,14481465021595,true,false,,offered,20427286020763,14481427110299,2024-11-13T15:26:16Z,2024-12-01T01:01:54Z,2026-08-06T15:19:10.327Z
8778,,incident,Touchguard,Touchguard,"Estimados, tenemos el equipo detenido por un Touchguard que no podemos resolver. Necesitamso de su asistencia.

Gracias y saludos",urgent,closed,web,20254050953243,20254050953243,20210900681499,20265216319003,14481465021595,true,false,,offered,20427286020763,14481427110299,2024-11-27T17:51:29Z,2024-12-01T20:02:24Z,2026-08-06T15:19:10.327Z
8790,,incident,Falla conexion MOSAIQ con ambos aceleradores VERSA1 y VERSA2,Falla conexion MOSAIQ con ambos aceleradores VERSA1 y VERSA2,"Buen dia, Se presenta nuevamente falla de conexion con MOSAIQ en ambos aceleradores para tratar pacientes. Se reinician los equipos en varias ocasiones sin resultados favorables. Equipos Detenidos. Saludos, Manuel.",urgent,closed,web,20254020292379,20254020292379,22968357015195,14741389938587,14481465021595,true,false,,unoffered,20427286020763,14481427110299,2024-12-03T11:56:41Z,2024-12-03T12:23:24Z,2026-08-06T15:19:10.327Z
8783,,incident,problemas con exportación de paciente y cargar fotos en pacientes en simulados,problemas con exportación de paciente y cargar fotos en pacientes en simulados,problemas con exportación de paciente y cargar fotos en pacientes en simulados,high,closed,web,26912536492699,26912536492699,28818463039515,14741593614363,14481465021595,true,false,,offered,20427286020763,14481427110299,2024-11-29T12:20:11Z,2024-12-03T14:01:47Z,2026-08-06T15:19:10.327Z
8777,,incident,Interlock Gantry Demand,Interlock Gantry Demand,"Interlock Gantry Demand

Realice algunas acciones pero interlock persiste.

Equipo detenido",high,closed,web,20254050952987,20254050952987,22297930568347,20265216319003,14481465021595,true,false,,offered,20427286020763,14481427110299,2024-11-27T10:45:51Z,2024-12-06T14:02:24Z,2026-08-06T15:19:10.327Z
8762,,incident,MP Noviembre,MP Noviembre,"Estimado Carlos, buenos días.

Junto con saludar, te menciono que tenemos disponibilidad para realizar el MP de Noviembre el día Jueves 28/11 desde las 15:30 hrs.



Quedo atento a tu confirmación.

Saludos cordiales.",normal,closed,web,20254020297371,20254020297371,19579474867355,14740499786395,14481465021595,true,false,,offered,20427286020763,14481427110299,2024-11-20T13:48:10Z,2024-12-06T16:02:49Z,2026-08-06T15:19:10.327Z
8707,,incident,Escala angular camilla Infinity,Escala angular camilla Infinity,Se requiere ajuste de Escala angular camilla Infinity. 1° de desviación aproximadamente.,high,closed,web,20254050950939,20254050950939,19579486425499,14742056643483,14481465021595,true,false,,offered,20427286020763,14481427110299,2024-10-25T18:35:41Z,2024-12-06T22:02:58Z,2026-08-06T15:19:10.327Z
8768,,incident,Gantry error//Mosaiq//Pinlock,Gantry error//Mosaiq//Pinlock,"Estimados buenos días.

Solicitamos asistencia técnica, al estar realizando el calentamiento de la máquina inesperadamente se apagó, luego encendimos  y mosaiq no conecta, nos aparece un mensaje en en NRT que indica ""Central Backup Server is unavailable"". Tambien reporto error con el pinclock del XVI.



Quedo atento a sus comentarios.

Saludos cordalies.",urgent,closed,web,20254020297371,20254020297371,28818463039515,14740499786395,14481465021595,true,false,,offered,20427286020763,14481427110299,2024-11-22T11:48:59Z,2024-12-08T13:02:12Z,2026-08-06T15:19:10.327Z
8725,,incident,Error en Mosaiq del PC de los TENS,Error en Mosaiq del PC de los TENS,"Estimados, gusto en saludarlos.

El Mosaiq que usan los TENS presenta el error de la imagen adjunta de forma reiterativa desde el mediodía de hoy. Nos podrían guiar para saber si es algo propio del PC, de la Red o de la virtualización del servidor?

Quedamos atentos",normal,closed,web,20254050953243,20254050953243,28818463039515,20265216319003,14481465021595,true,false,,offered,20427286020763,14481427110299,2024-11-04T18:14:13Z,2024-12-09T14:02:23Z,2026-08-06T15:19:10.327Z
8709,,incident,SNC Machine no recibe datos del equipo,SNC Machine no recibe datos del equipo,"Estimados, de hace unos dias no hemos podido revisar las imágenes de iView para los controles del acelerador, con el sistema SunCheck.
Al exportar desde Mosaiq a un pendrive e intentar ingresar manualmente las imagenes, tampoco las recibe sin importar el formato (dicom o imagenes).
Dependemos de este sistema para los QA de maquina

Quedamos atentos. Saludos,",normal,closed,email,26080982926747,26080982926747,14481448391451,14741543428379,14481465021595,true,false,,offered,20427286020763,14481427110299,2024-10-28T13:08:31Z,2024-12-10T15:03:22Z,2026-08-06T15:19:10.327Z
8792,,incident,Encendido Acelerador Lineal,Encendido Acelerador Lineal,"Para dejar registro

El día de hoy (03-11-2024), el acelerador lineal, no realizó de manera normal el autoencendido, por lo que se comunicó situación a Ing. Roberto Aguila (7:00am). Quien entregó las indicaciones para iniciar el acelerador adecuadamente.

Saludos




[cid:782c3396-fbbe-423b-8463-ff1aba8e5908]",,closed,email,26080969273499,26080969273499,19579468718875,14741543428379,14481465021595,true,false,,offered,20427286020763,14481427110299,2024-12-03T15:26:51Z,2024-12-10T16:03:16Z,2026-08-06T15:19:10.327Z
397,,incident,Mensajes que se han presentado en XVI,Mensajes que se han presentado en XVI,"Buenos días
Para vuestro conocimiento, se adjuntan mensajes que se ha presentado post la adquisición de CBCT en algunos pacientes.

Y hoy por segunda vez me mostró este mensaje. no genera ningún interlock, deja tratar con normalidad, pero aparece los mensajes.


Saludos



[cid:3a1a00f6-b0a1-403b-b07b-31559e24866d]
Outlook-bn4nbq5g.png
Image 2024-08-13 at 09.28.12.jpeg
Image 2024-08-13 at 09.29.01.jpeg",normal,closed,email,26080969273499,26080969273499,14481448391451,14741543428379,14481465021595,true,false,,offered,20427286020763,14481427110299,2024-08-13T12:43:29Z,2024-12-10T16:03:16Z,2026-08-06T15:19:10.327Z
8784,,incident,Falla conexion MOSAIQ en ambos aceleradores VERSA1 y VERSA2,Falla conexion MOSAIQ en ambos aceleradores VERSA1 y VERSA2,"Buen dia,

Se presenta falla de conexion con MOSAIQ en ambos aceleradores para tratar pacientes. Se reinician los equipos en varias ocasiones sin resultados favorables. Equipos Detenidos.

Saludos,

Manuel.",urgent,closed,web,20254020292379,20254020292379,22968357015195,14741389938587,14481465021595,true,false,,offered,20427286020763,14481427110299,2024-11-29T18:37:06Z,2024-12-13T14:02:46Z,2026-08-06T15:19:10.327Z
479,,incident,Presión de agua SURAGILITY,Presión de agua SURAGILITY,"Estimado Carlos,

 

Junto con saludar y de acuerdo con lo informado por teléfono hoy el equipo volvió a presentar interlock por presión de agua.

¿Es necesario cambiar algún repuesto que está haciendo bajar continuamente la presión?

 

Llevamos varias semanas con este problema y nos preocupa sea revisado cuanto antes.

Les vuelvo a recordar los lunes partimos la jornada 8:00am y no podemos esperar hasta ese día para comenzar con un equipo DOWN.

 

Quedo atenta a su respuesta.

Saludos,

 

 

Paula Núñez C.

Ingeniera de Equipos Médicos de Imágenes y Relacionados.

+56 9 8481 2068

ClinicaAlemana.cl (http://www.clinicaalemana.cl/)

 

 

 

 

 

 

 

 

 

 

 

Este mensaje y/o documentos adjuntos son confidenciales y están destinados a la(s) persona(s) a la que han sido enviados. Pueden contener información privada y confidencial, cuya difusión se encuentre legalmente prohibida. Si usted no es el destinatario, por favor notifique de inmediato al remitente y elimine el mensaje de sus carpetas y/o archivos.",,closed,email,20254020288667,20254020288667,19579474867355,14741318546075,14481465021595,true,false,,offered,20427286020763,14481427110299,2024-09-13T20:01:54Z,2024-12-13T16:03:15Z,2026-08-06T15:19:10.327Z
8720,,incident,Multilaminas Suragility,Multilaminas Suragility,"Estimados,

 

Les adjunto el reporte del Test Hancock de noviembre del equipo Sur Agility, se vuelve a repetir el resultado posterior al cambio de bancos en octubre.

 

Las láminas en el borde superior están fuera de tolerancia, si bien en estas posiciones no afecta los tratamientos, la prueba de láminas que es mandataria no va a tener éxito, y los resultados siempre serán insuficientes para la Autoridad Reguladora.

 

Les pido solucionar este tema a la brevedad para evitar problemas con la Autoridad.

 

Saludos. 

 

 

 

Paula Núñez C.

Ingeniera de Equipos Médicos de Imágenes y Relacionados.

+56 9 8481 2068

ClinicaAlemana.cl (http://www.clinicaalemana.cl/)

 

 

 

 

 

 

 

 

 

 

 

Este mensaje y/o documentos adjuntos son confidenciales y están destinados a la(s) persona(s) a la que han sido enviados. Pueden contener información privada y confidencial, cuya difusión se encuentre legalmente prohibida. Si usted no es el destinatario, por favor notifique de inmediato al remitente y elimine el mensaje de sus carpetas y/o archivos.",,closed,email,20254020288667,20254020288667,19579474867355,14741318546075,14481465021595,true,false,,offered,20427286020763,14481427110299,2024-11-04T14:58:43Z,2024-12-13T17:03:24Z,2026-08-06T15:19:10.327Z
8787,,incident,Ruido cabezal,Ruido cabezal,"Estimados buenos días.



Junto con saludar, reporto que al girar el cabezal se nota un ruido, aparentemente de roce de las tapas.



Quedo atento a sus comentarios.

Saludos cordiales,",high,closed,web,20254020297371,20254020297371,20210900681499,14740499786395,14481465021595,true,false,,offered,20427286020763,14481427110299,2024-12-02T11:32:48Z,2024-12-13T18:03:52Z,2026-08-06T15:19:10.327Z
8759,,incident,Falla MLC,Falla MLC,"Estimados:

 

Junto con saludar, se reporta falla en el MLC en 3 pacientes hoy en la tarde. Si bien se logra resolver el problema, toma tiempo hacerlo.

Necesitamos programar una revisión por parte del servicio técnico, idealmente un día fuera de horario hábil o sábado.

 

Quedo atenta a su disponibilidad.

 

 

Paula Núñez C.

Ingeniera de Equipos Médicos de Imágenes y Relacionados.

+56 9 8481 2068

ClinicaAlemana.cl (http://www.clinicaalemana.cl/)

 

 

 

 

 

 

 

 

 

 

 

Este mensaje y/o documentos adjuntos son confidenciales y están destinados a la(s) persona(s) a la que han sido enviados. Pueden contener información privada y confidencial, cuya difusión se encuentre legalmente prohibida. Si usted no es el destinatario, por favor notifique de inmediato al remitente y elimine el mensaje de sus carpetas y/o archivos.",,closed,email,20254020288667,20254020288667,19579474867355,14741318546075,14481465021595,true,false,,offered,20427286020763,14481427110299,2024-11-18T17:49:56Z,2024-12-13T18:03:53Z,2026-08-06T15:19:10.327Z
8719,,incident,Generator not ready or in Fault condition,Generator not ready or in Fault condition,"Estimados,

 

Junto con saludar les comento que el Linac Sur está arrojando el siguiente error aleatoriamente “GENERATOR NOT READY OR IN FAULT CONDITION” asociado al panel XVI.

 

Favor considerar el cambio o solución definitiva dada la seguidilla de eventos.

 

Saludos.

 

Paula Núñez C.

Ingeniera de Equipos Médicos de Imágenes y Relacionados.

+56 9 8481 2068

ClinicaAlemana.cl (http://www.clinicaalemana.cl/)

 

 

 

 

 

 

 

 

 

 

 

Este mensaje y/o documentos adjuntos son confidenciales y están destinados a la(s) persona(s) a la que han sido enviados. Pueden contener información privada y confidencial, cuya difusión se encuentre legalmente prohibida. Si usted no es el destinatario, por favor notifique de inmediato al remitente y elimine el mensaje de sus carpetas y/o archivos.",,closed,email,20254020288667,20254020288667,19579474867355,14741318546075,14481465021595,true,false,,offered,20427286020763,14481427110299,2024-11-04T13:12:32Z,2024-12-13T18:03:53Z,2026-08-06T15:19:10.327Z
8754,,incident,Re: Instalación de MOSAIQ,Re: Instalación de MOSAIQ,"Buenas tardes,

Se hace envío del requerimiento del cliente a la plataforma de atención Zendesk para continuar el soporte y gestión del caso.

Saludos,

Ruben  Cammalleri

Gerente de TI

Gerencia | E&G Medical Systems

 +56226537362 | +56931868061

 rcammalleri@eygsa.cl

 www.eygsa.cl (https://www.eygsa.cl/)

 Av. Providencia 2286, Piso 5, Ofc 504



On Thu, 14 Nov 2024 at 16:27, Sebastian Salice <ssalice@eygsa.cl> wrote:

Buenas tardes Reinaldo,

Espero se encuentre bien, para instalar Mosaiq (app) es necesario que las workstation estén en el mismo dominio que el servidor mosaiq (./cas), tener framework 3.5 y 4.8 instalados y activados en windows y finalmente si es que utilizan ""eScribe"" es necesario que la versión de office este en su arquitectura de x32 bits, si no utilizan esa funcionalidad de mosaiq no es necesario tener office en la arquitectura mencionada.

Con esos pasos se puede instalar Mosaiq, la instalacion puede ser remota siempre y cuando nos entreguen ip/usuario/contraseña de los equipos.

Saludos Cordiales,

Sebastian Salice

Ingeniero Informático

TI | E&G MEDICAL SYSTEMS

 +56967868607

 ssalice@gmail.com

 www.eygsa.cl (https://www.eygsa.cl/)

 Avda. Providencia N° 2286 Of.4



El jue, 14 nov 2024 a las 14:34, Reinaldo Chavez Bravo (<rchavez@alemana.cl>) escribió:

Hola Víctor

Tengo un pedido de la Dra. Jefe del Servicio de Radioterapia y este es en relación a instalar MOSAIQ en los siguientes lugares:

 

Edificio

Piso

N° de Consulta

Vitacura

9

2

3

5

La Dehesa

3

8

 

Necesitó de tú ayuda y me indiques que significa una instalación de MOSAIQ …  algún requisito especial del PC … algún costo de Licenciamiento .. etc.

 

Agradeceré tus comentarios …  muchas gracias

 

 

 

Reinaldo Chávez B.

Jefe de Área Soporte Usuarios TI

+56 2 2586 6099  /  +56 9 7568 0085

ClinicaAlemana.cl (http://www.clinicaalemana.cl/)

 

 

 

 

 

 

 

 

 

 

Este mensaje y/o documentos adjuntos son confidenciales y están destinados a la(s) persona(s) a la que han sido enviados. Pueden contener información privada y confidencial, cuya difusión se encuentre legalmente prohibida. Si usted no es el destinatario, por favor notifique de inmediato al remitente y elimine el mensaje de sus carpetas y/o archivos.",normal,closed,email,29297841873947,14734559344539,22968357015195,14741318546075,14481465021595,true,false,,offered,20427286020763,14481427110299,2024-11-14T19:54:14Z,2024-12-14T16:02:17Z,2026-08-06T15:19:10.327Z
8800,,incident,Falla TRM VERSA1,Falla TRM VERSA1,"Buenos dias, Se presenta falla en TRM del equipo VERSA 1, no se conecta. Se reinicia acelerador sin obtener resultados. Equipo detenido. Saludos, Manuel.",urgent,closed,web,20254020292379,20254020292379,14734559344539,14741389938587,14481465021595,true,false,,offered,20427286020763,14481427110299,2024-12-06T11:55:41Z,2024-12-15T13:01:54Z,2026-08-06T15:19:10.327Z
8756,,incident,Re: Revisión lentitud sistema PS,Re: Revisión lentitud sistema PS,"Buenas tardes,

Estimada Camila, se creará un caso en nuestra plataforma de soporte para continuar con la atención.

Acusamos recibo de lo reportado.

Saludos,

Ruben  Cammalleri

Gerente de TI

Gerencia | E&G Medical Systems

 +56226537362 | +56931868061

 rcammalleri@eygsa.cl

 www.eygsa.cl (https://www.eygsa.cl/)

 Av. Providencia 2286, Piso 5, Ofc 504



On Fri, 15 Nov 2024 at 13:32, Camila Belen Rojas Munoz <camila.rojasm@falp.org> wrote:

Saludos estimados,

Solicitamos revisión de sistema APOTECA debido a lentitud de funcionamiento de los PS. Presentan latencia prolongada al realizar acciones, generando alarmas (por ej: alarma de balanza cuando la detención prolongada es durante el pesaje de sueros).

Atenta a sus comentarios, muchas gracias!


--

Camila Rojas Muñoz
Quimico farmaceutico, Unidad de preparados oncologicos
Manuel infante 805 Providencia | Santiago
Tel.(56.2) 2445 7375 | https://www.institutoncologicofalp.cl/ (http://www.falp.org/)
Fundación Arturo López Pérez


La información contenida en este correo electrónico es confidencial y está dirigida exclusivamente a los destinatarios indicados expresamente. Cualquier uso, reproducción, divulgación o distribución realizada por personas distintas de los destinatarios de este mensaje, está estrictamente prohibida. Si usted ha recibido este correo por error, por favor repórtelo inmediatamente al remitente y bórrelo de su sistema, sin dejar copias. Este correo electrónico no pretende ni debe ser considerado como constitutivo de ninguna relación legal, contractual o de otra índole similar.

Fundación Arturo López Pérez está comprometida con la sustentabilidad. Por favor, no imprima este correo si no es realmente necesario.",high,closed,email,20254020293275,14734559344539,20238696308635,15484666348187,14481465021595,true,false,,offered,22951460465819,14481427110299,2024-11-15T17:32:08Z,2024-12-15T18:02:57Z,2026-08-06T15:19:10.327Z
8816,,incident,Problemas con servidor de sunnuclear,Problemas con servidor de sunnuclear,"Estimados,

Les comento que la red correspondiente al servidor de sunnuclear está teniendo problemas, cuando se intenta acceder a cualquier archivo en esta se tarda mucho, dejando incluso congeladas las aplicaciones. El problema es general y también se evidencia al intentar crear una carpeta o incluso solo cambiar un nombre de algún archivo.",high,closed,web,20254050948123,20254050948123,22968357015195,14741593614363,14481465021595,true,false,,offered,20427286020763,14481427110299,2024-12-13T21:53:54Z,2024-12-20T20:03:02Z,2026-08-06T15:19:10.327Z
8788,,incident,Falla de laminas e Interlock PRF En Chk,Falla de laminas e Interlock PRF En Chk,"Estimados buenas tardes,

 

Les informo que durante el día hemos presentado en reiteradas ocasiones los siguientes INTERLOCK:

 

* PRF En Chk
* Leaves not ready x2

 

Favor su ayuda con servicio tecnico URGENTE dado que nos están interrumpiendo todas las terapias.

 

Quedo atenta a su respuesta.

 

Paula Núñez C.

Ingeniera de Equipos Médicos de Imágenes y Relacionados.

+56 9 8481 2068

ClinicaAlemana.cl (http://www.clinicaalemana.cl/)

 

 

 

 

 

 

 

 

 

 

 

Este mensaje y/o documentos adjuntos son confidenciales y están destinados a la(s) persona(s) a la que han sido enviados. Pueden contener información privada y confidencial, cuya difusión se encuentre legalmente prohibida. Si usted no es el destinatario, por favor notifique de inmediato al remitente y elimine el mensaje de sus carpetas y/o archivos.",,closed,email,20254020288667,20254020288667,19579474867355,14741318546075,14481465021595,true,false,,offered,20427286020763,14481427110299,2024-12-02T16:56:49Z,2024-12-21T14:02:19Z,2026-08-06T15:19:10.327Z
8770,,incident,Panel de I-View trabado,Panel de I-View trabado,Panel de I-View no se puede guardar. Manilla que se ve en imagen adjunta se encuentra rigida,normal,closed,web,20254050946715,20254050946715,27816237178267,14742026913435,14481465021595,true,false,,offered,20427286020763,14481427110299,2024-11-22T16:18:30Z,2024-12-22T15:02:28Z,2026-08-06T15:19:10.327Z
8795,,incident,Dose Rate Mon 6 MV,Dose Rate Mon 6 MV,"Estimados, buenos días.

Solicitamos su asistencia para resolver el inhibit Dose Rate Mon que aparece al intentar irradiar con la energía de fotones de 6 MV.

Quedamos atentos a sus comentarios

Saludos",high,closed,web,20254050953243,20254050953243,19579474867355,20265216319003,14481465021595,true,false,,offered,20427286020763,14481427110299,2024-12-04T14:55:20Z,2025-01-03T16:03:15Z,2026-08-06T15:19:10.327Z
8820,,incident,Problemas con inicio de Conebeam,Problemas con inicio de Conebeam,"Estimados,

Junto con saludar les pido su ayuda con visita urgente para revision de Suragility, no se logra iniciar conebeam.

No se logra iniciar el generador.

Atenta a su respuesta.

Obtener Outlook para iOS<https://aka.ms/o0ukef>
Este mensaje y/o documentos adjuntos son confidenciales y están destinados a la(s) persona(s) a la que han sido enviados. Pueden contener información privada y confidencial, cuya difusión se encuentre legalmente prohibida. Si usted no es el destinatario, por favor notifique de inmediato al remitente y elimine el mensaje de sus carpetas y/o archivos.",,closed,email,20254020288667,20254020288667,19579474867355,14741318546075,14481465021595,true,false,,offered,20427286020763,14481427110299,2024-12-17T12:51:09Z,2025-01-03T17:04:06Z,2026-08-06T15:19:10.327Z
8843,,incident,Panel del iView no se mueve,Panel del iView no se mueve,"Estimados, después de la intervención del día de hoy, no hemos podido mover el panel del iView, el detector está completamente guardado y el pendant no lo lleva a ninguna otra posición.

Quedamos atentos a su asistencia.

Saludos cordiales",urgent,closed,web,20254050953243,20254050953243,22297930568347,20265216319003,14481465021595,true,false,,offered,20427286020763,14481427110299,2025-01-04T00:23:10Z,2025-01-10T14:03:27Z,2026-08-06T15:19:10.327Z
8812,,incident,Falla intermitente 2T,Falla intermitente 2T,Se solicita revisión de falla intermitente 2T.,high,closed,web,20254050948123,20254050948123,22297930568347,14741593614363,14481465021595,true,false,,offered,20427286020763,14481427110299,2024-12-13T00:04:12Z,2025-01-11T13:02:02Z,2026-08-06T15:19:10.327Z
8836,,incident,Falla Beam Timer Axesse,Falla Beam Timer Axesse,Al irradiar planes FFF el equipo da interlog Beam Timer,high,closed,web,23562920769947,23562920769947,19579474867355,14741297259931,14481465021595,true,false,,offered,20427286020763,14481427110299,2024-12-30T23:44:56Z,2025-01-11T14:02:07Z,2026-08-06T15:19:10.327Z
8830,,incident,Dose Rate Mon 6 y 10 FFF ,Dose Rate Mon 6 y 10 FFF ,"Estimados, espero que estén muy bien.

Les escribo para reportar que sale el inhibit Dose Rate Mon para el haz de 10 FFF al intentar irradiar un campo 20x20. Se alcanzan a entregar un aproximado de 20 UM y luego se detiene.

Por otro lado, en solo uno de los pacientes del día de hoy apareció el mismo inhibit en 4 oportunidades pero con el haz de 6FFF. Si se puede ajustar en la misma intervención, sería ideal.

Quedamos atentos a su respuesta para solventar el inhibit.

Saludos cordiales",high,closed,web,20254050953243,20254050953243,19579474867355,20265216319003,14481465021595,true,false,,offered,20427286020763,14481427110299,2024-12-23T21:57:45Z,2025-01-11T14:02:08Z,2026-08-06T15:19:10.327Z
8825,,incident,Ctrl 2T y velocidad de giro de gantry,Ctrl 2T y velocidad de giro de gantry,"Se informa de falla Ctrl 2T reiterada durante la jornada AM.

También se reporta disminución de la velocidad de giro de gantry.",high,closed,web,20254050948763,20254050948763,19579474867355,14741593614363,14481465021595,true,false,,offered,20427286020763,14481427110299,2024-12-19T14:57:31Z,2025-01-11T14:02:09Z,2026-08-06T15:19:10.327Z
8848,,incident,botonera suelta,botonera suelta,"Botonera derecha de camilla del Versa se encuentra suelta

 

Juan Carlos Leal Chandía

Físico Médico – Unidad de Radioterapia

Hospital Clínico Magallanes

juancarlos.lealc@redsalud.gov.cl",,closed,email,26080982926747,26080982926747,19579468718875,14741543428379,14481465021595,true,false,,offered,20427286020763,14481427110299,2025-01-07T14:01:50Z,2025-01-11T16:02:15Z,2026-08-06T15:19:10.327Z
8835,,incident,Falla MLC Axesse,Falla MLC Axesse,Falla en la lámina en ángulo de camilla 260-280.,high,closed,web,20254050952603,20254050952603,19579474867355,14741297259931,14481465021595,true,false,,offered,20427286020763,14481427110299,2024-12-30T18:29:05Z,2025-01-14T15:02:35Z,2026-08-06T15:19:10.327Z
8741,,incident,Vida útil cable braqui,Vida útil cable braqui,"Estimados. Buenas tardes

Como parte del proceso de las mantenciones en Braqui , les comento que hemos recibo mensajes de aviso en la consola de la maquina respecto a la vida útil del cable. Ver pantallazo adjunto.

Me preocupa sobre todo por un tema de seguridad clínica al paciente. Solicito por favor que se puedan revisar los parámetros correspondientes durante la semana, considerando que no tenemos pacientes citados.

Quedamos atentos.

Muchas gracias

Saludos!",high,closed,web,20254020298395,20254020298395,19579487161371,14740499786395,14481465021595,true,false,,offered,20427286020763,14481427110299,2024-11-11T20:08:49Z,2025-01-14T18:02:38Z,2026-08-06T15:19:10.327Z
8876,,incident,Desconexión sistema iVIew con Dicom Server,Desconexión sistema iVIew con Dicom Server,"A las 7:30 am se informó a Ing. Roberto A. que sistema iview no conecta con Dicom Server, quien entrega indicaciones remotas para ser reiniciado sistema DICOM - NAMER, posteriormente asiste a terreno junto a personal de TI, Victor A., quienes solucionan la comunicación de entre los sistemas.

posteriormente se termina QA diario sin inconvenientes.

Saludos




[cid:a7d0b5b2-6f7a-47b0-8973-41c77afc8b57]",,closed,email,26080969273499,26080969273499,14481448391451,14741543428379,14481465021595,true,false,,offered,20427286020763,14481427110299,2025-01-16T12:37:22Z,2025-01-20T14:02:08Z,2026-08-06T15:19:10.327Z
8862,,incident,Falla xvi,Falla xvi,"Falla xvi
IMG-20250113-WA0018.jpeg
IMG-20250113-WA0015.jpeg
IMG-20250113-WA0013.jpeg",high,closed,email,26080982926747,26080982926747,19579468718875,14741543428379,14481465021595,true,false,,offered,20427286020763,14481427110299,2025-01-13T14:15:25Z,2025-01-20T14:02:09Z,2026-08-06T15:19:10.327Z
8847,,incident,falla XVI,falla XVI,"Estamos teniendo repetidas fallas de caídas en el CBCT.

Se dan durante el CBCT y se relacionan con caídas en el kV.

 

Roberto tiene las imágenes y el detalle.

 

Juan Carlos Leal Chandía

Físico Médico – Unidad de Radioterapia

Hospital Clínico Magallanes

juancarlos.lealc@redsalud.gov.cl",high,closed,email,26080982926747,26080982926747,19579468718875,14741543428379,14481465021595,true,false,,offered,20427286020763,14481427110299,2025-01-07T14:01:24Z,2025-01-20T14:02:10Z,2026-08-06T15:19:10.327Z
8813,,incident,Dosisoft - ajuste de ganancia en energía 6 FFF,Dosisoft - ajuste de ganancia en energía 6 FFF,"Estimados,

Buenos días.

Necesitamos calibrar la energía de 6 FFF en el modelo de EpiBeam.

Entiendo que ustedes son el enlace con Gloria de Dosisoft?

Quedo atenta.

Saludos,

Nathalie",high,closed,web,20254050952987,20254050952987,22968357015195,20265216319003,14481465021595,true,false,,offered,20427286020763,14481427110299,2024-12-13T11:26:28Z,2025-01-20T15:02:30Z,2026-08-06T15:19:10.327Z
425,,incident,Problemas Mosaiq,Problemas Mosaiq,"Estimados buena tarde, se requiere revisión del servidor mosaiq por problemas presentados esta última semana en el cual se presentaron errores del aplicativo en todas las estaciones, lentitud en el servicio y cierre del aplicativo.

Cabe mencionar que se realizaron pruebas en el enlace de internet en conjunto con nuestro proveedor no encontrándose problemas externos de red (configuración, velocidad y transporte de datos en el enlace), además se realizaron pruebas internas en el equipamiento de red propio todas resultando satisfactorias y sin problemas.

Además una inspección del servidor se encuentra que estos últimos días el uso de memoria Ram se ha mantenido en un 80% o mayor en algunos minutos.

Se adjuntan imágenes de alguno de los errores presentados y el uso de memoria del servidor.

--


Pedro Vera Soto.
Departamento de TI
informatica@oncorad.cl / +56 946962371
Bahamondes 44, Pedro de Valdivia, Concepción.",high,closed,email,28514344956315,28514344956315,14481448391451,14742056643483,14481465021595,true,false,,offered,20427286020763,14481427110299,2024-08-22T18:57:22Z,2025-01-21T20:02:31Z,2026-08-06T15:19:10.327Z
8822,,incident,Rotura de fantoma ArcCheck,Rotura de fantoma ArcCheck,"Estimados

En la tarde se presentó un accidente con el fantoma ArcCheck, trasportándose desde la bodega hacia el interior del bunker, para respectivas mediciones. En la zona de la rampa, éste se deslizó de la base del carro de transporte, cayendo al piso, lo que causó que se rompiera.

Escribo para consultar la posibilidad de evaluarse, si el equipo tiene algún tipo de reparación.

Por otro lado, aprovecho para extender una observación a la empresa Sun Nuclear, que evalúen un método de sujeción del fantoma, de tal manera que fuera más robusto, en los casos, como es el nuestro, que debemos trasportarlo por un laberinto que presenta rampa.

Saludos

[cid:601c1db2-2c0e-4293-ab4f-bf21ccb9bbb1]
[cid:82dd4cb6-bbcf-426b-b302-1a443e5db9e1]


[cid:097f1e77-d2f4-47f5-a211-bb1465361fb2]",,closed,email,26080969273499,26080969273499,14481448391451,14741543428379,14481465021595,true,false,,unoffered,20427286020763,14481427110299,2024-12-17T22:07:40Z,2025-01-27T12:36:18Z,2026-08-06T15:19:10.327Z
8894,,incident,interlock -320 Mon ,interlock -320 Mon ,"Estimados,

Tenemos el interlock aun sin cargar ninguna energía, reinicie pero continua el problema",high,closed,web,20254050952987,20254050952987,20210900681499,20265216319003,14481465021595,true,false,,offered,20427286020763,14481427110299,2025-01-23T10:31:28Z,2025-01-27T14:02:02Z,2026-08-06T15:19:10.327Z
8893,,incident,XVI mensaje de mantención,XVI mensaje de mantención,En equipo Infintiy aparece mensaje de que el equipo requiere mantenimiento al momento al momento de comenzar la fase 3 del calentamiento.,normal,closed,web,20254050952603,20254050952603,20210900681499,14741297259931,14481465021595,true,false,,bad,20427286020763,14481427110299,2025-01-22T17:17:56Z,2025-01-27T14:02:03Z,2026-08-06T15:19:10.327Z
8889,,incident,"Luz azul ""Versa DH""","Luz azul ""Versa DH""","Estimados,

La luz azul del equipo que dice ""Versa HD"" no enciende.

Saludos,

Nathalie",normal,closed,web,20254050952987,20254050952987,20210900681499,20265216319003,14481465021595,true,false,,offered,20427286020763,14481427110299,2025-01-22T11:28:41Z,2025-01-27T14:02:03Z,2026-08-06T15:19:10.327Z
8887,,incident,Interlock -320 Mon para electrones de 15,Interlock -320 Mon para electrones de 15,"Estiamdos,

Tenemos interlock -320 Mon para 15 MeV.

Les adjunto una foto.

Tenemos disponibilidad de equipo hoy desde las 16:00",high,closed,web,20254050952987,20254050952987,20210900681499,20265216319003,14481465021595,true,false,,offered,20427286020763,14481427110299,2025-01-22T11:22:59Z,2025-01-27T14:02:04Z,2026-08-06T15:19:10.327Z
8866,,incident,-320 V Mon,-320 V Mon,"Estimados, ésta mañana apareció este inhibit que no me permitía irradiar haces de electrones. Luego de hacer algunas pruebas con haces de fotones, volví a intentarlo y esta vez si pude irradiar con haz de electrones.

Quedamos atentos a sus comentarios.

Saludos cordiales",normal,closed,web,20254050953243,20254050953243,20210900681499,20265216319003,14481465021595,true,false,,offered,20427286020763,14481427110299,2025-01-13T17:17:34Z,2025-01-27T14:02:04Z,2026-08-06T15:19:10.327Z
8870,,incident,Hump err 6FFF,Hump err 6FFF,Equipo con falla Hump err al inicio de los tratamientos con energía de 6FFF,normal,closed,web,20254050952603,20254050952603,19579474867355,14741297259931,14481465021595,true,false,,offered,20427286020763,14481427110299,2025-01-14T13:14:17Z,2025-01-27T17:03:14Z,2026-08-06T15:19:10.327Z
8861,,incident,ISO MECANICO CAMILLA FUERA DE TOLERANCIA,ISO MECANICO CAMILLA FUERA DE TOLERANCIA,"Estimados,

Espero que estén bien.

Necesitamos que corrijan el ISO mecánico de la camilla, les adjunto una imagen con el resultado de la prueba realizada como lo indica el CAT MV ISOCENTER:

![](https://eygmedicalsystems.zendesk.com/attachments/token/BFidSGqteQeikWHTSRDMPE8N7/?name=mceclip0.png)",high,closed,web,20254050952987,20254050952987,19579474867355,20265216319003,14481465021595,true,false,,offered,20427286020763,14481427110299,2025-01-10T21:39:40Z,2025-01-27T17:03:15Z,2026-08-06T15:19:10.327Z
8857,,incident,2R en 6MV,2R en 6MV,"Estimados, buenos días.

En este caso solicitamos su asistencia para optimizar el perfil del haz de 6 MV en 2R ya que el inhibit ha aparecido en varias ocasiones en un par de pacientes.

Quedamos atentos a su respuesta.

Saludos cordiales",high,closed,web,20254050953243,20254050953243,19579474867355,20265216319003,14481465021595,true,false,,offered,20427286020763,14481427110299,2025-01-10T13:33:45Z,2025-01-27T17:03:15Z,2026-08-06T15:19:10.327Z
8833,,incident,Pendant Linac Infinity,Pendant Linac Infinity,"El pendant del linac infinity no esta funcionando, estamos trabajando con los pendant de xvi e iview",urgent,closed,web,20254050952347,20254050952347,19579474867355,14741297259931,14481465021595,true,false,,offered,20427286020763,14481427110299,2024-12-30T11:32:29Z,2025-01-27T17:03:16Z,2026-08-06T15:19:10.327Z
8752,,incident,Integrity VERSA 2 no inicia,Integrity VERSA 2 no inicia,"Buenos dias, Esta mañana el Integrity del Versa 2 no inicio de forma automatica. Se intentaron varios reinicios sin resultados. Se realizó procedimiento de apagado y encendido del CCP en varias oportunidades sin resultados. Equipo detenido.",urgent,closed,web,20254020292379,20254020292379,19579474867355,14741389938587,14481465021595,true,false,,offered,20427286020763,14481427110299,2024-11-14T13:51:16Z,2025-01-27T17:03:17Z,2026-08-06T15:19:10.327Z
8890,,incident,Falla Auto-inicio sistema acelerador lineal,Falla Auto-inicio sistema acelerador lineal,"Para conocimiento, el acelerador lineal no autoinició correctamente en la mañana, se informó a Ing. Roberto A. 7:15 am de la situación. Quien asistió posteriormente a terreno para dar solución al problema.

Saludos

Enrique",high,closed,email,26080969273499,26080969273499,19579468718875,14741543428379,14481465021595,true,false,,offered,20427286020763,14481427110299,2025-01-22T13:50:23Z,2025-01-28T12:01:44Z,2026-08-06T15:19:10.327Z
8907,,incident,falla namer,falla namer,"Estimados,

 

Nos reportan de máquina que el NAMER se cae bastante, a pesar de los arreglos realizados el día de ayer.

 

Saludos cordiales,

 

Juan Carlos Leal Chandía

Físico Médico – Unidad de Radioterapia

Hospital Clínico Magallanes

juancarlos.lealc@redsalud.gov.cl",,closed,email,26080982926747,26080982926747,14481448391451,14741543428379,14481465021595,true,false,,unoffered,20427286020763,14481427110299,2025-01-28T17:30:14Z,2025-01-29T11:55:30Z,2026-08-06T15:19:10.327Z
8903,,incident,MLC NOT READY,MLC NOT READY,"Estimados,

Maquina detenida por interlock MLC",high,closed,web,20254050952987,20254050952987,27816237178267,20265216319003,14481465021595,true,false,,offered,20427286020763,14481427110299,2025-01-27T19:41:39Z,2025-02-01T17:02:10Z,2026-08-06T15:19:10.327Z
8779,,incident,Equipo realiza apagado automático con aviso de alimentación desde batería backup,Equipo realiza apagado automático con aviso de alimentación desde batería backup,"Problemas con la alimentación de energía, equipo se apaga solo posterior a warning referente a alimentación desde batería Backup.

Se adjuntan imágenes del error y de las UPS activas al momento del mensaje.



Equipo es encendido posterior a falla, sin problemas. Se genera retraso en la atención clínica.",high,closed,web,20254050948763,20254050948763,19579474867355,14741593614363,14481465021595,true,false,,offered,20427286020763,14481427110299,2024-11-27T18:25:44Z,2025-02-01T17:02:11Z,2026-08-06T15:19:10.327Z
8748,,incident,Falla importación CT PACS,Falla importación CT PACS,"Buenas tardes, con gusto de saludar me dirijo a ustedes con la siguiente inquietud. El día de ayer intenté importar un CT para fusión con su simulación, a la hora de importarlo me dio un error. Se utilizaron todos los métodos posibles para importarlo pero no tuvieron resultado.

Quedo atento a sus comentarios

Atte

Sebastián Flores Acuña
TM Radioterapia HCM",normal,closed,email,30890377929243,14481448391451,14481448391451,14741543428379,14481465021595,true,false,,offered,20427286020763,14481427110299,2024-11-13T14:38:38Z,2025-02-02T12:01:38Z,2026-08-06T15:19:10.327Z
8888,,incident,limpieza de rack RT,limpieza de rack RT,"Estimados,

El rack RT necesita una limpieza :)

Quedamos atentos.

Gracias.",normal,closed,web,20254050952987,20254050952987,28818463039515,20265216319003,14481465021595,true,false,,offered,20427286020763,14481427110299,2025-01-22T11:25:14Z,2025-02-02T16:01:59Z,2026-08-06T15:19:10.327Z
8911,,incident,Falla PC iView,Falla PC iView,"Fallo PC iView, no enciende, iView detenido !",high,closed,web,20254050947483,20254050947483,14734559344539,14741593614363,14481465021595,true,false,,offered,20427286020763,14481427110299,2025-01-30T11:41:14Z,2025-02-03T18:02:44Z,2026-08-06T15:19:10.327Z
8697,,incident,corte de energía en el hospital,corte de energía en el hospital,"Al rededor de las 12:40 hubo un corte de energía general en el hospital, en sala de maquina se apagaron unas pantallas. Podrían indicarnos cuales están respaldadas por las UPS.

Para el caso de mantener el tratamiento, nos quedamos sin circuito cerrado que permita la vigilancia del paciente.

Sería bueno que se pudiera generar una simulación de corte de energía desde el tablero para el acelerador, realizar la prueba en conjunto con el personal clínico y evaluar un tratamiento QA, que permita aclararnos el proceso de uso de la UPS y qué sistemas si se caen.

Saludos






[cid:0724b5d9-7e10-4cc5-bf5e-d65bf70913bb]",normal,closed,email,26080969273499,26080969273499,19579468718875,14741543428379,14481465021595,true,false,,offered,20427286020763,14481427110299,2024-10-21T16:50:29Z,2025-02-03T19:02:56Z,2026-08-06T15:19:10.327Z
8920,,incident,Falla al abrir Suncheck,Falla al abrir Suncheck,"No se puede ingresar a plataforma Suncheck, arroja un problema al abrirlo (adjunto fotografía).",high,closed,web,20254050949787,20254050949787,14734559344539,14741593614363,14481465021595,true,false,,unoffered,20427286020763,14481427110299,2025-02-03T11:29:56Z,2025-02-05T14:58:24Z,2026-08-06T15:19:10.327Z
8675,,incident,Configurar VersaHD SCA en Monaco CAS,Configurar VersaHD SCA en Monaco CAS,"Buenos días,

Se crea este ticke como solicitud realizada por Clínica Alemana (Gabriel Zelada) para configurar, a manera de respaldo, el VersaHD de UC SCA en los Monaco de CAS. Se consideran, a solicitud de la clínica, las energías 6MV y 6MV FFF.

Estaremos en contacto con Elekta y UC Christus, para gestionar el requerimiento y los requisitos necesarios.

Saludos,",normal,closed,web,20254020288539,14734559344539,28818463039515,14741318546075,14481465021595,true,false,,good,20427286020763,14481427110299,2024-10-15T12:36:16Z,2025-02-07T12:01:49Z,2026-08-06T15:19:10.327Z
8878,,incident,Chiller está liberando agua desde salida de desagüe,Chiller está liberando agua desde salida de desagüe,"Hola. Comuniqué por WhatsApp y por teléfono previamente esta mañana a José que el Chiller esta liberando agua desde la salida de desagüe. Al parecer lleva varios días en este estado ya que el agua se está filtrando hasta el -1 (sector de secretaria en sala de espera del bunker 2).

Entiendo que Hans vendrá hoy a ver este asunto.

Saludos",urgent,closed,web,20254020299291,20254020299291,22297930568347,14741597726619,14481465021595,true,false,,unoffered,20427286020763,14481427110299,2025-01-16T13:42:58Z,2025-02-10T17:03:45Z,2026-08-06T15:19:10.327Z
8934,,incident,Registro de trabajos realizados,Registro de trabajos realizados,"Estimados,
Se solicita amablemente que se realice el registro de los trabajos, mediciones o chequeos relacionados al acelerador lineal en el libro de control del equipo (bitácora). Habitualmente, el ingeniero presente se encarga de llevar a cabo este registro, sin embargo, en los trabajos recientes no se ha cumplido con esta práctica. Aunque en los tickets se generan los reportes correspondientes, el libro de control es un método establecido localmente que nos permite asegurar un seguimiento adecuado y diario. El registro no necesita ser excesivamente detallado, pero sí debe incluir, de manera general, el tipo de intervención realizada.
Asimismo, hemos observado que, en la sala de comando del acelerador, uno de los computadores de Mosaiq fue dejado desconectado (CPU, cables de mouse, teclado y pantalla) y un par de días atrás, se encontró con todo el cableado enredado en la parte posterior de la CPU. Estos comentarios se extienden a todo el personal que ha trabajado en dicha sala, con el fin de recordar la importancia de mantener el orden de los equipos, lo cual facilita que los flujos de trabajo se desarrollen de manera adecuada, evitando interrupciones.
Agradecemos su colaboración.
Saludos cordiales,






[cid:40e98bca-f0f8-4ab7-8c1d-6b81f0d1a7af]",low,closed,email,26080969273499,26080969273499,14481448391451,14741543428379,14481465021595,true,false,,unoffered,20427286020763,14481427110299,2025-02-07T12:16:09Z,2025-02-11T13:02:04Z,2026-08-06T15:19:10.327Z
8928,,incident,Mesa cae a closed ,Mesa cae a closed ,"Estimados buenas tardes.

Creo este ticket para informar que la mesa en movimiento longitudinal presenta un desplazamiento no continuo y cae a closed. Se realiza reset desde afuera en el panel y reset motors y nos deja continuar.

Quedo atento a sus comentarios.

Saludos cordiales.",high,closed,web,20254020297371,20254020297371,19579474867355,14740499786395,14481465021595,true,false,,unoffered,20427286020763,14481427110299,2025-02-05T20:09:01Z,2025-02-11T15:02:58Z,2026-08-06T15:19:10.327Z
8912,,incident,Grupo Led 3 apagado,Grupo Led 3 apagado,"Estimado Carlos buenas tardes.

Tras el hallazgo que realizaste hoy en relación a uno de los grupos de led (led3 apagado) de la luz de campo, te comento que tenemos disponibilidad para realizar este cambio en las siguientes fechas:

Lunes 03/02 entre 14:00 a 16h.

Martes 04/02 entre 14:00 a 16:00h.

Solicito me confirmes que día puedes asistir y que pruebas deberíamos ejecutar tras el reemplazo de los led.

Desde ya muchas gracias.

Saludos cordiales.",normal,closed,web,20254020297371,20254020297371,19579474867355,14740499786395,14481465021595,true,false,,unoffered,20427286020763,14481427110299,2025-01-30T19:36:16Z,2025-02-11T15:02:58Z,2026-08-06T15:19:10.327Z
8916,,incident,"Leaf missing pair 13, 15, 21, 23","Leaf missing pair 13, 15, 21, 23","Estimados, tenemos equipo detenido por MLC",urgent,closed,web,20254050953243,20254050953243,27816237178267,20265216319003,14481465021595,true,false,,unoffered,20427286020763,14481427110299,2025-01-31T15:32:40Z,2025-02-11T16:03:12Z,2026-08-06T15:19:10.327Z
8935,,incident,Solicitud de creación de usuario y/o autorización a plataforma de solicitudes EyG,Solicitud de creación de usuario y/o autorización a plataforma de solicitudes EyG,"Estimados

Nos pueden colaborar para que Coodinadora TM. Catalina Vargas y el jede departamento equipos medicos don Dagoberto, como usuarios, puedan entrar a la plataforma centro de soporte EyG,  https://eygmedicalsystems.zendesk.com/, con los drerechos pertinentes de very/o crear solicitudes. Quedo atento.

 saludos,





[cid:60d6bb20-4084-413e-9626-3a05b30c32d3]",normal,closed,email,26080969273499,26080969273499,14734559344539,14741543428379,14481465021595,true,false,,unoffered,20427286020763,14481427110299,2025-02-07T12:53:48Z,2025-02-11T20:03:19Z,2026-08-06T15:19:10.327Z
8871,,incident,Solicitud revisión mosaiq/ Dra duran,Solicitud revisión mosaiq/ Dra duran,"Estimados
Junto con saludar, quisiera consultar por posibilidad de revisión de mosaiq de Dra duran o si es problema del PC, debido a que el.programa se cierra y cae en variadas oportunidades.

Esperando buena acogida
Saludos

Dra. Evelyn San Martin
Oncologa Radioterapeuta
Jefe Unidad Radioterapia
Hospital Clínico Magallanes",low,closed,email,26080969312027,26080969312027,14481448391451,14741543428379,14481465021595,true,false,,unoffered,20427286020763,14481427110299,2025-01-14T17:40:59Z,2025-02-14T13:58:48Z,2026-08-06T15:19:10.327Z
8927,,incident,El Mirror del Axesse se rompio,El Mirror del Axesse se rompio,"Estimados,

Buenas tardes, ahora durante tratamiento del TBI, se daño el mirror del Axesse.",high,closed,web,20254050952475,20254050952475,19579474867355,14741297259931,14481465021595,true,false,,unoffered,20427286020763,14481427110299,2025-02-04T19:02:12Z,2025-02-15T13:22:57Z,2026-08-06T15:19:10.327Z
8884,,incident,Falla MLC axesse,Falla MLC axesse,Falla reflector par 8,high,closed,web,20254050952603,20254050952603,19579474867355,14741297259931,14481465021595,true,false,,unoffered,20427286020763,14481427110299,2025-01-20T16:36:41Z,2025-02-15T13:22:57Z,2026-08-06T15:19:10.327Z
8933,,incident,DOSE RATE MON EN 10MV Axesse,DOSE RATE MON EN 10MV Axesse,Estimados en esta oportunidad reporto caída de tasa de dosis en la energía de 10MV como hoy tendremos el equipo disponible para la correctiva de los electrones les pido podamos optimizar la tasa de dosis de esta energía,urgent,closed,web,20254050952347,20254050952347,19579474867355,14741297259931,14481465021595,true,false,,unoffered,20427286020763,14481427110299,2025-02-07T11:26:15Z,2025-02-15T13:22:58Z,2026-08-06T15:19:10.327Z
8931,,incident,Problema de Backup acelerador lineal,Problema de Backup acelerador lineal,"Ayer y hoy, el acelerador no auto-inició correctamente, indicando que hay un problema de backup.

Saludos




[cid:8cf66660-84e2-4d9c-9482-64beafde5c9c]",normal,closed,email,26080969273499,26080969273499,14481448391451,14741543428379,14481465021595,true,false,,unoffered,20427286020763,14481427110299,2025-02-06T13:55:49Z,2025-02-15T13:22:59Z,2026-08-06T15:19:10.327Z
8941,,incident,No se puede cargar plan de tratamiento en maquina,No se puede cargar plan de tratamiento en maquina,"Hoy se realizó un plan de tratamiento en el TPS 02, al ser enviado a mosaiq, en Mapped Machine name, no aparecía el nombre de nuestra máquina, apareciendo el VersaHD3D como maquina destino, por lo que se tipió la que corresponde.

Una vez en maquina se cargó el plan, al seleccionar uno de los campos, aparece inconformidad para cargar el Campo X, ya que mostraba que las mandíbulas estaban planificadas en posición cero.


[cid:2cc66852-63cf-4c1c-9119-ae6156cafb56]


[cid:72e6875a-fd3e-4f4c-80f3-b510f3ed512e]

por lo que solicitamos nos colaboren en revisar que pasó con la configuración

Saludos






[cid:d6f6d869-234e-4f94-8389-8e7639533065]",high,closed,email,26080969273499,26080969273499,14481448391451,14741543428379,14481465021595,true,false,,unoffered,20427286020763,14481427110299,2025-02-11T15:39:20Z,2025-02-16T12:42:00Z,2026-08-06T15:19:10.327Z
8867,,incident,Telémetro,Telémetro,"Estimados, el día de hoy observamos que el telémetro está fallando, hay que oprimir el botón de encendido varias veces para que pueda funcionar.

Quedamos atentos a sus comentarios.

Saludos",normal,closed,web,20254050953243,20254050953243,19579474867355,20265216319003,14481465021595,true,false,,unoffered,20427286020763,14481427110299,2025-01-13T17:21:50Z,2025-02-17T12:31:57Z,2026-08-06T15:19:10.327Z
8944,,incident,DOSE RATE MOD 10 MV AXESSE,DOSE RATE MOD 10 MV AXESSE,"Buenas tardes,

Hemos tenido Dose Rate mod para 10 MV en el Axesse.",high,closed,web,20254050952475,20254050952475,22297930568347,14741297259931,14481465021595,true,false,,unoffered,20427286020763,14481427110299,2025-02-12T18:27:00Z,2025-02-17T13:33:07Z,2026-08-06T15:19:10.327Z
8926,,incident,Muestra de como usar la manivela,Muestra de como usar la manivela,"Estimado Carlos,

De acuerdo a lo conversado, los esperamos mañana a las 12 del medio día para que nos den una demostración de como usar la manivela.

Muchas gracias :)

Saludos,

Nathalie",normal,closed,web,20254050952987,20254050952987,19579474867355,20265216319003,14481465021595,true,false,,unoffered,20427286020763,14481427110299,2025-02-04T18:44:06Z,2025-02-17T13:33:07Z,2026-08-06T15:19:10.327Z
8930,,incident,Panel de control lateral de camilla está suelto,Panel de control lateral de camilla está suelto,"Panel de control lateral izquierdo de camilla está suelto, al alevarlo para usar botones de movimiento de camilla, no mantiene posición.


Saludos




[cid:ed23da33-e8d3-4329-aa28-be9bced2054b]",low,closed,email,26080969273499,26080969273499,27816237178267,14741543428379,14481465021595,true,false,,unoffered,20427286020763,14481427110299,2025-02-06T13:49:49Z,2025-02-17T14:34:13Z,2026-08-06T15:19:10.327Z
8917,,incident,Servidor SunCheck no disponible,Servidor SunCheck no disponible,"Buen día,

Según mensaje recibido hoy, se notifica que el servidor SunCheck no está disponible con servicios caidos luego de un apagado programado electrico en las dependencias del INC, posteriormente a retorno del suministro eléctrico, el servidor SunCheck no está 100% disponible, solo tiene Windows iniciado pero algunos servicios no levantan.

 ![](https://eygmedicalsystems.zendesk.com/attachments/token/KCSMmWNHBkclvHnrdWhXmR269/?name=2025-02-02+14_04_12-WhatsApp.png)

 ![](https://eygmedicalsystems.zendesk.com/attachments/token/L4eqv9iIyne850WocJOc87NH1/?name=2025-02-02+14_04_43-WhatsApp.png)",high,closed,web,20254050947483,14734559344539,14734559344539,14741593614363,14481465021595,true,false,,unoffered,20427286020763,14481427110299,2025-02-02T17:06:03Z,2025-02-17T15:35:22Z,2026-08-06T15:19:10.327Z
8947,,incident,Falla exportación Monaco a DoseCheck,Falla exportación Monaco a DoseCheck,"Los planes realizados en el TPS 01 al ser enviados al DoseCheck, no llegan. Si el plan es enviado desde los otros TPS, éste si llega normalmente a DoseCheck

Saludos




[cid:d6b3abe7-542f-4941-b71a-087cc9cf3ee0]",normal,closed,email,26080969273499,26080969273499,14481448391451,14741543428379,14481465021595,true,false,,unoffered,20427286020763,14481427110299,2025-02-13T12:48:26Z,2025-02-18T13:00:29Z,2026-08-06T15:19:10.327Z
8891,,incident,Falla exportación de planes Monaco a Mosaiq,Falla exportación de planes Monaco a Mosaiq,"se presenta falla de exportación de plan de tratamiento desde MONACO a MOSAIQ. Se reiniciaron los TPS y falla se mantiene.

Saludos




[cid:a98e9d69-a9c7-4ac3-a889-85a2a67ac3b5]",normal,closed,email,26080969273499,26080969273499,14481448391451,14741543428379,14481465021595,true,false,,unoffered,20427286020763,14481427110299,2025-01-22T13:53:47Z,2025-02-21T12:51:42Z,2026-08-06T15:19:10.327Z
8950,,incident,Beam Timer 6 y 6FFF Infinity,Beam Timer 6 y 6FFF Infinity,"Estimados el día de ayer tuvimos varias veces el beam timer con energías de 6 y 6fff, lo vamos  observar durante la mañana para ver la posibilidad de optimizarlo al medio día que puede que tengamos una ventana, esto se puede hacer por intellimax?",high,closed,web,20254050952347,20254050952347,22297930568347,14741297259931,14481465021595,true,false,,unoffered,20427286020763,14481427110299,2025-02-14T11:26:58Z,2025-02-21T20:02:03Z,2026-08-06T15:19:10.327Z
8955,,incident,Jaw X2: Outside Range,Jaw X2: Outside Range,"Se presentó el error de configuración de campo iCOM: Jaw X2: Outside Range; al cargar los campos de posicionamiento

Indicando en mosaiq que el valor real para X : 30.0, entiendo que en X siempre debería ser 40.0 ya que no tiene mandíbula para conformar campo.

[cid:69b0c904-a999-4b59-9079-ed1dcadd3b7a]
Mientras que en integrity , Fieldsize X=+ 40.0 indicando la posicion real del diafragma

[cid:cf44149d-5828-4cd8-ae9e-5aa7190421d3]

favor evaluar, para que nos ayuden a identificar falla que no permitía cargar campos,
Saludos





[cid:8b964f18-9cea-4f42-a6d9-f2feb226d7d0]",normal,closed,email,26080969273499,26080969273499,14481448391451,14741543428379,14481465021595,true,false,,unoffered,20427286020763,14481427110299,2025-02-17T18:02:17Z,2025-02-25T21:43:42Z,2026-08-06T15:19:10.327Z
8694,,incident,TPS Monaco VMAT,TPS Monaco VMAT,"Paciente recalculado para compact, originalmente perteneciente a  Infinity , permite realizar VMAT.",normal,closed,web,20254050950939,20254050950939,28818463039515,14742056643483,14481465021595,true,false,,unoffered,20427286020763,14481427110299,2024-10-21T14:41:32Z,2025-02-28T16:21:15Z,2026-08-06T15:19:10.327Z
8973,,incident,Problema con subida de servidor Monaco - Sun Nuclear,Problema con subida de servidor Monaco - Sun Nuclear,"Tenemos problemas con la subida de servidor Monaco - Sun Nuclear, se cae el automático, por lo cual está todo el rack apagado y no podemos entrar a Mosaiq. Equipo Infinity NO Operativo.",urgent,closed,web,20254050949787,20254050949787,14734559344539,14741593614363,14481465021595,true,false,,unoffered,20427286020763,14481427110299,2025-02-26T11:10:43Z,2025-03-02T14:00:26Z,2026-08-06T15:19:10.327Z
8975,,incident,Problemas con el XVI,Problemas con el XVI,"Falla con el XVI: No permite realizar el calentamiento del tubo de rayos X, genera interlock fault(33) y puerta abierta",urgent,closed,web,20254050949787,20254050949787,27816237178267,14741593614363,14481465021595,true,false,,unoffered,20427286020763,14481427110299,2025-02-26T13:21:44Z,2025-03-02T16:02:38Z,2026-08-06T15:19:10.327Z
8967,,incident,Falla con pendant/controlador de Linac,Falla con pendant/controlador de Linac,"Existe una falla con pendant/controlador de Linac, no responden los botones al presionarlos.",high,closed,web,20254050949787,20254050949787,27816237178267,14741593614363,14481465021595,true,false,,unoffered,20427286020763,14481427110299,2025-02-24T11:47:41Z,2025-03-02T16:02:38Z,2026-08-06T15:19:10.327Z
8688,,incident,TPS ONCENTRA BRACHY no procede a inicio de sesion,TPS ONCENTRA BRACHY no procede a inicio de sesion,"Estimados:

Junto Saludar. por medio de la presente se le solicita asistencia debido a que el TPS ONCENTRA BRACHY no procede a inicio de sesion. En el trascurso de la tarde se procedio a inciar sesión, donde aparecio la ventana ""Oncentra -Error"" indicando: Free space on database disk below critical level"" y posteriormente ""Error detectado por OTP Services"". Se adjunta imagenes de de las ventanas obtenidas en la falla.

El TPS ONCENTRA BRACHY se encuentra inoperativo",urgent,closed,web,20254050950939,20254050950939,28818463039515,14742056643483,14481465021595,true,false,,unoffered,20427286020763,14481427110299,2024-10-17T20:01:29Z,2025-03-03T19:15:39Z,2026-08-06T15:19:10.327Z
8997,,incident,Computador dra duran,Computador dra duran,"Estimados
Esperando que se encuentren bien, será posible revisar nuevamente computador dra duran? Se queda pegado, se queda pegado Citrix también... Alomejor revisar de manera global el PC porq al parecer pasa con falla?

Saludos
Dra Evelyn San Martin

Obtener Outlook para Android<https://aka.ms/AAb9ysg>",,closed,email,26080969312027,26080969312027,14481448391451,14741543428379,14481465021595,true,false,,unoffered,20427286020763,14481427110299,2025-03-06T19:24:28Z,2025-03-07T12:32:09Z,2026-08-06T15:19:10.327Z
8956,,incident,Cambio Fechas MP Versa y Axesse,Cambio Fechas MP Versa y Axesse,"Estimados envío solicitud de intercambio de fechas de MPs, Versa para el viernes 21/02 y Axesse para viernes 28/02.

Muchas Gracias!",normal,closed,web,20254050952347,20254050952347,19579474867355,14741297259931,14481465021595,true,false,,unoffered,20427286020763,14481427110299,2025-02-17T18:32:24Z,2025-03-09T14:01:46Z,2026-08-06T15:19:10.327Z
8855,,incident,Error Bend Mag V,Error Bend Mag V,"Estimados buenas tardes.



Solicitamos asistencia técnica, por error Bend Mag  V que no permite  continuar. Se observa inestabilidad en la lectura de Voltaje del bending.

Desde ya muchas gracias.",urgent,closed,web,20254020297371,20254020297371,22297930568347,14740499786395,14481465021595,true,false,,unoffered,20427286020763,14481427110299,2025-01-09T16:10:37Z,2025-03-09T14:01:47Z,2026-08-06T15:19:10.327Z
8983,,incident,Sin conexión SNC para Cálculo de DoseCheck y Fracción0,Sin conexión SNC para Cálculo de DoseCheck y Fracción0,"Estimados,
Buenos días. El pasado viernes se enviaron 4 planes al SNC. Hoy, al intentar calcular la verificación del doble cálculo doseCheck, el sistema no ha realizado el cálculo en un lapso de 1:30 horas. Además, al ejecutar el plan de uno de esos cuatro, el SNC tampoco reconoce la fracción cero.
Agradeceríamos su colaboración para revisar si este inconveniente podría estar relacionado con un problema de conexión. Cabe destacar que las mediciones diarias fueron reconocidas correctamente por el SNC, registrando el control diario a través del DailyQA3.
Saludos cordiales,







[cid:991c7a59-507c-4dbe-97bc-8e22c781d0ff]",high,closed,email,26080969273499,26080969273499,14481448391451,14741543428379,14481465021595,true,false,,unoffered,20427286020763,14481427110299,2025-03-03T11:32:00Z,2025-03-09T19:02:15Z,2026-08-06T15:19:10.327Z
8980,,incident,Falla MLC,Falla MLC,"MLC pegado, no responde a reinicio",urgent,closed,web,20254050947739,20254050947739,27816237178267,14741593614363,14481465021595,true,false,,unoffered,20427286020763,14481427110299,2025-02-28T10:59:05Z,2025-03-11T21:02:35Z,2026-08-06T15:19:10.327Z
8962,,incident,DOSE RATE MOD 6 FFF AXESSE,DOSE RATE MOD 6 FFF AXESSE,"Estimados,

Buenas tardes, hemos presentados varias veces Dose Rate Mod para 6 FFF en el Axesse",high,closed,web,20254050952475,20254050952475,19579474867355,14741297259931,14481465021595,true,false,,unoffered,20427286020763,14481427110299,2025-02-19T21:34:54Z,2025-03-11T21:02:35Z,2026-08-06T15:19:10.327Z
8938,,incident,solicitud de cambio de fecha de mantencion de febrero,solicitud de cambio de fecha de mantencion de febrero,"Por favor se solicita reprogramar la fecha de la mantencion del Infinity de febrero 2025, idealmente para el viernes 21 de febrero. Muchas gracias de antemano y ofrecemos nuestras disculpas por los inconvenientes causados por esta reprogramacion.",high,closed,web,20254050947483,20254050947483,19579474867355,14741593614363,14481465021595,true,false,,unoffered,20427286020763,14481427110299,2025-02-07T14:37:54Z,2025-03-11T21:02:36Z,2026-08-06T15:19:10.327Z
8929,,incident,DOSE RATE MON EN 6MV ,DOSE RATE MON EN 6MV ,Hola buen dia el Infinity esta con tasa de dosis muy baja creo que debemos optimizar,high,closed,web,20254050952347,20254050952347,27816237178267,14741297259931,14481465021595,true,false,,unoffered,20427286020763,14481427110299,2025-02-06T11:39:30Z,2025-03-11T21:02:36Z,2026-08-06T15:19:10.327Z
8840,,incident,Error Reset required,Error Reset required,"Estimados,

 

Junto con saludar les informo que el equipo Suragility esta presentando el error “Reset Required” luego de finalizar cada tratamiento.

Favor su ayuda con soporte.

 

Saludos.

 

 

Paula Núñez C.

Ingeniera de Equipos Médicos de Imágenes y Relacionados.

+56 9 8481 2068

ClinicaAlemana.cl (http://www.clinicaalemana.cl/)

 

 

 

 

 

 

 

 

 

 

 

Este mensaje y/o documentos adjuntos son confidenciales y están destinados a la(s) persona(s) a la que han sido enviados. Pueden contener información privada y confidencial, cuya difusión se encuentre legalmente prohibida. Si usted no es el destinatario, por favor notifique de inmediato al remitente y elimine el mensaje de sus carpetas y/o archivos.",high,closed,email,20254020288667,20254020288667,19579474867355,14741318546075,14481465021595,true,false,,unoffered,20427286020763,14481427110299,2025-01-02T16:41:34Z,2025-03-11T21:02:37Z,2026-08-06T15:19:10.327Z
8992,,incident,Solicitud de reactivación de cuenta en Soporte Elekta,Solicitud de reactivación de cuenta en Soporte Elekta,"Estimados, buenos días,
Agradecería su colaboración para reactivar mi cuenta en Soporte Elekta. Quedo atento(a) a sus indicaciones.



[cid:28322643-6aae-4a8f-a2c1-6689c58bbe5f]",normal,closed,email,26080969273499,26080969273499,14481448391451,14741543428379,14481465021595,true,false,,unoffered,20427286020763,14481427110299,2025-03-05T13:27:08Z,2025-03-14T19:02:24Z,2026-08-06T15:19:10.327Z
9013,,incident,Equipo no inicia correctamente,Equipo no inicia correctamente,"Equipo no autoinició correctamente,  se selecciona reboot para que parta proceso nuevamente y no pasa test de control sistem self

[cid:cb6eb9e9-d668-4e11-a9c1-c12098b6a31b]










[cid:35a318b1-ab60-44e0-a032-69e990d99a8d]",high,closed,email,26080969273499,26080969273499,19579468718875,14741543428379,14481465021595,true,false,,unoffered,20427286020763,14481427110299,2025-03-13T10:32:53Z,2025-03-17T16:03:20Z,2026-08-06T15:19:10.327Z
8995,,incident,Mantenimiento preventivo Servidores,Mantenimiento preventivo Servidores,"Hola Dra, espero que se encuentre bien.

Le escribo para programar el mantenimiento preventivo de los sistemas y servidores Elekta, los cuales constaran de 2 días, ya que, la idea es realizar lo siguiente:


1. Manteninimiento a software y hardware
2. Estaciones mosaiq
3. Monaco y Monaco SIM
4. Servidores

La idea es apagar todos los sistemas, por ello, le pido que me confirme un horario y estos serán los dias 13 y 14 de marzo.

Espero atento sus comentarios,

Saludos.",normal,closed,web,26080969312027,14481448391451,14481448391451,14741543428379,14481465021595,true,false,,offered,20427286020763,14481427110299,2025-03-06T14:27:13Z,2025-03-21T13:01:52Z,2026-08-06T15:19:10.327Z
9029,,incident,Reporte de Falla de Conexión entre TAC y Sistema TPS,Reporte de Falla de Conexión entre TAC y Sistema TPS,"Estimados,
Por medio del presente, se informa que se ha detectado una falla en la conexión entre el equipo de Tomografía (TAC) y el Sistema TPS MONACO. Actualmente, esta situación está impidiendo la exportación de los estudios de imágenes adquiridos hacia el sistema de planificación.
Solicitamos su apoyo para revisar y resolver esta incidencia a la brevedad posible, ya que está afectando el flujo habitual de trabajo y la disponibilidad de los estudios para su procesamiento y planificación.
Quedamos atentos a cualquier instrucción adicional o requerimiento de información técnica que facilite la resolución del inconveniente.
Saludos cordiales,





[cid:aad82277-00d5-4010-a9d3-a455accafb8a]",normal,closed,email,26080969273499,26080969273499,14481448391451,14741543428379,14481465021595,true,false,,offered,20427286020763,14481427110299,2025-03-17T17:05:37Z,2025-03-22T13:01:50Z,2026-08-06T15:19:10.327Z
8986,,incident,Falla en puerta bunker,Falla en puerta bunker,Falla en cierre magnético de puerta entrada/salida de bunker.,high,closed,web,20254050948123,20254050948123,19579474867355,14741593614363,14481465021595,true,false,,offered,20427286020763,14481427110299,2025-03-04T00:21:06Z,2025-03-24T17:02:39Z,2026-08-06T15:19:10.327Z
8942,,incident,Equipo se reinicia 2 veces,Equipo se reinicia 2 veces,"El acelerador lineal se apago en la mañana mostrando el mensaje que se ve en la imagen. Posteriormente se encendió, y a la hora se reinició nuevamente arrojando el mismo mensaje.",high,closed,web,20254050949787,20254050949787,19579474867355,14741593614363,14481465021595,true,false,,offered,20427286020763,14481427110299,2025-02-12T12:16:11Z,2025-03-24T18:02:27Z,2026-08-06T15:19:10.327Z
8991,,incident,MP 21/03/24,MP 21/03/24,"Estimados buenas tardes.

Dejo abierto este ticket para tener presente el MP programado el día 21/03/24 desde las 14:00h.



Saludos cordiales.",normal,closed,web,20254020297371,20254020297371,20210900681499,14740499786395,14481465021595,true,false,,offered,20427286020763,14481427110299,2025-03-04T19:34:43Z,2025-03-29T13:01:48Z,2026-08-06T15:19:10.327Z
9022,,incident,interlock 2T desde el viernes por la tarde,interlock 2T desde el viernes por la tarde,"Interlock 2T aleatorio que dificulta utilizar el Infinity,… por favor revisar y corregir lo antes posible.",urgent,closed,web,20254050947483,20254050947483,19579474867355,14741593614363,14481465021595,true,false,,offered,20427286020763,14481427110299,2025-03-15T23:20:30Z,2025-03-29T14:02:15Z,2026-08-06T15:19:10.327Z
9015,,incident,Falla MLC,Falla MLC,"Falla de MLC, Stuck, equipo detenido, por favor asistir lo antes posible",normal,closed,web,20254050947483,20254050947483,19579474867355,14741593614363,14481465021595,true,false,,offered,20427286020763,14481427110299,2025-03-13T13:46:26Z,2025-03-29T14:02:15Z,2026-08-06T15:19:10.327Z
9046,,incident,Solicitud de colaboración para desconexión y movimiento de equipos en sala de planificación,Solicitud de colaboración para desconexión y movimiento de equipos en sala de planificación,"Estimados,
Junto con saludar, solicitamos su colaboración para desconectar y mover todos los PC que se encuentran contra la ventana de la sala de planificación, ya que hoy, a las 14:00 hrs., personal del Hospital realizará la instalación de cortinas en esas ventanas.
Pedimos disculpas por no haber podido programar esta labor con el tiempo que corresponde. Sin embargo, debido a los tiempos disponibles del personal interno, este fue el único espacio que nos informaron para realizar la instalación.
Agradecemos de antemano su comprensión y apoyo para facilitar esta gestión.
Quedo atento a cualquier consulta.
Saludos cordiales,





[cid:239549f8-0754-42b9-8d21-850a14e78fc1]",normal,closed,email,26080969273499,26080969273499,14481448391451,14741543428379,14481465021595,true,false,,offered,20427286020763,14481427110299,2025-03-21T12:57:30Z,2025-03-30T13:01:45Z,2026-08-06T15:19:10.327Z
9045,,incident,Problema de acceso a la carpeta compartida QAFM,Problema de acceso a la carpeta compartida QAFM,"Buenos días
Les escribo para informar que actualmente no es posible acceder a la carpeta compartida QAFM desde ningún equipo. La carpeta se encuentra físicamente en el PC con IP terminada en .27.
Agradecería su apoyo para revisar esta situación a la brevedad posible.
Quedo atento a sus comentarios.
Saludos,






[cid:40db1d2b-bb81-4b1e-abf8-ddfee981ac6e]",normal,closed,email,26080969273499,26080969273499,14481448391451,14741543428379,14481465021595,true,false,,offered,20427286020763,14481427110299,2025-03-21T12:22:37Z,2025-03-30T13:01:46Z,2026-08-06T15:19:10.327Z
447,,incident,Interlock Fltr.parit,Interlock Fltr.parit,"Hola

Al cambiar de energía de 6MV a 10MV sale interlock Fltr.parit de forma intermitente. Por favor informar avances. Esto requiere cambiar entre distintas energías multiples veces hasta que desaparece.

Saludos",normal,closed,web,20254020299291,20254020299291,22297930568347,14741597726619,14481465021595,true,false,,offered,20427286020763,14481427110299,2024-09-02T13:47:19Z,2025-03-31T15:02:17Z,2026-08-06T15:19:10.327Z
9055,,incident,Vac Target,Vac Target,"Estimados, espero estén bien.

Les escribo para informarles que estamos con equipo detenido por Vac Target.

Quedamos atentos a su asistencia.

Saludos",urgent,closed,web,20254050953243,20254050953243,19579474867355,20265216319003,14481465021595,true,false,,offered,20427286020763,14481427110299,2025-03-25T18:22:30Z,2025-03-31T21:02:07Z,2026-08-06T15:19:10.327Z
8769,,incident,Actualizacion Monaco SIM,Actualizacion Monaco SIM,Se requiere la actualizacion de la ultima version de Monaco SIM para una de las estaciones de trabajo. El eqipamiento hardware ya esta en nuetro poder de acuerdos a los requerimientos enviados por ustedes. Quedamos atentos.,high,closed,web,20254050950939,20254050950939,28818463039515,14742056643483,14481465021595,true,false,,offered,20427286020763,14481427110299,2024-11-22T14:22:31Z,2025-04-01T17:04:15Z,2026-08-06T15:19:10.327Z
8922,,incident,Xvi no gira,Xvi no gira,"XVI acepta preset, posicion y activa el kV, pero no gira ni muestra imagen.
Sabemos que irradia porque muestra X-Ray y se oye el tubo por el microfono",normal,closed,email,26080982926747,26080982926747,27816237178267,14741543428379,14481465021595,true,false,,unoffered,20427286020763,14481427110299,2025-02-03T15:14:36Z,2025-04-04T23:47:26Z,2026-08-06T15:19:10.327Z
9059,,incident,Revisión del servidor SNC,Revisión del servidor SNC,"Buenos días, Víctor,
Recientemente, se produjo un corte en el suministro eléctrico que afectó a varios sistemas. Sin embargo, en la sala de comando no hubo interrupciones, y el tratamiento se entregó sin inconvenientes.
Al revisar los servidores, noté que el de SNC se apagó, a pesar de que debería estar respaldado por la UPS. No comprendo la razón, pero ya lo inicié manualmente.
¿Podrías ayudarme a verificar si el servidor partió correctamente? Hay dos planes que no han terminado de calcularse en fracción cero, por lo que quizá sea necesario reiniciar algún servicio.
Quedo atento.
Saludos,





[cid:0ea493cf-a7fd-4644-9a14-3204099a80c6]",normal,closed,email,26080969273499,26080969273499,14481448391451,14741543428379,14481465021595,true,false,,offered,20427286020763,14481427110299,2025-03-26T14:07:13Z,2025-04-05T12:51:41Z,2026-08-06T15:19:10.327Z
8953,,incident,Desinstalación de PC láser Scanner,Desinstalación de PC láser Scanner,"Estimados,

 

Junto con saludar les pido su ayuda con retiro provisorio de PC de láser ubicado en Scanner 1, dado que van a remodelar el área y preferimos que quede resguardado.

 

En lo posible si se puede realizar esta actividad mañana, el equipo tiene entera disponibilidad.

 

Quedo atenta a su respuesta.

Saludos.

 

 

Paula Núñez C.

Ingeniera de Equipos Médicos de Imágenes y Relacionados.

+56 9 8481 2068

ClinicaAlemana.cl (http://www.clinicaalemana.cl/)

 

 

 

 

 

 

 

 

 

 

 

Este mensaje y/o documentos adjuntos son confidenciales y están destinados a la(s) persona(s) a la que han sido enviados. Pueden contener información privada y confidencial, cuya difusión se encuentre legalmente prohibida. Si usted no es el destinatario, por favor notifique de inmediato al remitente y elimine el mensaje de sus carpetas y/o archivos.",normal,closed,email,20254020288667,20254020288667,22968357015195,14741318546075,14481465021595,true,false,,offered,20427286020763,14481427110299,2025-02-17T12:31:59Z,2025-04-06T12:15:02Z,2026-08-06T15:19:10.327Z
9011,,incident,SNC no reconoce Fracción cero,SNC no reconoce Fracción cero,"Estimados,
Desde la actualización del SNC de la versión 5.0.0 a la 5.0.3, se identificó que, al medir un plancomo fracción cero, el sistema lo interpreta como fracción ""n"", es decir, uno. Agradecería pudieran revisar esta situación a la brevedad, a fin de corregir la configuración correspondiente.
Quedo atento a sus comentarios.
Saludos cordiales.






[cid:29e2a883-4d25-493f-8e2d-5a947b63163e]",normal,closed,email,26080969273499,26080969273499,14481448391451,14741543428379,14481465021595,true,false,,offered,20427286020763,14481427110299,2025-03-12T12:32:27Z,2025-04-06T15:19:33Z,2026-08-06T15:19:10.327Z
9091,,incident,Falla simetria 10fff,Falla simetria 10fff,Se necesita ajustar simetria 10fff,normal,closed,email,26080982926747,26080982926747,19579468718875,14741543428379,14481465021595,true,false,,offered,20427286020763,14481427110299,2025-04-02T17:48:02Z,2025-04-09T00:19:06Z,2026-08-06T15:19:10.327Z
9090,,incident,Falla panel iview,Falla panel iview,"Panel iview no cierra completo, colisionando con panel xvi al guardarlos.",high,closed,email,26080982926747,26080982926747,19579468718875,14741543428379,14481465021595,true,false,,offered,20427286020763,14481427110299,2025-04-02T17:47:42Z,2025-04-09T00:19:06Z,2026-08-06T15:19:10.327Z
9060,,incident,Reporte de evento durante entrega de tratamiento,Reporte de evento durante entrega de tratamiento,"Estimado Roberto,
Quisiera informar sobre un evento ocurrido durante la entrega de un tratamiento. Mientras se realizaba un VMAT, al alcanzar el gantry los 90°, se activó un interlock de touchguard, deteniendo el disparo y activando la alarma sonora.
Estuvimos revisando directamente el equipo, intentando mover el iView, inicialmente sin éxito. Tras una revisión detallada, identificamos que un pestillo metálico en la base del iView estaba fuera de su posición. Al presionarlo manualmente, el pestillo se introdujo correctamente, lo que permitió que el sistema saliera del estado bloqueado y regresara a su funcionamiento normal, permitiendo continuar con el tratamiento.
Comparto este informe para que quede registro del incidente y se pueda evaluar posteriormente la causa de la falla. Entiendo que dicho botón no debería haber quedado afuera.
Saludos,




[cid:e0bfac39-3a9f-4623-a536-ecada1304121]





[cid:797fa2ad-f6dd-4fa0-ae0e-042466d99371]",normal,closed,email,26080969273499,26080969273499,19579468718875,14741543428379,14481465021595,true,false,,offered,20427286020763,14481427110299,2025-03-26T14:26:15Z,2025-04-09T00:19:06Z,2026-08-06T15:19:10.327Z
9085,,incident,Cambio de hora en LINAC/Servidores,Cambio de hora en LINAC/Servidores,"Estimado Diego,

Como bien ya deben saber, el dia sábado 5/4 se realizara el cambio de hora en nuestro país, retrasando el reloj en 1 hora a las 00:00, por lo tanto les solicitamos a ustedes poder agendar un espacio para el dia viernes 4/4 en un horario que a ustedes les acomode para que realicemos esta modificación.

Recordar que si los equipos no se encuentran sincronizados en tema horario puede provocar errores en la aplicaciones de mosaiq y monaco.

Quedo atento a sus comentarios.",normal,closed,web,20254034214299,22968357015195,22968357015195,14741318546075,14481465021595,true,false,,offered,20427286020763,14481427110299,2025-04-02T11:21:19Z,2025-04-12T13:01:42Z,2026-08-06T15:19:10.327Z
9081,,incident,Cambio de hora 2025 en Elekta Synergy ,Cambio de hora 2025 en Elekta Synergy ,"Buenas tardes,

Estimados, debido al cambio de hora que se realizará este sábado 5 de abril a las 00:00, solicitamos a ustedes poder agendar con nosotros un espacio de tiempo este viernes 4 de abril para cambiar el huso horario y hora en los equipos XVI, iView, Integrity, Sequencer y NSS del Acelerador Synergy.

Quedamos atentos a sus disponibilidades.",normal,closed,web,20254020297371,14734559344539,14734559344539,14740499786395,14481465021595,true,false,,good,20427286020763,14481427110299,2025-03-31T19:32:15Z,2025-04-12T14:01:56Z,2026-08-06T15:19:10.327Z
8958,,incident,Mosaiq se cae Dra duran,Mosaiq se cae Dra duran,"Estimados
Junto con saludar, el mosaiq de Dra duran se cierra. Se podrá revisar?

Saludos

Dra. Evelyn San Martin
Oncologa Radioterapeuta
Jefe Unidad Radioterapia
Hospital Clínico Magallanes",normal,closed,email,26080969312027,26080969312027,14481448391451,14741543428379,14481465021595,true,false,,offered,20427286020763,14481427110299,2025-02-17T19:11:50Z,2025-04-13T13:01:38Z,2026-08-06T15:19:10.327Z
9089,,incident,MESA DEL INFINITY BLOQUEADA EN MOVIMIENTO LAT POR INCIDENTE DE LIQUIDO,MESA DEL INFINITY BLOQUEADA EN MOVIMIENTO LAT POR INCIDENTE DE LIQUIDO,"Estimados,

La mesa del Infinity esta bloqueada, debido a un  incidente de orina de un paciente, para que por favor puedan revisarla",high,closed,web,20254050952475,20254050952475,20210900681499,14741297259931,14481465021595,true,false,,offered,20427286020763,14481427110299,2025-04-02T13:40:35Z,2025-04-14T20:03:13Z,2026-08-06T15:19:10.327Z
9115,,incident,Falla importacion estructuras monaco,Falla importacion estructuras monaco,Falla importacion estructuras monaco desde software Autocontorno,high,closed,web,20254050950939,20254050950939,28818463039515,28890463805723,14481465021595,true,false,,offered,20427286020763,14481427110299,2025-04-11T12:51:16Z,2025-04-15T13:02:00Z,2026-08-06T15:19:10.327Z
8895,,incident,Xvi malo,Xvi malo,"Xvi sigue malo
Fault 14
No irradia
Se cae sin tocarlo
No funciona
Se desconecta
Reiniciarlo no ayuda",high,closed,email,26080982926747,26080982926747,19579468718875,14741543428379,14481465021595,true,false,,offered,20427286020763,14481427110299,2025-01-23T11:57:18Z,2025-04-15T19:02:39Z,2026-08-06T15:19:10.327Z
9092,,incident,Suragility ,Suragility ,"Equipo suragility presenta problemas con XVI, no es posible hacer imagenes cone beam.",urgent,closed,web,20254020288667,20254020288667,19579474867355,14741318546075,14481465021595,true,false,,offered,20427286020763,14481427110299,2025-04-03T12:55:43Z,2025-04-18T16:02:03Z,2026-08-06T15:19:10.327Z
9082,,incident,FALLA INFINITY 31/03,FALLA INFINITY 31/03,"Buen día,
Estamos próximos a la hora de entrega que hace mención el correo en
arrastre y según informan los técnicos en el equipo este no funcionaria en
todo el día nuevamente (2 días detenido 31/03 y 01/04) . Necesito
información clara y tiempos de respuesta ya que hace 2 semanas el equipo
estuvo detenido 2 días (20-21 marzo) por recambio de GUN. Nuestros pactes
requieren retomar sus tratamientos ya que llevan 4 días sin tratamiento.
Quedo atenta a sus comentarios.
Cordialmente,
*Valentina Baeza Pozo*
Jefatura (S) Tecnología Médica
Encargada U. Gestión Tratamiento
Radioterapia
Subdirección Médica Asistencial
Av. Profesor Zañartu N°1010, Independencia Santiago.
<http://www.facebook.com/Incancer.incancer>
<https://www.instagram.com/institutonacionalcancerch>
<https://twitter.com/incancer>
<https://www.linkedin.com/in/instituto-nacional-del-c%C3%A1ncer-70b5891a6/>
www.incancer.cl


---------- Forwarded message ---------
De: Carlos Carrasquel (Support) <pruebaelekta@eygmedicalsystems.zendesk.com>
Date: lun, 31 mar 2025 a las 15:46
Subject: [E&G Medical Systems] Asunto: inhibit 10-4 trp T
To: Camilo De la Barra <camilo.delabarra@incancer.cl>


Estimados junto con saludar y actualizar la información sobre los trabajos
que se están realizando en este momento en el linac infinity, los
ingenieros al realizar la inspección del sistema de vacío y realizando las
maniobras correspondientes para lograr solventar la situación, pudieron
detectar una fisura en la ventana cercana al target del linac, esta fisura
esta contaminando la integridad de la guía de onda del equipo, razón por la
cual el linac acusa interlock de vacío en el target, se debe realizar el
cambio de dicha ventana, para realizar este procedimiento se tiene que
romper vacio de la guía de onda para poder realizar el cambio, este trabajo
ya se está efectuando y lo que más tarda es la recuperación de vacío del
equipo.
La intervención se dará durante el día de hoy que ya se empezó a realizar
el cambio y se continuará los trabajos mañana, razón por la cual estimamos
entregar la maquina mañana aproximadamente al medio día si todo sale de
manera exitosa para que física médica realice sus controles y verificación,
esta actividad que se está realizando contempla el cambio de la ventana de
RF y la bomba ionica del equipo para tener que medir integridad en el vacío
de la guía de onda.

Saludos,

Atte. Carlos Carrasquel",high,closed,email,26328805307547,26328805307547,19579474867355,14741593614363,14481465021595,true,false,,bad,20427286020763,14481427110299,2025-04-01T14:42:38Z,2025-04-18T16:02:04Z,2026-08-06T15:19:10.327Z
9072,,incident,inhibit 10-4 trp T,inhibit 10-4 trp T,"inhibit 10-4 trp T

""239-MONITOR_VACUUM_TRIP_2""",urgent,closed,web,20254050947739,20254050947739,19579474867355,14741593614363,14481465021595,true,false,,offered,20427286020763,14481427110299,2025-03-31T10:52:36Z,2025-04-18T16:02:04Z,2026-08-06T15:19:10.327Z
9126,,incident,leaf 8 missing MLC falló ,leaf 8 missing MLC falló ,"leaf 8 missing MLC falló , equipo detenido.",urgent,closed,web,20254050947483,20254050947483,19579474867355,14741593614363,14481465021595,true,false,,offered,20427286020763,14481427110299,2025-04-16T02:16:25Z,2025-04-20T20:01:55Z,2026-08-06T15:19:10.327Z
9129,,incident,Monaco 2 no calcula electrones,Monaco 2 no calcula electrones,Monaco 2 no calcula electrones,normal,closed,email,26080982926747,26080982926747,14481448391451,14741543428379,14481465021595,true,false,,offered,20427286020763,14481427110299,2025-04-16T17:19:24Z,2025-04-21T18:02:04Z,2026-08-06T15:19:10.327Z
9084,,incident,"Instalacion de ""Haces Modelado"" Monaco","Instalacion de ""Haces Modelado"" Monaco","Estimado Gabriel,

Espero que se encuentre muy bien.
El motivo de este ticket es informarle que desde Elekta nos han solicitado realizar una conexión a los Monacos de CAS, específicamente para llevar a cabo la instalación de haces de modelado en el equipo Monaco 1.
Agradecería su confirmación y apoyo para coordinar una conexión con Elekta en un horario que les acomode a ustedes.

Quedo atento a su respuesta y a cualquier información adicional que pueda requerir.",normal,closed,web,20254020288539,22968357015195,22968357015195,14741318546075,14481465021595,true,false,,offered,20427286020763,14481427110299,2025-04-01T20:42:16Z,2025-04-21T22:01:58Z,2026-08-06T15:19:10.327Z
9121,,incident,Falla relacionada con el microswitch IVIEW,Falla relacionada con el microswitch IVIEW,"Se informa que nuevamente el sistema iView presentó una falla relacionada con el microswitch (botón), para referencia, se muestra en la imagen adjunta el botón. éste permaneció salido al extenderse el panel a la posición de exposición, lo que provocó la activación del interlock del TouchGuard.
El personal TM y TP de turno identificó oportunamente la falla, reintroduciendo el microswitch manualmente, lo que permitió desactivar el enclavamiento y continuar con los tratamientos sin mayores contratiempos.
[cid:0a843bd1-956a-4510-a964-e131c8682b87]
Saludos cordiales,




[cid:836d3324-df0e-4400-b47a-31d100756b7a]",normal,closed,email,26080969273499,26080969273499,14481448391451,14741543428379,14481465021595,true,false,,offered,20427286020763,14481427110299,2025-04-15T12:45:22Z,2025-04-26T19:01:49Z,2026-08-06T15:19:10.327Z
9130,,incident,Target Check con 18 MV para el Axesse,Target Check con 18 MV para el Axesse,"Estimados,

Buenas tardes, no arrojo este error hoy en el Axesse de Target Check con 18 MV, para que lo puedan verificar",high,closed,web,20254050952475,20254050952475,19579474867355,14741297259931,14481465021595,true,false,,offered,20427286020763,14481427110299,2025-04-16T17:38:44Z,2025-04-27T20:02:03Z,2026-08-06T15:19:10.327Z
9105,,incident,Hump Err en el Infinity para 6 MV ,Hump Err en el Infinity para 6 MV ,"Estimados,

Buenas tardes, el Infinity ha presentado varias veces durante toda la mañana el Hump Err para 6 MV, si es posible verificar por intellimax.

Muchas gracias,

Rita C",high,closed,web,20254050952475,20254050952475,22297930568347,14741297259931,14481465021595,true,false,,offered,20427286020763,14481427110299,2025-04-09T16:22:07Z,2025-04-27T20:02:03Z,2026-08-06T15:19:10.327Z
9103,,incident,Repetir el Flex map del Axesse ,Repetir el Flex map del Axesse ,"Estimados,

Buenos días, requerimos repetir de nuevo el flex map de CBCT del Axesse, ya que al optimizar el isocentro de la mesa la prueba de Winston Lutz nos da fuera tolerancia y con ello se no hace imposible tratar pacientes con SRS.",high,closed,web,20254050952475,20254050952475,19579474867355,14741297259931,14481465021595,true,false,,offered,20427286020763,14481427110299,2025-04-09T13:26:07Z,2025-04-27T20:02:03Z,2026-08-06T15:19:10.327Z
9018,,incident,CORRIMIENTO ISO CAMILLA AXESSE ,CORRIMIENTO ISO CAMILLA AXESSE ,"Estimados, junto con saludarles les informo que estamos preocupados que el Iso Camilla del acelerador Axesse esta aumentando su valor de desviación, no se si esto corresponde a las intervenciones recientes que se hicieron para tratar de resolver la falla de los electrones, les dejo una tabla con nuestros análisis de los últimos 6 meses.

ISO CAMILLA AXESSE

2024-2025
  sept-24 oct-24 nov-24 dic-24 ene-25 feb-25 mar-25
Desv Iso Camilla (mm) 0 0 0,5 0,5 0,3 1,5 1,3",urgent,closed,web,20254050952347,20254050952347,19579474867355,14741297259931,14481465021595,true,false,,offered,20427286020763,14481427110299,2025-03-14T16:11:25Z,2025-04-27T20:02:04Z,2026-08-06T15:19:10.327Z
9139,,incident,Falla camilla,Falla camilla,"TENS reporta que luz de sala se apaga y se prende y que hay un sonido fuerte en sala de maquinas.

Camilla se mueve en modo servicio, pero no se logra mover en modo clinico. Equipo detenido",urgent,closed,web,20254050947739,20254050947739,19579474867355,14741593614363,14481465021595,true,false,,offered,20427286020763,14481427110299,2025-04-22T21:20:56Z,2025-04-27T21:01:55Z,2026-08-06T15:19:10.327Z
8832,,incident,Interlock Target Chek,Interlock Target Chek,"Hola bn día muchachos este interlock me aparece en la maquina Axesse el día de hoy solo al querer irradiar electrones del resto con los fotones no tuve problemas, reinicie el acelerador completo a ver si mejoraba me queda hacer una prueba usando otro cono a ver, por el momento le pedi a los TM no irradiar pacientes con electrones en esa maquina",urgent,closed,web,20254050952347,20254050952347,19579474867355,14741297259931,14481465021595,true,false,,offered,20427286020763,14481427110299,2024-12-30T11:24:26Z,2025-04-27T21:01:56Z,2026-08-06T15:19:10.327Z
9145,,incident,falla movimiento vertical de camilla ,falla movimiento vertical de camilla ,"Falla del movimiento vertical de camilla, podría ser motor o carbones, ya que el motor dejo de funcionar lentamente.",urgent,closed,web,20254050947483,20254050947483,19579474867355,14741593614363,14481465021595,true,false,,offered,20427286020763,14481427110299,2025-04-24T16:21:43Z,2025-04-28T20:02:03Z,2026-08-06T15:19:10.327Z
9146,,incident,Archivos de Dose plane no llegan a carpeta del servidor,Archivos de Dose plane no llegan a carpeta del servidor,"Estimado Victor

De acuerdo a lo observado con el Monaco 02, al exportar el archivo de doseplane, este no está llegando a la data del servidor, no he revisado desde Monaco 03 si se comporta igual. Como viste, desde Monaco 01 se exporta correctamente.  Espero me puedas ayudar con esta configuración, saludos




[cid:90cb69b0-6763-4246-8b0a-a1d93ffcef5c]",normal,closed,email,26080969273499,26080969273499,14481448391451,14741543428379,14481465021595,true,false,,offered,20427286020763,14481427110299,2025-04-24T17:53:23Z,2025-05-02T13:01:39Z,2026-08-06T15:19:10.327Z
9144,,incident,No llegan los planes a DoseCheck,No llegan los planes a DoseCheck,"Estimados

Ante todo, un cordial saludo, para comentar que en la tarde se enviaron un total de 7 planes desde Monaco a Suncheck y estos no aparecen en la ventana ""Worklist"" no sé si es un tema de conexión desde mi PC o alguna falla del servidor.

Espero me puedan colaborar pronto para poder iniciar las verificaciones mañana a primera hora.

Saludos

Enrique",normal,closed,email,26080969273499,26080969273499,14481448391451,14741543428379,14481465021595,true,false,,offered,20427286020763,14481427110299,2025-04-23T19:31:34Z,2025-05-02T13:01:39Z,2026-08-06T15:19:10.327Z
9156,,incident,Falla brazo XVI,Falla brazo XVI,"Brazo XVI bloqueado, con alarma sonora activada.",urgent,closed,web,20254050947739,20254050947739,20210900681499,14741593614363,14481465021595,true,false,,offered,20427286020763,14481427110299,2025-04-28T13:41:49Z,2025-05-02T17:02:34Z,2026-08-06T15:19:10.327Z
8869,,incident,Exportación automática,Exportación automática,"Buenos días

Junto con saludar quisiera abrir un ticket respecto a la exportación automática de planes desde MONACO hacia distintos destinos.

En una capacitación de Ignacio Verdugo el año pasado dejó configurada esta acción en cada estación de MONACO pero luego de un tiempo comenzó a fallar. La ventana del paciente se cierra inesperadamente durante el trabajo de exportación, sin arrojar una notificación de error y sin que llegue información a ninguno de los destinos seleccionados.


Quedo atenta a su respuesta







Saludos cordiales,



[cid:e702b70e-8d9c-4677-afc4-551091e88d23]",low,closed,email,26132276827035,26132276827035,14481448391451,14741543428379,14481465021595,true,false,,offered,20427286020763,14481427110299,2025-01-14T08:30:31Z,2025-05-03T14:02:02Z,2026-08-06T15:19:10.327Z
9155,,incident,Chiller está liberando agua desde salida de desagüe 2,Chiller está liberando agua desde salida de desagüe 2,"Hola

El Chiller está liberando agua; tanto así que comenzó a drenar hacia la calle (drenajes diseñados para aquello). Ya se contactó por teléfono a Hans y comentó que estaría dentro de una hora en el Hospital.

Saludos",high,closed,web,20254020299291,20254020299291,22297930568347,14741597726619,14481465021595,true,false,,offered,20427286020763,14481427110299,2025-04-28T13:21:54Z,2025-05-03T15:02:10Z,2026-08-06T15:19:10.327Z
9167,,incident,Falla backup bateria dose monitor VERSA 2,Falla backup bateria dose monitor VERSA 2,"Estimados, Equipo detenido por falla en backup de bateria dose monitor. Saludos, Manuel",urgent,closed,web,20254020292379,20254020292379,27816237178267,14741389938587,14481465021595,true,false,,offered,20427286020763,14481427110299,2025-04-30T12:49:14Z,2025-05-04T21:02:00Z,2026-08-06T15:19:10.327Z
9136,,incident,Solicitud de acompañamiento técnico durante trabajos en Bunker Acelerador Lineal – 25 y 26 de abril,Solicitud de acompañamiento técnico durante trabajos en Bunker Acelerador Lineal – 25 y 26 de abril,"Estimados,
Junto con saludar, me dirijo a ustedes para solicitar su apoyo durante las labores de mantenimiento e instalación que realizará la empresa Aprocin Ltda. en el Bunker del Acelerador Lineal los días viernes 25 en jornada PM y sábado 26 de abril del presente año.
Estas labores incluyen:

  *
Mantenimiento preventivo del sistema de supresión de incendio Novec 1230.
  *
Mantenimiento del sistema de detección de incendio marca Edwards.
  *
Instalación de 6 detectores de humo y temperatura, trabajo que contempla canalizado y cableado en el entretecho del Bunker, siendo este el procedimiento más invasivo.

Dado el tipo de trabajos a realizar, es fundamental contar con su acompañamiento técnico para resguardar la integridad del acelerador y tomar las medidas necesarias de protección durante la intervención, especialmente en lo relacionado con la polución que pudiera generarse en el entretecho.
Agradezco confirmar su disponibilidad para ambas fechas y quedo atento a cualquier requerimiento adicional de su parte.
Saludos cordiales,
Enrique Lozano",low,closed,email,26080969273499,26080969273499,19579468718875,14741543428379,14481465021595,true,false,,offered,20427286020763,14481427110299,2025-04-22T14:44:49Z,2025-05-06T18:02:22Z,2026-08-06T15:19:10.327Z
9162,,incident,Solicitud de calibracion laser TAC de simulacion,Solicitud de calibracion laser TAC de simulacion,"Estimad@s Buenas tardes,

La semana pasada por encargo de Tecnoimagen se realizo la solicitud de re calibracion para el sistema de alineacion externa del TAC de simulacion y una capacitacion para que en un futuro el equipo de FM pueda realizar los ajustes pertinentes frente a alguna desviacion.

Quedamos atentos a sus comentarios.

Que tengan buena Jornada.



Eduardo Figueroa.",high,closed,web,35063014974875,35063014974875,19579474867355,14741593614363,14481465021595,true,false,,unoffered,20427286020763,14481427110299,2025-04-29T15:29:05Z,2025-05-08T17:31:34Z,2026-08-06T15:19:10.327Z
9172,,incident,Maquina no inicia,Maquina no inicia,Maquina no inicia e indica falla de backup,normal,closed,email,26080982926747,26080982926747,19579468718875,14741543428379,14481465021595,true,false,,offered,20427286020763,14481427110299,2025-05-02T16:53:06Z,2025-05-09T18:02:22Z,2026-08-06T15:19:10.327Z
9147,,incident,coincidencia haz de radiación y haz de imagen ,coincidencia haz de radiación y haz de imagen ,por favor efectuar ajuste de coincidencia del haz de radiación y haz de imagen CBCT mañana viernes a las 4 pm.,normal,closed,web,20254050947483,20254050947483,19579474867355,14741593614363,14481465021595,true,false,,good,20427286020763,14481427110299,2025-04-24T18:38:54Z,2025-05-16T15:01:55Z,2026-08-06T15:19:10.327Z
9186,,incident,Generator no ready or in fault condition,Generator no ready or in fault condition,"Estimados buenas tardes.

Junto con saludar, solicitamos asistencia por error que se presenta al realizar imágenes, se presenta el interlock ""Generator no ready or in fault condition"" notamos que se manifiesta al realizar imágenes con baja técnica (mama) con técnicas mas altas (pelvis) toma la imagen completa y no se interrumpe.

Por favor, tenemos disponibilidad para trabajos hoy 09/05 desde las 13:30 h



Saludos cordiales.",high,closed,web,20254020297371,20254020297371,20210900681499,14740499786395,14481465021595,true,false,,offered,20427286020763,14481427110299,2025-05-09T13:13:34Z,2025-05-17T22:01:47Z,2026-08-06T15:19:10.327Z
9203,,incident,Falla camilla,Falla camilla,Table lateral: There is a error correlating the potentiometer reading.,urgent,closed,web,20254050947739,20254050947739,20210900681499,14741593614363,14481465021595,true,false,,offered,20427286020763,14481427110299,2025-05-15T12:51:28Z,2025-05-20T14:02:15Z,2026-08-06T15:19:10.327Z
9185,,incident,Linac Sur Inoperativo,Linac Sur Inoperativo,Durante irradiación de QAI equipo comienza a hacer ruido anormal(se adjunta video) y apareció interlock GTO O/load. Favor se solicita asistencia para mañana a primera hora,urgent,closed,web,36182421530907,36182421530907,19579474867355,14741318546075,14481465021595,true,false,,offered,20427286020763,14481427110299,2025-05-09T02:00:20Z,2025-05-20T14:02:15Z,2026-08-06T15:19:10.327Z
9178,,incident,DOSE RATE MOD 6 FFF AXESSE,DOSE RATE MOD 6 FFF AXESSE,"Estimados, tenemos este interlock de dose rate para 6 FFF en el Axesse",high,closed,web,20254050952475,20254050952475,19579474867355,14741297259931,14481465021595,true,false,,offered,20427286020763,14481427110299,2025-05-07T12:16:05Z,2025-05-20T14:02:16Z,2026-08-06T15:19:10.327Z
9137,,incident,RE: Cambio de cañon de electrones Suragility,RE: Cambio de cañon de electrones Suragility,"Estimados buen día,

Junto con saludar, quisiera consultar si tienen alguna fecha vista para el cambio de cañon. Adjunto informe de ayer en donde se especifica que el cambio debe ser en 2 semanas máximo.

Quedo atenta.

Muchas gracias.

Saludos,

[cid:4163c199-ab60-4bfe-b08e-6001a9ca1cd2]
________________________________
De: Alarcón Cuadra Romina Yesenia <ralarcon@alemana.cl>
Enviado: miércoles, 9 de abril de 2025 16:56
Para: Gonzalo Hernán López Estay <ghlopez@eygsa.cl>
Cc: Carlos Carrasquel <ccarrasquel@eygsa.cl>; Castillo Flores Claudia <ccastillof@alemana.cl>; Resquin Valdez Teresa de Jesus <tresquin@alemana.cl>; Alarcón Cuadra Romina Yesenia <ralarcon@alemana.cl>; Zelada Gabriel <gzelada@alemana.cl>; Aravena Andrade Diego <daravenaa@alemana.cl>; Carvajal Contreras, Claudia Marcela <ccarvajal@alemana.cl>; support@eygmedicalsystems.zendesk.com <support@eygmedicalsystems.zendesk.com>; jlarenas@eygsa.cl <jlarenas@eygsa.cl>; Martinez Alan <amartinez@alemana.cl>
Asunto: Cambio de cañon de electrones Suragility

Estimado Gonzalo buenas tardes,

Junto con saludar, le escribo ya que como sabemos se debe realizar el cambio preventivo del cañon de electrones del Linac Sur.

Según lo conversado, ustedes necesitan 2 días para realizar este trabajo por lo que solicito nos puedan dar una fecha tentativa para dejar planificado este trabajo.

Necesitamos que pueda ser ejecutado un fin de semana por la situación de que estamos trabajando con un solo equipo.

Quedo atenta a sus comentarios.

De antemano muchas gracias.

Saludos,

[cid:640c7e25-f65c-4293-8eb7-fe88122062bd]
Este mensaje y/o documentos adjuntos son confidenciales y están destinados a la(s) persona(s) a la que han sido enviados. Pueden contener información privada y confidencial, cuya difusión se encuentre legalmente prohibida. Si usted no es el destinatario, por favor notifique de inmediato al remitente y elimine el mensaje de sus carpetas y/o archivos.
Outlook-xey5huhg.png
Outlook-2alxa4hf.png
Reporte de tarea 3008.pdf",high,closed,email,36182421530907,36182421530907,19579474867355,14741318546075,14481465021595,true,false,,offered,20427286020763,14481427110299,2025-04-22T15:30:03Z,2025-05-20T14:02:16Z,2026-08-06T15:19:10.327Z
9001,,incident,Solicitud de revisión del Fotón de 15MV equipo Suragility,Solicitud de revisión del Fotón de 15MV equipo Suragility,"Se solicita la revisión urgente del Fotón de 15MV de equipo Suragility , que hoy dio un interlock LCD durante el control matutino impidiendo continuar.",urgent,closed,web,20254020288667,20254020288667,19579474867355,14741318546075,14481465021595,true,false,,offered,20427286020763,14481427110299,2025-03-07T12:09:25Z,2025-05-20T14:02:17Z,2026-08-06T15:19:10.327Z
8839,,incident,OC 4500703890,OC 4500703890,"Estimados,

 

Junto con saludar y deseándoles un feliz comienzo de año, les envio orden de compra por la Tablet RapidSim para los láseres ubicados en Scanner.

Favor su ayuda para gestionar despacho e instalación.

Saludos.

 

 

Paula Núñez C.

Ingeniera de Equipos Médicos de Imágenes y Relacionados.

+56 9 8481 2068

ClinicaAlemana.cl (http://www.clinicaalemana.cl/)

 

 

 

 

 

 

 

 

 

 

 

Este mensaje y/o documentos adjuntos son confidenciales y están destinados a la(s) persona(s) a la que han sido enviados. Pueden contener información privada y confidencial, cuya difusión se encuentre legalmente prohibida. Si usted no es el destinatario, por favor notifique de inmediato al remitente y elimine el mensaje de sus carpetas y/o archivos.",normal,closed,email,20254020288667,20254020288667,19579474867355,14741318546075,14481465021595,true,false,,offered,20427286020763,14481427110299,2025-01-02T15:52:23Z,2025-05-20T14:02:17Z,2026-08-06T15:19:10.327Z
9170,,incident,Reference reflector,Reference reflector,Equipo detenido,high,closed,web,20254050952987,20254050952987,20210900681499,20265216319003,14481465021595,true,false,,offered,20427286020763,14481427110299,2025-05-02T12:22:32Z,2025-05-20T15:03:01Z,2026-08-06T15:19:10.327Z
9206,,incident,Suragility con temperatura alta,Suragility con temperatura alta,"Estimados, usuarios me reportan que equipo suragility se ha encontrado todo el día con temperatura alta 30-34 °C. Solicitamos a personal de clima que revisara el Schiller pero se encuentra funcionando correctamente.

Favor su ayuda con la revisión del equipo",high,closed,web,36182421530907,36182421530907,20210900681499,14741318546075,14481465021595,true,false,,offered,20427286020763,14481427110299,2025-05-15T19:14:32Z,2025-05-26T13:01:38Z,2026-08-06T15:19:10.327Z
9202,,incident,Versa- Problema en irradiación planes VMAT,Versa- Problema en irradiación planes VMAT,"Problemas para irradiar en el Versa. En campos cuadrados en 0° se puede irradiar sin problema se disparó 1000 UM por cada energía de fotones, pero al tratar de medir planes VMAT se corta todo por dose rate mon. Se solicita visita urgente ya que los planes a medir son necesarios para poder mandar la documentación al ISP",urgent,closed,web,36182421530907,36182421530907,20210900681499,14741318546075,14481465021595,true,false,,offered,20427286020763,14481427110299,2025-05-15T01:21:59Z,2025-05-27T16:02:11Z,2026-08-06T15:19:10.327Z
9164,,incident,RE: [Externo][E&G Medical Systems] Asunto: Versa Norte no dispara,RE: [Externo][E&G Medical Systems] Asunto: Versa Norte no dispara,"Estimados buenas tardes,

Junto con saludar, favor su ayuda con este requerimiento ya que ha pasado en varias ocasiones que el equipo no dispara.

Favor se requiere ayuda de servicio técnico para trabajar junto a los físicos médicos en el encendido del equipo.

De antemano muchas gracias.

Saludos,

[cid:cdaa9223-28c4-49cf-bf42-fee3787aa63b]",normal,closed,email,36182421530907,14481448391451,20210900681499,14741318546075,14481465021595,true,false,,offered,20427286020763,14481427110299,2025-04-29T16:28:36Z,2025-05-27T16:02:11Z,2026-08-06T15:19:10.327Z
8918,,incident,Fw: Solicitud de instalación mosaiq,Fw: Solicitud de instalación mosaiq,"Estimados
Junto con saludar, será posible instalar punto adicional en sala de enfermería? Para uso único de mosaiq

Esperando buena acogida
Saludos


Dra. Evelyn San Martin
Oncologa Radioterapeuta
Jefe Unidad Radioterapia
Hospital Clínico Magallanes

________________________________
De: Evelyn San Martín <esm.m2010@gmail.com>
Enviado: viernes, enero 31, 2025 3:26:40 p. m.
Para: Evelyn Gisselle San Martin Meza <evelyn.sanmartinm@redsalud.gob.cl>
Asunto: Fwd: Solicitud de instalación mosaiq



Dra. Evelyn San Martín M.
Radioterapia Oncológica
Jefe Unidad de Radioterapia
Hospital Clínico Magallanes


---------- Forwarded message ---------
De: Camila Macarena Uribe Uribe <camila.uribe.u@redsalud.gob.cl<mailto:camila.uribe.u@redsalud.gob.cl>>
Date: mié, 29 ene 2025 a la(s) 4:54 p.m.
Subject: Solicitud de instalación mosaiq
To: Evelyn San Martín <esm.m2010@gmail.com<mailto:esm.m2010@gmail.com>>


Estimada doctora,

Junto con saludarla y según lo conversado, solicito de su gestión para poder evaluar la posibilidad de instalación de punto mosaiq en el box de enfermería, sería de gran utilidad para las funciones del equipo de enfermería.

Sin otro particular me despido cordialmente quedando atenta a esta solicitud.

Atte.

Camila Uribe
Enfermera

Obtener Outlook para iOS<https://aka.ms/o0ukef>",low,closed,email,26080969312027,26080969312027,14481448391451,14741543428379,14481465021595,true,false,,good,20427286020763,14481427110299,2025-02-02T19:35:46Z,2025-05-30T20:01:57Z,2026-08-06T15:19:10.327Z
8823,,incident,Fw: Fantoma ArcCheck sufrió caída y rotura,Fw: Fantoma ArcCheck sufrió caída y rotura,"Estimados
Junto con saludar, quisiera consultar sobre posibilidad de integrar mejoras de seguridad al transporte de los fantomas. Dado que en este caso, al tener rampas o desniveles, un fantoma que está sujeto a una cuerda o cinturón, puede caerse de todas maneras. Talvez con tope o algún tipo de seguro o soporte diferente. Cómo medida de mejora.

Saludos y gracias

Dra. Evelyn San Martin
Oncologa Radioterapeuta
Jefe Unidad Radioterapia
Hospital Clínico Magallanes
________________________________
From: Enrique Lozano Quiroga <enrique.lozano.q@redsalud.gob.cl>
Sent: Tuesday, December 17, 2024 5:25:11 PM
To: Evelyn Gisselle San Martin Meza <evelyn.sanmartinm@redsalud.gob.cl>
Subject: Fantoma ArcCheck sufrió caída y rotura

Estimada Dra. San Martin

De acuerdo a lo observado e informado verbalmente, por la rotura del equipo dentro del bunker. Hago llegar escrito de lo sucedido.

En horas de la tarde, al proceder a realizar medición de pacientes específico, mientras se tenía un espacio en máquina, se presentó un accidente con el fantoma ArcCheck, sufriendo una caída y por lo tanto su rotura.

Esto fue en el laberinto, el cual presenta una rampa para ingresar al bunker, dado el peso del fantoma y la inclinación del piso, éste se deslizó del carro de transporte, cayendo al piso.

Se adjuntan fotos

[cid:01ede392-5a8d-49c9-a716-ba3b64b0a9fa]
[cid:d22ae661-6088-4e3b-9edd-7db7d194caba]

Saludos






[cid:d8f877ad-cbcb-408d-b076-c221579023df]",high,closed,email,26080969312027,26080969312027,14481448391451,14741543428379,14481465021595,true,false,,good,20427286020763,14481427110299,2024-12-18T04:03:39Z,2025-05-30T20:01:58Z,2026-08-06T15:19:10.327Z
9218,,incident,Baja presión de agua en Suragility,Baja presión de agua en Suragility,Equipo presenta problema de baja presión de agua. Se debe subir la presión entre 3-4 veces al día,high,closed,web,36182421530907,36182421530907,20210900681499,14741318546075,14481465021595,true,false,,offered,20427286020763,14481427110299,2025-05-20T19:08:52Z,2025-05-30T21:02:08Z,2026-08-06T15:19:10.327Z
9219,,incident,Falla MLC,Falla MLC,"Estimados buenos días.

Solicitamos asistencia por falla en MLC que no permite continuar, se observa una lamina que tiene una desviación (se queda atrás al desplazar).



Quedo atento a sus comentarios.

Saludos cordiales.",urgent,closed,web,20254020297371,20254020297371,19579474867355,14740499786395,14481465021595,true,false,,offered,20427286020763,14481427110299,2025-05-22T13:55:57Z,2025-06-01T13:01:33Z,2026-08-06T15:19:10.327Z
9063,,incident,Falla MLC,Falla MLC,"Estimados buenos días .

Informo que estamos detenidos con el Synergy por falla en el MLC que no permite aparcar las láminas. Se muestra el interlock :""The Linj to MLV Control System has either been termined , or has failed.

Saludos.

CMC",urgent,closed,web,20254020297371,20254020297371,19579474867355,14740499786395,14481465021595,true,false,,offered,20427286020763,14481427110299,2025-03-27T11:28:37Z,2025-06-01T13:01:34Z,2026-08-06T15:19:10.327Z
9225,,incident,Problema con estación Mosaiq,Problema con estación Mosaiq,"Se reporta pantallazo azul en estación mosaiq, la cual corresponde a las estaciones del primer proyecto del linac, la cual tiene la IP 172.16.0.27, por ello, se solicita ayuda para reparar y recuperar archivos importante de fisica medica.",high,closed,web,26080969273499,14481448391451,14481448391451,14741543428379,14481465021595,true,false,,offered,20427286020763,14481427110299,2025-05-28T12:18:44Z,2025-06-02T16:02:46Z,2026-08-06T15:19:10.327Z
9226,,incident,Tolerancia mlc,Tolerancia mlc,"Estimados, la velocidad y posicionamiento de laminas falla el qa para el Versa. Favor revisar.

Saludos.

JL
20250528_081013.jpg
20250528_081002.jpg",normal,closed,email,26080982926747,26080982926747,19579468718875,14741543428379,14481465021595,true,false,,offered,20427286020763,14481427110299,2025-05-28T12:21:52Z,2025-06-02T20:02:47Z,2026-08-06T15:19:10.327Z
9222,,incident,Interlock Target Check Infinity,Interlock Target Check Infinity,Interlock target check equipo infinity,urgent,closed,web,20254050952603,20254050952603,27816237178267,14741297259931,14481465021595,true,false,,offered,20427286020763,14481427110299,2025-05-26T17:36:03Z,2025-06-06T15:03:26Z,2026-08-06T15:19:10.327Z
9176,,incident,Falla Vertical Camilla,Falla Vertical Camilla,"Estimados,

Junto con saludar, les comunico que ha fallado el movimiento vertical de la camilla, este no sube ni baja utilizando los controles.

Esperamos se pueda atender a la brevedad.

Saludos cordiales,",urgent,closed,web,20254050948123,20254050948123,20210900681499,14741593614363,14481465021595,true,false,,offered,20427286020763,14481427110299,2025-05-05T17:12:09Z,2025-06-06T15:03:26Z,2026-08-06T15:19:10.327Z
9229,,incident,Licencias suncheck,Licencias suncheck,"Estimados,
Al intentar ingresar el arccheck para recalibrar en suncheck, indica sin licencia.
Al revisar, todas vencieron en febrero.
Favor revisar.

Saludos,

JL
20250528_140814.jpg",normal,closed,email,26080982926747,26080982926747,14481448391451,14741543428379,14481465021595,true,false,,offered,20427286020763,14481427110299,2025-05-28T17:10:05Z,2025-06-07T19:01:53Z,2026-08-06T15:19:10.327Z
9179,,incident,2R para energía de 9 MeV para el Axesse,2R para energía de 9 MeV para el Axesse,"Estimados,

Se ha presentado este interlock en el Axesse, para que lo verifiquen",high,closed,web,20254050952475,20254050952475,19579474867355,14741297259931,14481465021595,true,false,,offered,20427286020763,14481427110299,2025-05-07T12:17:49Z,2025-06-09T16:02:18Z,2026-08-06T15:19:10.327Z
9244,,incident,Movimiento vertical del couch - Bloqueado,Movimiento vertical del couch - Bloqueado,"Estimados, no podemos mover la camilla verticalmente.

El PC que está en sala de máquinas muestra el error que verán en la foto adjunta.

Reiniciamos esa PC dos veces con tiempo de espera de 1 min aprox. Y reiniciamos el LINAC, el problema no se solucionó.

Tenemos equipo detenido.

Saludos",urgent,closed,web,20254050953243,20254050953243,27816237178267,20265216319003,14481465021595,true,false,,offered,20427286020763,14481427110299,2025-06-05T17:24:38Z,2025-06-10T17:01:54Z,2026-08-06T15:19:10.327Z
9247,,incident,Incidencia con pantallas del equipo y comunicación Televisor  - Mosaiq,Incidencia con pantallas del equipo y comunicación Televisor  - Mosaiq,"Hola Víctor,
Te informo sobre una incidencia presentada hoy con las pantallas del equipo:
Las pantallas del equipo se apagaron sin previo aviso.  Se intentó reiniciar la comunicación desde el CCP Management Panel, pero indicó un mensaje de ""Falla de comunicación"".
 Se procedió a reiniciar directamente el PC de la sala de equipo, lo cual permitió que las pantallas del equipo volvieran a encender con normalidad.
Sin embargo, tras este reinicio, se perdió la comunicación entre el televisor y Mosaiq.
Quedamos atentos a tus indicaciones para resolver el problema con Mosaiq o cualquier otra acción requerida.
Saludos,




[cid:7f8847fe-5714-45ac-90e6-e39568e893fb]",normal,closed,email,26080969273499,26080969273499,14481448391451,14741543428379,14481465021595,true,false,,offered,20427286020763,14481427110299,2025-06-09T13:59:13Z,2025-06-14T17:02:24Z,2026-08-06T15:19:10.327Z
9256,,incident,Solicitud de revisión técnica por derrame de liquido en cabezal,Solicitud de revisión técnica por derrame de liquido en cabezal,"Estimados,
Solicitamos de manera urgente la revisión del equipo debido a un incidente de derrame de líquido sobre el cabezal. Es fundamental evaluar posibles afectaciones técnicas para garantizar el correcto funcionamiento del dispositivo y, en consecuencia, poder retomar los tratamientos con las condiciones de seguridad requeridas.
Quedamos atentos a sus comentarios.
Saludos cordiales,



[cid:d9d10013-1b3d-46da-93c0-2c49af0de8b5]",normal,closed,email,26080969273499,26080969273499,19579468718875,14741543428379,14481465021595,true,false,,offered,20427286020763,14481427110299,2025-06-11T15:42:23Z,2025-06-15T18:02:27Z,2026-08-06T15:19:10.327Z
9254,,incident,Registro de gestión – Modificación visualización parámetros acelerador,Registro de gestión – Modificación visualización parámetros acelerador,"Estimado Roberto,
Por medio del presente, dejamos registro de que ayer el personal de máquina solicitó la factibilidad para modificar la visualización de parámetros en pantalla del acelerador, específicamente los correspondientes a los aplicadores (Shadow Tray, Aplicator y Fitment Number).
Me indican que el trabajo fue realizado a cabalidad según lo requerido. Agradecemos de antemano tu gestión y disposición para atender esta solicitud, lo cual contribuye a optimizar nuestros procesos.
Quedamos atentos a cualquier comentario o seguimiento requerido.
Saludos cordiales,




[cid:fa75f550-a895-4dd3-8a5e-1a68da7e21e9]",normal,closed,email,26080969273499,26080969273499,19579468718875,14741543428379,14481465021595,true,false,,offered,20427286020763,14481427110299,2025-06-11T13:26:20Z,2025-06-15T18:02:28Z,2026-08-06T15:19:10.327Z
9250,,incident,ORINA EN MAQUINA,ORINA EN MAQUINA,"Paciente se orino encima del cabezal.

Favor revisar.

 

Saludos.

 

Juan Carlos Leal Chandía

Físico Médico – Unidad de Radioterapia

Hospital Clínico Magallanes

juancarlos.lealc@redsalud.gov.cl",normal,closed,email,26080982926747,26080982926747,19579468718875,14741543428379,14481465021595,true,false,,offered,20427286020763,14481427110299,2025-06-10T14:36:44Z,2025-06-15T18:02:28Z,2026-08-06T15:19:10.327Z
9242,,incident,"Falla MLC VERSA 1, equipo detenido","Falla MLC VERSA 1, equipo detenido","Estimados, Se requiere visita urgente a VERSA 1, ya que al intentar empezar con las pruebas de hoy, todas las laminas aparecen con falla. Interlocks LMDB Y11 Volts y Comms, Y11 Watchdog, All Watchdoggs, All Voltage Rails, All Serial Comms. Equipo detenido. Saludos, Manuel.",urgent,closed,web,20254020292379,20254020292379,19579474867355,14741389938587,14481465021595,true,false,,offered,20427286020763,14481427110299,2025-06-05T13:34:17Z,2025-06-15T21:02:01Z,2026-08-06T15:19:10.327Z
9239,,incident,Equipo Suragility no irradia,Equipo Suragility no irradia,"Equipo no irradia, interlock Bend Mag V",urgent,closed,web,36182421530907,36182421530907,20210900681499,14741318546075,14481465021595,true,false,,offered,20427286020763,14481427110299,2025-06-04T12:47:59Z,2025-06-15T21:02:02Z,2026-08-06T15:19:10.327Z
9191,,incident,Falla con backup diario de integrity,Falla con backup diario de integrity,"Estimados, Desde el jueves en la mañana el Integrity del VERSA 2 no está cargando de forma automatica porque el backup no se está completando (Adjunto imagen del problema). Esto retrasa los inicios del QA diario y de los tratamientos. Se requiere revisión. Saludos, Manuel.",high,closed,web,20254020292379,20254020292379,19579474867355,14741389938587,14481465021595,true,false,,offered,20427286020763,14481427110299,2025-05-12T16:33:33Z,2025-06-15T21:02:02Z,2026-08-06T15:19:10.327Z
9190,,incident,Falla con backup diario de integrity,Falla con backup diario de integrity,"Estimados, Desde el jueves en la mañana el Integrity del VERSA 2 no está cargando de forma automatica porque el backup no se está completando (Adjuntl imagen del problema). Esto retrasa los inicios del QA diario y de los tratamientos. Se requiere revisión. Saludos, Manuel.",high,closed,web,20254020292379,20254020292379,19579474867355,14741389938587,14481465021595,true,false,,offered,20427286020763,14481427110299,2025-05-12T16:31:12Z,2025-06-15T21:02:03Z,2026-08-06T15:19:10.327Z
354,,incident,Revision pendant iView VERSA 1,Revision pendant iView VERSA 1,"Buen dia, Se requiere revisión del pendant del iView del VERSA1, ya que se corta la trayectoria del movimiento del gantry al usarlo en modo ASU y modo libre (interlocks Gantry, Gantry demand y Function demand). Saludos, Manuel.",high,closed,web,20254020292379,20254020292379,19579474867355,14741389938587,14481465021595,true,false,,offered,20427286020763,14481427110299,2024-07-30T15:09:02Z,2025-06-15T21:02:11Z,2026-08-06T15:19:10.327Z
9241,,incident,Revisión de PCs de Mosaiq,Revisión de PCs de Mosaiq,"Hola Víctor,
¿Podrías por favor revisar los PCs que están utilizando Mosaiq? Hemos notado algunas ventanas abiertas y creemos que sería útil hacer una revisión general.
Adicionalmente, podríamos considerar la posibilidad de segmentar las cuentas de usuario como una medida para reforzar la seguridad y asegurar un entorno más tranquilo para todos.
Gracias de antemano por tu apoyo.
Saludos,




[cid:4c0eaefa-cf5b-4fc2-8deb-b9818d7b3228]",normal,closed,email,26080969273499,26080969273499,14481448391451,14741543428379,14481465021595,true,false,,offered,20427286020763,14481427110299,2025-06-05T12:46:47Z,2025-06-17T13:02:26Z,2026-08-06T15:19:10.327Z
9259,,incident,Invitación a Charla Sistema NOVEC,Invitación a Charla Sistema NOVEC,"Buenos días Roberto y Víctor

Se les invita a participar en una capacitación del sistema NOVEC que se realizará en la sala de reunión de Imagenología, segundo piso a las 15:00h. Esperamos su asistencia.

Saludos




[cid:6b122b7d-0ee1-428a-b911-0546a558c810]",normal,closed,email,26080969273499,26080969273499,19579468718875,14741543428379,14481465021595,true,false,,offered,20427286020763,14481427110299,2025-06-12T12:42:49Z,2025-06-18T14:02:10Z,2026-08-06T15:19:10.327Z
9267,,incident,Falla MLC VERSA 1,Falla MLC VERSA 1,"Estimados, Se requiere asistencia urgente por falla en MLC del VERSA 1. Mismos interlocks de siempre. Saludos, Manuel",urgent,closed,web,20254020292379,20254020292379,19579474867355,14741389938587,14481465021595,true,false,,offered,20427286020763,14481427110299,2025-06-16T16:41:12Z,2025-06-23T15:02:01Z,2026-08-06T15:19:10.327Z
9262,,incident,Falla MLC VERSA 1,Falla MLC VERSA 1,"Esrimados, Se requiere visita urgente por falla en MLC de VERSA 1. Saludos, Manuel.",urgent,closed,web,20254020292379,20254020292379,19579474867355,14741389938587,14481465021595,true,false,,offered,20427286020763,14481427110299,2025-06-12T16:52:26Z,2025-06-23T15:02:02Z,2026-08-06T15:19:10.327Z
9266,,incident,Table long,Table long,"Table long
Y no andó más",normal,closed,email,26080982926747,26080982926747,19579468718875,14741543428379,14481465021595,true,false,,offered,20427286020763,14481427110299,2025-06-13T17:14:31Z,2025-06-27T12:01:45Z,2026-08-06T15:19:10.327Z
9277,,incident,Falla Magnetron VERSA 1,Falla Magnetron VERSA 1,"Estimados,

Se requiere visita urgente por falla en Magnetron VERSA 1 (interlock 212 M.fil.Vmon).

Equipo detenido.

Saludos,

Manuel",urgent,closed,web,20254020292379,20254020292379,27816237178267,14741389938587,14481465021595,true,false,,offered,20427286020763,14481427110299,2025-06-23T15:14:21Z,2025-06-27T20:02:33Z,2026-08-06T15:19:10.327Z
9273,,incident,Falla XVI VERSA 1 Interlock Fault (16),Falla XVI VERSA 1 Interlock Fault (16),"Estimados,Se requiere revisión urgente del sistema XVI del VERSA 1, ya que durante CBCT para tratamiento de paciente aparece el interlock Fault(16). Equipo detenido.Saludos, Manuel.",urgent,closed,web,20254020292379,20254020292379,19579474867355,14741389938587,14481465021595,true,false,,offered,20427286020763,14481427110299,2025-06-19T20:22:34Z,2025-06-28T01:01:42Z,2026-08-06T15:19:10.327Z
9269,,incident,Conexión de Pc - Tablet de láseres CTSIM+ Sun Nuclear - Reposición de Router NetGear,Conexión de Pc - Tablet de láseres CTSIM+ Sun Nuclear - Reposición de Router NetGear,"**Estimada Romina,**

Se ha creado este ticket con el objetivo de realizar el seguimiento correspondiente a la vinculación entre la Tablet y el PC de calibración de láseres CTSIM+.
Durante la visita realizada el día de hoy, se brindó soporte al equipo de servicio en el proceso de calibración de los láseres. Además, se intentó establecer la comunicación entre la Tablet y el PC, conforme a las indicaciones del documento técnico entregado por Sun Nuclear para la configuración de red del sistema CTSIM+.
A continuación, detallo las acciones ejecutadas:


1. **Conectividad de red**:
Se solicitó al equipo de TI de la clínica habilitar el acceso a la red Wi-Fi para ambos dispositivos (PC y Tablet), cumpliendo con el primer requisito señalado por el documento de Sun Nuclear.
2. **Configuración de red**:
Se procedió a configurar ambos equipos con **dirección IP asignada automáticamente por DHCP**, sin establecer IPs estáticas. Este ajuste se realizó directamente en los adaptadores de red de ambos dispositivos.
3. **Modificación del archivo de configuración**:
Se editó el archivo `CTSimPlus.exe.config` en ambos equipos, reemplazando el valor del parámetro `ServiceIpAddress` con la IP correspondiente que cada equipo había obtenido en la red.
4. **Servicios del software**:
Se reiniciaron los servicios asociados a la aplicación CTSIM+ para aplicar los cambios realizados.
5. **Reinicio completo de ambos equipos**:
Se realizó un apagado completo y posterior encendido (""cold boot"") tanto del PC como de la Tablet para asegurar la correcta aplicación de la configuración y limpieza de posibles estados previos en la red.

A pesar de ejecutar el procedimiento en múltiples ocasiones, no se logró establecer la conexión entre la Tablet y el PC, persistiendo el **Error -61** (adjunta imagen como evidencia). Se destaca que **todos los pasos recomendados por Sun Nuclear fueron seguidos rigurosamente**.
Es importante señalar que **ambos dispositivos estaban conectados a la misma red Wi-Fi**, correspondiente a la infraestructura de red de la clínica. No obstante, se sospecha que el fallo en la conexión podría deberse a la asignación dinámica de IPs por parte del servidor DHCP, lo cual puede impedir la comunicación estable entre los dispositivos.

Según lo conversado en terreno, la recomendación original del fabricante indicaba el uso de un **router dedicado**, a través del cual se pudieran asignar **direcciones IP estáticas** a la Tablet y al PC. Este enfoque permitiría garantizar una comunicación directa punto a punto, sin interferencias externas ni cambios en las IPs.

Lamentablemente, por parte de CAS, no fue posible ubicar el **Router** dedicado que se habría utilizado anteriormente, y en vista de ello, se sugiere su **adquisición o reposición**, preferiblemente con el mismo modelo que fue extraviado, para así cumplir con las condiciones óptimas de red que requiere CTSIM+.

Quedamos atentos para coordinar una **nueva visita técnica**, idealmente una vez que se resuelva la disponibilidad del router o se disponga de una red dedicada que cumpla con los requisitos establecidos.

**MODELO DEL ROUTER : NET GEAR R6400 INALAMBRICO GIGABIT ETHERNET DOBLE BANDA (2.4 GHZ / 5 GHZ) 4G **",normal,closed,web,36182421530907,28818463039515,28818463039515,14741318546075,14481465021595,true,false,,good,20427286020763,14481427110299,2025-06-17T19:32:59Z,2025-06-29T13:01:44Z,2026-08-06T15:19:10.327Z
9184,,incident,interlock Dose Rate MON VERSA 2,interlock Dose Rate MON VERSA 2,"Estimados,

Se requiere ajustar la tasa de dosis de 6MV del VERSA 2, ya que los cortes por Dose Rate MON son mas frecuentes, haciendo que todos los tratamientos se alarguen y generando inconvenientes con el flujo de atención de pacientes.

Saludos,

Manuel.",urgent,closed,web,20254020292379,20254020292379,19579504854939,14741389938587,14481465021595,true,false,,offered,20427286020763,14481427110299,2025-05-08T20:56:40Z,2025-06-29T14:01:54Z,2026-08-06T15:19:10.327Z
9243,,incident,Tasa de dosis de electrones muy alta VERSA 2,Tasa de dosis de electrones muy alta VERSA 2,"Estimados, Se requiere revisión de la tasa de dosis de todas las energias de electrones del VERSA 2, porque están muy elevadas, por encima de 700UM/min. Saludos, Manuel.",high,closed,web,20254020292379,20254020292379,19579504854939,14741389938587,14481465021595,true,false,,offered,20427286020763,14481427110299,2025-06-05T13:47:26Z,2025-06-29T16:02:12Z,2026-08-06T15:19:10.327Z
9230,,incident,Revisión de integración iView-SunCHECK,Revisión de integración iView-SunCHECK,"Estimado Víctor:
Ante todo, un cordial saludo de mi parte.
Nos ponemos en contacto contigo porque hemos identificado que los controles de calidad de imagen generados en iView no se están cargando de manera automática en SunCHECK.
¿Podrías colaborarnos en revisar las posibles causas de este problema? Agradeceríamos tu apoyo para:

  1.
Verificar la configuración de la integración entre ambos sistemas.
  2.
Identificar si existe algún error en el flujo de datos.
  3.
Proponer una solución para garantizar el funcionamiento correcto.

Quedamos atentos a tus comentarios y disponibles para proporcionar cualquier información adicional que puedas requerir.
Agradecemos de antemano tu valiosa colaboración.
Saludos




[cid:653cae5e-c361-493a-8502-1c66e4b9243d]",normal,closed,email,26080969273499,26080969273499,14481448391451,14741543428379,14481465021595,true,false,,offered,20427286020763,14481427110299,2025-05-29T17:35:00Z,2025-06-29T16:02:12Z,2026-08-06T15:19:10.327Z
9161,,incident,Falla CBCT VERSA 2,Falla CBCT VERSA 2,"Estimados, Se presenta falla en equipo Versa 2 al realizar CBCT. Aviso: ""Generator not ready or in Fault condition"". Saludos, Manuel Castrillón.",normal,closed,web,20254020292379,20254020292379,19579504854939,14741389938587,14481465021595,true,false,,offered,20427286020763,14481427110299,2025-04-29T13:06:42Z,2025-06-29T16:02:13Z,2026-08-06T15:19:10.327Z
9149,,incident,Falla filtro F0 VERSA 2,Falla filtro F0 VERSA 2,"Estimados,

El equipo VERSA 2 no reconoce el filtro F0 y no se pueden realizar imágenes usando este filtro. Se requiere revisión.

Saludos,

Manuel.",normal,closed,web,20254020292379,20254020292379,19579504854939,14741389938587,14481465021595,true,false,,offered,20427286020763,14481427110299,2025-04-25T13:33:25Z,2025-06-29T16:02:13Z,2026-08-06T15:19:10.327Z
9279,,incident,Retroiluminado no funciona,Retroiluminado no funciona,"El paisaje debiera ser de un cielo azul bonito pero esta de noche.
Favor revisar.

JL",low,closed,email,26080982926747,26080982926747,19579468718875,14741543428379,14481465021595,true,false,,offered,20427286020763,14481427110299,2025-06-23T17:36:12Z,2025-06-29T17:01:53Z,2026-08-06T15:19:10.327Z
9274,,incident,Maquina no inicia,Maquina no inicia,"Maquina no inicia
Se reinicio todo lo reiniciable

Saludos.

JL",high,closed,email,26080982926747,26080982926747,19579468718875,14741543428379,14481465021595,true,false,,offered,20427286020763,14481427110299,2025-06-23T10:09:49Z,2025-06-29T17:01:53Z,2026-08-06T15:19:10.327Z
9282,,incident,falla audio bidireccional en sala de bunker,falla audio bidireccional en sala de bunker,El audio bidireccional del bunker del acelerador no funciona. No se escucha al paciente.,urgent,closed,web,20254050947483,20254050947483,31525538040603,14741593614363,14481465021595,true,false,,offered,20427286020763,14481427110299,2025-06-24T12:28:27Z,2025-06-30T19:02:00Z,2026-08-06T15:19:10.327Z
307,,incident,Ticket #687997 Falla en señal de imagen ABC,Ticket #687997 Falla en señal de imagen ABC,"Buenas Estimados/as

Nos complace anunciar que hemos iniciado oficialmente el proceso de **migración de nuestra plataforma Osticket a Zendesk**. Esta transición es parte de nuestros esfuerzos continuos para mejorar la eficiencia, la seguridad y la experiencia del usuario.

Se dejarán los mensajes, documentos y registros de los tickets abierto en Osticket, para que se pueda continuar con el seguimiento de los casos en Zendesk.

* * *

**Manuel Castrillon** publicado 22/may./2024 14:33
Buen dia,
ABC no muestra imagen en el monitor. Despues de reiniciar varias veces y reconectar todos los cables, sigue sin funcionar.
saludos.",normal,closed,web,20254020292379,15768454754715,22968357015195,14741389938587,14481465021595,true,false,,offered,20427286020763,14481427110299,2024-07-15T16:49:53Z,2025-06-30T20:02:09Z,2026-08-06T15:19:10.327Z
9314,,incident,paciente orina en equipo - equipo detenido,paciente orina en equipo - equipo detenido,El paciente se orino en el equipo. se apago equipo. Se espera su atención cuanto antes. Equipo detenido.,urgent,closed,web,20254050947483,20254050947483,31525538040603,14741593614363,14481465021595,true,false,,offered,20427286020763,14481427110299,2025-07-01T19:02:56Z,2025-07-06T00:01:35Z,2026-08-06T15:19:10.327Z
9321,,incident,Mosaiq del Secuencer no se conecta al XVI,Mosaiq del Secuencer no se conecta al XVI,Mosaiq del Secuencer no se conecta al XVI,urgent,closed,web,20254050947739,20254050947739,22968357015195,14741593614363,14481465021595,true,false,,offered,20427286020763,14481427110299,2025-07-04T14:42:46Z,2025-07-08T16:03:08Z,2026-08-06T15:19:10.327Z
9263,,incident,Optimización perfil del haz 10FFF,Optimización perfil del haz 10FFF,"Estimados, buenas noches

Espero que estén bien, les escribo para solicitar una optimización del haz de 10FFF ya que en el control mensual vimos que la simetría del perfil en dirección Y está fuera de tolerancia.

Quedamos atentos a su respuesta.

Saludos cordiales",high,closed,web,20254050953243,20254050953243,19579474867355,20265216319003,14481465021595,true,false,,offered,20427286020763,14481427110299,2025-06-12T23:26:54Z,2025-07-11T16:02:26Z,2026-08-06T15:19:10.327Z
9173,,incident,Verificación de flexmaps,Verificación de flexmaps,"Estimados,

De acuerdo a lo conversado, nos vemos hoy a las 15:30.

Saludos,

Nathalie",high,closed,web,20254050952987,20254050952987,27816237178267,20265216319003,14481465021595,true,false,,offered,20427286020763,14481427110299,2025-05-02T17:28:09Z,2025-07-11T16:02:27Z,2026-08-06T15:19:10.327Z
9248,,incident,Interlock Target chk infintiy,Interlock Target chk infintiy,Equipo infinity con Target chk,urgent,closed,web,20254050952603,20254050952603,19579474867355,14741297259931,14481465021595,true,false,,offered,20427286020763,14481427110299,2025-06-09T15:35:52Z,2025-07-11T17:02:36Z,2026-08-06T15:19:10.327Z
9307,,incident,Suragility inoperativo,Suragility inoperativo,Se reporta suragility inoperativo por falla en fuente de poder,urgent,closed,web,36182421530907,36182421530907,20210900681499,14741318546075,14481465021595,true,false,,offered,20427286020763,14481427110299,2025-07-01T00:27:07Z,2025-07-11T18:03:07Z,2026-08-06T15:19:10.327Z
9324,,incident,Mosaiq 27,Mosaiq 27,"Estimados,
Posterior a haberse instalado office por parte del hospital en mosaiq 27, necesitamos que instalen citrix y otros programas necesarios para que quede operativa la estacion.

Quedamos atentos, saludos,

JL",low,closed,email,26080982926747,26080982926747,14481448391451,14741543428379,14481465021595,true,false,,offered,20427286020763,14481427110299,2025-07-07T12:58:02Z,2025-07-12T15:02:08Z,2026-08-06T15:19:10.327Z
9310,,incident,Perno Gantry,Perno Gantry,"Estimados buenos días.

Informo que durante se realizaba giro del gantry se cayó un perno que desconocemos de que parte proviene, adjunto fotografías, hasta el minuto el sistema esta operando sin interlocks. Igualmente solicitamos puedan revisar , tenemos disponibilidad para trabajos a las 14:30h.

Quedo atento a sus comentarios.

Saludos cordiales.",high,closed,web,20254020297371,20254020297371,19579474867355,14740499786395,14481465021595,true,false,,offered,20427286020763,14481427110299,2025-07-01T16:00:07Z,2025-07-13T14:01:52Z,2026-08-06T15:19:10.327Z
9308,,incident,Alineamiento de Laser ,Alineamiento de Laser ,"Estimado Carlos, buenos días.

Por favor solicitamos asistencia para realizar alineamiento de los laser del Synergy, se observa una desviación  de aproximadamente 2 mm (fuera de tolerancia clínica).

Quedamos atentos.



Saludos cordiales.",high,closed,web,20254020297371,20254020297371,19579474867355,14740499786395,14481465021595,true,false,,offered,20427286020763,14481427110299,2025-07-01T12:42:34Z,2025-07-13T14:01:53Z,2026-08-06T15:19:10.327Z
9339,,incident,"RATM falla interface, tolerancia mesa","RATM falla interface, tolerancia mesa",falla con mesa interfaz RATM y tolerancia . Equipo detenido.,urgent,closed,web,20254050947483,20254050947483,19579474867355,14741593614363,14481465021595,true,false,,offered,20427286020763,14481427110299,2025-07-09T22:33:28Z,2025-07-14T15:03:14Z,2026-08-06T15:19:10.327Z
9297,,incident,Falla Table-Long que requiere recalibrar los potenciometros (ver hoy de 12:30 a 13:30),Falla Table-Long que requiere recalibrar los potenciometros (ver hoy de 12:30 a 13:30),"Esta fallando aleatoriamente y cada vez frecuente el interlock ""Table-Long"", indicando que requiere recalibrar los potenciómetros. Por favor atender hoy desde 12:30 a 13:30 horas, ya que en esta hora el Infinity estará disponible. Se adjunta fotografía de la falla. Muchas Gracias.",urgent,closed,web,20254050947483,20254050947483,20210900681499,14741593614363,14481465021595,true,false,,offered,20427286020763,14481427110299,2025-06-27T13:30:27Z,2025-07-14T15:03:14Z,2026-08-06T15:19:10.327Z
9246,,incident,Interlock coll.movng,Interlock coll.movng,Interlock coll.movng no deja cargar campos de tratamiento,urgent,closed,web,20254050952603,20254050952603,19579474867355,14741297259931,14481465021595,true,false,,offered,20427286020763,14481427110299,2025-06-09T11:59:55Z,2025-07-14T15:03:14Z,2026-08-06T15:19:10.327Z
9237,,incident,Solicitud de Cambio de MP Versa Clinica San Carlos,Solicitud de Cambio de MP Versa Clinica San Carlos,"Estimado Carlos, junto con saludarte tal como conversamos por whatsapp por favor ver la posibilidad de cambiar la MP del Versa en SCA del 27/06 al 04/07.

Quedare atento.

Saludos.",normal,closed,web,20254050952347,20254050952347,19579474867355,20265216319003,14481465021595,true,false,,offered,20427286020763,14481427110299,2025-06-03T11:53:21Z,2025-07-14T15:03:15Z,2026-08-06T15:19:10.327Z
9211,,incident,Hump Err en el Infinity para 6 MV ,Hump Err en el Infinity para 6 MV ,"Estimados,

Buenos días, comenzando la jornada nos han informado que en varias ocasiones sale el hump error en el infinity para 6 MV si lo puede chequear por favor.",high,closed,web,20254050952475,20254050952475,19579474867355,14741297259931,14481465021595,true,false,,offered,20427286020763,14481427110299,2025-05-19T12:47:14Z,2025-07-14T15:03:15Z,2026-08-06T15:19:10.327Z
9333,,incident,Se solicita cambio de micrófono,Se solicita cambio de micrófono,Se solicita cambio de micrófono en equipo Suragility ya que el actual se encuentra roto (se adjunta imagen),normal,closed,web,36182421530907,36182421530907,19579474867355,14741318546075,14481465021595,true,false,,offered,20427286020763,14481427110299,2025-07-08T17:28:14Z,2025-07-18T18:02:11Z,2026-08-06T15:19:10.327Z
9328,,incident,FCO Iview/Xvi,FCO Iview/Xvi,"Estimados buenas tardes.

Se crea ticket por FCO cambio de fuentes de poder Iview/XVi.



Saludos cordiales.",normal,closed,web,20254020297371,20254020297371,19579474867355,14740499786395,14481465021595,true,false,,offered,20427286020763,14481427110299,2025-07-07T22:24:28Z,2025-07-18T18:02:12Z,2026-08-06T15:19:10.327Z
9315,,incident,Fallo reference reflector colimador,Fallo reference reflector colimador,"Estimados,

Junto con saludar, informo falla de reflector de referencia del colimador, lo que impide conformar campos de tratamientos, y por ende el equipo no está operativo. Agradecería su ayuda al respecto.

Un saludo.",urgent,closed,web,36797767752731,36797767752731,20210900681499,14741389938587,14481465021595,true,false,,offered,20427286020763,14481427110299,2025-07-01T21:43:48Z,2025-07-18T18:02:12Z,2026-08-06T15:19:10.327Z
9288,,incident,Falla reflector MLC VERSA 1,Falla reflector MLC VERSA 1,"Estimados, Se requiere visita urgente por falla MLC del Versa 1. Equipo detenido. Saludos, Manuel.",urgent,closed,web,20254020292379,20254020292379,20210900681499,14741389938587,14481465021595,true,false,,offered,20427286020763,14481427110299,2025-06-25T15:22:57Z,2025-07-18T18:02:13Z,2026-08-06T15:19:10.327Z
9348,,incident,MOSAIQ pc del tac,MOSAIQ pc del tac,"Estimados,

 

Favor validar office instalado en pc del tac, e instalar mosaiq.

Quedamos atentos.

 

Saludos cordiales,

 

Juan Carlos Leal Chandía

Físico Médico – Unidad de Radioterapia

Hospital Clínico Magallanes

juancarlos.lealc@redsalud.gov.cl",low,closed,email,26080982926747,26080982926747,14481448391451,14741543428379,14481465021595,true,false,,offered,20427286020763,14481427110299,2025-07-11T16:51:25Z,2025-07-18T19:02:33Z,2026-08-06T15:19:10.327Z
9354,,incident,Interlock system on,Interlock system on,"Siendo las 16:10 equipo presenta Interlock  System on. Posterior a un tratamiento de un paciente. Ingeniero Roberto justo estaba en terreno, por lo que se le informa de inmediato",normal,closed,email,26080969273499,26080969273499,19579468718875,14741543428379,14481465021595,true,false,,offered,20427286020763,14481427110299,2025-07-14T19:25:12Z,2025-07-19T00:02:11Z,2026-08-06T15:19:10.327Z
9353,,incident,Instalación citrix,Instalación citrix,"Buenas tardes,

Quisiera solicitar la instalación de citrix en estación Mónaco03 y pc en sala de control de tac


Gracias

[signatureImage]",normal,closed,email,26132276827035,26132276827035,14481448391451,14741543428379,14481465021595,true,false,,good,20427286020763,14481427110299,2025-07-14T17:39:00Z,2025-07-19T12:01:27Z,2026-08-06T15:19:10.327Z
9301,,incident,Dosecheck no registra fracción cero,Dosecheck no registra fracción cero,"Estimado Víctor. En horas de la tarde se realizó medición de paciente para adquirir fracción cero. El software no realizó registro.  Se reiniciaron servicios, sin resultados.


Quedamos atentos, saludos

Enrique

Obtener Outlook para Android<https://aka.ms/AAb9ysg>",normal,closed,email,26080969273499,26080969273499,14481448391451,14741543428379,14481465021595,true,false,,offered,20427286020763,14481427110299,2025-06-27T17:41:45Z,2025-07-25T12:01:35Z,2026-08-06T15:19:10.327Z
9224,,incident,Capacitacion Simmetry,Capacitacion Simmetry,"Estimados
Junto con saludar, en la capacitacion que nos hizo Elekta no se integró o no se realizó la capacitación del Simmetry. Quisieramos consultar posibilidad de realizar esta capacitación ?
En la ultima visita, Christian Young nos comentó que podría ser posible que la realice FM Ricardo Ruggeri, esto podria ser?

Gracias
Saludos

[cid:f526e0b6-e6e8-4574-aea9-0ea64969b036]",low,closed,email,26080969312027,26080969312027,14481448391451,14741543428379,14481465021595,true,false,,offered,20427286020763,14481427110299,2025-05-27T11:40:41Z,2025-07-25T12:01:36Z,2026-08-06T15:19:10.327Z
9365,,incident,Problemas camilla equipo Infinity,Problemas camilla equipo Infinity,"Buenos dias,

El equipo Infinity presenta una falla en la camilla. No ha sido posible iniciarlo ni realizar ningún tipo de movimiento. El equipo se encuentra detenido.",urgent,closed,web,35063016361243,35063016361243,19579474867355,14741593614363,14481465021595,true,false,,offered,20427286020763,14481427110299,2025-07-18T12:00:00Z,2025-07-25T16:02:46Z,2026-08-06T15:19:10.327Z
9361,,incident,falla Gantry - Stop fuera de tolerancia y ruido anormal en gantry,falla Gantry - Stop fuera de tolerancia y ruido anormal en gantry,"Estimados EyG, el Infinity presenta falla aleatoria Gantry-Stop, (fuera de tolerancia) en arcos VMAT que interrumpe practicamente todos los tratamientos, ademas se escucha un ruido anormal mientras rota el gantry. Se solicita atencion urgente mañana jueves 17 de julio a primera hora para corregir este problema que afecta tambien la posibilidad de efectuar los controles de QA de  paciente especifico.",urgent,closed,web,20254050947483,20254050947483,19579474867355,14741593614363,14481465021595,true,false,,offered,20427286020763,14481427110299,2025-07-17T02:25:37Z,2025-07-25T16:02:47Z,2026-08-06T15:19:10.327Z
9281,,incident,Rotura gancho handheld hexapod 2,Rotura gancho handheld hexapod 2,"Hola

Nuevamente se rompió el gancho del handheld de la hexapod. El gancho es muy fino y se volverá a romper. Solicito cambiar a modelo más robusto si es posible.

Saludos",normal,closed,web,20254020299291,20254020299291,27816237178267,14741597726619,14481465021595,true,false,,offered,20427286020763,14481427110299,2025-06-24T12:26:20Z,2025-07-25T16:02:51Z,2026-08-06T15:19:10.327Z
9261,,incident,Interlock Table Clutch,Interlock Table Clutch,"Estimados, buenos días.

Les escribo porque nos ha pasado con cierta frecuencia que el equipo arroja interlock de Table Clutch el cual impide mover el gantry pero se soluciona movimiento la camilla en cualquiera de sus direcciones.

Tienen alguna idea de porque sucede esto?

Quedamos atentos.

Muchas gracias.",high,closed,web,20254050952987,20254050952987,27816237178267,20265216319003,14481465021595,true,false,,offered,20427286020763,14481427110299,2025-06-12T16:03:49Z,2025-07-25T18:02:57Z,2026-08-06T15:19:10.327Z
8993,,incident,Apagado del equipo inesperado,Apagado del equipo inesperado,"Hoy en la mañana, el equipo se apagó repentinamente, interrumpiendo el tratamiento de un paciente. Ayer ocurrió un incidente similar, en el que apareció una advertencia indicando que el equipo estaba funcionando con la energía de la UPS, otorgando un plazo de 8 minutos para completar el procedimiento en curso antes de apagarse. Sin embargo, en esta ocasión, el apagado fue inmediato, sin previo aviso, lo que impidió tomar medidas para finalizar o cancelar el tratamiento de manera adecuada. Este problema ha ocurrido en múltiples ocasiones.",urgent,closed,web,20254050949787,20254050949787,14734559344539,14741593614363,14481465021595,true,false,,offered,20427286020763,14481427110299,2025-03-05T13:48:11Z,2025-08-01T19:02:21Z,2026-08-06T15:19:10.327Z
9356,,incident,MP 18/07/25,MP 18/07/25,"Estimados buenas tardes.

Para recordarles que tenemos programado el MP de julio para el viernes 18/07 desde las 14:00h.

Saludos cordiales.",normal,closed,web,20254020297371,20254020297371,19579474867355,14740499786395,14481465021595,true,false,,offered,20427286020763,14481427110299,2025-07-15T15:50:22Z,2025-08-02T15:01:50Z,2026-08-06T15:19:10.327Z
9405,,incident,Computador dra duran,Computador dra duran,"Estimados
El computador de dra duran aún no está funcionando como corresponde y no se logra conectar. Se puede entregar otro PC ?

Saludos

Dra. Evelyn San Martin M
Oncóloga Radioterapeuta
Jefe Servicio Oncología
Hospital Clínico Magallanes",,closed,email,26080969312027,26080969312027,14481448391451,14741543428379,14481465021595,true,false,,unoffered,20427286020763,14481427110299,2025-08-01T16:10:32Z,2025-08-04T14:43:23Z,2026-08-06T15:19:10.327Z
9364,,incident,Prueba de frotado//Flexitron,Prueba de frotado//Flexitron,"Estimado Gonzalo.

Buenas tardes, te informo que el procedimiento de la  prueba de frotado en el flexitron a caducado (adjunto fotografía). Solicitamos nos puedan asistir para realizar este procedimiento en conjunto con física medica.

Tenemos disponibilidad para trabajos el día martes 22/07  o jueves 24/07 desde las 14:00h.

Quedo atento a tu confirmación de fecha.

Saludos cordiales.

CMC",normal,closed,web,20254020297371,20254020297371,19579487161371,14740499786395,14481465021595,true,false,,offered,34266025952155,14481427110299,2025-07-17T18:41:57Z,2025-08-04T21:02:36Z,2026-08-06T15:19:10.327Z
9403,,incident,Problemas con XVI versa HD,Problemas con XVI versa HD,"Se trataron de hacer pruebas de imágenes en el Versa y el equipo no logra seguir los parámetros seteados en XVI, además encontramos discordancia de parámetros geométricos en los monitores",high,closed,web,36182421530907,36182421530907,27816237178267,14741318546075,14481465021595,true,false,,offered,20427286020763,14481427110299,2025-08-01T13:14:19Z,2025-08-05T17:03:36Z,2026-08-06T15:19:10.327Z
9401,,incident,Problemas en Conebeam Versa HD,Problemas en Conebeam Versa HD,Se solicita asistencia para revisión de Conebeam de Versa HD ya que no responde a configuración,high,closed,web,36182421530907,36182421530907,27816237178267,14741318546075,14481465021595,true,false,,offered,20427286020763,14481427110299,2025-08-01T13:03:05Z,2025-08-05T17:03:36Z,2026-08-06T15:19:10.327Z
9378,,incident,"Problema con Suncheck, se solicita asistencia URGENTE.","Problema con Suncheck, se solicita asistencia URGENTE.","Estimad@s,

El dia de ayer se presento problemas para procesar la información de una paciente en SunCheck. La paciente 15.677.401-4 presenta problemas al ser importada a SunCheck para su calculo independiente de UM.
Entre las medidas adoptadas estuvo: borrar paciente para exportar nuevamente, repetir el proceso post reinicio del servidor, repetir proceso al dia de hoy, pero no se obtuvo resultados.
Se solicita asistencia inmediata, paciente inicia hoy tratamiento.",urgent,closed,web,35063014974875,35063014974875,14734559344539,14741593614363,14481465021595,true,false,,offered,20427286020763,14481427110299,2025-07-23T14:46:08Z,2025-08-12T18:02:59Z,2026-08-06T15:19:10.327Z
9153,,incident,Computador iView,Computador iView,Computador del iView no enciende. Indica error en el disco,high,closed,web,20254020298267,20254020298267,19579504854939,14740499786395,14481465021595,true,false,,offered,20427286020763,14481427110299,2025-04-25T21:23:32Z,2025-08-12T18:03:00Z,2026-08-06T15:19:10.327Z
9419,,incident,Ruido de algo suelto en gantry VERSA 1,Ruido de algo suelto en gantry VERSA 1,"Estimados,

Se requiere revision en el gantry del VERSA 1 por ruido de ""algo"" que cae al girar el gantry hacia ambos lados.

Saludos,

Manuel.",normal,closed,web,20254020292379,20254020292379,19579474867355,14741389938587,14481465021595,true,false,,offered,20427286020763,14481427110299,2025-08-06T13:02:30Z,2025-08-17T14:02:01Z,2026-08-06T15:19:10.327Z
9448,,incident,Falla intermitente en adquisición de imágenes CBCT (XVI),Falla intermitente en adquisición de imágenes CBCT (XVI),"Estimados,

Durante la adquisición de imágenes CBCT, el sistema presenta de forma intermitente el siguiente mensaje de error:

""The reconstruction did not complete correctly. XVI will not save the results""

""Scan terminated: Gantry Rotation Stopped
This can decrease the reconstruction quality, and it can be necessary to adquire the image again""

Esto interrumpe el proceso (“corta el disparo”) y me obliga a reprogramar nuevamente la adquisición del CBCT.

El problema se presentó en dos ocasiones el día de ayer y hoy ha sido más recurrente. Solicito por favor se revise el sistema a la mayor brevedad posible para identificar la causa y evitar irradiaciones adicionales innecesarias a los pacientes durante la obtención de imágenes de posicionamiento CBCT.

Adjunto mensajes de XVI

Quedo atento a sus comentarios.

Saludos cordiales,

Sebastián Flores Acuña
TM Radioterapia HCM
IMG_6537.jpeg
IMG_6535.jpeg
IMG_6536.jpeg",,closed,email,40109334283675,14481448391451,14481448391451,14741543428379,14481465021595,true,false,,unoffered,20427286020763,14481427110299,2025-08-18T15:29:26Z,2025-08-18T15:32:50Z,2026-08-06T15:19:10.327Z
9285,,incident,Inundación Compact,Inundación Compact," El dia lunes 16 de junio, se evidencia inundación de fosa de camilla por fuga de agua originada en manguera de refrigeracion de cabezal del equipo.",high,closed,web,20254050950939,20254050950939,19579486425499,14742056643483,14481465021595,true,false,,offered,20427286020763,14481427110299,2025-06-24T16:14:01Z,2025-08-18T16:02:31Z,2026-08-06T15:19:10.327Z
9413,,incident,Pin iView afuera de su posición,Pin iView afuera de su posición,"Estimados, tengo equipo detenido porque el pin del iview no está en su posición.

Quedo atento a su respuesta.

Saludos",urgent,closed,web,20254050953243,20254050953243,19579474867355,20265216319003,14481465021595,true,false,,offered,20427286020763,14481427110299,2025-08-04T23:16:30Z,2025-08-18T21:02:36Z,2026-08-06T15:19:10.327Z
9157,,incident,INTERLOCK PRESS GAS EN EL INFINITY,INTERLOCK PRESS GAS EN EL INFINITY,"Estimados,

Buenos días, nos ha dado recurrente el interlock de press gas en el Infinity, ya esto fue solucionado el 17 de abril por el ingeniero Carlos y él nos mostró como rellenar el equipo con el gas y que no debería volver ocurrir ya que es un sistema automático, pero ha ocurrido un par de veces más y no sabemos si se debe a una fuga o algún sistema que esta fallando. Si lo puede verificar por favor",high,closed,web,20254050952475,20254050952475,19579474867355,14741297259931,14481465021595,true,false,,offered,20427286020763,14481427110299,2025-04-28T15:04:20Z,2025-08-18T21:02:36Z,2026-08-06T15:19:10.327Z
9451,,incident,Intermitencia de operación del Suargility,Intermitencia de operación del Suargility,Se requiere asistencia para monitorear el comportamiento del equipo Suragility ya que presenta intermitencia en su operación.,high,closed,web,20254011642523,20254011642523,31525538040603,14741318546075,14481465021595,true,false,,offered,20427286020763,14481427110299,2025-08-19T12:51:40Z,2025-08-26T17:02:14Z,2026-08-06T15:19:10.327Z
9444,,incident,Dose rate mon,Dose rate mon,"Estimados,

Tenemos Interlock de dose rate mon para 6 MV

Quedamos atentos.

Saludos,

Nathalie",high,closed,web,20254050952987,20254050952987,31525538040603,20265216319003,14481465021595,true,false,,offered,20427286020763,14481427110299,2025-08-14T21:41:42Z,2025-08-26T17:02:14Z,2026-08-06T15:19:10.327Z
9376,,incident,Computador dra duran malo,Computador dra duran malo,"Estimado
Junto con saludar informo que el PC de dea duran no prende. Y cuando logra prender aparece una pantalla azul.

Se podrá revisar con urgencia?
Saludos

Dra. Evelyn San Martin M
Oncóloga Radioterapeuta
Jefe Servicio Oncología
Hospital Clínico Magallanes",high,closed,email,26080969312027,26080969312027,14481448391451,14741543428379,14481465021595,true,false,,offered,20427286020763,14481427110299,2025-07-22T14:01:44Z,2025-08-29T13:02:56Z,2026-08-06T15:19:10.327Z
9468,,incident,Falla en panel iview,Falla en panel iview,"Falla en panel iview, presenta ruido de alarma",high,closed,web,36182421530907,36182421530907,19579504854939,14741318546075,14481465021595,true,false,,offered,20427286020763,14481427110299,2025-08-26T16:59:54Z,2025-08-30T18:01:57Z,2026-08-06T15:19:10.327Z
9461,,incident,Desplazamiento de Tablero Principal del Detector de Area Ludlum - Braquiterapia,Desplazamiento de Tablero Principal del Detector de Area Ludlum - Braquiterapia,"Estimados:

Junto con saludar. Por medio de la presente se solicita apoyo de Ingeniero de Servicio Tecnico para realizar desplazamiento de Tablero Principal del Detector de Area Ludlum - Braquiterapia, instalado al lado del ingreso al bunker de Braquiterapia de la sede Oncorad-Bahamondes.

En la imagen adjunta se indica la dirección del desplazamiento del Tablero Principal.

Saludos.

Andrés Aracena",low,closed,web,20254050950939,20254050950939,19579486425499,14742056643483,14481465021595,true,false,,offered,34266025952155,14481427110299,2025-08-22T16:23:17Z,2025-08-31T14:02:03Z,2026-08-06T15:19:10.327Z
9410,,incident,Falla CL02,Falla CL02,"Equipo presenta fallas en el sistema XVI, no logra realizar el calentamiento ni permite realizar reset. equipo identifica una puerta como abierta, persistiendo el error posterior a la revisión de las mismas (incluyendo puertas de servicio y sus respectivos contactos) se adjuntan imágenes de los inhibits que se presentan en conjunto al error.",urgent,closed,web,35063014974875,35063014974875,19579474867355,14741593614363,14481465021595,true,false,,offered,20427286020763,14481427110299,2025-08-04T12:25:21Z,2025-09-02T14:03:19Z,2026-08-06T15:19:10.327Z
9258,,incident,Falla en reposicionamiento XVI,Falla en reposicionamiento XVI,Se encuentra una desviaci[on de aproximadamente 2 milimetros en el reposicionamiento con el sistema XVI,high,closed,web,20254050947739,20254050947739,19579474867355,14741593614363,14481465021595,true,false,,offered,20427286020763,14481427110299,2025-06-11T20:04:33Z,2025-09-02T14:03:20Z,2026-08-06T15:19:10.327Z
9414,,incident,reparación de la mesa consola requiere desconexión/retiro monitores de Elekta Infinity,reparación de la mesa consola requiere desconexión/retiro monitores de Elekta Infinity,"Estimados Soporte EyG,

Debido a la programación del trabajo de reparación urgente de la mesa de la consola del Elekta Infinity para el día sábado 9 de agosto, se solicita su gentil ayuda para que el día viernes 8 de agosto, al termino de la jornada de tratamientos (aprox 6 a 7 pm), por favor **se desconecte y retire los monitores y equipos del acelerador Infinity** que están sobre esta mesa de la consola de comando para permitir que se pueda efectuar correctamente esta reparación programada para el día sábado de esta semana.

De igual forma solicitamos su gentil ayuda con **volver a instalar/conectar los monitores y equipos en su lugar** sobre la mesa reparada posterior a la reparación de esta (esta reinstalación puede ser durante el domingo 10 de agosto en la hora que mas les acomode). De esta forma y con su gentil ayuda se podrá tener operativo el CL02 Infinity el día lunes 11 de agosto desde primera hora y así evitar interrumpir los tratamientos por este trabajo de reparación de la mesa de la consola.

Nota: Adjunto imagen que muestra mesa que será reparada y encerrados en color rojo los monitores y equipos del Infinity que se solicita desconectar/conectar, retirar y volver a instalar.",normal,closed,web,20254050947483,20254050947483,14734559344539,14741593614363,14481465021595,true,false,,offered,20427286020763,14481427110299,2025-08-04T23:16:36Z,2025-09-05T15:02:46Z,2026-08-06T15:19:10.327Z
9435,,incident,Procedimiento para aumentar presion de SF6,Procedimiento para aumentar presion de SF6,"el acelerador de INRAD Electa Compact se encuentra operando a presión de SF6 bajo lo recomendado, y se cuenta con un cilindro del gas. Sin embargo, no se cuenta con un instructivo para el correcto relleno del gas. Favor informar para no causar problemas en el proceso.",normal,closed,web,38368479928987,38368479928987,19579487161371,14742026913435,14481465021595,true,false,,offered,20427286020763,14481427110299,2025-08-12T15:50:42Z,2025-09-08T16:02:25Z,2026-08-06T15:19:10.327Z
9442,,incident,Alta frecuencia de falla MLC VERSA 1,Alta frecuencia de falla MLC VERSA 1,"Estimados, Se requiere revisión del MLC del Versa 1 por alta frecuencia de interlock Reflector Reference y MLC Reset Required, llevando a reiniciar el acelerador por completo varias veces durante el día para continuar con los tratamientos. Saludos, Manuel.",high,closed,web,20254020292379,20254020292379,19579474867355,14741389938587,14481465021595,true,false,,offered,20427286020763,14481427110299,2025-08-14T20:26:27Z,2025-09-08T21:02:50Z,2026-08-06T15:19:10.327Z
9500,,incident,Problemas en ASU,Problemas en ASU,"Al momento de enviar el ASU luego de posicionar al paciente, el equipo se desconecta y no permite ejecutarlo automáticamente y se requiere movimiento de cada parámetro manualmente. ASU luego de CBCT lo ejecuta correctamente.",high,closed,web,36182421530907,36182421530907,19579504854939,14741318546075,14481465021595,true,false,,offered,20427286020763,14481427110299,2025-09-05T18:02:02Z,2025-09-09T20:02:55Z,2026-08-06T15:19:10.327Z
9499,,incident,Problemas en Conebeam Versa HD,Problemas en Conebeam Versa HD,"El tubo de rayos X al momento de sacarse para tomar CBCT aparece en aparente correcta posición, pero al girar el equipo a 180° para iniciar el CBCT el tubo se desconecta y debemos entrar a la máquina a moverlo nuevamente.",high,closed,web,36182421530907,36182421530907,19579504854939,14741318546075,14481465021595,true,false,,offered,20427286020763,14481427110299,2025-09-05T18:00:39Z,2025-09-09T20:02:55Z,2026-08-06T15:19:10.327Z
9372,,incident,Equipo se apaga sorpresivamente,Equipo se apaga sorpresivamente,"Hola

La unidad TCS-RT se encontró apagada hoy. Se prendió y se continuó con los controles diarios pero durante la ejecución de estos, esta unidad volvió a apagarse. Al revisar el rack, se encontró que todas las entradas de ventilación estaban obstruidas por polvo y pelusas. Se limpiaron y se reinició el TCS-RT. Se concluyeron los controles diarios.

Por favor incluir limpieza del rack en todas las visitas al centro por favor.

Saludos",normal,closed,web,20254020299291,20254020299291,14734559344539,14741597726619,14481465021595,true,false,,offered,20427286020763,14481427110299,2025-07-21T12:53:27Z,2025-09-11T15:03:02Z,2026-08-06T15:19:10.327Z
9142,,incident,Solicitud Arreglo de cables de acelerador,Solicitud Arreglo de cables de acelerador,"Estimados,

Junto con saludar, se solicita un arreglo de la disposición de los cables del acelerador en la sala de comando. Según lo indicado en el reporte del ticket 3016 _""Varios cables no logran encajar correctamente en sus respectivos conectores, ya que los seguros no permiten que se sujeten de manera adecuada"" ""Lo recomendable seria, peinar todo el moño de cables que hay en esa sala, y reemplazar los conectores de los cables RJ45. para asegurar que no se salgan""._

La disposición de cables actual no permite realizar los arreglos en la sala de comando solicitados por Seremi, y además peligra su integridad al quedar en una posición de tránsito continuo. Se adjunta imagen de disposición actual de los cables.

Gracias y quedo atenta,

Marianela",high,closed,web,20254050946715,20254050946715,14734559344539,14742026913435,14481465021595,true,false,,offered,20427286020763,14481427110299,2025-04-23T14:15:15Z,2025-09-11T15:03:03Z,2026-08-06T15:19:10.327Z
8905,,incident,Falla de Arccheck,Falla de Arccheck,"Se aprecia falla de ArcCHECK utilizado en sede norte, SN265578006. Al enchufarlo comienza a parpadear las luces A y B de PDI de manera intercalada, luego estas quedan encendidas fijas. Posteriormente se encienden las luces rotational y tilt del Nivel, y simultaneamente comienza a parpadear las luces A y B de PDI de manera acelerada. Al abrir software SNC Patient arroja un warning A supported SNC Device not found on any port.",urgent,closed,web,20254050949787,20254050949787,14481448391451,14741593614363,14481465021595,true,false,,offered,20427286020763,14481427110299,2025-01-28T12:20:31Z,2025-09-11T15:03:04Z,2026-08-06T15:19:10.327Z
9480,,incident,Cambio de Hora equipos APOTECA.,Cambio de Hora equipos APOTECA.,"Estimada Srta. Marisol, muy buenas tardes.

Junto con saludar, la apertura de este Ticket, es para coordinar el cambio de hora los equipos perteneciente a Apoteca (Apoteca Chemo, PS 1, 2, 3 y 4, Servidor Apoteca)

Para ello, necesitaremos un espacio de tiempo, en donde no se utilicen los equipos el día Sábado 06/09, en la tarde, entre las 17:30 y 18:30 hrs.

Por favor comentarnos si es posible esta disponibilidad.

Cordiales,",low,closed,web,20254020295195,20238696308635,14734559344539,15484666348187,14481465021595,true,false,,offered,22951460465819,14481427110299,2025-09-01T21:25:20Z,2025-09-12T19:02:32Z,2026-08-06T15:19:10.327Z
9447,,incident,RE: Falla intermitente en adquisición de imágenes CBCT (XVI),RE: Falla intermitente en adquisición de imágenes CBCT (XVI),"Estimados


Hoy se ha presentado nuevamente problemas con el XVI, cortándose el disparo en el proceso de adquisición de la imagen CBCT.  Adicionándose interlock en ocasiones de:  ""kV Panel Lateral Fault""

Enrique
________________________________
De: Sebastián Flores Acuña <sebastian.flores@redsalud.gob.cl>
Enviado: jueves, 14 de agosto de 2025 10:38
Para: soporte@eygsa.cl <soporte@eygsa.cl>
Cc: Enrique Lozano Quiroga <enrique.lozano.q@redsalud.gob.cl>; Juan Carlos Leal Chandía <juancarlos.lealc@redsalud.gob.cl>; catalina vargas viano <catalina.vargasv@redsalud.gob.cl>; moyra Duran Cuevas <moyra.duran@redsalud.gob.cl>
Asunto: Falla intermitente en adquisición de imágenes CBCT (XVI)

Estimados,

Durante la adquisición de imágenes CBCT, el sistema presenta de forma intermitente el siguiente mensaje de error:

""The reconstruction did not complete correctly. XVI will not save the results""

""Scan terminated: Gantry Rotation Stopped
This can decrease the reconstruction quality, and it can be necessary to adquire the image again""

Esto interrumpe el proceso (“corta el disparo”) y me obliga a reprogramar nuevamente la adquisición del CBCT.

El problema se presentó en dos ocasiones el día de ayer y hoy ha sido más recurrente. Solicito por favor se revise el sistema a la mayor brevedad posible para identificar la causa y evitar irradiaciones adicionales innecesarias a los pacientes durante la obtención de imágenes de posicionamiento CBCT.

Adjunto mensajes de XVI

Quedo atento a sus comentarios.

Saludos cordiales,

Sebastián Flores Acuña
TM Radioterapia HCM",normal,closed,email,26080969273499,26080969273499,14481448391451,14741543428379,14481465021595,true,false,,offered,20427286020763,14481427110299,2025-08-18T15:13:53Z,2025-09-14T16:02:32Z,2026-08-06T15:19:10.327Z
9375,,incident,Firma para documento eScribe,Firma para documento eScribe,"Buenos días

Quisiera consultar si es posible adjuntar la huella de un paciente a modo de firma digital en un documento de eScribe utilizando el huellero digital que los médicos tienen para las licencias médicas ya que, como requerimiento de calidad, emitimos un documento de fin de tratamiento el cual debe ser firmado por el paciente, pero no podemos corroborar en mosaiq que esto es así. El documento se imprime, luego se firma y entrega al paciente sin que podamos obtener un registro de que recepcionó el informe con las indicaciones.



Saludos cordiales









[cid:97f9d122-91d6-4bb7-a141-436d7b7b3c89]",low,closed,email,26132276827035,26132276827035,14481448391451,14741543428379,14481465021595,true,false,,offered,20427286020763,14481427110299,2025-07-22T13:50:59Z,2025-09-14T16:02:32Z,2026-08-06T15:19:10.327Z
9482,,incident,Conebeam no funciona,Conebeam no funciona,"Conebeam no funciona, no detecta movimientos dejando equipo inoperativo",urgent,closed,web,36182421530907,36182421530907,19579474867355,14741318546075,14481465021595,true,false,,offered,20427286020763,14481427110299,2025-09-02T01:45:19Z,2025-09-15T16:02:47Z,2026-08-06T15:19:10.327Z
9511,,incident,Problema Impresora Planificacion RT,Problema Impresora Planificacion RT,"Buenas tardes,

Con gusto de saludar me dirijo a usted para informar problema con impresora. Dejo de reconocer cartuchos originales y está botando tinta del cartucho negro (adjunto fotografías). Se intercambiaron los cartuchos de impresora para descartar algún problema del lector del mismo, pero a medida que se hacia el cambio, reconocía correctamente estos mismos.

Quedo atento a su respuesta

Saludos

Sebastián Flores Acuña
TM Radioterapia HCM
192588DB-74E0-4C5E-B5BD-7FB27BC970C0.jpeg
IMG_7196.jpeg
IMG_7198.jpeg",normal,closed,email,40109334283675,40109334283675,14481448391451,14741543428379,14481465021595,true,false,,offered,20427286020763,14481427110299,2025-09-10T16:52:03Z,2025-09-16T16:03:36Z,2026-08-06T15:19:10.327Z
9484,,incident,Error en mosaiq repositorio temporal,Error en mosaiq repositorio temporal,"Imagen adjunta
IMG-20250901-WA0142.jpg",normal,closed,email,26080982926747,26080982926747,14481448391451,14741543428379,14481465021595,true,false,,offered,20427286020763,14481427110299,2025-09-02T13:50:58Z,2025-09-16T16:03:36Z,2026-08-06T15:19:10.327Z
9530,,incident,Falla brazo kV,Falla brazo kV,"Estimados, el brazo del equipo de kV no hace el ""click"" al intentar dejarlo en posición para adquirir imágenes, por ende, no se pueden tomar imágenes",urgent,closed,web,23562920769947,23562920769947,20210900681499,14741297259931,14481465021595,true,false,,good,20427286020763,14481427110299,2025-09-22T19:13:08Z,2025-09-26T20:22:03Z,2026-08-06T15:19:10.327Z
8736,,incident,Problemas Software SUNCHECK,Problemas Software SUNCHECK,"Buenos dias, Se requiere revisión de software SUNCHECK, ya que desde la semana pasada durante el QA diario está presentando intermitencias, fallas y errores aleatorios, generando retraso en la realización del QA del acelerador y el inicio diario de los tratamientos agendados. Saludos, Manuel.",high,closed,web,20254020292379,20254020292379,28818463039515,14741389938587,14481465021595,true,false,,offered,20427286020763,14481427110299,2024-11-11T12:21:14Z,2025-09-28T15:48:57Z,2026-08-06T15:19:10.327Z
9544,,incident,Falla MLC Infinity,Falla MLC Infinity,"Estimados.

Se presenta falla en MLCs de Infinity con los siguientes inhibits: Leaf missing y Leaf pair 45. El equipo está inoperativo.

F.M. Stalin Escalona.",urgent,closed,web,20254050950939,20254050950939,19579504854939,28890463805723,14481465021595,true,false,,offered,20427286020763,14481427110299,2025-09-25T22:03:02Z,2025-09-30T17:48:23Z,2026-08-06T15:19:10.327Z
8791,,incident,Configuración de energía 6MV para adquisición de imágenes planares KV mediante XVI,Configuración de energía 6MV para adquisición de imágenes planares KV mediante XVI,"Configuración de energía de 6MV para la adquisición de imágenes planares KV mediante XVI. Actualmente esta configurado para 4MV, lo que nos obliga a mantener habilitada dicha energía en Infinity.",high,closed,web,20254050950939,20254050950939,28818463039515,28890463805723,14481465021595,true,false,,offered,20427286020763,14481427110299,2024-12-03T14:09:10Z,2025-10-03T15:50:07Z,2026-08-06T15:19:10.327Z
9540,,incident,Interlock M.Fil,Interlock M.Fil,"25092025: 9:59
Buenos días a todos,
El día de ayer, posterior a la finalización de los tratamientos, se realizaron ajustes en las energías de 6MV y 6FFF debido a la presentación del interlock M-FIL. Sin embargo, el día de hoy el equipo continúa presentando el mismo interlock.





[cid:6877d08f-b6a5-4daa-b90e-010fb658c705]",normal,closed,email,26080969273499,26080969273499,19579468718875,14741543428379,14481465021595,true,false,,offered,20427286020763,14481427110299,2025-09-25T12:59:16Z,2025-10-03T19:54:57Z,2026-08-06T15:19:10.327Z
9531,,incident,Incidencia durante tratamiento con 10MV – Mensaje M.FIL Ctrl,Incidencia durante tratamiento con 10MV – Mensaje M.FIL Ctrl,"23-09-2025: 9:53
Durante la administración de un tratamiento con haz de 10MV, se presentó de manera inesperada un mensaje en consola identificado como M.FIL Ctrl.
Detalle según reporte del TM:

  *
El paciente se cargó con normalidad en la máquina, al iniciar el arco de tratamiento, se presionó el botón Beam On. El haz comenzó a disparar, pero se interrumpió repentinamente. En la consola apareció el mensaje: “M.FIL Ctrl”. Se intentó capturar evidencia fotográfica; sin embargo, al momento de la foto el mensaje ya no estaba presente. Se volvió a presionar Beam On y el tratamiento continuó con normalidad, sin reincidencia del error.

Se adjunta fotográfica disponible (mensaje no visible en captura). El tratamiento se completó sin más incidencias.
Posteriormente con otro paciente vuelve a presentarse el mensaje. se adjuntan imágenes de los pacientes en los que ha ocurrido.
Mfil1.jpg
Mfil2.jpg",normal,closed,email,26080969273499,26080969273499,19579468718875,14741543428379,14481465021595,true,false,,offered,20427286020763,14481427110299,2025-09-23T12:54:05Z,2025-10-03T19:54:57Z,2026-08-06T15:19:10.327Z
9498,,incident,Problemas en 10fff,Problemas en 10fff,"2R y constancy en 10fff al verificar paciente
20250905_080109.jpg
20250905_075617.jpg",normal,closed,email,26080982926747,26080982926747,19579468718875,14741543428379,14481465021595,true,false,,offered,20427286020763,14481427110299,2025-09-05T14:01:56Z,2025-10-03T19:54:57Z,2026-08-06T15:19:10.327Z
9560,,incident,Table long,Table long,Table long,high,closed,email,26080982926747,26080982926747,19579468718875,14741543428379,14481465021595,true,false,,unoffered,20427286020763,14481427110299,2025-10-02T17:37:46Z,2025-10-03T20:47:17Z,2026-08-06T15:19:10.327Z
9563,,incident,Equipo presenta error de colisión,Equipo presenta error de colisión,Equipo presenta error de colisión,urgent,closed,web,36182421530907,36182421530907,19579504854939,14741318546075,14481465021595,true,false,,offered,20427286020763,14481427110299,2025-10-03T12:40:47Z,2025-10-07T15:43:10Z,2026-08-06T15:19:10.327Z
9521,,incident,Cierre inesperado monaco,Cierre inesperado monaco,"Estimado,

Con gusto de saludar me dirijo a usted para informar reciente problema con monaco. Estoy conectado vía remota a monaco 01, realizando contour y planificación. Me encontraba en el contour de una paciente, en la cual llevaba bastante avanzado y el monaco se cerró inesperadamente. Se congeló y se cerró, haciendo que perdiera el progreso ya que no había guardado. Este problema se me había generado con el monacosim, es por ello que tome la decisión de trabajar remoto a un monaco workstation, pero se presentó de todas maneras el problema.

Favor revisar posible origen del problema cuando sea posible

Gracias de antemano

Sebastián Flores Acuña
TM Radioterapia HCM",low,closed,email,40109334283675,40109334283675,14481448391451,14741543428379,14481465021595,true,false,,offered,20427286020763,14481427110299,2025-09-15T13:18:46Z,2025-10-10T11:54:07Z,2026-08-06T15:19:10.327Z
9556,,incident,Ayuda ajustando telémetro láser,Ayuda ajustando telémetro láser,Telémetro laser se encuentra inclinado en diagonal. Se requiere ajustar para poder posicionar correctamente a los pacientes,urgent,closed,web,38368479928987,38368479928987,19579474867355,14742026913435,14481465021595,true,false,,unoffered,20427286020763,14481427110299,2025-10-01T15:06:22Z,2025-10-13T14:19:22Z,2026-08-06T15:19:10.327Z
9569,,incident,Ghosting Calibration -XVI,Ghosting Calibration -XVI,"Estimados.

Buenas tardes, desde hace una semana está saliendo la alerta que ven en la imagen.

Quedamos atentos.

Saludos",normal,closed,web,20254050953243,20254050953243,20210900681499,20265216319003,14481465021595,true,false,,offered,20427286020763,14481427110299,2025-10-07T16:56:38Z,2025-10-13T22:23:57Z,2026-08-06T15:19:10.327Z
9568,,incident,Sonido en el cabezal al girar el colimador,Sonido en el cabezal al girar el colimador,"Estimados, desde hace un par de días hemos notado que se produce un sonido de roce en el colimador al girarlo.

Quedamos atentos para coordinar una visita.

Saludos",high,closed,web,20254050953243,20254050953243,20210900681499,20265216319003,14481465021595,true,false,,offered,20427286020763,14481427110299,2025-10-07T16:32:12Z,2025-10-13T22:23:57Z,2026-08-06T15:19:10.327Z
9583,,incident,"""Virtual Memory Threshold Exceeded"" en Pantalla del Integrity","""Virtual Memory Threshold Exceeded"" en Pantalla del Integrity","Hay un aviso en la pantalla del Integrity: Virtual Memory Threshold Exceeded, y ademas al reiniciar el equipo da alerta: Problemas con el Backup o Archiving Data. Por favor indicar si este problema impide usar el Acelerador para tratamiento de pacientes o no.",urgent,closed,web,20254050947483,20254050947483,20210900681499,14741593614363,14481465021595,true,false,,offered,20427286020763,14481427110299,2025-10-13T11:13:54Z,2025-10-17T13:39:54Z,2026-08-06T15:19:10.327Z
9582,,incident,falla detección del panel de kV. Equipo No Operativo,falla detección del panel de kV. Equipo No Operativo,No se detecta posición de panel de kV. No hay CBCT. Equipo No Operativo. Adjunto Imagen del problema.,urgent,closed,web,20254050947483,20254050947483,20210900681499,14741593614363,14481465021595,true,false,,offered,20427286020763,14481427110299,2025-10-13T11:02:08Z,2025-10-17T13:39:54Z,2026-08-06T15:19:10.327Z
9545,,incident,Equipo se detiene en Dose rate mon en cada campo,Equipo se detiene en Dose rate mon en cada campo,Equipo se detiene en Dose rate mon en cada campo,high,closed,web,36182421530907,36182421530907,19579474867355,14741318546075,14481465021595,true,false,,offered,20427286020763,14481427110299,2025-09-26T11:26:02Z,2025-10-17T13:39:54Z,2026-08-06T15:19:10.327Z
9538,,incident,Confirmación de MP Sábado 11 de Octubre Acelerador Axesse,Confirmación de MP Sábado 11 de Octubre Acelerador Axesse,"Estimados,

Junto con saludarles quiero confirmar la MP del acelerador Axesse, para el sábado 11 de octubre.

Quedo atento.",normal,closed,web,20254050952347,20254050952347,19579474867355,14741297259931,14481465021595,true,false,,offered,20427286020763,14481427110299,2025-09-24T13:45:22Z,2025-10-17T13:39:55Z,2026-08-06T15:19:10.327Z
9555,,incident,Movimiento vertical de camilla precise no funciona,Movimiento vertical de camilla precise no funciona,"Hola

Movimiento vertical de camilla precise no funciona. Se reinicia camilla y luego equipo sin éxito. No hay interlocks activados. Los otros movimientos de la camilla funcionan. Se avisa más temprano por WhatsApp y se adjuntan fotos correspondientes. Equipo detenido.

Saludos",urgent,closed,web,20254020299291,20254020299291,19579474867355,14741597726619,14481465021595,true,false,,offered,20427286020763,14481427110299,2025-10-01T11:22:45Z,2025-10-17T13:39:56Z,2026-08-06T15:19:10.327Z
9473,,incident,Problemas con láminas en Suragility,Problemas con láminas en Suragility,Problema con tratamiento VMAT y cuando equipo se gira hacia los 90 grados. Se solicita revisión de láminas.,high,closed,web,36182421530907,36182421530907,19579474867355,14741318546075,14481465021595,true,false,,offered,20427286020763,14481427110299,2025-08-28T23:19:25Z,2025-10-17T13:39:56Z,2026-08-06T15:19:10.327Z
9559,,incident,falla aleatoria intermitente 2T I ctrl en Infinity,falla aleatoria intermitente 2T I ctrl en Infinity,falla aleatoria intermitente 2T I ctrl en Infinity que interrumpe y atrasa los tratamientos de pacientes.,urgent,closed,web,20254050947483,20254050947483,19579474867355,14741593614363,14481465021595,true,false,,offered,20427286020763,14481427110299,2025-10-02T14:29:26Z,2025-10-17T13:39:57Z,2026-08-06T15:19:10.327Z
9298,,incident,Reporte de Incidencia Técnica Miércoles 18 de junio y cotizacción,Reporte de Incidencia Técnica Miércoles 18 de junio y cotizacción,"Tecnólogos solicitan consultar al OPR por sonido pito intermitente del sistema UPS de la camilla. Se decide llamar al técnico, quien constata que batería del UPS se encuentra defectuosa y requiere cambio. Se necesita cotizar una nueva",normal,closed,web,38368479928987,38368479928987,19579474867355,14742026913435,14481465021595,true,false,,offered,20427286020763,14481427110299,2025-06-27T16:46:18Z,2025-10-17T14:42:02Z,2026-08-06T15:19:10.327Z
9270,,incident,Batería de UPS camilla acelerador/canalización de cables sala de comando,Batería de UPS camilla acelerador/canalización de cables sala de comando,"Se solicita por favor la cotización de la batería de la UPS de la camilla del acelerador, así como también la gestión de la canalización de los cables de la sala de comando.",high,closed,web,20254050945819,20254050945819,20210900681499,14742026913435,14481465021595,true,false,,good,20427286020763,14481427110299,2025-06-18T19:44:30Z,2025-10-17T14:42:02Z,2026-08-06T15:19:10.327Z
9245,,incident,Re: Puntos a considerar para el mantenimiento del equipo Infinity – 06 de junio,Re: Puntos a considerar para el mantenimiento del equipo Infinity – 06 de junio,"Estimada Gabriela, buenos días

Gusto en saludarte y gracias por tu mail

Acuso recibo de tu solicitud, y lo complementare por interno con @Carlos Carrasquel y Servicio Técnico para que confirmen la factibilidad.

Complementariamente, copio en el mail a soporte@eygsa.cl para que se genere de manera automática el ticket en la plataforma Zendesk y así cada uno de los ingenieros de E&G puedan recibir esta solicitud y confirmarla lo antes posible.

Un saludo afectuoso,

Jaime Larenas


Jaime Francisco Larenas

Director Comercial

Gerencia | E&G Medical Systems

 +56967867358

 jlarenas@eygsa.cl

 www.eygsa.cl (https://www.eygsa.cl/)

 La Dehesa 1201, Of. 314, Torre Norte



El jue, 5 jun 2025 a las 16:23, Gabriela Chorbadjian Alonso (<gabriela.chorbadjian@incancer.cl>) escribió:

Estimado Jaime:

Junto con saludar, y en relación al mantenimiento programado del equipo Infinity para mañana, 06 de junio, quisiéramos plantear algunos puntos pendientes a tener en cuenta:

*

La calibración de la cruceta del equipo en relación con el láser.

*

Al cargar un paciente que requiere CBCT y antes ha recibido algún curso de tratamiento, se presenta un problema de comunicación entre el sistema XVI y el equipo de tratamiento (Mosaiq). Como solución temporal, se tiene que eliminar al paciente desde el XVI antes de la nueva sesión, pero esta acción debe repetirse en cada día de tratamiento del nuevo curso, lo que demanda tiempo adicional.

Agradeceríamos que pudieran revisar estos aspectos.

Quedamos atentos a sus comentarios.

Saludos cordiales

--

Gabriela Chorbadjian Alonso

Profesional
Física Médica
Subdirección Médica Asistencial

  www.incancer.cl (http://www.incancer.cl/)",normal,closed,email,20238462419355,20238462419355,19579474867355,14481410802331,14481465021595,true,false,,offered,20427286020763,14481427110299,2025-06-06T14:08:18Z,2025-10-17T14:42:02Z,2026-08-06T15:19:10.327Z
9109,,incident,Re: Reporte de tarea Nº 2973 | Cambio de tubo Suragility,Re: Reporte de tarea Nº 2973 | Cambio de tubo Suragility,"Buenos días Romina,

El día de ayer se presentaron problemas en el acceso a Radioterapia por parte de la guardia, por lo que hoy estaremos en sitio a las 19:30 hrs.

Por favor, facilitar el acceso para realizar esta importante labor.

* Manuel Reyes Irrázaval - 9.025.933-4
* Gonzalo López Cordero - 8.812.346-8

Saludos cordiales,



 Gonzalo López C.
Gerente Operaciones
Av. Providencia 2286, Of.504
Santiago, RM
+56 9 6607 7106
glopez@eygsa.cl




El mié, 9 abr 2025 a la(s) 10:49 a.m., Alarcón Cuadra Romina Yesenia (ralarcon@alemana.cl) escribió:

Estimados buenos días,

Junto con saludar y según lo conversado, dejamos coordinada la visita para el día de hoy post tratamiento de pacientes para terminar la instalación y calibración de tubo del cone beam del Linac Sur.

Favor Gonzalo que todo el personal de EyG ingrese por seguridad, y al culminar los trabajos notifiquen a personal de cuarto turno de Equipos Médicos +56987699056.

De antemano muchas gracias.

Saludos,

-------------------------------
De: E&G Medical Systems <noreply@fieldbeat.com>
Enviado: jueves, 3 de abril de 2025 17:24
Para: Aravena Andrade Diego <daravenaa@alemana.cl>; Zelada Gabriel <gzelada@alemana.cl>; Martinez Alan <amartinez@alemana.cl>; Resquin Valdez Teresa de Jesus <tresquin@alemana.cl>; Córdova Andrés <acordova@alemana.cl>; Lavin Cerda Ricardo <rlavin@alemana.cl>; Poblete Castillo Javiera Jesus <jpoblete@alemana.cl>; stroncosoh@alemana.cl <stroncosoh@alemana.cl>; Castillo Flores Claudia <ccastillof@alemana.cl>; Alarcón Cuadra Romina Yesenia <ralarcon@alemana.cl>; Carvajal Contreras, Claudia Marcela <ccarvajal@alemana.cl>
Cc: servicio@eygsa.cl <servicio@eygsa.cl>
Asunto: [Externo]Reporte de tarea Nº 2973
 

* Correo Externo: Verifique remitente y que los enlaces sean de confianza, ante dudas avise a ciberseguridad@alemana.cl.

E&G Medical Systems
click para ver reporte de tarea
N° 2973 (http://links.fieldbeat.com/ls/click?upn=u001.S6Z31yc2halqpdHE7CgT97vbcioYElAmLkxZkvlSOHvCeUpG04dAly2rclDoqs-2BTihAmz26M6ip6WH1geFYMQZ05rVf-2B73dk7HssQrpPsRUU0VkXnG0k9cGKICGvayVQ7GeqVT9Cy6dPu-2BZMuEUVdeXzQYhlvG9guciPeoURSLI-3D4FjQ_zNtUEchUMMFe3-2BOp5UbZKh33t9FuegtoWJFBayL4QfcjlZeSi-2FYx9lYV6xe-2F1jvTyMQSltjqCCDXtlBImjAZ9uWKkYUAk-2BalikLcFP6QsZ9rDHv-2BKcTW7RxfVJ0d6cN9R6tiyGGo9BnTaSat7zQ6vE9G1-2FhW2tTxXmsiP38A6PjkIOHERsfiyHUXhUOs7Z7JWpArznQX2jsyVuqHd2Waiw-3D-3D)
 

Suragility presenta problemas con XVI, no es posible hacer cone beam.

Estado  Hora Estimada Visita  Trabajador
Terminada  Jueves, 3 de Abril 2025 10:30  José Echeverría


Tipo de Tarea
CORRECTIVA NO PROGRAMADA


Datos del Cliente
Nombre Cliente  CLINICA ALEMANA DE SANTIAGO
Dirección Cliente  Av Vitacura 5951, Vitacura
Nombre Contacto  Equipo de Física
Email Contacto  daravenaa@alemana.cl,gzelada@alemana.cl,amartinez@alemana.cl,tresquin@alemana.cl,acordova@alemana.cl,rlavin@alemana.cl,jpoblete@alemana.cl,stroncosoh@alemana.cl,ccastillof@alemana.cl,ralarcon@alemana.cl,ccarvajal@alemana.cl
Teléfono Contacto  +56 2 2210 1193


E&G Medical Systems | www.eygsa.cl (http://links.fieldbeat.com/ls/click?upn=u001.7Am-2FIKUOi03Mzw7HXjjtaVOqYxG6YQxj0Q8g0lJbM4s-3DJLPY_zNtUEchUMMFe3-2BOp5UbZKh33t9FuegtoWJFBayL4QfcjlZeSi-2FYx9lYV6xe-2F1jvTAwtoM-2BxgeQnVhmX8cyNOJ4Ndg0OSjBRPDLbzQIeAd7DjjYv1feirfV7of2TCxOi1JtgJplNHY7N-2BdnJCvz53odopisYlkfSCMIZxJmKL7bjp5x3SKEAN7InUtjc05OCTZ1k8HRh-2Fx6S8-2FeVgTc5-2BfA-3D-3D)
Teléfono: +56226537362
Email: servicio@eygsa.cl

 Desarrollado por FieldBeat (http://links.fieldbeat.com/ls/click?upn=u001.S6Z31yc2halqpdHE7CgT97vbcioYElAmLkxZkvlSOHvcUol1Mu-2FBPtly1LEiS-2BDmwV_m_zNtUEchUMMFe3-2BOp5UbZKh33t9FuegtoWJFBayL4QfcjlZeSi-2FYx9lYV6xe-2F1jvTR6pKiguxCoh7iuGdnkQZZ9jHJUVozZVAXXiTT2zT6lE-2BzNg6T-2BWkphnJ2jZe9FYyWMyAIUvzs79hjTN5k538SGpZGjNHxRlLr62FWtSCqIvhR1LPvyxILKch7PT04jzCBoCi14GtBgCM7ECxUONSuw-3D-3D)

Este mensaje y/o documentos adjuntos son confidenciales y están destinados a la(s) persona(s) a la que han sido enviados. Pueden contener información privada y confidencial, cuya difusión se encuentre legalmente prohibida. Si usted no es el destinatario, por favor notifique de inmediato al remitente y elimine el mensaje de sus carpetas y/o archivos.",normal,closed,email,19579487161371,19579487161371,19579504854939,14481410802331,14481465021595,true,false,,offered,20427286020763,14481427110299,2025-04-10T13:11:53Z,2025-10-17T14:42:02Z,2026-08-06T15:19:10.327Z
9581,,incident,Problema medicion paciente especifico,Problema medicion paciente especifico,"El equipo _Infinity_ presenta inconvenientes al realizar mediciones de un paciente específico. Se detecta una falla en la posición de las láminas, lo que impide continuar con el procedimiento. Aunque se han intentado distintas acciones para despejar el error, este persiste de forma continua, imposibilitando la finalización de las mediciones.

El problema se ha presentado tanto el día viernes como hoy sábado. se realizo Copy ti Service del paciente RUT: 3.406.224-2",urgent,closed,web,35063016361243,35063016361243,20210900681499,14741593614363,14481465021595,true,false,,offered,20427286020763,14481427110299,2025-10-11T14:24:30Z,2025-10-18T13:00:16Z,2026-08-06T15:19:10.327Z
9590,,incident,Derrame fluido sobre gantry,Derrame fluido sobre gantry,"14-10-2025; 11:04


Tecnólogo médico de máquina, informa que hubo derrame de fluido sobre gantry, solicitando que sea revisado para garantizar correcto funcionamiento del equipo. Se informó vía WhatsApp a ing. -Roberto.

Quedamos a espera por favor.

Saludos


[cid:56c355de-7d76-4140-adea-7b0b1332accb]",normal,closed,email,26080969273499,26080969273499,19579468718875,14741543428379,14481465021595,true,false,,offered,20427286020763,14481427110299,2025-10-14T14:07:16Z,2025-10-18T20:08:56Z,2026-08-06T15:19:10.327Z
9476,,incident,Table long,Table long,Table long,high,closed,email,26080982926747,26080982926747,19579468718875,14741543428379,14481465021595,true,false,,offered,20427286020763,14481427110299,2025-08-29T15:58:53Z,2025-10-18T20:08:56Z,2026-08-06T15:19:10.327Z
9548,,incident,Dose Rate Mon 6FFF ,Dose Rate Mon 6FFF ,"Estimados estoy teniendo en esta oportunidad Dose Rate Mon con 6FFF en el Infinity, esta mañana me dio un par de veces con pacientes y ahora con un paciente ya voy por 5 veces que me corta el haz.",normal,closed,web,20254050952347,20254050952347,27816237178267,14741297259931,14481465021595,true,false,,offered,20427286020763,14481427110299,2025-09-26T18:00:12Z,2025-10-20T21:44:29Z,2026-08-06T15:19:10.327Z
9589,,incident,Equipo con error dose rate mon,Equipo con error dose rate mon,Equipo con error dose rate mon en angulación 180 a 270 grados,urgent,closed,web,36182421530907,36182421530907,19579474867355,14741318546075,14481465021595,true,false,,offered,20427286020763,14481427110299,2025-10-14T13:52:26Z,2025-10-20T21:44:30Z,2026-08-06T15:19:10.327Z
9599,,incident,FALLA apagado automatico del Integrity - se requiere asistencia de ingeniero en terreno - Equipo Detenido,FALLA apagado automatico del Integrity - se requiere asistencia de ingeniero en terreno - Equipo Detenido,"Se produce falla de apagado automatico del Integrity del Infinity, avisando con mensaje de 5 minutos en cuenta regresiva. Aparecio durante Tratamiento de Pacientes- Se requiere asistencia de ingeniero en terreno. Equipo Detenido. Se adjunta imagen de la falla del mensaje de apagado automatico.",urgent,closed,web,20254050947483,20254050947483,19579474867355,14741593614363,14481465021595,true,false,,bad,20427286020763,14481427110299,2025-10-16T18:33:48Z,2025-10-20T21:44:31Z,2026-08-06T15:19:10.327Z
9565,,incident,Ayuda ajustando láser,Ayuda ajustando láser,"Los láser del bunker están desalineándose a diario, por lo que requerimos asistencia para estabilizarlos y que logren volver a mantener su alineamiento.",normal,closed,web,38368479928987,38368479928987,19579474867355,14742026913435,14481465021595,true,false,,offered,20427286020763,14481427110299,2025-10-03T14:51:45Z,2025-10-24T16:58:21Z,2026-08-06T15:19:10.327Z
9537,,incident,Pantalla de camaras no funciona,Pantalla de camaras no funciona,"La pantalla de las camaras dejo de funcionar
IMG-20250924-WA0019.jpg
20250924_070908.jpg",low,closed,email,26080982926747,26080982926747,19579468718875,14741543428379,14481465021595,true,false,,offered,20427286020763,14481427110299,2025-09-24T10:10:28Z,2025-10-24T16:58:21Z,2026-08-06T15:19:10.327Z
9607,,incident,Dose rate mon Infinity,Dose rate mon Infinity,"Buen día estimados, equipo Infinity está presentando interlock de Dose Rate Mon en 6MV y 6FFF",normal,closed,web,23562920769947,23562920769947,20210900681499,14741297259931,14481465021595,true,false,,good,20427286020763,14481427110299,2025-10-21T11:43:51Z,2025-10-26T13:35:12Z,2026-08-06T15:19:10.327Z
9616,,incident,Equipo detenido por Table Clutch,Equipo detenido por Table Clutch,Equipo detenido por Table Clutch,urgent,closed,web,36182421530907,36182421530907,20210900681499,14741318546075,14481465021595,true,false,,offered,20427286020763,14481427110299,2025-10-23T10:09:44Z,2025-10-28T15:38:03Z,2026-08-06T15:19:10.327Z
9624,,incident,Re: [E&G Medical Systems] Asunto: Xvi malo,Re: [E&G Medical Systems] Asunto: Xvi malo,"Este es un seguimiento de su solicitud anterior n.° #8895 ""Xvi malo""

Hola Dagoberto, espero que te encuentres bien.

Por lo conversado, te comparto el último update que realizó Elekta, esta semana tuve una conversación con ellos en la cual van a enviar el último status y con ello cerrar el caso por parte de ellos.

""El plan de Mónaco contenía el campo 1ARC1 con el isocentro x = -4,43, y = -11, z = -0,45 junto con los campos CBCT, APUB y LDUB que tenían el isocentro x = -3,83, y = -10,72, z = 0,9. Al promocionar el plan en MOSAIQ, se presentaron advertencias para alertar al usuario de que se encontraron posiciones de isocentro inconsistentes en el plan. Debido a esta inconsistencia, se asignaron valores de isocentro cero al Conjunto de Estructura de Referencia/Isocentro en la Definición de Configuración del Sitio después de importar el plan. El usuario tendría que actualizar la Definición de Configuración del Sitio con los isocentros deseados o replanificar. El tratamiento incorrecto se puede deber a un error de Uso o a un fallo en la comunicación. Por ello, el caso sigue en análisis.""

Con ese último punto de ""en análisis"", Elekta va a enviar el último update en estas semanas.

Te mantendré informado y espero atento tus comentarios,

Saludos.

Victor Arenas

Gerente de Proyectos

Gerencia

E&G medical systems

 +56978570632

 varenas@eygsa.cl

 https://www.eygsa.cl/

 Avda. Providencia N° 2286 Of.304",normal,closed,web,26080982926747,14481448391451,14481448391451,14741543428379,14481465021595,true,false,,offered,20427286020763,14481427110299,2025-10-24T17:26:36Z,2025-10-28T17:46:31Z,2026-08-06T15:19:10.327Z
9626,,incident,Fan Detection Error en CCP VERSA 1,Fan Detection Error en CCP VERSA 1,"Estimados,

Se requiere revisión del CCP del VERSA 1 por fuerte sonido y aparición de mensaje en pantalla (Fan Detection Error).",high,closed,web,20254020292379,20254020292379,22968357015195,14741389938587,14481465021595,true,false,,unoffered,20427286020763,14481427110299,2025-10-27T12:40:02Z,2025-10-28T21:03:54Z,2026-08-06T15:19:10.327Z
9623,,incident,Falla en adquisición de CBCT,Falla en adquisición de CBCT,Falla en adquisición de CBCT,normal,closed,web,36182421530907,36182421530907,20210900681499,14741318546075,14481465021595,true,false,,offered,20427286020763,14481427110299,2025-10-24T15:19:49Z,2025-10-31T18:49:59Z,2026-08-06T15:19:10.327Z
9617,,incident,Problemas en posición brazo de tubo de rx,Problemas en posición brazo de tubo de rx,Al iniciar equipo presenta problemas en posición del brazo de tubo de rx. Se tuvo que entrar y sacar 4 veces para que funcionara,normal,closed,web,36182421530907,36182421530907,20210900681499,14741318546075,14481465021595,true,false,,offered,20427286020763,14481427110299,2025-10-23T11:28:17Z,2025-10-31T18:49:59Z,2026-08-06T15:19:10.327Z
9620,,incident,Problema almacenamiento XVI,Problema almacenamiento XVI,"Buenas Tardes,

Con gusto de saludar me dirijo a usted con la siguiente solicitud. En maquina se presentó un mensaje en XVI relacionado a la falta de espacio de este, por ello solicito atención en terreno para liberar espacio de la manera que estime conveniente y poder continuar adquiriendo CBCT a los pacientes.

Saludos

[cid:c09ecf55-328c-4b74-b081-248c2b4e97d0]",normal,closed,email,40109334283675,40109334283675,14481448391451,14741543428379,14481465021595,true,false,,offered,20427286020763,14481427110299,2025-10-23T17:44:36Z,2025-11-01T18:09:16Z,2026-08-06T15:19:10.327Z
9598,,incident,Upgrade Monaco 6.2.3 Oncorad ,Upgrade Monaco 6.2.3 Oncorad ,"Estimada Física Médica,

Creamos este ticket con el objetivo de coordinar el upgrade de Monaco a la versión 6.2.3, considerando que actualmente cuentan con la versión 6.2.2.

Leonardo Nagata, de Elekta, nos informó que tiene disponibilidad a partir del 20 de octubre para realizar la actualización. Agradeceríamos que nos confirmen si existe disponibilidad por parte de ustedes desde esa fecha, o si prefieren proponer una alternativa.

Cabe mencionar que, dado que ya cuentan con la versión 6.2.2, el proceso de actualización tomará aproximadamente 30 minutos por equipo, y no implica ningún costo para la clínica.

Quedamos atentos a su confirmación para coordinar con Leonardo la fecha definitiva.",normal,closed,web,20254050950939,28818463039515,28818463039515,14742056643483,14481465021595,true,false,,offered,20427286020763,14481427110299,2025-10-16T15:30:24Z,2025-11-07T12:54:06Z,2026-08-06T15:19:10.327Z
9166,,incident,mosaiq no lee isocentro desde plan tps,mosaiq no lee isocentro desde plan tps,"Estimados,

 

Plan de tratamiento de paciente Jose Gonzalez Yañez, RUT 4.278.986-0, se exporta completo desde MONACO y promueve en MOSAIQ. Sin embargo, MOSAIQ no lee coordenadas del isocentro del plan de tratamiento en “Posicionamiento de Sitio”, marcando un isocentro de 0,0,0.

Se intenta exportándolo de nuevo con idéntico resultado, erróneamente indica isocentro 0,0,0.

 

Se ruega revisar con urgencia

 

Juan Carlos Leal Chandía

Físico Médico – Unidad de Radioterapia

Hospital Clínico Magallanes

juancarlos.lealc@redsalud.gov.cl",high,closed,email,26080982926747,26080982926747,14481448391451,14741543428379,14481465021595,true,false,,offered,20427286020763,14481427110299,2025-04-29T17:45:33Z,2025-11-09T16:42:07Z,2026-08-06T15:19:10.327Z
9502,,incident,Pistola Reconocimiento Bunker,Pistola Reconocimiento Bunker,"Estimados:
Solicito poder configurar pistola (ya comprada) para lectura de codigo de barra a ser instalado en bunker para seguridad.
Atentos saludos

Dra Moyra Durán Cuevas
Oncólogo Radioterapeuta
Jefe Unidad de Radioterapia (s)
Hospital Clínico de Magallanes",normal,closed,email,26459473670427,26459473670427,14481448391451,14741543428379,14481465021595,true,false,,offered,20427286020763,14481427110299,2025-09-08T15:02:23Z,2025-11-09T17:47:04Z,2026-08-06T15:19:10.327Z
9652,,incident,Linac sin pantallas,Linac sin pantallas,"Pantallas en negro. Se reinicio todo lo encontrado, sin exito.",normal,closed,email,26080982926747,26080982926747,14481448391451,14741543428379,14481465021595,true,false,,offered,20427286020763,14481427110299,2025-11-06T11:55:33Z,2025-11-14T12:14:12Z,2026-08-06T15:19:10.327Z
9630,,incident,Problema datos antiguos paciente,Problema datos antiguos paciente,"Buenos dias,

Con gusto de saludar me dirijo a usted con el siguiente problema. El dia de ayer al final de la jornada se realizó el envío de un TAC de simulacion a monaco, resulta que este no llegó completo, apareció como paciente nuevo y en el TAC existian 15 errores de envio de alguna tarea. Desconozco si eso pudo haber producido la falla con el paciente, pero ocurrió. Favor poder verificar la causa y si existe posibilidad de recuperarlo por algún respaldo, ya que posee tratamientos antiguos del paciente.
Existe algún problema en trabajar el TAC nuevo? Paciente tiene indicado tratamiento Holocraneo. Se quiere evitar cualquier cruce erroneo de información

Adjunto datos de paciente
Jose Oyarzo Paredes
8.061.604-k

Saludos

Sebastián Flores Acuña
TM Radioterapia HCM",normal,closed,email,40109334283675,40109334283675,14481448391451,14741543428379,14481465021595,true,false,,offered,20427286020763,14481427110299,2025-10-28T11:38:16Z,2025-11-16T15:59:29Z,2026-08-06T15:19:10.327Z
9668,,incident,Falla MLC VERSA 1,Falla MLC VERSA 1,"Estimados,

Se requiere revision del MLC del VERSA 1 por interlocks leaf missing, leaf 43, leaf 44.

Equipo detenido.

Saludos,

Manuel Castrillón",urgent,closed,web,20254020292379,20254020292379,31525538040603,14741389938587,14481465021595,true,false,,offered,20427286020763,14481427110299,2025-11-14T14:02:00Z,2025-11-21T12:06:03Z,2026-08-06T15:19:10.327Z
9664,,incident,Audio funciona mal,Audio funciona mal,No se entiende nada de lo que se habla,normal,closed,email,26080982926747,26080982926747,19579468718875,14741543428379,14481465021595,true,false,,offered,20427286020763,14481427110299,2025-11-13T13:55:09Z,2025-11-21T21:16:40Z,2026-08-06T15:19:10.327Z
9663,,incident,Comando se camilla suelto,Comando se camilla suelto,Comando lateral de camilla suelto,normal,closed,email,26080982926747,26080982926747,19579468718875,14741543428379,14481465021595,true,false,,offered,20427286020763,14481427110299,2025-11-13T13:54:47Z,2025-11-21T21:16:40Z,2026-08-06T15:19:10.327Z
9654,,incident,El PANEL del XVI DEL AXESSE NO GUARDAR COMPLETAMENTE,El PANEL del XVI DEL AXESSE NO GUARDAR COMPLETAMENTE,"Estimados,

Buenos tardes, el panel del XVI del Axesse no guarda completamente se queda en movimientos laterales si poder guardar.

Rita Castillo",high,closed,web,20254050952475,20254050952475,27816237178267,14741297259931,14481465021595,true,false,,offered,20427286020763,14481427110299,2025-11-06T20:36:37Z,2025-11-28T15:06:35Z,2026-08-06T15:19:10.327Z
9576,,incident,Solicitud manejo de cables en sala de comando,Solicitud manejo de cables en sala de comando,continuamos en espera de una visita para realizar un correcto manejo de cables que se encuentran expuestos en la sala de mando. Favor contactarme para coordinar este trabajo importante que nos han solicitado las autoridades.,urgent,closed,web,38368479928987,38368479928987,19579474867355,14742026913435,14481465021595,true,false,,unoffered,20427286020763,14481427110299,2025-10-10T12:48:32Z,2025-11-28T16:59:20Z,2026-08-06T15:19:10.327Z
9691,,incident,Interlock D1,Interlock D1,"Hola:

Ayer lunes 24 aparecieron los interlocks: D1 rly off y D1 supply durante los tratamientos, en la mañana aparecía ""aleatoriamente"" y ya después no pudimos sacarlo. Al comienzo lo sacábamos cargando otro plan o pasando a modo servicio. La semana pasada el miércoles apareció al final de dos tratamientos (con distintas energías), y se ajustó output y lectura de MU1 y MU2. No volvió a salir hasta ayer que solicitamos apoyo al servicio técnico.

¡Saludos!

![](https://eygmedicalsystems.zendesk.com/attachments/token/NtLChNvohcKkEGXZDxrPKiCWf/?name=blobid0.jpg) ![](https://eygmedicalsystems.zendesk.com/attachments/token/O6YH1mMwluonqzlMHWyycd6IW/?name=blobid1.jpg) ![](https://eygmedicalsystems.zendesk.com/attachments/token/TexPbLkIOfjSjo0Pf52X2fzRN/?name=blobid2.jpg)",high,closed,web,20254020299547,20254020299547,22297930568347,14741597726619,14481465021595,true,false,,offered,20427286020763,14481427110299,2025-11-25T11:23:59Z,2025-11-29T12:28:25Z,2026-08-06T15:19:10.327Z
9660,,incident,Falla MLC equipo detenido,Falla MLC equipo detenido,"Hola:

Escribo porque necesitamos asistencia en terreno por falla del MLC. Ha fallado toda la mañana en la atención de pacientes. Nos comunicamos con servicio técnico para seguir sus indicaciones. En modo servicio al hacer el diagnóstico del MLC, está OK, pero al pasar a modo clínico y entregar el tratamiento falla de nuevo.

Equipo inoperativo.

Quedo atenta para coordinar visita",high,closed,web,20254020299547,20254020299547,22297930568347,14741597726619,14481465021595,true,false,,offered,20427286020763,14481427110299,2025-11-11T16:25:33Z,2025-11-29T12:28:26Z,2026-08-06T15:19:10.327Z
9680,,incident,Interlock 10. Trp G,Interlock 10. Trp G,Equipo Falla durante QA de pacientes día miércoles en la noche. En la mañana recupera vacío y se realizan pruebas diarias sin problemas. Al momento de realizar pruebas con pacientes falla el equipo.,high,closed,web,20254050952603,20254050952603,19579474867355,14741297259931,14481465021595,true,false,,offered,20427286020763,14481427110299,2025-11-20T11:24:02Z,2025-11-30T13:53:33Z,2026-08-06T15:19:10.327Z
9628,,incident,Equipo se detiene por problema en MLC,Equipo se detiene por problema en MLC,Equipo se detiene por problema en MLC,urgent,closed,web,36182421530907,36182421530907,20210900681499,14741318546075,14481465021595,true,false,,offered,20427286020763,14481427110299,2025-10-27T17:37:25Z,2025-11-30T13:53:34Z,2026-08-06T15:19:10.327Z
9670,,incident,Dose Rate Mon 10FFF,Dose Rate Mon 10FFF,"Estimados, buenas tardes.

Les escribo porque anoche durante el control mensual no fue posible irradiar con el haz de 10FFF debido a inhibit Dose Rate Mon. Por lo que pedimos su asistencia para optimizar dicha energía.

Gracias y saludos",high,closed,web,20254050953243,20254050953243,19579474867355,20265216319003,14481465021595,true,false,,offered,20427286020763,14481427110299,2025-11-14T16:26:23Z,2025-11-30T13:53:35Z,2026-08-06T15:19:10.327Z
9684,,incident,Interlock Memoria Acelerador Axesse,Interlock Memoria Acelerador Axesse,"Estimados al llegar esta mañana encontré un mensaje extraño en el Linac, dejo fotos.",normal,closed,web,20254050952347,20254050952347,22297930568347,14741297259931,14481465021595,true,false,,offered,20427286020763,14481427110299,2025-11-24T11:27:56Z,2025-11-30T15:55:02Z,2026-08-06T15:19:10.327Z
9703,,incident,Maquina detenida por falla desconocida,Maquina detenida por falla desconocida,El Linac arroja un error sin descripción que no permite tatar pacientes se requiere asistencia inmediata por favor.,urgent,closed,web,38368479928987,38368479928987,19579474867355,14742026913435,14481465021595,true,false,,offered,20427286020763,14481427110299,2025-11-27T11:26:59Z,2025-12-02T16:59:53Z,2026-08-06T15:19:10.327Z
9696,,incident,equipo detenido por problemas con magnetron,equipo detenido por problemas con magnetron,"El equipo se encuentra detenido por problemas en el magnetron tras el cambio realizado recientemente. se requiere con urgencia asistencia para volver al magnetron anterior. De forma adicional, se solicita una cotización para un magnetron nuevo, para organizar una compra en el futuro",urgent,closed,web,38368479928987,38368479928987,19579474867355,14742026913435,14481465021595,true,false,,offered,20427286020763,14481427110299,2025-11-26T13:53:20Z,2025-12-02T16:59:53Z,2026-08-06T15:19:10.327Z
463,,incident,Problemas movimiento camilla y sensor EPID,Problemas movimiento camilla y sensor EPID,"Camilla presenta problemas al colocar posición fija, intermitencia de valores en los 3 ejes: vertical, lateral y longitudinal.

Adicionalmente no se reconoce posición de guardado en EPID",high,closed,web,20254050946715,20254050946715,27816237178267,14742026913435,14481465021595,true,false,,offered,20427286020763,14481427110299,2024-09-09T14:09:25Z,2025-12-08T13:55:19Z,2026-08-06T15:19:10.327Z
9592,,incident,Interlock Table Long,Interlock Table Long,"15-10-2025; 8:38

Durante tratamiento se presenta interlock Table long. Tecnólogo logra sacar interlock y continuar con tratamiento.
Saludos




[cid:3d908535-5b8d-427e-9656-fd208025d0b5]",normal,closed,email,26080969273499,26080969273499,19579468718875,14741543428379,14481465021595,true,false,,offered,20427286020763,14481427110299,2025-10-15T11:39:05Z,2025-12-13T19:26:20Z,2026-08-06T15:19:10.327Z
9739,,incident,Pantalla de acelerador sin señal,Pantalla de acelerador sin señal,"Estimados

Repentinamente las pantallas del acelerador quedaron sin señal, se reinició el TRM sin resultado positivo. equipo detenido
Saludos




[cid:d98360ef-657a-4fcf-9205-a2548d94f5e9]",high,closed,email,26080969273499,26080969273499,19579468718875,14741543428379,14481465021595,true,false,,offered,20427286020763,14481427110299,2025-12-10T14:56:59Z,2025-12-14T15:44:55Z,2026-08-06T15:19:10.327Z
9737,,incident,Versa se apaga de forma espontanea,Versa se apaga de forma espontanea,"Estimados, el Versa se apagó de forma espontánea. Al intentar encenderlo vuelve a apagarse antes de completar el proceso de encendido.

Tenemos equipo detenido. Esperamos por su asistencia",urgent,closed,web,20254050953243,20254050953243,19579474867355,20265216319003,14481465021595,true,false,,good,20427286020763,14481427110299,2025-12-09T19:09:13Z,2025-12-14T15:44:55Z,2026-08-06T15:19:10.327Z
9567,,incident,Revisión de bomba de agua del equipo SunScan Reservoir,Revisión de bomba de agua del equipo SunScan Reservoir,"Estimados,
Para informar que la bomba de agua del equipo SunScan Reservoir está presentando intermitencia en su funcionamiento. La bomba no inicia correctamente al intentar inyectar o drenar el agua.
Para lograr que funcione, es necesario reiniciar el equipo varias veces mediante el botón de encendido/apagado, hasta que finalmente la bomba responde y comienza a operar con normalidad.
Solicito, por favor, que se programe una revisión técnica del sistema para verificar estado de la bomba.
Quedo atento a sus comentarios o a la confirmación de la visita técnica.
Saludos cordiales,



[cid:7a04510a-b312-46aa-a1a1-e36f775ad8e6]",normal,closed,email,26080969273499,26080969273499,14481448391451,14741543428379,14481465021595,true,false,,offered,20427286020763,14481427110299,2025-10-07T14:24:54Z,2025-12-15T19:16:44Z,2026-08-06T15:19:10.327Z
9751,,incident,Table long,Table long,Table long intermitente,,closed,email,26080982926747,26080982926747,19579468718875,14741543428379,14481465021595,true,false,,unoffered,20427286020763,14481427110299,2025-12-15T12:27:39Z,2025-12-15T20:39:07Z,2026-08-06T15:19:10.327Z
9428,,incident,Coordinación mantenimiento preventivo  Flexitron ,Coordinación mantenimiento preventivo  Flexitron ,"Buenos días Gonzalo.



Junto con saludar, y en referencia al mantenimiento anual del sistema Flexitron, tenemos disponibilidad para trabajos el  día jueves 04 de diciembre del 2025 entre  las 09:00h y 17:00h.



Quedo atento a tu  confirmación para agendar.



Saludos cordiales.



Atte.

Cristian Maldonado C.",normal,closed,web,20254020297371,20254020297371,19579487161371,14740499786395,14481465021595,true,false,,offered,34266025952155,14481427110299,2025-08-11T16:14:45Z,2025-12-16T13:49:40Z,2026-08-06T15:19:10.327Z
9471,,incident,Coordinación cambio de hora sábado 06 de Septiembre,Coordinación cambio de hora sábado 06 de Septiembre,"Estimado Gonzalo, buenos días.

Se crea ticket para que coordinemos el cambio de hora del sistema Flexitron  y oncentra. Esta previsto que el próximo sábado 6 de septiembre a la medianoche se realizará el cambio de hora oficial en Chile, adelantando los relojes en 1 hora (de las 00:00 a las 01:00).

Podemos dejarlo listo el viernes 07/09 al finalizar los trabajos en braqui?

Quedo atento a tus comentarios ,

Saludos .

Cristian Maldonado C",normal,closed,web,20254020297371,20254020297371,19579487161371,14740499786395,14481465021595,true,false,,offered,34266025952155,14481427110299,2025-08-28T15:05:45Z,2025-12-16T13:49:41Z,2026-08-06T15:19:10.327Z
9746,,incident,Panel de control lateral de camilla está suelto,Panel de control lateral de camilla está suelto,"Panel de control lateral izquierdo de camilla está suelto.


[cid:74f446dc-37bc-4f2b-b834-82b81d41f4a3]",normal,closed,email,26080969273499,26080969273499,19579468718875,14741543428379,14481465021595,true,false,,offered,20427286020763,14481427110299,2025-12-11T17:40:08Z,2025-12-16T15:54:24Z,2026-08-06T15:19:10.327Z
9734,,incident,Solicitud de colaboración para prueba de interruptores de emergencia del acelerador lineal,Solicitud de colaboración para prueba de interruptores de emergencia del acelerador lineal,"Estimados señores de EyG,
Espero se encuentren muy bien.
Por medio del presente, solicito vuestra colaboración, mediante la participación del Ing. Roberto A., para la realización de la prueba de los interruptores de emergencia asociados al acelerador lineal. Su presencia es necesaria debido a que, como ingeniero de servicio, cuenta con la capacitación y autorización para ejecutar estas pruebas de manera segura y sin riesgo para la integridad del equipo.
Propongo llevar a cabo esta actividad el viernes 12, una vez concluidos los tratamientos clínicos del día, con el fin de no interferir con la operación habitual del equipo.
Agradezco confirmar su disponibilidad para esa fecha.
Quedo atento a cualquier comentario o requerimiento adicional para la correcta realización de la prueba.
Saludos cordiales,





[cid:38dc7681-b102-4285-a998-259652993560]",normal,closed,email,26080969273499,26080969273499,19579468718875,14741543428379,14481465021595,true,false,,offered,20427286020763,14481427110299,2025-12-09T17:26:33Z,2025-12-16T15:54:24Z,2026-08-06T15:19:10.327Z
9732,,incident,Falla XVI - Fault 33 - despejada gracias a FM Camilo de la Barra,Falla XVI - Fault 33 - despejada gracias a FM Camilo de la Barra,"Falla XVI - Fault 33 - despejada gracias a accion del FM Camilo de la Barra Olate (aprendido de fallas anteriores)

Se encontro abajo el interruptor K2 GEN Rayos X, del tablero Principal (se veia en posicion intermedia). Por lo que se bajo este interruptor automatico, a continuacion se bajo tambien el interruptor de palanca (OFF) de K2 GEN Rayos X, encendiendo luz roja (apagado). Luego se espero 5 segundos y se subio el interruptor automatico K@ GEN Rayos de arriba, y finalmente se subio el interruptor de palanca (ON), encienciendo luz verde (energizado).

Nota: se deja esta constancia para registro de falla ocurrida y despejada antes de las 08:00 am, para seguimiento en el caso de que vuelva a ocurrir.",high,closed,web,20254050947483,20254050947483,19579474867355,14741593614363,14481465021595,true,false,,offered,20427286020763,14481427110299,2025-12-09T13:55:45Z,2025-12-20T15:12:57Z,2026-08-06T15:19:10.327Z
9661,,incident,Interlock reflector MLC VERSA 1,Interlock reflector MLC VERSA 1,"Estimados,

Se requiere revisión del MLC del VERSA 1 porque continua apareciendo los mismos interlocks asociados a Reflector.

Saludos,

Manuel.",high,closed,web,20254020292379,20254020292379,19579474867355,14741389938587,14481465021595,true,false,,offered,20427286020763,14481427110299,2025-11-12T20:06:57Z,2025-12-20T15:12:58Z,2026-08-06T15:19:10.327Z
9749,,incident,Dose rate mon,Dose rate mon,"Hola José

Según conversado, informo que el equipo presenta interlock Dose rate Mon con 6FFF, interrumpiendo tratamientos.

Saludos",urgent,closed,web,20254020299291,20254020299291,22297930568347,14741597726619,14481465021595,true,false,,offered,20427286020763,14481427110299,2025-12-12T12:26:39Z,2025-12-20T16:13:10Z,2026-08-06T15:19:10.327Z
9685,,incident,Interlock Low Water Pressure VERSA 1,Interlock Low Water Pressure VERSA 1,"Estimados,

Se requiere revision del VERSA 1 por interlock Low Water Pressure y no permite irradiar.

Saludos,

Manuel.",urgent,closed,web,20254020292379,20254020292379,20210900681499,14741389938587,14481465021595,true,false,,offered,20427286020763,14481427110299,2025-11-24T12:15:50Z,2025-12-20T16:13:10Z,2026-08-06T15:19:10.327Z
9723,,incident,Problemas MLC Infinity ,Problemas MLC Infinity ,"Estimados, buen día, El día de hoy no fue posible cargar campos en el equipo Infinity, adjunto errores, equipo detenido",urgent,closed,web,23562920769947,23562920769947,27816237178267,14741297259931,14481465021595,true,false,,offered,20427286020763,14481427110299,2025-12-04T11:09:53Z,2025-12-20T16:13:11Z,2026-08-06T15:19:10.327Z
9689,,incident,Inestabilidad de los haces de fotones VERSA 1,Inestabilidad de los haces de fotones VERSA 1,"Estimados,

Se requiere revisión de haces de fotones del VERSA 1 por inestabilidad de la tasa de dosis y energía.

Equipo no operativo clínicamente.

Saludos,

Manuel.",urgent,closed,web,20254020292379,20254020292379,20210900681499,14741389938587,14481465021595,true,false,,offered,20427286020763,14481427110299,2025-11-24T15:33:32Z,2025-12-20T16:13:11Z,2026-08-06T15:19:10.327Z
9706,,incident,Problemas en posicionamiento de Hexapod,Problemas en posicionamiento de Hexapod,Inconsistencia en los resultados esperados para las pruebas de posicionamiento con la camilla Hexapod,high,closed,web,36182421530907,36182421530907,20210900681499,14741318546075,14481465021595,true,false,,offered,20427286020763,14481427110299,2025-11-27T19:55:21Z,2025-12-21T17:48:00Z,2026-08-06T15:19:10.327Z
9742,,incident,Conebeam presenta artefacto,Conebeam presenta artefacto,Conebeam presenta artefacto,high,closed,web,36182421530907,36182421530907,20210900681499,14741318546075,14481465021595,true,false,,offered,20427286020763,14481427110299,2025-12-10T20:25:24Z,2025-12-21T17:48:01Z,2026-08-06T15:19:10.327Z
9748,,incident,Importación plan respalado,Importación plan respalado,"Buen día,

Con gusto de saludar me comunico con usted para solicitar la importación a Monaco de plan previamente respaldado de Jose Gonzalez Yañez (4.278.986-0), plan de prueba en el que se cuantificaba solo 1 sesión

Saludos!

Sebastián Flores Acuña
TM Radioterapia HCM",low,closed,email,40109334283675,40109334283675,14481448391451,14741543428379,14481465021595,true,false,,offered,20427286020763,14481427110299,2025-12-12T11:50:00Z,2025-12-26T12:20:29Z,2026-08-06T15:19:10.327Z
9743,,incident,Switches sin luz,Switches sin luz,"Hola!
Recien tuvimos un corte de luz, y si bien todas las upc funcionaron bien, se cayo la red en planning y eso botó medio servicio.
Evaluar una upc en la cajita de switches u otra solucion.

Saludos

JL",low,closed,email,26080982926747,26080982926747,14481448391451,14741543428379,14481465021595,true,false,,offered,20427286020763,14481427110299,2025-12-11T13:01:11Z,2025-12-26T12:20:30Z,2026-08-06T15:19:10.327Z
9764,,incident,Multiples interlocks mas charco de agua en sala de maquinas de origen desconocido,Multiples interlocks mas charco de agua en sala de maquinas de origen desconocido,"Estimados,

Se requiere revision del VERSA 1 por interlocks:

Facility 1 State, Temp Diff, Pressure Diff, Diap Rot.

Además, el equipo amaneció con un charco de agua de origen desconocido en la sala de máquinas.

Equipo detenido.

Saludos,

Manuel Castrillón.",urgent,closed,web,20254020292379,20254020292379,19579474867355,14741389938587,14481465021595,true,false,,offered,20427286020763,14481427110299,2025-12-19T11:52:03Z,2025-12-26T15:25:04Z,2026-08-06T15:19:10.327Z
9695,,incident,Falla HEXAPOD VERSA 2,Falla HEXAPOD VERSA 2,"Estimados,

Se requiere revision del HEXAPOD del VERSA 2 porque no alcanza la posicion de referencia durante chequeo diario.

Saludos,

Manuel.",normal,closed,web,20254020292379,20254020292379,19579474867355,14741389938587,14481465021595,true,false,,offered,20427286020763,14481427110299,2025-11-26T12:50:35Z,2025-12-26T15:25:04Z,2026-08-06T15:19:10.327Z
9774,,incident,falla Gantry Stop - no puedo hacer QA de paciente - Equipo detenido,falla Gantry Stop - no puedo hacer QA de paciente - Equipo detenido,"Falla Gantry Stop que impide terminar de irradiar paciente que necesito efectuar control QA especifico. Equipo CL2 Infinity detenido. Se requiere la asistencia en terreno lo antes posible. Por favor indicar llegada del ingeniero a terreno, lo puedo esperar (estoy de turno hasta las 20 horas de hoy, haciendo mediciones, QA, y también colaborando con los ingenieros que están trabajando en el otro acelerador del INC ).

Nota = adjunto dos imágenes describiendo esta falla, indica que el gantry esta fuera de tolerancia o fallo en alcanzar el valor de parada en el arco. Podría tener relación con el motor del gantry que se tiene que reemplazar, para que por favor traigan este repuesto también.",urgent,closed,web,20254050947483,20254050947483,20210900681499,14741593614363,14481465021595,true,false,,good,20427286020763,14481427110299,2025-12-24T17:39:43Z,2025-12-28T21:46:49Z,2026-08-06T15:19:10.327Z
9775,,incident,DOSE RATE MON 6MeV INFINITY,DOSE RATE MON 6MeV INFINITY,"TASA DE DOSIS DE 6MeV SE CAE EN MODO CLINICO IMPOSIBILITANDO IRRADIAR A LOS PACIENTES, SERA UN SINTOMA DE CAMBIO DE GUN DEL LINAC?

Quedo atento.",normal,closed,web,20254050952347,20254050952347,19579474867355,14741297259931,14481465021595,true,false,,offered,20427286020763,14481427110299,2025-12-24T17:41:15Z,2026-01-02T14:44:09Z,2026-08-06T15:19:10.327Z
9690,,incident,2T 15MeV electrones,2T 15MeV electrones,"Buen día estimados,

Equipo Axesse no permitió irradiar el campo del control diario en la energía de 15MeV, marca 2T error",normal,closed,web,23562920769947,23562920769947,19579474867355,14741297259931,14481465021595,true,false,,good,20427286020763,14481427110299,2025-11-25T10:51:27Z,2026-01-02T14:44:09Z,2026-08-06T15:19:10.327Z
9716,,incident,Notebook de qa no carga,Notebook de qa no carga,"He probado cambiando el cargador (tenemos dos iguales), reseteando la bateria desde la bios, reseteando desde el botoncito oculto de abajo, de todo. Ni prende (se quedo sin bat) ni carga (dejo de cargar en algun momento)

Entiendo que estan en garantia.

Quedo atento, saludos
JL",normal,closed,email,26080982926747,26080982926747,14481448391451,14741543428379,14481465021595,true,false,,offered,20427286020763,14481427110299,2025-12-02T11:48:18Z,2026-01-03T20:16:37Z,2026-08-06T15:19:10.327Z
9677,,incident,Problema Mosaiq,Problema Mosaiq,"Buenas Tardes,

Trabajadora Social me informa problemas al abrir mosaiq. Adjunto mensaje error

Saludos

Sebastián Flores Acuña
TM Radioterapia HCM
92ACE4CB-68B7-4D52-AE1C-69EA4F0CA255.jpeg",normal,closed,email,40109334283675,40109334283675,14481448391451,14741543428379,14481465021595,true,false,,offered,20427286020763,14481427110299,2025-11-19T19:22:02Z,2026-01-03T20:16:38Z,2026-08-06T15:19:10.327Z
9782,,incident,falla humidificador y AACC del bunker del Infinity,falla humidificador y AACC del bunker del Infinity,"Estimados EyG,

Fallo el sistema de aire acondicionado y el humidificador del bunker del Infinity. La sala se encuentra ya en 24 grados Celcius. Por favor atender lo antes posible en terreno. Muchas gracias.",low,closed,web,20254050947483,20254050947483,19579474867355,14741593614363,14481465021595,true,false,,good,20427286020763,14481427110299,2025-12-30T12:17:00Z,2026-01-06T17:23:00Z,2026-08-06T15:19:10.327Z
9733,,incident,ruido muy fuerte al girar el gantry del Infinity - por favor investigar,ruido muy fuerte al girar el gantry del Infinity - por favor investigar,"Al rotar el gantry del Infinity se escucha un ruido muy fuerte y atipico. Parece un roce mecanico, o falta de lubricacion. Por favor investigar cuanto antes en terreno, para despejar dudas si este ruido esta dentro de lo normal o no.",normal,closed,web,20254050947483,20254050947483,19579474867355,14741593614363,14481465021595,true,false,,offered,20427286020763,14481427110299,2025-12-09T14:44:59Z,2026-01-10T14:33:28Z,2026-08-06T15:19:10.327Z
9778,,incident,Reaparición falla “Gantry Stop” – CL02 Infinity / Ticket 9774,Reaparición falla “Gantry Stop” – CL02 Infinity / Ticket 9774,"Estimados EyG,

Junto con saludar cordialmente, informo que, tal como ocurrió el miércoles 24, ha vuelto a presentarse la falla **“Gantry Stop”** en el acelerador **Infinity**, la cual **detiene la entrega** y requiere **despeje manual desde consola**, para luego **recargar al paciente** y reanudar el tratamiento.

La ocurrencia está siendo **aleatoria** en algunos pacientes; dichos casos están siendo copiados como **“Copy to Service”** para su análisis.

Cabe señalar que el día miércoles, en el marco del **Ticket 9774**, EyG realizó un proceso de **Learning**, además de **lubricación, limpieza y ajustes**. No obstante, se mantiene **pendiente** la intervención correctiva principal: el **cambio del motor de gantry previamente diagnosticado con falla**.

En este contexto, y considerando que estas anomalías podrían estar relacionadas, reitero nuestra disponibilidad para **entregar el equipo a partir del mediodía del próximo miércoles 31 de diciembre**, con el objetivo de **abordar integralmente los problemas asociados al gantry** y concretar la acción correctiva pendiente.

Agradeceré confirmar **a la brevedad**:

1.

si la intervención del **31/12 desde 12:00** queda **agendada y confirmada**, y

2.

el **plan de trabajo** y recursos/partes requeridas (incluyendo confirmación del **motor**), para asegurar la resolución definitiva.

Adjunto imagen de esta falla y quedo atento a su respuesta.

Saludos cordiales,

Andres Perez Veloso",urgent,closed,web,20254050947483,20254050947483,19579474867355,14741593614363,14481465021595,true,false,,offered,20427286020763,14481427110299,2025-12-29T17:01:30Z,2026-01-10T14:33:29Z,2026-08-06T15:19:10.327Z
9785,,incident,Maquina se reinicia sola,Maquina se reinicia sola,"Versa se reinicia solo, dos veces. Una al intentar irradiar y la otra al terminar el mismo tratamiento.
20251230_105921.jpg
20251230_105838.jpg
20251230_105805.jpg
20251230_105746.jpg",normal,closed,email,26080982926747,26080982926747,19579468718875,14741543428379,14481465021595,true,false,,offered,20427286020763,14481427110299,2025-12-30T14:21:57Z,2026-01-10T16:35:10Z,2026-08-06T15:19:10.327Z
9745,,incident,Interlock Table Long,Interlock Table Long,"Para dejar constancia, se presentó interlock Table long previo a tratamiento de un paciente, alrededor de las 11:00 horas, se logró sacar realizando movimientos suaves de la camilla en longitudinal. se informará de cualquier otro evento relacionado.
Saludos





[cid:dfc9d19c-3919-4bd9-9614-c55d6d994223]",normal,closed,email,26080969273499,26080969273499,19579468718875,14741543428379,14481465021595,true,false,,offered,20427286020763,14481427110299,2025-12-11T15:01:53Z,2026-01-10T16:35:10Z,2026-08-06T15:19:10.327Z
9770,,incident,Water Temp,Water Temp,"Estimados, tenemos máquina detenida por water temp. No es posible realizar ningún movimiento en la máquina. El chiller funciona correctamente. Esperamos su asistencia.

Saludos",urgent,closed,web,20254050953243,20254050953243,20210900681499,20265216319003,14481465021595,true,false,,offered,20427286020763,14481427110299,2025-12-22T15:43:32Z,2026-01-11T14:49:47Z,2026-08-06T15:19:10.327Z
9801,,incident,Gantry Stop-Infinity detenido - se requiere atencion en terreno lo antes posible,Gantry Stop-Infinity detenido - se requiere atencion en terreno lo antes posible,"Gantry Stop, Infinity detenido - se requiere atencion en terreno lo antes posible. Los esperamos.

Gracias !",urgent,closed,web,20254050947483,20254050947483,22297930568347,14741593614363,14481465021595,true,false,,offered,20427286020763,14481427110299,2026-01-08T19:18:22Z,2026-01-13T13:27:20Z,2026-08-06T15:19:10.327Z
9796,,incident,Gantry Stop aleatorio en CL2 Infinity,Gantry Stop aleatorio en CL2 Infinity,"Buenos dias, Sigue dando Gantry Stop aleatorio, a veces ha dado hasta 8 veces por paciente.

Por favor revisar/reparar este viernes 9 de enero a partir de las 7 pm.

Muchas gracias !",urgent,closed,web,20254050947483,20254050947483,22297930568347,14741593614363,14481465021595,true,false,,good,20427286020763,14481427110299,2026-01-06T13:32:32Z,2026-01-13T13:27:21Z,2026-08-06T15:19:10.327Z
9252,,incident,Ruido y vibracion PC CCP VERSA 1,Ruido y vibracion PC CCP VERSA 1,"Estimados, Se presenta ruido extraño y mucha vibración en el computador CCP del VERSA 1. Se requiere revision urgente. Saludos, Manuel.",urgent,closed,web,20254020292379,20254020292379,22968357015195,14741389938587,14481465021595,true,false,,offered,20427286020763,14481427110299,2025-06-11T12:45:53Z,2026-01-16T14:40:10Z,2026-08-06T15:19:10.327Z
9566,,incident,FALLA EN IMPRESORA ZEBRA,FALLA EN IMPRESORA ZEBRA,"Estimados, informo que nuevamente está fallando la impresora ZEBRA. 
Agradecería una pronta solución.

Se despide atte,",normal,closed,email,27800736907291,14481448391451,14481448391451,14741543428379,14481465021595,true,false,,offered,20427286020763,14481427110299,2025-10-06T16:22:07Z,2026-01-17T13:02:30Z,2026-08-06T15:19:10.327Z
9805,,incident,System on water temp,System on water temp,Maquina cae a system on por water temp,high,closed,email,26080982926747,26080982926747,19579468718875,14741543428379,14481465021595,true,false,,offered,20427286020763,14481427110299,2026-01-12T11:13:41Z,2026-01-17T18:07:56Z,2026-08-06T15:19:10.327Z
9799,,incident,Interlocks MLC VERSA 1,Interlocks MLC VERSA 1,"Estimados,

Se requiere revision del MLC del VERSA 1 por alta frecuencia de aparicion de interlocks asociados a reflector.

Saludos,

Manuel.",high,closed,web,20254020292379,20254020292379,22297930568347,14741389938587,14481465021595,true,false,,offered,20427286020763,14481427110299,2026-01-07T11:15:05Z,2026-01-18T12:26:10Z,2026-08-06T15:19:10.327Z
9807,,incident,Equipo no logra iniciar,Equipo no logra iniciar,"Equipo no logra iniciar, no logra pasar verificación del sistema de control",high,closed,web,36182421530907,36182421530907,22297930568347,14741318546075,14481465021595,true,false,,offered,20427286020763,14481427110299,2026-01-13T11:09:12Z,2026-01-18T12:26:11Z,2026-08-06T15:19:10.327Z
9812,,incident,Table long,Table long,Table long,high,closed,email,26080982926747,26080982926747,19579468718875,14741543428379,14481465021595,true,false,,offered,20427286020763,14481427110299,2026-01-14T14:00:45Z,2026-01-18T16:32:48Z,2026-08-06T15:19:10.327Z
9781,,incident,"Equipo detenido por Problema con ""Tasa de dosis baja Canal A"" y B","Equipo detenido por Problema con ""Tasa de dosis baja Canal A"" y B","Tras accionamiento accidental de un botón de parada de emergencia del equipo, al hacer el control diario arroja ""Tasa dosis Baja canal A"" y lo mismo para el B. Se realiza recalibración de las cámaras de UM del cabezal, pero problema persiste. Se requiere asistencia urgente, ya que el equipo se encuentra detenido.",urgent,closed,web,38368479928987,38368479928987,22297930568347,14742026913435,14481465021595,true,false,,offered,20427286020763,14481427110299,2025-12-29T17:54:26Z,2026-01-19T15:56:35Z,2026-08-06T15:19:10.327Z
9181,,incident,Pendant no operativo,Pendant no operativo,"Estimados, informo que el pendant que se reparó no quedó operativo. Se probó al día siguiente que se recepcionó y no funcionó. Esta información se conversó con el Jefe de servicio técnico, Carlos Carrasquel.

Favor solicito evaluar garantía ya que es nuevo.



Saludos cordiales",high,closed,web,20254050946715,20254050946715,19579474867355,14742026913435,14481465021595,true,false,,offered,20427286020763,14481427110299,2025-05-07T19:10:59Z,2026-01-19T15:56:36Z,2026-08-06T15:19:10.327Z
9804,,incident,Calibración hexapod,Calibración hexapod,"Estimados,

Les escribo ya que la prueba diaria de la hexapod esta presentando una desviación respecto a los láseres.

Cuando podrían venir para realizar la calibración?

Nosotros proponemos el que sea el día martes 13 de enero.

Quedamos atentos.

Muchas gracias.",high,closed,web,20254050952987,20254050952987,22297930568347,20265216319003,14481465021595,true,false,,good,20427286020763,14481427110299,2026-01-09T17:18:07Z,2026-01-19T15:56:37Z,2026-08-06T15:19:10.327Z
9795,,incident,Infinity se apaga solo,Infinity se apaga solo,"Infinity se apaga solo, entrega aviso que en 5 min se apagara... luego se tiene que esperar el Time Delay 15 min y volver a efectuar control dosimetrico... esto significa un atraso de 20 minutos aprox.

Esta es una falla antigua que se repite cada cierto tiempo, esta pendiente el reemplazo de la UPS de la consola por parte de EyG.

Adjunto imagenes de falla.",urgent,closed,web,20254050947483,20254050947483,22297930568347,14741593614363,14481465021595,true,false,,unoffered,20427286020763,14481427110299,2026-01-06T11:27:57Z,2026-01-22T15:52:07Z,2026-08-06T15:19:10.327Z
9816,,incident,Falla del tubo de rayos X,Falla del tubo de rayos X,"A las 8:05 am se reporta falla del tubo de RX en el proceso de warm up. Se solicita asistencia del servicio técnico de forma urgente para su evaluación y corrección.

Equipo detenido.",urgent,closed,web,35062929091611,35062929091611,19579474867355,14741593614363,14481465021595,true,false,,offered,20427286020763,14481427110299,2026-01-15T15:18:57Z,2026-01-23T13:59:56Z,2026-08-06T15:19:10.327Z
9821,,incident,solicitud cambio de thyratron,solicitud cambio de thyratron,"Dado que se nos informó de la llegada del repuesto de thyratron, se solicita por favor venida para instalación en horario acordado con ingeniero don Manuel.",urgent,closed,web,38368479928987,38368479928987,22297930568347,14742026913435,14481465021595,true,false,,offered,20427286020763,14481427110299,2026-01-20T10:44:48Z,2026-01-25T18:14:30Z,2026-08-06T15:19:10.327Z
9845,,incident,Problemas para ingresar a mosaiq de manera local,Problemas para ingresar a mosaiq de manera local,"Problemas para ingresar a Mosaiq desde PC que posee instalacion local del software.

Al no poder ingresar, personal administrativo no puede realizar sus labores cotidianas.

Se adjuntan fotografias indicando el problema.

Se solicita asistencia a la brevedad.",urgent,closed,web,20254050948123,20254050948123,22968357015195,14741593614363,14481465021595,true,false,,unoffered,20427286020763,14481427110299,2026-01-27T12:20:06Z,2026-01-27T12:54:28Z,2026-08-06T15:19:10.327Z
9762,,incident,Solicitud de MP Flexitro,Solicitud de MP Flexitro,"Estimados a través de este ticket solicito se pueda hacer una MP sin fuente el viernes 16/01/2026.

Saludos.",normal,closed,web,20254050952347,20254050952347,22297930568347,14741297259931,14481465021595,true,false,,offered,34266025952155,14481427110299,2025-12-18T13:00:02Z,2026-01-29T14:24:17Z,2026-08-06T15:19:10.327Z
9811,,incident,Se solicita calibración de láseres de sala de equipo Versa,Se solicita calibración de láseres de sala de equipo Versa,Se solicita calibración de láseres de sala de equipo Versa,high,closed,web,36182421530907,36182421530907,22297930568347,14741318546075,14481465021595,true,false,,offered,20427286020763,14481427110299,2026-01-14T13:03:01Z,2026-01-30T15:11:11Z,2026-08-06T15:19:10.327Z
9853,,incident,consulta por situacion MLC en rojo (falla) en Mosaiq con Infinity sin inhibits irradiando,consulta por situacion MLC en rojo (falla) en Mosaiq con Infinity sin inhibits irradiando,"Estimados EyG/Elekta: Tenemos una consulta técnica, para poder dar inicio a tratamientos de hoy: En medición de paciente especifico se presento aviso de falla de MLC en Mosaiq, mientras se irradiaba, sin mostrar Inhibit en Infinity. Adjunto video mostrando esta situacion.

Por favor indicar si esto es ""normal"", o se requiere intervenir/reparar el acelerador, para dejarlo detenido para su reparación.

Quedamos atentos a su indicación técnica, y a la espera para dar inicio a tratamientos el día de hoy.",urgent,closed,web,20254050947483,20254050947483,22297930568347,14741593614363,14481465021595,true,false,,unoffered,20427286020763,14481427110299,2026-01-29T10:45:39Z,2026-01-30T15:19:37Z,2026-08-06T15:19:10.327Z
9822,,incident,Posicion de laminas fuera de tolerancia,Posicion de laminas fuera de tolerancia,"Posición de laminas evidentemente fuera de tolerancia. Se realiza medición de campo de 10x10, la medición muestra mala conformación, se revisa posición de MLC dentro de bunker y se evidencia una forma dentada.

Se solicita ingeniero en terreno a primera hora para calibración de posición de laminas, ya que el equipo se encuentra no operativo debido a que se encuentra fuera de tolerancia.",urgent,closed,web,20254050948123,20254050948123,19579474867355,14741593614363,14481465021595,true,false,,offered,20427286020763,14481427110299,2026-01-21T00:38:20Z,2026-01-30T19:15:29Z,2026-08-06T15:19:10.327Z
9832,,incident,Falla intermitente de posicion de laminas,Falla intermitente de posicion de laminas,"En varias ocasiones y con diversos planes de pacientes lamina no llega a posición, se adjunta video con registro de problema y lamina que lo ocasiona.

Se solicita que ingenieros a primera hora por problema solucionar problema.",urgent,closed,web,20254050948123,20254050948123,22297930568347,14741593614363,14481465021595,true,false,,offered,20427286020763,14481427110299,2026-01-23T00:55:20Z,2026-02-01T11:51:47Z,2026-08-06T15:19:10.327Z
9841,,incident,Optimización 10 FFF y 10 WFFF,Optimización 10 FFF y 10 WFFF,"Estimados,

El presete tikect es para solicitarles la optimización de las energias 10 MV (FFF y WFFF).

Tenemos disponibilidad para el día de mañana (martes 27) desde las 17:00 horas.

Quedamos atentos.

Muchas gracias.",high,closed,web,20254050952987,20254050952987,22297930568347,20265216319003,14481465021595,true,false,,offered,20427286020763,14481427110299,2026-01-26T17:35:39Z,2026-02-02T00:04:05Z,2026-08-06T15:19:10.327Z
9847,,incident,Beam Timer Energia de 6MV ,Beam Timer Energia de 6MV ,Estimados hemos estado todo el dia con beam timer en el infinity y con energia de 6mv por si pueden revisarla via intellimax nos avisan por favor,high,closed,web,20254050952347,20254050952347,22297930568347,14741297259931,14481465021595,true,false,,offered,20427286020763,14481427110299,2026-01-27T20:07:54Z,2026-02-03T19:18:04Z,2026-08-06T15:19:10.327Z
9854,,incident,Dose rate mon Infinity,Dose rate mon Infinity,"Buen día estimados, equipo Infinity con dose rate mon en 6MV no permitiendo irradiar, equipo detenido",urgent,closed,web,23562920769947,23562920769947,22297930568347,14741297259931,14481465021595,true,false,,offered,20427286020763,14481427110299,2026-01-29T11:08:33Z,2026-02-03T19:18:05Z,2026-08-06T15:19:10.327Z
9851,,incident,equipo detenido por lamina 37,equipo detenido por lamina 37,"Hola,

estamos detenidos.

Falla de MLC

Los esperamos ojala hoy que es día de pasar a pacientes con quimioterapia



GraciaS",high,closed,web,20254020300315,20254020300315,22297930568347,14741597726619,14481465021595,true,false,,offered,20427286020763,14481427110299,2026-01-28T16:32:50Z,2026-02-03T19:18:05Z,2026-08-06T15:19:10.327Z
9865,,incident,"Chiller del Infinity CL2 botando agua y con alarma de compresor, favor antender lo antes posible","Chiller del Infinity CL2 botando agua y con alarma de compresor, favor antender lo antes posible","Estimados EyG: Chiller del Infinity CL2 botando agua y con alarma de compresor, favor antender lo antes posible. Adjunto video mostrando problemas.",urgent,closed,web,20254050947483,20254050947483,22297930568347,14741593614363,14481465021595,true,false,,offered,20427286020763,14481427110299,2026-02-02T22:29:20Z,2026-02-07T18:49:59Z,2026-08-06T15:19:10.327Z
9862,,incident,Interlock target chk,Interlock target chk,Aparece interlock target chk al cambiar de energías de electrones a fotones.,high,closed,web,20254050952603,20254050952603,20210900681499,14741297259931,14481465021595,true,false,,offered,20427286020763,14481427110299,2026-02-02T11:34:00Z,2026-02-09T12:41:25Z,2026-08-06T15:19:10.327Z
9889,,incident,Doseratemon,Doseratemon,Doseratemon 10fff,,closed,email,26080982926747,26080982926747,19579474867355,14741543428379,14481465021595,true,false,,unoffered,20427286020763,14481427110299,2026-02-10T17:27:01Z,2026-02-10T17:44:54Z,2026-08-06T15:19:10.327Z
9496,,incident,otro apagado automático de consola,otro apagado automático de consola,"Estimados EyG, hoy ocurrió otro apagado de consola del Infinity. Evento donde se indica que dentro de 5 minutos mas se apagara el equipo. Se tuvo que volver a encender el equipo, espera de TimeDelay de 15 minutos y vuelta a medir el Control Dosimetrico. Esta falla aleatoria afecta la continuidad de los tratamientos.",urgent,closed,web,20254050947483,20254050947483,22297930568347,14741593614363,14481465021595,true,false,,offered,20427286020763,14481427110299,2025-09-05T12:52:01Z,2026-02-13T19:17:02Z,2026-08-06T15:19:10.327Z
9878,,incident,"falla MLC equipo detenido, por favor atender a primera hora el lunes","falla MLC equipo detenido, por favor atender a primera hora el lunes","Buenas tardes, falla de MLC, equipo detenido, por favor atender a primera hora el lunes. adjunto imagen de la falla que impide operar el Infinity, ya que todo el MLC esta bloqueado.",urgent,closed,web,20254050947483,20254050947483,22297930568347,14741593614363,14481465021595,true,false,,offered,20427286020763,14481427110299,2026-02-06T23:27:09Z,2026-02-13T20:18:31Z,2026-08-06T15:19:10.327Z
9817,,incident,Solicitud de conexión para el TRM,Solicitud de conexión para el TRM,Se solicita el colocar un mouse inalambrico en conexión con el trm del VersaHD,low,closed,web,26132276827035,14481448391451,14481448391451,14741543428379,14481465021595,true,false,,good,20427286020763,14481427110299,2026-01-19T12:29:16Z,2026-02-14T12:35:20Z,2026-08-06T15:19:10.327Z
9868,,incident,Optimización de la tasa de dosis,Optimización de la tasa de dosis,"Estimados,

Hemos estado observando que durante el chequeo diario (realizado antes del tratamiento de los pacientes), la tasa de dosis de las energías de 6MV, 10 MV y 6FFF están un poco mas baja de lo normal, por lo cual el Daily QA nos arroja un error. Esto se normaliza durante el día para la energía de 6 MV y 6 FFF (son las que mas usamos clínicamente).

Hemos estado pre-irradiando el equipo con 1000 UM energía de 6 y 10 MV pero esto no nos recupera la tasa en la mañana.

Quedamos atentos a sus comentarios.

Saludos,",high,closed,web,20254050952987,20254050952987,20210900681499,20265216319003,14481465021595,true,false,,offered,20427286020763,14481427110299,2026-02-03T15:20:11Z,2026-02-17T19:36:25Z,2026-08-06T15:19:10.327Z
9905,,incident,Table Long,Table Long,"Se presenta interlock Table Long. Equipo detenido


[cid:8310b151-02f9-42f4-9c4d-5ee03da8defb]",normal,closed,email,26080969273499,26080969273499,19579474867355,14741543428379,14481465021595,true,false,,offered,20427286020763,14481427110299,2026-02-13T14:44:11Z,2026-02-17T21:47:29Z,2026-08-06T15:19:10.327Z
9890,,incident,Interlock Target chk,Interlock Target chk,"Buenas noches estimados,

Interlock Target chk impide irradiar con electrones.

Según lo conversado vía whatsapp con Mauricio, este correctivo quedo agendado para el miércoles 11 de feb a las 16:00 horas.

Maquina detenida para electrones.

Saludos,",high,closed,web,20254050952987,20254050952987,27816237178267,20265216319003,14481465021595,true,false,,good,20427286020763,14481427110299,2026-02-10T23:56:26Z,2026-02-19T16:45:12Z,2026-08-06T15:19:10.327Z
9915,,incident,Conebeam de versa se detiene,Conebeam de versa se detiene,"Conebeam del versa no pasa pruebas de fisica, se detiene a mitad de la adquisición",urgent,closed,web,36182421530907,36182421530907,19579474867355,14741318546075,14481465021595,true,false,,offered,20427286020763,14481427110299,2026-02-20T11:31:24Z,2026-02-24T18:15:21Z,2026-08-06T15:19:10.327Z
9627,,incident,Asunto: consulta a elekta por comportamiento de DLG,Asunto: consulta a elekta por comportamiento de DLG,"Este es un seguimiento de su solicitud anterior #9438 ""consulta a elekta por comportamiento de DLG""

Hola. Hoy 27 de octubre vuelve a ocurrir la falla:

Se ejecuta prueba de Picket fence con gantry en 0° (PFG0), la ejecuta completa sin activar interlock. En imagen de iView se observa la mitad derecha bloqueada. Al entrar al bunker se observa luz de campo de la apertura en ranura tras finalizar en PFG0. Se repite prueba con el mismo resultado (se graba un video de aquello).

Se adquiere un campo de 20x20 sin problema. La imagen en iView muestra el campo de 20x20. Se repite PFG0 2 veces. Ambas veces sin problemas y con imágenes con patrón de PF habitual.

Se informa y se envía video por WhatsApp a Jorge Garay (Elekta) y Carlos Carrasquel.",high,closed,web,20254020299291,20254020299291,19579474867355,14741597726619,14481465021595,true,false,,offered,20427286020763,14481427110299,2025-10-27T13:10:43Z,2026-02-26T15:31:13Z,2026-08-06T15:19:10.327Z
9921,,incident,Usuario citrix,Usuario citrix,"Buenos días,

Junto con saludar, solicito usuario de acceso a citrix para tecnólogo médico Cristóbal Vivanco Lagos

Saludos 

Catalina Vargas Viano
TM Radioterapia HCM",low,closed,email,26132276827035,14481448391451,14481448391451,14741543428379,14481465021595,true,false,,offered,20427286020763,14481427110299,2026-02-24T21:42:58Z,2026-03-02T01:52:19Z,2026-08-06T15:19:10.327Z
9941,,incident,falla XVI - no finaliza la adquisicion CBCT- se detiene el gantry - equipo detenido - ingeniero en terreno urgente,falla XVI - no finaliza la adquisicion CBCT- se detiene el gantry - equipo detenido - ingeniero en terreno urgente,"Falla XVI no finaliza la adquisición CBCT- se detiene el gantry - equipo Infinity detenido, por favor indicar el nombre del ingeniero de servicio que vendrá a terreno para tomar contacto y poder programar la agenda de pacientes de hoy.

Este problema del CBCT del XVI se esta presentando aleatoriamente desde hace unos días atrás, y se ha tenido que repetir el CBCT mas de una vez para lograr obtener la imagen, a veces ha funcionado reiniciar el computador o la aplicacion de XVI, o se ha invertido la dirección de adquisición de la imagen. Esto ha significado una demora en los tratamientos, y como se ha tenido que intentar adquirir CBCT repetidas veces, se ha incrementando la dosis de radiación que recibe el paciente.  Ahora ya no resulta ninguna de estas maniobras de contingencia, el acelerador Elekta Infinity esta detenido, a la espera de la información del ingeniero de terreno que viene de camino para poder comunicarnos con el, y en base a esta comunicación reprogramar la agenda de pacientes y efectuar el plan apropiado a esta situación.

Adjunto imágenes de los mensajes de error que se muestran al intentar hacer el CBCT, al momento de detenerse la adquisición.

Muchas gracias por atención.",urgent,closed,web,20254050947483,20254050947483,19579474867355,14741593614363,14481465021595,true,false,,unoffered,20427286020763,14481427110299,2026-03-03T14:10:38Z,2026-03-05T12:17:52Z,2026-08-06T15:19:10.327Z
9950,,incident,Asunto: Falla XVI,Asunto: Falla XVI,"Este es un seguimiento de su solicitud anterior #9870 ""Falla XVI""

Estimados,

Junto con saludar, informo que esta falla volvió a ocurrir (generación de nuevo ticket #9918).

Saludos",urgent,closed,web,36797767752731,36797767752731,14734559344539,14741389938587,14481465021595,true,false,,unoffered,20427286020763,14481427110299,2026-03-05T14:36:34Z,2026-03-05T14:58:15Z,2026-08-06T15:19:10.327Z
9936,,incident,Laser de simulacion no se mueve,Laser de simulacion no se mueve,"Laser de simulacion no se mueve
20260302_090934.jpg
20260302_090923.jpg",normal,closed,email,26080982926747,26080982926747,14481448391451,14741543428379,14481465021595,true,false,,offered,20427286020763,14481427110299,2026-03-02T12:12:29Z,2026-03-07T18:34:44Z,2026-08-06T15:19:10.327Z
9783,,incident,advertencia Replace Filter - SunSCAN,advertencia Replace Filter - SunSCAN,"Estimados EyG:

Al usar el SunSCAN, el Reservorio de agua despliega la advertencia: ""Replace Filter"". Por favor efectuar el reemplazo de este filtro que no fue efectuado en la mantencion recien efectuada por Federico y Franklyn. Adjunto imagen de la advertencia indicada por el Reservorio de agua del SunSCAN.

Atte.

Andres Perez Veloso",high,closed,web,20254050947483,20254050947483,14734559344539,14741593614363,14481465021595,true,false,,offered,20427286020763,14481427110299,2025-12-30T12:48:00Z,2026-03-09T13:01:43Z,2026-08-06T15:19:10.327Z
9948,,incident,Murio camara,Murio camara,Sin camara,normal,closed,email,26080982926747,26080982926747,19579468718875,14741543428379,14481465021595,true,false,,offered,20427286020763,14481427110299,2026-03-04T18:13:11Z,2026-03-09T19:22:59Z,2026-08-06T15:19:10.327Z
9724,,incident,falla intermitente del sistema de audio que dificulta oir al paciente del CL02 Infinity,falla intermitente del sistema de audio que dificulta oir al paciente del CL02 Infinity,"Estimados EyG, Hay una falla intermitente del intercomunicador o sistema de audio, que dificulta oir bien al paciente que se encuentra al interior del bunker del CL02 Infinity. Se solicita por favor reparar este problema en la mantencion de mañana viernes 5 de diciembre del 2025. Muchas gracias por su gentil ayuda y colaboracion.",high,closed,web,20254050947483,20254050947483,19579474867355,14741593614363,14481465021595,true,false,,offered,20427286020763,14481427110299,2025-12-04T13:37:21Z,2026-03-10T01:35:28Z,2026-08-06T15:19:10.327Z
9946,,incident,Medicion de Torque Fijacion Infinity,Medicion de Torque Fijacion Infinity,"Estimados agradecemos si el viernes se pueden traer la herramienta para medir el torque en la fijación del acelerador infinity ya que estamos detectando una variación del iso y notamos que hay virutilla así como cuando instalaron el acelerador, dejo fotos de respaldo.",high,closed,web,20254050952347,20254050952347,22297930568347,14741297259931,14481465021595,true,false,,offered,20427286020763,14481427110299,2026-03-04T17:40:38Z,2026-03-13T14:05:28Z,2026-08-06T15:19:10.327Z
9961,,incident,Eliminar datos de paciente en focal data,Eliminar datos de paciente en focal data,"Junto con saludar se solicita eliminar de focal data imágenes que están pendientes de importación de paciente Fresia Olivos Velásquez rut 75253125 ya que paciente debe ser resimulada.



[cid:74b8e64c-d3b7-42d2-87dc-6d959debbc3d]",low,closed,email,26132276827035,26132276827035,14481448391451,14741543428379,14481465021595,true,false,,good,20427286020763,14481427110299,2026-03-09T14:53:12Z,2026-03-14T14:31:43Z,2026-08-06T15:19:10.327Z
9672,,incident,"continua falla isocentro kV vs isocentro reticulo (luz de campo)  y falla MLC test de hancock, post reparacion","continua falla isocentro kV vs isocentro reticulo (luz de campo)  y falla MLC test de hancock, post reparacion","Estimados EyG/ Elekta:

Posterior a la intervencion/reparacion que EyG/Elekta efectuo el pasado viernes14 de noviembre, aun persisten las dos fallas principales reportadas con bastante anterioridad: Falla del isocentro de CBCT kV desplazado 2 mm en el eje LNG de la camilla en relacion con el isocentro de la cruceta (luz de campo). Y falla MLC, Test de Hancock fuera de tolerancia (solo dentro de tolerancia con Gantry arriba, 0 grados). Ademas el 25% de las mediciones de QA de paciente especifico dan fuera de tolerancia habitualmente, lo que obliga a volver a calcular el plan, relajando las restricciones para permitir que el acelerador pueda reproducir lo que se planifica, dentro de la tolerancia recomendada por TG-218. Adjunto: reporte del Test de Winston Lutz fuera de tolerancia, imagenes del test de Hancock fuera de tolerancia, e imagen del control diario CBCT kV con el fantoma Quasar fuera de tolerancia.",urgent,pending,web,20254050947483,20254050947483,19579474867355,14741593614363,14481465021595,true,false,,unoffered,20427286020763,14481427110299,2025-11-17T18:16:03Z,2026-03-15T16:02:20Z,2026-08-06T15:19:10.327Z
9433,,incident,Solicitud de Gestión de cables en Sala de Mando INRAD Elekta Compact,Solicitud de Gestión de cables en Sala de Mando INRAD Elekta Compact,"Los cables de la sala de mando se encuentran expuestos y muy desordenados, generando riesgo de ser pasados a llevar. se requiere un proceso de ordenamiento para mantener el correcto y seguro funcionamiento del equipo.
Favor contactar al OPR de INRAD Nicolas Heumann +569 6192 8834 nheumann@inrad.cl para coordinar la visita",high,pending,web,38368479928987,38368479928987,19579474867355,14742026913435,14481465021595,true,false,,unoffered,20427286020763,14481427110299,2025-08-12T15:47:42Z,2026-03-15T16:02:21Z,2026-08-06T15:19:10.327Z
9952,,incident,Posicion de panel de iView no logra su posicion de seguridad,Posicion de panel de iView no logra su posicion de seguridad,"Panel del sistema de imagen portal de iView no logra llegar a su posición de seguridad/descanso utilizando el pendant y en el momento de realizar las pruebas control de calidad diarias dosimetricas, se muestra una alerta que indica que una parte sensible del detector se esta irradiando.",urgent,closed,web,35062929091611,35062929091611,19579474867355,14741593614363,14481465021595,true,false,,offered,20427286020763,14481427110299,2026-03-06T11:23:43Z,2026-03-16T22:32:13Z,2026-08-06T15:19:10.327Z
9974,,incident,2T Y 2R EN 6MV EN EL INFINITY,2T Y 2R EN 6MV EN EL INFINITY,"Buenas tardes,

Estimados, da en varias veces 2T y 2R en 6 MV del Infinity.",high,closed,web,20254050952475,20254050952475,22297930568347,14741297259931,14481465021595,true,false,,offered,20427286020763,14481427110299,2026-03-12T16:56:08Z,2026-03-18T13:34:43Z,2026-08-06T15:19:10.327Z
9910,,incident,Interlock 2R Err 10MV Infinity,Interlock 2R Err 10MV Infinity,aparece interlock 2R err en energía de 10MV en las mañanas y durante tratamientos 3D CRT mayormente en Angulo 270 de gantry,urgent,closed,web,20254050952603,20254050952603,20210900681499,14741297259931,14481465021595,true,false,,offered,20427286020763,14481427110299,2026-02-17T18:38:17Z,2026-03-18T13:34:44Z,2026-08-06T15:19:10.327Z
9970,,incident,Mylar manchado,Mylar manchado,"Mylar manchado
IMG-20260311-WA0052.jpg",normal,closed,email,26080982926747,26080982926747,19579468718875,14741543428379,14481465021595,true,false,,offered,20427286020763,14481427110299,2026-03-11T17:18:29Z,2026-03-24T22:21:27Z,2026-08-06T15:19:10.327Z
9980,,incident,"Equipo se apaga, UPS no carga","Equipo se apaga, UPS no carga","Hola

UPS no carga y el equipo se apaga. Lo encontramos apagado hoy. José informado. Equipo detenido desde las 9:30 aprox. Se reinició 2 veces con el mismo resultado. Entre medio se limpió el rack que estaba con mucho polvo (unidades apagadas durante la aspiración). Quedamos a la espera de visita en terreno.

Saludos",urgent,closed,web,25208295741851,25208295741851,22297930568347,14741597726619,14481465021595,true,false,,offered,20427286020763,14481427110299,2026-03-18T14:16:45Z,2026-03-25T15:40:32Z,2026-08-06T15:19:10.327Z
9953,,incident,interlock M.fil.ch1,interlock M.fil.ch1,"Hola. Se está cortando el haz de 6MV reiterativamente por interlock M.fil.ch1. No se puede ejecutar tratamientos con 6MV con tantas interrupciones. Se continua con tratamientos con 6FFF.

Se envía video a José. Se solicita asistencia urgente.",urgent,closed,web,25208295741851,25208295741851,22297930568347,14741597726619,14481465021595,true,false,,offered,20427286020763,14481427110299,2026-03-06T15:30:34Z,2026-03-25T15:40:32Z,2026-08-06T15:19:10.327Z
10000,,incident,Persistencia de falla Gantry Stop tras intervención técnica,Persistencia de falla Gantry Stop tras intervención técnica,"Estimados,

Junto con saludar, informo que, posterior a la intervención realizada por el servicio técnico, el equipo continúa presentando la falla “Gantry Stop”, la cual se presenta aproximadamente cada 5 UM. Esta condición imposibilita y vuelve inviable la ejecución de tratamientos en las condiciones actuales.

**Se requiere asistencia técnica inmediata.**",urgent,closed,web,35062929091611,35062929091611,19579474867355,14741593614363,14481465021595,true,false,,unoffered,20427286020763,14481427110299,2026-03-26T19:08:10Z,2026-03-26T19:35:30Z,2026-08-06T15:19:10.327Z
9979,,incident,UPS de MONACO 01 con incremento de Temperatura,UPS de MONACO 01 con incremento de Temperatura,"Se ha detectado un aumento anómalo en la temperatura de la UPS. Favor evaluar el estado del equipo y verificar ventilación o carga para evitar fallas críticas.

Saludos.





[cid:e801f9be-1d03-4e9d-8d6d-5345995a1ec3]",normal,closed,email,26080969273499,26080969273499,14481448391451,14741543428379,14481465021595,true,false,,offered,20427286020763,14481427110299,2026-03-17T15:07:39Z,2026-03-30T21:02:03Z,2026-08-06T15:19:10.327Z
9740,,incident,verificacion configuracion del Baseline del test de Hancock MLC Suncheck del Infinity,verificacion configuracion del Baseline del test de Hancock MLC Suncheck del Infinity,"Se solicita ayuda de un especialista de SunNuclear para revisar la configuracion del Baseline del Test de Hancock MLC QA del SunCheck para el Infinity, ya que este Test da fuera de tolerancia para SRS/SBRT (mayor a 1 mm) y se quiere descartar que se trate de un problema de configuracion. Adjunto imagenes de resultados del Test con Gantry en 180 grados efectuado en diferentes fechas. (La persona que configuro este Test de SunNuclear fue Thiago Schimitberger a quien copio).",urgent,pending,web,20254050947483,20254050947483,19579474867355,14741593614363,14481465021595,true,false,,unoffered,20427286020763,14481427110299,2025-12-10T15:37:05Z,2026-04-02T16:45:16Z,2026-08-06T15:19:10.327Z
9981,,incident,Se rompio ganchito control hexapod,Se rompio ganchito control hexapod,"Control de hexapod con ganchito roto por accidente
20260318_112020.jpg
20260318_112012.jpg",low,closed,email,26080982926747,26080982926747,19579468718875,14741543428379,14481465021595,true,false,,offered,20427286020763,14481427110299,2026-03-18T14:23:07Z,2026-04-03T11:26:58Z,2026-08-06T15:19:10.327Z
10007,,incident,RE: [E&G Medical Systems] Asunto: Mylar manchado,RE: [E&G Medical Systems] Asunto: Mylar manchado,"Este es un seguimiento de su solicitud anterior n.° #9970 ""Mylar manchado""

Estimado,
En virtud de que el repuesto estaria usado, con un piquete, aunque funcional y operativo, quedamos a la espera del repuesto final. Entendemos que eso toma tiempo.

Se agradecen todas las gestiones.


-------- Mensaje original --------",normal,closed,web,26080982926747,26080982926747,19579468718875,14741543428379,14481465021595,true,false,,offered,20427286020763,14481427110299,2026-03-31T10:09:13Z,2026-04-05T13:12:53Z,2026-08-06T15:19:10.327Z
10010,,incident,MOSAIQ presenta caída,MOSAIQ presenta caída,"Desde el día de ayer, el sistema MOSAIQ ha presentado caídas intermitentes, lo que interrumpe el proceso de atención de los pacientes.
Solicitamos, por favor, revisar esta situación a la brevedad.
IP: 172.16.0.35



[cid:80d6ec7e-f6d8-4397-84af-3a9cbbaddd42]",normal,closed,email,26080969273499,26080969273499,14481448391451,14741543428379,14481465021595,true,false,,offered,20427286020763,14481427110299,2026-03-31T12:02:04Z,2026-04-06T12:15:32Z,2026-08-06T15:19:10.327Z
10002,,incident,LINAC Versa 01 sin iniciar,LINAC Versa 01 sin iniciar,"Estimados,

Informo que ayer el LINAC Versa01 se apagó repentinamente y no ha sido posible encender. La plataforma Integrity si es capaz de inicial, pero el acelerador se mantiene apagado. Al reinicio del acelerador, los Interlocks que aparecen son los que se ven en la foto adjunta. Por favor revisar a la brevedad ya que el acelerador está detenido. Quedo atento. Gracias.",urgent,closed,web,36797767752731,36797767752731,19579474867355,14741389938587,14481465021595,true,false,,offered,20427286020763,14481427110299,2026-03-27T12:22:28Z,2026-04-06T17:25:13Z,2026-08-06T15:19:10.327Z
9709,,incident,Asunto: Artefacto de anillo en el XVI del Axesee  ,Asunto: Artefacto de anillo en el XVI del Axesee  ,"Este es un seguimiento de su solicitud anterior #9635 ""Artefacto de anillo en el XVI del Axesee"".

Estimados,

Buenos días, el artefacto sigue igual visualizándose, se realizaron pruebas en modo servicio y no se puede ver, pero en modo clínico se visualiza. Adjunto imágenes para su revisión.",high,pending,web,20254050952475,20254050952475,19579474867355,14741297259931,14481465021595,true,false,,unoffered,20427286020763,14481427110299,2025-12-01T11:44:51Z,2026-04-08T16:58:18Z,2026-08-06T15:19:10.327Z
9995,,incident,Falla MLC o colimador,Falla MLC o colimador,"Hola

Falla MLC o colimador. Interlock MLC not ready o MLC reset required pero en pantalla se observa que el parámetro de posición del colimador en bloque está oscilando. Otros detalles ya comunicados por WhatsApp a José. solicitamos asistencia en terreno ya que ayer ocurrió varias veces durante la jornada y se suspendieron 2 tratamientos en la tarde por lo mismo.

Saludos",normal,closed,web,25208295741851,25208295741851,22297930568347,14741597726619,14481465021595,true,false,,offered,20427286020763,14481427110299,2026-03-26T11:40:38Z,2026-04-09T14:32:56Z,2026-08-06T15:19:10.327Z
10009,,incident,Interlock Table Long,Interlock Table Long,"El día de ayer se presentó una falla tipo interlock en la mesa (Table Long), y durante el día de hoy ya ha ocurrido en dos ocasiones. Afortunadamente, el personal ha logrado resolverlo moviendo ligeramente la camilla.
Nos preocupa que este problema pueda volverse recurrente. Solicitamos, por favor, realizar una evaluación del equipo.


[cid:ee659474-ce29-458a-9632-7b2de33e59e3]",normal,closed,email,26080969273499,26080969273499,19579468718875,14741543428379,14481465021595,true,false,,offered,20427286020763,14481427110299,2026-03-31T11:50:50Z,2026-04-10T13:14:47Z,2026-08-06T15:19:10.327Z
10008,,incident,Quedan 10 GB en xvi,Quedan 10 GB en xvi,Quedan 10 GB en xvi =(,normal,closed,email,26080982926747,26080982926747,14481448391451,14741543428379,14481465021595,true,false,,offered,20427286020763,14481427110299,2026-03-31T10:09:38Z,2026-04-12T13:04:36Z,2026-08-06T15:19:10.327Z
10026,,incident,Freno de equipo Flexitron no funciona,Freno de equipo Flexitron no funciona,"Buenas tardes,

Necesitamos que se pueda revisar y reparar el freno de las ruedas del equipo Flexitron, ya que no funciona correctamente, es decir, no se traba las ruedas.

Quedamos atentos a su respuesta.

Saludos Cordiales



Rodrigo Camacho I. / FALP",high,closed,web,20254020298779,20254020298779,19579487161371,14740499786395,14481465021595,true,false,,offered,34266025952155,14481427110299,2026-04-07T19:45:35Z,2026-04-13T14:27:18Z,2026-08-06T15:19:10.327Z
10028,,incident,Usuario citrix,Usuario citrix,"Buenos días,

Solicito crear usuario para acceder a citrix para doctora Carla Rubilar Muñoz, rut 17.693.228-7

Gracias,

[signatureImage]",low,closed,email,26132276827035,26132276827035,14481448391451,14741543428379,14481465021595,true,false,,good,20427286020763,14481427110299,2026-04-09T11:45:43Z,2026-04-14T13:18:26Z,2026-08-06T15:19:10.327Z
9217,,incident,TPS estan muy lentos,TPS estan muy lentos,"Se requiere optimizar los TPS, ya que su operación se aprecia demasiado lenta y esta afectando el flujo de trabajo.

 

Saludos cordiales,

 

Juan Carlos Leal Chandía

Físico Médico – Unidad de Radioterapia

Hospital Clínico Magallanes

juancarlos.lealc@redsalud.gov.cl",low,closed,email,26080982926747,26080982926747,14481448391451,14741543428379,14481465021595,true,false,,offered,20427286020763,14481427110299,2025-05-20T17:20:41Z,2026-04-17T12:58:56Z,2026-08-06T15:19:10.327Z
9996,,incident,Cambio sistema pacs,Cambio sistema pacs,"Buenos días,

Junto con saludar, quisiera solicitar la presencia de TI para hoy a las 15:30 ya que se organizó una reunión con personal de informática y de servicio de salud a cargo de sistema pacs debido al reciente cambio de la plataforma.

Requerimos la posibilidad de evaluar el nodo y lo necesario para tener autonomía sobre la exportación de imágenes a Monaco.

Saludos





━━━━━━━━━━
TRABAJANDO PARA USTED
Catalina Vargas Viano
Tecnólogo Médico
Unidad de Radioterapia


61 2 293391 / 613 391
Hospital Clinico Magallanes
Dr. Lautaro Navarro Avaria",low,closed,email,26132276827035,26132276827035,14481448391451,14741543428379,14481465021595,true,false,,offered,20427286020763,14481427110299,2026-03-26T12:55:34Z,2026-04-17T12:58:57Z,2026-08-06T15:19:10.327Z
10033,,incident,Interlock Table Long,Interlock Table Long,"Para dejar en conocimiento. Mientras, se realizaba control diario, se presentó interlock Table long, bastó mover la camilla en dirección longitudinal, para que saliera de la condición y poder continuar con el chequeo.

Se informará si se presentan más eventos. Saludos


[cid:3d3f64d4-aab9-4706-b3ea-edaa1f2a338a]",normal,closed,email,26080969273499,26080969273499,19579468718875,14741543428379,14481465021595,true,false,,offered,20427286020763,14481427110299,2026-04-13T12:18:24Z,2026-04-21T19:38:40Z,2026-08-06T15:19:10.327Z
9918,,incident,Re: [E&G Medical Systems] Asunto: Falla XVI,Re: [E&G Medical Systems] Asunto: Falla XVI,"Este es un seguimiento de su solicitud anterior n.° #9870 ""Falla XVI""

Buen día,
Informo que el sistema XVI continúa con falla de interrupción de CBCT. Agradecería coordinar revisión a la brevedad posible.
Saludos cordiales.",normal,solved,web,36797767752731,36797767752731,19579474867355,14741389938587,14481465021595,true,false,,offered,20427286020763,14481427110299,2026-02-23T14:46:34Z,2026-08-05T16:40:10Z,2026-08-06T15:19:10.327Z
10071,,incident,Problemas Versa HD - Caida De kV,Problemas Versa HD - Caida De kV,"Al tratar a dos pacientes se vió interrumpida la actividad por problemas en la reconstrucción de la imagen (Adjunto evidencia)

Los pacientes tuvieron que ser tratados en el equipo sur",high,open,web,20254011642523,20254011642523,19579474867355,14741318546075,14481465021595,true,false,,unoffered,20427286020763,14481427110299,2026-05-04T15:45:43Z,2026-05-05T16:02:13Z,2026-08-06T15:19:10.327Z
10053,,incident,isorot de camilla fuera de tolerancia,isorot de camilla fuera de tolerancia,"ISOROT de camilla fuera de tolerancia, -2mm en 270 grados y +1mm en 90 grados.

Favor revisar.

No tenemos pacientes con giro de camilla, asi que no afecta a los tratamientos, aún.

 

Juan Carlos Leal Chandía

Físico Médico – Unidad de Radioterapia

Hospital Clínico Magallanes

juancarlos.lealc@redsalud.gov.cl",normal,pending,email,26080982926747,26080982926747,19579468718875,14741543428379,14481465021595,true,false,,unoffered,20427286020763,14481427110299,2026-04-23T19:00:28Z,2026-05-09T16:01:43Z,2026-08-06T15:19:10.327Z
10032,,incident,Mensaje XVI,Mensaje XVI,"Estimados, envío mensaje de sistema XVI, para su evaluación. Saludos




[cid:726cb58b-10ff-47d8-966c-358d9cf59fee]
Outlook-eootttl2.png
Mensaje_Recomienda_Update_File_Lexmap.jpeg",normal,open,email,26080969273499,26080969273499,19579468718875,14741543428379,14481465021595,true,false,,unoffered,20427286020763,14481427110299,2026-04-13T12:08:52Z,2026-07-14T16:49:11Z,2026-08-06T15:19:10.327Z
10069,,incident,RV: [PRTG Network Monitor - IngenieriaGTI] SRVMOSAIQAPP Disk Free: G:\ Label:DATA  Serial Number 18890db6 (Espacio libre en disco (SNMP)) Fallo (anterior: advertencia)  (10 % (Espacio libre) está por debajo del limite de error 10 % en Espacio libre),RV: [PRTG Network Monitor - IngenieriaGTI] SRVMOSAIQAPP Disk Free: G:\ Label:DATA  Serial Number 18890db6 (Espacio libre en disco (SNMP)) Fallo (anterior: advertencia)  (10 % (Espacio libre) está por debajo del limite de error 10 % en Espacio libre),"Estimados.
Se envía sensor alarmado para su revisión.
[cid:c550f4f9-75d4-4fb0-b491-27fbdf170fb6]
[cid:beb65536-0cd9-49eb-81f0-aa26ae2af363]
Saludos.


Giorgio Herrera B.
Operador de Sistemas
Salud UC
Arkadios Knowledge & Technology.
Movil:(+569) 62143090<tel:+56%209%206214%203090>
Fono: (+56 2) 3543459
Anexo: 3459
[cid:9117e143-685a-493a-91f4-bb7d441c2763]

________________________________
De: PRTG Monitor - INGENIERIA <prtg_alertas@ucchristus.cl>
Enviado: domingo, 3 de mayo de 2026 23:37
Para: Dylan Alonso Garay Cornejo <dylan.garay@arkadios.cl>; Felipe Figueroa Broudissond <felipe.figueroa@arkadios.cl>; Giorgio Herrera Barrera <giorgio.herrera@arkadios.cl>; Karen Frez Jara <karen.frez@arkadios.cl>; Maximiliano Wladimir Carrizo Faune <maximiliano.carrizo@arkadios.cl>; rienzi@arkadios.cl <rienzi@arkadios.cl>
Asunto: [PRTG Network Monitor - IngenieriaGTI] SRVMOSAIQAPP Disk Free: G:\ Label:DATA Serial Number 18890db6 (Espacio libre en disco (SNMP)) Fallo (anterior: advertencia) (10 % (Espacio libre) está por debajo del limite de error 10 % en Espacio libre)

[PRTG Network Monitor]



[cid:28362]
Sensor Disk Free: G:\ Label:DATA Serial Number 18890db6 (Espacio libre en disco (SNMP))<https://prtg-ingenieria.ucchristus.cl/sensor.htm?id=116363> ***
[Sonda]         PRTG_Ingenieria de Sistemas_2k16 (CMCPVW054)<https://prtg-ingenieria.ucchristus.cl/probenode.htm?id=116592>      >      [Grupo]         CECA MOSAIQ<https://prtg-ingenieria.ucchristus.cl/group.htm?id=116333> >        [Dispositivo]   SRVMOSAIQAPP<https://prtg-ingenieria.ucchristus.cl/device.htm?id=116350> (192.168.200.32)
Nuevo estado en 5/3/2026 11:37:05 PM (Pacific SA Standard Time):
Fallo (anterior: advertencia)
Último mensaje:
10 % (Espacio libre) está por debajo del limite de error 10 % en Espacio libre
Último escaneo:         Último OK:      Último fallo:   Tiempo de actividad:    Tiempo de inactividad:  Cobertura:      Tipo de sensor:         Intervalo:
0 s
6 m     0 s     99.8597%        0.1403%         100%    Espacio libre en disco (SNMP)   60 s
Escanear ahora <https://prtg-ingenieria.ucchristus.cl/scannow.htm?id=116363&action=0&targeturl=/sensor.htm?id=116363>   Confirmar alarma <https://prtg-ingenieria.ucchristus.cl/acknowledgealarm.htm?id=116363&ackmsg=Acknowledged+via+email&targeturl=/sensor.htm?id=116363>   Pausa <https://prtg-ingenieria.ucchristus.cl/pause.htm?id=116363&action=0&targeturl=/sensor.htm?id=116363>      Reanudar <https://prtg-ingenieria.ucchristus.cl/pause.htm?id=116363&action=1&targeturl=/sensor.htm?id=116363>
Pausar por 5 minutos <https://prtg-ingenieria.ucchristus.cl/pauseobjectfor.htm?id=116363&duration=5&targeturl=/sensor.htm?id=116363>    Pausar por 60 minutos <https://prtg-ingenieria.ucchristus.cl/pauseobjectfor.htm?id=116363&duration=60&targeturl=/sensor.htm?id=116363>  Pausar por 24 horas <https://prtg-ingenieria.ucchristus.cl/pauseobjectfor.htm?id=116363&duration=1440&targeturl=/sensor.htm?id=116363>

[Gráfico]
[Gráfico]
[Gráfico]

Canal   Último valor
Bytes libres    201,666 MB
Espacio libre   10 %
Tiempo de inactividad
Total   2,097,135 MB


Comentarios de dispositivo
Enviar correo a Soporte EyG soporte@eygsa.cl y Erick Salcedo Guerrero esalcedog@ucchristus.cl o
crear tickets en https://eygmedicalsystems.zendesk.com/
Comentarios de sonda
<error decoding>
Historial
5/3/2026 11:32:05 PM Fallo, 10 % (Espacio libre) está por debajo del limite de error 10 % en Espacio libre
5/2/2026 11:35:05 PM Advertencia, 10 % (Espacio libre) está por debajo del limite de advertencia 20 % en Espacio libre
5/2/2026 11:31:05 PM Fallo, 9 % (Espacio libre) está por debajo del limite de error 10 % en Espacio libre
5/1/2026 11:37:05 PM Advertencia, 10 % (Espacio libre) está por debajo del limite de advertencia 20 % en Espacio libre
5/1/2026 11:33:05 PM Fallo, 9 % (Espacio libre) está por debajo del limite de error 10 % en Espacio libre
4/30/2026 11:36:05 PM Advertencia, 10 % (Espacio libre) está por debajo del limite de advertencia 20 % en Espacio libre
4/30/2026 11:32:05 PM Fallo, 9 % (Espacio libre) está por debajo del limite de error 10 % en Espacio libre
4/29/2026 11:37:05 PM Advertencia, 11 % (Espacio libre) está por debajo del limite de advertencia 20 % en Espacio libre
4/29/2026 11:32:05 PM Fallo, 9 % (Espacio libre) está por debajo del limite de error 10 % en Espacio libre
4/28/2026 11:37:05 PM Advertencia, 11 % (Espacio libre) está por debajo del limite de advertencia 20 % en Espacio libre

¿No desea recibir este mensaje de correo electrónico?

Modifique los desencadenadores de notificaciones de este sensor<https://prtg-ingenieria.ucchristus.cl/sensor.htm?id=116363&tabid=9> o modifique la configuración de plantilla de notificaciones<https://prtg-ingenieria.ucchristus.cl/editnotification.htm?id=88271>.


Enviado 5/3/2026 11:37:05 PM a dylan.garay@arkadios.cl felipe.figueroa@arkadios.cl giorgio.herrera@arkadios.cl karen.frez@arkadios.cl maximiliano.carrizo@arkadios.cl rienzi@arkadios.cl
por PRTG Network Monitor - IngenieriaGTI<https://prtg-ingenieria.ucchristus.cl> (https://prtg-ingenieria.ucchristus.cl)

________________________________
PRTG Network Monitor 26.1.116.1532+             © 2026 Paessler GmbH<https://www.paessler.com>",low,closed,email,49356716859163,49356716859163,22968357015195,,14481465021595,true,false,,offered,20427286020763,14481427110299,2026-05-04T03:46:19Z,2026-05-10T18:57:17Z,2026-08-06T15:19:10.327Z
10073,,incident,Caida de Tasa de Dosis 10 MV Axesse,Caida de Tasa de Dosis 10 MV Axesse,"Estimados por favor les ruego poder ver en algún momento no se si hoy igual en la misma visita del cambio de tarjeta del MLC, la tasa de dosis de 10 MV esta baja, para quela puedan subir.",high,closed,web,20254050952347,20254050952347,19579474867355,14741297259931,14481465021595,true,false,,offered,20427286020763,14481427110299,2026-05-05T12:29:35Z,2026-05-10T20:11:45Z,2026-08-06T15:19:10.327Z
10070,,incident,Calibración hexapod,Calibración hexapod,"Estimados,

Buenos días.

Solicitamos calibración de hexapod.

Esta semana, contamos con disponibilidad de equipo desde las 15:00 horas sin programación de tratamientos de TBI, por lo tanto, lo ideal es que podamos coordinar la intervención para esta semana.

Quedamos atentos.

Muchas gracias.",high,closed,web,20254050952987,20254050952987,20210900681499,20265216319003,14481465021595,true,false,,offered,20427286020763,14481427110299,2026-05-04T12:34:38Z,2026-05-13T14:48:36Z,2026-08-06T15:19:10.327Z
10087,,incident,Actualizar claves en el TPS ONCENTRA,Actualizar claves en el TPS ONCENTRA,"Estimados,

Buenas tardes, al ingresar la clave en el Oncentra nos envías una notificación de que la clave está desactivada temporalmente, si nos puede verificarlo por favor.

Saludos,

Rita Castillo",high,closed,web,20254050952475,20254050952475,22968357015195,14741297259931,14481465021595,true,false,,offered,34266025952155,14481427110299,2026-05-08T16:59:52Z,2026-05-16T12:55:10Z,2026-08-06T15:19:10.327Z
10077,,incident,Interlock Table long,Interlock Table long,"Informa TM de máquina, que se ha presentado reiteradamente interlock Table long. Afortunadamente han logrado sacar la condición para continuar. Comunico para vuestro conocimiento y acción pertinente. Se comunicará de nuevos eventos si persiste.

Saludos



[cid:d8365e7b-5daf-4437-a0da-bcf1b2b99144]",normal,closed,email,26080969273499,26080969273499,19579468718875,14741543428379,14481465021595,true,false,,offered,20427286020763,14481427110299,2026-05-07T14:06:54Z,2026-05-17T14:23:46Z,2026-08-06T15:19:10.327Z
10072,,incident,Olor extraño en búnker y sala de comando,Olor extraño en búnker y sala de comando,"Se percibe un olor extraño en búnker y sala de comando.

Se solicita descartar que origen sea acelerador lineal o sistemas asociados.",normal,closed,web,20254050947739,20254050947739,19579474867355,14741593614363,14481465021595,true,false,,offered,20427286020763,14481427110299,2026-05-04T15:59:44Z,2026-05-18T18:02:51Z,2026-08-06T15:19:10.327Z
10060,,incident,2T Err y Hump err Infinity en 6MV,2T Err y Hump err Infinity en 6MV,"Buen día estimados, equipo Infinity está cortando haz por 2T err y hump err en 6MV, quedamos atentos para coordinar para que se conecten cuando exista una ventana de pacientes.

Saludos,

Tomás",normal,closed,web,23562920769947,23562920769947,20210900681499,14741297259931,14481465021595,true,false,,offered,20427286020763,14481427110299,2026-04-27T16:39:09Z,2026-05-18T18:02:53Z,2026-08-06T15:19:10.327Z
10095,,incident,Conexión impresoras,Conexión impresoras,"Buenos días,

Junto con saludar, quisiera solicitar la revisión de los computadores de la sala de planificación ya que, debido a distintas circunstancias las impresoras se han configurado en varias oportunidades ampliando la lista de impresoras disponibles, las cuales se encuentran todas en estado ""listo"" pero muchas de ellas ya no dirigen a ninguna de las impresoras.
Desde las estaciones de Monaco aparecen menos, pero tampoco se puede imprimir.



De antemano, muchas gracias.


━━━━━━━━━━
TRABAJANDO PARA USTED
Catalina Vargas Viano
Tecnólogo Médico
Unidad de Radioterapia


61 2 293391 / 613 391
Hospital Clinico Magallanes
Dr. Lautaro Navarro Avaria",low,closed,email,26132276827035,26132276827035,14481448391451,14741543428379,14481465021595,true,false,,good,20427286020763,14481427110299,2026-05-12T11:51:36Z,2026-05-19T11:38:16Z,2026-08-06T15:19:10.327Z
10112,,incident,falla intermitente Dose Rate Mon,falla intermitente Dose Rate Mon,"Se produce falla intermitente ""Dose Rate Mon"", cada vez mas frecuente,.. llegando a ocurrir prácticamente con todos los pacientes.",urgent,closed,web,20254050947483,20254050947483,22297930568347,14741593614363,14481465021595,true,false,,offered,20427286020763,14481427110299,2026-05-15T19:59:30Z,2026-05-20T14:42:30Z,2026-08-06T15:19:10.327Z
10088,,incident,Falla Mylar Infinity,Falla Mylar Infinity,"Durante la jornada del día jueves 7, el equipo presentó una falla asociada a ruptura de Mylar. Servicio técnico realizó intervención correctiva; sin embargo, no fue posible restablecer la operatividad del equipo. Actualmente, el equipo se mantiene inoperativo.",urgent,closed,web,20254050950939,20254050950939,19579486425499,28890463805723,14481465021595,true,false,,offered,20427286020763,14481427110299,2026-05-09T01:50:03Z,2026-05-20T14:42:31Z,2026-08-06T15:19:10.327Z
10056,,incident,Inhibit 2T I ctrl y lámina 61/Y2 con intermitencia,Inhibit 2T I ctrl y lámina 61/Y2 con intermitencia,"Durante el día de hoy se partió equipo con falla imposibilitando disparo por aparición de inhibit: 2T I ctrl; adicionalmente, la lámina 61 del banco Y2 ha presentado falla intermitente.

Stalin Escalona.-",urgent,closed,web,20254050950939,20254050950939,19579486425499,28890463805723,14481465021595,true,false,,offered,20427286020763,14481427110299,2026-04-25T20:21:48Z,2026-05-23T22:01:10Z,2026-08-06T15:19:10.327Z
10124,,incident,"Cambio en energia 15MV, corte por tasa 10FFF y Focus1v 15MeV  VERSA 2","Cambio en energia 15MV, corte por tasa 10FFF y Focus1v 15MeV  VERSA 2","Estimados, Se requiere revisión del VERSA 2 por las siguientes fallas: - interlock Focus1V de 15MeV - interlock Dose Rate Mon 10FFF -cambio en la energia 15MV durante QAdiario (fuera de tolerancia). Saludos, Manuel Castrillón.",normal,open,web,20254020292379,20254020292379,19579474867355,14741389938587,14481465021595,true,false,,unoffered,20427286020763,14481427110299,2026-05-22T21:33:42Z,2026-05-23T22:01:56Z,2026-08-06T15:19:10.327Z
10108,,incident,Re: Ord. N° 1.775 del 2026 de la Dirección del Hospital Clínico de Magallanes,Re: Ord. N° 1.775 del 2026 de la Dirección del Hospital Clínico de Magallanes,"Estimado Sr. Cárdenas:

Acuso recibo de su correo.

Nos vemos el próximo Martes.

Saludos cordiales,

Christian Grandon

CEO

Gerencia | E&G Medical Systems

 +56 22653 7362

 chgrandon@eygsa.cl

 https://www.eygsa.cl/

 La Dehesa 1201, Of. 314, Torre Norte


El jue, 14 may 2026, 2:26 p. m., Esteban Rolando Cardenas Castro <esteban.cardenas@redsalud.gob.cl> escribió:

Don Christian, buenas tardes:

 

Agradeceré a usted agendar reunión para próximo martes 19/05/2026 a las 14:00 Hrs (Santiago), de forma telemática bajo plataforma ZOOM, para revisión de temas que afectan al equipo Acelerador Lineal, entre ellos lo informado mediante Ord. N° 1.775 / 2026 de la Dirección del Hospital Clínico de Magallanes.

 

Agradeceré confirmación.

 

Sin otro particular,

 

Saluda atentamente,

━━━━━━━━━━

TRABAJANDO PARA USTED

 

Esteban Rolando Cárdenas Castro

Jefe Unidad de Planificación
Subdirección de Operaciones
Hospital Clínico de Magallanes

+56 61 2 293 103
Servicio de Salud Magallanes
Ministerio de Salud

 

 

De: Esteban Rolando Cardenas Castro
Enviado el: lunes, 11 de mayo de 2026 15:03
Para: 'chgrandon@eygsa.cl' <chgrandon@eygsa.cl>; 'aharistoy@eygsa.cl' <aharistoy@eygsa.cl>
CC: Francisca Sanfuentes Parga <francisca.sanfuentes@redsalud.gob.cl>; moyra Duran Cuevas <moyra.duran@redsalud.gob.cl>; Enrique Lozano Quiroga <enrique.lozano.q@redsalud.gob.cl>; Juan Carlos Leal Chandía <juancarlos.lealc@redsalud.gob.cl>; Dagoberto Hernandez <dagoberto.hernandez@redsalud.gob.cl>; Daniel Lanza <daniel.lanza@redsalud.gob.cl>; Dagoberto Hernandez <dagoberto.hernandez@redsalud.gob.cl>; Iris Almonacid <iris.almonacid@redsalud.gob.cl>; Luis Mardones <luis.mardones@redsalud.gob.cl>
Asunto: Ord. N° 1.775 del 2026 de la Dirección del Hospital Clínico de Magallanes

 

Don Christian Grandon

Representante Legal

E&G Medical System Ltda.

Presente

 

Junto con saludar cordialmente, adjunto a la presente Ord. N° 1.775 de fecha 11/05/2026 de la Dirección del Hospital Clínico de Magallanes (HCM), donde se solicita prorroga de garantía técnica del Acelerador Lineal de la Unidad de Radioterapia del HCM debido a los trabajos pendientes al Acelerador Lineal.

 

Esperando una buena acogida y sin otro particular,

 

Saluda atentamente,

━━━━━━━━━━

TRABAJANDO PARA USTED

 

Esteban Rolando Cárdenas Castro

Jefe Unidad de Planificación
Subdirección de Operaciones
Hospital Clínico de Magallanes

+56 61 2 293 103
Servicio de Salud Magallanes
Ministerio de Salud",normal,closed,email,20238527080859,20238527080859,14481448391451,14481410802331,14481465021595,false,false,,unoffered,20427286020763,14481427110299,2026-05-14T19:18:53Z,2026-05-24T21:09:07Z,2026-08-06T15:19:10.327Z
10115,,incident,Check Fail HT2 aleatorio al finalizar tratamientos,Check Fail HT2 aleatorio al finalizar tratamientos,Tenemos Inhibit Check Fail HT2 aleatorio al finalizar tratamientos de pacientes cada vez mas frecuentes. Se pueden revisar mañana después de las 6 pm (termino de jomada).,urgent,closed,web,20254050947483,20254050947483,19579474867355,14741593614363,14481465021595,true,false,,offered,20427286020763,14481427110299,2026-05-19T00:27:45Z,2026-05-26T15:19:24Z,2026-08-06T15:19:10.327Z
8798,,incident,Asunto: Pantalla de sistema Clarity pierde señal ,Asunto: Pantalla de sistema Clarity pierde señal ,"Nathalie y Wilmer,

Esperando que se encuentren muy bien, abriré este nuevo ticket por el tema del parpadeo en la pantalla Clarity.

Quedo a la espera de evidencia en video del error para enviárselo a Elekta.",normal,pending,web,20254050952987,22968357015195,22968357015195,20265216319003,14481465021595,true,false,,unoffered,20427286020763,14481427110299,2024-12-05T14:46:20Z,2026-05-29T18:44:26Z,2026-08-06T15:19:10.327Z
10127,,incident,Sur| alta temperatura en tubo de rx,Sur| alta temperatura en tubo de rx,"Estimados, hoy durante un tratamiento el tubo de RX llego a una temperatura de 50 grados deteniendo la imagen, se pudo volver a utilizar pero se solicita la revisión",urgent,open,web,36182421530907,36182421530907,19579474867355,14741318546075,14481465021595,true,false,,unoffered,20427286020763,14481427110299,2026-05-25T14:06:50Z,2026-05-30T12:36:12Z,2026-08-06T15:19:10.327Z
10107,,incident,Usuario citrix,Usuario citrix,"Buenas tardes,

Solicito usuario de acceso a citrix para nueva funcionaria. Los datos son:

Catalina Passalacqua García
17.702.765-0



Saludos,


━━━━━━━━━━
TRABAJANDO PARA USTED
Catalina Vargas Viano
Tecnólogo Médico
Unidad de Radioterapia


61 2 293391 / 613 391
Hospital Clinico Magallanes
Dr. Lautaro Navarro Avaria",normal,closed,email,26132276827035,26132276827035,14481448391451,14741543428379,14481465021595,true,false,,offered,20427286020763,14481427110299,2026-05-14T17:45:03Z,2026-05-31T12:50:25Z,2026-08-06T15:19:10.327Z
10130,,incident,Paciente focal data,Paciente focal data,"Buenos días,

Solicito borrar de focal data a paciente 8873890k, cuya información se encuentra en la carpeta import y HCM clinica, ya que ha sido importado en monaco antes de que la totalidad del estudio llegara a destino.




Saludos,




━━━━━━━━━━
TRABAJANDO PARA USTED
Catalina Vargas Viano
Tecnólogo Médico
Unidad de Radioterapia


61 2 293391 / 613 391
Hospital Clinico Magallanes
Dr. Lautaro Navarro Avaria",low,closed,email,26132276827035,26132276827035,14481448391451,14741543428379,14481465021595,true,false,,good,20427286020763,14481427110299,2026-05-26T13:39:38Z,2026-05-31T12:50:26Z,2026-08-06T15:19:10.327Z
10142,,incident,Olor a quemado al interior del bunker,Olor a quemado al interior del bunker,"Estimados,

Necesitamos atencion urgente, hay olor a quemado en el interior del bunker. Equipo se encuentra detenido.",urgent,closed,web,20254050948123,20254050948123,19579474867355,14741593614363,14481465021595,true,false,,offered,20427286020763,14481427110299,2026-05-27T15:11:17Z,2026-06-03T12:57:31Z,2026-08-06T15:19:10.327Z
10111,,incident,"filtración de agua en sala de maquinas, mal olor, y falla de CBCT","filtración de agua en sala de maquinas, mal olor, y falla de CBCT","Por favor solicitamos indicaciones/instrucciones en relación con los siguientes tres problemas:

1.- filtracion de agua desde el aire acondicionado de la sala de maquinas del infinity que moja cables y costado del generador de kV para RX.

2.- olor a cable quemado en la sala de maquinas del acelerador infinity.

3.- falla de movimiento del panel kV que obliga a reiniciar apagando y encendiendo el interruptor automatic iView ARM.

Quedamos atentos a sus instrucciones o indicaciones.",urgent,closed,web,20254050947483,20254050947483,19579474867355,14741593614363,14481465021595,true,false,,offered,20427286020763,14481427110299,2026-05-15T15:56:27Z,2026-06-03T12:57:32Z,2026-08-06T15:19:10.327Z
10065,,incident,Chirrido movimiento longitudinal de camilla,Chirrido movimiento longitudinal de camilla,"La camilla rechina con el movimiento longitudinal cuando hay un paciente sobre ésta.

Por favor indicar un tiempo aproximado requerido para el diagnóstico para que se pueda gestionar con la atención clínica.",high,closed,web,20254050947739,20254050947739,19579474867355,14741593614363,14481465021595,true,false,,offered,20427286020763,14481427110299,2026-04-30T14:45:51Z,2026-06-03T12:57:32Z,2026-08-06T15:19:10.327Z
10135,,incident,DOSE RATE MON 6 MV AXESSE,DOSE RATE MON 6 MV AXESSE,"Estimados el día de hoy el equipo ha presentado dose rate mon con casi todos los tratamientos usando 6MV hemos estado guardando en modo servicio los planes que han dado problema, esto se presenta casi en todos los casos con el gantry en 120 grados en sentido CW",high,closed,web,20254050952347,20254050952347,19579474867355,14741297259931,14481465021595,true,false,,offered,20427286020763,14481427110299,2026-05-26T19:37:02Z,2026-06-03T12:57:33Z,2026-08-06T15:19:10.327Z
10125,,incident,Gotera aire acondicionado interior del bunker,Gotera aire acondicionado interior del bunker,"Estimados,

Se solicita asistencia de manera urgente debido a la gotera del aire acondicionado dentro del bunker ya que se estan mojando cables, el equipo se encuentra detenido.",urgent,closed,web,20254050948123,20254050948123,19579474867355,14741593614363,14481465021595,true,false,,offered,20427286020763,14481427110299,2026-05-25T11:31:02Z,2026-06-03T12:57:33Z,2026-08-06T15:19:10.327Z
10156,,incident,Versa| problemas en mesa,Versa| problemas en mesa,"Estimados, se solicita revisión de mesa de equipo versa ya que luego de pruebas de los fisicos se dieron cuenta que el isocentro está desplazado 1,6 mm en los angulos extremos. Se requiere calibración",urgent,open,web,36182421530907,36182421530907,19579474867355,14741318546075,14481465021595,true,false,,unoffered,20427286020763,14481427110299,2026-06-02T15:53:49Z,2026-06-07T13:55:46Z,2026-08-06T15:19:10.327Z
10151,,incident,Falla handheld XVI,Falla handheld XVI,"Estimado

El handheld XVI está mandando intelock gantry demand. Solitamos cambio. Equipo inoperativo.

Saludos",high,closed,web,25208295741851,25208295741851,22297930568347,14741597726619,14481465021595,true,false,,offered,20427286020763,14481427110299,2026-06-01T14:27:06Z,2026-06-09T16:46:58Z,2026-08-06T15:19:10.327Z
10080,,incident,Problemas Versa - Equipo Inoperativo,Problemas Versa - Equipo Inoperativo,Inicializamos múltiples veces y no permite realizar ningun movimiento,urgent,closed,web,20254011642523,20254011642523,19579474867355,14741318546075,14481465021595,true,false,,offered,20427286020763,14481427110299,2026-05-07T14:57:51Z,2026-06-11T14:23:46Z,2026-08-06T15:19:10.327Z
10161,,incident,Pantallas desconfiguradas al interior del bunker,Pantallas desconfiguradas al interior del bunker,Pantallas desconfiguradas al interior del bunker,urgent,closed,web,20254050947739,20254050947739,22968357015195,14741593614363,14481465021595,true,false,,offered,20427286020763,14481427110299,2026-06-04T12:28:05Z,2026-06-12T12:09:46Z,2026-08-06T15:19:10.327Z
10167,,incident,Problema ventilador Aire acondicionado Sala Servidores,Problema ventilador Aire acondicionado Sala Servidores,"Se detecta sonido irregular de ventilador del aire acondicionado de la sala de servidores (golpe continuo al rotar ventilador). Se apagó de acuerdo a indicación de TI Victor. Gracias


[cid:5b61d6c1-2c35-4c8d-ba4c-af38d10f0eec]",low,closed,email,26080969273499,26080969273499,14481448391451,14741543428379,14481465021595,true,false,,offered,20427286020763,14481427110299,2026-06-05T12:47:40Z,2026-06-13T12:38:18Z,2026-08-06T15:19:10.327Z
10189,,incident,Dificultad de la rotación de la camilla y el isocentro desviado del Infinity,Dificultad de la rotación de la camilla y el isocentro desviado del Infinity,"Estimados,

Buenas tardes,

Espero se encuentre bien, hemos presentado problemas con la rotación de la camilla del Infinity y el isocentro de este",high,open,web,20254050952475,20254050952475,19579474867355,14741297259931,14481465021595,true,false,,unoffered,20427286020763,14481427110299,2026-06-11T14:38:16Z,2026-06-13T13:24:23Z,2026-08-06T15:19:10.327Z
10184,,incident,"Interlock ""Uniformity"" 10FFF","Interlock ""Uniformity"" 10FFF","Ayer a mediodía, durante los QA rutinarios, la energía 10FFF presentó el interlock «Uniformity». La falla ocurre sistemáticamente en el primer disparo; al recargar la misma energía, irradia con normalidad. No obstante, si se cambia de energía y se vuelve a seleccionar 10FFF, el interlock reaparece en el disparo inicial. Hoy, durante el QA diario, se confirmó la persistencia del problema. Esta energía, por el momento no se está usando en tratamientos.

Saludos


[cid:d4531be2-67c8-405e-a855-a890b6a7ea48]",normal,open,email,26080969273499,26080969273499,19579468718875,14741543428379,14481465021595,true,false,,unoffered,20427286020763,14481427110299,2026-06-11T13:37:12Z,2026-06-13T13:42:11Z,2026-08-06T15:19:10.327Z
10175,,incident,freno no detiene el movimiento longitudinal de la camilla Precise del Infinity mientras se acomoda paciente,freno no detiene el movimiento longitudinal de la camilla Precise del Infinity mientras se acomoda paciente,"A pesar de que el freno longitudinal de la camilla este activado, la camilla se desplaza algunos centímetros al intentar acomodar al paciente sobre esta. Además, como observación que quizás puede ayudar: el sonido del accionamiento del freno es mucho mas suave que el sonido cuando el freno se libera (usando la botonera). Por favor programar la revisión de este problema en horario posterior al tratamiento de pacientes (desde 6:30 pm aproximadamente). Gracias.",urgent,solved,web,20254050947483,20254050947483,19579474867355,14741593614363,14481465021595,true,false,,unoffered,20427286020763,14481427110299,2026-06-08T18:24:43Z,2026-08-05T16:44:19Z,2026-08-06T15:19:10.327Z
10193,,incident,Versa| gas SF6,Versa| gas SF6,"Estimados, se solicita para el dia lunes en el inicio de los equipos revisar nivel de gas SF6 del versa ya que el equipo esta arrojando una advertencia. Adjunto imagen",urgent,closed,web,36182421530907,36182421530907,19579474867355,14741318546075,14481465021595,true,false,,offered,20427286020763,14481427110299,2026-06-13T15:35:31Z,2026-06-19T13:45:53Z,2026-08-06T15:19:10.327Z
10190,,incident,"MLC, falla una lámina","MLC, falla una lámina","Hola José

Según conversado por WhatsApp y por teléfono, falla el MLC; se queda pegada una lámina. Se resetea MLC, se carga otro plan, se abre el campo y se conforma nuevamente sin éxito todas las veces. Se pasa otro paciente y lo mismo. Quedan tratamientos incompletos. Se reinicia equipo y vuelve a ocurrir. Se suspenden tratamientos restantes. Equipo inoperativo. Se dejan llaves en portería.

Saludos",urgent,closed,web,25208295741851,25208295741851,22297930568347,14741597726619,14481465021595,true,false,,offered,20427286020763,14481427110299,2026-06-11T20:36:04Z,2026-06-19T16:50:06Z,2026-08-06T15:19:10.327Z
9873,,incident,Licencias arccheck vencidas,Licencias arccheck vencidas,"D=
IMG-20260204-WA0037.jpg",high,closed,email,26080969273499,26080982926747,14481448391451,14741543428379,14481465021595,true,false,,offered,20427286020763,14481427110299,2026-02-05T10:26:44Z,2026-06-19T17:51:42Z,2026-08-06T15:19:10.327Z
10188,,incident,Dose rate para 12 y 15 MeV en el Infinity ,Dose rate para 12 y 15 MeV en el Infinity ,"Estimados,

Buenos días, espero se encuentre bien, tenemos dose rate para 12 y 15 MeV en el Infinity.",high,closed,web,20254050952475,20254050952475,19579474867355,14741297259931,14481465021595,true,false,,offered,20427286020763,14481427110299,2026-06-11T14:33:02Z,2026-06-23T11:59:54Z,2026-08-06T15:19:10.327Z
10186,,incident,Telemetro intermitente para encender en el Infinity,Telemetro intermitente para encender en el Infinity,"Estimados,

Buenos días, el telemetro del Infinity ha estado intermitente para encender si pueden revisar y hacer le cambio correspondiente.",normal,closed,web,20254050952475,20254050952475,19579474867355,14741297259931,14481465021595,true,false,,offered,20427286020763,14481427110299,2026-06-11T14:29:30Z,2026-06-23T11:59:54Z,2026-08-06T15:19:10.327Z
10157,,incident,Versa| problemas en hexapod,Versa| problemas en hexapod,"Estimados, versa presenta problemas en versa, adjunto imagen de error. Se requiere asistencia lo antes posible",urgent,closed,web,36182421530907,36182421530907,19579474867355,14741318546075,14481465021595,true,false,,offered,20427286020763,14481427110299,2026-06-03T12:06:09Z,2026-06-24T16:01:34Z,2026-08-06T15:19:10.327Z
10210,,incident,Versa|equipo desenergizado,Versa|equipo desenergizado,"Equipo versa sin energia, solo encienden los computadores. Se reviso tableros electricos y se encuentran con energia",urgent,closed,web,36182421530907,36182421530907,19579474867355,14741318546075,14481465021595,true,false,,offered,20427286020763,14481427110299,2026-06-23T12:25:38Z,2026-07-15T14:45:43Z,2026-08-06T15:19:10.327Z
10199,,incident,Interlock target check,Interlock target check,"Estimados,

Buenos días.

Tenemos interlock ""target check"" que, por el momento, solo impide irradiar con electrones. Pude sacar el interlock al girar el gantry a 180 (también giré el colimador pero no funcionó). Reinicié el equipo y continuo apareciendo el interlock.

Tenemos disponibilidad para hoy desde las 15:00 horas, espero puedan venir a sitio.

Quedamos atentos.",high,closed,web,20254050952987,20254050952987,19579474867355,20265216319003,14481465021595,true,false,,offered,20427286020763,14481427110299,2026-06-19T12:30:35Z,2026-07-11T00:32:46Z,2026-08-06T15:19:10.327Z
10173,,incident,FALLA BRAZO XVI AXESSE,FALLA BRAZO XVI AXESSE,FALLA BRAZO DE XBI DEL AXESSE SE QUEDA TRABADO Y QUIERE CERRAR COMPLETAMENTE,urgent,closed,web,20254050952347,20254050952347,19579474867355,14741297259931,14481465021595,true,false,,offered,20427286020763,14481427110299,2026-06-08T12:51:34Z,2026-07-17T14:23:58Z,2026-08-06T15:19:10.327Z
10232,,incident,RV: Intermitencia Telémetro,RV: Intermitencia Telémetro,"Reenvío información
________________________________
De: Enrique Lozano Quiroga <enrique.lozano.q@redsalud.gob.cl>
Enviado: martes, 30 de junio de 2026 9:33
Para: Servicio E&GSA <servicio@eygsa.cl>; moyra Duran Cuevas <moyra.duran@redsalud.gob.cl>; catalina vargas viano <catalina.vargasv@redsalud.gob.cl>
Asunto: RE: Intermitencia Telémetro

Estimados:
Junto con saludar, informo que el telémetro del acelerador presenta una falla que impide su correcto funcionamiento.
Esta condición no permite verificar adecuadamente la distancia fuente-superficie (SSD), parámetro indispensable para el correcto posicionamiento del paciente previo a la administración del tratamiento. En consecuencia, la falla impide realizar los tratamientos de manera segura y conforme a nuestros procedimientos clínicos, especialmente para los inicios.
Entendemos que seguimos sin contamos con un contrato de mantenimiento vigente para este equipo. Sin perjuicio de ello, agradecería mucho si existiera la posibilidad que se pudiera revisar el equipo y evaluar la causa de la falla, con el fin de determinar si es posible efectuar su reparación.
Agradecesco de antemano la disposición que puedan brindar frente a esta situación, considerando el impacto asistencial que genera esta falla en la continuidad de la atención de nuestros pacientes.
Quedamos atentos a sus comentarios y a la posibilidad de coordinar una visita técnica.
Saludos cordiales,



[cid:2d970b88-9c82-4182-b2f7-422031b16b21]
________________________________
De: Enrique Lozano Quiroga <enrique.lozano.q@redsalud.gob.cl>
Enviado: miércoles, 24 de junio de 2026 10:01
Para: Servicio E&GSA <servicio@eygsa.cl>
Asunto: Intermitencia Telémetro

Se observa una falla intermitente en el LED del telémetro, al intentar encenderlo, en ocasiones requiere múltiples intentos para activarse. En algunas ocasiones enciende correctamente al primer intento.




[cid:5903544d-311e-4fa6-8839-3ff958b77cd7]",,new,email,26080969273499,26080969273499,,14741543428379,14481465021595,true,false,,unoffered,20427286020763,14481427110299,2026-06-30T14:44:44Z,2026-06-30T14:44:44Z,2026-08-06T15:19:10.327Z
10110,,incident,Problema con dos equipos de radioterapia,Problema con dos equipos de radioterapia,"Se deja ticket de por problema en 2 pcs, los cuales se debe cambiar placa madre de ambos.",normal,closed,web,26080969273499,14481448391451,14481448391451,14741543428379,14481465021595,true,false,,offered,20427286020763,14481427110299,2026-05-15T11:37:40Z,2026-07-18T16:57:53Z,2026-08-06T15:19:10.327Z
10165,,incident,Cambio de panel Iview,Cambio de panel Iview,"Hola José

Debemos coordinar el cambio del panel Iview. ¿Cuanto tiempo necesitan para hacer ese cambio? se puede combinar con el arreglo de M.fil ?

Saludos",normal,open,web,25208295741851,25208295741851,27816237178267,14741597726619,14481465021595,true,false,,unoffered,20427286020763,14481427110299,2026-06-05T12:13:21Z,2026-06-30T17:21:24Z,2026-08-06T15:19:10.327Z
10230,,incident,Versa | equipo inoperativo ,Versa | equipo inoperativo ,"Gabinetes de equipo no encienden, equipo detenido. Se solicita asistencia urgente",urgent,closed,web,36182421530907,36182421530907,19579474867355,14741318546075,14481465021595,true,false,,offered,20427286020763,14481427110299,2026-06-30T11:55:40Z,2026-07-04T22:04:17Z,2026-08-06T15:19:10.327Z
10113,,incident,2r 10FFF / simetria 10 MV,2r 10FFF / simetria 10 MV,"Estimados,

Tenemos Interlock 2r para la energía de 10 FFF.

Adicionalmente, midiendo los perfiles nos percatamos de que la simetría para el haz de 10 MV esta fuera de tolerancia.

Tenemos disponibilidad de equipo para el día martes desde las 16:30 horas.

Quedo atenta.

Gracias",high,closed,web,20254050952987,20254050952987,19579474867355,20265216319003,14481465021595,true,false,,offered,20427286020763,14481427110299,2026-05-15T23:17:31Z,2026-07-05T12:17:49Z,2026-08-06T15:19:10.327Z
10137,,incident,Falla inicio Infinity ,Falla inicio Infinity ,"Estimados, infinity no permite iniciar, adjunto error",urgent,closed,web,23562920769947,23562920769947,19579474867355,14741297259931,14481465021595,true,false,,offered,20427286020763,14481427110299,2026-05-27T11:54:21Z,2026-07-05T12:17:48Z,2026-08-06T15:19:10.327Z
10144,,incident,Calibración MLC,Calibración MLC,En pruebas de control mensual se observa Y1 dentro del campo con un error de 1mm en pruebas de coincidencia campo luminoso y radiativo. Se solicita reparar en próxima intervención.,normal,closed,web,20254050952603,20254050952603,19579474867355,14741297259931,14481465021595,true,false,,offered,20427286020763,14481427110299,2026-05-28T15:50:40Z,2026-07-05T12:17:47Z,2026-08-06T15:19:10.327Z
10126,,incident,Falla MLC campo 40x40,Falla MLC campo 40x40,Leaf missing lamina 12 y1,high,closed,web,20254050952603,20254050952603,19579474867355,14741297259931,14481465021595,true,false,,offered,20427286020763,14481427110299,2026-05-25T13:02:27Z,2026-07-05T12:17:48Z,2026-08-06T15:19:10.327Z
10208,,incident,2R y 2T en 6MV y 10MV,2R y 2T en 6MV y 10MV,"Estimados, junto con saludar, les comento que está apareciendo bastante 2R/2T en las energías de 6MV y 10MV de fotones.",normal,closed,web,23562920769947,23562920769947,19579474867355,14741297259931,14481465021595,true,false,,offered,20427286020763,14481427110299,2026-06-19T19:18:02Z,2026-07-05T12:17:47Z,2026-08-06T15:19:10.327Z
9897,,incident,10 MV con Coll.lockd - haz inoperativo,10 MV con Coll.lockd - haz inoperativo,"Hola, el filter parit lleva apareciendo con 6 FFF y 10 MV. Sin embargo, 10MV no irradia pq no podemos sacar el Coll.Lockd.",normal,closed,web,20254020300315,20254020300315,22297930568347,14741597726619,14481465021595,true,false,,bad,20427286020763,14481427110299,2026-02-12T12:51:54Z,2026-07-17T17:29:13Z,2026-08-06T15:19:10.327Z
10231,,incident,MLC INOPERATIVO INFINITY,MLC INOPERATIVO INFINITY,MLC INOPERATIVO,urgent,closed,web,20254050952347,20254050952347,19579474867355,14741297259931,14481465021595,true,false,,offered,20427286020763,14481427110299,2026-06-30T12:13:02Z,2026-07-08T15:34:58Z,2026-08-06T15:19:10.327Z
10229,,incident,Panel iView no se mueve por interlock de colisión,Panel iView no se mueve por interlock de colisión,"Hola. Este fin de semana apareció interlock Table clutch y se activó la alarma sonora de colición del panel iView estando ambos paneles guardados durante giro del gantry. El panel no se mueve y suena como si algo girara al tratar de desplegarlo. El equipo está inoperativo por este interlock.

Saludos",urgent,closed,web,25208295741851,25208295741851,19579474867355,14741597726619,14481465021595,true,false,,offered,20427286020763,14481427110299,2026-06-30T11:14:30Z,2026-07-17T17:29:13Z,2026-08-06T15:19:10.327Z
10141,,incident,Asunto: Infinity Inhibit Dose rate Mon ,Asunto: Infinity Inhibit Dose rate Mon ,"Este es un seguimiento de su solicitud anterior #9968 ""Infinity Inhibit Dose rate Mon ""

Inhibit continua presentandose de manera aleatoria",high,closed,web,20254050950939,20254050950939,19579486425499,28890463805723,14481465021595,true,false,,offered,20427286020763,14481427110299,2026-05-27T14:26:13Z,2026-07-31T13:32:10Z,2026-08-06T15:19:10.327Z
10241,,incident,Auditoria Versa | Problemas de comunicación XVI/Iview,Auditoria Versa | Problemas de comunicación XVI/Iview,Según reunión con Elekta se solicita plan de acción y tiempo requerido para pruebas y cambio de cables de comunicación para dosimetria in vivo,urgent,open,web,36182421530907,36182421530907,14734559344539,14741318546075,14481465021595,true,false,,unoffered,20427286020763,14481427110299,2026-07-02T13:46:54Z,2026-07-07T15:23:09Z,2026-08-06T15:19:10.327Z
10240,,incident,Auditoria Versa |Calibración guía de onda,Auditoria Versa |Calibración guía de onda,Según lo revisado en reunión con Elekta se solicita plan de acción y tiempo requerido para calibración de guía de onda del equipo,urgent,open,web,36182421530907,36182421530907,19579474867355,14741318546075,14481465021595,true,false,,unoffered,20427286020763,14481427110299,2026-07-02T13:45:04Z,2026-07-07T15:23:25Z,2026-08-06T15:19:10.327Z
10243,,incident,Asunto: Low Dose Rate Channel A y B - Elekta Compact,Asunto: Low Dose Rate Channel A y B - Elekta Compact,"Este es un seguimiento de su solicitud anterior #10134 ""Low Dose Rate Channel A y B - Elekta Compact""

A la espera de cotizacion de cable mencionado



FM D Contreras",high,pending,web,20254050950939,20254050950939,,14742056643483,14481465021595,true,false,,unoffered,20427286020763,14481427110299,2026-07-02T19:21:15Z,2026-07-08T14:01:35Z,2026-08-06T15:19:10.327Z
10252,,incident,Mirror roto,Mirror roto,Mirror roto,high,closed,web,20254050952987,20254050952987,19579474867355,20265216319003,14481465021595,true,false,,good,20427286020763,14481427110299,2026-07-06T17:02:14Z,2026-07-11T00:32:47Z,2026-08-06T15:19:10.327Z
10253,,incident,Falla al levantar CCP después de apagado,Falla al levantar CCP después de apagado,"Buenas tardes,

Tanto el día miércoles 1 como el día jueves 2 de julio, hubo dificultades para levantar CCP después del apagado completo del equipo. Actualmente el equipo se encuentra operativo, pero se deben revisar causas de la falla.

Saludos",normal,solved,web,52192666916891,52192666916891,19579486425499,52192326878747,14481465021595,true,false,,offered,20427286020763,14481427110299,2026-07-06T18:29:04Z,2026-08-05T14:02:03Z,2026-08-06T15:19:10.327Z
10277,,incident,Consulta sobre estadística de Beam ON asociada a tratamientos desde MOSAIQ,Consulta sobre estadística de Beam ON asociada a tratamientos desde MOSAIQ,"Estimados:
Junto con saludar, quisiera solicitar su orientación respecto de la posibilidad de obtener desde MOSAIQ una estadística del uso clínico del acelerador lineal asociada exclusivamente a tratamientos de pacientes.
En particular, necesitamos saber si, al seleccionar la agenda de un período determinado —por ejemplo, un mes— o el listado de pacientes efectivamente tratados durante dicho período, es posible generar un reporte que incluya alguno de los siguientes antecedentes:

  *   Tiempo total de Beam ON correspondiente a los tratamientos realizados.
  *   Total de unidades monitoras entregadas.
  *   Número de pacientes tratados y de fracciones o sesiones realizadas.
  *   Desglose diario o mensual de la actividad.
  *   Distribución según la energía utilizada, por ejemplo, 6 MV, 6 FFF, 10 MV y 10 FFF.

El objetivo es obtener una estadística que considere únicamente las irradiaciones vinculadas a pacientes registrados en MOSAIQ, excluyendo las actividades de control de calidad, comisionamiento, verificaciones dosimétricas y otros usos técnicos del equipo.
Agradeceríamos que nos indicaran:

  1.  Si MOSAIQ dispone de un reporte estándar o una herramienta de consulta que permita obtener esta información.
  2.  Si el reporte puede generarse seleccionando la agenda del acelerador o los pacientes tratados dentro de un intervalo de fechas.
  3.  Qué procedimiento, módulo y permisos de usuario se requieren.
  4.  Si la información puede visualizarse directamente o exportarse a Excel u otro formato.
  5.  En caso de no estar disponible el tiempo de Beam ON, qué variable registrada en MOSAIQ podría utilizarse como indicador más representativo del uso clínico mensual, como unidades monitoras, campos tratados, fracciones o sesiones.

Agradecemos desde ya su orientación y, de ser posible, el envío de un instructivo o indicaciones para generar esta estadística.
Saludos cordiales,



[cid:17a34266-55cf-4b9c-a047-216582b45a28]",,new,email,26080969273499,26080969273499,,14741543428379,14481465021595,true,false,,unoffered,20427286020763,14481427110299,2026-07-14T14:02:16Z,2026-07-14T14:02:16Z,2026-08-06T15:19:10.327Z
10247,,incident,"Coordinación cambio de magnetron, discos duros y motor MLC ","Coordinación cambio de magnetron, discos duros y motor MLC ","Se solicita por favor coordinar una fecha para instalar el magnetron a la primera oportunidad posible. Además, quisiera hacer seguimiento a las solicitudes de aprovechar esa ocasión para realizar el cambio de disco duro del computador del LINAC y también el cambio del motor o placa que está causando que una de las láminas del cabezal se esté desplazando lentamente.",high,solved,web,38368479928987,38368479928987,19579504854939,14742026913435,14481465021595,true,false,,unoffered,20427286020763,14481427110299,2026-07-03T17:18:02Z,2026-08-05T17:11:42Z,2026-08-06T15:19:10.327Z
10263,,incident,Oscilaciones Bancos de láminas Agility,Oscilaciones Bancos de láminas Agility,"Durante inspección de Ingeniero de servicio se detectan oscilaciones de los bancos de MLCs, diagnosticando mal funcionamiento de la tarjeta PCB de Control de DLGs.",high,pending,web,20254050950939,20254050950939,19579504854939,28890463805723,14481465021595,true,false,,unoffered,20427286020763,14481427110299,2026-07-09T20:03:00Z,2026-07-14T22:02:09Z,2026-08-06T15:19:10.327Z
10283,,incident,Falla reflectores MLC Versa1,Falla reflectores MLC Versa1,"Estimados,

Junto con saludar, informo que nuevamente ha fallado reflectores de MLC en Versa 1. El equipo está detenido interrumpiendo la operación. Anteriormente ha estado enviando el error de reflectores MLC pero reiniciando ha funcionado anteriormente, y esta vez no fue posible.

Para intentar buscar una solución definitiva, por favor considerar que este error ha persistido desde julio del año pasado (Solicitud ID #9315), cuando se realizó el mantenimiento y arreglos necesarios por parte de EyG.

Agradecería asistencia a brevedad.

Saludos cordiales",urgent,new,web,36797767752731,36797767752731,,14741389938587,14481465021595,true,false,,unoffered,20427286020763,14481427110299,2026-07-15T14:43:20Z,2026-07-15T14:43:20Z,2026-08-06T15:19:10.327Z
10250,,incident,Telemetro Axesse,Telemetro Axesse,"Buen día estimados,

Telemetro del axesse no funciona,

Saludos,

Tomás",normal,closed,web,23562920769947,23562920769947,19579474867355,14741297259931,14481465021595,true,false,,good,20427286020763,14481427110299,2026-07-06T14:23:08Z,2026-07-17T14:23:58Z,2026-08-06T15:19:10.327Z
10268,,incident,Falla en laminas versa,Falla en laminas versa,Falla en laminas versa,high,closed,web,36182421530907,36182421530907,19579474867355,14741318546075,14481465021595,true,false,,offered,20427286020763,14481427110299,2026-07-13T15:35:06Z,2026-07-17T16:27:18Z,2026-08-06T15:19:10.327Z
10267,,incident,Comando mesa derecho suelto,Comando mesa derecho suelto,"Se detecta el comando de la mesa, del lado derecho suelto.
Saludos


[cid:b8112d86-5e29-41e1-8bfe-28b350df2e8d]",normal,closed,email,26080969273499,26080969273499,19579468718875,14741543428379,14481465021595,true,false,,offered,20427286020763,14481427110299,2026-07-13T13:32:53Z,2026-07-17T21:34:43Z,2026-08-06T15:19:10.327Z
10276,,incident,Interlock Table long,Interlock Table long,"Estimados, el interlock table long en el día de hoy ha continuado saliendo repetidamente, interrumpiendo el flujo de los tratamientos.
Saludos

Enrique Lozano",normal,closed,email,26080969273499,26080969273499,19579468718875,14741543428379,14481465021595,true,false,,offered,20427286020763,14481427110299,2026-07-14T13:07:37Z,2026-07-19T20:02:22Z,2026-08-06T15:19:10.327Z
10291,,incident,Solicitud reparación manilla EPID y cotizaciónn motores multiláminas,Solicitud reparación manilla EPID y cotizaciónn motores multiláminas,"Una de las manillas de nuestro EPID continúa suelta, y requerimos por favor contactarnos para coordinar una visita para repararla. Pareciera solamente tener tornillos sueltos, aunque no los hemos encontrado. Por favor traer repuestos.
Adicionalmente, solicitamos por favor cotizar el cambio del motor o disco necesario para arreglar una multilámina que se mueve lentamente en una dirección, como se verificó en el control semestral realizado en marzo.",normal,new,web,38368479928987,38368479928987,,14742026913435,14481465021595,true,false,,unoffered,20427286020763,14481427110299,2026-07-21T17:59:23Z,2026-07-21T17:59:23Z,2026-08-06T15:19:10.327Z
10285,,incident,MLC lost reflector rate,MLC lost reflector rate,"Hola, el MLC está con problemas.

Cuando se conforma un campo, se demora en conformar y se escucha en el cabezal que hace muchos intentos.

Al apagar alega esto:

![](https://eygmedicalsystems.zendesk.com/attachments/token/LM98MWRhYwYm3GmzWALdbEncO/?name=mceclip0.jpg)



Seguimos trabajando con muchos MLC RESET.



Los mantendremos informados",normal,pending,web,20254020300315,20254020300315,,14741597726619,14481465021595,true,false,,unoffered,20427286020763,14481427110299,2026-07-17T12:16:14Z,2026-08-05T16:52:03Z,2026-08-06T15:19:10.327Z
10296,,incident,"Problema con XVI, panel queda pegado","Problema con XVI, panel queda pegado","Estimados,

Junto con saludar, quiero mencionar que el panel del XVI no sale, solo llega a mitad de camino, por ende no se pueden tomar imagenes de kV. Equipo se encuentra detenido. Se solicita asistencia inmediata.

Saludos cordiales.",urgent,new,web,20254050948123,20254050948123,,14741593614363,14481465021595,true,false,,unoffered,20427286020763,14481427110299,2026-07-24T13:48:43Z,2026-07-27T11:19:53Z,2026-08-06T15:19:10.327Z
10237,,incident,Calibración hexapod,Calibración hexapod,"Estimados:

Buenos días.

Escribo para reportar la necesidad de realizar calibración de haxapod.

Saludos,

Nathalie",high,solved,web,20254050952987,20254050952987,19579474867355,20265216319003,14481465021595,true,false,,unoffered,20427286020763,14481427110299,2026-07-02T12:18:05Z,2026-08-05T16:23:11Z,2026-08-06T15:19:10.327Z
10284,,incident,XVI se bloque al intentar guardarlo,XVI se bloque al intentar guardarlo,"Estimados,

Tenemos problemas con el XVI. Se bloque al intentar guardarlo y, además, se produce un sonido anormal en la sala de maquina.

Esto nos complica la entrega de tratamientos de SRS con camilla en 270.

Quedamos atentos.",urgent,closed,web,20254050952987,20254050952987,20210900681499,20265216319003,14481465021595,true,false,,offered,20427286020763,14481427110299,2026-07-15T21:57:30Z,2026-07-28T18:49:44Z,2026-08-06T15:19:10.327Z
10236,,incident,sonido xvi,sonido xvi,"Estimados:

Buenos dìas.

Escribo para reportar un sonido tipo rechinante del XVI al sacar y retraer.

Saludos,

Nathalie",normal,closed,web,20254050952987,20254050952987,19579474867355,20265216319003,14481465021595,true,false,,good,20427286020763,14481427110299,2026-07-02T12:15:39Z,2026-07-28T18:49:45Z,2026-08-06T15:19:10.327Z
10269,,incident,Fault 40 XVI,Fault 40 XVI,Error Fault 40 en Axesse,urgent,closed,web,23562920769947,23562920769947,19579474867355,14741297259931,14481465021595,true,false,,offered,20427286020763,14481427110299,2026-07-13T16:28:58Z,2026-07-28T19:57:50Z,2026-08-06T15:19:10.327Z
10266,,incident,Interlock Vac Trag,Interlock Vac Trag,"Estimados:

Buenos días.

Hoy nuevamente el equipo presentó Interlock Vac Trag.

1- Apague la fuente de bombas iónicas.

2- Esperé 30 s reloj.

3- Encendí la fuente.

**Interlock continuo**

4- Repetí le procedimiento anterior, pero esta vez espere 3 min para el encendido.

5- El valor de Vac Targ bajó aprox a -6.7 y pude irradiar pero, pasados 15 minutos, el interlock volvió a presentarse.

Volví a repetir el reinicio de la fuente pero esta vez esperé 30 min y el valor de Vac Targ bajo aprox a -6.5

Quedamos atentos.",high,closed,web,20254050952987,20254050952987,19579474867355,20265216319003,14481465021595,true,false,,good,20427286020763,14481427110299,2026-07-10T12:54:03Z,2026-07-29T02:12:53Z,2026-08-06T15:19:10.327Z
10282,,incident,Reinicio de RTP99 para Monaco,Reinicio de RTP99 para Monaco,Solicitud de reinicio del RTP99,normal,closed,web,26080969273499,14481448391451,14481448391451,14741543428379,14481465021595,true,false,,offered,20427286020763,14481427110299,2026-07-15T14:22:08Z,2026-08-01T13:02:41Z,2026-08-06T15:19:10.327Z
10299,,incident,Falla de Chiller,Falla de Chiller,"Se detecta falla de chiller, durante proceso de QA. Se realiza By-pass  a agua potable.


[cid:29bc230e-e6ac-4965-998a-a82f52aca5b9]",normal,closed,email,26080969273499,26080969273499,19579468718875,14741543428379,14481465021595,true,false,,offered,20427286020763,14481427110299,2026-07-27T12:12:38Z,2026-08-01T15:06:15Z,2026-08-06T15:19:10.327Z
10290,,incident,Interlock High Water Pressure,Interlock High Water Pressure,"Equipo se detiene, presentando interlock High Water Pressure,
Saludos




[cid:d305e33f-8815-4bcd-96f4-761ea57c8607]",normal,closed,email,26080969273499,26080969273499,19579468718875,14741543428379,14481465021595,true,false,,offered,20427286020763,14481427110299,2026-07-20T17:24:05Z,2026-08-01T15:06:15Z,2026-08-06T15:19:10.327Z
10298,,incident,Infinity estado closed intermitente,Infinity estado closed intermitente,Equipo Infinity entra en estado closed de manera intermitente al mover la camilla.,normal,pending,web,20254050952603,20254050952603,,14741297259931,14481465021595,true,false,,unoffered,20427286020763,14481427110299,2026-07-24T16:46:33Z,2026-07-29T19:01:46Z,2026-08-06T15:19:10.327Z
10311,,incident,Interlock Dos.temp1,Interlock Dos.temp1,Interlock Dos.temp1,urgent,open,web,20254050952987,20254050952987,19579504854939,20265216319003,14481465021595,true,false,,unoffered,20427286020763,14481427110299,2026-07-29T22:38:24Z,2026-08-05T16:39:08Z,2026-08-06T15:19:10.327Z
10288,,incident,Interlock Gas Press,Interlock Gas Press,"Se presenta reiteradamente interlock Gas Press, TM de equipo ha logrado sacar dicho estado al presionar botón Reset para continuar tratamientos.
Saludos




[cid:81ab4274-dd41-4a80-8c18-a7903e638531]",normal,new,email,26080969273499,26080969273499,,14741543428379,14481465021595,true,false,,unoffered,20427286020763,14481427110299,2026-07-17T15:07:25Z,2026-07-30T13:25:20Z,2026-08-06T15:19:10.327Z
10312,,incident,Cambio de disco servidor mosaiq,Cambio de disco servidor mosaiq,Se agenda cambio de disco de servidor mosaiq para el día 31/07,normal,solved,web,26080969273499,14481448391451,14481448391451,14741543428379,14481465021595,true,false,,offered,20427286020763,14481427110299,2026-07-30T12:51:39Z,2026-08-05T13:01:54Z,2026-08-06T15:19:10.327Z
10262,,incident,Falla reflector/MLC Infinity,Falla reflector/MLC Infinity,"Buenos días,

Durante la mañana el **Elekta Infinity** presentó en **tres ocasiones** el inhibidor **7040 – Tasa de pérdida de reflector**. La falla es intermitente y el sistema indica revisar la calidad del sistema óptico.

Solicitamos su revisión para identificar la causa y realizar las acciones correctivas.

Se adjunta fotografia del inhibit

Gracias.

FM Danitza Contreras",high,closed,web,20254050950939,20254050950939,19579486425499,14742056643483,14481465021595,true,false,,offered,20427286020763,14481427110299,2026-07-09T14:33:04Z,2026-07-31T13:32:10Z,2026-08-06T15:19:10.327Z
10293,,incident,Iso mecánico del colimador.,Iso mecánico del colimador.,"Estimados,

Buenas días.

Este ticket es para reportar una desviación en la posición del crosswires durante la rotación del colimador (BLD).

En el último control, se noto una desviación de aprox 1 mm (a SSD 100 cm).

En el histórico, los resultados de esta prueba se habían mantenido iguales a los de la aceptación.

![](https://eygmedicalsystems.zendesk.com/attachments/token/I1ctdS2fZDWW0fDrqW2rhVc1a/?name=mceclip0.png)

Además, se colocó un ""alambre"" en el borde de la camilla, se marco la sobra de dicho ""alambre"" en el piso y luego se roto el BLD, observamos que la sombra se desplazó.

Quedamos atentos para programar este correctivo.

Muchas gracias.

Saludos,

Nathalie",high,open,web,20254050952987,20254050952987,27816237178267,20265216319003,14481465021595,true,false,,unoffered,20427286020763,14481427110299,2026-07-22T12:48:40Z,2026-08-05T16:37:30Z,2026-08-06T15:19:10.327Z
10316,,incident,Versa | Problemas en tubo de RX,Versa | Problemas en tubo de RX,"Problemas en tubo de RX, no engancha. Equipo detenido",urgent,new,web,36182421530907,36182421530907,,14741318546075,14481465021595,true,false,,unoffered,20427286020763,14481427110299,2026-08-03T18:55:45Z,2026-08-03T18:55:57Z,2026-08-06T15:19:10.327Z
10325,,incident,Solicitud reparación manilla EPID y  arreglo a MLC,Solicitud reparación manilla EPID y  arreglo a MLC,"Estimados,

desde hace un tiempo que la manilla de nuestro sistema EPID está suelta, y requerimos asistencia para volver a fijarla. Adicionalmente, el sistema MLC presenta dos problemas: tiene una lámina (o su sistema electrónico asociado) que presenta pequeñas irregularidades que causan fluctuaciones en el pulso de radiación, como se vio con el ingeniero Manuel durante el cambio de magnetron. Además, hay una lámina que se mueve más lentamente que el resto. Solicitamos por favor contactarnos para coordinar el procedimiento de arreglo",high,new,web,38368479928987,38368479928987,,14742026913435,14481465021595,true,false,,unoffered,20427286020763,14481427110299,2026-08-06T13:07:19Z,2026-08-06T13:07:25Z,2026-08-06T15:19:10.327Z